action,source_rank,word,lemma,pos,form_type,sense_id,meaning_ja,level,importance,category,note,note2,center_word_original,center_pos,center_pmw,review_reason
add,70,out,out,adverb,base,1,,high_school,2,center_exam,センター試験語彙リスト由来。意味は要補充,center_pos=RB; center_pmw=1000+,out,RB,1000+,
add,131,however,however,adverb,base,1,,high_school,2,center_exam,センター試験語彙リスト由来。意味は要補充,center_pos=RB; center_pmw=1000+,however,RB,1000+,
add,168,any,any,adverb,base,1,,high_school,2,center_exam,センター試験語彙リスト由来。意味は要補充,center_pos=RB; center_pmw=500+,any,RB,500+,
add,175,mr,mr,noun,base,1,,high_school,2,center_exam,センター試験語彙リスト由来。意味は要補充,center_pos=NN; center_pmw=500+,mr,NN,500+,
add,184,lot,lot,noun,base,1,,high_school,2,center_exam,センター試験語彙リスト由来。意味は要補充,center_pos=NN; center_pmw=500+,lot,NN,500+,
add,187,increase,increase,noun,base,1,,high_school,2,center_exam,センター試験語彙リスト由来。意味は要補充,center_pos=NN; center_pmw=500+,increase,NN,500+,
add,219,ok,ok,verb,base,1,,high_school,2,center_exam,センター試験語彙リスト由来。意味は要補充,center_pos=VV; center_pmw=500+,ok,VV,500+,
add,235,accord,accord,noun,base,1,,high_school,2,center_exam,センター試験語彙リスト由来。意味は要補充,center_pos=NN; center_pmw=500+,accord,NN,500+,
add,247,experience,experience,noun,base,1,,high_school,2,center_exam,センター試験語彙リスト由来。意味は要補充,center_pos=NN; center_pmw=500+,experience,NN,500+,
add,254,state,state,noun,base,1,,high_school,2,center_exam,センター試験語彙リスト由来。意味は要補充,center_pos=NN; center_pmw=500+,state,NN,500+,
add,262,activity,activity,noun,base,1,,high_school,2,center_exam,センター試験語彙リスト由来。意味は要補充,center_pos=NN; center_pmw=500+,activity,NN,500+,
add,271,author,author,noun,base,1,,high_school,2,center_exam,センター試験語彙リスト由来。意味は要補充,center_pos=NN; center_pmw=500+,author,NN,500+,
add,283,able,able,adjective,base,1,,high_school,2,center_exam,センター試験語彙リスト由来。意味は要補充,center_pos=JJ; center_pmw=100+,able,JJ,100+,
add,308,paragraph,paragraph,noun,base,1,,high_school,2,center_exam,センター試験語彙リスト由来。意味は要補充,center_pos=NN; center_pmw=100+,paragraph,NN,100+,
add,315,result,result,noun,base,1,,high_school,2,center_exam,センター試験語彙リスト由来。意味は要補充,center_pos=NN; center_pmw=100+,result,NN,100+,
add,316,expect,expect,verb,base,1,,high_school,2,center_exam,センター試験語彙リスト由来。意味は要補充,center_pos=VVP; center_pmw=100+,expect,VVP,100+,
add,318,clothe,clothe,verb,base,1,,high_school,2,center_exam,センター試験語彙リスト由来。意味は要補充,center_pos=VV; center_pmw=100+,clothe,VV,100+,
add,346,john,john,noun,base,1,,high_school,2,center_exam,センター試験語彙リスト由来。意味は要補充,center_pos=NN; center_pmw=100+,john,NN,100+,
add,351,develop,develop,verb,base,1,,high_school,2,center_exam,センター試験語彙リスト由来。意味は要補充,center_pos=VV; center_pmw=100+,develop,VV,100+,
add,352,dr,dr,noun,base,1,,high_school,2,center_exam,センター試験語彙リスト由来。意味は要補充,center_pos=NN; center_pmw=100+,dr,NN,100+,
add,355,society,society,noun,base,1,,high_school,2,center_exam,センター試験語彙リスト由来。意味は要補充,center_pos=NN; center_pmw=100+,society,NN,100+,
add,361,amount,amount,noun,base,1,,high_school,2,center_exam,センター試験語彙リスト由来。意味は要補充,center_pos=NN; center_pmw=100+,amount,NN,100+,
add,364,university,university,noun,base,1,,high_school,2,center_exam,センター試験語彙リスト由来。意味は要補充,center_pos=NN; center_pmw=100+,university,NN,100+,
add,365,view,view,noun,base,1,,high_school,2,center_exam,センター試験語彙リスト由来。意味は要補充,center_pos=NN; center_pmw=100+,view,NN,100+,
add,371,rather,rather,adverb,base,1,,high_school,2,center_exam,センター試験語彙リスト由来。意味は要補充,center_pos=RB; center_pmw=100+,rather,RB,100+,
add,376,percentage,percentage,noun,base,1,,high_school,2,center_exam,センター試験語彙リスト由来。意味は要補充,center_pos=NN; center_pmw=100+,percentage,NN,100+,
add,379,tom,tom,noun,base,1,,high_school,2,center_exam,センター試験語彙リスト由来。意味は要補充,center_pos=NN; center_pmw=100+,tom,NN,100+,
add,381,create,create,verb,base,1,,high_school,2,center_exam,センター試験語彙リスト由来。意味は要補充,center_pos=VV; center_pmw=100+,create,VV,100+,
add,390,cause,cause,noun,base,1,,high_school,2,center_exam,センター試験語彙リスト由来。意味は要補充,center_pos=NN; center_pmw=100+,cause,NN,100+,
add,397,actually,actually,adverb,base,1,,high_school,2,center_exam,センター試験語彙リスト由来。意味は要補充,center_pos=RB; center_pmw=100+,actually,RB,100+,
add,398,continue,continue,verb,base,1,,high_school,2,center_exam,センター試験語彙リスト由来。意味は要補充,center_pos=VV; center_pmw=100+,continue,VV,100+,
add,399,improve,improve,verb,base,1,,high_school,2,center_exam,センター試験語彙リスト由来。意味は要補充,center_pos=VV; center_pmw=100+,improve,VV,100+,
add,400,produce,produce,verb,base,1,,high_school,2,center_exam,センター試験語彙リスト由来。意味は要補充,center_pos=VV; center_pmw=100+,produce,VV,100+,
add,405,possible,possible,adjective,base,1,,high_school,2,center_exam,センター試験語彙リスト由来。意味は要補充,center_pos=JJ; center_pmw=100+,possible,JJ,100+,
add,418,consider,consider,verb,base,1,,high_school,2,center_exam,センター試験語彙リスト由来。意味は要補充,center_pos=VV; center_pmw=100+,consider,VV,100+,
add,420,lead,lead,noun,base,1,,high_school,2,center_exam,センター試験語彙リスト由来。意味は要補充,center_pos=NN; center_pmw=100+,lead,NN,100+,
add,428,provide,provide,verb,base,1,,high_school,2,center_exam,センター試験語彙リスト由来。意味は要補充,center_pos=VV; center_pmw=100+,provide,VV,100+,
add,429,researcher,researcher,noun,base,1,,high_school,2,center_exam,センター試験語彙リスト由来。意味は要補充,center_pos=NN; center_pmw=100+,researcher,NN,100+,
add,432,adult,adult,noun,base,1,,high_school,2,center_exam,センター試験語彙リスト由来。意味は要補充,center_pos=NN; center_pmw=100+,adult,NN,100+,
add,436,suggest,suggest,verb,base,1,,high_school,2,center_exam,センター試験語彙リスト由来。意味は要補充,center_pos=VVP; center_pmw=100+,suggest,VVP,100+,
add,439,cost,cost,noun,base,1,,high_school,2,center_exam,センター試験語彙リスト由来。意味は要補充,center_pos=NN; center_pmw=100+,cost,NN,100+,
add,441,situation,situation,noun,base,1,,high_school,2,center_exam,センター試験語彙リスト由来。意味は要補充,center_pos=NN; center_pmw=100+,situation,NN,100+,
add,443,likely,likely,adjective,base,1,,high_school,2,center_exam,センター試験語彙リスト由来。意味は要補充,center_pos=JJ; center_pmw=100+,likely,JJ,100+,
add,445,television,television,noun,base,1,,high_school,2,center_exam,センター試験語彙リスト由来。意味は要補充,center_pos=NN; center_pmw=100+,television,NN,100+,
add,446,agree,agree,verb,base,1,,high_school,2,center_exam,センター試験語彙リスト由来。意味は要補充,center_pos=VVP; center_pmw=100+,agree,VVP,100+,
add,449,difference,difference,noun,base,1,,high_school,2,center_exam,センター試験語彙リスト由来。意味は要補充,center_pos=NN; center_pmw=100+,difference,NN,100+,
add,451,offer,offer,noun,base,1,,high_school,2,center_exam,センター試験語彙リスト由来。意味は要補充,center_pos=NN; center_pmw=100+,offer,NN,100+,
add,459,period,period,noun,base,1,,high_school,2,center_exam,センター試験語彙リスト由来。意味は要補充,center_pos=NN; center_pmw=100+,period,NN,100+,
add,462,attention,attention,noun,base,1,,high_school,2,center_exam,センター試験語彙リスト由来。意味は要補充,center_pos=NN; center_pmw=100+,attention,NN,100+,
add,466,population,population,noun,base,1,,high_school,2,center_exam,センター試験語彙リスト由来。意味は要補充,center_pos=NN; center_pmw=100+,population,NN,100+,
add,468,several,several,adjective,base,1,,high_school,2,center_exam,センター試験語彙リスト由来。意味は要補充,center_pos=JJ; center_pmw=100+,several,JJ,100+,
add,472,influence,influence,noun,base,1,,high_school,2,center_exam,センター試験語彙リスト由来。意味は要補充,center_pos=NN; center_pmw=100+,influence,NN,100+,
add,474,notice,notice,noun,base,1,,high_school,2,center_exam,センター試験語彙リスト由来。意味は要補充,center_pos=NN; center_pmw=100+,notice,NN,100+,
add,475,object,object,noun,base,1,,high_school,2,center_exam,センター試験語彙リスト由来。意味は要補充,center_pos=NN; center_pmw=100+,object,NN,100+,
add,483,brain,brain,noun,base,1,,high_school,2,center_exam,センター試験語彙リスト由来。意味は要補充,center_pos=NN; center_pmw=100+,brain,NN,100+,
add,485,control,control,noun,base,1,,high_school,2,center_exam,センター試験語彙リスト由来。意味は要補充,center_pos=NN; center_pmw=100+,control,NN,100+,
add,487,foreign,foreign,adjective,base,1,,high_school,2,center_exam,センター試験語彙リスト由来。意味は要補充,center_pos=JJ; center_pmw=100+,foreign,JJ,100+,
add,490,product,product,noun,base,1,,high_school,2,center_exam,センター試験語彙リスト由来。意味は要補充,center_pos=NN; center_pmw=100+,product,NN,100+,
add,491,research,research,noun,base,1,,high_school,2,center_exam,センター試験語彙リスト由来。意味は要補充,center_pos=NN; center_pmw=100+,research,NN,100+,
add,492,role,role,noun,base,1,,high_school,2,center_exam,センター試験語彙リスト由来。意味は要補充,center_pos=NN; center_pmw=100+,role,NN,100+,
add,494,speaker,speaker,noun,base,1,,high_school,2,center_exam,センター試験語彙リスト由来。意味は要補充,center_pos=NN; center_pmw=100+,speaker,NN,100+,
add,496,survey,survey,noun,base,1,,high_school,2,center_exam,センター試験語彙リスト由来。意味は要補充,center_pos=NN; center_pmw=100+,survey,NN,100+,
add,497,clear,clear,adjective,base,1,,high_school,2,center_exam,センター試験語彙リスト由来。意味は要補充,center_pos=JJ; center_pmw=100+,clear,JJ,100+,
add,509,concern,concern,noun,base,1,,high_school,2,center_exam,センター試験語彙リスト由来。意味は要補充,center_pos=NN; center_pmw=100+,concern,NN,100+,
add,511,form,form,noun,base,1,,high_school,2,center_exam,センター試験語彙リスト由来。意味は要補充,center_pos=NN; center_pmw=100+,form,NN,100+,
add,513,local,local,adjective,base,1,,high_school,2,center_exam,センター試験語彙リスト由来。意味は要補充,center_pos=JJ; center_pmw=100+,local,JJ,100+,
add,517,opinion,opinion,noun,base,1,,high_school,2,center_exam,センター試験語彙リスト由来。意味は要補充,center_pos=NN; center_pmw=100+,opinion,NN,100+,
add,518,prefer,prefer,verb,base,1,,high_school,2,center_exam,センター試験語彙リスト由来。意味は要補充,center_pos=VVP; center_pmw=100+,prefer,VVP,100+,
add,521,allow,allow,verb,base,1,,high_school,2,center_exam,センター試験語彙リスト由来。意味は要補充,center_pos=VV; center_pmw=100+,allow,VV,100+,
add,525,remain,remain,verb,base,1,,high_school,2,center_exam,センター試験語彙リスト由来。意味は要補充,center_pos=VV; center_pmw=100+,remain,VV,100+,
add,526,stress,stress,noun,base,1,,high_school,2,center_exam,センター試験語彙リスト由来。意味は要補充,center_pos=NN; center_pmw=100+,stress,NN,100+,
add,527,system,system,noun,base,1,,high_school,2,center_exam,センター試験語彙リスト由来。意味は要補充,center_pos=NN; center_pmw=100+,system,NN,100+,
add,529,bill,bill,noun,base,1,,high_school,2,center_exam,センター試験語彙リスト由来。意味は要補充,center_pos=NN; center_pmw=100+,bill,NN,100+,
add,533,method,method,noun,base,1,,high_school,2,center_exam,センター試験語彙リスト由来。意味は要補充,center_pos=NN; center_pmw=100+,method,NN,100+,
add,535,require,require,verb,base,1,,high_school,2,center_exam,センター試験語彙リスト由来。意味は要補充,center_pos=VV; center_pmw=100+,require,VV,100+,
add,541,statement,statement,noun,base,1,,high_school,2,center_exam,センター試験語彙リスト由来。意味は要補充,center_pos=NN; center_pmw=100+,statement,NN,100+,
add,544,unite,unite,verb,base,1,,high_school,2,center_exam,センター試験語彙リスト由来。意味は要補充,center_pos=VV; center_pmw=100+,unite,VV,100+,
add,545,various,various,adjective,base,1,,high_school,2,center_exam,センター試験語彙リスト由来。意味は要補充,center_pos=JJ; center_pmw=100+,various,JJ,100+,
add,546,worker,worker,noun,base,1,,high_school,2,center_exam,センター試験語彙リスト由来。意味は要補充,center_pos=NN; center_pmw=100+,worker,NN,100+,
add,549,condition,condition,noun,base,1,,high_school,2,center_exam,センター試験語彙リスト由来。意味は要補充,center_pos=NN; center_pmw=100+,condition,NN,100+,
add,550,customer,customer,noun,base,1,,high_school,2,center_exam,センター試験語彙リスト由来。意味は要補充,center_pos=NN; center_pmw=100+,customer,NN,100+,
add,551,depend,depend,verb,base,1,,high_school,2,center_exam,センター試験語彙リスト由来。意味は要補充,center_pos=VV; center_pmw=100+,depend,VV,100+,
add,553,graph,graph,noun,base,1,,high_school,2,center_exam,センター試験語彙リスト由来。意味は要補充,center_pos=NN; center_pmw=100+,graph,NN,100+,
add,557,passage,passage,noun,base,1,,high_school,2,center_exam,センター試験語彙リスト由来。意味は要補充,center_pos=NN; center_pmw=100+,passage,NN,100+,
add,565,trouble,trouble,noun,base,1,,high_school,2,center_exam,センター試験語彙リスト由来。意味は要補充,center_pos=NN; center_pmw=100+,trouble,NN,100+,
add,566,value,value,noun,base,1,,high_school,2,center_exam,センター試験語彙リスト由来。意味は要補充,center_pos=NN; center_pmw=100+,value,NN,100+,
add,568,design,design,noun,base,1,,high_school,2,center_exam,センター試験語彙リスト由来。意味は要補充,center_pos=NN; center_pmw=100+,design,NN,100+,
add,571,experiment,experiment,noun,base,1,,high_school,2,center_exam,センター試験語彙リスト由来。意味は要補充,center_pos=NN; center_pmw=100+,experiment,NN,100+,
add,574,instead,instead,adverb,base,1,,high_school,2,center_exam,センター試験語彙リスト由来。意味は要補充,center_pos=RB; center_pmw=100+,instead,RB,100+,
add,577,similar,similar,adjective,base,1,,high_school,2,center_exam,センター試験語彙リスト由来。意味は要補充,center_pos=JJ; center_pmw=100+,similar,JJ,100+,
add,580,base,base,noun,base,1,,high_school,2,center_exam,センター試験語彙リスト由来。意味は要補充,center_pos=NN; center_pmw=100+,base,NN,100+,
add,581,below,below,adverb,base,1,,high_school,2,center_exam,センター試験語彙リスト由来。意味は要補充,center_pos=RB; center_pmw=100+,below,RB,100+,
add,582,bob,bob,noun,base,1,,high_school,2,center_exam,センター試験語彙リスト由来。意味は要補充,center_pos=NN; center_pmw=100+,bob,NN,100+,
add,592,accept,accept,verb,base,1,,high_school,2,center_exam,センター試験語彙リスト由来。意味は要補充,center_pos=VV; center_pmw=100+,accept,VV,100+,
add,594,average,average,noun,base,1,,high_school,2,center_exam,センター試験語彙リスト由来。意味は要補充,center_pos=NN; center_pmw=100+,average,NN,100+,
add,595,avoid,avoid,verb,base,1,,high_school,2,center_exam,センター試験語彙リスト由来。意味は要補充,center_pos=VV; center_pmw=100+,avoid,VV,100+,
add,596,distance,distance,noun,base,1,,high_school,2,center_exam,センター試験語彙リスト由来。意味は要補充,center_pos=NN; center_pmw=100+,distance,NN,100+,
add,598,environment,environment,noun,base,1,,high_school,2,center_exam,センター試験語彙リスト由来。意味は要補充,center_pos=NN; center_pmw=100+,environment,NN,100+,
add,602,rate,rate,noun,base,1,,high_school,2,center_exam,センター試験語彙リスト由来。意味は要補充,center_pos=NN; center_pmw=100+,rate,NN,100+,
add,607,describe,describe,verb,base,1,,high_school,2,center_exam,センター試験語彙リスト由来。意味は要補充,center_pos=VV; center_pmw=100+,describe,VV,100+,
add,609,follow,follow,verb,base,1,,high_school,2,center_exam,センター試験語彙リスト由来。意味は要補充,center_pos=VV; center_pmw=100+,follow,VV,100+,
add,619,skill,skill,noun,base,1,,high_school,2,center_exam,センター試験語彙リスト由来。意味は要補充,center_pos=NN; center_pmw=100+,skill,NN,100+,
add,620,technology,technology,noun,base,1,,high_school,2,center_exam,センター試験語彙リスト由来。意味は要補充,center_pos=NN; center_pmw=100+,technology,NN,100+,
add,623,attitude,attitude,noun,base,1,,high_school,2,center_exam,センター試験語彙リスト由来。意味は要補充,center_pos=NN; center_pmw=100+,attitude,NN,100+,
add,624,behavior,behavior,noun,base,1,,high_school,2,center_exam,センター試験語彙リスト由来。意味は要補充,center_pos=NN; center_pmw=100+,behavior,NN,100+,
add,630,major,major,adjective,base,1,,high_school,2,center_exam,センター試験語彙リスト由来。意味は要補充,center_pos=JJ; center_pmw=100+,major,JJ,100+,
add,631,mention,mention,noun,base,1,,high_school,2,center_exam,センター試験語彙リスト由来。意味は要補充,center_pos=NN; center_pmw=100+,mention,NN,100+,
add,633,opportunity,opportunity,noun,base,1,,high_school,2,center_exam,センター試験語彙リスト由来。意味は要補充,center_pos=NN; center_pmw=100+,opportunity,NN,100+,
add,634,process,process,noun,base,1,,high_school,2,center_exam,センター試験語彙リスト由来。意味は要補充,center_pos=NN; center_pmw=100+,process,NN,100+,
add,637,equal,equal,adjective,base,1,,high_school,2,center_exam,センター試験語彙リスト由来。意味は要補充,center_pos=JJ; center_pmw=100+,equal,JJ,100+,
add,641,issue,issue,noun,base,1,,high_school,2,center_exam,センター試験語彙リスト由来。意味は要補充,center_pos=NN; center_pmw=100+,issue,NN,100+,
add,642,item,item,noun,base,1,,high_school,2,center_exam,センター試験語彙リスト由来。意味は要補充,center_pos=NN; center_pmw=100+,item,NN,100+,
add,644,nation,nation,noun,base,1,,high_school,2,center_exam,センター試験語彙リスト由来。意味は要補充,center_pos=NN; center_pmw=100+,nation,NN,100+,
add,650,clearly,clearly,adverb,base,1,,high_school,2,center_exam,センター試験語彙リスト由来。意味は要補充,center_pos=RB; center_pmw=100+,clearly,RB,100+,
add,651,comfortable,comfortable,adjective,base,1,,high_school,2,center_exam,センター試験語彙リスト由来。意味は要補充,center_pos=JJ; center_pmw=100+,comfortable,JJ,100+,
add,653,education,education,noun,base,1,,high_school,2,center_exam,センター試験語彙リスト由来。意味は要補充,center_pos=NN; center_pmw=100+,education,NN,100+,
add,654,encourage,encourage,verb,base,1,,high_school,2,center_exam,センター試験語彙リスト由来。意味は要補充,center_pos=VV; center_pmw=100+,encourage,VV,100+,
add,662,online,online,adjective,base,1,,high_school,2,center_exam,センター試験語彙リスト由来。意味は要補充,center_pos=JJ; center_pmw=100+,online,JJ,100+,
add,664,particular,particular,adjective,base,1,,high_school,2,center_exam,センター試験語彙リスト由来。意味は要補充,center_pos=JJ; center_pmw=100+,particular,JJ,100+,
add,665,protect,protect,verb,base,1,,high_school,2,center_exam,センター試験語彙リスト由来。意味は要補充,center_pos=VV; center_pmw=100+,protect,VV,100+,
add,668,suppose,suppose,verb,base,1,,high_school,2,center_exam,センター試験語彙リスト由来。意味は要補充,center_pos=VVP; center_pmw=100+,suppose,VVP,100+,
add,669,tend,tend,verb,base,1,,high_school,2,center_exam,センター試験語彙リスト由来。意味は要補充,center_pos=VVP; center_pmw=100+,tend,VVP,100+,
add,670,therefore,therefore,adverb,base,1,,high_school,2,center_exam,センター試験語彙リスト由来。意味は要補充,center_pos=RB; center_pmw=100+,therefore,RB,100+,
add,671,weight,weight,noun,base,1,,high_school,2,center_exam,センター試験語彙リスト由来。意味は要補充,center_pos=NN; center_pmw=100+,weight,NN,100+,
add,673,affect,affect,verb,base,1,,high_school,2,center_exam,センター試験語彙リスト由来。意味は要補充,center_pos=VV; center_pmw=100+,affect,VV,100+,
add,674,development,development,noun,base,1,,high_school,2,center_exam,センター試験語彙リスト由来。意味は要補充,center_pos=NN; center_pmw=100+,development,NN,100+,
add,679,perform,perform,verb,base,1,,high_school,2,center_exam,センター試験語彙リスト由来。意味は要補充,center_pos=VV; center_pmw=100+,perform,VV,100+,
add,681,public,public,adjective,base,1,,high_school,2,center_exam,センター試験語彙リスト由来。意味は要補充,center_pos=JJ; center_pmw=100+,public,JJ,100+,
add,683,service,service,noun,base,1,,high_school,2,center_exam,センター試験語彙リスト由来。意味は要補充,center_pos=NN; center_pmw=100+,service,NN,100+,
add,684,sheet,sheet,noun,base,1,,high_school,2,center_exam,センター試験語彙リスト由来。意味は要補充,center_pos=NN; center_pmw=100+,sheet,NN,100+,
add,687,traffic,traffic,noun,base,1,,high_school,2,center_exam,センター試験語彙リスト由来。意味は要補充,center_pos=NN; center_pmw=100+,traffic,NN,100+,
add,689,act,act,noun,base,1,,high_school,2,center_exam,センター試験語彙リスト由来。意味は要補充,center_pos=NN; center_pmw=100+,act,NN,100+,
add,698,deal,deal,noun,base,1,,high_school,2,center_exam,センター試験語彙リスト由来。意味は要補充,center_pos=NN; center_pmw=100+,deal,NN,100+,
add,699,express,express,adjective,base,1,,high_school,2,center_exam,センター試験語彙リスト由来。意味は要補充,center_pos=JJ; center_pmw=100+,express,JJ,100+,
add,701,jack,jack,noun,base,1,,high_school,2,center_exam,センター試験語彙リスト由来。意味は要補充,center_pos=NN; center_pmw=100+,jack,NN,100+,
add,707,shape,shape,noun,base,1,,high_school,2,center_exam,センター試験語彙リスト由来。意味は要補充,center_pos=NN; center_pmw=100+,shape,NN,100+,
add,711,topic,topic,noun,base,1,,high_school,2,center_exam,センター試験語彙リスト由来。意味は要補充,center_pos=NN; center_pmw=100+,topic,NN,100+,
add,713,appear,appear,verb,base,1,,high_school,2,center_exam,センター試験語彙リスト由来。意味は要補充,center_pos=VV; center_pmw=100+,appear,VV,100+,
add,717,dangerous,dangerous,adjective,base,1,,high_school,2,center_exam,センター試験語彙リスト由来。意味は要補充,center_pos=JJ; center_pmw=100+,dangerous,JJ,100+,
add,719,effect,effect,noun,base,1,,high_school,2,center_exam,センター試験語彙リスト由来。意味は要補充,center_pos=NN; center_pmw=100+,effect,NN,100+,
add,721,finding,finding,noun,base,1,,high_school,2,center_exam,センター試験語彙リスト由来。意味は要補充,center_pos=NN; center_pmw=100+,finding,NN,100+,
add,722,forward,forward,adverb,base,1,,high_school,2,center_exam,センター試験語彙リスト由来。意味は要補充,center_pos=RB; center_pmw=100+,forward,RB,100+,
add,724,indicate,indicate,verb,base,1,,high_school,2,center_exam,センター試験語彙リスト由来。意味は要補充,center_pos=VVP; center_pmw=100+,indicate,VVP,100+,
add,727,traditional,traditional,adjective,base,1,,high_school,2,center_exam,センター試験語彙リスト由来。意味は要補充,center_pos=JJ; center_pmw=100+,traditional,JJ,100+,
add,730,ability,ability,noun,base,1,,high_school,2,center_exam,センター試験語彙リスト由来。意味は要補充,center_pos=NN; center_pmw=100+,ability,NN,100+,
add,736,complain,complain,verb,base,1,,high_school,2,center_exam,センター試験語彙リスト由来。意味は要補充,center_pos=VVP; center_pmw=100+,complain,VVP,100+,
add,739,exactly,exactly,adverb,base,1,,high_school,2,center_exam,センター試験語彙リスト由来。意味は要補充,center_pos=RB; center_pmw=100+,exactly,RB,100+,
add,740,expert,expert,noun,base,1,,high_school,2,center_exam,センター試験語彙リスト由来。意味は要補充,center_pos=NN; center_pmw=100+,expert,NN,100+,
add,745,manage,manage,verb,base,1,,high_school,2,center_exam,センター試験語彙リスト由来。意味は要補充,center_pos=VV; center_pmw=100+,manage,VV,100+,
add,747,purpose,purpose,noun,base,1,,high_school,2,center_exam,センター試験語彙リスト由来。意味は要補充,center_pos=NN; center_pmw=100+,purpose,NN,100+,
add,748,represent,represent,verb,base,1,,high_school,2,center_exam,センター試験語彙リスト由来。意味は要補充,center_pos=VV; center_pmw=100+,represent,VV,100+,
add,750,sally,sally,noun,base,1,,high_school,2,center_exam,センター試験語彙リスト由来。意味は要補充,center_pos=NN; center_pmw=100+,sally,NN,100+,
add,753,stage,stage,noun,base,1,,high_school,2,center_exam,センター試験語彙リスト由来。意味は要補充,center_pos=NN; center_pmw=100+,stage,NN,100+,
add,754,style,style,noun,base,1,,high_school,2,center_exam,センター試験語彙リスト由来。意味は要補充,center_pos=NN; center_pmw=100+,style,NN,100+,
add,755,summit,summit,noun,base,1,,high_school,2,center_exam,センター試験語彙リスト由来。意味は要補充,center_pos=NN; center_pmw=100+,summit,NN,100+,
add,756,support,support,noun,base,1,,high_school,2,center_exam,センター試験語彙リスト由来。意味は要補充,center_pos=NN; center_pmw=100+,support,NN,100+,
add,760,community,community,noun,base,1,,high_school,2,center_exam,センター試験語彙リスト由来。意味は要補充,center_pos=NN; center_pmw=100+,community,NN,100+,
add,767,quality,quality,noun,base,1,,high_school,2,center_exam,センター試験語彙リスト由来。意味は要補充,center_pos=NN; center_pmw=100+,quality,NN,100+,
add,768,recognize,recognize,verb,base,1,,high_school,2,center_exam,センター試験語彙リスト由来。意味は要補充,center_pos=VV; center_pmw=100+,recognize,VV,100+,
add,770,reduce,reduce,verb,base,1,,high_school,2,center_exam,センター試験語彙リスト由来。意味は要補充,center_pos=VV; center_pmw=100+,reduce,VV,100+,
add,774,contain,contain,verb,base,1,,high_school,2,center_exam,センター試験語彙リスト由来。意味は要補充,center_pos=VV; center_pmw=100+,contain,VV,100+,
add,775,convenient,convenient,adjective,base,1,,high_school,2,center_exam,センター試験語彙リスト由来。意味は要補充,center_pos=JJ; center_pmw=100+,convenient,JJ,100+,
add,777,difficulty,difficulty,noun,base,1,,high_school,2,center_exam,センター試験語彙リスト由来。意味は要補充,center_pos=NN; center_pmw=100+,difficulty,NN,100+,
add,778,economic,economic,adjective,base,1,,high_school,2,center_exam,センター試験語彙リスト由来。意味は要補充,center_pos=JJ; center_pmw=100+,economic,JJ,100+,
add,779,familiar,familiar,adjective,base,1,,high_school,2,center_exam,センター試験語彙リスト由来。意味は要補充,center_pos=JJ; center_pmw=100+,familiar,JJ,100+,
add,788,prepare,prepare,verb,base,1,,high_school,2,center_exam,センター試験語彙リスト由来。意味は要補充,center_pos=VV; center_pmw=100+,prepare,VV,100+,
add,791,serve,serve,verb,base,1,,high_school,2,center_exam,センター試験語彙リスト由来。意味は要補充,center_pos=VV; center_pmw=100+,serve,VV,100+,
add,793,suitcase,suitcase,noun,base,1,,high_school,2,center_exam,センター試験語彙リスト由来。意味は要補充,center_pos=NN; center_pmw=100+,suitcase,NN,100+,
add,798,beginning,beginning,noun,base,1,,high_school,2,center_exam,センター試験語彙リスト由来。意味は要補充,center_pos=NN; center_pmw=100+,beginning,NN,100+,
add,799,bite,bite,noun,base,1,,high_school,2,center_exam,センター試験語彙リスト由来。意味は要補充,center_pos=NN; center_pmw=100+,bite,NN,100+,
add,801,compare,compare,verb,base,1,,high_school,2,center_exam,センター試験語彙リスト由来。意味は要補充,center_pos=VV; center_pmw=100+,compare,VV,100+,
add,804,due,due,adjective,base,1,,high_school,2,center_exam,センター試験語彙リスト由来。意味は要補充,center_pos=JJ; center_pmw=100+,due,JJ,100+,
add,807,heat,heat,noun,base,1,,high_school,2,center_exam,センター試験語彙リスト由来。意味は要補充,center_pos=NN; center_pmw=100+,heat,NN,100+,
add,813,tourist,tourist,noun,base,1,,high_school,2,center_exam,センター試験語彙リスト由来。意味は要補充,center_pos=NN; center_pmw=100+,tourist,NN,100+,
add,817,alarm,alarm,noun,base,1,,high_school,2,center_exam,センター試験語彙リスト由来。意味は要補充,center_pos=NN; center_pmw=100+,alarm,NN,100+,
add,818,content,content,noun,base,1,,high_school,2,center_exam,センター試験語彙リスト由来。意味は要補充,center_pos=NN; center_pmw=100+,content,NN,100+,
add,819,convenience,convenience,noun,base,1,,high_school,2,center_exam,センター試験語彙リスト由来。意味は要補充,center_pos=NN; center_pmw=100+,convenience,NN,100+,
add,820,department,department,noun,base,1,,high_school,2,center_exam,センター試験語彙リスト由来。意味は要補充,center_pos=NN; center_pmw=100+,department,NN,100+,
add,821,factor,factor,noun,base,1,,high_school,2,center_exam,センター試験語彙リスト由来。意味は要補充,center_pos=NN; center_pmw=100+,factor,NN,100+,
add,827,material,material,noun,base,1,,high_school,2,center_exam,センター試験語彙リスト由来。意味は要補充,center_pos=NN; center_pmw=100+,material,NN,100+,
add,828,message,message,noun,base,1,,high_school,2,center_exam,センター試験語彙リスト由来。意味は要補充,center_pos=NN; center_pmw=100+,message,NN,100+,
add,830,participate,participate,verb,base,1,,high_school,2,center_exam,センター試験語彙リスト由来。意味は要補充,center_pos=VV; center_pmw=100+,participate,VV,100+,
add,831,passenger,passenger,noun,base,1,,high_school,2,center_exam,センター試験語彙リスト由来。意味は要補充,center_pos=NN; center_pmw=100+,passenger,NN,100+,
add,834,recent,recent,adjective,base,1,,high_school,2,center_exam,センター試験語彙リスト由来。意味は要補充,center_pos=JJ; center_pmw=100+,recent,JJ,100+,
add,835,repair,repair,noun,base,1,,high_school,2,center_exam,センター試験語彙リスト由来。意味は要補充,center_pos=NN; center_pmw=100+,repair,NN,100+,
add,836,satisfy,satisfy,verb,base,1,,high_school,2,center_exam,センター試験語彙リスト由来。意味は要補充,center_pos=VV; center_pmw=100+,satisfy,VV,100+,
add,840,total,total,adjective,base,1,,high_school,2,center_exam,センター試験語彙リスト由来。意味は要補充,center_pos=JJ; center_pmw=100+,total,JJ,100+,
add,842,advantage,advantage,noun,base,1,,high_school,2,center_exam,センター試験語彙リスト由来。意味は要補充,center_pos=NN; center_pmw=100+,advantage,NN,100+,
add,843,argue,argue,verb,base,1,,high_school,2,center_exam,センター試験語彙リスト由来。意味は要補充,center_pos=VVP; center_pmw=100+,argue,VVP,100+,
add,846,butterfly,butterfly,noun,base,1,,high_school,2,center_exam,センター試験語彙リスト由来。意味は要補充,center_pos=NN; center_pmw=100+,butterfly,NN,100+,
add,847,calorie,calorie,noun,base,1,,high_school,2,center_exam,センター試験語彙リスト由来。意味は要補充,center_pos=NN; center_pmw=100+,calorie,NN,100+,
add,849,complete,complete,adjective,base,1,,high_school,2,center_exam,センター試験語彙リスト由来。意味は要補充,center_pos=JJ; center_pmw=100+,complete,JJ,100+,
add,854,figure,figure,noun,base,1,,high_school,2,center_exam,センター試験語彙リスト由来。意味は要補充,center_pos=NN; center_pmw=100+,figure,NN,100+,
add,858,glen,glen,noun,base,1,,high_school,2,center_exam,センター試験語彙リスト由来。意味は要補充,center_pos=NN; center_pmw=100+,glen,NN,100+,
add,859,government,government,noun,base,1,,high_school,2,center_exam,センター試験語彙リスト由来。意味は要補充,center_pos=NN; center_pmw=100+,government,NN,100+,
add,860,instance,instance,noun,base,1,,high_school,2,center_exam,センター試験語彙リスト由来。意味は要補充,center_pos=NN; center_pmw=100+,instance,NN,100+,
add,861,leisure,leisure,noun,base,1,,high_school,2,center_exam,センター試験語彙リスト由来。意味は要補充,center_pos=NN; center_pmw=100+,leisure,NN,100+,
add,865,quilt,quilt,noun,base,1,,high_school,2,center_exam,センター試験語彙リスト由来。意味は要補充,center_pos=NN; center_pmw=100+,quilt,NN,100+,
add,867,task,task,noun,base,1,,high_school,2,center_exam,センター試験語彙リスト由来。意味は要補充,center_pos=NN; center_pmw=100+,task,NN,100+,
add,868,transportation,transportation,noun,base,1,,high_school,2,center_exam,センター試験語彙リスト由来。意味は要補充,center_pos=NN; center_pmw=100+,transportation,NN,100+,
add,873,appreciate,appreciate,verb,base,1,,high_school,2,center_exam,センター試験語彙リスト由来。意味は要補充,center_pos=VV; center_pmw=100+,appreciate,VV,100+,
add,874,approach,approach,noun,base,1,,high_school,2,center_exam,センター試験語彙リスト由来。意味は要補充,center_pos=NN; center_pmw=100+,approach,NN,100+,
add,883,level,level,noun,base,1,,high_school,2,center_exam,センター試験語彙リスト由来。意味は要補充,center_pos=NN; center_pmw=100+,level,NN,100+,
add,884,limit,limit,noun,base,1,,high_school,2,center_exam,センター試験語彙リスト由来。意味は要補充,center_pos=NN; center_pmw=100+,limit,NN,100+,
add,885,nervous,nervous,adjective,base,1,,high_school,2,center_exam,センター試験語彙リスト由来。意味は要補充,center_pos=JJ; center_pmw=100+,nervous,JJ,100+,
add,886,original,original,adjective,base,1,,high_school,2,center_exam,センター試験語彙リスト由来。意味は要補充,center_pos=JJ; center_pmw=100+,original,JJ,100+,
add,887,photograph,photograph,noun,base,1,,high_school,2,center_exam,センター試験語彙リスト由来。意味は要補充,center_pos=NN; center_pmw=100+,photograph,NN,100+,
add,888,progress,progress,noun,base,1,,high_school,2,center_exam,センター試験語彙リスト由来。意味は要補充,center_pos=NN; center_pmw=100+,progress,NN,100+,
add,889,ray,ray,noun,base,1,,high_school,2,center_exam,センター試験語彙リスト由来。意味は要補充,center_pos=NN; center_pmw=100+,ray,NN,100+,
add,894,serious,serious,adjective,base,1,,high_school,2,center_exam,センター試験語彙リスト由来。意味は要補充,center_pos=JJ; center_pmw=100+,serious,JJ,100+,
add,897,successful,successful,adjective,base,1,,high_school,2,center_exam,センター試験語彙リスト由来。意味は要補充,center_pos=JJ; center_pmw=100+,successful,JJ,100+,
add,899,upset,upset,adjective,base,1,,high_school,2,center_exam,センター試験語彙リスト由来。意味は要補充,center_pos=JJ; center_pmw=100+,upset,JJ,100+,
add,903,atmosphere,atmosphere,noun,base,1,,high_school,2,center_exam,センター試験語彙リスト由来。意味は要補充,center_pos=NN; center_pmw=100+,atmosphere,NN,100+,
add,904,attract,attract,verb,base,1,,high_school,2,center_exam,センター試験語彙リスト由来。意味は要補充,center_pos=VV; center_pmw=100+,attract,VV,100+,
add,905,benefit,benefit,noun,base,1,,high_school,2,center_exam,センター試験語彙リスト由来。意味は要補充,center_pos=NN; center_pmw=100+,benefit,NN,100+,
add,909,choice,choice,noun,base,1,,high_school,2,center_exam,センター試験語彙リスト由来。意味は要補充,center_pos=NN; center_pmw=100+,choice,NN,100+,
add,910,communicate,communicate,verb,base,1,,high_school,2,center_exam,センター試験語彙リスト由来。意味は要補充,center_pos=VV; center_pmw=100+,communicate,VV,100+,
add,914,meal,meal,noun,base,1,,high_school,2,center_exam,センター試験語彙リスト由来。意味は要補充,center_pos=NN; center_pmw=100+,meal,NN,100+,
add,916,occur,occur,verb,base,1,,high_school,2,center_exam,センター試験語彙リスト由来。意味は要補充,center_pos=VV; center_pmw=100+,occur,VV,100+,
add,919,physical,physical,adjective,base,1,,high_school,2,center_exam,センター試験語彙リスト由来。意味は要補充,center_pos=JJ; center_pmw=100+,physical,JJ,100+,
add,924,regard,regard,noun,base,1,,high_school,2,center_exam,センター試験語彙リスト由来。意味は要補充,center_pos=NN; center_pmw=100+,regard,NN,100+,
add,925,schedule,schedule,noun,base,1,,high_school,2,center_exam,センター試験語彙リスト由来。意味は要補充,center_pos=NN; center_pmw=100+,schedule,NN,100+,
add,926,slightly,slightly,adverb,base,1,,high_school,2,center_exam,センター試験語彙リスト由来。意味は要補充,center_pos=RB; center_pmw=100+,slightly,RB,100+,
add,928,strategy,strategy,noun,base,1,,high_school,2,center_exam,センター試験語彙リスト由来。意味は要補充,center_pos=NN; center_pmw=100+,strategy,NN,100+,
add,933,advance,advance,noun,base,1,,high_school,2,center_exam,センター試験語彙リスト由来。意味は要補充,center_pos=NN; center_pmw=100+,advance,NN,100+,
add,934,basic,basic,adjective,base,1,,high_school,2,center_exam,センター試験語彙リスト由来。意味は要補充,center_pos=JJ; center_pmw=100+,basic,JJ,100+,
add,935,character,character,noun,base,1,,high_school,2,center_exam,センター試験語彙リスト由来。意味は要補充,center_pos=NN; center_pmw=100+,character,NN,100+,
add,936,communication,communication,noun,base,1,,high_school,2,center_exam,センター試験語彙リスト由来。意味は要補充,center_pos=NN; center_pmw=100+,communication,NN,100+,
add,937,conduct,conduct,noun,base,1,,high_school,2,center_exam,センター試験語彙リスト由来。意味は要補充,center_pos=NN; center_pmw=100+,conduct,NN,100+,
add,939,decision,decision,noun,base,1,,high_school,2,center_exam,センター試験語彙リスト由来。意味は要補充,center_pos=NN; center_pmw=100+,decision,NN,100+,
add,940,decrease,decrease,noun,base,1,,high_school,2,center_exam,センター試験語彙リスト由来。意味は要補充,center_pos=NN; center_pmw=100+,decrease,NN,100+,
add,943,email,email,noun,base,1,,high_school,2,center_exam,センター試験語彙リスト由来。意味は要補充,center_pos=NN; center_pmw=100+,email,NN,100+,
add,944,fear,fear,noun,base,1,,high_school,2,center_exam,センター試験語彙リスト由来。意味は要補充,center_pos=NN; center_pmw=100+,fear,NN,100+,
add,950,leader,leader,noun,base,1,,high_school,2,center_exam,センター試験語彙リスト由来。意味は要補充,center_pos=NN; center_pmw=100+,leader,NN,100+,
add,952,muscle,muscle,noun,base,1,,high_school,2,center_exam,センター試験語彙リスト由来。意味は要補充,center_pos=NN; center_pmw=100+,muscle,NN,100+,
add,953,nearly,nearly,adverb,base,1,,high_school,2,center_exam,センター試験語彙リスト由来。意味は要補充,center_pos=RB; center_pmw=100+,nearly,RB,100+,
add,954,opposite,opposite,adjective,base,1,,high_school,2,center_exam,センター試験語彙リスト由来。意味は要補充,center_pos=JJ; center_pmw=100+,opposite,JJ,100+,
add,956,project,project,noun,base,1,,high_school,2,center_exam,センター試験語彙リスト由来。意味は要補充,center_pos=NN; center_pmw=100+,project,NN,100+,
add,957,source,source,noun,base,1,,high_school,2,center_exam,センター試験語彙リスト由来。意味は要補充,center_pos=NN; center_pmw=100+,source,NN,100+,
add,960,taste,taste,noun,base,1,,high_school,2,center_exam,センター試験語彙リスト由来。意味は要補充,center_pos=NN; center_pmw=100+,taste,NN,100+,
add,962,variety,variety,noun,base,1,,high_school,2,center_exam,センター試験語彙リスト由来。意味は要補充,center_pos=NN; center_pmw=100+,variety,NN,100+,
add,963,ancient,ancient,adjective,base,1,,high_school,2,center_exam,センター試験語彙リスト由来。意味は要補充,center_pos=JJ; center_pmw=100+,ancient,JJ,100+,
add,971,effort,effort,noun,base,1,,high_school,2,center_exam,センター試験語彙リスト由来。意味は要補充,center_pos=NN; center_pmw=100+,effort,NN,100+,
add,973,european,european,adjective,base,1,,high_school,2,center_exam,センター試験語彙リスト由来。意味は要補充,center_pos=JJ; center_pmw=100+,european,JJ,100+,
add,977,image,image,noun,base,1,,high_school,2,center_exam,センター試験語彙リスト由来。意味は要補充,center_pos=NN; center_pmw=100+,image,NN,100+,
add,978,involve,involve,verb,base,1,,high_school,2,center_exam,センター試験語彙リスト由来。意味は要補充,center_pos=VV; center_pmw=100+,involve,VV,100+,
add,980,laser,laser,noun,base,1,,high_school,2,center_exam,センター試験語彙リスト由来。意味は要補充,center_pos=NN; center_pmw=100+,laser,NN,100+,
add,988,ordinary,ordinary,adjective,base,1,,high_school,2,center_exam,センター試験語彙リスト由来。意味は要補充,center_pos=JJ; center_pmw=100+,ordinary,JJ,100+,
add,989,pattern,pattern,noun,base,1,,high_school,2,center_exam,センター試験語彙リスト由来。意味は要補充,center_pos=NN; center_pmw=100+,pattern,NN,100+,
add,990,performance,performance,noun,base,1,,high_school,2,center_exam,センター試験語彙リスト由来。意味は要補充,center_pos=NN; center_pmw=100+,performance,NN,100+,
add,992,rodent,rodent,noun,base,1,,high_school,2,center_exam,センター試験語彙リスト由来。意味は要補充,center_pos=NN; center_pmw=100+,rodent,NN,100+,
add,994,self,self,noun,base,1,,high_school,2,center_exam,センター試験語彙リスト由来。意味は要補充,center_pos=NN; center_pmw=100+,self,NN,100+,
add,996,term,term,noun,base,1,,high_school,2,center_exam,センター試験語彙リスト由来。意味は要補充,center_pos=NN; center_pmw=100+,term,NN,100+,
add,1000,access,access,noun,base,1,,high_school,2,center_exam,センター試験語彙リスト由来。意味は要補充,center_pos=NN; center_pmw=100+,access,NN,100+,
add,1003,elderly,elderly,adjective,base,1,,high_school,2,center_exam,センター試験語彙リスト由来。意味は要補充,center_pos=JJ; center_pmw=100+,elderly,JJ,100+,
add,1004,essential,essential,adjective,base,1,,high_school,2,center_exam,センター試験語彙リスト由来。意味は要補充,center_pos=JJ; center_pmw=100+,essential,JJ,100+,
add,1006,gain,gain,noun,base,1,,high_school,2,center_exam,センター試験語彙リスト由来。意味は要補充,center_pos=NN; center_pmw=100+,gain,NN,100+,
add,1007,global,global,adjective,base,1,,high_school,2,center_exam,センター試験語彙リスト由来。意味は要補充,center_pos=JJ; center_pmw=100+,global,JJ,100+,
add,1008,hate,hate,verb,base,1,,high_school,2,center_exam,センター試験語彙リスト由来。意味は要補充,center_pos=VVP; center_pmw=100+,hate,VVP,100+,
add,1012,knowledge,knowledge,noun,base,1,,high_school,2,center_exam,センター試験語彙リスト由来。意味は要補充,center_pos=NN; center_pmw=100+,knowledge,NN,100+,
add,1013,lack,lack,noun,base,1,,high_school,2,center_exam,センター試験語彙リスト由来。意味は要補充,center_pos=NN; center_pmw=100+,lack,NN,100+,
add,1014,medical,medical,adjective,base,1,,high_school,2,center_exam,センター試験語彙リスト由来。意味は要補充,center_pos=JJ; center_pmw=100+,medical,JJ,100+,
add,1018,peter,peter,noun,base,1,,high_school,2,center_exam,センター試験語彙リスト由来。意味は要補充,center_pos=NN; center_pmw=100+,peter,NN,100+,
add,1019,respect,respect,noun,base,1,,high_school,2,center_exam,センター試験語彙リスト由来。意味は要補充,center_pos=NN; center_pmw=100+,respect,NN,100+,
add,1022,simply,simply,adverb,base,1,,high_school,2,center_exam,センター試験語彙リスト由来。意味は要補充,center_pos=RB; center_pmw=100+,simply,RB,100+,
add,1024,survive,survive,verb,base,1,,high_school,2,center_exam,センター試験語彙リスト由来。意味は要補充,center_pos=VV; center_pmw=100+,survive,VV,100+,
add,1029,bother,bother,verb,base,1,,high_school,2,center_exam,センター試験語彙リスト由来。意味は要補充,center_pos=VV; center_pmw=100+,bother,VV,100+,
add,1030,cell,cell,noun,base,1,,high_school,2,center_exam,センター試験語彙リスト由来。意味は要補充,center_pos=NN; center_pmw=100+,cell,NN,100+,
add,1031,coal,coal,noun,base,1,,high_school,2,center_exam,センター試験語彙リスト由来。意味は要補充,center_pos=NN; center_pmw=100+,coal,NN,100+,
add,1033,direction,direction,noun,base,1,,high_school,2,center_exam,センター試験語彙リスト由来。意味は要補充,center_pos=NN; center_pmw=100+,direction,NN,100+,
add,1034,dot,dot,noun,base,1,,high_school,2,center_exam,センター試験語彙リスト由来。意味は要補充,center_pos=NN; center_pmw=100+,dot,NN,100+,
add,1038,general,general,adjective,base,1,,high_school,2,center_exam,センター試験語彙リスト由来。意味は要補充,center_pos=JJ; center_pmw=100+,general,JJ,100+,
add,1039,immediately,immediately,adverb,base,1,,high_school,2,center_exam,センター試験語彙リスト由来。意味は要補充,center_pos=RB; center_pmw=100+,immediately,RB,100+,
add,1040,impossible,impossible,adjective,base,1,,high_school,2,center_exam,センター試験語彙リスト由来。意味は要補充,center_pos=JJ; center_pmw=100+,impossible,JJ,100+,
add,1041,jenny,jenny,noun,base,1,,high_school,2,center_exam,センター試験語彙リスト由来。意味は要補充,center_pos=NN; center_pmw=100+,jenny,NN,100+,
add,1047,patient,patient,noun,base,1,,high_school,2,center_exam,センター試験語彙リスト由来。意味は要補充,center_pos=NN; center_pmw=100+,patient,NN,100+,
add,1049,pull,pull,verb,base,1,,high_school,2,center_exam,センター試験語彙リスト由来。意味は要補充,center_pos=VV; center_pmw=100+,pull,VV,100+,
add,1051,relate,relate,verb,base,1,,high_school,2,center_exam,センター試験語彙リスト由来。意味は要補充,center_pos=VVP; center_pmw=100+,relate,VVP,100+,
add,1052,responsibility,responsibility,noun,base,1,,high_school,2,center_exam,センター試験語彙リスト由来。意味は要補充,center_pos=NN; center_pmw=100+,responsibility,NN,100+,
add,1053,steal,steal,verb,base,1,,high_school,2,center_exam,センター試験語彙リスト由来。意味は要補充,center_pos=VV; center_pmw=100+,steal,VV,100+,
add,1055,understanding,understanding,noun,base,1,,high_school,2,center_exam,センター試験語彙リスト由来。意味は要補充,center_pos=NN; center_pmw=100+,understanding,NN,100+,
add,1058,adjust,adjust,verb,base,1,,high_school,2,center_exam,センター試験語彙リスト由来。意味は要補充,center_pos=VV; center_pmw=100+,adjust,VV,100+,
add,1061,button,button,noun,base,1,,high_school,2,center_exam,センター試験語彙リスト由来。意味は要補充,center_pos=NN; center_pmw=100+,button,NN,100+,
add,1062,challenge,challenge,noun,base,1,,high_school,2,center_exam,センター試験語彙リスト由来。意味は要補充,center_pos=NN; center_pmw=100+,challenge,NN,100+,
add,1063,cheap,cheap,adjective,base,1,,high_school,2,center_exam,センター試験語彙リスト由来。意味は要補充,center_pos=JJ; center_pmw=100+,cheap,JJ,100+,
add,1064,completely,completely,adverb,base,1,,high_school,2,center_exam,センター試験語彙リスト由来。意味は要補充,center_pos=RB; center_pmw=100+,completely,RB,100+,
add,1065,contrast,contrast,noun,base,1,,high_school,2,center_exam,センター試験語彙リスト由来。意味は要補充,center_pos=NN; center_pmw=100+,contrast,NN,100+,
add,1066,correct,correct,adjective,base,1,,high_school,2,center_exam,センター試験語彙リスト由来。意味は要補充,center_pos=JJ; center_pmw=100+,correct,JJ,100+,
add,1067,designer,designer,noun,base,1,,high_school,2,center_exam,センター試験語彙リスト由来。意味は要補充,center_pos=NN; center_pmw=100+,designer,NN,100+,
add,1070,earn,earn,verb,base,1,,high_school,2,center_exam,センター試験語彙リスト由来。意味は要補充,center_pos=VV; center_pmw=100+,earn,VV,100+,
add,1071,equipment,equipment,noun,base,1,,high_school,2,center_exam,センター試験語彙リスト由来。意味は要補充,center_pos=NN; center_pmw=100+,equipment,NN,100+,
add,1072,everyday,everyday,adjective,base,1,,high_school,2,center_exam,センター試験語彙リスト由来。意味は要補充,center_pos=JJ; center_pmw=100+,everyday,JJ,100+,
add,1073,examine,examine,verb,base,1,,high_school,2,center_exam,センター試験語彙リスト由来。意味は要補充,center_pos=VV; center_pmw=100+,examine,VV,100+,
add,1074,exist,exist,verb,base,1,,high_school,2,center_exam,センター試験語彙リスト由来。意味は要補充,center_pos=VV; center_pmw=100+,exist,VV,100+,
add,1076,function,function,noun,base,1,,high_school,2,center_exam,センター試験語彙リスト由来。意味は要補充,center_pos=NN; center_pmw=100+,function,NN,100+,
add,1080,hiker,hiker,noun,base,1,,high_school,2,center_exam,センター試験語彙リスト由来。意味は要補充,center_pos=NN; center_pmw=100+,hiker,NN,100+,
add,1082,import,import,noun,base,1,,high_school,2,center_exam,センター試験語彙リスト由来。意味は要補充,center_pos=NN; center_pmw=100+,import,NN,100+,
add,1085,laughter,laughter,noun,base,1,,high_school,2,center_exam,センター試験語彙リスト由来。意味は要補充,center_pos=NN; center_pmw=100+,laughter,NN,100+,
add,1086,locate,locate,verb,base,1,,high_school,2,center_exam,センター試験語彙リスト由来。意味は要補充,center_pos=VV; center_pmw=100+,locate,VV,100+,
add,1087,missy,missy,noun,base,1,,high_school,2,center_exam,センター試験語彙リスト由来。意味は要補充,center_pos=NN; center_pmw=100+,missy,NN,100+,
add,1090,psychologist,psychologist,noun,base,1,,high_school,2,center_exam,センター試験語彙リスト由来。意味は要補充,center_pos=NN; center_pmw=100+,psychologist,NN,100+,
add,1093,relax,relax,verb,base,1,,high_school,2,center_exam,センター試験語彙リスト由来。意味は要補充,center_pos=VV; center_pmw=100+,relax,VV,100+,
add,1095,single,single,adjective,base,1,,high_school,2,center_exam,センター試験語彙リスト由来。意味は要補充,center_pos=JJ; center_pmw=100+,single,JJ,100+,
add,1096,surface,surface,noun,base,1,,high_school,2,center_exam,センター試験語彙リスト由来。意味は要補充,center_pos=NN; center_pmw=100+,surface,NN,100+,
add,1097,surprise,surprise,noun,base,1,,high_school,2,center_exam,センター試験語彙リスト由来。意味は要補充,center_pos=NN; center_pmw=100+,surprise,NN,100+,
add,1098,swimming,swimming,noun,base,1,,high_school,2,center_exam,センター試験語彙リスト由来。意味は要補充,center_pos=NN; center_pmw=100+,swimming,NN,100+,
add,1103,apply,apply,verb,base,1,,high_school,2,center_exam,センター試験語彙リスト由来。意味は要補充,center_pos=VV; center_pmw=100+,apply,VV,100+,
add,1104,appropriate,appropriate,adjective,base,1,,high_school,2,center_exam,センター試験語彙リスト由来。意味は要補充,center_pos=JJ; center_pmw=100+,appropriate,JJ,100+,
add,1105,attend,attend,verb,base,1,,high_school,2,center_exam,センター試験語彙リスト由来。意味は要補充,center_pos=VV; center_pmw=100+,attend,VV,100+,
add,1106,balance,balance,noun,base,1,,high_school,2,center_exam,センター試験語彙リスト由来。意味は要補充,center_pos=NN; center_pmw=100+,balance,NN,100+,
add,1109,burn,burn,noun,base,1,,high_school,2,center_exam,センター試験語彙リスト由来。意味は要補充,center_pos=NN; center_pmw=100+,burn,NN,100+,
add,1110,carol,carol,noun,base,1,,high_school,2,center_exam,センター試験語彙リスト由来。意味は要補充,center_pos=NN; center_pmw=100+,carol,NN,100+,
add,1111,count,count,noun,base,1,,high_school,2,center_exam,センター試験語彙リスト由来。意味は要補充,center_pos=NN; center_pmw=100+,count,NN,100+,
add,1114,diet,diet,noun,base,1,,high_school,2,center_exam,センター試験語彙リスト由来。意味は要補充,center_pos=NN; center_pmw=100+,diet,NN,100+,
add,1118,explanation,explanation,noun,base,1,,high_school,2,center_exam,センター試験語彙リスト由来。意味は要補充,center_pos=NN; center_pmw=100+,explanation,NN,100+,
add,1119,fashion,fashion,noun,base,1,,high_school,2,center_exam,センター試験語彙リスト由来。意味は要補充,center_pos=NN; center_pmw=100+,fashion,NN,100+,
add,1120,fix,fix,noun,base,1,,high_school,2,center_exam,センター試験語彙リスト由来。意味は要補充,center_pos=NN; center_pmw=100+,fix,NN,100+,
add,1124,handle,handle,verb,base,1,,high_school,2,center_exam,センター試験語彙リスト由来。意味は要補充,center_pos=VV; center_pmw=100+,handle,VV,100+,
add,1125,hang,hang,verb,base,1,,high_school,2,center_exam,センター試験語彙リスト由来。意味は要補充,center_pos=VV; center_pmw=100+,hang,VV,100+,
add,1126,hardly,hardly,adverb,base,1,,high_school,2,center_exam,センター試験語彙リスト由来。意味は要補充,center_pos=RB; center_pmw=100+,hardly,RB,100+,
add,1128,hike,hike,noun,base,1,,high_school,2,center_exam,センター試験語彙リスト由来。意味は要補充,center_pos=NN; center_pmw=100+,hike,NN,100+,
add,1130,joke,joke,noun,base,1,,high_school,2,center_exam,センター試験語彙リスト由来。意味は要補充,center_pos=NN; center_pmw=100+,joke,NN,100+,
add,1133,note,note,noun,base,1,,high_school,2,center_exam,センター試験語彙リスト由来。意味は要補充,center_pos=NN; center_pmw=100+,note,NN,100+,
add,1134,overseas,overseas,adverb,base,1,,high_school,2,center_exam,センター試験語彙リスト由来。意味は要補充,center_pos=RB; center_pmw=100+,overseas,RB,100+,
add,1140,theory,theory,noun,base,1,,high_school,2,center_exam,センター試験語彙リスト由来。意味は要補充,center_pos=NN; center_pmw=100+,theory,NN,100+,
add,1141,thus,thus,adverb,base,1,,high_school,2,center_exam,センター試験語彙リスト由来。意味は要補充,center_pos=RB; center_pmw=100+,thus,RB,100+,
add,1142,truck,truck,noun,base,1,,high_school,2,center_exam,センター試験語彙リスト由来。意味は要補充,center_pos=NN; center_pmw=100+,truck,NN,100+,
add,1146,vinegar,vinegar,noun,base,1,,high_school,2,center_exam,センター試験語彙リスト由来。意味は要補充,center_pos=NN; center_pmw=100+,vinegar,NN,100+,
add,1148,aspect,aspect,noun,base,1,,high_school,2,center_exam,センター試験語彙リスト由来。意味は要補充,center_pos=NN; center_pmw=100+,aspect,NN,100+,
add,1151,consumption,consumption,noun,base,1,,high_school,2,center_exam,センター試験語彙リスト由来。意味は要補充,center_pos=NN; center_pmw=100+,consumption,NN,100+,
add,1153,degree,degree,noun,base,1,,high_school,2,center_exam,センター試験語彙リスト由来。意味は要補充,center_pos=NN; center_pmw=100+,degree,NN,100+,
add,1155,destination,destination,noun,base,1,,high_school,2,center_exam,センター試験語彙リスト由来。意味は要補充,center_pos=NN; center_pmw=100+,destination,NN,100+,
add,1156,device,device,noun,base,1,,high_school,2,center_exam,センター試験語彙リスト由来。意味は要補充,center_pos=NN; center_pmw=100+,device,NN,100+,
add,1157,digital,digital,adjective,base,1,,high_school,2,center_exam,センター試験語彙リスト由来。意味は要補充,center_pos=JJ; center_pmw=100+,digital,JJ,100+,
add,1158,directly,directly,adverb,base,1,,high_school,2,center_exam,センター試験語彙リスト由来。意味は要補充,center_pos=RB; center_pmw=100+,directly,RB,100+,
add,1159,dive,dive,noun,base,1,,high_school,2,center_exam,センター試験語彙リスト由来。意味は要補充,center_pos=NN; center_pmw=100+,dive,NN,100+,
add,1161,exchange,exchange,noun,base,1,,high_school,2,center_exam,センター試験語彙リスト由来。意味は要補充,center_pos=NN; center_pmw=100+,exchange,NN,100+,
add,1162,fit,fit,noun,base,1,,high_school,2,center_exam,センター試験語彙リスト由来。意味は要補充,center_pos=NN; center_pmw=100+,fit,NN,100+,
add,1163,focus,focus,noun,base,1,,high_school,2,center_exam,センター試験語彙リスト由来。意味は要補充,center_pos=NN; center_pmw=100+,focus,NN,100+,
add,1165,individual,individual,adjective,base,1,,high_school,2,center_exam,センター試験語彙リスト由来。意味は要補充,center_pos=JJ; center_pmw=100+,individual,JJ,100+,
add,1167,km,km,noun,base,1,,high_school,2,center_exam,センター試験語彙リスト由来。意味は要補充,center_pos=NN; center_pmw=100+,km,NN,100+,
add,1168,label,label,noun,base,1,,high_school,2,center_exam,センター試験語彙リスト由来。意味は要補充,center_pos=NN; center_pmw=100+,label,NN,100+,
add,1171,officer,officer,noun,base,1,,high_school,2,center_exam,センター試験語彙リスト由来。意味は要補充,center_pos=NN; center_pmw=100+,officer,NN,100+,
add,1172,popularity,popularity,noun,base,1,,high_school,2,center_exam,センター試験語彙リスト由来。意味は要補充,center_pos=NN; center_pmw=100+,popularity,NN,100+,
add,1174,rainforest,rainforest,noun,base,1,,high_school,2,center_exam,センター試験語彙リスト由来。意味は要補充,center_pos=NN; center_pmw=100+,rainforest,NN,100+,
add,1175,regular,regular,adjective,base,1,,high_school,2,center_exam,センター試験語彙リスト由来。意味は要補充,center_pos=JJ; center_pmw=100+,regular,JJ,100+,
add,1176,relieve,relieve,verb,base,1,,high_school,2,center_exam,センター試験語彙リスト由来。意味は要補充,center_pos=VV; center_pmw=100+,relieve,VV,100+,
add,1177,screen,screen,noun,base,1,,high_school,2,center_exam,センター試験語彙リスト由来。意味は要補充,center_pos=NN; center_pmw=100+,screen,NN,100+,
add,1178,site,site,noun,base,1,,high_school,2,center_exam,センター試験語彙リスト由来。意味は要補充,center_pos=NN; center_pmw=100+,site,NN,100+,
add,1188,active,active,adjective,base,1,,exam,2,center_exam,センター試験語彙リスト由来。意味は要補充,center_pos=JJ; center_pmw=50+,active,JJ,50+,
add,1189,anywhere,anywhere,adverb,base,1,,exam,2,center_exam,センター試験語彙リスト由来。意味は要補充,center_pos=RB; center_pmw=50+,anywhere,RB,50+,
add,1190,available,available,adjective,base,1,,exam,2,center_exam,センター試験語彙リスト由来。意味は要補充,center_pos=JJ; center_pmw=50+,available,JJ,50+,
add,1192,block,block,noun,base,1,,exam,2,center_exam,センター試験語彙リスト由来。意味は要補充,center_pos=NN; center_pmw=50+,block,NN,50+,
add,1194,campus,campus,noun,base,1,,exam,2,center_exam,センター試験語彙リスト由来。意味は要補充,center_pos=NN; center_pmw=50+,campus,NN,50+,
add,1195,childhood,childhood,noun,base,1,,exam,2,center_exam,センター試験語彙リスト由来。意味は要補充,center_pos=NN; center_pmw=50+,childhood,NN,50+,
add,1196,claim,claim,noun,base,1,,exam,2,center_exam,センター試験語彙リスト由来。意味は要補充,center_pos=NN; center_pmw=50+,claim,NN,50+,
add,1198,confuse,confuse,verb,base,1,,exam,2,center_exam,センター試験語彙リスト由来。意味は要補充,center_pos=VV; center_pmw=50+,confuse,VV,50+,
add,1202,determine,determine,verb,base,1,,exam,2,center_exam,センター試験語彙リスト由来。意味は要補充,center_pos=VV; center_pmw=50+,determine,VV,50+,
add,1203,disappoint,disappoint,verb,base,1,,exam,2,center_exam,センター試験語彙リスト由来。意味は要補充,center_pos=VV; center_pmw=50+,disappoint,VV,50+,
add,1204,effective,effective,adjective,base,1,,exam,2,center_exam,センター試験語彙リスト由来。意味は要補充,center_pos=JJ; center_pmw=50+,effective,JJ,50+,
add,1205,escape,escape,noun,base,1,,exam,2,center_exam,センター試験語彙リスト由来。意味は要補充,center_pos=NN; center_pmw=50+,escape,NN,50+,
add,1206,estimate,estimate,noun,base,1,,exam,2,center_exam,センター試験語彙リスト由来。意味は要補充,center_pos=NN; center_pmw=50+,estimate,NN,50+,
add,1207,eventually,eventually,adverb,base,1,,exam,2,center_exam,センター試験語彙リスト由来。意味は要補充,center_pos=RB; center_pmw=50+,eventually,RB,50+,
add,1209,flow,flow,noun,base,1,,exam,2,center_exam,センター試験語彙リスト由来。意味は要補充,center_pos=NN; center_pmw=50+,flow,NN,50+,
add,1210,force,force,noun,base,1,,exam,2,center_exam,センター試験語彙リスト由来。意味は要補充,center_pos=NN; center_pmw=50+,force,NN,50+,
add,1211,frequently,frequently,adverb,base,1,,exam,2,center_exam,センター試験語彙リスト由来。意味は要補充,center_pos=RB; center_pmw=50+,frequently,RB,50+,
add,1212,gradually,gradually,adverb,base,1,,exam,2,center_exam,センター試験語彙リスト由来。意味は要補充,center_pos=RB; center_pmw=50+,gradually,RB,50+,
add,1213,grandpa,grandpa,noun,base,1,,exam,2,center_exam,センター試験語彙リスト由来。意味は要補充,center_pos=NN; center_pmw=50+,grandpa,NN,50+,
add,1217,maintain,maintain,verb,base,1,,exam,2,center_exam,センター試験語彙リスト由来。意味は要補充,center_pos=VV; center_pmw=50+,maintain,VV,50+,
add,1219,movement,movement,noun,base,1,,exam,2,center_exam,センター試験語彙リスト由来。意味は要補充,center_pos=NN; center_pmw=50+,movement,NN,50+,
add,1221,overall,overall,adjective,base,1,,exam,2,center_exam,センター試験語彙リスト由来。意味は要補充,center_pos=JJ; center_pmw=50+,overall,JJ,50+,
add,1224,powerful,powerful,adjective,base,1,,exam,2,center_exam,センター試験語彙リスト由来。意味は要補充,center_pos=JJ; center_pmw=50+,powerful,JJ,50+,
add,1225,promote,promote,verb,base,1,,exam,2,center_exam,センター試験語彙リスト由来。意味は要補充,center_pos=VV; center_pmw=50+,promote,VV,50+,
add,1226,pupil,pupil,noun,base,1,,exam,2,center_exam,センター試験語彙リスト由来。意味は要補充,center_pos=NN; center_pmw=50+,pupil,NN,50+,
add,1228,remove,remove,verb,base,1,,exam,2,center_exam,センター試験語彙リスト由来。意味は要補充,center_pos=VV; center_pmw=50+,remove,VV,50+,
add,1229,respond,respond,verb,base,1,,exam,2,center_exam,センター試験語彙リスト由来。意味は要補充,center_pos=VV; center_pmw=50+,respond,VV,50+,
add,1231,scene,scene,noun,base,1,,exam,2,center_exam,センター試験語彙リスト由来。意味は要補充,center_pos=NN; center_pmw=50+,scene,NN,50+,
add,1232,search,search,noun,base,1,,exam,2,center_exam,センター試験語彙リスト由来。意味は要補充,center_pos=NN; center_pmw=50+,search,NN,50+,
add,1233,skin,skin,noun,base,1,,exam,2,center_exam,センター試験語彙リスト由来。意味は要補充,center_pos=NN; center_pmw=50+,skin,NN,50+,
add,1234,solution,solution,noun,base,1,,exam,2,center_exam,センター試験語彙リスト由来。意味は要補充,center_pos=NN; center_pmw=50+,solution,NN,50+,
add,1235,somewhere,somewhere,adverb,base,1,,exam,2,center_exam,センター試験語彙リスト由来。意味は要補充,center_pos=RB; center_pmw=50+,somewhere,RB,50+,
add,1236,spite,spite,noun,base,1,,exam,2,center_exam,センター試験語彙リスト由来。意味は要補充,center_pos=NN; center_pmw=50+,spite,NN,50+,
add,1237,stare,stare,noun,base,1,,exam,2,center_exam,センター試験語彙リスト由来。意味は要補充,center_pos=NN; center_pmw=50+,stare,NN,50+,
add,1244,vary,vary,verb,base,1,,exam,2,center_exam,センター試験語彙リスト由来。意味は要補充,center_pos=VVP; center_pmw=50+,vary,VVP,50+,
add,1245,violin,violin,noun,base,1,,exam,2,center_exam,センター試験語彙リスト由来。意味は要補充,center_pos=NN; center_pmw=50+,violin,NN,50+,
add,1247,attempt,attempt,noun,base,1,,exam,2,center_exam,センター試験語彙リスト由来。意味は要補充,center_pos=NN; center_pmw=50+,attempt,NN,50+,
add,1251,comment,comment,noun,base,1,,exam,2,center_exam,センター試験語彙リスト由来。意味は要補充,center_pos=NN; center_pmw=50+,comment,NN,50+,
add,1252,confidence,confidence,noun,base,1,,exam,2,center_exam,センター試験語彙リスト由来。意味は要補充,center_pos=NN; center_pmw=50+,confidence,NN,50+,
add,1253,contribute,contribute,verb,base,1,,exam,2,center_exam,センター試験語彙リスト由来。意味は要補充,center_pos=VV; center_pmw=50+,contribute,VV,50+,
add,1254,demand,demand,noun,base,1,,exam,2,center_exam,センター試験語彙リスト由来。意味は要補充,center_pos=NN; center_pmw=50+,demand,NN,50+,
add,1256,differ,differ,verb,base,1,,exam,2,center_exam,センター試験語彙リスト由来。意味は要補充,center_pos=VV; center_pmw=50+,differ,VV,50+,
add,1257,discount,discount,noun,base,1,,exam,2,center_exam,センター試験語彙リスト由来。意味は要補充,center_pos=NN; center_pmw=50+,discount,NN,50+,
add,1259,economy,economy,noun,base,1,,exam,2,center_exam,センター試験語彙リスト由来。意味は要補充,center_pos=NN; center_pmw=50+,economy,NN,50+,
add,1260,entertainment,entertainment,noun,base,1,,exam,2,center_exam,センター試験語彙リスト由来。意味は要補充,center_pos=NN; center_pmw=50+,entertainment,NN,50+,
add,1261,extremely,extremely,adverb,base,1,,exam,2,center_exam,センター試験語彙リスト由来。意味は要補充,center_pos=RB; center_pmw=50+,extremely,RB,50+,
add,1262,freedom,freedom,noun,base,1,,exam,2,center_exam,センター試験語彙リスト由来。意味は要補充,center_pos=NN; center_pmw=50+,freedom,NN,50+,
add,1263,growth,growth,noun,base,1,,exam,2,center_exam,センター試験語彙リスト由来。意味は要補充,center_pos=NN; center_pmw=50+,growth,NN,50+,
add,1266,imagination,imagination,noun,base,1,,exam,2,center_exam,センター試験語彙リスト由来。意味は要補充,center_pos=NN; center_pmw=50+,imagination,NN,50+,
add,1267,importance,importance,noun,base,1,,exam,2,center_exam,センター試験語彙リスト由来。意味は要補充,center_pos=NN; center_pmw=50+,importance,NN,50+,
add,1271,master,master,noun,base,1,,exam,2,center_exam,センター試験語彙リスト由来。意味は要補充,center_pos=NN; center_pmw=50+,master,NN,50+,
add,1274,naturally,naturally,adverb,base,1,,exam,2,center_exam,センター試験語彙リスト由来。意味は要補充,center_pos=RB; center_pmw=50+,naturally,RB,50+,
add,1276,pleasure,pleasure,noun,base,1,,exam,2,center_exam,センター試験語彙リスト由来。意味は要補充,center_pos=NN; center_pmw=50+,pleasure,NN,50+,
add,1277,pollution,pollution,noun,base,1,,exam,2,center_exam,センター試験語彙リスト由来。意味は要補充,center_pos=NN; center_pmw=50+,pollution,NN,50+,
add,1278,portrait,portrait,noun,base,1,,exam,2,center_exam,センター試験語彙リスト由来。意味は要補充,center_pos=NN; center_pmw=50+,portrait,NN,50+,
add,1279,procrastination,procrastination,noun,base,1,,exam,2,center_exam,センター試験語彙リスト由来。意味は要補充,center_pos=NN; center_pmw=50+,procrastination,NN,50+,
add,1280,proportion,proportion,noun,base,1,,exam,2,center_exam,センター試験語彙リスト由来。意味は要補充,center_pos=NN; center_pmw=50+,proportion,NN,50+,
add,1281,proud,proud,adjective,base,1,,exam,2,center_exam,センター試験語彙リスト由来。意味は要補充,center_pos=JJ; center_pmw=50+,proud,JJ,50+,
add,1282,replace,replace,verb,base,1,,exam,2,center_exam,センター試験語彙リスト由来。意味は要補充,center_pos=VV; center_pmw=50+,replace,VV,50+,
add,1283,rule,rule,noun,base,1,,exam,2,center_exam,センター試験語彙リスト由来。意味は要補充,center_pos=NN; center_pmw=50+,rule,NN,50+,
add,1284,scientific,scientific,adjective,base,1,,exam,2,center_exam,センター試験語彙リスト由来。意味は要補充,center_pos=JJ; center_pmw=50+,scientific,JJ,50+,
add,1285,shy,shy,adjective,base,1,,exam,2,center_exam,センター試験語彙リスト由来。意味は要補充,center_pos=JJ; center_pmw=50+,shy,JJ,50+,
add,1288,stream,stream,noun,base,1,,exam,2,center_exam,センター試験語彙リスト由来。意味は要補充,center_pos=NN; center_pmw=50+,stream,NN,50+,
add,1289,tofu,tofu,noun,base,1,,exam,2,center_exam,センター試験語彙リスト由来。意味は要補充,center_pos=NN; center_pmw=50+,tofu,NN,50+,
add,1290,trend,trend,noun,base,1,,exam,2,center_exam,センター試験語彙リスト由来。意味は要補充,center_pos=NN; center_pmw=50+,trend,NN,50+,
add,1291,trick,trick,noun,base,1,,exam,2,center_exam,センター試験語彙リスト由来。意味は要補充,center_pos=NN; center_pmw=50+,trick,NN,50+,
add,1293,unable,unable,adjective,base,1,,exam,2,center_exam,センター試験語彙リスト由来。意味は要補充,center_pos=JJ; center_pmw=50+,unable,JJ,50+,
add,1295,unusual,unusual,adjective,base,1,,exam,2,center_exam,センター試験語彙リスト由来。意味は要補充,center_pos=JJ; center_pmw=50+,unusual,JJ,50+,
add,1298,admire,admire,verb,base,1,,exam,2,center_exam,センター試験語彙リスト由来。意味は要補充,center_pos=VV; center_pmw=50+,admire,VV,50+,
add,1301,bilingual,bilingual,adjective,base,1,,exam,2,center_exam,センター試験語彙リスト由来。意味は要補充,center_pos=JJ; center_pmw=50+,bilingual,JJ,50+,
add,1302,breath,breath,noun,base,1,,exam,2,center_exam,センター試験語彙リスト由来。意味は要補充,center_pos=NN; center_pmw=50+,breath,NN,50+,
add,1306,clone,clone,noun,base,1,,exam,2,center_exam,センター試験語彙リスト由来。意味は要補充,center_pos=NN; center_pmw=50+,clone,NN,50+,
add,1308,connect,connect,verb,base,1,,exam,2,center_exam,センター試験語彙リスト由来。意味は要補充,center_pos=VV; center_pmw=50+,connect,VV,50+,
add,1309,contact,contact,noun,base,1,,exam,2,center_exam,センター試験語彙リスト由来。意味は要補充,center_pos=NN; center_pmw=50+,contact,NN,50+,
add,1310,delay,delay,noun,base,1,,exam,2,center_exam,センター試験語彙リスト由来。意味は要補充,center_pos=NN; center_pmw=50+,delay,NN,50+,
add,1312,ease,ease,verb,base,1,,exam,2,center_exam,センター試験語彙リスト由来。意味は要補充,center_pos=VV; center_pmw=50+,ease,VV,50+,
add,1314,extra,extra,adjective,base,1,,exam,2,center_exam,センター試験語彙リスト由来。意味は要補充,center_pos=JJ; center_pmw=50+,extra,JJ,50+,
add,1315,facility,facility,noun,base,1,,exam,2,center_exam,センター試験語彙リスト由来。意味は要補充,center_pos=NN; center_pmw=50+,facility,NN,50+,
add,1316,frame,frame,noun,base,1,,exam,2,center_exam,センター試験語彙リスト由来。意味は要補充,center_pos=NN; center_pmw=50+,frame,NN,50+,
add,1317,furniture,furniture,noun,base,1,,exam,2,center_exam,センター試験語彙リスト由来。意味は要補充,center_pos=NN; center_pmw=50+,furniture,NN,50+,
add,1318,hide,hide,verb,base,1,,exam,2,center_exam,センター試験語彙リスト由来。意味は要補充,center_pos=VV; center_pmw=50+,hide,VV,50+,
add,1319,highly,highly,adverb,base,1,,exam,2,center_exam,センター試験語彙リスト由来。意味は要補充,center_pos=RB; center_pmw=50+,highly,RB,50+,
add,1320,huge,huge,adjective,base,1,,exam,2,center_exam,センター試験語彙リスト由来。意味は要補充,center_pos=JJ; center_pmw=50+,huge,JJ,50+,
add,1321,impression,impression,noun,base,1,,exam,2,center_exam,センター試験語彙リスト由来。意味は要補充,center_pos=NN; center_pmw=50+,impression,NN,50+,
add,1322,improvement,improvement,noun,base,1,,exam,2,center_exam,センター試験語彙リスト由来。意味は要補充,center_pos=NN; center_pmw=50+,improvement,NN,50+,
add,1327,mainly,mainly,adverb,base,1,,exam,2,center_exam,センター試験語彙リスト由来。意味は要補充,center_pos=RB; center_pmw=50+,mainly,RB,50+,
add,1329,measure,measure,noun,base,1,,exam,2,center_exam,センター試験語彙リスト由来。意味は要補充,center_pos=NN; center_pmw=50+,measure,NN,50+,
add,1331,native,native,adjective,base,1,,exam,2,center_exam,センター試験語彙リスト由来。意味は要補充,center_pos=JJ; center_pmw=50+,native,JJ,50+,
add,1333,owner,owner,noun,base,1,,exam,2,center_exam,センター試験語彙リスト由来。意味は要補充,center_pos=NN; center_pmw=50+,owner,NN,50+,
add,1335,path,path,noun,base,1,,exam,2,center_exam,センター試験語彙リスト由来。意味は要補充,center_pos=NN; center_pmw=50+,path,NN,50+,
add,1336,preference,preference,noun,base,1,,exam,2,center_exam,センター試験語彙リスト由来。意味は要補充,center_pos=NN; center_pmw=50+,preference,NN,50+,
add,1337,principle,principle,noun,base,1,,exam,2,center_exam,センター試験語彙リスト由来。意味は要補充,center_pos=NN; center_pmw=50+,principle,NN,50+,
add,1338,rank,rank,noun,base,1,,exam,2,center_exam,センター試験語彙リスト由来。意味は要補充,center_pos=NN; center_pmw=50+,rank,NN,50+,
add,1339,rapidly,rapidly,adverb,base,1,,exam,2,center_exam,センター試験語彙リスト由来。意味は要補充,center_pos=RB; center_pmw=50+,rapidly,RB,50+,
add,1340,recommend,recommend,verb,base,1,,exam,2,center_exam,センター試験語彙リスト由来。意味は要補充,center_pos=VV; center_pmw=50+,recommend,VV,50+,
add,1341,reflect,reflect,verb,base,1,,exam,2,center_exam,センター試験語彙リスト由来。意味は要補充,center_pos=VV; center_pmw=50+,reflect,VV,50+,
add,1342,remind,remind,verb,base,1,,exam,2,center_exam,センター試験語彙リスト由来。意味は要補充,center_pos=VV; center_pmw=50+,remind,VV,50+,
add,1343,response,response,noun,base,1,,exam,2,center_exam,センター試験語彙リスト由来。意味は要補充,center_pos=NN; center_pmw=50+,response,NN,50+,
add,1344,risk,risk,noun,base,1,,exam,2,center_exam,センター試験語彙リスト由来。意味は要補充,center_pos=NN; center_pmw=50+,risk,NN,50+,
add,1345,seed,seed,noun,base,1,,exam,2,center_exam,センター試験語彙リスト由来。意味は要補充,center_pos=NN; center_pmw=50+,seed,NN,50+,
add,1346,sharp,sharp,adjective,base,1,,exam,2,center_exam,センター試験語彙リスト由来。意味は要補充,center_pos=JJ; center_pmw=50+,sharp,JJ,50+,
add,1348,snowflake,snowflake,noun,base,1,,exam,2,center_exam,センター試験語彙リスト由来。意味は要補充,center_pos=NN; center_pmw=50+,snowflake,NN,50+,
add,1350,suffer,suffer,verb,base,1,,exam,2,center_exam,センター試験語彙リスト由来。意味は要補充,center_pos=VV; center_pmw=50+,suffer,VV,50+,
add,1351,target,target,noun,base,1,,exam,2,center_exam,センター試験語彙リスト由来。意味は要補充,center_pos=NN; center_pmw=50+,target,NN,50+,
add,1352,terrible,terrible,adjective,base,1,,exam,2,center_exam,センター試験語彙リスト由来。意味は要補充,center_pos=JJ; center_pmw=50+,terrible,JJ,50+,
add,1353,tide,tide,noun,base,1,,exam,2,center_exam,センター試験語彙リスト由来。意味は要補充,center_pos=NN; center_pmw=50+,tide,NN,50+,
add,1357,widely,widely,adverb,base,1,,exam,2,center_exam,センター試験語彙リスト由来。意味は要補充,center_pos=RB; center_pmw=50+,widely,RB,50+,
add,1359,yacht,yacht,noun,base,1,,exam,2,center_exam,センター試験語彙リスト由来。意味は要補充,center_pos=NN; center_pmw=50+,yacht,NN,50+,
add,1361,account,account,noun,base,1,,exam,2,center_exam,センター試験語彙リスト由来。意味は要補充,center_pos=NN; center_pmw=50+,account,NN,50+,
add,1362,actual,actual,adjective,base,1,,exam,2,center_exam,センター試験語彙リスト由来。意味は要補充,center_pos=JJ; center_pmw=50+,actual,JJ,50+,
add,1363,assistant,assistant,adjective,base,1,,exam,2,center_exam,センター試験語彙リスト由来。意味は要補充,center_pos=JJ; center_pmw=50+,assistant,JJ,50+,
add,1364,auction,auction,noun,base,1,,exam,2,center_exam,センター試験語彙リスト由来。意味は要補充,center_pos=NN; center_pmw=50+,auction,NN,50+,
add,1365,brand,brand,noun,base,1,,exam,2,center_exam,センター試験語彙リスト由来。意味は要補充,center_pos=NN; center_pmw=50+,brand,NN,50+,
add,1367,commonly,commonly,adverb,base,1,,exam,2,center_exam,センター試験語彙リスト由来。意味は要補充,center_pos=RB; center_pmw=50+,commonly,RB,50+,
add,1368,crane,crane,noun,base,1,,exam,2,center_exam,センター試験語彙リスト由来。意味は要補充,center_pos=NN; center_pmw=50+,crane,NN,50+,
add,1369,cultural,cultural,adjective,base,1,,exam,2,center_exam,センター試験語彙リスト由来。意味は要補充,center_pos=JJ; center_pmw=50+,cultural,JJ,50+,
add,1374,dye,dye,noun,base,1,,exam,2,center_exam,センター試験語彙リスト由来。意味は要補充,center_pos=NN; center_pmw=50+,dye,NN,50+,
add,1375,efficient,efficient,adjective,base,1,,exam,2,center_exam,センター試験語彙リスト由来。意味は要補充,center_pos=JJ; center_pmw=50+,efficient,JJ,50+,
add,1377,feature,feature,noun,base,1,,exam,2,center_exam,センター試験語彙リスト由来。意味は要補充,center_pos=NN; center_pmw=50+,feature,NN,50+,
add,1378,female,female,adjective,base,1,,exam,2,center_exam,センター試験語彙リスト由来。意味は要補充,center_pos=JJ; center_pmw=50+,female,JJ,50+,
add,1382,fuel,fuel,noun,base,1,,exam,2,center_exam,センター試験語彙リスト由来。意味は要補充,center_pos=NN; center_pmw=50+,fuel,NN,50+,
add,1383,gather,gather,verb,base,1,,exam,2,center_exam,センター試験語彙リスト由来。意味は要補充,center_pos=VV; center_pmw=50+,gather,VV,50+,
add,1384,generally,generally,adverb,base,1,,exam,2,center_exam,センター試験語彙リスト由来。意味は要補充,center_pos=RB; center_pmw=50+,generally,RB,50+,
add,1387,household,household,noun,base,1,,exam,2,center_exam,センター試験語彙リスト由来。意味は要補充,center_pos=NN; center_pmw=50+,household,NN,50+,
add,1388,increasingly,increasingly,adverb,base,1,,exam,2,center_exam,センター試験語彙リスト由来。意味は要補充,center_pos=RB; center_pmw=50+,increasingly,RB,50+,
add,1389,industrial,industrial,adjective,base,1,,exam,2,center_exam,センター試験語彙リスト由来。意味は要補充,center_pos=JJ; center_pmw=50+,industrial,JJ,50+,
add,1390,insect,insect,noun,base,1,,exam,2,center_exam,センター試験語彙リスト由来。意味は要補充,center_pos=NN; center_pmw=50+,insect,NN,50+,
add,1391,location,location,noun,base,1,,exam,2,center_exam,センター試験語彙リスト由来。意味は要補充,center_pos=NN; center_pmw=50+,location,NN,50+,
add,1392,lock,lock,noun,base,1,,exam,2,center_exam,センター試験語彙リスト由来。意味は要補充,center_pos=NN; center_pmw=50+,lock,NN,50+,
add,1395,manager,manager,noun,base,1,,exam,2,center_exam,センター試験語彙リスト由来。意味は要補充,center_pos=NN; center_pmw=50+,manager,NN,50+,
add,1397,moderator,moderator,noun,base,1,,exam,2,center_exam,センター試験語彙リスト由来。意味は要補充,center_pos=NN; center_pmw=50+,moderator,NN,50+,
add,1400,nut,nut,noun,base,1,,exam,2,center_exam,センター試験語彙リスト由来。意味は要補充,center_pos=NN; center_pmw=50+,nut,NN,50+,
add,1401,observe,observe,verb,base,1,,exam,2,center_exam,センター試験語彙リスト由来。意味は要補充,center_pos=VVP; center_pmw=50+,observe,VVP,50+,
add,1402,okay,okay,adjective,base,1,,exam,2,center_exam,センター試験語彙リスト由来。意味は要補充,center_pos=JJ; center_pmw=50+,okay,JJ,50+,
add,1403,opening,opening,noun,base,1,,exam,2,center_exam,センター試験語彙リスト由来。意味は要補充,center_pos=NN; center_pmw=50+,opening,NN,50+,
add,1404,particularly,particularly,adverb,base,1,,exam,2,center_exam,センター試験語彙リスト由来。意味は要補充,center_pos=RB; center_pmw=50+,particularly,RB,50+,
add,1405,peal,peal,noun,base,1,,exam,2,center_exam,センター試験語彙リスト由来。意味は要補充,center_pos=NN; center_pmw=50+,peal,NN,50+,
add,1407,plenty,plenty,noun,base,1,,exam,2,center_exam,センター試験語彙リスト由来。意味は要補充,center_pos=NN; center_pmw=50+,plenty,NN,50+,
add,1409,positive,positive,adjective,base,1,,exam,2,center_exam,センター試験語彙リスト由来。意味は要補充,center_pos=JJ; center_pmw=50+,positive,JJ,50+,
add,1411,production,production,noun,base,1,,exam,2,center_exam,センター試験語彙リスト由来。意味は要補充,center_pos=NN; center_pmw=50+,production,NN,50+,
add,1412,prove,prove,verb,base,1,,exam,2,center_exam,センター試験語彙リスト由来。意味は要補充,center_pos=VV; center_pmw=50+,prove,VV,50+,
add,1413,refer,refer,verb,base,1,,exam,2,center_exam,センター試験語彙リスト由来。意味は要補充,center_pos=VVP; center_pmw=50+,refer,VVP,50+,
add,1414,refuse,refuse,verb,base,1,,exam,2,center_exam,センター試験語彙リスト由来。意味は要補充,center_pos=VVP; center_pmw=50+,refuse,VVP,50+,
add,1415,relationship,relationship,noun,base,1,,exam,2,center_exam,センター試験語彙リスト由来。意味は要補充,center_pos=NN; center_pmw=50+,relationship,NN,50+,
add,1416,rely,rely,verb,base,1,,exam,2,center_exam,センター試験語彙リスト由来。意味は要補充,center_pos=VV; center_pmw=50+,rely,VV,50+,
add,1417,safety,safety,noun,base,1,,exam,2,center_exam,センター試験語彙リスト由来。意味は要補充,center_pos=NN; center_pmw=50+,safety,NN,50+,
add,1418,satellite,satellite,noun,base,1,,exam,2,center_exam,センター試験語彙リスト由来。意味は要補充,center_pos=NN; center_pmw=50+,satellite,NN,50+,
add,1419,seriously,seriously,adverb,base,1,,exam,2,center_exam,センター試験語彙リスト由来。意味は要補充,center_pos=RB; center_pmw=50+,seriously,RB,50+,
add,1424,spread,spread,noun,base,1,,exam,2,center_exam,センター試験語彙リスト由来。意味は要補充,center_pos=NN; center_pmw=50+,spread,NN,50+,
add,1425,strength,strength,noun,base,1,,exam,2,center_exam,センター試験語彙リスト由来。意味は要補充,center_pos=NN; center_pmw=50+,strength,NN,50+,
add,1428,talent,talent,noun,base,1,,exam,2,center_exam,センター試験語彙リスト由来。意味は要補充,center_pos=NN; center_pmw=50+,talent,NN,50+,
add,1430,treatment,treatment,noun,base,1,,exam,2,center_exam,センター試験語彙リスト由来。意味は要補充,center_pos=NN; center_pmw=50+,treatment,NN,50+,
add,1431,wedding,wedding,noun,base,1,,exam,2,center_exam,センター試験語彙リスト由来。意味は要補充,center_pos=NN; center_pmw=50+,wedding,NN,50+,
add,1434,achieve,achieve,verb,base,1,,exam,2,center_exam,センター試験語彙リスト由来。意味は要補充,center_pos=VV; center_pmw=50+,achieve,VV,50+,
add,1435,acorn,acorn,noun,base,1,,exam,2,center_exam,センター試験語彙リスト由来。意味は要補充,center_pos=NN; center_pmw=50+,acorn,NN,50+,
add,1436,advertise,advertise,verb,base,1,,exam,2,center_exam,センター試験語彙リスト由来。意味は要補充,center_pos=VV; center_pmw=50+,advertise,VV,50+,
add,1438,argument,argument,noun,base,1,,exam,2,center_exam,センター試験語彙リスト由来。意味は要補充,center_pos=NN; center_pmw=50+,argument,NN,50+,
add,1439,arrange,arrange,verb,base,1,,exam,2,center_exam,センター試験語彙リスト由来。意味は要補充,center_pos=VV; center_pmw=50+,arrange,VV,50+,
add,1440,arrangement,arrangement,noun,base,1,,exam,2,center_exam,センター試験語彙リスト由来。意味は要補充,center_pos=NN; center_pmw=50+,arrangement,NN,50+,
add,1441,attractive,attractive,adjective,base,1,,exam,2,center_exam,センター試験語彙リスト由来。意味は要補充,center_pos=JJ; center_pmw=50+,attractive,JJ,50+,
add,1442,batik,batik,noun,base,1,,exam,2,center_exam,センター試験語彙リスト由来。意味は要補充,center_pos=NN; center_pmw=50+,batik,NN,50+,
add,1444,bid,bid,noun,base,1,,exam,2,center_exam,センター試験語彙リスト由来。意味は要補充,center_pos=NN; center_pmw=50+,bid,NN,50+,
add,1445,britain,britain,noun,base,1,,exam,2,center_exam,センター試験語彙リスト由来。意味は要補充,center_pos=NN; center_pmw=50+,britain,NN,50+,
add,1447,cash,cash,noun,base,1,,exam,2,center_exam,センター試験語彙リスト由来。意味は要補充,center_pos=NN; center_pmw=50+,cash,NN,50+,
add,1448,code,code,noun,base,1,,exam,2,center_exam,センター試験語彙リスト由来。意味は要補充,center_pos=NN; center_pmw=50+,code,NN,50+,
add,1449,combine,combine,verb,base,1,,exam,2,center_exam,センター試験語彙リスト由来。意味は要補充,center_pos=VV; center_pmw=50+,combine,VV,50+,
add,1450,complicate,complicate,verb,base,1,,exam,2,center_exam,センター試験語彙リスト由来。意味は要補充,center_pos=VV; center_pmw=50+,complicate,VV,50+,
add,1452,definition,definition,noun,base,1,,exam,2,center_exam,センター試験語彙リスト由来。意味は要補充,center_pos=NN; center_pmw=50+,definition,NN,50+,
add,1453,differently,differently,adverb,base,1,,exam,2,center_exam,センター試験語彙リスト由来。意味は要補充,center_pos=RB; center_pmw=50+,differently,RB,50+,
add,1454,disagree,disagree,verb,base,1,,exam,2,center_exam,センター試験語彙リスト由来。意味は要補充,center_pos=VVP; center_pmw=50+,disagree,VVP,50+,
add,1455,divide,divide,noun,base,1,,exam,2,center_exam,センター試験語彙リスト由来。意味は要補充,center_pos=NN; center_pmw=50+,divide,NN,50+,
add,1456,double,double,adverb,base,1,,exam,2,center_exam,センター試験語彙リスト由来。意味は要補充,center_pos=RB; center_pmw=50+,double,RB,50+,
add,1457,entire,entire,adjective,base,1,,exam,2,center_exam,センター試験語彙リスト由来。意味は要補充,center_pos=JJ; center_pmw=50+,entire,JJ,50+,
add,1458,feather,feather,noun,base,1,,exam,2,center_exam,センター試験語彙リスト由来。意味は要補充,center_pos=NN; center_pmw=50+,feather,NN,50+,
add,1459,frequency,frequency,noun,base,1,,exam,2,center_exam,センター試験語彙リスト由来。意味は要補充,center_pos=NN; center_pmw=50+,frequency,NN,50+,
add,1462,gorilla,gorilla,noun,base,1,,exam,2,center_exam,センター試験語彙リスト由来。意味は要補充,center_pos=NN; center_pmw=50+,gorilla,NN,50+,
add,1463,grant,grant,noun,base,1,,exam,2,center_exam,センター試験語彙リスト由来。意味は要補充,center_pos=NN; center_pmw=50+,grant,NN,50+,
add,1471,identify,identify,verb,base,1,,exam,2,center_exam,センター試験語彙リスト由来。意味は要補充,center_pos=VV; center_pmw=50+,identify,VV,50+,
add,1472,interview,interview,noun,base,1,,exam,2,center_exam,センター試験語彙リスト由来。意味は要補充,center_pos=NN; center_pmw=50+,interview,NN,50+,
add,1473,length,length,noun,base,1,,exam,2,center_exam,センター試験語彙リスト由来。意味は要補充,center_pos=NN; center_pmw=50+,length,NN,50+,
add,1475,magnet,magnet,noun,base,1,,exam,2,center_exam,センター試験語彙リスト由来。意味は要補充,center_pos=NN; center_pmw=50+,magnet,NN,50+,
add,1476,male,male,adjective,base,1,,exam,2,center_exam,センター試験語彙リスト由来。意味は要補充,center_pos=JJ; center_pmw=50+,male,JJ,50+,
add,1478,mike,mike,noun,base,1,,exam,2,center_exam,センター試験語彙リスト由来。意味は要補充,center_pos=NN; center_pmw=50+,mike,NN,50+,
add,1479,monolingual,monolingual,adjective,base,1,,exam,2,center_exam,センター試験語彙リスト由来。意味は要補充,center_pos=JJ; center_pmw=50+,monolingual,JJ,50+,
add,1480,moreover,moreover,adverb,base,1,,exam,2,center_exam,センター試験語彙リスト由来。意味は要補充,center_pos=RB; center_pmw=50+,moreover,RB,50+,
add,1483,opera,opera,noun,base,1,,exam,2,center_exam,センター試験語彙リスト由来。意味は要補充,center_pos=NN; center_pmw=50+,opera,NN,50+,
add,1485,plaid,plaid,noun,base,1,,exam,2,center_exam,センター試験語彙リスト由来。意味は要補充,center_pos=NN; center_pmw=50+,plaid,NN,50+,
add,1486,prevent,prevent,verb,base,1,,exam,2,center_exam,センター試験語彙リスト由来。意味は要補充,center_pos=VV; center_pmw=50+,prevent,VV,50+,
add,1487,puzzle,puzzle,noun,base,1,,exam,2,center_exam,センター試験語彙リスト由来。意味は要補充,center_pos=NN; center_pmw=50+,puzzle,NN,50+,
add,1488,quantity,quantity,noun,base,1,,exam,2,center_exam,センター試験語彙リスト由来。意味は要補充,center_pos=NN; center_pmw=50+,quantity,NN,50+,
add,1489,rent,rent,noun,base,1,,exam,2,center_exam,センター試験語彙リスト由来。意味は要補充,center_pos=NN; center_pmw=50+,rent,NN,50+,
add,1490,retire,retire,verb,base,1,,exam,2,center_exam,センター試験語彙リスト由来。意味は要補充,center_pos=VV; center_pmw=50+,retire,VV,50+,
add,1495,speed,speed,noun,base,1,,exam,2,center_exam,センター試験語彙リスト由来。意味は要補充,center_pos=NN; center_pmw=50+,speed,NN,50+,
add,1497,switch,switch,noun,base,1,,exam,2,center_exam,センター試験語彙リスト由来。意味は要補充,center_pos=NN; center_pmw=50+,switch,NN,50+,
add,1498,temperature,temperature,noun,base,1,,exam,2,center_exam,センター試験語彙リスト由来。意味は要補充,center_pos=NN; center_pmw=50+,temperature,NN,50+,
add,1499,traveler,traveler,noun,base,1,,exam,2,center_exam,センター試験語彙リスト由来。意味は要補充,center_pos=NN; center_pmw=50+,traveler,NN,50+,
add,1500,treat,treat,verb,base,1,,exam,2,center_exam,センター試験語彙リスト由来。意味は要補充,center_pos=VV; center_pmw=50+,treat,VV,50+,
add,1501,turmeric,turmeric,noun,base,1,,exam,2,center_exam,センター試験語彙リスト由来。意味は要補充,center_pos=NN; center_pmw=50+,turmeric,NN,50+,
add,1504,whatever,whatever,adjective,base,1,,exam,2,center_exam,センター試験語彙リスト由来。意味は要補充,center_pos=JJ; center_pmw=50+,whatever,JJ,50+,
add,1506,willing,willing,adjective,base,1,,exam,2,center_exam,センター試験語彙リスト由来。意味は要補充,center_pos=JJ; center_pmw=50+,willing,JJ,50+,
add,1509,announce,announce,verb,base,1,,exam,2,center_exam,センター試験語彙リスト由来。意味は要補充,center_pos=VV; center_pmw=50+,announce,VV,50+,
add,1510,appointment,appointment,noun,base,1,,exam,2,center_exam,センター試験語彙リスト由来。意味は要補充,center_pos=NN; center_pmw=50+,appointment,NN,50+,
add,1512,aware,aware,adjective,base,1,,exam,2,center_exam,センター試験語彙リスト由来。意味は要補充,center_pos=JJ; center_pmw=50+,aware,JJ,50+,
add,1513,background,background,noun,base,1,,exam,2,center_exam,センター試験語彙リスト由来。意味は要補充,center_pos=NN; center_pmw=50+,background,NN,50+,
add,1514,bamboo,bamboo,noun,base,1,,exam,2,center_exam,センター試験語彙リスト由来。意味は要補充,center_pos=NN; center_pmw=50+,bamboo,NN,50+,
add,1517,belief,belief,noun,base,1,,exam,2,center_exam,センター試験語彙リスト由来。意味は要補充,center_pos=NN; center_pmw=50+,belief,NN,50+,
add,1519,boring,boring,adjective,base,1,,exam,2,center_exam,センター試験語彙リスト由来。意味は要補充,center_pos=JJ; center_pmw=50+,boring,JJ,50+,
add,1522,closely,closely,adverb,base,1,,exam,2,center_exam,センター試験語彙リスト由来。意味は要補充,center_pos=RB; center_pmw=50+,closely,RB,50+,
add,1523,coast,coast,noun,base,1,,exam,2,center_exam,センター試験語彙リスト由来。意味は要補充,center_pos=NN; center_pmw=50+,coast,NN,50+,
add,1524,collection,collection,noun,base,1,,exam,2,center_exam,センター試験語彙リスト由来。意味は要補充,center_pos=NN; center_pmw=50+,collection,NN,50+,
add,1525,competition,competition,noun,base,1,,exam,2,center_exam,センター試験語彙リスト由来。意味は要補充,center_pos=NN; center_pmw=50+,competition,NN,50+,
add,1526,concentrate,concentrate,verb,base,1,,exam,2,center_exam,センター試験語彙リスト由来。意味は要補充,center_pos=VV; center_pmw=50+,concentrate,VV,50+,
add,1527,conclude,conclude,verb,base,1,,exam,2,center_exam,センター試験語彙リスト由来。意味は要補充,center_pos=VV; center_pmw=50+,conclude,VV,50+,
add,1530,current,current,adjective,base,1,,exam,2,center_exam,センター試験語彙リスト由来。意味は要補充,center_pos=JJ; center_pmw=50+,current,JJ,50+,
add,1531,cycle,cycle,noun,base,1,,exam,2,center_exam,センター試験語彙リスト由来。意味は要補充,center_pos=NN; center_pmw=50+,cycle,NN,50+,
add,1532,demonstrate,demonstrate,verb,base,1,,exam,2,center_exam,センター試験語彙リスト由来。意味は要補充,center_pos=VV; center_pmw=50+,demonstrate,VV,50+,
add,1535,doubt,doubt,noun,base,1,,exam,2,center_exam,センター試験語彙リスト由来。意味は要補充,center_pos=NN; center_pmw=50+,doubt,NN,50+,
add,1536,eastern,eastern,adjective,base,1,,exam,2,center_exam,センター試験語彙リスト由来。意味は要補充,center_pos=JJ; center_pmw=50+,eastern,JJ,50+,
add,1537,elementary,elementary,adjective,base,1,,exam,2,center_exam,センター試験語彙リスト由来。意味は要補充,center_pos=JJ; center_pmw=50+,elementary,JJ,50+,
add,1538,embarrass,embarrass,verb,base,1,,exam,2,center_exam,センター試験語彙リスト由来。意味は要補充,center_pos=VV; center_pmw=50+,embarrass,VV,50+,
add,1539,entertain,entertain,verb,base,1,,exam,2,center_exam,センター試験語彙リスト由来。意味は要補充,center_pos=VV; center_pmw=50+,entertain,VV,50+,
add,1540,failure,failure,noun,base,1,,exam,2,center_exam,センター試験語彙リスト由来。意味は要補充,center_pos=NN; center_pmw=50+,failure,NN,50+,
add,1541,fair,fair,adjective,base,1,,exam,2,center_exam,センター試験語彙リスト由来。意味は要補充,center_pos=JJ; center_pmw=50+,fair,JJ,50+,
add,1542,fascinate,fascinate,verb,base,1,,exam,2,center_exam,センター試験語彙リスト由来。意味は要補充,center_pos=VV; center_pmw=50+,fascinate,VV,50+,
add,1544,flea,flea,noun,base,1,,exam,2,center_exam,センター試験語彙リスト由来。意味は要補充,center_pos=NN; center_pmw=50+,flea,NN,50+,
add,1545,greatly,greatly,adverb,base,1,,exam,2,center_exam,センター試験語彙リスト由来。意味は要補充,center_pos=RB; center_pmw=50+,greatly,RB,50+,
add,1546,impact,impact,noun,base,1,,exam,2,center_exam,センター試験語彙リスト由来。意味は要補充,center_pos=NN; center_pmw=50+,impact,NN,50+,
add,1547,injure,injure,verb,base,1,,exam,2,center_exam,センター試験語彙リスト由来。意味は要補充,center_pos=VV; center_pmw=50+,injure,VV,50+,
add,1548,insist,insist,verb,base,1,,exam,2,center_exam,センター試験語彙リスト由来。意味は要補充,center_pos=VVP; center_pmw=50+,insist,VVP,50+,
add,1549,instruction,instruction,noun,base,1,,exam,2,center_exam,センター試験語彙リスト由来。意味は要補充,center_pos=NN; center_pmw=50+,instruction,NN,50+,
add,1551,kid,kid,noun,base,1,,exam,2,center_exam,センター試験語彙リスト由来。意味は要補充,center_pos=NN; center_pmw=50+,kid,NN,50+,
add,1553,lift,lift,noun,base,1,,exam,2,center_exam,センター試験語彙リスト由来。意味は要補充,center_pos=NN; center_pmw=50+,lift,NN,50+,
add,1555,mental,mental,adjective,base,1,,exam,2,center_exam,センター試験語彙リスト由来。意味は要補充,center_pos=JJ; center_pmw=50+,mental,JJ,50+,
add,1556,mushroom,mushroom,noun,base,1,,exam,2,center_exam,センター試験語彙リスト由来。意味は要補充,center_pos=NN; center_pmw=50+,mushroom,NN,50+,
add,1558,obtain,obtain,verb,base,1,,exam,2,center_exam,センター試験語彙リスト由来。意味は要補充,center_pos=VV; center_pmw=50+,obtain,VV,50+,
add,1559,organization,organization,noun,base,1,,exam,2,center_exam,センター試験語彙リスト由来。意味は要補充,center_pos=NN; center_pmw=50+,organization,NN,50+,
add,1560,persuade,persuade,verb,base,1,,exam,2,center_exam,センター試験語彙リスト由来。意味は要補充,center_pos=VV; center_pmw=50+,persuade,VV,50+,
add,1561,policy,policy,noun,base,1,,exam,2,center_exam,センター試験語彙リスト由来。意味は要補充,center_pos=NN; center_pmw=50+,policy,NN,50+,
add,1562,pressure,pressure,noun,base,1,,exam,2,center_exam,センター試験語彙リスト由来。意味は要補充,center_pos=NN; center_pmw=50+,pressure,NN,50+,
add,1563,private,private,adjective,base,1,,exam,2,center_exam,センター試験語彙リスト由来。意味は要補充,center_pos=JJ; center_pmw=50+,private,JJ,50+,
add,1564,properly,properly,adverb,base,1,,exam,2,center_exam,センター試験語彙リスト由来。意味は要補充,center_pos=RB; center_pmw=50+,properly,RB,50+,
add,1565,range,range,noun,base,1,,exam,2,center_exam,センター試験語彙リスト由来。意味は要補充,center_pos=NN; center_pmw=50+,range,NN,50+,
add,1566,react,react,verb,base,1,,exam,2,center_exam,センター試験語彙リスト由来。意味は要補充,center_pos=VV; center_pmw=50+,react,VV,50+,
add,1567,recycling,recycling,noun,base,1,,exam,2,center_exam,センター試験語彙リスト由来。意味は要補充,center_pos=NN; center_pmw=50+,recycling,NN,50+,
add,1568,revolution,revolution,noun,base,1,,exam,2,center_exam,センター試験語彙リスト由来。意味は要補充,center_pos=NN; center_pmw=50+,revolution,NN,50+,
add,1571,satisfaction,satisfaction,noun,base,1,,exam,2,center_exam,センター試験語彙リスト由来。意味は要補充,center_pos=NN; center_pmw=50+,satisfaction,NN,50+,
add,1572,scale,scale,noun,base,1,,exam,2,center_exam,センター試験語彙リスト由来。意味は要補充,center_pos=NN; center_pmw=50+,scale,NN,50+,
add,1574,section,section,noun,base,1,,exam,2,center_exam,センター試験語彙リスト由来。意味は要補充,center_pos=NN; center_pmw=50+,section,NN,50+,
add,1576,slight,slight,adjective,base,1,,exam,2,center_exam,センター試験語彙リスト由来。意味は要補充,center_pos=JJ; center_pmw=50+,slight,JJ,50+,
add,1577,smith,smith,noun,base,1,,exam,2,center_exam,センター試験語彙リスト由来。意味は要補充,center_pos=NN; center_pmw=50+,smith,NN,50+,
add,1579,steady,steady,adjective,base,1,,exam,2,center_exam,センター試験語彙リスト由来。意味は要補充,center_pos=JJ; center_pmw=50+,steady,JJ,50+,
add,1581,sunshine,sunshine,noun,base,1,,exam,2,center_exam,センター試験語彙リスト由来。意味は要補充,center_pos=NN; center_pmw=50+,sunshine,NN,50+,
add,1582,tail,tail,noun,base,1,,exam,2,center_exam,センター試験語彙リスト由来。意味は要補充,center_pos=NN; center_pmw=50+,tail,NN,50+,
add,1584,thick,thick,adjective,base,1,,exam,2,center_exam,センター試験語彙リスト由来。意味は要補充,center_pos=JJ; center_pmw=50+,thick,JJ,50+,
add,1586,truly,truly,adverb,base,1,,exam,2,center_exam,センター試験語彙リスト由来。意味は要補充,center_pos=RB; center_pmw=50+,truly,RB,50+,
add,1587,uneasy,uneasy,adjective,base,1,,exam,2,center_exam,センター試験語彙リスト由来。意味は要補充,center_pos=JJ; center_pmw=50+,uneasy,JJ,50+,
add,1588,unemployment,unemployment,noun,base,1,,exam,2,center_exam,センター試験語彙リスト由来。意味は要補充,center_pos=NN; center_pmw=50+,unemployment,NN,50+,
add,1589,unique,unique,adjective,base,1,,exam,2,center_exam,センター試験語彙リスト由来。意味は要補充,center_pos=JJ; center_pmw=50+,unique,JJ,50+,
add,1590,vase,vase,noun,base,1,,exam,2,center_exam,センター試験語彙リスト由来。意味は要補充,center_pos=NN; center_pmw=50+,vase,NN,50+,
add,1591,weigh,weigh,verb,base,1,,exam,2,center_exam,センター試験語彙リスト由来。意味は要補充,center_pos=VV; center_pmw=50+,weigh,VV,50+,
add,1595,albatross,albatross,noun,base,1,,exam,2,center_exam,センター試験語彙リスト由来。意味は要補充,center_pos=NN; center_pmw=50+,albatross,NN,50+,
add,1596,allergy,allergy,noun,base,1,,exam,2,center_exam,センター試験語彙リスト由来。意味は要補充,center_pos=NN; center_pmw=50+,allergy,NN,50+,
add,1597,anniversary,anniversary,noun,base,1,,exam,2,center_exam,センター試験語彙リスト由来。意味は要補充,center_pos=NN; center_pmw=50+,anniversary,NN,50+,
add,1598,anxious,anxious,adjective,base,1,,exam,2,center_exam,センター試験語彙リスト由来。意味は要補充,center_pos=JJ; center_pmw=50+,anxious,JJ,50+,
add,1599,appearance,appearance,noun,base,1,,exam,2,center_exam,センター試験語彙リスト由来。意味は要補充,center_pos=NN; center_pmw=50+,appearance,NN,50+,
add,1600,architecture,architecture,noun,base,1,,exam,2,center_exam,センター試験語彙リスト由来。意味は要補充,center_pos=NN; center_pmw=50+,architecture,NN,50+,
add,1602,asleep,asleep,adverb,base,1,,exam,2,center_exam,センター試験語彙リスト由来。意味は要補充,center_pos=RB; center_pmw=50+,asleep,RB,50+,
add,1603,assume,assume,verb,base,1,,exam,2,center_exam,センター試験語彙リスト由来。意味は要補充,center_pos=VV; center_pmw=50+,assume,VV,50+,
add,1604,attack,attack,noun,base,1,,exam,2,center_exam,センター試験語彙リスト由来。意味は要補充,center_pos=NN; center_pmw=50+,attack,NN,50+,
add,1605,attic,attic,noun,base,1,,exam,2,center_exam,センター試験語彙リスト由来。意味は要補充,center_pos=NN; center_pmw=50+,attic,NN,50+,
add,1606,audio,audio,adjective,base,1,,exam,2,center_exam,センター試験語彙リスト由来。意味は要補充,center_pos=JJ; center_pmw=50+,audio,JJ,50+,
add,1607,basically,basically,adverb,base,1,,exam,2,center_exam,センター試験語彙リスト由来。意味は要補充,center_pos=RB; center_pmw=50+,basically,RB,50+,
add,1608,basis,basis,noun,base,1,,exam,2,center_exam,センター試験語彙リスト由来。意味は要補充,center_pos=NN; center_pmw=50+,basis,NN,50+,
add,1609,beam,beam,noun,base,1,,exam,2,center_exam,センター試験語彙リスト由来。意味は要補充,center_pos=NN; center_pmw=50+,beam,NN,50+,
add,1612,british,british,adjective,base,1,,exam,2,center_exam,センター試験語彙リスト由来。意味は要補充,center_pos=JJ; center_pmw=50+,british,JJ,50+,
add,1616,cocoa,cocoa,noun,base,1,,exam,2,center_exam,センター試験語彙リスト由来。意味は要補充,center_pos=NN; center_pmw=50+,cocoa,NN,50+,
add,1617,cole,cole,noun,base,1,,exam,2,center_exam,センター試験語彙リスト由来。意味は要補充,center_pos=NN; center_pmw=50+,cole,NN,50+,
add,1618,conclusion,conclusion,noun,base,1,,exam,2,center_exam,センター試験語彙リスト由来。意味は要補充,center_pos=NN; center_pmw=50+,conclusion,NN,50+,
add,1619,constant,constant,adjective,base,1,,exam,2,center_exam,センター試験語彙リスト由来。意味は要補充,center_pos=JJ; center_pmw=50+,constant,JJ,50+,
add,1620,conversation,conversation,noun,base,1,,exam,2,center_exam,センター試験語彙リスト由来。意味は要補充,center_pos=NN; center_pmw=50+,conversation,NN,50+,
add,1621,decline,decline,noun,base,1,,exam,2,center_exam,センター試験語彙リスト由来。意味は要補充,center_pos=NN; center_pmw=50+,decline,NN,50+,
add,1623,delight,delight,noun,base,1,,exam,2,center_exam,センター試験語彙リスト由来。意味は要補充,center_pos=NN; center_pmw=50+,delight,NN,50+,
add,1624,desire,desire,noun,base,1,,exam,2,center_exam,センター試験語彙リスト由来。意味は要補充,center_pos=NN; center_pmw=50+,desire,NN,50+,
add,1625,detail,detail,noun,base,1,,exam,2,center_exam,センター試験語彙リスト由来。意味は要補充,center_pos=NN; center_pmw=50+,detail,NN,50+,
add,1626,disagreement,disagreement,noun,base,1,,exam,2,center_exam,センター試験語彙リスト由来。意味は要補充,center_pos=NN; center_pmw=50+,disagreement,NN,50+,
add,1628,empty,empty,adjective,base,1,,exam,2,center_exam,センター試験語彙リスト由来。意味は要補充,center_pos=JJ; center_pmw=50+,empty,JJ,50+,
add,1629,enable,enable,verb,base,1,,exam,2,center_exam,センター試験語彙リスト由来。意味は要補充,center_pos=VV; center_pmw=50+,enable,VV,50+,
add,1630,expectation,expectation,noun,base,1,,exam,2,center_exam,センター試験語彙リスト由来。意味は要補充,center_pos=NN; center_pmw=50+,expectation,NN,50+,
add,1631,fashionable,fashionable,adjective,base,1,,exam,2,center_exam,センター試験語彙リスト由来。意味は要補充,center_pos=JJ; center_pmw=50+,fashionable,JJ,50+,
add,1632,favor,favor,noun,base,1,,exam,2,center_exam,センター試験語彙リスト由来。意味は要補充,center_pos=NN; center_pmw=50+,favor,NN,50+,
add,1634,former,former,adjective,base,1,,exam,2,center_exam,センター試験語彙リスト由来。意味は要補充,center_pos=JJ; center_pmw=50+,former,JJ,50+,
add,1635,furthermore,furthermore,adverb,base,1,,exam,2,center_exam,センター試験語彙リスト由来。意味は要補充,center_pos=RB; center_pmw=50+,furthermore,RB,50+,
add,1636,graduate,graduate,noun,base,1,,exam,2,center_exam,センター試験語彙リスト由来。意味は要補充,center_pos=NN; center_pmw=50+,graduate,NN,50+,
add,1637,grandchild,grandchild,noun,base,1,,exam,2,center_exam,センター試験語彙リスト由来。意味は要補充,center_pos=NN; center_pmw=50+,grandchild,NN,50+,
add,1640,illness,illness,noun,base,1,,exam,2,center_exam,センター試験語彙リスト由来。意味は要補充,center_pos=NN; center_pmw=50+,illness,NN,50+,
add,1641,illustrate,illustrate,verb,base,1,,exam,2,center_exam,センター試験語彙リスト由来。意味は要補充,center_pos=VVP; center_pmw=50+,illustrate,VVP,50+,
add,1642,immigrant,immigrant,noun,base,1,,exam,2,center_exam,センター試験語彙リスト由来。意味は要補充,center_pos=NN; center_pmw=50+,immigrant,NN,50+,
add,1643,imply,imply,verb,base,1,,exam,2,center_exam,センター試験語彙リスト由来。意味は要補充,center_pos=VVP; center_pmw=50+,imply,VVP,50+,
add,1646,liquid,liquid,adjective,base,1,,exam,2,center_exam,センター試験語彙リスト由来。意味は要補充,center_pos=JJ; center_pmw=50+,liquid,JJ,50+,
add,1647,mammal,mammal,noun,base,1,,exam,2,center_exam,センター試験語彙リスト由来。意味は要補充,center_pos=NN; center_pmw=50+,mammal,NN,50+,
add,1650,moisture,moisture,noun,base,1,,exam,2,center_exam,センター試験語彙リスト由来。意味は要補充,center_pos=NN; center_pmw=50+,moisture,NN,50+,
add,1651,mysterious,mysterious,adjective,base,1,,exam,2,center_exam,センター試験語彙リスト由来。意味は要補充,center_pos=JJ; center_pmw=50+,mysterious,JJ,50+,
add,1652,negative,negative,adjective,base,1,,exam,2,center_exam,センター試験語彙リスト由来。意味は要補充,center_pos=JJ; center_pmw=50+,negative,JJ,50+,
add,1653,orchestra,orchestra,noun,base,1,,exam,2,center_exam,センター試験語彙リスト由来。意味は要補充,center_pos=NN; center_pmw=50+,orchestra,NN,50+,
add,1654,package,package,noun,base,1,,exam,2,center_exam,センター試験語彙リスト由来。意味は要補充,center_pos=NN; center_pmw=50+,package,NN,50+,
add,1656,perfect,perfect,adjective,base,1,,exam,2,center_exam,センター試験語彙リスト由来。意味は要補充,center_pos=JJ; center_pmw=50+,perfect,JJ,50+,
add,1657,pleasant,pleasant,adjective,base,1,,exam,2,center_exam,センター試験語彙リスト由来。意味は要補充,center_pos=JJ; center_pmw=50+,pleasant,JJ,50+,
add,1658,portable,portable,adjective,base,1,,exam,2,center_exam,センター試験語彙リスト由来。意味は要補充,center_pos=JJ; center_pmw=50+,portable,JJ,50+,
add,1659,preserve,preserve,verb,base,1,,exam,2,center_exam,センター試験語彙リスト由来。意味は要補充,center_pos=VV; center_pmw=50+,preserve,VV,50+,
add,1660,primary,primary,adjective,base,1,,exam,2,center_exam,センター試験語彙リスト由来。意味は要補充,center_pos=JJ; center_pmw=50+,primary,JJ,50+,
add,1661,professor,professor,noun,base,1,,exam,2,center_exam,センター試験語彙リスト由来。意味は要補充,center_pos=NN; center_pmw=50+,professor,NN,50+,
add,1662,profit,profit,noun,base,1,,exam,2,center_exam,センター試験語彙リスト由来。意味は要補充,center_pos=NN; center_pmw=50+,profit,NN,50+,
add,1663,psychology,psychology,noun,base,1,,exam,2,center_exam,センター試験語彙リスト由来。意味は要補充,center_pos=NN; center_pmw=50+,psychology,NN,50+,
add,1664,recover,recover,verb,base,1,,exam,2,center_exam,センター試験語彙リスト由来。意味は要補充,center_pos=VV; center_pmw=50+,recover,VV,50+,
add,1665,repeat,repeat,noun,base,1,,exam,2,center_exam,センター試験語彙リスト由来。意味は要補充,center_pos=NN; center_pmw=50+,repeat,NN,50+,
add,1667,rude,rude,adjective,base,1,,exam,2,center_exam,センター試験語彙リスト由来。意味は要補充,center_pos=JJ; center_pmw=50+,rude,JJ,50+,
add,1669,scare,scare,noun,base,1,,exam,2,center_exam,センター試験語彙リスト由来。意味は要補充,center_pos=NN; center_pmw=50+,scare,NN,50+,
add,1670,seek,seek,verb,base,1,,exam,2,center_exam,センター試験語彙リスト由来。意味は要補充,center_pos=VV; center_pmw=50+,seek,VV,50+,
add,1671,separate,separate,adjective,base,1,,exam,2,center_exam,センター試験語彙リスト由来。意味は要補充,center_pos=JJ; center_pmw=50+,separate,JJ,50+,
add,1675,smooth,smooth,adjective,base,1,,exam,2,center_exam,センター試験語彙リスト由来。意味は要補充,center_pos=JJ; center_pmw=50+,smooth,JJ,50+,
add,1678,spot,spot,noun,base,1,,exam,2,center_exam,センター試験語彙リスト由来。意味は要補充,center_pos=NN; center_pmw=50+,spot,NN,50+,
add,1679,standard,standard,adjective,base,1,,exam,2,center_exam,センター試験語彙リスト由来。意味は要補充,center_pos=JJ; center_pmw=50+,standard,JJ,50+,
add,1681,supply,supply,noun,base,1,,exam,2,center_exam,センター試験語彙リスト由来。意味は要補充,center_pos=NN; center_pmw=50+,supply,NN,50+,
add,1682,surprising,surprising,adjective,base,1,,exam,2,center_exam,センター試験語彙リスト由来。意味は要補充,center_pos=JJ; center_pmw=50+,surprising,JJ,50+,
add,1683,technological,technological,adjective,base,1,,exam,2,center_exam,センター試験語彙リスト由来。意味は要補充,center_pos=JJ; center_pmw=50+,technological,JJ,50+,
add,1684,thief,thief,noun,base,1,,exam,2,center_exam,センター試験語彙リスト由来。意味は要補充,center_pos=NN; center_pmw=50+,thief,NN,50+,
add,1685,tough,tough,adjective,base,1,,exam,2,center_exam,センター試験語彙リスト由来。意味は要補充,center_pos=JJ; center_pmw=50+,tough,JJ,50+,
add,1686,track,track,noun,base,1,,exam,2,center_exam,センター試験語彙リスト由来。意味は要補充,center_pos=NN; center_pmw=50+,track,NN,50+,
add,1688,valuable,valuable,adjective,base,1,,exam,2,center_exam,センター試験語彙リスト由来。意味は要補充,center_pos=JJ; center_pmw=50+,valuable,JJ,50+,
add,1689,warn,warn,verb,base,1,,exam,2,center_exam,センター試験語彙リスト由来。意味は要補充,center_pos=VVP; center_pmw=50+,warn,VVP,50+,
add,1690,admit,admit,verb,base,1,,exam,2,center_exam,センター試験語彙リスト由来。意味は要補充,center_pos=VV; center_pmw=50+,admit,VV,50+,
add,1691,agreement,agreement,noun,base,1,,exam,2,center_exam,センター試験語彙リスト由来。意味は要補充,center_pos=NN; center_pmw=50+,agreement,NN,50+,
add,1692,aim,aim,noun,base,1,,exam,2,center_exam,センター試験語彙リスト由来。意味は要補充,center_pos=NN; center_pmw=50+,aim,NN,50+,
add,1693,almond,almond,adjective,base,1,,exam,2,center_exam,センター試験語彙リスト由来。意味は要補充,center_pos=JJ; center_pmw=50+,almond,JJ,50+,
add,1694,assistance,assistance,noun,base,1,,exam,2,center_exam,センター試験語彙リスト由来。意味は要補充,center_pos=NN; center_pmw=50+,assistance,NN,50+,
add,1695,associate,associate,noun,base,1,,exam,2,center_exam,センター試験語彙リスト由来。意味は要補充,center_pos=NN; center_pmw=50+,associate,NN,50+,
add,1696,attraction,attraction,noun,base,1,,exam,2,center_exam,センター試験語彙リスト由来。意味は要補充,center_pos=NN; center_pmw=50+,attraction,NN,50+,
add,1697,audience,audience,noun,base,1,,exam,2,center_exam,センター試験語彙リスト由来。意味は要補充,center_pos=NN; center_pmw=50+,audience,NN,50+,
add,1702,broad,broad,adjective,base,1,,exam,2,center_exam,センター試験語彙リスト由来。意味は要補充,center_pos=JJ; center_pmw=50+,broad,JJ,50+,
add,1705,chimpanzee,chimpanzee,noun,base,1,,exam,2,center_exam,センター試験語彙リスト由来。意味は要補充,center_pos=NN; center_pmw=50+,chimpanzee,NN,50+,
add,1706,coach,coach,noun,base,1,,exam,2,center_exam,センター試験語彙リスト由来。意味は要補充,center_pos=NN; center_pmw=50+,coach,NN,50+,
add,1707,combination,combination,noun,base,1,,exam,2,center_exam,センター試験語彙リスト由来。意味は要補充,center_pos=NN; center_pmw=50+,combination,NN,50+,
add,1708,commercial,commercial,adjective,base,1,,exam,2,center_exam,センター試験語彙リスト由来。意味は要補充,center_pos=JJ; center_pmw=50+,commercial,JJ,50+,
add,1709,commuter,commuter,noun,base,1,,exam,2,center_exam,センター試験語彙リスト由来。意味は要補充,center_pos=NN; center_pmw=50+,commuter,NN,50+,
add,1710,compass,compass,noun,base,1,,exam,2,center_exam,センター試験語彙リスト由来。意味は要補充,center_pos=NN; center_pmw=50+,compass,NN,50+,
add,1711,complex,complex,adjective,base,1,,exam,2,center_exam,センター試験語彙リスト由来。意味は要補充,center_pos=JJ; center_pmw=50+,complex,JJ,50+,
add,1712,convention,convention,noun,base,1,,exam,2,center_exam,センター試験語彙リスト由来。意味は要補充,center_pos=NN; center_pmw=50+,convention,NN,50+,
add,1714,dine,dine,verb,base,1,,exam,2,center_exam,センター試験語彙リスト由来。意味は要補充,center_pos=VV; center_pmw=50+,dine,VV,50+,
add,1715,disadvantage,disadvantage,noun,base,1,,exam,2,center_exam,センター試験語彙リスト由来。意味は要補充,center_pos=NN; center_pmw=50+,disadvantage,NN,50+,
add,1716,discovery,discovery,noun,base,1,,exam,2,center_exam,センター試験語彙リスト由来。意味は要補充,center_pos=NN; center_pmw=50+,discovery,NN,50+,
add,1717,display,display,noun,base,1,,exam,2,center_exam,センター試験語彙リスト由来。意味は要補充,center_pos=NN; center_pmw=50+,display,NN,50+,
add,1719,effectively,effectively,adverb,base,1,,exam,2,center_exam,センター試験語彙リスト由来。意味は要補充,center_pos=RB; center_pmw=50+,effectively,RB,50+,
add,1720,expression,expression,noun,base,1,,exam,2,center_exam,センター試験語彙リスト由来。意味は要補充,center_pos=NN; center_pmw=50+,expression,NN,50+,
add,1721,fairly,fairly,adverb,base,1,,exam,2,center_exam,センター試験語彙リスト由来。意味は要補充,center_pos=RB; center_pmw=50+,fairly,RB,50+,
add,1723,fee,fee,noun,base,1,,exam,2,center_exam,センター試験語彙リスト由来。意味は要補充,center_pos=NN; center_pmw=50+,fee,NN,50+,
add,1727,friendship,friendship,noun,base,1,,exam,2,center_exam,センター試験語彙リスト由来。意味は要補充,center_pos=NN; center_pmw=50+,friendship,NN,50+,
add,1728,fur,fur,noun,base,1,,exam,2,center_exam,センター試験語彙リスト由来。意味は要補充,center_pos=NN; center_pmw=50+,fur,NN,50+,
add,1729,generation,generation,noun,base,1,,exam,2,center_exam,センター試験語彙リスト由来。意味は要補充,center_pos=NN; center_pmw=50+,generation,NN,50+,
add,1730,ghost,ghost,noun,base,1,,exam,2,center_exam,センター試験語彙リスト由来。意味は要補充,center_pos=NN; center_pmw=50+,ghost,NN,50+,
add,1731,glance,glance,noun,base,1,,exam,2,center_exam,センター試験語彙リスト由来。意味は要補充,center_pos=NN; center_pmw=50+,glance,NN,50+,
add,1734,harry,harry,verb,base,1,,exam,2,center_exam,センター試験語彙リスト由来。意味は要補充,center_pos=VV; center_pmw=50+,harry,VV,50+,
add,1735,hesitate,hesitate,verb,base,1,,exam,2,center_exam,センター試験語彙リスト由来。意味は要補充,center_pos=VV; center_pmw=50+,hesitate,VV,50+,
add,1737,ignore,ignore,verb,base,1,,exam,2,center_exam,センター試験語彙リスト由来。意味は要補充,center_pos=VV; center_pmw=50+,ignore,VV,50+,
add,1738,impress,impress,verb,base,1,,exam,2,center_exam,センター試験語彙リスト由来。意味は要補充,center_pos=VV; center_pmw=50+,impress,VV,50+,
add,1740,independent,independent,adjective,base,1,,exam,2,center_exam,センター試験語彙リスト由来。意味は要補充,center_pos=JJ; center_pmw=50+,independent,JJ,50+,
add,1741,insult,insult,noun,base,1,,exam,2,center_exam,センター試験語彙リスト由来。意味は要補充,center_pos=NN; center_pmw=50+,insult,NN,50+,
add,1742,investigate,investigate,verb,base,1,,exam,2,center_exam,センター試験語彙リスト由来。意味は要補充,center_pos=VV; center_pmw=50+,investigate,VV,50+,
add,1743,journey,journey,noun,base,1,,exam,2,center_exam,センター試験語彙リスト由来。意味は要補充,center_pos=NN; center_pmw=50+,journey,NN,50+,
add,1744,kingdom,kingdom,noun,base,1,,exam,2,center_exam,センター試験語彙リスト由来。意味は要補充,center_pos=NN; center_pmw=50+,kingdom,NN,50+,
add,1746,layer,layer,noun,base,1,,exam,2,center_exam,センター試験語彙リスト由来。意味は要補充,center_pos=NN; center_pmw=50+,layer,NN,50+,
add,1747,lecture,lecture,noun,base,1,,exam,2,center_exam,センター試験語彙リスト由来。意味は要補充,center_pos=NN; center_pmw=50+,lecture,NN,50+,
add,1748,lifelong,lifelong,adjective,base,1,,exam,2,center_exam,センター試験語彙リスト由来。意味は要補充,center_pos=JJ; center_pmw=50+,lifelong,JJ,50+,
add,1750,loss,loss,noun,base,1,,exam,2,center_exam,センター試験語彙リスト由来。意味は要補充,center_pos=NN; center_pmw=50+,loss,NN,50+,
add,1752,network,network,noun,base,1,,exam,2,center_exam,センター試験語彙リスト由来。意味は要補充,center_pos=NN; center_pmw=50+,network,NN,50+,
add,1753,nevertheless,nevertheless,adverb,base,1,,exam,2,center_exam,センター試験語彙リスト由来。意味は要補充,center_pos=RB; center_pmw=50+,nevertheless,RB,50+,
add,1754,normal,normal,adjective,base,1,,exam,2,center_exam,センター試験語彙リスト由来。意味は要補充,center_pos=JJ; center_pmw=50+,normal,JJ,50+,
add,1755,nowadays,nowadays,adverb,base,1,,exam,2,center_exam,センター試験語彙リスト由来。意味は要補充,center_pos=RB; center_pmw=50+,nowadays,RB,50+,
add,1756,occupation,occupation,noun,base,1,,exam,2,center_exam,センター試験語彙リスト由来。意味は要補充,center_pos=NN; center_pmw=50+,occupation,NN,50+,
add,1757,organize,organize,verb,base,1,,exam,2,center_exam,センター試験語彙リスト由来。意味は要補充,center_pos=VV; center_pmw=50+,organize,VV,50+,
add,1758,phrase,phrase,noun,base,1,,exam,2,center_exam,センター試験語彙リスト由来。意味は要補充,center_pos=NN; center_pmw=50+,phrase,NN,50+,
add,1759,pine,pine,noun,base,1,,exam,2,center_exam,センター試験語彙リスト由来。意味は要補充,center_pos=NN; center_pmw=50+,pine,NN,50+,
add,1760,pink,pink,adjective,base,1,,exam,2,center_exam,センター試験語彙リスト由来。意味は要補充,center_pos=JJ; center_pmw=50+,pink,JJ,50+,
add,1761,practical,practical,adjective,base,1,,exam,2,center_exam,センター試験語彙リスト由来。意味は要補充,center_pos=JJ; center_pmw=50+,practical,JJ,50+,
add,1762,presentation,presentation,noun,base,1,,exam,2,center_exam,センター試験語彙リスト由来。意味は要補充,center_pos=NN; center_pmw=50+,presentation,NN,50+,
add,1765,reasonable,reasonable,adjective,base,1,,exam,2,center_exam,センター試験語彙リスト由来。意味は要補充,center_pos=JJ; center_pmw=50+,reasonable,JJ,50+,
add,1766,region,region,noun,base,1,,exam,2,center_exam,センター試験語彙リスト由来。意味は要補充,center_pos=NN; center_pmw=50+,region,NN,50+,
add,1767,relocation,relocation,noun,base,1,,exam,2,center_exam,センター試験語彙リスト由来。意味は要補充,center_pos=NN; center_pmw=50+,relocation,NN,50+,
add,1768,resident,resident,noun,base,1,,exam,2,center_exam,センター試験語彙リスト由来。意味は要補充,center_pos=NN; center_pmw=50+,resident,NN,50+,
add,1769,resource,resource,noun,base,1,,exam,2,center_exam,センター試験語彙リスト由来。意味は要補充,center_pos=NN; center_pmw=50+,resource,NN,50+,
add,1771,roger,roger,noun,base,1,,exam,2,center_exam,センター試験語彙リスト由来。意味は要補充,center_pos=NN; center_pmw=50+,roger,NN,50+,
add,1772,roll,roll,noun,base,1,,exam,2,center_exam,センター試験語彙リスト由来。意味は要補充,center_pos=NN; center_pmw=50+,roll,NN,50+,
add,1775,shame,shame,noun,base,1,,exam,2,center_exam,センター試験語彙リスト由来。意味は要補充,center_pos=NN; center_pmw=50+,shame,NN,50+,
add,1776,similarity,similarity,noun,base,1,,exam,2,center_exam,センター試験語彙リスト由来。意味は要補充,center_pos=NN; center_pmw=50+,similarity,NN,50+,
add,1777,slip,slip,noun,base,1,,exam,2,center_exam,センター試験語彙リスト由来。意味は要補充,center_pos=NN; center_pmw=50+,slip,NN,50+,
add,1779,soybean,soybean,noun,base,1,,exam,2,center_exam,センター試験語彙リスト由来。意味は要補充,center_pos=NN; center_pmw=50+,soybean,NN,50+,
add,1781,staff,staff,noun,base,1,,exam,2,center_exam,センター試験語彙リスト由来。意味は要補充,center_pos=NN; center_pmw=50+,staff,NN,50+,
add,1783,sticky,sticky,adjective,base,1,,exam,2,center_exam,センター試験語彙リスト由来。意味は要補充,center_pos=JJ; center_pmw=50+,sticky,JJ,50+,
add,1784,suitable,suitable,adjective,base,1,,exam,2,center_exam,センター試験語彙リスト由来。意味は要補充,center_pos=JJ; center_pmw=50+,suitable,JJ,50+,
add,1786,technique,technique,noun,base,1,,exam,2,center_exam,センター試験語彙リスト由来。意味は要補充,center_pos=NN; center_pmw=50+,technique,NN,50+,
add,1787,text,text,noun,base,1,,exam,2,center_exam,センター試験語彙リスト由来。意味は要補充,center_pos=NN; center_pmw=50+,text,NN,50+,
add,1788,tribe,tribe,noun,base,1,,exam,2,center_exam,センター試験語彙リスト由来。意味は要補充,center_pos=NN; center_pmw=50+,tribe,NN,50+,
add,1789,typical,typical,adjective,base,1,,exam,2,center_exam,センター試験語彙リスト由来。意味は要補充,center_pos=JJ; center_pmw=50+,typical,JJ,50+,
add,1790,unfortunately,unfortunately,adverb,base,1,,exam,2,center_exam,センター試験語彙リスト由来。意味は要補充,center_pos=RB; center_pmw=50+,unfortunately,RB,50+,
add,1792,vocabulary,vocabulary,noun,base,1,,exam,2,center_exam,センター試験語彙リスト由来。意味は要補充,center_pos=NN; center_pmw=50+,vocabulary,NN,50+,
add,1794,warming,warming,noun,base,1,,exam,2,center_exam,センター試験語彙リスト由来。意味は要補充,center_pos=NN; center_pmw=50+,warming,NN,50+,
add,1795,western,western,adjective,base,1,,exam,2,center_exam,センター試験語彙リスト由来。意味は要補充,center_pos=JJ; center_pmw=50+,western,JJ,50+,
add,1796,accurate,accurate,adjective,base,1,,exam,2,center_exam,センター試験語彙リスト由来。意味は要補充,center_pos=JJ; center_pmw=50+,accurate,JJ,50+,
add,1798,amazing,amazing,adjective,base,1,,exam,2,center_exam,センター試験語彙リスト由来。意味は要補充,center_pos=JJ; center_pmw=50+,amazing,JJ,50+,
add,1799,annoy,annoy,verb,base,1,,exam,2,center_exam,センター試験語彙リスト由来。意味は要補充,center_pos=VV; center_pmw=50+,annoy,VV,50+,
add,1802,assignment,assignment,noun,base,1,,exam,2,center_exam,センター試験語彙リスト由来。意味は要補充,center_pos=NN; center_pmw=50+,assignment,NN,50+,
add,1804,awful,awful,adjective,base,1,,exam,2,center_exam,センター試験語彙リスト由来。意味は要補充,center_pos=JJ; center_pmw=50+,awful,JJ,50+,
add,1807,birth,birth,noun,base,1,,exam,2,center_exam,センター試験語彙リスト由来。意味は要補充,center_pos=NN; center_pmw=50+,birth,NN,50+,
add,1808,bone,bone,noun,base,1,,exam,2,center_exam,センター試験語彙リスト由来。意味は要補充,center_pos=NN; center_pmw=50+,bone,NN,50+,
add,1810,bottom,bottom,noun,base,1,,exam,2,center_exam,センター試験語彙リスト由来。意味は要補充,center_pos=NN; center_pmw=50+,bottom,NN,50+,
add,1811,bow,bow,noun,base,1,,exam,2,center_exam,センター試験語彙リスト由来。意味は要補充,center_pos=NN; center_pmw=50+,bow,NN,50+,
add,1812,boyfriend,boyfriend,noun,base,1,,exam,2,center_exam,センター試験語彙リスト由来。意味は要補充,center_pos=NN; center_pmw=50+,boyfriend,NN,50+,
add,1815,cellphone,cellphone,noun,base,1,,exam,2,center_exam,センター試験語彙リスト由来。意味は要補充,center_pos=NN; center_pmw=50+,cellphone,NN,50+,
add,1816,ceremony,ceremony,noun,base,1,,exam,2,center_exam,センター試験語彙リスト由来。意味は要補充,center_pos=NN; center_pmw=50+,ceremony,NN,50+,
add,1819,clown,clown,noun,base,1,,exam,2,center_exam,センター試験語彙リスト由来。意味は要補充,center_pos=NN; center_pmw=50+,clown,NN,50+,
add,1820,concept,concept,noun,base,1,,exam,2,center_exam,センター試験語彙リスト由来。意味は要補充,center_pos=NN; center_pmw=50+,concept,NN,50+,
add,1821,confident,confident,adjective,base,1,,exam,2,center_exam,センター試験語彙リスト由来。意味は要補充,center_pos=JJ; center_pmw=50+,confident,JJ,50+,
add,1822,construction,construction,noun,base,1,,exam,2,center_exam,センター試験語彙リスト由来。意味は要補充,center_pos=NN; center_pmw=50+,construction,NN,50+,
add,1823,consumer,consumer,noun,base,1,,exam,2,center_exam,センター試験語彙リスト由来。意味は要補充,center_pos=NN; center_pmw=50+,consumer,NN,50+,
add,1824,convince,convince,verb,base,1,,exam,2,center_exam,センター試験語彙リスト由来。意味は要補充,center_pos=VV; center_pmw=50+,convince,VV,50+,
add,1826,correctly,correctly,adverb,base,1,,exam,2,center_exam,センター試験語彙リスト由来。意味は要補充,center_pos=RB; center_pmw=50+,correctly,RB,50+,
add,1827,cough,cough,noun,base,1,,exam,2,center_exam,センター試験語彙リスト由来。意味は要補充,center_pos=NN; center_pmw=50+,cough,NN,50+,
add,1828,countryside,countryside,noun,base,1,,exam,2,center_exam,センター試験語彙リスト由来。意味は要補充,center_pos=NN; center_pmw=50+,countryside,NN,50+,
add,1829,crash,crash,noun,base,1,,exam,2,center_exam,センター試験語彙リスト由来。意味は要補充,center_pos=NN; center_pmw=50+,crash,NN,50+,
add,1830,criticism,criticism,noun,base,1,,exam,2,center_exam,センター試験語彙リスト由来。意味は要補充,center_pos=NN; center_pmw=50+,criticism,NN,50+,
add,1832,define,define,verb,base,1,,exam,2,center_exam,センター試験語彙リスト由来。意味は要補充,center_pos=VV; center_pmw=50+,define,VV,50+,
add,1833,dependent,dependent,adjective,base,1,,exam,2,center_exam,センター試験語彙リスト由来。意味は要補充,center_pos=JJ; center_pmw=50+,dependent,JJ,50+,
add,1836,disturb,disturb,verb,base,1,,exam,2,center_exam,センター試験語彙リスト由来。意味は要補充,center_pos=VV; center_pmw=50+,disturb,VV,50+,
add,1837,educational,educational,adjective,base,1,,exam,2,center_exam,センター試験語彙リスト由来。意味は要補充,center_pos=JJ; center_pmw=50+,educational,JJ,50+,
add,1838,enthusiastic,enthusiastic,adjective,base,1,,exam,2,center_exam,センター試験語彙リスト由来。意味は要補充,center_pos=JJ; center_pmw=50+,enthusiastic,JJ,50+,
add,1840,entry,entry,noun,base,1,,exam,2,center_exam,センター試験語彙リスト由来。意味は要補充,center_pos=NN; center_pmw=50+,entry,NN,50+,
add,1841,equally,equally,adverb,base,1,,exam,2,center_exam,センター試験語彙リスト由来。意味は要補充,center_pos=RB; center_pmw=50+,equally,RB,50+,
add,1842,equivalent,equivalent,noun,base,1,,exam,2,center_exam,センター試験語彙リスト由来。意味は要補充,center_pos=NN; center_pmw=50+,equivalent,NN,50+,
add,1843,evidence,evidence,noun,base,1,,exam,2,center_exam,センター試験語彙リスト由来。意味は要補充,center_pos=NN; center_pmw=50+,evidence,NN,50+,
add,1845,excellent,excellent,adjective,base,1,,exam,2,center_exam,センター試験語彙リスト由来。意味は要補充,center_pos=JJ; center_pmw=50+,excellent,JJ,50+,
add,1846,extreme,extreme,adjective,base,1,,exam,2,center_exam,センター試験語彙リスト由来。意味は要補充,center_pos=JJ; center_pmw=50+,extreme,JJ,50+,
add,1848,fog,fog,noun,base,1,,exam,2,center_exam,センター試験語彙リスト由来。意味は要補充,center_pos=NN; center_pmw=50+,fog,NN,50+,
add,1849,fold,fold,noun,base,1,,exam,2,center_exam,センター試験語彙リスト由来。意味は要補充,center_pos=NN; center_pmw=50+,fold,NN,50+,
add,1851,fully,fully,adverb,base,1,,exam,2,center_exam,センター試験語彙リスト由来。意味は要補充,center_pos=RB; center_pmw=50+,fully,RB,50+,
add,1852,gasoline,gasoline,noun,base,1,,exam,2,center_exam,センター試験語彙リスト由来。意味は要補充,center_pos=NN; center_pmw=50+,gasoline,NN,50+,
add,1856,helpful,helpful,adjective,base,1,,exam,2,center_exam,センター試験語彙リスト由来。意味は要補充,center_pos=JJ; center_pmw=50+,helpful,JJ,50+,
add,1857,highway,highway,noun,base,1,,exam,2,center_exam,センター試験語彙リスト由来。意味は要補充,center_pos=NN; center_pmw=50+,highway,NN,50+,
add,1859,intersection,intersection,noun,base,1,,exam,2,center_exam,センター試験語彙リスト由来。意味は要補充,center_pos=NN; center_pmw=50+,intersection,NN,50+,
add,1861,invention,invention,noun,base,1,,exam,2,center_exam,センター試験語彙リスト由来。意味は要補充,center_pos=NN; center_pmw=50+,invention,NN,50+,
add,1862,jacket,jacket,noun,base,1,,exam,2,center_exam,センター試験語彙リスト由来。意味は要補充,center_pos=NN; center_pmw=50+,jacket,NN,50+,
add,1863,jog,jog,noun,base,1,,exam,2,center_exam,センター試験語彙リスト由来。意味は要補充,center_pos=NN; center_pmw=50+,jog,NN,50+,
add,1864,judge,judge,noun,base,1,,exam,2,center_exam,センター試験語彙リスト由来。意味は要補充,center_pos=NN; center_pmw=50+,judge,NN,50+,
add,1865,judgment,judgment,noun,base,1,,exam,2,center_exam,センター試験語彙リスト由来。意味は要補充,center_pos=NN; center_pmw=50+,judgment,NN,50+,
add,1868,kimono,kimono,noun,base,1,,exam,2,center_exam,センター試験語彙リスト由来。意味は要補充,center_pos=NN; center_pmw=50+,kimono,NN,50+,
add,1870,kitten,kitten,noun,base,1,,exam,2,center_exam,センター試験語彙リスト由来。意味は要補充,center_pos=NN; center_pmw=50+,kitten,NN,50+,
add,1872,license,license,noun,base,1,,exam,2,center_exam,センター試験語彙リスト由来。意味は要補充,center_pos=NN; center_pmw=50+,license,NN,50+,
add,1873,loose,loose,adverb,base,1,,exam,2,center_exam,センター試験語彙リスト由来。意味は要補充,center_pos=RB; center_pmw=50+,loose,RB,50+,
add,1874,majority,majority,noun,base,1,,exam,2,center_exam,センター試験語彙リスト由来。意味は要補充,center_pos=NN; center_pmw=50+,majority,NN,50+,
add,1875,maker,maker,noun,base,1,,exam,2,center_exam,センター試験語彙リスト由来。意味は要補充,center_pos=NN; center_pmw=50+,maker,NN,50+,
add,1877,mostly,mostly,adverb,base,1,,exam,2,center_exam,センター試験語彙リスト由来。意味は要補充,center_pos=RB; center_pmw=50+,mostly,RB,50+,
add,1880,official,official,noun,base,1,,exam,2,center_exam,センター試験語彙リスト由来。意味は要補充,center_pos=NN; center_pmw=50+,official,NN,50+,
add,1881,olympic,olympic,adjective,base,1,,exam,2,center_exam,センター試験語彙リスト由来。意味は要補充,center_pos=JJ; center_pmw=50+,olympic,JJ,50+,
add,1882,pacific,pacific,adjective,base,1,,exam,2,center_exam,センター試験語彙リスト由来。意味は要補充,center_pos=JJ; center_pmw=50+,pacific,JJ,50+,
add,1885,perfume,perfume,noun,base,1,,exam,2,center_exam,センター試験語彙リスト由来。意味は要補充,center_pos=NN; center_pmw=50+,perfume,NN,50+,
add,1886,plastic,plastic,noun,base,1,,exam,2,center_exam,センター試験語彙リスト由来。意味は要補充,center_pos=NN; center_pmw=50+,plastic,NN,50+,
add,1887,political,political,adjective,base,1,,exam,2,center_exam,センター試験語彙リスト由来。意味は要補充,center_pos=JJ; center_pmw=50+,political,JJ,50+,
add,1888,possibility,possibility,noun,base,1,,exam,2,center_exam,センター試験語彙リスト由来。意味は要補充,center_pos=NN; center_pmw=50+,possibility,NN,50+,
add,1889,pretend,pretend,adjective,base,1,,exam,2,center_exam,センター試験語彙リスト由来。意味は要補充,center_pos=JJ; center_pmw=50+,pretend,JJ,50+,
add,1890,previous,previous,adjective,base,1,,exam,2,center_exam,センター試験語彙リスト由来。意味は要補充,center_pos=JJ; center_pmw=50+,previous,JJ,50+,
add,1891,propose,propose,verb,base,1,,exam,2,center_exam,センター試験語彙リスト由来。意味は要補充,center_pos=VV; center_pmw=50+,propose,VV,50+,
add,1894,reality,reality,noun,base,1,,exam,2,center_exam,センター試験語彙リスト由来。意味は要補充,center_pos=NN; center_pmw=50+,reality,NN,50+,
add,1895,relative,relative,adjective,base,1,,exam,2,center_exam,センター試験語彙リスト由来。意味は要補充,center_pos=JJ; center_pmw=50+,relative,JJ,50+,
add,1896,request,request,noun,base,1,,exam,2,center_exam,センター試験語彙リスト由来。意味は要補充,center_pos=NN; center_pmw=50+,request,NN,50+,
add,1897,reservation,reservation,noun,base,1,,exam,2,center_exam,センター試験語彙リスト由来。意味は要補充,center_pos=NN; center_pmw=50+,reservation,NN,50+,
add,1899,rope,rope,noun,base,1,,exam,2,center_exam,センター試験語彙リスト由来。意味は要補充,center_pos=NN; center_pmw=50+,rope,NN,50+,
add,1900,rough,rough,adjective,base,1,,exam,2,center_exam,センター試験語彙リスト由来。意味は要補充,center_pos=JJ; center_pmw=50+,rough,JJ,50+,
add,1902,sample,sample,noun,base,1,,exam,2,center_exam,センター試験語彙リスト由来。意味は要補充,center_pos=NN; center_pmw=50+,sample,NN,50+,
add,1903,scholarship,scholarship,noun,base,1,,exam,2,center_exam,センター試験語彙リスト由来。意味は要補充,center_pos=NN; center_pmw=50+,scholarship,NN,50+,
add,1904,score,score,noun,base,1,,exam,2,center_exam,センター試験語彙リスト由来。意味は要補充,center_pos=NN; center_pmw=50+,score,NN,50+,
add,1905,seldom,seldom,adverb,base,1,,exam,2,center_exam,センター試験語彙リスト由来。意味は要補充,center_pos=RB; center_pmw=50+,seldom,RB,50+,
add,1906,semester,semester,noun,base,1,,exam,2,center_exam,センター試験語彙リスト由来。意味は要補充,center_pos=NN; center_pmw=50+,semester,NN,50+,
add,1907,sight,sight,noun,base,1,,exam,2,center_exam,センター試験語彙リスト由来。意味は要補充,center_pos=NN; center_pmw=50+,sight,NN,50+,
add,1909,steadily,steadily,adverb,base,1,,exam,2,center_exam,センター試験語彙リスト由来。意味は要補充,center_pos=RB; center_pmw=50+,steadily,RB,50+,
add,1910,struggle,struggle,noun,base,1,,exam,2,center_exam,センター試験語彙リスト由来。意味は要補充,center_pos=NN; center_pmw=50+,struggle,NN,50+,
add,1911,studio,studio,noun,base,1,,exam,2,center_exam,センター試験語彙リスト由来。意味は要補充,center_pos=NN; center_pmw=50+,studio,NN,50+,
add,1912,stuff,stuff,noun,base,1,,exam,2,center_exam,センター試験語彙リスト由来。意味は要補充,center_pos=NN; center_pmw=50+,stuff,NN,50+,
add,1913,suggestion,suggestion,noun,base,1,,exam,2,center_exam,センター試験語彙リスト由来。意味は要補充,center_pos=NN; center_pmw=50+,suggestion,NN,50+,
add,1914,surround,surround,noun,base,1,,exam,2,center_exam,センター試験語彙リスト由来。意味は要補充,center_pos=NN; center_pmw=50+,surround,NN,50+,
add,1915,survival,survival,noun,base,1,,exam,2,center_exam,センター試験語彙リスト由来。意味は要補充,center_pos=NN; center_pmw=50+,survival,NN,50+,
add,1916,tank,tank,noun,base,1,,exam,2,center_exam,センター試験語彙リスト由来。意味は要補充,center_pos=NN; center_pmw=50+,tank,NN,50+,
add,1917,thumb,thumb,noun,base,1,,exam,2,center_exam,センター試験語彙リスト由来。意味は要補充,center_pos=NN; center_pmw=50+,thumb,NN,50+,
add,1919,ton,ton,noun,base,1,,exam,2,center_exam,センター試験語彙リスト由来。意味は要補充,center_pos=NN; center_pmw=50+,ton,NN,50+,
add,1920,tradition,tradition,noun,base,1,,exam,2,center_exam,センター試験語彙リスト由来。意味は要補充,center_pos=NN; center_pmw=50+,tradition,NN,50+,
add,1921,transport,transport,noun,base,1,,exam,2,center_exam,センター試験語彙リスト由来。意味は要補充,center_pos=NN; center_pmw=50+,transport,NN,50+,
add,1922,truth,truth,noun,base,1,,exam,2,center_exam,センター試験語彙リスト由来。意味は要補充,center_pos=NN; center_pmw=50+,truth,NN,50+,
add,1924,tuner,tuner,noun,base,1,,exam,2,center_exam,センター試験語彙リスト由来。意味は要補充,center_pos=NN; center_pmw=50+,tuner,NN,50+,
add,1926,unexpected,unexpected,adjective,base,1,,exam,2,center_exam,センター試験語彙リスト由来。意味は要補充,center_pos=JJ; center_pmw=50+,unexpected,JJ,50+,
add,1928,vote,vote,noun,base,1,,exam,2,center_exam,センター試験語彙リスト由来。意味は要補充,center_pos=NN; center_pmw=50+,vote,NN,50+,
add,1931,wisdom,wisdom,noun,base,1,,exam,2,center_exam,センター試験語彙リスト由来。意味は要補充,center_pos=NN; center_pmw=50+,wisdom,NN,50+,
add,1932,wolf,wolf,noun,base,1,,exam,2,center_exam,センター試験語彙リスト由来。意味は要補充,center_pos=NN; center_pmw=50+,wolf,NN,50+,
add,1934,yell,yell,verb,base,1,,exam,2,center_exam,センター試験語彙リスト由来。意味は要補充,center_pos=VV; center_pmw=50+,yell,VV,50+,
add,1937,absolutely,absolutely,adverb,base,1,,exam,2,center_exam,センター試験語彙リスト由来。意味は要補充,center_pos=RB; center_pmw=10+,absolutely,RB,10+,
add,1938,afford,afford,verb,base,1,,exam,2,center_exam,センター試験語彙リスト由来。意味は要補充,center_pos=VV; center_pmw=10+,afford,VV,10+,
add,1940,afterward,afterward,adverb,base,1,,exam,2,center_exam,センター試験語彙リスト由来。意味は要補充,center_pos=RB; center_pmw=10+,afterward,RB,10+,
add,1941,ancestor,ancestor,noun,base,1,,exam,2,center_exam,センター試験語彙リスト由来。意味は要補充,center_pos=NN; center_pmw=10+,ancestor,NN,10+,
add,1942,angrily,angrily,adverb,base,1,,exam,2,center_exam,センター試験語彙リスト由来。意味は要補充,center_pos=RB; center_pmw=10+,angrily,RB,10+,
add,1943,appeal,appeal,noun,base,1,,exam,2,center_exam,センター試験語彙リスト由来。意味は要補充,center_pos=NN; center_pmw=10+,appeal,NN,10+,
add,1944,article,article,noun,base,1,,exam,2,center_exam,センター試験語彙リスト由来。意味は要補充,center_pos=NN; center_pmw=10+,article,NN,10+,
add,1946,avenue,avenue,noun,base,1,,exam,2,center_exam,センター試験語彙リスト由来。意味は要補充,center_pos=NN; center_pmw=10+,avenue,NN,10+,
add,1947,badly,badly,adverb,base,1,,exam,2,center_exam,センター試験語彙リスト由来。意味は要補充,center_pos=RB; center_pmw=10+,badly,RB,10+,
add,1948,baggage,baggage,noun,base,1,,exam,2,center_exam,センター試験語彙リスト由来。意味は要補充,center_pos=NN; center_pmw=10+,baggage,NN,10+,
add,1949,barbecue,barbecue,noun,base,1,,exam,2,center_exam,センター試験語彙リスト由来。意味は要補充,center_pos=NN; center_pmw=10+,barbecue,NN,10+,
add,1950,boss,boss,noun,base,1,,exam,2,center_exam,センター試験語彙リスト由来。意味は要補充,center_pos=NN; center_pmw=10+,boss,NN,10+,
add,1952,budget,budget,noun,base,1,,exam,2,center_exam,センター試験語彙リスト由来。意味は要補充,center_pos=NN; center_pmw=10+,budget,NN,10+,
add,1953,cal,cal,adjective,base,1,,exam,2,center_exam,センター試験語彙リスト由来。意味は要補充,center_pos=JJ; center_pmw=10+,cal,JJ,10+,
add,1955,careless,careless,adjective,base,1,,exam,2,center_exam,センター試験語彙リスト由来。意味は要補充,center_pos=JJ; center_pmw=10+,careless,JJ,10+,
add,1956,cassette,cassette,noun,base,1,,exam,2,center_exam,センター試験語彙リスト由来。意味は要補充,center_pos=NN; center_pmw=10+,cassette,NN,10+,
add,1957,charge,charge,noun,base,1,,exam,2,center_exam,センター試験語彙リスト由来。意味は要補充,center_pos=NN; center_pmw=10+,charge,NN,10+,
add,1958,chart,chart,noun,base,1,,exam,2,center_exam,センター試験語彙リスト由来。意味は要補充,center_pos=NN; center_pmw=10+,chart,NN,10+,
add,1961,consideration,consideration,noun,base,1,,exam,2,center_exam,センター試験語彙リスト由来。意味は要補充,center_pos=NN; center_pmw=10+,consideration,NN,10+,
add,1963,credit,credit,noun,base,1,,exam,2,center_exam,センター試験語彙リスト由来。意味は要補充,center_pos=NN; center_pmw=10+,credit,NN,10+,
add,1964,crime,crime,noun,base,1,,exam,2,center_exam,センター試験語彙リスト由来。意味は要補充,center_pos=NN; center_pmw=10+,crime,NN,10+,
add,1965,disappear,disappear,verb,base,1,,exam,2,center_exam,センター試験語彙リスト由来。意味は要補充,center_pos=VV; center_pmw=10+,disappear,VV,10+,
add,1966,disco,disco,noun,base,1,,exam,2,center_exam,センター試験語彙リスト由来。意味は要補充,center_pos=NN; center_pmw=10+,disco,NN,10+,
add,1967,discourage,discourage,verb,base,1,,exam,2,center_exam,センター試験語彙リスト由来。意味は要補充,center_pos=VV; center_pmw=10+,discourage,VV,10+,
add,1968,drug,drug,noun,base,1,,exam,2,center_exam,センター試験語彙リスト由来。意味は要補充,center_pos=NN; center_pmw=10+,drug,NN,10+,
add,1969,eager,eager,adjective,base,1,,exam,2,center_exam,センター試験語彙リスト由来。意味は要補充,center_pos=JJ; center_pmw=10+,eager,JJ,10+,
add,1970,emphasis,emphasis,noun,base,1,,exam,2,center_exam,センター試験語彙リスト由来。意味は要補充,center_pos=NN; center_pmw=10+,emphasis,NN,10+,
add,1972,expand,expand,verb,base,1,,exam,2,center_exam,センター試験語彙リスト由来。意味は要補充,center_pos=VV; center_pmw=10+,expand,VV,10+,
add,1973,explore,explore,verb,base,1,,exam,2,center_exam,センター試験語彙リスト由来。意味は要補充,center_pos=VV; center_pmw=10+,explore,VV,10+,
add,1974,expose,expose,verb,base,1,,exam,2,center_exam,センター試験語彙リスト由来。意味は要補充,center_pos=VV; center_pmw=10+,expose,VV,10+,
add,1975,fidelity,fidelity,noun,base,1,,exam,2,center_exam,センター試験語彙リスト由来。意味は要補充,center_pos=NN; center_pmw=10+,fidelity,NN,10+,
add,1976,financial,financial,adjective,base,1,,exam,2,center_exam,センター試験語彙リスト由来。意味は要補充,center_pos=JJ; center_pmw=10+,financial,JJ,10+,
add,1977,flexible,flexible,adjective,base,1,,exam,2,center_exam,センター試験語彙リスト由来。意味は要補充,center_pos=JJ; center_pmw=10+,flexible,JJ,10+,
add,1979,fry,fry,noun,base,1,,exam,2,center_exam,センター試験語彙リスト由来。意味は要補充,center_pos=NN; center_pmw=10+,fry,NN,10+,
add,1980,german,german,adjective,base,1,,exam,2,center_exam,センター試験語彙リスト由来。意味は要補充,center_pos=JJ; center_pmw=10+,german,JJ,10+,
add,1981,goose,goose,noun,base,1,,exam,2,center_exam,センター試験語彙リスト由来。意味は要補充,center_pos=NN; center_pmw=10+,goose,NN,10+,
add,1984,greenhouse,greenhouse,noun,base,1,,exam,2,center_exam,センター試験語彙リスト由来。意味は要補充,center_pos=NN; center_pmw=10+,greenhouse,NN,10+,
add,1985,harmful,harmful,adjective,base,1,,exam,2,center_exam,センター試験語彙リスト由来。意味は要補充,center_pos=JJ; center_pmw=10+,harmful,JJ,10+,
add,1986,inch,inch,noun,base,1,,exam,2,center_exam,センター試験語彙リスト由来。意味は要補充,center_pos=NN; center_pmw=10+,inch,NN,10+,
add,1987,index,index,noun,base,1,,exam,2,center_exam,センター試験語彙リスト由来。意味は要補充,center_pos=NN; center_pmw=10+,index,NN,10+,
add,1988,inform,inform,verb,base,1,,exam,2,center_exam,センター試験語彙リスト由来。意味は要補充,center_pos=VV; center_pmw=10+,inform,VV,10+,
add,1989,inner,inner,adjective,base,1,,exam,2,center_exam,センター試験語彙リスト由来。意味は要補充,center_pos=JJ; center_pmw=10+,inner,JJ,10+,
add,1990,intend,intend,verb,base,1,,exam,2,center_exam,センター試験語彙リスト由来。意味は要補充,center_pos=VV; center_pmw=10+,intend,VV,10+,
add,1991,interact,interact,verb,base,1,,exam,2,center_exam,センター試験語彙リスト由来。意味は要補充,center_pos=VV; center_pmw=10+,interact,VV,10+,
add,1992,interrupt,interrupt,verb,base,1,,exam,2,center_exam,センター試験語彙リスト由来。意味は要補充,center_pos=VV; center_pmw=10+,interrupt,VV,10+,
add,1993,introduction,introduction,noun,base,1,,exam,2,center_exam,センター試験語彙リスト由来。意味は要補充,center_pos=NN; center_pmw=10+,introduction,NN,10+,
add,1995,jean,jean,noun,base,1,,exam,2,center_exam,センター試験語彙リスト由来。意味は要補充,center_pos=NN; center_pmw=10+,jean,NN,10+,
add,1998,kite,kite,noun,base,1,,exam,2,center_exam,センター試験語彙リスト由来。意味は要補充,center_pos=NN; center_pmw=10+,kite,NN,10+,
add,2000,launch,launch,noun,base,1,,exam,2,center_exam,センター試験語彙リスト由来。意味は要補充,center_pos=NN; center_pmw=10+,launch,NN,10+,
add,2001,learner,learner,noun,base,1,,exam,2,center_exam,センター試験語彙リスト由来。意味は要補充,center_pos=NN; center_pmw=10+,learner,NN,10+,
add,2002,lifestyle,lifestyle,noun,base,1,,exam,2,center_exam,センター試験語彙リスト由来。意味は要補充,center_pos=NN; center_pmw=10+,lifestyle,NN,10+,
add,2003,management,management,noun,base,1,,exam,2,center_exam,センター試験語彙リスト由来。意味は要補充,center_pos=NN; center_pmw=10+,management,NN,10+,
add,2004,manner,manner,noun,base,1,,exam,2,center_exam,センター試験語彙リスト由来。意味は要補充,center_pos=NN; center_pmw=10+,manner,NN,10+,
add,2005,manufacture,manufacture,noun,base,1,,exam,2,center_exam,センター試験語彙リスト由来。意味は要補充,center_pos=NN; center_pmw=10+,manufacture,NN,10+,
add,2006,mat,mat,noun,base,1,,exam,2,center_exam,センター試験語彙リスト由来。意味は要補充,center_pos=NN; center_pmw=10+,mat,NN,10+,
add,2007,miserable,miserable,adjective,base,1,,exam,2,center_exam,センター試験語彙リスト由来。意味は要補充,center_pos=JJ; center_pmw=10+,miserable,JJ,10+,
add,2008,neat,neat,adjective,base,1,,exam,2,center_exam,センター試験語彙リスト由来。意味は要補充,center_pos=JJ; center_pmw=10+,neat,JJ,10+,
add,2009,nod,nod,noun,base,1,,exam,2,center_exam,センター試験語彙リスト由来。意味は要補充,center_pos=NN; center_pmw=10+,nod,NN,10+,
add,2010,non,non,adjective,base,1,,exam,2,center_exam,センター試験語彙リスト由来。意味は要補充,center_pos=JJ; center_pmw=10+,non,JJ,10+,
add,2012,occasion,occasion,noun,base,1,,exam,2,center_exam,センター試験語彙リスト由来。意味は要補充,center_pos=NN; center_pmw=10+,occasion,NN,10+,
add,2013,offensive,offensive,adjective,base,1,,exam,2,center_exam,センター試験語彙リスト由来。意味は要補充,center_pos=JJ; center_pmw=10+,offensive,JJ,10+,
add,2014,pack,pack,noun,base,1,,exam,2,center_exam,センター試験語彙リスト由来。意味は要補充,center_pos=NN; center_pmw=10+,pack,NN,10+,
add,2015,pause,pause,noun,base,1,,exam,2,center_exam,センター試験語彙リスト由来。意味は要補充,center_pos=NN; center_pmw=10+,pause,NN,10+,
add,2018,personality,personality,noun,base,1,,exam,2,center_exam,センター試験語彙リスト由来。意味は要補充,center_pos=NN; center_pmw=10+,personality,NN,10+,
add,2022,possibly,possibly,adverb,base,1,,exam,2,center_exam,センター試験語彙リスト由来。意味は要補充,center_pos=RB; center_pmw=10+,possibly,RB,10+,
add,2023,pour,pour,verb,base,1,,exam,2,center_exam,センター試験語彙リスト由来。意味は要補充,center_pos=VV; center_pmw=10+,pour,VV,10+,
add,2025,rarely,rarely,adverb,base,1,,exam,2,center_exam,センター試験語彙リスト由来。意味は要補充,center_pos=RB; center_pmw=10+,rarely,RB,10+,
add,2026,regret,regret,noun,base,1,,exam,2,center_exam,センター試験語彙リスト由来。意味は要補充,center_pos=NN; center_pmw=10+,regret,NN,10+,
add,2027,relatively,relatively,adverb,base,1,,exam,2,center_exam,センター試験語彙リスト由来。意味は要補充,center_pos=RB; center_pmw=10+,relatively,RB,10+,
add,2028,remote,remote,adjective,base,1,,exam,2,center_exam,センター試験語彙リスト由来。意味は要補充,center_pos=JJ; center_pmw=10+,remote,JJ,10+,
add,2030,reproduction,reproduction,noun,base,1,,exam,2,center_exam,センター試験語彙リスト由来。意味は要補充,center_pos=NN; center_pmw=10+,reproduction,NN,10+,
add,2031,responsible,responsible,adjective,base,1,,exam,2,center_exam,センター試験語彙リスト由来。意味は要補充,center_pos=JJ; center_pmw=10+,responsible,JJ,10+,
add,2032,robot,robot,noun,base,1,,exam,2,center_exam,センター試験語彙リスト由来。意味は要補充,center_pos=NN; center_pmw=10+,robot,NN,10+,
add,2034,scream,scream,noun,base,1,,exam,2,center_exam,センター試験語彙リスト由来。意味は要補充,center_pos=NN; center_pmw=10+,scream,NN,10+,
add,2035,selection,selection,noun,base,1,,exam,2,center_exam,センター試験語彙リスト由来。意味は要補充,center_pos=NN; center_pmw=10+,selection,NN,10+,
add,2037,shore,shore,noun,base,1,,exam,2,center_exam,センター試験語彙リスト由来。意味は要補充,center_pos=NN; center_pmw=10+,shore,NN,10+,
add,2038,significant,significant,adjective,base,1,,exam,2,center_exam,センター試験語彙リスト由来。意味は要補充,center_pos=JJ; center_pmw=10+,significant,JJ,10+,
add,2039,southern,southern,adjective,base,1,,exam,2,center_exam,センター試験語彙リスト由来。意味は要補充,center_pos=JJ; center_pmw=10+,southern,JJ,10+,
add,2040,specialize,specialize,verb,base,1,,exam,2,center_exam,センター試験語彙リスト由来。意味は要補充,center_pos=VV; center_pmw=10+,specialize,VV,10+,
add,2041,spill,spill,noun,base,1,,exam,2,center_exam,センター試験語彙リスト由来。意味は要補充,center_pos=NN; center_pmw=10+,spill,NN,10+,
add,2042,spoil,spoil,noun,base,1,,exam,2,center_exam,センター試験語彙リスト由来。意味は要補充,center_pos=NN; center_pmw=10+,spoil,NN,10+,
add,2043,stable,stable,adjective,base,1,,exam,2,center_exam,センター試験語彙リスト由来。意味は要補充,center_pos=JJ; center_pmw=10+,stable,JJ,10+,
add,2044,stick,stick,verb,base,1,,exam,2,center_exam,センター試験語彙リスト由来。意味は要補充,center_pos=VV; center_pmw=10+,stick,VV,10+,
add,2045,stomach,stomach,noun,base,1,,exam,2,center_exam,センター試験語彙リスト由来。意味は要補充,center_pos=NN; center_pmw=10+,stomach,NN,10+,
add,2046,strengthen,strengthen,verb,base,1,,exam,2,center_exam,センター試験語彙リスト由来。意味は要補充,center_pos=VV; center_pmw=10+,strengthen,VV,10+,
add,2047,surprisingly,surprisingly,adverb,base,1,,exam,2,center_exam,センター試験語彙リスト由来。意味は要補充,center_pos=RB; center_pmw=10+,surprisingly,RB,10+,
add,2052,trust,trust,noun,base,1,,exam,2,center_exam,センター試験語彙リスト由来。意味は要補充,center_pos=NN; center_pmw=10+,trust,NN,10+,
add,2053,uncomfortable,uncomfortable,adjective,base,1,,exam,2,center_exam,センター試験語彙リスト由来。意味は要補充,center_pos=JJ; center_pmw=10+,uncomfortable,JJ,10+,
add,2054,universal,universal,adjective,base,1,,exam,2,center_exam,センター試験語彙リスト由来。意味は要補充,center_pos=JJ; center_pmw=10+,universal,JJ,10+,
add,2055,user,user,noun,base,1,,exam,2,center_exam,センター試験語彙リスト由来。意味は要補充,center_pos=NN; center_pmw=10+,user,NN,10+,
add,2056,vision,vision,noun,base,1,,exam,2,center_exam,センター試験語彙リスト由来。意味は要補充,center_pos=NN; center_pmw=10+,vision,NN,10+,
add,2057,wax,wax,noun,base,1,,exam,2,center_exam,センター試験語彙リスト由来。意味は要補充,center_pos=NN; center_pmw=10+,wax,NN,10+,
add,2058,website,website,noun,base,1,,exam,2,center_exam,センター試験語彙リスト由来。意味は要補充,center_pos=NN; center_pmw=10+,website,NN,10+,
add,2059,wheel,wheel,noun,base,1,,exam,2,center_exam,センター試験語彙リスト由来。意味は要補充,center_pos=NN; center_pmw=10+,wheel,NN,10+,
add,2061,wise,wise,adjective,base,1,,exam,2,center_exam,センター試験語彙リスト由来。意味は要補充,center_pos=JJ; center_pmw=10+,wise,JJ,10+,
add,2062,wooden,wooden,adjective,base,1,,exam,2,center_exam,センター試験語彙リスト由来。意味は要補充,center_pos=JJ; center_pmw=10+,wooden,JJ,10+,
add,2063,worldwide,worldwide,adverb,base,1,,exam,2,center_exam,センター試験語彙リスト由来。意味は要補充,center_pos=RB; center_pmw=10+,worldwide,RB,10+,
add,2064,youngster,youngster,noun,base,1,,exam,2,center_exam,センター試験語彙リスト由来。意味は要補充,center_pos=NN; center_pmw=10+,youngster,NN,10+,
add,2065,adapt,adapt,verb,base,1,,exam,2,center_exam,センター試験語彙リスト由来。意味は要補充,center_pos=VV; center_pmw=10+,adapt,VV,10+,
add,2066,additional,additional,adjective,base,1,,exam,2,center_exam,センター試験語彙リスト由来。意味は要補充,center_pos=JJ; center_pmw=10+,additional,JJ,10+,
add,2067,adopt,adopt,verb,base,1,,exam,2,center_exam,センター試験語彙リスト由来。意味は要補充,center_pos=VV; center_pmw=10+,adopt,VV,10+,
add,2068,adventure,adventure,noun,base,1,,exam,2,center_exam,センター試験語彙リスト由来。意味は要補充,center_pos=NN; center_pmw=10+,adventure,NN,10+,
add,2069,advertisement,advertisement,noun,base,1,,exam,2,center_exam,センター試験語彙リスト由来。意味は要補充,center_pos=NN; center_pmw=10+,advertisement,NN,10+,
add,2070,alike,alike,adverb,base,1,,exam,2,center_exam,センター試験語彙リスト由来。意味は要補充,center_pos=RB; center_pmw=10+,alike,RB,10+,
add,2071,amusement,amusement,noun,base,1,,exam,2,center_exam,センター試験語彙リスト由来。意味は要補充,center_pos=NN; center_pmw=10+,amusement,NN,10+,
add,2073,ape,ape,noun,base,1,,exam,2,center_exam,センター試験語彙リスト由来。意味は要補充,center_pos=NN; center_pmw=10+,ape,NN,10+,
add,2074,application,application,noun,base,1,,exam,2,center_exam,センター試験語彙リスト由来。意味は要補充,center_pos=NN; center_pmw=10+,application,NN,10+,
add,2076,athlete,athlete,noun,base,1,,exam,2,center_exam,センター試験語彙リスト由来。意味は要補充,center_pos=NN; center_pmw=10+,athlete,NN,10+,
add,2077,attach,attach,verb,base,1,,exam,2,center_exam,センター試験語彙リスト由来。意味は要補充,center_pos=VV; center_pmw=10+,attach,VV,10+,
add,2078,backpack,backpack,noun,base,1,,exam,2,center_exam,センター試験語彙リスト由来。意味は要補充,center_pos=NN; center_pmw=10+,backpack,NN,10+,
add,2080,barn,barn,noun,base,1,,exam,2,center_exam,センター試験語彙リスト由来。意味は要補充,center_pos=NN; center_pmw=10+,barn,NN,10+,
add,2085,boot,boot,noun,base,1,,exam,2,center_exam,センター試験語彙リスト由来。意味は要補充,center_pos=NN; center_pmw=10+,boot,NN,10+,
add,2088,burst,burst,noun,base,1,,exam,2,center_exam,センター試験語彙リスト由来。意味は要補充,center_pos=NN; center_pmw=10+,burst,NN,10+,
add,2089,bushy,bushy,adjective,base,1,,exam,2,center_exam,センター試験語彙リスト由来。意味は要補充,center_pos=JJ; center_pmw=10+,bushy,JJ,10+,
add,2093,cancel,cancel,verb,base,1,,exam,2,center_exam,センター試験語彙リスト由来。意味は要補充,center_pos=VV; center_pmw=10+,cancel,VV,10+,
add,2095,career,career,noun,base,1,,exam,2,center_exam,センター試験語彙リスト由来。意味は要補充,center_pos=NN; center_pmw=10+,career,NN,10+,
add,2096,carpenter,carpenter,noun,base,1,,exam,2,center_exam,センター試験語彙リスト由来。意味は要補充,center_pos=NN; center_pmw=10+,carpenter,NN,10+,
add,2097,characteristic,characteristic,adjective,base,1,,exam,2,center_exam,センター試験語彙リスト由来。意味は要補充,center_pos=JJ; center_pmw=10+,characteristic,JJ,10+,
add,2098,classical,classical,adjective,base,1,,exam,2,center_exam,センター試験語彙リスト由来。意味は要補充,center_pos=JJ; center_pmw=10+,classical,JJ,10+,
add,2099,comfort,comfort,noun,base,1,,exam,2,center_exam,センター試験語彙リスト由来。意味は要補充,center_pos=NN; center_pmw=10+,comfort,NN,10+,
add,2100,compete,compete,verb,base,1,,exam,2,center_exam,センター試験語彙リスト由来。意味は要補充,center_pos=VV; center_pmw=10+,compete,VV,10+,
add,2101,conference,conference,noun,base,1,,exam,2,center_exam,センター試験語彙リスト由来。意味は要補充,center_pos=NN; center_pmw=10+,conference,NN,10+,
add,2102,conscious,conscious,adjective,base,1,,exam,2,center_exam,センター試験語彙リスト由来。意味は要補充,center_pos=JJ; center_pmw=10+,conscious,JJ,10+,
add,2103,consist,consist,verb,base,1,,exam,2,center_exam,センター試験語彙リスト由来。意味は要補充,center_pos=VVP; center_pmw=10+,consist,VVP,10+,
add,2104,constantly,constantly,adverb,base,1,,exam,2,center_exam,センター試験語彙リスト由来。意味は要補充,center_pos=RB; center_pmw=10+,constantly,RB,10+,
add,2105,continent,continent,noun,base,1,,exam,2,center_exam,センター試験語彙リスト由来。意味は要補充,center_pos=NN; center_pmw=10+,continent,NN,10+,
add,2106,cooperation,cooperation,noun,base,1,,exam,2,center_exam,センター試験語彙リスト由来。意味は要補充,center_pos=NN; center_pmw=10+,cooperation,NN,10+,
add,2107,core,core,noun,base,1,,exam,2,center_exam,センター試験語彙リスト由来。意味は要補充,center_pos=NN; center_pmw=10+,core,NN,10+,
add,2109,counter,counter,noun,base,1,,exam,2,center_exam,センター試験語彙リスト由来。意味は要補充,center_pos=NN; center_pmw=10+,counter,NN,10+,
add,2111,creative,creative,adjective,base,1,,exam,2,center_exam,センター試験語彙リスト由来。意味は要補充,center_pos=JJ; center_pmw=10+,creative,JJ,10+,
add,2112,curry,curry,verb,base,1,,exam,2,center_exam,センター試験語彙リスト由来。意味は要補充,center_pos=VV; center_pmw=10+,curry,VV,10+,
add,2113,darkness,darkness,noun,base,1,,exam,2,center_exam,センター試験語彙リスト由来。意味は要補充,center_pos=NN; center_pmw=10+,darkness,NN,10+,
add,2114,debt,debt,noun,base,1,,exam,2,center_exam,センター試験語彙リスト由来。意味は要補充,center_pos=NN; center_pmw=10+,debt,NN,10+,
add,2115,deliver,deliver,verb,base,1,,exam,2,center_exam,センター試験語彙リスト由来。意味は要補充,center_pos=VV; center_pmw=10+,deliver,VV,10+,
add,2117,description,description,noun,base,1,,exam,2,center_exam,センター試験語彙リスト由来。意味は要補充,center_pos=NN; center_pmw=10+,description,NN,10+,
add,2119,destruction,destruction,noun,base,1,,exam,2,center_exam,センター試験語彙リスト由来。意味は要補充,center_pos=NN; center_pmw=10+,destruction,NN,10+,
add,2120,diver,diver,noun,base,1,,exam,2,center_exam,センター試験語彙リスト由来。意味は要補充,center_pos=NN; center_pmw=10+,diver,NN,10+,
add,2122,edge,edge,noun,base,1,,exam,2,center_exam,センター試験語彙リスト由来。意味は要補充,center_pos=NN; center_pmw=10+,edge,NN,10+,
add,2125,entirely,entirely,adverb,base,1,,exam,2,center_exam,センター試験語彙リスト由来。意味は要補充,center_pos=RB; center_pmw=10+,entirely,RB,10+,
add,2126,envelope,envelope,noun,base,1,,exam,2,center_exam,センター試験語彙リスト由来。意味は要補充,center_pos=NN; center_pmw=10+,envelope,NN,10+,
add,2127,fairtrade,fairtrade,noun,base,1,,exam,2,center_exam,センター試験語彙リスト由来。意味は要補充,center_pos=NN; center_pmw=10+,fairtrade,NN,10+,
add,2128,fare,fare,noun,base,1,,exam,2,center_exam,センター試験語彙リスト由来。意味は要補充,center_pos=NN; center_pmw=10+,fare,NN,10+,
add,2132,gene,gene,noun,base,1,,exam,2,center_exam,センター試験語彙リスト由来。意味は要補充,center_pos=NN; center_pmw=10+,gene,NN,10+,
add,2133,harm,harm,noun,base,1,,exam,2,center_exam,センター試験語彙リスト由来。意味は要補充,center_pos=NN; center_pmw=10+,harm,NN,10+,
add,2134,helper,helper,noun,base,1,,exam,2,center_exam,センター試験語彙リスト由来。意味は要補充,center_pos=NN; center_pmw=10+,helper,NN,10+,
add,2135,historical,historical,adjective,base,1,,exam,2,center_exam,センター試験語彙リスト由来。意味は要補充,center_pos=JJ; center_pmw=10+,historical,JJ,10+,
add,2139,hunter,hunter,noun,base,1,,exam,2,center_exam,センター試験語彙リスト由来。意味は要補充,center_pos=NN; center_pmw=10+,hunter,NN,10+,
add,2140,identity,identity,noun,base,1,,exam,2,center_exam,センター試験語彙リスト由来。意味は要補充,center_pos=NN; center_pmw=10+,identity,NN,10+,
add,2141,income,income,noun,base,1,,exam,2,center_exam,センター試験語彙リスト由来。意味は要補充,center_pos=NN; center_pmw=10+,income,NN,10+,
add,2142,incorrect,incorrect,adjective,base,1,,exam,2,center_exam,センター試験語彙リスト由来。意味は要補充,center_pos=JJ; center_pmw=10+,incorrect,JJ,10+,
add,2148,lamp,lamp,noun,base,1,,exam,2,center_exam,センター試験語彙リスト由来。意味は要補充,center_pos=NN; center_pmw=10+,lamp,NN,10+,
add,2150,listener,listener,noun,base,1,,exam,2,center_exam,センター試験語彙リスト由来。意味は要補充,center_pos=NN; center_pmw=10+,listener,NN,10+,
add,2151,loan,loan,noun,base,1,,exam,2,center_exam,センター試験語彙リスト由来。意味は要補充,center_pos=NN; center_pmw=10+,loan,NN,10+,
add,2152,logic,logic,noun,base,1,,exam,2,center_exam,センター試験語彙リスト由来。意味は要補充,center_pos=NN; center_pmw=10+,logic,NN,10+,
add,2155,magic,magic,adjective,base,1,,exam,2,center_exam,センター試験語彙リスト由来。意味は要補充,center_pos=JJ; center_pmw=10+,magic,JJ,10+,
add,2156,merely,merely,adverb,base,1,,exam,2,center_exam,センター試験語彙リスト由来。意味は要補充,center_pos=RB; center_pmw=10+,merely,RB,10+,
add,2157,mid,mid,adjective,base,1,,exam,2,center_exam,センター試験語彙リスト由来。意味は要補充,center_pos=JJ; center_pmw=10+,mid,JJ,10+,
add,2159,mosquito,mosquito,noun,base,1,,exam,2,center_exam,センター試験語彙リスト由来。意味は要補充,center_pos=NN; center_pmw=10+,mosquito,NN,10+,
add,2160,narrow,narrow,adjective,base,1,,exam,2,center_exam,センター試験語彙リスト由来。意味は要補充,center_pos=JJ; center_pmw=10+,narrow,JJ,10+,
add,2162,normally,normally,adverb,base,1,,exam,2,center_exam,センター試験語彙リスト由来。意味は要補充,center_pos=RB; center_pmw=10+,normally,RB,10+,
add,2163,northern,northern,adjective,base,1,,exam,2,center_exam,センター試験語彙リスト由来。意味は要補充,center_pos=JJ; center_pmw=10+,northern,JJ,10+,
add,2164,novel,novel,noun,base,1,,exam,2,center_exam,センター試験語彙リスト由来。意味は要補充,center_pos=NN; center_pmw=10+,novel,NN,10+,
add,2165,nuclear,nuclear,adjective,base,1,,exam,2,center_exam,センター試験語彙リスト由来。意味は要補充,center_pos=JJ; center_pmw=10+,nuclear,JJ,10+,
add,2166,observation,observation,noun,base,1,,exam,2,center_exam,センター試験語彙リスト由来。意味は要補充,center_pos=NN; center_pmw=10+,observation,NN,10+,
add,2167,obviously,obviously,adverb,base,1,,exam,2,center_exam,センター試験語彙リスト由来。意味は要補充,center_pos=RB; center_pmw=10+,obviously,RB,10+,
add,2168,origin,origin,noun,base,1,,exam,2,center_exam,センター試験語彙リスト由来。意味は要補充,center_pos=NN; center_pmw=10+,origin,NN,10+,
add,2169,originally,originally,adverb,base,1,,exam,2,center_exam,センター試験語彙リスト由来。意味は要補充,center_pos=RB; center_pmw=10+,originally,RB,10+,
add,2173,participant,participant,noun,base,1,,exam,2,center_exam,センター試験語彙リスト由来。意味は要補充,center_pos=NN; center_pmw=10+,participant,NN,10+,
add,2174,partly,partly,adverb,base,1,,exam,2,center_exam,センター試験語彙リスト由来。意味は要補充,center_pos=RB; center_pmw=10+,partly,RB,10+,
add,2177,perfectly,perfectly,adverb,base,1,,exam,2,center_exam,センター試験語彙リスト由来。意味は要補充,center_pos=RB; center_pmw=10+,perfectly,RB,10+,
add,2178,permission,permission,noun,base,1,,exam,2,center_exam,センター試験語彙リスト由来。意味は要補充,center_pos=NN; center_pmw=10+,permission,NN,10+,
add,2179,permit,permit,verb,base,1,,exam,2,center_exam,センター試験語彙リスト由来。意味は要補充,center_pos=VV; center_pmw=10+,permit,VV,10+,
add,2180,perspective,perspective,noun,base,1,,exam,2,center_exam,センター試験語彙リスト由来。意味は要補充,center_pos=NN; center_pmw=10+,perspective,NN,10+,
add,2182,poison,poison,noun,base,1,,exam,2,center_exam,センター試験語彙リスト由来。意味は要補充,center_pos=NN; center_pmw=10+,poison,NN,10+,
add,2183,polite,polite,adjective,base,1,,exam,2,center_exam,センター試験語彙リスト由来。意味は要補充,center_pos=JJ; center_pmw=10+,polite,JJ,10+,
add,2184,predict,predict,verb,base,1,,exam,2,center_exam,センター試験語彙リスト由来。意味は要補充,center_pos=VVP; center_pmw=10+,predict,VVP,10+,
add,2185,purchase,purchase,noun,base,1,,exam,2,center_exam,センター試験語彙リスト由来。意味は要補充,center_pos=NN; center_pmw=10+,purchase,NN,10+,
add,2186,pursue,pursue,verb,base,1,,exam,2,center_exam,センター試験語彙リスト由来。意味は要補充,center_pos=VV; center_pmw=10+,pursue,VV,10+,
add,2188,rapid,rapid,adjective,base,1,,exam,2,center_exam,センター試験語彙リスト由来。意味は要補充,center_pos=JJ; center_pmw=10+,rapid,JJ,10+,
add,2190,reaction,reaction,noun,base,1,,exam,2,center_exam,センター試験語彙リスト由来。意味は要補充,center_pos=NN; center_pmw=10+,reaction,NN,10+,
add,2191,reader,reader,noun,base,1,,exam,2,center_exam,センター試験語彙リスト由来。意味は要補充,center_pos=NN; center_pmw=10+,reader,NN,10+,
add,2192,recipe,recipe,noun,base,1,,exam,2,center_exam,センター試験語彙リスト由来。意味は要補充,center_pos=NN; center_pmw=10+,recipe,NN,10+,
add,2193,regularly,regularly,adverb,base,1,,exam,2,center_exam,センター試験語彙リスト由来。意味は要補充,center_pos=RB; center_pmw=10+,regularly,RB,10+,
add,2194,reproduce,reproduce,verb,base,1,,exam,2,center_exam,センター試験語彙リスト由来。意味は要補充,center_pos=VV; center_pmw=10+,reproduce,VV,10+,
add,2195,respectively,respectively,adverb,base,1,,exam,2,center_exam,センター試験語彙リスト由来。意味は要補充,center_pos=RB; center_pmw=10+,respectively,RB,10+,
add,2196,rhyme,rhyme,noun,base,1,,exam,2,center_exam,センター試験語彙リスト由来。意味は要補充,center_pos=NN; center_pmw=10+,rhyme,NN,10+,
add,2197,rob,rob,verb,base,1,,exam,2,center_exam,センター試験語彙リスト由来。意味は要補充,center_pos=VV; center_pmw=10+,rob,VV,10+,
add,2199,scratch,scratch,noun,base,1,,exam,2,center_exam,センター試験語彙リスト由来。意味は要補充,center_pos=NN; center_pmw=10+,scratch,NN,10+,
add,2201,series,series,noun,base,1,,exam,2,center_exam,センター試験語彙リスト由来。意味は要補充,center_pos=NN; center_pmw=10+,series,NN,10+,
add,2203,shortage,shortage,noun,base,1,,exam,2,center_exam,センター試験語彙リスト由来。意味は要補充,center_pos=NN; center_pmw=10+,shortage,NN,10+,
add,2206,smart,smart,adjective,base,1,,exam,2,center_exam,センター試験語彙リスト由来。意味は要補充,center_pos=JJ; center_pmw=10+,smart,JJ,10+,
add,2207,solid,solid,adjective,base,1,,exam,2,center_exam,センター試験語彙リスト由来。意味は要補充,center_pos=JJ; center_pmw=10+,solid,JJ,10+,
add,2210,somehow,somehow,adverb,base,1,,exam,2,center_exam,センター試験語彙リスト由来。意味は要補充,center_pos=RB; center_pmw=10+,somehow,RB,10+,
add,2211,somewhat,somewhat,adverb,base,1,,exam,2,center_exam,センター試験語彙リスト由来。意味は要補充,center_pos=RB; center_pmw=10+,somewhat,RB,10+,
add,2212,specialist,specialist,noun,base,1,,exam,2,center_exam,センター試験語彙リスト由来。意味は要補充,center_pos=NN; center_pmw=10+,specialist,NN,10+,
add,2214,steel,steel,noun,base,1,,exam,2,center_exam,センター試験語彙リスト由来。意味は要補充,center_pos=NN; center_pmw=10+,steel,NN,10+,
add,2216,swimmer,swimmer,noun,base,1,,exam,2,center_exam,センター試験語彙リスト由来。意味は要補充,center_pos=NN; center_pmw=10+,swimmer,NN,10+,
add,2217,swing,swing,noun,base,1,,exam,2,center_exam,センター試験語彙リスト由来。意味は要補充,center_pos=NN; center_pmw=10+,swing,NN,10+,
add,2218,symphony,symphony,noun,base,1,,exam,2,center_exam,センター試験語彙リスト由来。意味は要補充,center_pos=NN; center_pmw=10+,symphony,NN,10+,
add,2219,teen,teen,adjective,base,1,,exam,2,center_exam,センター試験語彙リスト由来。意味は要補充,center_pos=JJ; center_pmw=10+,teen,JJ,10+,
add,2220,terribly,terribly,adverb,base,1,,exam,2,center_exam,センター試験語彙リスト由来。意味は要補充,center_pos=RB; center_pmw=10+,terribly,RB,10+,
add,2222,threaten,threaten,verb,base,1,,exam,2,center_exam,センター試験語彙リスト由来。意味は要補充,center_pos=VV; center_pmw=10+,threaten,VV,10+,
add,2225,totally,totally,adverb,base,1,,exam,2,center_exam,センター試験語彙リスト由来。意味は要補充,center_pos=RB; center_pmw=10+,totally,RB,10+,
add,2226,tourism,tourism,noun,base,1,,exam,2,center_exam,センター試験語彙リスト由来。意味は要補充,center_pos=NN; center_pmw=10+,tourism,NN,10+,
add,2228,unpleasant,unpleasant,adjective,base,1,,exam,2,center_exam,センター試験語彙リスト由来。意味は要補充,center_pos=JJ; center_pmw=10+,unpleasant,JJ,10+,
add,2229,upper,upper,adjective,base,1,,exam,2,center_exam,センター試験語彙リスト由来。意味は要補充,center_pos=JJ; center_pmw=10+,upper,JJ,10+,
add,2230,victim,victim,noun,base,1,,exam,2,center_exam,センター試験語彙リスト由来。意味は要補充,center_pos=NN; center_pmw=10+,victim,NN,10+,
add,2231,vitamin,vitamin,noun,base,1,,exam,2,center_exam,センター試験語彙リスト由来。意味は要補充,center_pos=NN; center_pmw=10+,vitamin,NN,10+,
add,2232,volcano,volcano,noun,base,1,,exam,2,center_exam,センター試験語彙リスト由来。意味は要補充,center_pos=NN; center_pmw=10+,volcano,NN,10+,
add,2233,volume,volume,noun,base,1,,exam,2,center_exam,センター試験語彙リスト由来。意味は要補充,center_pos=NN; center_pmw=10+,volume,NN,10+,
add,2234,walker,walker,noun,base,1,,exam,2,center_exam,センター試験語彙リスト由来。意味は要補充,center_pos=NN; center_pmw=10+,walker,NN,10+,
add,2235,warning,warning,noun,base,1,,exam,2,center_exam,センター試験語彙リスト由来。意味は要補充,center_pos=NN; center_pmw=10+,warning,NN,10+,
add,2238,absorb,absorb,verb,base,1,,exam,2,center_exam,センター試験語彙リスト由来。意味は要補充,center_pos=VV; center_pmw=10+,absorb,VV,10+,
add,2239,accordingly,accordingly,adverb,base,1,,exam,2,center_exam,センター試験語彙リスト由来。意味は要補充,center_pos=RB; center_pmw=10+,accordingly,RB,10+,
add,2240,acquire,acquire,verb,base,1,,exam,2,center_exam,センター試験語彙リスト由来。意味は要補充,center_pos=VV; center_pmw=10+,acquire,VV,10+,
add,2242,aid,aid,noun,base,1,,exam,2,center_exam,センター試験語彙リスト由来。意味は要補充,center_pos=NN; center_pmw=10+,aid,NN,10+,
add,2243,aisle,aisle,noun,base,1,,exam,2,center_exam,センター試験語彙リスト由来。意味は要補充,center_pos=NN; center_pmw=10+,aisle,NN,10+,
add,2244,alive,alive,adjective,base,1,,exam,2,center_exam,センター試験語彙リスト由来。意味は要補充,center_pos=JJ; center_pmw=10+,alive,JJ,10+,
add,2245,amaze,amaze,noun,base,1,,exam,2,center_exam,センター試験語彙リスト由来。意味は要補充,center_pos=NN; center_pmw=10+,amaze,NN,10+,
add,2246,amuse,amuse,verb,base,1,,exam,2,center_exam,センター試験語彙リスト由来。意味は要補充,center_pos=VVP; center_pmw=10+,amuse,VVP,10+,
add,2247,annual,annual,adjective,base,1,,exam,2,center_exam,センター試験語彙リスト由来。意味は要補充,center_pos=JJ; center_pmw=10+,annual,JJ,10+,
add,2248,antique,antique,adjective,base,1,,exam,2,center_exam,センター試験語彙リスト由来。意味は要補充,center_pos=JJ; center_pmw=10+,antique,JJ,10+,
add,2249,apart,apart,adverb,base,1,,exam,2,center_exam,センター試験語彙リスト由来。意味は要補充,center_pos=RB; center_pmw=10+,apart,RB,10+,
add,2250,apologize,apologize,verb,base,1,,exam,2,center_exam,センター試験語彙リスト由来。意味は要補充,center_pos=VV; center_pmw=10+,apologize,VV,10+,
add,2251,arrival,arrival,noun,base,1,,exam,2,center_exam,センター試験語彙リスト由来。意味は要補充,center_pos=NN; center_pmw=10+,arrival,NN,10+,
add,2252,aside,aside,adverb,base,1,,exam,2,center_exam,センター試験語彙リスト由来。意味は要補充,center_pos=RB; center_pmw=10+,aside,RB,10+,
add,2253,assure,assure,verb,base,1,,exam,2,center_exam,センター試験語彙リスト由来。意味は要補充,center_pos=VV; center_pmw=10+,assure,VV,10+,
add,2254,attendant,attendant,noun,base,1,,exam,2,center_exam,センター試験語彙リスト由来。意味は要補充,center_pos=NN; center_pmw=10+,attendant,NN,10+,
add,2255,barcelona,barcelona,noun,base,1,,exam,2,center_exam,センター試験語彙リスト由来。意味は要補充,center_pos=NN; center_pmw=10+,barcelona,NN,10+,
add,2256,bark,bark,noun,base,1,,exam,2,center_exam,センター試験語彙リスト由来。意味は要補充,center_pos=NN; center_pmw=10+,bark,NN,10+,
add,2257,behave,behave,verb,base,1,,exam,2,center_exam,センター試験語彙リスト由来。意味は要補充,center_pos=VV; center_pmw=10+,behave,VV,10+,
add,2259,bookshelf,bookshelf,noun,base,1,,exam,2,center_exam,センター試験語彙リスト由来。意味は要補充,center_pos=NN; center_pmw=10+,bookshelf,NN,10+,
add,2260,booth,booth,noun,base,1,,exam,2,center_exam,センター試験語彙リスト由来。意味は要補充,center_pos=NN; center_pmw=10+,booth,NN,10+,
add,2261,bream,bream,noun,base,1,,exam,2,center_exam,センター試験語彙リスト由来。意味は要補充,center_pos=NN; center_pmw=10+,bream,NN,10+,
add,2262,bulb,bulb,noun,base,1,,exam,2,center_exam,センター試験語彙リスト由来。意味は要補充,center_pos=NN; center_pmw=10+,bulb,NN,10+,
add,2263,calculate,calculate,verb,base,1,,exam,2,center_exam,センター試験語彙リスト由来。意味は要補充,center_pos=VV; center_pmw=10+,calculate,VV,10+,
add,2264,cancer,cancer,noun,base,1,,exam,2,center_exam,センター試験語彙リスト由来。意味は要補充,center_pos=NN; center_pmw=10+,cancer,NN,10+,
add,2265,cavity,cavity,noun,base,1,,exam,2,center_exam,センター試験語彙リスト由来。意味は要補充,center_pos=NN; center_pmw=10+,cavity,NN,10+,
add,2266,channel,channel,noun,base,1,,exam,2,center_exam,センター試験語彙リスト由来。意味は要補充,center_pos=NN; center_pmw=10+,channel,NN,10+,
add,2267,chase,chase,noun,base,1,,exam,2,center_exam,センター試験語彙リスト由来。意味は要補充,center_pos=NN; center_pmw=10+,chase,NN,10+,
add,2268,cheerful,cheerful,adjective,base,1,,exam,2,center_exam,センター試験語彙リスト由来。意味は要補充,center_pos=JJ; center_pmw=10+,cheerful,JJ,10+,
add,2269,chemical,chemical,noun,base,1,,exam,2,center_exam,センター試験語彙リスト由来。意味は要補充,center_pos=NN; center_pmw=10+,chemical,NN,10+,
add,2270,chemistry,chemistry,noun,base,1,,exam,2,center_exam,センター試験語彙リスト由来。意味は要補充,center_pos=NN; center_pmw=10+,chemistry,NN,10+,
add,2272,click,click,noun,base,1,,exam,2,center_exam,センター試験語彙リスト由来。意味は要補充,center_pos=NN; center_pmw=10+,click,NN,10+,
add,2273,colorful,colorful,adjective,base,1,,exam,2,center_exam,センター試験語彙リスト由来。意味は要補充,center_pos=JJ; center_pmw=10+,colorful,JJ,10+,
add,2274,concentration,concentration,noun,base,1,,exam,2,center_exam,センター試験語彙リスト由来。意味は要補充,center_pos=NN; center_pmw=10+,concentration,NN,10+,
add,2275,considerable,considerable,adjective,base,1,,exam,2,center_exam,センター試験語彙リスト由来。意味は要補充,center_pos=JJ; center_pmw=10+,considerable,JJ,10+,
add,2276,cotton,cotton,noun,base,1,,exam,2,center_exam,センター試験語彙リスト由来。意味は要補充,center_pos=NN; center_pmw=10+,cotton,NN,10+,
add,2277,couch,couch,noun,base,1,,exam,2,center_exam,センター試験語彙リスト由来。意味は要補充,center_pos=NN; center_pmw=10+,couch,NN,10+,
add,2278,cream,cream,noun,base,1,,exam,2,center_exam,センター試験語彙リスト由来。意味は要補充,center_pos=NN; center_pmw=10+,cream,NN,10+,
add,2279,creature,creature,noun,base,1,,exam,2,center_exam,センター試験語彙リスト由来。意味は要補充,center_pos=NN; center_pmw=10+,creature,NN,10+,
add,2280,cricket,cricket,noun,base,1,,exam,2,center_exam,センター試験語彙リスト由来。意味は要補充,center_pos=NN; center_pmw=10+,cricket,NN,10+,
add,2281,crucial,crucial,adjective,base,1,,exam,2,center_exam,センター試験語彙リスト由来。意味は要補充,center_pos=JJ; center_pmw=10+,crucial,JJ,10+,
add,2282,debate,debate,noun,base,1,,exam,2,center_exam,センター試験語彙リスト由来。意味は要補充,center_pos=NN; center_pmw=10+,debate,NN,10+,
add,2283,deck,deck,noun,base,1,,exam,2,center_exam,センター試験語彙リスト由来。意味は要補充,center_pos=NN; center_pmw=10+,deck,NN,10+,
add,2284,deeply,deeply,adverb,base,1,,exam,2,center_exam,センター試験語彙リスト由来。意味は要補充,center_pos=RB; center_pmw=10+,deeply,RB,10+,
add,2285,definitely,definitely,adverb,base,1,,exam,2,center_exam,センター試験語彙リスト由来。意味は要補充,center_pos=RB; center_pmw=10+,definitely,RB,10+,
add,2287,distant,distant,adjective,base,1,,exam,2,center_exam,センター試験語彙リスト由来。意味は要補充,center_pos=JJ; center_pmw=10+,distant,JJ,10+,
add,2288,domestic,domestic,adjective,base,1,,exam,2,center_exam,センター試験語彙リスト由来。意味は要補充,center_pos=JJ; center_pmw=10+,domestic,JJ,10+,
add,2289,dramatically,dramatically,adverb,base,1,,exam,2,center_exam,センター試験語彙リスト由来。意味は要補充,center_pos=RB; center_pmw=10+,dramatically,RB,10+,
add,2293,earthquake,earthquake,noun,base,1,,exam,2,center_exam,センター試験語彙リスト由来。意味は要補充,center_pos=NN; center_pmw=10+,earthquake,NN,10+,
add,2294,ecological,ecological,adjective,base,1,,exam,2,center_exam,センター試験語彙リスト由来。意味は要補充,center_pos=JJ; center_pmw=10+,ecological,JJ,10+,
add,2295,elsewhere,elsewhere,adverb,base,1,,exam,2,center_exam,センター試験語彙リスト由来。意味は要補充,center_pos=RB; center_pmw=10+,elsewhere,RB,10+,
add,2296,emotion,emotion,noun,base,1,,exam,2,center_exam,センター試験語彙リスト由来。意味は要補充,center_pos=NN; center_pmw=10+,emotion,NN,10+,
add,2297,engage,engage,verb,base,1,,exam,2,center_exam,センター試験語彙リスト由来。意味は要補充,center_pos=VV; center_pmw=10+,engage,VV,10+,
add,2298,engine,engine,noun,base,1,,exam,2,center_exam,センター試験語彙リスト由来。意味は要補充,center_pos=NN; center_pmw=10+,engine,NN,10+,
add,2300,exhibit,exhibit,noun,base,1,,exam,2,center_exam,センター試験語彙リスト由来。意味は要補充,center_pos=NN; center_pmw=10+,exhibit,NN,10+,
add,2301,firework,firework,noun,base,1,,exam,2,center_exam,センター試験語彙リスト由来。意味は要補充,center_pos=NN; center_pmw=10+,firework,NN,10+,
add,2305,formal,formal,adjective,base,1,,exam,2,center_exam,センター試験語彙リスト由来。意味は要補充,center_pos=JJ; center_pmw=10+,formal,JJ,10+,
add,2307,freely,freely,adverb,base,1,,exam,2,center_exam,センター試験語彙リスト由来。意味は要補充,center_pos=RB; center_pmw=10+,freely,RB,10+,
add,2309,gesture,gesture,noun,base,1,,exam,2,center_exam,センター試験語彙リスト由来。意味は要補充,center_pos=NN; center_pmw=10+,gesture,NN,10+,
add,2310,giant,giant,noun,base,1,,exam,2,center_exam,センター試験語彙リスト由来。意味は要補充,center_pos=NN; center_pmw=10+,giant,NN,10+,
add,2311,glow,glow,noun,base,1,,exam,2,center_exam,センター試験語彙リスト由来。意味は要補充,center_pos=NN; center_pmw=10+,glow,NN,10+,
add,2313,handicap,handicap,noun,base,1,,exam,2,center_exam,センター試験語彙リスト由来。意味は要補充,center_pos=NN; center_pmw=10+,handicap,NN,10+,
add,2314,heather,heather,adjective,base,1,,exam,2,center_exam,センター試験語彙リスト由来。意味は要補充,center_pos=JJ; center_pmw=10+,heather,JJ,10+,
add,2315,heavily,heavily,adverb,base,1,,exam,2,center_exam,センター試験語彙リスト由来。意味は要補充,center_pos=RB; center_pmw=10+,heavily,RB,10+,
add,2316,hero,hero,noun,base,1,,exam,2,center_exam,センター試験語彙リスト由来。意味は要補充,center_pos=NN; center_pmw=10+,hero,NN,10+,
add,2317,hunting,hunting,noun,base,1,,exam,2,center_exam,センター試験語彙リスト由来。意味は要補充,center_pos=NN; center_pmw=10+,hunting,NN,10+,
add,2318,hurricane,hurricane,noun,base,1,,exam,2,center_exam,センター試験語彙リスト由来。意味は要補充,center_pos=NN; center_pmw=10+,hurricane,NN,10+,
add,2319,imitate,imitate,verb,base,1,,exam,2,center_exam,センター試験語彙リスト由来。意味は要補充,center_pos=VVP; center_pmw=10+,imitate,VVP,10+,
add,2320,ingredient,ingredient,noun,base,1,,exam,2,center_exam,センター試験語彙リスト由来。意味は要補充,center_pos=NN; center_pmw=10+,ingredient,NN,10+,
add,2321,intelligent,intelligent,adjective,base,1,,exam,2,center_exam,センター試験語彙リスト由来。意味は要補充,center_pos=JJ; center_pmw=10+,intelligent,JJ,10+,
add,2325,ladder,ladder,noun,base,1,,exam,2,center_exam,センター試験語彙リスト由来。意味は要補充,center_pos=NN; center_pmw=10+,ladder,NN,10+,
add,2326,lately,lately,adverb,base,1,,exam,2,center_exam,センター試験語彙リスト由来。意味は要補充,center_pos=RB; center_pmw=10+,lately,RB,10+,
add,2327,laurel,laurel,noun,base,1,,exam,2,center_exam,センター試験語彙リスト由来。意味は要補充,center_pos=NN; center_pmw=10+,laurel,NN,10+,
add,2328,lawn,lawn,noun,base,1,,exam,2,center_exam,センター試験語彙リスト由来。意味は要補充,center_pos=NN; center_pmw=10+,lawn,NN,10+,
add,2329,limitation,limitation,noun,base,1,,exam,2,center_exam,センター試験語彙リスト由来。意味は要補充,center_pos=NN; center_pmw=10+,limitation,NN,10+,
add,2330,link,link,noun,base,1,,exam,2,center_exam,センター試験語彙リスト由来。意味は要補充,center_pos=NN; center_pmw=10+,link,NN,10+,
add,2331,luggage,luggage,noun,base,1,,exam,2,center_exam,センター試験語彙リスト由来。意味は要補充,center_pos=NN; center_pmw=10+,luggage,NN,10+,
add,2332,mass,mass,noun,base,1,,exam,2,center_exam,センター試験語彙リスト由来。意味は要補充,center_pos=NN; center_pmw=10+,mass,NN,10+,
add,2333,mathematical,mathematical,adjective,base,1,,exam,2,center_exam,センター試験語彙リスト由来。意味は要補充,center_pos=JJ; center_pmw=10+,mathematical,JJ,10+,
add,2335,mercury,mercury,noun,base,1,,exam,2,center_exam,センター試験語彙リスト由来。意味は要補充,center_pos=NN; center_pmw=10+,mercury,NN,10+,
add,2337,minor,minor,adjective,base,1,,exam,2,center_exam,センター試験語彙リスト由来。意味は要補充,center_pos=JJ; center_pmw=10+,minor,JJ,10+,
add,2338,minuet,minuet,noun,base,1,,exam,2,center_exam,センター試験語彙リスト由来。意味は要補充,center_pos=NN; center_pmw=10+,minuet,NN,10+,
add,2340,nap,nap,noun,base,1,,exam,2,center_exam,センター試験語彙リスト由来。意味は要補充,center_pos=NN; center_pmw=10+,nap,NN,10+,
add,2341,neighborhood,neighborhood,noun,base,1,,exam,2,center_exam,センター試験語彙リスト由来。意味は要補充,center_pos=NN; center_pmw=10+,neighborhood,NN,10+,
add,2342,obvious,obvious,adjective,base,1,,exam,2,center_exam,センター試験語彙リスト由来。意味は要補充,center_pos=JJ; center_pmw=10+,obvious,JJ,10+,
add,2344,operate,operate,verb,base,1,,exam,2,center_exam,センター試験語彙リスト由来。意味は要補充,center_pos=VV; center_pmw=10+,operate,VV,10+,
add,2345,operator,operator,noun,base,1,,exam,2,center_exam,センター試験語彙リスト由来。意味は要補充,center_pos=NN; center_pmw=10+,operator,NN,10+,
add,2346,oppose,oppose,verb,base,1,,exam,2,center_exam,センター試験語彙リスト由来。意味は要補充,center_pos=VVP; center_pmw=10+,oppose,VVP,10+,
add,2347,otherwise,otherwise,adverb,base,1,,exam,2,center_exam,センター試験語彙リスト由来。意味は要補充,center_pos=RB; center_pmw=10+,otherwise,RB,10+,
add,2348,outdoor,outdoor,adjective,base,1,,exam,2,center_exam,センター試験語彙リスト由来。意味は要補充,center_pos=JJ; center_pmw=10+,outdoor,JJ,10+,
add,2349,owe,owe,verb,base,1,,exam,2,center_exam,センター試験語彙リスト由来。意味は要補充,center_pos=VVP; center_pmw=10+,owe,VVP,10+,
add,2350,painful,painful,adjective,base,1,,exam,2,center_exam,センター試験語彙リスト由来。意味は要補充,center_pos=JJ; center_pmw=10+,painful,JJ,10+,
add,2351,peach,peach,noun,base,1,,exam,2,center_exam,センター試験語彙リスト由来。意味は要補充,center_pos=NN; center_pmw=10+,peach,NN,10+,
add,2352,photography,photography,noun,base,1,,exam,2,center_exam,センター試験語彙リスト由来。意味は要補充,center_pos=NN; center_pmw=10+,photography,NN,10+,
add,2354,pitch,pitch,noun,base,1,,exam,2,center_exam,センター試験語彙リスト由来。意味は要補充,center_pos=NN; center_pmw=10+,pitch,NN,10+,
add,2355,plain,plain,adjective,base,1,,exam,2,center_exam,センター試験語彙リスト由来。意味は要補充,center_pos=JJ; center_pmw=10+,plain,JJ,10+,
add,2357,praise,praise,noun,base,1,,exam,2,center_exam,センター試験語彙リスト由来。意味は要補充,center_pos=NN; center_pmw=10+,praise,NN,10+,
add,2358,preparation,preparation,noun,base,1,,exam,2,center_exam,センター試験語彙リスト由来。意味は要補充,center_pos=NN; center_pmw=10+,preparation,NN,10+,
add,2360,previously,previously,adverb,base,1,,exam,2,center_exam,センター試験語彙リスト由来。意味は要補充,center_pos=RB; center_pmw=10+,previously,RB,10+,
add,2361,priest,priest,noun,base,1,,exam,2,center_exam,センター試験語彙リスト由来。意味は要補充,center_pos=NN; center_pmw=10+,priest,NN,10+,
add,2363,programmer,programmer,noun,base,1,,exam,2,center_exam,センター試験語彙リスト由来。意味は要補充,center_pos=NN; center_pmw=10+,programmer,NN,10+,
add,2364,proper,proper,adjective,base,1,,exam,2,center_exam,センター試験語彙リスト由来。意味は要補充,center_pos=JJ; center_pmw=10+,proper,JJ,10+,
add,2365,protest,protest,noun,base,1,,exam,2,center_exam,センター試験語彙リスト由来。意味は要補充,center_pos=NN; center_pmw=10+,protest,NN,10+,
add,2366,psychological,psychological,adjective,base,1,,exam,2,center_exam,センター試験語彙リスト由来。意味は要補充,center_pos=JJ; center_pmw=10+,psychological,JJ,10+,
add,2367,publish,publish,verb,base,1,,exam,2,center_exam,センター試験語彙リスト由来。意味は要補充,center_pos=VV; center_pmw=10+,publish,VV,10+,
add,2369,rare,rare,adjective,base,1,,exam,2,center_exam,センター試験語彙リスト由来。意味は要補充,center_pos=JJ; center_pmw=10+,rare,JJ,10+,
add,2370,recorder,recorder,noun,base,1,,exam,2,center_exam,センター試験語彙リスト由来。意味は要補充,center_pos=NN; center_pmw=10+,recorder,NN,10+,
add,2371,refrigerator,refrigerator,noun,base,1,,exam,2,center_exam,センター試験語彙リスト由来。意味は要補充,center_pos=NN; center_pmw=10+,refrigerator,NN,10+,
add,2372,reject,reject,verb,base,1,,exam,2,center_exam,センター試験語彙リスト由来。意味は要補充,center_pos=VV; center_pmw=10+,reject,VV,10+,
add,2373,relay,relay,noun,base,1,,exam,2,center_exam,センター試験語彙リスト由来。意味は要補充,center_pos=NN; center_pmw=10+,relay,NN,10+,
add,2374,release,release,noun,base,1,,exam,2,center_exam,センター試験語彙リスト由来。意味は要補充,center_pos=NN; center_pmw=10+,release,NN,10+,
add,2375,reliable,reliable,adjective,base,1,,exam,2,center_exam,センター試験語彙リスト由来。意味は要補充,center_pos=JJ; center_pmw=10+,reliable,JJ,10+,
add,2376,religion,religion,noun,base,1,,exam,2,center_exam,センター試験語彙リスト由来。意味は要補充,center_pos=NN; center_pmw=10+,religion,NN,10+,
add,2377,rescue,rescue,noun,base,1,,exam,2,center_exam,センター試験語彙リスト由来。意味は要補充,center_pos=NN; center_pmw=10+,rescue,NN,10+,
add,2378,respondent,respondent,noun,base,1,,exam,2,center_exam,センター試験語彙リスト由来。意味は要補充,center_pos=NN; center_pmw=10+,respondent,NN,10+,
add,2379,reveal,reveal,verb,base,1,,exam,2,center_exam,センター試験語彙リスト由来。意味は要補充,center_pos=VV; center_pmw=10+,reveal,VV,10+,
add,2380,rocky,rocky,adjective,base,1,,exam,2,center_exam,センター試験語彙リスト由来。意味は要補充,center_pos=JJ; center_pmw=10+,rocky,JJ,10+,
add,2382,routine,routine,adjective,base,1,,exam,2,center_exam,センター試験語彙リスト由来。意味は要補充,center_pos=JJ; center_pmw=10+,routine,JJ,10+,
add,2383,ruin,ruin,noun,base,1,,exam,2,center_exam,センター試験語彙リスト由来。意味は要補充,center_pos=NN; center_pmw=10+,ruin,NN,10+,
add,2385,safely,safely,adverb,base,1,,exam,2,center_exam,センター試験語彙リスト由来。意味は要補充,center_pos=RB; center_pmw=10+,safely,RB,10+,
add,2386,satisfactory,satisfactory,adjective,base,1,,exam,2,center_exam,センター試験語彙リスト由来。意味は要補充,center_pos=JJ; center_pmw=10+,satisfactory,JJ,10+,
add,2387,scissor,scissor,verb,base,1,,exam,2,center_exam,センター試験語彙リスト由来。意味は要補充,center_pos=VV; center_pmw=10+,scissor,VV,10+,
add,2388,secure,secure,adjective,base,1,,exam,2,center_exam,センター試験語彙リスト由来。意味は要補充,center_pos=JJ; center_pmw=10+,secure,JJ,10+,
add,2389,security,security,noun,base,1,,exam,2,center_exam,センター試験語彙リスト由来。意味は要補充,center_pos=NN; center_pmw=10+,security,NN,10+,
add,2390,shelter,shelter,noun,base,1,,exam,2,center_exam,センター試験語彙リスト由来。意味は要補充,center_pos=NN; center_pmw=10+,shelter,NN,10+,
add,2391,shorten,shorten,verb,base,1,,exam,2,center_exam,センター試験語彙リスト由来。意味は要補充,center_pos=VV; center_pmw=10+,shorten,VV,10+,
add,2393,sir,sir,noun,base,1,,exam,2,center_exam,センター試験語彙リスト由来。意味は要補充,center_pos=NN; center_pmw=10+,sir,NN,10+,
add,2394,skip,skip,noun,base,1,,exam,2,center_exam,センター試験語彙リスト由来。意味は要補充,center_pos=NN; center_pmw=10+,skip,NN,10+,
add,2395,skull,skull,noun,base,1,,exam,2,center_exam,センター試験語彙リスト由来。意味は要補充,center_pos=NN; center_pmw=10+,skull,NN,10+,
add,2396,software,software,noun,base,1,,exam,2,center_exam,センター試験語彙リスト由来。意味は要補充,center_pos=NN; center_pmw=10+,software,NN,10+,
add,2397,spare,spare,adjective,base,1,,exam,2,center_exam,センター試験語彙リスト由来。意味は要補充,center_pos=JJ; center_pmw=10+,spare,JJ,10+,
add,2398,specific,specific,adjective,base,1,,exam,2,center_exam,センター試験語彙リスト由来。意味は要補充,center_pos=JJ; center_pmw=10+,specific,JJ,10+,
add,2399,squid,squid,noun,base,1,,exam,2,center_exam,センター試験語彙リスト由来。意味は要補充,center_pos=NN; center_pmw=10+,squid,NN,10+,
add,2400,stair,stair,noun,base,1,,exam,2,center_exam,センター試験語彙リスト由来。意味は要補充,center_pos=NN; center_pmw=10+,stair,NN,10+,
add,2401,strap,strap,noun,base,1,,exam,2,center_exam,センター試験語彙リスト由来。意味は要補充,center_pos=NN; center_pmw=10+,strap,NN,10+,
add,2402,submit,submit,verb,base,1,,exam,2,center_exam,センター試験語彙リスト由来。意味は要補充,center_pos=VV; center_pmw=10+,submit,VV,10+,
add,2403,successfully,successfully,adverb,base,1,,exam,2,center_exam,センター試験語彙リスト由来。意味は要補充,center_pos=RB; center_pmw=10+,successfully,RB,10+,
add,2404,sudden,sudden,adjective,base,1,,exam,2,center_exam,センター試験語彙リスト由来。意味は要補充,center_pos=JJ; center_pmw=10+,sudden,JJ,10+,
add,2405,suffering,suffering,noun,base,1,,exam,2,center_exam,センター試験語彙リスト由来。意味は要補充,center_pos=NN; center_pmw=10+,suffering,NN,10+,
add,2407,sweat,sweat,noun,base,1,,exam,2,center_exam,センター試験語彙リスト由来。意味は要補充,center_pos=NN; center_pmw=10+,sweat,NN,10+,
add,2408,symptom,symptom,noun,base,1,,exam,2,center_exam,センター試験語彙リスト由来。意味は要補充,center_pos=NN; center_pmw=10+,symptom,NN,10+,
add,2409,tap,tap,verb,base,1,,exam,2,center_exam,センター試験語彙リスト由来。意味は要補充,center_pos=VV; center_pmw=10+,tap,VV,10+,
add,2410,tax,tax,noun,base,1,,exam,2,center_exam,センター試験語彙リスト由来。意味は要補充,center_pos=NN; center_pmw=10+,tax,NN,10+,
add,2411,tech,tech,noun,base,1,,exam,2,center_exam,センター試験語彙リスト由来。意味は要補充,center_pos=NN; center_pmw=10+,tech,NN,10+,
add,2413,throat,throat,noun,base,1,,exam,2,center_exam,センター試験語彙リスト由来。意味は要補充,center_pos=NN; center_pmw=10+,throat,NN,10+,
add,2414,tile,tile,noun,base,1,,exam,2,center_exam,センター試験語彙リスト由来。意味は要補充,center_pos=NN; center_pmw=10+,tile,NN,10+,
add,2415,trap,trap,noun,base,1,,exam,2,center_exam,センター試験語彙リスト由来。意味は要補充,center_pos=NN; center_pmw=10+,trap,NN,10+,
add,2416,trash,trash,noun,base,1,,exam,2,center_exam,センター試験語彙リスト由来。意味は要補充,center_pos=NN; center_pmw=10+,trash,NN,10+,
add,2417,trial,trial,noun,base,1,,exam,2,center_exam,センター試験語彙リスト由来。意味は要補充,center_pos=NN; center_pmw=10+,trial,NN,10+,
add,2418,trunk,trunk,noun,base,1,,exam,2,center_exam,センター試験語彙リスト由来。意味は要補充,center_pos=NN; center_pmw=10+,trunk,NN,10+,
add,2419,tunnel,tunnel,noun,base,1,,exam,2,center_exam,センター試験語彙リスト由来。意味は要補充,center_pos=NN; center_pmw=10+,tunnel,NN,10+,
add,2420,upstairs,upstairs,noun,base,1,,exam,2,center_exam,センター試験語彙リスト由来。意味は要補充,center_pos=NN; center_pmw=10+,upstairs,NN,10+,
add,2421,urgent,urgent,adjective,base,1,,exam,2,center_exam,センター試験語彙リスト由来。意味は要補充,center_pos=JJ; center_pmw=10+,urgent,JJ,10+,
add,2422,variation,variation,noun,base,1,,exam,2,center_exam,センター試験語彙リスト由来。意味は要補充,center_pos=NN; center_pmw=10+,variation,NN,10+,
add,2423,veteran,veteran,noun,base,1,,exam,2,center_exam,センター試験語彙リスト由来。意味は要補充,center_pos=NN; center_pmw=10+,veteran,NN,10+,
add,2424,victory,victory,noun,base,1,,exam,2,center_exam,センター試験語彙リスト由来。意味は要補充,center_pos=NN; center_pmw=10+,victory,NN,10+,
add,2425,violence,violence,noun,base,1,,exam,2,center_exam,センター試験語彙リスト由来。意味は要補充,center_pos=NN; center_pmw=10+,violence,NN,10+,
add,2426,wallet,wallet,noun,base,1,,exam,2,center_exam,センター試験語彙リスト由来。意味は要補充,center_pos=NN; center_pmw=10+,wallet,NN,10+,
add,2427,wardrobe,wardrobe,noun,base,1,,exam,2,center_exam,センター試験語彙リスト由来。意味は要補充,center_pos=NN; center_pmw=10+,wardrobe,NN,10+,
add,2428,witness,witness,noun,base,1,,exam,2,center_exam,センター試験語彙リスト由来。意味は要補充,center_pos=NN; center_pmw=10+,witness,NN,10+,
add,2429,wrap,wrap,noun,base,1,,exam,2,center_exam,センター試験語彙リスト由来。意味は要補充,center_pos=NN; center_pmw=10+,wrap,NN,10+,
add,2430,accomplish,accomplish,verb,base,1,,exam,2,center_exam,センター試験語彙リスト由来。意味は要補充,center_pos=VV; center_pmw=10+,accomplish,VV,10+,
add,2431,accurately,accurately,adverb,base,1,,exam,2,center_exam,センター試験語彙リスト由来。意味は要補充,center_pos=RB; center_pmw=10+,accurately,RB,10+,
add,2432,accuse,accuse,verb,base,1,,exam,2,center_exam,センター試験語彙リスト由来。意味は要補充,center_pos=VVP; center_pmw=10+,accuse,VVP,10+,
add,2433,accustom,accustom,verb,base,1,,exam,2,center_exam,センター試験語彙リスト由来。意味は要補充,center_pos=VV; center_pmw=10+,accustom,VV,10+,
add,2434,actively,actively,adverb,base,1,,exam,2,center_exam,センター試験語彙リスト由来。意味は要補充,center_pos=RB; center_pmw=10+,actively,RB,10+,
add,2435,affair,affair,noun,base,1,,exam,2,center_exam,センター試験語彙リスト由来。意味は要補充,center_pos=NN; center_pmw=10+,affair,NN,10+,
add,2437,alphabet,alphabet,noun,base,1,,exam,2,center_exam,センター試験語彙リスト由来。意味は要補充,center_pos=NN; center_pmw=10+,alphabet,NN,10+,
add,2438,anger,anger,noun,base,1,,exam,2,center_exam,センター試験語彙リスト由来。意味は要補充,center_pos=NN; center_pmw=10+,anger,NN,10+,
add,2439,ant,ant,noun,base,1,,exam,2,center_exam,センター試験語彙リスト由来。意味は要補充,center_pos=NN; center_pmw=10+,ant,NN,10+,
add,2440,anymore,anymore,adverb,base,1,,exam,2,center_exam,センター試験語彙リスト由来。意味は要補充,center_pos=RB; center_pmw=10+,anymore,RB,10+,
add,2441,approximately,approximately,adverb,base,1,,exam,2,center_exam,センター試験語彙リスト由来。意味は要補充,center_pos=RB; center_pmw=10+,approximately,RB,10+,
add,2442,architect,architect,noun,base,1,,exam,2,center_exam,センター試験語彙リスト由来。意味は要補充,center_pos=NN; center_pmw=10+,architect,NN,10+,
add,2443,authority,authority,noun,base,1,,exam,2,center_exam,センター試験語彙リスト由来。意味は要補充,center_pos=NN; center_pmw=10+,authority,NN,10+,
add,2444,automobile,automobile,noun,base,1,,exam,2,center_exam,センター試験語彙リスト由来。意味は要補充,center_pos=NN; center_pmw=10+,automobile,NN,10+,
add,2446,beep,beep,noun,base,1,,exam,2,center_exam,センター試験語彙リスト由来。意味は要補充,center_pos=NN; center_pmw=10+,beep,NN,10+,
add,2448,bet,bet,noun,base,1,,exam,2,center_exam,センター試験語彙リスト由来。意味は要補充,center_pos=NN; center_pmw=10+,bet,NN,10+,
add,2449,blame,blame,noun,base,1,,exam,2,center_exam,センター試験語彙リスト由来。意味は要補充,center_pos=NN; center_pmw=10+,blame,NN,10+,
add,2450,board,board,noun,base,1,,exam,2,center_exam,センター試験語彙リスト由来。意味は要補充,center_pos=NN; center_pmw=10+,board,NN,10+,
add,2451,bobby,bobby,noun,base,1,,exam,2,center_exam,センター試験語彙リスト由来。意味は要補充,center_pos=NN; center_pmw=10+,bobby,NN,10+,
add,2452,bowler,bowler,noun,base,1,,exam,2,center_exam,センター試験語彙リスト由来。意味は要補充,center_pos=NN; center_pmw=10+,bowler,NN,10+,
add,2453,brick,brick,noun,base,1,,exam,2,center_exam,センター試験語彙リスト由来。意味は要補充,center_pos=NN; center_pmw=10+,brick,NN,10+,
add,2454,brief,brief,noun,base,1,,exam,2,center_exam,センター試験語彙リスト由来。意味は要補充,center_pos=NN; center_pmw=10+,brief,NN,10+,
add,2455,buddhist,buddhist,noun,base,1,,exam,2,center_exam,センター試験語彙リスト由来。意味は要補充,center_pos=NN; center_pmw=10+,buddhist,NN,10+,
add,2457,carnival,carnival,noun,base,1,,exam,2,center_exam,センター試験語彙リスト由来。意味は要補充,center_pos=NN; center_pmw=10+,carnival,NN,10+,
add,2458,casually,casually,adverb,base,1,,exam,2,center_exam,センター試験語彙リスト由来。意味は要補充,center_pos=RB; center_pmw=10+,casually,RB,10+,
add,2459,category,category,noun,base,1,,exam,2,center_exam,センター試験語彙リスト由来。意味は要補充,center_pos=NN; center_pmw=10+,category,NN,10+,
add,2460,celebrate,celebrate,verb,base,1,,exam,2,center_exam,センター試験語彙リスト由来。意味は要補充,center_pos=VV; center_pmw=10+,celebrate,VV,10+,
add,2461,chat,chat,noun,base,1,,exam,2,center_exam,センター試験語彙リスト由来。意味は要補充,center_pos=NN; center_pmw=10+,chat,NN,10+,
add,2462,chew,chew,noun,base,1,,exam,2,center_exam,センター試験語彙リスト由来。意味は要補充,center_pos=NN; center_pmw=10+,chew,NN,10+,
add,2463,chief,chief,adjective,base,1,,exam,2,center_exam,センター試験語彙リスト由来。意味は要補充,center_pos=JJ; center_pmw=10+,chief,JJ,10+,
add,2464,childish,childish,adjective,base,1,,exam,2,center_exam,センター試験語彙リスト由来。意味は要補充,center_pos=JJ; center_pmw=10+,childish,JJ,10+,
add,2465,cigarette,cigarette,noun,base,1,,exam,2,center_exam,センター試験語彙リスト由来。意味は要補充,center_pos=NN; center_pmw=10+,cigarette,NN,10+,
add,2466,circumstance,circumstance,noun,base,1,,exam,2,center_exam,センター試験語彙リスト由来。意味は要補充,center_pos=NN; center_pmw=10+,circumstance,NN,10+,
add,2467,climber,climber,noun,base,1,,exam,2,center_exam,センター試験語彙リスト由来。意味は要補充,center_pos=NN; center_pmw=10+,climber,NN,10+,
add,2468,closet,closet,noun,base,1,,exam,2,center_exam,センター試験語彙リスト由来。意味は要補充,center_pos=NN; center_pmw=10+,closet,NN,10+,
add,2469,collector,collector,noun,base,1,,exam,2,center_exam,センター試験語彙リスト由来。意味は要補充,center_pos=NN; center_pmw=10+,collector,NN,10+,
add,2470,commute,commute,noun,base,1,,exam,2,center_exam,センター試験語彙リスト由来。意味は要補充,center_pos=NN; center_pmw=10+,commute,NN,10+,
add,2471,comparison,comparison,noun,base,1,,exam,2,center_exam,センター試験語彙リスト由来。意味は要補充,center_pos=NN; center_pmw=10+,comparison,NN,10+,
add,2472,competitive,competitive,adjective,base,1,,exam,2,center_exam,センター試験語彙リスト由来。意味は要補充,center_pos=JJ; center_pmw=10+,competitive,JJ,10+,
add,2473,conductor,conductor,noun,base,1,,exam,2,center_exam,センター試験語彙リスト由来。意味は要補充,center_pos=NN; center_pmw=10+,conductor,NN,10+,
add,2475,crisis,crisis,noun,base,1,,exam,2,center_exam,センター試験語彙リスト由来。意味は要補充,center_pos=NN; center_pmw=10+,crisis,NN,10+,
add,2476,crop,crop,noun,base,1,,exam,2,center_exam,センター試験語彙リスト由来。意味は要補充,center_pos=NN; center_pmw=10+,crop,NN,10+,
add,2477,dare,dare,noun,base,1,,exam,2,center_exam,センター試験語彙リスト由来。意味は要補充,center_pos=NN; center_pmw=10+,dare,NN,10+,
add,2478,document,document,noun,base,1,,exam,2,center_exam,センター試験語彙リスト由来。意味は要補充,center_pos=NN; center_pmw=10+,document,NN,10+,
add,2479,doubtful,doubtful,adjective,base,1,,exam,2,center_exam,センター試験語彙リスト由来。意味は要補充,center_pos=JJ; center_pmw=10+,doubtful,JJ,10+,
add,2480,downtown,downtown,noun,base,1,,exam,2,center_exam,センター試験語彙リスト由来。意味は要補充,center_pos=NN; center_pmw=10+,downtown,NN,10+,
add,2482,dramatic,dramatic,adjective,base,1,,exam,2,center_exam,センター試験語彙リスト由来。意味は要補充,center_pos=JJ; center_pmw=10+,dramatic,JJ,10+,
add,2483,drawing,drawing,noun,base,1,,exam,2,center_exam,センター試験語彙リスト由来。意味は要補充,center_pos=NN; center_pmw=10+,drawing,NN,10+,
add,2484,dressing,dressing,noun,base,1,,exam,2,center_exam,センター試験語彙リスト由来。意味は要補充,center_pos=NN; center_pmw=10+,dressing,NN,10+,
add,2485,dust,dust,noun,base,1,,exam,2,center_exam,センター試験語彙リスト由来。意味は要補充,center_pos=NN; center_pmw=10+,dust,NN,10+,
add,2486,eagerly,eagerly,adverb,base,1,,exam,2,center_exam,センター試験語彙リスト由来。意味は要補充,center_pos=RB; center_pmw=10+,eagerly,RB,10+,
add,2487,editor,editor,noun,base,1,,exam,2,center_exam,センター試験語彙リスト由来。意味は要補充,center_pos=NN; center_pmw=10+,editor,NN,10+,
add,2488,educate,educate,verb,base,1,,exam,2,center_exam,センター試験語彙リスト由来。意味は要補充,center_pos=VV; center_pmw=10+,educate,VV,10+,
add,2489,electric,electric,adjective,base,1,,exam,2,center_exam,センター試験語彙リスト由来。意味は要補充,center_pos=JJ; center_pmw=10+,electric,JJ,10+,
add,2490,electricity,electricity,noun,base,1,,exam,2,center_exam,センター試験語彙リスト由来。意味は要補充,center_pos=NN; center_pmw=10+,electricity,NN,10+,
add,2491,element,element,noun,base,1,,exam,2,center_exam,センター試験語彙リスト由来。意味は要補充,center_pos=NN; center_pmw=10+,element,NN,10+,
add,2492,employee,employee,noun,base,1,,exam,2,center_exam,センター試験語彙リスト由来。意味は要補充,center_pos=NN; center_pmw=10+,employee,NN,10+,
add,2493,encouragement,encouragement,noun,base,1,,exam,2,center_exam,センター試験語彙リスト由来。意味は要補充,center_pos=NN; center_pmw=10+,encouragement,NN,10+,
add,2494,encyclopedia,encyclopedia,noun,base,1,,exam,2,center_exam,センター試験語彙リスト由来。意味は要補充,center_pos=NN; center_pmw=10+,encyclopedia,NN,10+,
add,2495,enjoyable,enjoyable,adjective,base,1,,exam,2,center_exam,センター試験語彙リスト由来。意味は要補充,center_pos=JJ; center_pmw=10+,enjoyable,JJ,10+,
add,2496,enroll,enroll,verb,base,1,,exam,2,center_exam,センター試験語彙リスト由来。意味は要補充,center_pos=VV; center_pmw=10+,enroll,VV,10+,
add,2497,essay,essay,noun,base,1,,exam,2,center_exam,センター試験語彙リスト由来。意味は要補充,center_pos=NN; center_pmw=10+,essay,NN,10+,
add,2498,establish,establish,verb,base,1,,exam,2,center_exam,センター試験語彙リスト由来。意味は要補充,center_pos=VV; center_pmw=10+,establish,VV,10+,
add,2499,exhaust,exhaust,noun,base,1,,exam,2,center_exam,センター試験語彙リスト由来。意味は要補充,center_pos=NN; center_pmw=10+,exhaust,NN,10+,
add,2500,experimenter,experimenter,noun,base,1,,exam,2,center_exam,センター試験語彙リスト由来。意味は要補充,center_pos=NN; center_pmw=10+,experimenter,NN,10+,
add,2501,explode,explode,verb,base,1,,exam,2,center_exam,センター試験語彙リスト由来。意味は要補充,center_pos=VV; center_pmw=10+,explode,VV,10+,
add,2502,export,export,noun,base,1,,exam,2,center_exam,センター試験語彙リスト由来。意味は要補充,center_pos=NN; center_pmw=10+,export,NN,10+,
add,2504,fantastic,fantastic,adjective,base,1,,exam,2,center_exam,センター試験語彙リスト由来。意味は要補充,center_pos=JJ; center_pmw=10+,fantastic,JJ,10+,
add,2505,federation,federation,noun,base,1,,exam,2,center_exam,センター試験語彙リスト由来。意味は要補充,center_pos=NN; center_pmw=10+,federation,NN,10+,
add,2506,feed,feed,noun,base,1,,exam,2,center_exam,センター試験語彙リスト由来。意味は要補充,center_pos=NN; center_pmw=10+,feed,NN,10+,
add,2507,feedback,feedback,noun,base,1,,exam,2,center_exam,センター試験語彙リスト由来。意味は要補充,center_pos=NN; center_pmw=10+,feedback,NN,10+,
add,2508,flock,flock,noun,base,1,,exam,2,center_exam,センター試験語彙リスト由来。意味は要補充,center_pos=NN; center_pmw=10+,flock,NN,10+,
add,2509,folk,folk,noun,base,1,,exam,2,center_exam,センター試験語彙リスト由来。意味は要補充,center_pos=NN; center_pmw=10+,folk,NN,10+,
add,2510,garage,garage,noun,base,1,,exam,2,center_exam,センター試験語彙リスト由来。意味は要補充,center_pos=NN; center_pmw=10+,garage,NN,10+,
add,2511,generous,generous,adjective,base,1,,exam,2,center_exam,センター試験語彙リスト由来。意味は要補充,center_pos=JJ; center_pmw=10+,generous,JJ,10+,
add,2513,graduation,graduation,noun,base,1,,exam,2,center_exam,センター試験語彙リスト由来。意味は要補充,center_pos=NN; center_pmw=10+,graduation,NN,10+,
add,2514,grand,grand,adjective,base,1,,exam,2,center_exam,センター試験語彙リスト由来。意味は要補充,center_pos=JJ; center_pmw=10+,grand,JJ,10+,
add,2516,hallway,hallway,noun,base,1,,exam,2,center_exam,センター試験語彙リスト由来。意味は要補充,center_pos=NN; center_pmw=10+,hallway,NN,10+,
add,2517,hare,hare,noun,base,1,,exam,2,center_exam,センター試験語彙リスト由来。意味は要補充,center_pos=NN; center_pmw=10+,hare,NN,10+,
add,2518,harvest,harvest,noun,base,1,,exam,2,center_exam,センター試験語彙リスト由来。意味は要補充,center_pos=NN; center_pmw=10+,harvest,NN,10+,
add,2519,haunt,haunt,noun,base,1,,exam,2,center_exam,センター試験語彙リスト由来。意味は要補充,center_pos=NN; center_pmw=10+,haunt,NN,10+,
add,2520,headache,headache,noun,base,1,,exam,2,center_exam,センター試験語彙リスト由来。意味は要補充,center_pos=NN; center_pmw=10+,headache,NN,10+,
add,2521,hire,hire,verb,base,1,,exam,2,center_exam,センター試験語彙リスト由来。意味は要補充,center_pos=VV; center_pmw=10+,hire,VV,10+,
add,2523,honor,honor,noun,base,1,,exam,2,center_exam,センター試験語彙リスト由来。意味は要補充,center_pos=NN; center_pmw=10+,honor,NN,10+,
add,2524,hum,hum,noun,base,1,,exam,2,center_exam,センター試験語彙リスト由来。意味は要補充,center_pos=NN; center_pmw=10+,hum,NN,10+,
add,2525,humid,humid,adjective,base,1,,exam,2,center_exam,センター試験語彙リスト由来。意味は要補充,center_pos=JJ; center_pmw=10+,humid,JJ,10+,
add,2526,ideal,ideal,adjective,base,1,,exam,2,center_exam,センター試験語彙リスト由来。意味は要補充,center_pos=JJ; center_pmw=10+,ideal,JJ,10+,
add,2527,illustration,illustration,noun,base,1,,exam,2,center_exam,センター試験語彙リスト由来。意味は要補充,center_pos=NN; center_pmw=10+,illustration,NN,10+,
add,2528,incident,incident,noun,base,1,,exam,2,center_exam,センター試験語彙リスト由来。意味は要補充,center_pos=NN; center_pmw=10+,incident,NN,10+,
add,2530,indoor,indoor,adjective,base,1,,exam,2,center_exam,センター試験語彙リスト由来。意味は要補充,center_pos=JJ; center_pmw=10+,indoor,JJ,10+,
add,2531,interestingly,interestingly,adverb,base,1,,exam,2,center_exam,センター試験語彙リスト由来。意味は要補充,center_pos=RB; center_pmw=10+,interestingly,RB,10+,
add,2532,invitation,invitation,noun,base,1,,exam,2,center_exam,センター試験語彙リスト由来。意味は要補充,center_pos=NN; center_pmw=10+,invitation,NN,10+,
add,2534,kiln,kiln,noun,base,1,,exam,2,center_exam,センター試験語彙リスト由来。意味は要補充,center_pos=NN; center_pmw=10+,kiln,NN,10+,
add,2535,largely,largely,adverb,base,1,,exam,2,center_exam,センター試験語彙リスト由来。意味は要補充,center_pos=RB; center_pmw=10+,largely,RB,10+,
add,2536,latter,latter,adjective,base,1,,exam,2,center_exam,センター試験語彙リスト由来。意味は要補充,center_pos=JJ; center_pmw=10+,latter,JJ,10+,
add,2537,librarian,librarian,noun,base,1,,exam,2,center_exam,センター試験語彙リスト由来。意味は要補充,center_pos=NN; center_pmw=10+,librarian,NN,10+,
add,2538,lily,lily,noun,base,1,,exam,2,center_exam,センター試験語彙リスト由来。意味は要補充,center_pos=NN; center_pmw=10+,lily,NN,10+,
add,2539,luckily,luckily,adverb,base,1,,exam,2,center_exam,センター試験語彙リスト由来。意味は要補充,center_pos=RB; center_pmw=10+,luckily,RB,10+,
add,2540,manual,manual,adjective,base,1,,exam,2,center_exam,センター試験語彙リスト由来。意味は要補充,center_pos=JJ; center_pmw=10+,manual,JJ,10+,
add,2541,meanwhile,meanwhile,adverb,base,1,,exam,2,center_exam,センター試験語彙リスト由来。意味は要補充,center_pos=RB; center_pmw=10+,meanwhile,RB,10+,
add,2542,mechanic,mechanic,noun,base,1,,exam,2,center_exam,センター試験語彙リスト由来。意味は要補充,center_pos=NN; center_pmw=10+,mechanic,NN,10+,
add,2543,melody,melody,noun,base,1,,exam,2,center_exam,センター試験語彙リスト由来。意味は要補充,center_pos=NN; center_pmw=10+,melody,NN,10+,
add,2546,mild,mild,adjective,base,1,,exam,2,center_exam,センター試験語彙リスト由来。意味は要補充,center_pos=JJ; center_pmw=10+,mild,JJ,10+,
add,2547,misunderstanding,misunderstanding,noun,base,1,,exam,2,center_exam,センター試験語彙リスト由来。意味は要補充,center_pos=NN; center_pmw=10+,misunderstanding,NN,10+,
add,2548,mood,mood,noun,base,1,,exam,2,center_exam,センター試験語彙リスト由来。意味は要補充,center_pos=NN; center_pmw=10+,mood,NN,10+,
add,2549,nearby,nearby,adverb,base,1,,exam,2,center_exam,センター試験語彙リスト由来。意味は要補充,center_pos=RB; center_pmw=10+,nearby,RB,10+,
add,2551,nickname,nickname,noun,base,1,,exam,2,center_exam,センター試験語彙リスト由来。意味は要補充,center_pos=NN; center_pmw=10+,nickname,NN,10+,
add,2553,occasionally,occasionally,adverb,base,1,,exam,2,center_exam,センター試験語彙リスト由来。意味は要補充,center_pos=RB; center_pmw=10+,occasionally,RB,10+,
add,2555,operation,operation,noun,base,1,,exam,2,center_exam,センター試験語彙リスト由来。意味は要補充,center_pos=NN; center_pmw=10+,operation,NN,10+,
add,2556,option,option,noun,base,1,,exam,2,center_exam,センター試験語彙リスト由来。意味は要補充,center_pos=NN; center_pmw=10+,option,NN,10+,
add,2558,overcome,overcome,verb,base,1,,exam,2,center_exam,センター試験語彙リスト由来。意味は要補充,center_pos=VV; center_pmw=10+,overcome,VV,10+,
add,2559,pace,pace,noun,base,1,,exam,2,center_exam,センター試験語彙リスト由来。意味は要補充,center_pos=NN; center_pmw=10+,pace,NN,10+,
add,2561,panel,panel,noun,base,1,,exam,2,center_exam,センター試験語彙リスト由来。意味は要補充,center_pos=NN; center_pmw=10+,panel,NN,10+,
add,2562,passive,passive,adjective,base,1,,exam,2,center_exam,センター試験語彙リスト由来。意味は要補充,center_pos=JJ; center_pmw=10+,passive,JJ,10+,
add,2563,password,password,noun,base,1,,exam,2,center_exam,センター試験語彙リスト由来。意味は要補充,center_pos=NN; center_pmw=10+,password,NN,10+,
add,2564,pigeon,pigeon,noun,base,1,,exam,2,center_exam,センター試験語彙リスト由来。意味は要補充,center_pos=NN; center_pmw=10+,pigeon,NN,10+,
add,2566,platform,platform,noun,base,1,,exam,2,center_exam,センター試験語彙リスト由来。意味は要補充,center_pos=NN; center_pmw=10+,platform,NN,10+,
add,2568,pollute,pollute,verb,base,1,,exam,2,center_exam,センター試験語彙リスト由来。意味は要補充,center_pos=VV; center_pmw=10+,pollute,VV,10+,
add,2569,poodle,poodle,noun,base,1,,exam,2,center_exam,センター試験語彙リスト由来。意味は要補充,center_pos=NN; center_pmw=10+,poodle,NN,10+,
add,2570,positively,positively,adverb,base,1,,exam,2,center_exam,センター試験語彙リスト由来。意味は要補充,center_pos=RB; center_pmw=10+,positively,RB,10+,
add,2572,postpone,postpone,verb,base,1,,exam,2,center_exam,センター試験語彙リスト由来。意味は要補充,center_pos=VV; center_pmw=10+,postpone,VV,10+,
add,2573,potential,potential,adjective,base,1,,exam,2,center_exam,センター試験語彙リスト由来。意味は要補充,center_pos=JJ; center_pmw=10+,potential,JJ,10+,
add,2574,pound,pound,noun,base,1,,exam,2,center_exam,センター試験語彙リスト由来。意味は要補充,center_pos=NN; center_pmw=10+,pound,NN,10+,
add,2575,prawn,prawn,noun,base,1,,exam,2,center_exam,センター試験語彙リスト由来。意味は要補充,center_pos=NN; center_pmw=10+,prawn,NN,10+,
add,2576,precious,precious,adjective,base,1,,exam,2,center_exam,センター試験語彙リスト由来。意味は要補充,center_pos=JJ; center_pmw=10+,precious,JJ,10+,
add,2577,precise,precise,adjective,base,1,,exam,2,center_exam,センター試験語彙リスト由来。意味は要補充,center_pos=JJ; center_pmw=10+,precise,JJ,10+,
add,2578,priority,priority,noun,base,1,,exam,2,center_exam,センター試験語彙リスト由来。意味は要補充,center_pos=NN; center_pmw=10+,priority,NN,10+,
add,2579,procrastinate,procrastinate,verb,base,1,,exam,2,center_exam,センター試験語彙リスト由来。意味は要補充,center_pos=VV; center_pmw=10+,procrastinate,VV,10+,
add,2580,proof,proof,noun,base,1,,exam,2,center_exam,センター試験語彙リスト由来。意味は要補充,center_pos=NN; center_pmw=10+,proof,NN,10+,
add,2581,protection,protection,noun,base,1,,exam,2,center_exam,センター試験語彙リスト由来。意味は要補充,center_pos=NN; center_pmw=10+,protection,NN,10+,
add,2582,quarter,quarter,noun,base,1,,exam,2,center_exam,センター試験語彙リスト由来。意味は要補充,center_pos=NN; center_pmw=10+,quarter,NN,10+,
add,2584,rearrange,rearrange,verb,base,1,,exam,2,center_exam,センター試験語彙リスト由来。意味は要補充,center_pos=VV; center_pmw=10+,rearrange,VV,10+,
add,2585,recall,recall,noun,base,1,,exam,2,center_exam,センター試験語彙リスト由来。意味は要補充,center_pos=NN; center_pmw=10+,recall,NN,10+,
add,2586,recommendation,recommendation,noun,base,1,,exam,2,center_exam,センター試験語彙リスト由来。意味は要補充,center_pos=NN; center_pmw=10+,recommendation,NN,10+,
add,2587,recycle,recycle,noun,base,1,,exam,2,center_exam,センター試験語彙リスト由来。意味は要補充,center_pos=NN; center_pmw=10+,recycle,NN,10+,
add,2588,regardless,regardless,adverb,base,1,,exam,2,center_exam,センター試験語彙リスト由来。意味は要補充,center_pos=RB; center_pmw=10+,regardless,RB,10+,
add,2589,relation,relation,noun,base,1,,exam,2,center_exam,センター試験語彙リスト由来。意味は要補充,center_pos=NN; center_pmw=10+,relation,NN,10+,
add,2590,relief,relief,noun,base,1,,exam,2,center_exam,センター試験語彙リスト由来。意味は要補充,center_pos=NN; center_pmw=10+,relief,NN,10+,
add,2591,remark,remark,noun,base,1,,exam,2,center_exam,センター試験語彙リスト由来。意味は要補充,center_pos=NN; center_pmw=10+,remark,NN,10+,
add,2592,remarkable,remarkable,adjective,base,1,,exam,2,center_exam,センター試験語彙リスト由来。意味は要補充,center_pos=JJ; center_pmw=10+,remarkable,JJ,10+,
add,2593,resist,resist,verb,base,1,,exam,2,center_exam,センター試験語彙リスト由来。意味は要補充,center_pos=VV; center_pmw=10+,resist,VV,10+,
add,2594,resolve,resolve,verb,base,1,,exam,2,center_exam,センター試験語彙リスト由来。意味は要補充,center_pos=VV; center_pmw=10+,resolve,VV,10+,
add,2595,reward,reward,noun,base,1,,exam,2,center_exam,センター試験語彙リスト由来。意味は要補充,center_pos=NN; center_pmw=10+,reward,NN,10+,
add,2596,roommate,roommate,noun,base,1,,exam,2,center_exam,センター試験語彙リスト由来。意味は要補充,center_pos=NN; center_pmw=10+,roommate,NN,10+,
add,2597,route,route,noun,base,1,,exam,2,center_exam,センター試験語彙リスト由来。意味は要補充,center_pos=NN; center_pmw=10+,route,NN,10+,
add,2599,salary,salary,noun,base,1,,exam,2,center_exam,センター試験語彙リスト由来。意味は要補充,center_pos=NN; center_pmw=10+,salary,NN,10+,
add,2601,sardine,sardine,noun,base,1,,exam,2,center_exam,センター試験語彙リスト由来。意味は要補充,center_pos=NN; center_pmw=10+,sardine,NN,10+,
add,2603,secretary,secretary,noun,base,1,,exam,2,center_exam,センター試験語彙リスト由来。意味は要補充,center_pos=NN; center_pmw=10+,secretary,NN,10+,
add,2604,seminar,seminar,noun,base,1,,exam,2,center_exam,センター試験語彙リスト由来。意味は要補充,center_pos=NN; center_pmw=10+,seminar,NN,10+,
add,2606,sensitive,sensitive,adjective,base,1,,exam,2,center_exam,センター試験語彙リスト由来。意味は要補充,center_pos=JJ; center_pmw=10+,sensitive,JJ,10+,
add,2607,settle,settle,verb,base,1,,exam,2,center_exam,センター試験語彙リスト由来。意味は要補充,center_pos=VV; center_pmw=10+,settle,VV,10+,
add,2608,sharply,sharply,adverb,base,1,,exam,2,center_exam,センター試験語彙リスト由来。意味は要補充,center_pos=RB; center_pmw=10+,sharply,RB,10+,
add,2609,shell,shell,noun,base,1,,exam,2,center_exam,センター試験語彙リスト由来。意味は要補充,center_pos=NN; center_pmw=10+,shell,NN,10+,
add,2612,silence,silence,noun,base,1,,exam,2,center_exam,センター試験語彙リスト由来。意味は要補充,center_pos=NN; center_pmw=10+,silence,NN,10+,
add,2614,snail,snail,noun,base,1,,exam,2,center_exam,センター試験語彙リスト由来。意味は要補充,center_pos=NN; center_pmw=10+,snail,NN,10+,
add,2615,snowshoe,snowshoe,noun,base,1,,exam,2,center_exam,センター試験語彙リスト由来。意味は要補充,center_pos=NN; center_pmw=10+,snowshoe,NN,10+,
add,2616,soul,soul,noun,base,1,,exam,2,center_exam,センター試験語彙リスト由来。意味は要補充,center_pos=NN; center_pmw=10+,soul,NN,10+,
add,2617,spectator,spectator,noun,base,1,,exam,2,center_exam,センター試験語彙リスト由来。意味は要補充,center_pos=NN; center_pmw=10+,spectator,NN,10+,
add,2618,spicy,spicy,adjective,base,1,,exam,2,center_exam,センター試験語彙リスト由来。意味は要補充,center_pos=JJ; center_pmw=10+,spicy,JJ,10+,
add,2620,strangely,strangely,adverb,base,1,,exam,2,center_exam,センター試験語彙リスト由来。意味は要補充,center_pos=RB; center_pmw=10+,strangely,RB,10+,
add,2621,stretch,stretch,noun,base,1,,exam,2,center_exam,センター試験語彙リスト由来。意味は要補充,center_pos=NN; center_pmw=10+,stretch,NN,10+,
add,2623,string,string,noun,base,1,,exam,2,center_exam,センター試験語彙リスト由来。意味は要補充,center_pos=NN; center_pmw=10+,string,NN,10+,
add,2624,stripe,stripe,noun,base,1,,exam,2,center_exam,センター試験語彙リスト由来。意味は要補充,center_pos=NN; center_pmw=10+,stripe,NN,10+,
add,2625,strongly,strongly,adverb,base,1,,exam,2,center_exam,センター試験語彙リスト由来。意味は要補充,center_pos=RB; center_pmw=10+,strongly,RB,10+,
add,2626,sufficient,sufficient,adjective,base,1,,exam,2,center_exam,センター試験語彙リスト由来。意味は要補充,center_pos=JJ; center_pmw=10+,sufficient,JJ,10+,
add,2627,sustainable,sustainable,adjective,base,1,,exam,2,center_exam,センター試験語彙リスト由来。意味は要補充,center_pos=JJ; center_pmw=10+,sustainable,JJ,10+,
add,2629,theme,theme,noun,base,1,,exam,2,center_exam,センター試験語彙リスト由来。意味は要補充,center_pos=NN; center_pmw=10+,theme,NN,10+,
add,2630,thin,thin,adjective,base,1,,exam,2,center_exam,センター試験語彙リスト由来。意味は要補充,center_pos=JJ; center_pmw=10+,thin,JJ,10+,
add,2631,tool,tool,noun,base,1,,exam,2,center_exam,センター試験語彙リスト由来。意味は要補充,center_pos=NN; center_pmw=10+,tool,NN,10+,
add,2632,toolbox,toolbox,noun,base,1,,exam,2,center_exam,センター試験語彙リスト由来。意味は要補充,center_pos=NN; center_pmw=10+,toolbox,NN,10+,
add,2633,unfamiliar,unfamiliar,adjective,base,1,,exam,2,center_exam,センター試験語彙リスト由来。意味は要補充,center_pos=JJ; center_pmw=10+,unfamiliar,JJ,10+,
add,2635,unlucky,unlucky,adjective,base,1,,exam,2,center_exam,センター試験語彙リスト由来。意味は要補充,center_pos=JJ; center_pmw=10+,unlucky,JJ,10+,
add,2636,visibility,visibility,noun,base,1,,exam,2,center_exam,センター試験語彙リスト由来。意味は要補充,center_pos=NN; center_pmw=10+,visibility,NN,10+,
add,2637,wander,wander,noun,base,1,,exam,2,center_exam,センター試験語彙リスト由来。意味は要補充,center_pos=NN; center_pmw=10+,wander,NN,10+,
add,2638,weakness,weakness,noun,base,1,,exam,2,center_exam,センター試験語彙リスト由来。意味は要補充,center_pos=NN; center_pmw=10+,weakness,NN,10+,
add,2639,welfare,welfare,noun,base,1,,exam,2,center_exam,センター試験語彙リスト由来。意味は要補充,center_pos=NN; center_pmw=10+,welfare,NN,10+,
add,2640,wheelchair,wheelchair,noun,base,1,,exam,2,center_exam,センター試験語彙リスト由来。意味は要補充,center_pos=NN; center_pmw=10+,wheelchair,NN,10+,
add,2642,wright,wright,noun,base,1,,exam,2,center_exam,センター試験語彙リスト由来。意味は要補充,center_pos=NN; center_pmw=10+,wright,NN,10+,
add,2643,absence,absence,noun,base,1,,exam,2,center_exam,センター試験語彙リスト由来。意味は要補充,center_pos=NN; center_pmw=10+,absence,NN,10+,
add,2644,accidentally,accidentally,adverb,base,1,,exam,2,center_exam,センター試験語彙リスト由来。意味は要補充,center_pos=RB; center_pmw=10+,accidentally,RB,10+,
add,2645,accompany,accompany,verb,base,1,,exam,2,center_exam,センター試験語彙リスト由来。意味は要補充,center_pos=VV; center_pmw=10+,accompany,VV,10+,
add,2646,achievement,achievement,noun,base,1,,exam,2,center_exam,センター試験語彙リスト由来。意味は要補充,center_pos=NN; center_pmw=10+,achievement,NN,10+,
add,2647,actress,actress,noun,base,1,,exam,2,center_exam,センター試験語彙リスト由来。意味は要補充,center_pos=NN; center_pmw=10+,actress,NN,10+,
add,2648,adequate,adequate,adjective,base,1,,exam,2,center_exam,センター試験語彙リスト由来。意味は要補充,center_pos=JJ; center_pmw=10+,adequate,JJ,10+,
add,2649,adjustment,adjustment,noun,base,1,,exam,2,center_exam,センター試験語彙リスト由来。意味は要補充,center_pos=NN; center_pmw=10+,adjustment,NN,10+,
add,2650,admiration,admiration,noun,base,1,,exam,2,center_exam,センター試験語彙リスト由来。意味は要補充,center_pos=NN; center_pmw=10+,admiration,NN,10+,
add,2651,affordance,affordance,noun,base,1,,exam,2,center_exam,センター試験語彙リスト由来。意味は要補充,center_pos=NN; center_pmw=10+,affordance,NN,10+,
add,2652,agent,agent,noun,base,1,,exam,2,center_exam,センター試験語彙リスト由来。意味は要補充,center_pos=NN; center_pmw=10+,agent,NN,10+,
add,2653,alcohol,alcohol,noun,base,1,,exam,2,center_exam,センター試験語彙リスト由来。意味は要補充,center_pos=NN; center_pmw=10+,alcohol,NN,10+,
add,2654,anime,anime,noun,base,1,,exam,2,center_exam,センター試験語彙リスト由来。意味は要補充,center_pos=NN; center_pmw=10+,anime,NN,10+,
add,2655,apparently,apparently,adverb,base,1,,exam,2,center_exam,センター試験語彙リスト由来。意味は要補充,center_pos=RB; center_pmw=10+,apparently,RB,10+,
add,2656,architectural,architectural,adjective,base,1,,exam,2,center_exam,センター試験語彙リスト由来。意味は要補充,center_pos=JJ; center_pmw=10+,architectural,JJ,10+,
add,2659,attractiveness,attractiveness,noun,base,1,,exam,2,center_exam,センター試験語彙リスト由来。意味は要補充,center_pos=NN; center_pmw=10+,attractiveness,NN,10+,
add,2660,audiophile,audiophile,noun,base,1,,exam,2,center_exam,センター試験語彙リスト由来。意味は要補充,center_pos=NN; center_pmw=10+,audiophile,NN,10+,
add,2661,autograph,autograph,noun,base,1,,exam,2,center_exam,センター試験語彙リスト由来。意味は要補充,center_pos=NN; center_pmw=10+,autograph,NN,10+,
add,2662,awfully,awfully,adverb,base,1,,exam,2,center_exam,センター試験語彙リスト由来。意味は要補充,center_pos=RB; center_pmw=10+,awfully,RB,10+,
add,2663,awkward,awkward,adjective,base,1,,exam,2,center_exam,センター試験語彙リスト由来。意味は要補充,center_pos=JJ; center_pmw=10+,awkward,JJ,10+,
add,2664,ban,ban,noun,base,1,,exam,2,center_exam,センター試験語彙リスト由来。意味は要補充,center_pos=NN; center_pmw=10+,ban,NN,10+,
add,2666,bathe,bathe,noun,base,1,,exam,2,center_exam,センター試験語彙リスト由来。意味は要補充,center_pos=NN; center_pmw=10+,bathe,NN,10+,
add,2667,battery,battery,noun,base,1,,exam,2,center_exam,センター試験語彙リスト由来。意味は要補充,center_pos=NN; center_pmw=10+,battery,NN,10+,
add,2668,battle,battle,noun,base,1,,exam,2,center_exam,センター試験語彙リスト由来。意味は要補充,center_pos=NN; center_pmw=10+,battle,NN,10+,
add,2669,bay,bay,noun,base,1,,exam,2,center_exam,センター試験語彙リスト由来。意味は要補充,center_pos=NN; center_pmw=10+,bay,NN,10+,
add,2670,beaker,beaker,noun,base,1,,exam,2,center_exam,センター試験語彙リスト由来。意味は要補充,center_pos=NN; center_pmw=10+,beaker,NN,10+,
add,2671,beetle,beetle,noun,base,1,,exam,2,center_exam,センター試験語彙リスト由来。意味は要補充,center_pos=NN; center_pmw=10+,beetle,NN,10+,
add,2673,bidding,bidding,noun,base,1,,exam,2,center_exam,センター試験語彙リスト由来。意味は要補充,center_pos=NN; center_pmw=10+,bidding,NN,10+,
add,2674,biology,biology,noun,base,1,,exam,2,center_exam,センター試験語彙リスト由来。意味は要補充,center_pos=NN; center_pmw=10+,biology,NN,10+,
add,2675,blanket,blanket,noun,base,1,,exam,2,center_exam,センター試験語彙リスト由来。意味は要補充,center_pos=NN; center_pmw=10+,blanket,NN,10+,
add,2678,breathe,breathe,verb,base,1,,exam,2,center_exam,センター試験語彙リスト由来。意味は要補充,center_pos=VV; center_pmw=10+,breathe,VV,10+,
add,2679,breed,breed,noun,base,1,,exam,2,center_exam,センター試験語彙リスト由来。意味は要補充,center_pos=NN; center_pmw=10+,breed,NN,10+,
add,2680,cabin,cabin,noun,base,1,,exam,2,center_exam,センター試験語彙リスト由来。意味は要補充,center_pos=NN; center_pmw=10+,cabin,NN,10+,
add,2681,campground,campground,noun,base,1,,exam,2,center_exam,センター試験語彙リスト由来。意味は要補充,center_pos=NN; center_pmw=10+,campground,NN,10+,
add,2683,capable,capable,adjective,base,1,,exam,2,center_exam,センター試験語彙リスト由来。意味は要補充,center_pos=JJ; center_pmw=10+,capable,JJ,10+,
add,2685,carriage,carriage,noun,base,1,,exam,2,center_exam,センター試験語彙リスト由来。意味は要補充,center_pos=NN; center_pmw=10+,carriage,NN,10+,
add,2686,carter,carter,noun,base,1,,exam,2,center_exam,センター試験語彙リスト由来。意味は要補充,center_pos=NN; center_pmw=10+,carter,NN,10+,
add,2687,castle,castle,noun,base,1,,exam,2,center_exam,センター試験語彙リスト由来。意味は要補充,center_pos=NN; center_pmw=10+,castle,NN,10+,
add,2688,casual,casual,adjective,base,1,,exam,2,center_exam,センター試験語彙リスト由来。意味は要補充,center_pos=JJ; center_pmw=10+,casual,JJ,10+,
add,2689,chest,chest,noun,base,1,,exam,2,center_exam,センター試験語彙リスト由来。意味は要補充,center_pos=NN; center_pmw=10+,chest,NN,10+,
add,2690,civilization,civilization,noun,base,1,,exam,2,center_exam,センター試験語彙リスト由来。意味は要補充,center_pos=NN; center_pmw=10+,civilization,NN,10+,
add,2691,claw,claw,noun,base,1,,exam,2,center_exam,センター試験語彙リスト由来。意味は要補充,center_pos=NN; center_pmw=10+,claw,NN,10+,
add,2692,client,client,noun,base,1,,exam,2,center_exam,センター試験語彙リスト由来。意味は要補充,center_pos=NN; center_pmw=10+,client,NN,10+,
add,2693,clue,clue,noun,base,1,,exam,2,center_exam,センター試験語彙リスト由来。意味は要補充,center_pos=NN; center_pmw=10+,clue,NN,10+,
add,2695,command,command,noun,base,1,,exam,2,center_exam,センター試験語彙リスト由来。意味は要補充,center_pos=NN; center_pmw=10+,command,NN,10+,
add,2696,compose,compose,verb,base,1,,exam,2,center_exam,センター試験語彙リスト由来。意味は要補充,center_pos=VV; center_pmw=10+,compose,VV,10+,
add,2697,confirm,confirm,verb,base,1,,exam,2,center_exam,センター試験語彙リスト由来。意味は要補充,center_pos=VV; center_pmw=10+,confirm,VV,10+,
add,2698,container,container,noun,base,1,,exam,2,center_exam,センター試験語彙リスト由来。意味は要補充,center_pos=NN; center_pmw=10+,container,NN,10+,
add,2699,contrary,contrary,adjective,base,1,,exam,2,center_exam,センター試験語彙リスト由来。意味は要補充,center_pos=JJ; center_pmw=10+,contrary,JJ,10+,
add,2701,cord,cord,noun,base,1,,exam,2,center_exam,センター試験語彙リスト由来。意味は要補充,center_pos=NN; center_pmw=10+,cord,NN,10+,
add,2702,cosmetic,cosmetic,adjective,base,1,,exam,2,center_exam,センター試験語彙リスト由来。意味は要補充,center_pos=JJ; center_pmw=10+,cosmetic,JJ,10+,
add,2703,crack,crack,noun,base,1,,exam,2,center_exam,センター試験語彙リスト由来。意味は要補充,center_pos=NN; center_pmw=10+,crack,NN,10+,
add,2704,crew,crew,noun,base,1,,exam,2,center_exam,センター試験語彙リスト由来。意味は要補充,center_pos=NN; center_pmw=10+,crew,NN,10+,
add,2705,criticize,criticize,verb,base,1,,exam,2,center_exam,センター試験語彙リスト由来。意味は要補充,center_pos=VV; center_pmw=10+,criticize,VV,10+,
add,2706,curious,curious,adjective,base,1,,exam,2,center_exam,センター試験語彙リスト由来。意味は要補充,center_pos=JJ; center_pmw=10+,curious,JJ,10+,
add,2707,curiously,curiously,adverb,base,1,,exam,2,center_exam,センター試験語彙リスト由来。意味は要補充,center_pos=RB; center_pmw=10+,curiously,RB,10+,
add,2708,dead,dead,adjective,base,1,,exam,2,center_exam,センター試験語彙リスト由来。意味は要補充,center_pos=JJ; center_pmw=10+,dead,JJ,10+,
add,2709,deadline,deadline,noun,base,1,,exam,2,center_exam,センター試験語彙リスト由来。意味は要補充,center_pos=NN; center_pmw=10+,deadline,NN,10+,
add,2710,deaf,deaf,adjective,base,1,,exam,2,center_exam,センター試験語彙リスト由来。意味は要補充,center_pos=JJ; center_pmw=10+,deaf,JJ,10+,
add,2711,decade,decade,noun,base,1,,exam,2,center_exam,センター試験語彙リスト由来。意味は要補充,center_pos=NN; center_pmw=10+,decade,NN,10+,
add,2713,delightful,delightful,adjective,base,1,,exam,2,center_exam,センター試験語彙リスト由来。意味は要補充,center_pos=JJ; center_pmw=10+,delightful,JJ,10+,
add,2714,delivery,delivery,noun,base,1,,exam,2,center_exam,センター試験語彙リスト由来。意味は要補充,center_pos=NN; center_pmw=10+,delivery,NN,10+,
add,2715,desirable,desirable,adjective,base,1,,exam,2,center_exam,センター試験語彙リスト由来。意味は要補充,center_pos=JJ; center_pmw=10+,desirable,JJ,10+,
add,2716,devote,devote,verb,base,1,,exam,2,center_exam,センター試験語彙リスト由来。意味は要補充,center_pos=VV; center_pmw=10+,devote,VV,10+,
add,2717,dialogue,dialogue,noun,base,1,,exam,2,center_exam,センター試験語彙リスト由来。意味は要補充,center_pos=NN; center_pmw=10+,dialogue,NN,10+,
add,2718,dig,dig,noun,base,1,,exam,2,center_exam,センター試験語彙リスト由来。意味は要補充,center_pos=NN; center_pmw=10+,dig,NN,10+,
add,2719,direct,direct,adjective,base,1,,exam,2,center_exam,センター試験語彙リスト由来。意味は要補充,center_pos=JJ; center_pmw=10+,direct,JJ,10+,
add,2720,distinctive,distinctive,adjective,base,1,,exam,2,center_exam,センター試験語彙リスト由来。意味は要補充,center_pos=JJ; center_pmw=10+,distinctive,JJ,10+,
add,2721,distinguish,distinguish,verb,base,1,,exam,2,center_exam,センター試験語彙リスト由来。意味は要補充,center_pos=VV; center_pmw=10+,distinguish,VV,10+,
add,2722,distract,distract,verb,base,1,,exam,2,center_exam,センター試験語彙リスト由来。意味は要補充,center_pos=VV; center_pmw=10+,distract,VV,10+,
add,2724,duty,duty,noun,base,1,,exam,2,center_exam,センター試験語彙リスト由来。意味は要補充,center_pos=NN; center_pmw=10+,duty,NN,10+,
add,2725,earphone,earphone,noun,base,1,,exam,2,center_exam,センター試験語彙リスト由来。意味は要補充,center_pos=NN; center_pmw=10+,earphone,NN,10+,
add,2726,efficiency,efficiency,noun,base,1,,exam,2,center_exam,センター試験語彙リスト由来。意味は要補充,center_pos=NN; center_pmw=10+,efficiency,NN,10+,
add,2730,electronic,electronic,adjective,base,1,,exam,2,center_exam,センター試験語彙リスト由来。意味は要補充,center_pos=JJ; center_pmw=10+,electronic,JJ,10+,
add,2732,embarassed,embarassed,adjective,base,1,,exam,2,center_exam,センター試験語彙リスト由来。意味は要補充,center_pos=JJ; center_pmw=10+,embarassed,JJ,10+,
add,2733,emerge,emerge,verb,base,1,,exam,2,center_exam,センター試験語彙リスト由来。意味は要補充,center_pos=VV; center_pmw=10+,emerge,VV,10+,
add,2734,employ,employ,verb,base,1,,exam,2,center_exam,センター試験語彙リスト由来。意味は要補充,center_pos=VV; center_pmw=10+,employ,VV,10+,
add,2735,employment,employment,noun,base,1,,exam,2,center_exam,センター試験語彙リスト由来。意味は要補充,center_pos=NN; center_pmw=10+,employment,NN,10+,
add,2736,encounter,encounter,noun,base,1,,exam,2,center_exam,センター試験語彙リスト由来。意味は要補充,center_pos=NN; center_pmw=10+,encounter,NN,10+,
add,2737,enjoyment,enjoyment,noun,base,1,,exam,2,center_exam,センター試験語彙リスト由来。意味は要補充,center_pos=NN; center_pmw=10+,enjoyment,NN,10+,
add,2738,enormous,enormous,adjective,base,1,,exam,2,center_exam,センター試験語彙リスト由来。意味は要補充,center_pos=JJ; center_pmw=10+,enormous,JJ,10+,
add,2739,entertainer,entertainer,noun,base,1,,exam,2,center_exam,センター試験語彙リスト由来。意味は要補充,center_pos=NN; center_pmw=10+,entertainer,NN,10+,
add,2740,enthusiasm,enthusiasm,noun,base,1,,exam,2,center_exam,センター試験語彙リスト由来。意味は要補充,center_pos=NN; center_pmw=10+,enthusiasm,NN,10+,
add,2741,environmental,environmental,adjective,base,1,,exam,2,center_exam,センター試験語彙リスト由来。意味は要補充,center_pos=JJ; center_pmw=10+,environmental,JJ,10+,
add,2742,ethnic,ethnic,adjective,base,1,,exam,2,center_exam,センター試験語彙リスト由来。意味は要補充,center_pos=JJ; center_pmw=10+,ethnic,JJ,10+,
add,2743,evaluate,evaluate,verb,base,1,,exam,2,center_exam,センター試験語彙リスト由来。意味は要補充,center_pos=VV; center_pmw=10+,evaluate,VV,10+,
add,2745,examination,examination,noun,base,1,,exam,2,center_exam,センター試験語彙リスト由来。意味は要補充,center_pos=NN; center_pmw=10+,examination,NN,10+,
add,2746,fascinating,fascinating,adjective,base,1,,exam,2,center_exam,センター試験語彙リスト由来。意味は要補充,center_pos=JJ; center_pmw=10+,fascinating,JJ,10+,
add,2747,fault,fault,noun,base,1,,exam,2,center_exam,センター試験語彙リスト由来。意味は要補充,center_pos=NN; center_pmw=10+,fault,NN,10+,
add,2748,fever,fever,noun,base,1,,exam,2,center_exam,センター試験語彙リスト由来。意味は要補充,center_pos=NN; center_pmw=10+,fever,NN,10+,
add,2749,fiction,fiction,noun,base,1,,exam,2,center_exam,センター試験語彙リスト由来。意味は要補充,center_pos=NN; center_pmw=10+,fiction,NN,10+,
add,2750,fishery,fishery,noun,base,1,,exam,2,center_exam,センター試験語彙リスト由来。意味は要補充,center_pos=NN; center_pmw=10+,fishery,NN,10+,
add,2751,flavor,flavor,noun,base,1,,exam,2,center_exam,センター試験語彙リスト由来。意味は要補充,center_pos=NN; center_pmw=10+,flavor,NN,10+,
add,2752,flour,flour,noun,base,1,,exam,2,center_exam,センター試験語彙リスト由来。意味は要補充,center_pos=NN; center_pmw=10+,flour,NN,10+,
add,2754,footprint,footprint,noun,base,1,,exam,2,center_exam,センター試験語彙リスト由来。意味は要補充,center_pos=NN; center_pmw=10+,footprint,NN,10+,
add,2756,forth,forth,adverb,base,1,,exam,2,center_exam,センター試験語彙リスト由来。意味は要補充,center_pos=RB; center_pmw=10+,forth,RB,10+,
add,2757,fortunately,fortunately,adverb,base,1,,exam,2,center_exam,センター試験語彙リスト由来。意味は要補充,center_pos=RB; center_pmw=10+,fortunately,RB,10+,
add,2758,frank,frank,adjective,base,1,,exam,2,center_exam,センター試験語彙リスト由来。意味は要補充,center_pos=JJ; center_pmw=10+,frank,JJ,10+,
add,2759,frighten,frighten,verb,base,1,,exam,2,center_exam,センター試験語彙リスト由来。意味は要補充,center_pos=VV; center_pmw=10+,frighten,VV,10+,
add,2760,frustrate,frustrate,adjective,base,1,,exam,2,center_exam,センター試験語彙リスト由来。意味は要補充,center_pos=JJ; center_pmw=10+,frustrate,JJ,10+,
add,2761,gallery,gallery,noun,base,1,,exam,2,center_exam,センター試験語彙リスト由来。意味は要補充,center_pos=NN; center_pmw=10+,gallery,NN,10+,
add,2762,gaze,gaze,noun,base,1,,exam,2,center_exam,センター試験語彙リスト由来。意味は要補充,center_pos=NN; center_pmw=10+,gaze,NN,10+,
add,2763,genetic,genetic,adjective,base,1,,exam,2,center_exam,センター試験語彙リスト由来。意味は要補充,center_pos=JJ; center_pmw=10+,genetic,JJ,10+,
add,2764,genius,genius,noun,base,1,,exam,2,center_exam,センター試験語彙リスト由来。意味は要補充,center_pos=NN; center_pmw=10+,genius,NN,10+,
add,2765,girlfriend,girlfriend,noun,base,1,,exam,2,center_exam,センター試験語彙リスト由来。意味は要補充,center_pos=NN; center_pmw=10+,girlfriend,NN,10+,
add,2769,grab,grab,noun,base,1,,exam,2,center_exam,センター試験語彙リスト由来。意味は要補充,center_pos=NN; center_pmw=10+,grab,NN,10+,
add,2770,gradual,gradual,adjective,base,1,,exam,2,center_exam,センター試験語彙リスト由来。意味は要補充,center_pos=JJ; center_pmw=10+,gradual,JJ,10+,
add,2771,grain,grain,noun,base,1,,exam,2,center_exam,センター試験語彙リスト由来。意味は要補充,center_pos=NN; center_pmw=10+,grain,NN,10+,
add,2773,grateful,grateful,adjective,base,1,,exam,2,center_exam,センター試験語彙リスト由来。意味は要補充,center_pos=JJ; center_pmw=10+,grateful,JJ,10+,
add,2774,guy,guy,noun,base,1,,exam,2,center_exam,センター試験語彙リスト由来。意味は要補充,center_pos=NN; center_pmw=10+,guy,NN,10+,
add,2776,handkerchief,handkerchief,noun,base,1,,exam,2,center_exam,センター試験語彙リスト由来。意味は要補充,center_pos=NN; center_pmw=10+,handkerchief,NN,10+,
add,2779,historically,historically,adverb,base,1,,exam,2,center_exam,センター試験語彙リスト由来。意味は要補充,center_pos=RB; center_pmw=10+,historically,RB,10+,
add,2780,hollow,hollow,adjective,base,1,,exam,2,center_exam,センター試験語彙リスト由来。意味は要補充,center_pos=JJ; center_pmw=10+,hollow,JJ,10+,
add,2781,hood,hood,noun,base,1,,exam,2,center_exam,センター試験語彙リスト由来。意味は要補充,center_pos=NN; center_pmw=10+,hood,NN,10+,
add,2782,horrible,horrible,adjective,base,1,,exam,2,center_exam,センター試験語彙リスト由来。意味は要補充,center_pos=JJ; center_pmw=10+,horrible,JJ,10+,
add,2784,housework,housework,noun,base,1,,exam,2,center_exam,センター試験語彙リスト由来。意味は要補充,center_pos=NN; center_pmw=10+,housework,NN,10+,
add,2785,imaginary,imaginary,adjective,base,1,,exam,2,center_exam,センター試験語彙リスト由来。意味は要補充,center_pos=JJ; center_pmw=10+,imaginary,JJ,10+,
add,2786,immediate,immediate,adjective,base,1,,exam,2,center_exam,センター試験語彙リスト由来。意味は要補充,center_pos=JJ; center_pmw=10+,immediate,JJ,10+,
add,2787,impressive,impressive,adjective,base,1,,exam,2,center_exam,センター試験語彙リスト由来。意味は要補充,center_pos=JJ; center_pmw=10+,impressive,JJ,10+,
add,2788,inappropriate,inappropriate,adjective,base,1,,exam,2,center_exam,センター試験語彙リスト由来。意味は要補充,center_pos=JJ; center_pmw=10+,inappropriate,JJ,10+,
add,2789,incisor,incisor,noun,base,1,,exam,2,center_exam,センター試験語彙リスト由来。意味は要補充,center_pos=NN; center_pmw=10+,incisor,NN,10+,
add,2790,independence,independence,noun,base,1,,exam,2,center_exam,センター試験語彙リスト由来。意味は要補充,center_pos=NN; center_pmw=10+,independence,NN,10+,
add,2791,individuality,individuality,noun,base,1,,exam,2,center_exam,センター試験語彙リスト由来。意味は要補充,center_pos=NN; center_pmw=10+,individuality,NN,10+,
add,2792,inexpensive,inexpensive,adjective,base,1,,exam,2,center_exam,センター試験語彙リスト由来。意味は要補充,center_pos=JJ; center_pmw=10+,inexpensive,JJ,10+,
add,2793,influential,influential,adjective,base,1,,exam,2,center_exam,センター試験語彙リスト由来。意味は要補充,center_pos=JJ; center_pmw=10+,influential,JJ,10+,
add,2794,infomail,infomail,noun,base,1,,exam,2,center_exam,センター試験語彙リスト由来。意味は要補充,center_pos=NN; center_pmw=10+,infomail,NN,10+,
add,2795,initial,initial,adjective,base,1,,exam,2,center_exam,センター試験語彙リスト由来。意味は要補充,center_pos=JJ; center_pmw=10+,initial,JJ,10+,
add,2796,injury,injury,noun,base,1,,exam,2,center_exam,センター試験語彙リスト由来。意味は要補充,center_pos=NN; center_pmw=10+,injury,NN,10+,
add,2797,institution,institution,noun,base,1,,exam,2,center_exam,センター試験語彙リスト由来。意味は要補充,center_pos=NN; center_pmw=10+,institution,NN,10+,
add,2798,interfere,interfere,verb,base,1,,exam,2,center_exam,センター試験語彙リスト由来。意味は要補充,center_pos=VV; center_pmw=10+,interfere,VV,10+,
add,2799,interpret,interpret,verb,base,1,,exam,2,center_exam,センター試験語彙リスト由来。意味は要補充,center_pos=VV; center_pmw=10+,interpret,VV,10+,
add,2800,irritate,irritate,verb,base,1,,exam,2,center_exam,センター試験語彙リスト由来。意味は要補充,center_pos=VV; center_pmw=10+,irritate,VV,10+,
add,2801,jaw,jaw,noun,base,1,,exam,2,center_exam,センター試験語彙リスト由来。意味は要補充,center_pos=NN; center_pmw=10+,jaw,NN,10+,
add,2802,jazz,jazz,noun,base,1,,exam,2,center_exam,センター試験語彙リスト由来。意味は要補充,center_pos=NN; center_pmw=10+,jazz,NN,10+,
add,2803,jewelry,jewelry,noun,base,1,,exam,2,center_exam,センター試験語彙リスト由来。意味は要補充,center_pos=NN; center_pmw=10+,jewelry,NN,10+,
add,2804,journal,journal,noun,base,1,,exam,2,center_exam,センター試験語彙リスト由来。意味は要補充,center_pos=NN; center_pmw=10+,journal,NN,10+,
add,2805,justice,justice,noun,base,1,,exam,2,center_exam,センター試験語彙リスト由来。意味は要補充,center_pos=NN; center_pmw=10+,justice,NN,10+,
add,2806,kick,kick,noun,base,1,,exam,2,center_exam,センター試験語彙リスト由来。意味は要補充,center_pos=NN; center_pmw=10+,kick,NN,10+,
add,2808,laboratory,laboratory,noun,base,1,,exam,2,center_exam,センター試験語彙リスト由来。意味は要補充,center_pos=NN; center_pmw=10+,laboratory,NN,10+,
add,2809,lane,lane,noun,base,1,,exam,2,center_exam,センター試験語彙リスト由来。意味は要補充,center_pos=NN; center_pmw=10+,lane,NN,10+,
add,2811,laundry,laundry,noun,base,1,,exam,2,center_exam,センター試験語彙リスト由来。意味は要補充,center_pos=NN; center_pmw=10+,laundry,NN,10+,
add,2813,lifetime,lifetime,noun,base,1,,exam,2,center_exam,センター試験語彙リスト由来。意味は要補充,center_pos=NN; center_pmw=10+,lifetime,NN,10+,
add,2814,loudly,loudly,adverb,base,1,,exam,2,center_exam,センター試験語彙リスト由来。意味は要補充,center_pos=RB; center_pmw=10+,loudly,RB,10+,
add,2815,lung,lung,noun,base,1,,exam,2,center_exam,センター試験語彙リスト由来。意味は要補充,center_pos=NN; center_pmw=10+,lung,NN,10+,
add,2816,mad,mad,adjective,base,1,,exam,2,center_exam,センター試験語彙リスト由来。意味は要補充,center_pos=JJ; center_pmw=10+,mad,JJ,10+,
add,2817,mailman,mailman,noun,base,1,,exam,2,center_exam,センター試験語彙リスト由来。意味は要補充,center_pos=NN; center_pmw=10+,mailman,NN,10+,
add,2818,mall,mall,noun,base,1,,exam,2,center_exam,センター試験語彙リスト由来。意味は要補充,center_pos=NN; center_pmw=10+,mall,NN,10+,
add,2819,mate,mate,noun,base,1,,exam,2,center_exam,センター試験語彙リスト由来。意味は要補充,center_pos=NN; center_pmw=10+,mate,NN,10+,
add,2823,neatly,neatly,adverb,base,1,,exam,2,center_exam,センター試験語彙リスト由来。意味は要補充,center_pos=RB; center_pmw=10+,neatly,RB,10+,
add,2824,necessarily,necessarily,adverb,base,1,,exam,2,center_exam,センター試験語彙リスト由来。意味は要補充,center_pos=RB; center_pmw=10+,necessarily,RB,10+,
add,2825,necessity,necessity,noun,base,1,,exam,2,center_exam,センター試験語彙リスト由来。意味は要補充,center_pos=NN; center_pmw=10+,necessity,NN,10+,
add,2826,necklace,necklace,noun,base,1,,exam,2,center_exam,センター試験語彙リスト由来。意味は要補充,center_pos=NN; center_pmw=10+,necklace,NN,10+,
add,2827,neglect,neglect,noun,base,1,,exam,2,center_exam,センター試験語彙リスト由来。意味は要補充,center_pos=NN; center_pmw=10+,neglect,NN,10+,
add,2829,nonsense,nonsense,noun,base,1,,exam,2,center_exam,センター試験語彙リスト由来。意味は要補充,center_pos=NN; center_pmw=10+,nonsense,NN,10+,
add,2832,occupy,occupy,verb,base,1,,exam,2,center_exam,センター試験語彙リスト由来。意味は要補充,center_pos=VV; center_pmw=10+,occupy,VV,10+,
add,2833,outdoors,outdoors,adverb,base,1,,exam,2,center_exam,センター試験語彙リスト由来。意味は要補充,center_pos=RB; center_pmw=10+,outdoors,RB,10+,
add,2834,outsider,outsider,noun,base,1,,exam,2,center_exam,センター試験語彙リスト由来。意味は要補充,center_pos=NN; center_pmw=10+,outsider,NN,10+,
add,2835,oxygen,oxygen,noun,base,1,,exam,2,center_exam,センター試験語彙リスト由来。意味は要補充,center_pos=NN; center_pmw=10+,oxygen,NN,10+,
add,2837,parachute,parachute,noun,base,1,,exam,2,center_exam,センター試験語彙リスト由来。意味は要補充,center_pos=NN; center_pmw=10+,parachute,NN,10+,
add,2839,pathway,pathway,noun,base,1,,exam,2,center_exam,センター試験語彙リスト由来。意味は要補充,center_pos=NN; center_pmw=10+,pathway,NN,10+,
add,2840,performer,performer,noun,base,1,,exam,2,center_exam,センター試験語彙リスト由来。意味は要補充,center_pos=NN; center_pmw=10+,performer,NN,10+,
add,2841,permanent,permanent,adjective,base,1,,exam,2,center_exam,センター試験語彙リスト由来。意味は要補充,center_pos=JJ; center_pmw=10+,permanent,JJ,10+,
add,2842,phenomenon,phenomenon,noun,base,1,,exam,2,center_exam,センター試験語彙リスト由来。意味は要補充,center_pos=NN; center_pmw=10+,phenomenon,NN,10+,
add,2843,phonograph,phonograph,noun,base,1,,exam,2,center_exam,センター試験語彙リスト由来。意味は要補充,center_pos=NN; center_pmw=10+,phonograph,NN,10+,
add,2844,pin,pin,noun,base,1,,exam,2,center_exam,センター試験語彙リスト由来。意味は要補充,center_pos=NN; center_pmw=10+,pin,NN,10+,
add,2845,playground,playground,noun,base,1,,exam,2,center_exam,センター試験語彙リスト由来。意味は要補充,center_pos=NN; center_pmw=10+,playground,NN,10+,
add,2846,poetry,poetry,noun,base,1,,exam,2,center_exam,センター試験語彙リスト由来。意味は要補充,center_pos=NN; center_pmw=10+,poetry,NN,10+,
add,2847,polish,polish,noun,base,1,,exam,2,center_exam,センター試験語彙リスト由来。意味は要補充,center_pos=NN; center_pmw=10+,polish,NN,10+,
add,2848,politely,politely,adverb,base,1,,exam,2,center_exam,センター試験語彙リスト由来。意味は要補充,center_pos=RB; center_pmw=10+,politely,RB,10+,
add,2850,politician,politician,noun,base,1,,exam,2,center_exam,センター試験語彙リスト由来。意味は要補充,center_pos=NN; center_pmw=10+,politician,NN,10+,
add,2853,prefecture,prefecture,noun,base,1,,exam,2,center_exam,センター試験語彙リスト由来。意味は要補充,center_pos=NN; center_pmw=10+,prefecture,NN,10+,
add,2854,presence,presence,noun,base,1,,exam,2,center_exam,センター試験語彙リスト由来。意味は要補充,center_pos=NN; center_pmw=10+,presence,NN,10+,
add,2855,press,press,noun,base,1,,exam,2,center_exam,センター試験語彙リスト由来。意味は要補充,center_pos=NN; center_pmw=10+,press,NN,10+,
add,2856,principal,principal,adjective,base,1,,exam,2,center_exam,センター試験語彙リスト由来。意味は要補充,center_pos=JJ; center_pmw=10+,principal,JJ,10+,
add,2857,probable,probable,adjective,base,1,,exam,2,center_exam,センター試験語彙リスト由来。意味は要補充,center_pos=JJ; center_pmw=10+,probable,JJ,10+,
add,2858,pronounce,pronounce,verb,base,1,,exam,2,center_exam,センター試験語彙リスト由来。意味は要補充,center_pos=VV; center_pmw=10+,pronounce,VV,10+,
add,2860,realistic,realistic,adjective,base,1,,exam,2,center_exam,センター試験語彙リスト由来。意味は要補充,center_pos=JJ; center_pmw=10+,realistic,JJ,10+,
add,2861,rectangle,rectangle,noun,base,1,,exam,2,center_exam,センター試験語彙リスト由来。意味は要補充,center_pos=NN; center_pmw=10+,rectangle,NN,10+,
add,2862,redheaded,redheaded,adjective,base,1,,exam,2,center_exam,センター試験語彙リスト由来。意味は要補充,center_pos=JJ; center_pmw=10+,redheaded,JJ,10+,
add,2863,refresh,refresh,verb,base,1,,exam,2,center_exam,センター試験語彙リスト由来。意味は要補充,center_pos=VV; center_pmw=10+,refresh,VV,10+,
add,2864,religious,religious,adjective,base,1,,exam,2,center_exam,センター試験語彙リスト由来。意味は要補充,center_pos=JJ; center_pmw=10+,religious,JJ,10+,
add,2865,reserve,reserve,noun,base,1,,exam,2,center_exam,センター試験語彙リスト由来。意味は要補充,center_pos=NN; center_pmw=10+,reserve,NN,10+,
add,2866,reverse,reverse,noun,base,1,,exam,2,center_exam,センター試験語彙リスト由来。意味は要補充,center_pos=NN; center_pmw=10+,reverse,NN,10+,
add,2867,review,review,noun,base,1,,exam,2,center_exam,センター試験語彙リスト由来。意味は要補充,center_pos=NN; center_pmw=10+,review,NN,10+,
add,2868,rider,rider,noun,base,1,,exam,2,center_exam,センター試験語彙リスト由来。意味は要補充,center_pos=NN; center_pmw=10+,rider,NN,10+,
add,2869,sacred,sacred,adjective,base,1,,exam,2,center_exam,センター試験語彙リスト由来。意味は要補充,center_pos=JJ; center_pmw=10+,sacred,JJ,10+,
add,2870,scuba,scuba,noun,base,1,,exam,2,center_exam,センター試験語彙リスト由来。意味は要補充,center_pos=NN; center_pmw=10+,scuba,NN,10+,
add,2871,seller,seller,noun,base,1,,exam,2,center_exam,センター試験語彙リスト由来。意味は要補充,center_pos=NN; center_pmw=10+,seller,NN,10+,
add,2873,server,server,noun,base,1,,exam,2,center_exam,センター試験語彙リスト由来。意味は要補充,center_pos=NN; center_pmw=10+,server,NN,10+,
add,2876,shrimp,shrimp,noun,base,1,,exam,2,center_exam,センター試験語彙リスト由来。意味は要補充,center_pos=NN; center_pmw=10+,shrimp,NN,10+,
add,2877,sidewalk,sidewalk,noun,base,1,,exam,2,center_exam,センター試験語彙リスト由来。意味は要補充,center_pos=NN; center_pmw=10+,sidewalk,NN,10+,
add,2880,similarly,similarly,adverb,base,1,,exam,2,center_exam,センター試験語彙リスト由来。意味は要補充,center_pos=RB; center_pmw=10+,similarly,RB,10+,
add,2881,sink,sink,noun,base,1,,exam,2,center_exam,センター試験語彙リスト由来。意味は要補充,center_pos=NN; center_pmw=10+,sink,NN,10+,
add,2882,skiing,skiing,noun,base,1,,exam,2,center_exam,センター試験語彙リスト由来。意味は要補充,center_pos=NN; center_pmw=10+,skiing,NN,10+,
add,2884,slogan,slogan,noun,base,1,,exam,2,center_exam,センター試験語彙リスト由来。意味は要補充,center_pos=NN; center_pmw=10+,slogan,NN,10+,
add,2885,sneak,sneak,noun,base,1,,exam,2,center_exam,センター試験語彙リスト由来。意味は要補充,center_pos=NN; center_pmw=10+,sneak,NN,10+,
add,2887,solar,solar,adjective,base,1,,exam,2,center_exam,センター試験語彙リスト由来。意味は要補充,center_pos=JJ; center_pmw=10+,solar,JJ,10+,
add,2889,sore,sore,adjective,base,1,,exam,2,center_exam,センター試験語彙リスト由来。意味は要補充,center_pos=JJ; center_pmw=10+,sore,JJ,10+,
add,2891,specially,specially,adverb,base,1,,exam,2,center_exam,センター試験語彙リスト由来。意味は要補充,center_pos=RB; center_pmw=10+,specially,RB,10+,
add,2892,spice,spice,noun,base,1,,exam,2,center_exam,センター試験語彙リスト由来。意味は要補充,center_pos=NN; center_pmw=10+,spice,NN,10+,
add,2893,staircase,staircase,noun,base,1,,exam,2,center_exam,センター試験語彙リスト由来。意味は要補充,center_pos=NN; center_pmw=10+,staircase,NN,10+,
add,2894,straw,straw,noun,base,1,,exam,2,center_exam,センター試験語彙リスト由来。意味は要補充,center_pos=NN; center_pmw=10+,straw,NN,10+,
add,2895,strict,strict,adjective,base,1,,exam,2,center_exam,センター試験語彙リスト由来。意味は要補充,center_pos=JJ; center_pmw=10+,strict,JJ,10+,
add,2897,stupid,stupid,adjective,base,1,,exam,2,center_exam,センター試験語彙リスト由来。意味は要補充,center_pos=JJ; center_pmw=10+,stupid,JJ,10+,
add,2900,sum,sum,noun,base,1,,exam,2,center_exam,センター試験語彙リスト由来。意味は要補充,center_pos=NN; center_pmw=10+,sum,NN,10+,
add,2901,surf,surf,noun,base,1,,exam,2,center_exam,センター試験語彙リスト由来。意味は要補充,center_pos=NN; center_pmw=10+,surf,NN,10+,
add,2902,sweeten,sweeten,verb,base,1,,exam,2,center_exam,センター試験語彙リスト由来。意味は要補充,center_pos=VV; center_pmw=10+,sweeten,VV,10+,
add,2903,swimsuit,swimsuit,noun,base,1,,exam,2,center_exam,センター試験語彙リスト由来。意味は要補充,center_pos=NN; center_pmw=10+,swimsuit,NN,10+,
add,2904,tag,tag,noun,base,1,,exam,2,center_exam,センター試験語彙リスト由来。意味は要補充,center_pos=NN; center_pmw=10+,tag,NN,10+,
add,2905,taro,taro,noun,base,1,,exam,2,center_exam,センター試験語彙リスト由来。意味は要補充,center_pos=NN; center_pmw=10+,taro,NN,10+,
add,2906,tease,tease,verb,base,1,,exam,2,center_exam,センター試験語彙リスト由来。意味は要補充,center_pos=VV; center_pmw=10+,tease,VV,10+,
add,2907,technical,technical,adjective,base,1,,exam,2,center_exam,センター試験語彙リスト由来。意味は要補充,center_pos=JJ; center_pmw=10+,technical,JJ,10+,
add,2908,tense,tense,adjective,base,1,,exam,2,center_exam,センター試験語彙リスト由来。意味は要補充,center_pos=JJ; center_pmw=10+,tense,JJ,10+,
add,2909,thinker,thinker,noun,base,1,,exam,2,center_exam,センター試験語彙リスト由来。意味は要補充,center_pos=NN; center_pmw=10+,thinker,NN,10+,
add,2910,thirsty,thirsty,adjective,base,1,,exam,2,center_exam,センター試験語彙リスト由来。意味は要補充,center_pos=JJ; center_pmw=10+,thirsty,JJ,10+,
add,2912,tight,tight,adverb,base,1,,exam,2,center_exam,センター試験語彙リスト由来。意味は要補充,center_pos=RB; center_pmw=10+,tight,RB,10+,
add,2913,toothache,toothache,noun,base,1,,exam,2,center_exam,センター試験語彙リスト由来。意味は要補充,center_pos=NN; center_pmw=10+,toothache,NN,10+,
add,2914,torch,torch,noun,base,1,,exam,2,center_exam,センター試験語彙リスト由来。意味は要補充,center_pos=NN; center_pmw=10+,torch,NN,10+,
add,2915,traditionally,traditionally,adverb,base,1,,exam,2,center_exam,センター試験語彙リスト由来。意味は要補充,center_pos=RB; center_pmw=10+,traditionally,RB,10+,
add,2916,tragedy,tragedy,noun,base,1,,exam,2,center_exam,センター試験語彙リスト由来。意味は要補充,center_pos=NN; center_pmw=10+,tragedy,NN,10+,
add,2917,transfer,transfer,noun,base,1,,exam,2,center_exam,センター試験語彙リスト由来。意味は要補充,center_pos=NN; center_pmw=10+,transfer,NN,10+,
add,2919,trout,trout,noun,base,1,,exam,2,center_exam,センター試験語彙リスト由来。意味は要補充,center_pos=NN; center_pmw=10+,trout,NN,10+,
add,2920,tumor,tumor,noun,base,1,,exam,2,center_exam,センター試験語彙リスト由来。意味は要補充,center_pos=NN; center_pmw=10+,tumor,NN,10+,
add,2921,twin,twin,adjective,base,1,,exam,2,center_exam,センター試験語彙リスト由来。意味は要補充,center_pos=JJ; center_pmw=10+,twin,JJ,10+,
add,2922,typically,typically,adverb,base,1,,exam,2,center_exam,センター試験語彙リスト由来。意味は要補充,center_pos=RB; center_pmw=10+,typically,RB,10+,
add,2924,uncertain,uncertain,adjective,base,1,,exam,2,center_exam,センター試験語彙リスト由来。意味は要補充,center_pos=JJ; center_pmw=10+,uncertain,JJ,10+,
add,2925,unconscious,unconscious,adjective,base,1,,exam,2,center_exam,センター試験語彙リスト由来。意味は要補充,center_pos=JJ; center_pmw=10+,unconscious,JJ,10+,
add,2926,unconsciously,unconsciously,adverb,base,1,,exam,2,center_exam,センター試験語彙リスト由来。意味は要補充,center_pos=RB; center_pmw=10+,unconsciously,RB,10+,
add,2927,unimportant,unimportant,adjective,base,1,,exam,2,center_exam,センター試験語彙リスト由来。意味は要補充,center_pos=JJ; center_pmw=10+,unimportant,JJ,10+,
add,2928,unit,unit,noun,base,1,,exam,2,center_exam,センター試験語彙リスト由来。意味は要補充,center_pos=NN; center_pmw=10+,unit,NN,10+,
add,2929,unlikely,unlikely,adjective,base,1,,exam,2,center_exam,センター試験語彙リスト由来。意味は要補充,center_pos=JJ; center_pmw=10+,unlikely,JJ,10+,
add,2930,unnatural,unnatural,adjective,base,1,,exam,2,center_exam,センター試験語彙リスト由来。意味は要補充,center_pos=JJ; center_pmw=10+,unnatural,JJ,10+,
add,2931,urban,urban,adjective,base,1,,exam,2,center_exam,センター試験語彙リスト由来。意味は要補充,center_pos=JJ; center_pmw=10+,urban,JJ,10+,
add,2932,urge,urge,noun,base,1,,exam,2,center_exam,センター試験語彙リスト由来。意味は要補充,center_pos=NN; center_pmw=10+,urge,NN,10+,
add,2933,usefulness,usefulness,noun,base,1,,exam,2,center_exam,センター試験語彙リスト由来。意味は要補充,center_pos=NN; center_pmw=10+,usefulness,NN,10+,
add,2934,utility,utility,noun,base,1,,exam,2,center_exam,センター試験語彙リスト由来。意味は要補充,center_pos=NN; center_pmw=10+,utility,NN,10+,
add,2935,violinist,violinist,noun,base,1,,exam,2,center_exam,センター試験語彙リスト由来。意味は要補充,center_pos=NN; center_pmw=10+,violinist,NN,10+,
add,2936,virtue,virtue,noun,base,1,,exam,2,center_exam,センター試験語彙リスト由来。意味は要補充,center_pos=NN; center_pmw=10+,virtue,NN,10+,
add,2939,weaken,weaken,verb,base,1,,exam,2,center_exam,センター試験語彙リスト由来。意味は要補充,center_pos=VV; center_pmw=10+,weaken,VV,10+,
add,2940,whisper,whisper,noun,base,1,,exam,2,center_exam,センター試験語彙リスト由来。意味は要補充,center_pos=NN; center_pmw=10+,whisper,NN,10+,
add,2941,wool,wool,noun,base,1,,exam,2,center_exam,センター試験語彙リスト由来。意味は要補充,center_pos=NN; center_pmw=10+,wool,NN,10+,
add,2942,workman,workman,noun,base,1,,exam,2,center_exam,センター試験語彙リスト由来。意味は要補充,center_pos=NN; center_pmw=10+,workman,NN,10+,
add,2943,worm,worm,noun,base,1,,exam,2,center_exam,センター試験語彙リスト由来。意味は要補充,center_pos=NN; center_pmw=10+,worm,NN,10+,
add,2944,yearly,yearly,adjective,base,1,,exam,2,center_exam,センター試験語彙リスト由来。意味は要補充,center_pos=JJ; center_pmw=10+,yearly,JJ,10+,
add,2945,academic,academic,adjective,base,1,,exam,2,center_exam,センター試験語彙リスト由来。意味は要補充,center_pos=JJ; center_pmw=10+,academic,JJ,10+,
add,2946,acceptable,acceptable,adjective,base,1,,exam,2,center_exam,センター試験語彙リスト由来。意味は要補充,center_pos=JJ; center_pmw=10+,acceptable,JJ,10+,
add,2947,adolescence,adolescence,noun,base,1,,exam,2,center_exam,センター試験語彙リスト由来。意味は要補充,center_pos=NN; center_pmw=10+,adolescence,NN,10+,
add,2948,advantageous,advantageous,adjective,base,1,,exam,2,center_exam,センター試験語彙リスト由来。意味は要補充,center_pos=JJ; center_pmw=10+,advantageous,JJ,10+,
add,2949,advisor,advisor,noun,base,1,,exam,2,center_exam,センター試験語彙リスト由来。意味は要補充,center_pos=NN; center_pmw=10+,advisor,NN,10+,
add,2950,agency,agency,noun,base,1,,exam,2,center_exam,センター試験語彙リスト由来。意味は要補充,center_pos=NN; center_pmw=10+,agency,NN,10+,
add,2951,aggressive,aggressive,adjective,base,1,,exam,2,center_exam,センター試験語彙リスト由来。意味は要補充,center_pos=JJ; center_pmw=10+,aggressive,JJ,10+,
add,2952,airfield,airfield,noun,base,1,,exam,2,center_exam,センター試験語彙リスト由来。意味は要補充,center_pos=NN; center_pmw=10+,airfield,NN,10+,
add,2953,airmail,airmail,adjective,base,1,,exam,2,center_exam,センター試験語彙リスト由来。意味は要補充,center_pos=JJ; center_pmw=10+,airmail,JJ,10+,
add,2954,allergen,allergen,noun,base,1,,exam,2,center_exam,センター試験語彙リスト由来。意味は要補充,center_pos=NN; center_pmw=10+,allergen,NN,10+,
add,2955,aloha,aloha,noun,base,1,,exam,2,center_exam,センター試験語彙リスト由来。意味は要補充,center_pos=NN; center_pmw=10+,aloha,NN,10+,
add,2957,ambition,ambition,noun,base,1,,exam,2,center_exam,センター試験語彙リスト由来。意味は要補充,center_pos=NN; center_pmw=10+,ambition,NN,10+,
add,2958,analysis,analysis,noun,base,1,,exam,2,center_exam,センター試験語彙リスト由来。意味は要補充,center_pos=NN; center_pmw=10+,analysis,NN,10+,
add,2959,analyze,analyze,verb,base,1,,exam,2,center_exam,センター試験語彙リスト由来。意味は要補充,center_pos=VV; center_pmw=10+,analyze,VV,10+,
add,2960,antonym,antonym,noun,base,1,,exam,2,center_exam,センター試験語彙リスト由来。意味は要補充,center_pos=NN; center_pmw=10+,antonym,NN,10+,
add,2961,appoint,appoint,verb,base,1,,exam,2,center_exam,センター試験語彙リスト由来。意味は要補充,center_pos=VV; center_pmw=10+,appoint,VV,10+,
add,2962,approval,approval,noun,base,1,,exam,2,center_exam,センター試験語彙リスト由来。意味は要補充,center_pos=NN; center_pmw=10+,approval,NN,10+,
add,2963,archery,archery,noun,base,1,,exam,2,center_exam,センター試験語彙リスト由来。意味は要補充,center_pos=NN; center_pmw=10+,archery,NN,10+,
add,2964,arise,arise,verb,base,1,,exam,2,center_exam,センター試験語彙リスト由来。意味は要補充,center_pos=VV; center_pmw=10+,arise,VV,10+,
add,2965,artificial,artificial,adjective,base,1,,exam,2,center_exam,センター試験語彙リスト由来。意味は要補充,center_pos=JJ; center_pmw=10+,artificial,JJ,10+,
add,2966,ash,ash,noun,base,1,,exam,2,center_exam,センター試験語彙リスト由来。意味は要補充,center_pos=NN; center_pmw=10+,ash,NN,10+,
add,2967,assign,assign,noun,base,1,,exam,2,center_exam,センター試験語彙リスト由来。意味は要補充,center_pos=NN; center_pmw=10+,assign,NN,10+,
add,2968,assist,assist,verb,base,1,,exam,2,center_exam,センター試験語彙リスト由来。意味は要補充,center_pos=VV; center_pmw=10+,assist,VV,10+,
add,2969,assumption,assumption,noun,base,1,,exam,2,center_exam,センター試験語彙リスト由来。意味は要補充,center_pos=NN; center_pmw=10+,assumption,NN,10+,
add,2970,astronaut,astronaut,noun,base,1,,exam,2,center_exam,センター試験語彙リスト由来。意味は要補充,center_pos=NN; center_pmw=10+,astronaut,NN,10+,
add,2971,atmospheric,atmospheric,adjective,base,1,,exam,2,center_exam,センター試験語彙リスト由来。意味は要補充,center_pos=JJ; center_pmw=10+,atmospheric,JJ,10+,
add,2972,auto,auto,noun,base,1,,exam,2,center_exam,センター試験語彙リスト由来。意味は要補充,center_pos=NN; center_pmw=10+,auto,NN,10+,
add,2974,award,award,noun,base,1,,exam,2,center_exam,センター試験語彙リスト由来。意味は要補充,center_pos=NN; center_pmw=10+,award,NN,10+,
add,2975,awareness,awareness,noun,base,1,,exam,2,center_exam,センター試験語彙リスト由来。意味は要補充,center_pos=NN; center_pmw=10+,awareness,NN,10+,
add,2976,babysitter,babysitter,noun,base,1,,exam,2,center_exam,センター試験語彙リスト由来。意味は要補充,center_pos=NN; center_pmw=10+,babysitter,NN,10+,
add,2977,baker,baker,noun,base,1,,exam,2,center_exam,センター試験語彙リスト由来。意味は要補充,center_pos=NN; center_pmw=10+,baker,NN,10+,
add,2979,bare,bare,adjective,base,1,,exam,2,center_exam,センター試験語彙リスト由来。意味は要補充,center_pos=JJ; center_pmw=10+,bare,JJ,10+,
add,2980,bargain,bargain,noun,base,1,,exam,2,center_exam,センター試験語彙リスト由来。意味は要補充,center_pos=NN; center_pmw=10+,bargain,NN,10+,
add,2981,beard,beard,noun,base,1,,exam,2,center_exam,センター試験語彙リスト由来。意味は要補充,center_pos=NN; center_pmw=10+,beard,NN,10+,
add,2982,behalf,behalf,noun,base,1,,exam,2,center_exam,センター試験語彙リスト由来。意味は要補充,center_pos=NN; center_pmw=10+,behalf,NN,10+,
add,2983,believable,believable,adjective,base,1,,exam,2,center_exam,センター試験語彙リスト由来。意味は要補充,center_pos=JJ; center_pmw=10+,believable,JJ,10+,
add,2987,blank,blank,adjective,base,1,,exam,2,center_exam,センター試験語彙リスト由来。意味は要補充,center_pos=JJ; center_pmw=10+,blank,JJ,10+,
add,2988,blouse,blouse,noun,base,1,,exam,2,center_exam,センター試験語彙リスト由来。意味は要補充,center_pos=NN; center_pmw=10+,blouse,NN,10+,
add,2989,bold,bold,adjective,base,1,,exam,2,center_exam,センター試験語彙リスト由来。意味は要補充,center_pos=JJ; center_pmw=10+,bold,JJ,10+,
add,2990,bracelet,bracelet,noun,base,1,,exam,2,center_exam,センター試験語彙リスト由来。意味は要補充,center_pos=NN; center_pmw=10+,bracelet,NN,10+,
add,2991,brake,brake,noun,base,1,,exam,2,center_exam,センター試験語彙リスト由来。意味は要補充,center_pos=NN; center_pmw=10+,brake,NN,10+,
add,2992,broadcast,broadcast,noun,base,1,,exam,2,center_exam,センター試験語彙リスト由来。意味は要補充,center_pos=NN; center_pmw=10+,broadcast,NN,10+,
add,2993,buddhism,buddhism,noun,base,1,,exam,2,center_exam,センター試験語彙リスト由来。意味は要補充,center_pos=NN; center_pmw=10+,buddhism,NN,10+,
add,2994,burger,burger,noun,base,1,,exam,2,center_exam,センター試験語彙リスト由来。意味は要補充,center_pos=NN; center_pmw=10+,burger,NN,10+,
add,2995,bury,bury,verb,base,1,,exam,2,center_exam,センター試験語彙リスト由来。意味は要補充,center_pos=VV; center_pmw=10+,bury,VV,10+,
add,2996,bush,bush,noun,base,1,,exam,2,center_exam,センター試験語彙リスト由来。意味は要補充,center_pos=NN; center_pmw=10+,bush,NN,10+,
add,2997,cage,cage,noun,base,1,,exam,2,center_exam,センター試験語彙リスト由来。意味は要補充,center_pos=NN; center_pmw=10+,cage,NN,10+,
add,2999,candidate,candidate,noun,base,1,,exam,2,center_exam,センター試験語彙リスト由来。意味は要補充,center_pos=NN; center_pmw=10+,candidate,NN,10+,
add,3000,capacity,capacity,noun,base,1,,exam,2,center_exam,センター試験語彙リスト由来。意味は要補充,center_pos=NN; center_pmw=10+,capacity,NN,10+,
add,3001,carbon,carbon,noun,base,1,,exam,2,center_exam,センター試験語彙リスト由来。意味は要補充,center_pos=NN; center_pmw=10+,carbon,NN,10+,
add,3003,celebration,celebration,noun,base,1,,exam,2,center_exam,センター試験語彙リスト由来。意味は要補充,center_pos=NN; center_pmw=10+,celebration,NN,10+,
add,3004,certainty,certainty,noun,base,1,,exam,2,center_exam,センター試験語彙リスト由来。意味は要補充,center_pos=NN; center_pmw=10+,certainty,NN,10+,
add,3006,cheek,cheek,noun,base,1,,exam,2,center_exam,センター試験語彙リスト由来。意味は要補充,center_pos=NN; center_pmw=10+,cheek,NN,10+,
add,3007,cheer,cheer,noun,base,1,,exam,2,center_exam,センター試験語彙リスト由来。意味は要補充,center_pos=NN; center_pmw=10+,cheer,NN,10+,
add,3008,chestnut,chestnut,adjective,base,1,,exam,2,center_exam,センター試験語彙リスト由来。意味は要補充,center_pos=JJ; center_pmw=10+,chestnut,JJ,10+,
add,3009,chimney,chimney,noun,base,1,,exam,2,center_exam,センター試験語彙リスト由来。意味は要補充,center_pos=NN; center_pmw=10+,chimney,NN,10+,
add,3010,chorus,chorus,noun,base,1,,exam,2,center_exam,センター試験語彙リスト由来。意味は要補充,center_pos=NN; center_pmw=10+,chorus,NN,10+,
add,3011,classic,classic,adjective,base,1,,exam,2,center_exam,センター試験語彙リスト由来。意味は要補充,center_pos=JJ; center_pmw=10+,classic,JJ,10+,
add,3012,classify,classify,verb,base,1,,exam,2,center_exam,センター試験語彙リスト由来。意味は要補充,center_pos=VV; center_pmw=10+,classify,VV,10+,
add,3014,cliff,cliff,noun,base,1,,exam,2,center_exam,センター試験語彙リスト由来。意味は要補充,center_pos=NN; center_pmw=10+,cliff,NN,10+,
add,3015,clinic,clinic,noun,base,1,,exam,2,center_exam,センター試験語彙リスト由来。意味は要補充,center_pos=NN; center_pmw=10+,clinic,NN,10+,
add,3017,clover,clover,noun,base,1,,exam,2,center_exam,センター試験語彙リスト由来。意味は要補充,center_pos=NN; center_pmw=10+,clover,NN,10+,
add,3018,colleague,colleague,noun,base,1,,exam,2,center_exam,センター試験語彙リスト由来。意味は要補充,center_pos=NN; center_pmw=10+,colleague,NN,10+,
add,3020,commit,commit,verb,base,1,,exam,2,center_exam,センター試験語彙リスト由来。意味は要補充,center_pos=VV; center_pmw=10+,commit,VV,10+,
add,3021,committee,committee,noun,base,1,,exam,2,center_exam,センター試験語彙リスト由来。意味は要補充,center_pos=NN; center_pmw=10+,committee,NN,10+,
add,3022,companion,companion,noun,base,1,,exam,2,center_exam,センター試験語彙リスト由来。意味は要補充,center_pos=NN; center_pmw=10+,companion,NN,10+,
add,3023,component,component,noun,base,1,,exam,2,center_exam,センター試験語彙リスト由来。意味は要補充,center_pos=NN; center_pmw=10+,component,NN,10+,
add,3024,concertmaster,concertmaster,noun,base,1,,exam,2,center_exam,センター試験語彙リスト由来。意味は要補充,center_pos=NN; center_pmw=10+,concertmaster,NN,10+,
add,3026,conquer,conquer,verb,base,1,,exam,2,center_exam,センター試験語彙リスト由来。意味は要補充,center_pos=VV; center_pmw=10+,conquer,VV,10+,
add,3027,consequence,consequence,noun,base,1,,exam,2,center_exam,センター試験語彙リスト由来。意味は要補充,center_pos=NN; center_pmw=10+,consequence,NN,10+,
add,3028,considerably,considerably,adverb,base,1,,exam,2,center_exam,センター試験語彙リスト由来。意味は要補充,center_pos=RB; center_pmw=10+,considerably,RB,10+,
add,3029,construct,construct,verb,base,1,,exam,2,center_exam,センター試験語彙リスト由来。意味は要補充,center_pos=VV; center_pmw=10+,construct,VV,10+,
add,3030,contribution,contribution,noun,base,1,,exam,2,center_exam,センター試験語彙リスト由来。意味は要補充,center_pos=NN; center_pmw=10+,contribution,NN,10+,
add,3032,cooperative,cooperative,adjective,base,1,,exam,2,center_exam,センター試験語彙リスト由来。意味は要補充,center_pos=JJ; center_pmw=10+,cooperative,JJ,10+,
add,3033,cooperator,cooperator,noun,base,1,,exam,2,center_exam,センター試験語彙リスト由来。意味は要補充,center_pos=NN; center_pmw=10+,cooperator,NN,10+,
add,3034,court,court,noun,base,1,,exam,2,center_exam,センター試験語彙リスト由来。意味は要補充,center_pos=NN; center_pmw=10+,court,NN,10+,
add,3035,craftsman,craftsman,noun,base,1,,exam,2,center_exam,センター試験語彙リスト由来。意味は要補充,center_pos=NN; center_pmw=10+,craftsman,NN,10+,
add,3036,creation,creation,noun,base,1,,exam,2,center_exam,センター試験語彙リスト由来。意味は要補充,center_pos=NN; center_pmw=10+,creation,NN,10+,
add,3037,criminal,criminal,adjective,base,1,,exam,2,center_exam,センター試験語彙リスト由来。意味は要補充,center_pos=JJ; center_pmw=10+,criminal,JJ,10+,
add,3038,crocodile,crocodile,noun,base,1,,exam,2,center_exam,センター試験語彙リスト由来。意味は要補充,center_pos=NN; center_pmw=10+,crocodile,NN,10+,
add,3040,cuba,cuba,noun,base,1,,exam,2,center_exam,センター試験語彙リスト由来。意味は要補充,center_pos=NN; center_pmw=10+,cuba,NN,10+,
add,3041,curriculum,curriculum,noun,base,1,,exam,2,center_exam,センター試験語彙リスト由来。意味は要補充,center_pos=NN; center_pmw=10+,curriculum,NN,10+,
add,3042,dairy,dairy,noun,base,1,,exam,2,center_exam,センター試験語彙リスト由来。意味は要補充,center_pos=NN; center_pmw=10+,dairy,NN,10+,
add,3044,darling,darling,noun,base,1,,exam,2,center_exam,センター試験語彙リスト由来。意味は要補充,center_pos=NN; center_pmw=10+,darling,NN,10+,
add,3045,dash,dash,noun,base,1,,exam,2,center_exam,センター試験語彙リスト由来。意味は要補充,center_pos=NN; center_pmw=10+,dash,NN,10+,
add,3046,daylight,daylight,noun,base,1,,exam,2,center_exam,センター試験語彙リスト由来。意味は要補充,center_pos=NN; center_pmw=10+,daylight,NN,10+,
add,3047,deceive,deceive,verb,base,1,,exam,2,center_exam,センター試験語彙リスト由来。意味は要補充,center_pos=VV; center_pmw=10+,deceive,VV,10+,
add,3048,declare,declare,verb,base,1,,exam,2,center_exam,センター試験語彙リスト由来。意味は要補充,center_pos=VV; center_pmw=10+,declare,VV,10+,
add,3049,decorate,decorate,verb,base,1,,exam,2,center_exam,センター試験語彙リスト由来。意味は要補充,center_pos=VV; center_pmw=10+,decorate,VV,10+,
add,3050,density,density,noun,base,1,,exam,2,center_exam,センター試験語彙リスト由来。意味は要補充,center_pos=NN; center_pmw=10+,density,NN,10+,
add,3051,dependence,dependence,noun,base,1,,exam,2,center_exam,センター試験語彙リスト由来。意味は要補充,center_pos=NN; center_pmw=10+,dependence,NN,10+,
add,3052,depression,depression,noun,base,1,,exam,2,center_exam,センター試験語彙リスト由来。意味は要補充,center_pos=NN; center_pmw=10+,depression,NN,10+,
add,3053,deprive,deprive,verb,base,1,,exam,2,center_exam,センター試験語彙リスト由来。意味は要補充,center_pos=VV; center_pmw=10+,deprive,VV,10+,
add,3054,digest,digest,verb,base,1,,exam,2,center_exam,センター試験語彙リスト由来。意味は要補充,center_pos=VV; center_pmw=10+,digest,VV,10+,
add,3055,dioxide,dioxide,noun,base,1,,exam,2,center_exam,センター試験語彙リスト由来。意味は要補充,center_pos=NN; center_pmw=10+,dioxide,NN,10+,
add,3056,disaster,disaster,noun,base,1,,exam,2,center_exam,センター試験語彙リスト由来。意味は要補充,center_pos=NN; center_pmw=10+,disaster,NN,10+,
add,3057,discipline,discipline,noun,base,1,,exam,2,center_exam,センター試験語彙リスト由来。意味は要補充,center_pos=NN; center_pmw=10+,discipline,NN,10+,
add,3058,distribute,distribute,verb,base,1,,exam,2,center_exam,センター試験語彙リスト由来。意味は要補充,center_pos=VV; center_pmw=10+,distribute,VV,10+,
add,3059,doorbell,doorbell,noun,base,1,,exam,2,center_exam,センター試験語彙リスト由来。意味は要補充,center_pos=NN; center_pmw=10+,doorbell,NN,10+,
add,3060,drawer,drawer,noun,base,1,,exam,2,center_exam,センター試験語彙リスト由来。意味は要補充,center_pos=NN; center_pmw=10+,drawer,NN,10+,
add,3061,drill,drill,noun,base,1,,exam,2,center_exam,センター試験語彙リスト由来。意味は要補充,center_pos=NN; center_pmw=10+,drill,NN,10+,
add,3062,drown,drown,verb,base,1,,exam,2,center_exam,センター試験語彙リスト由来。意味は要補充,center_pos=VV; center_pmw=10+,drown,VV,10+,
add,3064,easygoing,easygoing,adjective,base,1,,exam,2,center_exam,センター試験語彙リスト由来。意味は要補充,center_pos=JJ; center_pmw=10+,easygoing,JJ,10+,
add,3065,echo,echo,noun,base,1,,exam,2,center_exam,センター試験語彙リスト由来。意味は要補充,center_pos=NN; center_pmw=10+,echo,NN,10+,
add,3066,economical,economical,adjective,base,1,,exam,2,center_exam,センター試験語彙リスト由来。意味は要補充,center_pos=JJ; center_pmw=10+,economical,JJ,10+,
add,3068,ekiden,ekiden,adjective,base,1,,exam,2,center_exam,センター試験語彙リスト由来。意味は要補充,center_pos=JJ; center_pmw=10+,ekiden,JJ,10+,
add,3069,eliminate,eliminate,verb,base,1,,exam,2,center_exam,センター試験語彙リスト由来。意味は要補充,center_pos=VV; center_pmw=10+,eliminate,VV,10+,
add,3070,emergency,emergency,noun,base,1,,exam,2,center_exam,センター試験語彙リスト由来。意味は要補充,center_pos=NN; center_pmw=10+,emergency,NN,10+,
add,3071,emotional,emotional,adjective,base,1,,exam,2,center_exam,センター試験語彙リスト由来。意味は要補充,center_pos=JJ; center_pmw=10+,emotional,JJ,10+,
add,3072,emphasize,emphasize,verb,base,1,,exam,2,center_exam,センター試験語彙リスト由来。意味は要補充,center_pos=VV; center_pmw=10+,emphasize,VV,10+,
add,3073,enclose,enclose,verb,base,1,,exam,2,center_exam,センター試験語彙リスト由来。意味は要補充,center_pos=VV; center_pmw=10+,enclose,VV,10+,
add,3074,enhance,enhance,verb,base,1,,exam,2,center_exam,センター試験語彙リスト由来。意味は要補充,center_pos=VV; center_pmw=10+,enhance,VV,10+,
add,3075,evaluation,evaluation,noun,base,1,,exam,2,center_exam,センター試験語彙リスト由来。意味は要補充,center_pos=NN; center_pmw=10+,evaluation,NN,10+,
add,3076,evil,evil,adjective,base,1,,exam,2,center_exam,センター試験語彙リスト由来。意味は要補充,center_pos=JJ; center_pmw=10+,evil,JJ,10+,
add,3077,excitement,excitement,noun,base,1,,exam,2,center_exam,センター試験語彙リスト由来。意味は要補充,center_pos=NN; center_pmw=10+,excitement,NN,10+,
add,3078,exit,exit,noun,base,1,,exam,2,center_exam,センター試験語彙リスト由来。意味は要補充,center_pos=NN; center_pmw=10+,exit,NN,10+,
add,3079,expense,expense,noun,base,1,,exam,2,center_exam,センター試験語彙リスト由来。意味は要補充,center_pos=NN; center_pmw=10+,expense,NN,10+,
add,3080,farewell,farewell,noun,base,1,,exam,2,center_exam,センター試験語彙リスト由来。意味は要補充,center_pos=NN; center_pmw=10+,farewell,NN,10+,
add,3082,fellow,fellow,noun,base,1,,exam,2,center_exam,センター試験語彙リスト由来。意味は要補充,center_pos=NN; center_pmw=10+,fellow,NN,10+,
add,3083,ferry,ferry,noun,base,1,,exam,2,center_exam,センター試験語彙リスト由来。意味は要補充,center_pos=NN; center_pmw=10+,ferry,NN,10+,
add,3084,float,float,noun,base,1,,exam,2,center_exam,センター試験語彙リスト由来。意味は要補充,center_pos=NN; center_pmw=10+,float,NN,10+,
add,3085,fluent,fluent,adjective,base,1,,exam,2,center_exam,センター試験語彙リスト由来。意味は要補充,center_pos=JJ; center_pmw=10+,fluent,JJ,10+,
add,3086,fortune,fortune,noun,base,1,,exam,2,center_exam,センター試験語彙リスト由来。意味は要補充,center_pos=NN; center_pmw=10+,fortune,NN,10+,
add,3087,freelance,freelance,noun,base,1,,exam,2,center_exam,センター試験語彙リスト由来。意味は要補充,center_pos=NN; center_pmw=10+,freelance,NN,10+,
add,3088,freeze,freeze,noun,base,1,,exam,2,center_exam,センター試験語彙リスト由来。意味は要補充,center_pos=NN; center_pmw=10+,freeze,NN,10+,
add,3089,funky,funky,adjective,base,1,,exam,2,center_exam,センター試験語彙リスト由来。意味は要補充,center_pos=JJ; center_pmw=10+,funky,JJ,10+,
add,3090,gap,gap,noun,base,1,,exam,2,center_exam,センター試験語彙リスト由来。意味は要補充,center_pos=NN; center_pmw=10+,gap,NN,10+,
add,3091,garlic,garlic,noun,base,1,,exam,2,center_exam,センター試験語彙リスト由来。意味は要補充,center_pos=NN; center_pmw=10+,garlic,NN,10+,
add,3093,gender,gender,noun,base,1,,exam,2,center_exam,センター試験語彙リスト由来。意味は要補充,center_pos=NN; center_pmw=10+,gender,NN,10+,
add,3094,glide,glide,noun,base,1,,exam,2,center_exam,センター試験語彙リスト由来。意味は要補充,center_pos=NN; center_pmw=10+,glide,NN,10+,
add,3095,globalization,globalization,noun,base,1,,exam,2,center_exam,センター試験語彙リスト由来。意味は要補充,center_pos=NN; center_pmw=10+,globalization,NN,10+,
add,3097,graceful,graceful,adjective,base,1,,exam,2,center_exam,センター試験語彙リスト由来。意味は要補充,center_pos=JJ; center_pmw=10+,graceful,JJ,10+,
add,3098,grader,grader,noun,base,1,,exam,2,center_exam,センター試験語彙リスト由来。意味は要補充,center_pos=NN; center_pmw=10+,grader,NN,10+,
add,3100,greenery,greenery,noun,base,1,,exam,2,center_exam,センター試験語彙リスト由来。意味は要補充,center_pos=NN; center_pmw=10+,greenery,NN,10+,
add,3101,greet,greet,noun,base,1,,exam,2,center_exam,センター試験語彙リスト由来。意味は要補充,center_pos=NN; center_pmw=10+,greet,NN,10+,
add,3102,greeting,greeting,noun,base,1,,exam,2,center_exam,センター試験語彙リスト由来。意味は要補充,center_pos=NN; center_pmw=10+,greeting,NN,10+,
add,3103,gross,gross,adjective,base,1,,exam,2,center_exam,センター試験語彙リスト由来。意味は要補充,center_pos=JJ; center_pmw=10+,gross,JJ,10+,
add,3104,guidance,guidance,noun,base,1,,exam,2,center_exam,センター試験語彙リスト由来。意味は要補充,center_pos=NN; center_pmw=10+,guidance,NN,10+,
add,3105,guidebook,guidebook,noun,base,1,,exam,2,center_exam,センター試験語彙リスト由来。意味は要補充,center_pos=NN; center_pmw=10+,guidebook,NN,10+,
add,3106,guilty,guilty,adjective,base,1,,exam,2,center_exam,センター試験語彙リスト由来。意味は要補充,center_pos=JJ; center_pmw=10+,guilty,JJ,10+,
add,3108,hammer,hammer,noun,base,1,,exam,2,center_exam,センター試験語彙リスト由来。意味は要補充,center_pos=NN; center_pmw=10+,hammer,NN,10+,
add,3110,handout,handout,noun,base,1,,exam,2,center_exam,センター試験語彙リスト由来。意味は要補充,center_pos=NN; center_pmw=10+,handout,NN,10+,
add,3111,harness,harness,noun,base,1,,exam,2,center_exam,センター試験語彙リスト由来。意味は要補充,center_pos=NN; center_pmw=10+,harness,NN,10+,
add,3112,headphone,headphone,noun,base,1,,exam,2,center_exam,センター試験語彙リスト由来。意味は要補充,center_pos=NN; center_pmw=10+,headphone,NN,10+,
add,3113,heal,heal,verb,base,1,,exam,2,center_exam,センター試験語彙リスト由来。意味は要補充,center_pos=VV; center_pmw=10+,heal,VV,10+,
add,3114,hesitation,hesitation,noun,base,1,,exam,2,center_exam,センター試験語彙リスト由来。意味は要補充,center_pos=NN; center_pmw=10+,hesitation,NN,10+,
add,3115,historian,historian,noun,base,1,,exam,2,center_exam,センター試験語彙リスト由来。意味は要補充,center_pos=NN; center_pmw=10+,historian,NN,10+,
add,3117,homepage,homepage,noun,base,1,,exam,2,center_exam,センター試験語彙リスト由来。意味は要補充,center_pos=NN; center_pmw=10+,homepage,NN,10+,
add,3118,horizontal,horizontal,adjective,base,1,,exam,2,center_exam,センター試験語彙リスト由来。意味は要補充,center_pos=JJ; center_pmw=10+,horizontal,JJ,10+,
add,3119,housewife,housewife,noun,base,1,,exam,2,center_exam,センター試験語彙リスト由来。意味は要補充,center_pos=NN; center_pmw=10+,housewife,NN,10+,
add,3120,humidity,humidity,noun,base,1,,exam,2,center_exam,センター試験語彙リスト由来。意味は要補充,center_pos=NN; center_pmw=10+,humidity,NN,10+,
add,3121,humor,humor,noun,base,1,,exam,2,center_exam,センター試験語彙リスト由来。意味は要補充,center_pos=NN; center_pmw=10+,humor,NN,10+,
add,3122,illegal,illegal,adjective,base,1,,exam,2,center_exam,センター試験語彙リスト由来。意味は要補充,center_pos=JJ; center_pmw=10+,illegal,JJ,10+,
add,3123,impatient,impatient,adjective,base,1,,exam,2,center_exam,センター試験語彙リスト由来。意味は要補充,center_pos=JJ; center_pmw=10+,impatient,JJ,10+,
add,3124,importantly,importantly,adverb,base,1,,exam,2,center_exam,センター試験語彙リスト由来。意味は要補充,center_pos=RB; center_pmw=10+,importantly,RB,10+,
add,3125,importer,importer,noun,base,1,,exam,2,center_exam,センター試験語彙リスト由来。意味は要補充,center_pos=NN; center_pmw=10+,importer,NN,10+,
add,3126,inconvenient,inconvenient,adjective,base,1,,exam,2,center_exam,センター試験語彙リスト由来。意味は要補充,center_pos=JJ; center_pmw=10+,inconvenient,JJ,10+,
add,3127,individualist,individualist,noun,base,1,,exam,2,center_exam,センター試験語彙リスト由来。意味は要補充,center_pos=NN; center_pmw=10+,individualist,NN,10+,
add,3128,inquiry,inquiry,noun,base,1,,exam,2,center_exam,センター試験語彙リスト由来。意味は要補充,center_pos=NN; center_pmw=10+,inquiry,NN,10+,
add,3129,instant,instant,adjective,base,1,,exam,2,center_exam,センター試験語彙リスト由来。意味は要補充,center_pos=JJ; center_pmw=10+,instant,JJ,10+,
add,3130,instantly,instantly,adverb,base,1,,exam,2,center_exam,センター試験語彙リスト由来。意味は要補充,center_pos=RB; center_pmw=10+,instantly,RB,10+,
add,3131,instruct,instruct,verb,base,1,,exam,2,center_exam,センター試験語彙リスト由来。意味は要補充,center_pos=VV; center_pmw=10+,instruct,VV,10+,
add,3132,intensive,intensive,adjective,base,1,,exam,2,center_exam,センター試験語彙リスト由来。意味は要補充,center_pos=JJ; center_pmw=10+,intensive,JJ,10+,
add,3134,introductory,introductory,adjective,base,1,,exam,2,center_exam,センター試験語彙リスト由来。意味は要補充,center_pos=JJ; center_pmw=10+,introductory,JJ,10+,
add,3135,investigation,investigation,noun,base,1,,exam,2,center_exam,センター試験語彙リスト由来。意味は要補充,center_pos=NN; center_pmw=10+,investigation,NN,10+,
add,3136,jealous,jealous,adjective,base,1,,exam,2,center_exam,センター試験語彙リスト由来。意味は要補充,center_pos=JJ; center_pmw=10+,jealous,JJ,10+,
add,3137,joyful,joyful,adjective,base,1,,exam,2,center_exam,センター試験語彙リスト由来。意味は要補充,center_pos=JJ; center_pmw=10+,joyful,JJ,10+,
add,3138,kg,kg,noun,base,1,,exam,2,center_exam,センター試験語彙リスト由来。意味は要補充,center_pos=NN; center_pmw=10+,kg,NN,10+,
add,3139,kilogram,kilogram,noun,base,1,,exam,2,center_exam,センター試験語彙リスト由来。意味は要補充,center_pos=NN; center_pmw=10+,kilogram,NN,10+,
add,3140,layout,layout,noun,base,1,,exam,2,center_exam,センター試験語彙リスト由来。意味は要補充,center_pos=NN; center_pmw=10+,layout,NN,10+,
add,3141,leather,leather,noun,base,1,,exam,2,center_exam,センター試験語彙リスト由来。意味は要補充,center_pos=NN; center_pmw=10+,leather,NN,10+,
add,3143,lightly,lightly,adverb,base,1,,exam,2,center_exam,センター試験語彙リスト由来。意味は要補充,center_pos=RB; center_pmw=10+,lightly,RB,10+,
add,3144,logo,logo,noun,base,1,,exam,2,center_exam,センター試験語彙リスト由来。意味は要補充,center_pos=NN; center_pmw=10+,logo,NN,10+,
add,3145,loneliness,loneliness,noun,base,1,,exam,2,center_exam,センター試験語彙リスト由来。意味は要補充,center_pos=NN; center_pmw=10+,loneliness,NN,10+,
add,3147,lover,lover,noun,base,1,,exam,2,center_exam,センター試験語彙リスト由来。意味は要補充,center_pos=NN; center_pmw=10+,lover,NN,10+,
add,3148,makeup,makeup,noun,base,1,,exam,2,center_exam,センター試験語彙リスト由来。意味は要補充,center_pos=NN; center_pmw=10+,makeup,NN,10+,
add,3149,marriage,marriage,noun,base,1,,exam,2,center_exam,センター試験語彙リスト由来。意味は要補充,center_pos=NN; center_pmw=10+,marriage,NN,10+,
add,3150,marvelous,marvelous,adjective,base,1,,exam,2,center_exam,センター試験語彙リスト由来。意味は要補充,center_pos=JJ; center_pmw=10+,marvelous,JJ,10+,
add,3151,mature,mature,adjective,base,1,,exam,2,center_exam,センター試験語彙リスト由来。意味は要補充,center_pos=JJ; center_pmw=10+,mature,JJ,10+,
add,3152,meaningful,meaningful,adjective,base,1,,exam,2,center_exam,センター試験語彙リスト由来。意味は要補充,center_pos=JJ; center_pmw=10+,meaningful,JJ,10+,
add,3153,membership,membership,noun,base,1,,exam,2,center_exam,センター試験語彙リスト由来。意味は要補充,center_pos=NN; center_pmw=10+,membership,NN,10+,
add,3154,merit,merit,noun,base,1,,exam,2,center_exam,センター試験語彙リスト由来。意味は要補充,center_pos=NN; center_pmw=10+,merit,NN,10+,
add,3155,messy,messy,adjective,base,1,,exam,2,center_exam,センター試験語彙リスト由来。意味は要補充,center_pos=JJ; center_pmw=10+,messy,JJ,10+,
add,3156,metal,metal,noun,base,1,,exam,2,center_exam,センター試験語彙リスト由来。意味は要補充,center_pos=NN; center_pmw=10+,metal,NN,10+,
add,3157,metropolitan,metropolitan,adjective,base,1,,exam,2,center_exam,センター試験語彙リスト由来。意味は要補充,center_pos=JJ; center_pmw=10+,metropolitan,JJ,10+,
add,3158,military,military,adjective,base,1,,exam,2,center_exam,センター試験語彙リスト由来。意味は要補充,center_pos=JJ; center_pmw=10+,military,JJ,10+,
add,3159,mineral,mineral,noun,base,1,,exam,2,center_exam,センター試験語彙リスト由来。意味は要補充,center_pos=NN; center_pmw=10+,mineral,NN,10+,
add,3160,mission,mission,noun,base,1,,exam,2,center_exam,センター試験語彙リスト由来。意味は要補充,center_pos=NN; center_pmw=10+,mission,NN,10+,
add,3161,mixture,mixture,noun,base,1,,exam,2,center_exam,センター試験語彙リスト由来。意味は要補充,center_pos=NN; center_pmw=10+,mixture,NN,10+,
add,3162,mobile,mobile,adjective,base,1,,exam,2,center_exam,センター試験語彙リスト由来。意味は要補充,center_pos=JJ; center_pmw=10+,mobile,JJ,10+,
add,3165,motel,motel,noun,base,1,,exam,2,center_exam,センター試験語彙リスト由来。意味は要補充,center_pos=NN; center_pmw=10+,motel,NN,10+,
add,3166,motivation,motivation,noun,base,1,,exam,2,center_exam,センター試験語彙リスト由来。意味は要補充,center_pos=NN; center_pmw=10+,motivation,NN,10+,
add,3167,motorcycle,motorcycle,noun,base,1,,exam,2,center_exam,センター試験語彙リスト由来。意味は要補充,center_pos=NN; center_pmw=10+,motorcycle,NN,10+,
add,3168,mover,mover,noun,base,1,,exam,2,center_exam,センター試験語彙リスト由来。意味は要補充,center_pos=NN; center_pmw=10+,mover,NN,10+,
add,3171,mutter,mutter,noun,base,1,,exam,2,center_exam,センター試験語彙リスト由来。意味は要補充,center_pos=NN; center_pmw=10+,mutter,NN,10+,
add,3172,necktie,necktie,noun,base,1,,exam,2,center_exam,センター試験語彙リスト由来。意味は要補充,center_pos=NN; center_pmw=10+,necktie,NN,10+,
add,3173,needle,needle,noun,base,1,,exam,2,center_exam,センター試験語彙リスト由来。意味は要補充,center_pos=NN; center_pmw=10+,needle,NN,10+,
add,3174,nerve,nerve,noun,base,1,,exam,2,center_exam,センター試験語彙リスト由来。意味は要補充,center_pos=NN; center_pmw=10+,nerve,NN,10+,
add,3176,newcomer,newcomer,noun,base,1,,exam,2,center_exam,センター試験語彙リスト由来。意味は要補充,center_pos=NN; center_pmw=10+,newcomer,NN,10+,
add,3177,newly,newly,adverb,base,1,,exam,2,center_exam,センター試験語彙リスト由来。意味は要補充,center_pos=RB; center_pmw=10+,newly,RB,10+,
add,3178,nick,nick,noun,base,1,,exam,2,center_exam,センター試験語彙リスト由来。意味は要補充,center_pos=NN; center_pmw=10+,nick,NN,10+,
add,3179,niece,niece,noun,base,1,,exam,2,center_exam,センター試験語彙リスト由来。意味は要補充,center_pos=NN; center_pmw=10+,niece,NN,10+,
add,3182,nursery,nursery,noun,base,1,,exam,2,center_exam,センター試験語彙リスト由来。意味は要補充,center_pos=NN; center_pmw=10+,nursery,NN,10+,
add,3183,nutritious,nutritious,adjective,base,1,,exam,2,center_exam,センター試験語彙リスト由来。意味は要補充,center_pos=JJ; center_pmw=10+,nutritious,JJ,10+,
add,3184,offend,offend,verb,base,1,,exam,2,center_exam,センター試験語彙リスト由来。意味は要補充,center_pos=VV; center_pmw=10+,offend,VV,10+,
add,3185,opponent,opponent,noun,base,1,,exam,2,center_exam,センター試験語彙リスト由来。意味は要補充,center_pos=NN; center_pmw=10+,opponent,NN,10+,
add,3186,orchard,orchard,noun,base,1,,exam,2,center_exam,センター試験語彙リスト由来。意味は要補充,center_pos=NN; center_pmw=10+,orchard,NN,10+,
add,3187,orientation,orientation,noun,base,1,,exam,2,center_exam,センター試験語彙リスト由来。意味は要補充,center_pos=NN; center_pmw=10+,orientation,NN,10+,
add,3188,originate,originate,verb,base,1,,exam,2,center_exam,センター試験語彙リスト由来。意味は要補充,center_pos=VV; center_pmw=10+,originate,VV,10+,
add,3189,ornament,ornament,noun,base,1,,exam,2,center_exam,センター試験語彙リスト由来。意味は要補充,center_pos=NN; center_pmw=10+,ornament,NN,10+,
add,3190,ouch,ouch,noun,base,1,,exam,2,center_exam,センター試験語彙リスト由来。意味は要補充,center_pos=NN; center_pmw=10+,ouch,NN,10+,
add,3191,outcome,outcome,noun,base,1,,exam,2,center_exam,センター試験語彙リスト由来。意味は要補充,center_pos=NN; center_pmw=10+,outcome,NN,10+,
add,3192,overnight,overnight,adverb,base,1,,exam,2,center_exam,センター試験語彙リスト由来。意味は要補充,center_pos=RB; center_pmw=10+,overnight,RB,10+,
add,3193,overweight,overweight,noun,base,1,,exam,2,center_exam,センター試験語彙リスト由来。意味は要補充,center_pos=NN; center_pmw=10+,overweight,NN,10+,
add,3194,pan,pan,noun,base,1,,exam,2,center_exam,センター試験語彙リスト由来。意味は要補充,center_pos=NN; center_pmw=10+,pan,NN,10+,
add,3195,pardon,pardon,noun,base,1,,exam,2,center_exam,センター試験語彙リスト由来。意味は要補充,center_pos=NN; center_pmw=10+,pardon,NN,10+,
add,3196,patch,patch,noun,base,1,,exam,2,center_exam,センター試験語彙リスト由来。意味は要補充,center_pos=NN; center_pmw=10+,patch,NN,10+,
add,3197,payment,payment,noun,base,1,,exam,2,center_exam,センター試験語彙リスト由来。意味は要補充,center_pos=NN; center_pmw=10+,payment,NN,10+,
add,3198,peak,peak,noun,base,1,,exam,2,center_exam,センター試験語彙リスト由来。意味は要補充,center_pos=NN; center_pmw=10+,peak,NN,10+,
add,3199,pearl,pearl,noun,base,1,,exam,2,center_exam,センター試験語彙リスト由来。意味は要補充,center_pos=NN; center_pmw=10+,pearl,NN,10+,
add,3200,philosopher,philosopher,noun,base,1,,exam,2,center_exam,センター試験語彙リスト由来。意味は要補充,center_pos=NN; center_pmw=10+,philosopher,NN,10+,
add,3201,photographer,photographer,noun,base,1,,exam,2,center_exam,センター試験語彙リスト由来。意味は要補充,center_pos=NN; center_pmw=10+,photographer,NN,10+,
add,3202,physically,physically,adverb,base,1,,exam,2,center_exam,センター試験語彙リスト由来。意味は要補充,center_pos=RB; center_pmw=10+,physically,RB,10+,
add,3204,pickle,pickle,noun,base,1,,exam,2,center_exam,センター試験語彙リスト由来。意味は要補充,center_pos=NN; center_pmw=10+,pickle,NN,10+,
add,3205,pill,pill,noun,base,1,,exam,2,center_exam,センター試験語彙リスト由来。意味は要補充,center_pos=NN; center_pmw=10+,pill,NN,10+,
add,3206,pity,pity,noun,base,1,,exam,2,center_exam,センター試験語彙リスト由来。意味は要補充,center_pos=NN; center_pmw=10+,pity,NN,10+,
add,3207,plot,plot,noun,base,1,,exam,2,center_exam,センター試験語彙リスト由来。意味は要補充,center_pos=NN; center_pmw=10+,plot,NN,10+,
add,3209,poet,poet,noun,base,1,,exam,2,center_exam,センター試験語彙リスト由来。意味は要補充,center_pos=NN; center_pmw=10+,poet,NN,10+,
add,3210,poker,poker,noun,base,1,,exam,2,center_exam,センター試験語彙リスト由来。意味は要補充,center_pos=NN; center_pmw=10+,poker,NN,10+,
add,3212,pole,pole,noun,base,1,,exam,2,center_exam,センター試験語彙リスト由来。意味は要補充,center_pos=NN; center_pmw=10+,pole,NN,10+,
add,3214,portion,portion,noun,base,1,,exam,2,center_exam,センター試験語彙リスト由来。意味は要補充,center_pos=NN; center_pmw=10+,portion,NN,10+,
add,3215,pose,pose,verb,base,1,,exam,2,center_exam,センター試験語彙リスト由来。意味は要補充,center_pos=VV; center_pmw=10+,pose,VV,10+,
add,3217,practically,practically,adverb,base,1,,exam,2,center_exam,センター試験語彙リスト由来。意味は要補充,center_pos=RB; center_pmw=10+,practically,RB,10+,
add,3218,prejudice,prejudice,noun,base,1,,exam,2,center_exam,センター試験語彙リスト由来。意味は要補充,center_pos=NN; center_pmw=10+,prejudice,NN,10+,
add,3219,pride,pride,noun,base,1,,exam,2,center_exam,センター試験語彙リスト由来。意味は要補充,center_pos=NN; center_pmw=10+,pride,NN,10+,
add,3220,primarily,primarily,adverb,base,1,,exam,2,center_exam,センター試験語彙リスト由来。意味は要補充,center_pos=RB; center_pmw=10+,primarily,RB,10+,
add,3221,printer,printer,noun,base,1,,exam,2,center_exam,センター試験語彙リスト由来。意味は要補充,center_pos=NN; center_pmw=10+,printer,NN,10+,
add,3222,privacy,privacy,noun,base,1,,exam,2,center_exam,センター試験語彙リスト由来。意味は要補充,center_pos=NN; center_pmw=10+,privacy,NN,10+,
add,3223,productive,productive,adjective,base,1,,exam,2,center_exam,センター試験語彙リスト由来。意味は要補充,center_pos=JJ; center_pmw=10+,productive,JJ,10+,
add,3224,proposal,proposal,noun,base,1,,exam,2,center_exam,センター試験語彙リスト由来。意味は要補充,center_pos=NN; center_pmw=10+,proposal,NN,10+,
add,3225,punch,punch,noun,base,1,,exam,2,center_exam,センター試験語彙リスト由来。意味は要補充,center_pos=NN; center_pmw=10+,punch,NN,10+,
add,3226,purely,purely,adverb,base,1,,exam,2,center_exam,センター試験語彙リスト由来。意味は要補充,center_pos=RB; center_pmw=10+,purely,RB,10+,
add,3227,rainfall,rainfall,noun,base,1,,exam,2,center_exam,センター試験語彙リスト由来。意味は要補充,center_pos=NN; center_pmw=10+,rainfall,NN,10+,
add,3228,random,random,adjective,base,1,,exam,2,center_exam,センター試験語彙リスト由来。意味は要補充,center_pos=JJ; center_pmw=10+,random,JJ,10+,
add,3229,ranger,ranger,noun,base,1,,exam,2,center_exam,センター試験語彙リスト由来。意味は要補充,center_pos=NN; center_pmw=10+,ranger,NN,10+,
add,3230,readily,readily,adverb,base,1,,exam,2,center_exam,センター試験語彙リスト由来。意味は要補充,center_pos=RB; center_pmw=10+,readily,RB,10+,
add,3231,reassure,reassure,verb,base,1,,exam,2,center_exam,センター試験語彙リスト由来。意味は要補充,center_pos=VV; center_pmw=10+,reassure,VV,10+,
add,3232,receipt,receipt,noun,base,1,,exam,2,center_exam,センター試験語彙リスト由来。意味は要補充,center_pos=NN; center_pmw=10+,receipt,NN,10+,
add,3233,recording,recording,noun,base,1,,exam,2,center_exam,センター試験語彙リスト由来。意味は要補充,center_pos=NN; center_pmw=10+,recording,NN,10+,
add,3234,recyclable,recyclable,adjective,base,1,,exam,2,center_exam,センター試験語彙リスト由来。意味は要補充,center_pos=JJ; center_pmw=10+,recyclable,JJ,10+,
add,3235,rediscover,rediscover,noun,base,1,,exam,2,center_exam,センター試験語彙リスト由来。意味は要補充,center_pos=NN; center_pmw=10+,rediscover,NN,10+,
add,3236,register,register,noun,base,1,,exam,2,center_exam,センター試験語彙リスト由来。意味は要補充,center_pos=NN; center_pmw=10+,register,NN,10+,
add,3237,rehearsal,rehearsal,noun,base,1,,exam,2,center_exam,センター試験語彙リスト由来。意味は要補充,center_pos=NN; center_pmw=10+,rehearsal,NN,10+,
add,3238,relaxation,relaxation,noun,base,1,,exam,2,center_exam,センター試験語彙リスト由来。意味は要補充,center_pos=NN; center_pmw=10+,relaxation,NN,10+,
add,3239,reminder,reminder,noun,base,1,,exam,2,center_exam,センター試験語彙リスト由来。意味は要補充,center_pos=NN; center_pmw=10+,reminder,NN,10+,
add,3240,representative,representative,noun,base,1,,exam,2,center_exam,センター試験語彙リスト由来。意味は要補充,center_pos=NN; center_pmw=10+,representative,NN,10+,
add,3241,reputation,reputation,noun,base,1,,exam,2,center_exam,センター試験語彙リスト由来。意味は要補充,center_pos=NN; center_pmw=10+,reputation,NN,10+,
add,3242,requirement,requirement,noun,base,1,,exam,2,center_exam,センター試験語彙リスト由来。意味は要補充,center_pos=NN; center_pmw=10+,requirement,NN,10+,
add,3243,resemble,resemble,verb,base,1,,exam,2,center_exam,センター試験語彙リスト由来。意味は要補充,center_pos=VV; center_pmw=10+,resemble,VV,10+,
add,3244,restless,restless,adjective,base,1,,exam,2,center_exam,センター試験語彙リスト由来。意味は要補充,center_pos=JJ; center_pmw=10+,restless,JJ,10+,
add,3245,restore,restore,verb,base,1,,exam,2,center_exam,センター試験語彙リスト由来。意味は要補充,center_pos=VV; center_pmw=10+,restore,VV,10+,
add,3246,restriction,restriction,noun,base,1,,exam,2,center_exam,センター試験語彙リスト由来。意味は要補充,center_pos=NN; center_pmw=10+,restriction,NN,10+,
add,3247,restroom,restroom,noun,base,1,,exam,2,center_exam,センター試験語彙リスト由来。意味は要補充,center_pos=NN; center_pmw=10+,restroom,NN,10+,
add,3248,reuse,reuse,noun,base,1,,exam,2,center_exam,センター試験語彙リスト由来。意味は要補充,center_pos=NN; center_pmw=10+,reuse,NN,10+,
add,3249,rid,rid,adjective,base,1,,exam,2,center_exam,センター試験語彙リスト由来。意味は要補充,center_pos=JJ; center_pmw=10+,rid,JJ,10+,
add,3250,rifle,rifle,noun,base,1,,exam,2,center_exam,センター試験語彙リスト由来。意味は要補充,center_pos=NN; center_pmw=10+,rifle,NN,10+,
add,3251,rocket,rocket,noun,base,1,,exam,2,center_exam,センター試験語彙リスト由来。意味は要補充,center_pos=NN; center_pmw=10+,rocket,NN,10+,
add,3252,rod,rod,noun,base,1,,exam,2,center_exam,センター試験語彙リスト由来。意味は要補充,center_pos=NN; center_pmw=10+,rod,NN,10+,
add,3253,rub,rub,noun,base,1,,exam,2,center_exam,センター試験語彙リスト由来。意味は要補充,center_pos=NN; center_pmw=10+,rub,NN,10+,
add,3254,rubber,rubber,noun,base,1,,exam,2,center_exam,センター試験語彙リスト由来。意味は要補充,center_pos=NN; center_pmw=10+,rubber,NN,10+,
add,3256,saint,saint,noun,base,1,,exam,2,center_exam,センター試験語彙リスト由来。意味は要補充,center_pos=NN; center_pmw=10+,saint,NN,10+,
add,3257,sake,sake,noun,base,1,,exam,2,center_exam,センター試験語彙リスト由来。意味は要補充,center_pos=NN; center_pmw=10+,sake,NN,10+,
add,3258,salmon,salmon,noun,base,1,,exam,2,center_exam,センター試験語彙リスト由来。意味は要補充,center_pos=NN; center_pmw=10+,salmon,NN,10+,
add,3259,sand,sand,noun,base,1,,exam,2,center_exam,センター試験語彙リスト由来。意味は要補充,center_pos=NN; center_pmw=10+,sand,NN,10+,
add,3261,scarce,scarce,adjective,base,1,,exam,2,center_exam,センター試験語彙リスト由来。意味は要補充,center_pos=JJ; center_pmw=10+,scarce,JJ,10+,
add,3262,scary,scary,adjective,base,1,,exam,2,center_exam,センター試験語彙リスト由来。意味は要補充,center_pos=JJ; center_pmw=10+,scary,JJ,10+,
add,3263,scenery,scenery,noun,base,1,,exam,2,center_exam,センター試験語彙リスト由来。意味は要補充,center_pos=NN; center_pmw=10+,scenery,NN,10+,
add,3265,seal,seal,noun,base,1,,exam,2,center_exam,センター試験語彙リスト由来。意味は要補充,center_pos=NN; center_pmw=10+,seal,NN,10+,
add,3266,seasoning,seasoning,noun,base,1,,exam,2,center_exam,センター試験語彙リスト由来。意味は要補充,center_pos=NN; center_pmw=10+,seasoning,NN,10+,
add,3267,seater,seater,noun,base,1,,exam,2,center_exam,センター試験語彙リスト由来。意味は要補充,center_pos=NN; center_pmw=10+,seater,NN,10+,
add,3268,sensible,sensible,adjective,base,1,,exam,2,center_exam,センター試験語彙リスト由来。意味は要補充,center_pos=JJ; center_pmw=10+,sensible,JJ,10+,
add,3270,severe,severe,adjective,base,1,,exam,2,center_exam,センター試験語彙リスト由来。意味は要補充,center_pos=JJ; center_pmw=10+,severe,JJ,10+,
add,3271,shortly,shortly,adverb,base,1,,exam,2,center_exam,センター試験語彙リスト由来。意味は要補充,center_pos=RB; center_pmw=10+,shortly,RB,10+,
add,3272,shrinkage,shrinkage,noun,base,1,,exam,2,center_exam,センター試験語彙リスト由来。意味は要補充,center_pos=NN; center_pmw=10+,shrinkage,NN,10+,
add,3273,sigh,sigh,noun,base,1,,exam,2,center_exam,センター試験語彙リスト由来。意味は要補充,center_pos=NN; center_pmw=10+,sigh,NN,10+,
add,3274,sightseeing,sightseeing,noun,base,1,,exam,2,center_exam,センター試験語彙リスト由来。意味は要補充,center_pos=NN; center_pmw=10+,sightseeing,NN,10+,
add,3276,singing,singing,noun,base,1,,exam,2,center_exam,センター試験語彙リスト由来。意味は要補充,center_pos=NN; center_pmw=10+,singing,NN,10+,
add,3278,skier,skier,noun,base,1,,exam,2,center_exam,センター試験語彙リスト由来。意味は要補充,center_pos=NN; center_pmw=10+,skier,NN,10+,
add,3279,skillful,skillful,adjective,base,1,,exam,2,center_exam,センター試験語彙リスト由来。意味は要補充,center_pos=JJ; center_pmw=10+,skillful,JJ,10+,
add,3280,skyscraper,skyscraper,noun,base,1,,exam,2,center_exam,センター試験語彙リスト由来。意味は要補充,center_pos=NN; center_pmw=10+,skyscraper,NN,10+,
add,3281,slice,slice,noun,base,1,,exam,2,center_exam,センター試験語彙リスト由来。意味は要補充,center_pos=NN; center_pmw=10+,slice,NN,10+,
add,3282,slide,slide,noun,base,1,,exam,2,center_exam,センター試験語彙リスト由来。意味は要補充,center_pos=NN; center_pmw=10+,slide,NN,10+,
add,3283,slim,slim,adjective,base,1,,exam,2,center_exam,センター試験語彙リスト由来。意味は要補充,center_pos=JJ; center_pmw=10+,slim,JJ,10+,
add,3284,soak,soak,noun,base,1,,exam,2,center_exam,センター試験語彙リスト由来。意味は要補充,center_pos=NN; center_pmw=10+,soak,NN,10+,
add,3285,sob,sob,noun,base,1,,exam,2,center_exam,センター試験語彙リスト由来。意味は要補充,center_pos=NN; center_pmw=10+,sob,NN,10+,
add,3286,soda,soda,noun,base,1,,exam,2,center_exam,センター試験語彙リスト由来。意味は要補充,center_pos=NN; center_pmw=10+,soda,NN,10+,
add,3288,sorrow,sorrow,noun,base,1,,exam,2,center_exam,センター試験語彙リスト由来。意味は要補充,center_pos=NN; center_pmw=10+,sorrow,NN,10+,
add,3289,sour,sour,adjective,base,1,,exam,2,center_exam,センター試験語彙リスト由来。意味は要補充,center_pos=JJ; center_pmw=10+,sour,JJ,10+,
add,3290,souvenir,souvenir,noun,base,1,,exam,2,center_exam,センター試験語彙リスト由来。意味は要補充,center_pos=NN; center_pmw=10+,souvenir,NN,10+,
add,3291,spider,spider,noun,base,1,,exam,2,center_exam,センター試験語彙リスト由来。意味は要補充,center_pos=NN; center_pmw=10+,spider,NN,10+,
add,3292,spirit,spirit,noun,base,1,,exam,2,center_exam,センター試験語彙リスト由来。意味は要補充,center_pos=NN; center_pmw=10+,spirit,NN,10+,
add,3293,split,split,noun,base,1,,exam,2,center_exam,センター試験語彙リスト由来。意味は要補充,center_pos=NN; center_pmw=10+,split,NN,10+,
add,3294,spoon,spoon,noun,base,1,,exam,2,center_exam,センター試験語彙リスト由来。意味は要補充,center_pos=NN; center_pmw=10+,spoon,NN,10+,
add,3295,spray,spray,noun,base,1,,exam,2,center_exam,センター試験語彙リスト由来。意味は要補充,center_pos=NN; center_pmw=10+,spray,NN,10+,
add,3297,stall,stall,noun,base,1,,exam,2,center_exam,センター試験語彙リスト由来。意味は要補充,center_pos=NN; center_pmw=10+,stall,NN,10+,
add,3298,starve,starve,verb,base,1,,exam,2,center_exam,センター試験語彙リスト由来。意味は要補充,center_pos=VV; center_pmw=10+,starve,VV,10+,
add,3299,statistic,statistic,noun,base,1,,exam,2,center_exam,センター試験語彙リスト由来。意味は要補充,center_pos=NN; center_pmw=10+,statistic,NN,10+,
add,3300,storm,storm,noun,base,1,,exam,2,center_exam,センター試験語彙リスト由来。意味は要補充,center_pos=NN; center_pmw=10+,storm,NN,10+,
add,3301,structure,structure,noun,base,1,,exam,2,center_exam,センター試験語彙リスト由来。意味は要補充,center_pos=NN; center_pmw=10+,structure,NN,10+,
add,3302,substance,substance,noun,base,1,,exam,2,center_exam,センター試験語彙リスト由来。意味は要補充,center_pos=NN; center_pmw=10+,substance,NN,10+,
add,3303,sue,sue,verb,base,1,,exam,2,center_exam,センター試験語彙リスト由来。意味は要補充,center_pos=VV; center_pmw=10+,sue,VV,10+,
add,3304,sufficiency,sufficiency,noun,base,1,,exam,2,center_exam,センター試験語彙リスト由来。意味は要補充,center_pos=NN; center_pmw=10+,sufficiency,NN,10+,
add,3305,superior,superior,adjective,base,1,,exam,2,center_exam,センター試験語彙リスト由来。意味は要補充,center_pos=JJ; center_pmw=10+,superior,JJ,10+,
add,3306,supplier,supplier,noun,base,1,,exam,2,center_exam,センター試験語彙リスト由来。意味は要補充,center_pos=NN; center_pmw=10+,supplier,NN,10+,
add,3307,supporter,supporter,noun,base,1,,exam,2,center_exam,センター試験語彙リスト由来。意味は要補充,center_pos=NN; center_pmw=10+,supporter,NN,10+,
add,3308,surgeon,surgeon,noun,base,1,,exam,2,center_exam,センター試験語彙リスト由来。意味は要補充,center_pos=NN; center_pmw=10+,surgeon,NN,10+,
add,3309,swallow,swallow,verb,base,1,,exam,2,center_exam,センター試験語彙リスト由来。意味は要補充,center_pos=VV; center_pmw=10+,swallow,VV,10+,
add,3310,sympathy,sympathy,noun,base,1,,exam,2,center_exam,センター試験語彙リスト由来。意味は要補充,center_pos=NN; center_pmw=10+,sympathy,NN,10+,
add,3311,synonym,synonym,noun,base,1,,exam,2,center_exam,センター試験語彙リスト由来。意味は要補充,center_pos=NN; center_pmw=10+,synonym,NN,10+,
add,3312,tablet,tablet,noun,base,1,,exam,2,center_exam,センター試験語彙リスト由来。意味は要補充,center_pos=NN; center_pmw=10+,tablet,NN,10+,
add,3313,tendency,tendency,noun,base,1,,exam,2,center_exam,センター試験語彙リスト由来。意味は要補充,center_pos=NN; center_pmw=10+,tendency,NN,10+,
add,3314,tension,tension,noun,base,1,,exam,2,center_exam,センター試験語彙リスト由来。意味は要補充,center_pos=NN; center_pmw=10+,tension,NN,10+,
add,3315,terminal,terminal,noun,base,1,,exam,2,center_exam,センター試験語彙リスト由来。意味は要補充,center_pos=NN; center_pmw=10+,terminal,NN,10+,
add,3316,terrestrial,terrestrial,adjective,base,1,,exam,2,center_exam,センター試験語彙リスト由来。意味は要補充,center_pos=JJ; center_pmw=10+,terrestrial,JJ,10+,
add,3317,terrify,terrify,verb,base,1,,exam,2,center_exam,センター試験語彙リスト由来。意味は要補充,center_pos=VV; center_pmw=10+,terrify,VV,10+,
add,3318,thrill,thrill,noun,base,1,,exam,2,center_exam,センター試験語彙リスト由来。意味は要補充,center_pos=NN; center_pmw=10+,thrill,NN,10+,
add,3319,tip,tip,noun,base,1,,exam,2,center_exam,センター試験語彙リスト由来。意味は要補充,center_pos=NN; center_pmw=10+,tip,NN,10+,
add,3322,toe,toe,noun,base,1,,exam,2,center_exam,センター試験語彙リスト由来。意味は要補充,center_pos=NN; center_pmw=10+,toe,NN,10+,
add,3323,toilet,toilet,noun,base,1,,exam,2,center_exam,センター試験語彙リスト由来。意味は要補充,center_pos=NN; center_pmw=10+,toilet,NN,10+,
add,3324,tolerance,tolerance,noun,base,1,,exam,2,center_exam,センター試験語彙リスト由来。意味は要補充,center_pos=NN; center_pmw=10+,tolerance,NN,10+,
add,3326,trace,trace,noun,base,1,,exam,2,center_exam,センター試験語彙リスト由来。意味は要補充,center_pos=NN; center_pmw=10+,trace,NN,10+,
add,3327,tragic,tragic,adjective,base,1,,exam,2,center_exam,センター試験語彙リスト由来。意味は要補充,center_pos=JJ; center_pmw=10+,tragic,JJ,10+,
add,3328,trait,trait,noun,base,1,,exam,2,center_exam,センター試験語彙リスト由来。意味は要補充,center_pos=NN; center_pmw=10+,trait,NN,10+,
add,3329,translator,translator,noun,base,1,,exam,2,center_exam,センター試験語彙リスト由来。意味は要補充,center_pos=NN; center_pmw=10+,translator,NN,10+,
add,3330,triangle,triangle,noun,base,1,,exam,2,center_exam,センター試験語彙リスト由来。意味は要補充,center_pos=NN; center_pmw=10+,triangle,NN,10+,
add,3331,trouser,trouser,noun,base,1,,exam,2,center_exam,センター試験語彙リスト由来。意味は要補充,center_pos=NN; center_pmw=10+,trouser,NN,10+,
add,3332,tuition,tuition,noun,base,1,,exam,2,center_exam,センター試験語彙リスト由来。意味は要補充,center_pos=NN; center_pmw=10+,tuition,NN,10+,
add,3333,tune,tune,noun,base,1,,exam,2,center_exam,センター試験語彙リスト由来。意味は要補充,center_pos=NN; center_pmw=10+,tune,NN,10+,
add,3334,ugly,ugly,adjective,base,1,,exam,2,center_exam,センター試験語彙リスト由来。意味は要補充,center_pos=JJ; center_pmw=10+,ugly,JJ,10+,
add,3335,unavoidable,unavoidable,adjective,base,1,,exam,2,center_exam,センター試験語彙リスト由来。意味は要補充,center_pos=JJ; center_pmw=10+,unavoidable,JJ,10+,
add,3336,unbelievably,unbelievably,adverb,base,1,,exam,2,center_exam,センター試験語彙リスト由来。意味は要補充,center_pos=RB; center_pmw=10+,unbelievably,RB,10+,
add,3337,unclear,unclear,adjective,base,1,,exam,2,center_exam,センター試験語彙リスト由来。意味は要補充,center_pos=JJ; center_pmw=10+,unclear,JJ,10+,
add,3338,uncommon,uncommon,adjective,base,1,,exam,2,center_exam,センター試験語彙リスト由来。意味は要補充,center_pos=JJ; center_pmw=10+,uncommon,JJ,10+,
add,3339,underwater,underwater,adjective,base,1,,exam,2,center_exam,センター試験語彙リスト由来。意味は要補充,center_pos=JJ; center_pmw=10+,underwater,JJ,10+,
add,3340,unexpectedly,unexpectedly,adverb,base,1,,exam,2,center_exam,センター試験語彙リスト由来。意味は要補充,center_pos=RB; center_pmw=10+,unexpectedly,RB,10+,
add,3341,unfair,unfair,adjective,base,1,,exam,2,center_exam,センター試験語彙リスト由来。意味は要補充,center_pos=JJ; center_pmw=10+,unfair,JJ,10+,
add,3342,unfriendly,unfriendly,adjective,base,1,,exam,2,center_exam,センター試験語彙リスト由来。意味は要補充,center_pos=JJ; center_pmw=10+,unfriendly,JJ,10+,
add,3343,unwilling,unwilling,adjective,base,1,,exam,2,center_exam,センター試験語彙リスト由来。意味は要補充,center_pos=JJ; center_pmw=10+,unwilling,JJ,10+,
add,3344,upward,upward,adverb,base,1,,exam,2,center_exam,センター試験語彙リスト由来。意味は要補充,center_pos=RB; center_pmw=10+,upward,RB,10+,
add,3345,upwards,upwards,adverb,base,1,,exam,2,center_exam,センター試験語彙リスト由来。意味は要補充,center_pos=RB; center_pmw=10+,upwards,RB,10+,
add,3346,usability,usability,noun,base,1,,exam,2,center_exam,センター試験語彙リスト由来。意味は要補充,center_pos=NN; center_pmw=10+,usability,NN,10+,
add,3347,vehicle,vehicle,noun,base,1,,exam,2,center_exam,センター試験語彙リスト由来。意味は要補充,center_pos=NN; center_pmw=10+,vehicle,NN,10+,
add,3348,vend,vend,verb,base,1,,exam,2,center_exam,センター試験語彙リスト由来。意味は要補充,center_pos=VV; center_pmw=10+,vend,VV,10+,
add,3349,vertical,vertical,adjective,base,1,,exam,2,center_exam,センター試験語彙リスト由来。意味は要補充,center_pos=JJ; center_pmw=10+,vertical,JJ,10+,
add,3350,viewpoint,viewpoint,noun,base,1,,exam,2,center_exam,センター試験語彙リスト由来。意味は要補充,center_pos=NN; center_pmw=10+,viewpoint,NN,10+,
add,3351,villager,villager,adjective,base,1,,exam,2,center_exam,センター試験語彙リスト由来。意味は要補充,center_pos=JJ; center_pmw=10+,villager,JJ,10+,
add,3352,vintage,vintage,noun,base,1,,exam,2,center_exam,センター試験語彙リスト由来。意味は要補充,center_pos=NN; center_pmw=10+,vintage,NN,10+,
add,3353,violent,violent,adjective,base,1,,exam,2,center_exam,センター試験語彙リスト由来。意味は要補充,center_pos=JJ; center_pmw=10+,violent,JJ,10+,
add,3354,vital,vital,adjective,base,1,,exam,2,center_exam,センター試験語彙リスト由来。意味は要補充,center_pos=JJ; center_pmw=10+,vital,JJ,10+,
add,3356,wagon,wagon,noun,base,1,,exam,2,center_exam,センター試験語彙リスト由来。意味は要補充,center_pos=NN; center_pmw=10+,wagon,NN,10+,
add,3359,wasp,wasp,noun,base,1,,exam,2,center_exam,センター試験語彙リスト由来。意味は要補充,center_pos=NN; center_pmw=10+,wasp,NN,10+,
add,3360,wealth,wealth,noun,base,1,,exam,2,center_exam,センター試験語彙リスト由来。意味は要補充,center_pos=NN; center_pmw=10+,wealth,NN,10+,
add,3361,wealthy,wealthy,adjective,base,1,,exam,2,center_exam,センター試験語彙リスト由来。意味は要補充,center_pos=JJ; center_pmw=10+,wealthy,JJ,10+,
add,3362,weary,weary,adjective,base,1,,exam,2,center_exam,センター試験語彙リスト由来。意味は要補充,center_pos=JJ; center_pmw=10+,weary,JJ,10+,
add,3363,weekday,weekday,noun,base,1,,exam,2,center_exam,センター試験語彙リスト由来。意味は要補充,center_pos=NN; center_pmw=10+,weekday,NN,10+,
add,3365,widen,widen,verb,base,1,,exam,2,center_exam,センター試験語彙リスト由来。意味は要補充,center_pos=VV; center_pmw=10+,widen,VV,10+,
add,3366,wing,wing,noun,base,1,,exam,2,center_exam,センター試験語彙リスト由来。意味は要補充,center_pos=NN; center_pmw=10+,wing,NN,10+,
add,3367,winner,winner,noun,base,1,,exam,2,center_exam,センター試験語彙リスト由来。意味は要補充,center_pos=NN; center_pmw=10+,winner,NN,10+,
add,3369,wrestle,wrestle,verb,base,1,,exam,2,center_exam,センター試験語彙リスト由来。意味は要補充,center_pos=VV; center_pmw=10+,wrestle,VV,10+,
add,3371,abandon,abandon,verb,base,1,,exam,2,center_exam,センター試験語彙リスト由来。意味は要補充,center_pos=VV; center_pmw=10+,abandon,VV,10+,
add,3372,absurd,absurd,adjective,base,1,,exam,2,center_exam,センター試験語彙リスト由来。意味は要補充,center_pos=JJ; center_pmw=10+,absurd,JJ,10+,
add,3373,acceptance,acceptance,noun,base,1,,exam,2,center_exam,センター試験語彙リスト由来。意味は要補充,center_pos=NN; center_pmw=10+,acceptance,NN,10+,
add,3374,accessible,accessible,adjective,base,1,,exam,2,center_exam,センター試験語彙リスト由来。意味は要補充,center_pos=JJ; center_pmw=10+,accessible,JJ,10+,
add,3375,accessory,accessory,adjective,base,1,,exam,2,center_exam,センター試験語彙リスト由来。意味は要補充,center_pos=JJ; center_pmw=10+,accessory,JJ,10+,
add,3376,accomplishment,accomplishment,noun,base,1,,exam,2,center_exam,センター試験語彙リスト由来。意味は要補充,center_pos=NN; center_pmw=10+,accomplishment,NN,10+,
add,3377,addiction,addiction,noun,base,1,,exam,2,center_exam,センター試験語彙リスト由来。意味は要補充,center_pos=NN; center_pmw=10+,addiction,NN,10+,
add,3378,additionally,additionally,adverb,base,1,,exam,2,center_exam,センター試験語彙リスト由来。意味は要補充,center_pos=RB; center_pmw=10+,additionally,RB,10+,
add,3379,admirable,admirable,adjective,base,1,,exam,2,center_exam,センター試験語彙リスト由来。意味は要補充,center_pos=JJ; center_pmw=10+,admirable,JJ,10+,
add,3380,admission,admission,noun,base,1,,exam,2,center_exam,センター試験語彙リスト由来。意味は要補充,center_pos=NN; center_pmw=10+,admission,NN,10+,
add,3381,adolescent,adolescent,adjective,base,1,,exam,2,center_exam,センター試験語彙リスト由来。意味は要補充,center_pos=JJ; center_pmw=10+,adolescent,JJ,10+,
add,3382,adulthood,adulthood,noun,base,1,,exam,2,center_exam,センター試験語彙リスト由来。意味は要補充,center_pos=NN; center_pmw=10+,adulthood,NN,10+,
add,3383,aerobic,aerobic,adjective,base,1,,exam,2,center_exam,センター試験語彙リスト由来。意味は要補充,center_pos=JJ; center_pmw=10+,aerobic,JJ,10+,
add,3385,aircraft,aircraft,noun,base,1,,exam,2,center_exam,センター試験語彙リスト由来。意味は要補充,center_pos=NN; center_pmw=10+,aircraft,NN,10+,
add,3386,allergic,allergic,adjective,base,1,,exam,2,center_exam,センター試験語彙リスト由来。意味は要補充,center_pos=JJ; center_pmw=10+,allergic,JJ,10+,
add,3387,alter,alter,verb,base,1,,exam,2,center_exam,センター試験語彙リスト由来。意味は要補充,center_pos=VV; center_pmw=10+,alter,VV,10+,
add,3388,altruism,altruism,noun,base,1,,exam,2,center_exam,センター試験語彙リスト由来。意味は要補充,center_pos=NN; center_pmw=10+,altruism,NN,10+,
add,3389,analyst,analyst,noun,base,1,,exam,2,center_exam,センター試験語彙リスト由来。意味は要補充,center_pos=NN; center_pmw=10+,analyst,NN,10+,
add,3390,ancestry,ancestry,noun,base,1,,exam,2,center_exam,センター試験語彙リスト由来。意味は要補充,center_pos=NN; center_pmw=10+,ancestry,NN,10+,
add,3391,announcement,announcement,noun,base,1,,exam,2,center_exam,センター試験語彙リスト由来。意味は要補充,center_pos=NN; center_pmw=10+,announcement,NN,10+,
add,3393,apparent,apparent,adjective,base,1,,exam,2,center_exam,センター試験語彙リスト由来。意味は要補充,center_pos=JJ; center_pmw=10+,apparent,JJ,10+,
add,3394,appreciation,appreciation,noun,base,1,,exam,2,center_exam,センター試験語彙リスト由来。意味は要補充,center_pos=NN; center_pmw=10+,appreciation,NN,10+,
add,3395,approve,approve,verb,base,1,,exam,2,center_exam,センター試験語彙リスト由来。意味は要補充,center_pos=VV; center_pmw=10+,approve,VV,10+,
add,3396,arch,arch,noun,base,1,,exam,2,center_exam,センター試験語彙リスト由来。意味は要補充,center_pos=NN; center_pmw=10+,arch,NN,10+,
add,3397,arrest,arrest,noun,base,1,,exam,2,center_exam,センター試験語彙リスト由来。意味は要補充,center_pos=NN; center_pmw=10+,arrest,NN,10+,
add,3398,artistic,artistic,adjective,base,1,,exam,2,center_exam,センター試験語彙リスト由来。意味は要補充,center_pos=JJ; center_pmw=10+,artistic,JJ,10+,
add,3399,artwork,artwork,noun,base,1,,exam,2,center_exam,センター試験語彙リスト由来。意味は要補充,center_pos=NN; center_pmw=10+,artwork,NN,10+,
add,3400,assembly,assembly,noun,base,1,,exam,2,center_exam,センター試験語彙リスト由来。意味は要補充,center_pos=NN; center_pmw=10+,assembly,NN,10+,
add,3401,association,association,noun,base,1,,exam,2,center_exam,センター試験語彙リスト由来。意味は要補充,center_pos=NN; center_pmw=10+,association,NN,10+,
add,3403,automatically,automatically,adverb,base,1,,exam,2,center_exam,センター試験語彙リスト由来。意味は要補充,center_pos=RB; center_pmw=10+,automatically,RB,10+,
add,3404,availability,availability,noun,base,1,,exam,2,center_exam,センター試験語彙リスト由来。意味は要補充,center_pos=NN; center_pmw=10+,availability,NN,10+,
add,3405,backbone,backbone,noun,base,1,,exam,2,center_exam,センター試験語彙リスト由来。意味は要補充,center_pos=NN; center_pmw=10+,backbone,NN,10+,
add,3407,balcony,balcony,noun,base,1,,exam,2,center_exam,センター試験語彙リスト由来。意味は要補充,center_pos=NN; center_pmw=10+,balcony,NN,10+,
add,3408,barrier,barrier,noun,base,1,,exam,2,center_exam,センター試験語彙リスト由来。意味は要補充,center_pos=NN; center_pmw=10+,barrier,NN,10+,
add,3409,baton,baton,noun,base,1,,exam,2,center_exam,センター試験語彙リスト由来。意味は要補充,center_pos=NN; center_pmw=10+,baton,NN,10+,
add,3410,beating,beating,noun,base,1,,exam,2,center_exam,センター試験語彙リスト由来。意味は要補充,center_pos=NN; center_pmw=10+,beating,NN,10+,
add,3411,beautifully,beautifully,adverb,base,1,,exam,2,center_exam,センター試験語彙リスト由来。意味は要補充,center_pos=RB; center_pmw=10+,beautifully,RB,10+,
add,3412,bedcover,bedcover,noun,base,1,,exam,2,center_exam,センター試験語彙リスト由来。意味は要補充,center_pos=NN; center_pmw=10+,bedcover,NN,10+,
add,3413,bedside,bedside,noun,base,1,,exam,2,center_exam,センター試験語彙リスト由来。意味は要補充,center_pos=NN; center_pmw=10+,bedside,NN,10+,
add,3414,beg,beg,noun,base,1,,exam,2,center_exam,センター試験語彙リスト由来。意味は要補充,center_pos=NN; center_pmw=10+,beg,NN,10+,
add,3415,beginner,beginner,noun,base,1,,exam,2,center_exam,センター試験語彙リスト由来。意味は要補充,center_pos=NN; center_pmw=10+,beginner,NN,10+,
add,3417,bend,bend,verb,base,1,,exam,2,center_exam,センター試験語彙リスト由来。意味は要補充,center_pos=VV; center_pmw=10+,bend,VV,10+,
add,3418,beneficial,beneficial,adjective,base,1,,exam,2,center_exam,センター試験語彙リスト由来。意味は要補充,center_pos=JJ; center_pmw=10+,beneficial,JJ,10+,
add,3419,billy,billy,noun,base,1,,exam,2,center_exam,センター試験語彙リスト由来。意味は要補充,center_pos=NN; center_pmw=10+,billy,NN,10+,
add,3420,biological,biological,adjective,base,1,,exam,2,center_exam,センター試験語彙リスト由来。意味は要補充,center_pos=JJ; center_pmw=10+,biological,JJ,10+,
add,3421,blast,blast,noun,base,1,,exam,2,center_exam,センター試験語彙リスト由来。意味は要補充,center_pos=NN; center_pmw=10+,blast,NN,10+,
add,3422,blog,blog,noun,base,1,,exam,2,center_exam,センター試験語彙リスト由来。意味は要補充,center_pos=NN; center_pmw=10+,blog,NN,10+,
add,3423,bloom,bloom,noun,base,1,,exam,2,center_exam,センター試験語彙リスト由来。意味は要補充,center_pos=NN; center_pmw=10+,bloom,NN,10+,
add,3424,blush,blush,noun,base,1,,exam,2,center_exam,センター試験語彙リスト由来。意味は要補充,center_pos=NN; center_pmw=10+,blush,NN,10+,
add,3425,bonus,bonus,noun,base,1,,exam,2,center_exam,センター試験語彙リスト由来。意味は要補充,center_pos=NN; center_pmw=10+,bonus,NN,10+,
add,3426,bookshop,bookshop,noun,base,1,,exam,2,center_exam,センター試験語彙リスト由来。意味は要補充,center_pos=NN; center_pmw=10+,bookshop,NN,10+,
add,3427,border,border,noun,base,1,,exam,2,center_exam,センター試験語彙リスト由来。意味は要補充,center_pos=NN; center_pmw=10+,border,NN,10+,
add,3428,borrowing,borrowing,noun,base,1,,exam,2,center_exam,センター試験語彙リスト由来。意味は要補充,center_pos=NN; center_pmw=10+,borrowing,NN,10+,
add,3429,boundary,boundary,noun,base,1,,exam,2,center_exam,センター試験語彙リスト由来。意味は要補充,center_pos=NN; center_pmw=10+,boundary,NN,10+,
add,3430,brad,brad,noun,base,1,,exam,2,center_exam,センター試験語彙リスト由来。意味は要補充,center_pos=NN; center_pmw=10+,brad,NN,10+,
add,3431,broadly,broadly,adverb,base,1,,exam,2,center_exam,センター試験語彙リスト由来。意味は要補充,center_pos=RB; center_pmw=10+,broadly,RB,10+,
add,3432,buyer,buyer,noun,base,1,,exam,2,center_exam,センター試験語彙リスト由来。意味は要補充,center_pos=NN; center_pmw=10+,buyer,NN,10+,
add,3433,cabinet,cabinet,noun,base,1,,exam,2,center_exam,センター試験語彙リスト由来。意味は要補充,center_pos=NN; center_pmw=10+,cabinet,NN,10+,
add,3434,canal,canal,noun,base,1,,exam,2,center_exam,センター試験語彙リスト由来。意味は要補充,center_pos=NN; center_pmw=10+,canal,NN,10+,
add,3436,cane,cane,noun,base,1,,exam,2,center_exam,センター試験語彙リスト由来。意味は要補充,center_pos=NN; center_pmw=10+,cane,NN,10+,
add,3437,capture,capture,verb,base,1,,exam,2,center_exam,センター試験語彙リスト由来。意味は要補充,center_pos=VV; center_pmw=10+,capture,VV,10+,
add,3438,catalog,catalog,noun,base,1,,exam,2,center_exam,センター試験語彙リスト由来。意味は要補充,center_pos=NN; center_pmw=10+,catalog,NN,10+,
add,3439,cave,cave,noun,base,1,,exam,2,center_exam,センター試験語彙リスト由来。意味は要補充,center_pos=NN; center_pmw=10+,cave,NN,10+,
add,3440,ceiling,ceiling,noun,base,1,,exam,2,center_exam,センター試験語彙リスト由来。意味は要補充,center_pos=NN; center_pmw=10+,ceiling,NN,10+,
add,3442,charm,charm,noun,base,1,,exam,2,center_exam,センター試験語彙リスト由来。意味は要補充,center_pos=NN; center_pmw=10+,charm,NN,10+,
add,3443,chip,chip,noun,base,1,,exam,2,center_exam,センター試験語彙リスト由来。意味は要補充,center_pos=NN; center_pmw=10+,chip,NN,10+,
add,3446,circus,circus,noun,base,1,,exam,2,center_exam,センター試験語彙リスト由来。意味は要補充,center_pos=NN; center_pmw=10+,circus,NN,10+,
add,3447,cleanup,cleanup,noun,base,1,,exam,2,center_exam,センター試験語彙リスト由来。意味は要補充,center_pos=NN; center_pmw=10+,cleanup,NN,10+,
add,3448,cleverly,cleverly,adverb,base,1,,exam,2,center_exam,センター試験語彙リスト由来。意味は要補充,center_pos=RB; center_pmw=10+,cleverly,RB,10+,
add,3449,clip,clip,noun,base,1,,exam,2,center_exam,センター試験語彙リスト由来。意味は要補充,center_pos=NN; center_pmw=10+,clip,NN,10+,
add,3450,clockwise,clockwise,adverb,base,1,,exam,2,center_exam,センター試験語彙リスト由来。意味は要補充,center_pos=RB; center_pmw=10+,clockwise,RB,10+,
add,3451,cola,cola,noun,base,1,,exam,2,center_exam,センター試験語彙リスト由来。意味は要補充,center_pos=NN; center_pmw=10+,cola,NN,10+,
add,3452,column,column,noun,base,1,,exam,2,center_exam,センター試験語彙リスト由来。意味は要補充,center_pos=NN; center_pmw=10+,column,NN,10+,
add,3453,competitor,competitor,noun,base,1,,exam,2,center_exam,センター試験語彙リスト由来。意味は要補充,center_pos=NN; center_pmw=10+,competitor,NN,10+,
add,3454,complaint,complaint,noun,base,1,,exam,2,center_exam,センター試験語彙リスト由来。意味は要補充,center_pos=NN; center_pmw=10+,complaint,NN,10+,
add,3455,composer,composer,noun,base,1,,exam,2,center_exam,センター試験語彙リスト由来。意味は要補充,center_pos=NN; center_pmw=10+,composer,NN,10+,
add,3456,conflict,conflict,noun,base,1,,exam,2,center_exam,センター試験語彙リスト由来。意味は要補充,center_pos=NN; center_pmw=10+,conflict,NN,10+,
add,3457,congenial,congenial,adjective,base,1,,exam,2,center_exam,センター試験語彙リスト由来。意味は要補充,center_pos=JJ; center_pmw=10+,congenial,JJ,10+,
add,3458,conscientious,conscientious,adjective,base,1,,exam,2,center_exam,センター試験語彙リスト由来。意味は要補充,center_pos=JJ; center_pmw=10+,conscientious,JJ,10+,
add,3459,consequently,consequently,adverb,base,1,,exam,2,center_exam,センター試験語彙リスト由来。意味は要補充,center_pos=RB; center_pmw=10+,consequently,RB,10+,
add,3460,consume,consume,verb,base,1,,exam,2,center_exam,センター試験語彙リスト由来。意味は要補充,center_pos=VVP; center_pmw=10+,consume,VVP,10+,
add,3461,contemporary,contemporary,adjective,base,1,,exam,2,center_exam,センター試験語彙リスト由来。意味は要補充,center_pos=JJ; center_pmw=10+,contemporary,JJ,10+,
add,3463,convert,convert,verb,base,1,,exam,2,center_exam,センター試験語彙リスト由来。意味は要補充,center_pos=VV; center_pmw=10+,convert,VV,10+,
add,3464,cooperate,cooperate,verb,base,1,,exam,2,center_exam,センター試験語彙リスト由来。意味は要補充,center_pos=VV; center_pmw=10+,cooperate,VV,10+,
add,3465,cope,cope,verb,base,1,,exam,2,center_exam,センター試験語彙リスト由来。意味は要補充,center_pos=VV; center_pmw=10+,cope,VV,10+,
add,3467,counselor,counselor,noun,base,1,,exam,2,center_exam,センター試験語彙リスト由来。意味は要補充,center_pos=NN; center_pmw=10+,counselor,NN,10+,
add,3468,coupon,coupon,noun,base,1,,exam,2,center_exam,センター試験語彙リスト由来。意味は要補充,center_pos=NN; center_pmw=10+,coupon,NN,10+,
add,3469,crawl,crawl,noun,base,1,,exam,2,center_exam,センター試験語彙リスト由来。意味は要補充,center_pos=NN; center_pmw=10+,crawl,NN,10+,
add,3470,creep,creep,verb,base,1,,exam,2,center_exam,センター試験語彙リスト由来。意味は要補充,center_pos=VV; center_pmw=10+,creep,VV,10+,
add,3471,critic,critic,noun,base,1,,exam,2,center_exam,センター試験語彙リスト由来。意味は要補充,center_pos=NN; center_pmw=10+,critic,NN,10+,
add,3472,cultivate,cultivate,verb,base,1,,exam,2,center_exam,センター試験語彙リスト由来。意味は要補充,center_pos=VV; center_pmw=10+,cultivate,VV,10+,
add,3473,cupboard,cupboard,noun,base,1,,exam,2,center_exam,センター試験語彙リスト由来。意味は要補充,center_pos=NN; center_pmw=10+,cupboard,NN,10+,
add,3474,cure,cure,noun,base,1,,exam,2,center_exam,センター試験語彙リスト由来。意味は要補充,center_pos=NN; center_pmw=10+,cure,NN,10+,
add,3475,currently,currently,adverb,base,1,,exam,2,center_exam,センター試験語彙リスト由来。意味は要補充,center_pos=RB; center_pmw=10+,currently,RB,10+,
add,3476,dangle,dangle,noun,base,1,,exam,2,center_exam,センター試験語彙リスト由来。意味は要補充,center_pos=NN; center_pmw=10+,dangle,NN,10+,
add,3477,daytime,daytime,adjective,base,1,,exam,2,center_exam,センター試験語彙リスト由来。意味は要補充,center_pos=JJ; center_pmw=10+,daytime,JJ,10+,
add,3478,debutante,debutante,noun,base,1,,exam,2,center_exam,センター試験語彙リスト由来。意味は要補充,center_pos=NN; center_pmw=10+,debutante,NN,10+,
add,3479,decay,decay,noun,base,1,,exam,2,center_exam,センター試験語彙リスト由来。意味は要補充,center_pos=NN; center_pmw=10+,decay,NN,10+,
add,3480,declaration,declaration,noun,base,1,,exam,2,center_exam,センター試験語彙リスト由来。意味は要補充,center_pos=NN; center_pmw=10+,declaration,NN,10+,
add,3481,decoration,decoration,noun,base,1,,exam,2,center_exam,センター試験語彙リスト由来。意味は要補充,center_pos=NN; center_pmw=10+,decoration,NN,10+,
add,3482,dedication,dedication,noun,base,1,,exam,2,center_exam,センター試験語彙リスト由来。意味は要補充,center_pos=NN; center_pmw=10+,dedication,NN,10+,
add,3483,deferential,deferential,adjective,base,1,,exam,2,center_exam,センター試験語彙リスト由来。意味は要補充,center_pos=JJ; center_pmw=10+,deferential,JJ,10+,
add,3484,delete,delete,verb,base,1,,exam,2,center_exam,センター試験語彙リスト由来。意味は要補充,center_pos=VV; center_pmw=10+,delete,VV,10+,
add,3485,delicate,delicate,adjective,base,1,,exam,2,center_exam,センター試験語彙リスト由来。意味は要補充,center_pos=JJ; center_pmw=10+,delicate,JJ,10+,
add,3486,delta,delta,noun,base,1,,exam,2,center_exam,センター試験語彙リスト由来。意味は要補充,center_pos=NN; center_pmw=10+,delta,NN,10+,
add,3487,democracy,democracy,noun,base,1,,exam,2,center_exam,センター試験語彙リスト由来。意味は要補充,center_pos=NN; center_pmw=10+,democracy,NN,10+,
add,3488,demonstration,demonstration,noun,base,1,,exam,2,center_exam,センター試験語彙リスト由来。意味は要補充,center_pos=NN; center_pmw=10+,demonstration,NN,10+,
add,3489,dent,dent,noun,base,1,,exam,2,center_exam,センター試験語彙リスト由来。意味は要補充,center_pos=NN; center_pmw=10+,dent,NN,10+,
add,3490,depart,depart,verb,base,1,,exam,2,center_exam,センター試験語彙リスト由来。意味は要補充,center_pos=VV; center_pmw=10+,depart,VV,10+,
add,3491,dependable,dependable,adjective,base,1,,exam,2,center_exam,センター試験語彙リスト由来。意味は要補充,center_pos=JJ; center_pmw=10+,dependable,JJ,10+,
add,3492,depress,depress,verb,base,1,,exam,2,center_exam,センター試験語彙リスト由来。意味は要補充,center_pos=VV; center_pmw=10+,depress,VV,10+,
add,3493,depth,depth,noun,base,1,,exam,2,center_exam,センター試験語彙リスト由来。意味は要補充,center_pos=NN; center_pmw=10+,depth,NN,10+,
add,3494,despair,despair,noun,base,1,,exam,2,center_exam,センター試験語彙リスト由来。意味は要補充,center_pos=NN; center_pmw=10+,despair,NN,10+,
add,3495,dial,dial,noun,base,1,,exam,2,center_exam,センター試験語彙リスト由来。意味は要補充,center_pos=NN; center_pmw=10+,dial,NN,10+,
add,3496,dinosaur,dinosaur,noun,base,1,,exam,2,center_exam,センター試験語彙リスト由来。意味は要補充,center_pos=NN; center_pmw=10+,dinosaur,NN,10+,
add,3497,dirt,dirt,noun,base,1,,exam,2,center_exam,センター試験語彙リスト由来。意味は要補充,center_pos=NN; center_pmw=10+,dirt,NN,10+,
add,3498,disable,disable,verb,base,1,,exam,2,center_exam,センター試験語彙リスト由来。意味は要補充,center_pos=VV; center_pmw=10+,disable,VV,10+,
add,3499,distinct,distinct,adjective,base,1,,exam,2,center_exam,センター試験語彙リスト由来。意味は要補充,center_pos=JJ; center_pmw=10+,distinct,JJ,10+,
add,3500,diversity,diversity,noun,base,1,,exam,2,center_exam,センター試験語彙リスト由来。意味は要補充,center_pos=NN; center_pmw=10+,diversity,NN,10+,
add,3501,division,division,noun,base,1,,exam,2,center_exam,センター試験語彙リスト由来。意味は要補充,center_pos=NN; center_pmw=10+,division,NN,10+,
add,3502,divorce,divorce,noun,base,1,,exam,2,center_exam,センター試験語彙リスト由来。意味は要補充,center_pos=NN; center_pmw=10+,divorce,NN,10+,
add,3503,dizzy,dizzy,adjective,base,1,,exam,2,center_exam,センター試験語彙リスト由来。意味は要補充,center_pos=JJ; center_pmw=10+,dizzy,JJ,10+,
add,3505,domestically,domestically,adverb,base,1,,exam,2,center_exam,センター試験語彙リスト由来。意味は要補充,center_pos=RB; center_pmw=10+,domestically,RB,10+,
add,3506,donor,donor,noun,base,1,,exam,2,center_exam,センター試験語彙リスト由来。意味は要補充,center_pos=NN; center_pmw=10+,donor,NN,10+,
add,3507,drain,drain,noun,base,1,,exam,2,center_exam,センター試験語彙リスト由来。意味は要補充,center_pos=NN; center_pmw=10+,drain,NN,10+,
add,3508,drift,drift,noun,base,1,,exam,2,center_exam,センター試験語彙リスト由来。意味は要補充,center_pos=NN; center_pmw=10+,drift,NN,10+,
add,3510,drugstore,drugstore,noun,base,1,,exam,2,center_exam,センター試験語彙リスト由来。意味は要補充,center_pos=NN; center_pmw=10+,drugstore,NN,10+,
add,3511,dull,dull,adjective,base,1,,exam,2,center_exam,センター試験語彙リスト由来。意味は要補充,center_pos=JJ; center_pmw=10+,dull,JJ,10+,
add,3513,earring,earring,noun,base,1,,exam,2,center_exam,センター試験語彙リスト由来。意味は要補充,center_pos=NN; center_pmw=10+,earring,NN,10+,
add,3515,economist,economist,noun,base,1,,exam,2,center_exam,センター試験語彙リスト由来。意味は要補充,center_pos=NN; center_pmw=10+,economist,NN,10+,
add,3516,eco-x,eco-x,noun,base,1,,exam,2,center_exam,センター試験語彙リスト由来。意味は要補充,center_pos=NN; center_pmw=10+,eco-X,NN,10+,
add,3517,edit,edit,verb,base,1,,exam,2,center_exam,センター試験語彙リスト由来。意味は要補充,center_pos=VV; center_pmw=10+,edit,VV,10+,
add,3518,educator,educator,noun,base,1,,exam,2,center_exam,センター試験語彙リスト由来。意味は要補充,center_pos=NN; center_pmw=10+,educator,NN,10+,
add,3521,elbow,elbow,noun,base,1,,exam,2,center_exam,センター試験語彙リスト由来。意味は要補充,center_pos=NN; center_pmw=10+,elbow,NN,10+,
add,3522,eldest,eldest,adjective,base,1,,exam,2,center_exam,センター試験語彙リスト由来。意味は要補充,center_pos=JJ; center_pmw=10+,eldest,JJ,10+,
add,3523,electrical,electrical,adjective,base,1,,exam,2,center_exam,センター試験語彙リスト由来。意味は要補充,center_pos=JJ; center_pmw=10+,electrical,JJ,10+,
add,3524,elegant,elegant,adjective,base,1,,exam,2,center_exam,センター試験語彙リスト由来。意味は要補充,center_pos=JJ; center_pmw=10+,elegant,JJ,10+,
add,3526,elite,elite,noun,base,1,,exam,2,center_exam,センター試験語彙リスト由来。意味は要補充,center_pos=NN; center_pmw=10+,elite,NN,10+,
add,3527,employer,employer,noun,base,1,,exam,2,center_exam,センター試験語彙リスト由来。意味は要補充,center_pos=NN; center_pmw=10+,employer,NN,10+,
add,3528,endanger,endanger,verb,base,1,,exam,2,center_exam,センター試験語彙リスト由来。意味は要補充,center_pos=VV; center_pmw=10+,endanger,VV,10+,
add,3529,energetic,energetic,adjective,base,1,,exam,2,center_exam,センター試験語彙リスト由来。意味は要補充,center_pos=JJ; center_pmw=10+,energetic,JJ,10+,
add,3530,engineering,engineering,noun,base,1,,exam,2,center_exam,センター試験語彙リスト由来。意味は要補充,center_pos=NN; center_pmw=10+,engineering,NN,10+,
add,3531,epitome,epitome,noun,base,1,,exam,2,center_exam,センター試験語彙リスト由来。意味は要補充,center_pos=NN; center_pmw=10+,epitome,NN,10+,
add,3532,escalator,escalator,noun,base,1,,exam,2,center_exam,センター試験語彙リスト由来。意味は要補充,center_pos=NN; center_pmw=10+,escalator,NN,10+,
add,3533,estate,estate,noun,base,1,,exam,2,center_exam,センター試験語彙リスト由来。意味は要補充,center_pos=NN; center_pmw=10+,estate,NN,10+,
add,3534,exact,exact,adjective,base,1,,exam,2,center_exam,センター試験語彙リスト由来。意味は要補充,center_pos=JJ; center_pmw=10+,exact,JJ,10+,
add,3535,exceed,exceed,verb,base,1,,exam,2,center_exam,センター試験語彙リスト由来。意味は要補充,center_pos=VV; center_pmw=10+,exceed,VV,10+,
add,3536,exception,exception,noun,base,1,,exam,2,center_exam,センター試験語彙リスト由来。意味は要補充,center_pos=NN; center_pmw=10+,exception,NN,10+,
add,3537,excessive,excessive,adjective,base,1,,exam,2,center_exam,センター試験語彙リスト由来。意味は要補充,center_pos=JJ; center_pmw=10+,excessive,JJ,10+,
add,3538,excitedly,excitedly,adverb,base,1,,exam,2,center_exam,センター試験語彙リスト由来。意味は要補充,center_pos=RB; center_pmw=10+,excitedly,RB,10+,
add,3539,exclude,exclude,verb,base,1,,exam,2,center_exam,センター試験語彙リスト由来。意味は要補充,center_pos=VV; center_pmw=10+,exclude,VV,10+,
add,3540,exhibition,exhibition,noun,base,1,,exam,2,center_exam,センター試験語彙リスト由来。意味は要補充,center_pos=NN; center_pmw=10+,exhibition,NN,10+,
add,3541,expire,expire,verb,base,1,,exam,2,center_exam,センター試験語彙リスト由来。意味は要補充,center_pos=VV; center_pmw=10+,expire,VV,10+,
add,3542,exploration,exploration,noun,base,1,,exam,2,center_exam,センター試験語彙リスト由来。意味は要補充,center_pos=NN; center_pmw=10+,exploration,NN,10+,
add,3543,explorer,explorer,noun,base,1,,exam,2,center_exam,センター試験語彙リスト由来。意味は要補充,center_pos=NN; center_pmw=10+,explorer,NN,10+,
add,3544,exporter,exporter,noun,base,1,,exam,2,center_exam,センター試験語彙リスト由来。意味は要補充,center_pos=NN; center_pmw=10+,exporter,NN,10+,
add,3545,extend,extend,verb,base,1,,exam,2,center_exam,センター試験語彙リスト由来。意味は要補充,center_pos=VV; center_pmw=10+,extend,VV,10+,
add,3546,extent,extent,noun,base,1,,exam,2,center_exam,センター試験語彙リスト由来。意味は要補充,center_pos=NN; center_pmw=10+,extent,NN,10+,
add,3547,extinct,extinct,adjective,base,1,,exam,2,center_exam,センター試験語彙リスト由来。意味は要補充,center_pos=JJ; center_pmw=10+,extinct,JJ,10+,
add,3548,extravagance,extravagance,noun,base,1,,exam,2,center_exam,センター試験語彙リスト由来。意味は要補充,center_pos=NN; center_pmw=10+,extravagance,NN,10+,
add,3549,exuberant,exuberant,adjective,base,1,,exam,2,center_exam,センター試験語彙リスト由来。意味は要補充,center_pos=JJ; center_pmw=10+,exuberant,JJ,10+,
add,3550,eyesight,eyesight,noun,base,1,,exam,2,center_exam,センター試験語彙リスト由来。意味は要補充,center_pos=NN; center_pmw=10+,eyesight,NN,10+,
add,3551,facial,facial,adjective,base,1,,exam,2,center_exam,センター試験語彙リスト由来。意味は要補充,center_pos=JJ; center_pmw=10+,facial,JJ,10+,
add,3552,faith,faith,noun,base,1,,exam,2,center_exam,センター試験語彙リスト由来。意味は要補充,center_pos=NN; center_pmw=10+,faith,NN,10+,
add,3553,fame,fame,noun,base,1,,exam,2,center_exam,センター試験語彙リスト由来。意味は要補充,center_pos=NN; center_pmw=10+,fame,NN,10+,
add,3554,familiarity,familiarity,noun,base,1,,exam,2,center_exam,センター試験語彙リスト由来。意味は要補充,center_pos=NN; center_pmw=10+,familiarity,NN,10+,
add,3556,favorable,favorable,adjective,base,1,,exam,2,center_exam,センター試験語彙リスト由来。意味は要補充,center_pos=JJ; center_pmw=10+,favorable,JJ,10+,
add,3557,fax,fax,noun,base,1,,exam,2,center_exam,センター試験語彙リスト由来。意味は要補充,center_pos=NN; center_pmw=10+,fax,NN,10+,
add,3558,fearful,fearful,adjective,base,1,,exam,2,center_exam,センター試験語彙リスト由来。意味は要補充,center_pos=JJ; center_pmw=10+,fearful,JJ,10+,
add,3559,ferret,ferret,noun,base,1,,exam,2,center_exam,センター試験語彙リスト由来。意味は要補充,center_pos=NN; center_pmw=10+,ferret,NN,10+,
add,3560,file,file,verb,base,1,,exam,2,center_exam,センター試験語彙リスト由来。意味は要補充,center_pos=VV; center_pmw=10+,file,VV,10+,
add,3562,fingernail,fingernail,noun,base,1,,exam,2,center_exam,センター試験語彙リスト由来。意味は要補充,center_pos=NN; center_pmw=10+,fingernail,NN,10+,
add,3563,fingertip,fingertip,noun,base,1,,exam,2,center_exam,センター試験語彙リスト由来。意味は要補充,center_pos=NN; center_pmw=10+,fingertip,NN,10+,
add,3564,firm,firm,noun,base,1,,exam,2,center_exam,センター試験語彙リスト由来。意味は要補充,center_pos=NN; center_pmw=10+,firm,NN,10+,
add,3565,firmly,firmly,adverb,base,1,,exam,2,center_exam,センター試験語彙リスト由来。意味は要補充,center_pos=RB; center_pmw=10+,firmly,RB,10+,
add,3566,fishbowl,fishbowl,noun,base,1,,exam,2,center_exam,センター試験語彙リスト由来。意味は要補充,center_pos=NN; center_pmw=10+,fishbowl,NN,10+,
add,3567,flag,flag,noun,base,1,,exam,2,center_exam,センター試験語彙リスト由来。意味は要補充,center_pos=NN; center_pmw=10+,flag,NN,10+,
add,3568,flash,flash,noun,base,1,,exam,2,center_exam,センター試験語彙リスト由来。意味は要補充,center_pos=NN; center_pmw=10+,flash,NN,10+,
add,3569,flee,flee,verb,base,1,,exam,2,center_exam,センター試験語彙リスト由来。意味は要補充,center_pos=VV; center_pmw=10+,flee,VV,10+,
add,3570,flier,flier,noun,base,1,,exam,2,center_exam,センター試験語彙リスト由来。意味は要補充,center_pos=NN; center_pmw=10+,flier,NN,10+,
add,3571,flu,flu,noun,base,1,,exam,2,center_exam,センター試験語彙リスト由来。意味は要補充,center_pos=NN; center_pmw=10+,flu,NN,10+,
add,3572,fluently,fluently,adverb,base,1,,exam,2,center_exam,センター試験語彙リスト由来。意味は要補充,center_pos=RB; center_pmw=10+,fluently,RB,10+,
add,3573,forcefully,forcefully,adverb,base,1,,exam,2,center_exam,センター試験語彙リスト由来。意味は要補充,center_pos=RB; center_pmw=10+,forcefully,RB,10+,
add,3574,ford,ford,noun,base,1,,exam,2,center_exam,センター試験語彙リスト由来。意味は要補充,center_pos=NN; center_pmw=10+,ford,NN,10+,
add,3575,forecast,forecast,noun,base,1,,exam,2,center_exam,センター試験語彙リスト由来。意味は要補充,center_pos=NN; center_pmw=10+,forecast,NN,10+,
add,3576,forecaster,forecaster,noun,base,1,,exam,2,center_exam,センター試験語彙リスト由来。意味は要補充,center_pos=NN; center_pmw=10+,forecaster,NN,10+,
add,3577,forgetful,forgetful,adjective,base,1,,exam,2,center_exam,センター試験語彙リスト由来。意味は要補充,center_pos=JJ; center_pmw=10+,forgetful,JJ,10+,
add,3578,format,format,noun,base,1,,exam,2,center_exam,センター試験語彙リスト由来。意味は要補充,center_pos=NN; center_pmw=10+,format,NN,10+,
add,3579,fort,fort,noun,base,1,,exam,2,center_exam,センター試験語彙リスト由来。意味は要補充,center_pos=NN; center_pmw=10+,fort,NN,10+,
add,3580,forum,forum,noun,base,1,,exam,2,center_exam,センター試験語彙リスト由来。意味は要補充,center_pos=NN; center_pmw=10+,forum,NN,10+,
add,3581,fossil,fossil,noun,base,1,,exam,2,center_exam,センター試験語彙リスト由来。意味は要補充,center_pos=NN; center_pmw=10+,fossil,NN,10+,
add,3582,foul,foul,adjective,base,1,,exam,2,center_exam,センター試験語彙リスト由来。意味は要補充,center_pos=JJ; center_pmw=10+,foul,JJ,10+,
add,3584,fragile,fragile,adjective,base,1,,exam,2,center_exam,センター試験語彙リスト由来。意味は要補充,center_pos=JJ; center_pmw=10+,fragile,JJ,10+,
add,3585,frequent,frequent,adjective,base,1,,exam,2,center_exam,センター試験語彙リスト由来。意味は要補充,center_pos=JJ; center_pmw=10+,frequent,JJ,10+,
add,3586,freshener,freshener,noun,base,1,,exam,2,center_exam,センター試験語彙リスト由来。意味は要補充,center_pos=NN; center_pmw=10+,freshener,NN,10+,
add,3588,frown,frown,noun,base,1,,exam,2,center_exam,センター試験語彙リスト由来。意味は要補充,center_pos=NN; center_pmw=10+,frown,NN,10+,
add,3589,frustration,frustration,noun,base,1,,exam,2,center_exam,センター試験語彙リスト由来。意味は要補充,center_pos=NN; center_pmw=10+,frustration,NN,10+,
add,3590,functional,functional,adjective,base,1,,exam,2,center_exam,センター試験語彙リスト由来。意味は要補充,center_pos=JJ; center_pmw=10+,functional,JJ,10+,
add,3591,fundamental,fundamental,adjective,base,1,,exam,2,center_exam,センター試験語彙リスト由来。意味は要補充,center_pos=JJ; center_pmw=10+,fundamental,JJ,10+,
add,3593,generate,generate,verb,base,1,,exam,2,center_exam,センター試験語彙リスト由来。意味は要補充,center_pos=VV; center_pmw=10+,generate,VV,10+,
add,3594,gent,gent,noun,base,1,,exam,2,center_exam,センター試験語彙リスト由来。意味は要補充,center_pos=NN; center_pmw=10+,gent,NN,10+,
add,3596,genuine,genuine,adjective,base,1,,exam,2,center_exam,センター試験語彙リスト由来。意味は要補充,center_pos=JJ; center_pmw=10+,genuine,JJ,10+,
add,3597,geography,geography,noun,base,1,,exam,2,center_exam,センター試験語彙リスト由来。意味は要補充,center_pos=NN; center_pmw=10+,geography,NN,10+,
add,3598,ginger,ginger,noun,base,1,,exam,2,center_exam,センター試験語彙リスト由来。意味は要補充,center_pos=NN; center_pmw=10+,ginger,NN,10+,
add,3599,glorious,glorious,adjective,base,1,,exam,2,center_exam,センター試験語彙リスト由来。意味は要補充,center_pos=JJ; center_pmw=10+,glorious,JJ,10+,
add,3600,golden,golden,adjective,base,1,,exam,2,center_exam,センター試験語彙リスト由来。意味は要補充,center_pos=JJ; center_pmw=10+,golden,JJ,10+,
add,3601,gossip,gossip,noun,base,1,,exam,2,center_exam,センター試験語彙リスト由来。意味は要補充,center_pos=NN; center_pmw=10+,gossip,NN,10+,
add,3602,grammatical,grammatical,adjective,base,1,,exam,2,center_exam,センター試験語彙リスト由来。意味は要補充,center_pos=JJ; center_pmw=10+,grammatical,JJ,10+,
add,3603,grandma,grandma,noun,base,1,,exam,2,center_exam,センター試験語彙リスト由来。意味は要補充,center_pos=NN; center_pmw=10+,grandma,NN,10+,
add,3604,gratitude,gratitude,noun,base,1,,exam,2,center_exam,センター試験語彙リスト由来。意味は要補充,center_pos=NN; center_pmw=10+,gratitude,NN,10+,
add,3606,grocery,grocery,noun,base,1,,exam,2,center_exam,センター試験語彙リスト由来。意味は要補充,center_pos=NN; center_pmw=10+,grocery,NN,10+,
add,3607,grower,grower,noun,base,1,,exam,2,center_exam,センター試験語彙リスト由来。意味は要補充,center_pos=NN; center_pmw=10+,grower,NN,10+,
add,3608,guarantee,guarantee,noun,base,1,,exam,2,center_exam,センター試験語彙リスト由来。意味は要補充,center_pos=NN; center_pmw=10+,guarantee,NN,10+,
add,3609,guard,guard,noun,base,1,,exam,2,center_exam,センター試験語彙リスト由来。意味は要補充,center_pos=NN; center_pmw=10+,guard,NN,10+,
add,3610,gymnastic,gymnastic,adjective,base,1,,exam,2,center_exam,センター試験語彙リスト由来。意味は要補充,center_pos=JJ; center_pmw=10+,gymnastic,JJ,10+,
add,3611,halfway,halfway,adverb,base,1,,exam,2,center_exam,センター試験語彙リスト由来。意味は要補充,center_pos=RB; center_pmw=10+,halfway,RB,10+,
add,3612,handedness,handedness,noun,base,1,,exam,2,center_exam,センター試験語彙リスト由来。意味は要補充,center_pos=NN; center_pmw=10+,handedness,NN,10+,
add,3613,handsome,handsome,adjective,base,1,,exam,2,center_exam,センター試験語彙リスト由来。意味は要補充,center_pos=JJ; center_pmw=10+,handsome,JJ,10+,
add,3614,handwritten,handwritten,adjective,base,1,,exam,2,center_exam,センター試験語彙リスト由来。意味は要補充,center_pos=JJ; center_pmw=10+,handwritten,JJ,10+,
add,3615,harbor,harbor,noun,base,1,,exam,2,center_exam,センター試験語彙リスト由来。意味は要補充,center_pos=NN; center_pmw=10+,harbor,NN,10+,
add,3616,harmless,harmless,adjective,base,1,,exam,2,center_exam,センター試験語彙リスト由来。意味は要補充,center_pos=JJ; center_pmw=10+,harmless,JJ,10+,
add,3617,haste,haste,noun,base,1,,exam,2,center_exam,センター試験語彙リスト由来。意味は要補充,center_pos=NN; center_pmw=10+,haste,NN,10+,
add,3618,heater,heater,noun,base,1,,exam,2,center_exam,センター試験語彙リスト由来。意味は要補充,center_pos=NN; center_pmw=10+,heater,NN,10+,
add,3620,height,height,noun,base,1,,exam,2,center_exam,センター試験語彙リスト由来。意味は要補充,center_pos=NN; center_pmw=10+,height,NN,10+,
add,3621,heritage,heritage,noun,base,1,,exam,2,center_exam,センター試験語彙リスト由来。意味は要補充,center_pos=NN; center_pmw=10+,heritage,NN,10+,
add,3622,highlight,highlight,noun,base,1,,exam,2,center_exam,センター試験語彙リスト由来。意味は要補充,center_pos=NN; center_pmw=10+,highlight,NN,10+,
add,3623,homesick,homesick,adjective,base,1,,exam,2,center_exam,センター試験語彙リスト由来。意味は要補充,center_pos=JJ; center_pmw=10+,homesick,JJ,10+,
add,3625,hop,hop,noun,base,1,,exam,2,center_exam,センター試験語彙リスト由来。意味は要補充,center_pos=NN; center_pmw=10+,hop,NN,10+,
add,3626,horror,horror,noun,base,1,,exam,2,center_exam,センター試験語彙リスト由来。意味は要補充,center_pos=NN; center_pmw=10+,horror,NN,10+,
add,3627,horsepower,horsepower,noun,base,1,,exam,2,center_exam,センター試験語彙リスト由来。意味は要補充,center_pos=NN; center_pmw=10+,horsepower,NN,10+,
add,3628,humanity,humanity,noun,base,1,,exam,2,center_exam,センター試験語彙リスト由来。意味は要補充,center_pos=NN; center_pmw=10+,humanity,NN,10+,
add,3629,humorous,humorous,adjective,base,1,,exam,2,center_exam,センター試験語彙リスト由来。意味は要補充,center_pos=JJ; center_pmw=10+,humorous,JJ,10+,
add,3630,hunger,hunger,noun,base,1,,exam,2,center_exam,センター試験語彙リスト由来。意味は要補充,center_pos=NN; center_pmw=10+,hunger,NN,10+,
add,3631,hygiene,hygiene,noun,base,1,,exam,2,center_exam,センター試験語彙リスト由来。意味は要補充,center_pos=NN; center_pmw=10+,hygiene,NN,10+,
add,3632,hypothesis,hypothesis,noun,base,1,,exam,2,center_exam,センター試験語彙リスト由来。意味は要補充,center_pos=NN; center_pmw=10+,hypothesis,NN,10+,
add,3634,ideally,ideally,adverb,base,1,,exam,2,center_exam,センター試験語彙リスト由来。意味は要補充,center_pos=RB; center_pmw=10+,ideally,RB,10+,
add,3635,identical,identical,adjective,base,1,,exam,2,center_exam,センター試験語彙リスト由来。意味は要補充,center_pos=JJ; center_pmw=10+,identical,JJ,10+,
add,3636,ignorant,ignorant,adjective,base,1,,exam,2,center_exam,センター試験語彙リスト由来。意味は要補充,center_pos=JJ; center_pmw=10+,ignorant,JJ,10+,
add,3637,immigration,immigration,noun,base,1,,exam,2,center_exam,センター試験語彙リスト由来。意味は要補充,center_pos=NN; center_pmw=10+,immigration,NN,10+,
add,3638,immunity,immunity,noun,base,1,,exam,2,center_exam,センター試験語彙リスト由来。意味は要補充,center_pos=NN; center_pmw=10+,immunity,NN,10+,
add,3639,impolite,impolite,adjective,base,1,,exam,2,center_exam,センター試験語彙リスト由来。意味は要補充,center_pos=JJ; center_pmw=10+,impolite,JJ,10+,
add,3640,inconvenience,inconvenience,noun,base,1,,exam,2,center_exam,センター試験語彙リスト由来。意味は要補充,center_pos=NN; center_pmw=10+,inconvenience,NN,10+,
add,3641,incorrectly,incorrectly,adverb,base,1,,exam,2,center_exam,センター試験語彙リスト由来。意味は要補充,center_pos=RB; center_pmw=10+,incorrectly,RB,10+,
add,3642,incredible,incredible,adjective,base,1,,exam,2,center_exam,センター試験語彙リスト由来。意味は要補充,center_pos=JJ; center_pmw=10+,incredible,JJ,10+,
add,3643,indifferent,indifferent,adjective,base,1,,exam,2,center_exam,センター試験語彙リスト由来。意味は要補充,center_pos=JJ; center_pmw=10+,indifferent,JJ,10+,
add,3645,industrialization,industrialization,noun,base,1,,exam,2,center_exam,センター試験語彙リスト由来。意味は要補充,center_pos=NN; center_pmw=10+,industrialization,NN,10+,
add,3646,industry,industry,noun,base,1,,exam,2,center_exam,センター試験語彙リスト由来。意味は要補充,center_pos=NN; center_pmw=10+,industry,NN,10+,
add,3647,inexperience,inexperience,noun,base,1,,exam,2,center_exam,センター試験語彙リスト由来。意味は要補充,center_pos=NN; center_pmw=10+,inexperience,NN,10+,
add,3648,informal,informal,adjective,base,1,,exam,2,center_exam,センター試験語彙リスト由来。意味は要補充,center_pos=JJ; center_pmw=10+,informal,JJ,10+,
add,3649,infrequently,infrequently,adverb,base,1,,exam,2,center_exam,センター試験語彙リスト由来。意味は要補充,center_pos=RB; center_pmw=10+,infrequently,RB,10+,
add,3650,inhabitant,inhabitant,noun,base,1,,exam,2,center_exam,センター試験語彙リスト由来。意味は要補充,center_pos=NN; center_pmw=10+,inhabitant,NN,10+,
add,3651,innocent,innocent,adjective,base,1,,exam,2,center_exam,センター試験語彙リスト由来。意味は要補充,center_pos=JJ; center_pmw=10+,innocent,JJ,10+,
add,3652,insecure,insecure,adjective,base,1,,exam,2,center_exam,センター試験語彙リスト由来。意味は要補充,center_pos=JJ; center_pmw=10+,insecure,JJ,10+,
add,3653,inspector,inspector,noun,base,1,,exam,2,center_exam,センター試験語彙リスト由来。意味は要補充,center_pos=NN; center_pmw=10+,inspector,NN,10+,
add,3654,instinct,instinct,noun,base,1,,exam,2,center_exam,センター試験語彙リスト由来。意味は要補充,center_pos=NN; center_pmw=10+,instinct,NN,10+,
add,3655,instructor,instructor,noun,base,1,,exam,2,center_exam,センター試験語彙リスト由来。意味は要補充,center_pos=NN; center_pmw=10+,instructor,NN,10+,
add,3656,insurance,insurance,noun,base,1,,exam,2,center_exam,センター試験語彙リスト由来。意味は要補充,center_pos=NN; center_pmw=10+,insurance,NN,10+,
add,3657,intellectual,intellectual,adjective,base,1,,exam,2,center_exam,センター試験語彙リスト由来。意味は要補充,center_pos=JJ; center_pmw=10+,intellectual,JJ,10+,
add,3658,intently,intently,adverb,base,1,,exam,2,center_exam,センター試験語彙リスト由来。意味は要補充,center_pos=RB; center_pmw=10+,intently,RB,10+,
add,3659,interaction,interaction,noun,base,1,,exam,2,center_exam,センター試験語彙リスト由来。意味は要補充,center_pos=NN; center_pmw=10+,interaction,NN,10+,
add,3660,interpreter,interpreter,noun,base,1,,exam,2,center_exam,センター試験語彙リスト由来。意味は要補充,center_pos=NN; center_pmw=10+,interpreter,NN,10+,
add,3661,interval,interval,noun,base,1,,exam,2,center_exam,センター試験語彙リスト由来。意味は要補充,center_pos=NN; center_pmw=10+,interval,NN,10+,
add,3662,invader,invader,noun,base,1,,exam,2,center_exam,センター試験語彙リスト由来。意味は要補充,center_pos=NN; center_pmw=10+,invader,NN,10+,
add,3663,inventor,inventor,noun,base,1,,exam,2,center_exam,センター試験語彙リスト由来。意味は要補充,center_pos=NN; center_pmw=10+,inventor,NN,10+,
add,3664,invest,invest,verb,base,1,,exam,2,center_exam,センター試験語彙リスト由来。意味は要補充,center_pos=VV; center_pmw=10+,invest,VV,10+,
add,3666,isolate,isolate,noun,base,1,,exam,2,center_exam,センター試験語彙リスト由来。意味は要補充,center_pos=NN; center_pmw=10+,isolate,NN,10+,
add,3667,jet,jet,noun,base,1,,exam,2,center_exam,センター試験語彙リスト由来。意味は要補充,center_pos=NN; center_pmw=10+,jet,NN,10+,
add,3668,jimmy,jimmy,noun,base,1,,exam,2,center_exam,センター試験語彙リスト由来。意味は要補充,center_pos=NN; center_pmw=10+,jimmy,NN,10+,
add,3670,kangaroo,kangaroo,noun,base,1,,exam,2,center_exam,センター試験語彙リスト由来。意味は要補充,center_pos=NN; center_pmw=10+,kangaroo,NN,10+,
add,3671,kcal,kcal,adjective,base,1,,exam,2,center_exam,センター試験語彙リスト由来。意味は要補充,center_pos=JJ; center_pmw=10+,kcal,JJ,10+,
add,3672,keeper,keeper,noun,base,1,,exam,2,center_exam,センター試験語彙リスト由来。意味は要補充,center_pos=NN; center_pmw=10+,keeper,NN,10+,
add,3673,kilo,kilo,noun,base,1,,exam,2,center_exam,センター試験語彙リスト由来。意味は要補充,center_pos=NN; center_pmw=10+,kilo,NN,10+,
add,3674,kindly,kindly,adverb,base,1,,exam,2,center_exam,センター試験語彙リスト由来。意味は要補充,center_pos=RB; center_pmw=10+,kindly,RB,10+,
add,3675,kindness,kindness,noun,base,1,,exam,2,center_exam,センター試験語彙リスト由来。意味は要補充,center_pos=NN; center_pmw=10+,kindness,NN,10+,
add,3677,knuckle,knuckle,noun,base,1,,exam,2,center_exam,センター試験語彙リスト由来。意味は要補充,center_pos=NN; center_pmw=10+,knuckle,NN,10+,
add,3678,koala,koala,noun,base,1,,exam,2,center_exam,センター試験語彙リスト由来。意味は要補充,center_pos=NN; center_pmw=10+,koala,NN,10+,
add,3679,labor,labor,noun,base,1,,exam,2,center_exam,センター試験語彙リスト由来。意味は要補充,center_pos=NN; center_pmw=10+,labor,NN,10+,
add,3680,lag,lag,noun,base,1,,exam,2,center_exam,センター試験語彙リスト由来。意味は要補充,center_pos=NN; center_pmw=10+,lag,NN,10+,
add,3681,landscape,landscape,noun,base,1,,exam,2,center_exam,センター試験語彙リスト由来。意味は要補充,center_pos=NN; center_pmw=10+,landscape,NN,10+,
add,3682,lastly,lastly,adverb,base,1,,exam,2,center_exam,センター試験語彙リスト由来。意味は要補充,center_pos=RB; center_pmw=10+,lastly,RB,10+,
add,3683,leak,leak,noun,base,1,,exam,2,center_exam,センター試験語彙リスト由来。意味は要補充,center_pos=NN; center_pmw=10+,leak,NN,10+,
add,3684,leap,leap,noun,base,1,,exam,2,center_exam,センター試験語彙リスト由来。意味は要補充,center_pos=NN; center_pmw=10+,leap,NN,10+,
add,3687,legend,legend,noun,base,1,,exam,2,center_exam,センター試験語彙リスト由来。意味は要補充,center_pos=NN; center_pmw=10+,legend,NN,10+,
add,3688,lemonade,lemonade,noun,base,1,,exam,2,center_exam,センター試験語彙リスト由来。意味は要補充,center_pos=NN; center_pmw=10+,lemonade,NN,10+,
add,3689,lengthen,lengthen,verb,base,1,,exam,2,center_exam,センター試験語彙リスト由来。意味は要補充,center_pos=VV; center_pmw=10+,lengthen,VV,10+,
add,3690,liberty,liberty,noun,base,1,,exam,2,center_exam,センター試験語彙リスト由来。意味は要補充,center_pos=NN; center_pmw=10+,liberty,NN,10+,
add,3692,literature,literature,noun,base,1,,exam,2,center_exam,センター試験語彙リスト由来。意味は要補充,center_pos=NN; center_pmw=10+,literature,NN,10+,
add,3693,lively,lively,adjective,base,1,,exam,2,center_exam,センター試験語彙リスト由来。意味は要補充,center_pos=JJ; center_pmw=10+,lively,JJ,10+,
add,3694,load,load,noun,base,1,,exam,2,center_exam,センター試験語彙リスト由来。意味は要補充,center_pos=NN; center_pmw=10+,load,NN,10+,
add,3696,log,log,noun,base,1,,exam,2,center_exam,センター試験語彙リスト由来。意味は要補充,center_pos=NN; center_pmw=10+,log,NN,10+,
add,3697,lope,lope,noun,base,1,,exam,2,center_exam,センター試験語彙リスト由来。意味は要補充,center_pos=NN; center_pmw=10+,lope,NN,10+,
add,3698,lunchtime,lunchtime,noun,base,1,,exam,2,center_exam,センター試験語彙リスト由来。意味は要補充,center_pos=NN; center_pmw=10+,lunchtime,NN,10+,
add,3699,madam,madam,noun,base,1,,exam,2,center_exam,センター試験語彙リスト由来。意味は要補充,center_pos=NN; center_pmw=10+,madam,NN,10+,
add,3700,mainland,mainland,adjective,base,1,,exam,2,center_exam,センター試験語彙リスト由来。意味は要補充,center_pos=JJ; center_pmw=10+,mainland,JJ,10+,
add,3701,maintenance,maintenance,noun,base,1,,exam,2,center_exam,センター試験語彙リスト由来。意味は要補充,center_pos=NN; center_pmw=10+,maintenance,NN,10+,
add,3702,makeshift,makeshift,adjective,base,1,,exam,2,center_exam,センター試験語彙リスト由来。意味は要補充,center_pos=JJ; center_pmw=10+,makeshift,JJ,10+,
add,3703,malaysia,malaysia,noun,base,1,,exam,2,center_exam,センター試験語彙リスト由来。意味は要補充,center_pos=NN; center_pmw=10+,malaysia,NN,10+,
add,3704,marathon,marathon,noun,base,1,,exam,2,center_exam,センター試験語彙リスト由来。意味は要補充,center_pos=NN; center_pmw=10+,marathon,NN,10+,
add,3705,mathematician,mathematician,noun,base,1,,exam,2,center_exam,センター試験語彙リスト由来。意味は要補充,center_pos=NN; center_pmw=10+,mathematician,NN,10+,
add,3706,maverick,maverick,noun,base,1,,exam,2,center_exam,センター試験語彙リスト由来。意味は要補充,center_pos=NN; center_pmw=10+,maverick,NN,10+,
add,3707,meantime,meantime,noun,base,1,,exam,2,center_exam,センター試験語彙リスト由来。意味は要補充,center_pos=NN; center_pmw=10+,meantime,NN,10+,
add,3708,mechanical,mechanical,adjective,base,1,,exam,2,center_exam,センター試験語彙リスト由来。意味は要補充,center_pos=JJ; center_pmw=10+,mechanical,JJ,10+,
add,3710,melancholy,melancholy,adjective,base,1,,exam,2,center_exam,センター試験語彙リスト由来。意味は要補充,center_pos=JJ; center_pmw=10+,melancholy,JJ,10+,
add,3711,memorable,memorable,adjective,base,1,,exam,2,center_exam,センター試験語彙リスト由来。意味は要補充,center_pos=JJ; center_pmw=10+,memorable,JJ,10+,
add,3712,mend,mend,noun,base,1,,exam,2,center_exam,センター試験語彙リスト由来。意味は要補充,center_pos=NN; center_pmw=10+,mend,NN,10+,
add,3713,mentally,mentally,adverb,base,1,,exam,2,center_exam,センター試験語彙リスト由来。意味は要補充,center_pos=RB; center_pmw=10+,mentally,RB,10+,
add,3715,microphone,microphone,noun,base,1,,exam,2,center_exam,センター試験語彙リスト由来。意味は要補充,center_pos=NN; center_pmw=10+,microphone,NN,10+,
add,3717,midterm,midterm,noun,base,1,,exam,2,center_exam,センター試験語彙リスト由来。意味は要補充,center_pos=NN; center_pmw=10+,midterm,NN,10+,
add,3718,migration,migration,noun,base,1,,exam,2,center_exam,センター試験語彙リスト由来。意味は要補充,center_pos=NN; center_pmw=10+,migration,NN,10+,
add,3719,miller,miller,noun,base,1,,exam,2,center_exam,センター試験語彙リスト由来。意味は要補充,center_pos=NN; center_pmw=10+,miller,NN,10+,
add,3720,miniature,miniature,adjective,base,1,,exam,2,center_exam,センター試験語彙リスト由来。意味は要補充,center_pos=JJ; center_pmw=10+,miniature,JJ,10+,
add,3721,ministry,ministry,noun,base,1,,exam,2,center_exam,センター試験語彙リスト由来。意味は要補充,center_pos=NN; center_pmw=10+,ministry,NN,10+,
add,3722,moderate,moderate,adjective,base,1,,exam,2,center_exam,センター試験語彙リスト由来。意味は要補充,center_pos=JJ; center_pmw=10+,moderate,JJ,10+,
add,3723,modest,modest,adjective,base,1,,exam,2,center_exam,センター試験語彙リスト由来。意味は要補充,center_pos=JJ; center_pmw=10+,modest,JJ,10+,
add,3724,mongrel,mongrel,noun,base,1,,exam,2,center_exam,センター試験語彙リスト由来。意味は要補充,center_pos=NN; center_pmw=10+,mongrel,NN,10+,
add,3725,moral,moral,adjective,base,1,,exam,2,center_exam,センター試験語彙リスト由来。意味は要補充,center_pos=JJ; center_pmw=10+,moral,JJ,10+,
add,3726,motion,motion,noun,base,1,,exam,2,center_exam,センター試験語彙リスト由来。意味は要補充,center_pos=NN; center_pmw=10+,motion,NN,10+,
add,3727,motor,motor,noun,base,1,,exam,2,center_exam,センター試験語彙リスト由来。意味は要補充,center_pos=NN; center_pmw=10+,motor,NN,10+,
add,3728,mud,mud,noun,base,1,,exam,2,center_exam,センター試験語彙リスト由来。意味は要補充,center_pos=NN; center_pmw=10+,mud,NN,10+,
add,3729,muffin,muffin,noun,base,1,,exam,2,center_exam,センター試験語彙リスト由来。意味は要補充,center_pos=NN; center_pmw=10+,muffin,NN,10+,
add,3730,murmur,murmur,noun,base,1,,exam,2,center_exam,センター試験語彙リスト由来。意味は要補充,center_pos=NN; center_pmw=10+,murmur,NN,10+,
add,3731,mystery,mystery,noun,base,1,,exam,2,center_exam,センター試験語彙リスト由来。意味は要補充,center_pos=NN; center_pmw=10+,mystery,NN,10+,
add,3732,nail,nail,noun,base,1,,exam,2,center_exam,センター試験語彙リスト由来。意味は要補充,center_pos=NN; center_pmw=10+,nail,NN,10+,
add,3733,namely,namely,adverb,base,1,,exam,2,center_exam,センター試験語彙リスト由来。意味は要補充,center_pos=RB; center_pmw=10+,namely,RB,10+,
add,3734,nationality,nationality,noun,base,1,,exam,2,center_exam,センター試験語彙リスト由来。意味は要補充,center_pos=NN; center_pmw=10+,nationality,NN,10+,
add,3735,negatively,negatively,adverb,base,1,,exam,2,center_exam,センター試験語彙リスト由来。意味は要補充,center_pos=RB; center_pmw=10+,negatively,RB,10+,
add,3736,negotiate,negotiate,verb,base,1,,exam,2,center_exam,センター試験語彙リスト由来。意味は要補充,center_pos=VV; center_pmw=10+,negotiate,VV,10+,
add,3737,nephew,nephew,noun,base,1,,exam,2,center_exam,センター試験語彙リスト由来。意味は要補充,center_pos=NN; center_pmw=10+,nephew,NN,10+,
add,3738,nervously,nervously,adverb,base,1,,exam,2,center_exam,センター試験語彙リスト由来。意味は要補充,center_pos=RB; center_pmw=10+,nervously,RB,10+,
add,3739,newborn,newborn,adjective,base,1,,exam,2,center_exam,センター試験語彙リスト由来。意味は要補充,center_pos=JJ; center_pmw=10+,newborn,JJ,10+,
add,3740,nonstop,nonstop,adjective,base,1,,exam,2,center_exam,センター試験語彙リスト由来。意味は要補充,center_pos=JJ; center_pmw=10+,nonstop,JJ,10+,
add,3741,northeast,northeast,adverb,base,1,,exam,2,center_exam,センター試験語彙リスト由来。意味は要補充,center_pos=RB; center_pmw=10+,northeast,RB,10+,
add,3742,northwestern,northwestern,adjective,base,1,,exam,2,center_exam,センター試験語彙リスト由来。意味は要補充,center_pos=JJ; center_pmw=10+,northwestern,JJ,10+,
add,3743,notable,notable,adjective,base,1,,exam,2,center_exam,センター試験語彙リスト由来。意味は要補充,center_pos=JJ; center_pmw=10+,notable,JJ,10+,
add,3744,numerous,numerous,adjective,base,1,,exam,2,center_exam,センター試験語彙リスト由来。意味は要補充,center_pos=JJ; center_pmw=10+,numerous,JJ,10+,
add,3745,nylon,nylon,noun,base,1,,exam,2,center_exam,センター試験語彙リスト由来。意味は要補充,center_pos=NN; center_pmw=10+,nylon,NN,10+,
add,3746,objective,objective,noun,base,1,,exam,2,center_exam,センター試験語彙リスト由来。意味は要補充,center_pos=NN; center_pmw=10+,objective,NN,10+,
add,3747,obstinate,obstinate,adjective,base,1,,exam,2,center_exam,センター試験語彙リスト由来。意味は要補充,center_pos=JJ; center_pmw=10+,obstinate,JJ,10+,
add,3749,odd,odd,adjective,base,1,,exam,2,center_exam,センター試験語彙リスト由来。意味は要補充,center_pos=JJ; center_pmw=10+,odd,JJ,10+,
add,3751,ointment,ointment,noun,base,1,,exam,2,center_exam,センター試験語彙リスト由来。意味は要補充,center_pos=NN; center_pmw=10+,ointment,NN,10+,
add,3753,oral,oral,adjective,base,1,,exam,2,center_exam,センター試験語彙リスト由来。意味は要補充,center_pos=JJ; center_pmw=10+,oral,JJ,10+,
add,3754,organizer,organizer,noun,base,1,,exam,2,center_exam,センター試験語彙リスト由来。意味は要補充,center_pos=NN; center_pmw=10+,organizer,NN,10+,
add,3755,orient,orient,noun,base,1,,exam,2,center_exam,センター試験語彙リスト由来。意味は要補充,center_pos=NN; center_pmw=10+,orient,NN,10+,
add,3756,outgoing,outgoing,adjective,base,1,,exam,2,center_exam,センター試験語彙リスト由来。意味は要補充,center_pos=JJ; center_pmw=10+,outgoing,JJ,10+,
add,3757,outlook,outlook,noun,base,1,,exam,2,center_exam,センター試験語彙リスト由来。意味は要補充,center_pos=NN; center_pmw=10+,outlook,NN,10+,
add,3758,overeat,overeat,verb,base,1,,exam,2,center_exam,センター試験語彙リスト由来。意味は要補充,center_pos=VV; center_pmw=10+,overeat,VV,10+,
add,3759,overestimate,overestimate,noun,base,1,,exam,2,center_exam,センター試験語彙リスト由来。意味は要補充,center_pos=NN; center_pmw=10+,overestimate,NN,10+,
add,3760,overhead,overhead,adverb,base,1,,exam,2,center_exam,センター試験語彙リスト由来。意味は要補充,center_pos=RB; center_pmw=10+,overhead,RB,10+,
add,3761,oversleep,oversleep,verb,base,1,,exam,2,center_exam,センター試験語彙リスト由来。意味は要補充,center_pos=VV; center_pmw=10+,oversleep,VV,10+,
add,3762,paintbrush,paintbrush,noun,base,1,,exam,2,center_exam,センター試験語彙リスト由来。意味は要補充,center_pos=NN; center_pmw=10+,paintbrush,NN,10+,
add,3763,palm,palm,noun,base,1,,exam,2,center_exam,センター試験語彙リスト由来。意味は要補充,center_pos=NN; center_pmw=10+,palm,NN,10+,
add,3764,panda,panda,noun,base,1,,exam,2,center_exam,センター試験語彙リスト由来。意味は要補充,center_pos=NN; center_pmw=10+,panda,NN,10+,
add,3765,pant,pant,noun,base,1,,exam,2,center_exam,センター試験語彙リスト由来。意味は要補充,center_pos=NN; center_pmw=10+,pant,NN,10+,
add,3767,paragliding,paragliding,noun,base,1,,exam,2,center_exam,センター試験語彙リスト由来。意味は要補充,center_pos=NN; center_pmw=10+,paragliding,NN,10+,
add,3768,partially,partially,adverb,base,1,,exam,2,center_exam,センター試験語彙リスト由来。意味は要補充,center_pos=RB; center_pmw=10+,partially,RB,10+,
add,3769,partner,partner,noun,base,1,,exam,2,center_exam,センター試験語彙リスト由来。意味は要補充,center_pos=NN; center_pmw=10+,partner,NN,10+,
add,3770,passion,passion,noun,base,1,,exam,2,center_exam,センター試験語彙リスト由来。意味は要補充,center_pos=NN; center_pmw=10+,passion,NN,10+,
add,3771,pastime,pastime,noun,base,1,,exam,2,center_exam,センター試験語彙リスト由来。意味は要補充,center_pos=NN; center_pmw=10+,pastime,NN,10+,
add,3772,patience,patience,noun,base,1,,exam,2,center_exam,センター試験語彙リスト由来。意味は要補充,center_pos=NN; center_pmw=10+,patience,NN,10+,
add,3773,patiently,patiently,adverb,base,1,,exam,2,center_exam,センター試験語彙リスト由来。意味は要補充,center_pos=RB; center_pmw=10+,patiently,RB,10+,
add,3774,patio,patio,noun,base,1,,exam,2,center_exam,センター試験語彙リスト由来。意味は要補充,center_pos=NN; center_pmw=10+,patio,NN,10+,
add,3775,payday,payday,noun,base,1,,exam,2,center_exam,センター試験語彙リスト由来。意味は要補充,center_pos=NN; center_pmw=10+,payday,NN,10+,
add,3776,pebble,pebble,noun,base,1,,exam,2,center_exam,センター試験語彙リスト由来。意味は要補充,center_pos=NN; center_pmw=10+,pebble,NN,10+,
add,3777,peer,peer,noun,base,1,,exam,2,center_exam,センター試験語彙リスト由来。意味は要補充,center_pos=NN; center_pmw=10+,peer,NN,10+,
add,3778,penchant,penchant,noun,base,1,,exam,2,center_exam,センター試験語彙リスト由来。意味は要補充,center_pos=NN; center_pmw=10+,penchant,NN,10+,
add,3779,pendant,pendant,noun,base,1,,exam,2,center_exam,センター試験語彙リスト由来。意味は要補充,center_pos=NN; center_pmw=10+,pendant,NN,10+,
add,3780,penny,penny,noun,base,1,,exam,2,center_exam,センター試験語彙リスト由来。意味は要補充,center_pos=NN; center_pmw=10+,penny,NN,10+,
add,3781,perceive,perceive,verb,base,1,,exam,2,center_exam,センター試験語彙リスト由来。意味は要補充,center_pos=VVP; center_pmw=10+,perceive,VVP,10+,
add,3782,perception,perception,noun,base,1,,exam,2,center_exam,センター試験語彙リスト由来。意味は要補充,center_pos=NN; center_pmw=10+,perception,NN,10+,
add,3784,personally,personally,adverb,base,1,,exam,2,center_exam,センター試験語彙リスト由来。意味は要補充,center_pos=RB; center_pmw=10+,personally,RB,10+,
add,3785,philosophy,philosophy,noun,base,1,,exam,2,center_exam,センター試験語彙リスト由来。意味は要補充,center_pos=NN; center_pmw=10+,philosophy,NN,10+,
add,3786,pile,pile,noun,base,1,,exam,2,center_exam,センター試験語彙リスト由来。意味は要補充,center_pos=NN; center_pmw=10+,pile,NN,10+,
add,3787,piton,piton,noun,base,1,,exam,2,center_exam,センター試験語彙リスト由来。意味は要補充,center_pos=NN; center_pmw=10+,piton,NN,10+,
add,3788,placement,placement,noun,base,1,,exam,2,center_exam,センター試験語彙リスト由来。意味は要補充,center_pos=NN; center_pmw=10+,placement,NN,10+,
add,3789,platypus,platypus,noun,base,1,,exam,2,center_exam,センター試験語彙リスト由来。意味は要補充,center_pos=NN; center_pmw=10+,platypus,NN,10+,
add,3790,plaza,plaza,noun,base,1,,exam,2,center_exam,センター試験語彙リスト由来。意味は要補充,center_pos=NN; center_pmw=10+,plaza,NN,10+,
add,3791,pleasantly,pleasantly,adverb,base,1,,exam,2,center_exam,センター試験語彙リスト由来。意味は要補充,center_pos=RB; center_pmw=10+,pleasantly,RB,10+,
add,3792,plentiful,plentiful,adjective,base,1,,exam,2,center_exam,センター試験語彙リスト由来。意味は要補充,center_pos=JJ; center_pmw=10+,plentiful,JJ,10+,
add,3793,poach,poach,verb,base,1,,exam,2,center_exam,センター試験語彙リスト由来。意味は要補充,center_pos=VV; center_pmw=10+,poach,VV,10+,
add,3795,possess,possess,verb,base,1,,exam,2,center_exam,センター試験語彙リスト由来。意味は要補充,center_pos=VV; center_pmw=10+,possess,VV,10+,
add,3797,powder,powder,noun,base,1,,exam,2,center_exam,センター試験語彙リスト由来。意味は要補充,center_pos=NN; center_pmw=10+,powder,NN,10+,
add,3798,pray,pray,verb,base,1,,exam,2,center_exam,センター試験語彙リスト由来。意味は要補充,center_pos=VV; center_pmw=10+,pray,VV,10+,
add,3799,precisely,precisely,adverb,base,1,,exam,2,center_exam,センター試験語彙リスト由来。意味は要補充,center_pos=RB; center_pmw=10+,precisely,RB,10+,
add,3801,prediction,prediction,noun,base,1,,exam,2,center_exam,センター試験語彙リスト由来。意味は要補充,center_pos=NN; center_pmw=10+,prediction,NN,10+,
add,3802,prehistoric,prehistoric,adjective,base,1,,exam,2,center_exam,センター試験語彙リスト由来。意味は要補充,center_pos=JJ; center_pmw=10+,prehistoric,JJ,10+,
add,3803,primate,primate,noun,base,1,,exam,2,center_exam,センター試験語彙リスト由来。意味は要補充,center_pos=NN; center_pmw=10+,primate,NN,10+,
add,3804,primitive,primitive,adjective,base,1,,exam,2,center_exam,センター試験語彙リスト由来。意味は要補充,center_pos=JJ; center_pmw=10+,primitive,JJ,10+,
add,3805,processor,processor,noun,base,1,,exam,2,center_exam,センター試験語彙リスト由来。意味は要補充,center_pos=NN; center_pmw=10+,processor,NN,10+,
add,3806,profession,profession,noun,base,1,,exam,2,center_exam,センター試験語彙リスト由来。意味は要補充,center_pos=NN; center_pmw=10+,profession,NN,10+,
add,3807,profitably,profitably,adverb,base,1,,exam,2,center_exam,センター試験語彙リスト由来。意味は要補充,center_pos=RB; center_pmw=10+,profitably,RB,10+,
add,3808,protein,protein,noun,base,1,,exam,2,center_exam,センター試験語彙リスト由来。意味は要補充,center_pos=NN; center_pmw=10+,protein,NN,10+,
add,3809,puff,puff,noun,base,1,,exam,2,center_exam,センター試験語彙リスト由来。意味は要補充,center_pos=NN; center_pmw=10+,puff,NN,10+,
add,3810,pumpkin,pumpkin,noun,base,1,,exam,2,center_exam,センター試験語彙リスト由来。意味は要補充,center_pos=NN; center_pmw=10+,pumpkin,NN,10+,
add,3811,puncture,puncture,noun,base,1,,exam,2,center_exam,センター試験語彙リスト由来。意味は要補充,center_pos=NN; center_pmw=10+,puncture,NN,10+,
add,3812,pure,pure,adjective,base,1,,exam,2,center_exam,センター試験語彙リスト由来。意味は要補充,center_pos=JJ; center_pmw=10+,pure,JJ,10+,
add,3814,purse,purse,noun,base,1,,exam,2,center_exam,センター試験語彙リスト由来。意味は要補充,center_pos=NN; center_pmw=10+,purse,NN,10+,
add,3815,pygmy,pygmy,noun,base,1,,exam,2,center_exam,センター試験語彙リスト由来。意味は要補充,center_pos=NN; center_pmw=10+,pygmy,NN,10+,
add,3816,qualification,qualification,noun,base,1,,exam,2,center_exam,センター試験語彙リスト由来。意味は要補充,center_pos=NN; center_pmw=10+,qualification,NN,10+,
add,3817,quarrel,quarrel,noun,base,1,,exam,2,center_exam,センター試験語彙リスト由来。意味は要補充,center_pos=NN; center_pmw=10+,quarrel,NN,10+,
add,3818,questionnaire,questionnaire,noun,base,1,,exam,2,center_exam,センター試験語彙リスト由来。意味は要補充,center_pos=NN; center_pmw=10+,questionnaire,NN,10+,
add,3819,radiator,radiator,noun,base,1,,exam,2,center_exam,センター試験語彙リスト由来。意味は要補充,center_pos=NN; center_pmw=10+,radiator,NN,10+,
add,3820,rainstorm,rainstorm,noun,base,1,,exam,2,center_exam,センター試験語彙リスト由来。意味は要補充,center_pos=NN; center_pmw=10+,rainstorm,NN,10+,
add,3822,randy,randy,adjective,base,1,,exam,2,center_exam,センター試験語彙リスト由来。意味は要補充,center_pos=JJ; center_pmw=10+,randy,JJ,10+,
add,3823,rating,rating,noun,base,1,,exam,2,center_exam,センター試験語彙リスト由来。意味は要補充,center_pos=NN; center_pmw=10+,rating,NN,10+,
add,3825,reasonably,reasonably,adverb,base,1,,exam,2,center_exam,センター試験語彙リスト由来。意味は要補充,center_pos=RB; center_pmw=10+,reasonably,RB,10+,
add,3826,receiver,receiver,noun,base,1,,exam,2,center_exam,センター試験語彙リスト由来。意味は要補充,center_pos=NN; center_pmw=10+,receiver,NN,10+,
add,3827,reciprocal,reciprocal,adjective,base,1,,exam,2,center_exam,センター試験語彙リスト由来。意味は要補充,center_pos=JJ; center_pmw=10+,reciprocal,JJ,10+,
add,3828,recognition,recognition,noun,base,1,,exam,2,center_exam,センター試験語彙リスト由来。意味は要補充,center_pos=NN; center_pmw=10+,recognition,NN,10+,
add,3829,recruit,recruit,noun,base,1,,exam,2,center_exam,センター試験語彙リスト由来。意味は要補充,center_pos=NN; center_pmw=10+,recruit,NN,10+,
add,3830,refrain,refrain,noun,base,1,,exam,2,center_exam,センター試験語彙リスト由来。意味は要補充,center_pos=NN; center_pmw=10+,refrain,NN,10+,
add,3831,regain,regain,verb,base,1,,exam,2,center_exam,センター試験語彙リスト由来。意味は要補充,center_pos=VV; center_pmw=10+,regain,VV,10+,
add,3832,regional,regional,adjective,base,1,,exam,2,center_exam,センター試験語彙リスト由来。意味は要補充,center_pos=JJ; center_pmw=10+,regional,JJ,10+,
add,3833,rehearse,rehearse,verb,base,1,,exam,2,center_exam,センター試験語彙リスト由来。意味は要補充,center_pos=VV; center_pmw=10+,rehearse,VV,10+,
add,3834,relearn,relearn,noun,base,1,,exam,2,center_exam,センター試験語彙リスト由来。意味は要補充,center_pos=NN; center_pmw=10+,relearn,NN,10+,
add,3835,relocate,relocate,noun,base,1,,exam,2,center_exam,センター試験語彙リスト由来。意味は要補充,center_pos=NN; center_pmw=10+,relocate,NN,10+,
add,3836,reluctant,reluctant,adjective,base,1,,exam,2,center_exam,センター試験語彙リスト由来。意味は要補充,center_pos=JJ; center_pmw=10+,reluctant,JJ,10+,
add,3837,reluctantly,reluctantly,adverb,base,1,,exam,2,center_exam,センター試験語彙リスト由来。意味は要補充,center_pos=RB; center_pmw=10+,reluctantly,RB,10+,
add,3838,rental,rental,adjective,base,1,,exam,2,center_exam,センター試験語彙リスト由来。意味は要補充,center_pos=JJ; center_pmw=10+,rental,JJ,10+,
add,3839,repay,repay,verb,base,1,,exam,2,center_exam,センター試験語彙リスト由来。意味は要補充,center_pos=VV; center_pmw=10+,repay,VV,10+,
add,3840,repeatedly,repeatedly,adverb,base,1,,exam,2,center_exam,センター試験語彙リスト由来。意味は要補充,center_pos=RB; center_pmw=10+,repeatedly,RB,10+,
add,3841,residence,residence,noun,base,1,,exam,2,center_exam,センター試験語彙リスト由来。意味は要補充,center_pos=NN; center_pmw=10+,residence,NN,10+,
add,3842,resort,resort,noun,base,1,,exam,2,center_exam,センター試験語彙リスト由来。意味は要補充,center_pos=NN; center_pmw=10+,resort,NN,10+,
add,3843,restorative,restorative,adjective,base,1,,exam,2,center_exam,センター試験語彙リスト由来。意味は要補充,center_pos=JJ; center_pmw=10+,restorative,JJ,10+,
add,3844,resume,resume,verb,base,1,,exam,2,center_exam,センター試験語彙リスト由来。意味は要補充,center_pos=VV; center_pmw=10+,resume,VV,10+,
add,3845,retain,retain,verb,base,1,,exam,2,center_exam,センター試験語彙リスト由来。意味は要補充,center_pos=VV; center_pmw=10+,retain,VV,10+,
add,3846,retirement,retirement,noun,base,1,,exam,2,center_exam,センター試験語彙リスト由来。意味は要補充,center_pos=NN; center_pmw=10+,retirement,NN,10+,
add,3847,rhythm,rhythm,noun,base,1,,exam,2,center_exam,センター試験語彙リスト由来。意味は要補充,center_pos=NN; center_pmw=10+,rhythm,NN,10+,
add,3848,richness,richness,noun,base,1,,exam,2,center_exam,センター試験語彙リスト由来。意味は要補充,center_pos=NN; center_pmw=10+,richness,NN,10+,
add,3849,ridiculous,ridiculous,adjective,base,1,,exam,2,center_exam,センター試験語彙リスト由来。意味は要補充,center_pos=JJ; center_pmw=10+,ridiculous,JJ,10+,
add,3850,rival,rival,adjective,base,1,,exam,2,center_exam,センター試験語彙リスト由来。意味は要補充,center_pos=JJ; center_pmw=10+,rival,JJ,10+,
add,3851,romance,romance,noun,base,1,,exam,2,center_exam,センター試験語彙リスト由来。意味は要補充,center_pos=NN; center_pmw=10+,romance,NN,10+,
add,3852,romantic,romantic,adjective,base,1,,exam,2,center_exam,センター試験語彙リスト由来。意味は要補充,center_pos=JJ; center_pmw=10+,romantic,JJ,10+,
add,3853,roughly,roughly,adverb,base,1,,exam,2,center_exam,センター試験語彙リスト由来。意味は要補充,center_pos=RB; center_pmw=10+,roughly,RB,10+,
add,3854,royal,royal,adjective,base,1,,exam,2,center_exam,センター試験語彙リスト由来。意味は要補充,center_pos=JJ; center_pmw=10+,royal,JJ,10+,
add,3855,rucksack,rucksack,noun,base,1,,exam,2,center_exam,センター試験語彙リスト由来。意味は要補充,center_pos=NN; center_pmw=10+,rucksack,NN,10+,
add,3856,rudely,rudely,adverb,base,1,,exam,2,center_exam,センター試験語彙リスト由来。意味は要補充,center_pos=RB; center_pmw=10+,rudely,RB,10+,
add,3857,rugby,rugby,noun,base,1,,exam,2,center_exam,センター試験語彙リスト由来。意味は要補充,center_pos=NN; center_pmw=10+,rugby,NN,10+,
add,3858,rural,rural,adjective,base,1,,exam,2,center_exam,センター試験語彙リスト由来。意味は要補充,center_pos=JJ; center_pmw=10+,rural,JJ,10+,
add,3860,sauce,sauce,noun,base,1,,exam,2,center_exam,センター試験語彙リスト由来。意味は要補充,center_pos=NN; center_pmw=10+,sauce,NN,10+,
add,3861,sawyer,sawyer,noun,base,1,,exam,2,center_exam,センター試験語彙リスト由来。意味は要補充,center_pos=NN; center_pmw=10+,sawyer,NN,10+,
add,3862,scatter,scatter,noun,base,1,,exam,2,center_exam,センター試験語彙リスト由来。意味は要補充,center_pos=NN; center_pmw=10+,scatter,NN,10+,
add,3863,scholar,scholar,noun,base,1,,exam,2,center_exam,センター試験語彙リスト由来。意味は要補充,center_pos=NN; center_pmw=10+,scholar,NN,10+,
add,3864,schoolwork,schoolwork,noun,base,1,,exam,2,center_exam,センター試験語彙リスト由来。意味は要補充,center_pos=NN; center_pmw=10+,schoolwork,NN,10+,
add,3865,scolding,scolding,noun,base,1,,exam,2,center_exam,センター試験語彙リスト由来。意味は要補充,center_pos=NN; center_pmw=10+,scolding,NN,10+,
add,3866,scoop,scoop,noun,base,1,,exam,2,center_exam,センター試験語彙リスト由来。意味は要補充,center_pos=NN; center_pmw=10+,scoop,NN,10+,
add,3867,scope,scope,noun,base,1,,exam,2,center_exam,センター試験語彙リスト由来。意味は要補充,center_pos=NN; center_pmw=10+,scope,NN,10+,
add,3868,seagull,seagull,noun,base,1,,exam,2,center_exam,センター試験語彙リスト由来。意味は要補充,center_pos=NN; center_pmw=10+,seagull,NN,10+,
add,3869,secondary,secondary,adjective,base,1,,exam,2,center_exam,センター試験語彙リスト由来。意味は要補充,center_pos=JJ; center_pmw=10+,secondary,JJ,10+,
add,3870,secondly,secondly,adverb,base,1,,exam,2,center_exam,センター試験語彙リスト由来。意味は要補充,center_pos=RB; center_pmw=10+,secondly,RB,10+,
add,3871,seize,seize,verb,base,1,,exam,2,center_exam,センター試験語彙リスト由来。意味は要補充,center_pos=VV; center_pmw=10+,seize,VV,10+,
add,3873,sensational,sensational,adjective,base,1,,exam,2,center_exam,センター試験語彙リスト由来。意味は要補充,center_pos=JJ; center_pmw=10+,sensational,JJ,10+,
add,3874,sensor,sensor,noun,base,1,,exam,2,center_exam,センター試験語彙リスト由来。意味は要補充,center_pos=NN; center_pmw=10+,sensor,NN,10+,
add,3875,serendipity,serendipity,noun,base,1,,exam,2,center_exam,センター試験語彙リスト由来。意味は要補充,center_pos=NN; center_pmw=10+,serendipity,NN,10+,
add,3876,seriousness,seriousness,noun,base,1,,exam,2,center_exam,センター試験語彙リスト由来。意味は要補充,center_pos=NN; center_pmw=10+,seriousness,NN,10+,
add,3877,servant,servant,noun,base,1,,exam,2,center_exam,センター試験語彙リスト由来。意味は要補充,center_pos=NN; center_pmw=10+,servant,NN,10+,
add,3878,session,session,noun,base,1,,exam,2,center_exam,センター試験語彙リスト由来。意味は要補充,center_pos=NN; center_pmw=10+,session,NN,10+,
add,3881,sew,sew,verb,base,1,,exam,2,center_exam,センター試験語彙リスト由来。意味は要補充,center_pos=VV; center_pmw=10+,sew,VV,10+,
add,3882,sex,sex,noun,base,1,,exam,2,center_exam,センター試験語彙リスト由来。意味は要補充,center_pos=NN; center_pmw=10+,sex,NN,10+,
add,3883,shadow,shadow,noun,base,1,,exam,2,center_exam,センター試験語彙リスト由来。意味は要補充,center_pos=NN; center_pmw=10+,shadow,NN,10+,
add,3884,shiver,shiver,noun,base,1,,exam,2,center_exam,センター試験語彙リスト由来。意味は要補充,center_pos=NN; center_pmw=10+,shiver,NN,10+,
add,3885,shrink,shrink,verb,base,1,,exam,2,center_exam,センター試験語彙リスト由来。意味は要補充,center_pos=VV; center_pmw=10+,shrink,VV,10+,
add,3886,shyness,shyness,noun,base,1,,exam,2,center_exam,センター試験語彙リスト由来。意味は要補充,center_pos=NN; center_pmw=10+,shyness,NN,10+,
add,3887,sickness,sickness,noun,base,1,,exam,2,center_exam,センター試験語彙リスト由来。意味は要補充,center_pos=NN; center_pmw=10+,sickness,NN,10+,
add,3888,signature,signature,noun,base,1,,exam,2,center_exam,センター試験語彙リスト由来。意味は要補充,center_pos=NN; center_pmw=10+,signature,NN,10+,
add,3889,significantly,significantly,adverb,base,1,,exam,2,center_exam,センター試験語彙リスト由来。意味は要補充,center_pos=RB; center_pmw=10+,significantly,RB,10+,
add,3890,simplicity,simplicity,noun,base,1,,exam,2,center_exam,センター試験語彙リスト由来。意味は要補充,center_pos=NN; center_pmw=10+,simplicity,NN,10+,
add,3891,sincerely,sincerely,adverb,base,1,,exam,2,center_exam,センター試験語彙リスト由来。意味は要補充,center_pos=RB; center_pmw=10+,sincerely,RB,10+,
add,3893,skateboard,skateboard,noun,base,1,,exam,2,center_exam,センター試験語彙リスト由来。意味は要補充,center_pos=NN; center_pmw=10+,skateboard,NN,10+,
add,3894,skeleton,skeleton,noun,base,1,,exam,2,center_exam,センター試験語彙リスト由来。意味は要補充,center_pos=NN; center_pmw=10+,skeleton,NN,10+,
add,3895,slap,slap,noun,base,1,,exam,2,center_exam,センター試験語彙リスト由来。意味は要補充,center_pos=NN; center_pmw=10+,slap,NN,10+,
add,3896,slave,slave,noun,base,1,,exam,2,center_exam,センター試験語彙リスト由来。意味は要補充,center_pos=NN; center_pmw=10+,slave,NN,10+,
add,3897,slavery,slavery,noun,base,1,,exam,2,center_exam,センター試験語彙リスト由来。意味は要補充,center_pos=NN; center_pmw=10+,slavery,NN,10+,
add,3898,sleeplessness,sleeplessness,noun,base,1,,exam,2,center_exam,センター試験語彙リスト由来。意味は要補充,center_pos=NN; center_pmw=10+,sleeplessness,NN,10+,
add,3899,slippery,slippery,adjective,base,1,,exam,2,center_exam,センター試験語彙リスト由来。意味は要補充,center_pos=JJ; center_pmw=10+,slippery,JJ,10+,
add,3900,slope,slope,noun,base,1,,exam,2,center_exam,センター試験語彙リスト由来。意味は要補充,center_pos=NN; center_pmw=10+,slope,NN,10+,
add,3901,smelly,smelly,adjective,base,1,,exam,2,center_exam,センター試験語彙リスト由来。意味は要補充,center_pos=JJ; center_pmw=10+,smelly,JJ,10+,
add,3902,smoker,smoker,noun,base,1,,exam,2,center_exam,センター試験語彙リスト由来。意味は要補充,center_pos=NN; center_pmw=10+,smoker,NN,10+,
add,3903,snowball,snowball,noun,base,1,,exam,2,center_exam,センター試験語彙リスト由来。意味は要補充,center_pos=NN; center_pmw=10+,snowball,NN,10+,
add,3904,spaceman,spaceman,noun,base,1,,exam,2,center_exam,センター試験語彙リスト由来。意味は要補充,center_pos=NN; center_pmw=10+,spaceman,NN,10+,
add,3905,spacious,spacious,adjective,base,1,,exam,2,center_exam,センター試験語彙リスト由来。意味は要補充,center_pos=JJ; center_pmw=10+,spacious,JJ,10+,
add,3906,span,span,noun,base,1,,exam,2,center_exam,センター試験語彙リスト由来。意味は要補充,center_pos=NN; center_pmw=10+,span,NN,10+,
add,3907,specifically,specifically,adverb,base,1,,exam,2,center_exam,センター試験語彙リスト由来。意味は要補充,center_pos=RB; center_pmw=10+,specifically,RB,10+,
add,3909,splendid,splendid,adjective,base,1,,exam,2,center_exam,センター試験語彙リスト由来。意味は要補充,center_pos=JJ; center_pmw=10+,splendid,JJ,10+,
add,3910,sponsor,sponsor,noun,base,1,,exam,2,center_exam,センター試験語彙リスト由来。意味は要補充,center_pos=NN; center_pmw=10+,sponsor,NN,10+,
add,3911,sporadic,sporadic,adjective,base,1,,exam,2,center_exam,センター試験語彙リスト由来。意味は要補充,center_pos=JJ; center_pmw=10+,sporadic,JJ,10+,
add,3912,squander,squander,noun,base,1,,exam,2,center_exam,センター試験語彙リスト由来。意味は要補充,center_pos=NN; center_pmw=10+,squander,NN,10+,
add,3913,stain,stain,noun,base,1,,exam,2,center_exam,センター試験語彙リスト由来。意味は要補充,center_pos=NN; center_pmw=10+,stain,NN,10+,
add,3914,starter,starter,adjective,base,1,,exam,2,center_exam,センター試験語彙リスト由来。意味は要補充,center_pos=JJ; center_pmw=10+,starter,JJ,10+,
add,3917,steam,steam,noun,base,1,,exam,2,center_exam,センター試験語彙リスト由来。意味は要補充,center_pos=NN; center_pmw=10+,steam,NN,10+,
add,3918,stem,stem,noun,base,1,,exam,2,center_exam,センター試験語彙リスト由来。意味は要補充,center_pos=NN; center_pmw=10+,stem,NN,10+,
add,3919,stereo,stereo,noun,base,1,,exam,2,center_exam,センター試験語彙リスト由来。意味は要補充,center_pos=NN; center_pmw=10+,stereo,NN,10+,
add,3920,stereotype,stereotype,noun,base,1,,exam,2,center_exam,センター試験語彙リスト由来。意味は要補充,center_pos=NN; center_pmw=10+,stereotype,NN,10+,
add,3921,stimulation,stimulation,noun,base,1,,exam,2,center_exam,センター試験語彙リスト由来。意味は要補充,center_pos=NN; center_pmw=10+,stimulation,NN,10+,
add,3922,stressful,stressful,adjective,base,1,,exam,2,center_exam,センター試験語彙リスト由来。意味は要補充,center_pos=JJ; center_pmw=10+,stressful,JJ,10+,
add,3923,stylish,stylish,adjective,base,1,,exam,2,center_exam,センター試験語彙リスト由来。意味は要補充,center_pos=JJ; center_pmw=10+,stylish,JJ,10+,
add,3924,substitute,substitute,noun,base,1,,exam,2,center_exam,センター試験語彙リスト由来。意味は要補充,center_pos=NN; center_pmw=10+,substitute,NN,10+,
add,3925,subtle,subtle,adjective,base,1,,exam,2,center_exam,センター試験語彙リスト由来。意味は要補充,center_pos=JJ; center_pmw=10+,subtle,JJ,10+,
add,3926,suburb,suburb,noun,base,1,,exam,2,center_exam,センター試験語彙リスト由来。意味は要補充,center_pos=NN; center_pmw=10+,suburb,NN,10+,
add,3928,summarize,summarize,verb,base,1,,exam,2,center_exam,センター試験語彙リスト由来。意味は要補充,center_pos=VV; center_pmw=10+,summarize,VV,10+,
add,3929,sunflower,sunflower,noun,base,1,,exam,2,center_exam,センター試験語彙リスト由来。意味は要補充,center_pos=NN; center_pmw=10+,sunflower,NN,10+,
add,3930,sunlight,sunlight,noun,base,1,,exam,2,center_exam,センター試験語彙リスト由来。意味は要補充,center_pos=NN; center_pmw=10+,sunlight,NN,10+,
add,3931,supervisor,supervisor,noun,base,1,,exam,2,center_exam,センター試験語彙リスト由来。意味は要補充,center_pos=NN; center_pmw=10+,supervisor,NN,10+,
add,3932,surfboard,surfboard,noun,base,1,,exam,2,center_exam,センター試験語彙リスト由来。意味は要補充,center_pos=NN; center_pmw=10+,surfboard,NN,10+,
add,3933,suspect,suspect,adjective,base,1,,exam,2,center_exam,センター試験語彙リスト由来。意味は要補充,center_pos=JJ; center_pmw=10+,suspect,JJ,10+,
add,3934,sustainability,sustainability,noun,base,1,,exam,2,center_exam,センター試験語彙リスト由来。意味は要補充,center_pos=NN; center_pmw=10+,sustainability,NN,10+,
add,3935,sweep,sweep,noun,base,1,,exam,2,center_exam,センター試験語彙リスト由来。意味は要補充,center_pos=NN; center_pmw=10+,sweep,NN,10+,
add,3936,swell,swell,noun,base,1,,exam,2,center_exam,センター試験語彙リスト由来。意味は要補充,center_pos=NN; center_pmw=10+,swell,NN,10+,
add,3938,sympathetic,sympathetic,adjective,base,1,,exam,2,center_exam,センター試験語彙リスト由来。意味は要補充,center_pos=JJ; center_pmw=10+,sympathetic,JJ,10+,
add,3939,sympathize,sympathize,verb,base,1,,exam,2,center_exam,センター試験語彙リスト由来。意味は要補充,center_pos=VVP; center_pmw=10+,sympathize,VVP,10+,
add,3940,teammate,teammate,noun,base,1,,exam,2,center_exam,センター試験語彙リスト由来。意味は要補充,center_pos=NN; center_pmw=10+,teammate,NN,10+,
add,3943,temporary,temporary,adjective,base,1,,exam,2,center_exam,センター試験語彙リスト由来。意味は要補充,center_pos=JJ; center_pmw=10+,temporary,JJ,10+,
add,3944,tempt,tempt,verb,base,1,,exam,2,center_exam,センター試験語彙リスト由来。意味は要補充,center_pos=VV; center_pmw=10+,tempt,VV,10+,
add,3945,temptation,temptation,noun,base,1,,exam,2,center_exam,センター試験語彙リスト由来。意味は要補充,center_pos=NN; center_pmw=10+,temptation,NN,10+,
add,3949,thoughtless,thoughtless,adjective,base,1,,exam,2,center_exam,センター試験語彙リスト由来。意味は要補充,center_pos=JJ; center_pmw=10+,thoughtless,JJ,10+,
add,3950,threat,threat,noun,base,1,,exam,2,center_exam,センター試験語彙リスト由来。意味は要補充,center_pos=NN; center_pmw=10+,threat,NN,10+,
add,3951,tickle,tickle,noun,base,1,,exam,2,center_exam,センター試験語彙リスト由来。意味は要補充,center_pos=NN; center_pmw=10+,tickle,NN,10+,
add,3952,tidy,tidy,adjective,base,1,,exam,2,center_exam,センター試験語彙リスト由来。意味は要補充,center_pos=JJ; center_pmw=10+,tidy,JJ,10+,
add,3953,tightly,tightly,adverb,base,1,,exam,2,center_exam,センター試験語彙リスト由来。意味は要補充,center_pos=RB; center_pmw=10+,tightly,RB,10+,
add,3954,toaster,toaster,noun,base,1,,exam,2,center_exam,センター試験語彙リスト由来。意味は要補充,center_pos=NN; center_pmw=10+,toaster,NN,10+,
add,3955,toll,toll,noun,base,1,,exam,2,center_exam,センター試験語彙リスト由来。意味は要補充,center_pos=NN; center_pmw=10+,toll,NN,10+,
add,3956,tournament,tournament,noun,base,1,,exam,2,center_exam,センター試験語彙リスト由来。意味は要補充,center_pos=NN; center_pmw=10+,tournament,NN,10+,
add,3957,towel,towel,noun,base,1,,exam,2,center_exam,センター試験語彙リスト由来。意味は要補充,center_pos=NN; center_pmw=10+,towel,NN,10+,
add,3958,tractor,tractor,noun,base,1,,exam,2,center_exam,センター試験語彙リスト由来。意味は要補充,center_pos=NN; center_pmw=10+,tractor,NN,10+,
add,3959,trainer,trainer,noun,base,1,,exam,2,center_exam,センター試験語彙リスト由来。意味は要補充,center_pos=NN; center_pmw=10+,trainer,NN,10+,
add,3960,transform,transform,verb,base,1,,exam,2,center_exam,センター試験語彙リスト由来。意味は要補充,center_pos=VV; center_pmw=10+,transform,VV,10+,
add,3961,tray,tray,noun,base,1,,exam,2,center_exam,センター試験語彙リスト由来。意味は要補充,center_pos=NN; center_pmw=10+,tray,NN,10+,
add,3962,tremble,tremble,noun,base,1,,exam,2,center_exam,センター試験語彙リスト由来。意味は要補充,center_pos=NN; center_pmw=10+,tremble,NN,10+,
add,3963,trendy,trendy,adjective,base,1,,exam,2,center_exam,センター試験語彙リスト由来。意味は要補充,center_pos=JJ; center_pmw=10+,trendy,JJ,10+,
add,3964,tribesman,tribesman,noun,base,1,,exam,2,center_exam,センター試験語彙リスト由来。意味は要補充,center_pos=NN; center_pmw=10+,tribesman,NN,10+,
add,3965,troublesome,troublesome,adjective,base,1,,exam,2,center_exam,センター試験語彙リスト由来。意味は要補充,center_pos=JJ; center_pmw=10+,troublesome,JJ,10+,
add,3966,tube,tube,noun,base,1,,exam,2,center_exam,センター試験語彙リスト由来。意味は要補充,center_pos=NN; center_pmw=10+,tube,NN,10+,
add,3967,typewriter,typewriter,noun,base,1,,exam,2,center_exam,センター試験語彙リスト由来。意味は要補充,center_pos=NN; center_pmw=10+,typewriter,NN,10+,
add,3968,ultimate,ultimate,adjective,base,1,,exam,2,center_exam,センター試験語彙リスト由来。意味は要補充,center_pos=JJ; center_pmw=10+,ultimate,JJ,10+,
add,3969,ultimately,ultimately,adverb,base,1,,exam,2,center_exam,センター試験語彙リスト由来。意味は要補充,center_pos=RB; center_pmw=10+,ultimately,RB,10+,
add,3970,unaware,unaware,adjective,base,1,,exam,2,center_exam,センター試験語彙リスト由来。意味は要補充,center_pos=JJ; center_pmw=10+,unaware,JJ,10+,
add,3971,uncertainty,uncertainty,noun,base,1,,exam,2,center_exam,センター試験語彙リスト由来。意味は要補充,center_pos=NN; center_pmw=10+,uncertainty,NN,10+,
add,3973,undoubtedly,undoubtedly,adverb,base,1,,exam,2,center_exam,センター試験語彙リスト由来。意味は要補充,center_pos=RB; center_pmw=10+,undoubtedly,RB,10+,
add,3974,unfavorable,unfavorable,adjective,base,1,,exam,2,center_exam,センター試験語彙リスト由来。意味は要補充,center_pos=JJ; center_pmw=10+,unfavorable,JJ,10+,
add,3975,unfavorably,unfavorably,adverb,base,1,,exam,2,center_exam,センター試験語彙リスト由来。意味は要補充,center_pos=RB; center_pmw=10+,unfavorably,RB,10+,
add,3976,unhealthy,unhealthy,adjective,base,1,,exam,2,center_exam,センター試験語彙リスト由来。意味は要補充,center_pos=JJ; center_pmw=10+,unhealthy,JJ,10+,
add,3977,unjust,unjust,adjective,base,1,,exam,2,center_exam,センター試験語彙リスト由来。意味は要補充,center_pos=JJ; center_pmw=10+,unjust,JJ,10+,
add,3978,unknown,unknown,adjective,base,1,,exam,2,center_exam,センター試験語彙リスト由来。意味は要補充,center_pos=JJ; center_pmw=10+,unknown,JJ,10+,
add,3979,unnecessary,unnecessary,adjective,base,1,,exam,2,center_exam,センター試験語彙リスト由来。意味は要補充,center_pos=JJ; center_pmw=10+,unnecessary,JJ,10+,
add,3980,unopened,unopened,adjective,base,1,,exam,2,center_exam,センター試験語彙リスト由来。意味は要補充,center_pos=JJ; center_pmw=10+,unopened,JJ,10+,
add,3981,unpainted,unpainted,adjective,base,1,,exam,2,center_exam,センター試験語彙リスト由来。意味は要補充,center_pos=JJ; center_pmw=10+,unpainted,JJ,10+,
add,3982,unpopular,unpopular,adjective,base,1,,exam,2,center_exam,センター試験語彙リスト由来。意味は要補充,center_pos=JJ; center_pmw=10+,unpopular,JJ,10+,
add,3983,unsuccessful,unsuccessful,adjective,base,1,,exam,2,center_exam,センター試験語彙リスト由来。意味は要補充,center_pos=JJ; center_pmw=10+,unsuccessful,JJ,10+,
add,3984,untrue,untrue,adjective,base,1,,exam,2,center_exam,センター試験語彙リスト由来。意味は要補充,center_pos=JJ; center_pmw=10+,untrue,JJ,10+,
add,3985,unused,unused,adjective,base,1,,exam,2,center_exam,センター試験語彙リスト由来。意味は要補充,center_pos=JJ; center_pmw=10+,unused,JJ,10+,
add,3986,unwell,unwell,adjective,base,1,,exam,2,center_exam,センター試験語彙リスト由来。意味は要補充,center_pos=JJ; center_pmw=10+,unwell,JJ,10+,
add,3987,useless,useless,adjective,base,1,,exam,2,center_exam,センター試験語彙リスト由来。意味は要補充,center_pos=JJ; center_pmw=10+,useless,JJ,10+,
add,3988,utilize,utilize,verb,base,1,,exam,2,center_exam,センター試験語彙リスト由来。意味は要補充,center_pos=VV; center_pmw=10+,utilize,VV,10+,
add,3989,vanish,vanish,noun,base,1,,exam,2,center_exam,センター試験語彙リスト由来。意味は要補充,center_pos=NN; center_pmw=10+,vanish,NN,10+,
add,3990,vast,vast,adjective,base,1,,exam,2,center_exam,センター試験語彙リスト由来。意味は要補充,center_pos=JJ; center_pmw=10+,vast,JJ,10+,
add,3991,venture,venture,noun,base,1,,exam,2,center_exam,センター試験語彙リスト由来。意味は要補充,center_pos=NN; center_pmw=10+,venture,NN,10+,
add,3992,version,version,noun,base,1,,exam,2,center_exam,センター試験語彙リスト由来。意味は要補充,center_pos=NN; center_pmw=10+,version,NN,10+,
add,3993,vessel,vessel,noun,base,1,,exam,2,center_exam,センター試験語彙リスト由来。意味は要補充,center_pos=NN; center_pmw=10+,vessel,NN,10+,
add,3995,virtual,virtual,adjective,base,1,,exam,2,center_exam,センター試験語彙リスト由来。意味は要補充,center_pos=JJ; center_pmw=10+,virtual,JJ,10+,
add,3996,virus,virus,noun,base,1,,exam,2,center_exam,センター試験語彙リスト由来。意味は要補充,center_pos=NN; center_pmw=10+,virus,NN,10+,
add,3997,vivid,vivid,adjective,base,1,,exam,2,center_exam,センター試験語彙リスト由来。意味は要補充,center_pos=JJ; center_pmw=10+,vivid,JJ,10+,
add,3998,vowel,vowel,noun,base,1,,exam,2,center_exam,センター試験語彙リスト由来。意味は要補充,center_pos=NN; center_pmw=10+,vowel,NN,10+,
add,3999,wage,wage,noun,base,1,,exam,2,center_exam,センター試験語彙リスト由来。意味は要補充,center_pos=NN; center_pmw=10+,wage,NN,10+,
add,4000,warmly,warmly,adverb,base,1,,exam,2,center_exam,センター試験語彙リスト由来。意味は要補充,center_pos=RB; center_pmw=10+,warmly,RB,10+,
add,4001,warmth,warmth,noun,base,1,,exam,2,center_exam,センター試験語彙リスト由来。意味は要補充,center_pos=NN; center_pmw=10+,warmth,NN,10+,
add,4002,watchdog,watchdog,noun,base,1,,exam,2,center_exam,センター試験語彙リスト由来。意味は要補充,center_pos=NN; center_pmw=10+,watchdog,NN,10+,
add,4004,whistle,whistle,noun,base,1,,exam,2,center_exam,センター試験語彙リスト由来。意味は要補充,center_pos=NN; center_pmw=10+,whistle,NN,10+,
add,4005,width,width,noun,base,1,,exam,2,center_exam,センター試験語彙リスト由来。意味は要補充,center_pos=NN; center_pmw=10+,width,NN,10+,
add,4006,wilderness,wilderness,noun,base,1,,exam,2,center_exam,センター試験語彙リスト由来。意味は要補充,center_pos=NN; center_pmw=10+,wilderness,NN,10+,
add,4007,wire,wire,noun,base,1,,exam,2,center_exam,センター試験語彙リスト由来。意味は要補充,center_pos=NN; center_pmw=10+,wire,NN,10+,
add,4008,wireless,wireless,noun,base,1,,exam,2,center_exam,センター試験語彙リスト由来。意味は要補充,center_pos=NN; center_pmw=10+,wireless,NN,10+,
add,4009,withdraw,withdraw,verb,base,1,,exam,2,center_exam,センター試験語彙リスト由来。意味は要補充,center_pos=VV; center_pmw=10+,withdraw,VV,10+,
add,4010,workplace,workplace,noun,base,1,,exam,2,center_exam,センター試験語彙リスト由来。意味は要補充,center_pos=NN; center_pmw=10+,workplace,NN,10+,
add,4011,worthwhile,worthwhile,adjective,base,1,,exam,2,center_exam,センター試験語彙リスト由来。意味は要補充,center_pos=JJ; center_pmw=10+,worthwhile,JJ,10+,
add,4012,wreath,wreath,noun,base,1,,exam,2,center_exam,センター試験語彙リスト由来。意味は要補充,center_pos=NN; center_pmw=10+,wreath,NN,10+,
add,4013,wrestler,wrestler,noun,base,1,,exam,2,center_exam,センター試験語彙リスト由来。意味は要補充,center_pos=NN; center_pmw=10+,wrestler,NN,10+,
add,4014,wrinkle,wrinkle,noun,base,1,,exam,2,center_exam,センター試験語彙リスト由来。意味は要補充,center_pos=NN; center_pmw=10+,wrinkle,NN,10+,
