source_file,action,source_rank,word,lemma,pos,form_type,sense_id,meaning_ja,level,importance,category,note,note2,center_word_original,center_pos,center_pmw,review_reason,suggested_level,level_reason,reference_meaning_ja
auto,add,70,out,out,adverb,base,1,外に,junior_high,2,center_exam,センター試験語彙リスト由来。意味は要補充,center_pos=RB; center_pmw=1000+; matched_junior_word_list,out,RB,1000+,,junior_high,matched_junior_word_list,外に
review,add,119,used,used,verb,past_participle,1,,high_school,2,center_exam,センター試験語彙リスト由来。意味は要補充,center_pos=VVN; center_pmw=1000+; not_found_in_junior_or_high_word_lists,used,VVN,1000+,pos_review,review,not_found_in_junior_or_high_word_lists,
auto,add,131,however,however,adverb,base,1,しかしながら、けれども,junior_high,2,center_exam,センター試験語彙リスト由来。意味は要補充,center_pos=RB; center_pmw=1000+; matched_junior_word_list,however,RB,1000+,,junior_high,matched_junior_word_list,しかしながら、けれども
auto,add,168,any,any,adverb,base,1,どれもない,junior_high,2,center_exam,センター試験語彙リスト由来。意味は要補充,center_pos=RB; center_pmw=500+; matched_junior_word_list,any,RB,500+,,junior_high,matched_junior_word_list,どれもない
auto,add,175,mr,mr,noun,base,1,,high_school,2,center_exam,センター試験語彙リスト由来。意味は要補充,center_pos=NN; center_pmw=500+; not_found_in_junior_or_high_word_lists,mr,NN,500+,,review,not_found_in_junior_or_high_word_lists,
auto,add,184,lot,lot,noun,base,1,,high_school,2,center_exam,センター試験語彙リスト由来。意味は要補充,center_pos=NN; center_pmw=500+; not_found_in_junior_or_high_word_lists,lot,NN,500+,,review,not_found_in_junior_or_high_word_lists,
auto,add,187,increase,increase,noun,base,1,を増やす，増大させる,junior_high,2,center_exam,センター試験語彙リスト由来。意味は要補充,center_pos=NN; center_pmw=500+; matched_junior_word_list,increase,NN,500+,,junior_high,matched_junior_word_list,を増やす，増大させる
auto,add,219,ok,ok,verb,base,1,,high_school,2,center_exam,センター試験語彙リスト由来。意味は要補充,center_pos=VV; center_pmw=500+; not_found_in_junior_or_high_word_lists,ok,VV,500+,,review,not_found_in_junior_or_high_word_lists,
auto,add,235,accord,accord,noun,base,1,,high_school,2,center_exam,センター試験語彙リスト由来。意味は要補充,center_pos=NN; center_pmw=500+; not_found_in_junior_or_high_word_lists,accord,NN,500+,,review,not_found_in_junior_or_high_word_lists,
auto,add,247,experience,experience,noun,base,1,を経験する,junior_high,2,center_exam,センター試験語彙リスト由来。意味は要補充,center_pos=NN; center_pmw=500+; matched_junior_word_list,experience,NN,500+,,junior_high,matched_junior_word_list,を経験する
auto,add,254,state,state,noun,base,1,状態,high_school,2,center_exam,センター試験語彙リスト由来。意味は要補充,center_pos=NN; center_pmw=500+; matched_high_word_list,state,NN,500+,,high_school,matched_high_word_list,状態
auto,add,262,activity,activity,noun,base,1,活動,junior_high,2,center_exam,センター試験語彙リスト由来。意味は要補充,center_pos=NN; center_pmw=500+; matched_junior_word_list,activity,NN,500+,,junior_high,matched_junior_word_list,活動
auto,add,271,author,author,noun,base,1,著者,high_school,2,center_exam,センター試験語彙リスト由来。意味は要補充,center_pos=NN; center_pmw=500+; matched_high_word_list,author,NN,500+,,high_school,matched_high_word_list,著者
review,add,276,mrs,mrs,noun,plural,1,,high_school,2,center_exam,センター試験語彙リスト由来。意味は要補充,center_pos=NNS; center_pmw=500+; not_found_in_junior_or_high_word_lists,mrs,NNS,500+,pos_review,review,not_found_in_junior_or_high_word_lists,
auto,add,283,able,able,adjective,base,1,,high_school,2,center_exam,センター試験語彙リスト由来。意味は要補充,center_pos=JJ; center_pmw=100+; not_found_in_junior_or_high_word_lists,able,JJ,100+,,review,not_found_in_junior_or_high_word_lists,
auto,add,308,paragraph,paragraph,noun,base,1,,high_school,2,center_exam,センター試験語彙リスト由来。意味は要補充,center_pos=NN; center_pmw=100+; not_found_in_junior_or_high_word_lists,paragraph,NN,100+,,review,not_found_in_junior_or_high_word_lists,
auto,add,315,result,result,noun,base,1,結果,junior_high,2,center_exam,センター試験語彙リスト由来。意味は要補充,center_pos=NN; center_pmw=100+; matched_junior_word_list,result,NN,100+,,junior_high,matched_junior_word_list,結果
auto,add,316,expect,expect,verb,base,1,,high_school,2,center_exam,センター試験語彙リスト由来。意味は要補充,center_pos=VVP; center_pmw=100+; not_found_in_junior_or_high_word_lists,expect,VVP,100+,,review,not_found_in_junior_or_high_word_lists,
auto,add,318,clothe,clothe,verb,base,1,,high_school,2,center_exam,センター試験語彙リスト由来。意味は要補充,center_pos=VV; center_pmw=100+; not_found_in_junior_or_high_word_lists,clothe,VV,100+,,review,not_found_in_junior_or_high_word_lists,
review,add,324,following,following,verb,present_participle,1,,high_school,2,center_exam,センター試験語彙リスト由来。意味は要補充,center_pos=VVG; center_pmw=100+; not_found_in_junior_or_high_word_lists,following,VVG,100+,pos_review,review,not_found_in_junior_or_high_word_lists,
auto,add,346,john,john,noun,base,1,,high_school,2,center_exam,センター試験語彙リスト由来。意味は要補充,center_pos=NN; center_pmw=100+; not_found_in_junior_or_high_word_lists,john,NN,100+,,review,not_found_in_junior_or_high_word_lists,
auto,add,351,develop,develop,verb,base,1,を発達させる,junior_high,2,center_exam,センター試験語彙リスト由来。意味は要補充,center_pos=VV; center_pmw=100+; matched_junior_word_list,develop,VV,100+,,junior_high,matched_junior_word_list,を発達させる
auto,add,352,dr,dr,noun,base,1,,high_school,2,center_exam,センター試験語彙リスト由来。意味は要補充,center_pos=NN; center_pmw=100+; not_found_in_junior_or_high_word_lists,dr,NN,100+,,review,not_found_in_junior_or_high_word_lists,
auto,add,355,society,society,noun,base,1,社会,junior_high,2,center_exam,センター試験語彙リスト由来。意味は要補充,center_pos=NN; center_pmw=100+; matched_junior_word_list,society,NN,100+,,junior_high,matched_junior_word_list,社会
auto,add,361,amount,amount,noun,base,1,量，額,junior_high,2,center_exam,センター試験語彙リスト由来。意味は要補充,center_pos=NN; center_pmw=100+; matched_junior_word_list,amount,NN,100+,,junior_high,matched_junior_word_list,量，額
auto,add,364,university,university,noun,base,1,大学,junior_high,2,center_exam,センター試験語彙リスト由来。意味は要補充,center_pos=NN; center_pmw=100+; matched_junior_word_list,university,NN,100+,,junior_high,matched_junior_word_list,大学
auto,add,365,view,view,noun,base,1,,high_school,2,center_exam,センター試験語彙リスト由来。意味は要補充,center_pos=NN; center_pmw=100+; not_found_in_junior_or_high_word_lists,view,NN,100+,,review,not_found_in_junior_or_high_word_lists,
auto,add,371,rather,rather,adverb,base,1,むしろ,high_school,2,center_exam,センター試験語彙リスト由来。意味は要補充,center_pos=RB; center_pmw=100+; matched_high_word_list,rather,RB,100+,,high_school,matched_high_word_list,むしろ
auto,add,376,percentage,percentage,noun,base,1,割合,high_school,2,center_exam,センター試験語彙リスト由来。意味は要補充,center_pos=NN; center_pmw=100+; matched_high_word_list,percentage,NN,100+,,high_school,matched_high_word_list,割合
auto,add,379,tom,tom,noun,base,1,,high_school,2,center_exam,センター試験語彙リスト由来。意味は要補充,center_pos=NN; center_pmw=100+; not_found_in_junior_or_high_word_lists,tom,NN,100+,,review,not_found_in_junior_or_high_word_lists,
auto,add,381,create,create,verb,base,1,を創造する,junior_high,2,center_exam,センター試験語彙リスト由来。意味は要補充,center_pos=VV; center_pmw=100+; matched_junior_word_list,create,VV,100+,,junior_high,matched_junior_word_list,を創造する
auto,add,390,cause,cause,noun,base,1,原因,high_school,2,center_exam,センター試験語彙リスト由来。意味は要補充,center_pos=NN; center_pmw=100+; matched_high_word_list,cause,NN,100+,,high_school,matched_high_word_list,原因
auto,add,397,actually,actually,adverb,base,1,実は，本当は,junior_high,2,center_exam,センター試験語彙リスト由来。意味は要補充,center_pos=RB; center_pmw=100+; matched_junior_word_list,actually,RB,100+,,junior_high,matched_junior_word_list,実は，本当は
auto,add,398,continue,continue,verb,base,1,を続ける,junior_high,2,center_exam,センター試験語彙リスト由来。意味は要補充,center_pos=VV; center_pmw=100+; matched_junior_word_list,continue,VV,100+,,junior_high,matched_junior_word_list,を続ける
auto,add,399,improve,improve,verb,base,1,を改善する,junior_high,2,center_exam,センター試験語彙リスト由来。意味は要補充,center_pos=VV; center_pmw=100+; matched_junior_word_list,improve,VV,100+,,junior_high,matched_junior_word_list,を改善する
auto,add,400,produce,produce,verb,base,1,を生産する,junior_high,2,center_exam,センター試験語彙リスト由来。意味は要補充,center_pos=VV; center_pmw=100+; matched_junior_word_list,produce,VV,100+,,junior_high,matched_junior_word_list,を生産する
auto,add,405,possible,possible,adjective,base,1,可能な,junior_high,2,center_exam,センター試験語彙リスト由来。意味は要補充,center_pos=JJ; center_pmw=100+; matched_junior_word_list,possible,JJ,100+,,junior_high,matched_junior_word_list,可能な
auto,add,418,consider,consider,verb,base,1,考慮する,high_school,2,center_exam,センター試験語彙リスト由来。意味は要補充,center_pos=VV; center_pmw=100+; matched_high_word_list,consider,VV,100+,,high_school,matched_high_word_list,考慮する
auto,add,420,lead,lead,noun,base,1,を導く,junior_high,2,center_exam,センター試験語彙リスト由来。意味は要補充,center_pos=NN; center_pmw=100+; matched_junior_word_list,lead,NN,100+,,junior_high,matched_junior_word_list,を導く
auto,add,428,provide,provide,verb,base,1,,high_school,2,center_exam,センター試験語彙リスト由来。意味は要補充,center_pos=VV; center_pmw=100+; not_found_in_junior_or_high_word_lists,provide,VV,100+,,review,not_found_in_junior_or_high_word_lists,
auto,add,429,researcher,researcher,noun,base,1,研究者,junior_high,2,center_exam,センター試験語彙リスト由来。意味は要補充,center_pos=NN; center_pmw=100+; matched_junior_word_list,researcher,NN,100+,,junior_high,matched_junior_word_list,研究者
auto,add,432,adult,adult,noun,base,1,,high_school,2,center_exam,センター試験語彙リスト由来。意味は要補充,center_pos=NN; center_pmw=100+; not_found_in_junior_or_high_word_lists,adult,NN,100+,,review,not_found_in_junior_or_high_word_lists,
auto,add,436,suggest,suggest,verb,base,1,提案する,high_school,2,center_exam,センター試験語彙リスト由来。意味は要補充,center_pos=VVP; center_pmw=100+; matched_high_word_list,suggest,VVP,100+,,high_school,matched_high_word_list,提案する
auto,add,439,cost,cost,noun,base,1,,high_school,2,center_exam,センター試験語彙リスト由来。意味は要補充,center_pos=NN; center_pmw=100+; not_found_in_junior_or_high_word_lists,cost,NN,100+,,review,not_found_in_junior_or_high_word_lists,
auto,add,441,situation,situation,noun,base,1,,high_school,2,center_exam,センター試験語彙リスト由来。意味は要補充,center_pos=NN; center_pmw=100+; not_found_in_junior_or_high_word_lists,situation,NN,100+,,review,not_found_in_junior_or_high_word_lists,
auto,add,443,likely,likely,adjective,base,1,起こりそうな,high_school,2,center_exam,センター試験語彙リスト由来。意味は要補充,center_pos=JJ; center_pmw=100+; matched_high_word_list,likely,JJ,100+,,high_school,matched_high_word_list,起こりそうな
auto,add,445,television,television,noun,base,1,,high_school,2,center_exam,センター試験語彙リスト由来。意味は要補充,center_pos=NN; center_pmw=100+; not_found_in_junior_or_high_word_lists,television,NN,100+,,review,not_found_in_junior_or_high_word_lists,
auto,add,446,agree,agree,verb,base,1,賛成する,junior_high,2,center_exam,センター試験語彙リスト由来。意味は要補充,center_pos=VVP; center_pmw=100+; matched_junior_word_list,agree,VVP,100+,,junior_high,matched_junior_word_list,賛成する
auto,add,449,difference,difference,noun,base,1,ちがい,junior_high,2,center_exam,センター試験語彙リスト由来。意味は要補充,center_pos=NN; center_pmw=100+; matched_junior_word_list,difference,NN,100+,,junior_high,matched_junior_word_list,ちがい
auto,add,451,offer,offer,noun,base,1,,high_school,2,center_exam,センター試験語彙リスト由来。意味は要補充,center_pos=NN; center_pmw=100+; not_found_in_junior_or_high_word_lists,offer,NN,100+,,review,not_found_in_junior_or_high_word_lists,
auto,add,459,period,period,noun,base,1,期間、時間,junior_high,2,center_exam,センター試験語彙リスト由来。意味は要補充,center_pos=NN; center_pmw=100+; matched_junior_word_list,period,NN,100+,,junior_high,matched_junior_word_list,期間、時間
auto,add,462,attention,attention,noun,base,1,,high_school,2,center_exam,センター試験語彙リスト由来。意味は要補充,center_pos=NN; center_pmw=100+; not_found_in_junior_or_high_word_lists,attention,NN,100+,,review,not_found_in_junior_or_high_word_lists,
auto,add,466,population,population,noun,base,1,人口,high_school,2,center_exam,センター試験語彙リスト由来。意味は要補充,center_pos=NN; center_pmw=100+; matched_high_word_list,population,NN,100+,,high_school,matched_high_word_list,人口
auto,add,468,several,several,adjective,base,1,幾つかの,high_school,2,center_exam,センター試験語彙リスト由来。意味は要補充,center_pos=JJ; center_pmw=100+; matched_high_word_list,several,JJ,100+,,high_school,matched_high_word_list,幾つかの
auto,add,472,influence,influence,noun,base,1,に影響を及ぼす,junior_high,2,center_exam,センター試験語彙リスト由来。意味は要補充,center_pos=NN; center_pmw=100+; matched_junior_word_list,influence,NN,100+,,junior_high,matched_junior_word_list,に影響を及ぼす
auto,add,474,notice,notice,noun,base,1,気づく,high_school,2,center_exam,センター試験語彙リスト由来。意味は要補充,center_pos=NN; center_pmw=100+; matched_high_word_list,notice,NN,100+,,high_school,matched_high_word_list,気づく
auto,add,475,object,object,noun,base,1,物体,high_school,2,center_exam,センター試験語彙リスト由来。意味は要補充,center_pos=NN; center_pmw=100+; matched_high_word_list,object,NN,100+,,high_school,matched_high_word_list,物体
auto,add,483,brain,brain,noun,base,1,頭脳,junior_high,2,center_exam,センター試験語彙リスト由来。意味は要補充,center_pos=NN; center_pmw=100+; matched_junior_word_list,brain,NN,100+,,junior_high,matched_junior_word_list,頭脳
auto,add,485,control,control,noun,base,1,を管理する,junior_high,2,center_exam,センター試験語彙リスト由来。意味は要補充,center_pos=NN; center_pmw=100+; matched_junior_word_list,control,NN,100+,,junior_high,matched_junior_word_list,を管理する
auto,add,487,foreign,foreign,adjective,base,1,外国の,junior_high,2,center_exam,センター試験語彙リスト由来。意味は要補充,center_pos=JJ; center_pmw=100+; matched_junior_word_list,foreign,JJ,100+,,junior_high,matched_junior_word_list,外国の
auto,add,490,product,product,noun,base,1,製品,junior_high,2,center_exam,センター試験語彙リスト由来。意味は要補充,center_pos=NN; center_pmw=100+; matched_junior_word_list,product,NN,100+,,junior_high,matched_junior_word_list,製品
auto,add,491,research,research,noun,base,1,を研究する,junior_high,2,center_exam,センター試験語彙リスト由来。意味は要補充,center_pos=NN; center_pmw=100+; matched_junior_word_list,research,NN,100+,,junior_high,matched_junior_word_list,を研究する
auto,add,492,role,role,noun,base,1,役、役割,junior_high,2,center_exam,センター試験語彙リスト由来。意味は要補充,center_pos=NN; center_pmw=100+; matched_junior_word_list,role,NN,100+,,junior_high,matched_junior_word_list,役、役割
auto,add,494,speaker,speaker,noun,base,1,,high_school,2,center_exam,センター試験語彙リスト由来。意味は要補充,center_pos=NN; center_pmw=100+; not_found_in_junior_or_high_word_lists,speaker,NN,100+,,review,not_found_in_junior_or_high_word_lists,
auto,add,496,survey,survey,noun,base,1,調査,junior_high,2,center_exam,センター試験語彙リスト由来。意味は要補充,center_pos=NN; center_pmw=100+; matched_junior_word_list,survey,NN,100+,,junior_high,matched_junior_word_list,調査
auto,add,497,clear,clear,adjective,base,1,,high_school,2,center_exam,センター試験語彙リスト由来。意味は要補充,center_pos=JJ; center_pmw=100+; not_found_in_junior_or_high_word_lists,clear,JJ,100+,,review,not_found_in_junior_or_high_word_lists,
auto,add,509,concern,concern,noun,base,1,懸案する,high_school,2,center_exam,センター試験語彙リスト由来。意味は要補充,center_pos=NN; center_pmw=100+; matched_high_word_list,concern,NN,100+,,high_school,matched_high_word_list,懸案する
auto,add,511,form,form,noun,base,1,,high_school,2,center_exam,センター試験語彙リスト由来。意味は要補充,center_pos=NN; center_pmw=100+; not_found_in_junior_or_high_word_lists,form,NN,100+,,review,not_found_in_junior_or_high_word_lists,
auto,add,513,local,local,adjective,base,1,地方の、地元の,junior_high,2,center_exam,センター試験語彙リスト由来。意味は要補充,center_pos=JJ; center_pmw=100+; matched_junior_word_list,local,JJ,100+,,junior_high,matched_junior_word_list,地方の、地元の
auto,add,517,opinion,opinion,noun,base,1,意見，考え,junior_high,2,center_exam,センター試験語彙リスト由来。意味は要補充,center_pos=NN; center_pmw=100+; matched_junior_word_list,opinion,NN,100+,,junior_high,matched_junior_word_list,意見，考え
auto,add,518,prefer,prefer,verb,base,1,より好む,high_school,2,center_exam,センター試験語彙リスト由来。意味は要補充,center_pos=VVP; center_pmw=100+; matched_high_word_list,prefer,VVP,100+,,high_school,matched_high_word_list,より好む
auto,add,521,allow,allow,verb,base,1,許可する,high_school,2,center_exam,センター試験語彙リスト由来。意味は要補充,center_pos=VV; center_pmw=100+; matched_high_word_list,allow,VV,100+,,high_school,matched_high_word_list,許可する
auto,add,525,remain,remain,verb,base,1,残る,high_school,2,center_exam,センター試験語彙リスト由来。意味は要補充,center_pos=VV; center_pmw=100+; matched_high_word_list,remain,VV,100+,,high_school,matched_high_word_list,残る
auto,add,526,stress,stress,noun,base,1,,high_school,2,center_exam,センター試験語彙リスト由来。意味は要補充,center_pos=NN; center_pmw=100+; not_found_in_junior_or_high_word_lists,stress,NN,100+,,review,not_found_in_junior_or_high_word_lists,
auto,add,527,system,system,noun,base,1,,high_school,2,center_exam,センター試験語彙リスト由来。意味は要補充,center_pos=NN; center_pmw=100+; not_found_in_junior_or_high_word_lists,system,NN,100+,,review,not_found_in_junior_or_high_word_lists,
auto,add,529,bill,bill,noun,base,1,請求書,junior_high,2,center_exam,センター試験語彙リスト由来。意味は要補充,center_pos=NN; center_pmw=100+; matched_junior_word_list,bill,NN,100+,,junior_high,matched_junior_word_list,請求書
auto,add,533,method,method,noun,base,1,方法,high_school,2,center_exam,センター試験語彙リスト由来。意味は要補充,center_pos=NN; center_pmw=100+; matched_high_word_list,method,NN,100+,,high_school,matched_high_word_list,方法
auto,add,535,require,require,verb,base,1,,high_school,2,center_exam,センター試験語彙リスト由来。意味は要補充,center_pos=VV; center_pmw=100+; not_found_in_junior_or_high_word_lists,require,VV,100+,,review,not_found_in_junior_or_high_word_lists,
auto,add,541,statement,statement,noun,base,1,,high_school,2,center_exam,センター試験語彙リスト由来。意味は要補充,center_pos=NN; center_pmw=100+; not_found_in_junior_or_high_word_lists,statement,NN,100+,,review,not_found_in_junior_or_high_word_lists,
auto,add,544,unite,unite,verb,base,1,,high_school,2,center_exam,センター試験語彙リスト由来。意味は要補充,center_pos=VV; center_pmw=100+; not_found_in_junior_or_high_word_lists,unite,VV,100+,,review,not_found_in_junior_or_high_word_lists,
auto,add,545,various,various,adjective,base,1,いろいろな,junior_high,2,center_exam,センター試験語彙リスト由来。意味は要補充,center_pos=JJ; center_pmw=100+; matched_junior_word_list,various,JJ,100+,,junior_high,matched_junior_word_list,いろいろな
auto,add,546,worker,worker,noun,base,1,,high_school,2,center_exam,センター試験語彙リスト由来。意味は要補充,center_pos=NN; center_pmw=100+; not_found_in_junior_or_high_word_lists,worker,NN,100+,,review,not_found_in_junior_or_high_word_lists,
auto,add,549,condition,condition,noun,base,1,状況,junior_high,2,center_exam,センター試験語彙リスト由来。意味は要補充,center_pos=NN; center_pmw=100+; matched_junior_word_list,condition,NN,100+,,junior_high,matched_junior_word_list,状況
auto,add,550,customer,customer,noun,base,1,顧客,junior_high,2,center_exam,センター試験語彙リスト由来。意味は要補充,center_pos=NN; center_pmw=100+; matched_junior_word_list,customer,NN,100+,,junior_high,matched_junior_word_list,顧客
auto,add,551,depend,depend,verb,base,1,頼る,junior_high,2,center_exam,センター試験語彙リスト由来。意味は要補充,center_pos=VV; center_pmw=100+; matched_junior_word_list,depend,VV,100+,,junior_high,matched_junior_word_list,頼る
auto,add,553,graph,graph,noun,base,1,図表,junior_high,2,center_exam,センター試験語彙リスト由来。意味は要補充,center_pos=NN; center_pmw=100+; matched_junior_word_list,graph,NN,100+,,junior_high,matched_junior_word_list,図表
review,add,554,ms,ms,noun,plural,1,,high_school,2,center_exam,センター試験語彙リスト由来。意味は要補充,center_pos=NNS; center_pmw=100+; not_found_in_junior_or_high_word_lists,ms,NNS,100+,pos_review,review,not_found_in_junior_or_high_word_lists,
auto,add,557,passage,passage,noun,base,1,一節,high_school,2,center_exam,センター試験語彙リスト由来。意味は要補充,center_pos=NN; center_pmw=100+; matched_high_word_list,passage,NN,100+,,high_school,matched_high_word_list,一節
review,add,564,surprised,surprised,verb,past_participle,1,驚いた,junior_high,2,center_exam,センター試験語彙リスト由来。意味は要補充,center_pos=VVN; center_pmw=100+; matched_junior_word_list,surprised,VVN,100+,pos_review,junior_high,matched_junior_word_list,驚いた
auto,add,565,trouble,trouble,noun,base,1,,high_school,2,center_exam,センター試験語彙リスト由来。意味は要補充,center_pos=NN; center_pmw=100+; not_found_in_junior_or_high_word_lists,trouble,NN,100+,,review,not_found_in_junior_or_high_word_lists,
auto,add,566,value,value,noun,base,1,,high_school,2,center_exam,センター試験語彙リスト由来。意味は要補充,center_pos=NN; center_pmw=100+; not_found_in_junior_or_high_word_lists,value,NN,100+,,review,not_found_in_junior_or_high_word_lists,
auto,add,568,design,design,noun,base,1,を設計する,junior_high,2,center_exam,センター試験語彙リスト由来。意味は要補充,center_pos=NN; center_pmw=100+; matched_junior_word_list,design,NN,100+,,junior_high,matched_junior_word_list,を設計する
auto,add,571,experiment,experiment,noun,base,1,実験,high_school,2,center_exam,センター試験語彙リスト由来。意味は要補充,center_pos=NN; center_pmw=100+; matched_high_word_list,experiment,NN,100+,,high_school,matched_high_word_list,実験
review,add,573,germany,germany,noun,base,1,,high_school,2,center_exam,センター試験語彙リスト由来。意味は要補充,center_pos=NP; center_pmw=100+; not_found_in_junior_or_high_word_lists,Germany,NP,100+,pos_review;proper_noun,review,not_found_in_junior_or_high_word_lists,
auto,add,574,instead,instead,adverb,base,1,そのかわりに,junior_high,2,center_exam,センター試験語彙リスト由来。意味は要補充,center_pos=RB; center_pmw=100+; matched_junior_word_list,instead,RB,100+,,junior_high,matched_junior_word_list,そのかわりに
auto,add,577,similar,similar,adjective,base,1,同じような,junior_high,2,center_exam,センター試験語彙リスト由来。意味は要補充,center_pos=JJ; center_pmw=100+; matched_junior_word_list,similar,JJ,100+,,junior_high,matched_junior_word_list,同じような
auto,add,580,base,base,noun,base,1,,high_school,2,center_exam,センター試験語彙リスト由来。意味は要補充,center_pos=NN; center_pmw=100+; not_found_in_junior_or_high_word_lists,base,NN,100+,,review,not_found_in_junior_or_high_word_lists,
auto,add,581,below,below,adverb,base,1,下に，下記の,junior_high,2,center_exam,センター試験語彙リスト由来。意味は要補充,center_pos=RB; center_pmw=100+; matched_junior_word_list,below,RB,100+,,junior_high,matched_junior_word_list,下に，下記の
auto,add,582,bob,bob,noun,base,1,,high_school,2,center_exam,センター試験語彙リスト由来。意味は要補充,center_pos=NN; center_pmw=100+; not_found_in_junior_or_high_word_lists,bob,NN,100+,,review,not_found_in_junior_or_high_word_lists,
review,add,586,internet,internet,noun,base,1,,high_school,2,center_exam,センター試験語彙リスト由来。意味は要補充,center_pos=NP; center_pmw=100+; not_found_in_junior_or_high_word_lists,Internet,NP,100+,pos_review;proper_noun,review,not_found_in_junior_or_high_word_lists,
auto,add,592,accept,accept,verb,base,1,を受け入れる,junior_high,2,center_exam,センター試験語彙リスト由来。意味は要補充,center_pos=VV; center_pmw=100+; matched_junior_word_list,accept,VV,100+,,junior_high,matched_junior_word_list,を受け入れる
auto,add,594,average,average,noun,base,1,,high_school,2,center_exam,センター試験語彙リスト由来。意味は要補充,center_pos=NN; center_pmw=100+; not_found_in_junior_or_high_word_lists,average,NN,100+,,review,not_found_in_junior_or_high_word_lists,
auto,add,595,avoid,avoid,verb,base,1,避ける,high_school,2,center_exam,センター試験語彙リスト由来。意味は要補充,center_pos=VV; center_pmw=100+; matched_high_word_list,avoid,VV,100+,,high_school,matched_high_word_list,避ける
auto,add,596,distance,distance,noun,base,1,距離,high_school,2,center_exam,センター試験語彙リスト由来。意味は要補充,center_pos=NN; center_pmw=100+; matched_high_word_list,distance,NN,100+,,high_school,matched_high_word_list,距離
auto,add,598,environment,environment,noun,base,1,環境，状況,junior_high,2,center_exam,センター試験語彙リスト由来。意味は要補充,center_pos=NN; center_pmw=100+; matched_junior_word_list,environment,NN,100+,,junior_high,matched_junior_word_list,環境，状況
auto,add,602,rate,rate,noun,base,1,,high_school,2,center_exam,センター試験語彙リスト由来。意味は要補充,center_pos=NN; center_pmw=100+; not_found_in_junior_or_high_word_lists,rate,NN,100+,,review,not_found_in_junior_or_high_word_lists,
auto,add,607,describe,describe,verb,base,1,述べる,high_school,2,center_exam,センター試験語彙リスト由来。意味は要補充,center_pos=VV; center_pmw=100+; matched_high_word_list,describe,VV,100+,,high_school,matched_high_word_list,述べる
auto,add,609,follow,follow,verb,base,1,に従う,junior_high,2,center_exam,センター試験語彙リスト由来。意味は要補充,center_pos=VV; center_pmw=100+; matched_junior_word_list,follow,VV,100+,,junior_high,matched_junior_word_list,に従う
auto,add,619,skill,skill,noun,base,1,技術,junior_high,2,center_exam,センター試験語彙リスト由来。意味は要補充,center_pos=NN; center_pmw=100+; matched_junior_word_list,skill,NN,100+,,junior_high,matched_junior_word_list,技術
auto,add,620,technology,technology,noun,base,1,科学技術,junior_high,2,center_exam,センター試験語彙リスト由来。意味は要補充,center_pos=NN; center_pmw=100+; matched_junior_word_list,technology,NN,100+,,junior_high,matched_junior_word_list,科学技術
auto,add,623,attitude,attitude,noun,base,1,態度,high_school,2,center_exam,センター試験語彙リスト由来。意味は要補充,center_pos=NN; center_pmw=100+; matched_high_word_list,attitude,NN,100+,,high_school,matched_high_word_list,態度
auto,add,624,behavior,behavior,noun,base,1,ふるまい,junior_high,2,center_exam,センター試験語彙リスト由来。意味は要補充,center_pos=NN; center_pmw=100+; matched_junior_word_list,behavior,NN,100+,,junior_high,matched_junior_word_list,ふるまい
auto,add,630,major,major,adjective,base,1,主な,high_school,2,center_exam,センター試験語彙リスト由来。意味は要補充,center_pos=JJ; center_pmw=100+; matched_high_word_list,major,JJ,100+,,high_school,matched_high_word_list,主な
auto,add,631,mention,mention,noun,base,1,言及する,high_school,2,center_exam,センター試験語彙リスト由来。意味は要補充,center_pos=NN; center_pmw=100+; matched_high_word_list,mention,NN,100+,,high_school,matched_high_word_list,言及する
auto,add,633,opportunity,opportunity,noun,base,1,機会,high_school,2,center_exam,センター試験語彙リスト由来。意味は要補充,center_pos=NN; center_pmw=100+; matched_high_word_list,opportunity,NN,100+,,high_school,matched_high_word_list,機会
auto,add,634,process,process,noun,base,1,,high_school,2,center_exam,センター試験語彙リスト由来。意味は要補充,center_pos=NN; center_pmw=100+; not_found_in_junior_or_high_word_lists,process,NN,100+,,review,not_found_in_junior_or_high_word_lists,
auto,add,637,equal,equal,adjective,base,1,,high_school,2,center_exam,センター試験語彙リスト由来。意味は要補充,center_pos=JJ; center_pmw=100+; not_found_in_junior_or_high_word_lists,equal,JJ,100+,,review,not_found_in_junior_or_high_word_lists,
review,add,639,france,france,noun,base,1,,high_school,2,center_exam,センター試験語彙リスト由来。意味は要補充,center_pos=NP; center_pmw=100+; not_found_in_junior_or_high_word_lists,France,NP,100+,pos_review;proper_noun,review,not_found_in_junior_or_high_word_lists,
auto,add,641,issue,issue,noun,base,1,問題,high_school,2,center_exam,センター試験語彙リスト由来。意味は要補充,center_pos=NN; center_pmw=100+; matched_high_word_list,issue,NN,100+,,high_school,matched_high_word_list,問題
auto,add,642,item,item,noun,base,1,項目,high_school,2,center_exam,センター試験語彙リスト由来。意味は要補充,center_pos=NN; center_pmw=100+; matched_high_word_list,item,NN,100+,,high_school,matched_high_word_list,項目
auto,add,644,nation,nation,noun,base,1,国家,high_school,2,center_exam,センター試験語彙リスト由来。意味は要補充,center_pos=NN; center_pmw=100+; matched_high_word_list,nation,NN,100+,,high_school,matched_high_word_list,国家
review,add,646,tokyo,tokyo,noun,base,1,,high_school,2,center_exam,センター試験語彙リスト由来。意味は要補充,center_pos=NP; center_pmw=100+; not_found_in_junior_or_high_word_lists,Tokyo,NP,100+,pos_review;proper_noun,review,not_found_in_junior_or_high_word_lists,
auto,add,650,clearly,clearly,adverb,base,1,はっきりと,junior_high,2,center_exam,センター試験語彙リスト由来。意味は要補充,center_pos=RB; center_pmw=100+; matched_junior_word_list,clearly,RB,100+,,junior_high,matched_junior_word_list,はっきりと
auto,add,651,comfortable,comfortable,adjective,base,1,心地の良い,high_school,2,center_exam,センター試験語彙リスト由来。意味は要補充,center_pos=JJ; center_pmw=100+; matched_high_word_list,comfortable,JJ,100+,,high_school,matched_high_word_list,心地の良い
auto,add,653,education,education,noun,base,1,教育,high_school,2,center_exam,センター試験語彙リスト由来。意味は要補充,center_pos=NN; center_pmw=100+; matched_high_word_list,education,NN,100+,,high_school,matched_high_word_list,教育
auto,add,654,encourage,encourage,verb,base,1,を勇気づける,junior_high,2,center_exam,センター試験語彙リスト由来。意味は要補充,center_pos=VV; center_pmw=100+; matched_junior_word_list,encourage,VV,100+,,junior_high,matched_junior_word_list,を勇気づける
auto,add,662,online,online,adjective,base,1,,high_school,2,center_exam,センター試験語彙リスト由来。意味は要補充,center_pos=JJ; center_pmw=100+; not_found_in_junior_or_high_word_lists,online,JJ,100+,,review,not_found_in_junior_or_high_word_lists,
auto,add,664,particular,particular,adjective,base,1,特定の,high_school,2,center_exam,センター試験語彙リスト由来。意味は要補充,center_pos=JJ; center_pmw=100+; matched_high_word_list,particular,JJ,100+,,high_school,matched_high_word_list,特定の
auto,add,665,protect,protect,verb,base,1,を守る，保護する,junior_high,2,center_exam,センター試験語彙リスト由来。意味は要補充,center_pos=VV; center_pmw=100+; matched_junior_word_list,protect,VV,100+,,junior_high,matched_junior_word_list,を守る，保護する
auto,add,668,suppose,suppose,verb,base,1,だと思う,high_school,2,center_exam,センター試験語彙リスト由来。意味は要補充,center_pos=VVP; center_pmw=100+; matched_high_word_list,suppose,VVP,100+,,high_school,matched_high_word_list,だと思う
auto,add,669,tend,tend,verb,base,1,,high_school,2,center_exam,センター試験語彙リスト由来。意味は要補充,center_pos=VVP; center_pmw=100+; not_found_in_junior_or_high_word_lists,tend,VVP,100+,,review,not_found_in_junior_or_high_word_lists,
auto,add,670,therefore,therefore,adverb,base,1,それゆえ,high_school,2,center_exam,センター試験語彙リスト由来。意味は要補充,center_pos=RB; center_pmw=100+; matched_high_word_list,therefore,RB,100+,,high_school,matched_high_word_list,それゆえ
auto,add,671,weight,weight,noun,base,1,重さ,junior_high,2,center_exam,センター試験語彙リスト由来。意味は要補充,center_pos=NN; center_pmw=100+; matched_junior_word_list,weight,NN,100+,,junior_high,matched_junior_word_list,重さ
auto,add,673,affect,affect,verb,base,1,に影響を与える,junior_high,2,center_exam,センター試験語彙リスト由来。意味は要補充,center_pos=VV; center_pmw=100+; matched_junior_word_list,affect,VV,100+,,junior_high,matched_junior_word_list,に影響を与える
auto,add,674,development,development,noun,base,1,開発,junior_high,2,center_exam,センター試験語彙リスト由来。意味は要補充,center_pos=NN; center_pmw=100+; matched_junior_word_list,development,NN,100+,,junior_high,matched_junior_word_list,開発
auto,add,679,perform,perform,verb,base,1,演じる,junior_high,2,center_exam,センター試験語彙リスト由来。意味は要補充,center_pos=VV; center_pmw=100+; matched_junior_word_list,perform,VV,100+,,junior_high,matched_junior_word_list,演じる
auto,add,681,public,public,adjective,base,1,公共の,high_school,2,center_exam,センター試験語彙リスト由来。意味は要補充,center_pos=JJ; center_pmw=100+; matched_high_word_list,public,JJ,100+,,high_school,matched_high_word_list,公共の
review,add,682,saying,saying,verb,present_participle,1,,high_school,2,center_exam,センター試験語彙リスト由来。意味は要補充,center_pos=VVG; center_pmw=100+; not_found_in_junior_or_high_word_lists,saying,VVG,100+,pos_review,review,not_found_in_junior_or_high_word_lists,
auto,add,683,service,service,noun,base,1,,high_school,2,center_exam,センター試験語彙リスト由来。意味は要補充,center_pos=NN; center_pmw=100+; not_found_in_junior_or_high_word_lists,service,NN,100+,,review,not_found_in_junior_or_high_word_lists,
auto,add,684,sheet,sheet,noun,base,1,,high_school,2,center_exam,センター試験語彙リスト由来。意味は要補充,center_pos=NN; center_pmw=100+; not_found_in_junior_or_high_word_lists,sheet,NN,100+,,review,not_found_in_junior_or_high_word_lists,
auto,add,687,traffic,traffic,noun,base,1,交通,high_school,2,center_exam,センター試験語彙リスト由来。意味は要補充,center_pos=NN; center_pmw=100+; matched_high_word_list,traffic,NN,100+,,high_school,matched_high_word_list,交通
auto,add,689,act,act,noun,base,1,,high_school,2,center_exam,センター試験語彙リスト由来。意味は要補充,center_pos=NN; center_pmw=100+; not_found_in_junior_or_high_word_lists,act,NN,100+,,review,not_found_in_junior_or_high_word_lists,
auto,add,698,deal,deal,noun,base,1,取引する,high_school,2,center_exam,センター試験語彙リスト由来。意味は要補充,center_pos=NN; center_pmw=100+; matched_high_word_list,deal,NN,100+,,high_school,matched_high_word_list,取引する
auto,add,699,express,express,adjective,base,1,表現する,high_school,2,center_exam,センター試験語彙リスト由来。意味は要補充,center_pos=JJ; center_pmw=100+; matched_high_word_list,express,JJ,100+,,high_school,matched_high_word_list,表現する
auto,add,701,jack,jack,noun,base,1,,high_school,2,center_exam,センター試験語彙リスト由来。意味は要補充,center_pos=NN; center_pmw=100+; not_found_in_junior_or_high_word_lists,jack,NN,100+,,review,not_found_in_junior_or_high_word_lists,
auto,add,707,shape,shape,noun,base,1,形,junior_high,2,center_exam,センター試験語彙リスト由来。意味は要補充,center_pos=NN; center_pmw=100+; matched_junior_word_list,shape,NN,100+,,junior_high,matched_junior_word_list,形
auto,add,711,topic,topic,noun,base,1,,high_school,2,center_exam,センター試験語彙リスト由来。意味は要補充,center_pos=NN; center_pmw=100+; not_found_in_junior_or_high_word_lists,topic,NN,100+,,review,not_found_in_junior_or_high_word_lists,
auto,add,713,appear,appear,verb,base,1,現れる,junior_high,2,center_exam,センター試験語彙リスト由来。意味は要補充,center_pos=VV; center_pmw=100+; matched_junior_word_list,appear,VV,100+,,junior_high,matched_junior_word_list,現れる
auto,add,717,dangerous,dangerous,adjective,base,1,危険な,junior_high,2,center_exam,センター試験語彙リスト由来。意味は要補充,center_pos=JJ; center_pmw=100+; matched_junior_word_list,dangerous,JJ,100+,,junior_high,matched_junior_word_list,危険な
auto,add,719,effect,effect,noun,base,1,効果,high_school,2,center_exam,センター試験語彙リスト由来。意味は要補充,center_pos=NN; center_pmw=100+; matched_high_word_list,effect,NN,100+,,high_school,matched_high_word_list,効果
auto,add,721,finding,finding,noun,base,1,,high_school,2,center_exam,センター試験語彙リスト由来。意味は要補充,center_pos=NN; center_pmw=100+; not_found_in_junior_or_high_word_lists,finding,NN,100+,,review,not_found_in_junior_or_high_word_lists,
auto,add,722,forward,forward,adverb,base,1,前方へ,junior_high,2,center_exam,センター試験語彙リスト由来。意味は要補充,center_pos=RB; center_pmw=100+; matched_junior_word_list,forward,RB,100+,,junior_high,matched_junior_word_list,前方へ
auto,add,724,indicate,indicate,verb,base,1,指し示す,high_school,2,center_exam,センター試験語彙リスト由来。意味は要補充,center_pos=VVP; center_pmw=100+; matched_high_word_list,indicate,VVP,100+,,high_school,matched_high_word_list,指し示す
auto,add,727,traditional,traditional,adjective,base,1,伝統的な,junior_high,2,center_exam,センター試験語彙リスト由来。意味は要補充,center_pos=JJ; center_pmw=100+; matched_junior_word_list,traditional,JJ,100+,,junior_high,matched_junior_word_list,伝統的な
review,add,728,us(a),us(a),,,1,,high_school,2,center_exam,センター試験語彙リスト由来。意味は要補充,center_pos=; center_pmw=100+; not_found_in_junior_or_high_word_lists,US(A),,100+,pos_review;multiword_or_symbol;unknown_pos,review,not_found_in_junior_or_high_word_lists,
auto,add,730,ability,ability,noun,base,1,能力,high_school,2,center_exam,センター試験語彙リスト由来。意味は要補充,center_pos=NN; center_pmw=100+; matched_high_word_list,ability,NN,100+,,high_school,matched_high_word_list,能力
auto,add,736,complain,complain,verb,base,1,不満を言う,high_school,2,center_exam,センター試験語彙リスト由来。意味は要補充,center_pos=VVP; center_pmw=100+; matched_high_word_list,complain,VVP,100+,,high_school,matched_high_word_list,不満を言う
auto,add,739,exactly,exactly,adverb,base,1,正確に,high_school,2,center_exam,センター試験語彙リスト由来。意味は要補充,center_pos=RB; center_pmw=100+; matched_high_word_list,exactly,RB,100+,,high_school,matched_high_word_list,正確に
auto,add,740,expert,expert,noun,base,1,専門家,high_school,2,center_exam,センター試験語彙リスト由来。意味は要補充,center_pos=NN; center_pmw=100+; matched_high_word_list,expert,NN,100+,,high_school,matched_high_word_list,専門家
auto,add,745,manage,manage,verb,base,1,,high_school,2,center_exam,センター試験語彙リスト由来。意味は要補充,center_pos=VV; center_pmw=100+; not_found_in_junior_or_high_word_lists,manage,VV,100+,,review,not_found_in_junior_or_high_word_lists,
auto,add,747,purpose,purpose,noun,base,1,目的,high_school,2,center_exam,センター試験語彙リスト由来。意味は要補充,center_pos=NN; center_pmw=100+; matched_high_word_list,purpose,NN,100+,,high_school,matched_high_word_list,目的
auto,add,748,represent,represent,verb,base,1,表す,high_school,2,center_exam,センター試験語彙リスト由来。意味は要補充,center_pos=VV; center_pmw=100+; matched_high_word_list,represent,VV,100+,,high_school,matched_high_word_list,表す
auto,add,750,sally,sally,noun,base,1,,high_school,2,center_exam,センター試験語彙リスト由来。意味は要補充,center_pos=NN; center_pmw=100+; not_found_in_junior_or_high_word_lists,sally,NN,100+,,review,not_found_in_junior_or_high_word_lists,
auto,add,753,stage,stage,noun,base,1,,high_school,2,center_exam,センター試験語彙リスト由来。意味は要補充,center_pos=NN; center_pmw=100+; not_found_in_junior_or_high_word_lists,stage,NN,100+,,review,not_found_in_junior_or_high_word_lists,
auto,add,754,style,style,noun,base,1,,high_school,2,center_exam,センター試験語彙リスト由来。意味は要補充,center_pos=NN; center_pmw=100+; not_found_in_junior_or_high_word_lists,style,NN,100+,,review,not_found_in_junior_or_high_word_lists,
auto,add,755,summit,summit,noun,base,1,頂上,high_school,2,center_exam,センター試験語彙リスト由来。意味は要補充,center_pos=NN; center_pmw=100+; matched_high_word_list,summit,NN,100+,,high_school,matched_high_word_list,頂上
auto,add,756,support,support,noun,base,1,を支援する，応援する,junior_high,2,center_exam,センター試験語彙リスト由来。意味は要補充,center_pos=NN; center_pmw=100+; matched_junior_word_list,support,NN,100+,,junior_high,matched_junior_word_list,を支援する，応援する
auto,add,760,community,community,noun,base,1,共同社会,high_school,2,center_exam,センター試験語彙リスト由来。意味は要補充,center_pos=NN; center_pmw=100+; matched_high_word_list,community,NN,100+,,high_school,matched_high_word_list,共同社会
review,add,764,ken,ken,noun,base,1,,high_school,2,center_exam,センター試験語彙リスト由来。意味は要補充,center_pos=NP; center_pmw=100+; not_found_in_junior_or_high_word_lists,Ken,NP,100+,pos_review;proper_noun,review,not_found_in_junior_or_high_word_lists,
auto,add,767,quality,quality,noun,base,1,質,high_school,2,center_exam,センター試験語彙リスト由来。意味は要補充,center_pos=NN; center_pmw=100+; matched_high_word_list,quality,NN,100+,,high_school,matched_high_word_list,質
auto,add,768,recognize,recognize,verb,base,1,だと分かる,junior_high,2,center_exam,センター試験語彙リスト由来。意味は要補充,center_pos=VV; center_pmw=100+; matched_junior_word_list,recognize,VV,100+,,junior_high,matched_junior_word_list,だと分かる
auto,add,770,reduce,reduce,verb,base,1,減らす,high_school,2,center_exam,センター試験語彙リスト由来。意味は要補充,center_pos=VV; center_pmw=100+; matched_high_word_list,reduce,VV,100+,,high_school,matched_high_word_list,減らす
auto,add,774,contain,contain,verb,base,1,含有する,high_school,2,center_exam,センター試験語彙リスト由来。意味は要補充,center_pos=VV; center_pmw=100+; matched_high_word_list,contain,VV,100+,,high_school,matched_high_word_list,含有する
auto,add,775,convenient,convenient,adjective,base,1,便利な,junior_high,2,center_exam,センター試験語彙リスト由来。意味は要補充,center_pos=JJ; center_pmw=100+; matched_junior_word_list,convenient,JJ,100+,,junior_high,matched_junior_word_list,便利な
auto,add,777,difficulty,difficulty,noun,base,1,,high_school,2,center_exam,センター試験語彙リスト由来。意味は要補充,center_pos=NN; center_pmw=100+; not_found_in_junior_or_high_word_lists,difficulty,NN,100+,,review,not_found_in_junior_or_high_word_lists,
auto,add,778,economic,economic,adjective,base,1,経済の,high_school,2,center_exam,センター試験語彙リスト由来。意味は要補充,center_pos=JJ; center_pmw=100+; matched_high_word_list,economic,JJ,100+,,high_school,matched_high_word_list,経済の
auto,add,779,familiar,familiar,adjective,base,1,,high_school,2,center_exam,センター試験語彙リスト由来。意味は要補充,center_pos=JJ; center_pmw=100+; not_found_in_junior_or_high_word_lists,familiar,JJ,100+,,review,not_found_in_junior_or_high_word_lists,
auto,add,788,prepare,prepare,verb,base,1,,high_school,2,center_exam,センター試験語彙リスト由来。意味は要補充,center_pos=VV; center_pmw=100+; not_found_in_junior_or_high_word_lists,prepare,VV,100+,,review,not_found_in_junior_or_high_word_lists,
auto,add,791,serve,serve,verb,base,1,,high_school,2,center_exam,センター試験語彙リスト由来。意味は要補充,center_pos=VV; center_pmw=100+; not_found_in_junior_or_high_word_lists,serve,VV,100+,,review,not_found_in_junior_or_high_word_lists,
auto,add,793,suitcase,suitcase,noun,base,1,,high_school,2,center_exam,センター試験語彙リスト由来。意味は要補充,center_pos=NN; center_pmw=100+; not_found_in_junior_or_high_word_lists,suitcase,NN,100+,,review,not_found_in_junior_or_high_word_lists,
auto,add,798,beginning,beginning,noun,base,1,最初,junior_high,2,center_exam,センター試験語彙リスト由来。意味は要補充,center_pos=NN; center_pmw=100+; matched_junior_word_list,beginning,NN,100+,,junior_high,matched_junior_word_list,最初
auto,add,799,bite,bite,noun,base,1,噛む,high_school,2,center_exam,センター試験語彙リスト由来。意味は要補充,center_pos=NN; center_pmw=100+; matched_high_word_list,bite,NN,100+,,high_school,matched_high_word_list,噛む
auto,add,801,compare,compare,verb,base,1,,high_school,2,center_exam,センター試験語彙リスト由来。意味は要補充,center_pos=VV; center_pmw=100+; not_found_in_junior_or_high_word_lists,compare,VV,100+,,review,not_found_in_junior_or_high_word_lists,
auto,add,804,due,due,adjective,base,1,期限の,high_school,2,center_exam,センター試験語彙リスト由来。意味は要補充,center_pos=JJ; center_pmw=100+; matched_high_word_list,due,JJ,100+,,high_school,matched_high_word_list,期限の
auto,add,807,heat,heat,noun,base,1,熱,junior_high,2,center_exam,センター試験語彙リスト由来。意味は要補充,center_pos=NN; center_pmw=100+; matched_junior_word_list,heat,NN,100+,,junior_high,matched_junior_word_list,熱
auto,add,813,tourist,tourist,noun,base,1,観光客,junior_high,2,center_exam,センター試験語彙リスト由来。意味は要補充,center_pos=NN; center_pmw=100+; matched_junior_word_list,tourist,NN,100+,,junior_high,matched_junior_word_list,観光客
auto,add,817,alarm,alarm,noun,base,1,,high_school,2,center_exam,センター試験語彙リスト由来。意味は要補充,center_pos=NN; center_pmw=100+; not_found_in_junior_or_high_word_lists,alarm,NN,100+,,review,not_found_in_junior_or_high_word_lists,
auto,add,818,content,content,noun,base,1,中身,junior_high,2,center_exam,センター試験語彙リスト由来。意味は要補充,center_pos=NN; center_pmw=100+; matched_junior_word_list,content,NN,100+,,junior_high,matched_junior_word_list,中身
auto,add,819,convenience,convenience,noun,base,1,便利,junior_high,2,center_exam,センター試験語彙リスト由来。意味は要補充,center_pos=NN; center_pmw=100+; matched_junior_word_list,convenience,NN,100+,,junior_high,matched_junior_word_list,便利
auto,add,820,department,department,noun,base,1,部門,high_school,2,center_exam,センター試験語彙リスト由来。意味は要補充,center_pos=NN; center_pmw=100+; matched_high_word_list,department,NN,100+,,high_school,matched_high_word_list,部門
auto,add,821,factor,factor,noun,base,1,要因,high_school,2,center_exam,センター試験語彙リスト由来。意味は要補充,center_pos=NN; center_pmw=100+; matched_high_word_list,factor,NN,100+,,high_school,matched_high_word_list,要因
auto,add,827,material,material,noun,base,1,材料,high_school,2,center_exam,センター試験語彙リスト由来。意味は要補充,center_pos=NN; center_pmw=100+; matched_high_word_list,material,NN,100+,,high_school,matched_high_word_list,材料
auto,add,828,message,message,noun,base,1,,high_school,2,center_exam,センター試験語彙リスト由来。意味は要補充,center_pos=NN; center_pmw=100+; not_found_in_junior_or_high_word_lists,message,NN,100+,,review,not_found_in_junior_or_high_word_lists,
auto,add,830,participate,participate,verb,base,1,参加する,high_school,2,center_exam,センター試験語彙リスト由来。意味は要補充,center_pos=VV; center_pmw=100+; matched_high_word_list,participate,VV,100+,,high_school,matched_high_word_list,参加する
auto,add,831,passenger,passenger,noun,base,1,乗客,high_school,2,center_exam,センター試験語彙リスト由来。意味は要補充,center_pos=NN; center_pmw=100+; matched_high_word_list,passenger,NN,100+,,high_school,matched_high_word_list,乗客
auto,add,834,recent,recent,adjective,base,1,最近の,high_school,2,center_exam,センター試験語彙リスト由来。意味は要補充,center_pos=JJ; center_pmw=100+; matched_high_word_list,recent,JJ,100+,,high_school,matched_high_word_list,最近の
auto,add,835,repair,repair,noun,base,1,修理する,high_school,2,center_exam,センター試験語彙リスト由来。意味は要補充,center_pos=NN; center_pmw=100+; matched_high_word_list,repair,NN,100+,,high_school,matched_high_word_list,修理する
auto,add,836,satisfy,satisfy,verb,base,1,を満足させる,junior_high,2,center_exam,センター試験語彙リスト由来。意味は要補充,center_pos=VV; center_pmw=100+; matched_junior_word_list,satisfy,VV,100+,,junior_high,matched_junior_word_list,を満足させる
auto,add,840,total,total,adjective,base,1,,high_school,2,center_exam,センター試験語彙リスト由来。意味は要補充,center_pos=JJ; center_pmw=100+; not_found_in_junior_or_high_word_lists,total,JJ,100+,,review,not_found_in_junior_or_high_word_lists,
auto,add,842,advantage,advantage,noun,base,1,有利,high_school,2,center_exam,センター試験語彙リスト由来。意味は要補充,center_pos=NN; center_pmw=100+; matched_high_word_list,advantage,NN,100+,,high_school,matched_high_word_list,有利
auto,add,843,argue,argue,verb,base,1,論じる,high_school,2,center_exam,センター試験語彙リスト由来。意味は要補充,center_pos=VVP; center_pmw=100+; matched_high_word_list,argue,VVP,100+,,high_school,matched_high_word_list,論じる
auto,add,846,butterfly,butterfly,noun,base,1,,high_school,2,center_exam,センター試験語彙リスト由来。意味は要補充,center_pos=NN; center_pmw=100+; not_found_in_junior_or_high_word_lists,butterfly,NN,100+,,review,not_found_in_junior_or_high_word_lists,
auto,add,847,calorie,calorie,noun,base,1,,high_school,2,center_exam,センター試験語彙リスト由来。意味は要補充,center_pos=NN; center_pmw=100+; not_found_in_junior_or_high_word_lists,calorie,NN,100+,,review,not_found_in_junior_or_high_word_lists,
auto,add,849,complete,complete,adjective,base,1,完全な,high_school,2,center_exam,センター試験語彙リスト由来。意味は要補充,center_pos=JJ; center_pmw=100+; matched_high_word_list,complete,JJ,100+,,high_school,matched_high_word_list,完全な
review,add,851,déjà(-vu),déjà(-vu),,,1,,high_school,2,center_exam,センター試験語彙リスト由来。意味は要補充,center_pos=; center_pmw=100+; not_found_in_junior_or_high_word_lists,déjà(-vu),,100+,pos_review;multiword_or_symbol;unknown_pos,review,not_found_in_junior_or_high_word_lists,
auto,add,854,figure,figure,noun,base,1,,high_school,2,center_exam,センター試験語彙リスト由来。意味は要補充,center_pos=NN; center_pmw=100+; not_found_in_junior_or_high_word_lists,figure,NN,100+,,review,not_found_in_junior_or_high_word_lists,
auto,add,858,glen,glen,noun,base,1,,high_school,2,center_exam,センター試験語彙リスト由来。意味は要補充,center_pos=NN; center_pmw=100+; not_found_in_junior_or_high_word_lists,glen,NN,100+,,review,not_found_in_junior_or_high_word_lists,
auto,add,859,government,government,noun,base,1,政府,junior_high,2,center_exam,センター試験語彙リスト由来。意味は要補充,center_pos=NN; center_pmw=100+; matched_junior_word_list,government,NN,100+,,junior_high,matched_junior_word_list,政府
auto,add,860,instance,instance,noun,base,1,,high_school,2,center_exam,センター試験語彙リスト由来。意味は要補充,center_pos=NN; center_pmw=100+; not_found_in_junior_or_high_word_lists,instance,NN,100+,,review,not_found_in_junior_or_high_word_lists,
auto,add,861,leisure,leisure,noun,base,1,余暇,high_school,2,center_exam,センター試験語彙リスト由来。意味は要補充,center_pos=NN; center_pmw=100+; matched_high_word_list,leisure,NN,100+,,high_school,matched_high_word_list,余暇
review,add,862,lower,lower,adjective,comparative,1,,high_school,2,center_exam,センター試験語彙リスト由来。意味は要補充,center_pos=JJR; center_pmw=100+; not_found_in_junior_or_high_word_lists,lower,JJR,100+,pos_review,review,not_found_in_junior_or_high_word_lists,
auto,add,865,quilt,quilt,noun,base,1,,high_school,2,center_exam,センター試験語彙リスト由来。意味は要補充,center_pos=NN; center_pmw=100+; not_found_in_junior_or_high_word_lists,quilt,NN,100+,,review,not_found_in_junior_or_high_word_lists,
auto,add,867,task,task,noun,base,1,仕事,high_school,2,center_exam,センター試験語彙リスト由来。意味は要補充,center_pos=NN; center_pmw=100+; matched_high_word_list,task,NN,100+,,high_school,matched_high_word_list,仕事
auto,add,868,transportation,transportation,noun,base,1,,high_school,2,center_exam,センター試験語彙リスト由来。意味は要補充,center_pos=NN; center_pmw=100+; not_found_in_junior_or_high_word_lists,transportation,NN,100+,,review,not_found_in_junior_or_high_word_lists,
auto,add,873,appreciate,appreciate,verb,base,1,感謝する,high_school,2,center_exam,センター試験語彙リスト由来。意味は要補充,center_pos=VV; center_pmw=100+; matched_high_word_list,appreciate,VV,100+,,high_school,matched_high_word_list,感謝する
auto,add,874,approach,approach,noun,base,1,近づく,high_school,2,center_exam,センター試験語彙リスト由来。意味は要補充,center_pos=NN; center_pmw=100+; matched_high_word_list,approach,NN,100+,,high_school,matched_high_word_list,近づく
review,add,876,born,born,verb,past_participle,1,生まれる,junior_high,2,center_exam,センター試験語彙リスト由来。意味は要補充,center_pos=VVN; center_pmw=100+; matched_junior_word_list,born,VVN,100+,pos_review,junior_high,matched_junior_word_list,生まれる
review,add,881,indian,indian,noun,base,1,,high_school,2,center_exam,センター試験語彙リスト由来。意味は要補充,center_pos=NP; center_pmw=100+; not_found_in_junior_or_high_word_lists,Indian,NP,100+,pos_review;proper_noun,review,not_found_in_junior_or_high_word_lists,
auto,add,883,level,level,noun,base,1,,high_school,2,center_exam,センター試験語彙リスト由来。意味は要補充,center_pos=NN; center_pmw=100+; not_found_in_junior_or_high_word_lists,level,NN,100+,,review,not_found_in_junior_or_high_word_lists,
auto,add,884,limit,limit,noun,base,1,,high_school,2,center_exam,センター試験語彙リスト由来。意味は要補充,center_pos=NN; center_pmw=100+; not_found_in_junior_or_high_word_lists,limit,NN,100+,,review,not_found_in_junior_or_high_word_lists,
auto,add,885,nervous,nervous,adjective,base,1,あがっている,high_school,2,center_exam,センター試験語彙リスト由来。意味は要補充,center_pos=JJ; center_pmw=100+; matched_high_word_list,nervous,JJ,100+,,high_school,matched_high_word_list,あがっている
auto,add,886,original,original,adjective,base,1,,high_school,2,center_exam,センター試験語彙リスト由来。意味は要補充,center_pos=JJ; center_pmw=100+; not_found_in_junior_or_high_word_lists,original,JJ,100+,,review,not_found_in_junior_or_high_word_lists,
auto,add,887,photograph,photograph,noun,base,1,写真,junior_high,2,center_exam,センター試験語彙リスト由来。意味は要補充,center_pos=NN; center_pmw=100+; matched_junior_word_list,photograph,NN,100+,,junior_high,matched_junior_word_list,写真
auto,add,888,progress,progress,noun,base,1,進歩,junior_high,2,center_exam,センター試験語彙リスト由来。意味は要補充,center_pos=NN; center_pmw=100+; matched_junior_word_list,progress,NN,100+,,junior_high,matched_junior_word_list,進歩
auto,add,889,ray,ray,noun,base,1,光線,high_school,2,center_exam,センター試験語彙リスト由来。意味は要補充,center_pos=NN; center_pmw=100+; matched_high_word_list,ray,NN,100+,,high_school,matched_high_word_list,光線
auto,add,894,serious,serious,adjective,base,1,重大な,junior_high,2,center_exam,センター試験語彙リスト由来。意味は要補充,center_pos=JJ; center_pmw=100+; matched_junior_word_list,serious,JJ,100+,,junior_high,matched_junior_word_list,重大な
auto,add,897,successful,successful,adjective,base,1,成功した,junior_high,2,center_exam,センター試験語彙リスト由来。意味は要補充,center_pos=JJ; center_pmw=100+; matched_junior_word_list,successful,JJ,100+,,junior_high,matched_junior_word_list,成功した
auto,add,899,upset,upset,adjective,base,1,気持ちが動揺した,high_school,2,center_exam,センター試験語彙リスト由来。意味は要補充,center_pos=JJ; center_pmw=100+; matched_high_word_list,upset,JJ,100+,,high_school,matched_high_word_list,気持ちが動揺した
auto,add,903,atmosphere,atmosphere,noun,base,1,雰囲気,high_school,2,center_exam,センター試験語彙リスト由来。意味は要補充,center_pos=NN; center_pmw=100+; matched_high_word_list,atmosphere,NN,100+,,high_school,matched_high_word_list,雰囲気
auto,add,904,attract,attract,verb,base,1,引きつける,high_school,2,center_exam,センター試験語彙リスト由来。意味は要補充,center_pos=VV; center_pmw=100+; matched_high_word_list,attract,VV,100+,,high_school,matched_high_word_list,引きつける
auto,add,905,benefit,benefit,noun,base,1,利益,high_school,2,center_exam,センター試験語彙リスト由来。意味は要補充,center_pos=NN; center_pmw=100+; matched_high_word_list,benefit,NN,100+,,high_school,matched_high_word_list,利益
auto,add,909,choice,choice,noun,base,1,,high_school,2,center_exam,センター試験語彙リスト由来。意味は要補充,center_pos=NN; center_pmw=100+; not_found_in_junior_or_high_word_lists,choice,NN,100+,,review,not_found_in_junior_or_high_word_lists,
auto,add,910,communicate,communicate,verb,base,1,連絡する,junior_high,2,center_exam,センター試験語彙リスト由来。意味は要補充,center_pos=VV; center_pmw=100+; matched_junior_word_list,communicate,VV,100+,,junior_high,matched_junior_word_list,連絡する
auto,add,914,meal,meal,noun,base,1,食事,high_school,2,center_exam,センター試験語彙リスト由来。意味は要補充,center_pos=NN; center_pmw=100+; matched_high_word_list,meal,NN,100+,,high_school,matched_high_word_list,食事
review,add,915,new york,new york,,,1,,high_school,2,center_exam,センター試験語彙リスト由来。意味は要補充,center_pos=; center_pmw=100+; not_found_in_junior_or_high_word_lists,New York,,100+,pos_review;multiword_or_symbol;proper_noun;unknown_pos,review,not_found_in_junior_or_high_word_lists,
auto,add,916,occur,occur,verb,base,1,発生する,high_school,2,center_exam,センター試験語彙リスト由来。意味は要補充,center_pos=VV; center_pmw=100+; matched_high_word_list,occur,VV,100+,,high_school,matched_high_word_list,発生する
auto,add,919,physical,physical,adjective,base,1,身体の,high_school,2,center_exam,センター試験語彙リスト由来。意味は要補充,center_pos=JJ; center_pmw=100+; matched_high_word_list,physical,JJ,100+,,high_school,matched_high_word_list,身体の
auto,add,924,regard,regard,noun,base,1,,high_school,2,center_exam,センター試験語彙リスト由来。意味は要補充,center_pos=NN; center_pmw=100+; not_found_in_junior_or_high_word_lists,regard,NN,100+,,review,not_found_in_junior_or_high_word_lists,
auto,add,925,schedule,schedule,noun,base,1,,high_school,2,center_exam,センター試験語彙リスト由来。意味は要補充,center_pos=NN; center_pmw=100+; not_found_in_junior_or_high_word_lists,schedule,NN,100+,,review,not_found_in_junior_or_high_word_lists,
auto,add,926,slightly,slightly,adverb,base,1,わずかに,high_school,2,center_exam,センター試験語彙リスト由来。意味は要補充,center_pos=RB; center_pmw=100+; matched_high_word_list,slightly,RB,100+,,high_school,matched_high_word_list,わずかに
auto,add,928,strategy,strategy,noun,base,1,戦略,high_school,2,center_exam,センター試験語彙リスト由来。意味は要補充,center_pos=NN; center_pmw=100+; matched_high_word_list,strategy,NN,100+,,high_school,matched_high_word_list,戦略
review,add,929,teenager,teenager,adjective,comparative,1,十代,high_school,2,center_exam,センター試験語彙リスト由来。意味は要補充,center_pos=JJR; center_pmw=100+; matched_high_word_list,teenager,JJR,100+,pos_review,high_school,matched_high_word_list,十代
auto,add,933,advance,advance,noun,base,1,,high_school,2,center_exam,センター試験語彙リスト由来。意味は要補充,center_pos=NN; center_pmw=100+; not_found_in_junior_or_high_word_lists,advance,NN,100+,,review,not_found_in_junior_or_high_word_lists,
auto,add,934,basic,basic,adjective,base,1,,high_school,2,center_exam,センター試験語彙リスト由来。意味は要補充,center_pos=JJ; center_pmw=100+; not_found_in_junior_or_high_word_lists,basic,JJ,100+,,review,not_found_in_junior_or_high_word_lists,
auto,add,935,character,character,noun,base,1,,high_school,2,center_exam,センター試験語彙リスト由来。意味は要補充,center_pos=NN; center_pmw=100+; not_found_in_junior_or_high_word_lists,character,NN,100+,,review,not_found_in_junior_or_high_word_lists,
auto,add,936,communication,communication,noun,base,1,,high_school,2,center_exam,センター試験語彙リスト由来。意味は要補充,center_pos=NN; center_pmw=100+; not_found_in_junior_or_high_word_lists,communication,NN,100+,,review,not_found_in_junior_or_high_word_lists,
auto,add,937,conduct,conduct,noun,base,1,行為,high_school,2,center_exam,センター試験語彙リスト由来。意味は要補充,center_pos=NN; center_pmw=100+; matched_high_word_list,conduct,NN,100+,,high_school,matched_high_word_list,行為
review,add,938,data,data,noun,plural,1,,high_school,2,center_exam,センター試験語彙リスト由来。意味は要補充,center_pos=NNS; center_pmw=100+; not_found_in_junior_or_high_word_lists,data,NNS,100+,pos_review,review,not_found_in_junior_or_high_word_lists,
auto,add,939,decision,decision,noun,base,1,決定,junior_high,2,center_exam,センター試験語彙リスト由来。意味は要補充,center_pos=NN; center_pmw=100+; matched_junior_word_list,decision,NN,100+,,junior_high,matched_junior_word_list,決定
auto,add,940,decrease,decrease,noun,base,1,減少する,junior_high,2,center_exam,センター試験語彙リスト由来。意味は要補充,center_pos=NN; center_pmw=100+; matched_junior_word_list,decrease,NN,100+,,junior_high,matched_junior_word_list,減少する
auto,add,943,email,email,noun,base,1,,high_school,2,center_exam,センター試験語彙リスト由来。意味は要補充,center_pos=NN; center_pmw=100+; not_found_in_junior_or_high_word_lists,email,NN,100+,,review,not_found_in_junior_or_high_word_lists,
auto,add,944,fear,fear,noun,base,1,恐れる,high_school,2,center_exam,センター試験語彙リスト由来。意味は要補充,center_pos=NN; center_pmw=100+; matched_high_word_list,fear,NN,100+,,high_school,matched_high_word_list,恐れる
auto,add,950,leader,leader,noun,base,1,,high_school,2,center_exam,センター試験語彙リスト由来。意味は要補充,center_pos=NN; center_pmw=100+; not_found_in_junior_or_high_word_lists,leader,NN,100+,,review,not_found_in_junior_or_high_word_lists,
auto,add,952,muscle,muscle,noun,base,1,筋肉,high_school,2,center_exam,センター試験語彙リスト由来。意味は要補充,center_pos=NN; center_pmw=100+; matched_high_word_list,muscle,NN,100+,,high_school,matched_high_word_list,筋肉
auto,add,953,nearly,nearly,adverb,base,1,,high_school,2,center_exam,センター試験語彙リスト由来。意味は要補充,center_pos=RB; center_pmw=100+; not_found_in_junior_or_high_word_lists,nearly,RB,100+,,review,not_found_in_junior_or_high_word_lists,
auto,add,954,opposite,opposite,adjective,base,1,反対の,high_school,2,center_exam,センター試験語彙リスト由来。意味は要補充,center_pos=JJ; center_pmw=100+; matched_high_word_list,opposite,JJ,100+,,high_school,matched_high_word_list,反対の
auto,add,956,project,project,noun,base,1,,high_school,2,center_exam,センター試験語彙リスト由来。意味は要補充,center_pos=NN; center_pmw=100+; not_found_in_junior_or_high_word_lists,project,NN,100+,,review,not_found_in_junior_or_high_word_lists,
auto,add,957,source,source,noun,base,1,源,high_school,2,center_exam,センター試験語彙リスト由来。意味は要補充,center_pos=NN; center_pmw=100+; matched_high_word_list,source,NN,100+,,high_school,matched_high_word_list,源
auto,add,960,taste,taste,noun,base,1,味,high_school,2,center_exam,センター試験語彙リスト由来。意味は要補充,center_pos=NN; center_pmw=100+; matched_high_word_list,taste,NN,100+,,high_school,matched_high_word_list,味
auto,add,962,variety,variety,noun,base,1,,high_school,2,center_exam,センター試験語彙リスト由来。意味は要補充,center_pos=NN; center_pmw=100+; not_found_in_junior_or_high_word_lists,variety,NN,100+,,review,not_found_in_junior_or_high_word_lists,
auto,add,963,ancient,ancient,adjective,base,1,古代の,junior_high,2,center_exam,センター試験語彙リスト由来。意味は要補充,center_pos=JJ; center_pmw=100+; matched_junior_word_list,ancient,JJ,100+,,junior_high,matched_junior_word_list,古代の
auto,add,971,effort,effort,noun,base,1,努力,junior_high,2,center_exam,センター試験語彙リスト由来。意味は要補充,center_pos=NN; center_pmw=100+; matched_junior_word_list,effort,NN,100+,,junior_high,matched_junior_word_list,努力
auto,add,973,european,european,adjective,base,1,,high_school,2,center_exam,センター試験語彙リスト由来。意味は要補充,center_pos=JJ; center_pmw=100+; not_found_in_junior_or_high_word_lists,european,JJ,100+,,review,not_found_in_junior_or_high_word_lists,
auto,add,977,image,image,noun,base,1,画像，印象,junior_high,2,center_exam,センター試験語彙リスト由来。意味は要補充,center_pos=NN; center_pmw=100+; matched_junior_word_list,image,NN,100+,,junior_high,matched_junior_word_list,画像，印象
auto,add,978,involve,involve,verb,base,1,巻き込む,high_school,2,center_exam,センター試験語彙リスト由来。意味は要補充,center_pos=VV; center_pmw=100+; matched_high_word_list,involve,VV,100+,,high_school,matched_high_word_list,巻き込む
auto,add,980,laser,laser,noun,base,1,,high_school,2,center_exam,センター試験語彙リスト由来。意味は要補充,center_pos=NN; center_pmw=100+; not_found_in_junior_or_high_word_lists,laser,NN,100+,,review,not_found_in_junior_or_high_word_lists,
auto,add,988,ordinary,ordinary,adjective,base,1,ふつうの,junior_high,2,center_exam,センター試験語彙リスト由来。意味は要補充,center_pos=JJ; center_pmw=100+; matched_junior_word_list,ordinary,JJ,100+,,junior_high,matched_junior_word_list,ふつうの
auto,add,989,pattern,pattern,noun,base,1,,high_school,2,center_exam,センター試験語彙リスト由来。意味は要補充,center_pos=NN; center_pmw=100+; not_found_in_junior_or_high_word_lists,pattern,NN,100+,,review,not_found_in_junior_or_high_word_lists,
auto,add,990,performance,performance,noun,base,1,,high_school,2,center_exam,センター試験語彙リスト由来。意味は要補充,center_pos=NN; center_pmw=100+; not_found_in_junior_or_high_word_lists,performance,NN,100+,,review,not_found_in_junior_or_high_word_lists,
auto,add,992,rodent,rodent,noun,base,1,,high_school,2,center_exam,センター試験語彙リスト由来。意味は要補充,center_pos=NN; center_pmw=100+; not_found_in_junior_or_high_word_lists,rodent,NN,100+,,review,not_found_in_junior_or_high_word_lists,
auto,add,994,self,self,noun,base,1,,high_school,2,center_exam,センター試験語彙リスト由来。意味は要補充,center_pos=NN; center_pmw=100+; not_found_in_junior_or_high_word_lists,self,NN,100+,,review,not_found_in_junior_or_high_word_lists,
review,add,995,species,species,noun,plural,1,種,junior_high,2,center_exam,センター試験語彙リスト由来。意味は要補充,center_pos=NNS; center_pmw=100+; matched_junior_word_list,species,NNS,100+,pos_review,junior_high,matched_junior_word_list,種
auto,add,996,term,term,noun,base,1,期間,high_school,2,center_exam,センター試験語彙リスト由来。意味は要補充,center_pos=NN; center_pmw=100+; matched_high_word_list,term,NN,100+,,high_school,matched_high_word_list,期間
auto,add,1000,access,access,noun,base,1,,high_school,2,center_exam,センター試験語彙リスト由来。意味は要補充,center_pos=NN; center_pmw=100+; not_found_in_junior_or_high_word_lists,access,NN,100+,,review,not_found_in_junior_or_high_word_lists,
review,add,1001,brazil,brazil,noun,base,1,,high_school,2,center_exam,センター試験語彙リスト由来。意味は要補充,center_pos=NP; center_pmw=100+; not_found_in_junior_or_high_word_lists,Brazil,NP,100+,pos_review;proper_noun,review,not_found_in_junior_or_high_word_lists,
auto,add,1003,elderly,elderly,adjective,base,1,年配の,junior_high,2,center_exam,センター試験語彙リスト由来。意味は要補充,center_pos=JJ; center_pmw=100+; matched_junior_word_list,elderly,JJ,100+,,junior_high,matched_junior_word_list,年配の
auto,add,1004,essential,essential,adjective,base,1,,high_school,2,center_exam,センター試験語彙リスト由来。意味は要補充,center_pos=JJ; center_pmw=100+; not_found_in_junior_or_high_word_lists,essential,JJ,100+,,review,not_found_in_junior_or_high_word_lists,
auto,add,1006,gain,gain,noun,base,1,得る,high_school,2,center_exam,センター試験語彙リスト由来。意味は要補充,center_pos=NN; center_pmw=100+; matched_high_word_list,gain,NN,100+,,high_school,matched_high_word_list,得る
auto,add,1007,global,global,adjective,base,1,地球の,high_school,2,center_exam,センター試験語彙リスト由来。意味は要補充,center_pos=JJ; center_pmw=100+; matched_high_word_list,global,JJ,100+,,high_school,matched_high_word_list,地球の
auto,add,1008,hate,hate,verb,base,1,ひどく嫌う,high_school,2,center_exam,センター試験語彙リスト由来。意味は要補充,center_pos=VVP; center_pmw=100+; matched_high_word_list,hate,VVP,100+,,high_school,matched_high_word_list,ひどく嫌う
review,add,1010,helping,helping,verb,present_participle,1,,high_school,2,center_exam,センター試験語彙リスト由来。意味は要補充,center_pos=VVG; center_pmw=100+; not_found_in_junior_or_high_word_lists,helping,VVG,100+,pos_review,review,not_found_in_junior_or_high_word_lists,
auto,add,1012,knowledge,knowledge,noun,base,1,知識,junior_high,2,center_exam,センター試験語彙リスト由来。意味は要補充,center_pos=NN; center_pmw=100+; matched_junior_word_list,knowledge,NN,100+,,junior_high,matched_junior_word_list,知識
auto,add,1013,lack,lack,noun,base,1,不足,high_school,2,center_exam,センター試験語彙リスト由来。意味は要補充,center_pos=NN; center_pmw=100+; matched_high_word_list,lack,NN,100+,,high_school,matched_high_word_list,不足
auto,add,1014,medical,medical,adjective,base,1,,high_school,2,center_exam,センター試験語彙リスト由来。意味は要補充,center_pos=JJ; center_pmw=100+; not_found_in_junior_or_high_word_lists,medical,JJ,100+,,review,not_found_in_junior_or_high_word_lists,
review,add,1016,moving,moving,verb,present_participle,1,,high_school,2,center_exam,センター試験語彙リスト由来。意味は要補充,center_pos=VVG; center_pmw=100+; not_found_in_junior_or_high_word_lists,moving,VVG,100+,pos_review,review,not_found_in_junior_or_high_word_lists,
auto,add,1018,peter,peter,noun,base,1,,high_school,2,center_exam,センター試験語彙リスト由来。意味は要補充,center_pos=NN; center_pmw=100+; not_found_in_junior_or_high_word_lists,peter,NN,100+,,review,not_found_in_junior_or_high_word_lists,
auto,add,1019,respect,respect,noun,base,1,を尊敬する,junior_high,2,center_exam,センター試験語彙リスト由来。意味は要補充,center_pos=NN; center_pmw=100+; matched_junior_word_list,respect,NN,100+,,junior_high,matched_junior_word_list,を尊敬する
auto,add,1022,simply,simply,adverb,base,1,,high_school,2,center_exam,センター試験語彙リスト由来。意味は要補充,center_pos=RB; center_pmw=100+; not_found_in_junior_or_high_word_lists,simply,RB,100+,,review,not_found_in_junior_or_high_word_lists,
auto,add,1024,survive,survive,verb,base,1,生き残る,junior_high,2,center_exam,センター試験語彙リスト由来。意味は要補充,center_pos=VV; center_pmw=100+; matched_junior_word_list,survive,VV,100+,,junior_high,matched_junior_word_list,生き残る
auto,add,1029,bother,bother,verb,base,1,面倒,junior_high,2,center_exam,センター試験語彙リスト由来。意味は要補充,center_pos=VV; center_pmw=100+; matched_junior_word_list,bother,VV,100+,,junior_high,matched_junior_word_list,面倒
auto,add,1030,cell,cell,noun,base,1,細胞,high_school,2,center_exam,センター試験語彙リスト由来。意味は要補充,center_pos=NN; center_pmw=100+; matched_high_word_list,cell,NN,100+,,high_school,matched_high_word_list,細胞
auto,add,1031,coal,coal,noun,base,1,石炭,junior_high,2,center_exam,センター試験語彙リスト由来。意味は要補充,center_pos=NN; center_pmw=100+; matched_junior_word_list,coal,NN,100+,,junior_high,matched_junior_word_list,石炭
auto,add,1033,direction,direction,noun,base,1,方向,high_school,2,center_exam,センター試験語彙リスト由来。意味は要補充,center_pos=NN; center_pmw=100+; matched_high_word_list,direction,NN,100+,,high_school,matched_high_word_list,方向
auto,add,1034,dot,dot,noun,base,1,点,junior_high,2,center_exam,センター試験語彙リスト由来。意味は要補充,center_pos=NN; center_pmw=100+; matched_junior_word_list,dot,NN,100+,,junior_high,matched_junior_word_list,点
auto,add,1038,general,general,adjective,base,1,一般的な,junior_high,2,center_exam,センター試験語彙リスト由来。意味は要補充,center_pos=JJ; center_pmw=100+; matched_junior_word_list,general,JJ,100+,,junior_high,matched_junior_word_list,一般的な
auto,add,1039,immediately,immediately,adverb,base,1,即座に,high_school,2,center_exam,センター試験語彙リスト由来。意味は要補充,center_pos=RB; center_pmw=100+; matched_high_word_list,immediately,RB,100+,,high_school,matched_high_word_list,即座に
auto,add,1040,impossible,impossible,adjective,base,1,,high_school,2,center_exam,センター試験語彙リスト由来。意味は要補充,center_pos=JJ; center_pmw=100+; not_found_in_junior_or_high_word_lists,impossible,JJ,100+,,review,not_found_in_junior_or_high_word_lists,
auto,add,1041,jenny,jenny,noun,base,1,,high_school,2,center_exam,センター試験語彙リスト由来。意味は要補充,center_pos=NN; center_pmw=100+; not_found_in_junior_or_high_word_lists,jenny,NN,100+,,review,not_found_in_junior_or_high_word_lists,
auto,add,1047,patient,patient,noun,base,1,我慢強い,high_school,2,center_exam,センター試験語彙リスト由来。意味は要補充,center_pos=NN; center_pmw=100+; matched_high_word_list,patient,NN,100+,,high_school,matched_high_word_list,我慢強い
auto,add,1049,pull,pull,verb,base,1,を引く,junior_high,2,center_exam,センター試験語彙リスト由来。意味は要補充,center_pos=VV; center_pmw=100+; matched_junior_word_list,pull,VV,100+,,junior_high,matched_junior_word_list,を引く
auto,add,1051,relate,relate,verb,base,1,を～に関係させる,junior_high,2,center_exam,センター試験語彙リスト由来。意味は要補充,center_pos=VVP; center_pmw=100+; matched_junior_word_list,relate,VVP,100+,,junior_high,matched_junior_word_list,を～に関係させる
auto,add,1052,responsibility,responsibility,noun,base,1,責任,high_school,2,center_exam,センター試験語彙リスト由来。意味は要補充,center_pos=NN; center_pmw=100+; matched_high_word_list,responsibility,NN,100+,,high_school,matched_high_word_list,責任
auto,add,1053,steal,steal,verb,base,1,,high_school,2,center_exam,センター試験語彙リスト由来。意味は要補充,center_pos=VV; center_pmw=100+; not_found_in_junior_or_high_word_lists,steal,VV,100+,,review,not_found_in_junior_or_high_word_lists,
auto,add,1055,understanding,understanding,noun,base,1,,high_school,2,center_exam,センター試験語彙リスト由来。意味は要補充,center_pos=NN; center_pmw=100+; not_found_in_junior_or_high_word_lists,understanding,NN,100+,,review,not_found_in_junior_or_high_word_lists,
auto,add,1058,adjust,adjust,verb,base,1,調節する,high_school,2,center_exam,センター試験語彙リスト由来。意味は要補充,center_pos=VV; center_pmw=100+; matched_high_word_list,adjust,VV,100+,,high_school,matched_high_word_list,調節する
auto,add,1061,button,button,noun,base,1,,high_school,2,center_exam,センター試験語彙リスト由来。意味は要補充,center_pos=NN; center_pmw=100+; not_found_in_junior_or_high_word_lists,button,NN,100+,,review,not_found_in_junior_or_high_word_lists,
auto,add,1062,challenge,challenge,noun,base,1,,high_school,2,center_exam,センター試験語彙リスト由来。意味は要補充,center_pos=NN; center_pmw=100+; not_found_in_junior_or_high_word_lists,challenge,NN,100+,,review,not_found_in_junior_or_high_word_lists,
auto,add,1063,cheap,cheap,adjective,base,1,安い,junior_high,2,center_exam,センター試験語彙リスト由来。意味は要補充,center_pos=JJ; center_pmw=100+; matched_junior_word_list,cheap,JJ,100+,,junior_high,matched_junior_word_list,安い
auto,add,1064,completely,completely,adverb,base,1,完全に,high_school,2,center_exam,センター試験語彙リスト由来。意味は要補充,center_pos=RB; center_pmw=100+; matched_high_word_list,completely,RB,100+,,high_school,matched_high_word_list,完全に
auto,add,1065,contrast,contrast,noun,base,1,対照,high_school,2,center_exam,センター試験語彙リスト由来。意味は要補充,center_pos=NN; center_pmw=100+; matched_high_word_list,contrast,NN,100+,,high_school,matched_high_word_list,対照
auto,add,1066,correct,correct,adjective,base,1,正解,high_school,2,center_exam,センター試験語彙リスト由来。意味は要補充,center_pos=JJ; center_pmw=100+; matched_high_word_list,correct,JJ,100+,,high_school,matched_high_word_list,正解
auto,add,1067,designer,designer,noun,base,1,,high_school,2,center_exam,センター試験語彙リスト由来。意味は要補充,center_pos=NN; center_pmw=100+; not_found_in_junior_or_high_word_lists,designer,NN,100+,,review,not_found_in_junior_or_high_word_lists,
auto,add,1070,earn,earn,verb,base,1,をかせぐ,junior_high,2,center_exam,センター試験語彙リスト由来。意味は要補充,center_pos=VV; center_pmw=100+; matched_junior_word_list,earn,VV,100+,,junior_high,matched_junior_word_list,をかせぐ
auto,add,1071,equipment,equipment,noun,base,1,装置,high_school,2,center_exam,センター試験語彙リスト由来。意味は要補充,center_pos=NN; center_pmw=100+; matched_high_word_list,equipment,NN,100+,,high_school,matched_high_word_list,装置
auto,add,1072,everyday,everyday,adjective,base,1,,high_school,2,center_exam,センター試験語彙リスト由来。意味は要補充,center_pos=JJ; center_pmw=100+; not_found_in_junior_or_high_word_lists,everyday,JJ,100+,,review,not_found_in_junior_or_high_word_lists,
auto,add,1073,examine,examine,verb,base,1,検査する,high_school,2,center_exam,センター試験語彙リスト由来。意味は要補充,center_pos=VV; center_pmw=100+; matched_high_word_list,examine,VV,100+,,high_school,matched_high_word_list,検査する
auto,add,1074,exist,exist,verb,base,1,存在する,high_school,2,center_exam,センター試験語彙リスト由来。意味は要補充,center_pos=VV; center_pmw=100+; matched_high_word_list,exist,VV,100+,,high_school,matched_high_word_list,存在する
auto,add,1076,function,function,noun,base,1,,high_school,2,center_exam,センター試験語彙リスト由来。意味は要補充,center_pos=NN; center_pmw=100+; not_found_in_junior_or_high_word_lists,function,NN,100+,,review,not_found_in_junior_or_high_word_lists,
auto,add,1080,hiker,hiker,noun,base,1,,high_school,2,center_exam,センター試験語彙リスト由来。意味は要補充,center_pos=NN; center_pmw=100+; not_found_in_junior_or_high_word_lists,hiker,NN,100+,,review,not_found_in_junior_or_high_word_lists,
auto,add,1082,import,import,noun,base,1,を輸入する,junior_high,2,center_exam,センター試験語彙リスト由来。意味は要補充,center_pos=NN; center_pmw=100+; matched_junior_word_list,import,NN,100+,,junior_high,matched_junior_word_list,を輸入する
auto,add,1085,laughter,laughter,noun,base,1,笑い,high_school,2,center_exam,センター試験語彙リスト由来。意味は要補充,center_pos=NN; center_pmw=100+; matched_high_word_list,laughter,NN,100+,,high_school,matched_high_word_list,笑い
auto,add,1086,locate,locate,verb,base,1,,high_school,2,center_exam,センター試験語彙リスト由来。意味は要補充,center_pos=VV; center_pmw=100+; not_found_in_junior_or_high_word_lists,locate,VV,100+,,review,not_found_in_junior_or_high_word_lists,
auto,add,1087,missy,missy,noun,base,1,,high_school,2,center_exam,センター試験語彙リスト由来。意味は要補充,center_pos=NN; center_pmw=100+; not_found_in_junior_or_high_word_lists,missy,NN,100+,,review,not_found_in_junior_or_high_word_lists,
auto,add,1090,psychologist,psychologist,noun,base,1,心理学者,high_school,2,center_exam,センター試験語彙リスト由来。意味は要補充,center_pos=NN; center_pmw=100+; matched_high_word_list,psychologist,NN,100+,,high_school,matched_high_word_list,心理学者
auto,add,1093,relax,relax,verb,base,1,,high_school,2,center_exam,センター試験語彙リスト由来。意味は要補充,center_pos=VV; center_pmw=100+; not_found_in_junior_or_high_word_lists,relax,VV,100+,,review,not_found_in_junior_or_high_word_lists,
auto,add,1095,single,single,adjective,base,1,,high_school,2,center_exam,センター試験語彙リスト由来。意味は要補充,center_pos=JJ; center_pmw=100+; not_found_in_junior_or_high_word_lists,single,JJ,100+,,review,not_found_in_junior_or_high_word_lists,
auto,add,1096,surface,surface,noun,base,1,表面,high_school,2,center_exam,センター試験語彙リスト由来。意味は要補充,center_pos=NN; center_pmw=100+; matched_high_word_list,surface,NN,100+,,high_school,matched_high_word_list,表面
auto,add,1097,surprise,surprise,noun,base,1,驚くべきこと,junior_high,2,center_exam,センター試験語彙リスト由来。意味は要補充,center_pos=NN; center_pmw=100+; matched_junior_word_list,surprise,NN,100+,,junior_high,matched_junior_word_list,驚くべきこと
auto,add,1098,swimming,swimming,noun,base,1,水泳,junior_high,2,center_exam,センター試験語彙リスト由来。意味は要補充,center_pos=NN; center_pmw=100+; matched_junior_word_list,swimming,NN,100+,,junior_high,matched_junior_word_list,水泳
auto,add,1103,apply,apply,verb,base,1,当てはまる,junior_high,2,center_exam,センター試験語彙リスト由来。意味は要補充,center_pos=VV; center_pmw=100+; matched_junior_word_list,apply,VV,100+,,junior_high,matched_junior_word_list,当てはまる
auto,add,1104,appropriate,appropriate,adjective,base,1,適当な,high_school,2,center_exam,センター試験語彙リスト由来。意味は要補充,center_pos=JJ; center_pmw=100+; matched_high_word_list,appropriate,JJ,100+,,high_school,matched_high_word_list,適当な
auto,add,1105,attend,attend,verb,base,1,に通う，に出席する,junior_high,2,center_exam,センター試験語彙リスト由来。意味は要補充,center_pos=VV; center_pmw=100+; matched_junior_word_list,attend,VV,100+,,junior_high,matched_junior_word_list,に通う，に出席する
auto,add,1106,balance,balance,noun,base,1,,high_school,2,center_exam,センター試験語彙リスト由来。意味は要補充,center_pos=NN; center_pmw=100+; not_found_in_junior_or_high_word_lists,balance,NN,100+,,review,not_found_in_junior_or_high_word_lists,
auto,add,1109,burn,burn,noun,base,1,を燃やす,junior_high,2,center_exam,センター試験語彙リスト由来。意味は要補充,center_pos=NN; center_pmw=100+; matched_junior_word_list,burn,NN,100+,,junior_high,matched_junior_word_list,を燃やす
auto,add,1110,carol,carol,noun,base,1,,high_school,2,center_exam,センター試験語彙リスト由来。意味は要補充,center_pos=NN; center_pmw=100+; not_found_in_junior_or_high_word_lists,carol,NN,100+,,review,not_found_in_junior_or_high_word_lists,
auto,add,1111,count,count,noun,base,1,,high_school,2,center_exam,センター試験語彙リスト由来。意味は要補充,center_pos=NN; center_pmw=100+; not_found_in_junior_or_high_word_lists,count,NN,100+,,review,not_found_in_junior_or_high_word_lists,
review,add,1112,cox,cox,noun,base,1,,high_school,2,center_exam,センター試験語彙リスト由来。意味は要補充,center_pos=NP; center_pmw=100+; not_found_in_junior_or_high_word_lists,Cox,NP,100+,pos_review;proper_noun,review,not_found_in_junior_or_high_word_lists,
auto,add,1114,diet,diet,noun,base,1,食事,high_school,2,center_exam,センター試験語彙リスト由来。意味は要補充,center_pos=NN; center_pmw=100+; matched_high_word_list,diet,NN,100+,,high_school,matched_high_word_list,食事
auto,add,1118,explanation,explanation,noun,base,1,説明,high_school,2,center_exam,センター試験語彙リスト由来。意味は要補充,center_pos=NN; center_pmw=100+; matched_high_word_list,explanation,NN,100+,,high_school,matched_high_word_list,説明
auto,add,1119,fashion,fashion,noun,base,1,,high_school,2,center_exam,センター試験語彙リスト由来。意味は要補充,center_pos=NN; center_pmw=100+; not_found_in_junior_or_high_word_lists,fashion,NN,100+,,review,not_found_in_junior_or_high_word_lists,
auto,add,1120,fix,fix,noun,base,1,固定する,high_school,2,center_exam,センター試験語彙リスト由来。意味は要補充,center_pos=NN; center_pmw=100+; matched_high_word_list,fix,NN,100+,,high_school,matched_high_word_list,固定する
auto,add,1124,handle,handle,verb,base,1,を処理する,junior_high,2,center_exam,センター試験語彙リスト由来。意味は要補充,center_pos=VV; center_pmw=100+; matched_junior_word_list,handle,VV,100+,,junior_high,matched_junior_word_list,を処理する
auto,add,1125,hang,hang,verb,base,1,つるす,high_school,2,center_exam,センター試験語彙リスト由来。意味は要補充,center_pos=VV; center_pmw=100+; matched_high_word_list,hang,VV,100+,,high_school,matched_high_word_list,つるす
auto,add,1126,hardly,hardly,adverb,base,1,ほとんどない,high_school,2,center_exam,センター試験語彙リスト由来。意味は要補充,center_pos=RB; center_pmw=100+; matched_high_word_list,hardly,RB,100+,,high_school,matched_high_word_list,ほとんどない
auto,add,1128,hike,hike,noun,base,1,,high_school,2,center_exam,センター試験語彙リスト由来。意味は要補充,center_pos=NN; center_pmw=100+; not_found_in_junior_or_high_word_lists,hike,NN,100+,,review,not_found_in_junior_or_high_word_lists,
auto,add,1130,joke,joke,noun,base,1,,high_school,2,center_exam,センター試験語彙リスト由来。意味は要補充,center_pos=NN; center_pmw=100+; not_found_in_junior_or_high_word_lists,joke,NN,100+,,review,not_found_in_junior_or_high_word_lists,
auto,add,1133,note,note,noun,base,1,紙幣,junior_high,2,center_exam,センター試験語彙リスト由来。意味は要補充,center_pos=NN; center_pmw=100+; matched_junior_word_list,note,NN,100+,,junior_high,matched_junior_word_list,紙幣
auto,add,1134,overseas,overseas,adverb,base,1,海外の,junior_high,2,center_exam,センター試験語彙リスト由来。意味は要補充,center_pos=RB; center_pmw=100+; matched_junior_word_list,overseas,RB,100+,,junior_high,matched_junior_word_list,海外の
review,add,1138,surrounding,surrounding,verb,present_participle,1,,high_school,2,center_exam,センター試験語彙リスト由来。意味は要補充,center_pos=VVG; center_pmw=100+; not_found_in_junior_or_high_word_lists,surrounding,VVG,100+,pos_review,review,not_found_in_junior_or_high_word_lists,
auto,add,1140,theory,theory,noun,base,1,理論,high_school,2,center_exam,センター試験語彙リスト由来。意味は要補充,center_pos=NN; center_pmw=100+; matched_high_word_list,theory,NN,100+,,high_school,matched_high_word_list,理論
auto,add,1141,thus,thus,adverb,base,1,,high_school,2,center_exam,センター試験語彙リスト由来。意味は要補充,center_pos=RB; center_pmw=100+; not_found_in_junior_or_high_word_lists,thus,RB,100+,,review,not_found_in_junior_or_high_word_lists,
auto,add,1142,truck,truck,noun,base,1,,high_school,2,center_exam,センター試験語彙リスト由来。意味は要補充,center_pos=NN; center_pmw=100+; not_found_in_junior_or_high_word_lists,truck,NN,100+,,review,not_found_in_junior_or_high_word_lists,
review,add,1144,uk,uk,noun,base,1,,high_school,2,center_exam,センター試験語彙リスト由来。意味は要補充,center_pos=NP; center_pmw=100+; not_found_in_junior_or_high_word_lists,UK,NP,100+,pos_review;acronym;proper_noun,review,not_found_in_junior_or_high_word_lists,
auto,add,1146,vinegar,vinegar,noun,base,1,,high_school,2,center_exam,センター試験語彙リスト由来。意味は要補充,center_pos=NN; center_pmw=100+; not_found_in_junior_or_high_word_lists,vinegar,NN,100+,,review,not_found_in_junior_or_high_word_lists,
auto,add,1148,aspect,aspect,noun,base,1,局面,high_school,2,center_exam,センター試験語彙リスト由来。意味は要補充,center_pos=NN; center_pmw=100+; matched_high_word_list,aspect,NN,100+,,high_school,matched_high_word_list,局面
auto,add,1151,consumption,consumption,noun,base,1,消費,high_school,2,center_exam,センター試験語彙リスト由来。意味は要補充,center_pos=NN; center_pmw=100+; matched_high_word_list,consumption,NN,100+,,high_school,matched_high_word_list,消費
auto,add,1153,degree,degree,noun,base,1,程度,high_school,2,center_exam,センター試験語彙リスト由来。意味は要補充,center_pos=NN; center_pmw=100+; matched_high_word_list,degree,NN,100+,,high_school,matched_high_word_list,程度
auto,add,1155,destination,destination,noun,base,1,,high_school,2,center_exam,センター試験語彙リスト由来。意味は要補充,center_pos=NN; center_pmw=100+; not_found_in_junior_or_high_word_lists,destination,NN,100+,,review,not_found_in_junior_or_high_word_lists,
auto,add,1156,device,device,noun,base,1,装置,junior_high,2,center_exam,センター試験語彙リスト由来。意味は要補充,center_pos=NN; center_pmw=100+; matched_junior_word_list,device,NN,100+,,junior_high,matched_junior_word_list,装置
auto,add,1157,digital,digital,adjective,base,1,,high_school,2,center_exam,センター試験語彙リスト由来。意味は要補充,center_pos=JJ; center_pmw=100+; not_found_in_junior_or_high_word_lists,digital,JJ,100+,,review,not_found_in_junior_or_high_word_lists,
auto,add,1158,directly,directly,adverb,base,1,直接に,junior_high,2,center_exam,センター試験語彙リスト由来。意味は要補充,center_pos=RB; center_pmw=100+; matched_junior_word_list,directly,RB,100+,,junior_high,matched_junior_word_list,直接に
auto,add,1159,dive,dive,noun,base,1,,high_school,2,center_exam,センター試験語彙リスト由来。意味は要補充,center_pos=NN; center_pmw=100+; not_found_in_junior_or_high_word_lists,dive,NN,100+,,review,not_found_in_junior_or_high_word_lists,
auto,add,1161,exchange,exchange,noun,base,1,交換,junior_high,2,center_exam,センター試験語彙リスト由来。意味は要補充,center_pos=NN; center_pmw=100+; matched_junior_word_list,exchange,NN,100+,,junior_high,matched_junior_word_list,交換
auto,add,1162,fit,fit,noun,base,1,,high_school,2,center_exam,センター試験語彙リスト由来。意味は要補充,center_pos=NN; center_pmw=100+; not_found_in_junior_or_high_word_lists,fit,NN,100+,,review,not_found_in_junior_or_high_word_lists,
auto,add,1163,focus,focus,noun,base,1,集中する,junior_high,2,center_exam,センター試験語彙リスト由来。意味は要補充,center_pos=NN; center_pmw=100+; matched_junior_word_list,focus,NN,100+,,junior_high,matched_junior_word_list,集中する
auto,add,1165,individual,individual,adjective,base,1,個人の,high_school,2,center_exam,センター試験語彙リスト由来。意味は要補充,center_pos=JJ; center_pmw=100+; matched_high_word_list,individual,JJ,100+,,high_school,matched_high_word_list,個人の
auto,add,1167,km,km,noun,base,1,,high_school,2,center_exam,センター試験語彙リスト由来。意味は要補充,center_pos=NN; center_pmw=100+; not_found_in_junior_or_high_word_lists,km,NN,100+,,review,not_found_in_junior_or_high_word_lists,
auto,add,1168,label,label,noun,base,1,,high_school,2,center_exam,センター試験語彙リスト由来。意味は要補充,center_pos=NN; center_pmw=100+; not_found_in_junior_or_high_word_lists,label,NN,100+,,review,not_found_in_junior_or_high_word_lists,
auto,add,1171,officer,officer,noun,base,1,,high_school,2,center_exam,センター試験語彙リスト由来。意味は要補充,center_pos=NN; center_pmw=100+; not_found_in_junior_or_high_word_lists,officer,NN,100+,,review,not_found_in_junior_or_high_word_lists,
auto,add,1172,popularity,popularity,noun,base,1,人気,high_school,2,center_exam,センター試験語彙リスト由来。意味は要補充,center_pos=NN; center_pmw=100+; matched_high_word_list,popularity,NN,100+,,high_school,matched_high_word_list,人気
auto,add,1174,rainforest,rainforest,noun,base,1,,high_school,2,center_exam,センター試験語彙リスト由来。意味は要補充,center_pos=NN; center_pmw=100+; not_found_in_junior_or_high_word_lists,rainforest,NN,100+,,review,not_found_in_junior_or_high_word_lists,
auto,add,1175,regular,regular,adjective,base,1,,high_school,2,center_exam,センター試験語彙リスト由来。意味は要補充,center_pos=JJ; center_pmw=100+; not_found_in_junior_or_high_word_lists,regular,JJ,100+,,review,not_found_in_junior_or_high_word_lists,
auto,add,1176,relieve,relieve,verb,base,1,和らげる,high_school,2,center_exam,センター試験語彙リスト由来。意味は要補充,center_pos=VV; center_pmw=100+; matched_high_word_list,relieve,VV,100+,,high_school,matched_high_word_list,和らげる
auto,add,1177,screen,screen,noun,base,1,,high_school,2,center_exam,センター試験語彙リスト由来。意味は要補充,center_pos=NN; center_pmw=100+; not_found_in_junior_or_high_word_lists,screen,NN,100+,,review,not_found_in_junior_or_high_word_lists,
auto,add,1178,site,site,noun,base,1,場所,junior_high,2,center_exam,センター試験語彙リスト由来。意味は要補充,center_pos=NN; center_pmw=100+; matched_junior_word_list,site,NN,100+,,junior_high,matched_junior_word_list,場所
auto,add,1188,active,active,adjective,base,1,,exam,2,center_exam,センター試験語彙リスト由来。意味は要補充,center_pos=JJ; center_pmw=50+; not_found_in_junior_or_high_word_lists,active,JJ,50+,,review,not_found_in_junior_or_high_word_lists,
auto,add,1189,anywhere,anywhere,adverb,base,1,,exam,2,center_exam,センター試験語彙リスト由来。意味は要補充,center_pos=RB; center_pmw=50+; not_found_in_junior_or_high_word_lists,anywhere,RB,50+,,review,not_found_in_junior_or_high_word_lists,
auto,add,1190,available,available,adjective,base,1,利用できる,high_school,2,center_exam,センター試験語彙リスト由来。意味は要補充,center_pos=JJ; center_pmw=50+; matched_high_word_list,available,JJ,50+,,high_school,matched_high_word_list,利用できる
auto,add,1192,block,block,noun,base,1,妨げる,high_school,2,center_exam,センター試験語彙リスト由来。意味は要補充,center_pos=NN; center_pmw=50+; matched_high_word_list,block,NN,50+,,high_school,matched_high_word_list,妨げる
auto,add,1194,campus,campus,noun,base,1,,exam,2,center_exam,センター試験語彙リスト由来。意味は要補充,center_pos=NN; center_pmw=50+; not_found_in_junior_or_high_word_lists,campus,NN,50+,,review,not_found_in_junior_or_high_word_lists,
auto,add,1195,childhood,childhood,noun,base,1,子供のころ,junior_high,2,center_exam,センター試験語彙リスト由来。意味は要補充,center_pos=NN; center_pmw=50+; matched_junior_word_list,childhood,NN,50+,,junior_high,matched_junior_word_list,子供のころ
auto,add,1196,claim,claim,noun,base,1,,exam,2,center_exam,センター試験語彙リスト由来。意味は要補充,center_pos=NN; center_pmw=50+; not_found_in_junior_or_high_word_lists,claim,NN,50+,,review,not_found_in_junior_or_high_word_lists,
auto,add,1198,confuse,confuse,verb,base,1,混乱させる,high_school,2,center_exam,センター試験語彙リスト由来。意味は要補充,center_pos=VV; center_pmw=50+; matched_high_word_list,confuse,VV,50+,,high_school,matched_high_word_list,混乱させる
auto,add,1202,determine,determine,verb,base,1,決める,high_school,2,center_exam,センター試験語彙リスト由来。意味は要補充,center_pos=VV; center_pmw=50+; matched_high_word_list,determine,VV,50+,,high_school,matched_high_word_list,決める
auto,add,1203,disappoint,disappoint,verb,base,1,がっかりさせる,high_school,2,center_exam,センター試験語彙リスト由来。意味は要補充,center_pos=VV; center_pmw=50+; matched_high_word_list,disappoint,VV,50+,,high_school,matched_high_word_list,がっかりさせる
auto,add,1204,effective,effective,adjective,base,1,効果的な,junior_high,2,center_exam,センター試験語彙リスト由来。意味は要補充,center_pos=JJ; center_pmw=50+; matched_junior_word_list,effective,JJ,50+,,junior_high,matched_junior_word_list,効果的な
auto,add,1205,escape,escape,noun,base,1,逃れる,high_school,2,center_exam,センター試験語彙リスト由来。意味は要補充,center_pos=NN; center_pmw=50+; matched_high_word_list,escape,NN,50+,,high_school,matched_high_word_list,逃れる
auto,add,1206,estimate,estimate,noun,base,1,推定する,high_school,2,center_exam,センター試験語彙リスト由来。意味は要補充,center_pos=NN; center_pmw=50+; matched_high_word_list,estimate,NN,50+,,high_school,matched_high_word_list,推定する
auto,add,1207,eventually,eventually,adverb,base,1,最後には,junior_high,2,center_exam,センター試験語彙リスト由来。意味は要補充,center_pos=RB; center_pmw=50+; matched_junior_word_list,eventually,RB,50+,,junior_high,matched_junior_word_list,最後には
auto,add,1209,flow,flow,noun,base,1,流れる,high_school,2,center_exam,センター試験語彙リスト由来。意味は要補充,center_pos=NN; center_pmw=50+; matched_high_word_list,flow,NN,50+,,high_school,matched_high_word_list,流れる
auto,add,1210,force,force,noun,base,1,力,high_school,2,center_exam,センター試験語彙リスト由来。意味は要補充,center_pos=NN; center_pmw=50+; matched_high_word_list,force,NN,50+,,high_school,matched_high_word_list,力
auto,add,1211,frequently,frequently,adverb,base,1,頻繁に,high_school,2,center_exam,センター試験語彙リスト由来。意味は要補充,center_pos=RB; center_pmw=50+; matched_high_word_list,frequently,RB,50+,,high_school,matched_high_word_list,頻繁に
auto,add,1212,gradually,gradually,adverb,base,1,次第に,high_school,2,center_exam,センター試験語彙リスト由来。意味は要補充,center_pos=RB; center_pmw=50+; matched_high_word_list,gradually,RB,50+,,high_school,matched_high_word_list,次第に
auto,add,1213,grandpa,grandpa,noun,base,1,,exam,2,center_exam,センター試験語彙リスト由来。意味は要補充,center_pos=NN; center_pmw=50+; not_found_in_junior_or_high_word_lists,grandpa,NN,50+,,review,not_found_in_junior_or_high_word_lists,
auto,add,1217,maintain,maintain,verb,base,1,維持する,high_school,2,center_exam,センター試験語彙リスト由来。意味は要補充,center_pos=VV; center_pmw=50+; matched_high_word_list,maintain,VV,50+,,high_school,matched_high_word_list,維持する
auto,add,1219,movement,movement,noun,base,1,運動,junior_high,2,center_exam,センター試験語彙リスト由来。意味は要補充,center_pos=NN; center_pmw=50+; matched_junior_word_list,movement,NN,50+,,junior_high,matched_junior_word_list,運動
auto,add,1221,overall,overall,adjective,base,1,全体的な,high_school,2,center_exam,センター試験語彙リスト由来。意味は要補充,center_pos=JJ; center_pmw=50+; matched_high_word_list,overall,JJ,50+,,high_school,matched_high_word_list,全体的な
auto,add,1224,powerful,powerful,adjective,base,1,,exam,2,center_exam,センター試験語彙リスト由来。意味は要補充,center_pos=JJ; center_pmw=50+; not_found_in_junior_or_high_word_lists,powerful,JJ,50+,,review,not_found_in_junior_or_high_word_lists,
auto,add,1225,promote,promote,verb,base,1,促進する,high_school,2,center_exam,センター試験語彙リスト由来。意味は要補充,center_pos=VV; center_pmw=50+; matched_high_word_list,promote,VV,50+,,high_school,matched_high_word_list,促進する
auto,add,1226,pupil,pupil,noun,base,1,生徒,high_school,2,center_exam,センター試験語彙リスト由来。意味は要補充,center_pos=NN; center_pmw=50+; matched_high_word_list,pupil,NN,50+,,high_school,matched_high_word_list,生徒
auto,add,1228,remove,remove,verb,base,1,を取り除く,junior_high,2,center_exam,センター試験語彙リスト由来。意味は要補充,center_pos=VV; center_pmw=50+; matched_junior_word_list,remove,VV,50+,,junior_high,matched_junior_word_list,を取り除く
auto,add,1229,respond,respond,verb,base,1,反応する,high_school,2,center_exam,センター試験語彙リスト由来。意味は要補充,center_pos=VV; center_pmw=50+; matched_high_word_list,respond,VV,50+,,high_school,matched_high_word_list,反応する
auto,add,1231,scene,scene,noun,base,1,,exam,2,center_exam,センター試験語彙リスト由来。意味は要補充,center_pos=NN; center_pmw=50+; not_found_in_junior_or_high_word_lists,scene,NN,50+,,review,not_found_in_junior_or_high_word_lists,
auto,add,1232,search,search,noun,base,1,,exam,2,center_exam,センター試験語彙リスト由来。意味は要補充,center_pos=NN; center_pmw=50+; not_found_in_junior_or_high_word_lists,search,NN,50+,,review,not_found_in_junior_or_high_word_lists,
auto,add,1233,skin,skin,noun,base,1,,exam,2,center_exam,センター試験語彙リスト由来。意味は要補充,center_pos=NN; center_pmw=50+; not_found_in_junior_or_high_word_lists,skin,NN,50+,,review,not_found_in_junior_or_high_word_lists,
auto,add,1234,solution,solution,noun,base,1,解決策,high_school,2,center_exam,センター試験語彙リスト由来。意味は要補充,center_pos=NN; center_pmw=50+; matched_high_word_list,solution,NN,50+,,high_school,matched_high_word_list,解決策
auto,add,1235,somewhere,somewhere,adverb,base,1,どこかに,junior_high,2,center_exam,センター試験語彙リスト由来。意味は要補充,center_pos=RB; center_pmw=50+; matched_junior_word_list,somewhere,RB,50+,,junior_high,matched_junior_word_list,どこかに
auto,add,1236,spite,spite,noun,base,1,,exam,2,center_exam,センター試験語彙リスト由来。意味は要補充,center_pos=NN; center_pmw=50+; not_found_in_junior_or_high_word_lists,spite,NN,50+,,review,not_found_in_junior_or_high_word_lists,
auto,add,1237,stare,stare,noun,base,1,じっと見つめる,high_school,2,center_exam,センター試験語彙リスト由来。意味は要補充,center_pos=NN; center_pmw=50+; matched_high_word_list,stare,NN,50+,,high_school,matched_high_word_list,じっと見つめる
auto,add,1244,vary,vary,verb,base,1,多様化する,high_school,2,center_exam,センター試験語彙リスト由来。意味は要補充,center_pos=VVP; center_pmw=50+; matched_high_word_list,vary,VVP,50+,,high_school,matched_high_word_list,多様化する
auto,add,1245,violin,violin,noun,base,1,,exam,2,center_exam,センター試験語彙リスト由来。意味は要補充,center_pos=NN; center_pmw=50+; not_found_in_junior_or_high_word_lists,violin,NN,50+,,review,not_found_in_junior_or_high_word_lists,
auto,add,1247,attempt,attempt,noun,base,1,試み,high_school,2,center_exam,センター試験語彙リスト由来。意味は要補充,center_pos=NN; center_pmw=50+; matched_high_word_list,attempt,NN,50+,,high_school,matched_high_word_list,試み
auto,add,1251,comment,comment,noun,base,1,,exam,2,center_exam,センター試験語彙リスト由来。意味は要補充,center_pos=NN; center_pmw=50+; not_found_in_junior_or_high_word_lists,comment,NN,50+,,review,not_found_in_junior_or_high_word_lists,
auto,add,1252,confidence,confidence,noun,base,1,自信,high_school,2,center_exam,センター試験語彙リスト由来。意味は要補充,center_pos=NN; center_pmw=50+; matched_high_word_list,confidence,NN,50+,,high_school,matched_high_word_list,自信
auto,add,1253,contribute,contribute,verb,base,1,寄付する,high_school,2,center_exam,センター試験語彙リスト由来。意味は要補充,center_pos=VV; center_pmw=50+; matched_high_word_list,contribute,VV,50+,,high_school,matched_high_word_list,寄付する
auto,add,1254,demand,demand,noun,base,1,要求,high_school,2,center_exam,センター試験語彙リスト由来。意味は要補充,center_pos=NN; center_pmw=50+; matched_high_word_list,demand,NN,50+,,high_school,matched_high_word_list,要求
auto,add,1256,differ,differ,verb,base,1,,exam,2,center_exam,センター試験語彙リスト由来。意味は要補充,center_pos=VV; center_pmw=50+; not_found_in_junior_or_high_word_lists,differ,VV,50+,,review,not_found_in_junior_or_high_word_lists,
auto,add,1257,discount,discount,noun,base,1,,exam,2,center_exam,センター試験語彙リスト由来。意味は要補充,center_pos=NN; center_pmw=50+; not_found_in_junior_or_high_word_lists,discount,NN,50+,,review,not_found_in_junior_or_high_word_lists,
auto,add,1259,economy,economy,noun,base,1,経済,high_school,2,center_exam,センター試験語彙リスト由来。意味は要補充,center_pos=NN; center_pmw=50+; matched_high_word_list,economy,NN,50+,,high_school,matched_high_word_list,経済
auto,add,1260,entertainment,entertainment,noun,base,1,娯楽,high_school,2,center_exam,センター試験語彙リスト由来。意味は要補充,center_pos=NN; center_pmw=50+; matched_high_word_list,entertainment,NN,50+,,high_school,matched_high_word_list,娯楽
auto,add,1261,extremely,extremely,adverb,base,1,極端に,high_school,2,center_exam,センター試験語彙リスト由来。意味は要補充,center_pos=RB; center_pmw=50+; matched_high_word_list,extremely,RB,50+,,high_school,matched_high_word_list,極端に
auto,add,1262,freedom,freedom,noun,base,1,自由,junior_high,2,center_exam,センター試験語彙リスト由来。意味は要補充,center_pos=NN; center_pmw=50+; matched_junior_word_list,freedom,NN,50+,,junior_high,matched_junior_word_list,自由
auto,add,1263,growth,growth,noun,base,1,増加,junior_high,2,center_exam,センター試験語彙リスト由来。意味は要補充,center_pos=NN; center_pmw=50+; matched_junior_word_list,growth,NN,50+,,junior_high,matched_junior_word_list,増加
auto,add,1266,imagination,imagination,noun,base,1,想像,high_school,2,center_exam,センター試験語彙リスト由来。意味は要補充,center_pos=NN; center_pmw=50+; matched_high_word_list,imagination,NN,50+,,high_school,matched_high_word_list,想像
auto,add,1267,importance,importance,noun,base,1,,exam,2,center_exam,センター試験語彙リスト由来。意味は要補充,center_pos=NN; center_pmw=50+; not_found_in_junior_or_high_word_lists,importance,NN,50+,,review,not_found_in_junior_or_high_word_lists,
review,add,1269,korean,korean,adjective,base,1,,exam,2,center_exam,センター試験語彙リスト由来。意味は要補充,center_pos=JJ; center_pmw=50+; not_found_in_junior_or_high_word_lists,Korean,JJ,50+,proper_noun,review,not_found_in_junior_or_high_word_lists,
auto,add,1271,master,master,noun,base,1,主人,high_school,2,center_exam,センター試験語彙リスト由来。意味は要補充,center_pos=NN; center_pmw=50+; matched_high_word_list,master,NN,50+,,high_school,matched_high_word_list,主人
auto,add,1274,naturally,naturally,adverb,base,1,,exam,2,center_exam,センター試験語彙リスト由来。意味は要補充,center_pos=RB; center_pmw=50+; not_found_in_junior_or_high_word_lists,naturally,RB,50+,,review,not_found_in_junior_or_high_word_lists,
auto,add,1276,pleasure,pleasure,noun,base,1,喜び,junior_high,2,center_exam,センター試験語彙リスト由来。意味は要補充,center_pos=NN; center_pmw=50+; matched_junior_word_list,pleasure,NN,50+,,junior_high,matched_junior_word_list,喜び
auto,add,1277,pollution,pollution,noun,base,1,,exam,2,center_exam,センター試験語彙リスト由来。意味は要補充,center_pos=NN; center_pmw=50+; not_found_in_junior_or_high_word_lists,pollution,NN,50+,,review,not_found_in_junior_or_high_word_lists,
auto,add,1278,portrait,portrait,noun,base,1,肖像画,high_school,2,center_exam,センター試験語彙リスト由来。意味は要補充,center_pos=NN; center_pmw=50+; matched_high_word_list,portrait,NN,50+,,high_school,matched_high_word_list,肖像画
auto,add,1279,procrastination,procrastination,noun,base,1,,exam,2,center_exam,センター試験語彙リスト由来。意味は要補充,center_pos=NN; center_pmw=50+; not_found_in_junior_or_high_word_lists,procrastination,NN,50+,,review,not_found_in_junior_or_high_word_lists,
auto,add,1280,proportion,proportion,noun,base,1,比率,high_school,2,center_exam,センター試験語彙リスト由来。意味は要補充,center_pos=NN; center_pmw=50+; matched_high_word_list,proportion,NN,50+,,high_school,matched_high_word_list,比率
auto,add,1281,proud,proud,adjective,base,1,自慢に思って,high_school,2,center_exam,センター試験語彙リスト由来。意味は要補充,center_pos=JJ; center_pmw=50+; matched_high_word_list,proud,JJ,50+,,high_school,matched_high_word_list,自慢に思って
auto,add,1282,replace,replace,verb,base,1,取って代わる,high_school,2,center_exam,センター試験語彙リスト由来。意味は要補充,center_pos=VV; center_pmw=50+; matched_high_word_list,replace,VV,50+,,high_school,matched_high_word_list,取って代わる
auto,add,1283,rule,rule,noun,base,1,規則,junior_high,2,center_exam,センター試験語彙リスト由来。意味は要補充,center_pos=NN; center_pmw=50+; matched_junior_word_list,rule,NN,50+,,junior_high,matched_junior_word_list,規則
auto,add,1284,scientific,scientific,adjective,base,1,科学の,high_school,2,center_exam,センター試験語彙リスト由来。意味は要補充,center_pos=JJ; center_pmw=50+; matched_high_word_list,scientific,JJ,50+,,high_school,matched_high_word_list,科学の
auto,add,1285,shy,shy,adjective,base,1,恥ずかしがりの,junior_high,2,center_exam,センター試験語彙リスト由来。意味は要補充,center_pos=JJ; center_pmw=50+; matched_junior_word_list,shy,JJ,50+,,junior_high,matched_junior_word_list,恥ずかしがりの
auto,add,1288,stream,stream,noun,base,1,流れ,high_school,2,center_exam,センター試験語彙リスト由来。意味は要補充,center_pos=NN; center_pmw=50+; matched_high_word_list,stream,NN,50+,,high_school,matched_high_word_list,流れ
auto,add,1289,tofu,tofu,noun,base,1,,exam,2,center_exam,センター試験語彙リスト由来。意味は要補充,center_pos=NN; center_pmw=50+; not_found_in_junior_or_high_word_lists,tofu,NN,50+,,review,not_found_in_junior_or_high_word_lists,
auto,add,1290,trend,trend,noun,base,1,,exam,2,center_exam,センター試験語彙リスト由来。意味は要補充,center_pos=NN; center_pmw=50+; not_found_in_junior_or_high_word_lists,trend,NN,50+,,review,not_found_in_junior_or_high_word_lists,
auto,add,1291,trick,trick,noun,base,1,,exam,2,center_exam,センター試験語彙リスト由来。意味は要補充,center_pos=NN; center_pmw=50+; not_found_in_junior_or_high_word_lists,trick,NN,50+,,review,not_found_in_junior_or_high_word_lists,
auto,add,1293,unable,unable,adjective,base,1,できない,high_school,2,center_exam,センター試験語彙リスト由来。意味は要補充,center_pos=JJ; center_pmw=50+; matched_high_word_list,unable,JJ,50+,,high_school,matched_high_word_list,できない
auto,add,1295,unusual,unusual,adjective,base,1,めずらしい,high_school,2,center_exam,センター試験語彙リスト由来。意味は要補充,center_pos=JJ; center_pmw=50+; matched_high_word_list,unusual,JJ,50+,,high_school,matched_high_word_list,めずらしい
auto,add,1298,admire,admire,verb,base,1,賞賛する,high_school,2,center_exam,センター試験語彙リスト由来。意味は要補充,center_pos=VV; center_pmw=50+; matched_high_word_list,admire,VV,50+,,high_school,matched_high_word_list,賞賛する
auto,add,1301,bilingual,bilingual,adjective,base,1,,exam,2,center_exam,センター試験語彙リスト由来。意味は要補充,center_pos=JJ; center_pmw=50+; not_found_in_junior_or_high_word_lists,bilingual,JJ,50+,,review,not_found_in_junior_or_high_word_lists,
auto,add,1302,breath,breath,noun,base,1,息,high_school,2,center_exam,センター試験語彙リスト由来。意味は要補充,center_pos=NN; center_pmw=50+; matched_high_word_list,breath,NN,50+,,high_school,matched_high_word_list,息
auto,add,1306,clone,clone,noun,base,1,,exam,2,center_exam,センター試験語彙リスト由来。意味は要補充,center_pos=NN; center_pmw=50+; not_found_in_junior_or_high_word_lists,clone,NN,50+,,review,not_found_in_junior_or_high_word_lists,
review,add,1307,co2,co2,noun,base,1,,exam,2,center_exam,センター試験語彙リスト由来。意味は要補充,center_pos=NP; center_pmw=50+; not_found_in_junior_or_high_word_lists,CO2,NP,50+,pos_review;acronym;proper_noun,review,not_found_in_junior_or_high_word_lists,
auto,add,1308,connect,connect,verb,base,1,を結びつける,junior_high,2,center_exam,センター試験語彙リスト由来。意味は要補充,center_pos=VV; center_pmw=50+; matched_junior_word_list,connect,VV,50+,,junior_high,matched_junior_word_list,を結びつける
auto,add,1309,contact,contact,noun,base,1,接触,junior_high,2,center_exam,センター試験語彙リスト由来。意味は要補充,center_pos=NN; center_pmw=50+; matched_junior_word_list,contact,NN,50+,,junior_high,matched_junior_word_list,接触
auto,add,1310,delay,delay,noun,base,1,遅らせる,high_school,2,center_exam,センター試験語彙リスト由来。意味は要補充,center_pos=NN; center_pmw=50+; matched_high_word_list,delay,NN,50+,,high_school,matched_high_word_list,遅らせる
auto,add,1312,ease,ease,verb,base,1,容易さ,high_school,2,center_exam,センター試験語彙リスト由来。意味は要補充,center_pos=VV; center_pmw=50+; matched_high_word_list,ease,VV,50+,,high_school,matched_high_word_list,容易さ
auto,add,1314,extra,extra,adjective,base,1,余分の,high_school,2,center_exam,センター試験語彙リスト由来。意味は要補充,center_pos=JJ; center_pmw=50+; matched_high_word_list,extra,JJ,50+,,high_school,matched_high_word_list,余分の
auto,add,1315,facility,facility,noun,base,1,施設、設備,junior_high,2,center_exam,センター試験語彙リスト由来。意味は要補充,center_pos=NN; center_pmw=50+; matched_junior_word_list,facility,NN,50+,,junior_high,matched_junior_word_list,施設、設備
auto,add,1316,frame,frame,noun,base,1,,exam,2,center_exam,センター試験語彙リスト由来。意味は要補充,center_pos=NN; center_pmw=50+; not_found_in_junior_or_high_word_lists,frame,NN,50+,,review,not_found_in_junior_or_high_word_lists,
auto,add,1317,furniture,furniture,noun,base,1,家具,high_school,2,center_exam,センター試験語彙リスト由来。意味は要補充,center_pos=NN; center_pmw=50+; matched_high_word_list,furniture,NN,50+,,high_school,matched_high_word_list,家具
auto,add,1318,hide,hide,verb,base,1,隠す,high_school,2,center_exam,センター試験語彙リスト由来。意味は要補充,center_pos=VV; center_pmw=50+; matched_high_word_list,hide,VV,50+,,high_school,matched_high_word_list,隠す
auto,add,1319,highly,highly,adverb,base,1,,exam,2,center_exam,センター試験語彙リスト由来。意味は要補充,center_pos=RB; center_pmw=50+; not_found_in_junior_or_high_word_lists,highly,RB,50+,,review,not_found_in_junior_or_high_word_lists,
auto,add,1320,huge,huge,adjective,base,1,巨大な,high_school,2,center_exam,センター試験語彙リスト由来。意味は要補充,center_pos=JJ; center_pmw=50+; matched_high_word_list,huge,JJ,50+,,high_school,matched_high_word_list,巨大な
auto,add,1321,impression,impression,noun,base,1,印象,high_school,2,center_exam,センター試験語彙リスト由来。意味は要補充,center_pos=NN; center_pmw=50+; matched_high_word_list,impression,NN,50+,,high_school,matched_high_word_list,印象
auto,add,1322,improvement,improvement,noun,base,1,改善,high_school,2,center_exam,センター試験語彙リスト由来。意味は要補充,center_pos=NN; center_pmw=50+; matched_high_word_list,improvement,NN,50+,,high_school,matched_high_word_list,改善
auto,add,1327,mainly,mainly,adverb,base,1,主に,high_school,2,center_exam,センター試験語彙リスト由来。意味は要補充,center_pos=RB; center_pmw=50+; matched_high_word_list,mainly,RB,50+,,high_school,matched_high_word_list,主に
auto,add,1329,measure,measure,noun,base,1,をはかる,junior_high,2,center_exam,センター試験語彙リスト由来。意味は要補充,center_pos=NN; center_pmw=50+; matched_junior_word_list,measure,NN,50+,,junior_high,matched_junior_word_list,をはかる
auto,add,1331,native,native,adjective,base,1,,exam,2,center_exam,センター試験語彙リスト由来。意味は要補充,center_pos=JJ; center_pmw=50+; not_found_in_junior_or_high_word_lists,native,JJ,50+,,review,not_found_in_junior_or_high_word_lists,
review,add,1332,oda,oda,noun,base,1,,exam,2,center_exam,センター試験語彙リスト由来。意味は要補充,center_pos=NP; center_pmw=50+; not_found_in_junior_or_high_word_lists,ODA,NP,50+,pos_review;acronym;proper_noun,review,not_found_in_junior_or_high_word_lists,
auto,add,1333,owner,owner,noun,base,1,,exam,2,center_exam,センター試験語彙リスト由来。意味は要補充,center_pos=NN; center_pmw=50+; not_found_in_junior_or_high_word_lists,owner,NN,50+,,review,not_found_in_junior_or_high_word_lists,
review,add,1334,paris,paris,noun,base,1,,exam,2,center_exam,センター試験語彙リスト由来。意味は要補充,center_pos=NP; center_pmw=50+; not_found_in_junior_or_high_word_lists,Paris,NP,50+,pos_review;proper_noun,review,not_found_in_junior_or_high_word_lists,
auto,add,1335,path,path,noun,base,1,小道,high_school,2,center_exam,センター試験語彙リスト由来。意味は要補充,center_pos=NN; center_pmw=50+; matched_high_word_list,path,NN,50+,,high_school,matched_high_word_list,小道
auto,add,1336,preference,preference,noun,base,1,好み,high_school,2,center_exam,センター試験語彙リスト由来。意味は要補充,center_pos=NN; center_pmw=50+; matched_high_word_list,preference,NN,50+,,high_school,matched_high_word_list,好み
auto,add,1337,principle,principle,noun,base,1,原理,high_school,2,center_exam,センター試験語彙リスト由来。意味は要補充,center_pos=NN; center_pmw=50+; matched_high_word_list,principle,NN,50+,,high_school,matched_high_word_list,原理
auto,add,1338,rank,rank,noun,base,1,,exam,2,center_exam,センター試験語彙リスト由来。意味は要補充,center_pos=NN; center_pmw=50+; not_found_in_junior_or_high_word_lists,rank,NN,50+,,review,not_found_in_junior_or_high_word_lists,
auto,add,1339,rapidly,rapidly,adverb,base,1,速く，急速に,junior_high,2,center_exam,センター試験語彙リスト由来。意味は要補充,center_pos=RB; center_pmw=50+; matched_junior_word_list,rapidly,RB,50+,,junior_high,matched_junior_word_list,速く，急速に
auto,add,1340,recommend,recommend,verb,base,1,薦める,high_school,2,center_exam,センター試験語彙リスト由来。意味は要補充,center_pos=VV; center_pmw=50+; matched_high_word_list,recommend,VV,50+,,high_school,matched_high_word_list,薦める
auto,add,1341,reflect,reflect,verb,base,1,,exam,2,center_exam,センター試験語彙リスト由来。意味は要補充,center_pos=VV; center_pmw=50+; not_found_in_junior_or_high_word_lists,reflect,VV,50+,,review,not_found_in_junior_or_high_word_lists,
auto,add,1342,remind,remind,verb,base,1,を気づかせる,junior_high,2,center_exam,センター試験語彙リスト由来。意味は要補充,center_pos=VV; center_pmw=50+; matched_junior_word_list,remind,VV,50+,,junior_high,matched_junior_word_list,を気づかせる
auto,add,1343,response,response,noun,base,1,,exam,2,center_exam,センター試験語彙リスト由来。意味は要補充,center_pos=NN; center_pmw=50+; not_found_in_junior_or_high_word_lists,response,NN,50+,,review,not_found_in_junior_or_high_word_lists,
auto,add,1344,risk,risk,noun,base,1,,exam,2,center_exam,センター試験語彙リスト由来。意味は要補充,center_pos=NN; center_pmw=50+; not_found_in_junior_or_high_word_lists,risk,NN,50+,,review,not_found_in_junior_or_high_word_lists,
auto,add,1345,seed,seed,noun,base,1,種子,high_school,2,center_exam,センター試験語彙リスト由来。意味は要補充,center_pos=NN; center_pmw=50+; matched_high_word_list,seed,NN,50+,,high_school,matched_high_word_list,種子
auto,add,1346,sharp,sharp,adjective,base,1,鋭い,high_school,2,center_exam,センター試験語彙リスト由来。意味は要補充,center_pos=JJ; center_pmw=50+; matched_high_word_list,sharp,JJ,50+,,high_school,matched_high_word_list,鋭い
auto,add,1348,snowflake,snowflake,noun,base,1,,exam,2,center_exam,センター試験語彙リスト由来。意味は要補充,center_pos=NN; center_pmw=50+; not_found_in_junior_or_high_word_lists,snowflake,NN,50+,,review,not_found_in_junior_or_high_word_lists,
auto,add,1350,suffer,suffer,verb,base,1,苦しむ,high_school,2,center_exam,センター試験語彙リスト由来。意味は要補充,center_pos=VV; center_pmw=50+; matched_high_word_list,suffer,VV,50+,,high_school,matched_high_word_list,苦しむ
auto,add,1351,target,target,noun,base,1,,exam,2,center_exam,センター試験語彙リスト由来。意味は要補充,center_pos=NN; center_pmw=50+; not_found_in_junior_or_high_word_lists,target,NN,50+,,review,not_found_in_junior_or_high_word_lists,
auto,add,1352,terrible,terrible,adjective,base,1,ひどい,junior_high,2,center_exam,センター試験語彙リスト由来。意味は要補充,center_pos=JJ; center_pmw=50+; matched_junior_word_list,terrible,JJ,50+,,junior_high,matched_junior_word_list,ひどい
auto,add,1353,tide,tide,noun,base,1,潮,high_school,2,center_exam,センター試験語彙リスト由来。意味は要補充,center_pos=NN; center_pmw=50+; matched_high_word_list,tide,NN,50+,,high_school,matched_high_word_list,潮
auto,add,1357,widely,widely,adverb,base,1,広範囲に,high_school,2,center_exam,センター試験語彙リスト由来。意味は要補充,center_pos=RB; center_pmw=50+; matched_high_word_list,widely,RB,50+,,high_school,matched_high_word_list,広範囲に
auto,add,1359,yacht,yacht,noun,base,1,,exam,2,center_exam,センター試験語彙リスト由来。意味は要補充,center_pos=NN; center_pmw=50+; not_found_in_junior_or_high_word_lists,yacht,NN,50+,,review,not_found_in_junior_or_high_word_lists,
auto,add,1361,account,account,noun,base,1,口座,high_school,2,center_exam,センター試験語彙リスト由来。意味は要補充,center_pos=NN; center_pmw=50+; matched_high_word_list,account,NN,50+,,high_school,matched_high_word_list,口座
auto,add,1362,actual,actual,adjective,base,1,現実の,high_school,2,center_exam,センター試験語彙リスト由来。意味は要補充,center_pos=JJ; center_pmw=50+; matched_high_word_list,actual,JJ,50+,,high_school,matched_high_word_list,現実の
auto,add,1363,assistant,assistant,adjective,base,1,,exam,2,center_exam,センター試験語彙リスト由来。意味は要補充,center_pos=JJ; center_pmw=50+; not_found_in_junior_or_high_word_lists,assistant,JJ,50+,,review,not_found_in_junior_or_high_word_lists,
auto,add,1364,auction,auction,noun,base,1,,exam,2,center_exam,センター試験語彙リスト由来。意味は要補充,center_pos=NN; center_pmw=50+; not_found_in_junior_or_high_word_lists,auction,NN,50+,,review,not_found_in_junior_or_high_word_lists,
auto,add,1365,brand,brand,noun,base,1,,exam,2,center_exam,センター試験語彙リスト由来。意味は要補充,center_pos=NN; center_pmw=50+; not_found_in_junior_or_high_word_lists,brand,NN,50+,,review,not_found_in_junior_or_high_word_lists,
auto,add,1367,commonly,commonly,adverb,base,1,,exam,2,center_exam,センター試験語彙リスト由来。意味は要補充,center_pos=RB; center_pmw=50+; not_found_in_junior_or_high_word_lists,commonly,RB,50+,,review,not_found_in_junior_or_high_word_lists,
auto,add,1368,crane,crane,noun,base,1,,exam,2,center_exam,センター試験語彙リスト由来。意味は要補充,center_pos=NN; center_pmw=50+; not_found_in_junior_or_high_word_lists,crane,NN,50+,,review,not_found_in_junior_or_high_word_lists,
auto,add,1369,cultural,cultural,adjective,base,1,文化の,junior_high,2,center_exam,センター試験語彙リスト由来。意味は要補充,center_pos=JJ; center_pmw=50+; matched_junior_word_list,cultural,JJ,50+,,junior_high,matched_junior_word_list,文化の
auto,add,1374,dye,dye,noun,base,1,,exam,2,center_exam,センター試験語彙リスト由来。意味は要補充,center_pos=NN; center_pmw=50+; not_found_in_junior_or_high_word_lists,dye,NN,50+,,review,not_found_in_junior_or_high_word_lists,
auto,add,1375,efficient,efficient,adjective,base,1,効率,high_school,2,center_exam,センター試験語彙リスト由来。意味は要補充,center_pos=JJ; center_pmw=50+; matched_high_word_list,efficient,JJ,50+,,high_school,matched_high_word_list,効率
auto,add,1377,feature,feature,noun,base,1,特色,junior_high,2,center_exam,センター試験語彙リスト由来。意味は要補充,center_pos=NN; center_pmw=50+; matched_junior_word_list,feature,NN,50+,,junior_high,matched_junior_word_list,特色
auto,add,1378,female,female,adjective,base,1,雌の，女性の,high_school,2,center_exam,センター試験語彙リスト由来。意味は要補充,center_pos=JJ; center_pmw=50+; matched_high_word_list,female,JJ,50+,,high_school,matched_high_word_list,雌の，女性の
auto,add,1382,fuel,fuel,noun,base,1,燃料,high_school,2,center_exam,センター試験語彙リスト由来。意味は要補充,center_pos=NN; center_pmw=50+; matched_high_word_list,fuel,NN,50+,,high_school,matched_high_word_list,燃料
auto,add,1383,gather,gather,verb,base,1,を集める,junior_high,2,center_exam,センター試験語彙リスト由来。意味は要補充,center_pos=VV; center_pmw=50+; matched_junior_word_list,gather,VV,50+,,junior_high,matched_junior_word_list,を集める
auto,add,1384,generally,generally,adverb,base,1,,exam,2,center_exam,センター試験語彙リスト由来。意味は要補充,center_pos=RB; center_pmw=50+; not_found_in_junior_or_high_word_lists,generally,RB,50+,,review,not_found_in_junior_or_high_word_lists,
auto,add,1387,household,household,noun,base,1,家族,high_school,2,center_exam,センター試験語彙リスト由来。意味は要補充,center_pos=NN; center_pmw=50+; matched_high_word_list,household,NN,50+,,high_school,matched_high_word_list,家族
auto,add,1388,increasingly,increasingly,adverb,base,1,ますます,high_school,2,center_exam,センター試験語彙リスト由来。意味は要補充,center_pos=RB; center_pmw=50+; matched_high_word_list,increasingly,RB,50+,,high_school,matched_high_word_list,ますます
auto,add,1389,industrial,industrial,adjective,base,1,産業の,high_school,2,center_exam,センター試験語彙リスト由来。意味は要補充,center_pos=JJ; center_pmw=50+; matched_high_word_list,industrial,JJ,50+,,high_school,matched_high_word_list,産業の
auto,add,1390,insect,insect,noun,base,1,昆虫,high_school,2,center_exam,センター試験語彙リスト由来。意味は要補充,center_pos=NN; center_pmw=50+; matched_high_word_list,insect,NN,50+,,high_school,matched_high_word_list,昆虫
auto,add,1391,location,location,noun,base,1,,exam,2,center_exam,センター試験語彙リスト由来。意味は要補充,center_pos=NN; center_pmw=50+; not_found_in_junior_or_high_word_lists,location,NN,50+,,review,not_found_in_junior_or_high_word_lists,
auto,add,1392,lock,lock,noun,base,1,,exam,2,center_exam,センター試験語彙リスト由来。意味は要補充,center_pos=NN; center_pmw=50+; not_found_in_junior_or_high_word_lists,lock,NN,50+,,review,not_found_in_junior_or_high_word_lists,
auto,add,1395,manager,manager,noun,base,1,部長,high_school,2,center_exam,センター試験語彙リスト由来。意味は要補充,center_pos=NN; center_pmw=50+; matched_high_word_list,manager,NN,50+,,high_school,matched_high_word_list,部長
auto,add,1397,moderator,moderator,noun,base,1,,exam,2,center_exam,センター試験語彙リスト由来。意味は要補充,center_pos=NN; center_pmw=50+; not_found_in_junior_or_high_word_lists,moderator,NN,50+,,review,not_found_in_junior_or_high_word_lists,
auto,add,1400,nut,nut,noun,base,1,,exam,2,center_exam,センター試験語彙リスト由来。意味は要補充,center_pos=NN; center_pmw=50+; not_found_in_junior_or_high_word_lists,nut,NN,50+,,review,not_found_in_junior_or_high_word_lists,
auto,add,1401,observe,observe,verb,base,1,観察する,high_school,2,center_exam,センター試験語彙リスト由来。意味は要補充,center_pos=VVP; center_pmw=50+; matched_high_word_list,observe,VVP,50+,,high_school,matched_high_word_list,観察する
auto,add,1402,okay,okay,adjective,base,1,,exam,2,center_exam,センター試験語彙リスト由来。意味は要補充,center_pos=JJ; center_pmw=50+; not_found_in_junior_or_high_word_lists,okay,JJ,50+,,review,not_found_in_junior_or_high_word_lists,
auto,add,1403,opening,opening,noun,base,1,,exam,2,center_exam,センター試験語彙リスト由来。意味は要補充,center_pos=NN; center_pmw=50+; not_found_in_junior_or_high_word_lists,opening,NN,50+,,review,not_found_in_junior_or_high_word_lists,
auto,add,1404,particularly,particularly,adverb,base,1,特に,high_school,2,center_exam,センター試験語彙リスト由来。意味は要補充,center_pos=RB; center_pmw=50+; matched_high_word_list,particularly,RB,50+,,high_school,matched_high_word_list,特に
auto,add,1405,peal,peal,noun,base,1,,exam,2,center_exam,センター試験語彙リスト由来。意味は要補充,center_pos=NN; center_pmw=50+; not_found_in_junior_or_high_word_lists,peal,NN,50+,,review,not_found_in_junior_or_high_word_lists,
auto,add,1407,plenty,plenty,noun,base,1,たくさん,high_school,2,center_exam,センター試験語彙リスト由来。意味は要補充,center_pos=NN; center_pmw=50+; matched_high_word_list,plenty,NN,50+,,high_school,matched_high_word_list,たくさん
auto,add,1409,positive,positive,adjective,base,1,前向きな,junior_high,2,center_exam,センター試験語彙リスト由来。意味は要補充,center_pos=JJ; center_pmw=50+; matched_junior_word_list,positive,JJ,50+,,junior_high,matched_junior_word_list,前向きな
auto,add,1411,production,production,noun,base,1,生産,high_school,2,center_exam,センター試験語彙リスト由来。意味は要補充,center_pos=NN; center_pmw=50+; matched_high_word_list,production,NN,50+,,high_school,matched_high_word_list,生産
auto,add,1412,prove,prove,verb,base,1,,exam,2,center_exam,センター試験語彙リスト由来。意味は要補充,center_pos=VV; center_pmw=50+; not_found_in_junior_or_high_word_lists,prove,VV,50+,,review,not_found_in_junior_or_high_word_lists,
auto,add,1413,refer,refer,verb,base,1,言及する,high_school,2,center_exam,センター試験語彙リスト由来。意味は要補充,center_pos=VVP; center_pmw=50+; matched_high_word_list,refer,VVP,50+,,high_school,matched_high_word_list,言及する
auto,add,1414,refuse,refuse,verb,base,1,,exam,2,center_exam,センター試験語彙リスト由来。意味は要補充,center_pos=VVP; center_pmw=50+; not_found_in_junior_or_high_word_lists,refuse,VVP,50+,,review,not_found_in_junior_or_high_word_lists,
auto,add,1415,relationship,relationship,noun,base,1,関係,junior_high,2,center_exam,センター試験語彙リスト由来。意味は要補充,center_pos=NN; center_pmw=50+; matched_junior_word_list,relationship,NN,50+,,junior_high,matched_junior_word_list,関係
auto,add,1416,rely,rely,verb,base,1,頼る,high_school,2,center_exam,センター試験語彙リスト由来。意味は要補充,center_pos=VV; center_pmw=50+; matched_high_word_list,rely,VV,50+,,high_school,matched_high_word_list,頼る
auto,add,1417,safety,safety,noun,base,1,,exam,2,center_exam,センター試験語彙リスト由来。意味は要補充,center_pos=NN; center_pmw=50+; not_found_in_junior_or_high_word_lists,safety,NN,50+,,review,not_found_in_junior_or_high_word_lists,
auto,add,1418,satellite,satellite,noun,base,1,衛星,high_school,2,center_exam,センター試験語彙リスト由来。意味は要補充,center_pos=NN; center_pmw=50+; matched_high_word_list,satellite,NN,50+,,high_school,matched_high_word_list,衛星
auto,add,1419,seriously,seriously,adverb,base,1,,exam,2,center_exam,センター試験語彙リスト由来。意味は要補充,center_pos=RB; center_pmw=50+; not_found_in_junior_or_high_word_lists,seriously,RB,50+,,review,not_found_in_junior_or_high_word_lists,
auto,add,1424,spread,spread,noun,base,1,を広げる,junior_high,2,center_exam,センター試験語彙リスト由来。意味は要補充,center_pos=NN; center_pmw=50+; matched_junior_word_list,spread,NN,50+,,junior_high,matched_junior_word_list,を広げる
auto,add,1425,strength,strength,noun,base,1,,exam,2,center_exam,センター試験語彙リスト由来。意味は要補充,center_pos=NN; center_pmw=50+; not_found_in_junior_or_high_word_lists,strength,NN,50+,,review,not_found_in_junior_or_high_word_lists,
review,add,1427,taipei,taipei,noun,base,1,,exam,2,center_exam,センター試験語彙リスト由来。意味は要補充,center_pos=NP; center_pmw=50+; not_found_in_junior_or_high_word_lists,Taipei,NP,50+,pos_review;proper_noun,review,not_found_in_junior_or_high_word_lists,
auto,add,1428,talent,talent,noun,base,1,才能,high_school,2,center_exam,センター試験語彙リスト由来。意味は要補充,center_pos=NN; center_pmw=50+; matched_high_word_list,talent,NN,50+,,high_school,matched_high_word_list,才能
auto,add,1430,treatment,treatment,noun,base,1,扱い,high_school,2,center_exam,センター試験語彙リスト由来。意味は要補充,center_pos=NN; center_pmw=50+; matched_high_word_list,treatment,NN,50+,,high_school,matched_high_word_list,扱い
auto,add,1431,wedding,wedding,noun,base,1,,exam,2,center_exam,センター試験語彙リスト由来。意味は要補充,center_pos=NN; center_pmw=50+; not_found_in_junior_or_high_word_lists,wedding,NN,50+,,review,not_found_in_junior_or_high_word_lists,
auto,add,1434,achieve,achieve,verb,base,1,達成する,high_school,2,center_exam,センター試験語彙リスト由来。意味は要補充,center_pos=VV; center_pmw=50+; matched_high_word_list,achieve,VV,50+,,high_school,matched_high_word_list,達成する
auto,add,1435,acorn,acorn,noun,base,1,,exam,2,center_exam,センター試験語彙リスト由来。意味は要補充,center_pos=NN; center_pmw=50+; not_found_in_junior_or_high_word_lists,acorn,NN,50+,,review,not_found_in_junior_or_high_word_lists,
auto,add,1436,advertise,advertise,verb,base,1,宣伝,high_school,2,center_exam,センター試験語彙リスト由来。意味は要補充,center_pos=VV; center_pmw=50+; matched_high_word_list,advertise,VV,50+,,high_school,matched_high_word_list,宣伝
review,add,1437,africa,africa,noun,base,1,,exam,2,center_exam,センター試験語彙リスト由来。意味は要補充,center_pos=NP; center_pmw=50+; not_found_in_junior_or_high_word_lists,Africa,NP,50+,pos_review;proper_noun,review,not_found_in_junior_or_high_word_lists,
auto,add,1438,argument,argument,noun,base,1,議論,high_school,2,center_exam,センター試験語彙リスト由来。意味は要補充,center_pos=NN; center_pmw=50+; matched_high_word_list,argument,NN,50+,,high_school,matched_high_word_list,議論
auto,add,1439,arrange,arrange,verb,base,1,,exam,2,center_exam,センター試験語彙リスト由来。意味は要補充,center_pos=VV; center_pmw=50+; not_found_in_junior_or_high_word_lists,arrange,VV,50+,,review,not_found_in_junior_or_high_word_lists,
auto,add,1440,arrangement,arrangement,noun,base,1,,exam,2,center_exam,センター試験語彙リスト由来。意味は要補充,center_pos=NN; center_pmw=50+; not_found_in_junior_or_high_word_lists,arrangement,NN,50+,,review,not_found_in_junior_or_high_word_lists,
auto,add,1441,attractive,attractive,adjective,base,1,魅力的な,high_school,2,center_exam,センター試験語彙リスト由来。意味は要補充,center_pos=JJ; center_pmw=50+; matched_high_word_list,attractive,JJ,50+,,high_school,matched_high_word_list,魅力的な
auto,add,1442,batik,batik,noun,base,1,,exam,2,center_exam,センター試験語彙リスト由来。意味は要補充,center_pos=NN; center_pmw=50+; not_found_in_junior_or_high_word_lists,batik,NN,50+,,review,not_found_in_junior_or_high_word_lists,
auto,add,1444,bid,bid,noun,base,1,,exam,2,center_exam,センター試験語彙リスト由来。意味は要補充,center_pos=NN; center_pmw=50+; not_found_in_junior_or_high_word_lists,bid,NN,50+,,review,not_found_in_junior_or_high_word_lists,
auto,add,1445,britain,britain,noun,base,1,,exam,2,center_exam,センター試験語彙リスト由来。意味は要補充,center_pos=NN; center_pmw=50+; not_found_in_junior_or_high_word_lists,britain,NN,50+,,review,not_found_in_junior_or_high_word_lists,
review,add,1446,camper,camper,adjective,comparative,1,,exam,2,center_exam,センター試験語彙リスト由来。意味は要補充,center_pos=JJR; center_pmw=50+; not_found_in_junior_or_high_word_lists,camper,JJR,50+,pos_review,review,not_found_in_junior_or_high_word_lists,
auto,add,1447,cash,cash,noun,base,1,現金,high_school,2,center_exam,センター試験語彙リスト由来。意味は要補充,center_pos=NN; center_pmw=50+; matched_high_word_list,cash,NN,50+,,high_school,matched_high_word_list,現金
auto,add,1448,code,code,noun,base,1,,exam,2,center_exam,センター試験語彙リスト由来。意味は要補充,center_pos=NN; center_pmw=50+; not_found_in_junior_or_high_word_lists,code,NN,50+,,review,not_found_in_junior_or_high_word_lists,
auto,add,1449,combine,combine,verb,base,1,結合させる,high_school,2,center_exam,センター試験語彙リスト由来。意味は要補充,center_pos=VV; center_pmw=50+; matched_high_word_list,combine,VV,50+,,high_school,matched_high_word_list,結合させる
auto,add,1450,complicate,complicate,verb,base,1,,exam,2,center_exam,センター試験語彙リスト由来。意味は要補充,center_pos=VV; center_pmw=50+; not_found_in_junior_or_high_word_lists,complicate,VV,50+,,review,not_found_in_junior_or_high_word_lists,
auto,add,1452,definition,definition,noun,base,1,定義,high_school,2,center_exam,センター試験語彙リスト由来。意味は要補充,center_pos=NN; center_pmw=50+; matched_high_word_list,definition,NN,50+,,high_school,matched_high_word_list,定義
auto,add,1453,differently,differently,adverb,base,1,,exam,2,center_exam,センター試験語彙リスト由来。意味は要補充,center_pos=RB; center_pmw=50+; not_found_in_junior_or_high_word_lists,differently,RB,50+,,review,not_found_in_junior_or_high_word_lists,
auto,add,1454,disagree,disagree,verb,base,1,意見が合わない,junior_high,2,center_exam,センター試験語彙リスト由来。意味は要補充,center_pos=VVP; center_pmw=50+; matched_junior_word_list,disagree,VVP,50+,,junior_high,matched_junior_word_list,意見が合わない
auto,add,1455,divide,divide,noun,base,1,分割する,high_school,2,center_exam,センター試験語彙リスト由来。意味は要補充,center_pos=NN; center_pmw=50+; matched_high_word_list,divide,NN,50+,,high_school,matched_high_word_list,分割する
auto,add,1456,double,double,adverb,base,1,,exam,2,center_exam,センター試験語彙リスト由来。意味は要補充,center_pos=RB; center_pmw=50+; not_found_in_junior_or_high_word_lists,double,RB,50+,,review,not_found_in_junior_or_high_word_lists,
auto,add,1457,entire,entire,adjective,base,1,全体の,high_school,2,center_exam,センター試験語彙リスト由来。意味は要補充,center_pos=JJ; center_pmw=50+; matched_high_word_list,entire,JJ,50+,,high_school,matched_high_word_list,全体の
auto,add,1458,feather,feather,noun,base,1,羽,junior_high,2,center_exam,センター試験語彙リスト由来。意味は要補充,center_pos=NN; center_pmw=50+; matched_junior_word_list,feather,NN,50+,,junior_high,matched_junior_word_list,羽
auto,add,1459,frequency,frequency,noun,base,1,,exam,2,center_exam,センター試験語彙リスト由来。意味は要補充,center_pos=NN; center_pmw=50+; not_found_in_junior_or_high_word_lists,frequency,NN,50+,,review,not_found_in_junior_or_high_word_lists,
review,add,1461,gnp,gnp,noun,base,1,,exam,2,center_exam,センター試験語彙リスト由来。意味は要補充,center_pos=NP; center_pmw=50+; not_found_in_junior_or_high_word_lists,GNP,NP,50+,pos_review;acronym;proper_noun,review,not_found_in_junior_or_high_word_lists,
auto,add,1462,gorilla,gorilla,noun,base,1,,exam,2,center_exam,センター試験語彙リスト由来。意味は要補充,center_pos=NN; center_pmw=50+; not_found_in_junior_or_high_word_lists,gorilla,NN,50+,,review,not_found_in_junior_or_high_word_lists,
auto,add,1463,grant,grant,noun,base,1,給付金,high_school,2,center_exam,センター試験語彙リスト由来。意味は要補充,center_pos=NN; center_pmw=50+; matched_high_word_list,grant,NN,50+,,high_school,matched_high_word_list,給付金
auto,add,1471,identify,identify,verb,base,1,見分ける,high_school,2,center_exam,センター試験語彙リスト由来。意味は要補充,center_pos=VV; center_pmw=50+; matched_high_word_list,identify,VV,50+,,high_school,matched_high_word_list,見分ける
auto,add,1472,interview,interview,noun,base,1,,exam,2,center_exam,センター試験語彙リスト由来。意味は要補充,center_pos=NN; center_pmw=50+; not_found_in_junior_or_high_word_lists,interview,NN,50+,,review,not_found_in_junior_or_high_word_lists,
auto,add,1473,length,length,noun,base,1,長さ,high_school,2,center_exam,センター試験語彙リスト由来。意味は要補充,center_pos=NN; center_pmw=50+; matched_high_word_list,length,NN,50+,,high_school,matched_high_word_list,長さ
review,add,1474,lohas,lohas,noun,base,1,,exam,2,center_exam,センター試験語彙リスト由来。意味は要補充,center_pos=NP; center_pmw=50+; not_found_in_junior_or_high_word_lists,LOHAS,NP,50+,pos_review;acronym;proper_noun,review,not_found_in_junior_or_high_word_lists,
auto,add,1475,magnet,magnet,noun,base,1,,exam,2,center_exam,センター試験語彙リスト由来。意味は要補充,center_pos=NN; center_pmw=50+; not_found_in_junior_or_high_word_lists,magnet,NN,50+,,review,not_found_in_junior_or_high_word_lists,
auto,add,1476,male,male,adjective,base,1,男性,high_school,2,center_exam,センター試験語彙リスト由来。意味は要補充,center_pos=JJ; center_pmw=50+; matched_high_word_list,male,JJ,50+,,high_school,matched_high_word_list,男性
auto,add,1478,mike,mike,noun,base,1,,exam,2,center_exam,センター試験語彙リスト由来。意味は要補充,center_pos=NN; center_pmw=50+; not_found_in_junior_or_high_word_lists,mike,NN,50+,,review,not_found_in_junior_or_high_word_lists,
auto,add,1479,monolingual,monolingual,adjective,base,1,,exam,2,center_exam,センター試験語彙リスト由来。意味は要補充,center_pos=JJ; center_pmw=50+; not_found_in_junior_or_high_word_lists,monolingual,JJ,50+,,review,not_found_in_junior_or_high_word_lists,
auto,add,1480,moreover,moreover,adverb,base,1,さらに,junior_high,2,center_exam,センター試験語彙リスト由来。意味は要補充,center_pos=RB; center_pmw=50+; matched_junior_word_list,moreover,RB,50+,,junior_high,matched_junior_word_list,さらに
auto,add,1483,opera,opera,noun,base,1,,exam,2,center_exam,センター試験語彙リスト由来。意味は要補充,center_pos=NN; center_pmw=50+; not_found_in_junior_or_high_word_lists,opera,NN,50+,,review,not_found_in_junior_or_high_word_lists,
auto,add,1485,plaid,plaid,noun,base,1,,exam,2,center_exam,センター試験語彙リスト由来。意味は要補充,center_pos=NN; center_pmw=50+; not_found_in_junior_or_high_word_lists,plaid,NN,50+,,review,not_found_in_junior_or_high_word_lists,
auto,add,1486,prevent,prevent,verb,base,1,妨げる,high_school,2,center_exam,センター試験語彙リスト由来。意味は要補充,center_pos=VV; center_pmw=50+; matched_high_word_list,prevent,VV,50+,,high_school,matched_high_word_list,妨げる
auto,add,1487,puzzle,puzzle,noun,base,1,,exam,2,center_exam,センター試験語彙リスト由来。意味は要補充,center_pos=NN; center_pmw=50+; not_found_in_junior_or_high_word_lists,puzzle,NN,50+,,review,not_found_in_junior_or_high_word_lists,
auto,add,1488,quantity,quantity,noun,base,1,,exam,2,center_exam,センター試験語彙リスト由来。意味は要補充,center_pos=NN; center_pmw=50+; not_found_in_junior_or_high_word_lists,quantity,NN,50+,,review,not_found_in_junior_or_high_word_lists,
auto,add,1489,rent,rent,noun,base,1,家賃,high_school,2,center_exam,センター試験語彙リスト由来。意味は要補充,center_pos=NN; center_pmw=50+; matched_high_word_list,rent,NN,50+,,high_school,matched_high_word_list,家賃
auto,add,1490,retire,retire,verb,base,1,退職する,high_school,2,center_exam,センター試験語彙リスト由来。意味は要補充,center_pos=VV; center_pmw=50+; matched_high_word_list,retire,VV,50+,,high_school,matched_high_word_list,退職する
auto,add,1495,speed,speed,noun,base,1,,exam,2,center_exam,センター試験語彙リスト由来。意味は要補充,center_pos=NN; center_pmw=50+; not_found_in_junior_or_high_word_lists,speed,NN,50+,,review,not_found_in_junior_or_high_word_lists,
auto,add,1497,switch,switch,noun,base,1,,exam,2,center_exam,センター試験語彙リスト由来。意味は要補充,center_pos=NN; center_pmw=50+; not_found_in_junior_or_high_word_lists,switch,NN,50+,,review,not_found_in_junior_or_high_word_lists,
auto,add,1498,temperature,temperature,noun,base,1,温度,high_school,2,center_exam,センター試験語彙リスト由来。意味は要補充,center_pos=NN; center_pmw=50+; matched_high_word_list,temperature,NN,50+,,high_school,matched_high_word_list,温度
auto,add,1499,traveler,traveler,noun,base,1,旅行者,junior_high,2,center_exam,センター試験語彙リスト由来。意味は要補充,center_pos=NN; center_pmw=50+; matched_junior_word_list,traveler,NN,50+,,junior_high,matched_junior_word_list,旅行者
auto,add,1500,treat,treat,verb,base,1,扱う,high_school,2,center_exam,センター試験語彙リスト由来。意味は要補充,center_pos=VV; center_pmw=50+; matched_high_word_list,treat,VV,50+,,high_school,matched_high_word_list,扱う
auto,add,1501,turmeric,turmeric,noun,base,1,,exam,2,center_exam,センター試験語彙リスト由来。意味は要補充,center_pos=NN; center_pmw=50+; not_found_in_junior_or_high_word_lists,turmeric,NN,50+,,review,not_found_in_junior_or_high_word_lists,
auto,add,1504,whatever,whatever,adjective,base,1,なんでも,high_school,2,center_exam,センター試験語彙リスト由来。意味は要補充,center_pos=JJ; center_pmw=50+; matched_high_word_list,whatever,JJ,50+,,high_school,matched_high_word_list,なんでも
review,add,1505,whenever,whenever,pronoun,base,1,する時はいつでも,high_school,2,center_exam,センター試験語彙リスト由来。意味は要補充,center_pos=WRB; center_pmw=50+; matched_high_word_list,whenever,WRB,50+,pos_review,high_school,matched_high_word_list,する時はいつでも
auto,add,1506,willing,willing,adjective,base,1,いとわない,high_school,2,center_exam,センター試験語彙リスト由来。意味は要補充,center_pos=JJ; center_pmw=50+; matched_high_word_list,willing,JJ,50+,,high_school,matched_high_word_list,いとわない
auto,add,1509,announce,announce,verb,base,1,を発表する,junior_high,2,center_exam,センター試験語彙リスト由来。意味は要補充,center_pos=VV; center_pmw=50+; matched_junior_word_list,announce,VV,50+,,junior_high,matched_junior_word_list,を発表する
auto,add,1510,appointment,appointment,noun,base,1,約束,high_school,2,center_exam,センター試験語彙リスト由来。意味は要補充,center_pos=NN; center_pmw=50+; matched_high_word_list,appointment,NN,50+,,high_school,matched_high_word_list,約束
auto,add,1512,aware,aware,adjective,base,1,気づいている,high_school,2,center_exam,センター試験語彙リスト由来。意味は要補充,center_pos=JJ; center_pmw=50+; matched_high_word_list,aware,JJ,50+,,high_school,matched_high_word_list,気づいている
auto,add,1513,background,background,noun,base,1,背景,high_school,2,center_exam,センター試験語彙リスト由来。意味は要補充,center_pos=NN; center_pmw=50+; matched_high_word_list,background,NN,50+,,high_school,matched_high_word_list,背景
auto,add,1514,bamboo,bamboo,noun,base,1,,exam,2,center_exam,センター試験語彙リスト由来。意味は要補充,center_pos=NN; center_pmw=50+; not_found_in_junior_or_high_word_lists,bamboo,NN,50+,,review,not_found_in_junior_or_high_word_lists,
auto,add,1517,belief,belief,noun,base,1,信念,high_school,2,center_exam,センター試験語彙リスト由来。意味は要補充,center_pos=NN; center_pmw=50+; matched_high_word_list,belief,NN,50+,,high_school,matched_high_word_list,信念
review,add,1518,bore,bore,verb,past,1,,exam,2,center_exam,センター試験語彙リスト由来。意味は要補充,center_pos=VVD; center_pmw=50+; not_found_in_junior_or_high_word_lists,bore,VVD,50+,pos_review,review,not_found_in_junior_or_high_word_lists,
auto,add,1519,boring,boring,adjective,base,1,,exam,2,center_exam,センター試験語彙リスト由来。意味は要補充,center_pos=JJ; center_pmw=50+; not_found_in_junior_or_high_word_lists,boring,JJ,50+,,review,not_found_in_junior_or_high_word_lists,
auto,add,1522,closely,closely,adverb,base,1,綿密に,high_school,2,center_exam,センター試験語彙リスト由来。意味は要補充,center_pos=RB; center_pmw=50+; matched_high_word_list,closely,RB,50+,,high_school,matched_high_word_list,綿密に
auto,add,1523,coast,coast,noun,base,1,海岸,high_school,2,center_exam,センター試験語彙リスト由来。意味は要補充,center_pos=NN; center_pmw=50+; matched_high_word_list,coast,NN,50+,,high_school,matched_high_word_list,海岸
auto,add,1524,collection,collection,noun,base,1,,exam,2,center_exam,センター試験語彙リスト由来。意味は要補充,center_pos=NN; center_pmw=50+; not_found_in_junior_or_high_word_lists,collection,NN,50+,,review,not_found_in_junior_or_high_word_lists,
auto,add,1525,competition,competition,noun,base,1,競争,high_school,2,center_exam,センター試験語彙リスト由来。意味は要補充,center_pos=NN; center_pmw=50+; matched_high_word_list,competition,NN,50+,,high_school,matched_high_word_list,競争
auto,add,1526,concentrate,concentrate,verb,base,1,集中する,high_school,2,center_exam,センター試験語彙リスト由来。意味は要補充,center_pos=VV; center_pmw=50+; matched_high_word_list,concentrate,VV,50+,,high_school,matched_high_word_list,集中する
auto,add,1527,conclude,conclude,verb,base,1,締めくくる,high_school,2,center_exam,センター試験語彙リスト由来。意味は要補充,center_pos=VV; center_pmw=50+; matched_high_word_list,conclude,VV,50+,,high_school,matched_high_word_list,締めくくる
auto,add,1530,current,current,adjective,base,1,現在の,high_school,2,center_exam,センター試験語彙リスト由来。意味は要補充,center_pos=JJ; center_pmw=50+; matched_high_word_list,current,JJ,50+,,high_school,matched_high_word_list,現在の
auto,add,1531,cycle,cycle,noun,base,1,,exam,2,center_exam,センター試験語彙リスト由来。意味は要補充,center_pos=NN; center_pmw=50+; not_found_in_junior_or_high_word_lists,cycle,NN,50+,,review,not_found_in_junior_or_high_word_lists,
auto,add,1532,demonstrate,demonstrate,verb,base,1,実証する,high_school,2,center_exam,センター試験語彙リスト由来。意味は要補充,center_pos=VV; center_pmw=50+; matched_high_word_list,demonstrate,VV,50+,,high_school,matched_high_word_list,実証する
review,add,1533,denmark,denmark,noun,base,1,,exam,2,center_exam,センター試験語彙リスト由来。意味は要補充,center_pos=NP; center_pmw=50+; not_found_in_junior_or_high_word_lists,Denmark,NP,50+,pos_review;proper_noun,review,not_found_in_junior_or_high_word_lists,
auto,add,1535,doubt,doubt,noun,base,1,疑い,high_school,2,center_exam,センター試験語彙リスト由来。意味は要補充,center_pos=NN; center_pmw=50+; matched_high_word_list,doubt,NN,50+,,high_school,matched_high_word_list,疑い
auto,add,1536,eastern,eastern,adjective,base,1,,exam,2,center_exam,センター試験語彙リスト由来。意味は要補充,center_pos=JJ; center_pmw=50+; not_found_in_junior_or_high_word_lists,eastern,JJ,50+,,review,not_found_in_junior_or_high_word_lists,
auto,add,1537,elementary,elementary,adjective,base,1,初級の,high_school,2,center_exam,センター試験語彙リスト由来。意味は要補充,center_pos=JJ; center_pmw=50+; matched_high_word_list,elementary,JJ,50+,,high_school,matched_high_word_list,初級の
auto,add,1538,embarrass,embarrass,verb,base,1,,exam,2,center_exam,センター試験語彙リスト由来。意味は要補充,center_pos=VV; center_pmw=50+; not_found_in_junior_or_high_word_lists,embarrass,VV,50+,,review,not_found_in_junior_or_high_word_lists,
auto,add,1539,entertain,entertain,verb,base,1,楽しませる,high_school,2,center_exam,センター試験語彙リスト由来。意味は要補充,center_pos=VV; center_pmw=50+; matched_high_word_list,entertain,VV,50+,,high_school,matched_high_word_list,楽しませる
auto,add,1540,failure,failure,noun,base,1,失敗,high_school,2,center_exam,センター試験語彙リスト由来。意味は要補充,center_pos=NN; center_pmw=50+; matched_high_word_list,failure,NN,50+,,high_school,matched_high_word_list,失敗
auto,add,1541,fair,fair,adjective,base,1,公平な,high_school,2,center_exam,センター試験語彙リスト由来。意味は要補充,center_pos=JJ; center_pmw=50+; matched_high_word_list,fair,JJ,50+,,high_school,matched_high_word_list,公平な
auto,add,1542,fascinate,fascinate,verb,base,1,魅了する,high_school,2,center_exam,センター試験語彙リスト由来。意味は要補充,center_pos=VV; center_pmw=50+; matched_high_word_list,fascinate,VV,50+,,high_school,matched_high_word_list,魅了する
auto,add,1544,flea,flea,noun,base,1,,exam,2,center_exam,センター試験語彙リスト由来。意味は要補充,center_pos=NN; center_pmw=50+; not_found_in_junior_or_high_word_lists,flea,NN,50+,,review,not_found_in_junior_or_high_word_lists,
auto,add,1545,greatly,greatly,adverb,base,1,,exam,2,center_exam,センター試験語彙リスト由来。意味は要補充,center_pos=RB; center_pmw=50+; not_found_in_junior_or_high_word_lists,greatly,RB,50+,,review,not_found_in_junior_or_high_word_lists,
auto,add,1546,impact,impact,noun,base,1,影響,high_school,2,center_exam,センター試験語彙リスト由来。意味は要補充,center_pos=NN; center_pmw=50+; matched_high_word_list,impact,NN,50+,,high_school,matched_high_word_list,影響
auto,add,1547,injure,injure,verb,base,1,を傷つける,junior_high,2,center_exam,センター試験語彙リスト由来。意味は要補充,center_pos=VV; center_pmw=50+; matched_junior_word_list,injure,VV,50+,,junior_high,matched_junior_word_list,を傷つける
auto,add,1548,insist,insist,verb,base,1,,exam,2,center_exam,センター試験語彙リスト由来。意味は要補充,center_pos=VVP; center_pmw=50+; not_found_in_junior_or_high_word_lists,insist,VVP,50+,,review,not_found_in_junior_or_high_word_lists,
auto,add,1549,instruction,instruction,noun,base,1,指示,junior_high,2,center_exam,センター試験語彙リスト由来。意味は要補充,center_pos=NN; center_pmw=50+; matched_junior_word_list,instruction,NN,50+,,junior_high,matched_junior_word_list,指示
auto,add,1551,kid,kid,noun,base,1,,exam,2,center_exam,センター試験語彙リスト由来。意味は要補充,center_pos=NN; center_pmw=50+; not_found_in_junior_or_high_word_lists,kid,NN,50+,,review,not_found_in_junior_or_high_word_lists,
auto,add,1553,lift,lift,noun,base,1,,exam,2,center_exam,センター試験語彙リスト由来。意味は要補充,center_pos=NN; center_pmw=50+; not_found_in_junior_or_high_word_lists,lift,NN,50+,,review,not_found_in_junior_or_high_word_lists,
auto,add,1555,mental,mental,adjective,base,1,,exam,2,center_exam,センター試験語彙リスト由来。意味は要補充,center_pos=JJ; center_pmw=50+; not_found_in_junior_or_high_word_lists,mental,JJ,50+,,review,not_found_in_junior_or_high_word_lists,
auto,add,1556,mushroom,mushroom,noun,base,1,,exam,2,center_exam,センター試験語彙リスト由来。意味は要補充,center_pos=NN; center_pmw=50+; not_found_in_junior_or_high_word_lists,mushroom,NN,50+,,review,not_found_in_junior_or_high_word_lists,
auto,add,1558,obtain,obtain,verb,base,1,手に入れる,high_school,2,center_exam,センター試験語彙リスト由来。意味は要補充,center_pos=VV; center_pmw=50+; matched_high_word_list,obtain,VV,50+,,high_school,matched_high_word_list,手に入れる
auto,add,1559,organization,organization,noun,base,1,組織,high_school,2,center_exam,センター試験語彙リスト由来。意味は要補充,center_pos=NN; center_pmw=50+; matched_high_word_list,organization,NN,50+,,high_school,matched_high_word_list,組織
auto,add,1560,persuade,persuade,verb,base,1,説得する,high_school,2,center_exam,センター試験語彙リスト由来。意味は要補充,center_pos=VV; center_pmw=50+; matched_high_word_list,persuade,VV,50+,,high_school,matched_high_word_list,説得する
auto,add,1561,policy,policy,noun,base,1,政策,high_school,2,center_exam,センター試験語彙リスト由来。意味は要補充,center_pos=NN; center_pmw=50+; matched_high_word_list,policy,NN,50+,,high_school,matched_high_word_list,政策
auto,add,1562,pressure,pressure,noun,base,1,,exam,2,center_exam,センター試験語彙リスト由来。意味は要補充,center_pos=NN; center_pmw=50+; not_found_in_junior_or_high_word_lists,pressure,NN,50+,,review,not_found_in_junior_or_high_word_lists,
auto,add,1563,private,private,adjective,base,1,,exam,2,center_exam,センター試験語彙リスト由来。意味は要補充,center_pos=JJ; center_pmw=50+; not_found_in_junior_or_high_word_lists,private,JJ,50+,,review,not_found_in_junior_or_high_word_lists,
auto,add,1564,properly,properly,adverb,base,1,適切に,high_school,2,center_exam,センター試験語彙リスト由来。意味は要補充,center_pos=RB; center_pmw=50+; matched_high_word_list,properly,RB,50+,,high_school,matched_high_word_list,適切に
auto,add,1565,range,range,noun,base,1,範囲,high_school,2,center_exam,センター試験語彙リスト由来。意味は要補充,center_pos=NN; center_pmw=50+; matched_high_word_list,range,NN,50+,,high_school,matched_high_word_list,範囲
auto,add,1566,react,react,verb,base,1,反応する,high_school,2,center_exam,センター試験語彙リスト由来。意味は要補充,center_pos=VV; center_pmw=50+; matched_high_word_list,react,VV,50+,,high_school,matched_high_word_list,反応する
auto,add,1567,recycling,recycling,noun,base,1,,exam,2,center_exam,センター試験語彙リスト由来。意味は要補充,center_pos=NN; center_pmw=50+; not_found_in_junior_or_high_word_lists,recycling,NN,50+,,review,not_found_in_junior_or_high_word_lists,
auto,add,1568,revolution,revolution,noun,base,1,革命,high_school,2,center_exam,センター試験語彙リスト由来。意味は要補充,center_pos=NN; center_pmw=50+; matched_high_word_list,revolution,NN,50+,,high_school,matched_high_word_list,革命
auto,add,1571,satisfaction,satisfaction,noun,base,1,満足,high_school,2,center_exam,センター試験語彙リスト由来。意味は要補充,center_pos=NN; center_pmw=50+; matched_high_word_list,satisfaction,NN,50+,,high_school,matched_high_word_list,満足
auto,add,1572,scale,scale,noun,base,1,,exam,2,center_exam,センター試験語彙リスト由来。意味は要補充,center_pos=NN; center_pmw=50+; not_found_in_junior_or_high_word_lists,scale,NN,50+,,review,not_found_in_junior_or_high_word_lists,
auto,add,1574,section,section,noun,base,1,,exam,2,center_exam,センター試験語彙リスト由来。意味は要補充,center_pos=NN; center_pmw=50+; not_found_in_junior_or_high_word_lists,section,NN,50+,,review,not_found_in_junior_or_high_word_lists,
auto,add,1576,slight,slight,adjective,base,1,かすかな,high_school,2,center_exam,センター試験語彙リスト由来。意味は要補充,center_pos=JJ; center_pmw=50+; matched_high_word_list,slight,JJ,50+,,high_school,matched_high_word_list,かすかな
auto,add,1577,smith,smith,noun,base,1,,exam,2,center_exam,センター試験語彙リスト由来。意味は要補充,center_pos=NN; center_pmw=50+; not_found_in_junior_or_high_word_lists,smith,NN,50+,,review,not_found_in_junior_or_high_word_lists,
auto,add,1579,steady,steady,adjective,base,1,着実な,high_school,2,center_exam,センター試験語彙リスト由来。意味は要補充,center_pos=JJ; center_pmw=50+; matched_high_word_list,steady,JJ,50+,,high_school,matched_high_word_list,着実な
auto,add,1581,sunshine,sunshine,noun,base,1,日光,junior_high,2,center_exam,センター試験語彙リスト由来。意味は要補充,center_pos=NN; center_pmw=50+; matched_junior_word_list,sunshine,NN,50+,,junior_high,matched_junior_word_list,日光
auto,add,1582,tail,tail,noun,base,1,尾,high_school,2,center_exam,センター試験語彙リスト由来。意味は要補充,center_pos=NN; center_pmw=50+; matched_high_word_list,tail,NN,50+,,high_school,matched_high_word_list,尾
auto,add,1584,thick,thick,adjective,base,1,厚い,junior_high,2,center_exam,センター試験語彙リスト由来。意味は要補充,center_pos=JJ; center_pmw=50+; matched_junior_word_list,thick,JJ,50+,,junior_high,matched_junior_word_list,厚い
auto,add,1586,truly,truly,adverb,base,1,真に,high_school,2,center_exam,センター試験語彙リスト由来。意味は要補充,center_pos=RB; center_pmw=50+; matched_high_word_list,truly,RB,50+,,high_school,matched_high_word_list,真に
auto,add,1587,uneasy,uneasy,adjective,base,1,,exam,2,center_exam,センター試験語彙リスト由来。意味は要補充,center_pos=JJ; center_pmw=50+; not_found_in_junior_or_high_word_lists,uneasy,JJ,50+,,review,not_found_in_junior_or_high_word_lists,
auto,add,1588,unemployment,unemployment,noun,base,1,失業,high_school,2,center_exam,センター試験語彙リスト由来。意味は要補充,center_pos=NN; center_pmw=50+; matched_high_word_list,unemployment,NN,50+,,high_school,matched_high_word_list,失業
auto,add,1589,unique,unique,adjective,base,1,独特な,junior_high,2,center_exam,センター試験語彙リスト由来。意味は要補充,center_pos=JJ; center_pmw=50+; matched_junior_word_list,unique,JJ,50+,,junior_high,matched_junior_word_list,独特な
auto,add,1590,vase,vase,noun,base,1,,exam,2,center_exam,センター試験語彙リスト由来。意味は要補充,center_pos=NN; center_pmw=50+; not_found_in_junior_or_high_word_lists,vase,NN,50+,,review,not_found_in_junior_or_high_word_lists,
auto,add,1591,weigh,weigh,verb,base,1,重さがある,junior_high,2,center_exam,センター試験語彙リスト由来。意味は要補充,center_pos=VV; center_pmw=50+; matched_junior_word_list,weigh,VV,50+,,junior_high,matched_junior_word_list,重さがある
auto,add,1595,albatross,albatross,noun,base,1,,exam,2,center_exam,センター試験語彙リスト由来。意味は要補充,center_pos=NN; center_pmw=50+; not_found_in_junior_or_high_word_lists,albatross,NN,50+,,review,not_found_in_junior_or_high_word_lists,
auto,add,1596,allergy,allergy,noun,base,1,,exam,2,center_exam,センター試験語彙リスト由来。意味は要補充,center_pos=NN; center_pmw=50+; not_found_in_junior_or_high_word_lists,allergy,NN,50+,,review,not_found_in_junior_or_high_word_lists,
auto,add,1597,anniversary,anniversary,noun,base,1,～周年,high_school,2,center_exam,センター試験語彙リスト由来。意味は要補充,center_pos=NN; center_pmw=50+; matched_high_word_list,anniversary,NN,50+,,high_school,matched_high_word_list,～周年
auto,add,1598,anxious,anxious,adjective,base,1,心配して,high_school,2,center_exam,センター試験語彙リスト由来。意味は要補充,center_pos=JJ; center_pmw=50+; matched_high_word_list,anxious,JJ,50+,,high_school,matched_high_word_list,心配して
auto,add,1599,appearance,appearance,noun,base,1,出現,high_school,2,center_exam,センター試験語彙リスト由来。意味は要補充,center_pos=NN; center_pmw=50+; matched_high_word_list,appearance,NN,50+,,high_school,matched_high_word_list,出現
auto,add,1600,architecture,architecture,noun,base,1,,exam,2,center_exam,センター試験語彙リスト由来。意味は要補充,center_pos=NN; center_pmw=50+; not_found_in_junior_or_high_word_lists,architecture,NN,50+,,review,not_found_in_junior_or_high_word_lists,
review,add,1601,asian,asian,adjective,base,1,,exam,2,center_exam,センター試験語彙リスト由来。意味は要補充,center_pos=JJ; center_pmw=50+; not_found_in_junior_or_high_word_lists,Asian,JJ,50+,proper_noun,review,not_found_in_junior_or_high_word_lists,
auto,add,1602,asleep,asleep,adverb,base,1,眠っている,high_school,2,center_exam,センター試験語彙リスト由来。意味は要補充,center_pos=RB; center_pmw=50+; matched_high_word_list,asleep,RB,50+,,high_school,matched_high_word_list,眠っている
auto,add,1603,assume,assume,verb,base,1,,exam,2,center_exam,センター試験語彙リスト由来。意味は要補充,center_pos=VV; center_pmw=50+; not_found_in_junior_or_high_word_lists,assume,VV,50+,,review,not_found_in_junior_or_high_word_lists,
auto,add,1604,attack,attack,noun,base,1,,exam,2,center_exam,センター試験語彙リスト由来。意味は要補充,center_pos=NN; center_pmw=50+; not_found_in_junior_or_high_word_lists,attack,NN,50+,,review,not_found_in_junior_or_high_word_lists,
auto,add,1605,attic,attic,noun,base,1,,exam,2,center_exam,センター試験語彙リスト由来。意味は要補充,center_pos=NN; center_pmw=50+; not_found_in_junior_or_high_word_lists,attic,NN,50+,,review,not_found_in_junior_or_high_word_lists,
auto,add,1606,audio,audio,adjective,base,1,,exam,2,center_exam,センター試験語彙リスト由来。意味は要補充,center_pos=JJ; center_pmw=50+; not_found_in_junior_or_high_word_lists,audio,JJ,50+,,review,not_found_in_junior_or_high_word_lists,
auto,add,1607,basically,basically,adverb,base,1,,exam,2,center_exam,センター試験語彙リスト由来。意味は要補充,center_pos=RB; center_pmw=50+; not_found_in_junior_or_high_word_lists,basically,RB,50+,,review,not_found_in_junior_or_high_word_lists,
auto,add,1608,basis,basis,noun,base,1,土台,high_school,2,center_exam,センター試験語彙リスト由来。意味は要補充,center_pos=NN; center_pmw=50+; matched_high_word_list,basis,NN,50+,,high_school,matched_high_word_list,土台
auto,add,1609,beam,beam,noun,base,1,,exam,2,center_exam,センター試験語彙リスト由来。意味は要補充,center_pos=NN; center_pmw=50+; not_found_in_junior_or_high_word_lists,beam,NN,50+,,review,not_found_in_junior_or_high_word_lists,
review,add,1610,beat,beat,verb,past,1,,exam,2,center_exam,センター試験語彙リスト由来。意味は要補充,center_pos=VVD; center_pmw=50+; not_found_in_junior_or_high_word_lists,beat,VVD,50+,pos_review,review,not_found_in_junior_or_high_word_lists,
auto,add,1612,british,british,adjective,base,1,,exam,2,center_exam,センター試験語彙リスト由来。意味は要補充,center_pos=JJ; center_pmw=50+; not_found_in_junior_or_high_word_lists,british,JJ,50+,,review,not_found_in_junior_or_high_word_lists,
review,add,1615,cd,cd,noun,base,1,,exam,2,center_exam,センター試験語彙リスト由来。意味は要補充,center_pos=NN; center_pmw=50+; not_found_in_junior_or_high_word_lists,CD,NN,50+,acronym,review,not_found_in_junior_or_high_word_lists,
auto,add,1616,cocoa,cocoa,noun,base,1,,exam,2,center_exam,センター試験語彙リスト由来。意味は要補充,center_pos=NN; center_pmw=50+; not_found_in_junior_or_high_word_lists,cocoa,NN,50+,,review,not_found_in_junior_or_high_word_lists,
auto,add,1617,cole,cole,noun,base,1,,exam,2,center_exam,センター試験語彙リスト由来。意味は要補充,center_pos=NN; center_pmw=50+; not_found_in_junior_or_high_word_lists,cole,NN,50+,,review,not_found_in_junior_or_high_word_lists,
auto,add,1618,conclusion,conclusion,noun,base,1,結論,high_school,2,center_exam,センター試験語彙リスト由来。意味は要補充,center_pos=NN; center_pmw=50+; matched_high_word_list,conclusion,NN,50+,,high_school,matched_high_word_list,結論
auto,add,1619,constant,constant,adjective,base,1,絶え間ない,high_school,2,center_exam,センター試験語彙リスト由来。意味は要補充,center_pos=JJ; center_pmw=50+; matched_high_word_list,constant,JJ,50+,,high_school,matched_high_word_list,絶え間ない
auto,add,1620,conversation,conversation,noun,base,1,会話,high_school,2,center_exam,センター試験語彙リスト由来。意味は要補充,center_pos=NN; center_pmw=50+; matched_high_word_list,conversation,NN,50+,,high_school,matched_high_word_list,会話
auto,add,1621,decline,decline,noun,base,1,断る,high_school,2,center_exam,センター試験語彙リスト由来。意味は要補充,center_pos=NN; center_pmw=50+; matched_high_word_list,decline,NN,50+,,high_school,matched_high_word_list,断る
auto,add,1623,delight,delight,noun,base,1,喜び,high_school,2,center_exam,センター試験語彙リスト由来。意味は要補充,center_pos=NN; center_pmw=50+; matched_high_word_list,delight,NN,50+,,high_school,matched_high_word_list,喜び
auto,add,1624,desire,desire,noun,base,1,願望,high_school,2,center_exam,センター試験語彙リスト由来。意味は要補充,center_pos=NN; center_pmw=50+; matched_high_word_list,desire,NN,50+,,high_school,matched_high_word_list,願望
auto,add,1625,detail,detail,noun,base,1,詳細,high_school,2,center_exam,センター試験語彙リスト由来。意味は要補充,center_pos=NN; center_pmw=50+; matched_high_word_list,detail,NN,50+,,high_school,matched_high_word_list,詳細
auto,add,1626,disagreement,disagreement,noun,base,1,,exam,2,center_exam,センター試験語彙リスト由来。意味は要補充,center_pos=NN; center_pmw=50+; not_found_in_junior_or_high_word_lists,disagreement,NN,50+,,review,not_found_in_junior_or_high_word_lists,
auto,add,1628,empty,empty,adjective,base,1,何も入っていない,high_school,2,center_exam,センター試験語彙リスト由来。意味は要補充,center_pos=JJ; center_pmw=50+; matched_high_word_list,empty,JJ,50+,,high_school,matched_high_word_list,何も入っていない
auto,add,1629,enable,enable,verb,base,1,可能にさせる,high_school,2,center_exam,センター試験語彙リスト由来。意味は要補充,center_pos=VV; center_pmw=50+; matched_high_word_list,enable,VV,50+,,high_school,matched_high_word_list,可能にさせる
auto,add,1630,expectation,expectation,noun,base,1,期待,high_school,2,center_exam,センター試験語彙リスト由来。意味は要補充,center_pos=NN; center_pmw=50+; matched_high_word_list,expectation,NN,50+,,high_school,matched_high_word_list,期待
auto,add,1631,fashionable,fashionable,adjective,base,1,,exam,2,center_exam,センター試験語彙リスト由来。意味は要補充,center_pos=JJ; center_pmw=50+; not_found_in_junior_or_high_word_lists,fashionable,JJ,50+,,review,not_found_in_junior_or_high_word_lists,
auto,add,1632,favor,favor,noun,base,1,親切な行為,high_school,2,center_exam,センター試験語彙リスト由来。意味は要補充,center_pos=NN; center_pmw=50+; matched_high_word_list,favor,NN,50+,,high_school,matched_high_word_list,親切な行為
auto,add,1634,former,former,adjective,base,1,前の,high_school,2,center_exam,センター試験語彙リスト由来。意味は要補充,center_pos=JJ; center_pmw=50+; matched_high_word_list,former,JJ,50+,,high_school,matched_high_word_list,前の
auto,add,1635,furthermore,furthermore,adverb,base,1,,exam,2,center_exam,センター試験語彙リスト由来。意味は要補充,center_pos=RB; center_pmw=50+; not_found_in_junior_or_high_word_lists,furthermore,RB,50+,,review,not_found_in_junior_or_high_word_lists,
auto,add,1636,graduate,graduate,noun,base,1,卒業する,junior_high,2,center_exam,センター試験語彙リスト由来。意味は要補充,center_pos=NN; center_pmw=50+; matched_junior_word_list,graduate,NN,50+,,junior_high,matched_junior_word_list,卒業する
auto,add,1637,grandchild,grandchild,noun,base,1,,exam,2,center_exam,センター試験語彙リスト由来。意味は要補充,center_pos=NN; center_pmw=50+; not_found_in_junior_or_high_word_lists,grandchild,NN,50+,,review,not_found_in_junior_or_high_word_lists,
auto,add,1640,illness,illness,noun,base,1,病気,high_school,2,center_exam,センター試験語彙リスト由来。意味は要補充,center_pos=NN; center_pmw=50+; matched_high_word_list,illness,NN,50+,,high_school,matched_high_word_list,病気
auto,add,1641,illustrate,illustrate,verb,base,1,,exam,2,center_exam,センター試験語彙リスト由来。意味は要補充,center_pos=VVP; center_pmw=50+; not_found_in_junior_or_high_word_lists,illustrate,VVP,50+,,review,not_found_in_junior_or_high_word_lists,
auto,add,1642,immigrant,immigrant,noun,base,1,移民,high_school,2,center_exam,センター試験語彙リスト由来。意味は要補充,center_pos=NN; center_pmw=50+; matched_high_word_list,immigrant,NN,50+,,high_school,matched_high_word_list,移民
auto,add,1643,imply,imply,verb,base,1,ほのめかす,high_school,2,center_exam,センター試験語彙リスト由来。意味は要補充,center_pos=VVP; center_pmw=50+; matched_high_word_list,imply,VVP,50+,,high_school,matched_high_word_list,ほのめかす
auto,add,1646,liquid,liquid,adjective,base,1,液体の,high_school,2,center_exam,センター試験語彙リスト由来。意味は要補充,center_pos=JJ; center_pmw=50+; matched_high_word_list,liquid,JJ,50+,,high_school,matched_high_word_list,液体の
auto,add,1647,mammal,mammal,noun,base,1,哺乳動物,high_school,2,center_exam,センター試験語彙リスト由来。意味は要補充,center_pos=NN; center_pmw=50+; matched_high_word_list,mammal,NN,50+,,high_school,matched_high_word_list,哺乳動物
auto,add,1650,moisture,moisture,noun,base,1,,exam,2,center_exam,センター試験語彙リスト由来。意味は要補充,center_pos=NN; center_pmw=50+; not_found_in_junior_or_high_word_lists,moisture,NN,50+,,review,not_found_in_junior_or_high_word_lists,
auto,add,1651,mysterious,mysterious,adjective,base,1,不可解な,high_school,2,center_exam,センター試験語彙リスト由来。意味は要補充,center_pos=JJ; center_pmw=50+; matched_high_word_list,mysterious,JJ,50+,,high_school,matched_high_word_list,不可解な
auto,add,1652,negative,negative,adjective,base,1,否定的な，良くない,junior_high,2,center_exam,センター試験語彙リスト由来。意味は要補充,center_pos=JJ; center_pmw=50+; matched_junior_word_list,negative,JJ,50+,,junior_high,matched_junior_word_list,否定的な，良くない
auto,add,1653,orchestra,orchestra,noun,base,1,,exam,2,center_exam,センター試験語彙リスト由来。意味は要補充,center_pos=NN; center_pmw=50+; not_found_in_junior_or_high_word_lists,orchestra,NN,50+,,review,not_found_in_junior_or_high_word_lists,
auto,add,1654,package,package,noun,base,1,,exam,2,center_exam,センター試験語彙リスト由来。意味は要補充,center_pos=NN; center_pmw=50+; not_found_in_junior_or_high_word_lists,package,NN,50+,,review,not_found_in_junior_or_high_word_lists,
auto,add,1656,perfect,perfect,adjective,base,1,完全な,junior_high,2,center_exam,センター試験語彙リスト由来。意味は要補充,center_pos=JJ; center_pmw=50+; matched_junior_word_list,perfect,JJ,50+,,junior_high,matched_junior_word_list,完全な
auto,add,1657,pleasant,pleasant,adjective,base,1,楽しい,high_school,2,center_exam,センター試験語彙リスト由来。意味は要補充,center_pos=JJ; center_pmw=50+; matched_high_word_list,pleasant,JJ,50+,,high_school,matched_high_word_list,楽しい
auto,add,1658,portable,portable,adjective,base,1,,exam,2,center_exam,センター試験語彙リスト由来。意味は要補充,center_pos=JJ; center_pmw=50+; not_found_in_junior_or_high_word_lists,portable,JJ,50+,,review,not_found_in_junior_or_high_word_lists,
auto,add,1659,preserve,preserve,verb,base,1,を保存する,junior_high,2,center_exam,センター試験語彙リスト由来。意味は要補充,center_pos=VV; center_pmw=50+; matched_junior_word_list,preserve,VV,50+,,junior_high,matched_junior_word_list,を保存する
auto,add,1660,primary,primary,adjective,base,1,最初の,high_school,2,center_exam,センター試験語彙リスト由来。意味は要補充,center_pos=JJ; center_pmw=50+; matched_high_word_list,primary,JJ,50+,,high_school,matched_high_word_list,最初の
auto,add,1661,professor,professor,noun,base,1,教授,junior_high,2,center_exam,センター試験語彙リスト由来。意味は要補充,center_pos=NN; center_pmw=50+; matched_junior_word_list,professor,NN,50+,,junior_high,matched_junior_word_list,教授
auto,add,1662,profit,profit,noun,base,1,利益,high_school,2,center_exam,センター試験語彙リスト由来。意味は要補充,center_pos=NN; center_pmw=50+; matched_high_word_list,profit,NN,50+,,high_school,matched_high_word_list,利益
auto,add,1663,psychology,psychology,noun,base,1,,exam,2,center_exam,センター試験語彙リスト由来。意味は要補充,center_pos=NN; center_pmw=50+; not_found_in_junior_or_high_word_lists,psychology,NN,50+,,review,not_found_in_junior_or_high_word_lists,
auto,add,1664,recover,recover,verb,base,1,回復する,high_school,2,center_exam,センター試験語彙リスト由来。意味は要補充,center_pos=VV; center_pmw=50+; matched_high_word_list,recover,VV,50+,,high_school,matched_high_word_list,回復する
auto,add,1665,repeat,repeat,noun,base,1,,exam,2,center_exam,センター試験語彙リスト由来。意味は要補充,center_pos=NN; center_pmw=50+; not_found_in_junior_or_high_word_lists,repeat,NN,50+,,review,not_found_in_junior_or_high_word_lists,
auto,add,1667,rude,rude,adjective,base,1,失礼な,high_school,2,center_exam,センター試験語彙リスト由来。意味は要補充,center_pos=JJ; center_pmw=50+; matched_high_word_list,rude,JJ,50+,,high_school,matched_high_word_list,失礼な
auto,add,1669,scare,scare,noun,base,1,,exam,2,center_exam,センター試験語彙リスト由来。意味は要補充,center_pos=NN; center_pmw=50+; not_found_in_junior_or_high_word_lists,scare,NN,50+,,review,not_found_in_junior_or_high_word_lists,
auto,add,1670,seek,seek,verb,base,1,求める,high_school,2,center_exam,センター試験語彙リスト由来。意味は要補充,center_pos=VV; center_pmw=50+; matched_high_word_list,seek,VV,50+,,high_school,matched_high_word_list,求める
auto,add,1671,separate,separate,adjective,base,1,,exam,2,center_exam,センター試験語彙リスト由来。意味は要補充,center_pos=JJ; center_pmw=50+; not_found_in_junior_or_high_word_lists,separate,JJ,50+,,review,not_found_in_junior_or_high_word_lists,
auto,add,1675,smooth,smooth,adjective,base,1,,exam,2,center_exam,センター試験語彙リスト由来。意味は要補充,center_pos=JJ; center_pmw=50+; not_found_in_junior_or_high_word_lists,smooth,JJ,50+,,review,not_found_in_junior_or_high_word_lists,
auto,add,1678,spot,spot,noun,base,1,,exam,2,center_exam,センター試験語彙リスト由来。意味は要補充,center_pos=NN; center_pmw=50+; not_found_in_junior_or_high_word_lists,spot,NN,50+,,review,not_found_in_junior_or_high_word_lists,
auto,add,1679,standard,standard,adjective,base,1,基準,junior_high,2,center_exam,センター試験語彙リスト由来。意味は要補充,center_pos=JJ; center_pmw=50+; matched_junior_word_list,standard,JJ,50+,,junior_high,matched_junior_word_list,基準
auto,add,1681,supply,supply,noun,base,1,供給,junior_high,2,center_exam,センター試験語彙リスト由来。意味は要補充,center_pos=NN; center_pmw=50+; matched_junior_word_list,supply,NN,50+,,junior_high,matched_junior_word_list,供給
auto,add,1682,surprising,surprising,adjective,base,1,,exam,2,center_exam,センター試験語彙リスト由来。意味は要補充,center_pos=JJ; center_pmw=50+; not_found_in_junior_or_high_word_lists,surprising,JJ,50+,,review,not_found_in_junior_or_high_word_lists,
auto,add,1683,technological,technological,adjective,base,1,,exam,2,center_exam,センター試験語彙リスト由来。意味は要補充,center_pos=JJ; center_pmw=50+; not_found_in_junior_or_high_word_lists,technological,JJ,50+,,review,not_found_in_junior_or_high_word_lists,
auto,add,1684,thief,thief,noun,base,1,,exam,2,center_exam,センター試験語彙リスト由来。意味は要補充,center_pos=NN; center_pmw=50+; not_found_in_junior_or_high_word_lists,thief,NN,50+,,review,not_found_in_junior_or_high_word_lists,
auto,add,1685,tough,tough,adjective,base,1,困難な，難しい,junior_high,2,center_exam,センター試験語彙リスト由来。意味は要補充,center_pos=JJ; center_pmw=50+; matched_junior_word_list,tough,JJ,50+,,junior_high,matched_junior_word_list,困難な，難しい
auto,add,1686,track,track,noun,base,1,,exam,2,center_exam,センター試験語彙リスト由来。意味は要補充,center_pos=NN; center_pmw=50+; not_found_in_junior_or_high_word_lists,track,NN,50+,,review,not_found_in_junior_or_high_word_lists,
auto,add,1688,valuable,valuable,adjective,base,1,貴重な,high_school,2,center_exam,センター試験語彙リスト由来。意味は要補充,center_pos=JJ; center_pmw=50+; matched_high_word_list,valuable,JJ,50+,,high_school,matched_high_word_list,貴重な
auto,add,1689,warn,warn,verb,base,1,警告する,high_school,2,center_exam,センター試験語彙リスト由来。意味は要補充,center_pos=VVP; center_pmw=50+; matched_high_word_list,warn,VVP,50+,,high_school,matched_high_word_list,警告する
auto,add,1690,admit,admit,verb,base,1,認める,high_school,2,center_exam,センター試験語彙リスト由来。意味は要補充,center_pos=VV; center_pmw=50+; matched_high_word_list,admit,VV,50+,,high_school,matched_high_word_list,認める
auto,add,1691,agreement,agreement,noun,base,1,同意,high_school,2,center_exam,センター試験語彙リスト由来。意味は要補充,center_pos=NN; center_pmw=50+; matched_high_word_list,agreement,NN,50+,,high_school,matched_high_word_list,同意
auto,add,1692,aim,aim,noun,base,1,ねらいをつける,high_school,2,center_exam,センター試験語彙リスト由来。意味は要補充,center_pos=NN; center_pmw=50+; matched_high_word_list,aim,NN,50+,,high_school,matched_high_word_list,ねらいをつける
auto,add,1693,almond,almond,adjective,base,1,,exam,2,center_exam,センター試験語彙リスト由来。意味は要補充,center_pos=JJ; center_pmw=50+; not_found_in_junior_or_high_word_lists,almond,JJ,50+,,review,not_found_in_junior_or_high_word_lists,
auto,add,1694,assistance,assistance,noun,base,1,支援,high_school,2,center_exam,センター試験語彙リスト由来。意味は要補充,center_pos=NN; center_pmw=50+; matched_high_word_list,assistance,NN,50+,,high_school,matched_high_word_list,支援
auto,add,1695,associate,associate,noun,base,1,結びつけて考える,high_school,2,center_exam,センター試験語彙リスト由来。意味は要補充,center_pos=NN; center_pmw=50+; matched_high_word_list,associate,NN,50+,,high_school,matched_high_word_list,結びつけて考える
auto,add,1696,attraction,attraction,noun,base,1,,exam,2,center_exam,センター試験語彙リスト由来。意味は要補充,center_pos=NN; center_pmw=50+; not_found_in_junior_or_high_word_lists,attraction,NN,50+,,review,not_found_in_junior_or_high_word_lists,
auto,add,1697,audience,audience,noun,base,1,聴衆，観客,junior_high,2,center_exam,センター試験語彙リスト由来。意味は要補充,center_pos=NN; center_pmw=50+; matched_junior_word_list,audience,NN,50+,,junior_high,matched_junior_word_list,聴衆，観客
auto,add,1702,broad,broad,adjective,base,1,広い,high_school,2,center_exam,センター試験語彙リスト由来。意味は要補充,center_pos=JJ; center_pmw=50+; matched_high_word_list,broad,JJ,50+,,high_school,matched_high_word_list,広い
review,add,1703,california,california,noun,base,1,,exam,2,center_exam,センター試験語彙リスト由来。意味は要補充,center_pos=NP; center_pmw=50+; not_found_in_junior_or_high_word_lists,California,NP,50+,pos_review;proper_noun,review,not_found_in_junior_or_high_word_lists,
auto,add,1705,chimpanzee,chimpanzee,noun,base,1,,exam,2,center_exam,センター試験語彙リスト由来。意味は要補充,center_pos=NN; center_pmw=50+; not_found_in_junior_or_high_word_lists,chimpanzee,NN,50+,,review,not_found_in_junior_or_high_word_lists,
auto,add,1706,coach,coach,noun,base,1,,exam,2,center_exam,センター試験語彙リスト由来。意味は要補充,center_pos=NN; center_pmw=50+; not_found_in_junior_or_high_word_lists,coach,NN,50+,,review,not_found_in_junior_or_high_word_lists,
auto,add,1707,combination,combination,noun,base,1,,exam,2,center_exam,センター試験語彙リスト由来。意味は要補充,center_pos=NN; center_pmw=50+; not_found_in_junior_or_high_word_lists,combination,NN,50+,,review,not_found_in_junior_or_high_word_lists,
auto,add,1708,commercial,commercial,adjective,base,1,商業の,high_school,2,center_exam,センター試験語彙リスト由来。意味は要補充,center_pos=JJ; center_pmw=50+; matched_high_word_list,commercial,JJ,50+,,high_school,matched_high_word_list,商業の
auto,add,1709,commuter,commuter,noun,base,1,,exam,2,center_exam,センター試験語彙リスト由来。意味は要補充,center_pos=NN; center_pmw=50+; not_found_in_junior_or_high_word_lists,commuter,NN,50+,,review,not_found_in_junior_or_high_word_lists,
auto,add,1710,compass,compass,noun,base,1,,exam,2,center_exam,センター試験語彙リスト由来。意味は要補充,center_pos=NN; center_pmw=50+; not_found_in_junior_or_high_word_lists,compass,NN,50+,,review,not_found_in_junior_or_high_word_lists,
auto,add,1711,complex,complex,adjective,base,1,複雑な,high_school,2,center_exam,センター試験語彙リスト由来。意味は要補充,center_pos=JJ; center_pmw=50+; matched_high_word_list,complex,JJ,50+,,high_school,matched_high_word_list,複雑な
auto,add,1712,convention,convention,noun,base,1,,exam,2,center_exam,センター試験語彙リスト由来。意味は要補充,center_pos=NN; center_pmw=50+; not_found_in_junior_or_high_word_lists,convention,NN,50+,,review,not_found_in_junior_or_high_word_lists,
auto,add,1714,dine,dine,verb,base,1,,exam,2,center_exam,センター試験語彙リスト由来。意味は要補充,center_pos=VV; center_pmw=50+; not_found_in_junior_or_high_word_lists,dine,VV,50+,,review,not_found_in_junior_or_high_word_lists,
auto,add,1715,disadvantage,disadvantage,noun,base,1,不利,high_school,2,center_exam,センター試験語彙リスト由来。意味は要補充,center_pos=NN; center_pmw=50+; matched_high_word_list,disadvantage,NN,50+,,high_school,matched_high_word_list,不利
auto,add,1716,discovery,discovery,noun,base,1,発見,high_school,2,center_exam,センター試験語彙リスト由来。意味は要補充,center_pos=NN; center_pmw=50+; matched_high_word_list,discovery,NN,50+,,high_school,matched_high_word_list,発見
auto,add,1717,display,display,noun,base,1,展示する,high_school,2,center_exam,センター試験語彙リスト由来。意味は要補充,center_pos=NN; center_pmw=50+; matched_high_word_list,display,NN,50+,,high_school,matched_high_word_list,展示する
review,add,1718,dried,dried,verb,past,1,,exam,2,center_exam,センター試験語彙リスト由来。意味は要補充,center_pos=VVD; center_pmw=50+; not_found_in_junior_or_high_word_lists,dried,VVD,50+,pos_review,review,not_found_in_junior_or_high_word_lists,
auto,add,1719,effectively,effectively,adverb,base,1,効果的に,junior_high,2,center_exam,センター試験語彙リスト由来。意味は要補充,center_pos=RB; center_pmw=50+; matched_junior_word_list,effectively,RB,50+,,junior_high,matched_junior_word_list,効果的に
auto,add,1720,expression,expression,noun,base,1,表現,high_school,2,center_exam,センター試験語彙リスト由来。意味は要補充,center_pos=NN; center_pmw=50+; matched_high_word_list,expression,NN,50+,,high_school,matched_high_word_list,表現
auto,add,1721,fairly,fairly,adverb,base,1,かなり,high_school,2,center_exam,センター試験語彙リスト由来。意味は要補充,center_pos=RB; center_pmw=50+; matched_high_word_list,fairly,RB,50+,,high_school,matched_high_word_list,かなり
auto,add,1723,fee,fee,noun,base,1,料金,high_school,2,center_exam,センター試験語彙リスト由来。意味は要補充,center_pos=NN; center_pmw=50+; matched_high_word_list,fee,NN,50+,,high_school,matched_high_word_list,料金
auto,add,1727,friendship,friendship,noun,base,1,,exam,2,center_exam,センター試験語彙リスト由来。意味は要補充,center_pos=NN; center_pmw=50+; not_found_in_junior_or_high_word_lists,friendship,NN,50+,,review,not_found_in_junior_or_high_word_lists,
auto,add,1728,fur,fur,noun,base,1,毛皮,high_school,2,center_exam,センター試験語彙リスト由来。意味は要補充,center_pos=NN; center_pmw=50+; matched_high_word_list,fur,NN,50+,,high_school,matched_high_word_list,毛皮
auto,add,1729,generation,generation,noun,base,1,,exam,2,center_exam,センター試験語彙リスト由来。意味は要補充,center_pos=NN; center_pmw=50+; not_found_in_junior_or_high_word_lists,generation,NN,50+,,review,not_found_in_junior_or_high_word_lists,
auto,add,1730,ghost,ghost,noun,base,1,,exam,2,center_exam,センター試験語彙リスト由来。意味は要補充,center_pos=NN; center_pmw=50+; not_found_in_junior_or_high_word_lists,ghost,NN,50+,,review,not_found_in_junior_or_high_word_lists,
auto,add,1731,glance,glance,noun,base,1,一目見る,high_school,2,center_exam,センター試験語彙リスト由来。意味は要補充,center_pos=NN; center_pmw=50+; matched_high_word_list,glance,NN,50+,,high_school,matched_high_word_list,一目見る
review,add,1733,hanging,hanging,verb,present_participle,1,,exam,2,center_exam,センター試験語彙リスト由来。意味は要補充,center_pos=VVG; center_pmw=50+; not_found_in_junior_or_high_word_lists,hanging,VVG,50+,pos_review,review,not_found_in_junior_or_high_word_lists,
auto,add,1734,harry,harry,verb,base,1,,exam,2,center_exam,センター試験語彙リスト由来。意味は要補充,center_pos=VV; center_pmw=50+; not_found_in_junior_or_high_word_lists,harry,VV,50+,,review,not_found_in_junior_or_high_word_lists,
auto,add,1735,hesitate,hesitate,verb,base,1,ためらう,high_school,2,center_exam,センター試験語彙リスト由来。意味は要補充,center_pos=VV; center_pmw=50+; matched_high_word_list,hesitate,VV,50+,,high_school,matched_high_word_list,ためらう
auto,add,1737,ignore,ignore,verb,base,1,無視する,high_school,2,center_exam,センター試験語彙リスト由来。意味は要補充,center_pos=VV; center_pmw=50+; matched_high_word_list,ignore,VV,50+,,high_school,matched_high_word_list,無視する
auto,add,1738,impress,impress,verb,base,1,感銘を与える,high_school,2,center_exam,センター試験語彙リスト由来。意味は要補充,center_pos=VV; center_pmw=50+; matched_high_word_list,impress,VV,50+,,high_school,matched_high_word_list,感銘を与える
auto,add,1740,independent,independent,adjective,base,1,独立した,high_school,2,center_exam,センター試験語彙リスト由来。意味は要補充,center_pos=JJ; center_pmw=50+; matched_high_word_list,independent,JJ,50+,,high_school,matched_high_word_list,独立した
auto,add,1741,insult,insult,noun,base,1,,exam,2,center_exam,センター試験語彙リスト由来。意味は要補充,center_pos=NN; center_pmw=50+; not_found_in_junior_or_high_word_lists,insult,NN,50+,,review,not_found_in_junior_or_high_word_lists,
auto,add,1742,investigate,investigate,verb,base,1,調査する,high_school,2,center_exam,センター試験語彙リスト由来。意味は要補充,center_pos=VV; center_pmw=50+; matched_high_word_list,investigate,VV,50+,,high_school,matched_high_word_list,調査する
auto,add,1743,journey,journey,noun,base,1,,exam,2,center_exam,センター試験語彙リスト由来。意味は要補充,center_pos=NN; center_pmw=50+; not_found_in_junior_or_high_word_lists,journey,NN,50+,,review,not_found_in_junior_or_high_word_lists,
auto,add,1744,kingdom,kingdom,noun,base,1,,exam,2,center_exam,センター試験語彙リスト由来。意味は要補充,center_pos=NN; center_pmw=50+; not_found_in_junior_or_high_word_lists,kingdom,NN,50+,,review,not_found_in_junior_or_high_word_lists,
auto,add,1746,layer,layer,noun,base,1,,exam,2,center_exam,センター試験語彙リスト由来。意味は要補充,center_pos=NN; center_pmw=50+; not_found_in_junior_or_high_word_lists,layer,NN,50+,,review,not_found_in_junior_or_high_word_lists,
auto,add,1747,lecture,lecture,noun,base,1,講義,high_school,2,center_exam,センター試験語彙リスト由来。意味は要補充,center_pos=NN; center_pmw=50+; matched_high_word_list,lecture,NN,50+,,high_school,matched_high_word_list,講義
auto,add,1748,lifelong,lifelong,adjective,base,1,,exam,2,center_exam,センター試験語彙リスト由来。意味は要補充,center_pos=JJ; center_pmw=50+; not_found_in_junior_or_high_word_lists,lifelong,JJ,50+,,review,not_found_in_junior_or_high_word_lists,
auto,add,1750,loss,loss,noun,base,1,失うこと，喪失,junior_high,2,center_exam,センター試験語彙リスト由来。意味は要補充,center_pos=NN; center_pmw=50+; matched_junior_word_list,loss,NN,50+,,junior_high,matched_junior_word_list,失うこと，喪失
auto,add,1752,network,network,noun,base,1,,exam,2,center_exam,センター試験語彙リスト由来。意味は要補充,center_pos=NN; center_pmw=50+; not_found_in_junior_or_high_word_lists,network,NN,50+,,review,not_found_in_junior_or_high_word_lists,
auto,add,1753,nevertheless,nevertheless,adverb,base,1,にもかかわらず,high_school,2,center_exam,センター試験語彙リスト由来。意味は要補充,center_pos=RB; center_pmw=50+; matched_high_word_list,nevertheless,RB,50+,,high_school,matched_high_word_list,にもかかわらず
auto,add,1754,normal,normal,adjective,base,1,,exam,2,center_exam,センター試験語彙リスト由来。意味は要補充,center_pos=JJ; center_pmw=50+; not_found_in_junior_or_high_word_lists,normal,JJ,50+,,review,not_found_in_junior_or_high_word_lists,
auto,add,1755,nowadays,nowadays,adverb,base,1,,exam,2,center_exam,センター試験語彙リスト由来。意味は要補充,center_pos=RB; center_pmw=50+; not_found_in_junior_or_high_word_lists,nowadays,RB,50+,,review,not_found_in_junior_or_high_word_lists,
auto,add,1756,occupation,occupation,noun,base,1,職業,high_school,2,center_exam,センター試験語彙リスト由来。意味は要補充,center_pos=NN; center_pmw=50+; matched_high_word_list,occupation,NN,50+,,high_school,matched_high_word_list,職業
auto,add,1757,organize,organize,verb,base,1,組織する,high_school,2,center_exam,センター試験語彙リスト由来。意味は要補充,center_pos=VV; center_pmw=50+; matched_high_word_list,organize,VV,50+,,high_school,matched_high_word_list,組織する
auto,add,1758,phrase,phrase,noun,base,1,,exam,2,center_exam,センター試験語彙リスト由来。意味は要補充,center_pos=NN; center_pmw=50+; not_found_in_junior_or_high_word_lists,phrase,NN,50+,,review,not_found_in_junior_or_high_word_lists,
auto,add,1759,pine,pine,noun,base,1,,exam,2,center_exam,センター試験語彙リスト由来。意味は要補充,center_pos=NN; center_pmw=50+; not_found_in_junior_or_high_word_lists,pine,NN,50+,,review,not_found_in_junior_or_high_word_lists,
auto,add,1760,pink,pink,adjective,base,1,,exam,2,center_exam,センター試験語彙リスト由来。意味は要補充,center_pos=JJ; center_pmw=50+; not_found_in_junior_or_high_word_lists,pink,JJ,50+,,review,not_found_in_junior_or_high_word_lists,
auto,add,1761,practical,practical,adjective,base,1,実用的な,high_school,2,center_exam,センター試験語彙リスト由来。意味は要補充,center_pos=JJ; center_pmw=50+; matched_high_word_list,practical,JJ,50+,,high_school,matched_high_word_list,実用的な
auto,add,1762,presentation,presentation,noun,base,1,,exam,2,center_exam,センター試験語彙リスト由来。意味は要補充,center_pos=NN; center_pmw=50+; not_found_in_junior_or_high_word_lists,presentation,NN,50+,,review,not_found_in_junior_or_high_word_lists,
auto,add,1765,reasonable,reasonable,adjective,base,1,理性のある,high_school,2,center_exam,センター試験語彙リスト由来。意味は要補充,center_pos=JJ; center_pmw=50+; matched_high_word_list,reasonable,JJ,50+,,high_school,matched_high_word_list,理性のある
auto,add,1766,region,region,noun,base,1,地域,high_school,2,center_exam,センター試験語彙リスト由来。意味は要補充,center_pos=NN; center_pmw=50+; matched_high_word_list,region,NN,50+,,high_school,matched_high_word_list,地域
auto,add,1767,relocation,relocation,noun,base,1,,exam,2,center_exam,センター試験語彙リスト由来。意味は要補充,center_pos=NN; center_pmw=50+; not_found_in_junior_or_high_word_lists,relocation,NN,50+,,review,not_found_in_junior_or_high_word_lists,
auto,add,1768,resident,resident,noun,base,1,住民，居住者,junior_high,2,center_exam,センター試験語彙リスト由来。意味は要補充,center_pos=NN; center_pmw=50+; matched_junior_word_list,resident,NN,50+,,junior_high,matched_junior_word_list,住民，居住者
auto,add,1769,resource,resource,noun,base,1,資源,junior_high,2,center_exam,センター試験語彙リスト由来。意味は要補充,center_pos=NN; center_pmw=50+; matched_junior_word_list,resource,NN,50+,,junior_high,matched_junior_word_list,資源
auto,add,1771,roger,roger,noun,base,1,,exam,2,center_exam,センター試験語彙リスト由来。意味は要補充,center_pos=NN; center_pmw=50+; not_found_in_junior_or_high_word_lists,roger,NN,50+,,review,not_found_in_junior_or_high_word_lists,
auto,add,1772,roll,roll,noun,base,1,転がる,high_school,2,center_exam,センター試験語彙リスト由来。意味は要補充,center_pos=NN; center_pmw=50+; matched_high_word_list,roll,NN,50+,,high_school,matched_high_word_list,転がる
review,add,1773,russia,russia,noun,base,1,,exam,2,center_exam,センター試験語彙リスト由来。意味は要補充,center_pos=NP; center_pmw=50+; not_found_in_junior_or_high_word_lists,Russia,NP,50+,pos_review;proper_noun,review,not_found_in_junior_or_high_word_lists,
auto,add,1775,shame,shame,noun,base,1,恥,high_school,2,center_exam,センター試験語彙リスト由来。意味は要補充,center_pos=NN; center_pmw=50+; matched_high_word_list,shame,NN,50+,,high_school,matched_high_word_list,恥
auto,add,1776,similarity,similarity,noun,base,1,類似性,high_school,2,center_exam,センター試験語彙リスト由来。意味は要補充,center_pos=NN; center_pmw=50+; matched_high_word_list,similarity,NN,50+,,high_school,matched_high_word_list,類似性
auto,add,1777,slip,slip,noun,base,1,滑る,high_school,2,center_exam,センター試験語彙リスト由来。意味は要補充,center_pos=NN; center_pmw=50+; matched_high_word_list,slip,NN,50+,,high_school,matched_high_word_list,滑る
auto,add,1779,soybean,soybean,noun,base,1,,exam,2,center_exam,センター試験語彙リスト由来。意味は要補充,center_pos=NN; center_pmw=50+; not_found_in_junior_or_high_word_lists,soybean,NN,50+,,review,not_found_in_junior_or_high_word_lists,
review,add,1780,spanish,spanish,adjective,base,1,,exam,2,center_exam,センター試験語彙リスト由来。意味は要補充,center_pos=JJ; center_pmw=50+; not_found_in_junior_or_high_word_lists,Spanish,JJ,50+,proper_noun,review,not_found_in_junior_or_high_word_lists,
auto,add,1781,staff,staff,noun,base,1,,exam,2,center_exam,センター試験語彙リスト由来。意味は要補充,center_pos=NN; center_pmw=50+; not_found_in_junior_or_high_word_lists,staff,NN,50+,,review,not_found_in_junior_or_high_word_lists,
auto,add,1783,sticky,sticky,adjective,base,1,,exam,2,center_exam,センター試験語彙リスト由来。意味は要補充,center_pos=JJ; center_pmw=50+; not_found_in_junior_or_high_word_lists,sticky,JJ,50+,,review,not_found_in_junior_or_high_word_lists,
auto,add,1784,suitable,suitable,adjective,base,1,適した,high_school,2,center_exam,センター試験語彙リスト由来。意味は要補充,center_pos=JJ; center_pmw=50+; matched_high_word_list,suitable,JJ,50+,,high_school,matched_high_word_list,適した
auto,add,1786,technique,technique,noun,base,1,,exam,2,center_exam,センター試験語彙リスト由来。意味は要補充,center_pos=NN; center_pmw=50+; not_found_in_junior_or_high_word_lists,technique,NN,50+,,review,not_found_in_junior_or_high_word_lists,
auto,add,1787,text,text,noun,base,1,,exam,2,center_exam,センター試験語彙リスト由来。意味は要補充,center_pos=NN; center_pmw=50+; not_found_in_junior_or_high_word_lists,text,NN,50+,,review,not_found_in_junior_or_high_word_lists,
auto,add,1788,tribe,tribe,noun,base,1,部族,high_school,2,center_exam,センター試験語彙リスト由来。意味は要補充,center_pos=NN; center_pmw=50+; matched_high_word_list,tribe,NN,50+,,high_school,matched_high_word_list,部族
auto,add,1789,typical,typical,adjective,base,1,典型的な,high_school,2,center_exam,センター試験語彙リスト由来。意味は要補充,center_pos=JJ; center_pmw=50+; matched_high_word_list,typical,JJ,50+,,high_school,matched_high_word_list,典型的な
auto,add,1790,unfortunately,unfortunately,adverb,base,1,残念なことに,high_school,2,center_exam,センター試験語彙リスト由来。意味は要補充,center_pos=RB; center_pmw=50+; matched_high_word_list,unfortunately,RB,50+,,high_school,matched_high_word_list,残念なことに
auto,add,1792,vocabulary,vocabulary,noun,base,1,,exam,2,center_exam,センター試験語彙リスト由来。意味は要補充,center_pos=NN; center_pmw=50+; not_found_in_junior_or_high_word_lists,vocabulary,NN,50+,,review,not_found_in_junior_or_high_word_lists,
auto,add,1794,warming,warming,noun,base,1,,exam,2,center_exam,センター試験語彙リスト由来。意味は要補充,center_pos=NN; center_pmw=50+; not_found_in_junior_or_high_word_lists,warming,NN,50+,,review,not_found_in_junior_or_high_word_lists,
auto,add,1795,western,western,adjective,base,1,,exam,2,center_exam,センター試験語彙リスト由来。意味は要補充,center_pos=JJ; center_pmw=50+; not_found_in_junior_or_high_word_lists,western,JJ,50+,,review,not_found_in_junior_or_high_word_lists,
auto,add,1796,accurate,accurate,adjective,base,1,正確な,high_school,2,center_exam,センター試験語彙リスト由来。意味は要補充,center_pos=JJ; center_pmw=50+; matched_high_word_list,accurate,JJ,50+,,high_school,matched_high_word_list,正確な
auto,add,1798,amazing,amazing,adjective,base,1,驚くべき,junior_high,2,center_exam,センター試験語彙リスト由来。意味は要補充,center_pos=JJ; center_pmw=50+; matched_junior_word_list,amazing,JJ,50+,,junior_high,matched_junior_word_list,驚くべき
auto,add,1799,annoy,annoy,verb,base,1,いらだたせる,high_school,2,center_exam,センター試験語彙リスト由来。意味は要補充,center_pos=VV; center_pmw=50+; matched_high_word_list,annoy,VV,50+,,high_school,matched_high_word_list,いらだたせる
auto,add,1802,assignment,assignment,noun,base,1,,exam,2,center_exam,センター試験語彙リスト由来。意味は要補充,center_pos=NN; center_pmw=50+; not_found_in_junior_or_high_word_lists,assignment,NN,50+,,review,not_found_in_junior_or_high_word_lists,
auto,add,1804,awful,awful,adjective,base,1,ひどい,high_school,2,center_exam,センター試験語彙リスト由来。意味は要補充,center_pos=JJ; center_pmw=50+; matched_high_word_list,awful,JJ,50+,,high_school,matched_high_word_list,ひどい
auto,add,1807,birth,birth,noun,base,1,,exam,2,center_exam,センター試験語彙リスト由来。意味は要補充,center_pos=NN; center_pmw=50+; not_found_in_junior_or_high_word_lists,birth,NN,50+,,review,not_found_in_junior_or_high_word_lists,
auto,add,1808,bone,bone,noun,base,1,,exam,2,center_exam,センター試験語彙リスト由来。意味は要補充,center_pos=NN; center_pmw=50+; not_found_in_junior_or_high_word_lists,bone,NN,50+,,review,not_found_in_junior_or_high_word_lists,
auto,add,1810,bottom,bottom,noun,base,1,,exam,2,center_exam,センター試験語彙リスト由来。意味は要補充,center_pos=NN; center_pmw=50+; not_found_in_junior_or_high_word_lists,bottom,NN,50+,,review,not_found_in_junior_or_high_word_lists,
auto,add,1811,bow,bow,noun,base,1,お辞儀する,high_school,2,center_exam,センター試験語彙リスト由来。意味は要補充,center_pos=NN; center_pmw=50+; matched_high_word_list,bow,NN,50+,,high_school,matched_high_word_list,お辞儀する
auto,add,1812,boyfriend,boyfriend,noun,base,1,,exam,2,center_exam,センター試験語彙リスト由来。意味は要補充,center_pos=NN; center_pmw=50+; not_found_in_junior_or_high_word_lists,boyfriend,NN,50+,,review,not_found_in_junior_or_high_word_lists,
review,add,1813,brazilian,brazilian,adjective,base,1,,exam,2,center_exam,センター試験語彙リスト由来。意味は要補充,center_pos=JJ; center_pmw=50+; not_found_in_junior_or_high_word_lists,Brazilian,JJ,50+,proper_noun,review,not_found_in_junior_or_high_word_lists,
auto,add,1815,cellphone,cellphone,noun,base,1,,exam,2,center_exam,センター試験語彙リスト由来。意味は要補充,center_pos=NN; center_pmw=50+; not_found_in_junior_or_high_word_lists,cellphone,NN,50+,,review,not_found_in_junior_or_high_word_lists,
auto,add,1816,ceremony,ceremony,noun,base,1,,exam,2,center_exam,センター試験語彙リスト由来。意味は要補充,center_pos=NN; center_pmw=50+; not_found_in_junior_or_high_word_lists,ceremony,NN,50+,,review,not_found_in_junior_or_high_word_lists,
auto,add,1819,clown,clown,noun,base,1,,exam,2,center_exam,センター試験語彙リスト由来。意味は要補充,center_pos=NN; center_pmw=50+; not_found_in_junior_or_high_word_lists,clown,NN,50+,,review,not_found_in_junior_or_high_word_lists,
auto,add,1820,concept,concept,noun,base,1,概念,high_school,2,center_exam,センター試験語彙リスト由来。意味は要補充,center_pos=NN; center_pmw=50+; matched_high_word_list,concept,NN,50+,,high_school,matched_high_word_list,概念
auto,add,1821,confident,confident,adjective,base,1,自信のある,high_school,2,center_exam,センター試験語彙リスト由来。意味は要補充,center_pos=JJ; center_pmw=50+; matched_high_word_list,confident,JJ,50+,,high_school,matched_high_word_list,自信のある
auto,add,1822,construction,construction,noun,base,1,建設,high_school,2,center_exam,センター試験語彙リスト由来。意味は要補充,center_pos=NN; center_pmw=50+; matched_high_word_list,construction,NN,50+,,high_school,matched_high_word_list,建設
auto,add,1823,consumer,consumer,noun,base,1,消費者,junior_high,2,center_exam,センター試験語彙リスト由来。意味は要補充,center_pos=NN; center_pmw=50+; matched_junior_word_list,consumer,NN,50+,,junior_high,matched_junior_word_list,消費者
auto,add,1824,convince,convince,verb,base,1,納得させる,high_school,2,center_exam,センター試験語彙リスト由来。意味は要補充,center_pos=VV; center_pmw=50+; matched_high_word_list,convince,VV,50+,,high_school,matched_high_word_list,納得させる
auto,add,1826,correctly,correctly,adverb,base,1,,exam,2,center_exam,センター試験語彙リスト由来。意味は要補充,center_pos=RB; center_pmw=50+; not_found_in_junior_or_high_word_lists,correctly,RB,50+,,review,not_found_in_junior_or_high_word_lists,
auto,add,1827,cough,cough,noun,base,1,,exam,2,center_exam,センター試験語彙リスト由来。意味は要補充,center_pos=NN; center_pmw=50+; not_found_in_junior_or_high_word_lists,cough,NN,50+,,review,not_found_in_junior_or_high_word_lists,
auto,add,1828,countryside,countryside,noun,base,1,田舎,junior_high,2,center_exam,センター試験語彙リスト由来。意味は要補充,center_pos=NN; center_pmw=50+; matched_junior_word_list,countryside,NN,50+,,junior_high,matched_junior_word_list,田舎
auto,add,1829,crash,crash,noun,base,1,,exam,2,center_exam,センター試験語彙リスト由来。意味は要補充,center_pos=NN; center_pmw=50+; not_found_in_junior_or_high_word_lists,crash,NN,50+,,review,not_found_in_junior_or_high_word_lists,
auto,add,1830,criticism,criticism,noun,base,1,批判,high_school,2,center_exam,センター試験語彙リスト由来。意味は要補充,center_pos=NN; center_pmw=50+; matched_high_word_list,criticism,NN,50+,,high_school,matched_high_word_list,批判
auto,add,1832,define,define,verb,base,1,,exam,2,center_exam,センター試験語彙リスト由来。意味は要補充,center_pos=VV; center_pmw=50+; not_found_in_junior_or_high_word_lists,define,VV,50+,,review,not_found_in_junior_or_high_word_lists,
auto,add,1833,dependent,dependent,adjective,base,1,依存している,high_school,2,center_exam,センター試験語彙リスト由来。意味は要補充,center_pos=JJ; center_pmw=50+; matched_high_word_list,dependent,JJ,50+,,high_school,matched_high_word_list,依存している
auto,add,1836,disturb,disturb,verb,base,1,平穏を妨げる,high_school,2,center_exam,センター試験語彙リスト由来。意味は要補充,center_pos=VV; center_pmw=50+; matched_high_word_list,disturb,VV,50+,,high_school,matched_high_word_list,平穏を妨げる
auto,add,1837,educational,educational,adjective,base,1,教育の,high_school,2,center_exam,センター試験語彙リスト由来。意味は要補充,center_pos=JJ; center_pmw=50+; matched_high_word_list,educational,JJ,50+,,high_school,matched_high_word_list,教育の
auto,add,1838,enthusiastic,enthusiastic,adjective,base,1,,exam,2,center_exam,センター試験語彙リスト由来。意味は要補充,center_pos=JJ; center_pmw=50+; not_found_in_junior_or_high_word_lists,enthusiastic,JJ,50+,,review,not_found_in_junior_or_high_word_lists,
auto,add,1840,entry,entry,noun,base,1,,exam,2,center_exam,センター試験語彙リスト由来。意味は要補充,center_pos=NN; center_pmw=50+; not_found_in_junior_or_high_word_lists,entry,NN,50+,,review,not_found_in_junior_or_high_word_lists,
auto,add,1841,equally,equally,adverb,base,1,,exam,2,center_exam,センター試験語彙リスト由来。意味は要補充,center_pos=RB; center_pmw=50+; not_found_in_junior_or_high_word_lists,equally,RB,50+,,review,not_found_in_junior_or_high_word_lists,
auto,add,1842,equivalent,equivalent,noun,base,1,等しい,high_school,2,center_exam,センター試験語彙リスト由来。意味は要補充,center_pos=NN; center_pmw=50+; matched_high_word_list,equivalent,NN,50+,,high_school,matched_high_word_list,等しい
auto,add,1843,evidence,evidence,noun,base,1,証拠,high_school,2,center_exam,センター試験語彙リスト由来。意味は要補充,center_pos=NN; center_pmw=50+; matched_high_word_list,evidence,NN,50+,,high_school,matched_high_word_list,証拠
auto,add,1845,excellent,excellent,adjective,base,1,,exam,2,center_exam,センター試験語彙リスト由来。意味は要補充,center_pos=JJ; center_pmw=50+; not_found_in_junior_or_high_word_lists,excellent,JJ,50+,,review,not_found_in_junior_or_high_word_lists,
auto,add,1846,extreme,extreme,adjective,base,1,極端な,high_school,2,center_exam,センター試験語彙リスト由来。意味は要補充,center_pos=JJ; center_pmw=50+; matched_high_word_list,extreme,JJ,50+,,high_school,matched_high_word_list,極端な
auto,add,1848,fog,fog,noun,base,1,,exam,2,center_exam,センター試験語彙リスト由来。意味は要補充,center_pos=NN; center_pmw=50+; not_found_in_junior_or_high_word_lists,fog,NN,50+,,review,not_found_in_junior_or_high_word_lists,
auto,add,1849,fold,fold,noun,base,1,を折る，折りたたむ,junior_high,2,center_exam,センター試験語彙リスト由来。意味は要補充,center_pos=NN; center_pmw=50+; matched_junior_word_list,fold,NN,50+,,junior_high,matched_junior_word_list,を折る，折りたたむ
auto,add,1851,fully,fully,adverb,base,1,十分に,high_school,2,center_exam,センター試験語彙リスト由来。意味は要補充,center_pos=RB; center_pmw=50+; matched_high_word_list,fully,RB,50+,,high_school,matched_high_word_list,十分に
auto,add,1852,gasoline,gasoline,noun,base,1,,exam,2,center_exam,センター試験語彙リスト由来。意味は要補充,center_pos=NN; center_pmw=50+; not_found_in_junior_or_high_word_lists,gasoline,NN,50+,,review,not_found_in_junior_or_high_word_lists,
auto,add,1856,helpful,helpful,adjective,base,1,役に立つ,junior_high,2,center_exam,センター試験語彙リスト由来。意味は要補充,center_pos=JJ; center_pmw=50+; matched_junior_word_list,helpful,JJ,50+,,junior_high,matched_junior_word_list,役に立つ
auto,add,1857,highway,highway,noun,base,1,,exam,2,center_exam,センター試験語彙リスト由来。意味は要補充,center_pos=NN; center_pmw=50+; not_found_in_junior_or_high_word_lists,highway,NN,50+,,review,not_found_in_junior_or_high_word_lists,
auto,add,1859,intersection,intersection,noun,base,1,,exam,2,center_exam,センター試験語彙リスト由来。意味は要補充,center_pos=NN; center_pmw=50+; not_found_in_junior_or_high_word_lists,intersection,NN,50+,,review,not_found_in_junior_or_high_word_lists,
auto,add,1861,invention,invention,noun,base,1,発明,junior_high,2,center_exam,センター試験語彙リスト由来。意味は要補充,center_pos=NN; center_pmw=50+; matched_junior_word_list,invention,NN,50+,,junior_high,matched_junior_word_list,発明
auto,add,1862,jacket,jacket,noun,base,1,,exam,2,center_exam,センター試験語彙リスト由来。意味は要補充,center_pos=NN; center_pmw=50+; not_found_in_junior_or_high_word_lists,jacket,NN,50+,,review,not_found_in_junior_or_high_word_lists,
auto,add,1863,jog,jog,noun,base,1,,exam,2,center_exam,センター試験語彙リスト由来。意味は要補充,center_pos=NN; center_pmw=50+; not_found_in_junior_or_high_word_lists,jog,NN,50+,,review,not_found_in_junior_or_high_word_lists,
auto,add,1864,judge,judge,noun,base,1,審判員,junior_high,2,center_exam,センター試験語彙リスト由来。意味は要補充,center_pos=NN; center_pmw=50+; matched_junior_word_list,judge,NN,50+,,junior_high,matched_junior_word_list,審判員
auto,add,1865,judgment,judgment,noun,base,1,,exam,2,center_exam,センター試験語彙リスト由来。意味は要補充,center_pos=NN; center_pmw=50+; not_found_in_junior_or_high_word_lists,judgment,NN,50+,,review,not_found_in_junior_or_high_word_lists,
auto,add,1868,kimono,kimono,noun,base,1,,exam,2,center_exam,センター試験語彙リスト由来。意味は要補充,center_pos=NN; center_pmw=50+; not_found_in_junior_or_high_word_lists,kimono,NN,50+,,review,not_found_in_junior_or_high_word_lists,
auto,add,1870,kitten,kitten,noun,base,1,,exam,2,center_exam,センター試験語彙リスト由来。意味は要補充,center_pos=NN; center_pmw=50+; not_found_in_junior_or_high_word_lists,kitten,NN,50+,,review,not_found_in_junior_or_high_word_lists,
auto,add,1872,license,license,noun,base,1,,exam,2,center_exam,センター試験語彙リスト由来。意味は要補充,center_pos=NN; center_pmw=50+; not_found_in_junior_or_high_word_lists,license,NN,50+,,review,not_found_in_junior_or_high_word_lists,
auto,add,1873,loose,loose,adverb,base,1,,exam,2,center_exam,センター試験語彙リスト由来。意味は要補充,center_pos=RB; center_pmw=50+; not_found_in_junior_or_high_word_lists,loose,RB,50+,,review,not_found_in_junior_or_high_word_lists,
auto,add,1874,majority,majority,noun,base,1,大多数,high_school,2,center_exam,センター試験語彙リスト由来。意味は要補充,center_pos=NN; center_pmw=50+; matched_high_word_list,majority,NN,50+,,high_school,matched_high_word_list,大多数
auto,add,1875,maker,maker,noun,base,1,製造元,high_school,2,center_exam,センター試験語彙リスト由来。意味は要補充,center_pos=NN; center_pmw=50+; matched_high_word_list,maker,NN,50+,,high_school,matched_high_word_list,製造元
review,add,1876,mexico,mexico,noun,base,1,,exam,2,center_exam,センター試験語彙リスト由来。意味は要補充,center_pos=NP; center_pmw=50+; not_found_in_junior_or_high_word_lists,Mexico,NP,50+,pos_review;proper_noun,review,not_found_in_junior_or_high_word_lists,
auto,add,1877,mostly,mostly,adverb,base,1,主に,high_school,2,center_exam,センター試験語彙リスト由来。意味は要補充,center_pos=RB; center_pmw=50+; matched_high_word_list,mostly,RB,50+,,high_school,matched_high_word_list,主に
auto,add,1880,official,official,noun,base,1,,exam,2,center_exam,センター試験語彙リスト由来。意味は要補充,center_pos=NN; center_pmw=50+; not_found_in_junior_or_high_word_lists,official,NN,50+,,review,not_found_in_junior_or_high_word_lists,
auto,add,1881,olympic,olympic,adjective,base,1,,exam,2,center_exam,センター試験語彙リスト由来。意味は要補充,center_pos=JJ; center_pmw=50+; not_found_in_junior_or_high_word_lists,olympic,JJ,50+,,review,not_found_in_junior_or_high_word_lists,
auto,add,1882,pacific,pacific,adjective,base,1,,exam,2,center_exam,センター試験語彙リスト由来。意味は要補充,center_pos=JJ; center_pmw=50+; not_found_in_junior_or_high_word_lists,pacific,JJ,50+,,review,not_found_in_junior_or_high_word_lists,
auto,add,1885,perfume,perfume,noun,base,1,,exam,2,center_exam,センター試験語彙リスト由来。意味は要補充,center_pos=NN; center_pmw=50+; not_found_in_junior_or_high_word_lists,perfume,NN,50+,,review,not_found_in_junior_or_high_word_lists,
auto,add,1886,plastic,plastic,noun,base,1,,exam,2,center_exam,センター試験語彙リスト由来。意味は要補充,center_pos=NN; center_pmw=50+; not_found_in_junior_or_high_word_lists,plastic,NN,50+,,review,not_found_in_junior_or_high_word_lists,
auto,add,1887,political,political,adjective,base,1,政治の,high_school,2,center_exam,センター試験語彙リスト由来。意味は要補充,center_pos=JJ; center_pmw=50+; matched_high_word_list,political,JJ,50+,,high_school,matched_high_word_list,政治の
auto,add,1888,possibility,possibility,noun,base,1,可能性,high_school,2,center_exam,センター試験語彙リスト由来。意味は要補充,center_pos=NN; center_pmw=50+; matched_high_word_list,possibility,NN,50+,,high_school,matched_high_word_list,可能性
auto,add,1889,pretend,pretend,adjective,base,1,ふりをする,high_school,2,center_exam,センター試験語彙リスト由来。意味は要補充,center_pos=JJ; center_pmw=50+; matched_high_word_list,pretend,JJ,50+,,high_school,matched_high_word_list,ふりをする
auto,add,1890,previous,previous,adjective,base,1,前の,high_school,2,center_exam,センター試験語彙リスト由来。意味は要補充,center_pos=JJ; center_pmw=50+; matched_high_word_list,previous,JJ,50+,,high_school,matched_high_word_list,前の
auto,add,1891,propose,propose,verb,base,1,提案する,high_school,2,center_exam,センター試験語彙リスト由来。意味は要補充,center_pos=VV; center_pmw=50+; matched_high_word_list,propose,VV,50+,,high_school,matched_high_word_list,提案する
auto,add,1894,reality,reality,noun,base,1,,exam,2,center_exam,センター試験語彙リスト由来。意味は要補充,center_pos=NN; center_pmw=50+; not_found_in_junior_or_high_word_lists,reality,NN,50+,,review,not_found_in_junior_or_high_word_lists,
auto,add,1895,relative,relative,adjective,base,1,相対的な,high_school,2,center_exam,センター試験語彙リスト由来。意味は要補充,center_pos=JJ; center_pmw=50+; matched_high_word_list,relative,JJ,50+,,high_school,matched_high_word_list,相対的な
auto,add,1896,request,request,noun,base,1,,exam,2,center_exam,センター試験語彙リスト由来。意味は要補充,center_pos=NN; center_pmw=50+; not_found_in_junior_or_high_word_lists,request,NN,50+,,review,not_found_in_junior_or_high_word_lists,
auto,add,1897,reservation,reservation,noun,base,1,予約,junior_high,2,center_exam,センター試験語彙リスト由来。意味は要補充,center_pos=NN; center_pmw=50+; matched_junior_word_list,reservation,NN,50+,,junior_high,matched_junior_word_list,予約
review,add,1898,roman,roman,noun,base,1,,exam,2,center_exam,センター試験語彙リスト由来。意味は要補充,center_pos=NP; center_pmw=50+; not_found_in_junior_or_high_word_lists,Roman,NP,50+,pos_review;proper_noun,review,not_found_in_junior_or_high_word_lists,
auto,add,1899,rope,rope,noun,base,1,,exam,2,center_exam,センター試験語彙リスト由来。意味は要補充,center_pos=NN; center_pmw=50+; not_found_in_junior_or_high_word_lists,rope,NN,50+,,review,not_found_in_junior_or_high_word_lists,
auto,add,1900,rough,rough,adjective,base,1,ごつごつした,high_school,2,center_exam,センター試験語彙リスト由来。意味は要補充,center_pos=JJ; center_pmw=50+; matched_high_word_list,rough,JJ,50+,,high_school,matched_high_word_list,ごつごつした
auto,add,1902,sample,sample,noun,base,1,,exam,2,center_exam,センター試験語彙リスト由来。意味は要補充,center_pos=NN; center_pmw=50+; not_found_in_junior_or_high_word_lists,sample,NN,50+,,review,not_found_in_junior_or_high_word_lists,
auto,add,1903,scholarship,scholarship,noun,base,1,,exam,2,center_exam,センター試験語彙リスト由来。意味は要補充,center_pos=NN; center_pmw=50+; not_found_in_junior_or_high_word_lists,scholarship,NN,50+,,review,not_found_in_junior_or_high_word_lists,
auto,add,1904,score,score,noun,base,1,,exam,2,center_exam,センター試験語彙リスト由来。意味は要補充,center_pos=NN; center_pmw=50+; not_found_in_junior_or_high_word_lists,score,NN,50+,,review,not_found_in_junior_or_high_word_lists,
auto,add,1905,seldom,seldom,adverb,base,1,めったに…しない,high_school,2,center_exam,センター試験語彙リスト由来。意味は要補充,center_pos=RB; center_pmw=50+; matched_high_word_list,seldom,RB,50+,,high_school,matched_high_word_list,めったに…しない
auto,add,1906,semester,semester,noun,base,1,,exam,2,center_exam,センター試験語彙リスト由来。意味は要補充,center_pos=NN; center_pmw=50+; not_found_in_junior_or_high_word_lists,semester,NN,50+,,review,not_found_in_junior_or_high_word_lists,
auto,add,1907,sight,sight,noun,base,1,視界,junior_high,2,center_exam,センター試験語彙リスト由来。意味は要補充,center_pos=NN; center_pmw=50+; matched_junior_word_list,sight,NN,50+,,junior_high,matched_junior_word_list,視界
auto,add,1909,steadily,steadily,adverb,base,1,着実に,high_school,2,center_exam,センター試験語彙リスト由来。意味は要補充,center_pos=RB; center_pmw=50+; matched_high_word_list,steadily,RB,50+,,high_school,matched_high_word_list,着実に
auto,add,1910,struggle,struggle,noun,base,1,,exam,2,center_exam,センター試験語彙リスト由来。意味は要補充,center_pos=NN; center_pmw=50+; not_found_in_junior_or_high_word_lists,struggle,NN,50+,,review,not_found_in_junior_or_high_word_lists,
auto,add,1911,studio,studio,noun,base,1,,exam,2,center_exam,センター試験語彙リスト由来。意味は要補充,center_pos=NN; center_pmw=50+; not_found_in_junior_or_high_word_lists,studio,NN,50+,,review,not_found_in_junior_or_high_word_lists,
auto,add,1912,stuff,stuff,noun,base,1,,exam,2,center_exam,センター試験語彙リスト由来。意味は要補充,center_pos=NN; center_pmw=50+; not_found_in_junior_or_high_word_lists,stuff,NN,50+,,review,not_found_in_junior_or_high_word_lists,
auto,add,1913,suggestion,suggestion,noun,base,1,提案,high_school,2,center_exam,センター試験語彙リスト由来。意味は要補充,center_pos=NN; center_pmw=50+; matched_high_word_list,suggestion,NN,50+,,high_school,matched_high_word_list,提案
auto,add,1914,surround,surround,noun,base,1,を囲む,junior_high,2,center_exam,センター試験語彙リスト由来。意味は要補充,center_pos=NN; center_pmw=50+; matched_junior_word_list,surround,NN,50+,,junior_high,matched_junior_word_list,を囲む
auto,add,1915,survival,survival,noun,base,1,存続，生き残ること,junior_high,2,center_exam,センター試験語彙リスト由来。意味は要補充,center_pos=NN; center_pmw=50+; matched_junior_word_list,survival,NN,50+,,junior_high,matched_junior_word_list,存続，生き残ること
auto,add,1916,tank,tank,noun,base,1,,exam,2,center_exam,センター試験語彙リスト由来。意味は要補充,center_pos=NN; center_pmw=50+; not_found_in_junior_or_high_word_lists,tank,NN,50+,,review,not_found_in_junior_or_high_word_lists,
auto,add,1917,thumb,thumb,noun,base,1,,exam,2,center_exam,センター試験語彙リスト由来。意味は要補充,center_pos=NN; center_pmw=50+; not_found_in_junior_or_high_word_lists,thumb,NN,50+,,review,not_found_in_junior_or_high_word_lists,
auto,add,1919,ton,ton,noun,base,1,,exam,2,center_exam,センター試験語彙リスト由来。意味は要補充,center_pos=NN; center_pmw=50+; not_found_in_junior_or_high_word_lists,ton,NN,50+,,review,not_found_in_junior_or_high_word_lists,
auto,add,1920,tradition,tradition,noun,base,1,伝統,junior_high,2,center_exam,センター試験語彙リスト由来。意味は要補充,center_pos=NN; center_pmw=50+; matched_junior_word_list,tradition,NN,50+,,junior_high,matched_junior_word_list,伝統
auto,add,1921,transport,transport,noun,base,1,を輸送する,junior_high,2,center_exam,センター試験語彙リスト由来。意味は要補充,center_pos=NN; center_pmw=50+; matched_junior_word_list,transport,NN,50+,,junior_high,matched_junior_word_list,を輸送する
auto,add,1922,truth,truth,noun,base,1,真実,high_school,2,center_exam,センター試験語彙リスト由来。意味は要補充,center_pos=NN; center_pmw=50+; matched_high_word_list,truth,NN,50+,,high_school,matched_high_word_list,真実
auto,add,1924,tuner,tuner,noun,base,1,,exam,2,center_exam,センター試験語彙リスト由来。意味は要補充,center_pos=NN; center_pmw=50+; not_found_in_junior_or_high_word_lists,tuner,NN,50+,,review,not_found_in_junior_or_high_word_lists,
auto,add,1926,unexpected,unexpected,adjective,base,1,,exam,2,center_exam,センター試験語彙リスト由来。意味は要補充,center_pos=JJ; center_pmw=50+; not_found_in_junior_or_high_word_lists,unexpected,JJ,50+,,review,not_found_in_junior_or_high_word_lists,
review,add,1927,van,van,noun,base,1,,exam,2,center_exam,センター試験語彙リスト由来。意味は要補充,center_pos=NP; center_pmw=50+; not_found_in_junior_or_high_word_lists,van,NP,50+,pos_review;proper_noun,review,not_found_in_junior_or_high_word_lists,
auto,add,1928,vote,vote,noun,base,1,投票する,high_school,2,center_exam,センター試験語彙リスト由来。意味は要補充,center_pos=NN; center_pmw=50+; matched_high_word_list,vote,NN,50+,,high_school,matched_high_word_list,投票する
auto,add,1931,wisdom,wisdom,noun,base,1,知恵,junior_high,2,center_exam,センター試験語彙リスト由来。意味は要補充,center_pos=NN; center_pmw=50+; matched_junior_word_list,wisdom,NN,50+,,junior_high,matched_junior_word_list,知恵
auto,add,1932,wolf,wolf,noun,base,1,,exam,2,center_exam,センター試験語彙リスト由来。意味は要補充,center_pos=NN; center_pmw=50+; not_found_in_junior_or_high_word_lists,wolf,NN,50+,,review,not_found_in_junior_or_high_word_lists,
auto,add,1934,yell,yell,verb,base,1,大声を上げる,high_school,2,center_exam,センター試験語彙リスト由来。意味は要補充,center_pos=VV; center_pmw=50+; matched_high_word_list,yell,VV,50+,,high_school,matched_high_word_list,大声を上げる
