source_file,action,source_rank,word,lemma,pos,form_type,sense_id,meaning_ja,level,importance,category,note,note2,center_word_original,center_pos,center_pmw,review_reason
auto,add,70,out,out,adverb,base,1,,high_school,2,center_exam,センター試験語彙リスト由来。意味は要補充,center_pos=RB; center_pmw=1000+,out,RB,1000+,
review,add,119,used,used,verb,past_participle,1,,high_school,2,center_exam,センター試験語彙リスト由来。意味は要補充,center_pos=VVN; center_pmw=1000+,used,VVN,1000+,pos_review
auto,add,131,however,however,adverb,base,1,,high_school,2,center_exam,センター試験語彙リスト由来。意味は要補充,center_pos=RB; center_pmw=1000+,however,RB,1000+,
auto,add,168,any,any,adverb,base,1,,high_school,2,center_exam,センター試験語彙リスト由来。意味は要補充,center_pos=RB; center_pmw=500+,any,RB,500+,
auto,add,175,mr,mr,noun,base,1,,high_school,2,center_exam,センター試験語彙リスト由来。意味は要補充,center_pos=NN; center_pmw=500+,mr,NN,500+,
auto,add,184,lot,lot,noun,base,1,,high_school,2,center_exam,センター試験語彙リスト由来。意味は要補充,center_pos=NN; center_pmw=500+,lot,NN,500+,
auto,add,187,increase,increase,noun,base,1,,high_school,2,center_exam,センター試験語彙リスト由来。意味は要補充,center_pos=NN; center_pmw=500+,increase,NN,500+,
auto,add,219,ok,ok,verb,base,1,,high_school,2,center_exam,センター試験語彙リスト由来。意味は要補充,center_pos=VV; center_pmw=500+,ok,VV,500+,
auto,add,235,accord,accord,noun,base,1,,high_school,2,center_exam,センター試験語彙リスト由来。意味は要補充,center_pos=NN; center_pmw=500+,accord,NN,500+,
auto,add,247,experience,experience,noun,base,1,,high_school,2,center_exam,センター試験語彙リスト由来。意味は要補充,center_pos=NN; center_pmw=500+,experience,NN,500+,
auto,add,254,state,state,noun,base,1,,high_school,2,center_exam,センター試験語彙リスト由来。意味は要補充,center_pos=NN; center_pmw=500+,state,NN,500+,
auto,add,262,activity,activity,noun,base,1,,high_school,2,center_exam,センター試験語彙リスト由来。意味は要補充,center_pos=NN; center_pmw=500+,activity,NN,500+,
auto,add,271,author,author,noun,base,1,,high_school,2,center_exam,センター試験語彙リスト由来。意味は要補充,center_pos=NN; center_pmw=500+,author,NN,500+,
review,add,276,mrs,mrs,noun,plural,1,,high_school,2,center_exam,センター試験語彙リスト由来。意味は要補充,center_pos=NNS; center_pmw=500+,mrs,NNS,500+,pos_review
auto,add,283,able,able,adjective,base,1,,high_school,2,center_exam,センター試験語彙リスト由来。意味は要補充,center_pos=JJ; center_pmw=100+,able,JJ,100+,
auto,add,308,paragraph,paragraph,noun,base,1,,high_school,2,center_exam,センター試験語彙リスト由来。意味は要補充,center_pos=NN; center_pmw=100+,paragraph,NN,100+,
auto,add,315,result,result,noun,base,1,,high_school,2,center_exam,センター試験語彙リスト由来。意味は要補充,center_pos=NN; center_pmw=100+,result,NN,100+,
auto,add,316,expect,expect,verb,base,1,,high_school,2,center_exam,センター試験語彙リスト由来。意味は要補充,center_pos=VVP; center_pmw=100+,expect,VVP,100+,
auto,add,318,clothe,clothe,verb,base,1,,high_school,2,center_exam,センター試験語彙リスト由来。意味は要補充,center_pos=VV; center_pmw=100+,clothe,VV,100+,
review,add,324,following,following,verb,present_participle,1,,high_school,2,center_exam,センター試験語彙リスト由来。意味は要補充,center_pos=VVG; center_pmw=100+,following,VVG,100+,pos_review
auto,add,346,john,john,noun,base,1,,high_school,2,center_exam,センター試験語彙リスト由来。意味は要補充,center_pos=NN; center_pmw=100+,john,NN,100+,
auto,add,351,develop,develop,verb,base,1,,high_school,2,center_exam,センター試験語彙リスト由来。意味は要補充,center_pos=VV; center_pmw=100+,develop,VV,100+,
auto,add,352,dr,dr,noun,base,1,,high_school,2,center_exam,センター試験語彙リスト由来。意味は要補充,center_pos=NN; center_pmw=100+,dr,NN,100+,
auto,add,355,society,society,noun,base,1,,high_school,2,center_exam,センター試験語彙リスト由来。意味は要補充,center_pos=NN; center_pmw=100+,society,NN,100+,
auto,add,361,amount,amount,noun,base,1,,high_school,2,center_exam,センター試験語彙リスト由来。意味は要補充,center_pos=NN; center_pmw=100+,amount,NN,100+,
auto,add,364,university,university,noun,base,1,,high_school,2,center_exam,センター試験語彙リスト由来。意味は要補充,center_pos=NN; center_pmw=100+,university,NN,100+,
auto,add,365,view,view,noun,base,1,,high_school,2,center_exam,センター試験語彙リスト由来。意味は要補充,center_pos=NN; center_pmw=100+,view,NN,100+,
auto,add,371,rather,rather,adverb,base,1,,high_school,2,center_exam,センター試験語彙リスト由来。意味は要補充,center_pos=RB; center_pmw=100+,rather,RB,100+,
auto,add,376,percentage,percentage,noun,base,1,,high_school,2,center_exam,センター試験語彙リスト由来。意味は要補充,center_pos=NN; center_pmw=100+,percentage,NN,100+,
auto,add,379,tom,tom,noun,base,1,,high_school,2,center_exam,センター試験語彙リスト由来。意味は要補充,center_pos=NN; center_pmw=100+,tom,NN,100+,
auto,add,381,create,create,verb,base,1,,high_school,2,center_exam,センター試験語彙リスト由来。意味は要補充,center_pos=VV; center_pmw=100+,create,VV,100+,
auto,add,390,cause,cause,noun,base,1,,high_school,2,center_exam,センター試験語彙リスト由来。意味は要補充,center_pos=NN; center_pmw=100+,cause,NN,100+,
auto,add,397,actually,actually,adverb,base,1,,high_school,2,center_exam,センター試験語彙リスト由来。意味は要補充,center_pos=RB; center_pmw=100+,actually,RB,100+,
auto,add,398,continue,continue,verb,base,1,,high_school,2,center_exam,センター試験語彙リスト由来。意味は要補充,center_pos=VV; center_pmw=100+,continue,VV,100+,
auto,add,399,improve,improve,verb,base,1,,high_school,2,center_exam,センター試験語彙リスト由来。意味は要補充,center_pos=VV; center_pmw=100+,improve,VV,100+,
auto,add,400,produce,produce,verb,base,1,,high_school,2,center_exam,センター試験語彙リスト由来。意味は要補充,center_pos=VV; center_pmw=100+,produce,VV,100+,
auto,add,405,possible,possible,adjective,base,1,,high_school,2,center_exam,センター試験語彙リスト由来。意味は要補充,center_pos=JJ; center_pmw=100+,possible,JJ,100+,
auto,add,418,consider,consider,verb,base,1,,high_school,2,center_exam,センター試験語彙リスト由来。意味は要補充,center_pos=VV; center_pmw=100+,consider,VV,100+,
auto,add,420,lead,lead,noun,base,1,,high_school,2,center_exam,センター試験語彙リスト由来。意味は要補充,center_pos=NN; center_pmw=100+,lead,NN,100+,
auto,add,428,provide,provide,verb,base,1,,high_school,2,center_exam,センター試験語彙リスト由来。意味は要補充,center_pos=VV; center_pmw=100+,provide,VV,100+,
auto,add,429,researcher,researcher,noun,base,1,,high_school,2,center_exam,センター試験語彙リスト由来。意味は要補充,center_pos=NN; center_pmw=100+,researcher,NN,100+,
auto,add,432,adult,adult,noun,base,1,,high_school,2,center_exam,センター試験語彙リスト由来。意味は要補充,center_pos=NN; center_pmw=100+,adult,NN,100+,
auto,add,436,suggest,suggest,verb,base,1,,high_school,2,center_exam,センター試験語彙リスト由来。意味は要補充,center_pos=VVP; center_pmw=100+,suggest,VVP,100+,
auto,add,439,cost,cost,noun,base,1,,high_school,2,center_exam,センター試験語彙リスト由来。意味は要補充,center_pos=NN; center_pmw=100+,cost,NN,100+,
auto,add,441,situation,situation,noun,base,1,,high_school,2,center_exam,センター試験語彙リスト由来。意味は要補充,center_pos=NN; center_pmw=100+,situation,NN,100+,
auto,add,443,likely,likely,adjective,base,1,,high_school,2,center_exam,センター試験語彙リスト由来。意味は要補充,center_pos=JJ; center_pmw=100+,likely,JJ,100+,
auto,add,445,television,television,noun,base,1,,high_school,2,center_exam,センター試験語彙リスト由来。意味は要補充,center_pos=NN; center_pmw=100+,television,NN,100+,
auto,add,446,agree,agree,verb,base,1,,high_school,2,center_exam,センター試験語彙リスト由来。意味は要補充,center_pos=VVP; center_pmw=100+,agree,VVP,100+,
auto,add,449,difference,difference,noun,base,1,,high_school,2,center_exam,センター試験語彙リスト由来。意味は要補充,center_pos=NN; center_pmw=100+,difference,NN,100+,
auto,add,451,offer,offer,noun,base,1,,high_school,2,center_exam,センター試験語彙リスト由来。意味は要補充,center_pos=NN; center_pmw=100+,offer,NN,100+,
auto,add,459,period,period,noun,base,1,,high_school,2,center_exam,センター試験語彙リスト由来。意味は要補充,center_pos=NN; center_pmw=100+,period,NN,100+,
auto,add,462,attention,attention,noun,base,1,,high_school,2,center_exam,センター試験語彙リスト由来。意味は要補充,center_pos=NN; center_pmw=100+,attention,NN,100+,
auto,add,466,population,population,noun,base,1,,high_school,2,center_exam,センター試験語彙リスト由来。意味は要補充,center_pos=NN; center_pmw=100+,population,NN,100+,
auto,add,468,several,several,adjective,base,1,,high_school,2,center_exam,センター試験語彙リスト由来。意味は要補充,center_pos=JJ; center_pmw=100+,several,JJ,100+,
auto,add,472,influence,influence,noun,base,1,,high_school,2,center_exam,センター試験語彙リスト由来。意味は要補充,center_pos=NN; center_pmw=100+,influence,NN,100+,
auto,add,474,notice,notice,noun,base,1,,high_school,2,center_exam,センター試験語彙リスト由来。意味は要補充,center_pos=NN; center_pmw=100+,notice,NN,100+,
auto,add,475,object,object,noun,base,1,,high_school,2,center_exam,センター試験語彙リスト由来。意味は要補充,center_pos=NN; center_pmw=100+,object,NN,100+,
auto,add,483,brain,brain,noun,base,1,,high_school,2,center_exam,センター試験語彙リスト由来。意味は要補充,center_pos=NN; center_pmw=100+,brain,NN,100+,
auto,add,485,control,control,noun,base,1,,high_school,2,center_exam,センター試験語彙リスト由来。意味は要補充,center_pos=NN; center_pmw=100+,control,NN,100+,
auto,add,487,foreign,foreign,adjective,base,1,,high_school,2,center_exam,センター試験語彙リスト由来。意味は要補充,center_pos=JJ; center_pmw=100+,foreign,JJ,100+,
auto,add,490,product,product,noun,base,1,,high_school,2,center_exam,センター試験語彙リスト由来。意味は要補充,center_pos=NN; center_pmw=100+,product,NN,100+,
auto,add,491,research,research,noun,base,1,,high_school,2,center_exam,センター試験語彙リスト由来。意味は要補充,center_pos=NN; center_pmw=100+,research,NN,100+,
auto,add,492,role,role,noun,base,1,,high_school,2,center_exam,センター試験語彙リスト由来。意味は要補充,center_pos=NN; center_pmw=100+,role,NN,100+,
auto,add,494,speaker,speaker,noun,base,1,,high_school,2,center_exam,センター試験語彙リスト由来。意味は要補充,center_pos=NN; center_pmw=100+,speaker,NN,100+,
auto,add,496,survey,survey,noun,base,1,,high_school,2,center_exam,センター試験語彙リスト由来。意味は要補充,center_pos=NN; center_pmw=100+,survey,NN,100+,
auto,add,497,clear,clear,adjective,base,1,,high_school,2,center_exam,センター試験語彙リスト由来。意味は要補充,center_pos=JJ; center_pmw=100+,clear,JJ,100+,
auto,add,509,concern,concern,noun,base,1,,high_school,2,center_exam,センター試験語彙リスト由来。意味は要補充,center_pos=NN; center_pmw=100+,concern,NN,100+,
auto,add,511,form,form,noun,base,1,,high_school,2,center_exam,センター試験語彙リスト由来。意味は要補充,center_pos=NN; center_pmw=100+,form,NN,100+,
auto,add,513,local,local,adjective,base,1,,high_school,2,center_exam,センター試験語彙リスト由来。意味は要補充,center_pos=JJ; center_pmw=100+,local,JJ,100+,
auto,add,517,opinion,opinion,noun,base,1,,high_school,2,center_exam,センター試験語彙リスト由来。意味は要補充,center_pos=NN; center_pmw=100+,opinion,NN,100+,
auto,add,518,prefer,prefer,verb,base,1,,high_school,2,center_exam,センター試験語彙リスト由来。意味は要補充,center_pos=VVP; center_pmw=100+,prefer,VVP,100+,
auto,add,521,allow,allow,verb,base,1,,high_school,2,center_exam,センター試験語彙リスト由来。意味は要補充,center_pos=VV; center_pmw=100+,allow,VV,100+,
auto,add,525,remain,remain,verb,base,1,,high_school,2,center_exam,センター試験語彙リスト由来。意味は要補充,center_pos=VV; center_pmw=100+,remain,VV,100+,
auto,add,526,stress,stress,noun,base,1,,high_school,2,center_exam,センター試験語彙リスト由来。意味は要補充,center_pos=NN; center_pmw=100+,stress,NN,100+,
auto,add,527,system,system,noun,base,1,,high_school,2,center_exam,センター試験語彙リスト由来。意味は要補充,center_pos=NN; center_pmw=100+,system,NN,100+,
auto,add,529,bill,bill,noun,base,1,,high_school,2,center_exam,センター試験語彙リスト由来。意味は要補充,center_pos=NN; center_pmw=100+,bill,NN,100+,
auto,add,533,method,method,noun,base,1,,high_school,2,center_exam,センター試験語彙リスト由来。意味は要補充,center_pos=NN; center_pmw=100+,method,NN,100+,
auto,add,535,require,require,verb,base,1,,high_school,2,center_exam,センター試験語彙リスト由来。意味は要補充,center_pos=VV; center_pmw=100+,require,VV,100+,
auto,add,541,statement,statement,noun,base,1,,high_school,2,center_exam,センター試験語彙リスト由来。意味は要補充,center_pos=NN; center_pmw=100+,statement,NN,100+,
auto,add,544,unite,unite,verb,base,1,,high_school,2,center_exam,センター試験語彙リスト由来。意味は要補充,center_pos=VV; center_pmw=100+,unite,VV,100+,
auto,add,545,various,various,adjective,base,1,,high_school,2,center_exam,センター試験語彙リスト由来。意味は要補充,center_pos=JJ; center_pmw=100+,various,JJ,100+,
auto,add,546,worker,worker,noun,base,1,,high_school,2,center_exam,センター試験語彙リスト由来。意味は要補充,center_pos=NN; center_pmw=100+,worker,NN,100+,
auto,add,549,condition,condition,noun,base,1,,high_school,2,center_exam,センター試験語彙リスト由来。意味は要補充,center_pos=NN; center_pmw=100+,condition,NN,100+,
auto,add,550,customer,customer,noun,base,1,,high_school,2,center_exam,センター試験語彙リスト由来。意味は要補充,center_pos=NN; center_pmw=100+,customer,NN,100+,
auto,add,551,depend,depend,verb,base,1,,high_school,2,center_exam,センター試験語彙リスト由来。意味は要補充,center_pos=VV; center_pmw=100+,depend,VV,100+,
auto,add,553,graph,graph,noun,base,1,,high_school,2,center_exam,センター試験語彙リスト由来。意味は要補充,center_pos=NN; center_pmw=100+,graph,NN,100+,
review,add,554,ms,ms,noun,plural,1,,high_school,2,center_exam,センター試験語彙リスト由来。意味は要補充,center_pos=NNS; center_pmw=100+,ms,NNS,100+,pos_review
auto,add,557,passage,passage,noun,base,1,,high_school,2,center_exam,センター試験語彙リスト由来。意味は要補充,center_pos=NN; center_pmw=100+,passage,NN,100+,
review,add,564,surprised,surprised,verb,past_participle,1,,high_school,2,center_exam,センター試験語彙リスト由来。意味は要補充,center_pos=VVN; center_pmw=100+,surprised,VVN,100+,pos_review
auto,add,565,trouble,trouble,noun,base,1,,high_school,2,center_exam,センター試験語彙リスト由来。意味は要補充,center_pos=NN; center_pmw=100+,trouble,NN,100+,
auto,add,566,value,value,noun,base,1,,high_school,2,center_exam,センター試験語彙リスト由来。意味は要補充,center_pos=NN; center_pmw=100+,value,NN,100+,
auto,add,568,design,design,noun,base,1,,high_school,2,center_exam,センター試験語彙リスト由来。意味は要補充,center_pos=NN; center_pmw=100+,design,NN,100+,
auto,add,571,experiment,experiment,noun,base,1,,high_school,2,center_exam,センター試験語彙リスト由来。意味は要補充,center_pos=NN; center_pmw=100+,experiment,NN,100+,
review,add,573,germany,germany,noun,base,1,,high_school,2,center_exam,センター試験語彙リスト由来。意味は要補充,center_pos=NP; center_pmw=100+,Germany,NP,100+,pos_review;proper_noun
auto,add,574,instead,instead,adverb,base,1,,high_school,2,center_exam,センター試験語彙リスト由来。意味は要補充,center_pos=RB; center_pmw=100+,instead,RB,100+,
auto,add,577,similar,similar,adjective,base,1,,high_school,2,center_exam,センター試験語彙リスト由来。意味は要補充,center_pos=JJ; center_pmw=100+,similar,JJ,100+,
auto,add,580,base,base,noun,base,1,,high_school,2,center_exam,センター試験語彙リスト由来。意味は要補充,center_pos=NN; center_pmw=100+,base,NN,100+,
auto,add,581,below,below,adverb,base,1,,high_school,2,center_exam,センター試験語彙リスト由来。意味は要補充,center_pos=RB; center_pmw=100+,below,RB,100+,
auto,add,582,bob,bob,noun,base,1,,high_school,2,center_exam,センター試験語彙リスト由来。意味は要補充,center_pos=NN; center_pmw=100+,bob,NN,100+,
review,add,586,internet,internet,noun,base,1,,high_school,2,center_exam,センター試験語彙リスト由来。意味は要補充,center_pos=NP; center_pmw=100+,Internet,NP,100+,pos_review;proper_noun
auto,add,592,accept,accept,verb,base,1,,high_school,2,center_exam,センター試験語彙リスト由来。意味は要補充,center_pos=VV; center_pmw=100+,accept,VV,100+,
auto,add,594,average,average,noun,base,1,,high_school,2,center_exam,センター試験語彙リスト由来。意味は要補充,center_pos=NN; center_pmw=100+,average,NN,100+,
auto,add,595,avoid,avoid,verb,base,1,,high_school,2,center_exam,センター試験語彙リスト由来。意味は要補充,center_pos=VV; center_pmw=100+,avoid,VV,100+,
auto,add,596,distance,distance,noun,base,1,,high_school,2,center_exam,センター試験語彙リスト由来。意味は要補充,center_pos=NN; center_pmw=100+,distance,NN,100+,
auto,add,598,environment,environment,noun,base,1,,high_school,2,center_exam,センター試験語彙リスト由来。意味は要補充,center_pos=NN; center_pmw=100+,environment,NN,100+,
auto,add,602,rate,rate,noun,base,1,,high_school,2,center_exam,センター試験語彙リスト由来。意味は要補充,center_pos=NN; center_pmw=100+,rate,NN,100+,
auto,add,607,describe,describe,verb,base,1,,high_school,2,center_exam,センター試験語彙リスト由来。意味は要補充,center_pos=VV; center_pmw=100+,describe,VV,100+,
auto,add,609,follow,follow,verb,base,1,,high_school,2,center_exam,センター試験語彙リスト由来。意味は要補充,center_pos=VV; center_pmw=100+,follow,VV,100+,
auto,add,619,skill,skill,noun,base,1,,high_school,2,center_exam,センター試験語彙リスト由来。意味は要補充,center_pos=NN; center_pmw=100+,skill,NN,100+,
auto,add,620,technology,technology,noun,base,1,,high_school,2,center_exam,センター試験語彙リスト由来。意味は要補充,center_pos=NN; center_pmw=100+,technology,NN,100+,
auto,add,623,attitude,attitude,noun,base,1,,high_school,2,center_exam,センター試験語彙リスト由来。意味は要補充,center_pos=NN; center_pmw=100+,attitude,NN,100+,
auto,add,624,behavior,behavior,noun,base,1,,high_school,2,center_exam,センター試験語彙リスト由来。意味は要補充,center_pos=NN; center_pmw=100+,behavior,NN,100+,
auto,add,630,major,major,adjective,base,1,,high_school,2,center_exam,センター試験語彙リスト由来。意味は要補充,center_pos=JJ; center_pmw=100+,major,JJ,100+,
auto,add,631,mention,mention,noun,base,1,,high_school,2,center_exam,センター試験語彙リスト由来。意味は要補充,center_pos=NN; center_pmw=100+,mention,NN,100+,
auto,add,633,opportunity,opportunity,noun,base,1,,high_school,2,center_exam,センター試験語彙リスト由来。意味は要補充,center_pos=NN; center_pmw=100+,opportunity,NN,100+,
auto,add,634,process,process,noun,base,1,,high_school,2,center_exam,センター試験語彙リスト由来。意味は要補充,center_pos=NN; center_pmw=100+,process,NN,100+,
auto,add,637,equal,equal,adjective,base,1,,high_school,2,center_exam,センター試験語彙リスト由来。意味は要補充,center_pos=JJ; center_pmw=100+,equal,JJ,100+,
review,add,639,france,france,noun,base,1,,high_school,2,center_exam,センター試験語彙リスト由来。意味は要補充,center_pos=NP; center_pmw=100+,France,NP,100+,pos_review;proper_noun
auto,add,641,issue,issue,noun,base,1,,high_school,2,center_exam,センター試験語彙リスト由来。意味は要補充,center_pos=NN; center_pmw=100+,issue,NN,100+,
auto,add,642,item,item,noun,base,1,,high_school,2,center_exam,センター試験語彙リスト由来。意味は要補充,center_pos=NN; center_pmw=100+,item,NN,100+,
auto,add,644,nation,nation,noun,base,1,,high_school,2,center_exam,センター試験語彙リスト由来。意味は要補充,center_pos=NN; center_pmw=100+,nation,NN,100+,
review,add,646,tokyo,tokyo,noun,base,1,,high_school,2,center_exam,センター試験語彙リスト由来。意味は要補充,center_pos=NP; center_pmw=100+,Tokyo,NP,100+,pos_review;proper_noun
auto,add,650,clearly,clearly,adverb,base,1,,high_school,2,center_exam,センター試験語彙リスト由来。意味は要補充,center_pos=RB; center_pmw=100+,clearly,RB,100+,
auto,add,651,comfortable,comfortable,adjective,base,1,,high_school,2,center_exam,センター試験語彙リスト由来。意味は要補充,center_pos=JJ; center_pmw=100+,comfortable,JJ,100+,
auto,add,653,education,education,noun,base,1,,high_school,2,center_exam,センター試験語彙リスト由来。意味は要補充,center_pos=NN; center_pmw=100+,education,NN,100+,
auto,add,654,encourage,encourage,verb,base,1,,high_school,2,center_exam,センター試験語彙リスト由来。意味は要補充,center_pos=VV; center_pmw=100+,encourage,VV,100+,
auto,add,662,online,online,adjective,base,1,,high_school,2,center_exam,センター試験語彙リスト由来。意味は要補充,center_pos=JJ; center_pmw=100+,online,JJ,100+,
auto,add,664,particular,particular,adjective,base,1,,high_school,2,center_exam,センター試験語彙リスト由来。意味は要補充,center_pos=JJ; center_pmw=100+,particular,JJ,100+,
auto,add,665,protect,protect,verb,base,1,,high_school,2,center_exam,センター試験語彙リスト由来。意味は要補充,center_pos=VV; center_pmw=100+,protect,VV,100+,
auto,add,668,suppose,suppose,verb,base,1,,high_school,2,center_exam,センター試験語彙リスト由来。意味は要補充,center_pos=VVP; center_pmw=100+,suppose,VVP,100+,
auto,add,669,tend,tend,verb,base,1,,high_school,2,center_exam,センター試験語彙リスト由来。意味は要補充,center_pos=VVP; center_pmw=100+,tend,VVP,100+,
auto,add,670,therefore,therefore,adverb,base,1,,high_school,2,center_exam,センター試験語彙リスト由来。意味は要補充,center_pos=RB; center_pmw=100+,therefore,RB,100+,
auto,add,671,weight,weight,noun,base,1,,high_school,2,center_exam,センター試験語彙リスト由来。意味は要補充,center_pos=NN; center_pmw=100+,weight,NN,100+,
auto,add,673,affect,affect,verb,base,1,,high_school,2,center_exam,センター試験語彙リスト由来。意味は要補充,center_pos=VV; center_pmw=100+,affect,VV,100+,
auto,add,674,development,development,noun,base,1,,high_school,2,center_exam,センター試験語彙リスト由来。意味は要補充,center_pos=NN; center_pmw=100+,development,NN,100+,
auto,add,679,perform,perform,verb,base,1,,high_school,2,center_exam,センター試験語彙リスト由来。意味は要補充,center_pos=VV; center_pmw=100+,perform,VV,100+,
auto,add,681,public,public,adjective,base,1,,high_school,2,center_exam,センター試験語彙リスト由来。意味は要補充,center_pos=JJ; center_pmw=100+,public,JJ,100+,
review,add,682,saying,saying,verb,present_participle,1,,high_school,2,center_exam,センター試験語彙リスト由来。意味は要補充,center_pos=VVG; center_pmw=100+,saying,VVG,100+,pos_review
auto,add,683,service,service,noun,base,1,,high_school,2,center_exam,センター試験語彙リスト由来。意味は要補充,center_pos=NN; center_pmw=100+,service,NN,100+,
auto,add,684,sheet,sheet,noun,base,1,,high_school,2,center_exam,センター試験語彙リスト由来。意味は要補充,center_pos=NN; center_pmw=100+,sheet,NN,100+,
auto,add,687,traffic,traffic,noun,base,1,,high_school,2,center_exam,センター試験語彙リスト由来。意味は要補充,center_pos=NN; center_pmw=100+,traffic,NN,100+,
auto,add,689,act,act,noun,base,1,,high_school,2,center_exam,センター試験語彙リスト由来。意味は要補充,center_pos=NN; center_pmw=100+,act,NN,100+,
auto,add,698,deal,deal,noun,base,1,,high_school,2,center_exam,センター試験語彙リスト由来。意味は要補充,center_pos=NN; center_pmw=100+,deal,NN,100+,
auto,add,699,express,express,adjective,base,1,,high_school,2,center_exam,センター試験語彙リスト由来。意味は要補充,center_pos=JJ; center_pmw=100+,express,JJ,100+,
auto,add,701,jack,jack,noun,base,1,,high_school,2,center_exam,センター試験語彙リスト由来。意味は要補充,center_pos=NN; center_pmw=100+,jack,NN,100+,
auto,add,707,shape,shape,noun,base,1,,high_school,2,center_exam,センター試験語彙リスト由来。意味は要補充,center_pos=NN; center_pmw=100+,shape,NN,100+,
auto,add,711,topic,topic,noun,base,1,,high_school,2,center_exam,センター試験語彙リスト由来。意味は要補充,center_pos=NN; center_pmw=100+,topic,NN,100+,
auto,add,713,appear,appear,verb,base,1,,high_school,2,center_exam,センター試験語彙リスト由来。意味は要補充,center_pos=VV; center_pmw=100+,appear,VV,100+,
auto,add,717,dangerous,dangerous,adjective,base,1,,high_school,2,center_exam,センター試験語彙リスト由来。意味は要補充,center_pos=JJ; center_pmw=100+,dangerous,JJ,100+,
auto,add,719,effect,effect,noun,base,1,,high_school,2,center_exam,センター試験語彙リスト由来。意味は要補充,center_pos=NN; center_pmw=100+,effect,NN,100+,
auto,add,721,finding,finding,noun,base,1,,high_school,2,center_exam,センター試験語彙リスト由来。意味は要補充,center_pos=NN; center_pmw=100+,finding,NN,100+,
auto,add,722,forward,forward,adverb,base,1,,high_school,2,center_exam,センター試験語彙リスト由来。意味は要補充,center_pos=RB; center_pmw=100+,forward,RB,100+,
auto,add,724,indicate,indicate,verb,base,1,,high_school,2,center_exam,センター試験語彙リスト由来。意味は要補充,center_pos=VVP; center_pmw=100+,indicate,VVP,100+,
auto,add,727,traditional,traditional,adjective,base,1,,high_school,2,center_exam,センター試験語彙リスト由来。意味は要補充,center_pos=JJ; center_pmw=100+,traditional,JJ,100+,
review,add,728,us(a),us(a),,,1,,high_school,2,center_exam,センター試験語彙リスト由来。意味は要補充,center_pos=; center_pmw=100+,US(A),,100+,pos_review;multiword_or_symbol;unknown_pos
auto,add,730,ability,ability,noun,base,1,,high_school,2,center_exam,センター試験語彙リスト由来。意味は要補充,center_pos=NN; center_pmw=100+,ability,NN,100+,
auto,add,736,complain,complain,verb,base,1,,high_school,2,center_exam,センター試験語彙リスト由来。意味は要補充,center_pos=VVP; center_pmw=100+,complain,VVP,100+,
auto,add,739,exactly,exactly,adverb,base,1,,high_school,2,center_exam,センター試験語彙リスト由来。意味は要補充,center_pos=RB; center_pmw=100+,exactly,RB,100+,
auto,add,740,expert,expert,noun,base,1,,high_school,2,center_exam,センター試験語彙リスト由来。意味は要補充,center_pos=NN; center_pmw=100+,expert,NN,100+,
auto,add,745,manage,manage,verb,base,1,,high_school,2,center_exam,センター試験語彙リスト由来。意味は要補充,center_pos=VV; center_pmw=100+,manage,VV,100+,
auto,add,747,purpose,purpose,noun,base,1,,high_school,2,center_exam,センター試験語彙リスト由来。意味は要補充,center_pos=NN; center_pmw=100+,purpose,NN,100+,
auto,add,748,represent,represent,verb,base,1,,high_school,2,center_exam,センター試験語彙リスト由来。意味は要補充,center_pos=VV; center_pmw=100+,represent,VV,100+,
auto,add,750,sally,sally,noun,base,1,,high_school,2,center_exam,センター試験語彙リスト由来。意味は要補充,center_pos=NN; center_pmw=100+,sally,NN,100+,
auto,add,753,stage,stage,noun,base,1,,high_school,2,center_exam,センター試験語彙リスト由来。意味は要補充,center_pos=NN; center_pmw=100+,stage,NN,100+,
auto,add,754,style,style,noun,base,1,,high_school,2,center_exam,センター試験語彙リスト由来。意味は要補充,center_pos=NN; center_pmw=100+,style,NN,100+,
auto,add,755,summit,summit,noun,base,1,,high_school,2,center_exam,センター試験語彙リスト由来。意味は要補充,center_pos=NN; center_pmw=100+,summit,NN,100+,
auto,add,756,support,support,noun,base,1,,high_school,2,center_exam,センター試験語彙リスト由来。意味は要補充,center_pos=NN; center_pmw=100+,support,NN,100+,
auto,add,760,community,community,noun,base,1,,high_school,2,center_exam,センター試験語彙リスト由来。意味は要補充,center_pos=NN; center_pmw=100+,community,NN,100+,
review,add,764,ken,ken,noun,base,1,,high_school,2,center_exam,センター試験語彙リスト由来。意味は要補充,center_pos=NP; center_pmw=100+,Ken,NP,100+,pos_review;proper_noun
auto,add,767,quality,quality,noun,base,1,,high_school,2,center_exam,センター試験語彙リスト由来。意味は要補充,center_pos=NN; center_pmw=100+,quality,NN,100+,
auto,add,768,recognize,recognize,verb,base,1,,high_school,2,center_exam,センター試験語彙リスト由来。意味は要補充,center_pos=VV; center_pmw=100+,recognize,VV,100+,
auto,add,770,reduce,reduce,verb,base,1,,high_school,2,center_exam,センター試験語彙リスト由来。意味は要補充,center_pos=VV; center_pmw=100+,reduce,VV,100+,
auto,add,774,contain,contain,verb,base,1,,high_school,2,center_exam,センター試験語彙リスト由来。意味は要補充,center_pos=VV; center_pmw=100+,contain,VV,100+,
auto,add,775,convenient,convenient,adjective,base,1,,high_school,2,center_exam,センター試験語彙リスト由来。意味は要補充,center_pos=JJ; center_pmw=100+,convenient,JJ,100+,
auto,add,777,difficulty,difficulty,noun,base,1,,high_school,2,center_exam,センター試験語彙リスト由来。意味は要補充,center_pos=NN; center_pmw=100+,difficulty,NN,100+,
auto,add,778,economic,economic,adjective,base,1,,high_school,2,center_exam,センター試験語彙リスト由来。意味は要補充,center_pos=JJ; center_pmw=100+,economic,JJ,100+,
auto,add,779,familiar,familiar,adjective,base,1,,high_school,2,center_exam,センター試験語彙リスト由来。意味は要補充,center_pos=JJ; center_pmw=100+,familiar,JJ,100+,
auto,add,788,prepare,prepare,verb,base,1,,high_school,2,center_exam,センター試験語彙リスト由来。意味は要補充,center_pos=VV; center_pmw=100+,prepare,VV,100+,
auto,add,791,serve,serve,verb,base,1,,high_school,2,center_exam,センター試験語彙リスト由来。意味は要補充,center_pos=VV; center_pmw=100+,serve,VV,100+,
auto,add,793,suitcase,suitcase,noun,base,1,,high_school,2,center_exam,センター試験語彙リスト由来。意味は要補充,center_pos=NN; center_pmw=100+,suitcase,NN,100+,
auto,add,798,beginning,beginning,noun,base,1,,high_school,2,center_exam,センター試験語彙リスト由来。意味は要補充,center_pos=NN; center_pmw=100+,beginning,NN,100+,
auto,add,799,bite,bite,noun,base,1,,high_school,2,center_exam,センター試験語彙リスト由来。意味は要補充,center_pos=NN; center_pmw=100+,bite,NN,100+,
auto,add,801,compare,compare,verb,base,1,,high_school,2,center_exam,センター試験語彙リスト由来。意味は要補充,center_pos=VV; center_pmw=100+,compare,VV,100+,
auto,add,804,due,due,adjective,base,1,,high_school,2,center_exam,センター試験語彙リスト由来。意味は要補充,center_pos=JJ; center_pmw=100+,due,JJ,100+,
auto,add,807,heat,heat,noun,base,1,,high_school,2,center_exam,センター試験語彙リスト由来。意味は要補充,center_pos=NN; center_pmw=100+,heat,NN,100+,
auto,add,813,tourist,tourist,noun,base,1,,high_school,2,center_exam,センター試験語彙リスト由来。意味は要補充,center_pos=NN; center_pmw=100+,tourist,NN,100+,
auto,add,817,alarm,alarm,noun,base,1,,high_school,2,center_exam,センター試験語彙リスト由来。意味は要補充,center_pos=NN; center_pmw=100+,alarm,NN,100+,
auto,add,818,content,content,noun,base,1,,high_school,2,center_exam,センター試験語彙リスト由来。意味は要補充,center_pos=NN; center_pmw=100+,content,NN,100+,
auto,add,819,convenience,convenience,noun,base,1,,high_school,2,center_exam,センター試験語彙リスト由来。意味は要補充,center_pos=NN; center_pmw=100+,convenience,NN,100+,
auto,add,820,department,department,noun,base,1,,high_school,2,center_exam,センター試験語彙リスト由来。意味は要補充,center_pos=NN; center_pmw=100+,department,NN,100+,
auto,add,821,factor,factor,noun,base,1,,high_school,2,center_exam,センター試験語彙リスト由来。意味は要補充,center_pos=NN; center_pmw=100+,factor,NN,100+,
auto,add,827,material,material,noun,base,1,,high_school,2,center_exam,センター試験語彙リスト由来。意味は要補充,center_pos=NN; center_pmw=100+,material,NN,100+,
auto,add,828,message,message,noun,base,1,,high_school,2,center_exam,センター試験語彙リスト由来。意味は要補充,center_pos=NN; center_pmw=100+,message,NN,100+,
auto,add,830,participate,participate,verb,base,1,,high_school,2,center_exam,センター試験語彙リスト由来。意味は要補充,center_pos=VV; center_pmw=100+,participate,VV,100+,
auto,add,831,passenger,passenger,noun,base,1,,high_school,2,center_exam,センター試験語彙リスト由来。意味は要補充,center_pos=NN; center_pmw=100+,passenger,NN,100+,
auto,add,834,recent,recent,adjective,base,1,,high_school,2,center_exam,センター試験語彙リスト由来。意味は要補充,center_pos=JJ; center_pmw=100+,recent,JJ,100+,
auto,add,835,repair,repair,noun,base,1,,high_school,2,center_exam,センター試験語彙リスト由来。意味は要補充,center_pos=NN; center_pmw=100+,repair,NN,100+,
auto,add,836,satisfy,satisfy,verb,base,1,,high_school,2,center_exam,センター試験語彙リスト由来。意味は要補充,center_pos=VV; center_pmw=100+,satisfy,VV,100+,
auto,add,840,total,total,adjective,base,1,,high_school,2,center_exam,センター試験語彙リスト由来。意味は要補充,center_pos=JJ; center_pmw=100+,total,JJ,100+,
auto,add,842,advantage,advantage,noun,base,1,,high_school,2,center_exam,センター試験語彙リスト由来。意味は要補充,center_pos=NN; center_pmw=100+,advantage,NN,100+,
auto,add,843,argue,argue,verb,base,1,,high_school,2,center_exam,センター試験語彙リスト由来。意味は要補充,center_pos=VVP; center_pmw=100+,argue,VVP,100+,
auto,add,846,butterfly,butterfly,noun,base,1,,high_school,2,center_exam,センター試験語彙リスト由来。意味は要補充,center_pos=NN; center_pmw=100+,butterfly,NN,100+,
auto,add,847,calorie,calorie,noun,base,1,,high_school,2,center_exam,センター試験語彙リスト由来。意味は要補充,center_pos=NN; center_pmw=100+,calorie,NN,100+,
auto,add,849,complete,complete,adjective,base,1,,high_school,2,center_exam,センター試験語彙リスト由来。意味は要補充,center_pos=JJ; center_pmw=100+,complete,JJ,100+,
review,add,851,déjà(-vu),déjà(-vu),,,1,,high_school,2,center_exam,センター試験語彙リスト由来。意味は要補充,center_pos=; center_pmw=100+,déjà(-vu),,100+,pos_review;multiword_or_symbol;unknown_pos
auto,add,854,figure,figure,noun,base,1,,high_school,2,center_exam,センター試験語彙リスト由来。意味は要補充,center_pos=NN; center_pmw=100+,figure,NN,100+,
auto,add,858,glen,glen,noun,base,1,,high_school,2,center_exam,センター試験語彙リスト由来。意味は要補充,center_pos=NN; center_pmw=100+,glen,NN,100+,
auto,add,859,government,government,noun,base,1,,high_school,2,center_exam,センター試験語彙リスト由来。意味は要補充,center_pos=NN; center_pmw=100+,government,NN,100+,
auto,add,860,instance,instance,noun,base,1,,high_school,2,center_exam,センター試験語彙リスト由来。意味は要補充,center_pos=NN; center_pmw=100+,instance,NN,100+,
auto,add,861,leisure,leisure,noun,base,1,,high_school,2,center_exam,センター試験語彙リスト由来。意味は要補充,center_pos=NN; center_pmw=100+,leisure,NN,100+,
review,add,862,lower,lower,adjective,comparative,1,,high_school,2,center_exam,センター試験語彙リスト由来。意味は要補充,center_pos=JJR; center_pmw=100+,lower,JJR,100+,pos_review
auto,add,865,quilt,quilt,noun,base,1,,high_school,2,center_exam,センター試験語彙リスト由来。意味は要補充,center_pos=NN; center_pmw=100+,quilt,NN,100+,
auto,add,867,task,task,noun,base,1,,high_school,2,center_exam,センター試験語彙リスト由来。意味は要補充,center_pos=NN; center_pmw=100+,task,NN,100+,
auto,add,868,transportation,transportation,noun,base,1,,high_school,2,center_exam,センター試験語彙リスト由来。意味は要補充,center_pos=NN; center_pmw=100+,transportation,NN,100+,
auto,add,873,appreciate,appreciate,verb,base,1,,high_school,2,center_exam,センター試験語彙リスト由来。意味は要補充,center_pos=VV; center_pmw=100+,appreciate,VV,100+,
auto,add,874,approach,approach,noun,base,1,,high_school,2,center_exam,センター試験語彙リスト由来。意味は要補充,center_pos=NN; center_pmw=100+,approach,NN,100+,
review,add,876,born,born,verb,past_participle,1,,high_school,2,center_exam,センター試験語彙リスト由来。意味は要補充,center_pos=VVN; center_pmw=100+,born,VVN,100+,pos_review
review,add,881,indian,indian,noun,base,1,,high_school,2,center_exam,センター試験語彙リスト由来。意味は要補充,center_pos=NP; center_pmw=100+,Indian,NP,100+,pos_review;proper_noun
auto,add,883,level,level,noun,base,1,,high_school,2,center_exam,センター試験語彙リスト由来。意味は要補充,center_pos=NN; center_pmw=100+,level,NN,100+,
auto,add,884,limit,limit,noun,base,1,,high_school,2,center_exam,センター試験語彙リスト由来。意味は要補充,center_pos=NN; center_pmw=100+,limit,NN,100+,
auto,add,885,nervous,nervous,adjective,base,1,,high_school,2,center_exam,センター試験語彙リスト由来。意味は要補充,center_pos=JJ; center_pmw=100+,nervous,JJ,100+,
auto,add,886,original,original,adjective,base,1,,high_school,2,center_exam,センター試験語彙リスト由来。意味は要補充,center_pos=JJ; center_pmw=100+,original,JJ,100+,
auto,add,887,photograph,photograph,noun,base,1,,high_school,2,center_exam,センター試験語彙リスト由来。意味は要補充,center_pos=NN; center_pmw=100+,photograph,NN,100+,
auto,add,888,progress,progress,noun,base,1,,high_school,2,center_exam,センター試験語彙リスト由来。意味は要補充,center_pos=NN; center_pmw=100+,progress,NN,100+,
auto,add,889,ray,ray,noun,base,1,,high_school,2,center_exam,センター試験語彙リスト由来。意味は要補充,center_pos=NN; center_pmw=100+,ray,NN,100+,
auto,add,894,serious,serious,adjective,base,1,,high_school,2,center_exam,センター試験語彙リスト由来。意味は要補充,center_pos=JJ; center_pmw=100+,serious,JJ,100+,
auto,add,897,successful,successful,adjective,base,1,,high_school,2,center_exam,センター試験語彙リスト由来。意味は要補充,center_pos=JJ; center_pmw=100+,successful,JJ,100+,
auto,add,899,upset,upset,adjective,base,1,,high_school,2,center_exam,センター試験語彙リスト由来。意味は要補充,center_pos=JJ; center_pmw=100+,upset,JJ,100+,
auto,add,903,atmosphere,atmosphere,noun,base,1,,high_school,2,center_exam,センター試験語彙リスト由来。意味は要補充,center_pos=NN; center_pmw=100+,atmosphere,NN,100+,
auto,add,904,attract,attract,verb,base,1,,high_school,2,center_exam,センター試験語彙リスト由来。意味は要補充,center_pos=VV; center_pmw=100+,attract,VV,100+,
auto,add,905,benefit,benefit,noun,base,1,,high_school,2,center_exam,センター試験語彙リスト由来。意味は要補充,center_pos=NN; center_pmw=100+,benefit,NN,100+,
auto,add,909,choice,choice,noun,base,1,,high_school,2,center_exam,センター試験語彙リスト由来。意味は要補充,center_pos=NN; center_pmw=100+,choice,NN,100+,
auto,add,910,communicate,communicate,verb,base,1,,high_school,2,center_exam,センター試験語彙リスト由来。意味は要補充,center_pos=VV; center_pmw=100+,communicate,VV,100+,
auto,add,914,meal,meal,noun,base,1,,high_school,2,center_exam,センター試験語彙リスト由来。意味は要補充,center_pos=NN; center_pmw=100+,meal,NN,100+,
review,add,915,new york,new york,,,1,,high_school,2,center_exam,センター試験語彙リスト由来。意味は要補充,center_pos=; center_pmw=100+,New York,,100+,pos_review;multiword_or_symbol;proper_noun;unknown_pos
auto,add,916,occur,occur,verb,base,1,,high_school,2,center_exam,センター試験語彙リスト由来。意味は要補充,center_pos=VV; center_pmw=100+,occur,VV,100+,
auto,add,919,physical,physical,adjective,base,1,,high_school,2,center_exam,センター試験語彙リスト由来。意味は要補充,center_pos=JJ; center_pmw=100+,physical,JJ,100+,
auto,add,924,regard,regard,noun,base,1,,high_school,2,center_exam,センター試験語彙リスト由来。意味は要補充,center_pos=NN; center_pmw=100+,regard,NN,100+,
auto,add,925,schedule,schedule,noun,base,1,,high_school,2,center_exam,センター試験語彙リスト由来。意味は要補充,center_pos=NN; center_pmw=100+,schedule,NN,100+,
auto,add,926,slightly,slightly,adverb,base,1,,high_school,2,center_exam,センター試験語彙リスト由来。意味は要補充,center_pos=RB; center_pmw=100+,slightly,RB,100+,
auto,add,928,strategy,strategy,noun,base,1,,high_school,2,center_exam,センター試験語彙リスト由来。意味は要補充,center_pos=NN; center_pmw=100+,strategy,NN,100+,
review,add,929,teenager,teenager,adjective,comparative,1,,high_school,2,center_exam,センター試験語彙リスト由来。意味は要補充,center_pos=JJR; center_pmw=100+,teenager,JJR,100+,pos_review
auto,add,933,advance,advance,noun,base,1,,high_school,2,center_exam,センター試験語彙リスト由来。意味は要補充,center_pos=NN; center_pmw=100+,advance,NN,100+,
auto,add,934,basic,basic,adjective,base,1,,high_school,2,center_exam,センター試験語彙リスト由来。意味は要補充,center_pos=JJ; center_pmw=100+,basic,JJ,100+,
auto,add,935,character,character,noun,base,1,,high_school,2,center_exam,センター試験語彙リスト由来。意味は要補充,center_pos=NN; center_pmw=100+,character,NN,100+,
auto,add,936,communication,communication,noun,base,1,,high_school,2,center_exam,センター試験語彙リスト由来。意味は要補充,center_pos=NN; center_pmw=100+,communication,NN,100+,
auto,add,937,conduct,conduct,noun,base,1,,high_school,2,center_exam,センター試験語彙リスト由来。意味は要補充,center_pos=NN; center_pmw=100+,conduct,NN,100+,
review,add,938,data,data,noun,plural,1,,high_school,2,center_exam,センター試験語彙リスト由来。意味は要補充,center_pos=NNS; center_pmw=100+,data,NNS,100+,pos_review
auto,add,939,decision,decision,noun,base,1,,high_school,2,center_exam,センター試験語彙リスト由来。意味は要補充,center_pos=NN; center_pmw=100+,decision,NN,100+,
auto,add,940,decrease,decrease,noun,base,1,,high_school,2,center_exam,センター試験語彙リスト由来。意味は要補充,center_pos=NN; center_pmw=100+,decrease,NN,100+,
auto,add,943,email,email,noun,base,1,,high_school,2,center_exam,センター試験語彙リスト由来。意味は要補充,center_pos=NN; center_pmw=100+,email,NN,100+,
auto,add,944,fear,fear,noun,base,1,,high_school,2,center_exam,センター試験語彙リスト由来。意味は要補充,center_pos=NN; center_pmw=100+,fear,NN,100+,
auto,add,950,leader,leader,noun,base,1,,high_school,2,center_exam,センター試験語彙リスト由来。意味は要補充,center_pos=NN; center_pmw=100+,leader,NN,100+,
auto,add,952,muscle,muscle,noun,base,1,,high_school,2,center_exam,センター試験語彙リスト由来。意味は要補充,center_pos=NN; center_pmw=100+,muscle,NN,100+,
auto,add,953,nearly,nearly,adverb,base,1,,high_school,2,center_exam,センター試験語彙リスト由来。意味は要補充,center_pos=RB; center_pmw=100+,nearly,RB,100+,
auto,add,954,opposite,opposite,adjective,base,1,,high_school,2,center_exam,センター試験語彙リスト由来。意味は要補充,center_pos=JJ; center_pmw=100+,opposite,JJ,100+,
auto,add,956,project,project,noun,base,1,,high_school,2,center_exam,センター試験語彙リスト由来。意味は要補充,center_pos=NN; center_pmw=100+,project,NN,100+,
auto,add,957,source,source,noun,base,1,,high_school,2,center_exam,センター試験語彙リスト由来。意味は要補充,center_pos=NN; center_pmw=100+,source,NN,100+,
auto,add,960,taste,taste,noun,base,1,,high_school,2,center_exam,センター試験語彙リスト由来。意味は要補充,center_pos=NN; center_pmw=100+,taste,NN,100+,
auto,add,962,variety,variety,noun,base,1,,high_school,2,center_exam,センター試験語彙リスト由来。意味は要補充,center_pos=NN; center_pmw=100+,variety,NN,100+,
auto,add,963,ancient,ancient,adjective,base,1,,high_school,2,center_exam,センター試験語彙リスト由来。意味は要補充,center_pos=JJ; center_pmw=100+,ancient,JJ,100+,
auto,add,971,effort,effort,noun,base,1,,high_school,2,center_exam,センター試験語彙リスト由来。意味は要補充,center_pos=NN; center_pmw=100+,effort,NN,100+,
auto,add,973,european,european,adjective,base,1,,high_school,2,center_exam,センター試験語彙リスト由来。意味は要補充,center_pos=JJ; center_pmw=100+,european,JJ,100+,
auto,add,977,image,image,noun,base,1,,high_school,2,center_exam,センター試験語彙リスト由来。意味は要補充,center_pos=NN; center_pmw=100+,image,NN,100+,
auto,add,978,involve,involve,verb,base,1,,high_school,2,center_exam,センター試験語彙リスト由来。意味は要補充,center_pos=VV; center_pmw=100+,involve,VV,100+,
auto,add,980,laser,laser,noun,base,1,,high_school,2,center_exam,センター試験語彙リスト由来。意味は要補充,center_pos=NN; center_pmw=100+,laser,NN,100+,
auto,add,988,ordinary,ordinary,adjective,base,1,,high_school,2,center_exam,センター試験語彙リスト由来。意味は要補充,center_pos=JJ; center_pmw=100+,ordinary,JJ,100+,
auto,add,989,pattern,pattern,noun,base,1,,high_school,2,center_exam,センター試験語彙リスト由来。意味は要補充,center_pos=NN; center_pmw=100+,pattern,NN,100+,
auto,add,990,performance,performance,noun,base,1,,high_school,2,center_exam,センター試験語彙リスト由来。意味は要補充,center_pos=NN; center_pmw=100+,performance,NN,100+,
auto,add,992,rodent,rodent,noun,base,1,,high_school,2,center_exam,センター試験語彙リスト由来。意味は要補充,center_pos=NN; center_pmw=100+,rodent,NN,100+,
auto,add,994,self,self,noun,base,1,,high_school,2,center_exam,センター試験語彙リスト由来。意味は要補充,center_pos=NN; center_pmw=100+,self,NN,100+,
review,add,995,species,species,noun,plural,1,,high_school,2,center_exam,センター試験語彙リスト由来。意味は要補充,center_pos=NNS; center_pmw=100+,species,NNS,100+,pos_review
auto,add,996,term,term,noun,base,1,,high_school,2,center_exam,センター試験語彙リスト由来。意味は要補充,center_pos=NN; center_pmw=100+,term,NN,100+,
auto,add,1000,access,access,noun,base,1,,high_school,2,center_exam,センター試験語彙リスト由来。意味は要補充,center_pos=NN; center_pmw=100+,access,NN,100+,
review,add,1001,brazil,brazil,noun,base,1,,high_school,2,center_exam,センター試験語彙リスト由来。意味は要補充,center_pos=NP; center_pmw=100+,Brazil,NP,100+,pos_review;proper_noun
auto,add,1003,elderly,elderly,adjective,base,1,,high_school,2,center_exam,センター試験語彙リスト由来。意味は要補充,center_pos=JJ; center_pmw=100+,elderly,JJ,100+,
auto,add,1004,essential,essential,adjective,base,1,,high_school,2,center_exam,センター試験語彙リスト由来。意味は要補充,center_pos=JJ; center_pmw=100+,essential,JJ,100+,
auto,add,1006,gain,gain,noun,base,1,,high_school,2,center_exam,センター試験語彙リスト由来。意味は要補充,center_pos=NN; center_pmw=100+,gain,NN,100+,
auto,add,1007,global,global,adjective,base,1,,high_school,2,center_exam,センター試験語彙リスト由来。意味は要補充,center_pos=JJ; center_pmw=100+,global,JJ,100+,
auto,add,1008,hate,hate,verb,base,1,,high_school,2,center_exam,センター試験語彙リスト由来。意味は要補充,center_pos=VVP; center_pmw=100+,hate,VVP,100+,
review,add,1010,helping,helping,verb,present_participle,1,,high_school,2,center_exam,センター試験語彙リスト由来。意味は要補充,center_pos=VVG; center_pmw=100+,helping,VVG,100+,pos_review
auto,add,1012,knowledge,knowledge,noun,base,1,,high_school,2,center_exam,センター試験語彙リスト由来。意味は要補充,center_pos=NN; center_pmw=100+,knowledge,NN,100+,
auto,add,1013,lack,lack,noun,base,1,,high_school,2,center_exam,センター試験語彙リスト由来。意味は要補充,center_pos=NN; center_pmw=100+,lack,NN,100+,
auto,add,1014,medical,medical,adjective,base,1,,high_school,2,center_exam,センター試験語彙リスト由来。意味は要補充,center_pos=JJ; center_pmw=100+,medical,JJ,100+,
review,add,1016,moving,moving,verb,present_participle,1,,high_school,2,center_exam,センター試験語彙リスト由来。意味は要補充,center_pos=VVG; center_pmw=100+,moving,VVG,100+,pos_review
auto,add,1018,peter,peter,noun,base,1,,high_school,2,center_exam,センター試験語彙リスト由来。意味は要補充,center_pos=NN; center_pmw=100+,peter,NN,100+,
auto,add,1019,respect,respect,noun,base,1,,high_school,2,center_exam,センター試験語彙リスト由来。意味は要補充,center_pos=NN; center_pmw=100+,respect,NN,100+,
auto,add,1022,simply,simply,adverb,base,1,,high_school,2,center_exam,センター試験語彙リスト由来。意味は要補充,center_pos=RB; center_pmw=100+,simply,RB,100+,
auto,add,1024,survive,survive,verb,base,1,,high_school,2,center_exam,センター試験語彙リスト由来。意味は要補充,center_pos=VV; center_pmw=100+,survive,VV,100+,
auto,add,1029,bother,bother,verb,base,1,,high_school,2,center_exam,センター試験語彙リスト由来。意味は要補充,center_pos=VV; center_pmw=100+,bother,VV,100+,
auto,add,1030,cell,cell,noun,base,1,,high_school,2,center_exam,センター試験語彙リスト由来。意味は要補充,center_pos=NN; center_pmw=100+,cell,NN,100+,
auto,add,1031,coal,coal,noun,base,1,,high_school,2,center_exam,センター試験語彙リスト由来。意味は要補充,center_pos=NN; center_pmw=100+,coal,NN,100+,
auto,add,1033,direction,direction,noun,base,1,,high_school,2,center_exam,センター試験語彙リスト由来。意味は要補充,center_pos=NN; center_pmw=100+,direction,NN,100+,
auto,add,1034,dot,dot,noun,base,1,,high_school,2,center_exam,センター試験語彙リスト由来。意味は要補充,center_pos=NN; center_pmw=100+,dot,NN,100+,
auto,add,1038,general,general,adjective,base,1,,high_school,2,center_exam,センター試験語彙リスト由来。意味は要補充,center_pos=JJ; center_pmw=100+,general,JJ,100+,
auto,add,1039,immediately,immediately,adverb,base,1,,high_school,2,center_exam,センター試験語彙リスト由来。意味は要補充,center_pos=RB; center_pmw=100+,immediately,RB,100+,
auto,add,1040,impossible,impossible,adjective,base,1,,high_school,2,center_exam,センター試験語彙リスト由来。意味は要補充,center_pos=JJ; center_pmw=100+,impossible,JJ,100+,
auto,add,1041,jenny,jenny,noun,base,1,,high_school,2,center_exam,センター試験語彙リスト由来。意味は要補充,center_pos=NN; center_pmw=100+,jenny,NN,100+,
auto,add,1047,patient,patient,noun,base,1,,high_school,2,center_exam,センター試験語彙リスト由来。意味は要補充,center_pos=NN; center_pmw=100+,patient,NN,100+,
auto,add,1049,pull,pull,verb,base,1,,high_school,2,center_exam,センター試験語彙リスト由来。意味は要補充,center_pos=VV; center_pmw=100+,pull,VV,100+,
auto,add,1051,relate,relate,verb,base,1,,high_school,2,center_exam,センター試験語彙リスト由来。意味は要補充,center_pos=VVP; center_pmw=100+,relate,VVP,100+,
auto,add,1052,responsibility,responsibility,noun,base,1,,high_school,2,center_exam,センター試験語彙リスト由来。意味は要補充,center_pos=NN; center_pmw=100+,responsibility,NN,100+,
auto,add,1053,steal,steal,verb,base,1,,high_school,2,center_exam,センター試験語彙リスト由来。意味は要補充,center_pos=VV; center_pmw=100+,steal,VV,100+,
auto,add,1055,understanding,understanding,noun,base,1,,high_school,2,center_exam,センター試験語彙リスト由来。意味は要補充,center_pos=NN; center_pmw=100+,understanding,NN,100+,
auto,add,1058,adjust,adjust,verb,base,1,,high_school,2,center_exam,センター試験語彙リスト由来。意味は要補充,center_pos=VV; center_pmw=100+,adjust,VV,100+,
auto,add,1061,button,button,noun,base,1,,high_school,2,center_exam,センター試験語彙リスト由来。意味は要補充,center_pos=NN; center_pmw=100+,button,NN,100+,
auto,add,1062,challenge,challenge,noun,base,1,,high_school,2,center_exam,センター試験語彙リスト由来。意味は要補充,center_pos=NN; center_pmw=100+,challenge,NN,100+,
auto,add,1063,cheap,cheap,adjective,base,1,,high_school,2,center_exam,センター試験語彙リスト由来。意味は要補充,center_pos=JJ; center_pmw=100+,cheap,JJ,100+,
auto,add,1064,completely,completely,adverb,base,1,,high_school,2,center_exam,センター試験語彙リスト由来。意味は要補充,center_pos=RB; center_pmw=100+,completely,RB,100+,
auto,add,1065,contrast,contrast,noun,base,1,,high_school,2,center_exam,センター試験語彙リスト由来。意味は要補充,center_pos=NN; center_pmw=100+,contrast,NN,100+,
auto,add,1066,correct,correct,adjective,base,1,,high_school,2,center_exam,センター試験語彙リスト由来。意味は要補充,center_pos=JJ; center_pmw=100+,correct,JJ,100+,
auto,add,1067,designer,designer,noun,base,1,,high_school,2,center_exam,センター試験語彙リスト由来。意味は要補充,center_pos=NN; center_pmw=100+,designer,NN,100+,
auto,add,1070,earn,earn,verb,base,1,,high_school,2,center_exam,センター試験語彙リスト由来。意味は要補充,center_pos=VV; center_pmw=100+,earn,VV,100+,
auto,add,1071,equipment,equipment,noun,base,1,,high_school,2,center_exam,センター試験語彙リスト由来。意味は要補充,center_pos=NN; center_pmw=100+,equipment,NN,100+,
auto,add,1072,everyday,everyday,adjective,base,1,,high_school,2,center_exam,センター試験語彙リスト由来。意味は要補充,center_pos=JJ; center_pmw=100+,everyday,JJ,100+,
auto,add,1073,examine,examine,verb,base,1,,high_school,2,center_exam,センター試験語彙リスト由来。意味は要補充,center_pos=VV; center_pmw=100+,examine,VV,100+,
auto,add,1074,exist,exist,verb,base,1,,high_school,2,center_exam,センター試験語彙リスト由来。意味は要補充,center_pos=VV; center_pmw=100+,exist,VV,100+,
auto,add,1076,function,function,noun,base,1,,high_school,2,center_exam,センター試験語彙リスト由来。意味は要補充,center_pos=NN; center_pmw=100+,function,NN,100+,
auto,add,1080,hiker,hiker,noun,base,1,,high_school,2,center_exam,センター試験語彙リスト由来。意味は要補充,center_pos=NN; center_pmw=100+,hiker,NN,100+,
auto,add,1082,import,import,noun,base,1,,high_school,2,center_exam,センター試験語彙リスト由来。意味は要補充,center_pos=NN; center_pmw=100+,import,NN,100+,
auto,add,1085,laughter,laughter,noun,base,1,,high_school,2,center_exam,センター試験語彙リスト由来。意味は要補充,center_pos=NN; center_pmw=100+,laughter,NN,100+,
auto,add,1086,locate,locate,verb,base,1,,high_school,2,center_exam,センター試験語彙リスト由来。意味は要補充,center_pos=VV; center_pmw=100+,locate,VV,100+,
auto,add,1087,missy,missy,noun,base,1,,high_school,2,center_exam,センター試験語彙リスト由来。意味は要補充,center_pos=NN; center_pmw=100+,missy,NN,100+,
auto,add,1090,psychologist,psychologist,noun,base,1,,high_school,2,center_exam,センター試験語彙リスト由来。意味は要補充,center_pos=NN; center_pmw=100+,psychologist,NN,100+,
auto,add,1093,relax,relax,verb,base,1,,high_school,2,center_exam,センター試験語彙リスト由来。意味は要補充,center_pos=VV; center_pmw=100+,relax,VV,100+,
auto,add,1095,single,single,adjective,base,1,,high_school,2,center_exam,センター試験語彙リスト由来。意味は要補充,center_pos=JJ; center_pmw=100+,single,JJ,100+,
auto,add,1096,surface,surface,noun,base,1,,high_school,2,center_exam,センター試験語彙リスト由来。意味は要補充,center_pos=NN; center_pmw=100+,surface,NN,100+,
auto,add,1097,surprise,surprise,noun,base,1,,high_school,2,center_exam,センター試験語彙リスト由来。意味は要補充,center_pos=NN; center_pmw=100+,surprise,NN,100+,
auto,add,1098,swimming,swimming,noun,base,1,,high_school,2,center_exam,センター試験語彙リスト由来。意味は要補充,center_pos=NN; center_pmw=100+,swimming,NN,100+,
auto,add,1103,apply,apply,verb,base,1,,high_school,2,center_exam,センター試験語彙リスト由来。意味は要補充,center_pos=VV; center_pmw=100+,apply,VV,100+,
auto,add,1104,appropriate,appropriate,adjective,base,1,,high_school,2,center_exam,センター試験語彙リスト由来。意味は要補充,center_pos=JJ; center_pmw=100+,appropriate,JJ,100+,
auto,add,1105,attend,attend,verb,base,1,,high_school,2,center_exam,センター試験語彙リスト由来。意味は要補充,center_pos=VV; center_pmw=100+,attend,VV,100+,
auto,add,1106,balance,balance,noun,base,1,,high_school,2,center_exam,センター試験語彙リスト由来。意味は要補充,center_pos=NN; center_pmw=100+,balance,NN,100+,
auto,add,1109,burn,burn,noun,base,1,,high_school,2,center_exam,センター試験語彙リスト由来。意味は要補充,center_pos=NN; center_pmw=100+,burn,NN,100+,
auto,add,1110,carol,carol,noun,base,1,,high_school,2,center_exam,センター試験語彙リスト由来。意味は要補充,center_pos=NN; center_pmw=100+,carol,NN,100+,
auto,add,1111,count,count,noun,base,1,,high_school,2,center_exam,センター試験語彙リスト由来。意味は要補充,center_pos=NN; center_pmw=100+,count,NN,100+,
review,add,1112,cox,cox,noun,base,1,,high_school,2,center_exam,センター試験語彙リスト由来。意味は要補充,center_pos=NP; center_pmw=100+,Cox,NP,100+,pos_review;proper_noun
auto,add,1114,diet,diet,noun,base,1,,high_school,2,center_exam,センター試験語彙リスト由来。意味は要補充,center_pos=NN; center_pmw=100+,diet,NN,100+,
auto,add,1118,explanation,explanation,noun,base,1,,high_school,2,center_exam,センター試験語彙リスト由来。意味は要補充,center_pos=NN; center_pmw=100+,explanation,NN,100+,
auto,add,1119,fashion,fashion,noun,base,1,,high_school,2,center_exam,センター試験語彙リスト由来。意味は要補充,center_pos=NN; center_pmw=100+,fashion,NN,100+,
auto,add,1120,fix,fix,noun,base,1,,high_school,2,center_exam,センター試験語彙リスト由来。意味は要補充,center_pos=NN; center_pmw=100+,fix,NN,100+,
auto,add,1124,handle,handle,verb,base,1,,high_school,2,center_exam,センター試験語彙リスト由来。意味は要補充,center_pos=VV; center_pmw=100+,handle,VV,100+,
auto,add,1125,hang,hang,verb,base,1,,high_school,2,center_exam,センター試験語彙リスト由来。意味は要補充,center_pos=VV; center_pmw=100+,hang,VV,100+,
auto,add,1126,hardly,hardly,adverb,base,1,,high_school,2,center_exam,センター試験語彙リスト由来。意味は要補充,center_pos=RB; center_pmw=100+,hardly,RB,100+,
auto,add,1128,hike,hike,noun,base,1,,high_school,2,center_exam,センター試験語彙リスト由来。意味は要補充,center_pos=NN; center_pmw=100+,hike,NN,100+,
auto,add,1130,joke,joke,noun,base,1,,high_school,2,center_exam,センター試験語彙リスト由来。意味は要補充,center_pos=NN; center_pmw=100+,joke,NN,100+,
auto,add,1133,note,note,noun,base,1,,high_school,2,center_exam,センター試験語彙リスト由来。意味は要補充,center_pos=NN; center_pmw=100+,note,NN,100+,
auto,add,1134,overseas,overseas,adverb,base,1,,high_school,2,center_exam,センター試験語彙リスト由来。意味は要補充,center_pos=RB; center_pmw=100+,overseas,RB,100+,
review,add,1138,surrounding,surrounding,verb,present_participle,1,,high_school,2,center_exam,センター試験語彙リスト由来。意味は要補充,center_pos=VVG; center_pmw=100+,surrounding,VVG,100+,pos_review
auto,add,1140,theory,theory,noun,base,1,,high_school,2,center_exam,センター試験語彙リスト由来。意味は要補充,center_pos=NN; center_pmw=100+,theory,NN,100+,
auto,add,1141,thus,thus,adverb,base,1,,high_school,2,center_exam,センター試験語彙リスト由来。意味は要補充,center_pos=RB; center_pmw=100+,thus,RB,100+,
auto,add,1142,truck,truck,noun,base,1,,high_school,2,center_exam,センター試験語彙リスト由来。意味は要補充,center_pos=NN; center_pmw=100+,truck,NN,100+,
review,add,1144,uk,uk,noun,base,1,,high_school,2,center_exam,センター試験語彙リスト由来。意味は要補充,center_pos=NP; center_pmw=100+,UK,NP,100+,pos_review;acronym;proper_noun
auto,add,1146,vinegar,vinegar,noun,base,1,,high_school,2,center_exam,センター試験語彙リスト由来。意味は要補充,center_pos=NN; center_pmw=100+,vinegar,NN,100+,
auto,add,1148,aspect,aspect,noun,base,1,,high_school,2,center_exam,センター試験語彙リスト由来。意味は要補充,center_pos=NN; center_pmw=100+,aspect,NN,100+,
auto,add,1151,consumption,consumption,noun,base,1,,high_school,2,center_exam,センター試験語彙リスト由来。意味は要補充,center_pos=NN; center_pmw=100+,consumption,NN,100+,
auto,add,1153,degree,degree,noun,base,1,,high_school,2,center_exam,センター試験語彙リスト由来。意味は要補充,center_pos=NN; center_pmw=100+,degree,NN,100+,
auto,add,1155,destination,destination,noun,base,1,,high_school,2,center_exam,センター試験語彙リスト由来。意味は要補充,center_pos=NN; center_pmw=100+,destination,NN,100+,
auto,add,1156,device,device,noun,base,1,,high_school,2,center_exam,センター試験語彙リスト由来。意味は要補充,center_pos=NN; center_pmw=100+,device,NN,100+,
auto,add,1157,digital,digital,adjective,base,1,,high_school,2,center_exam,センター試験語彙リスト由来。意味は要補充,center_pos=JJ; center_pmw=100+,digital,JJ,100+,
auto,add,1158,directly,directly,adverb,base,1,,high_school,2,center_exam,センター試験語彙リスト由来。意味は要補充,center_pos=RB; center_pmw=100+,directly,RB,100+,
auto,add,1159,dive,dive,noun,base,1,,high_school,2,center_exam,センター試験語彙リスト由来。意味は要補充,center_pos=NN; center_pmw=100+,dive,NN,100+,
auto,add,1161,exchange,exchange,noun,base,1,,high_school,2,center_exam,センター試験語彙リスト由来。意味は要補充,center_pos=NN; center_pmw=100+,exchange,NN,100+,
auto,add,1162,fit,fit,noun,base,1,,high_school,2,center_exam,センター試験語彙リスト由来。意味は要補充,center_pos=NN; center_pmw=100+,fit,NN,100+,
auto,add,1163,focus,focus,noun,base,1,,high_school,2,center_exam,センター試験語彙リスト由来。意味は要補充,center_pos=NN; center_pmw=100+,focus,NN,100+,
auto,add,1165,individual,individual,adjective,base,1,,high_school,2,center_exam,センター試験語彙リスト由来。意味は要補充,center_pos=JJ; center_pmw=100+,individual,JJ,100+,
auto,add,1167,km,km,noun,base,1,,high_school,2,center_exam,センター試験語彙リスト由来。意味は要補充,center_pos=NN; center_pmw=100+,km,NN,100+,
auto,add,1168,label,label,noun,base,1,,high_school,2,center_exam,センター試験語彙リスト由来。意味は要補充,center_pos=NN; center_pmw=100+,label,NN,100+,
auto,add,1171,officer,officer,noun,base,1,,high_school,2,center_exam,センター試験語彙リスト由来。意味は要補充,center_pos=NN; center_pmw=100+,officer,NN,100+,
auto,add,1172,popularity,popularity,noun,base,1,,high_school,2,center_exam,センター試験語彙リスト由来。意味は要補充,center_pos=NN; center_pmw=100+,popularity,NN,100+,
auto,add,1174,rainforest,rainforest,noun,base,1,,high_school,2,center_exam,センター試験語彙リスト由来。意味は要補充,center_pos=NN; center_pmw=100+,rainforest,NN,100+,
auto,add,1175,regular,regular,adjective,base,1,,high_school,2,center_exam,センター試験語彙リスト由来。意味は要補充,center_pos=JJ; center_pmw=100+,regular,JJ,100+,
auto,add,1176,relieve,relieve,verb,base,1,,high_school,2,center_exam,センター試験語彙リスト由来。意味は要補充,center_pos=VV; center_pmw=100+,relieve,VV,100+,
auto,add,1177,screen,screen,noun,base,1,,high_school,2,center_exam,センター試験語彙リスト由来。意味は要補充,center_pos=NN; center_pmw=100+,screen,NN,100+,
auto,add,1178,site,site,noun,base,1,,high_school,2,center_exam,センター試験語彙リスト由来。意味は要補充,center_pos=NN; center_pmw=100+,site,NN,100+,
auto,add,1188,active,active,adjective,base,1,,exam,2,center_exam,センター試験語彙リスト由来。意味は要補充,center_pos=JJ; center_pmw=50+,active,JJ,50+,
auto,add,1189,anywhere,anywhere,adverb,base,1,,exam,2,center_exam,センター試験語彙リスト由来。意味は要補充,center_pos=RB; center_pmw=50+,anywhere,RB,50+,
auto,add,1190,available,available,adjective,base,1,,exam,2,center_exam,センター試験語彙リスト由来。意味は要補充,center_pos=JJ; center_pmw=50+,available,JJ,50+,
auto,add,1192,block,block,noun,base,1,,exam,2,center_exam,センター試験語彙リスト由来。意味は要補充,center_pos=NN; center_pmw=50+,block,NN,50+,
auto,add,1194,campus,campus,noun,base,1,,exam,2,center_exam,センター試験語彙リスト由来。意味は要補充,center_pos=NN; center_pmw=50+,campus,NN,50+,
auto,add,1195,childhood,childhood,noun,base,1,,exam,2,center_exam,センター試験語彙リスト由来。意味は要補充,center_pos=NN; center_pmw=50+,childhood,NN,50+,
auto,add,1196,claim,claim,noun,base,1,,exam,2,center_exam,センター試験語彙リスト由来。意味は要補充,center_pos=NN; center_pmw=50+,claim,NN,50+,
auto,add,1198,confuse,confuse,verb,base,1,,exam,2,center_exam,センター試験語彙リスト由来。意味は要補充,center_pos=VV; center_pmw=50+,confuse,VV,50+,
auto,add,1202,determine,determine,verb,base,1,,exam,2,center_exam,センター試験語彙リスト由来。意味は要補充,center_pos=VV; center_pmw=50+,determine,VV,50+,
auto,add,1203,disappoint,disappoint,verb,base,1,,exam,2,center_exam,センター試験語彙リスト由来。意味は要補充,center_pos=VV; center_pmw=50+,disappoint,VV,50+,
auto,add,1204,effective,effective,adjective,base,1,,exam,2,center_exam,センター試験語彙リスト由来。意味は要補充,center_pos=JJ; center_pmw=50+,effective,JJ,50+,
auto,add,1205,escape,escape,noun,base,1,,exam,2,center_exam,センター試験語彙リスト由来。意味は要補充,center_pos=NN; center_pmw=50+,escape,NN,50+,
auto,add,1206,estimate,estimate,noun,base,1,,exam,2,center_exam,センター試験語彙リスト由来。意味は要補充,center_pos=NN; center_pmw=50+,estimate,NN,50+,
auto,add,1207,eventually,eventually,adverb,base,1,,exam,2,center_exam,センター試験語彙リスト由来。意味は要補充,center_pos=RB; center_pmw=50+,eventually,RB,50+,
auto,add,1209,flow,flow,noun,base,1,,exam,2,center_exam,センター試験語彙リスト由来。意味は要補充,center_pos=NN; center_pmw=50+,flow,NN,50+,
auto,add,1210,force,force,noun,base,1,,exam,2,center_exam,センター試験語彙リスト由来。意味は要補充,center_pos=NN; center_pmw=50+,force,NN,50+,
auto,add,1211,frequently,frequently,adverb,base,1,,exam,2,center_exam,センター試験語彙リスト由来。意味は要補充,center_pos=RB; center_pmw=50+,frequently,RB,50+,
auto,add,1212,gradually,gradually,adverb,base,1,,exam,2,center_exam,センター試験語彙リスト由来。意味は要補充,center_pos=RB; center_pmw=50+,gradually,RB,50+,
auto,add,1213,grandpa,grandpa,noun,base,1,,exam,2,center_exam,センター試験語彙リスト由来。意味は要補充,center_pos=NN; center_pmw=50+,grandpa,NN,50+,
auto,add,1217,maintain,maintain,verb,base,1,,exam,2,center_exam,センター試験語彙リスト由来。意味は要補充,center_pos=VV; center_pmw=50+,maintain,VV,50+,
auto,add,1219,movement,movement,noun,base,1,,exam,2,center_exam,センター試験語彙リスト由来。意味は要補充,center_pos=NN; center_pmw=50+,movement,NN,50+,
auto,add,1221,overall,overall,adjective,base,1,,exam,2,center_exam,センター試験語彙リスト由来。意味は要補充,center_pos=JJ; center_pmw=50+,overall,JJ,50+,
auto,add,1224,powerful,powerful,adjective,base,1,,exam,2,center_exam,センター試験語彙リスト由来。意味は要補充,center_pos=JJ; center_pmw=50+,powerful,JJ,50+,
auto,add,1225,promote,promote,verb,base,1,,exam,2,center_exam,センター試験語彙リスト由来。意味は要補充,center_pos=VV; center_pmw=50+,promote,VV,50+,
auto,add,1226,pupil,pupil,noun,base,1,,exam,2,center_exam,センター試験語彙リスト由来。意味は要補充,center_pos=NN; center_pmw=50+,pupil,NN,50+,
auto,add,1228,remove,remove,verb,base,1,,exam,2,center_exam,センター試験語彙リスト由来。意味は要補充,center_pos=VV; center_pmw=50+,remove,VV,50+,
auto,add,1229,respond,respond,verb,base,1,,exam,2,center_exam,センター試験語彙リスト由来。意味は要補充,center_pos=VV; center_pmw=50+,respond,VV,50+,
auto,add,1231,scene,scene,noun,base,1,,exam,2,center_exam,センター試験語彙リスト由来。意味は要補充,center_pos=NN; center_pmw=50+,scene,NN,50+,
auto,add,1232,search,search,noun,base,1,,exam,2,center_exam,センター試験語彙リスト由来。意味は要補充,center_pos=NN; center_pmw=50+,search,NN,50+,
auto,add,1233,skin,skin,noun,base,1,,exam,2,center_exam,センター試験語彙リスト由来。意味は要補充,center_pos=NN; center_pmw=50+,skin,NN,50+,
auto,add,1234,solution,solution,noun,base,1,,exam,2,center_exam,センター試験語彙リスト由来。意味は要補充,center_pos=NN; center_pmw=50+,solution,NN,50+,
auto,add,1235,somewhere,somewhere,adverb,base,1,,exam,2,center_exam,センター試験語彙リスト由来。意味は要補充,center_pos=RB; center_pmw=50+,somewhere,RB,50+,
auto,add,1236,spite,spite,noun,base,1,,exam,2,center_exam,センター試験語彙リスト由来。意味は要補充,center_pos=NN; center_pmw=50+,spite,NN,50+,
auto,add,1237,stare,stare,noun,base,1,,exam,2,center_exam,センター試験語彙リスト由来。意味は要補充,center_pos=NN; center_pmw=50+,stare,NN,50+,
auto,add,1244,vary,vary,verb,base,1,,exam,2,center_exam,センター試験語彙リスト由来。意味は要補充,center_pos=VVP; center_pmw=50+,vary,VVP,50+,
auto,add,1245,violin,violin,noun,base,1,,exam,2,center_exam,センター試験語彙リスト由来。意味は要補充,center_pos=NN; center_pmw=50+,violin,NN,50+,
auto,add,1247,attempt,attempt,noun,base,1,,exam,2,center_exam,センター試験語彙リスト由来。意味は要補充,center_pos=NN; center_pmw=50+,attempt,NN,50+,
auto,add,1251,comment,comment,noun,base,1,,exam,2,center_exam,センター試験語彙リスト由来。意味は要補充,center_pos=NN; center_pmw=50+,comment,NN,50+,
auto,add,1252,confidence,confidence,noun,base,1,,exam,2,center_exam,センター試験語彙リスト由来。意味は要補充,center_pos=NN; center_pmw=50+,confidence,NN,50+,
auto,add,1253,contribute,contribute,verb,base,1,,exam,2,center_exam,センター試験語彙リスト由来。意味は要補充,center_pos=VV; center_pmw=50+,contribute,VV,50+,
auto,add,1254,demand,demand,noun,base,1,,exam,2,center_exam,センター試験語彙リスト由来。意味は要補充,center_pos=NN; center_pmw=50+,demand,NN,50+,
auto,add,1256,differ,differ,verb,base,1,,exam,2,center_exam,センター試験語彙リスト由来。意味は要補充,center_pos=VV; center_pmw=50+,differ,VV,50+,
auto,add,1257,discount,discount,noun,base,1,,exam,2,center_exam,センター試験語彙リスト由来。意味は要補充,center_pos=NN; center_pmw=50+,discount,NN,50+,
auto,add,1259,economy,economy,noun,base,1,,exam,2,center_exam,センター試験語彙リスト由来。意味は要補充,center_pos=NN; center_pmw=50+,economy,NN,50+,
auto,add,1260,entertainment,entertainment,noun,base,1,,exam,2,center_exam,センター試験語彙リスト由来。意味は要補充,center_pos=NN; center_pmw=50+,entertainment,NN,50+,
auto,add,1261,extremely,extremely,adverb,base,1,,exam,2,center_exam,センター試験語彙リスト由来。意味は要補充,center_pos=RB; center_pmw=50+,extremely,RB,50+,
auto,add,1262,freedom,freedom,noun,base,1,,exam,2,center_exam,センター試験語彙リスト由来。意味は要補充,center_pos=NN; center_pmw=50+,freedom,NN,50+,
auto,add,1263,growth,growth,noun,base,1,,exam,2,center_exam,センター試験語彙リスト由来。意味は要補充,center_pos=NN; center_pmw=50+,growth,NN,50+,
auto,add,1266,imagination,imagination,noun,base,1,,exam,2,center_exam,センター試験語彙リスト由来。意味は要補充,center_pos=NN; center_pmw=50+,imagination,NN,50+,
auto,add,1267,importance,importance,noun,base,1,,exam,2,center_exam,センター試験語彙リスト由来。意味は要補充,center_pos=NN; center_pmw=50+,importance,NN,50+,
review,add,1269,korean,korean,adjective,base,1,,exam,2,center_exam,センター試験語彙リスト由来。意味は要補充,center_pos=JJ; center_pmw=50+,Korean,JJ,50+,proper_noun
auto,add,1271,master,master,noun,base,1,,exam,2,center_exam,センター試験語彙リスト由来。意味は要補充,center_pos=NN; center_pmw=50+,master,NN,50+,
auto,add,1274,naturally,naturally,adverb,base,1,,exam,2,center_exam,センター試験語彙リスト由来。意味は要補充,center_pos=RB; center_pmw=50+,naturally,RB,50+,
auto,add,1276,pleasure,pleasure,noun,base,1,,exam,2,center_exam,センター試験語彙リスト由来。意味は要補充,center_pos=NN; center_pmw=50+,pleasure,NN,50+,
auto,add,1277,pollution,pollution,noun,base,1,,exam,2,center_exam,センター試験語彙リスト由来。意味は要補充,center_pos=NN; center_pmw=50+,pollution,NN,50+,
auto,add,1278,portrait,portrait,noun,base,1,,exam,2,center_exam,センター試験語彙リスト由来。意味は要補充,center_pos=NN; center_pmw=50+,portrait,NN,50+,
auto,add,1279,procrastination,procrastination,noun,base,1,,exam,2,center_exam,センター試験語彙リスト由来。意味は要補充,center_pos=NN; center_pmw=50+,procrastination,NN,50+,
auto,add,1280,proportion,proportion,noun,base,1,,exam,2,center_exam,センター試験語彙リスト由来。意味は要補充,center_pos=NN; center_pmw=50+,proportion,NN,50+,
auto,add,1281,proud,proud,adjective,base,1,,exam,2,center_exam,センター試験語彙リスト由来。意味は要補充,center_pos=JJ; center_pmw=50+,proud,JJ,50+,
auto,add,1282,replace,replace,verb,base,1,,exam,2,center_exam,センター試験語彙リスト由来。意味は要補充,center_pos=VV; center_pmw=50+,replace,VV,50+,
auto,add,1283,rule,rule,noun,base,1,,exam,2,center_exam,センター試験語彙リスト由来。意味は要補充,center_pos=NN; center_pmw=50+,rule,NN,50+,
auto,add,1284,scientific,scientific,adjective,base,1,,exam,2,center_exam,センター試験語彙リスト由来。意味は要補充,center_pos=JJ; center_pmw=50+,scientific,JJ,50+,
auto,add,1285,shy,shy,adjective,base,1,,exam,2,center_exam,センター試験語彙リスト由来。意味は要補充,center_pos=JJ; center_pmw=50+,shy,JJ,50+,
auto,add,1288,stream,stream,noun,base,1,,exam,2,center_exam,センター試験語彙リスト由来。意味は要補充,center_pos=NN; center_pmw=50+,stream,NN,50+,
auto,add,1289,tofu,tofu,noun,base,1,,exam,2,center_exam,センター試験語彙リスト由来。意味は要補充,center_pos=NN; center_pmw=50+,tofu,NN,50+,
auto,add,1290,trend,trend,noun,base,1,,exam,2,center_exam,センター試験語彙リスト由来。意味は要補充,center_pos=NN; center_pmw=50+,trend,NN,50+,
auto,add,1291,trick,trick,noun,base,1,,exam,2,center_exam,センター試験語彙リスト由来。意味は要補充,center_pos=NN; center_pmw=50+,trick,NN,50+,
auto,add,1293,unable,unable,adjective,base,1,,exam,2,center_exam,センター試験語彙リスト由来。意味は要補充,center_pos=JJ; center_pmw=50+,unable,JJ,50+,
auto,add,1295,unusual,unusual,adjective,base,1,,exam,2,center_exam,センター試験語彙リスト由来。意味は要補充,center_pos=JJ; center_pmw=50+,unusual,JJ,50+,
auto,add,1298,admire,admire,verb,base,1,,exam,2,center_exam,センター試験語彙リスト由来。意味は要補充,center_pos=VV; center_pmw=50+,admire,VV,50+,
auto,add,1301,bilingual,bilingual,adjective,base,1,,exam,2,center_exam,センター試験語彙リスト由来。意味は要補充,center_pos=JJ; center_pmw=50+,bilingual,JJ,50+,
auto,add,1302,breath,breath,noun,base,1,,exam,2,center_exam,センター試験語彙リスト由来。意味は要補充,center_pos=NN; center_pmw=50+,breath,NN,50+,
auto,add,1306,clone,clone,noun,base,1,,exam,2,center_exam,センター試験語彙リスト由来。意味は要補充,center_pos=NN; center_pmw=50+,clone,NN,50+,
review,add,1307,co2,co2,noun,base,1,,exam,2,center_exam,センター試験語彙リスト由来。意味は要補充,center_pos=NP; center_pmw=50+,CO2,NP,50+,pos_review;acronym;proper_noun
auto,add,1308,connect,connect,verb,base,1,,exam,2,center_exam,センター試験語彙リスト由来。意味は要補充,center_pos=VV; center_pmw=50+,connect,VV,50+,
auto,add,1309,contact,contact,noun,base,1,,exam,2,center_exam,センター試験語彙リスト由来。意味は要補充,center_pos=NN; center_pmw=50+,contact,NN,50+,
auto,add,1310,delay,delay,noun,base,1,,exam,2,center_exam,センター試験語彙リスト由来。意味は要補充,center_pos=NN; center_pmw=50+,delay,NN,50+,
auto,add,1312,ease,ease,verb,base,1,,exam,2,center_exam,センター試験語彙リスト由来。意味は要補充,center_pos=VV; center_pmw=50+,ease,VV,50+,
auto,add,1314,extra,extra,adjective,base,1,,exam,2,center_exam,センター試験語彙リスト由来。意味は要補充,center_pos=JJ; center_pmw=50+,extra,JJ,50+,
auto,add,1315,facility,facility,noun,base,1,,exam,2,center_exam,センター試験語彙リスト由来。意味は要補充,center_pos=NN; center_pmw=50+,facility,NN,50+,
auto,add,1316,frame,frame,noun,base,1,,exam,2,center_exam,センター試験語彙リスト由来。意味は要補充,center_pos=NN; center_pmw=50+,frame,NN,50+,
auto,add,1317,furniture,furniture,noun,base,1,,exam,2,center_exam,センター試験語彙リスト由来。意味は要補充,center_pos=NN; center_pmw=50+,furniture,NN,50+,
auto,add,1318,hide,hide,verb,base,1,,exam,2,center_exam,センター試験語彙リスト由来。意味は要補充,center_pos=VV; center_pmw=50+,hide,VV,50+,
auto,add,1319,highly,highly,adverb,base,1,,exam,2,center_exam,センター試験語彙リスト由来。意味は要補充,center_pos=RB; center_pmw=50+,highly,RB,50+,
auto,add,1320,huge,huge,adjective,base,1,,exam,2,center_exam,センター試験語彙リスト由来。意味は要補充,center_pos=JJ; center_pmw=50+,huge,JJ,50+,
auto,add,1321,impression,impression,noun,base,1,,exam,2,center_exam,センター試験語彙リスト由来。意味は要補充,center_pos=NN; center_pmw=50+,impression,NN,50+,
auto,add,1322,improvement,improvement,noun,base,1,,exam,2,center_exam,センター試験語彙リスト由来。意味は要補充,center_pos=NN; center_pmw=50+,improvement,NN,50+,
auto,add,1327,mainly,mainly,adverb,base,1,,exam,2,center_exam,センター試験語彙リスト由来。意味は要補充,center_pos=RB; center_pmw=50+,mainly,RB,50+,
auto,add,1329,measure,measure,noun,base,1,,exam,2,center_exam,センター試験語彙リスト由来。意味は要補充,center_pos=NN; center_pmw=50+,measure,NN,50+,
auto,add,1331,native,native,adjective,base,1,,exam,2,center_exam,センター試験語彙リスト由来。意味は要補充,center_pos=JJ; center_pmw=50+,native,JJ,50+,
review,add,1332,oda,oda,noun,base,1,,exam,2,center_exam,センター試験語彙リスト由来。意味は要補充,center_pos=NP; center_pmw=50+,ODA,NP,50+,pos_review;acronym;proper_noun
auto,add,1333,owner,owner,noun,base,1,,exam,2,center_exam,センター試験語彙リスト由来。意味は要補充,center_pos=NN; center_pmw=50+,owner,NN,50+,
review,add,1334,paris,paris,noun,base,1,,exam,2,center_exam,センター試験語彙リスト由来。意味は要補充,center_pos=NP; center_pmw=50+,Paris,NP,50+,pos_review;proper_noun
auto,add,1335,path,path,noun,base,1,,exam,2,center_exam,センター試験語彙リスト由来。意味は要補充,center_pos=NN; center_pmw=50+,path,NN,50+,
auto,add,1336,preference,preference,noun,base,1,,exam,2,center_exam,センター試験語彙リスト由来。意味は要補充,center_pos=NN; center_pmw=50+,preference,NN,50+,
auto,add,1337,principle,principle,noun,base,1,,exam,2,center_exam,センター試験語彙リスト由来。意味は要補充,center_pos=NN; center_pmw=50+,principle,NN,50+,
auto,add,1338,rank,rank,noun,base,1,,exam,2,center_exam,センター試験語彙リスト由来。意味は要補充,center_pos=NN; center_pmw=50+,rank,NN,50+,
auto,add,1339,rapidly,rapidly,adverb,base,1,,exam,2,center_exam,センター試験語彙リスト由来。意味は要補充,center_pos=RB; center_pmw=50+,rapidly,RB,50+,
auto,add,1340,recommend,recommend,verb,base,1,,exam,2,center_exam,センター試験語彙リスト由来。意味は要補充,center_pos=VV; center_pmw=50+,recommend,VV,50+,
auto,add,1341,reflect,reflect,verb,base,1,,exam,2,center_exam,センター試験語彙リスト由来。意味は要補充,center_pos=VV; center_pmw=50+,reflect,VV,50+,
auto,add,1342,remind,remind,verb,base,1,,exam,2,center_exam,センター試験語彙リスト由来。意味は要補充,center_pos=VV; center_pmw=50+,remind,VV,50+,
auto,add,1343,response,response,noun,base,1,,exam,2,center_exam,センター試験語彙リスト由来。意味は要補充,center_pos=NN; center_pmw=50+,response,NN,50+,
auto,add,1344,risk,risk,noun,base,1,,exam,2,center_exam,センター試験語彙リスト由来。意味は要補充,center_pos=NN; center_pmw=50+,risk,NN,50+,
auto,add,1345,seed,seed,noun,base,1,,exam,2,center_exam,センター試験語彙リスト由来。意味は要補充,center_pos=NN; center_pmw=50+,seed,NN,50+,
auto,add,1346,sharp,sharp,adjective,base,1,,exam,2,center_exam,センター試験語彙リスト由来。意味は要補充,center_pos=JJ; center_pmw=50+,sharp,JJ,50+,
auto,add,1348,snowflake,snowflake,noun,base,1,,exam,2,center_exam,センター試験語彙リスト由来。意味は要補充,center_pos=NN; center_pmw=50+,snowflake,NN,50+,
auto,add,1350,suffer,suffer,verb,base,1,,exam,2,center_exam,センター試験語彙リスト由来。意味は要補充,center_pos=VV; center_pmw=50+,suffer,VV,50+,
auto,add,1351,target,target,noun,base,1,,exam,2,center_exam,センター試験語彙リスト由来。意味は要補充,center_pos=NN; center_pmw=50+,target,NN,50+,
auto,add,1352,terrible,terrible,adjective,base,1,,exam,2,center_exam,センター試験語彙リスト由来。意味は要補充,center_pos=JJ; center_pmw=50+,terrible,JJ,50+,
auto,add,1353,tide,tide,noun,base,1,,exam,2,center_exam,センター試験語彙リスト由来。意味は要補充,center_pos=NN; center_pmw=50+,tide,NN,50+,
auto,add,1357,widely,widely,adverb,base,1,,exam,2,center_exam,センター試験語彙リスト由来。意味は要補充,center_pos=RB; center_pmw=50+,widely,RB,50+,
auto,add,1359,yacht,yacht,noun,base,1,,exam,2,center_exam,センター試験語彙リスト由来。意味は要補充,center_pos=NN; center_pmw=50+,yacht,NN,50+,
auto,add,1361,account,account,noun,base,1,,exam,2,center_exam,センター試験語彙リスト由来。意味は要補充,center_pos=NN; center_pmw=50+,account,NN,50+,
auto,add,1362,actual,actual,adjective,base,1,,exam,2,center_exam,センター試験語彙リスト由来。意味は要補充,center_pos=JJ; center_pmw=50+,actual,JJ,50+,
auto,add,1363,assistant,assistant,adjective,base,1,,exam,2,center_exam,センター試験語彙リスト由来。意味は要補充,center_pos=JJ; center_pmw=50+,assistant,JJ,50+,
auto,add,1364,auction,auction,noun,base,1,,exam,2,center_exam,センター試験語彙リスト由来。意味は要補充,center_pos=NN; center_pmw=50+,auction,NN,50+,
auto,add,1365,brand,brand,noun,base,1,,exam,2,center_exam,センター試験語彙リスト由来。意味は要補充,center_pos=NN; center_pmw=50+,brand,NN,50+,
auto,add,1367,commonly,commonly,adverb,base,1,,exam,2,center_exam,センター試験語彙リスト由来。意味は要補充,center_pos=RB; center_pmw=50+,commonly,RB,50+,
auto,add,1368,crane,crane,noun,base,1,,exam,2,center_exam,センター試験語彙リスト由来。意味は要補充,center_pos=NN; center_pmw=50+,crane,NN,50+,
auto,add,1369,cultural,cultural,adjective,base,1,,exam,2,center_exam,センター試験語彙リスト由来。意味は要補充,center_pos=JJ; center_pmw=50+,cultural,JJ,50+,
auto,add,1374,dye,dye,noun,base,1,,exam,2,center_exam,センター試験語彙リスト由来。意味は要補充,center_pos=NN; center_pmw=50+,dye,NN,50+,
auto,add,1375,efficient,efficient,adjective,base,1,,exam,2,center_exam,センター試験語彙リスト由来。意味は要補充,center_pos=JJ; center_pmw=50+,efficient,JJ,50+,
auto,add,1377,feature,feature,noun,base,1,,exam,2,center_exam,センター試験語彙リスト由来。意味は要補充,center_pos=NN; center_pmw=50+,feature,NN,50+,
auto,add,1378,female,female,adjective,base,1,,exam,2,center_exam,センター試験語彙リスト由来。意味は要補充,center_pos=JJ; center_pmw=50+,female,JJ,50+,
auto,add,1382,fuel,fuel,noun,base,1,,exam,2,center_exam,センター試験語彙リスト由来。意味は要補充,center_pos=NN; center_pmw=50+,fuel,NN,50+,
auto,add,1383,gather,gather,verb,base,1,,exam,2,center_exam,センター試験語彙リスト由来。意味は要補充,center_pos=VV; center_pmw=50+,gather,VV,50+,
auto,add,1384,generally,generally,adverb,base,1,,exam,2,center_exam,センター試験語彙リスト由来。意味は要補充,center_pos=RB; center_pmw=50+,generally,RB,50+,
auto,add,1387,household,household,noun,base,1,,exam,2,center_exam,センター試験語彙リスト由来。意味は要補充,center_pos=NN; center_pmw=50+,household,NN,50+,
auto,add,1388,increasingly,increasingly,adverb,base,1,,exam,2,center_exam,センター試験語彙リスト由来。意味は要補充,center_pos=RB; center_pmw=50+,increasingly,RB,50+,
auto,add,1389,industrial,industrial,adjective,base,1,,exam,2,center_exam,センター試験語彙リスト由来。意味は要補充,center_pos=JJ; center_pmw=50+,industrial,JJ,50+,
auto,add,1390,insect,insect,noun,base,1,,exam,2,center_exam,センター試験語彙リスト由来。意味は要補充,center_pos=NN; center_pmw=50+,insect,NN,50+,
auto,add,1391,location,location,noun,base,1,,exam,2,center_exam,センター試験語彙リスト由来。意味は要補充,center_pos=NN; center_pmw=50+,location,NN,50+,
auto,add,1392,lock,lock,noun,base,1,,exam,2,center_exam,センター試験語彙リスト由来。意味は要補充,center_pos=NN; center_pmw=50+,lock,NN,50+,
auto,add,1395,manager,manager,noun,base,1,,exam,2,center_exam,センター試験語彙リスト由来。意味は要補充,center_pos=NN; center_pmw=50+,manager,NN,50+,
auto,add,1397,moderator,moderator,noun,base,1,,exam,2,center_exam,センター試験語彙リスト由来。意味は要補充,center_pos=NN; center_pmw=50+,moderator,NN,50+,
auto,add,1400,nut,nut,noun,base,1,,exam,2,center_exam,センター試験語彙リスト由来。意味は要補充,center_pos=NN; center_pmw=50+,nut,NN,50+,
auto,add,1401,observe,observe,verb,base,1,,exam,2,center_exam,センター試験語彙リスト由来。意味は要補充,center_pos=VVP; center_pmw=50+,observe,VVP,50+,
auto,add,1402,okay,okay,adjective,base,1,,exam,2,center_exam,センター試験語彙リスト由来。意味は要補充,center_pos=JJ; center_pmw=50+,okay,JJ,50+,
auto,add,1403,opening,opening,noun,base,1,,exam,2,center_exam,センター試験語彙リスト由来。意味は要補充,center_pos=NN; center_pmw=50+,opening,NN,50+,
auto,add,1404,particularly,particularly,adverb,base,1,,exam,2,center_exam,センター試験語彙リスト由来。意味は要補充,center_pos=RB; center_pmw=50+,particularly,RB,50+,
auto,add,1405,peal,peal,noun,base,1,,exam,2,center_exam,センター試験語彙リスト由来。意味は要補充,center_pos=NN; center_pmw=50+,peal,NN,50+,
auto,add,1407,plenty,plenty,noun,base,1,,exam,2,center_exam,センター試験語彙リスト由来。意味は要補充,center_pos=NN; center_pmw=50+,plenty,NN,50+,
auto,add,1409,positive,positive,adjective,base,1,,exam,2,center_exam,センター試験語彙リスト由来。意味は要補充,center_pos=JJ; center_pmw=50+,positive,JJ,50+,
auto,add,1411,production,production,noun,base,1,,exam,2,center_exam,センター試験語彙リスト由来。意味は要補充,center_pos=NN; center_pmw=50+,production,NN,50+,
auto,add,1412,prove,prove,verb,base,1,,exam,2,center_exam,センター試験語彙リスト由来。意味は要補充,center_pos=VV; center_pmw=50+,prove,VV,50+,
auto,add,1413,refer,refer,verb,base,1,,exam,2,center_exam,センター試験語彙リスト由来。意味は要補充,center_pos=VVP; center_pmw=50+,refer,VVP,50+,
auto,add,1414,refuse,refuse,verb,base,1,,exam,2,center_exam,センター試験語彙リスト由来。意味は要補充,center_pos=VVP; center_pmw=50+,refuse,VVP,50+,
auto,add,1415,relationship,relationship,noun,base,1,,exam,2,center_exam,センター試験語彙リスト由来。意味は要補充,center_pos=NN; center_pmw=50+,relationship,NN,50+,
auto,add,1416,rely,rely,verb,base,1,,exam,2,center_exam,センター試験語彙リスト由来。意味は要補充,center_pos=VV; center_pmw=50+,rely,VV,50+,
auto,add,1417,safety,safety,noun,base,1,,exam,2,center_exam,センター試験語彙リスト由来。意味は要補充,center_pos=NN; center_pmw=50+,safety,NN,50+,
auto,add,1418,satellite,satellite,noun,base,1,,exam,2,center_exam,センター試験語彙リスト由来。意味は要補充,center_pos=NN; center_pmw=50+,satellite,NN,50+,
auto,add,1419,seriously,seriously,adverb,base,1,,exam,2,center_exam,センター試験語彙リスト由来。意味は要補充,center_pos=RB; center_pmw=50+,seriously,RB,50+,
auto,add,1424,spread,spread,noun,base,1,,exam,2,center_exam,センター試験語彙リスト由来。意味は要補充,center_pos=NN; center_pmw=50+,spread,NN,50+,
auto,add,1425,strength,strength,noun,base,1,,exam,2,center_exam,センター試験語彙リスト由来。意味は要補充,center_pos=NN; center_pmw=50+,strength,NN,50+,
review,add,1427,taipei,taipei,noun,base,1,,exam,2,center_exam,センター試験語彙リスト由来。意味は要補充,center_pos=NP; center_pmw=50+,Taipei,NP,50+,pos_review;proper_noun
auto,add,1428,talent,talent,noun,base,1,,exam,2,center_exam,センター試験語彙リスト由来。意味は要補充,center_pos=NN; center_pmw=50+,talent,NN,50+,
auto,add,1430,treatment,treatment,noun,base,1,,exam,2,center_exam,センター試験語彙リスト由来。意味は要補充,center_pos=NN; center_pmw=50+,treatment,NN,50+,
auto,add,1431,wedding,wedding,noun,base,1,,exam,2,center_exam,センター試験語彙リスト由来。意味は要補充,center_pos=NN; center_pmw=50+,wedding,NN,50+,
auto,add,1434,achieve,achieve,verb,base,1,,exam,2,center_exam,センター試験語彙リスト由来。意味は要補充,center_pos=VV; center_pmw=50+,achieve,VV,50+,
auto,add,1435,acorn,acorn,noun,base,1,,exam,2,center_exam,センター試験語彙リスト由来。意味は要補充,center_pos=NN; center_pmw=50+,acorn,NN,50+,
auto,add,1436,advertise,advertise,verb,base,1,,exam,2,center_exam,センター試験語彙リスト由来。意味は要補充,center_pos=VV; center_pmw=50+,advertise,VV,50+,
review,add,1437,africa,africa,noun,base,1,,exam,2,center_exam,センター試験語彙リスト由来。意味は要補充,center_pos=NP; center_pmw=50+,Africa,NP,50+,pos_review;proper_noun
auto,add,1438,argument,argument,noun,base,1,,exam,2,center_exam,センター試験語彙リスト由来。意味は要補充,center_pos=NN; center_pmw=50+,argument,NN,50+,
auto,add,1439,arrange,arrange,verb,base,1,,exam,2,center_exam,センター試験語彙リスト由来。意味は要補充,center_pos=VV; center_pmw=50+,arrange,VV,50+,
auto,add,1440,arrangement,arrangement,noun,base,1,,exam,2,center_exam,センター試験語彙リスト由来。意味は要補充,center_pos=NN; center_pmw=50+,arrangement,NN,50+,
auto,add,1441,attractive,attractive,adjective,base,1,,exam,2,center_exam,センター試験語彙リスト由来。意味は要補充,center_pos=JJ; center_pmw=50+,attractive,JJ,50+,
auto,add,1442,batik,batik,noun,base,1,,exam,2,center_exam,センター試験語彙リスト由来。意味は要補充,center_pos=NN; center_pmw=50+,batik,NN,50+,
auto,add,1444,bid,bid,noun,base,1,,exam,2,center_exam,センター試験語彙リスト由来。意味は要補充,center_pos=NN; center_pmw=50+,bid,NN,50+,
auto,add,1445,britain,britain,noun,base,1,,exam,2,center_exam,センター試験語彙リスト由来。意味は要補充,center_pos=NN; center_pmw=50+,britain,NN,50+,
review,add,1446,camper,camper,adjective,comparative,1,,exam,2,center_exam,センター試験語彙リスト由来。意味は要補充,center_pos=JJR; center_pmw=50+,camper,JJR,50+,pos_review
auto,add,1447,cash,cash,noun,base,1,,exam,2,center_exam,センター試験語彙リスト由来。意味は要補充,center_pos=NN; center_pmw=50+,cash,NN,50+,
auto,add,1448,code,code,noun,base,1,,exam,2,center_exam,センター試験語彙リスト由来。意味は要補充,center_pos=NN; center_pmw=50+,code,NN,50+,
auto,add,1449,combine,combine,verb,base,1,,exam,2,center_exam,センター試験語彙リスト由来。意味は要補充,center_pos=VV; center_pmw=50+,combine,VV,50+,
auto,add,1450,complicate,complicate,verb,base,1,,exam,2,center_exam,センター試験語彙リスト由来。意味は要補充,center_pos=VV; center_pmw=50+,complicate,VV,50+,
auto,add,1452,definition,definition,noun,base,1,,exam,2,center_exam,センター試験語彙リスト由来。意味は要補充,center_pos=NN; center_pmw=50+,definition,NN,50+,
auto,add,1453,differently,differently,adverb,base,1,,exam,2,center_exam,センター試験語彙リスト由来。意味は要補充,center_pos=RB; center_pmw=50+,differently,RB,50+,
auto,add,1454,disagree,disagree,verb,base,1,,exam,2,center_exam,センター試験語彙リスト由来。意味は要補充,center_pos=VVP; center_pmw=50+,disagree,VVP,50+,
auto,add,1455,divide,divide,noun,base,1,,exam,2,center_exam,センター試験語彙リスト由来。意味は要補充,center_pos=NN; center_pmw=50+,divide,NN,50+,
auto,add,1456,double,double,adverb,base,1,,exam,2,center_exam,センター試験語彙リスト由来。意味は要補充,center_pos=RB; center_pmw=50+,double,RB,50+,
auto,add,1457,entire,entire,adjective,base,1,,exam,2,center_exam,センター試験語彙リスト由来。意味は要補充,center_pos=JJ; center_pmw=50+,entire,JJ,50+,
auto,add,1458,feather,feather,noun,base,1,,exam,2,center_exam,センター試験語彙リスト由来。意味は要補充,center_pos=NN; center_pmw=50+,feather,NN,50+,
auto,add,1459,frequency,frequency,noun,base,1,,exam,2,center_exam,センター試験語彙リスト由来。意味は要補充,center_pos=NN; center_pmw=50+,frequency,NN,50+,
review,add,1461,gnp,gnp,noun,base,1,,exam,2,center_exam,センター試験語彙リスト由来。意味は要補充,center_pos=NP; center_pmw=50+,GNP,NP,50+,pos_review;acronym;proper_noun
auto,add,1462,gorilla,gorilla,noun,base,1,,exam,2,center_exam,センター試験語彙リスト由来。意味は要補充,center_pos=NN; center_pmw=50+,gorilla,NN,50+,
auto,add,1463,grant,grant,noun,base,1,,exam,2,center_exam,センター試験語彙リスト由来。意味は要補充,center_pos=NN; center_pmw=50+,grant,NN,50+,
auto,add,1471,identify,identify,verb,base,1,,exam,2,center_exam,センター試験語彙リスト由来。意味は要補充,center_pos=VV; center_pmw=50+,identify,VV,50+,
auto,add,1472,interview,interview,noun,base,1,,exam,2,center_exam,センター試験語彙リスト由来。意味は要補充,center_pos=NN; center_pmw=50+,interview,NN,50+,
auto,add,1473,length,length,noun,base,1,,exam,2,center_exam,センター試験語彙リスト由来。意味は要補充,center_pos=NN; center_pmw=50+,length,NN,50+,
review,add,1474,lohas,lohas,noun,base,1,,exam,2,center_exam,センター試験語彙リスト由来。意味は要補充,center_pos=NP; center_pmw=50+,LOHAS,NP,50+,pos_review;acronym;proper_noun
auto,add,1475,magnet,magnet,noun,base,1,,exam,2,center_exam,センター試験語彙リスト由来。意味は要補充,center_pos=NN; center_pmw=50+,magnet,NN,50+,
auto,add,1476,male,male,adjective,base,1,,exam,2,center_exam,センター試験語彙リスト由来。意味は要補充,center_pos=JJ; center_pmw=50+,male,JJ,50+,
auto,add,1478,mike,mike,noun,base,1,,exam,2,center_exam,センター試験語彙リスト由来。意味は要補充,center_pos=NN; center_pmw=50+,mike,NN,50+,
auto,add,1479,monolingual,monolingual,adjective,base,1,,exam,2,center_exam,センター試験語彙リスト由来。意味は要補充,center_pos=JJ; center_pmw=50+,monolingual,JJ,50+,
auto,add,1480,moreover,moreover,adverb,base,1,,exam,2,center_exam,センター試験語彙リスト由来。意味は要補充,center_pos=RB; center_pmw=50+,moreover,RB,50+,
auto,add,1483,opera,opera,noun,base,1,,exam,2,center_exam,センター試験語彙リスト由来。意味は要補充,center_pos=NN; center_pmw=50+,opera,NN,50+,
auto,add,1485,plaid,plaid,noun,base,1,,exam,2,center_exam,センター試験語彙リスト由来。意味は要補充,center_pos=NN; center_pmw=50+,plaid,NN,50+,
auto,add,1486,prevent,prevent,verb,base,1,,exam,2,center_exam,センター試験語彙リスト由来。意味は要補充,center_pos=VV; center_pmw=50+,prevent,VV,50+,
auto,add,1487,puzzle,puzzle,noun,base,1,,exam,2,center_exam,センター試験語彙リスト由来。意味は要補充,center_pos=NN; center_pmw=50+,puzzle,NN,50+,
auto,add,1488,quantity,quantity,noun,base,1,,exam,2,center_exam,センター試験語彙リスト由来。意味は要補充,center_pos=NN; center_pmw=50+,quantity,NN,50+,
auto,add,1489,rent,rent,noun,base,1,,exam,2,center_exam,センター試験語彙リスト由来。意味は要補充,center_pos=NN; center_pmw=50+,rent,NN,50+,
auto,add,1490,retire,retire,verb,base,1,,exam,2,center_exam,センター試験語彙リスト由来。意味は要補充,center_pos=VV; center_pmw=50+,retire,VV,50+,
auto,add,1495,speed,speed,noun,base,1,,exam,2,center_exam,センター試験語彙リスト由来。意味は要補充,center_pos=NN; center_pmw=50+,speed,NN,50+,
auto,add,1497,switch,switch,noun,base,1,,exam,2,center_exam,センター試験語彙リスト由来。意味は要補充,center_pos=NN; center_pmw=50+,switch,NN,50+,
auto,add,1498,temperature,temperature,noun,base,1,,exam,2,center_exam,センター試験語彙リスト由来。意味は要補充,center_pos=NN; center_pmw=50+,temperature,NN,50+,
auto,add,1499,traveler,traveler,noun,base,1,,exam,2,center_exam,センター試験語彙リスト由来。意味は要補充,center_pos=NN; center_pmw=50+,traveler,NN,50+,
auto,add,1500,treat,treat,verb,base,1,,exam,2,center_exam,センター試験語彙リスト由来。意味は要補充,center_pos=VV; center_pmw=50+,treat,VV,50+,
auto,add,1501,turmeric,turmeric,noun,base,1,,exam,2,center_exam,センター試験語彙リスト由来。意味は要補充,center_pos=NN; center_pmw=50+,turmeric,NN,50+,
auto,add,1504,whatever,whatever,adjective,base,1,,exam,2,center_exam,センター試験語彙リスト由来。意味は要補充,center_pos=JJ; center_pmw=50+,whatever,JJ,50+,
review,add,1505,whenever,whenever,pronoun,base,1,,exam,2,center_exam,センター試験語彙リスト由来。意味は要補充,center_pos=WRB; center_pmw=50+,whenever,WRB,50+,pos_review
auto,add,1506,willing,willing,adjective,base,1,,exam,2,center_exam,センター試験語彙リスト由来。意味は要補充,center_pos=JJ; center_pmw=50+,willing,JJ,50+,
auto,add,1509,announce,announce,verb,base,1,,exam,2,center_exam,センター試験語彙リスト由来。意味は要補充,center_pos=VV; center_pmw=50+,announce,VV,50+,
auto,add,1510,appointment,appointment,noun,base,1,,exam,2,center_exam,センター試験語彙リスト由来。意味は要補充,center_pos=NN; center_pmw=50+,appointment,NN,50+,
auto,add,1512,aware,aware,adjective,base,1,,exam,2,center_exam,センター試験語彙リスト由来。意味は要補充,center_pos=JJ; center_pmw=50+,aware,JJ,50+,
auto,add,1513,background,background,noun,base,1,,exam,2,center_exam,センター試験語彙リスト由来。意味は要補充,center_pos=NN; center_pmw=50+,background,NN,50+,
auto,add,1514,bamboo,bamboo,noun,base,1,,exam,2,center_exam,センター試験語彙リスト由来。意味は要補充,center_pos=NN; center_pmw=50+,bamboo,NN,50+,
auto,add,1517,belief,belief,noun,base,1,,exam,2,center_exam,センター試験語彙リスト由来。意味は要補充,center_pos=NN; center_pmw=50+,belief,NN,50+,
review,add,1518,bore,bore,verb,past,1,,exam,2,center_exam,センター試験語彙リスト由来。意味は要補充,center_pos=VVD; center_pmw=50+,bore,VVD,50+,pos_review
auto,add,1519,boring,boring,adjective,base,1,,exam,2,center_exam,センター試験語彙リスト由来。意味は要補充,center_pos=JJ; center_pmw=50+,boring,JJ,50+,
auto,add,1522,closely,closely,adverb,base,1,,exam,2,center_exam,センター試験語彙リスト由来。意味は要補充,center_pos=RB; center_pmw=50+,closely,RB,50+,
auto,add,1523,coast,coast,noun,base,1,,exam,2,center_exam,センター試験語彙リスト由来。意味は要補充,center_pos=NN; center_pmw=50+,coast,NN,50+,
auto,add,1524,collection,collection,noun,base,1,,exam,2,center_exam,センター試験語彙リスト由来。意味は要補充,center_pos=NN; center_pmw=50+,collection,NN,50+,
auto,add,1525,competition,competition,noun,base,1,,exam,2,center_exam,センター試験語彙リスト由来。意味は要補充,center_pos=NN; center_pmw=50+,competition,NN,50+,
auto,add,1526,concentrate,concentrate,verb,base,1,,exam,2,center_exam,センター試験語彙リスト由来。意味は要補充,center_pos=VV; center_pmw=50+,concentrate,VV,50+,
auto,add,1527,conclude,conclude,verb,base,1,,exam,2,center_exam,センター試験語彙リスト由来。意味は要補充,center_pos=VV; center_pmw=50+,conclude,VV,50+,
auto,add,1530,current,current,adjective,base,1,,exam,2,center_exam,センター試験語彙リスト由来。意味は要補充,center_pos=JJ; center_pmw=50+,current,JJ,50+,
auto,add,1531,cycle,cycle,noun,base,1,,exam,2,center_exam,センター試験語彙リスト由来。意味は要補充,center_pos=NN; center_pmw=50+,cycle,NN,50+,
auto,add,1532,demonstrate,demonstrate,verb,base,1,,exam,2,center_exam,センター試験語彙リスト由来。意味は要補充,center_pos=VV; center_pmw=50+,demonstrate,VV,50+,
review,add,1533,denmark,denmark,noun,base,1,,exam,2,center_exam,センター試験語彙リスト由来。意味は要補充,center_pos=NP; center_pmw=50+,Denmark,NP,50+,pos_review;proper_noun
auto,add,1535,doubt,doubt,noun,base,1,,exam,2,center_exam,センター試験語彙リスト由来。意味は要補充,center_pos=NN; center_pmw=50+,doubt,NN,50+,
auto,add,1536,eastern,eastern,adjective,base,1,,exam,2,center_exam,センター試験語彙リスト由来。意味は要補充,center_pos=JJ; center_pmw=50+,eastern,JJ,50+,
auto,add,1537,elementary,elementary,adjective,base,1,,exam,2,center_exam,センター試験語彙リスト由来。意味は要補充,center_pos=JJ; center_pmw=50+,elementary,JJ,50+,
auto,add,1538,embarrass,embarrass,verb,base,1,,exam,2,center_exam,センター試験語彙リスト由来。意味は要補充,center_pos=VV; center_pmw=50+,embarrass,VV,50+,
auto,add,1539,entertain,entertain,verb,base,1,,exam,2,center_exam,センター試験語彙リスト由来。意味は要補充,center_pos=VV; center_pmw=50+,entertain,VV,50+,
auto,add,1540,failure,failure,noun,base,1,,exam,2,center_exam,センター試験語彙リスト由来。意味は要補充,center_pos=NN; center_pmw=50+,failure,NN,50+,
auto,add,1541,fair,fair,adjective,base,1,,exam,2,center_exam,センター試験語彙リスト由来。意味は要補充,center_pos=JJ; center_pmw=50+,fair,JJ,50+,
auto,add,1542,fascinate,fascinate,verb,base,1,,exam,2,center_exam,センター試験語彙リスト由来。意味は要補充,center_pos=VV; center_pmw=50+,fascinate,VV,50+,
auto,add,1544,flea,flea,noun,base,1,,exam,2,center_exam,センター試験語彙リスト由来。意味は要補充,center_pos=NN; center_pmw=50+,flea,NN,50+,
auto,add,1545,greatly,greatly,adverb,base,1,,exam,2,center_exam,センター試験語彙リスト由来。意味は要補充,center_pos=RB; center_pmw=50+,greatly,RB,50+,
auto,add,1546,impact,impact,noun,base,1,,exam,2,center_exam,センター試験語彙リスト由来。意味は要補充,center_pos=NN; center_pmw=50+,impact,NN,50+,
auto,add,1547,injure,injure,verb,base,1,,exam,2,center_exam,センター試験語彙リスト由来。意味は要補充,center_pos=VV; center_pmw=50+,injure,VV,50+,
auto,add,1548,insist,insist,verb,base,1,,exam,2,center_exam,センター試験語彙リスト由来。意味は要補充,center_pos=VVP; center_pmw=50+,insist,VVP,50+,
auto,add,1549,instruction,instruction,noun,base,1,,exam,2,center_exam,センター試験語彙リスト由来。意味は要補充,center_pos=NN; center_pmw=50+,instruction,NN,50+,
auto,add,1551,kid,kid,noun,base,1,,exam,2,center_exam,センター試験語彙リスト由来。意味は要補充,center_pos=NN; center_pmw=50+,kid,NN,50+,
auto,add,1553,lift,lift,noun,base,1,,exam,2,center_exam,センター試験語彙リスト由来。意味は要補充,center_pos=NN; center_pmw=50+,lift,NN,50+,
auto,add,1555,mental,mental,adjective,base,1,,exam,2,center_exam,センター試験語彙リスト由来。意味は要補充,center_pos=JJ; center_pmw=50+,mental,JJ,50+,
auto,add,1556,mushroom,mushroom,noun,base,1,,exam,2,center_exam,センター試験語彙リスト由来。意味は要補充,center_pos=NN; center_pmw=50+,mushroom,NN,50+,
auto,add,1558,obtain,obtain,verb,base,1,,exam,2,center_exam,センター試験語彙リスト由来。意味は要補充,center_pos=VV; center_pmw=50+,obtain,VV,50+,
auto,add,1559,organization,organization,noun,base,1,,exam,2,center_exam,センター試験語彙リスト由来。意味は要補充,center_pos=NN; center_pmw=50+,organization,NN,50+,
auto,add,1560,persuade,persuade,verb,base,1,,exam,2,center_exam,センター試験語彙リスト由来。意味は要補充,center_pos=VV; center_pmw=50+,persuade,VV,50+,
auto,add,1561,policy,policy,noun,base,1,,exam,2,center_exam,センター試験語彙リスト由来。意味は要補充,center_pos=NN; center_pmw=50+,policy,NN,50+,
auto,add,1562,pressure,pressure,noun,base,1,,exam,2,center_exam,センター試験語彙リスト由来。意味は要補充,center_pos=NN; center_pmw=50+,pressure,NN,50+,
auto,add,1563,private,private,adjective,base,1,,exam,2,center_exam,センター試験語彙リスト由来。意味は要補充,center_pos=JJ; center_pmw=50+,private,JJ,50+,
auto,add,1564,properly,properly,adverb,base,1,,exam,2,center_exam,センター試験語彙リスト由来。意味は要補充,center_pos=RB; center_pmw=50+,properly,RB,50+,
auto,add,1565,range,range,noun,base,1,,exam,2,center_exam,センター試験語彙リスト由来。意味は要補充,center_pos=NN; center_pmw=50+,range,NN,50+,
auto,add,1566,react,react,verb,base,1,,exam,2,center_exam,センター試験語彙リスト由来。意味は要補充,center_pos=VV; center_pmw=50+,react,VV,50+,
auto,add,1567,recycling,recycling,noun,base,1,,exam,2,center_exam,センター試験語彙リスト由来。意味は要補充,center_pos=NN; center_pmw=50+,recycling,NN,50+,
auto,add,1568,revolution,revolution,noun,base,1,,exam,2,center_exam,センター試験語彙リスト由来。意味は要補充,center_pos=NN; center_pmw=50+,revolution,NN,50+,
auto,add,1571,satisfaction,satisfaction,noun,base,1,,exam,2,center_exam,センター試験語彙リスト由来。意味は要補充,center_pos=NN; center_pmw=50+,satisfaction,NN,50+,
auto,add,1572,scale,scale,noun,base,1,,exam,2,center_exam,センター試験語彙リスト由来。意味は要補充,center_pos=NN; center_pmw=50+,scale,NN,50+,
auto,add,1574,section,section,noun,base,1,,exam,2,center_exam,センター試験語彙リスト由来。意味は要補充,center_pos=NN; center_pmw=50+,section,NN,50+,
auto,add,1576,slight,slight,adjective,base,1,,exam,2,center_exam,センター試験語彙リスト由来。意味は要補充,center_pos=JJ; center_pmw=50+,slight,JJ,50+,
auto,add,1577,smith,smith,noun,base,1,,exam,2,center_exam,センター試験語彙リスト由来。意味は要補充,center_pos=NN; center_pmw=50+,smith,NN,50+,
auto,add,1579,steady,steady,adjective,base,1,,exam,2,center_exam,センター試験語彙リスト由来。意味は要補充,center_pos=JJ; center_pmw=50+,steady,JJ,50+,
auto,add,1581,sunshine,sunshine,noun,base,1,,exam,2,center_exam,センター試験語彙リスト由来。意味は要補充,center_pos=NN; center_pmw=50+,sunshine,NN,50+,
auto,add,1582,tail,tail,noun,base,1,,exam,2,center_exam,センター試験語彙リスト由来。意味は要補充,center_pos=NN; center_pmw=50+,tail,NN,50+,
auto,add,1584,thick,thick,adjective,base,1,,exam,2,center_exam,センター試験語彙リスト由来。意味は要補充,center_pos=JJ; center_pmw=50+,thick,JJ,50+,
auto,add,1586,truly,truly,adverb,base,1,,exam,2,center_exam,センター試験語彙リスト由来。意味は要補充,center_pos=RB; center_pmw=50+,truly,RB,50+,
auto,add,1587,uneasy,uneasy,adjective,base,1,,exam,2,center_exam,センター試験語彙リスト由来。意味は要補充,center_pos=JJ; center_pmw=50+,uneasy,JJ,50+,
auto,add,1588,unemployment,unemployment,noun,base,1,,exam,2,center_exam,センター試験語彙リスト由来。意味は要補充,center_pos=NN; center_pmw=50+,unemployment,NN,50+,
auto,add,1589,unique,unique,adjective,base,1,,exam,2,center_exam,センター試験語彙リスト由来。意味は要補充,center_pos=JJ; center_pmw=50+,unique,JJ,50+,
auto,add,1590,vase,vase,noun,base,1,,exam,2,center_exam,センター試験語彙リスト由来。意味は要補充,center_pos=NN; center_pmw=50+,vase,NN,50+,
auto,add,1591,weigh,weigh,verb,base,1,,exam,2,center_exam,センター試験語彙リスト由来。意味は要補充,center_pos=VV; center_pmw=50+,weigh,VV,50+,
auto,add,1595,albatross,albatross,noun,base,1,,exam,2,center_exam,センター試験語彙リスト由来。意味は要補充,center_pos=NN; center_pmw=50+,albatross,NN,50+,
auto,add,1596,allergy,allergy,noun,base,1,,exam,2,center_exam,センター試験語彙リスト由来。意味は要補充,center_pos=NN; center_pmw=50+,allergy,NN,50+,
auto,add,1597,anniversary,anniversary,noun,base,1,,exam,2,center_exam,センター試験語彙リスト由来。意味は要補充,center_pos=NN; center_pmw=50+,anniversary,NN,50+,
auto,add,1598,anxious,anxious,adjective,base,1,,exam,2,center_exam,センター試験語彙リスト由来。意味は要補充,center_pos=JJ; center_pmw=50+,anxious,JJ,50+,
auto,add,1599,appearance,appearance,noun,base,1,,exam,2,center_exam,センター試験語彙リスト由来。意味は要補充,center_pos=NN; center_pmw=50+,appearance,NN,50+,
auto,add,1600,architecture,architecture,noun,base,1,,exam,2,center_exam,センター試験語彙リスト由来。意味は要補充,center_pos=NN; center_pmw=50+,architecture,NN,50+,
review,add,1601,asian,asian,adjective,base,1,,exam,2,center_exam,センター試験語彙リスト由来。意味は要補充,center_pos=JJ; center_pmw=50+,Asian,JJ,50+,proper_noun
auto,add,1602,asleep,asleep,adverb,base,1,,exam,2,center_exam,センター試験語彙リスト由来。意味は要補充,center_pos=RB; center_pmw=50+,asleep,RB,50+,
auto,add,1603,assume,assume,verb,base,1,,exam,2,center_exam,センター試験語彙リスト由来。意味は要補充,center_pos=VV; center_pmw=50+,assume,VV,50+,
auto,add,1604,attack,attack,noun,base,1,,exam,2,center_exam,センター試験語彙リスト由来。意味は要補充,center_pos=NN; center_pmw=50+,attack,NN,50+,
auto,add,1605,attic,attic,noun,base,1,,exam,2,center_exam,センター試験語彙リスト由来。意味は要補充,center_pos=NN; center_pmw=50+,attic,NN,50+,
auto,add,1606,audio,audio,adjective,base,1,,exam,2,center_exam,センター試験語彙リスト由来。意味は要補充,center_pos=JJ; center_pmw=50+,audio,JJ,50+,
auto,add,1607,basically,basically,adverb,base,1,,exam,2,center_exam,センター試験語彙リスト由来。意味は要補充,center_pos=RB; center_pmw=50+,basically,RB,50+,
auto,add,1608,basis,basis,noun,base,1,,exam,2,center_exam,センター試験語彙リスト由来。意味は要補充,center_pos=NN; center_pmw=50+,basis,NN,50+,
auto,add,1609,beam,beam,noun,base,1,,exam,2,center_exam,センター試験語彙リスト由来。意味は要補充,center_pos=NN; center_pmw=50+,beam,NN,50+,
review,add,1610,beat,beat,verb,past,1,,exam,2,center_exam,センター試験語彙リスト由来。意味は要補充,center_pos=VVD; center_pmw=50+,beat,VVD,50+,pos_review
auto,add,1612,british,british,adjective,base,1,,exam,2,center_exam,センター試験語彙リスト由来。意味は要補充,center_pos=JJ; center_pmw=50+,british,JJ,50+,
review,add,1615,cd,cd,noun,base,1,,exam,2,center_exam,センター試験語彙リスト由来。意味は要補充,center_pos=NN; center_pmw=50+,CD,NN,50+,acronym
auto,add,1616,cocoa,cocoa,noun,base,1,,exam,2,center_exam,センター試験語彙リスト由来。意味は要補充,center_pos=NN; center_pmw=50+,cocoa,NN,50+,
auto,add,1617,cole,cole,noun,base,1,,exam,2,center_exam,センター試験語彙リスト由来。意味は要補充,center_pos=NN; center_pmw=50+,cole,NN,50+,
auto,add,1618,conclusion,conclusion,noun,base,1,,exam,2,center_exam,センター試験語彙リスト由来。意味は要補充,center_pos=NN; center_pmw=50+,conclusion,NN,50+,
auto,add,1619,constant,constant,adjective,base,1,,exam,2,center_exam,センター試験語彙リスト由来。意味は要補充,center_pos=JJ; center_pmw=50+,constant,JJ,50+,
auto,add,1620,conversation,conversation,noun,base,1,,exam,2,center_exam,センター試験語彙リスト由来。意味は要補充,center_pos=NN; center_pmw=50+,conversation,NN,50+,
auto,add,1621,decline,decline,noun,base,1,,exam,2,center_exam,センター試験語彙リスト由来。意味は要補充,center_pos=NN; center_pmw=50+,decline,NN,50+,
auto,add,1623,delight,delight,noun,base,1,,exam,2,center_exam,センター試験語彙リスト由来。意味は要補充,center_pos=NN; center_pmw=50+,delight,NN,50+,
auto,add,1624,desire,desire,noun,base,1,,exam,2,center_exam,センター試験語彙リスト由来。意味は要補充,center_pos=NN; center_pmw=50+,desire,NN,50+,
auto,add,1625,detail,detail,noun,base,1,,exam,2,center_exam,センター試験語彙リスト由来。意味は要補充,center_pos=NN; center_pmw=50+,detail,NN,50+,
auto,add,1626,disagreement,disagreement,noun,base,1,,exam,2,center_exam,センター試験語彙リスト由来。意味は要補充,center_pos=NN; center_pmw=50+,disagreement,NN,50+,
auto,add,1628,empty,empty,adjective,base,1,,exam,2,center_exam,センター試験語彙リスト由来。意味は要補充,center_pos=JJ; center_pmw=50+,empty,JJ,50+,
auto,add,1629,enable,enable,verb,base,1,,exam,2,center_exam,センター試験語彙リスト由来。意味は要補充,center_pos=VV; center_pmw=50+,enable,VV,50+,
auto,add,1630,expectation,expectation,noun,base,1,,exam,2,center_exam,センター試験語彙リスト由来。意味は要補充,center_pos=NN; center_pmw=50+,expectation,NN,50+,
auto,add,1631,fashionable,fashionable,adjective,base,1,,exam,2,center_exam,センター試験語彙リスト由来。意味は要補充,center_pos=JJ; center_pmw=50+,fashionable,JJ,50+,
auto,add,1632,favor,favor,noun,base,1,,exam,2,center_exam,センター試験語彙リスト由来。意味は要補充,center_pos=NN; center_pmw=50+,favor,NN,50+,
auto,add,1634,former,former,adjective,base,1,,exam,2,center_exam,センター試験語彙リスト由来。意味は要補充,center_pos=JJ; center_pmw=50+,former,JJ,50+,
auto,add,1635,furthermore,furthermore,adverb,base,1,,exam,2,center_exam,センター試験語彙リスト由来。意味は要補充,center_pos=RB; center_pmw=50+,furthermore,RB,50+,
auto,add,1636,graduate,graduate,noun,base,1,,exam,2,center_exam,センター試験語彙リスト由来。意味は要補充,center_pos=NN; center_pmw=50+,graduate,NN,50+,
auto,add,1637,grandchild,grandchild,noun,base,1,,exam,2,center_exam,センター試験語彙リスト由来。意味は要補充,center_pos=NN; center_pmw=50+,grandchild,NN,50+,
auto,add,1640,illness,illness,noun,base,1,,exam,2,center_exam,センター試験語彙リスト由来。意味は要補充,center_pos=NN; center_pmw=50+,illness,NN,50+,
auto,add,1641,illustrate,illustrate,verb,base,1,,exam,2,center_exam,センター試験語彙リスト由来。意味は要補充,center_pos=VVP; center_pmw=50+,illustrate,VVP,50+,
auto,add,1642,immigrant,immigrant,noun,base,1,,exam,2,center_exam,センター試験語彙リスト由来。意味は要補充,center_pos=NN; center_pmw=50+,immigrant,NN,50+,
auto,add,1643,imply,imply,verb,base,1,,exam,2,center_exam,センター試験語彙リスト由来。意味は要補充,center_pos=VVP; center_pmw=50+,imply,VVP,50+,
auto,add,1646,liquid,liquid,adjective,base,1,,exam,2,center_exam,センター試験語彙リスト由来。意味は要補充,center_pos=JJ; center_pmw=50+,liquid,JJ,50+,
auto,add,1647,mammal,mammal,noun,base,1,,exam,2,center_exam,センター試験語彙リスト由来。意味は要補充,center_pos=NN; center_pmw=50+,mammal,NN,50+,
auto,add,1650,moisture,moisture,noun,base,1,,exam,2,center_exam,センター試験語彙リスト由来。意味は要補充,center_pos=NN; center_pmw=50+,moisture,NN,50+,
auto,add,1651,mysterious,mysterious,adjective,base,1,,exam,2,center_exam,センター試験語彙リスト由来。意味は要補充,center_pos=JJ; center_pmw=50+,mysterious,JJ,50+,
auto,add,1652,negative,negative,adjective,base,1,,exam,2,center_exam,センター試験語彙リスト由来。意味は要補充,center_pos=JJ; center_pmw=50+,negative,JJ,50+,
auto,add,1653,orchestra,orchestra,noun,base,1,,exam,2,center_exam,センター試験語彙リスト由来。意味は要補充,center_pos=NN; center_pmw=50+,orchestra,NN,50+,
auto,add,1654,package,package,noun,base,1,,exam,2,center_exam,センター試験語彙リスト由来。意味は要補充,center_pos=NN; center_pmw=50+,package,NN,50+,
auto,add,1656,perfect,perfect,adjective,base,1,,exam,2,center_exam,センター試験語彙リスト由来。意味は要補充,center_pos=JJ; center_pmw=50+,perfect,JJ,50+,
auto,add,1657,pleasant,pleasant,adjective,base,1,,exam,2,center_exam,センター試験語彙リスト由来。意味は要補充,center_pos=JJ; center_pmw=50+,pleasant,JJ,50+,
auto,add,1658,portable,portable,adjective,base,1,,exam,2,center_exam,センター試験語彙リスト由来。意味は要補充,center_pos=JJ; center_pmw=50+,portable,JJ,50+,
auto,add,1659,preserve,preserve,verb,base,1,,exam,2,center_exam,センター試験語彙リスト由来。意味は要補充,center_pos=VV; center_pmw=50+,preserve,VV,50+,
auto,add,1660,primary,primary,adjective,base,1,,exam,2,center_exam,センター試験語彙リスト由来。意味は要補充,center_pos=JJ; center_pmw=50+,primary,JJ,50+,
auto,add,1661,professor,professor,noun,base,1,,exam,2,center_exam,センター試験語彙リスト由来。意味は要補充,center_pos=NN; center_pmw=50+,professor,NN,50+,
auto,add,1662,profit,profit,noun,base,1,,exam,2,center_exam,センター試験語彙リスト由来。意味は要補充,center_pos=NN; center_pmw=50+,profit,NN,50+,
auto,add,1663,psychology,psychology,noun,base,1,,exam,2,center_exam,センター試験語彙リスト由来。意味は要補充,center_pos=NN; center_pmw=50+,psychology,NN,50+,
auto,add,1664,recover,recover,verb,base,1,,exam,2,center_exam,センター試験語彙リスト由来。意味は要補充,center_pos=VV; center_pmw=50+,recover,VV,50+,
auto,add,1665,repeat,repeat,noun,base,1,,exam,2,center_exam,センター試験語彙リスト由来。意味は要補充,center_pos=NN; center_pmw=50+,repeat,NN,50+,
auto,add,1667,rude,rude,adjective,base,1,,exam,2,center_exam,センター試験語彙リスト由来。意味は要補充,center_pos=JJ; center_pmw=50+,rude,JJ,50+,
auto,add,1669,scare,scare,noun,base,1,,exam,2,center_exam,センター試験語彙リスト由来。意味は要補充,center_pos=NN; center_pmw=50+,scare,NN,50+,
auto,add,1670,seek,seek,verb,base,1,,exam,2,center_exam,センター試験語彙リスト由来。意味は要補充,center_pos=VV; center_pmw=50+,seek,VV,50+,
auto,add,1671,separate,separate,adjective,base,1,,exam,2,center_exam,センター試験語彙リスト由来。意味は要補充,center_pos=JJ; center_pmw=50+,separate,JJ,50+,
auto,add,1675,smooth,smooth,adjective,base,1,,exam,2,center_exam,センター試験語彙リスト由来。意味は要補充,center_pos=JJ; center_pmw=50+,smooth,JJ,50+,
auto,add,1678,spot,spot,noun,base,1,,exam,2,center_exam,センター試験語彙リスト由来。意味は要補充,center_pos=NN; center_pmw=50+,spot,NN,50+,
auto,add,1679,standard,standard,adjective,base,1,,exam,2,center_exam,センター試験語彙リスト由来。意味は要補充,center_pos=JJ; center_pmw=50+,standard,JJ,50+,
auto,add,1681,supply,supply,noun,base,1,,exam,2,center_exam,センター試験語彙リスト由来。意味は要補充,center_pos=NN; center_pmw=50+,supply,NN,50+,
auto,add,1682,surprising,surprising,adjective,base,1,,exam,2,center_exam,センター試験語彙リスト由来。意味は要補充,center_pos=JJ; center_pmw=50+,surprising,JJ,50+,
auto,add,1683,technological,technological,adjective,base,1,,exam,2,center_exam,センター試験語彙リスト由来。意味は要補充,center_pos=JJ; center_pmw=50+,technological,JJ,50+,
auto,add,1684,thief,thief,noun,base,1,,exam,2,center_exam,センター試験語彙リスト由来。意味は要補充,center_pos=NN; center_pmw=50+,thief,NN,50+,
auto,add,1685,tough,tough,adjective,base,1,,exam,2,center_exam,センター試験語彙リスト由来。意味は要補充,center_pos=JJ; center_pmw=50+,tough,JJ,50+,
auto,add,1686,track,track,noun,base,1,,exam,2,center_exam,センター試験語彙リスト由来。意味は要補充,center_pos=NN; center_pmw=50+,track,NN,50+,
auto,add,1688,valuable,valuable,adjective,base,1,,exam,2,center_exam,センター試験語彙リスト由来。意味は要補充,center_pos=JJ; center_pmw=50+,valuable,JJ,50+,
auto,add,1689,warn,warn,verb,base,1,,exam,2,center_exam,センター試験語彙リスト由来。意味は要補充,center_pos=VVP; center_pmw=50+,warn,VVP,50+,
auto,add,1690,admit,admit,verb,base,1,,exam,2,center_exam,センター試験語彙リスト由来。意味は要補充,center_pos=VV; center_pmw=50+,admit,VV,50+,
auto,add,1691,agreement,agreement,noun,base,1,,exam,2,center_exam,センター試験語彙リスト由来。意味は要補充,center_pos=NN; center_pmw=50+,agreement,NN,50+,
auto,add,1692,aim,aim,noun,base,1,,exam,2,center_exam,センター試験語彙リスト由来。意味は要補充,center_pos=NN; center_pmw=50+,aim,NN,50+,
auto,add,1693,almond,almond,adjective,base,1,,exam,2,center_exam,センター試験語彙リスト由来。意味は要補充,center_pos=JJ; center_pmw=50+,almond,JJ,50+,
auto,add,1694,assistance,assistance,noun,base,1,,exam,2,center_exam,センター試験語彙リスト由来。意味は要補充,center_pos=NN; center_pmw=50+,assistance,NN,50+,
auto,add,1695,associate,associate,noun,base,1,,exam,2,center_exam,センター試験語彙リスト由来。意味は要補充,center_pos=NN; center_pmw=50+,associate,NN,50+,
auto,add,1696,attraction,attraction,noun,base,1,,exam,2,center_exam,センター試験語彙リスト由来。意味は要補充,center_pos=NN; center_pmw=50+,attraction,NN,50+,
auto,add,1697,audience,audience,noun,base,1,,exam,2,center_exam,センター試験語彙リスト由来。意味は要補充,center_pos=NN; center_pmw=50+,audience,NN,50+,
auto,add,1702,broad,broad,adjective,base,1,,exam,2,center_exam,センター試験語彙リスト由来。意味は要補充,center_pos=JJ; center_pmw=50+,broad,JJ,50+,
review,add,1703,california,california,noun,base,1,,exam,2,center_exam,センター試験語彙リスト由来。意味は要補充,center_pos=NP; center_pmw=50+,California,NP,50+,pos_review;proper_noun
auto,add,1705,chimpanzee,chimpanzee,noun,base,1,,exam,2,center_exam,センター試験語彙リスト由来。意味は要補充,center_pos=NN; center_pmw=50+,chimpanzee,NN,50+,
auto,add,1706,coach,coach,noun,base,1,,exam,2,center_exam,センター試験語彙リスト由来。意味は要補充,center_pos=NN; center_pmw=50+,coach,NN,50+,
auto,add,1707,combination,combination,noun,base,1,,exam,2,center_exam,センター試験語彙リスト由来。意味は要補充,center_pos=NN; center_pmw=50+,combination,NN,50+,
auto,add,1708,commercial,commercial,adjective,base,1,,exam,2,center_exam,センター試験語彙リスト由来。意味は要補充,center_pos=JJ; center_pmw=50+,commercial,JJ,50+,
auto,add,1709,commuter,commuter,noun,base,1,,exam,2,center_exam,センター試験語彙リスト由来。意味は要補充,center_pos=NN; center_pmw=50+,commuter,NN,50+,
auto,add,1710,compass,compass,noun,base,1,,exam,2,center_exam,センター試験語彙リスト由来。意味は要補充,center_pos=NN; center_pmw=50+,compass,NN,50+,
auto,add,1711,complex,complex,adjective,base,1,,exam,2,center_exam,センター試験語彙リスト由来。意味は要補充,center_pos=JJ; center_pmw=50+,complex,JJ,50+,
auto,add,1712,convention,convention,noun,base,1,,exam,2,center_exam,センター試験語彙リスト由来。意味は要補充,center_pos=NN; center_pmw=50+,convention,NN,50+,
auto,add,1714,dine,dine,verb,base,1,,exam,2,center_exam,センター試験語彙リスト由来。意味は要補充,center_pos=VV; center_pmw=50+,dine,VV,50+,
auto,add,1715,disadvantage,disadvantage,noun,base,1,,exam,2,center_exam,センター試験語彙リスト由来。意味は要補充,center_pos=NN; center_pmw=50+,disadvantage,NN,50+,
auto,add,1716,discovery,discovery,noun,base,1,,exam,2,center_exam,センター試験語彙リスト由来。意味は要補充,center_pos=NN; center_pmw=50+,discovery,NN,50+,
auto,add,1717,display,display,noun,base,1,,exam,2,center_exam,センター試験語彙リスト由来。意味は要補充,center_pos=NN; center_pmw=50+,display,NN,50+,
review,add,1718,dried,dried,verb,past,1,,exam,2,center_exam,センター試験語彙リスト由来。意味は要補充,center_pos=VVD; center_pmw=50+,dried,VVD,50+,pos_review
auto,add,1719,effectively,effectively,adverb,base,1,,exam,2,center_exam,センター試験語彙リスト由来。意味は要補充,center_pos=RB; center_pmw=50+,effectively,RB,50+,
auto,add,1720,expression,expression,noun,base,1,,exam,2,center_exam,センター試験語彙リスト由来。意味は要補充,center_pos=NN; center_pmw=50+,expression,NN,50+,
auto,add,1721,fairly,fairly,adverb,base,1,,exam,2,center_exam,センター試験語彙リスト由来。意味は要補充,center_pos=RB; center_pmw=50+,fairly,RB,50+,
auto,add,1723,fee,fee,noun,base,1,,exam,2,center_exam,センター試験語彙リスト由来。意味は要補充,center_pos=NN; center_pmw=50+,fee,NN,50+,
auto,add,1727,friendship,friendship,noun,base,1,,exam,2,center_exam,センター試験語彙リスト由来。意味は要補充,center_pos=NN; center_pmw=50+,friendship,NN,50+,
auto,add,1728,fur,fur,noun,base,1,,exam,2,center_exam,センター試験語彙リスト由来。意味は要補充,center_pos=NN; center_pmw=50+,fur,NN,50+,
auto,add,1729,generation,generation,noun,base,1,,exam,2,center_exam,センター試験語彙リスト由来。意味は要補充,center_pos=NN; center_pmw=50+,generation,NN,50+,
auto,add,1730,ghost,ghost,noun,base,1,,exam,2,center_exam,センター試験語彙リスト由来。意味は要補充,center_pos=NN; center_pmw=50+,ghost,NN,50+,
auto,add,1731,glance,glance,noun,base,1,,exam,2,center_exam,センター試験語彙リスト由来。意味は要補充,center_pos=NN; center_pmw=50+,glance,NN,50+,
review,add,1733,hanging,hanging,verb,present_participle,1,,exam,2,center_exam,センター試験語彙リスト由来。意味は要補充,center_pos=VVG; center_pmw=50+,hanging,VVG,50+,pos_review
auto,add,1734,harry,harry,verb,base,1,,exam,2,center_exam,センター試験語彙リスト由来。意味は要補充,center_pos=VV; center_pmw=50+,harry,VV,50+,
auto,add,1735,hesitate,hesitate,verb,base,1,,exam,2,center_exam,センター試験語彙リスト由来。意味は要補充,center_pos=VV; center_pmw=50+,hesitate,VV,50+,
auto,add,1737,ignore,ignore,verb,base,1,,exam,2,center_exam,センター試験語彙リスト由来。意味は要補充,center_pos=VV; center_pmw=50+,ignore,VV,50+,
auto,add,1738,impress,impress,verb,base,1,,exam,2,center_exam,センター試験語彙リスト由来。意味は要補充,center_pos=VV; center_pmw=50+,impress,VV,50+,
auto,add,1740,independent,independent,adjective,base,1,,exam,2,center_exam,センター試験語彙リスト由来。意味は要補充,center_pos=JJ; center_pmw=50+,independent,JJ,50+,
auto,add,1741,insult,insult,noun,base,1,,exam,2,center_exam,センター試験語彙リスト由来。意味は要補充,center_pos=NN; center_pmw=50+,insult,NN,50+,
auto,add,1742,investigate,investigate,verb,base,1,,exam,2,center_exam,センター試験語彙リスト由来。意味は要補充,center_pos=VV; center_pmw=50+,investigate,VV,50+,
auto,add,1743,journey,journey,noun,base,1,,exam,2,center_exam,センター試験語彙リスト由来。意味は要補充,center_pos=NN; center_pmw=50+,journey,NN,50+,
auto,add,1744,kingdom,kingdom,noun,base,1,,exam,2,center_exam,センター試験語彙リスト由来。意味は要補充,center_pos=NN; center_pmw=50+,kingdom,NN,50+,
auto,add,1746,layer,layer,noun,base,1,,exam,2,center_exam,センター試験語彙リスト由来。意味は要補充,center_pos=NN; center_pmw=50+,layer,NN,50+,
auto,add,1747,lecture,lecture,noun,base,1,,exam,2,center_exam,センター試験語彙リスト由来。意味は要補充,center_pos=NN; center_pmw=50+,lecture,NN,50+,
auto,add,1748,lifelong,lifelong,adjective,base,1,,exam,2,center_exam,センター試験語彙リスト由来。意味は要補充,center_pos=JJ; center_pmw=50+,lifelong,JJ,50+,
auto,add,1750,loss,loss,noun,base,1,,exam,2,center_exam,センター試験語彙リスト由来。意味は要補充,center_pos=NN; center_pmw=50+,loss,NN,50+,
auto,add,1752,network,network,noun,base,1,,exam,2,center_exam,センター試験語彙リスト由来。意味は要補充,center_pos=NN; center_pmw=50+,network,NN,50+,
auto,add,1753,nevertheless,nevertheless,adverb,base,1,,exam,2,center_exam,センター試験語彙リスト由来。意味は要補充,center_pos=RB; center_pmw=50+,nevertheless,RB,50+,
auto,add,1754,normal,normal,adjective,base,1,,exam,2,center_exam,センター試験語彙リスト由来。意味は要補充,center_pos=JJ; center_pmw=50+,normal,JJ,50+,
auto,add,1755,nowadays,nowadays,adverb,base,1,,exam,2,center_exam,センター試験語彙リスト由来。意味は要補充,center_pos=RB; center_pmw=50+,nowadays,RB,50+,
auto,add,1756,occupation,occupation,noun,base,1,,exam,2,center_exam,センター試験語彙リスト由来。意味は要補充,center_pos=NN; center_pmw=50+,occupation,NN,50+,
auto,add,1757,organize,organize,verb,base,1,,exam,2,center_exam,センター試験語彙リスト由来。意味は要補充,center_pos=VV; center_pmw=50+,organize,VV,50+,
auto,add,1758,phrase,phrase,noun,base,1,,exam,2,center_exam,センター試験語彙リスト由来。意味は要補充,center_pos=NN; center_pmw=50+,phrase,NN,50+,
auto,add,1759,pine,pine,noun,base,1,,exam,2,center_exam,センター試験語彙リスト由来。意味は要補充,center_pos=NN; center_pmw=50+,pine,NN,50+,
auto,add,1760,pink,pink,adjective,base,1,,exam,2,center_exam,センター試験語彙リスト由来。意味は要補充,center_pos=JJ; center_pmw=50+,pink,JJ,50+,
auto,add,1761,practical,practical,adjective,base,1,,exam,2,center_exam,センター試験語彙リスト由来。意味は要補充,center_pos=JJ; center_pmw=50+,practical,JJ,50+,
auto,add,1762,presentation,presentation,noun,base,1,,exam,2,center_exam,センター試験語彙リスト由来。意味は要補充,center_pos=NN; center_pmw=50+,presentation,NN,50+,
auto,add,1765,reasonable,reasonable,adjective,base,1,,exam,2,center_exam,センター試験語彙リスト由来。意味は要補充,center_pos=JJ; center_pmw=50+,reasonable,JJ,50+,
auto,add,1766,region,region,noun,base,1,,exam,2,center_exam,センター試験語彙リスト由来。意味は要補充,center_pos=NN; center_pmw=50+,region,NN,50+,
auto,add,1767,relocation,relocation,noun,base,1,,exam,2,center_exam,センター試験語彙リスト由来。意味は要補充,center_pos=NN; center_pmw=50+,relocation,NN,50+,
auto,add,1768,resident,resident,noun,base,1,,exam,2,center_exam,センター試験語彙リスト由来。意味は要補充,center_pos=NN; center_pmw=50+,resident,NN,50+,
auto,add,1769,resource,resource,noun,base,1,,exam,2,center_exam,センター試験語彙リスト由来。意味は要補充,center_pos=NN; center_pmw=50+,resource,NN,50+,
auto,add,1771,roger,roger,noun,base,1,,exam,2,center_exam,センター試験語彙リスト由来。意味は要補充,center_pos=NN; center_pmw=50+,roger,NN,50+,
auto,add,1772,roll,roll,noun,base,1,,exam,2,center_exam,センター試験語彙リスト由来。意味は要補充,center_pos=NN; center_pmw=50+,roll,NN,50+,
review,add,1773,russia,russia,noun,base,1,,exam,2,center_exam,センター試験語彙リスト由来。意味は要補充,center_pos=NP; center_pmw=50+,Russia,NP,50+,pos_review;proper_noun
auto,add,1775,shame,shame,noun,base,1,,exam,2,center_exam,センター試験語彙リスト由来。意味は要補充,center_pos=NN; center_pmw=50+,shame,NN,50+,
auto,add,1776,similarity,similarity,noun,base,1,,exam,2,center_exam,センター試験語彙リスト由来。意味は要補充,center_pos=NN; center_pmw=50+,similarity,NN,50+,
auto,add,1777,slip,slip,noun,base,1,,exam,2,center_exam,センター試験語彙リスト由来。意味は要補充,center_pos=NN; center_pmw=50+,slip,NN,50+,
auto,add,1779,soybean,soybean,noun,base,1,,exam,2,center_exam,センター試験語彙リスト由来。意味は要補充,center_pos=NN; center_pmw=50+,soybean,NN,50+,
review,add,1780,spanish,spanish,adjective,base,1,,exam,2,center_exam,センター試験語彙リスト由来。意味は要補充,center_pos=JJ; center_pmw=50+,Spanish,JJ,50+,proper_noun
auto,add,1781,staff,staff,noun,base,1,,exam,2,center_exam,センター試験語彙リスト由来。意味は要補充,center_pos=NN; center_pmw=50+,staff,NN,50+,
auto,add,1783,sticky,sticky,adjective,base,1,,exam,2,center_exam,センター試験語彙リスト由来。意味は要補充,center_pos=JJ; center_pmw=50+,sticky,JJ,50+,
auto,add,1784,suitable,suitable,adjective,base,1,,exam,2,center_exam,センター試験語彙リスト由来。意味は要補充,center_pos=JJ; center_pmw=50+,suitable,JJ,50+,
auto,add,1786,technique,technique,noun,base,1,,exam,2,center_exam,センター試験語彙リスト由来。意味は要補充,center_pos=NN; center_pmw=50+,technique,NN,50+,
auto,add,1787,text,text,noun,base,1,,exam,2,center_exam,センター試験語彙リスト由来。意味は要補充,center_pos=NN; center_pmw=50+,text,NN,50+,
auto,add,1788,tribe,tribe,noun,base,1,,exam,2,center_exam,センター試験語彙リスト由来。意味は要補充,center_pos=NN; center_pmw=50+,tribe,NN,50+,
auto,add,1789,typical,typical,adjective,base,1,,exam,2,center_exam,センター試験語彙リスト由来。意味は要補充,center_pos=JJ; center_pmw=50+,typical,JJ,50+,
auto,add,1790,unfortunately,unfortunately,adverb,base,1,,exam,2,center_exam,センター試験語彙リスト由来。意味は要補充,center_pos=RB; center_pmw=50+,unfortunately,RB,50+,
auto,add,1792,vocabulary,vocabulary,noun,base,1,,exam,2,center_exam,センター試験語彙リスト由来。意味は要補充,center_pos=NN; center_pmw=50+,vocabulary,NN,50+,
auto,add,1794,warming,warming,noun,base,1,,exam,2,center_exam,センター試験語彙リスト由来。意味は要補充,center_pos=NN; center_pmw=50+,warming,NN,50+,
auto,add,1795,western,western,adjective,base,1,,exam,2,center_exam,センター試験語彙リスト由来。意味は要補充,center_pos=JJ; center_pmw=50+,western,JJ,50+,
auto,add,1796,accurate,accurate,adjective,base,1,,exam,2,center_exam,センター試験語彙リスト由来。意味は要補充,center_pos=JJ; center_pmw=50+,accurate,JJ,50+,
auto,add,1798,amazing,amazing,adjective,base,1,,exam,2,center_exam,センター試験語彙リスト由来。意味は要補充,center_pos=JJ; center_pmw=50+,amazing,JJ,50+,
auto,add,1799,annoy,annoy,verb,base,1,,exam,2,center_exam,センター試験語彙リスト由来。意味は要補充,center_pos=VV; center_pmw=50+,annoy,VV,50+,
auto,add,1802,assignment,assignment,noun,base,1,,exam,2,center_exam,センター試験語彙リスト由来。意味は要補充,center_pos=NN; center_pmw=50+,assignment,NN,50+,
auto,add,1804,awful,awful,adjective,base,1,,exam,2,center_exam,センター試験語彙リスト由来。意味は要補充,center_pos=JJ; center_pmw=50+,awful,JJ,50+,
auto,add,1807,birth,birth,noun,base,1,,exam,2,center_exam,センター試験語彙リスト由来。意味は要補充,center_pos=NN; center_pmw=50+,birth,NN,50+,
auto,add,1808,bone,bone,noun,base,1,,exam,2,center_exam,センター試験語彙リスト由来。意味は要補充,center_pos=NN; center_pmw=50+,bone,NN,50+,
auto,add,1810,bottom,bottom,noun,base,1,,exam,2,center_exam,センター試験語彙リスト由来。意味は要補充,center_pos=NN; center_pmw=50+,bottom,NN,50+,
auto,add,1811,bow,bow,noun,base,1,,exam,2,center_exam,センター試験語彙リスト由来。意味は要補充,center_pos=NN; center_pmw=50+,bow,NN,50+,
auto,add,1812,boyfriend,boyfriend,noun,base,1,,exam,2,center_exam,センター試験語彙リスト由来。意味は要補充,center_pos=NN; center_pmw=50+,boyfriend,NN,50+,
review,add,1813,brazilian,brazilian,adjective,base,1,,exam,2,center_exam,センター試験語彙リスト由来。意味は要補充,center_pos=JJ; center_pmw=50+,Brazilian,JJ,50+,proper_noun
auto,add,1815,cellphone,cellphone,noun,base,1,,exam,2,center_exam,センター試験語彙リスト由来。意味は要補充,center_pos=NN; center_pmw=50+,cellphone,NN,50+,
auto,add,1816,ceremony,ceremony,noun,base,1,,exam,2,center_exam,センター試験語彙リスト由来。意味は要補充,center_pos=NN; center_pmw=50+,ceremony,NN,50+,
auto,add,1819,clown,clown,noun,base,1,,exam,2,center_exam,センター試験語彙リスト由来。意味は要補充,center_pos=NN; center_pmw=50+,clown,NN,50+,
auto,add,1820,concept,concept,noun,base,1,,exam,2,center_exam,センター試験語彙リスト由来。意味は要補充,center_pos=NN; center_pmw=50+,concept,NN,50+,
auto,add,1821,confident,confident,adjective,base,1,,exam,2,center_exam,センター試験語彙リスト由来。意味は要補充,center_pos=JJ; center_pmw=50+,confident,JJ,50+,
auto,add,1822,construction,construction,noun,base,1,,exam,2,center_exam,センター試験語彙リスト由来。意味は要補充,center_pos=NN; center_pmw=50+,construction,NN,50+,
auto,add,1823,consumer,consumer,noun,base,1,,exam,2,center_exam,センター試験語彙リスト由来。意味は要補充,center_pos=NN; center_pmw=50+,consumer,NN,50+,
auto,add,1824,convince,convince,verb,base,1,,exam,2,center_exam,センター試験語彙リスト由来。意味は要補充,center_pos=VV; center_pmw=50+,convince,VV,50+,
auto,add,1826,correctly,correctly,adverb,base,1,,exam,2,center_exam,センター試験語彙リスト由来。意味は要補充,center_pos=RB; center_pmw=50+,correctly,RB,50+,
auto,add,1827,cough,cough,noun,base,1,,exam,2,center_exam,センター試験語彙リスト由来。意味は要補充,center_pos=NN; center_pmw=50+,cough,NN,50+,
auto,add,1828,countryside,countryside,noun,base,1,,exam,2,center_exam,センター試験語彙リスト由来。意味は要補充,center_pos=NN; center_pmw=50+,countryside,NN,50+,
auto,add,1829,crash,crash,noun,base,1,,exam,2,center_exam,センター試験語彙リスト由来。意味は要補充,center_pos=NN; center_pmw=50+,crash,NN,50+,
auto,add,1830,criticism,criticism,noun,base,1,,exam,2,center_exam,センター試験語彙リスト由来。意味は要補充,center_pos=NN; center_pmw=50+,criticism,NN,50+,
auto,add,1832,define,define,verb,base,1,,exam,2,center_exam,センター試験語彙リスト由来。意味は要補充,center_pos=VV; center_pmw=50+,define,VV,50+,
auto,add,1833,dependent,dependent,adjective,base,1,,exam,2,center_exam,センター試験語彙リスト由来。意味は要補充,center_pos=JJ; center_pmw=50+,dependent,JJ,50+,
auto,add,1836,disturb,disturb,verb,base,1,,exam,2,center_exam,センター試験語彙リスト由来。意味は要補充,center_pos=VV; center_pmw=50+,disturb,VV,50+,
auto,add,1837,educational,educational,adjective,base,1,,exam,2,center_exam,センター試験語彙リスト由来。意味は要補充,center_pos=JJ; center_pmw=50+,educational,JJ,50+,
auto,add,1838,enthusiastic,enthusiastic,adjective,base,1,,exam,2,center_exam,センター試験語彙リスト由来。意味は要補充,center_pos=JJ; center_pmw=50+,enthusiastic,JJ,50+,
auto,add,1840,entry,entry,noun,base,1,,exam,2,center_exam,センター試験語彙リスト由来。意味は要補充,center_pos=NN; center_pmw=50+,entry,NN,50+,
auto,add,1841,equally,equally,adverb,base,1,,exam,2,center_exam,センター試験語彙リスト由来。意味は要補充,center_pos=RB; center_pmw=50+,equally,RB,50+,
auto,add,1842,equivalent,equivalent,noun,base,1,,exam,2,center_exam,センター試験語彙リスト由来。意味は要補充,center_pos=NN; center_pmw=50+,equivalent,NN,50+,
auto,add,1843,evidence,evidence,noun,base,1,,exam,2,center_exam,センター試験語彙リスト由来。意味は要補充,center_pos=NN; center_pmw=50+,evidence,NN,50+,
auto,add,1845,excellent,excellent,adjective,base,1,,exam,2,center_exam,センター試験語彙リスト由来。意味は要補充,center_pos=JJ; center_pmw=50+,excellent,JJ,50+,
auto,add,1846,extreme,extreme,adjective,base,1,,exam,2,center_exam,センター試験語彙リスト由来。意味は要補充,center_pos=JJ; center_pmw=50+,extreme,JJ,50+,
auto,add,1848,fog,fog,noun,base,1,,exam,2,center_exam,センター試験語彙リスト由来。意味は要補充,center_pos=NN; center_pmw=50+,fog,NN,50+,
auto,add,1849,fold,fold,noun,base,1,,exam,2,center_exam,センター試験語彙リスト由来。意味は要補充,center_pos=NN; center_pmw=50+,fold,NN,50+,
auto,add,1851,fully,fully,adverb,base,1,,exam,2,center_exam,センター試験語彙リスト由来。意味は要補充,center_pos=RB; center_pmw=50+,fully,RB,50+,
auto,add,1852,gasoline,gasoline,noun,base,1,,exam,2,center_exam,センター試験語彙リスト由来。意味は要補充,center_pos=NN; center_pmw=50+,gasoline,NN,50+,
auto,add,1856,helpful,helpful,adjective,base,1,,exam,2,center_exam,センター試験語彙リスト由来。意味は要補充,center_pos=JJ; center_pmw=50+,helpful,JJ,50+,
auto,add,1857,highway,highway,noun,base,1,,exam,2,center_exam,センター試験語彙リスト由来。意味は要補充,center_pos=NN; center_pmw=50+,highway,NN,50+,
auto,add,1859,intersection,intersection,noun,base,1,,exam,2,center_exam,センター試験語彙リスト由来。意味は要補充,center_pos=NN; center_pmw=50+,intersection,NN,50+,
auto,add,1861,invention,invention,noun,base,1,,exam,2,center_exam,センター試験語彙リスト由来。意味は要補充,center_pos=NN; center_pmw=50+,invention,NN,50+,
auto,add,1862,jacket,jacket,noun,base,1,,exam,2,center_exam,センター試験語彙リスト由来。意味は要補充,center_pos=NN; center_pmw=50+,jacket,NN,50+,
auto,add,1863,jog,jog,noun,base,1,,exam,2,center_exam,センター試験語彙リスト由来。意味は要補充,center_pos=NN; center_pmw=50+,jog,NN,50+,
auto,add,1864,judge,judge,noun,base,1,,exam,2,center_exam,センター試験語彙リスト由来。意味は要補充,center_pos=NN; center_pmw=50+,judge,NN,50+,
auto,add,1865,judgment,judgment,noun,base,1,,exam,2,center_exam,センター試験語彙リスト由来。意味は要補充,center_pos=NN; center_pmw=50+,judgment,NN,50+,
auto,add,1868,kimono,kimono,noun,base,1,,exam,2,center_exam,センター試験語彙リスト由来。意味は要補充,center_pos=NN; center_pmw=50+,kimono,NN,50+,
auto,add,1870,kitten,kitten,noun,base,1,,exam,2,center_exam,センター試験語彙リスト由来。意味は要補充,center_pos=NN; center_pmw=50+,kitten,NN,50+,
auto,add,1872,license,license,noun,base,1,,exam,2,center_exam,センター試験語彙リスト由来。意味は要補充,center_pos=NN; center_pmw=50+,license,NN,50+,
auto,add,1873,loose,loose,adverb,base,1,,exam,2,center_exam,センター試験語彙リスト由来。意味は要補充,center_pos=RB; center_pmw=50+,loose,RB,50+,
auto,add,1874,majority,majority,noun,base,1,,exam,2,center_exam,センター試験語彙リスト由来。意味は要補充,center_pos=NN; center_pmw=50+,majority,NN,50+,
auto,add,1875,maker,maker,noun,base,1,,exam,2,center_exam,センター試験語彙リスト由来。意味は要補充,center_pos=NN; center_pmw=50+,maker,NN,50+,
review,add,1876,mexico,mexico,noun,base,1,,exam,2,center_exam,センター試験語彙リスト由来。意味は要補充,center_pos=NP; center_pmw=50+,Mexico,NP,50+,pos_review;proper_noun
auto,add,1877,mostly,mostly,adverb,base,1,,exam,2,center_exam,センター試験語彙リスト由来。意味は要補充,center_pos=RB; center_pmw=50+,mostly,RB,50+,
auto,add,1880,official,official,noun,base,1,,exam,2,center_exam,センター試験語彙リスト由来。意味は要補充,center_pos=NN; center_pmw=50+,official,NN,50+,
auto,add,1881,olympic,olympic,adjective,base,1,,exam,2,center_exam,センター試験語彙リスト由来。意味は要補充,center_pos=JJ; center_pmw=50+,olympic,JJ,50+,
auto,add,1882,pacific,pacific,adjective,base,1,,exam,2,center_exam,センター試験語彙リスト由来。意味は要補充,center_pos=JJ; center_pmw=50+,pacific,JJ,50+,
auto,add,1885,perfume,perfume,noun,base,1,,exam,2,center_exam,センター試験語彙リスト由来。意味は要補充,center_pos=NN; center_pmw=50+,perfume,NN,50+,
auto,add,1886,plastic,plastic,noun,base,1,,exam,2,center_exam,センター試験語彙リスト由来。意味は要補充,center_pos=NN; center_pmw=50+,plastic,NN,50+,
auto,add,1887,political,political,adjective,base,1,,exam,2,center_exam,センター試験語彙リスト由来。意味は要補充,center_pos=JJ; center_pmw=50+,political,JJ,50+,
auto,add,1888,possibility,possibility,noun,base,1,,exam,2,center_exam,センター試験語彙リスト由来。意味は要補充,center_pos=NN; center_pmw=50+,possibility,NN,50+,
auto,add,1889,pretend,pretend,adjective,base,1,,exam,2,center_exam,センター試験語彙リスト由来。意味は要補充,center_pos=JJ; center_pmw=50+,pretend,JJ,50+,
auto,add,1890,previous,previous,adjective,base,1,,exam,2,center_exam,センター試験語彙リスト由来。意味は要補充,center_pos=JJ; center_pmw=50+,previous,JJ,50+,
auto,add,1891,propose,propose,verb,base,1,,exam,2,center_exam,センター試験語彙リスト由来。意味は要補充,center_pos=VV; center_pmw=50+,propose,VV,50+,
auto,add,1894,reality,reality,noun,base,1,,exam,2,center_exam,センター試験語彙リスト由来。意味は要補充,center_pos=NN; center_pmw=50+,reality,NN,50+,
auto,add,1895,relative,relative,adjective,base,1,,exam,2,center_exam,センター試験語彙リスト由来。意味は要補充,center_pos=JJ; center_pmw=50+,relative,JJ,50+,
auto,add,1896,request,request,noun,base,1,,exam,2,center_exam,センター試験語彙リスト由来。意味は要補充,center_pos=NN; center_pmw=50+,request,NN,50+,
auto,add,1897,reservation,reservation,noun,base,1,,exam,2,center_exam,センター試験語彙リスト由来。意味は要補充,center_pos=NN; center_pmw=50+,reservation,NN,50+,
review,add,1898,roman,roman,noun,base,1,,exam,2,center_exam,センター試験語彙リスト由来。意味は要補充,center_pos=NP; center_pmw=50+,Roman,NP,50+,pos_review;proper_noun
auto,add,1899,rope,rope,noun,base,1,,exam,2,center_exam,センター試験語彙リスト由来。意味は要補充,center_pos=NN; center_pmw=50+,rope,NN,50+,
auto,add,1900,rough,rough,adjective,base,1,,exam,2,center_exam,センター試験語彙リスト由来。意味は要補充,center_pos=JJ; center_pmw=50+,rough,JJ,50+,
auto,add,1902,sample,sample,noun,base,1,,exam,2,center_exam,センター試験語彙リスト由来。意味は要補充,center_pos=NN; center_pmw=50+,sample,NN,50+,
auto,add,1903,scholarship,scholarship,noun,base,1,,exam,2,center_exam,センター試験語彙リスト由来。意味は要補充,center_pos=NN; center_pmw=50+,scholarship,NN,50+,
auto,add,1904,score,score,noun,base,1,,exam,2,center_exam,センター試験語彙リスト由来。意味は要補充,center_pos=NN; center_pmw=50+,score,NN,50+,
auto,add,1905,seldom,seldom,adverb,base,1,,exam,2,center_exam,センター試験語彙リスト由来。意味は要補充,center_pos=RB; center_pmw=50+,seldom,RB,50+,
auto,add,1906,semester,semester,noun,base,1,,exam,2,center_exam,センター試験語彙リスト由来。意味は要補充,center_pos=NN; center_pmw=50+,semester,NN,50+,
auto,add,1907,sight,sight,noun,base,1,,exam,2,center_exam,センター試験語彙リスト由来。意味は要補充,center_pos=NN; center_pmw=50+,sight,NN,50+,
auto,add,1909,steadily,steadily,adverb,base,1,,exam,2,center_exam,センター試験語彙リスト由来。意味は要補充,center_pos=RB; center_pmw=50+,steadily,RB,50+,
auto,add,1910,struggle,struggle,noun,base,1,,exam,2,center_exam,センター試験語彙リスト由来。意味は要補充,center_pos=NN; center_pmw=50+,struggle,NN,50+,
auto,add,1911,studio,studio,noun,base,1,,exam,2,center_exam,センター試験語彙リスト由来。意味は要補充,center_pos=NN; center_pmw=50+,studio,NN,50+,
auto,add,1912,stuff,stuff,noun,base,1,,exam,2,center_exam,センター試験語彙リスト由来。意味は要補充,center_pos=NN; center_pmw=50+,stuff,NN,50+,
auto,add,1913,suggestion,suggestion,noun,base,1,,exam,2,center_exam,センター試験語彙リスト由来。意味は要補充,center_pos=NN; center_pmw=50+,suggestion,NN,50+,
auto,add,1914,surround,surround,noun,base,1,,exam,2,center_exam,センター試験語彙リスト由来。意味は要補充,center_pos=NN; center_pmw=50+,surround,NN,50+,
auto,add,1915,survival,survival,noun,base,1,,exam,2,center_exam,センター試験語彙リスト由来。意味は要補充,center_pos=NN; center_pmw=50+,survival,NN,50+,
auto,add,1916,tank,tank,noun,base,1,,exam,2,center_exam,センター試験語彙リスト由来。意味は要補充,center_pos=NN; center_pmw=50+,tank,NN,50+,
auto,add,1917,thumb,thumb,noun,base,1,,exam,2,center_exam,センター試験語彙リスト由来。意味は要補充,center_pos=NN; center_pmw=50+,thumb,NN,50+,
auto,add,1919,ton,ton,noun,base,1,,exam,2,center_exam,センター試験語彙リスト由来。意味は要補充,center_pos=NN; center_pmw=50+,ton,NN,50+,
auto,add,1920,tradition,tradition,noun,base,1,,exam,2,center_exam,センター試験語彙リスト由来。意味は要補充,center_pos=NN; center_pmw=50+,tradition,NN,50+,
auto,add,1921,transport,transport,noun,base,1,,exam,2,center_exam,センター試験語彙リスト由来。意味は要補充,center_pos=NN; center_pmw=50+,transport,NN,50+,
auto,add,1922,truth,truth,noun,base,1,,exam,2,center_exam,センター試験語彙リスト由来。意味は要補充,center_pos=NN; center_pmw=50+,truth,NN,50+,
auto,add,1924,tuner,tuner,noun,base,1,,exam,2,center_exam,センター試験語彙リスト由来。意味は要補充,center_pos=NN; center_pmw=50+,tuner,NN,50+,
auto,add,1926,unexpected,unexpected,adjective,base,1,,exam,2,center_exam,センター試験語彙リスト由来。意味は要補充,center_pos=JJ; center_pmw=50+,unexpected,JJ,50+,
review,add,1927,van,van,noun,base,1,,exam,2,center_exam,センター試験語彙リスト由来。意味は要補充,center_pos=NP; center_pmw=50+,van,NP,50+,pos_review;proper_noun
auto,add,1928,vote,vote,noun,base,1,,exam,2,center_exam,センター試験語彙リスト由来。意味は要補充,center_pos=NN; center_pmw=50+,vote,NN,50+,
auto,add,1931,wisdom,wisdom,noun,base,1,,exam,2,center_exam,センター試験語彙リスト由来。意味は要補充,center_pos=NN; center_pmw=50+,wisdom,NN,50+,
auto,add,1932,wolf,wolf,noun,base,1,,exam,2,center_exam,センター試験語彙リスト由来。意味は要補充,center_pos=NN; center_pmw=50+,wolf,NN,50+,
auto,add,1934,yell,yell,verb,base,1,,exam,2,center_exam,センター試験語彙リスト由来。意味は要補充,center_pos=VV; center_pmw=50+,yell,VV,50+,
