expression,normalized_expression,min_eiken_level,eiken_levels,entry_kind,meaning_ja_primary,meaning_ja_all,label_raw_all,source_refs,row_count
a lot of,a lot of,5,5;4;3,phrase,たくさんの,たくさんの,熟語,5:555;4:96;3:95,3
about,about,5,5;4,word,について、に関かんする,について、に関かんする,,5:378;4:469,2
After you.,after you.,5,5;4;3,conversation,お さきに どうぞ。,お さきに どうぞ。 / お先さきにどうぞ。 / どうぞお先さきに。,会話表現,5:196;4:902;3:14,3
afternoon,afternoon,5,5;4;3,word,午後ごご,午後ごご,名詞,5:561;4:422;3:632,3
again,again,5,5;4;3,word,もう一度いちど、再ふたたび、また,もう一度いちど、再ふたたび、また,副詞,5:294;4:438;3:142,3
airplane,airplane,5,5;4;3,word,飛行機ひこうき,飛行機ひこうき,名詞,5:543;4:380;3:524,3
all,all,5,5;4,word,全部ぜんぶ、全員ぜんいん、全すべて、みな,全部ぜんぶ、全員ぜんいん、全すべて、みな,,5:33;4:370,2
All right.,all right.,5,5,conversation,いいよ。,いいよ。,,5:144,1
Almost!,almost!,5,5,conversation,おしい！,おしい！,,5:39,1
always,always,5,5;4;3,word,いつも,いつも,副詞,5:392;4:593;3:457,3
am,am,5,5;4,word,いる、ある,いる、ある,,5:21;4:376,2
and,and,5,5;4,word,～と,～と,,5:87;4:413,2
and so on,and so on,5,5;4;3;pre2;2,phrase,などなど,などなど,熟語,5:588;4:388;3:1204;pre2:108;2:2099,5
animal,animal,5,5;4,word,動物どうぶつ,動物どうぶつ,,5:447;4:30,2
apple,apple,5,5;4,word,リンゴ,リンゴ,,5:317;4:705,2
April,april,5,5;4;3,word,4月がつ,4月がつ,名詞,5:302;4:621;3:639,3
Are you OK?,are you ok?,5,5;4,conversation,だいじょうぶ？,だいじょうぶ？ / 大丈夫だいじょうぶ？,,5:265;4:739,2
Are you ready to order?,are you ready to order?,5,5,conversation,ごちゅうもんは おきまりですか？,ごちゅうもんは おきまりですか？,,5:626,1
at,at,5,5;4;3,word,～で,～で / で、に,前置詞,5:18;4:671;3:1163,3
at noon,at noon,5,5;4;3,phrase,正午しょうごに,正午しょうごに,熟語,5:502;4:390;3:862,3
August,august,5,5;4,word,8月がつ,8月がつ,,5:407;4:307,2
autumn,autumn,5,5;4,word,秋あき,秋あき,,5:405;4:554,2
bag,bag,5,5;4,word,カバン,カバン,,5:48;4:429,2
baseball,baseball,5,5;4,word,野球やきゅう,野球やきゅう,,5:507;4:467,2
bath,bath,5,5;4,word,風呂ふろ,風呂ふろ,,5:198;4:560,2
be,be,5,5;4,word,である,である,,5:24;4:551,2
be interested in,be interested in,5,5;4;3,phrase,に興味きょうみがある,に興味きょうみがある,熟語,5:625;4:721;3:127,3
Be quiet.,be quiet.,5,5,conversation,しずかにして。,しずかにして。,,5:88,1
be(get) excited,be(get) excited,5,5;4,phrase,興奮こうふんをする,興奮こうふんをする,,5:621;4:564,2
beach,beach,5,5;4,word,砂浜すなはま,砂浜すなはま,,5:363;4:561,2
bean,bean,5,5;4,word,豆まめ,豆まめ,,5:254;4:703,2
bear,bear,5,5;4;pre2;2,word,クマ,クマ / 我慢する，を圧迫する,動詞,5:208;4:411;pre2:271;2:1738,4
beautiful,beautiful,5,5;4,word,美うつくしい,美うつくしい,,5:558;4:293,2
beef,beef,5,5;4,word,牛肉ぎゅうにく,牛肉ぎゅうにく,,5:222;4:633,2
best,best,5,5;4,word,一番いちばん良よい,一番いちばん良よい,,5:179;4:439,2
between A and B,between a and b,5,5;4;3;2,phrase,AとBの間あいだ,AとBの間あいだ / AとBの間，AとBの中間,熟語,5:624;4:677;3:167;2:636,4
bicycle,bicycle,5,5;4,word,自転車じてんしゃ,自転車じてんしゃ,,5:490;4:650,2
big,big,5,5;4,word,大おおきい,大おおきい,,5:84;4:450,2
bike,bike,5,5;4,word,自転車じてんしゃ,自転車じてんしゃ,,5:256;4:579,2
bird,bird,5,5;4,word,鳥とり,鳥とり,,5:176;4:445,2
birthday,birthday,5,5;4,word,誕生日たんじょうび,誕生日たんじょうび,,5:536;4:555,2
black,black,5,5;4,word,黒くろい,黒くろい,,5:307;4:479,2
Bless you.,bless you.,5,5,conversation,おだいじに。,おだいじに。,くしゃみ,5:200,1
blue,blue,5,5;4,word,青あおい,青あおい,,5:168;4:478,2
body,body,5,5;4,word,身体からだ,身体からだ,,5:204;4:523,2
book,book,5,5;4,word,本ほん,本ほん,,5:142;4:599,2
bookstore,bookstore,5,5;4,word,本屋ほんや,本屋ほんや,,5:578;4:420,2
box,box,5,5;4,word,箱はこ,箱はこ,,5:61;4:507,2
boy,boy,5,5;4,word,少年しょうねん,少年しょうねん,,5:60;4:534,2
bread,bread,5,5;4;3,word,パン,パン,名詞,5:299;4:489;3:596,3
breakfast,breakfast,5,5;4;3,word,朝食ちょうしょく,朝食ちょうしょく,名詞,5:562;4:681;3:477,3
Breakfast is ready.,breakfast is ready.,5,5,conversation,あさごはん できたよ。,あさごはん できたよ。,,5:573,1
bridge,bridge,5,5;4;3,word,橋はし,橋はし,名詞,5:437;4:367;3:771,3
brother,brother,5,5;4,word,兄弟きょうだい,兄弟きょうだい,,5:480;4:437,2
brown,brown,5,5;4,word,茶色ちゃいろの,茶色ちゃいろの,,5:320;4:690,2
brush,brush,5,5;4;3,word,をみがく,をみがく / を磨みがく,動詞,5:353;4:576;3:475,3
Brush your teeth.,brush your teeth.,5,5,conversation,はを みがいてね。,はを みがいてね。,,5:528,1
busy,busy,5,5;4;3,word,忙いそがしい,忙いそがしい,形容詞,5:169;4:644;3:320,3
buy,buy,5,5;4;3,word,買かう,買かう,動詞,5:66;4:283;3:343,3
by,by,5,5;4;3,word,のそばに、によって,のそばに、によって,前置詞,5:23;4:237;3:61,3
by bus,by bus,5,5;4;3,phrase,バスで,バスで,熟語,5:460;4:470;3:719,3
by car,by car,5,5;4;3,phrase,車くるまで,車くるまで,熟語,5:461;4:573;3:835,3
cake,cake,5,5;4,word,ケーキ,ケーキ,,5:153;4:220,2
Calm down.,calm down.,5,5;4,conversation,おちついて。,おちついて。 / 落おち着ついて。,,5:190;4:854,2
can,can,5,5;4,word,～できる,～できる,,5:100;4:407,2
Can I ask a question?,can i ask a question?,5,5;3,conversation,しつもん しても いいですか？,しつもん しても いいですか？ / 質問しつもんしてもいいですか。,会話表現,5:610;3:53,2
Can I help you?,can i help you?,5,5;4;3,conversation,おてつだい しましょうか？,おてつだい しましょうか？ / お手伝てつだいしましょうか？ / いらっしゃいませ。何なにかお探さがしですか。,会話表現,5:439;4:778;3:214,3
Can I join you?,can i join you?,5,5,conversation,いれて？,いれて？,,5:446,1
Can you help me?,can you help me?,5,5,conversation,てつだって くれる？,てつだって くれる？,,5:501,1
cap,cap,5,5;4,word,帽子ぼうし,帽子ぼうし,,5:64;4:583,2
car,car,5,5;4,word,自動車じどうしゃ,自動車じどうしゃ,,5:54;4:399,2
cat,cat,5,5;4,word,猫ねこ,猫ねこ,,5:74;4:494,2
chair,chair,5,5;4,word,椅子いす,椅子いす,,5:263;4:492,2
check ～ out,check ~ out,5,5;4;3,phrase,を確認かくにんする,を確認かくにんする,熟語,5:611;4:720;3:961,3
Cheer up.,cheer up.,5,5;4;3,conversation,げんきだして。,げんきだして。 / 元気げんきだして。 / 元気げんきを出だして。,会話表現,5:111;4:740;3:500,3
Cheers!,cheers!,5,5,conversation,かんぱい！,かんぱい！,,5:32,1
chicken,chicken,5,5;4,word,鶏肉とりにく,鶏肉とりにく,,5:494;4:622,2
city,city,5,5;4,word,市し,市し,,5:164;4:713,2
classmate,classmate,5,5;4,word,同級生どうきゅうせい,同級生どうきゅうせい,,5:579;4:556,2
classroom,classroom,5,5;4,word,教室きょうしつ,教室きょうしつ,,5:571;4:608,2
clean,clean,5,5;4;3,word,きれいな,きれいな,形容詞,5:343;4:563;3:265,3
Clean your room.,clean your room.,5,5,conversation,へやを そうじして。,へやを そうじして。,,5:475,1
clock,clock,5,5;4;3,word,置おき時計どけい,置おき時計どけい,名詞,5:335;4:532;3:138,3
Close your book.,close your book.,5,5,conversation,ほんを とじて。,ほんを とじて。,,5:452,1
clothes,clothes,5,5;4;3,word,服ふく,服ふく,名詞,5:493;4:400;3:204,3
cloudy,cloudy,5,5;4;3,word,曇くもった,曇くもった,形容詞,5:430;4:207;3:323,3
cold,cold,5,5;4;3,word,冷つめたい,冷つめたい,形容詞,5:132;4:456;3:260,3
color,color,5,5;4;3,word,色いろ,色いろ,名詞,5:267;4:605;3:631,3
Come here.,come here.,5,5,conversation,こっちに きて。,こっちに きて。,,5:177,1
"Come in, please.","come in, please.",5,5,conversation,どうぞ おはいりください。,どうぞ おはいりください。,,5:491,1
Congratulations.,congratulations.,5,5;3,conversation,おめでとう。,おめでとう。,会話表現,5:449;3:515,2
cook,cook,5,5;4;3,word,料理りょうりする,料理りょうりする,動詞,5:155;4:546;3:147,3
cool,cool,5,5;4,word,かっこいい，すずしい,かっこいい，すずしい / かっこいい、すずしい,,5:159;4:651,2
Cool!,cool!,5,5,conversation,かっこいい！,かっこいい！,,5:6,1
country,country,5,5;4;3,word,国くに,国くに,名詞,5:477;4:418;3:392,3
cow,cow,5,5;4,word,ウシ,ウシ,,5:73;4:419,2
cup,cup,5,5;4,word,カップ,カップ,,5:51;4:692,2
cute,cute,5,5;4,word,可愛かわいい,可愛かわいい,,5:246;4:597,2
date,date,5,5;4;3,word,日付ひづけ,日付ひづけ,名詞,5:211;4:590;3:446,3
day,day,5,5;4,word,日ひ,日ひ,,5:56;4:577,2
December,december,5,5;4,word,１２月がつ,１２月がつ,,5:522;4:368,2
delicious,delicious,5,5;4;3,word,おいしい,おいしい / 美味おいしい,形容詞,5:576;4:276;3:65,3
desk,desk,5,5;4,word,机つくえ,机つくえ,,5:185;4:296,2
dictionary,dictionary,5,5;4;3,word,辞書じしょ,辞書じしょ,名詞,5:589;4:673;3:120,3
Did you sleep well?,did you sleep well?,5,5,conversation,よく ねむれた？,よく ねむれた？,,5:580,1
different,different,5,5;4;3,word,違ちがった,違ちがった,形容詞,5:574;4:61;3:28,3
difficult,difficult,5,5;4;3,word,難むずかしい,難むずかしい,形容詞,5:568;4:521;3:125,3
dinner,dinner,5,5;4;3,word,夕食ゆうしょく,夕食ゆうしょく,名詞,5:398;4:421;3:480,3
Dinner is ready.,dinner is ready.,5,5;3,conversation,ばんごはん できたよ。,ばんごはん できたよ。 / ごはんができたよ。,会話表現,5:478;3:531,2
dish,dish,5,5;4,word,皿さら,皿さら,,5:197;4:501,2
do,do,5,5;4,word,する,する,,5:4;4:252,2
Do you understand?,do you understand?,5,5,conversation,わかりますか？,わかりますか？,,5:551,1
Do your best.,do your best.,5,5,conversation,ぜんりょくで がんばって。,ぜんりょくで がんばって。,,5:350,1
doctor,doctor,5,5;4;3,word,医者いしゃ,医者いしゃ,名詞,5:411;4:364;3:518,3
dog,dog,5,5;4,word,イヌ,イヌ,,5:67;4:652,2
Don't be late.,don't be late.,5,5,conversation,おくれないでね。,おくれないでね。,,5:373,1
Don't give up.,don't give up.,5,5;4,conversation,あきらめないで。,あきらめないで。,,5:377;4:860,2
Don't touch it.,don't touch it.,5,5,conversation,さわらないで。,さわらないで。,,5:429,1
Don't worry.,don't worry.,5,5;4,conversation,しんぱいしないで。,しんぱいしないで。 / 心配しんぱいしないで。,,5:275;4:736,2
down,down,5,5;4,word,下したに,下したに,,5:247;4:433,2
drama,drama,5,5;4,word,劇げき,劇げき,,5:376;4:685,2
draw,draw,5,5;4;3;pre2;2,word,描えがく,描えがく / 描く，引っ張る,動詞,5:202;4:106;3:315;pre2:521;2:897,5
dream,dream,5,5;4,word,夢ゆめ,夢ゆめ,,5:328;4:424,2
drink,drink,5,5;4,word,飲のむ,飲のむ,,5:271;4:217,2
drum,drum,5,5;4,word,太鼓たいこ,太鼓たいこ,,5:251;4:392,2
ear,ear,5,5;4,word,耳みみ,耳みみ,,5:94;4:515,2
easy,easy,5,5;4,word,簡単かんたんな,簡単かんたんな,,5:175;4:480,2
eat,eat,5,5;4,word,食たべる,食たべる,,5:44;4:477,2
egg,egg,5,5;4,word,卵たまご,卵たまご,,5:80;4:527,2
eight,eight,5,5;4,word,8,8,,5:315;4:371,2
eighteen,eighteen,5,5;4,word,18,18,,5:516;4:257,2
eighty,eighty,5,5;4,word,80,80,,5:410;4:449,2
elementary school,elementary school,5,5;4;3,phrase,小学校しょうがっこう,小学校しょうがっこう,熟語,5:628;4:374;4:398;3:773,4
eleven,eleven,5,5;4,word,11,11,,5:395;4:655,2
English,english,5,5;4,word,英語えいご,英語えいご,,5:492;4:569,2
enjoy,enjoy,5,5;4;3,word,楽たのしむ,楽たのしむ,動詞,5:289;4:369;3:12,3
entrance ceremony,entrance ceremony,5,5;4;3,phrase,入学式にゅうがくしき,入学式にゅうがくしき,熟語,5:630;4:641;3:775,3
evening,evening,5,5;4,word,夕方ゆうがた,夕方ゆうがた,,5:489;4:401,2
event,event,5,5;4,word,出来事できごと,出来事できごと,,5:351;4:211,2
everyone,everyone,5,5;4;3,word,みんな,みんな,代名詞,5:525;4:278;3:459,3
exciting,exciting,5,5;4;3,word,興奮こうふんさせる,興奮こうふんさせる,形容詞,5:539;4:42;3:160,3
excuse,excuse,5,5;4;3;pre2;2,word,許ゆるす,許ゆるす / 言い訳，弁解/を許す,動詞;名詞,5:445;4:612;3:1209;pre2:340;2:175,5
Excuse me.,excuse me.,5,5;4,conversation,すみません。,すみません。,,5:134;4:813,2
eye,eye,5,5;4,word,目め,目め,,5:102;4:706,2
face,face,5,5;4;3;pre2;2,word,顔かお,顔かお / 直面する/顔,名詞;動詞,5:217;4:55;3:150;pre2:994;2:1172,5
fall,fall,5,5;4;3,word,落おちる，降おりる,落おちる，降おりる / 落おちる,動詞,5:205;4:83;3:1023,3
family,family,5,5;4,word,家族かぞく,家族かぞく,,5:402;4:241,2
famous,famous,5,5;4;3;pre2;2,word,有名ゆうめいな,有名ゆうめいな / 有名な，著名な,形容詞,5:427;4:272;3:1;pre2:811;2:1885,5
farewell party,farewell party,5,5;4;3,phrase,送別会そうべつかい,送別会そうべつかい,熟語,5:618;4:485;3:772,3
farmer,farmer,5,5;4;3,word,農家のうか,農家のうか,名詞,5:438;4:126;3:605,3
fast,fast,5,5;4;3,word,速はやい,速はやい,形容詞,5:161;4:263;3:505,3
father,father,5,5;4,word,父親ちちおや,父親ちちおや,,5:381;4:28,2
favorite,favorite,5,5;4;3;pre2;2,word,お気きに入いりの,お気きに入いりの / 特に好きな，お気に入りの,形容詞,5:529;4:289;3:13;pre2:205;2:1928,5
February,february,5,5;4;3,word,2月がつ,2月がつ,名詞,5:517;4:310;3:447,3
festival,festival,5,5;4;3,word,祭まつり,祭まつり,名詞,5:538;4:247;3:72,3
field trip,field trip,5,5;4;3,phrase,遠足えんそく,遠足えんそく,熟語,5:591;4:453;3:763,3
fifteen,fifteen,5,5;4,word,15,15,,5:481;4:295,2
fifty,fifty,5,5;4,word,50,50,,5:280;4:273,2
fine,fine,5,5;4,word,元気げんきな、晴はれた,元気げんきな、晴はれた,,5:125;4:431,2
first,first,5,5;4,word,1番目ばんめ,1番目ばんめ,,5:346;4:153,2
fish,fish,5,5;4,word,魚さかな,魚さかな,,5:138;4:29,2
five,five,5,5;4,word,5,5,,5:156;4:27,2
flower,flower,5,5;4,word,花はな,花はな,,5:399;4:306,2
Follow me.,follow me.,5,5,conversation,ついてきて。,ついてきて。,,5:180,1
food,food,5,5;4;3,word,食べ物たべもの,食べ物たべもの / 食たべ物もの,名詞,5:231;4:242;3:261,3
for,for,5,5;4,word,のために,のために,,5:106;4:298,2
for here,for here,5,5;4;3,phrase,ここで食たべる,ここで食たべる,熟語,5:549;4:602;3:1155,3
forty,forty,5,5;4,word,40,40,,5:312;4:250,2
four,four,5,5;4,word,4,4,,5:149;4:299,2
fourteen,fourteen,5,5;4,word,14,14,,5:513;4:214,2
Friday,friday,5,5;4;3,word,金曜日きんようび,金曜日きんようび,名詞,5:401;4:284;3:413,3
friend,friend,5,5;4,word,友達ともだち,友達ともだち,,5:412;4:224,2
frog,frog,5,5;4,word,カエル,カエル,,5:237;4:227,2
from,from,5,5;4,word,～から,～から,,5:250;4:281,2
fruit,fruit,5,5;4,word,果物くだもの,果物くだもの,,5:257;4:213,2
fun,fun,5,5;4;3,word,楽たのしみ,楽たのしみ,名詞,5:89;4:300;3:276,3
funny,funny,5,5;4,word,可笑おかしい,可笑おかしい,,5:361;4:246,2
future,future,5,5;4;3,word,未来みらい,未来みらい,名詞,5:448;4:35;3:610,3
garbage,garbage,5,5;4;pre2;2,word,ゴミ,ゴミ / 生ゴミ，くず,名詞,5:473;4:236;pre2:1420;2:392,4
get,get,5,5;4;3,word,得える,得える,動詞,5:57;4:308;3:151,3
get up,get up,5,5;4;3,phrase,起おきる,起おきる,熟語,5:458;4:516;3:1111,3
Get well soon.,get well soon.,5,5;4;3,conversation,はやく よくなってね。,はやく よくなってね。 / 早はやくよくなってね。,会話表現,5:380;4:863;3:377,3
girl,girl,5,5;4,word,少女しょうじょ,少女しょうじょ,,5:191;4:287,2
go,go,5,5;4,word,行いく,行いく,,5:15;4:253,2
go back to,go back to,5,5;4,phrase,に戻もどる,に戻もどる,,5:595;4:710,2
go straight,go straight,5,5;4;3,phrase,まっすぐ行いく,まっすぐ行いく,熟語,5:608;4:688;3:735,3
Go straight.,go straight.,5,5;4,conversation,まっすぐ いって。,まっすぐ いって。 / まっすぐ行いってください。,,5:295;4:784,2
good,good,5,5;4,word,良よい,良よい,,5:192;4:239,2
Good afternoon.,good afternoon.,5,5,conversation,こんにちは。,こんにちは。,ひるすぎ,5:393,1
Good evening.,good evening.,5,5,conversation,こんばんは。,こんばんは。,,5:321,1
Good idea.,good idea.,5,5,conversation,いいね。,いいね。,,5:147,1
Good job.,good job.,5,5,conversation,よくできました。,よくできました。,,5:91,1
Good luck.,good luck.,5,5,conversation,がんばってね。,がんばってね。,,5:167,1
"Good morning, everyone.","good morning, everyone.",5,5,conversation,みなさん おはよう。,みなさん おはよう。,,5:619,1
Good morning.,good morning.,5,5,conversation,おはよう。,おはよう。,,5:318,1
Good night.,good night.,5,5,conversation,おやすみ。,おやすみ。,,5:209,1
Goodbye.,goodbye.,5,5,conversation,さようなら。,さようなら。,,5:45,1
grandfather,grandfather,5,5;4;3,word,祖父そふ,祖父そふ,名詞,5:599;4:549;3:277,3
grandmother,grandmother,5,5;4;3,word,祖母そぼ,祖母そぼ,名詞,5:597;4:102;3:516,3
grape,grape,5,5;4,word,ブドウ,ブドウ,,5:356;4:297,2
great,great,5,5;4,word,素晴すばらしい、広大こうだいな,素晴すばらしい、広大こうだいな,,5:333;4:244,2
Great!,great!,5,5,conversation,すごい！,すごい！,,5:19,1
green,green,5,5;4,word,緑みどり,緑みどり,,5:279;4:234,2
guess,guess,5,5;4;3;pre2;2,word,推測すいそくする,推測すいそくする / 推測する，予想する,動詞,5:355;4:210;3:166;pre2:721;2:1743,5
Guess what!,guess what!,5,5,conversation,ねえ きいて！,ねえ きいて！,,5:249,1
hand,hand,5,5;4;3,word,手て,手て,名詞,5:158;4:304;3:387,3
happy,happy,5,5;4,word,幸福こうふくな,幸福こうふくな,,5:281;4:282,2
Happy birthday.,happy birthday.,5,5,conversation,おたんじょうび おめでとう。,おたんじょうび おめでとう。,,5:406,1
hard,hard,5,5;4;3,word,一生懸命いっしょうけんめいに,一生懸命いっしょうけんめいに / 固かたい,副詞,5:243;5:244;4:465;3:310,4
hat,hat,5,5;4;3,word,帽子ぼうし,帽子ぼうし,名詞,5:99;4:405;3:479,3
have,have,5,5;4,word,持もっている,持もっている,,5:139;4:285,2
Have a good day.,have a good day.,5,5,conversation,よい いちにちを。,よい いちにちを。,,5:511,1
have a headache,have a headache,5,5;4;3,phrase,頭痛ずつうがする,頭痛ずつうがする,熟語,5:622;4:592;3:789,3
Have a nice day.,have a nice day.,5,5,conversation,よいいちにちを。,よいいちにちを。,,5:495,1
Have a nice trip.,have a nice trip.,5,5;4,conversation,よい たびを。,よい たびを。 / よい旅たびを。,,5:541;4:831,2
he,he,5,5;4,word,彼かれは,彼かれは / 彼は,,5:7;4:205,2
head,head,5,5;4;3,word,頭あたま,頭あたま,名詞,5:230;4:256;3:386,3
heart,heart,5,5;4;3,word,心こころ,心こころ,名詞,5:323;4:91;3:1124,3
Hello? (on the phone),hello? (on the phone),5,5,conversation,もしもし？,もしもし？,,5:632,1
help,help,5,5;4,word,助たすける,助たすける,,5:172;4:233,2
help with,help with,5,5;4;3,phrase,を助たすける,を助たすける,熟語,5:586;4:712;3:679,3
Help!,help!,5,5,conversation,たすけて！,たすけて！,,5:13,1
here,here,5,5;4;3,word,ここに,ここに,副詞,5:129;4:235;3:468,3
Here you are.,here you are.,5,5;3,conversation,はい、どうぞ。,はい、どうぞ。,会話表現,5:347;3:11,2
"Here, take this.","here, take this.",5,5,conversation,はい、これ どうぞ。,はい、これ どうぞ。,,5:488,1
high school,high school,5,5;4,phrase,高校こうこう,高校こうこう,,5:605;4:686,2
"Hold on, please.","hold on, please.",5,5;4;3,conversation,すこし まってください。,すこし まってください。 / 少すこしお待まちください。 / 少々しょうしょうお待まちください。,会話表現,5:469;4:780;3:440,3
homework,homework,5,5;4,word,宿題しゅくだい,宿題しゅくだい,,5:519;4:260,2
horse,horse,5,5;4;3,word,馬うま,馬うま,名詞,5:340;4:642;3:637,3
hospital,hospital,5,5;4;3,word,病院びょういん,病院びょういん,名詞,5:506;4:270;3:546,3
hot,hot,5,5;4,word,暑あつい,暑あつい,,5:53;4:243,2
house,house,5,5;4,word,家いえ,家いえ,,5:297;4:301,2
how,how,5,5;4;3,word,どのぐらい,どのぐらい,副詞,5:31;4:198;3:238,3
How about,how about,5,5;4;3,phrase,はどうですか？,はどうですか？,熟語,5:582;4:696;3:30,3
How are you?,how are you?,5,5,conversation,げんき？,げんき？,,5:308,1
How do you say this?,how do you say this?,5,5,conversation,これ なんて いうの？,これ なんて いうの？,,5:600,1
How much is it?,how much is it?,5,5,conversation,いくらですか？,いくらですか？,,5:436,1
How old are you?,how old are you?,5,5,conversation,なんさいですか？,なんさいですか？,,5:498,1
How's the weather?,how's the weather?,5,5,conversation,てんきは どう？,てんきは どう？,,5:554,1
hundred,hundred,5,5;4;3,word,百ひゃく,百ひゃく,名詞,5:496;4:97;3:902,3
hungry,hungry,5,5;4;3,word,空腹くうふくの,空腹くうふくの,形容詞,5:385;4:670;3:466,3
Hurry up.,hurry up.,5,5,conversation,いそいで。,いそいで。,,5:108,1
I,i,5,5;4,word,私わたしは,私わたしは,,5:1;4:22,2
I agree.,i agree.,5,5,conversation,さんせい。,さんせい。,,5:62,1
I can't.,i can't.,5,5,conversation,できないんだ。,できないんだ。,,5:65,1
I did it!,i did it!,5,5,conversation,できた！,できた！,,5:114,1
I don't know.,i don't know.,5,5,conversation,わからない。,わからない。,,5:337,1
I don't like it.,i don't like it.,5,5,conversation,すきじゃ ないな。,すきじゃ ないな。,,5:505,1
I don't understand.,i don't understand.,5,5,conversation,わかりません。,わかりません。,,5:564,1
I have a question.,i have a question.,5,5,conversation,しつもんが あります。,しつもんが あります。,,5:560,1
I like it.,i like it.,5,5,conversation,すきだよ。,すきだよ。,,5:203,1
I lost.,i lost.,5,5,conversation,まけちゃった。,まけちゃった。,,5:42,1
I love it.,i love it.,5,5,conversation,だいすき。,だいすき。,,5:206,1
I think so.,i think so.,5,5,conversation,そうおもうよ。,そうおもうよ。,,5:259,1
I understand.,i understand.,5,5;4,conversation,わかります。,わかります。 / わかりました。,,5:331;4:856,2
I won!,i won!,5,5,conversation,かった！,かった！,,5:22,1
I'll call you back.,i'll call you back.,5,5;4;3,conversation,あとで かけなおすね。,あとで かけなおすね。 / あとでかけ直なおすね。 / 折おり返かえし電話でんわするよ。,会話表現,5:577;4:782;3:88,3
I'll take it.,i'll take it.,5,5;3,conversation,それを ください。,それを ください。 / これにします。,会話表現,5:344;3:225,2
I'm coming.,i'm coming.,5,5;4,conversation,いま いくよ。,いま いくよ。 / 今いま行いくよ。,,5:255;4:797,2
I'm fine.,i'm fine.,5,5,conversation,げんきだよ。,げんきだよ。,,5:75,1
I'm from Japan.,i'm from japan.,5,5,conversation,にほん しゅっしんです。,にほん しゅっしんです。,,5:409,1
I'm full.,i'm full.,5,5;4;3,conversation,おなかいっぱい。,おなかいっぱい。 / おなかいっぱいです。,会話表現,5:98;4:793;3:278,3
I'm good.,i'm good.,5,5,conversation,ちょうしいいよ。,ちょうしいいよ。,,5:78,1
I'm happy.,i'm happy.,5,5,conversation,うれしいよ。,うれしいよ。,,5:154,1
I'm home.,i'm home.,5,5;3,conversation,ただいま。,ただいま。,会話表現,5:104;3:528,2
I'm hungry.,i'm hungry.,5,5,conversation,おなかが すいたよ。,おなかが すいたよ。,,5:216,1
I'm just looking.,i'm just looking.,5,5;3,conversation,みているだけです。,みているだけです。 / 見みているだけです。,会話表現,5:524;3:218,2
I'm leaving.,i'm leaving.,5,5,conversation,いってきます。,いってきます。,,5:291,1
I'm not sure.,i'm not sure.,5,5;4,conversation,よく わからないな。,よく わからないな。 / よく分わからないな。,,5:341;4:804,2
I'm proud of you.,i'm proud of you.,5,5;4;3,conversation,きみを ほこりに おもうよ。,きみを ほこりに おもうよ。 / きみを誇ほこりに思おもうよ。 / あなたを誇ほこりに思おもうよ。,会話表現,5:544;4:827;3:495,3
I'm sleepy.,i'm sleepy.,5,5,conversation,ねむいよ。,ねむいよ。,,5:213,1
I'm sorry.,i'm sorry.,5,5,conversation,ごめんなさい。,ごめんなさい。,,5:131,1
I'm thirsty.,i'm thirsty.,5,5,conversation,のどが かわいたよ。,のどが かわいたよ。,,5:272,1
I'm tired.,i'm tired.,5,5,conversation,つかれたよ。,つかれたよ。,,5:124,1
in,in,5,5;4,word,中なかに,中なかに,,5:5;4:537,2
interesting,interesting,5,5;4;3,word,面白おもしろい,面白おもしろい,形容詞,5:598;4:46;3:287,3
is,is,5,5;4,word,ある、いる,ある、いる,,5:14;4:632,2
island,island,5,5;4;3;2,word,島しま,島しま / 島，島々,名詞,5:444;4:103;3:666;2:888,4
it,it,5,5;4,word,それは,それは,,5:8;4:171;4:204,3
It's cloudy.,it's cloudy.,5,5,conversation,くもりだよ。,くもりだよ。,,5:288,1
It's cold today.,it's cold today.,5,5,conversation,きょうは さむいね。,きょうは さむいね。,,5:465,1
It's cute.,it's cute.,5,5,conversation,かわいいね。,かわいいね。,,5:150,1
It's delicious.,it's delicious.,5,5,conversation,おいしいよ。,おいしいよ。,,5:403,1
It's fun.,it's fun.,5,5,conversation,たのしいよ。,たのしいよ。,,5:95,1
It's hot today.,it's hot today.,5,5,conversation,きょうは あついね。,きょうは あついね。,,5:416,1
It's mine.,it's mine.,5,5,conversation,わたしのだよ。,わたしのだよ。,,5:193,1
It's Monday today.,it's monday today.,5,5,conversation,きょうは げつようびだよ。,きょうは げつようびだよ。,,5:557,1
It's my turn.,it's my turn.,5,5;4,conversation,わたしの ばん。,わたしの ばん。 / 私わたしの番ばんだよ。,,5:357;4:823,2
It's near here.,it's near here.,5,5;4,conversation,この ちかくだよ。,この ちかくだよ。 / この近ちかくだよ。,,5:419;4:758,2
It's over there.,it's over there.,5,5,conversation,あそこだよ。,あそこだよ。,,5:482,1
It's rainy.,it's rainy.,5,5,conversation,あめだよ。,あめだよ。,,5:236,1
It's snowy.,it's snowy.,5,5,conversation,ゆきだよ。,ゆきだよ。,,5:239,1
It's sunny.,it's sunny.,5,5,conversation,はれだよ。,はれだよ。,,5:232,1
It's three o'clock.,it's three o'clock.,5,5,conversation,3じだよ。,3じだよ。,,5:570,1
It's too expensive.,it's too expensive.,5,5;4;3,conversation,たかすぎるよ。,たかすぎるよ。 / 高たかすぎるよ。 / 高たかすぎます。,会話表現,5:567;4:735;3:236,3
It's windy.,it's windy.,5,5,conversation,かぜが つよいね。,かぜが つよいね。,,5:242,1
It's your turn.,it's your turn.,5,5,conversation,きみの ばんだよ。,きみの ばんだよ。,,5:426,1
It's yours.,it's yours.,5,5,conversation,きみのだよ。,きみのだよ。,,5:252,1
January,january,5,5;4,word,1月がつ,1月がつ,,5:463;4:389,2
Japan,japan,5,5;4,word,日本にほん,日本にほん,,5:283;4:393,2
Japanese,japanese,5,5;4,word,日本人にほんじん,日本人にほんじん,,5:546;4:487,2
job,job,5,5;4,word,仕事しごと,仕事しごと,,5:90;4:414,2
join,join,5,5;4;3,word,参加さんかする,参加さんかする,動詞,5:207;4:457;3:19,3
July,july,5,5;4;3,word,7月がつ,7月がつ,名詞,5:130;4:498;3:169,3
jump,jump,5,5;4,word,跳とぶ,跳とぶ,,5:220;4:658,2
June,june,5,5;4;3,word,6月がつ,6月がつ,名詞,5:181;4:656;3:106,3
junior high school,junior high school,5,5;4;3,phrase,中学校ちゅうがっこう,中学校ちゅうがっこう,名詞,5:631;4:645;3:1028,3
Just a minute.,just a minute.,5,5,conversation,ちょっと まってね。,ちょっと まってね。,,5:370,1
kind,kind,5,5;4;3,word,種類しゅるい,種類しゅるい,名詞,5:195;4:71;3:593,3
king,king,5,5,word,王様おうさま,王様おうさま,,5:233,1
knee,knee,5,5;4;pre2;2,word,ひざ,ひざ / 膝,名詞,5:238;4:565;pre2:681;2:365,4
know,know,5,5;4;3,word,知しっている,知しっている,動詞,5:140;4:500;3:630,3
lake,lake,5,5;4;3,word,湖みずうみ,湖みずうみ,名詞,5:210;4:66;3:155,3
large,large,5,5;4;3,word,大おおきい、広ひろい,大おおきい、広ひろい,形容詞,5:287;4:365;3:193,3
learn a lot from,learn a lot from,5,5;4;3,phrase,からたくさん学まなぶ,からたくさん学まなぶ,熟語,5:627;4:668;3:1193,3
learn about,learn about,5,5;4;3,phrase,について学まなぶ,について学まなぶ,熟語,5:602;4:591;3:747,3
leave,leave,5,5;4;3,word,去さる，残のこす，置おいて行いく,去さる，残のこす，置おいて行いく / 去さる、残のこす、置おいて行いく,動詞,5:284;4:435;3:23,3
left,left,5,5;4,word,左ひだり,左ひだり,,5:194;4:701,2
leg,leg,5,5;4;3,word,脚あし,脚あし,名詞,5:86;4:77;3:1068,3
Let me see.,let me see.,5,5,conversation,ちょっと みせて。,ちょっと みせて。,,5:268,1
let's,let's,5,5;4;3,word;phrase,～しよう,～しよう / さあ～しよう,熟語,5:366;4:444;3:439,3
Let's begin.,let's begin.,5,5,conversation,はじめよう。,はじめよう。,,5:282,1
Let's eat.,let's eat.,5,5,conversation,たべよう。,たべよう。,,5:157,1
Let's go to bed.,let's go to bed.,5,5,conversation,もう ねよう。,もう ねよう。,,5:514,1
Let's go.,let's go.,5,5,conversation,いこう。,いこう。,,5:101,1
Let's play.,let's play.,5,5,conversation,あそぼう。,あそぼう。,,5:229,1
Let's share.,let's share.,5,5,conversation,わけっこ しよう。,わけっこ しよう。,,5:298,1
Let's start.,let's start.,5,5,conversation,はじめよう。,はじめよう。,,5:305,1
Let's take the bus.,let's take the bus.,5,5,conversation,バスに のろう。,バスに のろう。,,5:583,1
library,library,5,5;4;3,word,図書館としょかん,図書館としょかん,名詞,5:474;4:647;3:43,3
life,life,5,5;4,word,生活せいかつ,生活せいかつ,,5:228;4:679,2
like,like,5,5;4,word,好このむ,好このむ,,5:115;4:324,2
listen,listen,5,5;4,word,聴きく,聴きく,,5:441;4:144,2
listen to,listen to,5,5;4,phrase,聴きく,聴きく,,5:585;4:410,2
Listen!,listen!,5,5,conversation,きいて！,きいて！,,5:36,1
"Listen, please.","listen, please.",5,5,conversation,きいてね。,きいてね。,,5:400,1
live,live,5,5,word,住すむ,住すむ,,5:174,1
long,long,5,5;4;3,word,長ながい,長ながい,形容詞,5:116;4:684;3:492,3
Long time no see.,long time no see.,5,5;4;3,conversation,ひさしぶり。,ひさしぶり。 / 久ひさしぶり。 / 久しぶりひさしぶり。,会話表現,5:534;4:757;3:9,3
look,look,5,5;4;3,word,見みる,見みる,動詞,5:135;4:417;3:83,3
look at,look at,5,5;4;3,phrase,を見みる,を見みる,熟語,5:503;4:452;3:1192,3
Look at me.,look at me.,5,5,conversation,こっちを みて。,こっちを みて。,,5:262,1
Look!,look!,5,5,conversation,みて！,みて！,,5:9,1
luck,luck,5,5;4;3,word,運うん,運うん,名詞,5:241;4:586;3:316,3
lunch,lunch,5,5;4,word,昼食ちゅうしょく,昼食ちゅうしょく,,5:269;4:674,2
make,make,5,5;4;3,word,作つくる、～を～にするする,作つくる、～を～にするする / 作つくる、～を～にする,動詞,5:184;4:682;3:162,3
many,many,5,5;4;3,word,多おおくの,多おおくの,形容詞,5:136;4:362;3:689,3
map,map,5,5;4;3,word,地図ちず,地図ちず,名詞,5:58;4:544;3:226,3
March,march,5,5;4;3,word,3月がつ,3月がつ,名詞,5:293;4:423;3:180,3
math,math,5,5;4;3,word,数学すうがく,数学すうがく,名詞,5:199;4:531;3:184,3
May,may,5,5;4;3,word,５月がつ,５月がつ,名詞,5:46;4:520;3:444,3
May I come in?,may i come in?,5,5;4;3,conversation,はいっても いいですか？,はいっても いいですか？ / 入はいってもいいですか？ / 入はいってもいいですか。,会話表現,5:387;4:815;3:49,3
May I go to the bathroom?,may i go to the bathroom?,5,5,conversation,トイレに いっても いいですか？,トイレに いっても いいですか？,,5:629,1
May I speak to Tom?,may i speak to tom?,5,5,conversation,トムさんを おねがいします。,トムさんを おねがいします。,,5:587,1
May I try it?,may i try it?,5,5,conversation,ためしても いい？,ためしても いい？,,5:360,1
Maybe next time.,maybe next time.,5,5;4,conversation,また こんど。,また こんど。 / また今度こんど。,,5:462;4:743,2
me,me,5,5;4,word,私わたしを,私わたしを,に,5:11;4:517,2
"Me, too.","me, too.",5,5,conversation,わたしも。,わたしも。,,5:59,1
meet,meet,5,5;4;3,word,会あう,会あう,動詞,5:146;4:394;3:57,3
memory,memory,5,5;4;3,word,記憶きおく,記憶きおく,名詞,5:454;4:660;3:525,3
middle school,middle school,5,5,phrase,中学校ちゅうがっこう,中学校ちゅうがっこう,,5:615,1
Monday,monday,5,5;4,word,月曜日げつようび,月曜日げつようび,,5:404;4:610,2
monkey,monkey,5,5;4,word,サル,サル,,5:434;4:529,2
month,month,5,5;4,word,月つき,月つき,,5:300;4:630,2
morning,morning,5,5;4,word,朝あさ,朝あさ,,5:467;4:683,2
mother,mother,5,5;4,word,母はは,母はは,,5:382;4:707,2
mountain,mountain,5,5;4;3,word,山やま,山やま,名詞,5:527;4:51;3:472,3
mouse,mouse,5,5;4,word,ネズミ,ネズミ,,5:325;4:709,2
mouth,mouth,5,5;4;3,word,口くち,口くち,名詞,5:336;4:518;3:1144,3
much,much,5,5;4,word,たくさん,たくさん,,5:128;4:568,2
museum,museum,5,5;4;3,word,博物館はくぶつかん,博物館はくぶつかん,名詞,5:443;4:675;3:205,3
musician,musician,5,5;4,word,音楽家おんがくか,音楽家おんがくか,,5:526;4:526,2
my,my,5,5;4,word,私わたしの,私わたしの,,5:2;4:320,2
My name is Ken.,my name is ken.,5,5,conversation,ぼくの なまえは ケンです。,ぼくの なまえは ケンです。,,5:432,1
name,name,5,5;4,word,名前なまえ,名前なまえ,,5:113;4:540,2
nature,nature,5,5;4;3;pre2;2,word,自然しぜん,自然しぜん / 自然，天然,名詞,5:435;4:133;3:488;pre2:988;2:1433,5
never,never,5,5;4;3,word,１度どもない,１度どもない,副詞,5:352;4:695;3:612,3
Never mind.,never mind.,5,5;3,conversation,きにしないで。,きにしないで。 / 気きにしないで。,会話表現,5:223;3:25,2
new,new,5,5;4,word,新あたらしい,新あたらしい,,5:79;4:525,2
newspaper,newspaper,5,5;4,word,新聞しんぶん,新聞しんぶん,,5:566;4:615,2
nice,nice,5,5;4,word,良よい,良よい,,5:122;4:691,2
"Nice to meet you, too.","nice to meet you, too.",5,5,conversation,こちらこそ はじめまして。,こちらこそ はじめまして。,,5:616,1
Nice to meet you.,nice to meet you.,5,5,conversation,はじめまして。,はじめまして。,,5:537,1
night,night,5,5;4,word,夜よる,夜よる,,5:290;4:557,2
nine,nine,5,5;4,word,9,9,,5:189;4:373,2
nineteen,nineteen,5,5;4,word,19,19,,5:515;4:522,2
ninety,ninety,5,5;4,word,90,90,,5:422;4:430,2
No problem.,no problem.,5,5;4;3,conversation,だいじょうぶだよ。,だいじょうぶだよ。 / 問題もんだいないよ。,会話表現,5:219;4:776;3:16,3
"No, thank you.","no, thank you.",5,5;4,conversation,いいえ、けっこうです。,いいえ、けっこうです。,,5:367;4:896,2
nose,nose,5,5;4,word,鼻はな,鼻はな,,5:224;4:578,2
not,not,5,5;4,word,～でない,～でない,,5:70;4:377,2
Not bad.,not bad.,5,5,conversation,まあまあだよ。,まあまあだよ。,,5:55,1
November,november,5,5;4;3,word,11月がつ,11月がつ,名詞,5:520;4:415;3:562,3
number,number,5,5;4,word,数かず,数かず,,5:425;4:408,2
nurse,nurse,5,5;4,word,看護師かんごし,看護師かんごし,,5:274;4:506,2
October,october,5,5;4,word,10月がつ,10月がつ,,5:476;4:669,2
Of course.,of course.,5,5;4,conversation,もちろん。,もちろん。,,5:141;4:817,2
old,old,5,5;4,word,古ふるい,古ふるい,,5:34;4:582,2
on,on,5,5;4,word,の上うえに,の上うえに,,5:20;4:381,2
on the way,on the way,5,5;4;3,phrase,道みちの途中とちゅうで,道みちの途中とちゅうで,熟語,5:594;4:628;3:725,3
on weekends,on weekends,5,5;4;3,phrase,週末しゅうまつに,週末しゅうまつに,熟語,5:604;4:538;3:202,3
on your left,on your left,5,5;4,phrase,左側ひだりがわに,左側ひだりがわに,,5:612;4:715,2
on your right,on your right,5,5;4;3,phrase,右側みぎがわに,右側みぎがわに,熟語,5:617;4:606;3:783,3
one,one,5,5;4,word,一ひとつの,一ひとつの / 1つの / 1,,5:25;5:83;4:5;4:581,4
"One more time, please.","one more time, please.",5,5,conversation,もういちど おねがいします。,もういちど おねがいします。,,5:613,1
Open your book.,open your book.,5,5,conversation,ほんを ひらいて。,ほんを ひらいて。,,5:413,1
our,our,5,5;4,word,私わたしたちの,私わたしたちの,,5:35;4:545,2
out,out,5,5;4,word,外そとに,外そとに,,5:109;4:665,2
park,park,5,5;4,word,公園こうえん,公園こうえん,,5:151;4:493,2
Pass me the ball.,pass me the ball.,5,5,conversation,ボールを パスして。,ボールを パスして。,,5:547,1
pencil,pencil,5,5;4,word,鉛筆えんぴつ,鉛筆えんぴつ,,5:389;4:637,2
picture,picture,5,5;4;3,word,絵え、写真しゃしん,絵え、写真しゃしん,名詞,5:471;4:495;3:510,3
pig,pig,5,5;4,word,ブタ,ブタ,,5:96;4:134,2
place,place,5,5;4;3,word,場所ばしょ,場所ばしょ,名詞,5:277;4:600;3:103,3
play,play,5,5;4,word,劇げき,劇げき,,5:171;4:455,2
player,player,5,5;4,word,選手せんしゅ,選手せんしゅ,,5:421;4:486,2
please,please,5,5;4,word,喜よろこばせる,喜よろこばせる,,5:391;4:199,2
Please call me back.,please call me back.,5,5;3,conversation,あとで かけなおしてね。,あとで かけなおしてね。 / 折おり返かえし電話でんわしてください。,会話表現,5:596;3:467,2
Please say it again.,please say it again.,5,5,conversation,もういちど いってください。,もういちど いってください。,,5:593,1
practice,practice,5,5;4;3,word,練習れんしゅうする,練習れんしゅうする,動詞,5:533;4:482;3:8,3
purple,purple,5,5;4,word,紫色むらさきいろ,紫色むらさきいろ,,5:453;4:446,2
put,put,5,5;4;3,word,置く,置く / 置おく,動詞,5:63;4:142;3:122,3
queen,queen,5,5;4,word,女王じょおう,女王じょおう,,5:349;4:533,2
rabbit,rabbit,5,5;4,word,ウサギ,ウサギ,,5:431;4:135,2
rainy,rainy,5,5;4;3,word,雨降あめふりの,雨降あめふりの,形容詞,5:332;4:181;3:359,3
Raise your hand.,raise your hand.,5,5,conversation,てを あげて。,てを あげて。,,5:459,1
read,read,5,5;4,word,読よむ,読よむ,,5:112;4:587,2
reading,reading,5,5;4,word,読書どくしょ,読書どくしょ,,5:499;4:397,2
really,really,5,5;4;3,word,本当ほんとうに,本当ほんとうに,副詞,5:451;4:618;3:156,3
Really?,really?,5,5,conversation,ほんとう？,ほんとう？,,5:29,1
red,red,5,5;4,word,赤あかい,赤あかい,,5:37;4:676,2
Repeat after me.,repeat after me.,5,5,conversation,あとに ついて いって。,あとに ついて いって。,,5:455,1
ride,ride,5,5;4;3,word,乗のる,乗のる,動詞,5:148;4:698;3:354,3
right,right,5,5;4;3;pre2;2,word,右みぎに,右みぎに / 正ただしい / 正しい，正確な,副詞;形容詞,5:264;4:33;4:41;3:305;pre2:236;2:1612,6
river,river,5,5;4;3,word,川かわ,川かわ,名詞,5:345;4:53;3:579,3
room,room,5,5;4,word,部屋へや,部屋へや,,5:165;4:378,2
ruler,ruler,5,5;4,word,定規じょうぎ,定規じょうぎ,,5:368;4:616,2
run,run,5,5;4;3,word,を主催しゅさいする,を主催しゅさいする / 走はしる,動詞,5:43;4:594;3:996,3
sad,sad,5,5;4;3,word,悲かなしい,悲かなしい,形容詞,5:82;4:383;3:134,3
salad,salad,5,5;4;3,word,サラダ,サラダ,名詞,5:339;4:631;3:485,3
same,same,5,5;4;3,word,同おなじ,同おなじ,形容詞,5:201;4:64;3:433,3
Saturday,saturday,5,5;4;3,word,土曜日どようび,土曜日どようび,名詞,5:510;4:667;3:411,3
say again,say again,5,5;4;3,phrase,もう一度いちど言いう,もう一度いちど言いう,熟語,5:584;4:404;3:675,3
school,school,5,5;4,word,学校がっこう,学校がっこう,,5:384;4:265,2
school festival,school festival,5,5;4;3,phrase,文化祭ぶんかさい,文化祭ぶんかさい,名詞,5:620;4:678;3:486,3
science,science,5,5;4;3;pre2;2,word,科学かがく,科学かがく / 科学，自然科学,名詞,5:484;4:216;3:41;pre2:1168;2:1731,5
scientist,scientist,5,5;4;3;2,word,科学者かがくしゃ,科学者かがくしゃ / 科学者，研究者,名詞,5:575;4:286;3:358;2:48,4
sea,sea,5,5;4,word,海うみ,海うみ,,5:92;4:38,2
season,season,5,5;4;3,word,季節きせつ,季節きせつ,名詞,5:386;4:275;3:173,3
second,second,5,5;4;3,word,秒びょう,秒びょう / 2番目ばんめ,名詞,5:450;4:259;3:869,3
see,see,5,5;4;3,word,見みる,見みる / 分わかる,動詞,5:30;4:15;4:45;3:512,4
See you later.,see you later.,5,5,conversation,またあとでね。,またあとでね。,,5:364,1
See you tomorrow.,see you tomorrow.,5,5,conversation,またあした。,またあした。,,5:521,1
See you.,see you.,5,5,conversation,またね。,またね。,,5:52,1
September,september,5,5;4,word,9月がつ,9月がつ,,5:565;4:291,2
seven,seven,5,5;4,word,7,7,,5:310;4:240,2
seventeen,seventeen,5,5;4,word,17,17,,5:556;4:468,2
seventy,seventy,5,5;4,word,70,70,,5:487;4:219,2
she,she,5,5;4,word,彼女かのじょは,彼女かのじょは,,5:38;4:197,2
sheep,sheep,5,5;4,word,ヒツジ,ヒツジ,,5:292;4:451,2
ship,ship,5,5;4,word,船ふね,船ふね,,5:234;4:267,2
shop,shop,5,5;4,word,店みせ,店みせ,,5:215;4:274,2
shopping,shopping,5,5;4,word,買かい物もの,買かい物もの,,5:545;4:269,2
short,short,5,5;4,word,短みじかい,短みじかい,,5:313;4:277,2
shoulder,shoulder,5,5;4;3,word,肩かた,肩かた,名詞,5:535;4:119;3:882,3
sing,sing,5,5;4,word,歌うたう,歌うたう,,5:123;4:271,2
sister,sister,5,5;4,word,姉妹しまい,姉妹しまい,,5:394;4:238,2
sit,sit,5,5;4,word,着席ちゃくせきする,着席ちゃくせきする,,5:93;4:16,2
sit down,sit down,5,5;4;3,phrase,座すわる,座すわる,熟語,5:553;4:504;3:1168,3
Sit down.,sit down.,5,5,conversation,すわって。,すわって。,,5:85,1
six,six,5,5;4,word,6,6,,5:47;4:264,2
sixteen,sixteen,5,5;4,word,16,16,,5:479;4:491,2
sixty,sixty,5,5;4,word,60,60,,5:309;4:566,2
sleep,sleep,5,5;4,word,眠ねむる,眠ねむる,,5:303;4:499,2
small,small,5,5;4,word,小ちいさい,小ちいさい,,5:306;4:229,2
snake,snake,5,5;4,word,蛇へび,蛇へび,,5:359;4:426,2
snowy,snowy,5,5;4,word,雪ゆきの降ふる,雪ゆきの降ふる,,5:348;4:305,2
soft,soft,5,5;4,word,柔やわらかい,柔やわらかい,,5:253;4:280,2
sometimes,sometimes,5,5;4;3,word,時々ときどき,時々ときどき,副詞,5:563;4:226;3:158,3
sorry,sorry,5,5;4,word,ごめんなさい,ごめんなさい,,5:286;4:649,2
Sounds good.,sounds good.,5,5,conversation,いいね。,いいね。,,5:285,1
soup,soup,5,5;4,word,スープ,スープ,,5:235;4:215,2
speak,speak,5,5;4;3,word,話はなす,話はなす,動詞,5:258;4:266;3:620,3
Speaking.,speaking.,5,5,conversation,わたしです。,わたしです。,,5:72,1
spell,spell,5,5;4,word,を綴つづる,を綴つづる,,5:372;4:290,2
sport,sport,5,5;4,word,スポーツ,スポーツ,,5:319;4:251,2
spring,spring,5,5;4,word,春はる,春はる,,5:417;4:626,2
stand,stand,5,5;4;3,word,立たつ,立たつ / を我慢がまんする,動詞,5:304;4:221;3:972,3
stand up,stand up,5,5;4;2,phrase,立たつ,立たつ / 立つ，起きる,熟語,5:550;4:598;2:828,3
Stand up.,stand up.,5,5,conversation,たって。,たって。,,5:81,1
star,star,5,5;4;3,word,星ほし、スター,星ほし、スター / 星ほし,名詞,5:221;4:279;3:255,3
station,station,5,5;4;3,word,駅えき,駅えき,名詞,5:464;4:218;3:521,3
stay up,stay up,5,5;4;3;2,phrase,起おきている,起おきている / (夜遅くまで)起きている，覚醒している,熟語,5:504;4:552;3:1075;2:882,4
stop,stop,5,5;4,word,止とめる,止とめる,,5:143;4:231,2
Stop!,stop!,5,5,conversation,とまって！,とまって！,,5:16,1
straight,straight,5,5;4,word,まっすぐに,まっすぐに,,5:542;4:248,2
street,street,5,5;4,word,通とおり,通とおり,,5:433;4:223,2
strong,strong,5,5;4;3,word,強つよい,強つよい,形容詞,5:428;4:254;3:131,3
study,study,5,5;4,word,勉強べんきょうする,勉強べんきょうする,,5:261;4:303,2
subject,subject,5,5;4;3;pre2;2,word,科目かもく、題目だいもく,科目かもく、題目だいもく / 教科，主題,名詞,5:486;4:232;3:327;pre2:934;2:1069,5
subway,subway,5,5;4,word,地下鉄ちかてつ,地下鉄ちかてつ,,5:456;4:309,2
summer,summer,5,5;4;3,word,夏なつ,夏なつ,名詞,5:408;4:230;3:634,3
Sunday,sunday,5,5;4,word,日曜日にちようび,日曜日にちようび,,5:414;4:292,2
sunny,sunny,5,5;4,word,晴はれた,晴はれた,,5:369;4:687,2
supermarket,supermarket,5,5;4,word,スーパー,スーパー,,5:601;4:228,2
Sure.,sure.,5,5,conversation,いいよ。,いいよ。,,5:3,1
sweet,sweet,5,5;4,word,甘あまい,甘あまい,,5:374;4:212,2
swim,swim,5,5;4,word,泳およぐ,泳およぐ,,5:162;4:262,2
table,table,5,5;4,word,机つくえ,机つくえ,,5:276;4:294,2
take,take,5,5;4;3,word,取とる,取とる / 連つれて行いく / 撮影さつえいする,動詞,5:227;4:18;4:19;4:75;3:652,5
take a rest,take a rest,5,5;4;3,phrase,休憩きゅうけいする,休憩きゅうけいする,熟語,5:609;4:530;3:954,3
Take care.,take care.,5,5;4;3,conversation,きをつけてね。,きをつけてね。 / 気きをつけてね。,会話表現,5:121;4:754;3:3,3
Take it easy.,take it easy.,5,5;4,conversation,むりしないでね。,むりしないでね。,,5:354;4:741,2
take out,take out,5,5;4;3,phrase,持もち帰かえり,持もち帰かえり,熟語,5:548;4:425;3:889,3
talk,talk,5,5;4,word,話はなす,話はなす,,5:218;4:8,2
tea,tea,5,5;4,word,お茶ちゃ,お茶ちゃ,,5:97;4:14,2
teach,teach,5,5;4;3,word,教おしえる,教おしえる,動詞,5:322;4:34;3:519,3
teacher,teacher,5,5;4,word,先生せんせい,先生せんせい,,5:466;4:255,2
telephone,telephone,5,5;4,word,電話でんわ,電話でんわ,,5:581;4:249,2
temple,temple,5,5;4;3;pre2;2,word,お寺てら,お寺てら / お寺，寺院,名詞,5:457;4:302;3:667;pre2:1417;2:385,5
ten,ten,5,5;4,word,10,10,,5:69;4:268,2
textbook,textbook,5,5;4,word,教科書きょうかしょ,教科書きょうかしょ,,5:532;4:122,2
Thank you very much.,thank you very much.,5,5,conversation,どうも ありがとう。,どうも ありがとう。,,5:590,1
Thank you.,thank you.,5,5,conversation,ありがとう。,ありがとう。,,5:127,1
Thanks.,thanks.,5,5,conversation,ありがと。,ありがと。,,5:26,1
that,that,5,5;4,word,あれ,あれ,,5:188;4:461,2
That's all for today.,that's all for today.,5,5,conversation,きょうは ここまで。,きょうは ここまで。,,5:603,1
That's all.,that's all.,5,5,conversation,それで ぜんぶです。,それで ぜんぶです。,,5:226,1
That's OK.,that's ok.,5,5,conversation,だいじょうぶだよ。,だいじょうぶだよ。,,5:137,1
That's right.,that's right.,5,5,conversation,そのとおり。,そのとおり。,,5:327,1
That's too bad.,that's too bad.,5,5;4;3,conversation,それは ざんねん。,それは ざんねん。 / それは残念ざんねん。 / それは残念ざんねんだね。,会話表現,5:423;4:765;3:511,3
the,the,5,5;4,word,その,その,,5:27;4:314,2
think,think,5,5;4;3,word,考かんがえる,考かんがえる / 思おもう,動詞,5:342;4:11;4:26;3:326,4
third,third,5,5;4,word,3番目ばんめ,3番目ばんめ,,5:362;4:342,2
thirteen,thirteen,5,5;4,word,13,13,,5:512;4:316,2
thirty,thirty,5,5;4,word,30,30,,5:397;4:347,2
this,this,5,5;4,word,この,この,,5:133;4:340,2
This is Ken.,this is ken.,5,5,conversation,ケンです。,ケンです。,,5:311,1
"This way, please.","this way, please.",5,5,conversation,こちらへ どうぞ。,こちらへ どうぞ。,,5:531,1
three,three,5,5;4,word,3,3,,5:270;4:338,2
Thursday,thursday,5,5;4,word,木曜日もくようび,木曜日もくようび,,5:509;4:490,2
tiger,tiger,5,5;4,word,トラ,トラ,,5:375;4:321,2
time,time,5,5;4,word,時とき、～回かい,時とき、～回かい,,5:178;4:570,2
Time's up.,time's up.,5,5,conversation,じかんだよ。,じかんだよ。,,5:186,1
tired,tired,5,5;4;3,word,疲つかれて,疲つかれて,形容詞,5:330;4:72;3:953,3
to,to,5,5;4,word,～へ,～へ,,5:17;4:348,2
to go,to go,5,5;4;3,phrase,持もち帰かえり,持もち帰かえり,熟語,5:379;4:553;3:1014,3
together,together,5,5;4;3,word,一緒いっしょに,一緒いっしょに,副詞,5:523;4:312;3:67,3
too,too,5,5;4;3,word,～もまた,～もまた,副詞,5:77;4:689;3:514,3
tooth,tooth,5,5;4;3,word,歯は,歯は,名詞,5:326;4:105;3:573,3
tower,tower,5,5;4,word,塔とう,塔とう,,5:358;4:341,2
town,town,5,5;4,word,街まち,街まち,,5:187;4:345,2
train,train,5,5;4,word,列車れっしゃ,列車れっしゃ,,5:338;4:327,2
travel,travel,5,5;4;3,word,旅行りょこう,旅行りょこう,動詞,5:440;4:325;3:279,3
tree,tree,5,5;4,word,木き,木き,,5:182;4:336,2
trip,trip,5,5;4;3,word,旅行りょこう,旅行りょこう,名詞,5:225;4:349;3:268,3
try,try,5,5;4;3,word,試ためす,試ためす,動詞,5:50;4:329;3:215,3
Try again.,try again.,5,5,conversation,もういちど やってみて。,もういちど やってみて。,,5:183,1
Tuesday,tuesday,5,5;4,word,火曜日かようび,火曜日かようび,,5:470;4:339,2
turn,turn,5,5;4;3,word,曲まがる、回まわる、変化へんかする,曲まがる、回まわる、変化へんかする,動詞,5:212;4:331;3:294,3
Turn left.,turn left.,5,5,conversation,ひだりに まがって。,ひだりに まがって。,,5:163,1
Turn off the TV.,turn off the tv.,5,5,conversation,テレビを けして。,テレビを けして。,,5:518,1
Turn right.,turn right.,5,5,conversation,みぎに まがって。,みぎに まがって。,,5:245,1
twelve,twelve,5,5;4,word,12,12,,5:418;4:334,2
twenty,twenty,5,5;4,word,20,20,,5:424;4:346,2
two,two,5,5;4,word,2,2,,5:40;4:332,2
umbrella,umbrella,5,5;4;3,word,傘かさ,傘かさ,名詞,5:540;4:313;3:507,3
under,under,5,5;4,word,下したの,下したの,,5:365;4:328,2
up,up,5,5;4,word,上うえへ,上うえへ,,5:12;4:333,2
use,use,5,5;4,word,使つかう,使つかう,,5:41;4:173,2
usually,usually,5,5;4;3,word,普通ふつうは,普通ふつうは,副詞,5:468;4:317;3:107,3
vacation,vacation,5,5;4;3,word,休暇きゅうか,休暇きゅうか,名詞,5:530;4:98;3:73;3:809,4
vegetable,vegetable,5,5;4;3,word,野菜やさい,野菜やさい,名詞,5:572;4:101;3:442,3
very,very,5,5;4;3,word,非常ひじょうに,非常ひじょうに,副詞,5:117;4:319;3:626,3
visit,visit,5,5;4;3,word,訪問ほうもんする,訪問ほうもんする,動詞,5:316;4:337;3:45,3
wait for,wait for,5,5;4;3;2,phrase,を待まつ,を待まつ / を待つ，を待ち受ける,熟語,5:552;4:643;3:571;2:601,4
Wait for me.,wait for me.,5,5,conversation,まってよ。,まってよ。,,5:314,1
Wake up!,wake up!,5,5,conversation,おきて！,おきて！,,5:68,1
walk,walk,5,5;4;3,word,散歩さんぽ,散歩さんぽ,名詞,5:166;4:311;3:653,3
walk to,walk to,5,5;4,phrase,へ歩あるいて行いく,へ歩あるいて行いく,,5:500;4:440,2
wall,wall,5,5;4,word,壁かべ,壁かべ,,5:145;4:322,2
want,want,5,5;4,word,欲ほしい,欲ほしい,,5:126;4:351,2
was,was,5,5;4,word,でした,でした,,5:107;4:330,2
wash,wash,5,5;4;3,word,洗あらう,洗あらう,動詞,5:152;4:361;3:272,3
Wash your hands.,wash your hands.,5,5,conversation,てを あらってね。,てを あらってね。,,5:472,1
watch,watch,5,5;4;3,word,見みる,見みる / 見みる、視聴しちょうする,動詞,5:273;4:62;3:481,3
Watch out!,watch out!,5,5;4,conversation,あぶない！,あぶない！,,5:173;4:824,2
Watch your step.,watch your step.,5,5;4,conversation,あしもとに きをつけて。,あしもとに きをつけて。 / 足元あしもとに気きをつけて。,,5:485;4:900,2
water,water,5,5;4,word,水みず,水みず,,5:329;4:89,2
way,way,5,5;4,word,道みち、方法ほうほう,道みち、方法ほうほう,,5:71;4:402,2
we,we,5,5;4,word,私わたしたちは,私わたしたちは,,5:10;4:693,2
weather,weather,5,5;4;3;pre2;2,word,天気てんき,天気てんき / 天候，天気,名詞,5:497;4:184;3:84;pre2:376;2:1777,5
Wednesday,wednesday,5,5;4;3,word,水曜日すいようび,水曜日すいようび,名詞,5:559;4:344;3:415,3
welcome,welcome,5,5;4;2,word,歓迎かんげいする,歓迎かんげいする / 歓迎される，迎えられる,動詞,5:483;4:352;2:1019,3
Welcome home.,welcome home.,5,5,conversation,おかえり。,おかえり。,,5:324,1
Welcome.,welcome.,5,5,conversation,ようこそ。,ようこそ。,,5:49,1
well,well,5,5;4;3,word,健康けんこうな,健康けんこうな,形容詞,5:214;4:95;3:700,3
Well done.,well done.,5,5,conversation,よく やったね。,よく やったね。,,5:170,1
what,what,5,5;4;3,word,何なに,何なに / なに,代名詞,5:248;4:59;3:237,3
What day is it?,what day is it?,5,5,conversation,きょうは なんようび？,きょうは なんようび？,,5:442,1
What time is it?,what time is it?,5,5,conversation,いま なんじ？,いま なんじ？,,5:508,1
What time?,what time?,5,5,conversation,なんじに？,なんじに？,,5:160,1
What's this in English?,what's this in english?,5,5,conversation,これは えいごで なんていうの？,これは えいごで なんていうの？,,5:623,1
What's this?,what's this?,5,5,conversation,これは なに？,これは なに？,,5:301,1
What's wrong?,what's wrong?,5,5;4,conversation,どうしたの？,どうしたの？,,5:334;4:738,2
when,when,5,5;4;3,word,～するとき,～するとき,接続詞,5:120;4:166;3:128,3
where,where,5,5;4;3,word,どこに,どこに,疑問詞,5:260;4:350;3:649,3
Where is the station?,where is the station?,5,5,conversation,えきは どこ？,えきは どこ？,,5:606,1
white,white,5,5;4,word,白しろ,白しろ,,5:296;4:353,2
who,who,5,5;4;3,word,だれ,だれ,代名詞,5:105;4:318;3:235,3
Whose is this?,whose is this?,5,5,conversation,これ だれの？,これ だれの？,,5:383,1
why,why,5,5;4;3,word,なぜ,なぜ,副詞,5:76;4:355;3:409,3
window,window,5,5;4,word,窓まど,窓まど,,5:420;4:335,2
winter,winter,5,5;4,word,冬ふゆ,冬ふゆ,,5:388;4:326,2
with,with,5,5;4,word,～と一緒いっしょに,～と一緒いっしょに,,5:240;4:315,2
with a smile,with a smile,5,5;4;3,phrase,笑顔えがおで,笑顔えがおで,熟語,5:614;4:672;3:850,3
wonderful,wonderful,5,5;4,word,すばらしい,すばらしい,,5:569;4:354,2
Wonderful!,wonderful!,5,5,conversation,すばらしい！,すばらしい！,,5:118,1
world,world,5,5;4,word,世界せかい、地球ちきゅう,世界せかい、地球ちきゅう,,5:371;4:323,2
worry about,worry about,5,5;4;3,phrase,について心配しんぱいする,について心配しんぱいする,熟語,5:607;4:442;3:614,3
write,write,5,5;4;3,word,書かく、手紙てがみを書かく,書かく、手紙てがみを書かく,動詞,5:266;4:343;3:161,3
write down,write down,5,5;4;3,phrase,書かく,書かく,熟語,5:592;4:562;3:804,3
year,year,5,5;4,word,年ねん,年ねん,,5:119;4:356,2
yellow,yellow,5,5;4,word,黄色きいろ,黄色きいろ,,5:415;4:357,2
"Yes, please.","yes, please.",5,5;4,conversation,はい、おねがいします。,はい、おねがいします。 / はい、お願ねがいします。,,5:278;4:919,2
you,you,5,5;4,word,あなたは,あなたは,,5:28;4:40;4:192,3
You can do it.,you can do it.,5,5;4,conversation,きみなら できるよ。,きみなら できるよ。 / きみならできるよ。,,5:390;4:861,2
You have the wrong number.,you have the wrong number.,5,5;4,conversation,ばんごうが ちがいます。,ばんごうが ちがいます。 / 番号ばんごうが違ちがいます。,,5:633;4:781,2
You're welcome.,you're welcome.,5,5;4;3,conversation,どういたしまして。,どういたしまして。,会話表現,5:396;4:810;3:20,3
your,your,5,5;4,word,あなたの,あなたの,,5:110;4:194,2
zoo,zoo,5,5;4;3,word,動物園どうぶつえん,動物園どうぶつえん,名詞,5:103;4:163;3:271,3
a few,a few,4,4;3,phrase,いくらかの,いくらかの,形容詞,4:385;3:558,2
absent,absent,4,4;3,word,欠席けっせきの,欠席けっせきの,形容詞,4:375;3:826,2
add,add,4,4;pre2;2,word,加くわえる,加くわえる / 足し算する，合計する,動詞,4:432;pre2:43;2:1988,3
advice,advice,4,4;3;pre2;2,word,忠告ちゅうこく,忠告ちゅうこく / 助言，忠告,名詞,4:609;3:414;pre2:619;2:1500,4
afraid,afraid,4,4;3;pre2;2,word,恐おそれて,恐おそれて / 心配して，恐れて,形容詞,4:488;3:928;pre2:668;2:1208,4
after,after,4,4;3,word,～の後あとで,～の後あとで,前置詞,4:476;3:523,2
airport,airport,4,4;3,word,空港くうこう,空港くうこう,名詞,4:454;3:1033,2
another,another,4,4;3,word,もう一ひとつの,もう一ひとつの,形容詞,4:513;3:217,2
answer,answer,4,4;3,word,答こたえる,答こたえる,動詞,4:32;3:529,2
Anything to drink?,anything to drink?,4,4,conversation,お飲のみ物ものは？,お飲のみ物ものは？,,4:895,1
arm,arm,4,4;3,word,腕うで,腕うで,名詞,4:143;3:1159,2
arrive at,arrive at,4,4;3,phrase,に到着とうちゃくする,に到着とうちゃくする,熟語,4:387;3:895,2
art,art,4,4;3,word,美術びじゅつ，芸術げいじゅつ,美術びじゅつ，芸術げいじゅつ / 芸術げいじゅつ,名詞,4:17;3:513,2
ask,ask,4,4;3,word,尋たずねる,尋たずねる / たずねる,動詞,4:129;3:34,2
ask about,ask about,4,4,phrase,～について聞きく,～について聞きく,,4:391,1
ask for,ask for,4,4,phrase,～に求もとめる,～に求もとめる,,4:443,1
At nine o'clock.,at nine o'clock.,4,4,conversation,9時じだよ。,9時じだよ。,,4:761,1
ate,ate,4,4,word,食たべた,食たべた,,4:509,1
away,away,4,4;3,word,離はなれて,離はなれて,副詞,4:541;3:1202,2
be born,be born,4,4;3,phrase,生うまれる,生うまれる,熟語,4:662;3:206,2
Be careful.,be careful.,4,4,conversation,気きをつけて。,気きをつけて。,,4:774,1
be famous for,be famous for,4,4;3,phrase,で有名ゆうめいである,で有名ゆうめいである,熟語,4:723;3:854,2
be scared of,be scared of,4,4;3,phrase,が怖こわい,が怖こわい,熟語,4:386;3:1108,2
because,because,4,4;3,word,なぜなら,なぜなら,接続詞,4:657;3:664,2
become,become,4,4;3,word,～になる,～になる,動詞,4:416;3:329,2
beer,beer,4,4;3,word,ビール,ビール,名詞,4:363;3:727,2
begin,begin,4,4;3,word,始はじまる,始はじまる,動詞,4:366;3:1004,2
believe,believe,4,4;3,word,信しんじる,信しんじる,動詞,4:625;3:133,2
Better luck next time.,better luck next time.,4,4,conversation,次つぎはうまくいくよ。,次つぎはうまくいくよ。,,4:842,1
between,between,4,4;3,word,～と～の間あいだ,～と～の間あいだ,前置詞,4:161;3:731,2
borrow,borrow,4,4;3;pre2;2,word,借かりる,借かりる / を借りる，を借用する,動詞,4:460;3:101;pre2:78;2:236,4
bought,bought,4,4,word,買かった,買かった,,4:179,1
bright,bright,4,4;3,word,明あかるい,明あかるい,形容詞,4:680;3:140,2
bring,bring,4,4;3;pre2;2,word,持もって来くる,持もって来くる / 持って来る，連れてくる,動詞,4:623;3:17;pre2:1418;2:389,4
brought,brought,4,4,word,持もって来きた,持もって来きた,,4:542,1
build,build,4,4;3,word,建たてる,建たてる,動詞,4:111;3:609,2
but,but,4,4,word,しかし,しかし,,4:187,1
call back,call back,4,4;3,phrase,折おり返かえし電話でんわする,折おり返かえし電話でんわする,熟語,4:472;3:1166,2
came,came,4,4,word,来きた,来きた,,4:603,1
Can I ask you something?,can i ask you something?,4,4,conversation,ちょっと聞きいてもいい？,ちょっと聞きいてもいい？,,4:906,1
Can I borrow yours?,can i borrow yours?,4,4,conversation,借かりてもいい？,借かりてもいい？,,4:727,1
Can I leave a message?,can i leave a message?,4,4,conversation,伝言でんごんをお願ねがいできますか？,伝言でんごんをお願ねがいできますか？,,4:783,1
Can I return this?,can i return this?,4,4,conversation,これ、返品へんぴんできますか？,これ、返品へんぴんできますか？,,4:911,1
Can I take a photo?,can i take a photo?,4,4,conversation,写真しゃしんを撮とってもいい？,写真しゃしんを撮とってもいい？,,4:888,1
Can you do me a favor?,can you do me a favor?,4,4,conversation,お願ねがいがあるんだけど。,お願ねがいがあるんだけど。,,4:843,1
capital,capital,4,4;3;pre2;2,word,首都しゅと,首都しゅと / 資本，首都,名詞,4:536;3:994;pre2:180;2:1950,4
carefully,carefully,4,4;3,word,注意ちゅうい深ぶかく,注意ちゅうい深ぶかく,副詞,4:659;3:952,2
carry,carry,4,4;3,word,運はこぶ,運はこぶ,動詞,4:664;3:90,2
change,change,4,4,word,変かわる,変かわる,,4:559,1
child,child,4,4,word,子供こども,子供こども,,4:627,1
choose,choose,4,4;3,word,選えらぶ,選えらぶ,動詞,4:571;3:208,2
clever,clever,4,4;3,word,利口りこうな,利口りこうな,形容詞,4:448;3:625,2
climb,climb,4,4;3;2,word,登のぼる,登のぼる / 登る，よじ登る,動詞,4:382;3:859;2:827,3
cloth,cloth,4,4;3,word,服ふく,服ふく,名詞,4:74;3:1153,2
cloud,cloud,4,4;3,word,雲くも,雲くも,名詞,4:127;3:643,2
college,college,4,4;3;2,word,大学だいがく,大学だいがく / 大学，高等教育機関,名詞,4:661;3:1117;2:958,3
Congratulations!,congratulations!,4,4,conversation,おめでとう！,おめでとう！,,4:766,1
Could I have a smaller size?,could i have a smaller size?,4,4,conversation,もっと小ちいさいサイズはありますか？,もっと小ちいさいサイズはありますか？,,4:913,1
Could we have the bill?,could we have the bill?,4,4;3,conversation,お会計かいけいをお願ねがいします。,お会計かいけいをお願ねがいします。,会話表現,4:791;3:269,2
Could you help me with this?,could you help me with this?,4,4,conversation,これを手伝てつだってくれる？,これを手伝てつだってくれる？,,4:816,1
Could you say that again?,could you say that again?,4,4;3,conversation,もう一度いちど言いってくれる？,もう一度いちど言いってくれる？ / もう一度いちど言いってくれますか。,会話表現,4:768;3:55,2
Could you speak slowly?,could you speak slowly?,4,4,conversation,ゆっくり話はなしてくれる？,ゆっくり話はなしてくれる？,,4:769,1
Could you take our picture?,could you take our picture?,4,4,conversation,私わたしたちの写真しゃしんを撮とってくれますか？,私わたしたちの写真しゃしんを撮とってくれますか？,,4:890,1
Could you tell me the way?,could you tell me the way?,4,4,conversation,道みちを教おしえてくれますか？,道みちを教おしえてくれますか？,,4:788,1
cried,cried,4,4,word,泣ないた,泣ないた,,4:694,1
culture,culture,4,4;3;pre2;2,word,文化ぶんか,文化ぶんか / 文化，教養,名詞,4:258;3:611;pre2:334;2:870,4
decide,decide,4,4;3;pre2;2,word,決心けっしんする,決心けっしんする / 決心する，決定する,動詞,4:39;3:68;pre2:1294;2:185,4
decide to,decide to,4,4;3,phrase,に決きめる,に決きめる,熟語,4:484;3:1054,2
did,did,4,4,word,した,した,,4:475,1
Did you make this?,did you make this?,4,4,conversation,これ、作つくったの？,これ、作つくったの？,,4:898,1
die,die,4,4;3;2,word,死しぬ,死しぬ / 死ぬ，亡くなる,動詞,4:519;3:502;2:1833,3
Dinner is almost ready.,dinner is almost ready.,4,4,conversation,ごはんはもうすぐできるよ。,ごはんはもうすぐできるよ。,,4:801,1
discover,discover,4,4;3;pre2;2,word,発見はっけんする,発見はっけんする / を発見する，見つける,動詞,4:575;3:786;pre2:157;2:13,4
dislike,dislike,4,4;3;pre2;2,word,嫌きらう,嫌きらう / 嫌がる，嫌い,動詞,4:203;3:1207;pre2:819;2:1264,4
Do you have it in blue?,do you have it in blue?,4,4;3,conversation,青あおいのはありますか？,青あおいのはありますか？ / 青あおはありますか。,会話表現,4:731;3:240,2
Do you play any sports?,do you play any sports?,4,4,conversation,何なにかスポーツをする？,何なにかスポーツをする？,,4:838,1
Do you take cards?,do you take cards?,4,4,conversation,カードは使つかえますか？,カードは使つかえますか？,,4:910,1
Don't forget your umbrella.,don't forget your umbrella.,4,4,conversation,傘かさを忘わすれないでね。,傘かさを忘わすれないでね。,,4:799,1
Don't mention it.,don't mention it.,4,4;3,conversation,気きにしないで。,気きにしないで。 / いえいえ。,会話表現,4:927;3:44,2
Drive safely.,drive safely.,4,4,conversation,運転うんてん、気きをつけてね。,運転うんてん、気きをつけてね。,,4:923,1
dry,dry,4,4,word,乾かわいた,乾かわいた,,4:601,1
during,during,4,4;3;2,word,～の間あいだ,～の間あいだ / ～の間，～の間ずっと,前置詞;接続詞,4:524;3:10;2:887,3
each,each,4,4;3,word,各々おのおのの,各々おのおのの,形容詞,4:6;3:303,2
earth,earth,4,4;3,word,地球ちきゅう,地球ちきゅう,名詞,4:596;3:756,2
east,east,4,4;3,word,東ひがし,東ひがし,名詞,4:196;3:825,2
end,end,4,4,word,終おわる,終おわる,,4:3,1
enjoyed,enjoyed,4,4,word,楽たのしんだ,楽たのしんだ,,4:145,1
enough,enough,4,4;3,word,十分じゅうぶんな,十分じゅうぶんな,形容詞,4:23;3:24,2
enter,enter,4,4;3;pre2;2,word,入はいる,入はいる / 入る，入場する,動詞,4:78;3:331;pre2:325;2:1132,4
eraser,eraser,4,4;3,word,消けしゴム,消けしゴム,名詞,4:702;3:1065,2
even,even,4,4;3,word,～さえ,～さえ,副詞,4:663;3:1046,2
even so,even so,4,4;3,phrase,それでも,それでも,熟語,4:714;3:927,2
ever,ever,4,4;3,word,今いままで,今いままで,副詞,4:462;3:373,2
every minutes,every minutes,4,4;3,phrase,毎分まいふんごとに,毎分まいふんごとに,熟語,4:511;3:722,2
Everything will be fine.,everything will be fine.,4,4,conversation,きっと大丈夫だいじょうぶ。,きっと大丈夫だいじょうぶ。,,4:855,1
exam,exam,4,4,word,試験しけん,試験しけん,,4:666,1
example,example,4,4;3,word,例れい,例れい,名詞,4:699;3:530,2
explain,explain,4,4;3;pre2;2,word,説明せつめいする,説明せつめいする / を説明する，を解説する,動詞,4:585;3:382;pre2:163;2:1310,4
factory,factory,4,4;3;2,word,工場こうじょう,工場こうじょう / 工場，製造所,名詞,4:114;3:1098;2:898,3
fail,fail,4,4;3;pre2;2,word,失敗しっぱいする,失敗しっぱいする / 失敗する，うまくいかない,動詞,4:141;3:695;pre2:54;2:996,4
farm,farm,4,4,word,農場のうじょう,農場のうじょう,,4:580,1
fat,fat,4,4;pre2;2,word,太ふとった,太ふとった / 太った，肥満した,形容詞,4:202;pre2:932;2:1850,3
feel,feel,4,4;3,word,感かんじる,感かんじる,動詞,4:711;3:370,2
find,find,4,4;3,word,見みつける,見みつける,動詞,4:700;3:153,2
finish,finish,4,4;3,word,終おえる,終おえる,動詞,4:86;3:540,2
fool,fool,4,4;3,word,馬鹿ばか,馬鹿ばか,名詞,4:483;3:672,2
foolish,foolish,4,4;3,word,愚かおろかな,愚かおろかな / 愚おろかな,形容詞,4:151;3:933,2
foot,foot,4,4;3,word,足あし,足あし,名詞,4:21;3:888,2
for example,for example,4,4;3;2,phrase,例たとえば,例たとえば / 例えば，たとえ… としても,熟語,4:396;3:1049;2:109,3
foreign language,foreign language,4,4;3,phrase,外国語がいこくご,外国語がいこくご,名詞,4:648;3:1050,2
forget,forget,4,4;3;2,word,忘わすれる,忘わすれる / を忘れる，忘れ去る,動詞,4:87;3:569;2:757,3
fourth,fourth,4,4,word,4番目ばんめ,4番目ばんめ,,4:158,1
from now on,from now on,4,4;3;2,phrase,これから,これから / これからは / これから先も，今後も,熟語,4:718;3:795;2:621,3
from the experience,from the experience,4,4;3,phrase,経験けいけんから,経験けいけんから,熟語,4:463;3:765,2
from ～ to ～,from ~ to ~,4,4;3,phrase,～から～まで,～から～まで,熟語,4:722;3:1132,2
front,front,4,4;3,word,前まえ,前まえ,名詞,4:48;3:1119,2
gave,gave,4,4;3,word,与あたえた,与あたえた,動詞,4:427;3:651,2
get along with,get along with,4,4;3;pre2;2,phrase,うまくやる,うまくやる / とうまくやっていく,熟語,4:574;3:949;pre2:111;2:2187,4
get tired,get tired,4,4;3,phrase,疲つかれる,疲つかれる,熟語,4:719;3:1096,2
go abroad,go abroad,4,4;3,phrase,外国がいこくに行いく,外国がいこくに行いく,熟語,4:412;3:658,2
go to,go to,4,4;3,phrase,へ行いく,へ行いく,熟語,4:624;3:1157,2
Good luck on your test.,good luck on your test.,4,4,conversation,テスト、がんばってね。,テスト、がんばってね。,,4:773,1
got,got,4,4,word,得えた,得えた,,4:167,1
grass,grass,4,4;3;2,word,草くさ,草くさ / 草,名詞,4:588;3:1121;2:960,3
grow,grow,4,4;3,word,育そだてる,育そだてる,動詞,4:359;3:89,2
had,had,4,4,word,食たべた,食たべた,,4:177,1
hall,hall,4,4;3,word,廊下ろうか,廊下ろうか,名詞,4:558;3:990,2
happen,happen,4,4;3;2,word,起おこる,起おこる / 起こる，発生する,動詞,4:634;3:26;2:853,3
happiness,happiness,4,4;3,word,幸福こうふく,幸福こうふく,名詞,4:471;3:1107,2
Happy birthday!,happy birthday!,4,4,conversation,お誕生日たんじょうびおめでとう！,お誕生日たんじょうびおめでとう！,,4:874,1
Have a nice weekend.,have a nice weekend.,4,4,conversation,よい週末しゅうまつを。,よい週末しゅうまつを。,,4:756,1
health,health,4,4;3,word,健康けんこう,健康けんこう,名詞,4:79;3:607,2
hear,hear,4,4;3,word,聞きく,聞きく,動詞,4:245;3:144,2
"Help me, please.","help me, please.",4,4,conversation,助たすけて。,助たすけて。,,4:853,1
Help yourself.,help yourself.,4,4,conversation,自由じゆうにどうぞ。,自由じゆうにどうぞ。,,4:775,1
her,her,4,4,word,彼女かのじょの,彼女かのじょの,,4:182;4:188,2
Here's a present for you.,here's a present for you.,4,4,conversation,これ、プレゼントだよ。,これ、プレゼントだよ。,,4:875,1
Here's your change.,here's your change.,4,4,conversation,おつりです。,おつりです。,,4:733,1
hers,hers,4,4,word,彼女かのじょのもの,彼女かのじょのもの,,4:159,1
hill,hill,4,4;3,word,丘おか,丘おか,名詞,4:104;3:582,2
him,him,4,4,word,彼かれを,彼かれを,に,4:496,1
his,his,4,4,word,彼かれの,彼かれの,,4:190,1
history,history,4,4;3;2,word,歴史れきし,歴史れきし / 歴史，過去,名詞,4:360;3:403;2:979,3
hold,hold,4,4;3,word,握にぎる,握にぎる,動詞,4:49;4:82;3:975,3
honest,honest,4,4;3;pre2,word,正直しょうじきな,正直しょうじきな / 正直な,形容詞,4:160;3:1116;pre2:574,3
hope,hope,4,4;3,word,望のぞむ,望のぞむ,動詞,4:222;3:63,2
host,host,4,4,word,主人しゅじん,主人しゅじん,,4:403,1
How about Sunday?,how about sunday?,4,4,conversation,日曜日にちようびはどう？,日曜日にちようびはどう？,,4:744,1
How do I get to the airport?,how do i get to the airport?,4,4,conversation,空港くうこうへはどう行いく？,空港くうこうへはどう行いく？,,4:828,1
How do you spell it?,how do you spell it?,4,4,conversation,どう書かくの？,どう書かくの？,,4:771,1
How much are they?,how much are they?,4,4,conversation,それらはいくら？,それらはいくら？,,4:729,1
How was your trip?,how was your trip?,4,4,conversation,旅行りょこうはどうだった？,旅行りょこうはどうだった？,,4:777,1
How was your weekend?,how was your weekend?,4,4,conversation,週末しゅうまつはどうだった？,週末しゅうまつはどうだった？,,4:794,1
How's the weather there?,how's the weather there?,4,4,conversation,そっちの天気てんきはどう？,そっちの天気てんきはどう？,,4:833,1
hurry,hurry,4,4;3,word,急いそぐ,急いそぐ,動詞,4:459;3:715,2
"Hurry up, please.","hurry up, please.",4,4,conversation,急いそいでね。,急いそいでね。,,4:869,1
I agree with you.,i agree with you.,4,4;3,conversation,賛成さんせいです。,賛成さんせいです。 / あなたに賛成さんせいです。,会話表現,4:748;3:390,2
I can help you.,i can help you.,4,4,conversation,手伝てつだえるよ。,手伝てつだえるよ。,,4:737,1
I can't believe it.,i can't believe it.,4,4,conversation,信しんじられない。,信しんじられない。,,4:883,1
I can't decide.,i can't decide.,4,4,conversation,決きめられないな。,決きめられないな。,,4:850,1
I don't think so.,i don't think so.,4,4,conversation,そうは思おもわないな。,そうは思おもわないな。,,4:805,1
I feel much better.,i feel much better.,4,4,conversation,ずいぶん良よくなったよ。,ずいぶん良よくなったよ。,,4:862,1
I had a great time.,i had a great time.,4,4,conversation,とても楽たのしかった。,とても楽たのしかった。,,4:763,1
I have a headache.,i have a headache.,4,4;3,conversation,頭あたまが痛いたいんだ。,頭あたまが痛いたいんだ。 / 頭あたまが痛いたいです。,会話表現,4:864;3:346,2
I have no idea.,i have no idea.,4,4,conversation,まったく分わからない。,まったく分わからない。,,4:821,1
I like playing tennis.,i like playing tennis.,4,4,conversation,テニスをするのが好すき。,テニスをするのが好すき。,,4:837,1
I made a mistake.,i made a mistake.,4,4;3,conversation,間違まちがえちゃった。,間違まちがえちゃった。 / まちがえました。,会話表現,4:825;3:489,2
I owe you one.,i owe you one.,4,4;3,conversation,恩おんに着きるよ。,恩おんに着きるよ。 / 借かりができたよ。,会話表現,4:926;3:42,2
I prefer tea.,i prefer tea.,4,4,conversation,私わたしはお茶ちゃがいいな。,私わたしはお茶ちゃがいいな。,,4:807,1
I should get going.,i should get going.,4,4,conversation,そろそろ帰かえるね。,そろそろ帰かえるね。,,4:921,1
"I think so, too.","i think so, too.",4,4,conversation,私わたしもそう思おもう。,私わたしもそう思おもう。,,4:749,1
I went to the zoo.,i went to the zoo.,4,4,conversation,動物園どうぶつえんに行いったよ。,動物園どうぶつえんに行いったよ。,,4:795,1
"I'd like a salad, please.","i'd like a salad, please.",4,4;3,conversation,サラダをお願ねがいします。,サラダをお願ねがいします。,会話表現,4:790;3:251,2
I'd love to.,i'd love to.,4,4,conversation,ぜひ。,ぜひ。,,4:818,1
I'll do my best.,i'll do my best.,4,4,conversation,全力ぜんりょくでがんばるよ。,全力ぜんりょくでがんばるよ。,,4:858,1
I'll have the same.,i'll have the same.,4,4;3,conversation,同おなじものをください。,同おなじものをください。 / 同おなじものをお願ねがいします。,会話表現,4:894;3:273,2
I'll miss you.,i'll miss you.,4,4,conversation,寂さびしくなるよ。,寂さびしくなるよ。,,4:885,1
I'll take this one.,i'll take this one.,4,4,conversation,これをください。,これをください。,,4:732,1
I'll think about it.,i'll think about it.,4,4,conversation,考かんがえてみます。,考かんがえてみます。,,4:915,1
I'm a little hungry.,i'm a little hungry.,4,4,conversation,少すこしおなかすいた。,少すこしおなかすいた。,,4:891,1
I'm afraid I can't.,i'm afraid i can't.,4,4,conversation,ごめん、できないんだ。,ごめん、できないんだ。,,4:845,1
I'm almost done.,i'm almost done.,4,4,conversation,もうすぐ終おわるよ。,もうすぐ終おわるよ。,,4:868,1
I'm doing my homework.,i'm doing my homework.,4,4,conversation,宿題しゅくだいをしているよ。,宿題しゅくだいをしているよ。,,4:796,1
I'm glad to hear that.,i'm glad to hear that.,4,4;3,conversation,それを聞きいてうれしいよ。,それを聞きいてうれしいよ。 / それを聞きいてうれしいです。,会話表現,4:881;3:526,2
"I'm just looking, thanks.","i'm just looking, thanks.",4,4,conversation,見みているだけです。,見みているだけです。,,4:908,1
I'm looking for a gift.,i'm looking for a gift.,4,4;3,conversation,プレゼントを探さがしているの。,プレゼントを探さがしているの。 / プレゼントを探さがしています。,会話表現,4:730;3:234,2
I'm looking forward to it.,i'm looking forward to it.,4,4;3,conversation,楽たのしみにしているよ。,楽たのしみにしているよ。 / 楽たのしみにしています。,会話表現,4:802;3:581,2
I'm not good at it.,i'm not good at it.,4,4,conversation,それは苦手にがてなんだ。,それは苦手にがてなんだ。,,4:839,1
I'm sorry I'm late.,i'm sorry i'm late.,4,4,conversation,遅おくれてごめんなさい。,遅おくれてごめんなさい。,,4:811,1
ice,ice,4,4,word,氷こおり,氷こおり,,4:76,1
if,if,4,4;3,word,もし～なら,もし～なら,接続詞,4:379;3:216,2
important,important,4,4;3,word,重要じゅうような,重要じゅうような,形容詞,4:157;3:78,2
"In my opinion, yes.","in my opinion, yes.",4,4,conversation,私わたしの考かんがえではそうだね。,私わたしの考かんがえではそうだね。,,4:849,1
in the future,in the future,4,4;3,phrase,将来しょうらいに,将来しょうらいに,熟語,4:629;3:356,2
inside,inside,4,4;2,word,内側うちがわ,内側うちがわ / 中身，内部,副詞,4:113;2:640,2
introduce,introduce,4,4;3;pre2;2,word,紹介しょうかいする,紹介しょうかいする / 紹介する，引き合わす,動詞,4:617;3:832;pre2:705;2:469,4
invite,invite,4,4;3,word,招待しょうたいする,招待しょうたいする,動詞,4:80;3:29,2
It depends.,it depends.,4,4,conversation,場合ばあいによるね。,場合ばあいによるね。,,4:806,1
It doesn't fit.,it doesn't fit.,4,4,conversation,サイズが合あわないんだ。,サイズが合あわないんだ。,,4:912,1
It leaves at noon.,it leaves at noon.,4,4,conversation,正午しょうごに出発しゅっぱつするよ。,正午しょうごに出発しゅっぱつするよ。,,4:830,1
It looks delicious.,it looks delicious.,4,4;3,conversation,おいしそう。,おいしそう。 / おいしそうです。,会話表現,4:897;3:405,2
It takes ten minutes.,it takes ten minutes.,4,4,conversation,10分ふんかかるよ。,10分ふんかかるよ。,,4:762,1
It was delicious.,it was delicious.,4,4,conversation,おいしかった。,おいしかった。,,4:764,1
It was nice meeting you.,it was nice meeting you.,4,4,conversation,お会あいできてよかったです。,お会あいできてよかったです。,,4:903,1
It's getting cold.,it's getting cold.,4,4;3,conversation,寒さむくなってきたね。,寒さむくなってきたね。 / 寒さむくなってきました。,会話表現,4:834;3:322,2
It's getting late.,it's getting late.,4,4,conversation,もう遅おそいね。,もう遅おそいね。,,4:920,1
It's May 5th.,it's may 5th.,4,4,conversation,5月がつ5日かだよ。,5月がつ5日かだよ。,,4:872,1
It's next to the bank.,it's next to the bank.,4,4,conversation,銀行ぎんこうのとなりだよ。,銀行ぎんこうのとなりだよ。,,4:786,1
It's on me.,it's on me.,4,4,conversation,私わたしがおごるよ。,私わたしがおごるよ。,,4:852,1
It's on the table.,it's on the table.,4,4,conversation,テーブルの上うえだよ。,テーブルの上うえだよ。,,4:759,1
It's too spicy for me.,it's too spicy for me.,4,4;3,conversation,私わたしには辛からすぎる。,私わたしには辛からすぎる。 / 私わたしには辛からすぎます。,会話表現,4:792;3:267,2
It's up to you.,it's up to you.,4,4,conversation,きみに任まかせるよ。,きみに任まかせるよ。,,4:750,1
its,its,4,4,word,その,その,,4:183,1
joy,joy,4,4;pre2;2,word,喜よろこび,喜よろこび / 喜び，歓喜,名詞,4:169;pre2:1002;2:1545,3
just,just,4,4;3,word,ちょうど,ちょうど / たった今いま,副詞,4:137;3:1162,2
"Just a moment, please.","just a moment, please.",4,4,conversation,少々しょうしょうお待まちください。,少々しょうしょうお待まちください。,,4:814,1
keep in touch,keep in touch,4,4;3,phrase,連絡れんらくを取とり合あう,連絡れんらくを取とり合あう,熟語,4:619;3:856,2
Keep in touch.,keep in touch.,4,4,conversation,連絡れんらくを取とり合あおうね。,連絡れんらくを取とり合あおうね。,,4:886,1
kind to,kind to,4,4;3,phrase,に対たいして親切しんせつな,に対たいして親切しんせつな,熟語,4:505;3:1205,2
land,land,4,4;3,word,土地とち,土地とち,名詞,4:130;3:834,2
language,language,4,4;3;pre2;2,word,言語げんご,言語げんご / 言語，言葉,名詞,4:261;3:1071;pre2:279;2:1212,4
last,last,4,4;3,word,この前まえの，最後さいごの,この前まえの，最後さいごの / 最後さいご / ひとつ前ひとつまえの、最後さいごの,形容詞,4:4;4:12;3:469,3
laugh,laugh,4,4;3,word,笑わらう,笑わらう,動詞,4:136;3:762,2
law,law,4,4;3;pre2;2,word,法律ほうりつ,法律ほうりつ / 法律，制度,名詞,4:697;3:960;pre2:741;2:1014,4
leaf,leaf,4,4;3,word,葉は,葉は,名詞,4:99;3:857,2
leave for,leave for,4,4;3,phrase,へ出でかける,へ出でかける,熟語,4:614;3:1176,2
lend,lend,4,4;3,word,貸かす,貸かす,動詞,4:528;3:378,2
Let me check.,let me check.,4,4,conversation,確認かくにんするね。,確認かくにんするね。,,4:772,1
Let me give you a hand.,let me give you a hand.,4,4,conversation,手てを貸かすよ。,手てを貸かすよ。,,4:899,1
Let me think about it.,let me think about it.,4,4,conversation,考かんがえさせて。,考かんがえさせて。,,4:857,1
Let us(Let's),let us(let's),4,4;3,phrase,～しましょう,～しましょう,熟語,4:535;3:767,2
Let's celebrate!,let's celebrate!,4,4,conversation,お祝いわいしよう！,お祝いわいしよう！,,4:877,1
Let's do this again.,let's do this again.,4,4,conversation,また今度こんどやろうね。,また今度こんどやろうね。,,4:925,1
Let's go together.,let's go together.,4,4,conversation,いっしょに行いこう。,いっしょに行いこう。,,4:747,1
Let's keep in touch.,let's keep in touch.,4,4,conversation,これからも連絡れんらくしよう。,これからも連絡れんらくしよう。,,4:887,1
Let's meet at the station.,let's meet at the station.,4,4,conversation,駅えきで会あおう。,駅えきで会あおう。,,4:745,1
Let's order pizza.,let's order pizza.,4,4,conversation,ピザを頼たのもう。,ピザを頼たのもう。,,4:892,1
Let's see.,let's see.,4,4,conversation,ええと。,ええと。,,4:820,1
Let's split the bill.,let's split the bill.,4,4,conversation,割わり勘かんにしよう。,割わり勘かんにしよう。,,4:851,1
Let's stay in touch.,let's stay in touch.,4,4,conversation,これからもよろしくね。,これからもよろしくね。,,4:905,1
Let's take a break.,let's take a break.,4,4;3,conversation,休憩きゅうけいしよう。,休憩きゅうけいしよう。,会話表現,4:867;3:115,2
Let's take a taxi.,let's take a taxi.,4,4,conversation,タクシーに乗のろう。,タクシーに乗のろう。,,4:832,1
Let's try again.,let's try again.,4,4,conversation,もう一度いちどやってみよう。,もう一度いちどやってみよう。,,4:826,1
lie,lie,4,4;3;pre2;2,word,嘘うそ,嘘うそ / 横よこたわる / うそ / 横たわる，寝転ぶ,名詞;動詞,4:67;4:646;3:676;3:1203;pre2:221;pre2:1093;2:1110,7
light,light,4,4,word,光ひかり,光ひかり,,4:497,1
live abroad,live abroad,4,4;3,phrase,海外かいがいで生活せいかつする,海外かいがいで生活せいかつする,熟語,4:717;3:852,2
live in,live in,4,4,phrase,に住すむ,に住すむ,,4:514,1
lived,lived,4,4,word,住すんだ,住すんだ,,4:543,1
look after,look after,4,4;3,phrase,の面倒めんどうを見みる,の面倒めんどうを見みる,熟語,4:481;3:1169,2
lose,lose,4,4;3;pre2;2,word,失うしなう,失うしなう / 失う，無くす,動詞,4:178;3:557;pre2:623;2:1893,4
loud,loud,4,4;3,word,騒さわがしい,騒さわがしい / 騒がしさわがしい,形容詞,4:81;3:298,2
low,low,4,4;3,word,低ひくい,低ひくい,形容詞,4:358;3:780,2
made,made,4,4;3,word,作つくった,作つくった,動詞,4:209;3:660,2
magazine,magazine,4,4;3,word,雑誌ざっし,雑誌ざっし,名詞,4:567;3:919,2
Make a wish.,make a wish.,4,4,conversation,願ねがいごとをして。,願ねがいごとをして。,,4:878,1
make own bed,make own bed,4,4,phrase,ベッドを整ととのえる,ベッドを整ととのえる,,4:434,1
Make yourself at home.,make yourself at home.,4,4,conversation,くつろいでね。,くつろいでね。,,4:917,1
market,market,4,4;3;2,word,市場しじょう,市場しじょう / 市場いちば / 市場，市場経済,名詞,4:58;3:606;2:717,3
May I see the menu?,may i see the menu?,4,4;3,conversation,メニューを見みせてください。,メニューを見みせてください。 / メニューを見みてもいいですか。,会話表現,4:789;3:256,2
May I take a message?,may i take a message?,4,4,conversation,伝言でんごんを受うけましょうか？,伝言でんごんを受うけましょうか？,,4:779,1
May I try it on?,may i try it on?,4,4,conversation,試着しちゃくしてもいい？,試着しちゃくしてもいい？,,4:734,1
May I use your bathroom?,may i use your bathroom?,4,4,conversation,トイレをお借かりできますか？,トイレをお借かりできますか？,,4:916,1
Maybe another day.,maybe another day.,4,4,conversation,また別べつの日ひに。,また別べつの日ひに。,,4:846,1
Me neither.,me neither.,4,4,conversation,私わたしも(〜ない)。,私わたしも(〜ない)。,,4:808,1
mean,mean,4,4;3;pre2;2,word,意味いみする,意味いみする / を意味する，を示す,動詞,4:65;3:1063;pre2:175;2:1290,4
meaning,meaning,4,4;3,word,意味いみ,意味いみ,名詞,4:464;3:221,2
meat,meat,4,4;3,word,肉にく,肉にく,名詞,4:94;3:592,2
medicine,medicine,4,4;3;pre2;2,word,薬くすり,薬くすり / 薬，医薬品,名詞,4:447;3:822;pre2:1317;2:233,4
million,million,4,4;3;pre2;2,word,100万まん,100万まん / 100万,名詞,4:539;3:139;pre2:261;2:46,4
Mind the gap.,mind the gap.,4,4,conversation,隙間すきまに注意ちゅうい。,隙間すきまに注意ちゅうい。,,4:901,1
mine,mine,4,4;pre1,word,私わたしのもの,私わたしのもの / 鉱山，地雷,名詞,4:640;pre1:1274,2
most of,most of,4,4;3,phrase,のほとんど,のほとんど,熟語,4:406;3:815,2
My birthday is in July.,my birthday is in july.,4,4,conversation,誕生日たんじょうびは7月がつだよ。,誕生日たんじょうびは7月がつだよ。,,4:873,1
neck,neck,4,4,word,首くび,首くび,,4:508,1
nest,nest,4,4;3,word,巣す,巣す,名詞,4:409;3:1005,2
net,net,4,4,word,網あみ,網あみ,,4:176,1
north,north,4,4;3,word,北きた,北きた,名詞,4:589;3:1147,2
Of course you can.,of course you can.,4,4,conversation,もちろんいいよ。,もちろんいいよ。,,4:844,1
on the wall,on the wall,4,4;3,phrase,壁かべに,壁かべに,熟語,4:653;3:917,2
once,once,4,4;3;2,word,かつて,かつて / かつて，1度,副詞,4:189;3:241;2:500,3
one day,one day,4,4;3;pre2;2,phrase,ある日ひ,ある日ひ / ある日，いつか,熟語,4:436;3:114;pre2:1356;2:289,4
or,or,4,4,word,それとも,それとも,,4:372,1
other,other,4,4;3,word,他ほかの,他ほかの / ほかの,形容詞,4:1;3:281,2
over there,over there,4,4;3,phrase,あそこに,あそこに,熟語,4:639;3:100,2
own,own,4,4;3;pre2;2,word,自分じぶんの,自分じぶんの / 自身の，自分自身の,形容詞,4:10;3:74;pre2:1023;2:1418,4
past,past,4,4;3;pre2;2,word,過去かこの,過去かこの / 過去の，終わった,名詞;形容詞,4:116;3:1034;pre2:235;2:1755,4
pay,pay,4,4;3,word,支払しはらう,支払しはらう,動詞,4:124;3:172,2
people,people,4,4;3,word,人々ひとびと,人々ひとびと,名詞,4:2;3:186,2
person,person,4,4;3,word,人ひと,人ひと,名詞,4:90;3:995,2
pick,pick,4,4;3,word,選えらぶ,選えらぶ,動詞,4:112;3:425,2
plan,plan,4,4;3,word,計画けいかくする,計画けいかくする,動詞,4:704;3:32,2
planet,planet,4,4;3;pre2;2,word,惑星わくせい,惑星わくせい / 惑星，天体,名詞,4:131;3:1148;pre2:1436;2:417,4
played,played,4,4,word,演奏えんそうした,演奏えんそうした,,4:155,1
poem,poem,4,4;3,word,詩し,詩し,名詞,4:503;3:1001,2
police,police,4,4,word,警察けいさつ,警察けいさつ,,4:584,1
pond,pond,4,4;3,word,池いけ,池いけ,名詞,4:132;3:580,2
poor,poor,4,4;3,word,貧乏びんぼうな,貧乏びんぼうな,形容詞,4:180;3:650,2
popular,popular,4,4;3;pre2;2,word,人気にんきの,人気にんきの / 人気のある，評判の良い,形容詞,4:54;3:7;pre2:448;2:1493,4
pork,pork,4,4,word,豚肉ぶたにく,豚肉ぶたにく,,4:110,1
port,port,4,4;3,word,港みなと,港みなと,名詞,4:47;3:848,2
Practice makes perfect.,practice makes perfect.,4,4,conversation,練習れんしゅうあるのみだよ。,練習れんしゅうあるのみだよ。,,4:840,1
problem,problem,4,4;3,word,問題もんだい,問題もんだい,名詞,4:466;3:233,2
question,question,4,4,word,質問しつもん,質問しつもん,,4:9,1
quiet,quiet,4,4;3,word,静しずかな,静しずかな,形容詞,4:164;3:1090,2
rain,rain,4,4,word,雨あめ,雨あめ,,4:20,1
real,real,4,4,word,ほんとうの,ほんとうの,,4:138,1
realize,realize,4,4;3;pre2;2,word,実現じつげんする,実現じつげんする / だとわかる，実現する,動詞,4:156;3:1186;pre2:418;2:1054,4
remember,remember,4,4;3;pre2;2,word,思おもい出だす,思おもい出だす / 覚おぼえている / 覚えている，を思い出す,動詞,4:50;4:60;3:79;pre2:746;2:1390,5
rest,rest,4,4;3,word,休息きゅうそくする,休息きゅうそくする,動詞,4:13;3:574,2
rise,rise,4,4;3;pre2;2,word,昇のぼる,昇のぼる / 上がる，昇る,動詞,4:37;4:225;3:360;pre2:1090;2:1890,5
roof,roof,4,4;3,word,屋根やね,屋根やね,名詞,4:115;3:820,2
row,row,4,4;3,word,こぐ,こぐ,動詞,4:611;3:778,2
sailor,sailor,4,4;3,word,船員せんいん,船員せんいん,名詞,4:117;3:740,2
salt,salt,4,4;3,word,塩しお,塩しお,名詞,4:125;3:244,2
Same to you.,same to you.,4,4,conversation,あなたもね。,あなたもね。,,4:904,1
sang,sang,4,4,word,歌うたった,歌うたった,,4:638,1
sat,sat,4,4,word,座すわった,座すわった,,4:441,1
save,save,4,4;3,word,節約せつやくする,節約せつやくする,動詞,4:147;3:200,2
saw,saw,4,4,word,見みた,見みた,,4:595,1
say,say,4,4,word,言いう,言いう,,4:7,1
Say cheese!,say cheese!,4,4,conversation,はい、チーズ！,はい、チーズ！,,4:889,1
search for,search for,4,4;3;pre2,phrase,を探索たんさくする,を探索たんさくする / を探索する,熟語,4:604;3:965;pre2:25,3
See you next week.,see you next week.,4,4,conversation,また来週らいしゅう。,また来週らいしゅう。,,4:755,1
seem,seem,4,4;3;pre2;2,word,～の様ように見みえる,～の様ように見みえる / の様に見える，思われる,動詞,4:121;3:1146;pre2:483;2:1539,4
senior,senior,4,4;3;pre2;2,word,年上としうえの,年上としうえの / 年上としうえの，上級じょうきゅうの / ポストが上の/年上の人,形容詞,4:174;3:819;pre2:1395;2:355,4
sent,sent,4,4;3,word,送おくった,送おくった,動詞,4:708;3:710,2
set,set,4,4,word,置おく,置おく,,4:57,1
She's a nurse.,she's a nurse.,4,4,conversation,彼女かのじょは看護師かんごしだよ。,彼女かのじょは看護師かんごしだよ。,,4:760,1
shout,shout,4,4;3,word,叫さけぶ,叫さけぶ,動詞,4:25;3:686,2
show,show,4,4;3,word,見みせる,見みせる,動詞,4:36;3:50,2
show around,show around,4,4,phrase,に見みせて回まわる,に見みせて回まわる,,4:428,1
snow,snow,4,4,word,雪ゆき,雪ゆき,,4:88,1
sold,sold,4,4;3,word,売うった,売うった,動詞,4:150;3:657,2
someone in need,someone in need,4,4;3,phrase,助たすけが必要ひつような人ひと,助たすけが必要ひつような人ひと / 助けたすけが必要ひつような人ひと,熟語,4:550;3:1105,2
Sounds good to me.,sounds good to me.,4,4,conversation,いいね。,いいね。,,4:819,1
south,south,4,4;3,word,南みなみ,南みなみ,名詞,4:474;3:891,2
spend,spend,4,4;3;pre2;2,word,費ついやす,費ついやす / を費やす，使う,動詞,4:68;3:397;pre2:156;2:168,4
spoke,spoke,4,4;3,word,話はなした,話はなした,動詞,4:146;3:659,2
stand by,stand by,4,4;3,phrase,そばに立たつ,そばに立たつ,熟語,4:654;3:745,2
stationery shop,stationery shop,4,4;3,phrase,文房具店ぶんぼうぐてん,文房具店ぶんぼうぐてん,名詞,4:636;3:962,2
stay,stay,4,4;3,word,滞在たいざい,滞在たいざい / 滞在たいざいする,動詞,4:191;3:62,2
still,still,4,4;3,word,まだ,まだ,副詞,4:149;3:6,2
stone,stone,4,4,word,石いし,石いし,,4:109,1
stood,stood,4,4,word,立たった,立たった,,4:139,1
stopped,stopped,4,4,word,止とまった,止とまった,,4:384,1
strange,strange,4,4;3;pre2;2,word,奇妙きみょうな,奇妙きみょうな / 奇妙な，異常な,形容詞,4:548;3:951;pre2:967;2:1185,4
studied,studied,4,4;3,word,勉強べんきょうした,勉強べんきょうした,動詞,4:206;3:656,2
success,success,4,4;3;pre2;2,word,成功せいこう,成功せいこう / 成功，達成,名詞,4:107;3:1195;pre2:564;2:1112,4
such,such,4,4;3,word,そのような,そのような,形容詞,4:31;3:448,2
sugar,sugar,4,4,word,砂糖さとう,砂糖さとう,,4:118,1
sun,sun,4,4;3,word,太陽たいよう,太陽たいよう,名詞,4:43;3:633,2
sure,sure,4,4;3;2,word,確信かくしんして,確信かくしんして / 確信して，自信をもって,形容詞,4:63;3:96;2:1984,3
"Sure, go ahead.","sure, go ahead.",4,4,conversation,いいよ、どうぞ。,いいよ、どうぞ。,,4:907,1
"Sure, here you are.","sure, here you are.",4,4,conversation,いいよ、はいどうぞ。,いいよ、はいどうぞ。,,4:728,1
Take an umbrella.,take an umbrella.,4,4,conversation,傘かさを持もっていきな。,傘かさを持もっていきな。,,4:835,1
take care of,take care of,4,4;3,phrase,の面倒めんどうを見みる,の面倒めんどうを見みる,熟語,4:510;3:178,2
take it back,take it back,4,4;3,phrase,取とり戻もどす,取とり戻もどす,熟語,4:635;3:1180,2
Take this medicine.,take this medicine.,4,4;3,conversation,この薬くすりを飲のんで。,この薬くすりを飲のんで。 / この薬くすりを飲のんでください。,会話表現,4:866;3:355,2
talk about,talk about,4,4;3,phrase,について話はなす,について話はなす,熟語,4:572;3:304,2
talk to,talk to,4,4;3,phrase,に話はなしかける,に話はなしかける,熟語,4:395;3:450,2
tell,tell,4,4;3,word,伝つたえる,伝つたえる,動詞,4:24;4:85;3:641,3
Text me when you arrive.,text me when you arrive.,4,4,conversation,着ついたら連絡れんらくしてね。,着ついたら連絡れんらくしてね。,,4:924,1
Thank you for your help.,thank you for your help.,4,4,conversation,手伝てつだってくれてありがとう。,手伝てつだってくれてありがとう。,,4:809,1
Thanks for having me.,thanks for having me.,4,4,conversation,招まねいてくれてありがとう。,招まねいてくれてありがとう。,,4:922,1
Thanks for inviting me.,thanks for inviting me.,4,4,conversation,誘さそってくれてありがとう。,誘さそってくれてありがとう。,,4:880,1
That sounds fun.,that sounds fun.,4,4,conversation,楽たのしそう。,楽たのしそう。,,4:742,1
That's a good idea.,that's a good idea.,4,4;3,conversation,それはいい考かんがえだね。,それはいい考かんがえだね。 / それはいい考かんがえです。,会話表現,4:751;3:388,2
That's a relief.,that's a relief.,4,4,conversation,ほっとした。,ほっとした。,,4:803,1
That's all right.,that's all right.,4,4;3,conversation,大丈夫だいじょうぶだよ。,大丈夫だいじょうぶだよ。 / 大丈夫だいじょうぶですよ。,会話表現,4:812;3:22,2
That's fine with me.,that's fine with me.,4,4,conversation,私わたしはそれでいいよ。,私わたしはそれでいいよ。,,4:847,1
That's great!,that's great!,4,4,conversation,すごいね！,すごいね！,,4:767,1
That's perfect.,that's perfect.,4,4,conversation,ぴったりだね。,ぴったりだね。,,4:914,1
That's very kind of you.,that's very kind of you.,4,4,conversation,ご親切しんせつにどうも。,ご親切しんせつにどうも。,,4:879,1
That's wonderful news.,that's wonderful news.,4,4,conversation,すばらしい知しらせだね。,すばらしい知しらせだね。,,4:882,1
their,their,4,4,word,彼かれらの,彼かれらの,,4:193,1
theirs,theirs,4,4,word,彼かれらのもの,彼かれらのもの,,4:288,1
them,them,4,4,word,彼かれらを,彼かれらを,に,4:613,1
then,then,4,4;3,word,そのとき,そのとき,副詞,4:165;3:48,2
they,they,4,4,word,彼かれらは,彼かれらは,,4:154,1
think of,think of,4,4;3,phrase,思おもい付つく,思おもい付つく,熟語,4:473;3:391,2
though,though,4,4;3;2,word,～だけれど,～だけれど / だけれども / だけれども，しかし,接続詞,4:458;3:899;2:777,3
thought,thought,4,4;3;pre2;2,word,考かんがえ,考かんがえ / 考えること，意見,名詞,4:172;3:796;pre2:201;2:1919,4
thousand,thousand,4,4;3,word,千せん、千せんの,千せん、千せんの / 千せん,名詞,4:128;3:636,2
throw,throw,4,4,word,投なげる,投なげる,,4:84,1
too ～ for,too ~ for,4,4;3,phrase,～すぎる,～すぎる,熟語,4:502;3:696,2
took,took,4,4,word,取とった,取とった,,4:162,1
toy,toy,4,4;3,word,玩具おもちゃ,玩具おもちゃ,名詞,4:200;3:560,2
tried,tried,4,4,word,試ためした,試ためした,,4:148,1
try hard,try hard,4,4;3,phrase,一生懸命いっしょうけんめいする,一生懸命いっしょうけんめいする,熟語,4:716;3:1198,2
try on,try on,4,4;3;pre2;2,phrase,試着しちゃくする,試着しちゃくする / 試着する,熟語,4:547;4:724;3:123;pre2:144;2:2182,5
try to,try to,4,4;3,phrase,しようとする,しようとする / 試ためす,熟語,4:607;4:725;3:732,3
Turn left at the corner.,turn left at the corner.,4,4;3,conversation,角かどを左ひだりに曲まがって。,角かどを左ひだりに曲まがって。 / 角かどを左ひだりに曲まがってください。,会話表現,4:785;3:306,2
Turn off the light.,turn off the light.,4,4,conversation,電気でんきを消けしてね。,電気でんきを消けしてね。,,4:800,1
understand,understand,4,4;3,word,理解りかいする,理解りかいする,動詞,4:52;3:422,2
understood,understood,4,4,word,理解りかいした,理解りかいした,,4:620,1
used,used,4,4,word,使つかった,使つかった,,4:201,1
useful,useful,4,4;3;pre2;2,word,役やくに立たつ,役やくに立たつ / 役に立つ，有用な,形容詞,4:73;3:642;pre2:931;2:1443,4
usual,usual,4,4;3,word,通常つうじょうの,通常つうじょうの,形容詞,4:56;3:750,2
wake,wake,4,4;3,word,目めが覚さめる,目めが覚さめる,動詞,4:123;3:980,2
war,war,4,4;3;pre2;2,word,戦争せんそう,戦争せんそう / 戦争，衝突,名詞,4:69;3:818;pre2:686;2:1297,4
Wash your hands first.,wash your hands first.,4,4,conversation,先さきに手てを洗あらってね。,先さきに手てを洗あらってね。,,4:798,1
waste,waste,4,4;3;pre2;2,word,浪費ろうひ,浪費ろうひ / を浪費する/浪費，廃棄物,動詞;名詞,4:175;3:914;pre2:39;2:137,4
watched,watched,4,4,word,見みた,見みた,,4:152,1
wave,wave,4,4;3,word,波なみ,波なみ,名詞,4:185;3:1015,2
We're going to be late.,we're going to be late.,4,4,conversation,遅おくれちゃうよ。,遅おくれちゃうよ。,,4:870,1
weak,weak,4,4;3,word,弱よわい,弱よわい / 弱よわい，かすかな,形容詞,4:170;3:1129,2
wear,wear,4,4;3;pre2;2,word,着きる,着きる / 身につけている，着用している,動詞,4:70;3:182;pre2:605;2:1867,4
Welcome back.,welcome back.,4,4;3,conversation,おかえり。,おかえり。 / おかえりなさい。,会話表現,4:753;3:5,2
went,went,4,4;3,word,行いった,行いった,動詞,4:186;3:420,2
What a surprise!,what a surprise!,4,4,conversation,びっくり！,びっくり！,,4:884,1
What do you think?,what do you think?,4,4,conversation,どう思おもう？,どう思おもう？,,4:848,1
What does this mean?,what does this mean?,4,4,conversation,これはどういう意味いみ？,これはどういう意味いみ？,,4:770,1
What happened?,what happened?,4,4,conversation,何なにがあったの？,何なにがあったの？,,4:859,1
What time is it now?,what time is it now?,4,4,conversation,今いま何時なんじ？,今いま何時なんじ？,,4:822,1
What would you like?,what would you like?,4,4,conversation,何なににする？,何なににする？,,4:893,1
What's the date today?,what's the date today?,4,4,conversation,今日きょうは何日なんにち？,今日きょうは何日なんにち？,,4:871,1
What's your hobby?,what's your hobby?,4,4,conversation,趣味しゅみは何なに？,趣味しゅみは何なに？,,4:836,1
Where is the fitting room?,where is the fitting room?,4,4,conversation,試着室しちゃくしつはどこですか？,試着室しちゃくしつはどこですか？,,4:909,1
Which train should I take?,which train should i take?,4,4,conversation,どの電車でんしゃに乗のればいい？,どの電車でんしゃに乗のればいい？,,4:829,1
while,while,4,4;3;pre2,word,～する間あいだ,～する間あいだ / 一方で,接続詞,4:140;3:367;pre2:959,3
Why don't we take a bus?,why don't we take a bus?,4,4;3,conversation,バスに乗のらない？,バスに乗のらない？ / バスで行いかない？,会話表現,4:746;3:99,2
wife,wife,4,4;3,word,妻つま,妻つま,名詞,4:93;3:452,2
wind,wind,4,4;3,word,風かぜ,風かぜ,名詞,4:108;3:793,2
wish,wish,4,4;3,word,望のぞむ,望のぞむ,動詞,4:100;3:527,2
wood,wood,4,4;3,word,木材もくざい,木材もくざい,名詞,4:120;3:1084,2
word,word,4,4;3,word,言葉ことば,言葉ことば,名詞,4:44;3:600,2
work for,work for,4,4;3,phrase,のために働はたらく,のために働はたらく,熟語,4:512;4:726;3:369,3
worried,worried,4,4,word,心配しんぱいした,心配しんぱいした,,4:208,1
worry,worry,4,4;3;pre2;2,word,心配しんぱいさせる,心配しんぱいさせる / 心配させる，心配する,動詞,4:92;3:309;pre2:1074;2:1004,4
Would you like some tea?,would you like some tea?,4,4,conversation,お茶ちゃはいかが？,お茶ちゃはいかが？,,4:918,1
yesterday,yesterday,4,4;3,word,昨日きのう,昨日きのう,副詞,4:195;3:663,2
You can't miss it.,you can't miss it.,4,4,conversation,すぐ分わかるよ。,すぐ分わかるよ。,,4:787,1
You did a great job.,you did a great job.,4,4,conversation,よくがんばったね。,よくがんばったね。,,4:841,1
You should see a doctor.,you should see a doctor.,4,4,conversation,医者いしゃに行いったほうがいいよ。,医者いしゃに行いったほうがいいよ。,,4:865,1
You shouldn't have.,you shouldn't have.,4,4,conversation,気きをつかわせてごめんね。,気きをつかわせてごめんね。,,4:876,1
You're right.,you're right.,4,4,conversation,そのとおりだね。,そのとおりだね。,,4:752,1
yours,yours,4,4,word,あなたのもの,あなたのもの,,4:168,1
a kind of,a kind of,3,3,phrase,一種いっしゅの,一種いっしゅの,熟語,3:595,1
a second,a second,3,3,phrase,少すこしの間あいだ,少すこしの間あいだ,熟語,3:685,1
above,above,3,3,word,上うえに，上記じょうきの,上うえに，上記じょうきの,副詞,3:971,1
abroad,abroad,3,3;pre2;2,word,外国がいこくへ,外国がいこくへ / 外国で，外国へ,副詞,3:604;pre2:64;2:387,3
accept,accept,3,3;pre2;2,word,を受うけ入いれる,を受うけ入いれる / 受け入れる，受け取る,動詞,3:957;pre2:696;2:1994,3
accident,accident,3,3,word,事故じこ,事故じこ,名詞,3:250,1
according to,according to,3,3;pre2;2,phrase,によれば,によれば / によると，との情報によれば / によれば，に基づいて,熟語;前置詞,3:884;pre2:267;2:36;2:2167,4
actually,actually,3,3;pre2;2,word,実じつは、本当ほんとうは,実じつは、本当ほんとうは / 実際に，現実に,副詞,3:541;pre2:1004;2:378,3
address,address,3,3;pre2;2,word,住所じゅうしょ,住所じゅうしょ / 住所，居住地,名詞,3:674;pre2:695;2:1346,3
affect,affect,3,3;pre2;2,word,に影響えいきょうを与あたえる,に影響えいきょうを与あたえる / に影響を与える，に作用する,動詞,3:1041;pre2:1244;2:80,3
after a while,after a while,3,3,phrase,しばらくして,しばらくして,熟語,3:1122,1
agree,agree,3,3;pre2,word,賛成さんせいする,賛成さんせいする / 同意する，承認する,動詞,3:647;pre2:404,2
agree to,agree to,3,3,phrase,を承諾しょうだくする,を承諾しょうだくする,熟語,3:791,1
agree with,agree with,3,3;pre2;2,phrase,に賛成さんせいである,に賛成さんせいである / に賛成である，支持する,熟語,3:461;pre2:1415;2:383,3
ahead,ahead,3,3,word,前方ぜんぽうに,前方ぜんぽうに,副詞,3:1208,1
airline,airline,3,3;pre2;2,word,航空会社こうくうがいしゃ,航空会社こうくうがいしゃ / 航空会社，航空業者,名詞,3:576;pre2:1190;2:1339,3
all day long,all day long,3,3,phrase,一日中いちにちじゅう,一日中いちにちじゅう,熟語,3:845,1
all over,all over,3,3,phrase,の至いたる所ところに,の至いたる所ところに,熟語,3:930,1
all the time,all the time,3,3;pre1;1,phrase,常つねに,常つねに / いつも，いつでも,熟語,3:1000;pre1:1764;1:2250,3
almost,almost,3,3;pre2;2,word,ほとんど,ほとんど / ほとんど，たいてい,副詞,3:37;pre2:1369;2:314,3
already,already,3,3,word,すでに、もう,すでに、もう,副詞,3:175,1
although,although,3,3;pre2;2,word,であるけれど,であるけれど / だけれども，しかし,接続詞,3:871;pre2:67;2:1456,3
amaze,amaze,3,3;pre1,word,をびっくりさせる,をびっくりさせる / をびっくりさせる，驚かせる,動詞,3:860;pre1:434,2
amazing,amazing,3,3,word,驚おどろくべき,驚おどろくべき,形容詞,3:299,1
amount,amount,3,3;pre2;2,word,量りょう，額がく,量りょう，額がく / 量，額,名詞,3:906;pre2:40;2:187,3
an average of,an average of,3,3,phrase,の平均へいきん,の平均へいきん,熟語,3:1079,1
angry,angry,3,3,word,怒おこった、腹はらを立たてた,怒おこった、腹はらを立たてた,形容詞,3:224,1
announce,announce,3,3,word,を発表はっぴょうする,を発表はっぴょうする,動詞,3:711,1
anyway,anyway,3,3;pre2,word,ともかく,ともかく,副詞,3:307;pre2:100,2
anywhere,anywhere,3,3,word,どこでも,どこでも,副詞,3:474,1
apply,apply,3,3;pre2;2,word,当あてはまる,当あてはまる / 適用する，応用する,動詞,3:978;pre2:682;2:1221,3
Are you busy now?,are you busy now?,3,3,conversation,今いま忙いそがしいですか。,今いま忙いそがしいですか。,会話表現,3:165,1
army,army,3,3,word,陸軍りくぐん,陸軍りくぐん,名詞,3:1070,1
around,around,3,3,word,のまわりに,のまわりに,前置詞,3:483,1
arrest,arrest,3,3;pre2;2;pre1,word,を逮捕たいほする,を逮捕たいほする / を逮捕する，捕まえる,動詞,3:946;pre2:1242;2:77;pre1:95,4
arrive,arrive,3,3,word,到着とうちゃくする,到着とうちゃくする,動詞,3:98,1
arrow,arrow,3,3,word,矢や,矢や,名詞,3:705,1
artistic,artistic,3,3,word,芸術的げいじゅつてきな,芸術的げいじゅつてきな,形容詞,3:813,1
as a result of,as a result of,3,3,phrase,の結果けっか,の結果けっか,熟語,3:673,1
as a whole,as a whole,3,3;1,phrase,全体ぜんたいで,全体ぜんたいで / 全体の，すべてを含む，全般的,熟語,3:1013;1:1672,2
as soon as possible,as soon as possible,3,3,phrase,できるだけ早はやく,できるだけ早はやく,熟語,3:1102,1
as usual,as usual,3,3,phrase,いつものように,いつものように,熟語,3:536,1
as well,as well,3,3;pre2;2,phrase,同様どうように,同様どうように / 同様に，その上,熟語;副詞,3:1045;pre2:121;2:610,3
ashamed,ashamed,3,3;2;pre1,word,恥はじて,恥はじて / 恥じて，恥ずかしくて,形容詞,3:1141;2:2272;pre1:3015,3
ask 人 about,ask 人 about,3,3,phrase,人ひとに～について聞きく,人ひとに～について聞きく,熟語,3:1150,1
ask 人 for,ask 人 for,3,3,phrase,人ひとに求もとめる,人ひとに求もとめる,熟語,3:1002,1
at first,at first,3,3;pre2;2,phrase,最初さいしょは,最初さいしょは / 最初は，初めに,熟語,3:585;pre2:4;2:540,3
at last,at last,3,3;pre2;2,phrase,ついに,ついに / ついに，やっと,熟語,3:619;pre2:1318;2:234,3
at least,at least,3,3;2,phrase,少すくなくとも,少すくなくとも / 少なくとも，最低限,熟語,3:1165;2:863,2
at most,at most,3,3;pre2;2,phrase,多おおくとも,多おおくとも / 多くとも，せいぜい,熟語,3:724;pre2:109;2:447;2:2089,4
at that time,at that time,3,3;pre2;2,phrase,あの時ときは,あの時ときは / あの時は，そのとき,熟語,3:599;pre2:1349;2:279,3
attend,attend,3,3;pre2;2,word,に通かよう、に出席しゅっせきする,に通かよう、に出席しゅっせきする / 出席する，付き添う,動詞,3:501;pre2:450;2:1379,3
attention,attention,3,3,word,注意ちゅうい,注意ちゅうい,名詞,3:282,1
audience,audience,3,3;pre2;2,word,聴衆ちょうしゅう，観客かんきゃく,聴衆ちょうしゅう，観客かんきゃく / 聴衆，観客,名詞,3:984;pre2:274;2:839,3
awake,awake,3,3;pre2;2,word,目めが覚さめる,目めが覚さめる / 目を覚ましている，覚醒している,形容詞,3:1022;pre2:1013;2:1442,3
award,award,3,3;pre2;2,word,賞しょう,賞しょう / 賞,名詞,3:312;pre2:660;2:2270,3
awesome,awesome,3,3,word,すばらしい,すばらしい,形容詞,3:702,1
bake,bake,3,3;2,word,焼やく,焼やく / 焼く，焼成する,動詞,3:739;2:2146,2
bakery,bakery,3,3,word,パン屋ぱんや,パン屋ぱんや,名詞,3:318,1
ban,ban,3,3;pre2;2;pre1,word,を禁止きんしする,を禁止きんしする / を禁止する/禁止 / を禁止する，を禁制する,動詞,3:833;pre2:648;2:403;pre1:510,4
bank,bank,3,3,word,銀行ぎんこう,銀行ぎんこう,名詞,3:197,1
barber,barber,3,3,word,散髪屋さんぱつや,散髪屋さんぱつや,名詞,3:757,1
be about to,be about to,3,3,phrase,する直前ちょくぜんである,する直前ちょくぜんである,熟語,3:918,1
be afraid of,be afraid of,3,3,phrase,を恐おそれる,を恐おそれる,熟語,3:347,1
be amazed at,be amazed at,3,3,phrase,に驚おどろかされる,に驚おどろかされる,熟語,3:1038,1
be aware of,be aware of,3,3;2,phrase,に気づきづいている,に気づきづいている / に気づいている，認識している,熟語,3:1179;2:685,2
be concerned with,be concerned with,3,3;pre2;2,phrase,に関係かんけいしている,に関係かんけいしている / に関係している，関連している,熟語,3:941;pre2:1456;2:443,3
be different from,be different from,3,3,phrase,とは異ことなる,とは異ことなる,熟語,3:435,1
be excited,be excited,3,3,phrase,興奮こうふんをする,興奮こうふんをする,熟語,3:781,1
be familiar with,be familiar with,3,3;2,phrase,に馴染なじみがある,に馴染なじみがある / に馴染みがある,熟語,3:1145;2:528,2
be full of,be full of,3,3,phrase,で一杯いっぱいの,で一杯いっぱいの,熟語,3:1196,1
be good at,be good at,3,3;pre2,phrase,～が上手じょうずである,～が上手じょうずである / ～が上手である,熟語,3:375;pre2:122,2
be in danger of,be in danger of,3,3,phrase,の危険きけんにさらされている,の危険きけんにさらされている,熟語,3:900,1
be in need of,be in need of,3,3,phrase,を必要ひつようとする,を必要ひつようとする,熟語,3:991,1
be in trouble,be in trouble,3,3,phrase,困こまっている,困こまっている,熟語,3:829,1
be kind to,be kind to,3,3,phrase,～に親切しんせつにする,～に親切しんせつにする,熟語,3:458,1
be known as,be known as,3,3;pre2;2,phrase,として知しられている,として知しられている / として知られている，として認知されている,熟語,3:1006;pre2:1259;2:118,3
be likely to,be likely to,3,3;pre2;2;pre1;1,phrase,する可能性かのうせいが高たかい,する可能性かのうせいが高たかい / する可能性が高い，しそうになる / しそうである，する可能性が高い，ありそうな,熟語,3:988;pre2:1226;2:20;pre1:2863;1:1429,5
be made of,be made of,3,3,phrase,で出来できている,で出来できている,熟語,3:805,1
be proud of,be proud of,3,3,phrase,を誇ほこりに思おもう,を誇ほこりに思おもう,熟語,3:227,1
be ready for,be ready for,3,3,phrase,の用意よういができている,の用意よういができている,熟語,3:847,1
be responsible for,be responsible for,3,3;pre2,phrase,に対たいして責任せきにんがある,に対たいして責任せきにんがある / に対して責任がある,熟語,3:1160;pre2:123,2
be satisfied with,be satisfied with,3,3,phrase,に満足まんぞくしている,に満足まんぞくしている,熟語,3:1047,1
be sick of,be sick of,3,3;pre2,phrase,にうんざりしてる,にうんざりしてる / にうんざりしている,熟語,3:942;pre2:136,2
because of,because of,3,3;pre2;2,phrase,～が理由で,～が理由で / ～が理由で，目的のために,熟語,3:59;pre2:1459;2:448,3
beginning,beginning,3,3,word,最初さいしょ,最初さいしょ,名詞,3:668,1
behavior,behavior,3,3;pre2;2,word,ふるまい,ふるまい / 振る舞い，態度,名詞,3:1136;pre2:322;2:1037,3
behind,behind,3,3;pre2;2,word,背後はいごに,背後はいごに / 背後に，後方に,前置詞;副詞,3:563;pre2:36;2:1083,3
believe in,believe in,3,3;2;pre1;1,phrase,を信しんじる,を信しんじる / を信じる，を信用する / を信じる，信用する,熟語,3:784;2:534;pre1:1902;1:48,4
believe it or not,believe it or not,3,3;1,phrase,信しんじられないだろうけど,信しんじられないだろうけど / 信じられるか，そうでないか，信頼できるか,熟語,3:867;1:1880,2
belong,belong,3,3;pre2;2,word,のものである,のものである / に属する，所属する,動詞,3:851;pre2:535;2:1772,3
belong to,belong to,3,3,phrase,に属ぞくしている,に属ぞくしている,熟語,3:1058,1
below,below,3,3,word,下したに、下記かきの,下したに、下記かきの,副詞,3:293,1
beside,beside,3,3;2,word,横よこに,横よこに / の横に，隣に,前置詞,3:129;2:1154,2
besides,besides,3,3,word,その上うえ，さらに,その上うえ，さらに,接続詞,3:1099,1
beyond,beyond,3,3;pre2;2,word,を超こえた所ところに,を超こえた所ところに / ～を越えたところに，～を超えた場所に,前置詞,3:1043;pre2:432;2:529,3
billion,billion,3,3;2,word,10億おく,10億おく / 10億,名詞,3:1091;2:2271,2
bit,bit,3,3,word,少すこし,少すこし,名詞,3:929,1
blind,blind,3,3,word,目めの見みえない,目めの見みえない,形容詞,3:1178,1
blood,blood,3,3;pre2;2,word,血ち,血ち / 血，血液,名詞,3:1051;pre2:1159;2:1582,3
blow,blow,3,3;pre2;2,word,吹ふく,吹ふく / 吹く，吹き飛ばす,動詞,3:866;pre2:185;2:978,3
boil,boil,3,3,word,ゆでる、煮にる,ゆでる、煮にる,動詞,3:402,1
bomb,bomb,3,3,word,爆弾ばくだん,爆弾ばくだん,名詞,3:982,1
border,border,3,3;2;pre1,word,国境こっきょう,国境こっきょう / 国境，境界,名詞,3:746;2:664;pre1:2716,3
boring,boring,3,3,word,つまらない,つまらない,形容詞,3:290,1
born,born,3,3,word,生うまれる,生うまれる,形容詞,3:754,1
both,both,3,3,word,両方りょうほうの,両方りょうほうの,形容詞,3:654,1
both of,both of,3,3,phrase,二つふたつとも,二つふたつとも,熟語,3:729,1
bother,bother,3,3;pre2;2,word,面倒めんどう,面倒めんどう / 面倒，迷惑をかける / 面倒/迷惑をかける,動詞,3:706;pre2:37;2:930,3
brain,brain,3,3;pre2;2,word,頭脳ずのう,頭脳ずのう / 頭脳，脳,名詞,3:742;pre2:229;2:110,3
branch,branch,3,3,word,枝えだ,枝えだ,名詞,3:782,1
brave,brave,3,3,word,勇敢ゆうかんな,勇敢ゆうかんな,形容詞,3:985,1
break,break,3,3,word,壊こわれる，破やぶる,壊こわれる，破やぶる,動詞,3:105,1
breed,breed,3,3;2;pre1,word,を飼育しいくする，繁殖はんしょくする,を飼育しいくする，繁殖はんしょくする / を飼育する，繁殖する,動詞,3:877;2:2036;pre1:232,3
burden,burden,3,3;2;pre1,word,負担ふたん，重荷おもに,負担ふたん，重荷おもに / 負担，重荷,名詞,3:1083;2:594;2:2208;pre1:3127,4
burn,burn,3,3,word,を燃もやす,を燃もやす,動詞,3:598,1
by the way,by the way,3,3,phrase,ところで,ところで,熟語,3:1093,1
calligraphy,calligraphy,3,3,word,書道しょどう,書道しょどう,名詞,3:693,1
calm,calm,3,3;2,word,落おち着ついた,落おち着ついた / 穏やかな，静かな,形容詞,3:694;2:1883,2
Can I speak to Ken?,can i speak to ken?,3,3,conversation,ケンさんをお願ねがいします。,ケンさんをお願ねがいします。,会話表現,3:438,1
Can I try it on?,can i try it on?,3,3,conversation,試着しちゃくしてもいいですか。,試着しちゃくしてもいいですか。,会話表現,3:64,1
Can I try this on?,can i try this on?,3,3,conversation,これを試着しちゃくしてもいいですか。,これを試着しちゃくしてもいいですか。,会話表現,3:223,1
Can you carry this for me?,can you carry this for me?,3,3,conversation,これを運はこんでくれる？,これを運はこんでくれる？,会話表現,3:69,1
Can you hear me?,can you hear me?,3,3,conversation,聞きこえますか。,聞きこえますか。,会話表現,3:451,1
Can you take out the trash?,can you take out the trash?,3,3,conversation,ごみを出だしてくれる？,ごみを出だしてくれる？,会話表現,3:539,1
"Can you wrap it, please?","can you wrap it, please?",3,3,conversation,包つつんでもらえますか。,包つつんでもらえますか。,会話表現,3:242,1
cancer,cancer,3,3,word,がん,がん,名詞,3:721,1
capture,capture,3,3;2,word,を捕つかまえる,を捕つかまえる / を捕まえる，捉える,動詞,3:939;2:782,2
carbon dioxide,carbon dioxide,3,3;2,phrase,二酸化炭素にさんかたんそ,二酸化炭素にさんかたんそ / 二酸化炭素，CO2,名詞,3:976;2:627,2
care,care,3,3,word,注意ちゅういする、世話せわする,注意ちゅういする、世話せわする,動詞,3:189,1
care for,care for,3,3,phrase,の面倒めんどうを見みる,の面倒めんどうを見みる,熟語,3:790,1
celebrate,celebrate,3,3;pre2;2,word,祝いわう,祝いわう / 祝う，祝福する,動詞,3:345;pre2:1305;2:212,3
century,century,3,3,word,世紀せいき,世紀せいき,名詞,3:534,1
certain,certain,3,3;pre2;2,word,確たしかな,確たしかな / ある，確信している,形容詞,3:1037;pre2:320;2:111,3
certainly,certainly,3,3;pre2;2,word,確たしかに,確たしかに / 確かに，間違いなく,副詞,3:1154;pre2:23;2:216,3
charge,charge,3,3;pre2;2,word,を充電じゅうでんする,を充電じゅうでんする / 非難，料金，管理/に請求する,動詞;名詞,3:1134;pre2:813;2:375,3
cheap,cheap,3,3,word,安やすい,安やすい,形容詞,3:46,1
check out,check out,3,3,phrase,を調査ちょうさする,を調査ちょうさする,熟語,3:937,1
"Check your email, please.","check your email, please.",3,3,conversation,メールを確認かくにんしてください。,メールを確認かくにんしてください。,会話表現,3:460,1
chemical,chemical,3,3;pre2;2,word,化学物質かがくぶっしつ,化学物質かがくぶっしつ / 化学物質/化学の,名詞,3:936;pre2:190;2:199,3
city hall,city hall,3,3,phrase,市庁舎しちょうしゃ,市庁舎しちょうしゃ,名詞,3:195,1
climate,climate,3,3;pre2;2,word,気候きこう,気候きこう / 気候，天候,名詞,3:908;pre2:68;2:31,3
coal,coal,3,3;pre2;2,word,石炭せきたん,石炭せきたん / 石炭，炭,名詞,3:788;pre2:673;2:1979,3
collect,collect,3,3;pre2;2,word,集あつめる,集あつめる / 集める，収集する,動詞,3:249;pre2:14;2:1736,3
colony,colony,3,3;2,word,植民地しょくみんち,植民地しょくみんち / 植民地，入植地,名詞,3:1032;2:1494,2
comfortable,comfortable,3,3;pre2;2,word,心地ここちの良よい,心地ここちの良よい / 心地の良い，快適な,形容詞,3:590;pre2:17;2:1383,3
common,common,3,3;pre2;2,word,共通きょうつうの,共通きょうつうの / 共通の，共同の,形容詞,3:785;pre2:174;2:14,3
company,company,3,3;pre2,word,会社かいしゃ,会社かいしゃ / 会社,名詞,3:393;pre2:27,2
complain,complain,3,3;pre2;2,word,不満ふまんを言いう,不満ふまんを言いう / 不満を言う，不平を言う,動詞,3:554;pre2:204;2:1502,3
condition,condition,3,3;pre2;2,word,状況じょうきょう,状況じょうきょう / 状態，条件，情勢,名詞,3:1082;pre2:69;2:263,3
consumer,consumer,3,3;pre2;2,word,消費者しょうひしゃ,消費者しょうひしゃ / 消費者，利用者,名詞,3:1110;pre2:677;2:1301,3
continue,continue,3,3;pre2;2,word,続つづく,続つづく / をし続ける，続ける,動詞,3:601;pre2:47;2:1827,3
convenient,convenient,3,3;pre2;2,word,便利べんりな,便利べんりな / 都合がよい，便利な,形容詞,3:874;pre2:1101;2:1463,3
correct,correct,3,3;pre2;2,word,正解せいかい,正解せいかい / 正確な/を訂正する,形容詞,3:624;pre2:49;2:334,3
cost,cost,3,3,word,費用ひよう,費用ひよう,名詞,3:254,1
could,could,3,3,word,できた,できた,助動詞,3:1131,1
Could I have some water?,could i have some water?,3,3,conversation,お水みずをいただけますか。,お水みずをいただけますか。,会話表現,3:253,1
Could you help me with math?,could you help me with math?,3,3,conversation,数学すうがくを手伝てつだってくれますか。,数学すうがくを手伝てつだってくれますか。,会話表現,3:207,1
Could you show me the way?,could you show me the way?,3,3,conversation,道みちを教おしえてくれますか。,道みちを教おしえてくれますか。,会話表現,3:60,1
count on,count on,3,3;pre1;1,phrase,を当あてにする,を当あてにする / に頼る，を当てにする,熟語,3:1035;pre1:1344;1:1156,3
countryside,countryside,3,3;pre1,word,田舎いなか,田舎いなか / 田舎，地方,名詞,3:905;pre1:153,2
courage,courage,3,3;2,word,勇気ゆうき,勇気ゆうき / 勇気，勇猛,名詞,3:1064;2:1272,2
cousin,cousin,3,3,word,いとこ,いとこ,名詞,3:210,1
crazy,crazy,3,3,word,気きの狂くるった,気きの狂くるった,形容詞,3:1024,1
creative,creative,3,3;2,word,創造力そうぞうりょくのある,創造力そうぞうりょくのある / 創造的な，独創的な,形容詞,3:836;2:1053,2
crowd,crowd,3,3;pre2;2,word,群衆ぐんしゅう,群衆ぐんしゅう / 群衆，大衆,名詞,3:717;pre2:987;2:1385,3
cry,cry,3,3,word,泣なく,泣なく,動詞,3:584,1
curious,curious,3,3;pre2;2,word,好奇心こうきしんの強つよい,好奇心こうきしんの強つよい / 好奇心が強い，探究心が強い,形容詞,3:947;pre2:478;2:1294,3
custom,custom,3,3;pre2;2,word,習慣しゅうかん,習慣しゅうかん / 習慣，慣例 / 習慣，慣習,名詞,3:709;pre2:582;2:1281;2:2269,4
customer,customer,3,3;pre2;2,word,顧客こきゃく,顧客こきゃく / 顧客，お客様,名詞,3:239;pre2:1177;2:11,3
daily,daily,3,3,word,日常にちじょうの,日常にちじょうの,形容詞,3:840,1
dangerous,dangerous,3,3,word,危険きけんな,危険きけんな,形容詞,3:665,1
daughter,daughter,3,3,word,娘むすめ,娘むすめ,名詞,3:455,1
day after day,day after day,3,3,phrase,毎日まいにち,毎日まいにち,熟語,3:922,1
day in，day out,"day in,day out",3,3,phrase,来くる日ひも来くる日ひも,来くる日ひも来くる日ひも,熟語,3:967,1
dead,dead,3,3,word,死しんだ,死しんだ,形容詞,3:901,1
death,death,3,3,word,死し,死し,名詞,3:752,1
debate,debate,3,3;pre2;2,word,討論とうろん,討論とうろん / 討論，議論,名詞,3:1017;pre2:592;2:1594,3
decision,decision,3,3;pre2;2,word,決定けってい,決定けってい / 決定，結論,名詞,3:966;pre2:186;2:1422,3
definitely,definitely,3,3;pre2;2,word,もちろん、確たしかに,もちろん、確たしかに / 絶対に，確実に / もちろん，確かに,副詞,3:802;pre2:363;2:2273,3
depend,depend,3,3;pre2;2,word,頼たよる,頼たよる / 依存する，頼る,動詞,3:1112;pre2:641;2:1086,3
depend on,depend on,3,3;pre2;2,phrase,に依存いぞんする,に依存いぞんする / に頼る，依存する,熟語,3:981;pre2:1413;2:381,3
desert,desert,3,3;pre2;2,word,砂漠さばく,砂漠さばく / 砂漠，乾燥地帯,名詞,3:846;pre2:1037;2:812,3
design,design,3,3,word,を設計せっけいする,を設計せっけいする,動詞,3:490,1
destroy,destroy,3,3;pre2;2,word,を破壊はかいする,を破壊はかいする / を破壊する，を壊す,動詞,3:734;pre2:45;2:1700,3
development,development,3,3;pre2;2,word,開発かいはつ,開発かいはつ / 発展，発達，開発,名詞,3:931;pre2:501;2:65,3
device,device,3,3;pre2;2,word,装置そうち,装置そうち / 装置，仕掛け,名詞,3:1158;pre2:578;2:29,3
die out,die out,3,3;pre1;1,phrase,絶滅ぜつめつする,絶滅ぜつめつする / 廃れる，消滅していく / 廃れる，流行が過ぎる，死に絶える,熟語,3:1167;pre1:2139;1:1688,3
difference,difference,3,3;pre2;2,word,違ちがい,違ちがい / 違い，差分,名詞,3:538;pre2:1021;2:1978,3
dirty,dirty,3,3,word,汚きたない,汚きたない,形容詞,3:228,1
disagree,disagree,3,3;2,word,意見いけんが合あわない,意見いけんが合あわない / 反対する，拒否する,動詞,3:733;2:1914,2
disaster,disaster,3,3;pre2;2;pre1,word,災害さいがい,災害さいがい / 災害，災難,名詞,3:1125;pre2:181;2:1196;pre1:2257,4
discrimination,discrimination,3,3;2;pre1,word,差別さべつ,差別さべつ / 差別/差別的な,名詞,3:924;2:2144;pre1:996,3
discuss,discuss,3,3;pre2;2,word,話はなし合あう,話はなし合あう / について議論する，検討する,動詞,3:838;pre2:97;2:1853,3
discussion,discussion,3,3;pre2;2,word,討論とうろん,討論とうろん / 議論，討論,名詞,3:1027;pre2:1113;2:1008,3
disease,disease,3,3;pre2;2,word,病気びょうき,病気びょうき / 病気，疾患,名詞,3:1128;pre2:358;2:26,3
do a favor,do a favor,3,3,phrase,に頼たのみ事ごとを聞きく,に頼たのみ事ごとを聞きく,熟語,3:887,1
Do you have a larger size?,do you have a larger size?,3,3,conversation,もっと大おおきいサイズはありますか。,もっと大おおきいサイズはありますか。,会話表現,3:220,1
Do you take credit cards?,do you take credit cards?,3,3,conversation,クレジットカードは使つかえますか。,クレジットカードは使つかえますか。,会話表現,3:229,1
domestic,domestic,3,3;pre2;2;pre1,word,国内こくないの,国内こくないの / 国内の，家庭の / 国内の，自国の,形容詞,3:806;pre2:1132;2:951;2:2143;pre1:3358,5
Don't forget to lock the door.,don't forget to lock the door.,3,3,conversation,ドアのかぎを忘わすれないで。,ドアのかぎを忘わすれないで。,会話表現,3:537,1
Don't stay up late.,don't stay up late.,3,3,conversation,夜更よふかししないで。,夜更よふかししないで。,会話表現,3:366,1
donate,donate,3,3;2;pre1,word,を寄付きふする,を寄付きふする / を寄付する，を寄贈する,動詞,3:1003;2:2139;pre1:1895,3
Drink plenty of water.,drink plenty of water.,3,3,conversation,水みずをたくさん飲のんで。,水みずをたくさん飲のんで。,会話表現,3:368,1
drive,drive,3,3,word,運転うんてんする,運転うんてんする,動詞,3:149,1
drop,drop,3,3,word,落おちる,落おちる,動詞,3:823,1
drop by,drop by,3,3;pre2;2;pre1;1,phrase,に立たち寄よる,"に立たち寄よる / ちょっと立ち寄る, 立ち寄る / に立ち寄る，短時間訪れる，少し顔を出す",熟語,3:1029;pre2:8;2:493;pre1:1803;1:1664,5
drop out,drop out,3,3,phrase,中退ちゅうたいする,中退ちゅうたいする,熟語,3:682,1
drove,drove,3,3,word,運転うんてんした,運転うんてんした,動詞,3:779,1
each other,each other,3,3;pre2;2,phrase,お互たがいに,お互たがいに / お互い，それぞれ,熟語,3:230;pre2:1402;2:363,3
earthquake,earthquake,3,3;pre1,word,地震じしん,地震じしん / 地震,名詞,3:760;pre1:84,2
eat out,eat out,3,3,phrase,外食がいしょくする,外食がいしょくする,熟語,3:736,1
ecosystem,ecosystem,3,3,word,生態系せいたいけい,生態系せいたいけい,名詞,3:827,1
effective,effective,3,3;pre2;2,word,効果的こうかてきな,効果的こうかてきな / 効果的な，有用な,形容詞,3:1076;pre2:1117;2:650,3
electricity,electricity,3,3;pre2;2;pre1,word,電力でんりょく,電力でんりょく / 電力，電気,名詞,3:855;pre2:1314;2:227;pre1:200,4
electronic,electronic,3,3;pre2;2,word,電子でんしの,電子でんしの / 電子の，電子式の,形容詞,3:713;pre2:588;2:1460,3
electronic device,electronic device,3,3,phrase,電子機器でんしきき,電子機器でんしきき,熟語,3:743,1
else,else,3,3,word,その他たに,その他たに,副詞,3:959,1
emergency,emergency,3,3;pre2;2,word,緊急事態きんきゅうじたい,緊急事態きんきゅうじたい / 緊急，急ぎ / 緊急事態，緊急,名詞,3:758;pre2:38;2:2191,3
employee,employee,3,3;pre2;2,word,従業員じゅうぎょういん,従業員じゅうぎょういん / 従業員，社員,名詞,3:1183;pre2:462;2:1959,3
encourage,encourage,3,3;pre2;2;pre1,word,を勇気ゆうきづける,を勇気ゆうきづける / を勇気づける，励ます,動詞,3:749;pre2:689;2:699;pre1:3116,4
encourage to ～,encourage to ~,3,3,phrase,に～するように促うながす,に～するように促うながす,熟語,3:948,1
endangered,endangered,3,3;pre1,word,絶滅ぜつめつの危機ききにさらされている,絶滅ぜつめつの危機ききにさらされている / 絶滅の危機にさらされている,形容詞,3:873;pre1:3372,2
enemy,enemy,3,3,word,敵てき,敵てき,名詞,3:703,1
enough to,enough to,3,3,phrase,するのに十分じゅうぶん,するのに十分じゅうぶん,熟語,3:979,1
environment,environment,3,3;pre2;2,word,環境かんきょう、状況じょうきょう,環境かんきょう、状況じょうきょう / 環境，状況,名詞,3:380;pre2:820;2:3,3
establish,establish,3,3;pre2;2,word,を設立せつりつする,を設立せつりつする / を設立する，創設する,動詞,3:858;pre2:164;2:253,3
evacuation,evacuation,3,3,word,避難ひなん,避難ひなん,名詞,3:677,1
even if,even if,3,3;2,phrase,たとえ～だとしても,たとえ～だとしても / たとえ～だとしても，仮に～であっても,接続詞;熟語,3:1149;2:2219,2
every year,every year,3,3,phrase,毎年まいとし,毎年まいとし,熟語,3:503,1
everywhere,everywhere,3,3,word,どこでも,どこでも,副詞,3:211,1
exception,exception,3,3;pre2;2,word,例外れいがい,例外れいがい / 例外，特例,名詞,3:1152;pre2:1467;2:463,3
exchange,exchange,3,3,word,交換こうかん,交換こうかん,動詞,3:644,1
excited,excited,3,3,word,興奮こうふんした,興奮こうふんした,形容詞,3:40,1
expensive,expensive,3,3;pre2;2,word,高価こうかな，費用ひようのかかる,高価こうかな，費用ひようのかかる / 高価な，費用のかかる,形容詞,3:18;pre2:1020;2:920,3
extend,extend,3,3;pre2;2,word,を広ひろげる,を広ひろげる / 延びる，延長する,動詞,3:1106;pre2:872;2:1958,3
extinction,extinction,3,3;2,word,絶滅ぜつめつ,絶滅ぜつめつ / 絶滅，消失,名詞,3:1056;2:1285,2
extinguisher,extinguisher,3,3,word,消火器しょうかき,消火器しょうかき,名詞,3:986,1
fact,fact,3,3,word,事実じじつ、現実げんじつ,事実じじつ、現実げんじつ,名詞,3:549,1
fall asleep,fall asleep,3,3,phrase,眠ねむる,眠ねむる,熟語,3:1052,1
fall in love with,fall in love with,3,3,phrase,に恋こいをする,に恋こいをする,熟語,3:898,1
fantastic,fantastic,3,3;pre1,word,素晴すばらしい,素晴すばらしい / 素晴らしい,形容詞,3:1057;pre1:562,2
far from,far from,3,3,phrase,～から遠とおい,～から遠とおい,熟語,3:270,1
feather,feather,3,3;pre1,word,羽はね,羽はね / 羽根，羽毛,名詞,3:1019;pre1:199,2
feel free to,feel free to,3,3,phrase,気軽きがるにする,気軽きがるにする,熟語,3:792,1
few,few,3,3,word,いくつかの,いくつかの,形容詞,3:417,1
fight,fight,3,3,word,戦たたかう,戦たたかう,動詞,3:707,1
fill,fill,3,3,word,いっぱいにする,いっぱいにする,動詞,3:723,1
fill in,fill in,3,3,phrase,に必要事項ひつようじこうを記入きにゅうする,に必要事項ひつようじこうを記入きにゅうする,熟語,3:993,1
film,film,3,3,word,映画えいが,映画えいが,名詞,3:1115,1
finally,finally,3,3;2,word,ついに、やっと,ついに、やっと / ついに，やっと,副詞,3:578;2:868,2
finger,finger,3,3,word,指ゆび,指ゆび,名詞,3:384,1
fire,fire,3,3;pre2;2,word,火事かじ,火事かじ / を首くびにする，解雇かいこする / 首にする，火をつける/火，火事,名詞;動詞,3:1175;3:1197;pre2:336;2:1858,4
fix,fix,3,3;pre2;2,word,固定こていする,固定こていする / 固定する，固める / 固定する，修理する,動詞,3:463;pre2:757;2:1168,3
flat,flat,3,3,word,平たいらな,平たいらな,形容詞,3:839,1
flavor,flavor,3,3;pre2;2,word,風味ふうみ,風味ふうみ / 風味，味,名詞,3:591;pre2:76;2:1899,3
flight,flight,3,3,word,飛行ひこう,飛行ひこう,名詞,3:997,1
focus,focus,3,3;pre2;2,word,集中しゅうちゅうする,集中しゅうちゅうする / 焦点，中心,動詞;名詞,3:1170;pre2:995;2:1559,3
fold,fold,3,3;2;pre1,word,を折おる，折おりたたむ,を折おる，折おりたたむ / 折りたたむ，畳む,動詞,3:926;2:1933;pre1:3348,3
for a while,for a while,3,3,phrase,暫しばらくの間あいだ,暫しばらくの間あいだ,熟語,3:1073,1
for free,for free,3,3;2,phrase,無料むりょうで,無料むりょうで / 無料で，無償で,熟語,3:622;2:558,2
for instance,for instance,3,3;pre2;2;pre1,phrase,例たとえば,例たとえば / 例えば，たとえ… としても,熟語,3:1025;pre2:1254;2:106;pre1:884,4
foreign,foreign,3,3;pre2;2,word,外国がいこくの,外国がいこくの / 外国の，海外の,形容詞,3:617;pre2:871;2:1260,3
fortunately,fortunately,3,3;pre1,word,幸運こううんにも,幸運こううんにも / 運よく，幸いにも,副詞,3:1151;pre1:152,2
forward,forward,3,3;pre2;2,word,前まえへ,前まえへ / 前方へ，前に,副詞,3:1181;pre2:691;2:1665,3
fossil fuel,fossil fuel,3,3;pre2;2,phrase,化石燃料かせきねんりょう,化石燃料かせきねんりょう / 化石燃料,熟語;名詞,3:751;pre2:1426;2:402,3
found,found,3,3;2,word,を見みつけた,を見みつけた / 設立する，創立する,動詞,3:678;2:1797,2
fresh,fresh,3,3,word,新鮮しんせんな,新鮮しんせんな,形容詞,3:608,1
from A to B,from a to b,3,3,phrase,AからBまで,AからBまで,熟語,3:935,1
from now,from now,3,3,phrase,これからは,これからは,熟語,3:1069,1
functional,functional,3,3;pre1,word,実用的じつようてきな,実用的じつようてきな / 機能的な，機能上の,形容詞,3:853;pre1:1475,2
garden,garden,3,3,word,庭にわ,庭にわ,名詞,3:54,1
gas,gas,3,3,word,ガソリン,ガソリン,名詞,3:728,1
gentle,gentle,3,3;pre2;2,word,優やさしい,優やさしい / 穏やかな，物柔らかな,形容詞,3:684;pre2:566;2:997,3
get attention,get attention,3,3,phrase,注意ちゅういを引ひく,注意ちゅういを引ひく,熟語,3:811,1
get fired,get fired,3,3,phrase,解雇かいこされる,解雇かいこされる,熟語,3:744,1
get lost,get lost,3,3,phrase,道みちに迷まよう,道みちに迷まよう,熟語,3:998,1
get married,get married,3,3,phrase,結婚けっこんする,結婚けっこんする,熟語,3:194,1
get off,get off,3,3,phrase,降おりる,降おりる,熟語,3:349,1
get on,get on,3,3,phrase,乗のり込こむ,乗のり込こむ,熟語,3:759,1
get out,get out,3,3,phrase,外そとへ出でる,外そとへ出でる,熟語,3:870,1
get out of,get out of,3,3,phrase,の外そとに出でる,の外そとに出でる,熟語,3:1067,1
get over,get over,3,3;2,phrase,を乗のりこえる,を乗のりこえる / を乗りこえる，克服する,熟語,3:945;2:2223,2
get rid of,get rid of,3,3;pre2;2,phrase,を取とり除のぞく,を取とり除のぞく / を取り除く，除去する / 取り除く,熟語,3:1040;pre2:209;2:615;2:2012,4
give a ride,give a ride,3,3,phrase,を車くるまに乗のせる,を車くるまに乗のせる,熟語,3:720,1
given,given,3,3;pre2;2,word,与あたえた,与あたえた / 与えられた，授与された,形容詞,3:1009;pre2:981;2:1813,3
glad,glad,3,3,word,うれしい,うれしい,形容詞,3:292,1
go ahead,go ahead,3,3,phrase,先さきに行いく,先さきに行いく,熟語,3:876,1
Go straight ahead.,go straight ahead.,3,3,conversation,まっすぐ進すすんでください。,まっすぐ進すすんでください。,会話表現,3:308,1
go through,go through,3,3,phrase,人生じんせいを送おくる,人生じんせいを送おくる,熟語,3:1020,1
god,god,3,3,word,神かみ,神かみ,名詞,3:1177,1
government,government,3,3;pre2;2,word,政府せいふ,政府せいふ / 政府，行政府，内閣,名詞,3:904;pre2:50;2:44,3
grade,grade,3,3,word,評価ひょうか,評価ひょうか,名詞,3:587,1
graduate,graduate,3,3;pre2;2,word,卒業そつぎょうする,卒業そつぎょうする / を卒業する，を修了する,動詞,3:661;pre2:985;2:231,3
graduation,graduation,3,3,word,卒業そつぎょう,卒業そつぎょう,名詞,3:1092,1
grew,grew,3,3,word,育そだった,育そだった,動詞,3:404,1
growth,growth,3,3,word,増加ぞうか,増加ぞうか,名詞,3:969,1
gym,gym,3,3,word,体育館たいいくかん,体育館たいいくかん,名詞,3:875,1
habit,habit,3,3;pre2;2,word,習慣しゅうかん,習慣しゅうかん / 習慣，慣行 / 習慣，慣習,名詞,3:755;pre2:638;2:665;2:2124,4
hand out,hand out,3,3;1,phrase,を配くばる,を配くばる / 配布する，分け与える,熟語,3:964;1:1744,2
handle,handle,3,3;pre2;2,word,を処理しょりする,を処理しょりする / を手で扱う，に対処する/取っ手,動詞,3:428;pre2:628;2:262,3
have to,have to,3,3,phrase,～しなければならない,～しなければならない,熟語,3:87,1
headache,headache,3,3;pre1,word,頭痛ずつう,頭痛ずつう / 頭痛,名詞,3:470;pre1:198,2
healthy,healthy,3,3,word,健康けんこうな,健康けんこうな,形容詞,3:111,1
hear from,hear from,3,3;pre2;2,phrase,から連絡れんらくがある,から連絡れんらくがある / から便りがある，連絡をもらう,熟語,3:977;pre2:433;2:238,3
heard,heard,3,3,word,聞きいた,聞きいた,動詞,3:1088,1
heat,heat,3,3,word,熱ねつ,熱ねつ,名詞,3:1095,1
heaven,heaven,3,3,word,天国てんごく,天国てんごく,名詞,3:671,1
heavy,heavy,3,3,word,重おもい,重おもい,形容詞,3:92,1
held,held,3,3,word,握にぎった,握にぎった,動詞,3:628,1
Here is your change.,here is your change.,3,3,conversation,おつりです。,おつりです。,会話表現,3:247,1
himself,himself,3,3,word,彼自身かれじしんを,彼自身かれじしんを,代名詞,3:1199,1
hit,hit,3,3,word,打うつ,打うつ,動詞,3:222,1
hole,hole,3,3,word,穴あな,穴あな,名詞,3:381,1
holy,holy,3,3;2,word,神聖しんせいな,神聖しんせいな / 神聖な，聖なる,形容詞,3:912;2:2226,2
honey,honey,3,3,word,蜂蜜はちみつ,蜂蜜はちみつ,名詞,3:1120,1
hope to,hope to,3,3,phrase,したいと思おもう,したいと思おもう,熟語,3:956,1
hopeful,hopeful,3,3,word,希望きぼうを持もっている,希望きぼうを持もっている,形容詞,3:842,1
horizon,horizon,3,3;pre1,word,地平線ちへいせん、水平線すいへいせん,地平線ちへいせん、水平線すいへいせん / 地平線，水平線,名詞,3:338;pre1:94,2
horror,horror,3,3;pre2;2,word,恐怖きょうふ,恐怖きょうふ / 恐怖，怖さ,名詞,3:499;pre2:401;2:1070,3
How about next Sunday?,how about next sunday?,3,3,conversation,次つぎの日曜日にちようびはどう？,次つぎの日曜日にちようびはどう？,会話表現,3:126,1
How about some coffee?,how about some coffee?,3,3,conversation,コーヒーはどう？,コーヒーはどう？,会話表現,3:102,1
How about this one?,how about this one?,3,3,conversation,これはどう？,これはどう？,会話表現,3:113,1
How are you feeling?,how are you feeling?,3,3,conversation,気分きぶんはどうですか。,気分きぶんはどうですか。,会話表現,3:341,1
How long does it take?,how long does it take?,3,3,conversation,どのくらいかかりますか。,どのくらいかかりますか。,会話表現,3:300,1
how often,how often,3,3,phrase,どのぐらいの頻度ひんど,どのぐらいの頻度ひんど,熟語,3:117,1
however,however,3,3;pre2;2,word,しかし,しかし / しかしながら，どんなに～でも,接続詞;副詞,3:616;pre2:13;2:2,3
human being,human being,3,3,phrase,人間にんげん,人間にんげん,名詞,3:865,1
human rights,human rights,3,3,phrase,人権じんけん,人権じんけん,名詞,3:910,1
hurry up,hurry up,3,3,phrase,急いそぐ,急いそぐ,熟語,3:246,1
hurt,hurt,3,3;pre2,word,を傷きずつける,を傷きずつける / を傷つける,動詞,3:118;pre2:52,2
husband,husband,3,3,word,夫おっと,夫おっと,名詞,3:283,1
I appreciate it.,i appreciate it.,3,3,conversation,感謝かんしゃしています。,感謝かんしゃしています。,会話表現,3:31,1
I can't find my key.,i can't find my key.,3,3,conversation,かぎが見みつかりません。,かぎが見みつかりません。,会話表現,3:471,1
I caught a cold.,i caught a cold.,3,3,conversation,風邪かぜをひきました。,風邪かぜをひきました。,会話表現,3:350,1
I didn't practice much.,i didn't practice much.,3,3,conversation,あまり練習れんしゅうしませんでした。,あまり練習れんしゅうしませんでした。,会話表現,3:429,1
I don't eat meat.,i don't eat meat.,3,3,conversation,肉にくは食たべません。,肉にくは食たべません。,会話表現,3:286,1
I don't know the answer.,i don't know the answer.,3,3,conversation,答こたえがわかりません。,答こたえがわかりません。,会話表現,3:203,1
I don't like spicy food.,i don't like spicy food.,3,3,conversation,辛からい食べ物たべものは好すきではありません。,辛からい食べ物たべものは好すきではありません。,会話表現,3:383,1
I enjoy reading.,i enjoy reading.,3,3,conversation,読書どくしょを楽たのしんでいます。,読書どくしょを楽たのしんでいます。,会話表現,3:401,1
I feel much better now.,i feel much better now.,3,3,conversation,もうずっとよくなりました。,もうずっとよくなりました。,会話表現,3:357,1
I forgot my homework.,i forgot my homework.,3,3,conversation,宿題しゅくだいを忘わすれました。,宿題しゅくだいを忘わすれました。,会話表現,3:179,1
I forgot my ticket.,i forgot my ticket.,3,3,conversation,切符きっぷを忘わすれました。,切符きっぷを忘わすれました。,会話表現,3:478,1
I got a good score.,i got a good score.,3,3,conversation,いい点てんを取とりました。,いい点てんを取とりました。,会話表現,3:209,1
I got off at the wrong station.,i got off at the wrong station.,3,3,conversation,間違まちがった駅えきで降おりました。,間違まちがった駅えきで降おりました。,会話表現,3:313,1
I got your message.,i got your message.,3,3,conversation,メッセージを受うけ取とりました。,メッセージを受うけ取とりました。,会話表現,3:462,1
I have a fever.,i have a fever.,3,3,conversation,熱ねつがあります。,熱ねつがあります。,会話表現,3:344,1
I have an appointment.,i have an appointment.,3,3,conversation,約束やくそくがあります。,約束やくそくがあります。,会話表現,3:559,1
I have plans tomorrow.,i have plans tomorrow.,3,3,conversation,明日あしたは予定よていがあります。,明日あしたは予定よていがあります。,会話表現,3:143,1
I have to study for the exam.,i have to study for the exam.,3,3,conversation,試験勉強しけんべんきょうをしなければなりません。,試験勉強しけんべんきょうをしなければなりません。,会話表現,3:192,1
I left it at home.,i left it at home.,3,3,conversation,それを家いえに置おいてきました。,それを家いえに置おいてきました。,会話表現,3:482,1
I left school early.,i left school early.,3,3,conversation,早退そうたいしました。,早退そうたいしました。,会話表現,3:187,1
I like this one.,i like this one.,3,3,conversation,こちらが好すきです。,こちらが好すきです。,会話表現,3:379,1
I lost my wallet.,i lost my wallet.,3,3,conversation,財布さいふをなくしました。,財布さいふをなくしました。,会話表現,3:473,1
I love autumn leaves.,i love autumn leaves.,3,3,conversation,紅葉こうようが大好だいすきです。。,紅葉こうようが大好だいすきです。。,会話表現,3:335,1
I need my dictionary.,i need my dictionary.,3,3,conversation,辞書じしょが必要ひつようです。,辞書じしょが必要ひつようです。,会話表現,3:181,1
I need to make a copy.,i need to make a copy.,3,3,conversation,コピーを取とる必要ひつようがあります。,コピーを取とる必要ひつようがあります。,会話表現,3:561,1
I need to see a doctor.,i need to see a doctor.,3,3,conversation,医者いしゃに診みてもらう必要ひつようがあります。,医者いしゃに診みてもらう必要ひつようがあります。,会話表現,3:363,1
I practice every day.,i practice every day.,3,3,conversation,毎日まいにち練習れんしゅうします。,毎日まいにち練習れんしゅうします。,会話表現,3:410,1
I prefer tea to coffee.,i prefer tea to coffee.,3,3,conversation,コーヒーよりお茶ちゃのほうが好すきです。,コーヒーよりお茶ちゃのほうが好すきです。,会話表現,3:394,1
I twisted my ankle.,i twisted my ankle.,3,3,conversation,足首あしくびをひねりました。,足首あしくびをひねりました。,会話表現,3:372,1
I want to go again.,i want to go again.,3,3,conversation,また行いきたいです。,また行いきたいです。,会話表現,3:572,1
I was stuck in traffic.,i was stuck in traffic.,3,3,conversation,渋滞じゅうたいにはまっていました。,渋滞じゅうたいにはまっていました。,会話表現,3:564,1
I'll be back by six.,i'll be back by six.,3,3,conversation,6時ろくじまでに戻もどります。,6時ろくじまでに戻もどります。,会話表現,3:555,1
I'll be right back.,i'll be right back.,3,3,conversation,すぐ戻もどるよ。,すぐ戻もどるよ。,会話表現,3:97,1
I'll be there at two.,i'll be there at two.,3,3,conversation,2時にじに着つきます。,2時にじに着つきます。,会話表現,3:157,1
I'll carry it for you.,i'll carry it for you.,3,3,conversation,それをあなたのために運はこぶよ。,それをあなたのために運はこぶよ。,会話表現,3:82,1
I'll get the door.,i'll get the door.,3,3,conversation,ドアを開あけるよ。,ドアを開あけるよ。,会話表現,3:86,1
I'll send you the photo.,i'll send you the photo.,3,3,conversation,写真しゃしんを送おくるね。,写真しゃしんを送おくるね。,会話表現,3:456,1
I'll text you later.,i'll text you later.,3,3,conversation,あとでメッセージするね。,あとでメッセージするね。,会話表現,3:445,1
I'm a little tired.,i'm a little tired.,3,3,conversation,少すこし疲つかれています。,少すこし疲つかれています。,会話表現,3:374,1
I'm a little worried.,i'm a little worried.,3,3,conversation,少すこし不安ふあんです。,少すこし不安ふあんです。,会話表現,3:423,1
I'm doing the laundry.,i'm doing the laundry.,3,3,conversation,洗濯せんたくをしています。,洗濯せんたくをしています。,会話表現,3:542,1
I'm free this afternoon.,i'm free this afternoon.,3,3,conversation,今日きょうの午後ごごは空あいています。,今日きょうの午後ごごは空あいています。,会話表現,3:141,1
I'm going to the station.,i'm going to the station.,3,3,conversation,駅えきに行いきます。,駅えきに行いきます。,会話表現,3:289,1
I'm happy for you.,i'm happy for you.,3,3,conversation,あなたのことがうれしいよ。,あなたのことがうれしいよ。,会話表現,3:517,1
I'm interested in art.,i'm interested in art.,3,3,conversation,美術びじゅつに興味きょうみがあります。,美術びじゅつに興味きょうみがあります。,会話表現,3:399,1
I'm leaving on Monday.,i'm leaving on monday.,3,3,conversation,月曜日げつようびに出発しゅっぱつします。,月曜日げつようびに出発しゅっぱつします。,会話表現,3:146,1
I'm nervous about the test.,i'm nervous about the test.,3,3,conversation,テストが心配しんぱいです。,テストが心配しんぱいです。,会話表現,3:212,1
I'm on my lunch break.,i'm on my lunch break.,3,3,conversation,昼休ひるやすみ中ちゅうです。,昼休ひるやすみ中ちゅうです。,会話表現,3:570,1
I'm on my way.,i'm on my way.,3,3,conversation,今いま向むかっています。,今いま向むかっています。,会話表現,3:154,1
I'm on the school team.,i'm on the school team.,3,3,conversation,学校がっこうのチームに入はいっています。,学校がっこうのチームに入はいっています。,会話表現,3:412,1
I'm out of money.,i'm out of money.,3,3,conversation,お金かねが足たりません。,お金かねが足たりません。,会話表現,3:245,1
I'm ready to go.,i'm ready to go.,3,3,conversation,出でかける準備じゅんびができました。,出でかける準備じゅんびができました。,会話表現,3:168,1
I'm ready to order.,i'm ready to order.,3,3,conversation,注文ちゅうもんの準備じゅんびができました。,注文ちゅうもんの準備じゅんびができました。,会話表現,3:258,1
I'm running late.,i'm running late.,3,3,conversation,少すこし遅おくれています。,少すこし遅おくれています。,会話表現,3:174,1
illegal,illegal,3,3;pre2;2;pre1,word,違法いほうな,違法いほうな / 違法の，不正な / 違法な，不法な,形容詞,3:712;pre2:1179;2:1147;pre1:1152,4
illiterate,illiterate,3,3;pre1;1,word,読よみ書かきのできない,読よみ書かきのできない / 読み書きのできない / 文盲の,形容詞,3:828;pre1:3318;1:3080,3
image,image,3,3,word,画像がぞう，印象いんしょう,画像がぞう，印象いんしょう,名詞,3:1143,1
imagine,imagine,3,3,word,を想像そうぞうする,を想像そうぞうする,動詞,3:332,1
import,import,3,3;pre2;2,word,を輸入ゆにゅうする,を輸入ゆにゅうする / 輸入する，直輸入する,動詞,3:1007;pre2:194;2:1869,3
in a hurry,in a hurry,3,3;pre2,phrase,急いそいで,急いそいで / 急いで,熟語,3:831;pre2:141,2
in advance,in advance,3,3;pre2;2;pre1;1,phrase,前まえもって,前まえもって / 前もって，事前に / 前もって，あらかじめ,熟語,3:681;pre2:140;2:287;pre1:1735;1:2012,5
in case of,in case of,3,3,phrase,の場合ばあいには,の場合ばあいには,熟語,3:794,1
in case ～,in case ~,3,3,phrase,～した場合ばあいには,～した場合ばあいには,熟語,3:801,1
in conclusion,in conclusion,3,3;1,phrase,結論けつろんとして,結論けつろんとして / 結論として，最終的に,熟語,3:814;1:3568,2
in detail,in detail,3,3;pre2;2;1,phrase,詳細しょうさいに,詳細しょうさいに / 詳細に，具体的に / 詳細に，詳しく,熟語,3:968;pre2:1252;2:101;1:2146,4
in fact,in fact,3,3;2;pre1;1,phrase,実際じっさいには,"実際じっさいには / 実際には, 実際 / 実際，実際には",熟語,3:398;2:501;pre1:1346;1:1980,4
in front of,in front of,3,3,phrase,の前まえに,の前まえに,熟語,3:85,1
in good shape,in good shape,3,3,phrase,良い状態よいじょうたいで,良い状態よいじょうたいで,熟語,3:992,1
in season,in season,3,3,phrase,旬しゅんで,旬しゅんで,熟語,3:670,1
in those days,in those days,3,3,phrase,当時とうじは,当時とうじは,熟語,3:543,1
include,include,3,3;pre2;2,word,を含ふくむ,を含ふくむ / を含む，内包する,動詞,3:974;pre2:555;2:789,3
increase,increase,3,3;pre2;2,word,を増ふやす，増大ぞうだいさせる,を増ふやす，増大ぞうだいさせる / を増やす，増大させる,動詞,3:879;pre2:697;2:203,3
indeed,indeed,3,3;pre2;2,word,実じつに,実じつに / 実に，全く,副詞,3:903;pre2:216;2:847,3
independence,independence,3,3;pre2,word,独立どくりつ,独立どくりつ / 独立，自立,名詞,3:683;pre2:755,2
information,information,3,3;pre2,word,情報じょうほう,情報じょうほう / 情報,名詞,3:171;pre2:7,2
injure,injure,3,3;pre1,word,を傷きずつける,を傷きずつける / を傷つける,動詞,3:496;pre1:206,2
instead,instead,3,3;pre2;2;pre1,word,そのかわりに,そのかわりに / 代わりに，その代わり,副詞,3:51;pre2:19;2:5;pre1:145,4
instead of,instead of,3,3;pre2;2,phrase,の代かわりに,の代かわりに / の代わりに，代わって / のかわりに,熟語,3:1126;pre2:210;2:751;2:2199,4
instruction,instruction,3,3;pre2;2,word,指示しじ,指示しじ / 指示，指導,名詞,3:913;pre2:737;2:425,3
interest,interest,3,3,word,興味きょうみ,興味きょうみ,名詞,3:618,1
international,international,3,3;pre2;2,word,国際的こくさいてきな,国際的こくさいてきな / 国際的な，国際レベルの,形容詞,3:285;pre2:424;2:1140,3
invent,invent,3,3;pre2;2,word,を発明はつめいする,を発明はつめいする / を発明する，創造する,動詞,3:191;pre2:734;2:698,3
inventor,inventor,3,3,word,発明家はつめいか,発明家はつめいか,名詞,3:753,1
iron,iron,3,3,word,鉄てつ,鉄てつ,名詞,3:987,1
Is breakfast included?,is breakfast included?,3,3,conversation,朝食ちょうしょくはついていますか。,朝食ちょうしょくはついていますか。,会話表現,3:275,1
Is this the right way?,is this the right way?,3,3,conversation,この道みちで合あっていますか。,この道みちで合あっていますか。,会話表現,3:311,1
It can't be helped.,it can't be helped.,3,3,conversation,しかたないよ。,しかたないよ。,会話表現,3:27,1
It sounds great.,it sounds great.,3,3,conversation,それはよさそうです。,それはよさそうです。,会話表現,3:385,1
It starts at ten.,it starts at ten.,3,3,conversation,10時じゅうじに始はじまります。,10時じゅうじに始はじまります。,会話表現,3:159,1
It's a ten-minute walk.,it's a ten-minute walk.,3,3,conversation,歩あるいて10分ふんです。,歩あるいて10分ふんです。,会話表現,3:302,1
It's almost nine.,it's almost nine.,3,3,conversation,もうすぐ9時くじです。,もうすぐ9時くじです。,会話表現,3:137,1
It's just around the corner.,it's just around the corner.,3,3,conversation,すぐそこの角かどです。,すぐそこの角かどです。,会話表現,3:566,1
It's my piece of cake.,it's my piece of cake.,3,3,conversation,それは私わたしのケーキです。,それは私わたしのケーキです。,会話表現,3:588,1
It's on sale today.,it's on sale today.,3,3,conversation,今日きょうはセールです。,今日きょうはセールです。,会話表現,3:231,1
It's too cold to go out.,it's too cold to go out.,3,3,conversation,外そとに出でるには寒さむすぎます。,外そとに出でるには寒さむすぎます。,会話表現,3:330,1
It's too crowded.,it's too crowded.,3,3,conversation,人ひとが多おおすぎます。,人ひとが多おおすぎます。,会話表現,3:586,1
jewel,jewel,3,3,word,宝石ほうせき,宝石ほうせき,名詞,3:897,1
joined,joined,3,3,word,参加さんかした,参加さんかした,動詞,3:406,1
judge,judge,3,3;pre2;2,word,審判員しんぱんいん,審判員しんぱんいん / を判断する/裁判官,名詞;動詞,3:552;pre2:87;2:1913,3
just a moment,just a moment,3,3,phrase,少すこしの間あいだ,少すこしの間あいだ,熟語,3:441,1
just in case,just in case,3,3,phrase,もしもの場合ばあいに備そなえて,もしもの場合ばあいに備そなえて,熟語,3:761,1
keep,keep,3,3,word,を保たもつ,を保たもつ,動詞,3:257,1
Keep trying.,keep trying.,3,3,conversation,あきらめずに続つづけて。,あきらめずに続つづけて。,会話表現,3:509,1
late,late,3,3,word,遅おそい,遅おそい,形容詞,3:259,1
later,later,3,3;pre2;2,word,後のちに,後のちに / 後に，以後,副詞,3:70;pre2:386;2:1017,3
latest,latest,3,3;2,word,最新さいしんの,最新さいしんの / 最新の，最先端の,形容詞,3:714;2:1488,2
lawyer,lawyer,3,3;2,word,弁護士べんごし,弁護士べんごし / 弁護士，法律家,名詞,3:1190;2:2112,2
lazy,lazy,3,3;2,word,怠なまけ者ものの,怠なまけ者ものの / 怠け者の，ぐうたらの,形容詞,3:923;2:747,2
lead,lead,3,3,word,を導みちびく,を導みちびく,動詞,3:885,1
less than,less than,3,3,phrase,未満みまん,未満みまん,熟語,3:623,1
let,let,3,3,word,～に～をさせる,～に～をさせる,動詞,3:892,1
Let me help you.,let me help you.,3,3,conversation,手伝てつだわせてください。,手伝てつだわせてください。,会話表現,3:80,1
Let me know.,let me know.,3,3,conversation,教おしえてね。,教おしえてね。,会話表現,3:91,1
Let's cheer for them.,let's cheer for them.,3,3,conversation,みんなを応援おうえんしよう。,みんなを応援おうえんしよう。,会話表現,3:427,1
Let's eat out tonight.,let's eat out tonight.,3,3,conversation,今夜こんやは外食がいしょくしよう。,今夜こんやは外食がいしょくしよう。,会話表現,3:108,1
Let's leave early.,let's leave early.,3,3,conversation,早はやく出発しゅっぱつしよう。,早はやく出発しゅっぱつしよう。,会話表現,3:132,1
Let's meet at noon.,let's meet at noon.,3,3,conversation,正午しょうごに会あおう。,正午しょうごに会あおう。,会話表現,3:124,1
Let's meet in front of the station.,let's meet in front of the station.,3,3,conversation,駅前えきまえで会あいましょう。,駅前えきまえで会あいましょう。,会話表現,3:553,1
letter,letter,3,3,word,手紙てがみ,手紙てがみ,名詞,3:408,1
limited,limited,3,3,word,限かぎられた,限かぎられた,形容詞,3:907,1
lip,lip,3,3,word,唇くちびる,唇くちびる,名詞,3:769,1
little,little,3,3,word,ほとんど～ない,ほとんど～ない / 小ちいさい，かわいい,形容詞,3:816;3:1103,2
local,local,3,3,word,地元じもとの,地元じもとの,形容詞,3:376,1
look for,look for,3,3,phrase,を探さがす,を探さがす,熟語,3:56,1
look forward to,look forward to,3,3;2,phrase,～を楽たのしみにする,"～を楽たのしみにする / ～を楽しみにする, 期待する",熟語,3:145;2:503,2
loss,loss,3,3,word,失うしなうこと，喪失そうしつ,失うしなうこと，喪失そうしつ,名詞,3:1118,1
lost,lost,3,3,word,失うしなった,失うしなった,動詞,3:638,1
lots of,lots of,3,3,phrase,たくさんの,たくさんの,熟語,3:188,1
lullaby,lullaby,3,3,word,子守歌こもりうた,子守歌こもりうた,名詞,3:1018,1
make all the difference,make all the difference,3,3,phrase,大おおきな違ちがいを生うむ,大おおきな違ちがいを生うむ,熟語,3:797,1
manager,manager,3,3;pre2;2,word,部長ぶちょう,部長ぶちょう / 部長，支配人,名詞,3:602;pre2:792;2:983,3
match,match,3,3;pre2;2,word,試合しあい,試合しあい / 試合，競技,名詞,3:1042;pre2:756;2:1776,3
matter,matter,3,3;pre2;2,word,問題もんだい、困こまったこと,問題もんだい、困こまったこと / 問題，困ったこと,名詞,3:568;pre2:1182;2:605,3
May I borrow this book?,may i borrow this book?,3,3,conversation,この本ほんを借かりてもいいですか。,この本ほんを借かりてもいいですか。,会話表現,3:71,1
May I use the computer?,may i use the computer?,3,3,conversation,コンピューターを使つかってもいいですか。,コンピューターを使つかってもいいですか。,会話表現,3:196,1
maybe,maybe,3,3;pre2;2,word,たぶん,たぶん / たぶん，おそらく,副詞,3:116;pre2:1079;2:1917,3
meant,meant,3,3,word,意味いみした,意味いみした,動詞,3:1135,1
merchant,merchant,3,3;pre2;2,word,商人しょうにん,商人しょうにん / 商人，販売者,名詞,3:1086;pre2:380;2:1557,3
metal,metal,3,3;pre2;2,word,金属きんぞく,金属きんぞく / 金属，合金,名詞,3:1030;pre2:1250;2:94,3
midnight,midnight,3,3,word,真夜中まよなか,真夜中まよなか,名詞,3:1109,1
mind,mind,3,3,word,精神せいしん,精神せいしん,名詞,3:1174,1
mirror,mirror,3,3,word,鏡かがみ,鏡かがみ,名詞,3:364,1
modern,modern,3,3;pre2;2,word,現代的げんだいてきな,現代的げんだいてきな / 現代的な，現代の,形容詞,3:1039;pre2:59;2:45,3
moment,moment,3,3;pre2;2,word,瞬間しゅんかん,瞬間しゅんかん / 瞬間，瞬時,名詞,3:535;pre2:653;2:1957,3
monthly,monthly,3,3,word,月つきに1回かいの,月つきに1回かいの,形容詞,3:868,1
more,more,3,3,word,もっと,もっと,副詞,3:436,1
more and more,more and more,3,3;pre2;2,phrase,ますます多おおくの,ますます多おおくの / ますます多くの，更に,熟語,3:688;pre2:1236;2:62,3
more than,more than,3,3,phrase,より多おおい,より多おおい,熟語,3:252,1
most,most,3,3,word,たいていの，大部分だいぶぶんの,たいていの，大部分だいぶぶんの,形容詞,3:808,1
move,move,3,3,word,動うごく、引ひっ越こす,動うごく、引ひっ越こす,動詞,3:453,1
My bike is broken.,my bike is broken.,3,3,conversation,自転車じてんしゃがこわれています。,自転車じてんしゃがこわれています。,会話表現,3:476,1
My passport is missing.,my passport is missing.,3,3,conversation,パスポートが見当みあたりません。,パスポートが見当みあたりません。,会話表現,3:319,1
My phone is out of battery.,my phone is out of battery.,3,3,conversation,携帯けいたいの電池でんちが切きれました。,携帯けいたいの電池でんちが切きれました。,会話表現,3:449,1
My pleasure.,my pleasure.,3,3,conversation,よろこんで。,よろこんで。,会話表現,3:33,1
My shoes are wet.,my shoes are wet.,3,3,conversation,靴くつがぬれています。,靴くつがぬれています。,会話表現,3:487,1
My stomach hurts.,my stomach hurts.,3,3,conversation,おなかが痛いたいです。,おなかが痛いたいです。,会話表現,3:361,1
narrow,narrow,3,3;pre2;2,word,狭せまい,狭せまい / 幅が狭い，細い,形容詞,3:655;pre2:90;2:1666,3
national,national,3,3;pre2;2,word,国家こっかの,国家こっかの / 国の，国民の,形容詞,3:886;pre2:750;2:1470,3
necessary,necessary,3,3;pre2,word,必要ひつような,必要ひつような / 必要な,形容詞,3:1104;pre2:1167,2
need to,need to,3,3,phrase,～する必要ひつようがある,～する必要ひつようがある,熟語,3:94,1
neighbor,neighbor,3,3;2,word,隣人りんじん,隣人りんじん / 隣人，近隣住民,名詞,3:1062;2:1371,2
neither,neither,3,3,word,～も～もない,～も～もない,副詞,3:1012,1
nervous,nervous,3,3;pre2;2,word,あがっている,あがっている / 神経質な，びくびくして,形容詞,3:81;pre2:96;2:1628,3
"No tomatoes, please.","no tomatoes, please.",3,3,conversation,トマトは抜ぬいてください。,トマトは抜ぬいてください。,会話表現,3:262,1
noisy,noisy,3,3,word,騒がしいさわがしい,騒がしいさわがしい,形容詞,3:545,1
noon,noon,3,3,word,正午しょうご,正午しょうご,名詞,3:76,1
not always,not always,3,3;pre2;2,phrase,いつもとは限かぎらない,いつもとは限かぎらない / 必ずしもではない，いつもとは限らない,熟語,3:777;pre2:1348;2:277,3
not at all,not at all,3,3,phrase,全まったくない,全まったくない,熟語,3:603,1
not only but also ～,not only but also ~,3,3,phrase,だけでなく～もまた,だけでなく～もまた,熟語,3:800,1
note,note,3,3,word,紙幣しへい,紙幣しへい,名詞,3:1021,1
notice,notice,3,3;pre2;2,word,気きづく,気きづく / 気づく/通知,動詞,3:248;pre2:79;2:1115,3
nuclear,nuclear,3,3;pre2;2,word,核かくの、原子力げんしりょくの,核かくの、原子力げんしりょくの / 核の，中心の,形容詞,3:730;pre2:899;2:1785,3
nuclear power,nuclear power,3,3,phrase,原子力げんしりょく,原子力げんしりょく,名詞,3:1187,1
ocean,ocean,3,3,word,大洋たいよう、海うみ,大洋たいよう、海うみ,名詞,3:314,1
often,often,3,3,word,しばしば、よく,しばしば、よく,副詞,3:288,1
on foot,on foot,3,3;pre2,phrase,歩あるいて,歩あるいて / 歩いて,熟語,3:896;pre2:127,2
on the other hand,on the other hand,3,3;pre2;2,phrase,一方いっぽうで,一方いっぽうで / 一方で，他方で,熟語;接続詞,3:881;pre2:1241;2:76,3
one by one,one by one,3,3,phrase,一ひとつずつ,一ひとつずつ,熟語,3:844,1
Open your textbooks.,open your textbooks.,3,3,conversation,教科書きょうかしょを開ひらいてください。,教科書きょうかしょを開ひらいてください。,会話表現,3:201,1
opinion,opinion,3,3;pre2;2,word,意見いけん，考かんがえ,意見いけん，考かんがえ / 意見，考え,名詞,3:921;pre2:858;2:867,3
order,order,3,3;pre2;2,word,注文ちゅうもんする,注文ちゅうもんする / 命令，指令,動詞;名詞,3:263;pre2:892;2:1397,3
ordinary,ordinary,3,3;pre2;2,word,普通ふつうの,普通ふつうの / ふつうの，いつもの,形容詞,3:687;pre2:364;2:914,3
out of order,out of order,3,3;pre2;1,phrase,故障こしょうして,故障こしょうして / 故障して / 故障中で，順番が乱れて,熟語,3:909;pre2:128;1:2652,3
outside,outside,3,3,word,の外側そとがわに,の外側そとがわに,前置詞,3:567,1
overseas,overseas,3,3,word,外国がいこくへ,外国がいこくへ,副詞,3:837,1
pain,pain,3,3;pre2;2,word,痛いたみ,痛いたみ / 痛み，苦痛,名詞,3:934;pre2:374;2:112,3
palace,palace,3,3,word,宮殿きゅうでん,宮殿きゅうでん,名詞,3:738,1
paper crane,paper crane,3,3,phrase,折おり鶴づる,折おり鶴づる,名詞,3:940,1
parking lot,parking lot,3,3;pre2;2;1,phrase,駐車場ちゅうしゃじょう,駐車場ちゅうしゃじょう / 駐車場，停車場 / 駐車場，停車場，車を停める場所,名詞,3:1191;pre2:1408;2:372;1:1488,4
pass by,pass by,3,3,phrase,通とおり過すぎる,通とおり過すぎる,熟語,3:1130,1
peace,peace,3,3,word,平和へいわ,平和へいわ,名詞,3:798,1
peaceful,peaceful,3,3;2,word,平和へいわな,平和へいわな / 平和な，安らかな,形容詞,3:426;2:518,2
perhaps,perhaps,3,3,word,多分たぶん,多分たぶん,副詞,3:1097,1
period,period,3,3;pre2;2,word,時代じだい,時代じだい / 期間，周期,名詞,3:1210;pre2:318;2:1535,3
personal,personal,3,3,word,個人こじんの,個人こじんの,形容詞,3:680,1
pick up,pick up,3,3,phrase,拾ひろう,拾ひろう,熟語,3:274,1
piece,piece,3,3,word,欠片かけら、一部いちぶ,欠片かけら、一部いちぶ,名詞,3:419,1
plant,plant,3,3;2,word,植物しょくぶつ,植物しょくぶつ / 植物，草木,名詞,3:213;2:1312,2
plastic bag,plastic bag,3,3;pre2;2,phrase,ビニールぶくろ,ビニールぶくろ / ビニール袋，プラスチック袋,名詞,3:1026;pre2:1427;2:404,3
Please call me later.,please call me later.,3,3,conversation,あとで電話でんわしてください。,あとで電話でんわしてください。,会話表現,3:66,1
Please clean your room.,please clean your room.,3,3,conversation,部屋へやを片づけかたづけてください。,部屋へやを片づけかたづけてください。,会話表現,3:544,1
Please hand in your report.,please hand in your report.,3,3,conversation,レポートを提出ていしゅつしてください。,レポートを提出ていしゅつしてください。,会話表現,3:185,1
Please leave a message.,please leave a message.,3,3,conversation,伝言でんごんを残のこしてください。,伝言でんごんを残のこしてください。,会話表現,3:434,1
Please set the table.,please set the table.,3,3,conversation,テーブルを準備じゅんびしてください。,テーブルを準備じゅんびしてください。,会話表現,3:533,1
Please speak more slowly.,please speak more slowly.,3,3,conversation,もっとゆっくり話はなしてください。,もっとゆっくり話はなしてください。,会話表現,3:58,1
Please tell me when to get off.,please tell me when to get off.,3,3,conversation,降おりるときに教おしえてください。,降おりるときに教おしえてください。,会話表現,3:317,1
Please turn off the light.,please turn off the light.,3,3,conversation,電気でんきを消けしてください。,電気でんきを消けしてください。,会話表現,3:75,1
Please wait a minute.,please wait a minute.,3,3,conversation,ちょっと待まってください。,ちょっと待まってください。,会話表現,3:47,1
pleased,pleased,3,3,word,喜よろこんで,喜よろこんで,形容詞,3:1059,1
pleasure,pleasure,3,3;pre2;2,word,楽しみたのしみ,楽しみたのしみ / 楽しみ，喜び,名詞,3:508;pre2:818;2:1035,3
poet,poet,3,3;pre2;2,word,詩人しじん,詩人しじん / 詩人，作詩者,名詞,3:799;pre2:712;2:1323,3
police officer,police officer,3,3,phrase,警察官けいさつかん,警察官けいさつかん,名詞,3:1140,1
possible,possible,3,3;pre2;2,word,可能かのうな,可能かのうな / 可能な，実現可能な,形容詞,3:830;pre2:1142;2:1059,3
prefer A to B,prefer a to b,3,3,phrase,BよりAを好このむ,BよりAを好このむ,熟語,3:841,1
president,president,3,3;pre2;2,word,大統領だいとうりょう,大統領だいとうりょう / 社長しゃちょう / 社長，大統領,名詞,3:774;3:1044;pre2:243;2:1342,4
pretty,pretty,3,3;pre2;2,word,かなり,かなり / かなり，相当に,副詞,3:1194;pre2:1213;2:1518,3
price,price,3,3;2,word,値段ねだん,値段ねだん / 値段，価格,名詞,3:301;2:1451,2
prize,prize,3,3;2,word,賞しょう,賞しょう / 賞，報酬,名詞,3:199;2:874,2
probably,probably,3,3;pre2;2,word,多分たぶん,多分たぶん / おそらく，大抵,副詞,3:627;pre2:503;2:104,3
progress,progress,3,3;pre2;2,word,進歩しんぽ,進歩しんぽ / 進歩，前進,名詞,3:1010;pre2:367;2:578,3
promise,promise,3,3,word,約束やくそく,約束やくそく,名詞,3:232,1
protect,protect,3,3;pre2;2,word,を守まもる、保護ほごする,を守まもる、保護ほごする / を守る，保護する,動詞,3:532;pre2:34;2:1513,3
protest,protest,3,3;2,word,抗議こうぎする,抗議こうぎする / 抗議する，主張する,動詞,3:1055;2:588,2
purpose,purpose,3,3;pre2;2,word,目的もくてき,目的もくてき / 目的，目標,名詞,3:437;pre2:661;2:484,3
pursue,pursue,3,3;pre2;2;pre1,word,を追おい求もとめる,を追おい求もとめる / 追い求める，追跡する,動詞,3:1077;pre2:679;2:1773;pre1:3210,4
quarter,quarter,3,3;pre2;2,word,4分ぶんの1,4分ぶんの1 / 四半期，四分期,名詞,3:1066;pre2:1203;2:1273,3
quick,quick,3,3,word,速はやい,速はやい,形容詞,3:371,1
quickly,quickly,3,3,word,素早すばやく,素早すばやく,副詞,3:597,1
quietly,quietly,3,3,word,静しずかに，落おち着ついて,静しずかに，落おち着ついて,副詞,3:1048,1
quite,quite,3,3;pre2;2,word,かなり，相当そうとう,かなり，相当そうとう / かなり，相当に,副詞,3:1201;pre2:393;2:1063,3
railway,railway,3,3,word,鉄道てつどう,鉄道てつどう,名詞,3:880,1
raise,raise,3,3;pre2;2,word,手てなどを挙あげる,手てなどを挙あげる / を上げる，持ち上げる,動詞,3:646;pre2:51;2:143,3
rapidly,rapidly,3,3;pre2;2,word,速はやく，急速きゅうそくに,速はやく，急速きゅうそくに / 素早く，迅速に,副詞,3:1133;pre2:332;2:1530,3
rather than,rather than,3,3;pre2;2,phrase,ではなく,ではなく / よりむしろ，ではなくて,熟語;接続詞,3:807;pre2:1271;2:133,3
raw,raw,3,3;2,word,生なまの,生なまの / 生の，未加工の,形容詞,3:1184;2:1251,2
reach,reach,3,3;pre2;2,word,届とどく,届とどく / 到着する，辿り着く,動詞,3:556;pre2:667;2:1355,3
reason,reason,3,3,word,理由りゆう,理由りゆう,名詞,3:424,1
receive,receive,3,3;pre2;2,word,を受うけ取とる,を受うけ取とる / を受理する，受け取る,動詞,3:494;pre2:807;2:293,3
recently,recently,3,3;pre2;2,word,最近さいきん,最近さいきん / 最近，このごろ,副詞,3:547;pre2:56;2:10,3
relate to ～,relate to ~,3,3,phrase,を～に関係かんけいさせる,を～に関係かんけいさせる,接続詞,3:1080,1
relation,relation,3,3;pre2;2,word,関係かんけい,関係かんけい / 関係性，相互作用,名詞,3:1031;pre2:385;2:1013,3
relatively,relatively,3,3;2,word,比較的ひかくてき,比較的ひかくてき / 比較的，相対的に,副詞,3:776;2:671,2
release,release,3,3;pre2;2,word,を放出ほうしゅつする,を放出ほうしゅつする / 解き放つ，解放する,動詞,3:1094;pre2:197;2:1915,3
renewable,renewable,3,3,word,再生可能さいせいかのうな,再生可能さいせいかのうな,形容詞,3:999,1
researcher,researcher,3,3;2,word,研究者けんきゅうしゃ,研究者けんきゅうしゃ / 研究者，調査員,名詞,3:849;2:804,2
resident,resident,3,3;pre2;2,word,住民じゅうみん，居住者きょじゅうしゃ,住民じゅうみん，居住者きょじゅうしゃ / 住民，居住者,名詞,3:983;pre2:1248;2:92,3
resource,resource,3,3;pre2;2,word,資源しげん,資源しげん / 資源，資産,名詞,3:1139;pre2:294;2:950,3
respect,respect,3,3;pre2;2,word,を尊敬そんけいする,を尊敬そんけいする / 尊敬，敬意,動詞;名詞,3:1172;pre2:663;2:1415,3
right away,right away,3,3,phrase,直ただちに、すぐに,直ただちに、すぐに,熟語,3:266,1
road,road,3,3,word,道路どうろ,道路どうろ,名詞,3:1188,1
root,root,3,3,word,根ね,根ね,名詞,3:925,1
rose,rose,3,3,word,昇のぼった,昇のぼった,動詞,3:803,1
round,round,3,3,word,まわりに,まわりに,前置詞,3:430,1
rule,rule,3,3,word,支配しはい、統治とうち,支配しはい、統治とうち,名詞,3:348,1
run away,run away,3,3;2,phrase,逃にげ去さる,逃にげ去さる / 逃げ去る，逃亡する,熟語,3:353;2:530,2
run out of,run out of,3,3;pre2;2,phrase,を使つかい果はたす,を使つかい果はたす / を使い果たす，使い尽くす / を使い果たす，消耗する,熟語,3:810;pre2:118;2:2156,3
said,said,3,3,word,言いった,言いった,動詞,3:938,1
satisfy,satisfy,3,3;pre2;2,word,を満足まんぞくさせる,を満足まんぞくさせる / を満足させる，を喜ばせる,動詞,3:863;pre2:1300;2:197,3
Save some for me.,save some for me.,3,3,conversation,少すこし残のこしておいて。,少すこし残のこしておいて。,会話表現,3:280,1
scared,scared,3,3,word,怖こわがって,怖こわがって,形容詞,3:1206,1
secret,secret,3,3,word,秘密ひみつ,秘密ひみつ,名詞,3:1008,1
sell,sell,3,3,word,を売うる,を売うる,動詞,3:15,1
sentence,sentence,3,3,word,文ぶん,文ぶん,名詞,3:690,1
several,several,3,3;pre2;2,word,幾いくつかの,幾いくつかの / 幾つかの，いくらかの,形容詞,3:615;pre2:425;2:12,3
shade,shade,3,3,word,陰かげ，日陰ひかげ,陰かげ，日陰ひかげ,名詞,3:1085,1
shake,shake,3,3,word,震ふるえる,震ふるえる,動詞,3:645,1
Shall I help you?,shall i help you?,3,3,conversation,手伝てつだいましょうか。,手伝てつだいましょうか。,会話表現,3:77,1
Shall we play tennis?,shall we play tennis?,3,3,conversation,テニスをしようか。,テニスをしようか。,会話表現,3:119,1
Shall we start now?,shall we start now?,3,3,conversation,今いま始はじめようか。,今いま始はじめようか。,会話表現,3:104,1
Shall we watch a movie?,shall we watch a movie?,3,3,conversation,映画えいがを見みようか。,映画えいがを見みようか。,会話表現,3:130,1
shape,shape,3,3,word,形かたち,形かたち,名詞,3:389,1
share,share,3,3;pre2;2,word,分わかち合あう,分わかち合あう / 分かち合う/分け前,動詞,3:491;pre2:1110;2:1015,3
shelter,shelter,3,3,word,避難所ひなんじょ,避難所ひなんじょ,名詞,3:716,1
should,should,3,3,word,～すべきである,～すべきである,助動詞,3:136,1
show 人 around,show 人 around,3,3,phrase,人ひとに見みせて回まわる,人ひとに見みせて回まわる,熟語,3:1171,1
sick,sick,3,3,word,病気びょうきの,病気びょうきの,形容詞,3:39,1
side,side,3,3,word,側がわ、面めん,側がわ、面めん,名詞,3:464,1
sidewalk,sidewalk,3,3;pre1,word,歩道ほどう,歩道ほどう / 歩道，歩行者道,名詞,3:1089;pre1:446,2
sight,sight,3,3;pre2;2,word,見みること,見みること / 見ること，視力,名詞,3:551;pre2:611;2:291,3
sign,sign,3,3;pre2;2,word,標識ひょうしき,標識ひょうしき / 標識，印，合図,名詞,3:112;pre2:415;2:576,3
signal,signal,3,3,word,信号しんごう,信号しんごう,名詞,3:1053,1
silent,silent,3,3,word,静しずかな,静しずかな,形容詞,3:613,1
silk,silk,3,3,word,絹きぬ,絹きぬ,名詞,3:872,1
since,since,3,3,word,～以来いらい,～以来いらい,前置詞,3:337,1
site,site,3,3;2,word,場所ばしょ,場所ばしょ / 場所，地点,名詞,3:963;2:1432,2
sleepy,sleepy,3,3,word,眠ねむい,眠ねむい,形容詞,3:1200,1
smell,smell,3,3;pre2;2,word,においがする,においがする / においがする，臭いがする,動詞,3:648;pre2:580;2:613,3
so,so,3,3,word,とても,とても,副詞,3:21,1
so far,so far,3,3;pre2,phrase,これまでは,これまでは,熟語,3:843;pre2:119,2
so that ～,so that ~,3,3,phrase,するために,するために,熟語,3:893,1
so ～ that ～,so ~ that ~,3,3;pre2,phrase,とてもなので～だ,とてもなので～だ / とても…なので,熟語;接続詞,3:698;pre2:643,2
soil,soil,3,3,word,土つち,土つち,名詞,3:635,1
sold out,sold out,3,3,phrase,売うり切きれ,売うり切きれ,熟語,3:177,1
solve,solve,3,3;pre2;2,word,を解決かいけつする,を解決かいけつする / を解決する，解消する,動詞,3:1074;pre2:342;2:442,3
somehow,somehow,3,3;pre2;2,word,何なんらかの形かたちで,何なんらかの形かたちで / どうにか，何とか,副詞,3:1173;pre2:861;2:1454,3
someone,someone,3,3,word,だれか、ある人ひと,だれか、ある人ひと,代名詞,3:704,1
Something is wrong.,something is wrong.,3,3,conversation,何なにかおかしいです。,何なにかおかしいです。,会話表現,3:484,1
somewhere,somewhere,3,3,word,どこかに,どこかに,副詞,3:621,1
son,son,3,3,word,息子むすこ,息子むすこ,名詞,3:1087,1
soon,soon,3,3,word,まもなく，すぐに,まもなく，すぐに,副詞,3:4,1
Sorry to bother you.,sorry to bother you.,3,3,conversation,おじゃましてすみません。,おじゃましてすみません。,会話表現,3:36,1
"Sorry, wrong number.","sorry, wrong number.",3,3,conversation,すみません、番号ばんごうを間違まちがえました。,すみません、番号ばんごうを間違まちがえました。,会話表現,3:465,1
sort,sort,3,3;pre2;2,word,種類しゅるい,種類しゅるい / 種類，類,名詞,3:894;pre2:1103;2:1579,3
Sounds fun.,sounds fun.,3,3,conversation,楽たのしそう。,楽たのしそう。,会話表現,3:522,1
species,species,3,3;2,word,種たね,種たね / 種，種族,名詞,3:1189;2:1872,2
spelling,spelling,3,3,word,綴つづり,綴つづり,名詞,3:726,1
spread,spread,3,3;pre2;2,word,広ひろがる、広ひろまる,広ひろがる、広ひろまる / を広げる，広がる,動詞,3:764;pre2:57;2:278,3
Spring is my favorite season.,spring is my favorite season.,3,3,conversation,春はるがいちばん好すきな季節きせつです。,春はるがいちばん好すきな季節きせつです。,会話表現,3:328,1
square,square,3,3,word,正方形せいほうけいの,正方形せいほうけいの,形容詞,3:594,1
stationery,stationery,3,3,word,文房具ぶんぼうぐ,文房具ぶんぼうぐ,名詞,3:970,1
statue,statue,3,3,word,像ぞう,像ぞう,名詞,3:958,1
stay with,stay with,3,3,phrase,～と一緒いっしょに過すごす,～と一緒いっしょに過すごす,熟語,3:365,1
steal,steal,3,3,word,盗ぬすむ,盗ぬすむ,動詞,3:362,1
steam,steam,3,3;pre2;2,word,蒸気じょうき,蒸気じょうき / 蒸気，湯気 / 蒸気，水蒸気,名詞,3:932;pre2:649;2:1935,3
step,step,3,3,word,足元あしもと，階段かいだん,足元あしもと，階段かいだん,名詞,3:1078,1
store,store,3,3,word,を蓄たくわえる,を蓄たくわえる,動詞,3:920,1
stranger,stranger,3,3;pre2;2,word,他人たにん,他人たにん / 他人，他者,名詞,3:1061;pre2:1019;2:758,3
strict,strict,3,3;2,word,厳きびしい,厳きびしい / 厳しい，厳格な,形容詞,3:812;2:1576,2
succeed,succeed,3,3;2,word,成功せいこうする,成功せいこうする / 成功する，達成する,動詞,3:1036;2:525,2
successful,successful,3,3,word,成功せいこうした,成功せいこうした,形容詞,3:1100,1
such as,such as,3,3;pre2;2,phrase,のような,のような / のような，似たような,熟語,3:766;pre2:1284;2:154,3
suddenly,suddenly,3,3,word,突然とつぜんに,突然とつぜんに,副詞,3:1123,1
Summer vacation starts soon.,summer vacation starts soon.,3,3,conversation,もうすぐ夏休なつやすみです。,もうすぐ夏休なつやすみです。,会話表現,3:333,1
supply,supply,3,3;pre2,word,供給きょうきゅう,供給きょうきゅう / 供給,名詞,3:883;pre2:1045,2
support,support,3,3,word,を支援しえんする、応援おうえんする,を支援しえんする、応援おうえんする,動詞,3:565,1
surely,surely,3,3;pre2,word,確たしかに,確たしかに / 確かに,副詞,3:1156;pre2:1156,2
surprisingly,surprisingly,3,3,word,驚おどろいたことには,驚おどろいたことには,副詞,3:718,1
surround,surround,3,3;pre2;2,word,を囲かこむ,を囲かこむ / を取り囲む，を包囲する,動詞,3:911;pre2:419;2:332,3
survey,survey,3,3;pre2;2,word,調査ちょうさ,調査ちょうさ / 調査/を見渡す,名詞;名詞/動詞,3:890;pre2:73;2:79,3
survival,survival,3,3;pre2;2,word,存続そんぞく，生いき残のこること,存続そんぞく，生いき残のこること / 生存/生き延びる / 生存，生き残ること,名詞,3:1185;pre2:607;2:1778,3
survive,survive,3,3;2,word,生いき残のこる,生いき残のこる / 生き残る，存続する,動詞,3:915;2:811,2
sustainable,sustainable,3,3;pre2;2;pre1,word,存続可能そんぞくかのうな,存続可能そんぞくかのうな / 存続可能な，持続可能な,形容詞,3:748;pre2:1457;2:445;pre1:2580,4
Take an umbrella with you.,take an umbrella with you.,3,3,conversation,傘かさを持もって行いって。,傘かさを持もって行いって。,会話表現,3:324,1
take part in,take part in,3,3;pre2;2,phrase,に参加さんかする,に参加さんかする / に参加する，参与する,熟語,3:219;pre2:21;2:565,3
Take your time.,take your time.,3,3,conversation,ゆっくりでいいよ。,ゆっくりでいいよ。,会話表現,3:506,1
tall,tall,3,3,word,高たかい,高たかい,形容詞,3:164,1
taste,taste,3,3;pre2;2,word,味あじ,味あじ / 味，風味/な味がする,名詞,3:395;pre2:441;2:286,3
tax,tax,3,3;pre2;2,word,税ぜい，税金ぜいきん,税ぜい，税金ぜいきん / 税金，税収,名詞,3:821;pre2:165;2:1784,3
tear,tear,3,3;pre2;2,word,涙なみだ,涙なみだ / を引き裂く，を裂く,名詞;動詞,3:1182;pre2:226;2:1051,3
Tell me if you need anything.,tell me if you need anything.,3,3,conversation,何なにか必要ひつようなら言いってね。,何なにか必要ひつようなら言いってね。,会話表現,3:93,1
tell to ～,tell to ~,3,3,phrase,に～するように言いう,に～するように言いう,熟語,3:741,1
terrible,terrible,3,3;pre2;2,word,ひどい,ひどい / ひどい，恐ろしい,形容詞,3:955;pre2:372;2:1930,3
Thank you anyway.,thank you anyway.,3,3,conversation,とにかくありがとう。,とにかくありがとう。,会話表現,3:38,1
That happens sometimes.,that happens sometimes.,3,3,conversation,そういうこともあるよ。,そういうこともあるよ。,会話表現,3:498,1
That was a great game.,that was a great game.,3,3,conversation,すばらしい試合しあいでした。,すばらしい試合しあいでした。,会話表現,3:432,1
That's too difficult for me.,that's too difficult for me.,3,3,conversation,それは私わたしには難むずかしすぎます。,それは私わたしには難むずかしすぎます。,会話表現,3:407,1
The class is over.,the class is over.,3,3,conversation,授業じゅぎょうは終おわりです。,授業じゅぎょうは終おわりです。,会話表現,3:198,1
The connection is bad.,the connection is bad.,3,3,conversation,電波でんぱが悪わるいです。,電波でんぱが悪わるいです。,会話表現,3:454,1
The food is delicious.,the food is delicious.,3,3,conversation,料理りょうりがおいしいです。,料理りょうりがおいしいです。,会話表現,3:264,1
The game starts soon.,the game starts soon.,3,3,conversation,試合しあいはもうすぐ始はじまります。,試合しあいはもうすぐ始はじまります。,会話表現,3:416,1
The line is busy.,the line is busy.,3,3,conversation,話はなしし中ちゅうです。,話はなしし中ちゅうです。,会話表現,3:443,1
The room is dark.,the room is dark.,3,3,conversation,部屋へやが暗くらいです。,部屋へやが暗くらいです。,会話表現,3:548,1
The sun is coming out.,the sun is coming out.,3,3,conversation,日ひがさしてきました。,日ひがさしてきました。,会話表現,3:339,1
The train leaves soon.,the train leaves soon.,3,3,conversation,電車でんしゃはもうすぐ出でます。,電車でんしゃはもうすぐ出でます。,会話表現,3:148,1
theater,theater,3,3,word,劇場げきじょう,劇場げきじょう,名詞,3:497,1
There's a big lake there.,there's a big lake there.,3,3,conversation,そこには大おおきな湖みずうみがあります。,そこには大おおきな湖みずうみがあります。,会話表現,3:583,1
thirsty,thirsty,3,3,word,のどの乾かわいた,のどの乾かわいた,形容詞,3:431,1
This is my favorite song.,this is my favorite song.,3,3,conversation,これは私わたしのいちばん好すきな歌うたです。,これは私わたしのいちばん好すきな歌うたです。,会話表現,3:396,1
This is my first time.,this is my first time.,3,3,conversation,これが初はじめてです。,これが初はじめてです。,会話表現,3:575,1
This is my second time.,this is my second time.,3,3,conversation,これで2回目かいめです。,これで2回目かいめです。,会話表現,3:577,1
This seat is taken.,this seat is taken.,3,3,conversation,この席せきは空あいていません。,この席せきは空あいていません。,会話表現,3:297,1
This smells good.,this smells good.,3,3,conversation,いいにおいがします。,いいにおいがします。,会話表現,3:284,1
this way,this way,3,3,phrase,このように,このように,熟語,3:1113,1
thousands of,thousands of,3,3,phrase,何千なんぜんもの,何千なんぜんもの,熟語,3:697,1
through,through,3,3,word,を通とおり抜ぬけて,を通とおり抜ぬけて,前置詞,3:336,1
tie,tie,3,3,word,ネクタイ,ネクタイ,名詞,3:787,1
tightly,tightly,3,3;pre1,word,しっかりと,しっかりと / しっかりと，きつく,副詞,3:770;pre1:40,2
tiny,tiny,3,3;pre2;2,word,小ちいさな,小ちいさな / ごく小さい，微小な,形容詞,3:943;pre2:207;2:1286,3
title,title,3,3,word,題名だいめい，表題ひょうだい,題名だいめい，表題ひょうだい,名詞,3:1138,1
tonight,tonight,3,3,word,今夜こんやは,今夜こんやは,副詞,3:321,1
too to ～,too to ~,3,3,phrase,～するには過すぎる,～するには過すぎる,熟語,3:1127,1
tough,tough,3,3;2,word,困難な，難むずかしい,困難な，難むずかしい / 頑強な，丈夫な,形容詞,3:768;2:1489,2
trade,trade,3,3,word,貿易ぼうえき,貿易ぼうえき,名詞,3:989,1
tradition,tradition,3,3;pre2;2,word,伝統でんとう,伝統でんとう / 伝統，慣習,名詞,3:629;pre2:657;2:1836,3
traditional,traditional,3,3;pre2;2,word,伝統的でんとうてきな,伝統的でんとうてきな / 伝統的な，慣習的な,形容詞,3:669;pre2:10;2:1267,3
transport,transport,3,3;pre2;2,word,を輸送ゆそうする,を輸送ゆそうする / を輸送する，を運搬する,動詞,3:864;pre2:1147;2:547,3
treasure,treasure,3,3;2,word,宝物たからもの,宝物たからもの / 宝，財産,名詞,3:1161;2:1602,2
trust,trust,3,3;pre2;2,word,を信用しんようする,を信用しんようする / 信頼，信用,動詞;名詞,3:1114;pre2:736;2:1365,3
turn off,turn off,3,3,phrase,を消けす,を消けす,熟語,3:342,1
turn on,turn on,3,3,phrase,を点つける,を点つける,熟語,3:340,1
"Turn on the light, please.","turn on the light, please.",3,3,conversation,電気でんきをつけてください。,電気でんきをつけてください。,会話表現,3:550,1
twice,twice,3,3,word,2回にかい,2回にかい,副詞,3:243,1
uncomfortable,uncomfortable,3,3;2,word,心地ここちの悪わるい,心地ここちの悪わるい / 心地の悪い，不快な,形容詞,3:1137;2:1425,2
unfair,unfair,3,3,word,不公平ふこうへいな，不当ふとうな,不公平ふこうへいな，不当ふとうな,形容詞,3:950,1
unhappy,unhappy,3,3,word,不幸ふこうな,不幸ふこうな,形容詞,3:699,1
uniform,uniform,3,3,word,制服せいふく,制服せいふく,名詞,3:1060,1
universe,universe,3,3;pre2;2,word,宇宙うちゅう,宇宙うちゅう / 宇宙，宙域,名詞,3:1072;pre2:855;2:1561,3
university,university,3,3;pre2;2,word,大学だいがく,大学だいがく / 大学，大学校,名詞,3:183;pre2:835;2:1753,3
until,until,3,3;pre2;2,word,まで，までは,まで，までは / までに，まで,前置詞;接続詞/前置詞,3:35;pre2:1240;2:75,3
unused,unused,3,3,word,未使用みしようの,未使用みしようの,形容詞,3:1011,1
up to,up to,3,3;pre2;2,phrase,まで,まで / ～まで，～に至る,熟語,3:1164;pre2:1423;2:399,3
up until,up until,3,3,phrase,まで,まで,熟語,3:691,1
valley,valley,3,3,word,谷たに,谷たに,名詞,3:861,1
violence,violence,3,3;pre2;2,word,暴力ぼうりょく,暴力ぼうりょく / 暴力，乱暴,名詞,3:701;pre2:1127;2:764,3
visitor,visitor,3,3,word,観光客かんこうきゃく,観光客かんこうきゃく,名詞,3:400,1
wallet,wallet,3,3,word,さいふ,さいふ,名詞,3:351,1
warn,warn,3,3;pre2;2,word,警告けいこくする,警告けいこくする / 警告する，警戒する,動詞,3:589;pre2:199;2:992,3
We don't have practice today.,we don't have practice today.,3,3,conversation,今日きょうは練習れんしゅうがありません。,今日きょうは練習れんしゅうがありません。,会話表現,3:190,1
We had a test this morning.,we had a test this morning.,3,3,conversation,今朝けさテストがありました。,今朝けさテストがありました。,会話表現,3:176,1
We have plenty of time.,we have plenty of time.,3,3,conversation,時間じかんはたっぷりあります。,時間じかんはたっぷりあります。,会話表現,3:170,1
We lost by one point.,we lost by one point.,3,3,conversation,1点差てんさで負まけました。,1点差てんさで負まけました。,会話表現,3:421,1
We missed the train.,we missed the train.,3,3,conversation,電車でんしゃに乗のり遅おくれました。,電車でんしゃに乗のり遅おくれました。,会話表現,3:295,1
We should hurry.,we should hurry.,3,3,conversation,急いそがないと。,急いそがないと。,会話表現,3:152,1
We won the match.,we won the match.,3,3,conversation,試合しあいに勝かちました。,試合しあいに勝かちました。,会話表現,3:418,1
weapon,weapon,3,3,word,武器ぶき,武器ぶき,名詞,3:1101,1
weekend,weekend,3,3,word,週末しゅうまつに,週末しゅうまつに,名詞,3:2,1
weekly,weekly,3,3,word,週刊しゅうかんの,週刊しゅうかんの,形容詞,3:916,1
well-known,well-known,3,3;pre2;2,word,有名ゆうめいな,有名ゆうめいな / よく知られた，有名な,形容詞,3:1081;pre2:500;2:1236,3
wet,wet,3,3,word,濡ぬれている,濡ぬれている,形容詞,3:944,1
What a surprise.,what a surprise.,3,3,conversation,びっくりした。,びっくりした。,会話表現,3:520,1
what about,what about,3,3,phrase,～はどうですか,～はどうですか,熟語,3:52,1
What time should we meet?,what time should we meet?,3,3,conversation,何時なんじに会あいましょうか。,何時なんじに会あいましょうか。,会話表現,3:163,1
what to,what to,3,3,phrase,何なにをすべきか,何なにをすべきか,熟語,3:824,1
Which bus should I take?,which bus should i take?,3,3,conversation,どのバスに乗のればいいですか。,どのバスに乗のればいいですか。,会話表現,3:291,1
whole,whole,3,3;pre2;2,word,全すべての,全すべての / 全部の，すべての,形容詞,3:692;pre2:1063;2:1905,3
Why don't we go swimming?,why don't we go swimming?,3,3,conversation,泳およぎに行いかない？,泳およぎに行いかない？,会話表現,3:121,1
Why don't you ask her?,why don't you ask her?,3,3,conversation,彼女かのじょに聞きいてみたら？,彼女かのじょに聞きいてみたら？,会話表現,3:110,1
Why don't you come with us?,why don't you come with us?,3,3,conversation,いっしょに来きたら？,いっしょに来きたら？,会話表現,3:135,1
wide,wide,3,3,word,幅はばの広ひろい,幅はばの広ひろい,形容詞,3:296,1
win,win,3,3,word,勝かつ,勝かつ,動詞,3:109,1
within,within,3,3;pre2;2,word,以内いないで,以内いないで / 以内で，内部で,前置詞,3:662;pre2:440;2:1414,3
without,without,3,3,word,～なしに,～なしに,前置詞,3:334,1
won,won,3,3,word,勝かった,勝かった,動詞,3:640,1
wonder,wonder,3,3;pre2,word,不思議ふしぎに思おもう,不思議ふしぎに思おもう / かなと思う,動詞,3:817;pre2:1160,2
worth,worth,3,3;pre2;2,word,の価値かちがある,の価値かちがある / の価値がある，（～するに）値する,形容詞,3:708;pre2:384;2:276,3
would like to ～,would like to ~,3,3,phrase,に～してほしい,に～してほしい,熟語,3:737,1
wrap,wrap,3,3;2;pre1,word,を包つつむ,を包つつむ / を包む，巻きつける,動詞,3:878;2:491;pre1:170,3
wrong,wrong,3,3;pre2;2,word,間違まちがった,間違まちがった / 間違い，誤った,形容詞,3:325;pre2:437;2:1866,3
yen,yen,3,3,word,円えん,円えん,名詞,3:1016,1
yet,yet,3,3,word,まだ，今いまのところは,まだ，今いまのところは / もう，すでに,副詞,3:973;3:1142,2
You did your best.,you did your best.,3,3,conversation,よくがんばったね。,よくがんばったね。,会話表現,3:493,1
You should get some rest.,you should get some rest.,3,3,conversation,少すこし休やすんだほうがいいよ。,少すこし休やすんだほうがいいよ。,会話表現,3:352,1
You'll be fine.,you'll be fine.,3,3,conversation,きっとうまくいくよ。,きっとうまくいくよ。,会話表現,3:504,1
a number of,a number of,pre2,pre2;2,phrase,たくさんの，多数の,たくさんの，多数の,熟語,pre2:1225;2:19,2
a variety of,a variety of,pre2,pre2;2,phrase,いろいろな，さまざまな,いろいろな，さまざまな,熟語,pre2:1261;2:121,2
abandon,abandon,pre2,pre2;2;pre1,word,を捨て去る，放棄する,を捨て去る，放棄する,動詞,pre2:796;2:655;pre1:3051,3
ability,ability,pre2,pre2;2,word,能力，力量,能力，力量,名詞,pre2:1106;2:84,2
absolutely,absolutely,pre2,pre2;2,word,絶対に，必ず,絶対に，必ず,副詞,pre2:739;2:1729,2
absorb,absorb,pre2,pre2;2;pre1,word,を吸収する，吸い取る,を吸収する，吸い取る,動詞,pre2:675;2:648;pre1:3143,3
academic,academic,pre2,pre2;2,word,学術の，大学の,学術の，大学の,形容詞,pre2:298;2:1381,2
accidentally,accidentally,pre2,pre2;2,word,誤って，知らずに,誤って，知らずに,副詞,pre2:1299;2:196,2
accompany,accompany,pre2,pre2;2;pre1,word,に付き添う，に同行する,に付き添う，に同行する,動詞,pre2:568;2:100;pre1:3102,3
accomplish,accomplish,pre2,pre2;2,word,を成し遂げる，完成する,を成し遂げる，完成する,動詞,pre2:202;2:468,2
according,according,pre2,pre2;2,word,による，準じて,による，準じて,前置詞;副詞,pre2:846;2:1023,2
account,account,pre2,pre2;2,word,銀行口座,銀行口座,名詞,pre2:1214;2:2001,2
accurate,accurate,pre2,pre2;2,word,正確な，的確な,正確な，的確な,形容詞,pre2:965;2:119,2
accuse,accuse,pre2,pre2;2;pre1,word,告発する，告発,告発する，告発,動詞,pre2:263;2:1909;pre1:420,3
achieve,achieve,pre2,pre2;2,word,を達成する，到達する,を達成する，到達する,動詞,pre2:161;2:147,2
achievement,achievement,pre2,pre2;2,word,達成，成就,達成，成就,名詞,pre2:992;2:1537,2
active,active,pre2,pre2;2,word,活動的な，活気のある,活動的な，活気のある,形容詞,pre2:1360;2:297,2
activist,activist,pre2,pre2;2,word,行動主義者，活動家,行動主義者，活動家,名詞,pre2:1000;2:1721,2
activity,activity,pre2,pre2,word,活動,活動,名詞,pre2:63,1
actual,actual,pre2,pre2;2,word,現実の，事実の,現実の，事実の,形容詞,pre2:1140;2:1560,2
adapt,adapt,pre2,pre2;2,word,に適合させる，調整する,に適合させる，調整する,動詞,pre2:533;2:1320,2
addition,addition,pre2,pre2;2,word,追加，付加,追加，付加,名詞,pre2:856;2:1187,2
additionally,additionally,pre2,pre2;2,word,加えて，さらに，追加で,加えて，さらに，追加で,副詞,pre2:1255;2:107,2
administration,administration,pre2,pre2;2,word,機関，運営,機関，運営,名詞,pre2:273;2:1832,2
admire,admire,pre2,pre2;2,word,を賞賛する，を賛美する,を賞賛する，を賛美する,動詞,pre2:1068;2:1314,2
admission,admission,pre2,pre2;2;pre1,word,入場，入場料,入場，入場料,名詞,pre2:717;2:894;pre1:3357,3
admit,admit,pre2,pre2;2,word,を認める，入ることを許す,を認める，入ることを許す,動詞,pre2:530;2:523,2
adopt,adopt,pre2,pre2;2,word,を自分のものにする，を取り入れる,を自分のものにする，を取り入れる,動詞,pre2:937;2:142,2
advantage,advantage,pre2,pre2;2,word,有利，利点,有利，利点,名詞,pre2:41;2:364,2
advertise,advertise,pre2,pre2;2,word,宣伝する，広告する,宣伝する，広告する,動詞,pre2:664;2:1291,2
advertising,advertising,pre2,pre2;2,word,広告，宣伝,広告，宣伝,名詞,pre2:853;2:1292,2
advocate,advocate,pre2,pre2;2;pre1,word,提唱する，主張する,提唱する，主張する,動詞,pre2:1038;2:1457;pre1:3128,3
affair,affair,pre2,pre2;2,word,事柄，問題,事柄，問題,名詞,pre2:658;2:1274,2
afford,afford,pre2,pre2;2,word,余裕がある，ゆとりがある,余裕がある，ゆとりがある,動詞,pre2:897;2:1182,2
after all,after all,pre2,pre2;2;pre1,phrase,結局，最終的に,結局，最終的に,熟語,pre2:134;2:367;pre1:366,3
agenda,agenda,pre2,pre2,word,議題,議題,名詞,pre2:1164,1
agent,agent,pre2,pre2;2,word,代理人，代表者,代理人，代表者,名詞,pre2:187;2:1410,2
agreement,agreement,pre2,pre2;2,word,同意，賛成,同意，賛成,名詞,pre2:825;2:1455,2
agriculture,agriculture,pre2,pre2;2,word,農業，耕作,農業，耕作,名詞,pre2:731;2:1744,2
aid,aid,pre2,pre2;2;pre1,word,援助/助ける,援助/助ける,名詞;名詞/動詞,pre2:815;2:729;pre1:3366,3
aim,aim,pre2,pre2;2,word,ねらいをつける，狙う,ねらいをつける，狙う,動詞,pre2:998;2:1900,2
aircraft,aircraft,pre2,pre2;2,word,航空機，飛行機,航空機，飛行機,名詞,pre2:1171;2:1781,2
alike,alike,pre2,pre2;2,word,よく似た，類似の,よく似た，類似の,形容詞,pre2:924;2:1952,2
all the way,all the way,pre2,pre2;2,phrase,はるばる，わざわざ,はるばる，わざわざ,熟語,pre2:1386;2:343,2
alliance,alliance,pre2,pre2;2;pre1,word,同盟，協定,同盟，協定,名詞,pre2:740;2:1918;pre1:3202,3
allow,allow,pre2,pre2;2,word,を許可する，許す,を許可する，許す,動詞,pre2:170;2:85,2
ally,ally,pre2,pre2;2;pre1,word,と同盟する，連合する,と同盟する，連合する / と同盟する，手を結ぶ,動詞,pre2:544;2:1095;pre1:459,3
alter,alter,pre2,pre2;2,word,を変える，を改変する,を変える，を改変する,動詞,pre2:762;2:1877,2
alternative,alternative,pre2,pre2;2,word,代替物，代案,代替物，代案,名詞,pre2:878;2:694,2
amendment,amendment,pre2,pre2;2,word,修正，改訂,修正，改訂,名詞,pre2:1219;2:1403,2
analysis,analysis,pre2,pre2;2,word,分析，解析,分析，解析,名詞,pre2:406;2:1855,2
analyst,analyst,pre2,pre2,word,分析者,分析者,名詞,pre2:414,1
analyze,analyze,pre2,pre2;2,word,を分析する，分解する,を分析する，分解する,動詞,pre2:1260;2:120,2
ancestor,ancestor,pre2,pre2;2;pre1,word,祖先，先祖,祖先，先祖,名詞,pre2:179;2:742;2:2164;pre1:3298,4
ancient,ancient,pre2,pre2;2,word,古代の，大昔の,古代の，大昔の,形容詞,pre2:168;2:458,2
ankle,ankle,pre2,pre2;2;pre1,word,足首，くるぶし,足首，くるぶし,名詞,pre2:1358;2:294;pre1:144,3
anniversary,anniversary,pre2,pre2;2,word,～周年，記念日,～周年，記念日,名詞,pre2:1173;2:329,2
annoy,annoy,pre2,pre2;2;pre1,word,いらだたせる，怒らせる,いらだたせる，怒らせる,動詞,pre2:329;2:1028;pre1:3003,3
annually,annually,pre2,pre2;2,word,毎年の，年一回ずつ,毎年の，年一回ずつ,副詞,pre2:1285;2:156,2
answer for,answer for,pre2,pre2;2,phrase,責任を負う，引き受ける,責任を負う，引き受ける,熟語,pre2:1346;2:273,2
anxiety,anxiety,pre2,pre2;2,word,心配，不安,心配，不安,名詞,pre2:789;2:108,2
anxious,anxious,pre2,pre2;2,word,心配した，不安な,心配した，不安な,形容詞,pre2:460;2:457,2
apart,apart,pre2,pre2;2,word,離れて，遠くに,離れて，遠くに,副詞,pre2:1188;2:1668,2
apologize,apologize,pre2,pre2;2;pre1,word,謝る，謝罪する,謝る，謝罪する,動詞,pre2:132;2:2134;pre1:284,3
apology,apology,pre2,pre2;2;pre1,word,謝罪，お詫び,謝罪，お詫び,名詞,pre2:1329;2:251;pre1:228,3
apparently,apparently,pre2,pre2;2,word,見たらわかる、一見すると,見たらわかる、一見すると,副詞,pre2:155;2:1298,2
appeal,appeal,pre2,pre2;2,word,訴える，告発する，告訴する,訴える，告発する，告訴する,動詞,pre2:1009;2:714,2
appeal to,appeal to,pre2,pre2,phrase,に訴える,に訴える,熟語,pre2:120,1
appear,appear,pre2,pre2;2,word,現れる，出現する,現れる，出現する,動詞,pre2:467;2:690,2
appearance,appearance,pre2,pre2;2,word,出現，外見,出現，外見,名詞,pre2:865;2:737,2
apply to,apply to,pre2,pre2;2,phrase,に適用する，に応用する,に適用する，に応用する,熟語,pre2:1297;2:194,2
appoint,appoint,pre2,pre2;2;pre1,word,任命する，指定する,任命する，指定する,動詞,pre2:1095;2:1271;pre1:3111,3
appointment,appointment,pre2,pre2;2,word,予定，約束,予定，約束,名詞,pre2:1301;2:198,2
appreciate,appreciate,pre2,pre2;2,word,感謝する，ありがたがる,感謝する，ありがたがる,動詞,pre2:1193;2:1031,2
approach,approach,pre2,pre2;2,word,に近づく，接近する,に近づく，接近する,動詞,pre2:270;2:125,2
appropriate,appropriate,pre2,pre2;2;pre1,word,適当な,適当な / 適当な，充当する,形容詞,pre2:700;2:2181;pre1:3277,3
approval,approval,pre2,pre2;2,word,承認，認可,承認，認可,名詞,pre2:666;2:1719,2
architect,architect,pre2,pre2;2;pre1,word,建築家,建築家,名詞,pre2:821;2:2043;pre1:866,3
argue,argue,pre2,pre2;2,word,だと主張する，感情的に論じる,だと主張する，感情的に論じる,動詞,pre2:644;2:35,2
argument,argument,pre2,pre2;2,word,議論，口論,議論，口論,名詞,pre2:178;2:854,2
arise,arise,pre2,pre2;2,word,起こる，現れる,起こる，現れる,動詞,pre2:1161;2:1567,2
armed,armed,pre2,pre2;2,word,武装した，装備した,武装した，装備した,形容詞,pre2:482;2:1229,2
arms,arms,pre2,pre2;2,word,武器，兵器,武器，兵器,名詞,pre2:952;2:1142,2
arrange,arrange,pre2,pre2;2,word,整える，を配置する,整える，を配置する,動詞,pre2:1310;2:221,2
arrangement,arrangement,pre2,pre2;2,word,配置，配列,配置，配列,名詞,pre2:1462;2:451,2
arrival,arrival,pre2,pre2;2,word,到着，到達,到着，到達,名詞,pre2:159;2:1101,2
arrogant,arrogant,pre2,pre2;2;pre1,word,傲慢な，横柄な,傲慢な，横柄な,形容詞,pre2:1430;2:408;pre1:1658,3
article,article,pre2,pre2;2,word,記事，論文,記事，論文,名詞,pre2:171;2:740,2
artificial,artificial,pre2,pre2;2,word,人工的な，人造の,人工的な，人造の,形容詞,pre2:1269;2:131,2
as a result,as a result,pre2,pre2;2,phrase,結果として，その結果,結果として，その結果,接続詞,pre2:1;2:1,2
as to,as to,pre2,pre2;2,phrase,に関して，について,に関して，について,接続詞,pre2:1370;2:317,2
asleep,asleep,pre2,pre2;2,word,眠っている，寝ている,眠っている，寝ている,形容詞,pre2:95;2:1726,2
aspect,aspect,pre2,pre2;2,word,局面，側面，表情,局面，側面，表情,名詞,pre2:618;2:454,2
assault,assault,pre2,pre2;2;pre1,word,暴行，攻撃,暴行，攻撃,名詞,pre2:370;2:1199;pre1:2157,3
assessment,assessment,pre2,pre2;2,word,評価，査定,評価，査定,名詞,pre2:337;2:1997,2
asset,asset,pre2,pre2;2;pre1,word,資産，財産,資産，財産,名詞,pre2:349;2:1491;pre1:3041,3
assignment,assignment,pre2,pre2;2;pre1,word,割り当て，配分,割り当て，配分,名詞,pre2:1307;2:215;pre1:869,3
assistance,assistance,pre2,pre2;2,word,支援，手伝い,支援，手伝い,名詞,pre2:724;2:415,2
associate,associate,pre2,pre2;2;pre1,word,結びつけて考える，賛同する,結びつけて考える，賛同する,動詞,pre2:997;2:1237;pre1:3274,3
association,association,pre2,pre2;2,word,協会，連合,協会，連合,名詞,pre2:524;2:1252,2
assumption,assumption,pre2,pre2;2;pre1,word,想定，仮説,想定，仮説,名詞,pre2:812;2:1690;pre1:3161,3
astronaut,astronaut,pre2,pre2;pre1,word,宇宙飛行士,宇宙飛行士,名詞,pre2:830;pre1:1052,2
at a time,at a time,pre2,pre2;2,phrase,１度に，同時に,１度に，同時に,熟語,pre2:1407;2:371,2
at any cost,at any cost,pre2,pre2;2,phrase,どんな犠牲を払っても，何がなんでも,どんな犠牲を払っても，何がなんでも,熟語,pre2:1343;2:270,2
at one time,at one time,pre2,pre2;2,phrase,一度に，同時に,一度に，同時に,熟語,pre2:1385;2:342,2
at present,at present,pre2,pre2;2,phrase,現在は，今は,現在は，今は,熟語,pre2:1366;2:309,2
at the same time,at the same time,pre2,pre2;2,phrase,同時に，一斉に,同時に，一斉に,熟語,pre2:1257;2:116,2
atmosphere,atmosphere,pre2,pre2;2,word,雰囲気，気候,雰囲気，気候,名詞,pre2:1099;2:1255,2
attach,attach,pre2,pre2;2;pre1,word,を貼り付ける，を貼る,を貼り付ける，を貼る,動詞,pre2:772;2:200;pre1:3320,3
attempt,attempt,pre2,pre2;2,word,試み，試練,試み，試練,名詞,pre2:536;2:1924,2
attitude,attitude,pre2,pre2;2,word,態度，姿勢,態度，姿勢,名詞,pre2:162;2:235,2
attorney,attorney,pre2,pre2;2,word,弁護士，代理人,弁護士，代理人,名詞,pre2:708;2:1097,2
attract,attract,pre2,pre2;2,word,引きつける，魅了する,引きつける，魅了する,動詞,pre2:91;2:1614,2
attractive,attractive,pre2,pre2;2,word,魅力的な，興味をそそる,魅力的な，興味をそそる,形容詞,pre2:608;2:30,2
attribute,attribute,pre2,pre2;2;pre1,word,に帰する,に帰する,動詞,pre2:257;2:2081;pre1:3150,3
author,author,pre2,pre2;2,word,著者，作者,著者，作者,名詞,pre2:983;2:1358,2
authority,authority,pre2,pre2;2,word,権威，権力,権威，権力,名詞,pre2:603;2:1318,2
automobile,automobile,pre2,pre2;2,word,自動車，乗用車,自動車，乗用車,名詞,pre2:283;2:1752,2
available,available,pre2,pre2;2,word,利用できる，使用可能な,利用できる，使用可能な,形容詞,pre2:3;2:190,2
avoid,avoid,pre2,pre2;2,word,を避ける，を回避する,を避ける，を回避する,動詞,pre2:1124;2:144,2
aware,aware,pre2,pre2;2,word,気づいている，知っている,気づいている，知っている,形容詞,pre2:577;2:1423,2
awareness,awareness,pre2,pre2;2,word,気づき，認識,気づき，認識,名詞,pre2:955;2:1062,2
awful,awful,pre2,pre2;2,word,ひどい，恐ろしい,ひどい，恐ろしい,形容詞,pre2:560;2:1226,2
bank account,bank account,pre2,pre2;2;1,phrase,銀行口座，貯金口座,銀行口座，貯金口座 / 銀行口座，銀行での預金や取引のアカウント，銀行預金口座，口座,熟語,pre2:1295;2:186;1:1741,3
bare,bare,pre2,pre2;2,word,裸の，露出の,裸の，露出の,形容詞,pre2:1012;2:1528,2
barely,barely,pre2,pre2;2;pre1,word,かろうじて，やっと,かろうじて，やっと,副詞,pre2:1320;2:241;pre1:3182,3
basis,basis,pre2,pre2;2,word,土台，根拠,土台，根拠,名詞,pre2:1119;2:1512,2
battery,battery,pre2,pre2;2,word,電池，蓄電池,電池，蓄電池,名詞,pre2:1015;2:1193,2
be adjusted to,be adjusted to,pre2,pre2;2,phrase,に調整する，調節する,に調整する，調節する,熟語,pre2:1396;2:357,2
be affected by,be affected by,pre2,pre2;2,phrase,の影響を受ける，影響される,の影響を受ける，影響される,熟語,pre2:1351;2:281,2
be awake,be awake,pre2,pre2;2,phrase,目を覚ましている，覚醒している,目を覚ましている，覚醒している,熟語,pre2:1391;2:349,2
be beneficial to,be beneficial to,pre2,pre2;2,phrase,に有益である，役立つ,に有益である，役立つ,熟語,pre2:1399;2:360,2
be born with,be born with,pre2,pre2;2,phrase,生まれつき，生来の,生まれつき，生来の,熟語,pre2:1273;2:136,2
be filled with,be filled with,pre2,pre2;2,phrase,で満たされている，充実している,で満たされている，充実している,熟語,pre2:105;2:430,2
be popular with,be popular with,pre2,pre2,phrase,に人気がある,に人気がある,熟語,pre2:135,1
be unlikely to,be unlikely to,pre2,pre2,phrase,起こりそうにない,起こりそうにない,熟語,pre2:137,1
behave,behave,pre2,pre2;2,word,振る舞う，立ち振舞う,振る舞う，立ち振舞う,動詞,pre2:83;2:217,2
belief,belief,pre2,pre2;2,word,信念，信条,信念，信条,名詞,pre2:166;2:1216,2
bend,bend,pre2,pre2;2,word,曲げる,曲げる / 曲げる，湾曲させる,動詞,pre2:911;2:744,2
benefit,benefit,pre2,pre2;2,word,利益/に利益をもたらす,利益/に利益をもたらす,名詞;名詞/動詞,pre2:928;2:21,2
bet,bet,pre2,pre2;2,word,賭ける，博打をする,賭ける，博打をする,動詞,pre2:1039;2:1311,2
betray,betray,pre2,pre2;2;pre1,word,を裏切る，をだます,を裏切る，をだます,動詞,pre2:1243;2:78;pre1:357,3
bill,bill,pre2,pre2;2,word,請求書，勘定書,請求書，勘定書,名詞,pre2:373;2:1082,2
bind,bind,pre2,pre2;2,word,縛りつける，束ねる,縛りつける，束ねる,動詞,pre2:319;2:1189,2
biological,biological,pre2,pre2;2,word,生物学上の，生物的な,生物学上の，生物的な,形容詞,pre2:650;2:1282,2
bishop,bishop,pre2,pre2;2;pre1,word,司教，教会の指導者,司教，教会の指導者,名詞,pre2:719;2:1241;pre1:2031,3
bite,bite,pre2,pre2;2,word,を噛む，かじる,を噛む，かじる,動詞,pre2:152;2:1606,2
bitter,bitter,pre2,pre2;2,word,苦い，えぐい,苦い，えぐい,形容詞,pre2:634;2:1005,2
blame,blame,pre2,pre2;2;pre1,word,を非難する，批判する,を非難する，批判する,動詞,pre2:1377;2:328;pre1:181,3
block,block,pre2,pre2;2,word,を妨げる，を阻害する,を妨げる，を阻害する,動詞,pre2:943;2:1177,2
bloody,bloody,pre2,pre2;2,word,血の，血液の,血の，血液の,形容詞,pre2:1187;2:1175,2
bond,bond,pre2,pre2;2;pre1,word,拘束，束縛,拘束，束縛,名詞,pre2:493;2:1317;pre1:616,3
bored,bored,pre2,pre2;2,word,退屈した，つまらない,退屈した，つまらない,形容詞,pre2:539;2:1036,2
boundary,boundary,pre2,pre2;2,word,境界，限界,境界，限界,名詞,pre2:936;2:1299,2
bravely,bravely,pre2,pre2;2,word,勇気をもって,勇気をもって / 勇敢に，りっぱに,副詞,pre2:693;2:670,2
break into,break into,pre2,pre2;2,phrase,に押し入る，侵入する,に押し入る，侵入する,熟語,pre2:1389;2:347,2
breast,breast,pre2,pre2;2,word,胸部，胸,胸部，胸,名詞,pre2:1139;2:1897,2
breath,breath,pre2,pre2;2,word,息，呼吸,息，呼吸,名詞,pre2:851;2:626,2
breathe,breathe,pre2,pre2,word,呼吸をする,呼吸をする,動詞,pre2:92,1
brick,brick,pre2,pre2;2,word,れんが，れんが状のもの,れんが，れんが状のもの,名詞,pre2:940;2:1511,2
brief,brief,pre2,pre2;2,word,短い，短時間の,短い，短時間の,形容詞,pre2:1024;2:1759,2
briefly,briefly,pre2,pre2;2;pre1,word,簡単に，手短に,簡単に，手短に,副詞,pre2:264;2:1431;pre1:3095,3
brightness,brightness,pre2,pre2;2,word,輝度，明るさ,輝度，明るさ,名詞,pre2:1392;2:352,2
brilliant,brilliant,pre2,pre2;2,word,優れた，光り輝く,優れた，光り輝く,形容詞,pre2:1289;2:170,2
broad,broad,pre2,pre2;2,word,広い，拡大する,広い，拡大する,形容詞,pre2:989;2:1515,2
broadcast,broadcast,pre2,pre2;2,word,放送する,放送する / 放送する，発信する,動詞,pre2:921;2:1200,2
bullet,bullet,pre2,pre2,word,弾丸,弾丸,名詞,pre2:1135,1
by chance,by chance,pre2,pre2;2,phrase,偶然に，たまたま,偶然に，たまたま,熟語,pre2:1239;2:69,2
by the time,by the time,pre2,pre2,phrase,するまでには,するまでには,接続詞,pre2:101,1
calculate,calculate,pre2,pre2;2,word,計算する，算出する,計算する，算出する,動詞,pre2:1080;2:1542,2
call it a day,call it a day,pre2,pre2;2;1,phrase,終了する，仕事を切り上げる,終了する，仕事を切り上げる / 終わる，終了する,熟語,pre2:1390;2:348;1:2265,3
call off,call off,pre2,pre2;2;pre1,phrase,を中止する,を中止する,熟語,pre2:124;2:2193;pre1:3031,3
capable,capable,pre2,pre2;2,word,可能性がある，才能のある,可能性がある，才能のある,形容詞,pre2:637;2:1601,2
capable of,capable of,pre2,pre2;2,phrase,ができる，可能で,ができる，可能で,熟語,pre2:1309;2:220,2
carbon,carbon,pre2,pre2;2,word,炭素，炭素素子,炭素，炭素素子,名詞,pre2:930;2:1483,2
cast,cast,pre2,pre2;2,word,投げる，放る,投げる，放る,動詞,pre2:1189;2:1643,2
catch up with,catch up with,pre2,pre2;2,phrase,に追いつく，付いていく,に追いつく，付いていく,熟語,pre2:138;2:916,2
cause,cause,pre2,pre2;2,word,原因/の原因となる,原因/の原因となる,名詞;動詞,pre2:1043;2:301,2
ceiling,ceiling,pre2,pre2;2,word,天井，屋根,天井，屋根,名詞,pre2:515;2:632,2
celebration,celebration,pre2,pre2;2,word,お祝い，祝典,お祝い，祝典,名詞,pre2:1325;2:246,2
cell,cell,pre2,pre2;2,word,細胞，マス目,細胞，マス目,名詞,pre2:1283;2:153,2
chairman,chairman,pre2,pre2,word,会長,会長,名詞,pre2:508,1
chamber,chamber,pre2,pre2;2,word,小部屋，個室,小部屋，個室,名詞,pre2:743;2:989,2
chapter,chapter,pre2,pre2;2,word,章，区切り,章，区切り,名詞,pre2:867;2:1549,2
characteristic,characteristic,pre2,pre2;2,word,特有の，独特の,特有の，独特の,形容詞,pre2:1040;2:315,2
chase,chase,pre2,pre2;2,word,を追跡する，追いかける/追跡,を追跡する，追いかける/追跡,動詞,pre2:1383;2:340,2
check for,check for,pre2,pre2;2,phrase,を調べる，確認する,を調べる，確認する,熟語,pre2:1403;2:366,2
chest,chest,pre2,pre2;2,word,たんす，チェスト,たんす，チェスト,名詞,pre2:602;2:1605,2
chew,chew,pre2,pre2;pre1,word,嚙む,嚙む / を噛む,動詞,pre2:966;pre1:413,2
childhood,childhood,pre2,pre2;2,word,子供時代，幼少期,子供時代，幼少期,名詞,pre2:200;2:444,2
circumstance,circumstance,pre2,pre2;2,word,状況，環境,状況，環境,名詞,pre2:710;2:1148,2
citizen,citizen,pre2,pre2;2,word,市民，国民,市民，国民,名詞,pre2:351;2:1191,2
civilian,civilian,pre2,pre2;2,word,民間人，一般市民,民間人，一般市民,名詞,pre2:920;2:1029,2
civilization,civilization,pre2,pre2;2,word,文明，文明社会,文明，文明社会,名詞,pre2:814;2:318,2
civilized,civilized,pre2,pre2;2,word,発達した文明をもつ，教養の高い,発達した文明をもつ，教養の高い,形容詞,pre2:541;2:1426,2
claim to do,claim to do,pre2,pre2;2,phrase,することを主張する,することを主張する,熟語,pre2:1414;2:382,2
clerk,clerk,pre2,pre2;2,word,事務員，社員,事務員，社員,名詞,pre2:915;2:1257,2
client,client,pre2,pre2,word,顧客,顧客,名詞,pre2:252,1
closely,closely,pre2,pre2;2,word,綿密に，詳細に,綿密に，詳細に,副詞,pre2:1211;2:1955,2
clothing,clothing,pre2,pre2;2,word,衣料品，服,衣料品，服,名詞,pre2:16;2:1676,2
clue,clue,pre2,pre2;2,word,手がかり，糸口,手がかり，糸口,名詞,pre2:416;2:1099,2
coalition,coalition,pre2,pre2;2;pre1,word,連立，連合,連立，連合,名詞,pre2:759;2:1874;pre1:2026,3
coast,coast,pre2,pre2;2,word,海岸，沿岸地域,海岸，沿岸地域,名詞,pre2:822;2:1465,2
collaboration,collaboration,pre2,pre2;2;pre1,word,共同，共作，協力,共同，共作，協力,名詞,pre2:1473;2:472;pre1:2385,3
collapse,collapse,pre2,pre2;2;pre1,word,崩壊する，つぶれる,崩壊する，つぶれる,動詞,pre2:1371;2:320;pre1:3257,3
combat,combat,pre2,pre2;2;pre1,word,戦闘，闘争,戦闘，闘争,名詞,pre2:542;2:1350;pre1:3181,3
combine,combine,pre2,pre2;2,word,を結合させる，合同する,を結合させる，合同する,動詞,pre2:203;2:841,2
come up with,come up with,pre2,pre2;2;1,phrase,を思いつく，を考え出す,を思いつく，を考え出す,熟語,pre2:26;2:393;2:2109;1:3795,4
comedy,comedy,pre2,pre2;2,word,喜劇，茶番,喜劇，茶番,名詞,pre2:738;2:1920,2
comfort,comfort,pre2,pre2;2,word,快適さ/慰める,快適さ/慰める,名詞,pre2:798;2:1197,2
commander,commander,pre2,pre2;2,word,司令官，指揮官,司令官，指揮官,名詞,pre2:1120;2:1889,2
commercial,commercial,pre2,pre2;2,word,商業の，商取引の,商業の，商取引の,形容詞,pre2:669;2:1507,2
commission,commission,pre2,pre2;2;pre1,word,手数料，委任状,手数料，委任状,名詞,pre2:420;2:1925;pre1:3096,3
commitment,commitment,pre2,pre2;2,word,約束，委託,約束，委託,名詞,pre2:1044;2:1003,2
community,community,pre2,pre2;2,word,共同社会，共同体,共同社会，共同体,名詞,pre2:233;2:1209,2
compare,compare,pre2,pre2;2,word,を比較する，をたとえる,を比較する，をたとえる,動詞,pre2:1233;2:52,2
compete,compete,pre2,pre2;2,word,競争する，争う,競争する，争う,動詞,pre2:369;2:1049,2
competition,competition,pre2,pre2,word,競争,競争,名詞,pre2:316,1
competitive,competitive,pre2,pre2;2,word,競争力のある，競争による,競争力のある，競争による,形容詞,pre2:366;2:1675,2
competitor,competitor,pre2,pre2;2;pre1,word,競合他社，競争相手,競合他社，競争相手,名詞,pre2:1443;2:427;pre1:305,3
complete,complete,pre2,pre2;2,word,完全な，全部の,完全な，全部の,形容詞,pre2:546;2:155,2
completely,completely,pre2,pre2;2,word,完全に，全く,完全に，全く,副詞,pre2:1076;2:646,2
complex,complex,pre2,pre2;2,word,複雑な，複合の,複雑な，複合の,形容詞,pre2:326;2:705,2
complicated,complicated,pre2,pre2;2;pre1,word,複雑な，繁雑な,複雑な，繁雑な,形容詞,pre2:547;2:74;pre1:224,3
component,component,pre2,pre2;pre1,word,成分,成分,名詞,pre2:629;pre1:3264,2
compose,compose,pre2,pre2;2;pre1,word,を構成する，作曲する,を構成する，作曲する,動詞,pre2:596;2:379;pre1:3026,3
composer,composer,pre2,pre2;2;pre1,word,作曲，楽曲制作,作曲，楽曲制作,名詞,pre2:1315;2:228;pre1:426,3
compound,compound,pre2,pre2;2,word,調合する，調合品を作る,調合する，調合品を作る,動詞,pre2:953;2:1688,2
comprehensive,comprehensive,pre2,pre2;2,word,包括的な，理解力のある,包括的な，理解力のある,形容詞,pre2:472;2:1536,2
compromise,compromise,pre2,pre2;2,word,妥協，和解,妥協，和解,名詞,pre2:788;2:257,2
concentrate,concentrate,pre2,pre2;2,word,に集中する,に集中する / 集中する,動詞,pre2:917;2:2135,2
concentrate on,concentrate on,pre2,pre2;2,phrase,に集中する，専念する,に集中する，専念する,熟語,pre2:1447;2:433,2
concentration,concentration,pre2,pre2;2,word,集中，専念,集中，専念,名詞,pre2:591;2:922,2
concept,concept,pre2,pre2;2,word,概念，観念,概念，観念,名詞,pre2:255;2:248,2
concern,concern,pre2,pre2;2,word,心配する，に関係する,心配する，に関係する,動詞,pre2:300;2:1389,2
conclude,conclude,pre2,pre2;2,word,を締めくくる，終える,を締めくくる，終える,動詞,pre2:499;2:763,2
conclusion,conclusion,pre2,pre2;2,word,結論，最終的な判断,結論，最終的な判断,名詞,pre2:876;2:1279,2
concrete,concrete,pre2,pre2;2,word,具体的な，明確な,具体的な，明確な,形容詞,pre2:639;2:1599,2
conduct,conduct,pre2,pre2;2,word,行為，行動,行為，行動,名詞,pre2:986;2:1436,2
conference,conference,pre2,pre2;2,word,会議，対話,会議，対話,名詞,pre2:1097;2:1592,2
confidence,confidence,pre2,pre2;2,word,自信，信頼,自信，信頼,名詞,pre2:749;2:1695,2
confident,confident,pre2,pre2;2,word,自信のある，確信している,自信のある，確信している,形容詞,pre2:599;2:288,2
conflict,conflict,pre2,pre2;2;pre1,word,対立，争い,対立，争い,名詞,pre2:407;2:416;pre1:3385,3
confuse,confuse,pre2,pre2;2,word,を混乱させる，区別がつかない,を混乱させる，区別がつかない,動詞,pre2:93;2:209,2
congress,congress,pre2,pre2;2,word,会議，集会,会議，集会,名詞,pre2:898;2:1812,2
conscious,conscious,pre2,pre2;2,word,意識して，気をつけて,意識して，気をつけて,形容詞,pre2:394;2:1038,2
consequence,consequence,pre2,pre2;2,word,結果，影響,結果，影響,名詞,pre2:645;2:1517,2
consider,consider,pre2,pre2;2,word,について考える，だと見なす,について考える，だと見なす,動詞,pre2:976;2:81,2
considerable,considerable,pre2,pre2;2,word,かなりの，相当な,かなりの，相当な,形容詞,pre2:984;2:1309,2
consideration,consideration,pre2,pre2;2,word,考慮，考察,考慮，考察,名詞,pre2:399;2:1792,2
consist,consist,pre2,pre2;2,word,成り立つ，構成する,成り立つ，構成する,動詞,pre2:192;2:1533,2
consistent,consistent,pre2,pre2;2,word,一貫した，矛盾のない,一貫した，矛盾のない,形容詞,pre2:496;2:1165,2
constant,constant,pre2,pre2;2,word,絶え間ない，一定の,絶え間ない，一定の,形容詞,pre2:688;2:188,2
constantly,constantly,pre2,pre2;2,word,常に，いつも,常に，いつも,副詞,pre2:451;2:1884,2
construct,construct,pre2,pre2;2,word,を組み立てる，建設する,を組み立てる，建設する,動詞,pre2:723;2:749,2
construction,construction,pre2,pre2;2,word,建設，構造，建造物,建設，構造，建造物,名詞,pre2:1246;2:87,2
consume,consume,pre2,pre2;2;pre1,word,を消費する，消耗する,を消費する，消耗する,動詞,pre2:1237;2:64;pre1:796,3
consumption,consumption,pre2,pre2;2,word,消費，消費高,消費，消費高,名詞,pre2:718;2:802,2
contain,contain,pre2,pre2;2,word,を含む，が入っている,を含む，が入っている,動詞,pre2:172;2:42,2
contemporary,contemporary,pre2,pre2;2;pre1,word,現在の，現代の,現在の，現代の,形容詞,pre2:557;2:1119;pre1:3253,3
content,content,pre2,pre2;2,word,中身，内容，目次,中身，内容，目次,名詞,pre2:891;2:455,2
context,context,pre2,pre2;2,word,文脈，背景,文脈，背景,名詞,pre2:810;2:1932,2
continent,continent,pre2,pre2;2,word,大陸，陸地,大陸，陸地,名詞,pre2:951;2:512,2
contrary,contrary,pre2,pre2;2,word,反対の，逆の,反対の，逆の,形容詞,pre2:1196;2:1684,2
contrast,contrast,pre2,pre2;2,word,対照，比較,対照，比較,名詞,pre2:672;2:1756,2
contribute,contribute,pre2,pre2;2,word,に寄付する，捧げる,に寄付する，捧げる,動詞,pre2:870;2:1881,2
contribution,contribution,pre2,pre2;2,word,寄付，貢献,寄付，貢献,名詞,pre2:1055;2:826,2
controversial,controversial,pre2,pre2;2,word,議論の的になる，論争上の,議論の的になる，論争上の,形容詞,pre2:417;2:1042,2
conventional,conventional,pre2,pre2;2;pre1,word,従来の，伝統的な,従来の，伝統的な,形容詞,pre2:968;2:967;pre1:3021,3
conversation,conversation,pre2,pre2;2,word,会話，対話,会話，対話,名詞,pre2:711;2:913,2
convert,convert,pre2,pre2;2,word,を変える，転換する,を変える，転換する,動詞,pre2:1247;2:91,2
convey,convey,pre2,pre2;2;pre1,word,伝える，運ぶ,伝える，運ぶ,動詞,pre2:706;2:1596;pre1:3209,3
conviction,conviction,pre2,pre2;2;pre1,word,信念，確信,信念，確信,名詞,pre2:371;2:1409;pre1:3387,3
convince,convince,pre2,pre2;2,word,を納得させる，説得する,を納得させる，説得する,動詞,pre2:485;2:947,2
cooperation,cooperation,pre2,pre2;2,word,協力，共同作業,協力，共同作業,名詞,pre2:758;2:1075,2
cope,cope,pre2,pre2;2,word,対処する，処理する,対処する，処理する,動詞,pre2:874;2:1911,2
copyright,copyright,pre2,pre2;2,word,著作権，版権,著作権，版権,名詞,pre2:1410;2:374,2
correspondent,correspondent,pre2,pre2,word,特派員,特派員,名詞,pre2:770,1
corridor,corridor,pre2,pre2;2;pre1,word,廊下，通路,廊下，通路,名詞,pre2:910;2:1032;pre1:3382,3
council,council,pre2,pre2;2,word,議会，会議,議会，会議,名詞,pre2:960;2:395,2
county,county,pre2,pre2;2,word,州，郡,州，郡,名詞,pre2:826;2:1503,2
court,court,pre2,pre2;2,word,裁判所，法廷,裁判所，法廷,名詞,pre2:341;2:1854,2
crack,crack,pre2,pre2;2,word,裂け目，ひび,裂け目，ひび,名詞,pre2:1194;2:1011,2
craft,craft,pre2,pre2;2,word,工芸，技能,工芸，技能,名詞,pre2:713;2:1030,2
creation,creation,pre2,pre2;2,word,創造，創作,創造，創作,名詞,pre2:941;2:1123,2
creature,creature,pre2,pre2;2,word,生き物，生物,生き物，生物,名詞,pre2:604;2:229,2
credit,credit,pre2,pre2;2,word,信用，信頼,信用，信頼,名詞,pre2:292;2:797,2
crime,crime,pre2,pre2;2,word,犯罪，罪行,犯罪，罪行,名詞,pre2:1201;2:793,2
criminal,criminal,pre2,pre2;2,word,犯罪の，違法の,犯罪の，違法の,名詞;形容詞,pre2:486;2:1564,2
crisis,crisis,pre2,pre2;2,word,危機，困難,危機，困難,名詞,pre2:797;2:1863,2
critical,critical,pre2,pre2;2,word,極めて重要な，非常に大事な,極めて重要な，非常に大事な,形容詞,pre2:531;2:1862,2
criticism,criticism,pre2,pre2;2,word,批判，評価,批判，評価,名詞,pre2:466;2:1450,2
criticize,criticize,pre2,pre2;2,word,を批評する，を評価する,を批評する，を評価する,動詞,pre2:193;2:1248,2
crop,crop,pre2,pre2;2,word,収穫物，作物,収穫物，作物,名詞,pre2:1083;2:1627,2
crucial,crucial,pre2,pre2;2,word,重要な，決定的な,重要な，決定的な,形容詞,pre2:225;2:1052,2
cruel,cruel,pre2,pre2;2;pre1,word,残酷な，ひどい,残酷な，ひどい,形容詞,pre2:1324;2:245;pre1:41,3
curiosity,curiosity,pre2,pre2;2,word,好奇心，探究心,好奇心，探究心,名詞,pre2:1089;2:938,2
currency,currency,pre2,pre2;2;pre1,word,通貨，流通,通貨，流通,名詞,pre2:1251;2:98;pre1:718,3
current,current,pre2,pre2;2,word,現在の，現行の,現在の，現行の,形容詞,pre2:513;2:619,2
cut down on,cut down on,pre2,pre2;2;1,phrase,を切り詰める，節約する,を切り詰める，節約する / 削減する，減らす,熟語,pre2:1425;2:401;1:4121,3
deadline,deadline,pre2,pre2;2;pre1,word,締め切り，期限,締め切り，期限,名詞,pre2:1466;2:462;pre1:743,3
deal,deal,pre2,pre2;2,word,を扱う，分配する,を扱う，分配する,動詞,pre2:239;2:831,2
dealer,dealer,pre2,pre2;2,word,販売業者，売り手,販売業者，売り手,名詞,pre2:732;2:1703,2
debt,debt,pre2,pre2;2;pre1,word,借金，負債,借金，負債,名詞,pre2:293;2:925;pre1:48,3
decade,decade,pre2,pre2;2,word,10年間,10年間,名詞,pre2:481;2:205,2
deceive,deceive,pre2,pre2;2;pre1,word,を欺く，をだます,を欺く，をだます,動詞,pre2:1330;2:252;pre1:418,3
declare,declare,pre2,pre2;2,word,を宣言する，公表する,を宣言する，公表する,動詞,pre2:630;2:948,2
decline,decline,pre2,pre2;2,word,断る，拒否する,断る，拒否する,動詞,pre2:859;2:1635,2
decrease,decrease,pre2,pre2;2,word,減少する，を減らす/減少,減少する，を減らす/減少,動詞,pre2:84;2:178,2
defeat,defeat,pre2,pre2;2,word,負かす，打ち破る,負かす，打ち破る,動詞,pre2:793;2:1689,2
defendant,defendant,pre2,pre2;2,word,被告人，告発される人,被告人，告発される人,名詞,pre2:627;2:1170,2
deficit,deficit,pre2,pre2;2,word,赤字，欠損,赤字，欠損,名詞,pre2:999;2:1000,2
definition,definition,pre2,pre2;2;pre1,word,定義，明確な説明,定義，明確な説明,名詞,pre2:703;2:984;pre1:3234,3
degree,degree,pre2,pre2;2,word,程度，度,程度，度,名詞,pre2:160;2:299,2
delay,delay,pre2,pre2;2,word,を遅らせる，先延ばしにする,を遅らせる，先延ばしにする,動詞,pre2:1379;2:331,2
delete,delete,pre2,pre2;2,word,を削除する，消す,を削除する，消す,動詞,pre2:1321;2:242,2
delight,delight,pre2,pre2;2,word,喜び，歓喜,喜び，歓喜,名詞,pre2:1153;2:1162,2
delivery,delivery,pre2,pre2;2,word,配達，送付,配達，送付,名詞,pre2:459;2:1027,2
demand,demand,pre2,pre2;2,word,要求，需要/を要求する,要求，需要/を要求する,名詞,pre2:980;2:159,2
democracy,democracy,pre2,pre2;2,word,民主主義，民主制度,民主主義，民主制度,名詞,pre2:1137;2:474,2
democrat,democrat,pre2,pre2;2,word,民主主義者，民主派,民主主義者，民主派,名詞,pre2:442;2:1548,2
demonstrate,demonstrate,pre2,pre2;2,word,実証する，証明する,実証する，証明する,動詞,pre2:167;2:1438,2
deny,deny,pre2,pre2;2,word,を否定する，拒否する,を否定する，拒否する,動詞,pre2:470;2:1803,2
department,department,pre2,pre2;2,word,部門，課,部門，課,名詞,pre2:527;2:1709,2
dependent,dependent,pre2,pre2;2,word,依存している，頼っている,依存している，頼っている,形容詞,pre2:642;2:1065,2
depending,depending,pre2,pre2;2,word,依存している，依存状態,依存している，依存状態,動詞（現在分詞）;動詞,pre2:1197;2:1992,2
deposit,deposit,pre2,pre2;2,word,お金を預ける，を預金する,お金を預ける，を預金する,動詞,pre2:1328;2:250,2
depression,depression,pre2,pre2;2,word,落ち込み，不景気,落ち込み，不景気,名詞,pre2:1181;2:695,2
depth,depth,pre2,pre2,word,深さ,深さ,名詞,pre2:829,1
deputy,deputy,pre2,pre2;2,word,代理，代わり,代理，代わり,名詞,pre2:579;2:1067,2
derive,derive,pre2,pre2;2,word,を引き出す，取り出す,を引き出す，取り出す,動詞,pre2:594;2:1090,2
describe,describe,pre2,pre2;2,word,を述べる，描写する,を述べる，描写する,動詞,pre2:905;2:865,2
deserve,deserve,pre2,pre2;2,word,値する，価値がある,値する，価値がある,動詞,pre2:701;2:1880,2
desire,desire,pre2,pre2;2,word,願望/切望する,願望/切望する,名詞;動詞,pre2:502;2:990,2
desperate,desperate,pre2,pre2;2,word,やけくその，軽率な,やけくその，軽率な,形容詞,pre2:970;2:1578,2
despite,despite,pre2,pre2;2;pre1;1,word,にも関わらず，けれども,にも関わらず，けれども / にも関わらず，とはいえ,前置詞;接続詞,pre2:781;2:275;pre1:1878;1:828,4
destruction,destruction,pre2,pre2;2,word,破壊，壊滅,破壊，壊滅,名詞,pre2:543;2:1623,2
detail,detail,pre2,pre2;2,word,詳細，具体的な情報,詳細，具体的な情報,名詞,pre2:333;2:1325,2
detailed,detailed,pre2,pre2;2,word,詳細の，具体的な,詳細の，具体的な,形容詞,pre2:287;2:1205,2
details,details,pre2,pre2,word,詳細，詳しく説明する,詳細，詳しく説明する,名詞,pre2:28,1
detect,detect,pre2,pre2;2,word,を検出する，を感知する,を検出する，を感知する,動詞,pre2:760;2:66,2
detective,detective,pre2,pre2;2;pre1,word,探偵，刑事，捜査官,探偵，刑事，捜査官,名詞,pre2:1474;2:473;pre1:294,3
determine,determine,pre2,pre2;2,word,を決める，を定める,を決める，を定める,動詞,pre2:1081;2:566,2
develop,develop,pre2,pre2;2,word,を発達させる，を開発する,を発達させる，を開発する,動詞,pre2:745;2:88,2
diet,diet,pre2,pre2;2,word,食事，食事療法,食事，食事療法,名詞,pre2:400;2:573,2
differ from,differ from,pre2,pre2;2,phrase,とは違って，との違い,とは違って，との違い,熟語,pre2:139;2:860,2
dig,dig,pre2,pre2;2,word,を掘る，採掘する,を掘る，採掘する,動詞,pre2:150;2:492,2
direction,direction,pre2,pre2;2,word,方向，方角,方向，方角,名詞,pre2:30;pre2:330;2:859,3
directly,directly,pre2,pre2;2,word,直接，直接的に,直接，直接的に,副詞,pre2:476;2:239,2
director,director,pre2,pre2;2,word,監督，指導者，役員,監督，指導者，役員,名詞,pre2:1411;2:376,2
disappear,disappear,pre2,pre2;2,word,消える，見えなくなる,消える，見えなくなる,動詞,pre2:1077;2:526,2
disappoint,disappoint,pre2,pre2;2,word,がっかりさせる，失望させる,がっかりさせる，失望させる,動詞,pre2:18;2:1419,2
discipline,discipline,pre2,pre2,word,しつけ，規律,しつけ，規律,名詞,pre2:1109,1
discovery,discovery,pre2,pre2;2,word,発見，見つけること,発見，見つけること,名詞,pre2:158;2:955,2
dismiss,dismiss,pre2,pre2,word,を退出させる,を退出させる,動詞,pre2:684,1
disorder,disorder,pre2,pre2;2,word,無秩序，混乱,無秩序，混乱,名詞,pre2:1363;2:305,2
disposal,disposal,pre2,pre2;2;pre1,word,処理，処分,処理，処分 / 廃棄,動詞;名詞,pre2:1332;2:255;pre1:1599,3
distance,distance,pre2,pre2;2,word,距離，間隔,距離，間隔,名詞,pre2:61;2:1630,2
distant,distant,pre2,pre2;2,word,"遠く離れた, 遠隔の","遠く離れた, 遠隔の",形容詞,pre2:458;2:488,2
distinction,distinction,pre2,pre2;2;pre1,word,区別，相違,区別，相違,名詞,pre2:882;2:1394;pre1:3196,3
distinguish,distinguish,pre2,pre2;2,word,を区別する，識別する,を区別する，識別する,動詞,pre2:306;2:991,2
distribution,distribution,pre2,pre2;2,word,分布，配分,分布，配分,名詞,pre2:949;2:1495,2
district,district,pre2,pre2;2,word,地域，地区,地域，地区,名詞,pre2:1131;2:483,2
disturb,disturb,pre2,pre2;2,word,を阻害する，(人の)邪魔をする,を阻害する，(人の)邪魔をする,動詞,pre2:309;2:16,2
divide,divide,pre2,pre2;2,word,を分割する，分ける,を分割する，分ける,動詞,pre2:85;2:862,2
do me a favor,do me a favor,pre2,pre2,phrase,お願いをする,お願いをする,熟語,pre2:110,1
do well,do well,pre2,pre2;2,phrase,うまくやる，成功する,うまくやる，成功する,熟語,pre2:1465;2:461,2
doubt,doubt,pre2,pre2;2,word,疑い，疑問,疑い，疑問,名詞,pre2:1150;2:1181,2
dozen,dozen,pre2,pre2;2,word,12の,12の,名詞,pre2:909;2:1338,2
drain,drain,pre2,pre2;2;pre1,word,排出させる，排水をする,排出させる，排水をする,動詞,pre2:1033;2:1980;pre1:3337,3
dramatic,dramatic,pre2,pre2;2,word,劇的な，感動的な,劇的な，感動的な,形容詞,pre2:785;2:1717,2
dress up,dress up,pre2,pre2,phrase,着飾る,着飾る,熟語,pre2:22,1
drift,drift,pre2,pre2;2;pre1,word,漂流，流れる,漂流，流れる,名詞,pre2:452;2:1009;pre1:3032,3
drop off,drop off,pre2,pre2;2;pre1;1,phrase,落ちる，落とす,落ちる，落とす / 外れる，降りる,熟語,pre2:1453;2:439;pre1:1504;1:2364,4
due,due,pre2,pre2;2,word,期限の，納期の,期限の，納期の,形容詞,pre2:434;2:1464,2
dull,dull,pre2,pre2;2;pre1,word,面白みのない，鈍い,面白みのない，鈍い,形容詞,pre2:617;2:1931;pre1:259,3
dump,dump,pre2,pre2;2,word,投げ捨てる，捨てる,投げ捨てる，捨てる,動詞,pre2:350;2:1977,2
dust,dust,pre2,pre2;2,word,ほこり，塵,ほこり，塵,名詞,pre2:284;2:1058,2
duty,duty,pre2,pre2;2,word,職務，関税,職務，関税,名詞,pre2:771;2:1534,2
eager,eager,pre2,pre2;2,word,強く望んでいる，切望している,強く望んでいる，切望している,形容詞,pre2:1141;2:1761,2
earn,earn,pre2,pre2;2,word,稼ぐ，得る,稼ぐ，得る,動詞,pre2:324;2:1868,2
earnings,earnings,pre2,pre2,word,収益，稼ぎ,収益，稼ぎ,名詞,pre2:357,1
ease,ease,pre2,pre2;2,word,容易さ，気楽さ,容易さ，気楽さ,名詞,pre2:218;2:1401,2
echo,echo,pre2,pre2;2,word,こだま，反響,こだま，反響,名詞,pre2:286;2:1303,2
economic,economic,pre2,pre2;2,word,経済の，財政の,経済の，財政の,形容詞,pre2:704;2:625,2
economy,economy,pre2,pre2;2,word,経済，節約,経済，節約,名詞,pre2:722;2:211,2
edge,edge,pre2,pre2;2,word,端，縁,端，縁,名詞,pre2:1216;2:1468,2
educate,educate,pre2,pre2;2,word,教育する，訓練する,教育する，訓練する,動詞,pre2:913;2:1954,2
education,education,pre2,pre2;2,word,教育，指導,教育，指導,名詞,pre2:1041;2:1040,2
educational,educational,pre2,pre2;2,word,教育の，教授の,教育の，教授の,形容詞,pre2:222;2:1277,2
effect,effect,pre2,pre2;2,word,効果，影響，結果,効果，影響，結果,名詞,pre2:260;2:300,2
efficiency,efficiency,pre2,pre2;2;pre1,word,効率，能率,効率，能率,名詞,pre2:1461;2:450;pre1:302,3
efficient,efficient,pre2,pre2;2,word,効率のいい，効率的な,効率のいい，効率的な,形容詞,pre2:843;2:189,2
elderly,elderly,pre2,pre2;2,word,年配の，高齢の,年配の，高齢の,形容詞,pre2:428;2:351,2
elect,elect,pre2,pre2,word,を選出する,を選出する,動詞,pre2:219,1
election,election,pre2,pre2;2,word,選挙，投票,選挙，投票,名詞,pre2:780;2:1287,2
electric,electric,pre2,pre2;2,word,電気の，電力の,電気の，電力の,形容詞,pre2:540;2:292,2
element,element,pre2,pre2;2,word,要素，元素,要素，元素,名詞,pre2:562;2:1702,2
embarrass,embarrass,pre2,pre2;2;pre1,word,を恥ずかしがらせる，を恥じさせる,を恥ずかしがらせる，を恥じさせる,動詞,pre2:1287;2:164;pre1:3008,3
embrace,embrace,pre2,pre2;2;pre1,word,を抱きしめる，擁する,を抱きしめる，擁する,動詞,pre2:907;2:422;pre1:3290,3
emerge,emerge,pre2,pre2;pre1,word,現れる,現れる,動詞,pre2:837;pre1:3144,2
emotional,emotional,pre2,pre2;2,word,感情の，情緒の,感情の，情緒の,形容詞,pre2:977;2:1386,2
emotionally,emotionally,pre2,pre2;2,word,"感情的に, 情緒的に","感情的に, 情緒的に",副詞,pre2:1478;2:480,2
emphasis,emphasis,pre2,pre2;2,word,強調，重視,強調，重視,名詞,pre2:973;2:1669,2
emphasize,emphasize,pre2,pre2;2,word,を強調する，力説する,を強調する，力説する,動詞,pre2:375;2:61,2
employ,employ,pre2,pre2;2,word,雇う，採用する,雇う，採用する,動詞,pre2:808;2:1487,2
employer,employer,pre2,pre2;2,word,雇用者，雇い主,雇用者，雇い主,名詞,pre2:852;2:1626,2
employment,employment,pre2,pre2;2;pre1,word,雇用，採用,雇用，採用,名詞,pre2:1238;2:68;pre1:182,3
enable,enable,pre2,pre2,word,に可能にさせる,に可能にさせる,動詞,pre2:344,1
encounter,encounter,pre2,pre2;2;pre1,word,遭遇する，出会う,遭遇する，出会う,動詞,pre2:262;2:1570;pre1:3267,3
end up,end up,pre2,pre2;2;pre1;1,phrase,最終的に，することになる,最終的に，することになる,動詞;熟語,pre2:1227;2:32;pre1:9;1:1861,4
endure,endure,pre2,pre2;2,word,を我慢する，耐える,を我慢する，耐える,動詞,pre2:1331;2:254,2
enforcement,enforcement,pre2,pre2;2,word,執行，実施,執行，実施,名詞,pre2:228;2:998,2
engaged,engaged,pre2,pre2;2,word,に従事して，忙しくして,に従事して，忙しくして,形容詞,pre2:338;2:1698,2
enhance,enhance,pre2,pre2;2,word,強調する，(さらに)高める,強調する，(さらに)高める,動詞,pre2:431;2:1169,2
enlarge,enlarge,pre2,pre2;2;pre1,word,を拡大する，を広げる,を拡大する，を広げる,動詞,pre2:1288;2:165;pre1:746,3
enormous,enormous,pre2,pre2;2,word,非常に大きい，極端に大きい,非常に大きい，極端に大きい,形容詞,pre2:1115;2:206,2
entertain,entertain,pre2,pre2,word,を楽しませる,を楽しませる,動詞,pre2:315,1
entertainment,entertainment,pre2,pre2;2,word,娯楽，楽しみ,娯楽，楽しみ,名詞,pre2:1129;2:1444,2
entire,entire,pre2,pre2;2,word,全体の，全部の,全体の，全部の,形容詞,pre2:1158;2:1509,2
entirely,entirely,pre2,pre2;2,word,完全に，全く,完全に，全く,副詞,pre2:803;2:38,2
entitle,entitle,pre2,pre2;2;pre1,word,と題する，と名づける,と題する，と名づける,動詞,pre2:747;2:1859;pre1:3211,3
envelope,envelope,pre2,pre2;2;pre1,word,封筒，封書,封筒，封書,名詞,pre2:1336;2:260;pre1:59,3
environmental,environmental,pre2,pre2;2,word,環境の，自然環境の,環境の，自然環境の,形容詞,pre2:1217;2:390,2
environmentally,environmentally,pre2,pre2;2,word,環境的に，情勢的に,環境的に，情勢的に,副詞,pre2:1421;2:394,2
equal,equal,pre2,pre2;2,word,同等，等しい,同等，等しい,形容詞,pre2:1452;2:438,2
equipment,equipment,pre2,pre2;2,word,装置，設備,装置，設備,名詞,pre2:854;2:183,2
escape,escape,pre2,pre2;2,word,逃れる，脱走する,逃れる，脱走する,動詞,pre2:944;2:879,2
especially,especially,pre2,pre2;2,word,特に，格段に,特に，格段に,副詞,pre2:251;2:1066,2
essay,essay,pre2,pre2;2,word,論文，随筆,論文，随筆,名詞,pre2:269;2:1304,2
establishment,establishment,pre2,pre2;2,word,設立，創立,設立，創立,名詞,pre2:702;2:1824,2
estate,estate,pre2,pre2;2;pre1,word,財産，資産,財産，資産,名詞,pre2:246;2:1186;pre1:3027,3
estimate,estimate,pre2,pre2;2,word,を推定する，評価する,を推定する，評価する,動詞,pre2:841;2:34,2
ethnic,ethnic,pre2,pre2;2;pre1,word,民族の，民族特有の,民族の，民族特有の,形容詞,pre2:509;2:974;pre1:1122,3
evaluate,evaluate,pre2,pre2;2;pre1,word,評価する，見積もる,評価する，見積もる,動詞,pre2:1479;2:481;pre1:895,3
even though,even though,pre2,pre2;2,phrase,～だけれども，～であるのに,～だけれども，～であるのに,接続詞,pre2:106;2:638,2
eventually,eventually,pre2,pre2;2,word,結局は，やがて,結局は，やがて,副詞,pre2:665;2:779,2
evidence,evidence,pre2,pre2;2,word,証拠，証明,証拠，証明 / 証拠,名詞,pre2:916;2:33;2:2040,3
evil,evil,pre2,pre2;2,word,邪悪な，悪しき,邪悪な，悪しき,形容詞,pre2:742;2:1750,2
evolution,evolution,pre2,pre2;2,word,進化，発展,進化，発展,名詞,pre2:823;2:1472,2
exactly,exactly,pre2,pre2;2,word,正確に，正確で,正確に，正確で,副詞,pre2:950;2:1956,2
examination,examination,pre2,pre2;2,word,試験，実験,試験，実験,名詞,pre2:1102;2:1694,2
examine,examine,pre2,pre2;2,word,を検査する，調査する,を検査する，調査する,動詞,pre2:561;2:668,2
except,except,pre2,pre2;2,word,を除いて，除外して,を除いて，除外して,前置詞,pre2:1092;2:1926,2
exceptionally,exceptionally,pre2,pre2;2,word,例外的に，非常に,例外的に，非常に,副詞,pre2:1368;2:313,2
exclude,exclude,pre2,pre2;2,word,除く，排除する,除く，排除する,動詞,pre2:1108;2:1986,2
exhibition,exhibition,pre2,pre2;2,word,展示，展覧,展示，展覧,名詞,pre2:787;2:1520,2
exist,exist,pre2,pre2;2,word,存在する，実在する,存在する，実在する,動詞,pre2:565;2:1554,2
existence,existence,pre2,pre2;2,word,存在，実在,存在，実在,名詞,pre2:683;2:1574,2
existing,existing,pre2,pre2;2,word,既存の，現存の,既存の，現存の,形容詞,pre2:435;2:1907,2
expand,expand,pre2,pre2;2;pre1,word,拡大する，広がる,拡大する，広がる,動詞,pre2:436;2:1685;pre1:3073,3
expansion,expansion,pre2,pre2;2,word,拡張，拡大，増幅,拡張，拡大，増幅,名詞,pre2:214;2:1573,2
expectation,expectation,pre2,pre2;2,word,期待，予想,期待，予想,名詞,pre2:348;2:1793,2
expense,expense,pre2,pre2;2;pre1,word,費用，出費，犠牲,費用，出費，犠牲,名詞,pre2:1229;2:41;pre1:260,3
experiment,experiment,pre2,pre2;2,word,実験，試み,実験，試み,名詞,pre2:53;2:63,2
expert,expert,pre2,pre2,word,専門家,専門家,名詞,pre2:77,1
explanation,explanation,pre2,pre2;2,word,説明，解説,説明，解説,名詞,pre2:1098;2:1710,2
explore,explore,pre2,pre2;2,word,探索する，調査する,探索する，調査する,動詞,pre2:1208;2:1713,2
explorer,explorer,pre2,pre2;2,word,冒険者，探検家,冒険者，探検家,名詞,pre2:1445;2:429,2
export,export,pre2,pre2;2,word,を輸出する，輸送する,を輸出する，輸送する,動詞,pre2:767;2:784,2
expose,expose,pre2,pre2;2,word,明らかにする，明示する,明らかにする，明示する,動詞,pre2:612;2:1708,2
exposure,exposure,pre2,pre2;2;pre1,word,暴露，さらすこと,暴露，さらすこと,名詞,pre2:584;2:1941;pre1:3107,3
express,express,pre2,pre2;2,word,表現する，を言い表す,表現する，を言い表す,動詞,pre2:939;2:1445,2
expression,expression,pre2,pre2;2,word,表現，言い回し,表現，言い回し,名詞,pre2:1050;2:1682,2
extension,extension,pre2,pre2;2,word,拡張，展開,拡張，展開,名詞,pre2:429;2:1305,2
extensive,extensive,pre2,pre2;2,word,広範な，広い範囲の,広範な，広い範囲の,形容詞,pre2:805;2:1936,2
extent,extent,pre2,pre2;2,word,程度，大きさ,程度，大きさ,名詞,pre2:1112;2:1068,2
extra,extra,pre2,pre2;2,word,余分の，特別の,余分の，特別の,形容詞,pre2:15;2:1830,2
extraordinary,extraordinary,pre2,pre2;2,word,普通でない，異常な,普通でない，異常な,形容詞,pre2:919;2:1522,2
extreme,extreme,pre2,pre2;2,word,極端な，過激な,極端な，過激な,形容詞,pre2:408;2:1466,2
extremely,extremely,pre2,pre2;2,word,極端に，過度に,極端に，過度に,副詞,pre2:285;2:67,2
fabric,fabric,pre2,pre2;2,word,織物，布地,織物，布地,名詞,pre2:914;2:1801,2
factor,factor,pre2,pre2;2,word,要因，原因,要因，原因,名詞,pre2:687;2:1293,2
failure,failure,pre2,pre2;2,word,失敗，挫折,失敗，挫折,名詞,pre2:356;2:1222,2
fair,fair,pre2,pre2;2,word,公平な，平等な,公平な，平等な,形容詞,pre2:620;2:1081,2
fairly,fairly,pre2,pre2;2,word,かなり，公平に,かなり，公平に,副詞,pre2:866;2:412,2
faith,faith,pre2,pre2;2;pre1,word,信頼，信用,信頼，信用,名詞,pre2:923;2:1408;pre1:3259,3
false,false,pre2,pre2;2,word,誤った，間違った,誤った，間違った,形容詞,pre2:839;2:1327,2
far off,far off,pre2,pre2;2,phrase,はるかかなたの，遠くの,はるかかなたの，遠くの,熟語,pre2:1451;2:437,2
fate,fate,pre2,pre2;2,word,運命，宿命,運命，宿命,名詞,pre2:484;2:1908,2
fault,fault,pre2,pre2;2,word,欠点，短所,欠点，短所,名詞,pre2:1017;2:1258,2
favor,favor,pre2,pre2;2,word,親切な行為，好意,親切な行為，好意,名詞,pre2:1169;2:772,2
fear,fear,pre2,pre2;2,word,を恐れる，恐がる/恐れ,を恐れる，恐がる/恐れ,名詞,pre2:1105;2:296,2
feature,feature,pre2,pre2;2;pre1,word,特徴，特性/を目玉とする,特徴，特性/を目玉とする,名詞;名詞／動詞,pre2:398;2:174;pre1:3033,3
federal,federal,pre2,pre2;2;pre1,word,連邦の，連邦制の,連邦の，連邦制の,形容詞,pre2:996;2:1505;pre1:3178,3
fee,fee,pre2,pre2;2,word,料金，手数料,料金，手数料,名詞,pre2:280;2:618,2
feed,feed,pre2,pre2;2,word,えさを与える,えさを与える / 餌を与える，育てる,名詞;動詞,pre2:885;2:649,2
fellow,fellow,pre2,pre2;2,word,仲間，友人,仲間，友人,名詞,pre2:427;2:1779,2
female,female,pre2,pre2;2,word,雌の，女性の,雌の，女性の,形容詞;名詞,pre2:753;2:1991,2
fertilizer,fertilizer,pre2,pre2;2;pre1,word,肥料，育成剤,肥料，育成剤,名詞,pre2:1276;2:140;pre1:31,3
fiber,fiber,pre2,pre2;2,word,繊維，糸,繊維，糸,名詞,pre2:1220;2:1121,2
fill out,fill out,pre2,pre2;2;pre1;1,phrase,書き込む，記入する,書き込む，記入する / に必要事項を記入する，記載する,熟語,pre2:148;2:623;pre1:1992;1:1610,4
finance,finance,pre2,pre2;2,word,財政，財務,財政，財務,名詞,pre2:902;2:1642,2
financial,financial,pre2,pre2;2,word,財政の，財務に関する,財政の，財務に関する,形容詞,pre2:903;2:1947,2
find out,find out,pre2,pre2,phrase,見つけ出す,見つけ出す,熟語,pre2:24,1
firm,firm,pre2,pre2;2,word,しっかりした，堅い,しっかりした，堅い,形容詞,pre2:232;2:1577,2
five senses,five senses,pre2,pre2;2,phrase,五感，感覚器官,五感，感覚器官,熟語,pre2:1357;2:290,2
flee,flee,pre2,pre2;2,word,逃げる，逃走する,逃げる，逃走する,動詞,pre2:1032;2:1831,2
flexibility,flexibility,pre2,pre2;2;pre1,word,しなやかさ，弾力性，柔軟性,しなやかさ，弾力性，柔軟性,名詞,pre2:1263;2:124;pre1:1181,3
float,float,pre2,pre2,phrase,浮かぶ,浮かぶ,熟語,pre2:465,1
flood,flood,pre2,pre2;2,word,洪水，氾濫,洪水，氾濫,名詞,pre2:778;2:1864,2
flow,flow,pre2,pre2;2,word,流れる，流す,流れる，流す,動詞,pre2:355;2:1340,2
folk,folk,pre2,pre2;2,word,人々，群衆,人々，群衆,名詞,pre2:779;2:1322,2
for fear of,for fear of,pre2,pre2;2,phrase,を恐れて，を怖がって,を恐れて，を怖がって,熟語,pre2:1266;2:128,2
for some time,for some time,pre2,pre2;2,phrase,しばらくの間，一時的に,しばらくの間，一時的に,熟語,pre2:1406;2:370,2
force,force,pre2,pre2;2,word,力，勢い,力，勢い,名詞,pre2:234;2:730,2
forever,forever,pre2,pre2;2,word,永遠に，ずっと,永遠に，ずっと,副詞,pre2:888;2:970,2
formal,formal,pre2,pre2;2,word,正式な，公式の,正式な，公式の,形容詞,pre2:169;2:818,2
formation,formation,pre2,pre2;2;pre1,word,形成，構成,形成，構成,名詞,pre2:1335;2:259;pre1:397,3
former,former,pre2,pre2;2,word,前の，以前の,前の，以前の,形容詞,pre2:880;2:1146,2
foundation,foundation,pre2,pre2;2;pre1,word,土台，根拠，設立,土台，根拠，設立,名詞,pre2:1232;2:50;pre1:3399,3
founder,founder,pre2,pre2;2,word,創設者，創立者,創設者，創立者,名詞,pre2:975;2:1198,2
freeze,freeze,pre2,pre2;2,word,凍る，氷結,凍る，氷結,動詞,pre2:1210;2:1593,2
frequent,frequent,pre2,pre2;2,word,頻繁な，しばしば起こる,頻繁な，しばしば起こる,形容詞,pre2:1291;2:179,2
frequently,frequently,pre2,pre2;2,word,"頻繁に, たびたび","頻繁に, たびたび",副詞,pre2:1056;2:479,2
frighten,frighten,pre2,pre2;2,word,怖がらせる，恐れさせる,怖がらせる，恐れさせる,動詞,pre2:1202;2:1404,2
frightened,frightened,pre2,pre2;2,word,恐ろしかった，怖かった,恐ろしかった，怖かった,形容詞,pre2:1375;2:326,2
from time to time,from time to time,pre2,pre2;2,phrase,時々，偶に,時々，偶に,熟語,pre2:1338;2:265,2
fuel,fuel,pre2,pre2;2,word,燃料，燃えやすいもの,燃料，燃えやすいもの,名詞,pre2:720;2:397,2
fully,fully,pre2,pre2;2,word,十分に，完全に,十分に，完全に,副詞,pre2:774;2:1104,2
fund,fund,pre2,pre2;2;pre1,word,基金，資金,基金，資金,名詞,pre2:1470;2:466;pre1:268,3
fundamental,fundamental,pre2,pre2;2,word,基本的な，基礎の,基本的な，基礎の,形容詞,pre2:523;2:1806,2
funding,funding,pre2,pre2;2,word,資金調達，資本集め,資金調達，資本集め,名詞,pre2:918;2:1938,2
furniture,furniture,pre2,pre2;2,word,家具，調度品,家具，調度品,名詞,pre2:1316;2:232,2
furthermore,furthermore,pre2,pre2;2;pre1,word,さらに，その上,さらに，その上,副詞,pre2:1235;2:55;pre1:1082,3
gain,gain,pre2,pre2;2,word,得る，獲得する,得る，獲得する,動詞,pre2:9;2:1891,2
gather,gather,pre2,pre2;2,word,を集める，収集する,を集める，収集する,動詞,pre2:662;2:678,2
generous,generous,pre2,pre2;2,word,気前のよい，寛容な,気前のよい，寛容な,形容詞,pre2:1323;2:244,2
generously,generously,pre2,pre2;2,word,惜しみなく，気前よく,惜しみなく，気前よく,副詞,pre2:1464;2:459,2
genius,genius,pre2,pre2;2,word,天才，才人,天才，才人,名詞,pre2:291;2:1435,2
get along,get along,pre2,pre2;2,phrase,うまくやる，仲良くやる,うまくやる，仲良くやる,熟語,pre2:1281;2:150,2
get back,get back,pre2,pre2,phrase,取り戻す,取り戻す,熟語,pre2:112,1
glance,glance,pre2,pre2;2;pre1,word,一目見る/一目,一目見る/一目,名詞;名詞/動詞;名詞／動詞,pre2:296;2:728;pre1:3167,3
global,global,pre2,pre2;2,word,地球の，世界の,地球の，世界の,形容詞,pre2:266;2:1261,2
govern,govern,pre2,pre2;2,word,統治する，支配する,統治する，支配する,動詞,pre2:227;2:1459,2
governor,governor,pre2,pre2;2,word,知事，州知事,知事，州知事,名詞,pre2:1088;2:1239,2
gradually,gradually,pre2,pre2;2,word,次第に，だんだんに,次第に，だんだんに,副詞,pre2:946;2:631,2
grammar,grammar,pre2,pre2;2,word,文法，文法規則,文法，文法規則,名詞,pre2:925;2:1949,2
grant,grant,pre2,pre2,word,給付金,給付金,名詞,pre2:249,1
gravity,gravity,pre2,pre2;2;pre1,word,重力，引力,重力，引力,名詞,pre2:1292;2:181;pre1:924,3
greet,greet,pre2,pre2;2,word,を出迎える，に挨拶する,を出迎える，に挨拶する,動詞,pre2:942;2:380,2
guarantee,guarantee,pre2,pre2;2;pre1,word,を保証する/保証,を保証する/保証,動詞,pre2:1376;2:327;pre1:1143,3
guilty of,guilty of,pre2,pre2;2,phrase,罪を犯して，違法行為をして,罪を犯して，違法行為をして,熟語,pre2:1312;2:224,2
hang,hang,pre2,pre2;2,word,つるす，掛ける,つるす，掛ける,動詞,pre2:809;2:1420,2
harbor,harbor,pre2,pre2;2,word,港，港湾,港，港湾,名詞,pre2:1431;2:409,2
hardly,hardly,pre2,pre2;2,word,ほとんどない，少ない,ほとんどない，少ない,副詞,pre2:176;2:1278,2
harm,harm,pre2,pre2;2,word,害，危害/を害する,害，危害/を害する,名詞,pre2:1428;2:405,2
harmful,harmful,pre2,pre2;2,word,有害な，害のある,有害な，害のある,形容詞,pre2:670;2:1929,2
harvest,harvest,pre2,pre2;2,word,収穫/を収穫する,収穫/を収穫する,動詞,pre2:1435;2:414,2
hate,hate,pre2,pre2;2,word,ひどく嫌う，深く憎む,ひどく嫌う，深く憎む,動詞,pre2:549;2:1114,2
have an effect on,have an effect on,pre2,pre2;2,phrase,に影響を及ぼす，影響する,に影響を及ぼす，影響する,熟語,pre2:1393;2:353,2
have effects on,have effects on,pre2,pre2;2,phrase,に影響を与える，に作用する,に影響を与える，に作用する,熟語,pre2:1355;2:285,2
headline,headline,pre2,pre2;2,word,見出し，表題,見出し，表題,名詞,pre2:413;2:1943,2
headquarters,headquarters,pre2,pre2;2,word,本部，中心,本部，中心,名詞,pre2:674;2:1615,2
heart rate,heart rate,pre2,pre2;2,phrase,心拍数，脈拍,心拍数，脈拍,名詞,pre2:1398;2:359,2
heel,heel,pre2,pre2;2,word,かかと，きびす,かかと，きびす,名詞,pre2:362;2:1405,2
height,height,pre2,pre2;2,word,高さ，高度,高さ，高度,名詞,pre2:182;2:1927,2
hell,hell,pre2,pre2;2,word,地獄，奈落,地獄，奈落,名詞,pre2:1066;2:1550,2
heritage,heritage,pre2,pre2;2;pre1,word,遺産，相続財産,遺産，相続財産,名詞,pre2:647;2:386;pre1:3226,3
hesitate,hesitate,pre2,pre2;2;pre1,word,ためらう，躊躇する,ためらう，躊躇する,動詞,pre2:1195;2:691;pre1:3025,3
hide,hide,pre2,pre2;2,word,隠す，隠れる,隠す，隠れる,動詞,pre2:491;2:1398,2
highlight,highlight,pre2,pre2;2,word,目立たせる，最も明るい部分,目立たせる，最も明るい部分,動詞,pre2:840;2:1616,2
hire,hire,pre2,pre2;2,word,雇う，採用する,雇う，採用する,動詞,pre2:801;2:1262,2
historic,historic,pre2,pre2;2,word,由緒のある，歴史に残る,由緒のある，歴史に残る,形容詞,pre2:678;2:240,2
historical,historical,pre2,pre2;2,word,歴史上の，過去の,歴史上の，過去の,形容詞,pre2:1134;2:1128,2
household,household,pre2,pre2;2,word,家族，世帯,家族，世帯,名詞,pre2:1198;2:1143,2
huge,huge,pre2,pre2;2,word,巨大な，広大な,巨大な，広大な,形容詞,pre2:559;2:820,2
humanity,humanity,pre2,pre2;2,word,人間，人間性,人間，人間性,名詞,pre2:1052;2:1413,2
hundreds of,hundreds of,pre2,pre2;2,phrase,何百もの,何百もの,熟語,pre2:1460;2:449,2
ideal,ideal,pre2,pre2;2,word,理想，目指すべき状態,理想，目指すべき状態,名詞,pre2:183;2:1345,2
identify,identify,pre2,pre2;2,word,を見分ける，識別する,を見分ける，識別する,動詞,pre2:979;2:471,2
identity,identity,pre2,pre2;2,word,同一性，一致性,同一性，一致性,名詞,pre2:754;2:786,2
ignore,ignore,pre2,pre2;2,word,を無視する，見逃す,を無視する，見逃す,動詞,pre2:86;2:845,2
illness,illness,pre2,pre2;2,word,病気，疾患,病気，疾患,名詞,pre2:75;2:557,2
imagination,imagination,pre2,pre2;2,word,想像，仮想,想像，仮想,名詞,pre2:1087;2:1547,2
imitate,imitate,pre2,pre2;2,word,模倣する，真似る,模倣する，真似る,動詞,pre2:1306;2:214,2
immediate,immediate,pre2,pre2;2,word,即座の，瞬時の,即座の，瞬時の,形容詞,pre2:680;2:1173,2
immediately,immediately,pre2,pre2;2,word,即座に，直ちに,即座に，直ちに,副詞,pre2:48;2:95,2
immigrant,immigrant,pre2,pre2;2,word,移民，移住者,移民，移住者,名詞,pre2:377;2:1757,2
immigrate,immigrate,pre2,pre2;2;pre1,word,移住する，移転する,移住する，移転する,動詞,pre2:1380;2:333;pre1:3334,3
immune,immune,pre2,pre2;2;pre1,word,免疫の，免疫のある,免疫の，免疫のある,形容詞,pre2:1362;2:304;pre1:2371,3
implement,implement,pre2,pre2;2,word,実施する/道具，手段,実施する/道具，手段,動詞,pre2:725;2:1540,2
implication,implication,pre2,pre2;2,word,含み，裏の意味,含み，裏の意味,名詞,pre2:847;2:1882,2
imply,imply,pre2,pre2;2;pre1,word,をほのめかす，暗示する,をほのめかす，暗示する,動詞,pre2:575;2:842;pre1:3215,3
impress,impress,pre2,pre2;2,word,感銘を与える，感動させる,感銘を与える，感動させる,動詞,pre2:537;2:1232,2
impression,impression,pre2,pre2;2,word,印象，感じ,印象，感じ,名詞,pre2:70;2:1631,2
impressive,impressive,pre2,pre2;2,word,印象的な，鮮烈な,印象的な，鮮烈な,形容詞,pre2:237;2:1655,2
improve,improve,pre2,pre2;2,word,を改善する，改良する,を改善する，改良する,動詞,pre2:12;2:9,2
improvement,improvement,pre2,pre2;2,word,改善，改良,改善，改良,名詞,pre2:290;2:792,2
in addition,in addition,pre2,pre2;2,phrase,追加として，さらに,追加として，さらに,熟語;接続詞,pre2:104;2:73,2
in case,in case,pre2,pre2;2,phrase,万一に備えて，予防するために,万一に備えて，予防するために / 万一に備えて,接続詞;熟語,pre2:125;2:630;2:2165,3
in common,in common,pre2,pre2;2,phrase,共通して，一般的に,共通して，一般的に,熟語,pre2:1350;2:280,2
in contrast,in contrast,pre2,pre2;2;pre1,phrase,対照的に，これに対して,対照的に，これに対して,接続詞;熟語,pre2:1253;2:105;pre1:22,3
in demand,in demand,pre2,pre2;2,phrase,需要のある，求められる,需要のある，求められる,熟語,pre2:1339;2:266,2
in order to,in order to,pre2,pre2;2;pre1,phrase,～するために，～の目的で,～するために，～の目的で,熟語,pre2:1223;2:6;pre1:36,3
in particular,in particular,pre2,pre2;2;pre1;1,phrase,特に，とりわけ,特に，とりわけ / 特に，特に重要な，とりわけ,熟語,pre2:102;2:15;pre1:2365;1:1496,4
in reality,in reality,pre2,pre2;2,phrase,実際に，現実に,実際に，現実に,熟語,pre2:1412;2:377,2
in response,in response,pre2,pre2;2,phrase,に応じて，に対応して,に応じて，に対応して,熟語,pre2:1354;2:284,2
in response to,in response to,pre2,pre2;2;pre1,phrase,に応じて，に反応して,に応じて，に反応して,熟語,pre2:1256;2:113;pre1:251,3
in spite of,in spite of,pre2,pre2;2;pre1,phrase,にも関わらず，けれども,にも関わらず，けれども / にも関わらず,熟語,pre2:113;2:2141;pre1:899,3
in the long run,in the long run,pre2,pre2;2,phrase,長い目で見れば，長期間に,長い目で見れば，長期間に,熟語,pre2:1471;2:467,2
in the meantime,in the meantime,pre2,pre2;2,phrase,とりあえず，それまでは,とりあえず，それまでは,熟語,pre2:1341;2:268,2
in the past,in the past,pre2,pre2,phrase,過去に,過去に,熟語,pre2:5,1
in touch,in touch,pre2,pre2;2,phrase,連絡中，連絡が取れて,連絡中，連絡が取れて,熟語,pre2:1304;2:208,2
income,income,pre2,pre2;2,word,所得，収入,所得，収入,名詞,pre2:1016;2:1653,2
incorporate,incorporate,pre2,pre2;2,word,合体させる，統合する,合体させる，統合する,動詞,pre2:1162;2:1361,2
independent,independent,pre2,pre2;2,word,独立した，自立した,独立した，自立した,形容詞,pre2:422;2:1341,2
index,index,pre2,pre2;2,word,索引，目次,索引，目次,名詞,pre2:709;2:1586,2
indicate,indicate,pre2,pre2;2,word,を指し示す,を指し示す / 指し示す,動詞,pre2:1205;2:2292,2
individual,individual,pre2,pre2;2,word,個人の，個々の,個人の，個々の,形容詞,pre2:1122;2:609,2
indoor,indoor,pre2,pre2;2,word,室内/屋内の,室内/屋内の,形容詞,pre2:1394;2:354,2
industrial,industrial,pre2,pre2;2,word,産業の，工業の,産業の，工業の,形容詞,pre2:784;2:1556,2
industry,industry,pre2,pre2;2,word,産業，工業,産業，工業,名詞,pre2:586;2:513,2
infection,infection,pre2,pre2,word,感染,感染,名詞,pre2:978,1
inflation,inflation,pre2,pre2;2,word,膨張，拡大,膨張，拡大,名詞,pre2:1078;2:1217,2
influence,influence,pre2,pre2;2,word,影響，影響力，波及/影響を及ぼす,影響，影響力，波及/影響を及ぼす,名詞,pre2:331;2:510,2
inform,inform,pre2,pre2;2,word,情報を与える，に知らせる,情報を与える，に知らせる,動詞,pre2:1178;2:24,2
ingredient,ingredient,pre2,pre2;2,word,材料，原料，成分,材料，原料，成分,名詞,pre2:777;2:166,2
initially,initially,pre2,pre2;2,word,最初は，初めて,最初は，初めて,副詞,pre2:1149;2:1648,2
initiative,initiative,pre2,pre2;2,word,主導権，自発性,主導権，自発性,名詞,pre2:844;2:1692,2
injury,injury,pre2,pre2;2,word,怪我，負傷,怪我，負傷,名詞,pre2:31;2:1624,2
innocent,innocent,pre2,pre2;2,word,罪のない，無罪の,罪のない，無罪の,形容詞,pre2:948;2:407,2
inquiry,inquiry,pre2,pre2;2,word,問い合わせ，質問,問い合わせ，質問,名詞,pre2:317;2:1220,2
insist on,insist on,pre2,pre2;2;1,phrase,するように強く求める，強調する,するように強く求める，強調する / を主張する，を要求する,熟語,pre2:1347;2:274;1:3945,3
inspector,inspector,pre2,pre2;2,word,検査官，監査人,検査官，監査人,名詞,pre2:1003;2:1480,2
install,install,pre2,pre2;2,word,導入する，導く,導入する，導く,動詞,pre2:776;2:1133,2
instinct,instinct,pre2,pre2;2;pre1,word,直感，本能，勘,直感，本能，勘,名詞,pre2:1381;2:336;pre1:3393,3
instrument,instrument,pre2,pre2;2,word,楽器，音楽器具,楽器，音楽器具,名詞,pre2:1308;2:218,2
insult,insult,pre2,pre2;2;pre1,word,を侮辱する，を罵る,を侮辱する，を罵る,動詞,pre2:1372;2:321;pre1:411,3
intellectual,intellectual,pre2,pre2;2,word,知的な，知識に関する,知的な，知識に関する,形容詞,pre2:972;2:1637,2
intelligent,intelligent,pre2,pre2,word,かしこい，知能の高い,かしこい，知能の高い,形容詞,pre2:446,1
intelligently,intelligently,pre2,pre2,word,かしこく,かしこく,副詞,pre2:904,1
intend,intend,pre2,pre2;2,word,意図する，意図して,意図する，意図して,動詞,pre2:395;2:1951,2
intend to,intend to,pre2,pre2;2;pre1,phrase,するつもりである，する意図がある,するつもりである，する意図がある,熟語,pre2:1365;2:308;pre1:81,3
intense,intense,pre2,pre2;2,word,激しい，熱心な,激しい，熱心な,形容詞,pre2:311;2:935,2
intention,intention,pre2,pre2;2,word,意図，目的,意図，目的,名詞,pre2:277;2:1730,2
interior,interior,pre2,pre2;2,word,内部の，内側の,内部の，内側の,形容詞,pre2:761;2:1541,2
internal,internal,pre2,pre2;2,word,内部の，内側の,内部の，内側の,形容詞,pre2:1215;2:1786,2
interpret,interpret,pre2,pre2;2,word,を解釈する，受け取る,を解釈する，受け取る,動詞,pre2:378;2:824,2
interpretation,interpretation,pre2,pre2;2,word,解釈，通訳,解釈，通訳,名詞,pre2:1060;2:1968,2
intervention,intervention,pre2,pre2;2,word,介在，仲裁,介在，仲裁,名詞,pre2:495;2:971,2
invest,invest,pre2,pre2;2,word,に投資する，資本をつぎ込む,に投資する，資本をつぎ込む,動詞,pre2:310;2:1056,2
invest in,invest in,pre2,pre2;2;pre1;1,phrase,に投資する，に資本を提供する,に投資する，に資本を提供する / に投資する，資金を提供する,熟語,pre2:1286;2:158;pre1:2607;1:838,4
investigation,investigation,pre2,pre2;2;pre1,word,調査，研究,調査，研究,名詞,pre2:1180;2:1902;pre1:3098,3
investigator,investigator,pre2,pre2;2,word,捜査官，探偵,捜査官，探偵,名詞,pre2:497;2:1043,2
investor,investor,pre2,pre2;2,word,投資家，投資者,投資家，投資者,名詞,pre2:1051;2:1904,2
involve,involve,pre2,pre2;2,word,を含む，を巻き込む,を含む，を巻き込む,動詞,pre2:1047;2:115,2
involvement,involvement,pre2,pre2;2,word,関与，関わり合い,関与，関わり合い,名詞,pre2:505;2:1384,2
isolate,isolate,pre2,pre2;2,word,を孤立させる，隔離する,を孤立させる，隔離する,動詞,pre2:365;2:1711,2
isolated,isolated,pre2,pre2;2;pre1,word,孤立した，隔離された,孤立した，隔離された,形容詞,pre2:1373;2:323;pre1:643,3
issue,issue,pre2,pre2;2,word,問題，（雑誌などの）号,問題，（雑誌などの）号,名詞,pre2:1070;2:350,2
it is common to hear,it is common to hear,pre2,pre2;2,phrase,を聞くのが一般的です，よく聞かれる,を聞くのが一般的です，よく聞かれる,熟語,pre2:1416;2:384,2
item,item,pre2,pre2;2,word,項目，要点,項目，要点,名詞,pre2:71;2:1263,2
jail,jail,pre2,pre2;2,word,刑務所，拘置所,刑務所，拘置所,名詞,pre2:834;2:1638,2
Jewish,jewish,pre2,pre2;2,word,ユダヤ人，ユダヤ教徒,ユダヤ人，ユダヤ教徒,形容詞,pre2:489;2:1124,2
joint,joint,pre2,pre2;2,word,継目，関節,継目，関節,名詞,pre2:455;2:1996,2
journal,journal,pre2,pre2,word,日誌，日記,日誌，日記,名詞,pre2:1123,1
journey,journey,pre2,pre2;2,word,旅，旅行,旅，旅行,名詞,pre2:1280;2:149,2
judgement,judgement,pre2,pre2,word,判断,判断,名詞,pre2:624,1
jury,jury,pre2,pre2;2,word,陪審員，審査員,陪審員，審査員,名詞,pre2:558;2:1145,2
keep in mind,keep in mind,pre2,pre2,phrase,を心に留めておく,を心に留めておく,熟語,pre2:114,1
keep up with,keep up with,pre2,pre2;2;pre1;1,phrase,に遅れず付いていく，遅れないで追随する,に遅れず付いていく，遅れないで追随する / に遅れず付いていく，ついていく,熟語,pre2:1282;2:151;pre1:2803;1:1103,4
knowledge,knowledge,pre2,pre2;2,word,知識，学識,知識，学識,名詞,pre2:46;2:734,2
lab,lab,pre2,pre2;2,word,研究室，研究所,研究室，研究所,名詞,pre2:883;2:1330,2
labor,labor,pre2,pre2;2,word,労働，労働者,労働，労働者,名詞,pre2:1157;2:1139,2
laboratory,laboratory,pre2,pre2;2,word,実験室，研究所,実験室，研究所,名詞,pre2:1152;2:1600,2
lack,lack,pre2,pre2;2,word,不足，欠乏,不足，欠乏,名詞,pre2:268;2:1758,2
landscape,landscape,pre2,pre2;2,word,風景，眺め,風景，眺め,名詞,pre2:652;2:335,2
lap,lap,pre2,pre2;2,word,ひざ，膝小僧,ひざ，膝小僧,名詞,pre2:510;2:1256,2
largely,largely,pre2,pre2;2,word,主として，主に,主として，主に,副詞,pre2:534;2:1315,2
latter,latter,pre2,pre2;2,word,後者の，後半の,後者の，後半の,形容詞,pre2:863;2:1728,2
laugh at,laugh at,pre2,pre2;2,phrase,を見て笑う，楽しむ,を見て笑う，楽しむ,熟語,pre2:1448;2:434,2
laughter,laughter,pre2,pre2;2,word,笑い，笑顔,笑い，笑顔,名詞,pre2:1199;2:1796,2
launch,launch,pre2,pre2;2;pre1,word,発売する，船をおろす,発売する，船をおろす,動詞,pre2:1438;2:419;pre1:278,3
lawn,lawn,pre2,pre2;2,word,芝生，草地,芝生，草地,名詞,pre2:595;2:1532,2
lead to,lead to,pre2,pre2;2,phrase,に導く，～につながる,に導く，～につながる,熟語,pre2:1234;2:54,2
lean,lean,pre2,pre2;2;pre1,word,傾く，寄りかかる,傾く，寄りかかる,動詞,pre2:786;2:1551;pre1:3247,3
learn by heart,learn by heart,pre2,pre2;1,phrase,暗記する,暗記する / 暗記する，体で覚える,熟語,pre2:1409;1:2409,2
leave out,leave out,pre2,pre2;2;1,phrase,除外する，取り除く,除外する，取り除く / を省略する，を除外する,熟語,pre2:1454;2:440;1:2796,3
lecture,lecture,pre2,pre2,word,講義,講義,名詞,pre2:1035,1
leftover,leftover,pre2,pre2;2;pre1,word,残り物，食べ残し,残り物，食べ残し,名詞,pre2:1458;2:446;pre1:1791,3
legend,legend,pre2,pre2;2;pre1,word,伝説，言い伝え,伝説，言い伝え,名詞,pre2:1433;2:411;pre1:909,3
legislation,legislation,pre2,pre2;2,word,立法，法制定,立法，法制定,名詞,pre2:1138;2:1782,2
leisure,leisure,pre2,pre2;2,word,余暇，自由時間,余暇，自由時間,名詞,pre2:571;2:1523,2
length,length,pre2,pre2;2,word,長さ，延長,長さ，延長,名詞,pre2:929;2:1802,2
lesser,lesser,pre2,pre2;2,word,より少ない，いっそう少ない,より少ない，いっそう少ない,形容詞,pre2:1361;2:298,2
let A do,let a do,pre2,pre2,phrase,Aにさせる,Aにさせる,熟語,pre2:241,1
likely,likely,pre2,pre2;2,word,起こりそうな，可能性がある,起こりそうな，可能性がある,形容詞,pre2:1128;2:1945,2
literary,literary,pre2,pre2;2,word,文学の，文芸の,文学の，文芸の,形容詞,pre2:884;2:1916,2
literature,literature,pre2,pre2;2,word,文学，文芸,文学，文芸,名詞,pre2:1069;2:460,2
locate,locate,pre2,pre2;2,word,見つける，位置を突きとめる,見つける，位置を突きとめる,動詞,pre2:1296;2:192,2
look down on,look down on,pre2,pre2;pre1;1,phrase,を下に見る,を下に見る / を見下す，軽視する,熟語,pre2:208;pre1:1511;1:786,3
look up,look up,pre2,pre2,phrase,を調べる,を調べる,熟語,pre2:2,1
lose face,lose face,pre2,pre2;2,phrase,面子を失う，恥をかく,面子を失う，恥をかく,熟語,pre2:1345;2:272,2
luckily,luckily,pre2,pre2;2,word,幸いなことに，幸運にも,幸いなことに，幸運にも,副詞,pre2:1352;2:282,2
luxury,luxury,pre2,pre2;2,word,贅沢な/贅沢,贅沢な/贅沢,名詞,pre2:1302;2:204,2
mad,mad,pre2,pre2;2,word,狂った，狂気じみた,狂った，狂気じみた,形容詞,pre2:548;2:1620,2
made of,made of,pre2,pre2;2,phrase,で出来ている，構成されている,で出来ている，構成されている,熟語,pre2:1277;2:141,2
mainly,mainly,pre2,pre2;2,word,主に，もっぱら,主に，もっぱら,副詞,pre2:563;2:1815,2
maintain,maintain,pre2,pre2;2,word,を維持する，保つ,を維持する，保つ,動詞,pre2:632;2:771,2
maintenance,maintenance,pre2,pre2;2,word,持続，保全,持続，保全,名詞,pre2:922;2:1971,2
majority,majority,pre2,pre2;2,word,大多数，多数派,大多数，多数派,名詞,pre2:1053;2:1153,2
make a difference,make a difference,pre2,pre2;2,phrase,違いを生む，差をつける,違いを生む，差をつける,熟語,pre2:1367;2:310,2
make sure,make sure,pre2,pre2;2,phrase,を確かめる，必ず手配する,を確かめる，必ず手配する,熟語,pre2:1278;2:145,2
male,male,pre2,pre2;2,word,男性，雄,男性，雄,名詞,pre2:860;2:908,2
manage,manage,pre2,pre2;2,word,何とかうまくやる，管理を行う,何とかうまくやる，管理を行う,動詞,pre2:1264;2:126,2
manner,manner,pre2,pre2;2,word,やり方，方法,やり方，方法,名詞,pre2:223;2:1047,2
manufacturer,manufacturer,pre2,pre2;2,word,製造元，製造業者,製造元，製造業者,名詞,pre2:259;2:1519,2
manufacturing,manufacturing,pre2,pre2,word,製造している,製造している,動詞,pre2:600,1
mass,mass,pre2,pre2;2,word,塊，大部分,塊，大部分,名詞,pre2:573;2:1727,2
mate,mate,pre2,pre2;2,word,友達，仲間,友達，仲間,名詞,pre2:305;2:1227,2
material,material,pre2,pre2;2,word,材料，原料,材料，原料,名詞,pre2:55;2:1896,2
maximum,maximum,pre2,pre2;2,word,最大，最大の,最大，最大の,形容詞;名詞,pre2:288;2:718,2
mayor,mayor,pre2,pre2;2,word,市長，町長,市長，町長,名詞,pre2:622;2:1937,2
meal,meal,pre2,pre2;2,word,食事，食事療法,食事，食事療法,名詞,pre2:1048;2:1370,2
meanwhile,meanwhile,pre2,pre2;2,word,一方で，他方で,一方で，他方で,副詞,pre2:323;2:37,2
measure,measure,pre2,pre2;2,word,措置，測るもの/を測る,措置，測るもの/を測る,動詞,pre2:1272;2:135,2
medium,medium,pre2,pre2;2,word,中間の，中央の,中間の，中央の,形容詞,pre2:556;2:1319,2
melt,melt,pre2,pre2;2,word,溶ける，を溶かす,溶ける，を溶かす,動詞,pre2:29;2:40,2
mental,mental,pre2,pre2;2,word,精神の，心の,精神の，心の,形容詞,pre2:1364;2:306,2
mention,mention,pre2,pre2;2,word,言及する，参照する,言及する，参照する,動詞,pre2:66;2:2000,2
mere,mere,pre2,pre2;2,word,単なる，ただの,単なる，ただの,形容詞,pre2:1163;2:1771,2
merely,merely,pre2,pre2;2,word,単に，ただ,単に，ただ,副詞,pre2:864;2:1022,2
mess,mess,pre2,pre2;2,word,混乱，錯乱，無秩序,混乱，錯乱，無秩序,名詞,pre2:1031;2:90,2
method,method,pre2,pre2;2,word,方法，手段,方法，手段,名詞,pre2:833;2:1823,2
Mexican,mexican,pre2,pre2;2,word,メキシコの，メキシコ系の,メキシコの，メキシコ系の,形容詞,pre2:1082;2:1233,2
military,military,pre2,pre2;2,word,軍隊，兵力,軍隊，兵力,名詞,pre2:1096;2:1228,2
minister,minister,pre2,pre2;2;pre1,word,大臣，牧師,大臣，牧師,名詞,pre2:506;2:1100;pre1:288,3
mixture,mixture,pre2,pre2;2,word,混合物，複合体,混合物，複合体,名詞,pre2:576;2:322,2
modify,modify,pre2,pre2;2;pre1,word,を変更する，を修正する,を変更する，を修正する,動詞,pre2:1475;2:475;pre1:615,3
moral,moral,pre2,pre2;2,word,道徳の，道徳的な,道徳の，道徳的な,形容詞,pre2:971;2:1768,2
moreover,moreover,pre2,pre2;2,word,さらに，その上,さらに，その上,副詞,pre2:327;2:17,2
mortgage,mortgage,pre2,pre2;2,word,抵当，担保,抵当，担保,名詞,pre2:1204;2:1497,2
mostly,mostly,pre2,pre2;2,word,主に，ほとんど,主に，ほとんど,副詞,pre2:149;2:1563,2
multiple,multiple,pre2,pre2;2,word,掛け算する，乗算する,掛け算する，乗算する,動詞,pre2:601;2:1524,2
murder,murder,pre2,pre2;2,word,殺人，凶行,殺人，凶行,名詞,pre2:449;2:724,2
muscle,muscle,pre2,pre2;2,word,筋肉，筋力,筋肉，筋力,名詞,pre2:151;2:453,2
mysterious,mysterious,pre2,pre2;2,word,不可解な，不思議な,不可解な，不思議な,形容詞,pre2:253;2:1704,2
naked,naked,pre2,pre2;2,word,裸の，無防備な,裸の，無防備な,形容詞,pre2:488;2:1249,2
nation,nation,pre2,pre2;2,word,国家，国土,国家，国土,名詞,pre2:827;2:1144,2
natural,natural,pre2,pre2;2,word,当然の，自然の,当然の，自然の,形容詞,pre2:272;2:356,2
nearby,nearby,pre2,pre2;2,word,近くの，隣近所の,近くの，隣近所の,形容詞,pre2:868;2:1266,2
necessarily,necessarily,pre2,pre2;2,word,必然的に，必ず,必然的に，必ず,副詞,pre2:403;2:1461,2
necessity,necessity,pre2,pre2;2,word,必要性，必須,必要性，必須,名詞,pre2:1184;2:1946,2
negative,negative,pre2,pre2;2,word,否定の，拒否,否定の，拒否,形容詞,pre2:191;2:1961,2
negotiate,negotiate,pre2,pre2;2,word,交渉する，協議する,交渉する，協議する,動詞,pre2:828;2:1180,2
negotiation,negotiation,pre2,pre2;2,word,交渉，話し合い,交渉，話し合い,名詞,pre2:282;2:1171,2
neighborhood,neighborhood,pre2,pre2;2,word,近所，近隣,近所，近隣,名詞,pre2:958;2:1388,2
nevertheless,nevertheless,pre2,pre2;2,word,にも関わらず，けれども,にも関わらず，けれども,副詞;接続詞,pre2:256;2:103;2:556,3
nor,nor,pre2,pre2,word,もない,もない,接続詞,pre2:281,1
normally,normally,pre2,pre2;2,word,通常は，普通に,通常は，普通に,副詞,pre2:498;2:1841,2
not only A but also B,not only a but also b,pre2,pre2;2,phrase,AだけでなくBもまた，Aと同様Bも,AだけでなくBもまた，Aと同様Bも,接続詞,pre2:1224;2:18,2
not yet,not yet,pre2,pre2;2,phrase,まだ，今のところ,まだ，今のところ,熟語,pre2:1353;2:283,2
notion,notion,pre2,pre2;2;pre1,word,考え，意見,考え，意見,名詞,pre2:1148;2:987;pre1:3028,3
nowadays,nowadays,pre2,pre2,word,最近，近頃,最近，近頃,副詞,pre2:6,1
nowhere,nowhere,pre2,pre2;2,word,どこにも，どこにでも,どこにも，どこにでも,副詞,pre2:303;2:1105,2
object,object,pre2,pre2;2,word,物体，実体,物体，実体,名詞,pre2:42;2:1910,2
objective,objective,pre2,pre2;2,word,目標，目的,目標，目的,名詞,pre2:411;2:1039,2
observation,observation,pre2,pre2;2;pre1,word,観察，観測,観察，観測,名詞,pre2:791;2:1337;pre1:3186,3
observe,observe,pre2,pre2;2,word,を観察する，を監視する,を観察する，を監視する,動詞,pre2:390;2:537,2
observer,observer,pre2,pre2;2,word,観察者，傍観者,観察者，傍観者,名詞,pre2:625;2:1763,2
obtain,obtain,pre2,pre2;2,word,を手に入れる，を獲得する,を手に入れる，を獲得する,動詞,pre2:945;2:122,2
obvious,obvious,pre2,pre2;2,word,明白な，明瞭な,明白な，明瞭な,形容詞,pre2:947;2:850,2
obviously,obviously,pre2,pre2;2,word,明らかに，明白に,明らかに，明白に,副詞,pre2:514;2:338,2
occasion,occasion,pre2,pre2;2,word,特定の時，行事，祭典,特定の時，行事，祭典,名詞,pre2:567;2:222,2
occasionally,occasionally,pre2,pre2;2,word,時折，稀に,時折，稀に,副詞,pre2:654;2:838,2
occupation,occupation,pre2,pre2;2,word,職業，仕事,職業，仕事,名詞,pre2:352;2:1024,2
occupy,occupy,pre2,pre2;2,word,占める，取る,占める，取る,動詞,pre2:477;2:1999,2
occur,occur,pre2,pre2;2,word,発生する，起こる,発生する，起こる,動詞,pre2:215;2:745,2
on account of,on account of,pre2,pre2;2,phrase,のため，目的の,のため，目的の,熟語,pre2:1268;2:130,2
on average,on average,pre2,pre2;2;1,phrase,平均して，平均値で,平均して，平均値で / 平均して，平均する，平均値で,熟語,pre2:126;2:688;1:1327,3
on behalf of,on behalf of,pre2,pre2;2,phrase,の代わりに，代わって,の代わりに，代わって,熟語,pre2:1267;2:129,2
on purpose,on purpose,pre2,pre2;2,phrase,故意に，わざと,故意に，わざと,熟語,pre2:129;2:312,2
on the contrary,on the contrary,pre2,pre2;2,phrase,その反対で，それどころか,その反対で，それどころか,接続詞,pre2:1344;2:271,2
on the way to,on the way to,pre2,pre2,phrase,道の途中で,道の途中で,熟語,pre2:115,1
operate,operate,pre2,pre2;2,word,操作する，操る,操作する，操る,動詞,pre2:906;2:1164,2
operation,operation,pre2,pre2;2,word,操作，作用,操作，作用,名詞,pre2:396;2:1155,2
operator,operator,pre2,pre2;2,word,操作者，操縦者,操作者，操縦者,名詞,pre2:1058;2:1939,2
opponent,opponent,pre2,pre2;2;pre1,word,相手，対象,相手，対象,名詞,pre2:957;2:977;pre1:3254,3
opportunity,opportunity,pre2,pre2;2,word,機会，好機,機会，好機,名詞,pre2:62;2:311,2
oppose,oppose,pre2,pre2;2,word,反対する，抵抗する,反対する，抵抗する,動詞,pre2:392;2:1122,2
opposite,opposite,pre2,pre2;2,word,反対の，向こう側の,反対の，向こう側の,形容詞,pre2:1130;2:709,2
opposition,opposition,pre2,pre2;2,word,反対，対立,反対，対立,名詞,pre2:766;2:1129,2
orbit,orbit,pre2,pre2;2;pre1,word,"軌道, 軌跡","軌道, 軌跡",名詞,pre2:1477;2:478;pre1:3037,3
organization,organization,pre2,pre2;2,word,組織，団体，協会,組織，団体，協会,名詞,pre2:969;2:939,2
organize,organize,pre2,pre2;2,word,を組織する，を編成する,を組織する，を編成する,動詞,pre2:88;2:59,2
origin,origin,pre2,pre2;2,word,起源，由来,起源，由来,名詞,pre2:1146;2:1492,2
originally,originally,pre2,pre2,word,はじめは，元々は,はじめは，元々は,副詞,pre2:20,1
otherwise,otherwise,pre2,pre2;2,word,さもなければ,さもなければ,副詞,pre2:587;2:2041,2
outcome,outcome,pre2,pre2;2;pre1,word,結果，成果,結果，成果 / 結果,名詞,pre2:646;2:2211;pre1:319,3
over time,over time,pre2,pre2;2,phrase,超過勤務，延長時間,超過勤務，延長時間,熟語,pre2:1404;2:368,2
overall,overall,pre2,pre2;2,word,全体的な，全部の,全体的な，全部の,形容詞,pre2:581;2:167,2
overcome,overcome,pre2,pre2;2,word,を克服する，乗り越える,を克服する，乗り越える,動詞,pre2:89;2:871,2
overlap,overlap,pre2,pre2;2,word,重ねる，積む,重ねる，積む,動詞,pre2:1472;2:470,2
overtake,overtake,pre2,pre2;2;pre1,word,追い越す，追いつく,追い越す，追いつく,動詞,pre2:1440;2:423;pre1:911,3
palm,palm,pre2,pre2;2,word,手のひら，（動物の）前足の裏,手のひら，（動物の）前足の裏,名詞,pre2:528;2:1289,2
pan,pan,pre2,pre2;2,word,フライパン,フライパン,名詞,pre2:289;2:1552,2
participate,participate,pre2,pre2;2,word,参加する，出席する,参加する，出席する,動詞,pre2:963;2:787,2
participate in,participate in,pre2,pre2;2,phrase,に参加する，に加わる,に参加する，に加わる,熟語,pre2:142;2:146,2
particular,particular,pre2,pre2;2,word,特定の，明確な,特定の，明確な,形容詞,pre2:464;2:191,2
particularly,particularly,pre2,pre2;2,word,特に，とりわけ,特に，とりわけ,副詞,pre2:974;2:302,2
partly,partly,pre2,pre2;2,word,部分的に，一部分,部分的に，一部分,副詞,pre2:389;2:1809,2
partnership,partnership,pre2,pre2;2,word,共同，提携,共同，提携,名詞,pre2:707;2:1681,2
party,party,pre2,pre2;2,word,政党，党派,政党，党派,名詞,pre2:901;2:1367,2
passage,passage,pre2,pre2;2,word,一節，節分,一節，節分,名詞,pre2:633;2:1565,2
passenger,passenger,pre2,pre2;2,word,乗客，客,乗客，客,名詞,pre2:321;2:1972,2
patch,patch,pre2,pre2;2,word,当て布，布切れ,当て布，布切れ,名詞,pre2:507;2:1336,2
path,path,pre2,pre2;2,word,小道，細道,小道，細道,名詞,pre2:1192;2:1633,2
patient,patient,pre2,pre2;2,word,我慢強い，患者,我慢強い，患者,名詞,pre2:886;2:1775,2
peak,peak,pre2,pre2;2,word,頂上，頂点,頂上，頂点,名詞,pre2:726;2:1953,2
peer,peer,pre2,pre2;2,word,同僚，仲間,同僚，仲間,名詞,pre2:359;2:1876,2
pension,pension,pre2,pre2;2;pre1,word,年金，老後の資金,年金，老後の資金 / 年金,名詞,pre2:769;2:1333;pre1:1275,3
perceive,perceive,pre2,pre2;2,word,知覚する，感じる,知覚する，感じる,動詞,pre2:250;2:1406,2
percentage,percentage,pre2,pre2;2,word,割合，比率,割合，比率,名詞,pre2:1022;2:1131,2
permission,permission,pre2,pre2;2,word,許可，認可,許可，認可,名詞,pre2:468;2:89,2
permit,permit,pre2,pre2;2,word,を許可する，を認める,を許可する，を認める,動詞,pre2:299;2:201,2
personality,personality,pre2,pre2;2,word,人格，性格,人格，性格,名詞,pre2:773;2:1661,2
personally,personally,pre2,pre2;2,word,個人的に，本人自ら,個人的に，本人自ら,副詞,pre2:443;2:1580,2
personnel,personnel,pre2,pre2,word,人事，職員,人事，職員,名詞,pre2:1027,1
persuade,persuade,pre2,pre2;2,word,を説得する，口説き落とす,を説得する，口説き落とす,動詞,pre2:991;2:667,2
phase,phase,pre2,pre2;2,word,段階，レベル,段階，レベル,名詞,pre2:552;2:1253,2
phenomenon,phenomenon,pre2,pre2;2,word,現象，事象,現象，事象 / 現象,名詞,pre2:529;2:1604;2:2053,3
philosopher,philosopher,pre2,pre2,word,哲学者,哲学者,名詞,pre2:516,1
philosophy,philosophy,pre2,pre2,word,哲学,哲学,名詞,pre2:553,1
physical,physical,pre2,pre2;2,word,身体の，肉体の,身体の，肉体の,形容詞,pre2:838;2:307,2
physician,physician,pre2,pre2;2;pre1,word,医師，内科医,医師，内科医,名詞,pre2:990;2:1138;pre1:3235,3
physics,physics,pre2,pre2;2,word,物理学，物理科学,物理学，物理科学,名詞,pre2:381;2:1055,2
pitch,pitch,pre2,pre2;2,word,投げる，放る,投げる，放る,動詞,pre2:1133;2:1295,2
pleasant,pleasant,pre2,pre2;2,word,楽しい，愉快な,楽しい，愉快な,形容詞,pre2:890;2:1157,2
plenty,plenty,pre2,pre2;2,word,たくさん，多く,たくさん，多く,名詞,pre2:1218;2:1033,2
plenty of,plenty of,pre2,pre2,phrase,たくさんの,たくさんの,熟語,pre2:211,1
policy,policy,pre2,pre2;2,word,政策，方針,政策，方針,名詞,pre2:873;2:337,2
polite,polite,pre2,pre2;2,word,礼儀正しい，丁寧な,礼儀正しい，丁寧な,形容詞,pre2:314;2:1656,2
politely,politely,pre2,pre2;2,word,丁寧に，礼儀正しく,丁寧に，礼儀正しく,副詞,pre2:1298;2:195,2
political,political,pre2,pre2,word,政治の,政治の,形容詞,pre2:387,1
politician,politician,pre2,pre2;2,word,政治家，政府要人,政治家，政府要人,名詞,pre2:526;2:1555,2
politics,politics,pre2,pre2;2,word,政治，政策,政治，政策,名詞,pre2:964;2:1254,2
poll,poll,pre2,pre2;2,word,投票，選挙,投票，選挙,名詞,pre2:816;2:1376,2
pollution,pollution,pre2,pre2;2;pre1,word,汚染，汚れ，汚染物,汚染，汚れ，汚染物,名詞,pre2:1231;2:49;pre1:39,3
popularity,popularity,pre2,pre2;2,word,人気，流行,人気，流行,名詞,pre2:184;2:660,2
population,population,pre2,pre2;2,word,人口，国民,人口，国民,名詞,pre2:402;2:388,2
portable,portable,pre2,pre2;2,word,持ち運べる，携帯用の,持ち運べる，携帯用の,形容詞,pre2:1245;2:82,2
portrait,portrait,pre2,pre2;2,word,肖像画，顔の絵,肖像画，顔の絵,名詞,pre2:494;2:1963,2
possess,possess,pre2,pre2,word,を所有する,を所有する,動詞,pre2:1054,1
possibility,possibility,pre2,pre2;2,word,可能性，実現性,可能性，実現性,名詞,pre2:1174;2:1964,2
possibly,possibly,pre2,pre2;2,word,ひょっとすると，もしかしたら,ひょっとすると，もしかしたら,副詞,pre2:1126;2:1499,2
potential,potential,pre2,pre2;2,word,潜在的な，潜伏している,潜在的な，潜伏している,形容詞,pre2:519;2:1718,2
potentially,potentially,pre2,pre2;2,word,潜在的に，可能性として,潜在的に，可能性として,副詞,pre2:1111;2:1224,2
pour,pour,pre2,pre2;2,word,を注ぐ，激しく降る,を注ぐ，激しく降る,動詞,pre2:1384;2:341,2
poverty,poverty,pre2,pre2;2,word,貧困，貧乏，困窮,貧困，貧乏，困窮,名詞,pre2:1008;2:163,2
practical,practical,pre2,pre2;2,word,実用的な，有用な,実用的な，有用な,形容詞,pre2:655;2:1742,2
praise,praise,pre2,pre2;2,word,をほめる/賞賛,をほめる/賞賛,動詞,pre2:188;2:961,2
prayer,prayer,pre2,pre2;2,word,祈り，礼拝,祈り，礼拝,名詞,pre2:690;2:485,2
predict,predict,pre2,pre2;2;pre1,word,を予想する，を予測する,を予想する，を予測する,動詞,pre2:1026;2:96;pre1:3342,3
prefer,prefer,pre2,pre2;2,word,より好む，好む,より好む，好む,動詞,pre2:65;2:1651,2
pregnant,pregnant,pre2,pre2;2,word,妊娠している，妊娠中の,妊娠している，妊娠中の,形容詞,pre2:849;2:1089,2
preparation,preparation,pre2,pre2;2,word,準備，用意,準備，用意,名詞,pre2:896;2:1901,2
prescription,prescription,pre2,pre2;2;pre1,word,処方，処方箋,処方，処方箋,名詞,pre2:1463;2:456;pre1:573,3
presence,presence,pre2,pre2;2,word,存在，存在感,存在，存在感,名詞,pre2:1116;2:1360,2
present,present,pre2,pre2;2,word,現在の，出席して,現在の，出席して,形容詞,pre2:615;2:1453,2
preserve,preserve,pre2,pre2;2,word,保存/を保存する,保存/を保存する,動詞,pre2:445;2:829,2
preserved,preserved,pre2,pre2;2,word,保存された，保管された,保存された，保管された,形容詞,pre2:1258;2:117,2
pretend,pretend,pre2,pre2;2,word,のふりをする，に成りすます,のふりをする，に成りすます,動詞,pre2:894;2:1107,2
prevent,prevent,pre2,pre2;2,word,を妨げる，予防する,を妨げる，予防する,動詞,pre2:258;2:202,2
prevent A from B,prevent a from b,pre2,pre2;2;pre1;1,phrase,AをBから防ぐ，AをBから保護する,AをBから防ぐ，AをBから保護する / AをBから防ぐ，AをBから保護する，AをBから妨げる,熟語,pre2:1270;2:132;pre1:2180;1:584,4
previous,previous,pre2,pre2;2,word,前の，以前の,前の，以前の,形容詞,pre2:1005;2:1120,2
previously,previously,pre2,pre2;2,word,以前は，前もって,以前は，前もって,副詞,pre2:278;2:173,2
primary,primary,pre2,pre2;2,word,最初の，初めての,最初の，初めての,形容詞,pre2:1001;2:1966,2
primitive,primitive,pre2,pre2;2;pre1,word,原始的な，先史的な,原始的な，先史的な,形容詞,pre2:836;2:1206;pre1:3364,3
principle,principle,pre2,pre2;pre1,word,原理,原理,名詞,pre2:692;pre1:3256,2
prior,prior,pre2,pre2;2;pre1,word,優先の，前の,優先の，前の,形容詞,pre2:335;2:1516;pre1:3341,3
priority,priority,pre2,pre2;2,word,優先度，優越性,優先度，優越性,名詞,pre2:454;2:1326,2
prison,prison,pre2,pre2,word,刑務所,刑務所,名詞,pre2:1172,1
prisoner,prisoner,pre2,pre2;2,word,囚人，受刑者,囚人，受刑者,名詞,pre2:610;2:1328,2
procedure,procedure,pre2,pre2;2,word,手続き，手順,手続き，手順,名詞,pre2:347;2:1300,2
process,process,pre2,pre2;2,word,過程，手順/を加工処理する,過程，手順/を加工処理する,名詞,pre2:1422;2:398,2
production,production,pre2,pre2;2,word,生産，製造,生産，製造,名詞,pre2:275;2:152,2
profit,profit,pre2,pre2;2,word,利益，もうけ,利益，もうけ,名詞,pre2:72;2:57,2
promote,promote,pre2,pre2;2,word,を促進する，を推進する,を促進する，を推進する,動詞,pre2:195;2:226,2
promotion,promotion,pre2,pre2;2,word,昇進，進級,昇進，進級,名詞,pre2:783;2:1844,2
prompt,prompt,pre2,pre2;2;pre1,word,即座の，直ちに,即座の，直ちに,形容詞,pre2:240;2:1477;pre1:3217,3
proof,proof,pre2,pre2,word,証拠,証拠,名詞,pre2:699,1
proper,proper,pre2,pre2;2;pre1,word,適切な，ふさわしい,適切な，ふさわしい,形容詞,pre2:430;2:1607;pre1:3020,3
properly,properly,pre2,pre2;2,word,適切に，適当に,適切に，適当に,副詞,pre2:474;2:71,2
property,property,pre2,pre2;2,word,財産，所有物,財産，所有物,名詞,pre2:1209;2:889,2
proportion,proportion,pre2,pre2;2,word,比率，割合,比率，割合,名詞,pre2:598;2:1025,2
proposal,proposal,pre2,pre2;2,word,提案，勧告,提案，勧告,名詞,pre2:676;2:795,2
propose,propose,pre2,pre2;2,word,を提案する，申し出る,を提案する，申し出る,動詞,pre2:889;2:932,2
proposed,proposed,pre2,pre2;2,word,提案した，提供した,提案した，提供した,形容詞,pre2:423;2:1659,2
prosecution,prosecution,pre2,pre2;2,word,起訴，告訴,起訴，告訴,名詞,pre2:1084;2:1007,2
prosecutor,prosecutor,pre2,pre2;2,word,検察官，検事,検察官，検事,名詞,pre2:614;2:1646,2
prospect,prospect,pre2,pre2;2,word,見込み，眺め,見込み，眺め,名詞,pre2:1480;2:486,2
proud,proud,pre2,pre2;2,word,自慢に思って，誇らしげな,自慢に思って，誇らしげな,形容詞,pre2:589;2:1892,2
proverb,proverb,pre2,pre2;2;pre1,word,ことわざ,ことわざ / ことわざ，格言,名詞,pre2:1143;2:1887;pre1:1817,3
provide,provide,pre2,pre2;2,word,を供給する，提供する,を供給する，提供する,動詞,pre2:1249;2:93,2
provide A with B,provide a with b,pre2,pre2;2;1,phrase,AにBを提供する，AがBを供給する,AにBを提供する，AがBを供給する / AにBを供給する，AにBを提供する,熟語,pre2:1469;2:465;1:951,3
province,province,pre2,pre2;2,word,州，地方,州，地方,名詞,pre2:716;2:1660,2
provision,provision,pre2,pre2;2,word,供給，支給,供給，支給,名詞,pre2:933;2:1085,2
psychological,psychological,pre2,pre2;2,word,心理的な，精神的な,心理的な，精神的な,形容詞,pre2:1144;2:1611,2
psychologist,psychologist,pre2,pre2;2,word,心理学者，精神科学者,心理学者，精神科学者,名詞,pre2:768;2:157,2
public,public,pre2,pre2;2,word,公共の，共有の,公共の，共有の,形容詞,pre2:954;2:1354,2
publication,publication,pre2,pre2;2,word,出版物，刊行物,出版物，刊行物,名詞,pre2:616;2:1754,2
publish,publish,pre2,pre2;2,word,を出版する，発行する,を出版する，発行する,動詞,pre2:1228;2:39,2
pull away,pull away,pre2,pre2;2,phrase,引き離す，引き剥がす,引き離す，引き剥がす,熟語,pre2:1387;2:345,2
punctual,punctual,pre2,pre2;2;pre1,word,規則正しい，時間通りの,規則正しい，時間通りの,形容詞,pre2:1374;2:324;pre1:804,3
punish,punish,pre2,pre2;2,word,を罰する，懲らしめる,を罰する，懲らしめる,動詞,pre2:189;2:264,2
purchase,purchase,pre2,pre2;2,word,を購入する/購入,を購入する/購入,動詞,pre2:1064;2:169,2
put down,put down,pre2,pre2;1,phrase,置く,置く / 下へ降ろす，下に置く,熟語,pre2:116;1:3657,2
qualify,qualify,pre2,pre2;2,word,に資格を与える，認可する,に資格を与える，認可する,動詞,pre2:276;2:715,2
quality,quality,pre2,pre2;2,word,質，特性,質，特性,名詞,pre2:11;2:86,2
quarrel,quarrel,pre2,pre2;2;pre1,word,喧嘩，口論，言い争い,喧嘩，口論，言い争い,名詞,pre2:1337;2:261;pre1:12,3
quit,quit,pre2,pre2;2,word,やめる，中止する,やめる，中止する,動詞,pre2:80;2:47,2
radical,radical,pre2,pre2;2;pre1,word,急進的な，抜本的な,急進的な，抜本的な,形容詞,pre2:1121;2:1363;pre1:3248,3
range,range,pre2,pre2;2,word,範囲，幅,範囲，幅,名詞,pre2:244;2:657,2
rapid,rapid,pre2,pre2;2,word,急速な，急激な,急速な，急激な,形容詞,pre2:1118;2:1479,2
rare,rare,pre2,pre2;2,word,まれな，珍しい,まれな，珍しい,形容詞,pre2:1293;2:184,2
rarely,rarely,pre2,pre2;2,word,めったに～ない，稀に,めったに～ない，稀に,副詞,pre2:98;2:700,2
rather,rather,pre2,pre2;2,word,むしろ，どちらかといえば,むしろ，どちらかといえば,副詞,pre2:154;2:900,2
rational,rational,pre2,pre2;2;pre1,word,理性のある,理性のある / 理性的な，合理的な,形容詞,pre2:842;2:1407;pre1:3398,3
reach out,reach out,pre2,pre2;2,phrase,手を延ばす，手を差し出す,手を延ばす，手を差し出す,熟語,pre2:1265;2:127,2
react,react,pre2,pre2;2,word,反応する，返答する,反応する，返答する,動詞,pre2:597;2:524,2
reaction,reaction,pre2,pre2;2,word,反応，反響,反応，反響,名詞,pre2:795;2:966,2
rebel,rebel,pre2,pre2;2,word,反逆者，造反者,反逆者，造反者,名詞,pre2:438;2:1569,2
recall,recall,pre2,pre2;2;pre1,word,呼び戻す，思い出す,呼び戻す，思い出す,動詞,pre2:824;2:1077;pre1:3266,3
recent,recent,pre2,pre2;2,word,最近の，新しい,最近の，新しい,形容詞,pre2:304;2:954,2
recession,recession,pre2,pre2;2,word,不況，後退,不況，後退,名詞,pre2:1170;2:1672,2
recommend,recommend,pre2,pre2;2,word,を推薦する，を勧める,を推薦する，を勧める,動詞,pre2:397;2:8,2
recommendation,recommendation,pre2,pre2;2,word,推薦，推奨,推薦，推奨,名詞,pre2:845;2:193,2
recover,recover,pre2,pre2;2,word,回復する，元に戻る,回復する，元に戻る,動詞,pre2:196;2:986,2
recovery,recovery,pre2,pre2;2,word,回復，復元,回復，復元,名詞,pre2:492;2:1873,2
reduce,reduce,pre2,pre2;2,word,を減らす，縮小する,を減らす，縮小する,動詞,pre2:60;2:4,2
reduction,reduction,pre2,pre2;2,word,削減，減少,削減，減少,名詞,pre2:1062;2:1195,2
refer,refer,pre2,pre2;2,word,を参考にする，参照する,を参考にする，参照する / 言及する,動詞,pre2:511;2:2117,2
reflection,reflection,pre2,pre2;2,word,反響，反射,反響，反射,名詞,pre2:1326;2:247,2
refrigerator,refrigerator,pre2,pre2;pre1,word,冷蔵庫,冷蔵庫 / 冷蔵庫，冷却装置,名詞,pre2:107;pre1:229,2
refugee,refugee,pre2,pre2;2,word,難民，避難者,難民，避難者,名詞,pre2:1145;2:1093,2
refuse,refuse,pre2,pre2;2,word,を拒否する，拒む,を拒否する，拒む,動詞,pre2:1439;2:421,2
regarding,regarding,pre2,pre2;2,word,に関して，について,に関して，について,前置詞,pre2:900;2:1714,2
region,region,pre2,pre2;2,word,地域，領域,地域，領域,名詞,pre2:935;2:1650,2
regional,regional,pre2,pre2;2,word,地方の，地域の,地方の，地域の,形容詞,pre2:685;2:1041,2
regret,regret,pre2,pre2;2,word,後悔する/後悔，遺憾,後悔する/後悔，遺憾,動詞,pre2:339;2:1380,2
regulation,regulation,pre2,pre2;2,word,規制，規定,規制，規定,名詞,pre2:1011;2:1906,2
reject,reject,pre2,pre2;2,word,拒絶する，断る,拒絶する，断る,動詞,pre2:715;2:988,2
related to,related to,pre2,pre2;2,phrase,に関連する，に関わる,に関連する，に関わる,熟語,pre2:1359;2:295,2
relevant,relevant,pre2,pre2;2;pre1,word,関連のある，適切な,関連のある，適切な,形容詞,pre2:790;2:1244;pre1:3055,3
religion,religion,pre2,pre2;2,word,宗教，信仰,宗教，信仰,名詞,pre2:875;2:97,2
rely,rely,pre2,pre2;2,word,頼る，依存する,頼る，依存する,動詞,pre2:1061;2:1474,2
rely on,rely on,pre2,pre2;2;pre1,phrase,に頼る，を当てにする,に頼る，を当てにする,熟語,pre2:117;2:176;2:2086;pre1:1101,4
remain,remain,pre2,pre2;2,word,のままである，残る,のままである，残る,動詞,pre2:927;2:58;2:2189,3
remaining,remaining,pre2,pre2;2,word,残りの，残余の,残りの，残余の,形容詞,pre2:640;2:1960,2
remark,remark,pre2,pre2,word,ことば,ことば,名詞,pre2:1034,1
remarkable,remarkable,pre2,pre2;2,word,目立った，際立った,目立った，際立った,形容詞,pre2:361;2:1770,2
remind,remind,pre2,pre2;2,word,に思い出させる，に気付かせる,に思い出させる，に気付かせる,動詞,pre2:698;2:83,2
remind of,remind of,pre2,pre2;2,phrase,を思い出させる，気づかせる,を思い出させる，気づかせる,熟語,pre2:1446;2:432,2
remove,remove,pre2,pre2;2,word,を取り除く，を除去する,を取り除く，を除去する,動詞,pre2:956;2:51,2
rent,rent,pre2,pre2;2,word,家賃，賃料,家賃，賃料,名詞,pre2:1071;2:1362,2
repair,repair,pre2,pre2;2,word,を修理する，修繕する,を修理する，修繕する,動詞,pre2:512;2:72,2
replace,replace,pre2,pre2;2,word,を取り換える，を交換する,を取り換える，を交換する,動詞,pre2:1049;2:53,2
replacement,replacement,pre2,pre2;2;pre1,word,置換，代替,置換，代替,名詞,pre2:1303;2:207;pre1:110,3
reply,reply,pre2,pre2;2,word,返答する，応答する,返答する，応答する,動詞,pre2:765;2:1921,2
represent,represent,pre2,pre2;2,word,を表す，を代表する,を表す，を代表する,動詞,pre2:806;2:319,2
representation,representation,pre2,pre2;2,word,表現，表示,表現，表示,名詞,pre2:346;2:1050,2
representative,representative,pre2,pre2;2,word,代表者，代理人,代表者，代理人,名詞,pre2:572;2:1002,2
reputation,reputation,pre2,pre2;2,word,評判，評価,評判，評価,名詞,pre2:551;2:1125,2
research,research,pre2,pre2;2,word,研究/研究する,研究/研究する,名詞,pre2:231;2:643,2
reserve,reserve,pre2,pre2;2,word,を取っておく，を保管する,を取っておく，を保管する,動詞,pre2:94;2:1603,2
resistance,resistance,pre2,pre2;2,word,抵抗，反対,抵抗，反対,名詞,pre2:908;2:1948,2
resolution,resolution,pre2,pre2;2,word,解決，決意,解決，決意,名詞,pre2:1036;2:1018,2
respond,respond,pre2,pre2;2,word,反応する，と返答する,反応する，と返答する,動詞,pre2:504;2:160,2
responsibility,responsibility,pre2,pre2;2,word,責任，義務,責任，義務,名詞,pre2:247;2:976,2
responsible,responsible,pre2,pre2;2,word,責任がある，責任が伴う,責任がある，責任が伴う,形容詞,pre2:206;2:325,2
restore,restore,pre2,pre2;2,word,を元に戻す，を修復する,を元に戻す，を修復する,動詞,pre2:353;2:99,2
restrict,restrict,pre2,pre2;2,word,を制限する，を限定する,を制限する，を限定する,動詞,pre2:1441;2:424,2
restriction,restriction,pre2,pre2;2,word,制限，限定,制限，限定,名詞,pre2:1222;2:1478,2
result,result,pre2,pre2,word,結果,結果,名詞,pre2:453,1
retire,retire,pre2,pre2;2,word,退職する，引退する,退職する，引退する,動詞,pre2:312;2:895,2
retirement,retirement,pre2,pre2;2,word,退職，引退,退職，引退,名詞,pre2:763;2:1870,2
revenue,revenue,pre2,pre2;2;pre1,word,収益，所得,収益，所得,名詞,pre2:1136;2:1387;pre1:2221,3
reverse,reverse,pre2,pre2;2,word,反対の，裏側の,反対の，裏側の,形容詞,pre2:879;2:712,2
revolution,revolution,pre2,pre2;2,word,革命，変革,革命，変革,名詞,pre2:782;2:171,2
reward,reward,pre2,pre2;2,word,褒美，報酬,褒美，報酬,名詞,pre2:659;2:1424,2
role,role,pre2,pre2;2,word,役割，職務,役割，職務,名詞,pre2:302;2:731,2
roll,roll,pre2,pre2;2,word,"転がる, 転ぶ","転がる, 転ぶ",動詞,pre2:583;2:477,2
rough,rough,pre2,pre2;2,word,ごつごつした，粗い,ごつごつした，粗い,形容詞,pre2:522;2:1658,2
rub,rub,pre2,pre2;2,word,こする，さする,こする，さする,動詞,pre2:1075;2:1608,2
ruin,ruin,pre2,pre2;2,word,を台無しにする，破滅する/破滅,を台無しにする，破滅する/破滅,動詞,pre2:1437;2:418,2
rural,rural,pre2,pre2;2,word,田舎の，農村の,田舎の，農村の,形容詞,pre2:412;2:1411,2
rush,rush,pre2,pre2,word,突進する，急ぐ，急ぎ,突進する，急ぐ，急ぎ,動詞,pre2:752,1
salary,salary,pre2,pre2;2,word,給与，報酬,給与，報酬,名詞,pre2:238;2:1071,2
satellite,satellite,pre2,pre2;2,word,衛星，人工衛星,衛星，人工衛星,名詞,pre2:457;2:1804,2
satisfaction,satisfaction,pre2,pre2;2,word,満足，充足,満足，充足,名詞,pre2:1073;2:1057,2
scheme,scheme,pre2,pre2;2;pre1,word,計画，企画,計画，企画 / 計画，案,名詞,pre2:775;2:1211;pre1:1864,3
scientific,scientific,pre2,pre2;2,word,科学の，理科の,科学の，理科の,形容詞,pre2:817;2:1766,2
sculpture,sculpture,pre2,pre2;2;pre1,word,彫刻，彫像,彫刻，彫像,名詞,pre2:727;2:634;pre1:326,3
secretary,secretary,pre2,pre2;2,word,秘書，秘書官,秘書，秘書官,名詞,pre2:962;2:1879,2
seek,seek,pre2,pre2;2,word,求める，捜し出す,求める，捜し出す,動詞,pre2:421;2:969,2
seize,seize,pre2,pre2;2;pre1,word,つかむ，把握する,つかむ，把握する,動詞,pre2:1086;2:1680;pre1:3289,3
seldom,seldom,pre2,pre2;2,word,めったに～しない，稀に,めったに～しない，稀に,副詞,pre2:848;2:1449,2
senate,senate,pre2,pre2;2,word,上院，上院議会,上院，上院議会,名詞,pre2:490;2:1118,2
sensitive,sensitive,pre2,pre2;2,word,敏感な，感じやすい,敏感な，感じやすい,形容詞,pre2:764;2:517,2
sequence,sequence,pre2,pre2;2,word,連続，継続,連続，継続,名詞,pre2:1175;2:1231,2
settle,settle,pre2,pre2;2,word,決着させる，解決する,決着させる，解決する,動詞,pre2:869;2:1344,2
settlement,settlement,pre2,pre2;2,word,移住，定住,移住，定住,名詞,pre2:1114;2:1679,2
severe,severe,pre2,pre2;2,word,厳しい，厳格な,厳しい，厳格な,形容詞,pre2:1186;2:1462,2
sharp,sharp,pre2,pre2;2,word,鋭い，先鋭的な,鋭い，先鋭的な,形容詞,pre2:35;2:1246,2
shooting,shooting,pre2,pre2;2,word,撮影，射撃,撮影，射撃,名詞,pre2:554;2:1670,2
shortage,shortage,pre2,pre2;2,word,不足，欠乏,不足，欠乏,名詞,pre2:1207;2:1687,2
shortly,shortly,pre2,pre2;2,word,まもなく，近々,まもなく，近々,副詞,pre2:1154;2:1609,2
show off,show off,pre2,pre2;pre1;1,phrase,見せびらかす,見せびらかす / 見せびらかす，自慢する,熟語,pre2:146;pre1:1399;1:1544,3
shrug,shrug,pre2,pre2;2;pre1,word,肩をすくめる，無視する,肩をすくめる，無視する,動詞,pre2:1057;2:1825;pre1:3193,3
sigh,sigh,pre2,pre2;2,word,ため息をつく，溜め息をつく,ため息をつく，溜め息をつく / ため息をつく，ため息を出す,動詞,pre2:1151;2:1307,2
significance,significance,pre2,pre2;2,word,重要性，意義,重要性，意義,名詞,pre2:354;2:1741,2
significant,significant,pre2,pre2;2,word,重要な，大切な,重要な，大切な,形容詞,pre2:463;2:1486,2
significantly,significantly,pre2,pre2;2,word,かなり，相当に,かなり，相当に,副詞,pre2:748;2:1974,2
silence,silence,pre2,pre2;pre1,word,沈黙,沈黙 / 沈黙，静けさ,名詞,pre2:32;pre1:56,2
silly,silly,pre2,pre2;2,word,馬鹿な，愚かな,馬鹿な，愚かな,形容詞,pre2:81;2:1510,2
similar,similar,pre2,pre2;2,word,似ている，類似の,似ている，類似の,形容詞,pre2:1230;2:43,2
similar to,similar to,pre2,pre2;2,phrase,に似ている，類似している,に似ている，類似している,熟語,pre2:145;2:316,2
similarly,similarly,pre2,pre2;2,word,同様に，一様に,同様に，一様に,副詞,pre2:545;2:707,2
since then,since then,pre2,pre2;2,phrase,それ以来，それ以降,それ以来，それ以降,熟語,pre2:1274;2:138,2
sink,sink,pre2,pre2;2,word,沈む，沈没する,沈む，沈没する,動詞,pre2:74;2:1088,2
slide,slide,pre2,pre2;2,word,滑る，滑走する,滑る，滑走する,動詞,pre2:447;2:1044,2
slight,slight,pre2,pre2;2,word,かすかな，わずかの,かすかな，わずかの,形容詞,pre2:1176;2:1473,2
slightly,slightly,pre2,pre2;2,word,わずかに，少し,わずかに，少し,副詞,pre2:1059;2:134,2
slip,slip,pre2,pre2,word,滑る,滑る,動詞,pre2:802,1
so-called,so-called,pre2,pre2;2,word,いわゆる，通称,いわゆる，通称,形容詞,pre2:265;2:1993,2
social,social,pre2,pre2;2,word,社会の，共同体の,社会の，共同体の,形容詞,pre2:518;2:543,2
society,society,pre2,pre2;2,word,社会，共同体,社会，共同体,名詞,pre2:850;2:980,2
solid,solid,pre2,pre2;2,word,固い，固形の,固い，固形の,形容詞,pre2:1030;2:1399,2
solution,solution,pre2,pre2;2,word,解決法，解明,解決法，解明,名詞,pre2:217;2:23,2
somewhat,somewhat,pre2,pre2,word,いくぶん，いくらか,いくぶん，いくらか,副詞,pre2:1221,1
sooner or later,sooner or later,pre2,pre2,phrase,遅かれ早かれ,遅かれ早かれ,熟語,pre2:143,1
sophisticated,sophisticated,pre2,pre2;2;pre1,word,洗練された，高雅な,洗練された，高雅な,形容詞,pre2:307;2:1308;pre1:3045,3
source,source,pre2,pre2;2,word,情報源，原因,情報源，原因,名詞,pre2:410;2:1001,2
specific,specific,pre2,pre2;2,word,具体的な，特定の,具体的な，特定の,形容詞,pre2:1397;2:358,2
spectator,spectator,pre2,pre2;2;pre1,word,観客，見物人,観客，見物人,名詞,pre2:1444;2:428;pre1:45,3
spill,spill,pre2,pre2;2,word,をこぼす，溢れる,をこぼす，溢れる,動詞,pre2:714;2:785,2
split,split,pre2,pre2;2,word,割る，裂く,割る，裂く,動詞,pre2:636;2:1732,2
squeeze,squeeze,pre2,pre2;2;pre1,word,絞る，押しつぶす,絞る，押しつぶす,動詞,pre2:631;2:1331;pre1:3072,3
stable,stable,pre2,pre2;2,word,安定した，安泰な,安定した，安泰な,形容詞,pre2:487;2:546,2
stake,stake,pre2,pre2;2,word,くい，掛け金,くい，掛け金,名詞,pre2:1125;2:1662,2
stand out,stand out,pre2,pre2;2;pre1;1,phrase,目立つ，すぐれている,目立つ，すぐれている / 目立つ，注目を集める，注目を浴びる,熟語,pre2:1340;2:267;pre1:2956;1:1698,4
stare,stare,pre2,pre2;2,word,じっと見つめる，しきりに観察する,じっと見つめる，しきりに観察する,動詞,pre2:480;2:1847,2
state,state,pre2,pre2;2,word,状態，状況,状態，状況,名詞,pre2:887;2:1136,2
statistics,statistics,pre2,pre2;2,word,統計，数字,統計，数字,名詞,pre2:1333;2:256,2
status,status,pre2,pre2;2,word,状態，身分,状態，身分,名詞,pre2:383;2:1332,2
stay away from,stay away from,pre2,pre2,phrase,離れている，距離がある,離れている，距離がある,熟語,pre2:130,1
steel,steel,pre2,pre2;2,word,鋼鉄，鉄,鋼鉄，鉄,名詞,pre2:254;2:1985,2
stimulate,stimulate,pre2,pre2;2,word,を刺激する，元気づける,を刺激する，元気づける,動詞,pre2:694;2:957,2
stir,stir,pre2,pre2;2;pre1,word,"をかき混ぜる, 混ぜる","をかき混ぜる, 混ぜる",動詞,pre2:1476;2:476;pre1:340,3
stock,stock,pre2,pre2;2;pre1,word,株，在庫/を在庫に持つ,株，在庫/を在庫に持つ,名詞,pre2:1442;2:426;pre1:341,3
stomach,stomach,pre2,pre2,word,腹,腹,名詞,pre2:212,1
storage,storage,pre2,pre2;2,word,保管場所，倉庫,保管場所，倉庫 / 倉庫，保管場所,名詞,pre2:297;2:1903,2
straight on,straight on,pre2,pre2;2,phrase,まっすぐに，直線的に,まっすぐに，直線的に,熟語,pre2:1450;2:436,2
strain,strain,pre2,pre2;2;pre1;1,word,張る，伸ばす,張る，伸ばす / 引っ張る,動詞,pre2:301;2:1723;pre1:3322;1:3214,4
strangely,strangely,pre2,pre2;2,word,不思議なことに，奇妙に,不思議なことに，奇妙に,副詞,pre2:1382;2:339,2
strategy,strategy,pre2,pre2;2,word,戦略，戦術,戦略，戦術,名詞,pre2:360;2:1807,2
stream,stream,pre2,pre2;2,word,流れ，水流,流れ，水流,名詞,pre2:391;2:1871,2
strike,strike,pre2,pre2;2,word,叩く，打つ,叩く，打つ,動詞,pre2:912;2:587,2
string,string,pre2,pre2,word,紐，糸,紐，糸,名詞,pre2:1094,1
stroke,stroke,pre2,pre2;2,word,打撃，衝撃,打撃，衝撃,名詞,pre2:1206;2:1214,2
strongly,strongly,pre2,pre2;2,word,強く，激しく,強く，激しく,副詞,pre2:1104;2:1141,2
structure,structure,pre2,pre2;2,word,構造，建造物,構造，建造物,名詞,pre2:328;2:1130,2
stupid,stupid,pre2,pre2;2,word,馬鹿な，愚かな,馬鹿な，愚かな,形容詞,pre2:1007;2:1715,2
submit,submit,pre2,pre2;2,word,を提出する，に服従する,を提出する，に服従する,動詞,pre2:538;2:945,2
substance,substance,pre2,pre2;2,word,物質，実態,物質，実態,名詞,pre2:1010;2:230,2
succeed in,succeed in,pre2,pre2,phrase,に成功する,に成功する,熟語,pre2:133,1
sudden,sudden,pre2,pre2;2,word,突然の，急な,突然の，急な,形容詞,pre2:1028;2:1484,2
suffer,suffer,pre2,pre2;2,word,を患う，苦しむ,を患う，苦しむ,動詞,pre2:439;2:303,2
suffer from,suffer from,pre2,pre2;2,phrase,で苦しむ，悩まされる,で苦しむ，悩まされる,熟語,pre2:131;2:60;2:2047,3
suffering,suffering,pre2,pre2;2,word,苦しみ，悩み,苦しみ，悩み,名詞,pre2:224;2:1234,2
sufficient,sufficient,pre2,pre2;2,word,十分な，足りている,十分な，足りている,形容詞,pre2:1319;2:237,2
suggest,suggest,pre2,pre2;2,word,を提案する，勧める,を提案する，勧める,動詞,pre2:593;2:780,2
suggestion,suggestion,pre2,pre2;2,word,提案，案,提案，案,名詞,pre2:671;2:1934,2
suicide,suicide,pre2,pre2;2,word,自殺，自害,自殺，自害,名詞,pre2:517;2:1374,2
suit,suit,pre2,pre2;2,word,適合する，合致する,適合する，合致する,動詞,pre2:862;2:1526,2
suitable,suitable,pre2,pre2;2,word,適した，好都合な,適した，好都合な,形容詞,pre2:961;2:1799,2
sum,sum,pre2,pre2;2,word,合計，総計,合計，総計,名詞,pre2:520;2:1538,2
summit,summit,pre2,pre2;2;pre1,word,頂上，山頂,頂上，山頂,名詞,pre2:1065;2:1192;pre1:3205,3
superior,superior,pre2,pre2;2,word,より優れた，優越な,より優れた，優越な,形容詞,pre2:893;2:733,2
suppose,suppose,pre2,pre2;2,word,だと思う，と仮定する,だと思う，と仮定する,動詞,pre2:744;2:1084,2
supreme,supreme,pre2,pre2;2;pre1,word,最高の，至高の,最高の，至高の,形容詞,pre2:1185;2:1382;pre1:1874,3
surface,surface,pre2,pre2;2,word,表面，水面,表面，水面,名詞,pre2:44;2:514,2
surgery,surgery,pre2,pre2;2,word,手術，外科,手術，外科,名詞,pre2:794;2:1987,2
suspect,suspect,pre2,pre2;2,word,疑う，だと思う,疑う，だと思う,動詞,pre2:1014;2:1982,2
sustain,sustain,pre2,pre2;2;pre1,word,保持する，維持する,保持する，維持する,動詞,pre2:800;2:1691;pre1:3346,3
swear,swear,pre2,pre2;2,word,誓う，宣誓する,誓う，宣誓する,動詞,pre2:606;2:975,2
symmetry,symmetry,pre2,pre2;2;1,word,対称，左右対称,対称，左右対称 / 対称,名詞,pre2:1401;2:362;1:1977,3
sympathy,sympathy,pre2,pre2;2;pre1,word,同情，思いやり,同情，思いやり,名詞,pre2:1262;2:123;pre1:34,3
symptom,symptom,pre2,pre2;2,word,症状，兆候,症状，兆候,名詞,pre2:729;2:1250,2
tail,tail,pre2,pre2;2,word,尾，尾部,尾，尾部,名詞,pre2:1091;2:1152,2
take after,take after,pre2,pre2;2;pre1,phrase,をまねる，に似る,をまねる，に似る,熟語,pre2:1311;2:223;pre1:3236,3
take over,take over,pre2,pre2;2;pre1,phrase,"を引き継ぐ, 継承","を引き継ぐ, 継承",熟語,pre2:103;2:494;pre1:3183,3
talented,talented,pre2,pre2,word,才能のある,才能のある,形容詞,pre2:230,1
task,task,pre2,pre2;2,word,仕事，職業,仕事，職業,名詞,pre2:590;2:1647,2
teenager,teenager,pre2,pre2;2,word,十代，少年期,十代，少年期,名詞,pre2:1200;2:1527,2
temper,temper,pre2,pre2;2;pre1;1,word,気性，かんしゃく,気性，かんしゃく / 気性,名詞,pre2:1432;2:410;pre1:11;1:2254,4
temperature,temperature,pre2,pre2;2,word,温度，気温,温度，気温,名詞,pre2:173;2:560,2
temporarily,temporarily,pre2,pre2;2,word,一時的に，仮に,一時的に，仮に,副詞,pre2:1468;2:464,2
temporary,temporary,pre2,pre2;2,word,一時的な，短期的な,一時的な，短期的な,形容詞,pre2:1046;2:219,2
term,term,pre2,pre2;2,word,期間，専門用語,期間，専門用語,名詞,pre2:585;2:1610,2
terminal,terminal,pre2,pre2;2,word,終りの，末端の,終りの，末端の,形容詞,pre2:1334;2:258,2
terror,terror,pre2,pre2;2,word,恐怖，恐れ,恐怖，恐れ,名詞,pre2:1165;2:1798,2
thanks to,thanks to,pre2,pre2;2,phrase,のおかげで，感謝して,のおかげで，感謝して,熟語,pre2:99;2:652,2
the other,the other,pre2,pre2;2,phrase,もう一方の，反対側の,もう一方の，反対側の,形容詞,pre2:1455;2:441,2
theory,theory,pre2,pre2;2,word,理論，学説,理論，学説,名詞,pre2:426;2:180,2
therapy,therapy,pre2,pre2;2,word,治療，療法,治療，療法,名詞,pre2:295;2:1048,2
therefore,therefore,pre2,pre2;2,word,それゆえ，だから,それゆえ，だから,副詞,pre2:613;2:27,2
thick,thick,pre2,pre2;2,word,厚い，肥厚な,厚い，肥厚な,形容詞,pre2:379;2:1359,2
threat,threat,pre2,pre2;2,word,脅威，危機,脅威，危機,名詞,pre2:831;2:901,2
threaten,threaten,pre2,pre2,word,を脅かす,を脅かす,動詞,pre2:343,1
throat,throat,pre2,pre2;2,word,のど，咽喉,のど，咽喉,名詞,pre2:532;2:1546,2
throughout,throughout,pre2,pre2;2,word,至るところに，終始,至るところに，終始,前置詞,pre2:444;2:1834,2
throw away,throw away,pre2,pre2;2,phrase,廃棄する，を捨てる,廃棄する，を捨てる,熟語,pre2:1419;2:391,2
tight,tight,pre2,pre2;2,word,狭い，締まった,狭い，締まった,形容詞,pre2:33;2:541,2
till,till,pre2,pre2;2,word,まで，至る,まで，至る,接続詞;前置詞,pre2:473;2:1622,2
tissue,tissue,pre2,pre2;2,word,組織,組織 / 細胞組織，薄い織物,名詞,pre2:1018;2:2257,2
to some extent,to some extent,pre2,pre2;2,phrase,いくらか，ある程度,いくらか，ある程度,熟語,pre2:1342;2:269,2
toe,toe,pre2,pre2;2,word,つま先，足の指,つま先，足の指,名詞,pre2:1085;2:1269,2
tolerate,tolerate,pre2,pre2;2;pre1,word,に耐える，寛大に取り扱う,に耐える，寛大に取り扱う,動詞,pre2:1279;2:148;pre1:591,3
tongue,tongue,pre2,pre2;2,word,言葉，舌,言葉，舌,名詞,pre2:626;2:1111,2
totally,totally,pre2,pre2;2,word,完全に，全く,完全に，全く,副詞,pre2:804;2:1774,2
toward,toward,pre2,pre2;2,word,向かって，のほうへ,向かって，のほうへ,前置詞,pre2:1100;2:1259,2
towards,towards,pre2,pre2;2,word,の方へ，向かって,の方へ，向かって,前置詞,pre2:461;2:1780,2
trading,trading,pre2,pre2,word,取引,取引,名詞,pre2:1191,1
traffic,traffic,pre2,pre2;2,word,交通，運輸,交通，運輸,名詞,pre2:58;2:1814,2
transfer,transfer,pre2,pre2;2,word,を移す，を転送する,を移す，を転送する,動詞,pre2:1029;2:1396,2
transform,transform,pre2,pre2;2,word,を変える，を改変する,を変える，を改変する,動詞,pre2:832;2:1395,2
transition,transition,pre2,pre2;2,word,遷移，変遷,遷移，変遷,名詞,pre2:982;2:1421,2
translate,translate,pre2,pre2;2,word,を翻訳する，通訳する,を翻訳する，通訳する,動詞,pre2:198;2:182,2
treat,treat,pre2,pre2;2,word,を扱う，待遇する,を扱う，待遇する,動詞,pre2:153;2:452,2
treatment,treatment,pre2,pre2;2,word,扱い，処理,扱い，処理,名詞,pre2:877;2:616,2
treaty,treaty,pre2,pre2;pre1,word,条約,条約,名詞,pre2:735;pre1:3138,2
tribe,tribe,pre2,pre2;2,word,部族，種族,部族，種族,名詞,pre2:730;2:1970,2
trigger,trigger,pre2,pre2;2,word,引き金，誘因,引き金，誘因,名詞,pre2:382;2:1393,2
truly,truly,pre2,pre2;2,word,真に，正確に,真に，正確に,副詞,pre2:1166;2:963,2
truth,truth,pre2,pre2;2,word,真実，事実,真実，事実,名詞,pre2:388;2:1636,2
try out,try out,pre2,pre2;2;pre1,phrase,を試す，十分に試してみる,を試す，十分に試してみる,熟語,pre2:1388;2:346;pre1:619,3
turn A into B,turn a into b,pre2,pre2;2,phrase,AをBに(質的に)変える，AをBに(質的に)転換する,AをBに(質的に)変える，AをBに(質的に)転換する,熟語,pre2:1275;2:139,2
turn down,turn down,pre2,pre2;pre1;1,phrase,断る,断る / を断る，拒む / を断る，拒む，拒絶する,熟語,pre2:147;pre1:2523;1:958,3
turn into,turn into,pre2,pre2;2,phrase,に変わる，に転ずる,に変わる，に転ずる,熟語,pre2:1424;2:400,2
typical,typical,pre2,pre2;2,word,典型的な，代表的な,典型的な，代表的な,形容詞,pre2:368;2:1837,2
typically,typically,pre2,pre2;2,word,典型的に，一般的に,典型的に，一般的に,副詞,pre2:1067;2:1061,2
unable,unable,pre2,pre2;2,word,できない，不能である,できない，不能である,形容詞,pre2:177;2:25,2
unbelievable,unbelievable,pre2,pre2;2,word,信じられない，信じがたい,信じられない，信じがたい,形容詞,pre2:1429;2:406,2
unfortunately,unfortunately,pre2,pre2;2,word,残念なことに，不幸にも,残念なことに，不幸にも,副詞,pre2:345;2:28,2
union,union,pre2,pre2;2,word,統合，一致,統合，一致,名詞,pre2:609;2:1357,2
unique,unique,pre2,pre2;2,word,他に類を見ない，唯一の,他に類を見ない，唯一の,形容詞,pre2:895;2:1334,2
unit,unit,pre2,pre2;2,word,単位，員数,単位，員数,名詞,pre2:220;2:1749,2
universal,universal,pre2,pre2;2,word,普遍的な，万能の,普遍的な，万能の,形容詞,pre2:1155;2:1940,2
unknown,unknown,pre2,pre2;2,word,未知の，未明らかな,未知の，未明らかな / 未知の，分からない,形容詞,pre2:248;2:1265,2
unless,unless,pre2,pre2;2,word,でない限り，除いて,でない限り，除いて,接続詞,pre2:1183;2:1178,2
unlike,unlike,pre2,pre2;2,word,と異なって，とは違って,と異なって，とは違って,前置詞,pre2:733;2:70,2
upset,upset,pre2,pre2;2,word,気持ちが動揺した，ひっくり返す,気持ちが動揺した，ひっくり返す,形容詞,pre2:308;2:1219,2
urban,urban,pre2,pre2;2,word,都会の，市内の,都会の，市内の,形容詞,pre2:550;2:1204,2
urgent,urgent,pre2,pre2;2;pre1,word,緊急の，急を要する,緊急の，急を要する,形容詞,pre2:1322;2:243;pre1:161,3
useless,useless,pre2,pre2;2,word,役に立たない，むだな,役に立たない，むだな,形容詞,pre2:1025;2:1430,2
vague,vague,pre2,pre2;2;pre1,word,漠然とした，あいまいな,漠然とした，あいまいな,形容詞,pre2:1434;2:413;pre1:142,3
valuable,valuable,pre2,pre2;2,word,貴重な，価値のある,貴重な，価値のある,形容詞,pre2:471;2:161,2
variation,variation,pre2,pre2;2,word,変化，変動,変化，変動,名詞,pre2:1006;2:1525,2
various,various,pre2,pre2;2,word,様々な，多様な,様々な，多様な,形容詞,pre2:728;2:489,2
vary,vary,pre2,pre2;pre1,word,多様化する，異なる,多様化する，異なる,動詞,pre2:479;pre1:3174,2
vehicle,vehicle,pre2,pre2;2,word,乗り物，車,乗り物，車,名詞,pre2:926;2:7,2
venture,venture,pre2,pre2;2;pre1,word,冒険的事業，投機的事業,冒険的事業，投機的事業,名詞,pre2:1212;2:1079;pre1:3268,3
via,via,pre2,pre2,word,～経由で,～経由で,前置詞,pre2:621,1
victim,victim,pre2,pre2;2,word,犠牲者，被害者,犠牲者，被害者,名詞,pre2:881;2:487,2
viewer,viewer,pre2,pre2;2,word,観察者，視聴者，監視人,観察者，視聴者，監視人,名詞,pre2:456;2:1590,2
violate,violate,pre2,pre2;2;pre1,word,違反する，破る,違反する，破る,動詞,pre2:1378;2:330;pre1:797,3
virtually,virtually,pre2,pre2;2,word,実質的に，事実上,実質的に，事実上,副詞,pre2:569;2:1808,2
virus,virus,pre2,pre2;2,word,ウイルス，病原体,ウイルス，病原体,名詞,pre2:469;2:1366,2
visible,visible,pre2,pre2;2,word,"目に見える, 可視的","目に見える, 可視的",形容詞,pre2:857;2:490,2
vision,vision,pre2,pre2,word,未来像,未来像,名詞,pre2:213,1
vital,vital,pre2,pre2;2;pre1,word,極めて重要な，生命の,極めて重要な，生命の,形容詞,pre2:245;2:904;pre1:3245,3
vote,vote,pre2,pre2;2,word,投票する/投票権,投票する/投票権,動詞,pre2:242;2:1378,2
vote for,vote for,pre2,pre2;2;1,phrase,に賛成する，に投票する,に賛成する，に投票する,熟語,pre2:1290;2:177;1:3892,3
voter,voter,pre2,pre2;2,word,投票者，選挙人,投票者，選挙人,名詞,pre2:651;2:1769,2
vulnerable,vulnerable,pre2,pre2;2;pre1,word,傷つきやすい，繊細,傷つきやすい，繊細,形容詞,pre2:475;2:1471;pre1:2130,3
wealthy,wealthy,pre2,pre2;2,word,裕福な，豊かな,裕福な，豊かな,形容詞,pre2:82;2:755,2
weight,weight,pre2,pre2;2,word,重さ，体重,重さ，体重,名詞,pre2:1107;2:1840,2
well off,well off,pre2,pre2;2,phrase,裕福な，富裕な,裕福な，富裕な,形容詞,pre2:1449;2:435,2
what is called,what is called,pre2,pre2;2,phrase,いわゆる，通称,いわゆる，通称,熟語,pre2:1400;2:361,2
What is more,what is more,pre2,pre2;2;pre1;1,phrase,さらに，その上,さらに，その上 / さらに，さらには,接続詞;熟語,pre2:1405;2:369;pre1:113;1:1135,4
whatever,whatever,pre2,pre2;2,word,なんでも，何もかも,なんでも，何もかも,代名詞,pre2:1042;2:1568,2
whenever,whenever,pre2,pre2;2,word,する時はいつでも，する際は常に,する時はいつでも，する際は常に,接続詞,pre2:751;2:1163,2
wherever,wherever,pre2,pre2;2,word,どこでも，どの場所でも,どこでも，どの場所でも,接続詞,pre2:409;2:1783,2
whether,whether,pre2,pre2;2,word,どちらか，いずれか,どちらか，いずれか,接続詞,pre2:405;2:973,2
whisper,whisper,pre2,pre2;2;pre1,word,ささやく，を耳打ちする,ささやく，を耳打ちする,動詞,pre2:1327;2:249;pre1:3012,3
whom,whom,pre2,pre2,word,誰を,誰を,代名詞,pre2:635,1
widely,widely,pre2,pre2;2,word,広範囲に，多くの範囲に,広範囲に，多くの範囲に,副詞,pre2:1072;2:1572,2
wildlife,wildlife,pre2,pre2;2,word,野生動物，野生生物,野生動物，野生生物,名詞,pre2:313;2:1865,2
wipe,wipe,pre2,pre2;2,word,を拭く，拭き取る,を拭く，拭き取る,動詞,pre2:656;2:721,2
wisdom,wisdom,pre2,pre2;2,word,知恵，賢明さ,知恵，賢明さ,名詞,pre2:938;2:1818,2
wise,wise,pre2,pre2;2,word,賢い，賢明な,賢い，賢明な,形容詞,pre2:799;2:1677,2
withdraw,withdraw,pre2,pre2;2,word,を撤回する，引き下がる/引き出す,を撤回する，引き下がる/引き出す,動詞,pre2:570;2:420,2
witness,witness,pre2,pre2;2;pre1,word,目撃者，証人/を目撃する,目撃者，証人/を目撃する,名詞,pre2:993;2:162;pre1:3363,3
work out,work out,pre2,pre2;2;pre1;1,phrase,練習する，運動する,練習する，運動する / 体を鍛える，うまく行く，解決する,熟語,pre2:1313;2:225;pre1:2406;1:61,4
yield,yield,pre2,pre2;2;1,word,産出する，生ずる,産出する，生ずる / 産出する，与える,動詞,pre2:525;2:1696;1:4182,3
a bunch of,a bunch of,2,2;1,phrase,たくさんの，多量の,たくさんの，多量の,熟語,2:2264;1:2969,2
a couple of,a couple of,2,2,phrase,少数の,少数の,熟語,2:2209,1
abolish,abolish,2,2;pre1,word,廃止する,廃止する,動詞,2:2221;pre1:898,2
abortion,abortion,2,2,word,中絶，妊娠中絶,中絶，妊娠中絶,名詞,2:1184,1
abrupt,abrupt,2,2;pre1;1,word,突然の，不意の,突然の，不意の / 突然の，急な,形容詞,2:581;pre1:1031;1:1400,3
absence,absence,2,2,word,不在，欠席,不在，欠席,名詞,2:1965,1
absolute,absolute,2,2;pre1,word,絶対的な，完全な,絶対的な，完全な,形容詞,2:1878;pre1:3328,2
absorb in,absorb in,2,2,phrase,吸収する，没頭する,吸収する，没頭する,熟語,2:791,1
abstract,abstract,2,2;pre1,word,抽象的な，非具体的な,抽象的な，非具体的な,形容詞,2:985;pre1:3252,2
academically,academically,2,2,word,学問的に，知識的に,学問的に，知識的に,副詞,2:959,1
accommodate,accommodate,2,2;pre1,word,収容する,収容する,動詞,2:2054;pre1:1157,2
accommodation,accommodation,2,2;pre1,word,宿泊施設,宿泊施設,名詞,2:2138;pre1:865,2
accomplishment,accomplishment,2,2;pre1,word,完成，成果,完成，成果,名詞,2:875;pre1:690,2
account for,account for,2,2,phrase,を説明する，解説する,を説明する，解説する,熟語,2:767,1
accumulate,accumulate,2,2;pre1;1,word,蓄積する,蓄積する / 蓄積する，貯蔵する,動詞,2:2296;pre1:1293;1:472,3
accuracy,accuracy,2,2;pre1,word,正確さ，精密,正確さ，精密,名詞,2:825;pre1:1028,2
accustomed,accustomed,2,2,word,慣れている，いつもの,慣れている，いつもの,形容詞,2:1618,1
acknowledge,acknowledge,2,2;pre1,word,を認める，認める,を認める，認める,動詞,2:1981;pre1:3365,2
acquaint,acquaint,2,2;pre1;1,word,知らせる,知らせる / に知らせる / 知らせる，通知する,動詞,2:732;pre1:851;1:721,3
acquaintance,acquaintance,2,2;pre1,word,知人，友人,知人，友人,名詞,2:1875;pre1:3194,2
acquire,acquire,2,2,word,を身につける,を身につける,動詞,2:2298,1
act on,act on,2,2;pre1;1,phrase,を決定する，決議する,を決定する，決議する / に従って行動する，従う,熟語,2:903;pre1:2611;1:601,3
acute,acute,2,2;pre1,word,鋭角の,鋭角の,形容詞,2:2245;pre1:873,2
ad,ad,2,2,word,広告，宣伝,広告，宣伝,名詞,2:1888,1
add to,add to,2,2,phrase,付け加える，増やす,付け加える，増やす,熟語,2:944,1
addicted,addicted,2,2,word,癖になった,癖になった,形容詞,2:2050,1
adequate,adequate,2,2;pre1,word,適切で，十分な,適切で，十分な,形容詞,2:750;pre1:3198,2
adjust,adjust,2,2,word,を調節する，調整する,を調節する，調整する,動詞,2:1137,1
adolescent,adolescent,2,2;pre1,word,思春期の,思春期の,名詞,2:2183;pre1:2123,2
advertisement,advertisement,2,2;pre1,word,広告，宣伝,広告，宣伝,名詞,2:924;pre1:355,2
affection,affection,2,2,word,愛情，好意,愛情，好意,名詞,2:953,1
afterwards,afterwards,2,2,word,その後,その後,副詞,2:2218,1
aggression,aggression,2,2,word,攻撃性，侵略,攻撃性，侵略,名詞,2:1508,1
aggressive,aggressive,2,2,word,攻撃的な，侵略的な,攻撃的な，侵略的な,形容詞,2:1427,1
agricultural,agricultural,2,2;pre1,word,農業の，農作物の,農業の，農作物の,形容詞,2:905;pre1:328,2
aisle,aisle,2,2;pre1,word,通路,通路,名詞,2:2056;pre1:632,2
alive,alive,2,2,word,生きている，存命の,生きている，存命の,形容詞,2:1716,1
all around the world,all around the world,2,2,phrase,世界中の，全世界の,世界中の，全世界の,熟語,2:373,1
along with,along with,2,2;pre1;1,phrase,に沿って,に沿って / に沿って，従って，伴って,熟語,2:2106;pre1:1673;1:459,3
aloud,aloud,2,2,word,声に出して，大声で,声に出して，大声で,副詞,2:1826,1
altitude,altitude,2,2;pre1,word,高度,高度,名詞,2:2265;pre1:1578,2
altogether,altogether,2,2,word,完全に，まったく,完全に，まったく,副詞,2:906,1
ambiguous,ambiguous,2,2;pre1;1,word,あいまいな,あいまいな / 曖昧な，多義的な,形容詞,2:2147;pre1:2313;1:4273,3
ambition,ambition,2,2,word,野望,野望,名詞,2:2185,1
ambulance,ambulance,2,2,word,救急車，救援車,救急車，救援車,名詞,2:934,1
amount to,amount to,2,2,phrase,成る，達する,成る，達する,熟語,2:568,1
amuse,amuse,2,2;pre1,word,楽しませる，娯楽を提供する,楽しませる，娯楽を提供する,動詞,2:656;pre1:3039,2
anger,anger,2,2,word,怒り，憤り,怒り，憤り,名詞,2:1026,1
angle,angle,2,2,word,"角度, 角","角度, 角",名詞,2:495,1
annual,annual,2,2,word,毎年の，年毎の,毎年の，年毎の,形容詞,2:1080,1
apparent,apparent,2,2;pre1,word,外見上の，明白な,外見上の，明白な,形容詞,2:1329;pre1:3197,2
appetite,appetite,2,2,word,食欲，食い気,食欲，食い気,名詞,2:1898,1
applause,applause,2,2;pre1,word,拍手かっさい，称賛,拍手かっさい，称賛,名詞,2:843;pre1:44,2
application,application,2,2,word,適用，応用,適用，応用,名詞,2:1848,1
apply for,apply for,2,2,phrase,を申し込む,を申し込む,熟語,2:2029,1
approve,approve,2,2,word,承認する,承認する,動詞,2:2170,1
approximately,approximately,2,2;pre1,word,約，おおよそ,約，おおよそ,副詞,2:592;pre1:491,2
architecture,architecture,2,2;pre1,word,建築,建築,名詞,2:2228;pre1:889,2
Arctic,arctic,2,2;pre1,word,北極地方,北極地方,名詞,2:2006;pre1:3349,2
as a matter of fact,as a matter of fact,2,2,phrase,実際のところ,実際のところ,熟語,2:2002,1
as far as I know,as far as i know,2,2,phrase,私の知る限り,私の知る限り,熟語,2:2014,1
as follows,as follows,2,2,phrase,次のとおり，以下の通り,次のとおり，以下の通り,熟語,2:929,1
as if,as if,2,2,phrase,まるで～かのように,まるで～かのように,熟語,2:2017,1
as though,as though,2,2,phrase,まるで，あたかも,まるで，あたかも,接続詞,2:505,1
assemble,assemble,2,2;pre1,word,組み立てる,組み立てる,動詞,2:2200;pre1:578,2
assembly,assembly,2,2,word,集合，群集,集合，群集,名詞,2:1558,1
assess,assess,2,2;pre1,word,評価する，査定する,評価する，査定する,動詞,2:1006;pre1:3221,2
assign,assign,2,2;pre1,word,割り当てる,割り当てる,動詞,2:2227;pre1:511,2
assist,assist,2,2,word,手伝う，促進する,手伝う，促進する,動詞,2:1016,1
associated with,associated with,2,2,phrase,と関連した，紐づいた,と関連した，紐づいた,熟語,2:549,1
assure,assure,2,2;pre1,word,保証する，確証する,保証する，確証する,動詞,2:1976;pre1:3284,2
astonish,astonish,2,2,word,ひどく驚かす，驚かせる,ひどく驚かす，驚かせる,動詞,2:861,1
at a loss,at a loss,2,2,phrase,途方に暮れて，困惑して,途方に暮れて，困惑して,熟語,2:686,1
at best,at best,2,2,phrase,せいぜい，良くとも,せいぜい，良くとも,副詞,2:603,1
at times,at times,2,2,phrase,時々,時々,熟語,2:2231,1
atomic,atomic,2,2,word,原子の，素粒子の,原子の，素粒子の,形容詞,2:1306,1
attach to,attach to,2,2,phrase,に添える，に取り付ける,に添える，に取り付ける,熟語,2:622,1
avenue,avenue,2,2,word,大通り,大通り,名詞,2:2020,1
awkward,awkward,2,2;pre1;1,word,ぎこちない,ぎこちない / ぎこちない，不器用な,形容詞,2:2179;pre1:761;1:193,3
background,background,2,2,word,背景，背後,背景，背後,名詞,2:1242,1
bang,bang,2,2,word,ドンドン叩く/ズドンという音,ドンドン叩く/ズドンという音,動詞,2:1944,1
basin,basin,2,2;pre1,word,盆地,盆地,名詞,2:2203;pre1:439,2
be accustomed to,be accustomed to,2,2,phrase,に慣れている，馴染んでいる,に慣れている，馴染んでいる,熟語,2:937,1
be concerned about,be concerned about,2,2,phrase,について気をかける，心配する,について気をかける，心配する,熟語,2:703,1
be connected to,be connected to,2,2,phrase,に接続する，をつなぐ,に接続する，をつなぐ,熟語,2:570,1
be considered to,be considered to,2,2,phrase,と見なされる，と認識される,と見なされる，と認識される,熟語,2:567,1
be effective at,be effective at,2,2,phrase,で効果的である,で効果的である,熟語,2:647,1
be engaged in,be engaged in,2,2,phrase,に従事している,に従事している,熟語,2:2207,1
be involved in,be involved in,2,2,phrase,に関与する，に介入する,に関与する，に介入する,熟語,2:571,1
be known for,be known for,2,2,phrase,で知られている，有名である,で知られている，有名である,熟語,2:542,1
be made from,be made from,2,2,phrase,から作られる，を原料とする,から作られる，を原料とする,熟語,2:574,1
be obliged to,be obliged to,2,2;1,phrase,義務付けられる，やむを得ずする,義務付けられる，やむを得ずする / 義務を負う，責任を持つ,熟語,2:810;1:3372,2
be pleased with,be pleased with,2,2,phrase,を喜ぶ，喜びを感じる,を喜ぶ，喜びを感じる,熟語,2:506,1
be short of,be short of,2,2,phrase,が不足する，欠ける,が不足する，欠ける,熟語,2:692,1
be threatened to,be threatened to,2,2,phrase,に脅かされる，に恐れられる,に脅かされる，に恐れられる,熟語,2:577,1
be well of,be well of,2,2,phrase,元気で,元気で,熟語,2:2210,1
be willing to,be willing to,2,2,phrase,する気のある,する気のある,熟語,2:2194,1
beat,beat,2,2,word,打ち負かす,打ち負かす,動詞,2:2278,1
before long,before long,2,2;1,phrase,間もなく,間もなく / まもなく，遠からず,熟語,2:2072;1:2381,2
beg,beg,2,2,word,懇願する，願い出る,懇願する，願い出る,動詞,2:1243,1
behalf,behalf,2,2,word,代わって，の代わりに,代わって，の代わりに,名詞,2:1649,1
beneath,beneath,2,2,word,の下に，以下に,の下に，以下に,前置詞,2:1284,1
beverage,beverage,2,2;pre1,word,飲料,飲料,名詞,2:2095;pre1:1908,2
biology,biology,2,2;pre1,word,生物学,生物学,名詞,2:2073;pre1:497,2
blame for,blame for,2,2,phrase,の責任を問う，を責める,の責任を問う，を責める,熟語,2:848,1
blast,blast,2,2;pre1,word,爆風，突風,爆風，突風,名詞,2:1553;pre1:3154,2
bleed,bleed,2,2;pre1,word,出血する,出血する,動詞,2:2132;pre1:440,2
blink,blink,2,2;pre1,word,瞬きをする，瞬間を過ごす,瞬きをする，瞬間を過ごす,動詞,2:1819;pre1:3085,2
bloom,bloom,2,2,word,咲く,咲く,動詞,2:2225,1
bold,bold,2,2;pre1,word,勇敢な,勇敢な,形容詞,2:2288;pre1:130,2
bound for,bound for,2,2;1,phrase,行きの，方向の,行きの，方向の / 行きの，向けの,熟語,2:892;1:3081,2
bow,bow,2,2,word,お辞儀する，頭を下げる,お辞儀する，頭を下げる,動詞,2:1693,1
break out,break out,2,2;pre1,phrase,勃発する,勃発する,熟語,2:2176;pre1:3036,2
breeze,breeze,2,2;pre1,word,そよ風,そよ風,名詞,2:2289;pre1:190,2
bring up,bring up,2,2,phrase,持ち出す,持ち出す,熟語,2:2078,1
Buddhist,buddhist,2,2,word,仏教,仏教,名詞,2:2013,1
budget,budget,2,2,word,予算，経費,予算，経費,名詞,2:835,1
bully,bully,2,2;pre1,word,いじめっ子,いじめっ子,名詞,2:2145;pre1:2068,2
bureau,bureau,2,2;pre1,word,事務局，たんす,事務局，たんす,名詞,2:2102;pre1:3046,2
burst,burst,2,2,word,破裂する，破れる,破裂する，破れる,動詞,2:1962,1
bury,bury,2,2,word,埋める，充填する,埋める，充填する,動詞,2:1860,1
buyer,buyer,2,2,word,買い手，購入者,買い手，購入者,名詞,2:1621,1
by degrees,by degrees,2,2,phrase,徐々に,徐々に,熟語,2:2168,1
by heart,by heart,2,2,phrase,体で覚えて，身体的に覚える,体で覚えて，身体的に覚える,熟語,2:956,1
by means of,by means of,2,2,phrase,によって，を用いて,によって，を用いて,熟語,2:909;2:2258,2
by nature,by nature,2,2,phrase,本来，生来,本来，生来,熟語,2:858,1
by the end of,by the end of,2,2,phrase,の終わりまでに,の終わりまでに,熟語,2:2075,1
calm down,calm down,2,2,phrase,落ち着く，安心する,落ち着く，安心する,熟語,2:535,1
candidate,candidate,2,2,word,候補者，志願者,候補者，志願者,名詞,2:1113,1
capacity,capacity,2,2;pre1,word,容量，容積,容量，容積,名詞,2:511;pre1:68,2
carry out,carry out,2,2;pre1,phrase,を成し遂げる，実行する,を成し遂げる，実行する / を成し遂げる,熟語,2:396;2:2184;pre1:3347,3
cash,cash,2,2,word,現金，手元資金,現金，手元資金,名詞,2:1725,1
cave,cave,2,2,word,ほら穴，洞窟,ほら穴，洞窟,名詞,2:1816,1
cease,cease,2,2,word,やめる，中止する,やめる，中止する,動詞,2:1639,1
charm,charm,2,2;pre1,word,魅力，引力,魅力，引力,名詞,2:1288;pre1:3040,2
checkup,checkup,2,2;pre1,word,健康診断，照合,健康診断，照合,名詞,2:559;pre1:1175,2
chemistry,chemistry,2,2,word,化学,化学,名詞,2:2123,1
circuit,circuit,2,2,word,回路，巡回,回路，巡回,名詞,2:1440,1
civil,civil,2,2,word,市民の，住民の,市民の，住民の,形容詞,2:1372,1
civilize,civilize,2,2,word,文明化する，開化させる,文明化する，開化させる,動詞,2:723,1
classical,classical,2,2,word,古典の，古代の,古典の，古代の,形容詞,2:1021,1
cling,cling,2,2,word,くっつく，接着する,くっつく，接着する,動詞,2:964,1
clip,clip,2,2,word,切る，切り取る/クリップ,切る，切り取る/クリップ,動詞,2:965,1
colleague,colleague,2,2;pre1,word,同僚，仲間,同僚，仲間,名詞,2:1213;pre1:737,2
come across,come across,2,2;pre1,phrase,を横切る，出くわす,を横切る，出くわす,熟語,2:884;2:2188;pre1:3169,3
come into being,come into being,2,2,phrase,生まれ出る，生ずる,生まれ出る，生ずる,熟語,2:683,1
come out,come out,2,2,phrase,出てくる，世に出る,出てくる，世に出る,熟語,2:880,1
commissioner,commissioner,2,2,word,委員，理事,委員，理事,名詞,2:1098,1
commit,commit,2,2;pre1,word,専念，ゆだねる,専念，ゆだねる,動詞,2:769;pre1:3057,2
committee,committee,2,2,word,委員会，会議,委員会，会議,名詞,2:1064,1
commodity,commodity,2,2;pre1,word,商品,商品,名詞,2:2003;pre1:1135,2
communist,communist,2,2,word,共産主義者，共産党員,共産主義者，共産党員,名詞,2:1706,1
commute,commute,2,2;pre1,word,通勤する，取り替える,通勤する，取り替える,動詞,2:713;pre1:3084,2
companion,companion,2,2,word,仲間，同志,仲間，同志,名詞,2:1629,1
comparison,comparison,2,2,word,比較，対照,比較，対照,名詞,2:1705,1
compassion,compassion,2,2;pre1,word,思いやり,思いやり,名詞,2:2163;pre1:2045,2
compile,compile,2,2;pre1,word,編集する,編集する,動詞,2:2162;pre1:2036,2
complain of,complain of,2,2;pre1;1,phrase,の不満を漏らす，について苦情を言う,の不満を漏らす，について苦情を言う / を訴える，の不平を言う,熟語,2:832;pre1:334;1:3215,3
complexity,complexity,2,2;pre1,word,複雑さ，錯綜さ,複雑さ，錯綜さ,名詞,2:1194;pre1:910,2
compliment,compliment,2,2;pre1;1,word,褒め言葉,褒め言葉 / 褒め言葉，賞賛，称賛,名詞,2:2172;pre1:3343;1:1785,3
composition,composition,2,2,word,構成，制作,構成，制作,名詞,2:1151,1
comprehend,comprehend,2,2;pre1;1,word,理解する,理解する / 理解する，把握する,動詞,2:2295;pre1:1276;1:165,3
conceal,conceal,2,2;pre1;1,word,隠す,隠す / 隠す，秘密にする,動詞,2:2069;pre1:582;1:88,3
confess,confess,2,2;pre1,word,を打ち明ける，白状する,を打ち明ける，白状する,動詞,2:796;2:2175;pre1:55,3
confine,confine,2,2;pre1,word,制限する，限定する,制限する，限定する,動詞,2:1283;pre1:3300,2
confirm,confirm,2,2,word,確認する，確かめる,確認する，確かめる,動詞,2:1514,1
conform,conform,2,2;pre1,word,従う,従う,動詞,2:2088;pre1:1882,2
confront,confront,2,2,word,直面させる，に立ち向かう,直面させる，に立ち向かう,動詞,2:1632,1
confusion,confusion,2,2,word,混乱，無秩序,混乱，無秩序,名詞,2:1625,1
congratulations on,congratulations on,2,2,phrase,に対するお祝い，祝福,に対するお祝い，祝福,熟語,2:552,1
connect,connect,2,2,word,つなげる，接続する,つなげる，接続する,動詞,2:1210,1
conquer,conquer,2,2;pre1,word,征服する,征服する,動詞,2:2108;pre1:457,2
consciously,consciously,2,2,word,意識的に，故意に,意識的に，故意に,副詞,2:591,1
consequently,consequently,2,2;pre1,word,その結果として，それゆえに,その結果として，それゆえに,副詞,2:1203;pre1:183,2
conservation,conservation,2,2,word,保全，保護,保全，保護,名詞,2:1645,1
consist of,consist of,2,2,phrase,から成り立っている,から成り立っている,熟語,2:2217,1
constitute,constitute,2,2;pre1,word,構成する，組み立てる,構成する，組み立てる,動詞,2:1767;pre1:3230,2
constitution,constitution,2,2,word,憲法，構成，組織,憲法，構成，組織,名詞,2:1476,1
container,container,2,2;pre1,word,容器，入れ物,容器，入れ物,名詞,2:651;pre1:115,2
contract,contract,2,2;pre1,word,契約，協定,契約，協定,名詞,2:1852;pre1:3353,2
converse,converse,2,2;pre1;1,word,逆の,逆の / 話す,形容詞,2:2110;pre1:2545;1:2106,3
convict,convict,2,2;pre1;1,word,有罪とする,有罪とする / 有罪とする，罪を宣告する,動詞,2:2028;pre1:1301;1:259,3
cop,cop,2,2,word,警官，警察官,警官，警察官,名詞,2:1760,1
cope with,cope with,2,2;pre1,phrase,に対処する，に対応する,に対処する，に対応する / に対処する,熟語,2:213;2:2129;pre1:3013,3
cough,cough,2,2,word,咳払いする/咳,咳払いする/咳,名詞/動詞,2:788,1
counter,counter,2,2,word,に対抗する，に立ち向かう,に対抗する，に立ち向かう,動詞,2:1373,1
cover,cover,2,2,word,を覆う，隠す,を覆う，隠す,動詞,2:1641,1
create,create,2,2,word,創造する，考案する,創造する，考案する,動詞,2:899,1
crew,crew,2,2,word,乗組員，船員,乗組員，船員,名詞,2:1585,1
critic,critic,2,2,word,批評家，評論家,批評家，評論家,名詞,2:1201,1
critics,critics,2,2,word,評論家，批評家,評論家，批評家,名詞,2:520,1
crown,crown,2,2,word,王冠，王座,王冠，王座,名詞,2:1762,1
cruise,cruise,2,2,word,巡航する，航行する,巡航する，航行する,動詞,2:1521,1
cultivate,cultivate,2,2;pre1,word,耕作する，耕す,耕作する，耕す,動詞,2:1225;pre1:3119,2
cure,cure,2,2,word,治療する，療養する,治療する，療養する,動詞,2:1353,1
cut down,cut down,2,2;pre1,phrase,を減らす，削減する,を減らす，削減する,熟語,2:2287;pre1:847,2
dare,dare,2,2,word,思い切ってする，断行する,思い切ってする，断行する,動詞,2:1720,1
deaf,deaf,2,2,word,耳が不自由な，耳が聞こえない,耳が不自由な，耳が聞こえない,形容詞,2:890,1
deal with,deal with,2,2;pre1,phrase,に対処する，に対応する,に対処する，に対応する / に対処する,熟語,2:22;2:2064;pre1:805,3
decent,decent,2,2;pre1,word,まともな,まともな,形容詞,2:2032;pre1:1146,2
dedicate,dedicate,2,2;pre1,word,に専念する，奉納する,に専念する，奉納する,動詞,2:654;pre1:1051,2
defend,defend,2,2,word,を守る，保護する,を守る，保護する,動詞,2:482,1
definite,definite,2,2,word,明確な，限定的な,明確な，限定的な,形容詞,2:1923,1
deliberately,deliberately,2,2;pre1,word,故意に，慎重に,故意に，慎重に,副詞,2:1485;pre1:1128,2
delicate,delicate,2,2,word,繊細な，きめ細かい,繊細な，きめ細かい,形容詞,2:662,1
deliver,deliver,2,2,word,配達する，届ける,配達する，届ける,動詞,2:896,1
democratic,democratic,2,2,word,民主主義の，民主政治の,民主主義の，民主政治の,形容詞,2:982,1
dentist,dentist,2,2,word,歯医者，歯科医,歯医者，歯科医,名詞,2:962,1
depress,depress,2,2,word,落胆させる，失望させる,落胆させる，失望させる,動詞,2:1571,1
descend,descend,2,2;pre1,word,下降する,下降する,動詞,2:2157;pre1:393,2
description,description,2,2,word,説明書，記述,説明書，記述,名詞,2:928,1
designate,designate,2,2;pre1,word,選定する,選定する,動詞,2:2022;pre1:2150,2
desirable,desirable,2,2,word,望ましい，理想的な,望ましい，理想的な,形容詞,2:1846,1
destination,destination,2,2;pre1,word,目的地，行き先,目的地，行き先,名詞,2:2021;pre1:271,2
devastate,devastate,2,2;pre1,word,荒廃させる,荒廃させる,動詞,2:2235;pre1:2165,2
devise,devise,2,2,word,考え出す，工夫する,考え出す，工夫する,動詞,2:1447,1
dialect,dialect,2,2;pre1,word,方言，地域言語,方言，地域言語 / 方言,名詞,2:1434;pre1:837,2
differ,differ,2,2;pre1,word,異なる，違う,異なる，違う,動詞,2:774;pre1:308,2
digest,digest,2,2;pre1,word,要約/消化する,要約/消化する,名詞/動詞;名詞,2:701;pre1:443,2
dignity,dignity,2,2,word,威厳，尊厳,威厳，尊厳,名詞,2:1117,1
diminish,diminish,2,2;pre1,word,減らす，小さくする,減らす，小さくする / 減らす,動詞,2:1733;pre1:1012,2
dip,dip,2,2;pre1,word,少し浸す,少し浸す,動詞,2:2113;pre1:637,2
disadvantage,disadvantage,2,2,word,不利益，不利な立場，損失,不利益，不利な立場，損失,名詞,2:800,1
display,display,2,2,word,展示する，陳列する,展示する，陳列する,動詞,2:1417,1
dispute,dispute,2,2;pre1,word,争議/論争する,争議/論争する,名詞;名詞／動詞,2:1683;pre1:3048,2
distinct,distinct,2,2,word,他と違った，別の,他と違った，別の,形容詞,2:1644,1
distort,distort,2,2;pre1,word,歪める,歪める,動詞,2:2005;pre1:1771,2
distract,distract,2,2;pre1,word,気を散らす，気をそらす,気を散らす，気をそらす,動詞,2:864;pre1:1651,2
distributor,distributor,2,2,word,卸売業者，問屋,卸売業者，問屋,名詞,2:583,1
division,division,2,2,word,分割，割り当て,分割，割り当て,名詞,2:1789,1
divorce,divorce,2,2,word,離婚/離婚する,離婚/離婚する,名詞,2:1667,1
dizziness,dizziness,2,2,word,めまい，立ち眩み,めまい，立ち眩み,名詞,2:837,1
dizzy,dizzy,2,2;pre1;1,word,めまいがする，ふらふらする,めまいがする，ふらふらする / めまいがする，目が回る,形容詞,2:504;pre1:1264;1:647,3
do away with,do away with,2,2;pre1;1,phrase,廃止する，取り消す,廃止する，取り消す / 廃止する / を廃止する，除く，無くす,熟語,2:807;2:2274;pre1:61;1:1616,4
document,document,2,2,word,書類,書類,名詞,2:2197,1
documentary,documentary,2,2;pre1,word,事実を記録した,事実を記録した,形容詞,2:2244;pre1:1049,2
domain,domain,2,2;pre1,word,領地,領地,名詞,2:2023;pre1:1464,2
dominate,dominate,2,2,word,を支配する，を統制する,を支配する，を統制する,動詞,2:1543,1
donation,donation,2,2;pre1,word,寄贈，寄付,寄贈，寄付,名詞,2:813;pre1:1210,2
dormitory,dormitory,2,2;pre1,word,寮，大部屋,寮，大部屋,名詞,2:2046;pre1:3321,2
doubtfully,doubtfully,2,2,word,疑わしく，怪しい,疑わしく，怪しい,副詞,2:515,1
drag,drag,2,2,word,引っ張る，引きずる,引っ張る，引きずる,動詞,2:877,1
drought,drought,2,2;pre1,word,干ばつ,干ばつ,名詞,2:2085;pre1:2897,2
drug,drug,2,2,word,麻薬，薬,麻薬，薬,名詞,2:1498,1
due to,due to,2,2;pre1;1,phrase,が原因で，によって,が原因で，によって / が原因で / のせいで，の理由で,熟語,2:431;2:2058;pre1:1333;1:1221,4
earnest,earnest,2,2,word,真剣な,真剣な,形容詞,2:2127,1
economics,economics,2,2,word,経済学，財政学,経済学，財政学,名詞,2:1364,1
editor,editor,2,2,word,編集者，論客,編集者，論客,名詞,2:1894,1
effectively,effectively,2,2,word,効果的に，事実上,効果的に，事実上,副詞,2:1722,1
elaborate,elaborate,2,2,word,手の込んだ，複雑な,手の込んだ，複雑な,形容詞,2:1092,1
electrical,electrical,2,2,word,電気の，電気を用いた,電気の，電気を用いた,形容詞,2:1207,1
elementary,elementary,2,2,word,初級の，入門の,初級の，入門の,形容詞,2:1589,1
eliminate,eliminate,2,2;pre1,word,を取り除く，を排除する,を取り除く，を排除する,動詞,2:1335;pre1:3330,2
embarrassed,embarrassed,2,2;pre1;1,word,恥ずかしい,恥ずかしい / 恥ずかしい，照れる,形容詞,2:2098;pre1:971;1:391,3
emperor,emperor,2,2,word,皇帝，天皇,皇帝，天皇,名詞,2:2096,1
empire,empire,2,2,word,帝国，王国,帝国，王国,名詞,2:1739,1
empty,empty,2,2,word,何も入っていない，空っぽの,何も入っていない，空っぽの,形容詞,2:1746,1
endanger,endanger,2,2;pre1,word,危険にさらす,危険にさらす,動詞,2:2202;pre1:2094,2
endow,endow,2,2;pre1,word,寄付する,寄付する,動詞,2:2159;pre1:2015,2
enrich,enrich,2,2;pre1,word,豊かにする,豊かにする,動詞,2:2152;pre1:1512,2
ensure,ensure,2,2,word,を確実にする，を保証する,を確実にする，を保証する,動詞,2:1020,1
enterprise,enterprise,2,2,word,会社，事業,会社，事業,名詞,2:1787,1
enthusiasm,enthusiasm,2,2,word,情熱，熱狂,情熱，熱狂,名詞,2:1995,1
entitle to,entitle to,2,2,phrase,に資格を与える，認定する,に資格を与える，認定する,熟語,2:781,1
envy,envy,2,2;pre1,word,妬み，羨望,妬み，羨望,名詞,2:597;pre1:385,2
equality,equality,2,2,word,平等さ,平等さ,名詞,2:2247,1
equivalent,equivalent,2,2;pre1,word,等しい，同等の,等しい，同等の,形容詞,2:1737;pre1:3159,2
era,era,2,2;pre1,word,時代，世代,時代，世代,名詞,2:1158;pre1:213,2
erosion,erosion,2,2,word,侵食,侵食,名詞,2:2121,1
essentially,essentially,2,2,word,本質的に，根本的に,本質的に，根本的に,副詞,2:1481,1
etc,etc,2,2,word,等々，などなど,等々，などなど,名詞,2:1588,1
evident,evident,2,2,word,明らかな，明白な,明らかな，明白な,形容詞,2:1969,1
evoke,evoke,2,2;pre1;1,word,呼び起こす,呼び起こす / 呼び起こす，引き起こす,動詞,2:2122;pre1:2511;1:154,3
evolve,evolve,2,2;pre1,word,進化する，発展する,進化する，発展する,動詞,2:1998;pre1:3314,2
exact,exact,2,2,word,ちょうど，正確な,ちょうど，正確な,形容詞,2:635,1
exaggerate,exaggerate,2,2;pre1,word,を誇張する，大げさに言う,を誇張する，大げさに言う,動詞,2:598;pre1:777,2
except for,except for,2,2,phrase,を除いては，を別にすれば,を除いては，を別にすれば,熟語,2:604,1
excess,excess,2,2;pre1,word,過剰，超過,過剰，超過,名詞,2:993;pre1:3237,2
excessive,excessive,2,2,word,過度の，極端な,過度の，極端な,形容詞,2:1296,1
exclusive,exclusive,2,2;pre1;1,word,閉鎖的な,閉鎖的な / 閉鎖的な，内向的な,形容詞,2:2250;pre1:1083;1:223,3
executive,executive,2,2,word,幹部，重役,幹部，重役,名詞,2:1657,1
exert,exert,2,2;pre1,word,行使する,行使する,動詞,2:2241;pre1:1710,2
exhaust,exhaust,2,2;pre1,word,疲れ果てさせる，消耗させる,疲れ果てさせる，消耗させる,動詞,2:1166;pre1:3299,2
exhibit,exhibit,2,2,word,示す，表示する,示す，表示する,動詞,2:814,1
expect,expect,2,2,word,予期する，予想する,予期する，予想する,動詞,2:921,1
expire,expire,2,2;pre1,word,期限切れの,期限切れの,動詞,2:2118;pre1:2140,2
expired,expired,2,2,word,期限切れの，契約の切れた,期限切れの，契約の切れた,形容詞,2:617,1
explode,explode,2,2,word,爆発する，破裂する，激増する,爆発する，破裂する，激増する,動詞,2:2261,1
explorers,explorers,2,2,word,探検家，冒険家,探検家，冒険家,名詞,2:521,1
explosion,explosion,2,2,word,爆発，爆裂,爆発，爆裂,名詞,2:1352,1
extinct,extinct,2,2;pre1,word,絶滅した,絶滅した,形容詞,2:2103;pre1:2056,2
extract,extract,2,2;pre1;1,word,抜き取る,抜き取る / 抜き取る，取り除く,動詞,2:2016;pre1:1245;1:402,3
eyesight,eyesight,2,2;pre1,word,視界,視界 / 視界，視野，視力,名詞,2:2133;pre1:1779,2
facility,facility,2,2,word,施設，手洗い，便利さ,施設，手洗い，便利さ,名詞,2:1584,1
fame,fame,2,2;pre1,word,名声,名声,名詞,2:2137;pre1:23,2
familiar,familiar,2,2,word,見慣れた，よく知られた,見慣れた，よく知られた,形容詞,2:582,1
famine,famine,2,2;pre1,word,食料不足,食料不足,名詞,2:2100;pre1:803,2
fancy,fancy,2,2,word,空想，想像,空想，想像,名詞,2:1817,1
fare,fare,2,2;pre1,word,運賃,運賃,名詞,2:2233;pre1:184,2
fascinate,fascinate,2,2,word,魅了する，魅惑する,魅了する，魅惑する,動詞,2:1392,1
fatigue,fatigue,2,2;pre1,word,疲労,疲労,名詞,2:2030;pre1:975,2
figure,figure,2,2,word,形，姿,形，姿,名詞,2:872,1
fingerprint,fingerprint,2,2;pre1,word,指紋,指紋,名詞,2:2160;pre1:1682,2
firmly,firmly,2,2,word,堅く，確固として,堅く，確固として,副詞,2:1697,1
first of all,first of all,2,2,phrase,まず第一に，まず以て,まず第一に，まず以て,熟語,2:551,1
flame,flame,2,2,word,火炎，炎,火炎，炎,名詞,2:933,1
focus on,focus on,2,2,phrase,に焦点を合わせる，に注目する,に焦点を合わせる，に注目する,熟語,2:702,1
for sure,for sure,2,2,phrase,確かに，間違いなく,確かに，間違いなく,熟語,2:741,1
for the time being,for the time being,2,2,phrase,当面の間,当面の間,熟語,2:1895,1
forecast,forecast,2,2;pre1,word,予測する,予測する,動詞,2:2039;pre1:412,2
formula,formula,2,2,word,式,式,名詞,2:2249,1
fossil,fossil,2,2;pre1,word,化石，遺跡,化石，遺跡,名詞,2:849;pre1:1363,2
fraction,fraction,2,2;pre1;1,word,分数,分数 / 分数，小数,名詞,2:2068;pre1:1400;1:277,3
fragile,fragile,2,2;pre1,word,もろい,もろい,形容詞,2:2285;pre1:1981,2
fragment,fragment,2,2;pre1,word,断片,断片,名詞,2:2232;pre1:1195,2
friendly,friendly,2,2,word,友好的な，親切な,友好的な，親切な,形容詞,2:1202,1
frown,frown,2,2;pre1,word,しかめっ面，顔をしかめる,しかめっ面，顔をしかめる,名詞/動詞;動詞,2:869;pre1:817,2
fulfill,fulfill,2,2,word,満たす，充足する,満たす，充足する,動詞,2:509,1
fur,fur,2,2,word,毛皮，皮毛,毛皮，皮毛,名詞,2:1506,1
gay,gay,2,2,word,同性愛の，同性愛者の,同性愛の，同性愛者の,形容詞,2:1922,1
gaze,gaze,2,2,word,凝視する，じっと見る,凝視する，じっと見る,動詞,2:1983,1
gear,gear,2,2,word,伝動装置，動力伝達装置,伝動装置，動力伝達装置,名詞,2:1176,1
gene,gene,2,2,word,遺伝子，遺因,遺伝子，遺因,名詞,2:1851,1
generate,generate,2,2;pre1,word,発生させる，起こす,発生させる，起こす,動詞,2:1856;pre1:3383,2
generation,generation,2,2,word,世代，年代,世代，年代,名詞,2:761,1
genetically,genetically,2,2,word,遺伝的に，生まれながら,遺伝的に，生まれながら,副詞,2:572,1
genuine,genuine,2,2;pre1,word,本物の，純粋な,本物の，純粋な,形容詞,2:883;pre1:823,2
germ,germ,2,2;pre1,word,細菌,細菌,名詞,2:2154;pre1:2796,2
get away with,get away with,2,2;pre1;1,phrase,を持ち逃げする，盗み出す,を持ち逃げする，盗み出す / を避ける，からやり過ごす,熟語,2:823;pre1:1757;1:1064,3
get by,get by,2,2;pre1;1,phrase,どうにか切り抜ける,どうにか切り抜ける / どうにか切り抜ける，何とか乗り越える，うまく乗り切る,熟語,2:2128;pre1:240;1:973,3
get used to,get used to,2,2,phrase,慣れる，習慣づく,慣れる，習慣づく,熟語,2:679,1
girlfriend,girlfriend,2,2,word,女友達，女の友人,女友達，女の友人,名詞,2:1664,1
give out,give out,2,2,phrase,配布する，発表する,配布する，発表する,熟語,2:756,1
globe,globe,2,2,word,地球，地球体,地球，地球体,名詞,2:1475,1
go after,go after,2,2;1,phrase,を追いかける，追跡する,を追いかける，追跡する / を追いかける，を求める,熟語,2:857;1:2726,2
goal,goal,2,2,word,目標，目的,目標，目的,名詞,2:1663,1
grace,grace,2,2;pre1,word,恵み,恵み,名詞,2:2004;pre1:85,2
grand,grand,2,2,word,壮大な，雄大な,壮大な，雄大な,形容詞,2:1072,1
grasp,grasp,2,2;pre1,word,つかむ，把握する,つかむ，把握する,動詞,2:1849;pre1:3192,2
grave,grave,2,2,word,墓，墓地,墓，墓地,名詞,2:1795,1
grocery,grocery,2,2;pre1,word,食料品,食料品,名詞,2:2059;pre1:862,2
guide,guide,2,2,word,案内人/案内する,案内人/案内する,名詞,2:1073,1
guilty,guilty,2,2,word,有罪の，罪のある,有罪の，罪のある,形容詞,2:1391,1
hand in,hand in,2,2,phrase,を提出する,を提出する,熟語,2:2206,1
handout,handout,2,2;pre1;1,word,配布物,配布物 / 配布物，配布資料,名詞,2:2049;pre1:1827;1:1072,3
hang up,hang up,2,2;pre1,phrase,中断する,中断する,熟語,2:2173;pre1:3097,2
harmony,harmony,2,2,word,調和，一致,調和，一致,名詞,2:995,1
harsh,harsh,2,2;pre1;1,word,厳しい,厳しい / 厳しい，過酷な,形容詞,2:2281;pre1:147;1:131,3
health insurance,health insurance,2,2,phrase,健康保険,健康保険,名詞,2:561,1
hemisphere,hemisphere,2,2;pre1,word,半球,半球,名詞,2:2267;pre1:2186,2
hesitantly,hesitantly,2,2,word,躊躇して，もじもじして,躊躇して，もじもじして,副詞,2:754,1
hesitation,hesitation,2,2;pre1,word,ためらい，躊躇,ためらい，躊躇,名詞,2:911;pre1:1080,2
hierarchy,hierarchy,2,2;pre1;1,word,階層,階層 / 階層，階級,名詞,2:2120;pre1:2300;1:217,3
historian,historian,2,2,word,歴史家，史学者,歴史家，史学者,名詞,2:972,1
honor,honor,2,2,word,名誉，特権，栄誉,名誉，特権，栄誉,名詞,2:1597,1
hospitality,hospitality,2,2;pre1,word,おもてなし，歓待,おもてなし，歓待,名詞,2:674;pre1:1380,2
How come,how come,2,2,phrase,どうして～,どうして～,熟語,2:2230,1
humble,humble,2,2;pre1,word,謙虚な,謙虚な,形容詞,2:2283;pre1:339,2
humid,humid,2,2;pre1,word,湿っぽい、湿度の高い,湿っぽい、湿度の高い,形容詞,2:2266;pre1:1604,2
humidity,humidity,2,2;pre1,word,湿度，湿気,湿度，湿気,名詞,2:628;pre1:2053,2
hunger,hunger,2,2,word,飢え，空腹,飢え，空腹,名詞,2:1106,1
identical,identical,2,2;pre1,word,同一の，全く同じの,同一の，全く同じの / 同一の,形容詞,2:1654;pre1:1147,2
ignorance,ignorance,2,2;pre1,word,無知，無学,無知，無学,名詞,2:708;pre1:343,2
ill,ill,2,2,word,病気で，気分の悪い,病気で，気分の悪い,形容詞,2:641,1
illustrate,illustrate,2,2,word,を説明する，を例示する,を説明する，を例示する,動詞,2:589,1
illustration,illustration,2,2,word,図解，実例,図解，実例,名詞,2:919,1
immigration,immigration,2,2,word,移住，入国管理,移住，入国管理,名詞,2:946,1
impact,impact,2,2,word,影響，衝撃,影響，衝撃,名詞,2:1356,1
imperial,imperial,2,2;pre1,word,帝国の,帝国の,形容詞,2:2119;pre1:353,2
impose,impose,2,2;pre1,word,を課す，負わせる,を課す，負わせる,動詞,2:725;pre1:3327,2
impossible,impossible,2,2,word,不可能な，実現不可能な,不可能な，実現不可能な,形容詞,2:936,1
impulse,impulse,2,2;pre1,word,衝動，衝力,衝動，衝力,名詞,2:1699;pre1:3017,2
in a row,in a row,2,2,phrase,一列に，連続的に,一列に，連続的に,熟語,2:689,1
in charge of,in charge of,2,2,phrase,の担当をして，担当している,の担当をして，担当している / の担当をして,熟語,2:172;2:2253,2
in contrast to,in contrast to,2,2,phrase,とは対照的に,とは対照的に,熟語,2:2237,1
in danger of,in danger of,2,2;pre1,phrase,の危険にさらされている，危険に直面している,の危険にさらされている，危険に直面している,熟語,2:940;pre1:1665,2
in effect,in effect,2,2,phrase,効果のある，効いている,効果のある，効いている,熟語,2:606,1
in exchange,in exchange,2,2;pre1,phrase,と引き換えに，代わりに,と引き換えに，代わりに,熟語,2:886;pre1:465,2
in fashion,in fashion,2,2,phrase,流行っている，流行している,流行っている，流行している,熟語,2:607,1
in general,in general,2,2,phrase,一般的に，普通,一般的に，普通,熟語,2:612,1
in need of,in need of,2,2,phrase,を必要として，～がぜひとも必要,を必要として，～がぜひとも必要,熟語,2:684,1
in other words,in other words,2,2;pre1,phrase,言い換えれば，つまり,言い換えれば，つまり,熟語,2:548;pre1:421,2
in place,in place,2,2,phrase,決まった場所に，適切で,決まった場所に，適切で,熟語,2:866,1
in practice,in practice,2,2,phrase,"実際には, 実際","実際には, 実際",熟語,2:498,1
in shape,in shape,2,2,phrase,健康に,健康に,熟語,2:2213,1
in short,in short,2,2;pre1,phrase,要するに，つまり,要するに，つまり,熟語,2:817;pre1:1017,2
in some way,in some way,2,2,phrase,何らかの方法で,何らかの方法で,熟語,2:569,1
in stock,in stock,2,2,phrase,在庫あり，在庫のある,在庫あり，在庫のある,熟語,2:893,1
in terms of,in terms of,2,2,phrase,に関して，の点から,に関して，の点から,熟語,2:739;2:2074,2
in time,in time,2,2,phrase,丁度よい時に，丁度間に合って,丁度よい時に，丁度間に合って,熟語,2:743,1
in tough,in tough,2,2,phrase,苦労して，厳しい,苦労して，厳しい,熟語,2:681,1
in trouble,in trouble,2,2,phrase,困った状況にある,困った状況にある,熟語,2:602,1
in turn,in turn,2,2,phrase,順番に，順次,順番に，順次,熟語,2:941,1
in vain,in vain,2,2;pre1,phrase,無駄に，軽々しく,無駄に，軽々しく,熟語,2:915;pre1:3059,2
incident,incident,2,2,word,出来事，事件,出来事，事件,名詞,2:716,1
inclined,inclined,2,2,word,傾いた，(し)がちで,傾いた，(し)がちで,形容詞,2:1613,1
inconvenience,inconvenience,2,2,word,不便，不自由,不便，不自由,名詞,2:563,1
increasingly,increasingly,2,2,word,ますます，更に,ますます，更に,副詞,2:1458,1
incredible,incredible,2,2;pre1,word,信じられない，信じがたい,信じられない，信じがたい,形容詞,2:738;pre1:57,2
indigenous,indigenous,2,2;pre1;1,word,原産の,原産の / 原産の，原生の,形容詞,2:2018;pre1:2960;1:518,3
induce,induce,2,2,word,誘発する,誘発する,動詞,2:2065,1
industrialize,industrialize,2,2,word,産業化する，工業化する,産業化する，工業化する,動詞,2:1501,1
inevitable,inevitable,2,2,word,避けられない，必然的,避けられない，必然的,形容詞,2:1990,1
infant,infant,2,2;pre1,word,乳児，赤ちゃん,乳児，赤ちゃん,名詞,2:1428;pre1:276,2
inferior,inferior,2,2,word,劣った，劣る,劣った，劣る,形容詞,2:1967,1
infrastructure,infrastructure,2,2;pre1,word,基盤,基盤,名詞,2:2025;pre1:2389,2
inhabitant,inhabitant,2,2,word,居住者，住人,居住者，住人,名詞,2:1671,1
initial,initial,2,2,word,当初の，最初の,当初の，最初の,形容詞,2:1788,1
injection,injection,2,2,word,注射，注入,注射，注入,名詞,2:2201,1
innocently,innocently,2,2,word,無邪気に，素直に,無邪気に，素直に,副詞,2:803,1
insect,insect,2,2,word,昆虫，虫,昆虫，虫,名詞,2:1437,1
insight,insight,2,2,word,洞察，洞察力,洞察，洞察力,名詞,2:1747,1
insist,insist,2,2,word,強く主張する，断言する,強く主張する，断言する,動詞,2:910,1
inspire,inspire,2,2,word,鼓舞する，励ます,鼓舞する，励ます,動詞,2:873,1
instant,instant,2,2,word,瞬間，瞬時,瞬間，瞬時,名詞,2:1174,1
institution,institution,2,2,word,制度，設立,制度，設立,名詞,2:1583,1
instruct,instruct,2,2;pre1,word,指示する，教える,指示する，教える,動詞,2:677;pre1:92,2
insurance,insurance,2,2,word,保険，保障,保険，保障,名詞,2:760,1
integrate,integrate,2,2;pre1;1,word,統合する,統合する / 統合する，一体化する,動詞,2:2148;pre1:2058;1:145,3
intelligence,intelligence,2,2,word,知能，知性,知能，知性,名詞,2:1686,1
intensive,intensive,2,2,word,集中的な，強調の,集中的な，強調の,形容詞,2:833,1
interfere,interfere,2,2,word,に干渉する，介入する,に干渉する，介入する,動詞,2:1076,1
interrupt,interrupt,2,2,word,割り込む，中断する,割り込む，中断する,動詞,2:666,1
intimate,intimate,2,2,word,親密な，密接な,親密な，密接な,形容詞,2:1448,1
intuition,intuition,2,2;pre1,word,直感,直感,名詞,2:2254;pre1:3225,2
invade,invade,2,2;pre1,word,侵略する,侵略する,動詞,2:2277;pre1:17,2
invention,invention,2,2;pre1,word,発明，創造,発明，創造,名詞,2:711;pre1:166,2
investigate,investigate,2,2,word,調査する，研究する,調査する，研究する,動詞,2:927,1
investment,investment,2,2,word,投資，出資,投資，出資,名詞,2:1765,1
invisible,invisible,2,2;pre1,word,見えない，不可視な,見えない，不可視な,形容詞,2:1452;pre1:3123,2
irrelevant,irrelevant,2,2;pre1,word,無関係な,無関係な,形容詞,2:2158;pre1:2017,2
irrigation,irrigation,2,2;pre1,word,灌漑,灌漑,名詞,2:2262;pre1:2832,2
irritate,irritate,2,2;pre1,word,イライラさせる，怒らせる,イライラさせる，怒らせる,動詞,2:765;pre1:3009,2
isolation,isolation,2,2;pre1,word,隔離,隔離,名詞,2:2071;pre1:964,2
jealously,jealously,2,2,word,嫉妬深く，妬み深く,嫉妬深く，妬み深く,副詞,2:544,1
justify,justify,2,2;pre1,word,正当化する，合理化する,正当化する，合理化する,動詞,2:508;pre1:3354,2
keep up,keep up,2,2,phrase,保持する，維持する,保持する，維持する,熟語,2:775,1
kindergarten,kindergarten,2,2,word,幼稚園,幼稚園,名詞,2:2051,1
laptop,laptop,2,2;pre1,word,ノートパソコン,ノートパソコン,名詞,2:2255;pre1:2303,2
large amount of,large amount of,2,2,phrase,大量の，たくさんの,大量の，たくさんの,熟語,2:696,1
lately,lately,2,2;pre1,word,最近,最近,副詞,2:2290;pre1:16,2
laundry,laundry,2,2;pre1,word,洗濯物，クリーニング店,洗濯物，クリーニング店 / 洗濯物，洗濯,名詞,2:830;pre1:72,2
layer,layer,2,2,word,層,層,名詞,2:2259,1
leak,leak,2,2;pre1,word,漏れる,漏れる,動詞,2:2240;pre1:1075,2
leap,leap,2,2,word,飛び跳ねる，飛び越える,飛び跳ねる，飛び越える / 跳ぶ，はねる,動詞,2:1109;2:1745,2
legal,legal,2,2,word,法律の，法的な,法律の，法的な,形容詞,2:1247,1
leisurely,leisurely,2,2;1,word,のんびりした，気の長い,のんびりした，気の長い / のんびりした，ゆったりした,形容詞,2:669;1:1476,2
lessen,lessen,2,2;pre1;1,word,減らす,減らす / 減らす，減少させる,動詞,2:2044;pre1:1934;1:460,3
liberty,liberty,2,2,word,自由，独立,自由，独立,名詞,2:1268,1
limb,limb,2,2;pre1,word,手足，四肢,手足，四肢,名詞,2:778;pre1:368,2
liquid,liquid,2,2,word,液体，流体,液体，流体,名詞,2:840,1
literally,literally,2,2,word,文字通りに，直訳で,文字通りに，直訳で,副詞,2:1794,1
litter,litter,2,2;pre1,word,ごみ,ごみ,名詞,2:2275;pre1:1955,2
live on,live on,2,2,phrase,生き続ける，存続する,生き続ける，存続する,熟語,2:918,1
load,load,2,2,word,積む/積み荷,積む/積み荷,動詞,2:1989,1
location,location,2,2,word,位置，場所,位置，場所,名詞,2:805,1
log,log,2,2,word,丸太，円木,丸太，円木,名詞,2:1270,1
logic,logic,2,2,word,論理，理論,論理，理論,名詞,2:1566,1
logical,logical,2,2,word,論理的な，論理上の,論理的な，論理上の,形容詞,2:822,1
look into,look into,2,2;pre1;1,phrase,を調べる/調査,を調べる/調査 / を調べる / を研究する，を調査する,熟語,2:497;2:2114;pre1:1487;1:1886,4
look over,look over,2,2;pre1,phrase,見渡す，展望する,見渡す，展望する / 見渡す,熟語,2:776;2:2034;pre1:3332,3
look through,look through,2,2;1,phrase,をひと通り調べる，を見抜く,をひと通り調べる，を見抜く / に目を通す，一通り調べる,熟語,2:834;1:3190,2
look up to,look up to,2,2;pre1,phrase,を尊敬する，を敬う,を尊敬する，を敬う,熟語,2:943;pre1:7,2
lord,lord,2,2,word,領主，支配者,領主，支配者,名詞,2:1238,1
low-income,low-income,2,2,word,低収入の,低収入の,形容詞,2:2239,1
lung,lung,2,2,word,肺,肺,名詞,2:1230,1
magnificent,magnificent,2,2;pre1,word,壮大な,壮大な,形容詞,2:2150;pre1:481,2
major,major,2,2,word,専攻科目，主要科目,専攻科目，主要科目,名詞,2:575,1
make fun of,make fun of,2,2,phrase,をからかう,をからかう,熟語,2:2107,1
make sense,make sense,2,2,phrase,意味をなす,意味をなす,熟語,2:2214,1
make up,make up,2,2,phrase,用意する，片付ける,用意する，片付ける,熟語,2:952,1
maker,maker,2,2,word,製造元，製作者,製造元，製作者,名詞,2:1349,1
mammal,mammal,2,2,word,哺乳類,哺乳類,名詞,2:846,1
manipulate,manipulate,2,2;pre1,word,操る,操る,動詞,2:2010;pre1:2366,2
massive,massive,2,2,word,巨大な，大規模な,巨大な，大規模な,形容詞,2:1845,1
master,master,2,2,word,主人，支配人,主人，支配人,名詞,2:1828,1
masterpiece,masterpiece,2,2;pre1,word,傑作，名作,傑作，名作,名詞,2:891;pre1:993,2
mature,mature,2,2,word,成熟した，大人の,成熟した，大人の,形容詞,2:981,1
means,means,2,2,word,手段，方法,手段，方法,名詞,2:1429,1
medical,medical,2,2,word,医学の，医療の,医学の，医療の,形容詞,2:519,1
medieval,medieval,2,2;pre1;1,word,中世の,中世の / 中世の，時代遅れの,形容詞,2:2126;pre1:521;1:111,3
memory loss,memory loss,2,2,phrase,記憶喪失，記憶消失,記憶喪失，記憶消失,名詞,2:562,1
migrate,migrate,2,2,word,移行する，移住する,移行する，移住する,動詞,2:821,1
mildly,mildly,2,2,word,穏やかに，静かに,穏やかに，静かに,副詞,2:752,1
mindful,mindful,2,2,word,気をつけて，注意深く,気をつけて，注意深く,形容詞,2:735,1
mineral,mineral,2,2,word,無機物，非生物,無機物，非生物,名詞,2:878,1
minimum,minimum,2,2,word,最小の，最も小さな,最小の，最も小さな,形容詞,2:1096,1
ministry,ministry,2,2;pre1,word,省庁，官庁,省庁，官庁,名詞,2:1351;pre1:318,2
minority,minority,2,2,word,少数派，少数群,少数派，少数群,名詞,2:1529,1
modest,modest,2,2;pre1,word,控えめな,控えめな,形容詞,2:2224;pre1:24,2
molecule,molecule,2,2;pre1,word,分子,分子,名詞,2:2196;pre1:1232,2
motive,motive,2,2,word,動機，意欲,動機，意欲,名詞,2:1094,1
mummy,mummy,2,2;pre1,word,ミイラ，乾燥死体,ミイラ，乾燥死体,名詞,2:836;pre1:868,2
Muslim,muslim,2,2,word,イスラム教徒，ムスリム,イスラム教徒，ムスリム,名詞,2:1218,1
mutual,mutual,2,2;pre1,word,相互の，互いの,相互の，互いの,形容詞,2:1377;pre1:3140,2
mystery,mystery,2,2,word,神秘的な/神秘,神秘的な/神秘,名詞,2:1116,1
myth,myth,2,2,word,神話，神話伝説,神話，神話伝説,名詞,2:1087,1
nap,nap,2,2;pre1,word,昼寝,昼寝,名詞,2:2198;pre1:390,2
navy,navy,2,2,word,海軍，水軍,海軍，水軍,名詞,2:1740,1
neat,neat,2,2;pre1;1,word,きちんとした,きちんとした / きちんとした，整った,形容詞,2:2116;pre1:134;1:525,3
needlessly,needlessly,2,2,word,不必要に，無用に,不必要に，無用に,副詞,2:885,1
neglect,neglect,2,2;pre1,word,を無視する，放っておく,を無視する，放っておく,動詞,2:809;pre1:3077,2
nerve,nerve,2,2,word,神経，神経線,神経，神経線,名詞,2:1562,1
newly,newly,2,2,word,新たに，最近,新たに，最近,副詞,2:1751,1
no longer,no longer,2,2;pre1,phrase,もはや～でない，既に～ない,もはや～でない，既に～ない / もはや～でない,熟語,2:102;2:2037;pre1:225,3
nod,nod,2,2,word,うなずく，会釈する,うなずく，会釈する,動詞,2:1764,1
numerous,numerous,2,2,word,多数の，多くの,多数の，多くの,形容詞,2:994,1
nursery school,nursery school,2,2,phrase,保育園，幼稚園,保育園，幼稚園,熟語,2:727,1
nutrition,nutrition,2,2;pre1,word,栄養，栄養素,栄養，栄養素,名詞,2:2238;pre1:1393,2
obey,obey,2,2;pre1,word,従う,従う,動詞,2:2008;pre1:458,2
objection,objection,2,2;pre1,word,異議，反対,異議，反対,名詞,2:746;pre1:1428,2
objectively,objectively,2,2,word,客観的に，冷静に,客観的に，冷静に,副詞,2:801,1
obligation,obligation,2,2,word,義務，責任,義務，責任,名詞,2:1544,1
obscure,obscure,2,2;pre1,word,不明瞭な,不明瞭な,形容詞,2:2055;pre1:1425,2
obsession,obsession,2,2,word,強迫観念,強迫観念,名詞,2:2007,1
obstacle,obstacle,2,2;pre1,word,障害，妨害,障害，妨害,名詞,2:522;pre1:969,2
odd,odd,2,2,word,変な，奇妙な,変な，奇妙な,形容詞,2:1531,1
off duty,off duty,2,2;1,phrase,非番の，勤務時間外で,非番の，勤務時間外で / 非番の，勤務時間外の,熟語,2:917;1:3199,2
offensive,offensive,2,2;pre1,word,攻撃的な，無礼な,攻撃的な，無礼な,形容詞,2:580;pre1:249,2
on demand,on demand,2,2,phrase,要求に応じて，要求があり次第,要求に応じて，要求があり次第,熟語,2:608,1
on duty,on duty,2,2,phrase,勤務時間中で，当番の,勤務時間中で，当番の,熟語,2:629;2:2104,2
on schedule,on schedule,2,2,phrase,予定通りに，計画通りに,予定通りに，計画通りに,熟語,2:499,1
on the run,on the run,2,2;pre1;1,phrase,逃げて，奔走して,逃げて，奔走して / 逃走中の，走っている，逃げ足を使って,熟語,2:653;pre1:1316;1:920,3
optimistic,optimistic,2,2;pre1;1,word,楽観的な,楽観的な / 楽観的な，前向きな,形容詞,2:2115;pre1:677;1:352,3
organ,organ,2,2;pre1;1,word,臓器,臓器 / 臓器，器官,名詞,2:2142;pre1:138;1:39,3
organic,organic,2,2;pre1;1,word,無農薬の,無農薬の / 無農薬の，有機の,形容詞,2:2248;pre1:768;1:8,3
originate,originate,2,2,word,始まる，起こす,始まる，起こす,動詞,2:1161,1
out of breath,out of breath,2,2,phrase,息切れして,息切れして,名詞,2:2190,1
out of date,out of date,2,2;pre1,phrase,時代遅れの，古風な,時代遅れの，古風な,熟語,2:680;pre1:3395,2
out of place,out of place,2,2;pre1;1,phrase,場違いで，不適切で,場違いで，不適切で / 場違いの，不適切な,熟語,2:642;pre1:593;1:3943,3
out of stock,out of stock,2,2,phrase,在庫切れ,在庫切れ,熟語,2:2294,1
out of use,out of use,2,2,phrase,すたれて，使用できない,すたれて，使用できない,熟語,2:633,1
output,output,2,2,word,生産量，製造量,生産量，製造量,名詞,2:1012,1
outstanding,outstanding,2,2;pre1,word,並外れた，目立った,並外れた，目立った,形容詞,2:748;2:2256;pre1:140,3
overwhelm,overwhelm,2,2;pre1;1,word,圧倒する,圧倒する / 圧倒する，制圧する,動詞,2:2174;pre1:1211;1:255,3
overwhelming,overwhelming,2,2,word,圧倒的な，支配的な,圧倒的な，支配的な,形容詞,2:1843,1
owe,owe,2,2,word,を借りている，借用する,を借りている，借用する,動詞,2:1617,1
oxygen,oxygen,2,2;pre1,word,酸素,酸素,名詞,2:806;pre1:42,2
painful,painful,2,2,word,苦痛な，痛い,苦痛な，痛い,形容詞,2:1439,1
parallel,parallel,2,2,word,平行の，並行の,平行の，並行の,形容詞,2:1790,1
parliament,parliament,2,2,word,議会，国会,議会，国会,名詞,2:726,1
participant,participant,2,2,word,参加者，出席者,参加者，出席者,名詞,2:538,1
particle,particle,2,2;pre1,word,分子,分子,名詞,2:2149;pre1:574,2
pass out,pass out,2,2;pre1;1,phrase,気絶する，失神する,気絶する，失神する / 気絶する，出ていく,熟語,2:531;pre1:2277;1:1182,3
passive,passive,2,2;pre1,word,受身の，消極的な,受身の，消極的な,形容詞,2:1673;pre1:3305,2
pastime,pastime,2,2;pre1;1,word,娯楽,娯楽 / 気晴らし,名詞,2:2151;pre1:480;1:3829,3
patience,patience,2,2,word,辛抱強さ，忍耐力,辛抱強さ，忍耐力,名詞,2:1078,1
payment,payment,2,2,word,支払い，支出,支払い，支出,名詞,2:496,1
peacefully,peacefully,2,2,word,平和的に，穏やかに,平和的に，穏やかに,副詞,2:593,1
peculiar,peculiar,2,2;pre1,word,奇妙な，変わった,奇妙な，変わった,形容詞,2:1575;pre1:3071,2
pedestrian,pedestrian,2,2;pre1,word,歩行者,歩行者,名詞,2:2299;pre1:1785,2
peel,peel,2,2;pre1,word,皮，表皮,皮，表皮,名詞,2:673;pre1:626,2
penetrate,penetrate,2,2;pre1,word,貫く,貫く,動詞,2:2087;pre1:1155,2
perception,perception,2,2;pre1,word,知覚，認知,知覚，認知,名詞,2:1108;pre1:1018,2
permanent,permanent,2,2;pre1,word,永久の，永遠の,永久の，永遠の,形容詞,2:1240;pre1:3283,2
permanently,permanently,2,2,word,恒久的に，永遠に,恒久的に，永遠に,副詞,2:516,1
persist in,persist in,2,2,phrase,固執する，やり通す,固執する，やり通す,熟語,2:912,1
perspective,perspective,2,2;pre1,word,見解，見通し,見解，見通し,名詞,2:1652;pre1:3122,2
persuasion,persuasion,2,2;pre1,word,説得，口説き,説得，口説き,名詞,2:819;pre1:1431,2
pile,pile,2,2,word,積み重ね，累積,積み重ね，累積,名詞,2:1640,1
pioneer,pioneer,2,2;pre1,word,開拓者，先駆者,開拓者，先駆者,名詞,2:1412;pre1:37,2
pit,pit,2,2,word,くぼみ，凹み,くぼみ，凹み,名詞,2:1861,1
plain,plain,2,2,word,簡素な，わかりやすい,簡素な，わかりやすい,形容詞,2:1400,1
play a role in,play a role in,2,2,phrase,において役割を果たす,において役割を果たす,熟語,2:693,1
plot,plot,2,2,word,話の筋，物語の筋,話の筋，物語の筋,名詞,2:1496,1
poison,poison,2,2,word,毒，毒物,毒，毒物,名詞,2:645,1
portion,portion,2,2,word,部分，一部分,部分，一部分,名詞,2:1619,1
pose,pose,2,2,word,姿勢，体勢,姿勢，体勢,名詞,2:1942,1
positive,positive,2,2,word,自信のある，確信している,自信のある，確信している,形容詞,2:1734,1
postpone,postpone,2,2;pre1,word,を延期する，を先送りする,を延期する，を先送りする,動詞,2:507;pre1:427,2
practically,practically,2,2,word,実質的に，実用的に,実質的に，実用的に,副詞,2:1091,1
pray,pray,2,2,word,祈る，願う,祈る，願う,動詞,2:1347,1
precede,precede,2,2;pre1,word,先行する,先行する,動詞,2:2031;pre1:1805,2
precious,precious,2,2,word,貴重な，大切な,貴重な，大切な,形容詞,2:553,1
precise,precise,2,2,word,正確な，的確な,正確な，的確な,形容詞,2:851,1
precisely,precisely,2,2,word,正確に，精密に,正確に，精密に,副詞,2:1886,1
predator,predator,2,2;pre1,word,捕食者,捕食者,名詞,2:2094;pre1:2931,2
preference,preference,2,2,word,好み，好き,好み，好き,名詞,2:1791,1
prejudice,prejudice,2,2;pre1,word,先入観,先入観,名詞,2:2076;pre1:3189,2
prey,prey,2,2;pre1;1,word,獲物,獲物 / 獲物，捕食対象,名詞,2:2234;pre1:1008;1:80,3
principal,principal,2,2,word,主要な，基本的な,主要な，基本的な,形容詞,2:815,1
privilege,privilege,2,2,word,特権，特典,特権，特典,名詞,2:1822,1
proceed,proceed,2,2,word,進む，始める,進む，始める,動詞,2:1712,1
produce,produce,2,2,word,を生産する，産出する,を生産する，産出する / を生産する，作り出す,動詞,2:210;2:637,2
product,product,2,2,word,製品，商品,製品，商品,名詞,2:816,1
profession,profession,2,2,word,職業，仕事,職業，仕事,名詞,2:1810,1
profound,profound,2,2;pre1,word,深い，心からの,深い，心からの / 深い，深遠な,形容詞,2:1973;pre1:1577,2
prohibit,prohibit,2,2;pre1;1,word,禁じる,禁じる / 禁じる，禁止する,動詞,2:2246;pre1:517;1:202,3
prolong,prolong,2,2;pre1;1,word,延長する,延長する / 延ばす，伸ばす,動詞,2:2282;pre1:435;1:709,3
pronunciation,pronunciation,2,2,word,発音，発声,発音，発声,名詞,2:710,1
protein,protein,2,2,word,タンパク質，タンパク物質,タンパク質，タンパク物質,名詞,2:1375,1
protocol,protocol,2,2;pre1;1,word,儀礼,儀礼 / 外交儀礼,名詞,2:2242;pre1:2880;1:3770,3
prove,prove,2,2;pre1,word,を証明する，立証する,を証明する，立証する / を証明する,動詞,2:759;pre1:1683,2
provided that,provided that,2,2;1,phrase,と言う条件で,と言う条件で / である限り，という条件で,熟語,2:2038;1:3784,2
provoke,provoke,2,2;pre1;1,word,挑発する,挑発する / 挑発する，引き起こす,動詞,2:2026;pre1:1115;1:97,3
psychology,psychology,2,2;pre1,word,心理学，精神科学,心理学，精神科学,名詞,2:783;pre1:818,2
publicity,publicity,2,2,word,宣伝，周知,宣伝，周知,名詞,2:584,1
publisher,publisher,2,2;pre1,word,出版社，出版会社,出版社，出版会社,名詞,2:502;pre1:827,2
pull down,pull down,2,2;1,phrase,引き下げる，取り壊す,引き下げる，取り壊す / 取り壊す，解体する，破壊する,熟語,2:926;1:1704,2
pull off,pull off,2,2;1,phrase,もぎ取る，成功を掴む,もぎ取る，成功を掴む,熟語,2:2178;1:3166,2
punishment,punishment,2,2,word,罰，罰則,罰，罰則,名詞,2:931,1
pupil,pupil,2,2,word,生徒，学生,生徒，学生,名詞,2:1368,1
pursuit,pursuit,2,2,word,追跡，追跡行為,追跡，追跡行為,名詞,2:1678,1
put away,put away,2,2,phrase,片付ける，整理する,片付ける，整理する,熟語,2:533,1
put off,put off,2,2,phrase,延期する，繰り延べる,延期する，繰り延べる / 延期する,熟語,2:770;2:2015,2
put together,put together,2,2,phrase,まとめる，一緒にする,まとめる，一緒にする,熟語,2:766,1
put up with,put up with,2,2;1,phrase,に耐える,に耐える / 我慢する，耐える,熟語,2:2063;1:4095,2
quantity,quantity,2,2,word,量，数値,量，数値,名詞,2:907,1
racial,racial,2,2,word,人種の，民族の,人種の，民族の,形容詞,2:1912,1
rating,rating,2,2,word,評価，鑑定,評価，鑑定,名詞,2:1829,1
ray,ray,2,2,word,光線，放射線,光線，放射線,名詞,2:1348,1
react to,react to,2,2,phrase,に反応する，受け止める,に反応する，受け止める,熟語,2:539,1
rear,rear,2,2,word,後部の，背後の,後部の，背後の,形容詞,2:1316,1
reasonable,reasonable,2,2,word,理性のある，分別のある,理性のある，分別のある,形容詞,2:2052,1
recognition,recognition,2,2,word,認識，認知,認識，認知,名詞,2:1245,1
recognize,recognize,2,2,word,を認識する，はっきりと知る,を認識する，はっきりと知る,動詞,2:614,1
refer to,refer to,2,2,phrase,を参照する，参考にする,を参照する，参考にする,熟語,2:599,1
reference,reference,2,2,word,参照，参考,参照，参考,名詞,2:1800,1
refrain from,refrain from,2,2;1,phrase,を控える，を遠慮する,を控える，を遠慮する / を控える，を慎む,熟語,2:1235;2:2263;1:3741,3
refuge,refuge,2,2;pre1,word,避難,避難,名詞,2:2286;pre1:623,2
refund,refund,2,2;1,word,払い戻す,払い戻す / 払い戻す，返金する,動詞,2:2153;1:37,2
regardless,regardless,2,2,word,にも関わらず，不注意で,にも関わらず，不注意で,副詞,2:1857,1
regime,regime,2,2,word,政権，政府,政権，政府,名詞,2:1441,1
reinforce,reinforce,2,2;pre1,word,強化する,強化する,動詞,2:2284;pre1:1555,2
relative,relative,2,2,word,相対的な，比較上の，親戚,相対的な，比較上の，親戚,形容詞,2:644,1
relevant to,relevant to,2,2,phrase,に関連して，関連づけて,に関連して，関連づけて,熟語,2:773,1
reliable,reliable,2,2,word,信頼性のある，あてになる,信頼性のある，あてになる,形容詞,2:545,1
relief,relief,2,2,word,安堵，軽減,安堵，軽減,名詞,2:1467,1
relieve,relieve,2,2;pre1,word,和らげる，軽減する,和らげる，軽減する,動詞,2:968;pre1:3103,2
remote,remote,2,2,word,遠い，遠隔の,遠い，遠隔の,形容詞,2:1735,1
renew,renew,2,2,word,を更新する，新しくする,を更新する，新しくする,動詞,2:620,1
republic,republic,2,2,word,共和国，共和制国家,共和国，共和制国家,名詞,2:1707,1
require,require,2,2,word,を必要とする，を要求する,を必要とする，を要求する,動詞,2:2042,1
reservation,reservation,2,2,word,予約，確保,予約，確保,名詞,2:798,1
resign,resign,2,2;pre1,word,辞任する,辞任する,動詞,2:2057;pre1:664,2
resist,resist,2,2,word,抵抗する，反発する,抵抗する，反発する,動詞,2:1321,1
resolve,resolve,2,2;pre1,word,解決する，を決心する,解決する，を決心する,動詞,2:1324;pre1:3152,2
restrain,restrain,2,2;pre1,word,抑える,抑える,動詞,2:2300;pre1:352,2
result in,result in,2,2,phrase,結果として，結果～になる,結果として，結果～になる,熟語,2:56;2:2024,2
retail,retail,2,2;pre1,word,小売り,小売り,名詞,2:2070;pre1:1107,2
retain,retain,2,2,word,保持する，持ち続ける,保持する，持ち続ける,動詞,2:1842,1
retrieve,retrieve,2,2;pre1,word,取り戻す,取り戻す,動詞,2:2212;pre1:2914,2
reuse,reuse,2,2,word,を再利用する，再使用する,を再利用する，再使用する,動詞,2:586,1
reveal,reveal,2,2,word,明らかにする,明らかにする,動詞,2:2216,1
revenge,revenge,2,2,word,に復讐する/復讐,に復讐する/復讐,名詞,2:659,1
revise,revise,2,2;pre1,word,改訂する,改訂する,動詞,2:2111;pre1:1148,2
rid,rid,2,2,word,を取り除く，除去する,を取り除く，除去する,動詞,2:1821,1
ridiculous,ridiculous,2,2;pre1,word,ばかげている，不合理な,ばかげている，不合理な,形容詞,2:844;pre1:719,2
ritual,ritual,2,2;pre1,word,儀式，式典,儀式，式典,名詞,2:1127;pre1:3147,2
roast,roast,2,2;pre1,word,あぶり焼きにする,あぶり焼きにする,動詞,2:2105;pre1:133,2
rude,rude,2,2,word,失礼な，無礼な,失礼な，無礼な,形容詞,2:1126,1
rug,rug,2,2;pre1,word,じゅうたん，敷き物,じゅうたん，敷き物,名詞,2:697;pre1:1780,2
rule out,rule out,2,2;pre1;1,phrase,除外する,除外する / を除外する，締め出す,熟語,2:2009;pre1:613;1:113,3
rumor,rumor,2,2,word,うわさ,うわさ,名詞,2:2155,1
sacrifice,sacrifice,2,2;pre1,word,犠牲，捧げ物,犠牲，捧げ物,名詞,2:1446;pre1:3239,2
salty,salty,2,2,word,塩辛い,塩辛い,形容詞,2:2268,1
sanitation,sanitation,2,2;1,word,衛生,衛生 / 衛生，清潔さ,名詞,2:2067;1:942,2
satisfactory,satisfactory,2,2,word,満足のいく，充足する,満足のいく，充足する,形容詞,2:1302,1
savage,savage,2,2;pre1,word,獰猛な,獰猛な,形容詞,2:2130;pre1:1341,2
scar,scar,2,2;pre1;1,word,傷跡，痕跡,傷跡，痕跡,名詞,2:753;pre1:859;1:1190,3
scarce,scarce,2,2;pre1;1,word,乏しい,乏しい / 乏しい，不足している,形容詞,2:2090;pre1:499;1:177,3
scatter,scatter,2,2;pre1,word,まき散らす，ばらまく,まき散らす，ばらまく,動詞,2:1313;pre1:3255,2
scholar,scholar,2,2,word,学者，研究者,学者，研究者,名詞,2:1820,1
scholarship,scholarship,2,2;pre1,word,奨学金,奨学金,名詞,2:2186;pre1:415,2
seat,seat,2,2,word,を着席させる/座席,を着席させる/座席,動詞,2:1045,1
secondhand,secondhand,2,2;pre1,word,中古の,中古の,形容詞,2:2101;pre1:1405,2
see in,see in,2,2,phrase,案内して部屋に入れる，迎える,案内して部屋に入れる，迎える,熟語,2:852,1
seed,seed,2,2,word,種子，種,種子，種,名詞,2:1223,1
select,select,2,2,word,を選び出す，を選ぶ,を選び出す，を選ぶ,動詞,2:1482,1
separation,separation,2,2;pre1,word,分離，区分,分離，区分,名詞,2:585;pre1:763,2
servant,servant,2,2,word,使用人，召使,使用人，召使,名詞,2:1215,1
settle down,settle down,2,2,phrase,定住する,定住する,熟語,2:2280,1
sewage,sewage,2,2;1,word,下水,下水 / 下水，排水,名詞,2:2220;1:1863,2
shame,shame,2,2,word,恥，羞恥,恥，羞恥,名詞,2:1724,1
shed,shed,2,2,word,流す，排出する,流す，排出する,動詞,2:1190,1
shit,shit,2,2,word,大便，便,大便，便,名詞,2:1835,1
show up,show up,2,2;pre1;1,phrase,現れる，出現する,現れる，出現する / 現れる / 姿を現す，姿を表わす,熟語,2:344;2:2236;pre1:2148;1:1252,4
shrink,shrink,2,2;pre1,word,縮小する,縮小する,動詞,2:2195;pre1:495,2
similarity,similarity,2,2,word,類似点，相似,類似点，相似,名詞,2:1103,1
sincere,sincere,2,2;pre1;1,word,誠実な,誠実な / 誠実な，真剣な,形容詞,2:2251;pre1:158;1:192,3
sincerely,sincerely,2,2;pre1,word,心から，真心こめて,心から，真心こめて,副詞,2:790;pre1:33,2
sit up,sit up,2,2;pre1,phrase,まっすぐ座る,まっすぐ座る,熟語,2:2260;pre1:3294,2
slavery,slavery,2,2;pre1,word,奴隷制度,奴隷制度,名詞,2:2019;pre1:1397,2
smart,smart,2,2,word,頭の良い，きちんとした,頭の良い，きちんとした,形容詞,2:1188,1
snap,snap,2,2,word,パチンと鳴らす，カチンと鳴らす,パチンと鳴らす，カチンと鳴らす,動詞,2:1275,1
sneeze,sneeze,2,2;pre1,word,くしゃみ/くしゃみをする,くしゃみ/くしゃみをする,名詞/動詞;動詞,2:720;pre1:882,2
soak,soak,2,2;pre1;1,word,浸す,浸す / 浸す，浸漬する,動詞,2:2083;pre1:929;1:372,3
soar,soar,2,2;pre1,word,舞い上がる,舞い上がる,動詞,2:2097;pre1:611,2
socially,socially,2,2,word,社会的に，社会的観点から,社会的に，社会的観点から,副詞,2:1343,1
sole,sole,2,2;pre1;1,word,単独の,単独の / 単独の，単一の,形容詞,2:2027;pre1:552;1:509,3
sorrow,sorrow,2,2;pre1,word,悲しみ,悲しみ,名詞,2:2169;pre1:464,2
souvenir,souvenir,2,2;pre1,word,お土産,お土産,名詞,2:2077;pre1:1727,2
sparkle,sparkle,2,2;pre1,word,閃光,閃光,動詞;名詞,2:2229;pre1:504,2
speaking of,speaking of,2,2,phrase,と言えば，に関して,と言えば，に関して,熟語,2:600,1
specialize in,specialize in,2,2;pre1,phrase,に特化する，専門とする,に特化する，専門とする,熟語,2:554;pre1:197,2
sphere,sphere,2,2;pre1,word,球，球体,球，球体,名詞,2:658;pre1:633,2
spiritual,spiritual,2,2,word,精神の，心の,精神の，心の,形容詞,2:1591,1
spiritually,spiritually,2,2,word,精神的に，心の中で,精神的に，心の中で,副詞,2:794,1
spoil,spoil,2,2;pre1,word,台無しにする，損なう,台無しにする，損なう,動詞,2:1150;pre1:1946,2
spouse,spouse,2,2;pre1,word,配偶者,配偶者,名詞,2:2192;pre1:2007,2
spur,spur,2,2;pre1;1,word,刺激,刺激 / 刺激，触発,名詞,2:2131;pre1:1632;1:142,3
stand still,stand still,2,2,phrase,停止，休止，行き詰まり,停止，休止，行き詰まり,熟語,2:736,1
stare at,stare at,2,2;1,phrase,をじっと見つめる，を凝視する,をじっと見つめる，を凝視する / をじっと見つめる,熟語,2:114;2:2276;1:3049,3
starve,starve,2,2;pre1,word,飢える,飢える,動詞,2:2140;pre1:93,2
steadily,steadily,2,2,word,着実に，確実に,着実に，確実に,副詞,2:1805,1
steady,steady,2,2,word,着実な，安定した,着実な，安定した,形容詞,2:1701,1
stem,stem,2,2;pre1,word,幹,幹,名詞,2:2205;pre1:3062,2
stern,stern,2,2;pre1;1,word,厳格な,厳格な / 厳しい，厳格な,形容詞,2:2035;pre1:748;1:774,3
stiff,stiff,2,2;pre1,word,硬い,硬い,形容詞,2:2062;pre1:173,2
strengthen,strengthen,2,2,word,強化する，増強する,強化する，増強する,動詞,2:706,1
stretch,stretch,2,2,word,広がる，拡大する,広がる，拡大する,動詞,2:1402,1
struggle,struggle,2,2,word,もがき苦しむ,もがき苦しむ,動詞,2:2080,1
struggle with,struggle with,2,2;1,phrase,と闘う，に苦戦する,と闘う，に苦戦する / と闘う，争う,熟語,2:676;1:3860,2
stubborn,stubborn,2,2;pre1;1,word,頑固な,頑固な / 頑固な，固執する,形容詞,2:2279;pre1:812;1:524,3
subsequent,subsequent,2,2;pre1;1,word,その後の,その後の / その後の，次の,形容詞,2:2082;pre1:1753;1:12,3
substitute,substitute,2,2,word,代用品/代わりに用いる,代用品/代わりに用いる,名詞,2:672,1
subtle,subtle,2,2;pre1,word,微妙な，繊細な,微妙な，繊細な,形容詞,2:1674;pre1:3110,2
suburb,suburb,2,2,word,郊外，近郊,郊外，近郊,名詞,2:876,1
sue,sue,2,2;pre1;1,word,訴える,訴える / 訴える，訴訟を起こす,動詞,2:2011;pre1:647;1:214,3
summon,summon,2,2;pre1,word,召喚する,召喚する,動詞,2:2297;pre1:807,2
supervisor,supervisor,2,2;pre1;1,word,上司,上司 / 上司，長上,名詞,2:2079;pre1:2323;1:297,3
supplement,supplement,2,2;pre1,word,補足，追加,補足，追加,名詞,2:2084;pre1:930,2
supporter,supporter,2,2,word,支援者，後援者,支援者，後援者,名詞,2:1504,1
suppress,suppress,2,2;pre1,word,抑える，抑圧する,抑える，抑圧する,動詞,2:1634;pre1:3061,2
suspend,suspend,2,2;pre1,word,つるす,つるす,動詞,2:2204;pre1:594,2
suspicious,suspicious,2,2;pre1,word,疑わしい，怪しい,疑わしい，怪しい,形容詞,2:661;pre1:661,2
swallow,swallow,2,2,word,を飲み込む，嚥下する,を飲み込む，嚥下する,動詞,2:1595,1
sweep,sweep,2,2,word,掃く，払う,掃く，払う,動詞,2:1416,1
take A for granted,take a for granted,2,2;1,phrase,Aを当然のことと思う,Aを当然のことと思う / Aを当然と思う，Aを当たり前と考える,熟語,2:527;1:2495,2
take care,take care,2,2,phrase,注意する，警戒する,注意する，警戒する,熟語,2:808,1
take down,take down,2,2,phrase,降ろす，書き取る,降ろす，書き取る,熟語,2:762,1
tale,tale,2,2,word,お話，物語,お話，物語,名詞,2:1276,1
talent,talent,2,2,word,才能，能力,才能，能力,名詞,2:1156,1
tame,tame,2,2;pre1;1,word,飼いならす,飼いならす / 飼い慣らされた，家畜化された，馴染む,動詞,2:2180;pre1:49;1:1789,3
tap,tap,2,2,word,軽くたたく，軽く打つ,軽くたたく，軽く打つ,動詞,2:1046,1
technical,technical,2,2,word,技術上の，専門的な,技術上の，専門的な,形容詞,2:1102,1
telescope,telescope,2,2,word,望遠鏡，遠望鏡,望遠鏡，遠望鏡,名詞,2:1160,1
terribly,terribly,2,2;pre1,word,ひどく，ものすごく,ひどく，ものすごく,副詞,2:856;pre1:27,2
thermometer,thermometer,2,2;pre1;1,word,温度計，気温計,温度計，気温計 / 温度計，体温計,名詞,2:923;pre1:794;1:1193,3
think over,think over,2,2,phrase,熟考する，よく考える,熟考する，よく考える,熟語,2:532;2:2166,2
thorough,thorough,2,2;pre1,word,徹底した,徹底した,形容詞,2:2092;pre1:442,2
thrust,thrust,2,2;pre1,word,突き上げる,突き上げる,動詞,2:2048;pre1:3288,2
tide,tide,2,2,word,潮，潮流,潮，潮流,名詞,2:1490,1
tidy,tidy,2,2;pre1;1,word,きちんとした,きちんとした / きちんとした，整った,形容詞,2:2215;pre1:279;1:527,3
tip,tip,2,2,word,先，前方,先，前方,名詞,2:1134,1
to start with,to start with,2,2,phrase,まず第一に，初めに,まず第一に，初めに,熟語,2:550,1
toll,toll,2,2;pre1,word,料金,料金,名詞,2:2060;pre1:1770,2
tourism,tourism,2,2,word,観光，観覧,観光，観覧,名詞,2:768,1
toxic,toxic,2,2;pre1;1,word,有毒な,有毒な / 有毒な，毒性の，毒のある,形容詞,2:2243;pre1:2149;1:334,3
traffic jam,traffic jam,2,2,phrase,交通渋滞，道路渋滞,交通渋滞，道路渋滞,名詞,2:1598,1
tragedy,tragedy,2,2,word,悲劇，悲惨な出来事,悲劇，悲惨な出来事,名詞,2:675,1
trait,trait,2,2,word,特性，特色,特性，特色,名詞,2:999,1
transaction,transaction,2,2;pre1,word,取引,取引,名詞,2:2061;pre1:1073,2
translation,translation,2,2,word,翻訳，訳文,翻訳，訳文,名詞,2:799,1
transportation,transportation,2,2,word,交通，輸送,交通，輸送,名詞,2:611,1
tremble,tremble,2,2;pre1,word,震える，おののく,震える，おののく,動詞,2:881;pre1:1386,2
tremendous,tremendous,2,2,word,非常に大きな，極めて大きい,非常に大きな，極めて大きい,形容詞,2:1060,1
trivial,trivial,2,2;pre1,word,取るに足らない,取るに足らない,形容詞,2:2091;pre1:1302,2
troop,troop,2,2;pre1,word,群れ，集団,群れ，集団,名詞,2:1010;pre1:3105,2
tropical,tropical,2,2,word,熱帯の，熱帯気候の,熱帯の，熱帯気候の,形容詞,2:902,1
tuition,tuition,2,2;pre1,word,授業料，学費,授業料，学費,名詞,2:2291;pre1:2592,2
tumor,tumor,2,2;pre1,word,腫瘍,腫瘍,名詞,2:2045;pre1:2862,2
turn in,turn in,2,2,phrase,提出する,提出する,熟語,2:1975,1
twin,twin,2,2,word,双子，二卵性双生児,双子，二卵性双生児,名詞,2:1167,1
twist,twist,2,2;pre1,word,ねじれ，より合わせる,ねじれ，より合わせる,名詞/動詞;名詞,2:722;pre1:3162,2
ugly,ugly,2,2;pre1;1,word,醜い,醜い / 醜い，見苦しい,形容詞,2:2222;pre1:60;1:232,3
ultimate,ultimate,2,2,word,究極の，最後の,究極の，最後の,形容詞,2:1159,1
under way,under way,2,2,phrase,進行中で，進行する,進行中で，進行する,熟語,2:682,1
undergo,undergo,2,2;pre1,word,経験する，体験する,経験する，体験する,動詞,2:1811;pre1:3249,2
undertake,undertake,2,2;pre1,word,引き受ける,引き受ける,動詞,2:2171;pre1:840,2
unexpected,unexpected,2,2,word,意外な，突然の,意外な，突然の,形容詞,2:624,1
unlikely,unlikely,2,2,word,起こりそうにない，ありそうもない,起こりそうにない，ありそうもない,形容詞,2:1839,1
unpleasant,unpleasant,2,2,word,不愉快な，不快な,不愉快な，不快な,形容詞,2:1587,1
unusual,unusual,2,2,word,珍しい，異常な,珍しい，異常な,形容詞,2:1369,1
unusually,unusually,2,2,word,異常に，めったにないほど,異常に，めったにないほど,副詞,2:564,1
urge,urge,2,2,word,強く促す，早める,強く促す，早める,動詞,2:1581;2:2093,2
use up,use up,2,2,phrase,使い切る，消耗する,使い切る，消耗する,熟語,2:1135,1
utilize,utilize,2,2;pre1,word,利用する,利用する,動詞,2:2136;pre1:1108,2
utter,utter,2,2;pre1,word,完全な,完全な,形容詞,2:2033;pre1:544,2
vaccine,vaccine,2,2,word,ワクチン，予防接種,ワクチン，予防接種,名詞,2:555,1
vain,vain,2,2;pre1;1,word,うぬぼれの強い，自惚れた,うぬぼれの強い，自惚れた / うぬぼれが強い，自惚れた,形容詞,2:949;pre1:455;1:1261,3
vanish,vanish,2,2;pre1,word,消える,消える,動詞,2:2125;pre1:154,2
vending machine,vending machine,2,2,phrase,自動販売機,自動販売機,名詞,2:2161,1
verbal,verbal,2,2;pre1,word,言葉の，語句の,言葉の，語句の,形容詞,2:1748;pre1:3310,2
vessel,vessel,2,2;pre1,word,容器，器,容器，器,名詞,2:1074;pre1:3218,2
vice,vice,2,2;pre1,word,副担当の，代理の,副担当の，代理の / 副,形容詞;名詞,2:1469;pre1:2934,2
virtue,virtue,2,2;pre1,word,徳，道徳,徳，道徳 / 美徳，徳,名詞,2:1034;pre1:2942,2
visually,visually,2,2,word,視覚的に，目で見て,視覚的に，目で見て,副詞,2:855,1
vivid,vivid,2,2;pre1,word,鮮やかな,鮮やかな,形容詞,2:2293;pre1:564,2
vocabulary,vocabulary,2,2,word,単語，語彙,単語，語彙,名詞,2:704,1
voluntarily,voluntarily,2,2,word,自発的に，自ら進んで,自発的に，自ら進んで,副詞,2:590,1
vow,vow,2,2;pre1,word,誓い,誓い,名詞,2:2252;pre1:588,2
voyage,voyage,2,2,word,航海，航行,航海，航行,名詞,2:596,1
wage,wage,2,2,word,賃金，報酬,賃金，報酬,名詞,2:1183,1
wan,wan,2,2;1,word,青ざめた，蒼白な,青ざめた，蒼白な / 青白い，元気ない,形容詞,2:1149;1:4252,2
warm,warm,2,2,word,暖かい，温暖な,暖かい，温暖な,形容詞,2:639,1
watch out,watch out,2,2,phrase,気を付ける,気を付ける,熟語,2:2177,1
weigh,weigh,2,2,word,重さがある，の重さを量る,重さがある，の重さを量る,動詞,2:1838,1
welfare,welfare,2,2,word,福祉，幸福,福祉，幸福,名詞,2:663,1
what is worse,what is worse,2,2,phrase,さらに悪いことには，更に悪化して,さらに悪いことには，更に悪化して,熟語,2:536,1
whereas,whereas,2,2,word,である一方で，だが一方で,である一方で，だが一方で,接続詞,2:1280,1
whistle,whistle,2,2,word,口笛を吹く，口笛をする,口笛を吹く，口笛をする,動詞,2:595,1
willing,willing,2,2,word,いとわない，快諾する,いとわない，快諾する,形容詞,2:1179,1
with luck,with luck,2,2,phrase,運が良ければ，うまくいけば,運が良ければ，うまくいけば,熟語,2:579,1
within reach,within reach,2,2,phrase,届く範囲で，手の届く範囲で,届く範囲で，手の届く範囲で,熟語,2:687,1
withstand,withstand,2,2;pre1,word,耐える,耐える,動詞,2:2066;pre1:1767,2
worthy of,worthy of,2,2,phrase,ふさわしくて，に値して,ふさわしくて，に値して,熟語,2:942,1
yell,yell,2,2,word,大声で叫ぶ，大声を出す,大声で叫ぶ，大声を出す,動詞,2:719,1
a range of,a range of,pre1,pre1;1,phrase,様々な，色々な,様々な，色々な,熟語,pre1:1420;1:2108,2
a wide range of,a wide range of,pre1,pre1,phrase,広範囲の,広範囲の,熟語,pre1:3362,1
abandonment,abandonment,pre1,pre1,word,放棄，遺棄,放棄，遺棄,名詞,pre1:1823,1
abbreviate,abbreviate,pre1,pre1,word,を略する，短縮する,を略する，短縮する,動詞,pre1:2402,1
abbreviation,abbreviation,pre1,pre1,word,省略，略語,省略，略語,名詞,pre1:1743,1
abide by,abide by,pre1,pre1,phrase,遵守する,遵守する,熟語,pre1:3133,1
abolition,abolition,pre1,pre1,word,廃止，撤廃,廃止，撤廃,名詞,pre1:1866,1
aboriginal,aboriginal,pre1,pre1,word,先住民の，土着の,先住民の，土着の,形容詞,pre1:2292,1
abort,abort,pre1,pre1;1,word,中絶する，流産する,中絶する，流産する / 中絶する，挫折する,動詞,pre1:2526;1:685,2
abound,abound,pre1,pre1,word,たくさんいる，多い,たくさんいる，多い,動詞,pre1:2244,1
abound in,abound in,pre1,pre1;1,phrase,であふれている，に富む,であふれている，に富む,熟語,pre1:806;1:3196,2
abstain,abstain,pre1,pre1;1,word,控える，慎む,控える，慎む,動詞,pre1:3005;1:4226,2
abstain from,abstain from,pre1,pre1;1,phrase,を控える，慎む,を控える，慎む,熟語,pre1:3376;1:3186,2
abstraction,abstraction,pre1,pre1,word,抽象的,抽象的,名詞,pre1:2865,1
absurd,absurd,pre1,pre1,word,ばかげた，道理に合わない,ばかげた，道理に合わない,形容詞,pre1:576,1
abundance,abundance,pre1,pre1,word,豊富,豊富,名詞,pre1:786,1
abuse,abuse,pre1,pre1,word,乱用，悪用,乱用，悪用,名詞,pre1:270,1
abusive,abusive,pre1,pre1,word,虐待的な，乱用の,虐待的な，乱用の,形容詞,pre1:1498,1
accelerate,accelerate,pre1,pre1,word,加速する,加速する,動詞,pre1:2164,1
accessible,accessible,pre1,pre1;1,word,行きやすい，便利な,行きやすい，便利な,形容詞,pre1:1153;1:349,2
acclaim,acclaim,pre1,pre1;1,word,称賛する,称賛する,動詞,pre1:2925;1:2240,2
accord,accord,pre1,pre1,word,一致する，調和する,一致する，調和する,動詞,pre1:3208,1
accountability,accountability,pre1,pre1,word,説明責任,説明責任,名詞,pre1:2941,1
accountant,accountant,pre1,pre1,word,会計士，会計係,会計士，会計係,名詞,pre1:1138,1
accounting,accounting,pre1,pre1;1,word,会計，計算,会計，計算,名詞,pre1:982;1:31,2
accumulation,accumulation,pre1,pre1,word,蓄積,蓄積,名詞,pre1:2066,1
accurately,accurately,pre1,pre1,word,正確に，綿密に,正確に，綿密に,副詞,pre1:662,1
accusation,accusation,pre1,pre1,word,非難，告発,非難，告発,名詞,pre1:1072,1
accustom,accustom,pre1,pre1,word,慣れる,慣れる,動詞,pre1:3306,1
ache,ache,pre1,pre1,word,痛み,痛み,名詞,pre1:424,1
acid,acid,pre1,pre1,word,酸の，酸性の,酸の，酸性の,形容詞,pre1:3396,1
acoustic,acoustic,pre1,pre1,word,音響の，聴覚の,音響の，聴覚の,形容詞,pre1:2664,1
acquisition,acquisition,pre1,pre1,word,取得,取得,名詞,pre1:596,1
acquit,acquit,pre1,pre1;1,word,無罪宣告する、無罪を証明する,無罪宣告する、無罪を証明する / 無罪宣告する，無罪を証明する,動詞,pre1:3056;1:1507,2
across from,across from,pre1,pre1;1,phrase,の向かいに，対面に，の向かい側,の向かいに，対面に，の向かい側,熟語,pre1:1956;1:467,2
act up,act up,pre1,pre1,phrase,あばれる，騒ぐ,あばれる，騒ぐ,熟語,pre1:101,1
activate,activate,pre1,pre1,word,作動させる,作動させる,動詞,pre1:425,1
add up to,add up to,pre1,pre1;1,phrase,結局～になる，結果として,結局～になる，結果として,熟語,pre1:2219;1:534,2
addiction,addiction,pre1,pre1,word,中毒性,中毒性,名詞,pre1:2317,1
addictive,addictive,pre1,pre1;1,word,中毒性の、依存性の,中毒性の、依存性の / 中毒性の，依存性の,形容詞,pre1:3016;1:1498,2
adhere,adhere,pre1,pre1,word,遵守する,遵守する,動詞,pre1:3371,1
adhere to,adhere to,pre1,pre1,phrase,にくっつく,にくっつく,熟語,pre1:3022,1
adjacent,adjacent,pre1,pre1;1,word,隣接している,隣接している / 隣接している，近接する,形容詞,pre1:2623;1:1432,2
adjective,adjective,pre1,pre1;1,word,形容詞，形容する言葉,形容詞，形容する言葉,名詞,pre1:1201;1:1211,2
adjustable,adjustable,pre1,pre1,word,調整可能な，順応できる,調整可能な，順応できる,形容詞,pre1:1986,1
adjustment,adjustment,pre1,pre1,word,調整，調節,調整，調節,名詞,pre1:316,1
administer,administer,pre1,pre1,word,を管理する，治める,を管理する，治める,動詞,pre1:1482,1
administrative,administrative,pre1,pre1;1,word,運営の，管理の,運営の，管理の,形容詞,pre1:1025;1:212,2
administrator,administrator,pre1,pre1,word,管理者，行政官,管理者，行政官,名詞,pre1:1408,1
admirable,admirable,pre1,pre1;1,word,見事な，立派な,見事な，立派な / 見事な，素晴らしい,形容詞,pre1:1411;1:1506,2
admiral,admiral,pre1,pre1,word,提督，司令官,提督，司令官,名詞,pre1:1856,1
admiration,admiration,pre1,pre1,word,感心，賞賛,感心，賞賛,名詞,pre1:369,1
admire A for B,admire a for b,pre1,pre1;1,phrase,BについてAを賞賛する，AのBを素晴らしいと思う,BについてAを賞賛する，AのBを素晴らしいと思う / BについてAを賞賛する,熟語,pre1:383;1:3297,2
admonish,admonish,pre1,pre1;1,word,訓戒する，警告する,訓戒する，警告する,動詞,pre1:3090;1:653,2
adolescence,adolescence,pre1,pre1,word,青春期，思春期,青春期，思春期,名詞,pre1:2216,1
adoption,adoption,pre1,pre1;1,word,採用，受け入れ,採用，受け入れ,名詞,pre1:1598;1:160,2
adorable,adorable,pre1,pre1,word,愛らしい,愛らしい,形容詞,pre1:3108,1
adore,adore,pre1,pre1,word,崇拝する，敬愛する,崇拝する，敬愛する,動詞,pre1:1568,1
adorn,adorn,pre1,pre1,word,を飾る,を飾る,動詞,pre1:1662,1
adornment,adornment,pre1,pre1,word,装飾品,装飾品,名詞,pre1:2436,1
adventure,adventure,pre1,pre1,word,冒険,冒険,名詞,pre1:82,1
adverb,adverb,pre1,pre1,word,副詞,副詞,名詞,pre1:1267,1
adverse,adverse,pre1,pre1;1,word,反対の，逆の,反対の，逆の,形容詞,pre1:2023;1:222,2
aerial,aerial,pre1,pre1,word,大気の，空気の,大気の，空気の,形容詞,pre1:2337,1
aerospace,aerospace,pre1,pre1,word,航空宇宙,航空宇宙,名詞,pre1:1961,1
aesthetic,aesthetic,pre1,pre1,word,美的な,美的な,形容詞,pre1:2194,1
afar,afar,pre1,pre1,word,はるか遠くに,はるか遠くに,副詞,pre1:2405,1
affectionate,affectionate,pre1,pre1,word,愛情深い，優しい,愛情深い，優しい,形容詞,pre1:1950,1
affiliate,affiliate,pre1,pre1,word,連携させる，合併する,連携させる，合併する,動詞,pre1:2917,1
affirm,affirm,pre1,pre1,word,を断言する，明言する,を断言する，明言する,動詞,pre1:1938,1
affirmative,affirmative,pre1,pre1,word,断定的な，肯定的な,断定的な，肯定的な,形容詞,pre1:2006,1
afflict,afflict,pre1,pre1,word,を苦しめる，悩ます,を苦しめる，悩ます,動詞,pre1:2030,1
affluent,affluent,pre1,pre1;1,word,裕福な，富裕な,裕福な，富裕な,形容詞,pre1:2770;1:376,2
afford to,afford to,pre1,pre1,phrase,する余裕がある,する余裕がある,熟語,pre1:46,1
afterward,afterward,pre1,pre1,word,その後,その後,副詞,pre1:91,1
aggravate,aggravate,pre1,pre1;1,word,悪化させる，劣化させる,悪化させる，劣化させる,動詞,pre1:2905;1:494,2
aging,aging,pre1,pre1,word,老化,老化,名詞,pre1:2074,1
agitate,agitate,pre1,pre1;1,word,を扇動する，揺り動かす,を扇動する，揺り動かす / かき立てる,動詞,pre1:2800;1:3277,2
agitation,agitation,pre1,pre1,word,動揺,動揺,名詞,pre1:2168,1
agonize,agonize,pre1,pre1,word,苦しむ,苦しむ,動詞,pre1:2232,1
agony,agony,pre1,pre1,word,激しい苦痛，苦悶,激しい苦痛，苦悶,名詞,pre1:799,1
aide,aide,pre1,pre1,word,助力者,助力者,名詞,pre1:1472,1
aim to,aim to,pre1,pre1;1,phrase,するつもりである，意図する,するつもりである，意図する,熟語,pre1:1377;1:374,2
aimless,aimless,pre1,pre1,word,目的のない,目的のない,形容詞,pre1:3333,1
air out,air out,pre1,pre1,phrase,が乾く，乾燥する,が乾く，乾燥する,熟語,pre1:821,1
akin,akin,pre1,pre1,word,同族の，血族の,同族の，血族の,形容詞,pre1:2781,1
algebra,algebra,pre1,pre1,word,代数,代数,名詞,pre1:1749,1
alienate,alienate,pre1,pre1,word,を遠ざける,を遠ざける,動詞,pre1:2881,1
all ears,all ears,pre1,pre1;1,phrase,耳を傾ける，熱心に聴く,耳を傾ける，熱心に聴く,熟語,pre1:275;1:3957,2
all thumbs,all thumbs,pre1,pre1;1,phrase,不器用な，ぶざまな,不器用な，ぶざまな / 手先が不器用な，ぶざまな,熟語,pre1:973;1:3027,2
all told,all told,pre1,pre1;1,phrase,全体で，結局,全体で，結局,熟語,pre1:513;1:3437,2
allegation,allegation,pre1,pre1,word,主張，申し立て,主張，申し立て,名詞,pre1:2274,1
allege,allege,pre1,pre1,word,を申し立てる，主張する,を申し立てる，主張する,動詞,pre1:1836,1
alleged,alleged,pre1,pre1,word,容疑のある,容疑のある,形容詞,pre1:2144,1
allegedly,allegedly,pre1,pre1;1,word,申し立てによると，主張によると,申し立てによると，主張によると,副詞,pre1:2170;1:421,2
alleviate,alleviate,pre1,pre1;1,word,和らげる，軽減する,和らげる，軽減する,動詞,pre1:3030;1:670,2
alleviated,alleviated,pre1,pre1,word,軽減された,軽減された,形容詞,pre1:3233,1
alley,alley,pre1,pre1,word,路地,路地,名詞,pre1:1121,1
allied,allied,pre1,pre1;1,word,同盟を結んでいる，連携している,同盟を結んでいる，連携している,形容詞,pre1:1943;1:520,2
allocate,allocate,pre1,pre1,word,割り当てる,割り当てる,動詞,pre1:3309,1
allocation,allocation,pre1,pre1,word,割り当て，配置,割り当て，配置,名詞,pre1:2636,1
allot,allot,pre1,pre1;1,word,を割り当てる，充当する,を割り当てる，充当する / 割り当てる,動詞,pre1:2408;1:3409,2
allow for,allow for,pre1,pre1;1,phrase,を考慮に入れる，余裕を持つ,を考慮に入れる，余裕を持つ,熟語,pre1:1596;1:1950,2
almighty,almighty,pre1,pre1,word,全能の,全能の,形容詞,pre1:1259,1
alongside,alongside,pre1,pre1;1,word,と一緒に，並行して,と一緒に，並行して,副詞,pre1:1102;1:2,2
aloof,aloof,pre1,pre1,word,離れて，遠ざかって,離れて，遠ざかって,副詞,pre1:2569,1
altar,altar,pre1,pre1,word,祭壇,祭壇,名詞,pre1:1574,1
alteration,alteration,pre1,pre1,word,変更,変更,名詞,pre1:3035,1
alternate,alternate,pre1,pre1,word,代わりの,代わりの,形容詞,pre1:3121,1
ambassador,ambassador,pre1,pre1,word,大使,大使,名詞,pre1:473,1
ambitious,ambitious,pre1,pre1;1,word,野心的な，大志を抱く,野心的な，大志を抱く,形容詞,pre1:376;1:302,2
ameliorate,ameliorate,pre1,pre1,word,改善する,改善する,動詞,pre1:3272,1
amend,amend,pre1,pre1,word,を修正する，改良する,を修正する，改良する,動詞,pre1:1884,1
amiable,amiable,pre1,pre1,word,愛想が良い，感じが良い,愛想が良い，感じが良い,形容詞,pre1:2477,1
amicable,amicable,pre1,pre1,word,友好的な,友好的な,形容詞,pre1:3049,1
amid,amid,pre1,pre1,word,真ん中に，の中に,真ん中に，の中に,前置詞,pre1:2052,1
ammunition,ammunition,pre1,pre1,word,弾薬,弾薬,名詞,pre1:3101,1
amnesty,amnesty,pre1,pre1,word,恩赦,恩赦,名詞,pre1:3319,1
ample,ample,pre1,pre1,word,広大な，広い,広大な，広い,形容詞,pre1:1039,1
amplify,amplify,pre1,pre1,word,を拡大する，増大する,を拡大する，増大する,動詞,pre1:2631,1
analogous,analogous,pre1,pre1;1,word,類似している,類似している / 類似の，似ている,形容詞,pre1:2407;1:1275,2
analogy,analogy,pre1,pre1,word,類似,類似,名詞,pre1:2259,1
anarchy,anarchy,pre1,pre1;1,word,無秩序，無政府状態,無秩序，無政府状態 / 無秩序，混沌,名詞,pre1:2829;1:1829,2
anatomy,anatomy,pre1,pre1,word,解剖学,解剖学,名詞,pre1:2110,1
anecdote,anecdote,pre1,pre1,word,逸話,逸話,名詞,pre1:2476,1
anguish,anguish,pre1,pre1,word,苦悩，苦悶,苦悩，苦悶,名詞,pre1:1962,1
annotation,annotation,pre1,pre1;1,word,注釈,注釈,名詞,pre1:3391;1:3271,2
annual fee,annual fee,pre1,pre1;1,phrase,年会費，年会料,年会費，年会料,名詞,pre1:2953;1:2113,2
anonymous,anonymous,pre1,pre1,word,匿名の，不明の,匿名の，不明の,形容詞,pre1:1676,1
anthem,anthem,pre1,pre1;1,word,賛歌，賛美歌,賛歌，賛美歌,名詞,pre1:3069;1:1901,2
anticipate,anticipate,pre1,pre1,word,を期待する，予想する,を期待する，予想する,動詞,pre1:602,1
anticipation,anticipation,pre1,pre1,word,期待，予想,期待，予想,名詞,pre1:927,1
antique,antique,pre1,pre1,word,骨董の，古風な,骨董の，古風な,形容詞,pre1:407,1
anyhow,anyhow,pre1,pre1,word,どうしても，なんとしても,どうしても，なんとしても,副詞,pre1:234,1
apathy,apathy,pre1,pre1;1,word,無関心，無感動,無関心，無感動 / 無関心,名詞,pre1:2423;1:3238,2
ape,ape,pre1,pre1;1,word,類人猿，大猿,類人猿，大猿,名詞,pre1:1354;1:174,2
apiece,apiece,pre1,pre1;1,word,各自で,各自で / 一つに付き,副詞,pre1:2888;1:2252,2
apparatus,apparatus,pre1,pre1,word,器具，装置,器具，装置,名詞,pre1:853,1
appetizer,appetizer,pre1,pre1,word,前菜,前菜,名詞,pre1:1706,1
applaud,applaud,pre1,pre1,word,拍手する,拍手する,動詞,pre1:1176,1
appliance,appliance,pre1,pre1,word,家電，電化製品,家電，電化製品,名詞,pre1:3243,1
applicable,applicable,pre1,pre1,word,該当する,該当する,形容詞,pre1:1736,1
application form,application form,pre1,pre1;1,phrase,申込用紙，願書,申込用紙，願書 / 申込用紙，願書，申請書,名詞,pre1:2622;1:1562,2
appreciation,appreciation,pre1,pre1;1,word,感謝，称賛,感謝，称賛,名詞,pre1:558;1:112,2
apprehend,apprehend,pre1,pre1;1,word,を逮捕する,を逮捕する / 捕らえる，捕獲する,動詞,pre1:2911;1:1344,2
apprehension,apprehension,pre1,pre1;1,word,気遣い、不安、配慮や心配,気遣い、不安、配慮や心配 / 気遣い，不安，配慮や心配,名詞,pre1:3240;1:1691,2
apprentice,apprentice,pre1,pre1,word,見習い,見習い,名詞,pre1:1756,1
approximate,approximate,pre1,pre1,word,およその,およその,形容詞,pre1:1790,1
aptitude,aptitude,pre1,pre1;1,word,素質，才能,素質，才能 / 適性,名詞,pre1:2398;1:3384,2
aquatic,aquatic,pre1,pre1;1,word,水生の，水の,水生の，水の / 水生の，水中の,形容詞,pre1:2534;1:602,2
arc,arc,pre1,pre1,word,円弧，孤,円弧，孤,名詞,pre1:460,1
archaeological,archaeological,pre1,pre1;1,word,考古学の，古典的な,考古学の，古典的な / 考古学の,形容詞,pre1:186;1:11,2
archaic,archaic,pre1,pre1,word,古風な，すたれた,古風な，すたれた,形容詞,pre1:2250,1
architectural,architectural,pre1,pre1,word,建築の,建築の,形容詞,pre1:1140,1
archive,archive,pre1,pre1,word,書庫，保存場所,書庫，保存場所,名詞,pre1:3335,1
arduous,arduous,pre1,pre1;1,word,骨の折れる，困難な,骨の折れる，困難な,形容詞,pre1:3216;1:743,2
arena,arena,pre1,pre1,word,舞台，闘技場,舞台，闘技場,名詞,pre1:505,1
aristocrat,aristocrat,pre1,pre1,word,貴族,貴族,名詞,pre1:3166,1
aristocratic,aristocratic,pre1,pre1,word,貴族の,貴族の,形容詞,pre1:2145,1
arithmetic,arithmetic,pre1,pre1;1,word,算数,算数 / 算数，算術，計算,名詞,pre1:716;1:1932,2
armament,armament,pre1,pre1,word,武装,武装,名詞,pre1:3179,1
arouse,arouse,pre1,pre1,word,を起こす，喚起する,を起こす，喚起する,動詞,pre1:1656,1
array,array,pre1,pre1;1,word,整列させる，並べる,整列させる，並べる,動詞,pre1:2111;1:252,2
arrogance,arrogance,pre1,pre1,word,傲慢,傲慢,名詞,pre1:2330,1
articulate,articulate,pre1,pre1,word,明確にする,明確にする,動詞,pre1:2955,1
artifact,artifact,pre1,pre1,word,遺物，工芸品,遺物，工芸品,名詞,pre1:3344,1
artisan,artisan,pre1,pre1,word,職人,職人,名詞,pre1:2175,1
as a last resort,as a last resort,pre1,pre1;1,phrase,最後の手段として，切羽詰まって,最後の手段として，切羽詰まって,熟語,pre1:1154;1:3614,2
as before,as before,pre1,pre1;1,phrase,以前の様に，以前と同等に,以前の様に，以前と同等に,熟語,pre1:2790;1:2074,2
as it stands,as it stands,pre1,pre1;1,phrase,現状では，現在のところ,現状では，現在のところ / 現状では，今のところでは，現在の状態で,熟語,pre1:1268;1:1316,2
as it turns out,as it turns out,pre1,pre1;1,phrase,結局のところ，最終的に,結局のところ，最終的に / 結局のところ，最終的に，ついに,熟語,pre1:2608;1:1930,2
ascent,ascent,pre1,pre1;1,word,上昇,上昇 / 上昇，昇格,名詞,pre1:1325;1:1817,2
ascertain,ascertain,pre1,pre1,word,を確かめる,を確かめる,動詞,pre1:2289,1
ascribe,ascribe,pre1,pre1;1,word,のせいにする，責任を転嫁する,のせいにする，責任を転嫁する,動詞,pre1:3091;1:1291,2
ashtray,ashtray,pre1,pre1,word,灰皿,灰皿,名詞,pre1:361,1
aspire,aspire,pre1,pre1,word,熱望する，憧れる,熱望する，憧れる,動詞,pre1:2047,1
assassin,assassin,pre1,pre1,word,暗殺者，刺客,暗殺者，刺客,名詞,pre1:2682,1
assassinate,assassinate,pre1,pre1,word,を暗殺する,を暗殺する,動詞,pre1:2240,1
assert,assert,pre1,pre1;1,word,主張する，主意を表す,主張する，主意を表す,動詞,pre1:289;1:426,2
assertive,assertive,pre1,pre1;1,word,断定的な,断定的な,形容詞,pre1:2588;1:3077,2
assimilate,assimilate,pre1,pre1;1,word,吸収する，同化する，取り込む,吸収する，同化する，取り込む,動詞,pre1:2454;1:537,2
associate A with B,associate a with b,pre1,pre1;1,phrase,AとBを関係づける,AとBを関係づける / AとBを関係づける，AとBを連携させる,熟語,pre1:2224;1:1828,2
assorted,assorted,pre1,pre1,word,盛り合わせの,盛り合わせの,形容詞,pre1:2260,1
assurance,assurance,pre1,pre1,word,保証，請け合い,保証，請け合い,名詞,pre1:894,1
asteroid,asteroid,pre1,pre1;1,word,小惑星,小惑星 / 小惑星，アステロイド,名詞,pre1:3262;1:1034,2
astray,astray,pre1,pre1,word,道に迷って,道に迷って,副詞,pre1:2554,1
astronomer,astronomer,pre1,pre1,word,天文学者,天文学者,名詞,pre1:1019,1
astronomy,astronomy,pre1,pre1,word,天文学,天文学,名詞,pre1:1382,1
at close quarters,at close quarters,pre1,pre1;1,phrase,間近に，接近して,間近に，接近して,熟語,pre1:500;1:2674,2
at face value,at face value,pre1,pre1;1,phrase,額面通り，表面通りの価値で,額面通り，表面通りの価値で,熟語,pre1:100;1:3307,2
at fault,at fault,pre1,pre1;1,phrase,落ち度がある，咎められるべき,落ち度がある，咎められるべき,熟語,pre1:1485;1:2197,2
at random,at random,pre1,pre1;1,phrase,無作為に，手あたり次第に,無作為に，手あたり次第に,熟語,pre1:1995;1:1883,2
at the moment,at the moment,pre1,pre1;1,phrase,今のところ，現状,今のところ，現状 / 今のところ，現状，現在点,熟語,pre1:2693;1:1718,2
athletic,athletic,pre1,pre1,word,競技の，運動家の,競技の，運動家の,形容詞,pre1:445,1
atlas,atlas,pre1,pre1,word,地図帳,地図帳,名詞,pre1:165,1
atom,atom,pre1,pre1,word,原子，微小分子,原子，微小分子,名詞,pre1:156,1
atop,atop,pre1,pre1,word,頂上に，の上に,頂上に，の上に,副詞,pre1:2983,1
attain,attain,pre1,pre1,word,を達成する，獲得する,を達成する，獲得する,動詞,pre1:508,1
attainment,attainment,pre1,pre1,word,達成，到達,達成，到達,名詞,pre1:2266,1
attendance,attendance,pre1,pre1,word,出席，参列,出席，参列,名詞,pre1:976,1
attendant,attendant,pre1,pre1,word,付き添い，付随,付き添い，付随,名詞,pre1:679,1
attentive,attentive,pre1,pre1;1,word,注意深い,注意深い,形容詞,pre1:1002;1:2070,2
attest,attest,pre1,pre1,word,を証明する,を証明する,動詞,pre1:2900,1
attic,attic,pre1,pre1,word,屋根裏,屋根裏,名詞,pre1:2010,1
attribute A to B,attribute a to b,pre1,pre1;1,phrase,AをBに依るものとする，AをBとみなす,AをBに依るものとする，AをBとみなす,熟語,pre1:2231;1:1232,2
audacity,audacity,pre1,pre1;1,word,大胆さ,大胆さ,名詞,pre1:3280;1:3258,2
audible,audible,pre1,pre1,word,聞くことのできる,聞くことのできる,形容詞,pre1:3185,1
audit,audit,pre1,pre1,word,監査，会計検査,監査，会計検査,名詞,pre1:2092,1
auditor,auditor,pre1,pre1,word,監査人,監査人,名詞,pre1:3114,1
auditorium,auditorium,pre1,pre1,word,講堂,講堂,名詞,pre1:3373,1
austere,austere,pre1,pre1;1,word,厳格な、厳重な,厳格な、厳重な / 厳格な，厳重な,形容詞,pre1:3223;1:1391,2
authentic,authentic,pre1,pre1,word,本物の，信頼できる,本物の，信頼できる,形容詞,pre1:2082,1
authorize,authorize,pre1,pre1,word,許可する,許可する,動詞,pre1:1215,1
autograph,autograph,pre1,pre1,word,署名，サイン,署名，サイン,名詞,pre1:3213,1
autonomy,autonomy,pre1,pre1,word,自治，自主性,自治，自主性,名詞,pre1:2135,1
avail,avail,pre1,pre1,word,利用する,利用する,動詞,pre1:1765,1
avail oneself of,avail oneself of,pre1,pre1;1,phrase,を利用する，を活用する,を利用する，を活用する,熟語,pre1:1079;1:2701,2
availability,availability,pre1,pre1;1,word,可用性，利用可能性,可用性，利用可能性,名詞,pre1:2993;1:316,2
avalanche,avalanche,pre1,pre1,word,雪崩,雪崩,名詞,pre1:2834,1
avert,avert,pre1,pre1,word,を逸らす，避ける,を逸らす，避ける,動詞,pre1:2745,1
aviation,aviation,pre1,pre1,word,航空，飛行,航空，飛行,名詞,pre1:2304,1
await,await,pre1,pre1,word,を待つ,を待つ,動詞,pre1:327,1
awfully,awfully,pre1,pre1,word,ひどく，恐ろしく,ひどく，恐ろしく,副詞,pre1:387,1
axis,axis,pre1,pre1,word,軸,軸,名詞,pre1:3065,1
bachelor,bachelor,pre1,pre1,word,独身男性，未婚男性,独身男性，未婚男性,名詞,pre1:1944,1
back down,back down,pre1,pre1;1,phrase,手を引く，引き下がる,手を引く，引き下がる / 手を引く，撤退する,熟語,pre1:2459;1:773,2
back off,back off,pre1,pre1;1,phrase,後退する，後ろに下がる,後退する，後ろに下がる,熟語,pre1:1199;1:701,2
back up,back up,pre1,pre1;1,phrase,を後援する，後退させる,を後援する，後退させる,熟語,pre1:1707;1:1769,2
backyard,backyard,pre1,pre1,word,裏庭,裏庭,名詞,pre1:132,1
bacteria,bacteria,pre1,pre1,word,細菌,細菌,名詞,pre1:1351,1
baggage,baggage,pre1,pre1,word,荷物，手荷物,荷物，手荷物,名詞,pre1:210,1
bail,bail,pre1,pre1,word,保釈，保釈金,保釈，保釈金,名詞,pre1:2212,1
bail out,bail out,pre1,pre1;1,phrase,脱出する，救済する,脱出する，救済する,熟語,pre1:3345;1:3125,2
bait,bait,pre1,pre1,word,えさ,えさ,名詞,pre1:1745,1
bald,bald,pre1,pre1,word,禿げた,禿げた,形容詞,pre1:1197,1
ballot,ballot,pre1,pre1;1,word,投票用紙，選挙票,投票用紙，選挙票,名詞,pre1:1699;1:491,2
bandage,bandage,pre1,pre1;1,word,包帯，絆創膏，ガーゼ,包帯，絆創膏，ガーゼ,名詞,pre1:90;1:370,2
banish,banish,pre1,pre1,word,を流刑にする，追放する,を流刑にする，追放する,動詞,pre1:1228,1
bank on,bank on,pre1,pre1;1,phrase,を当てにする，頼る,を当てにする，頼る / を当てにする，依存する,熟語,pre1:646;1:782,2
bankrupt,bankrupt,pre1,pre1,word,破産,破産,形容詞,pre1:3352,1
barbarian,barbarian,pre1,pre1,word,野蛮人，未開の人々,野蛮人，未開の人々,名詞,pre1:1809,1
bargain for,bargain for,pre1,pre1;1,phrase,について交渉する，話し合う,について交渉する，話し合う,熟語,pre1:724;1:3150,2
barge in,barge in,pre1,pre1;1,phrase,入り込む，押しかける,入り込む，押しかける,熟語,pre1:590;1:3463,2
bark,bark,pre1,pre1,word,吠える/木の皮,吠える/木の皮,動詞/名詞,pre1:13,1
barn,barn,pre1,pre1,word,物置，納屋,物置，納屋,名詞,pre1:774,1
baron,baron,pre1,pre1,word,男爵,男爵,名詞,pre1:1999,1
barrel,barrel,pre1,pre1,word,樽,樽,名詞,pre1:3093,1
barren,barren,pre1,pre1;1,word,実を結ばない，結果を出さない,実を結ばない，結果を出さない,形容詞,pre1:2027;1:322,2
barter,barter,pre1,pre1,word,物々交換する,物々交換する,動詞,pre1:2568,1
batch,batch,pre1,pre1,word,ひとまとめ,ひとまとめ,名詞,pre1:600,1
be aimed at,be aimed at,pre1,pre1;1,phrase,を狙っている，が意図されている,を狙っている，が意図されている,熟語,pre1:1730;1:728,2
be akin to,be akin to,pre1,pre1;1,phrase,に似ている，と同種である,に似ている，と同種である,熟語,pre1:155;1:3357,2
be bound up with,be bound up with,pre1,pre1;1,phrase,と密接な関係のある，深く関係した,と密接な関係のある，深く関係した,熟語,pre1:685;1:3809,2
be critical of,be critical of,pre1,pre1;1,phrase,に批判的である，否定的な,に批判的である，否定的な / に批判的である，否定的な，批評的である,熟語,pre1:2505;1:1591,2
be destitute of,be destitute of,pre1,pre1;1,phrase,に困窮する，を持っていない,に困窮する，を持っていない,熟語,pre1:1182;1:2469,2
be devoid of,be devoid of,pre1,pre1;1,phrase,を持っていない，に欠いている,を持っていない，に欠いている,熟語,pre1:663;1:2570,2
be doomed to,be doomed to,pre1,pre1;1,phrase,運命づけられる，の運命にある,運命づけられる，の運命にある,熟語,pre1:1169;1:2850,2
be incongruous with,be incongruous with,pre1,pre1;1,phrase,と矛盾する，と不一致である,と矛盾する，と不一致である,熟語,pre1:167;1:2922,2
be indebted to,be indebted to,pre1,pre1;1,phrase,に負債がある，恩義がある,に負債がある，恩義がある,熟語,pre1:668;1:3301,2
be keen to,be keen to,pre1,pre1;1,phrase,やる気がある，乗り気になっている,やる気がある，乗り気になっている,熟語,pre1:995;1:3167,2
be laid up,be laid up,pre1,pre1;1,phrase,寝込む，寝たきりになる，病床にある,寝込む，寝たきりになる，病床にある / 寝込む，寝たきりになる，病床にある，床についている,熟語,pre1:1922;1:1508,2
be obsessed with,be obsessed with,pre1,pre1;1,phrase,に取り付かれる，で頭がいっぱい,に取り付かれる，で頭がいっぱい,熟語,pre1:714;1:3159,2
be prone to,be prone to,pre1,pre1;1,phrase,する傾向がある，しがちである,する傾向がある，しがちである,熟語,pre1:205;1:3043,2
be reckless of,be reckless of,pre1,pre1;1,phrase,を気に掛けない，気にしない,を気に掛けない，気にしない,熟語,pre1:493;1:2697,2
be tidied up,be tidied up,pre1,pre1;1,phrase,きちんと片づけた，整えた,きちんと片づけた，整えた,熟語,pre1:2606;1:64,2
be weary of,be weary of,pre1,pre1;1,phrase,にうんざりしている,にうんざりしている / にうんざりしている，飽き飽きしている,熟語,pre1:1160;1:2576,2
beak,beak,pre1,pre1,word,くちばし,くちばし,名詞,pre1:1284,1
bear down,bear down,pre1,pre1;1,phrase,圧迫する，制圧する,圧迫する，制圧する,熟語,pre1:1144;1:2926,2
bear the brunt of,bear the brunt of,pre1,pre1;1,phrase,の矢面に立つ，まともに受ける,の矢面に立つ，まともに受ける,熟語,pre1:377;1:3011,2
beard,beard,pre1,pre1,word,ひげ，あごひげ,ひげ，あごひげ,名詞,pre1:244,1
beckon,beckon,pre1,pre1;1,word,手招きする,手招きする / 手招きする，招く,動詞,pre1:3276;1:859,2
beggar,beggar,pre1,pre1;1,word,乞食，物乞い,乞食，物乞い / 乞食,名詞,pre1:102;1:2488,2
behavioral,behavioral,pre1,pre1;1,word,行動上の，行動の,行動上の，行動の,形容詞,pre1:2391;1:66,2
behind the scenes,behind the scenes,pre1,pre1;1,phrase,舞台裏で，陰で,舞台裏で，陰で,熟語,pre1:1060;1:3419,2
bellybutton,bellybutton,pre1,pre1,word,へそ，へその緒がついていた傷痕,へそ，へその緒がついていた傷痕,名詞,pre1:1439,1
benefit from,benefit from,pre1,pre1;1,phrase,で利益を得る，儲かる,で利益を得る，儲かる / で利益を得る，儲かる，利ざやを稼ぐ,熟語,pre1:2979;1:1621,2
bestow,bestow,pre1,pre1,word,を授ける，与える,を授ける，与える,動詞,pre1:1695,1
bestow A on B,bestow a on b,pre1,pre1;1,phrase,BにAを授ける，BにAを費やす,BにAを授ける，BにAを費やす,熟語,pre1:384;1:3609,2
betrayal,betrayal,pre1,pre1,word,裏切り，密告,裏切り，密告,名詞,pre1:1336,1
beware,beware,pre1,pre1,word,用心する，気を付ける,用心する，気を付ける,動詞,pre1:1781,1
bewilder,bewilder,pre1,pre1,word,当惑させる,当惑させる,動詞,pre1:1974,1
beyond question,beyond question,pre1,pre1;1,phrase,疑いもなく，確かに,疑いもなく，確かに,熟語,pre1:1096;1:2538,2
bias,bias,pre1,pre1;1,word,偏見，先入観,偏見，先入観,名詞,pre1:1587;1:59,2
biased against,biased against,pre1,pre1;1,phrase,に対する偏見，偏った見方,に対する偏見，偏った見方,熟語,pre1:2624;1:34,2
bid,bid,pre1,pre1,word,入札する,入札する,動詞,pre1:3308,1
bilingual,bilingual,pre1,pre1,word,二ヶ国語話者,二ヶ国語話者,名詞,pre1:1023,1
bimonthly,bimonthly,pre1,pre1,word,隔月の,隔月の,形容詞,pre1:1672,1
bin,bin,pre1,pre1,word,容器,容器,名詞,pre1:2439,1
biography,biography,pre1,pre1,word,伝記,伝記,名詞,pre1:945,1
bizarre,bizarre,pre1,pre1,word,奇妙な，異様な,奇妙な，異様な,形容詞,pre1:2777,1
blank,blank,pre1,pre1,word,白紙の，空白の,白紙の，空白の,形容詞,pre1:50,1
blast off,blast off,pre1,pre1;1,phrase,発射される,発射される / 発射される，打ち上げられる,熟語,pre1:1466;1:1178,2
blatant,blatant,pre1,pre1;1,word,露骨な，あからさまな,露骨な，あからさまな,形容詞,pre1:3378;1:563,2
blaze,blaze,pre1,pre1,word,火炎，炎,火炎，炎,名詞,pre1:830,1
bleach,bleach,pre1,pre1,word,を漂白する,を漂白する,動詞,pre1:1406,1
bleak,bleak,pre1,pre1;1,word,吹きさらしの，荒涼とした,吹きさらしの，荒涼とした,形容詞,pre1:2022;1:149,2
blend,blend,pre1,pre1,word,を混ぜ合わせる，を混ぜる,を混ぜ合わせる，を混ぜる,動詞,pre1:69,1
blend in,blend in,pre1,pre1;1,phrase,溶け合う，調和する,溶け合う，調和する,熟語,pre1:342;1:163,2
bless,bless,pre1,pre1,word,を祝福する，に授ける,を祝福する，に授ける,動詞,pre1:196,1
bliss,bliss,pre1,pre1;1,word,至福，極楽,至福，極楽,名詞,pre1:1716;1:396,2
blister,blister,pre1,pre1;1,word,水膨れ、水疱,水膨れ、水疱 / 水膨れ，水疱,名詞,pre1:3153;1:1763,2
blizzard,blizzard,pre1,pre1,word,猛吹雪,猛吹雪,名詞,pre1:2638,1
blood vessel,blood vessel,pre1,pre1;1,phrase,血管，血の管,血管，血の管 / 血管，動脈,名詞,pre1:2097;1:1884,2
blot,blot,pre1,pre1,word,しみ，汚れ,しみ，汚れ,名詞,pre1:1392,1
blow in,blow in,pre1,pre1;1,phrase,風が吹き込む，突然現れる,風が吹き込む，突然現れる,熟語,pre1:514;1:2549,2
blueprint,blueprint,pre1,pre1,word,青写真,青写真,名詞,pre1:999,1
blunt,blunt,pre1,pre1,word,鈍い,鈍い,形容詞,pre1:1455,1
blur,blur,pre1,pre1,word,しみ，汚れ,しみ，汚れ,名詞,pre1:2298,1
blurry,blurry,pre1,pre1;1,word,ぼやけた,ぼやけた,形容詞,pre1:2972;1:3787,2
boast,boast,pre1,pre1;1,word,自慢する，誇示する,自慢する，誇示する,動詞,pre1:88;1:319,2
boastful,boastful,pre1,pre1,word,自慢の，高慢な,自慢の，高慢な,形容詞,pre1:1900,1
bog,bog,pre1,pre1;1,word,沼地,沼地,名詞,pre1:2475;1:3221,2
boil down to,boil down to,pre1,pre1;1,phrase,煮詰める，結局～になる,煮詰める，結局～になる,熟語,pre1:320;1:2480,2
boil over,boil over,pre1,pre1;1,phrase,沸騰してこぼれる，憤慨する,沸騰してこぼれる，憤慨する,熟語,pre1:725;1:2920,2
bondage,bondage,pre1,pre1,word,緊縛，縛り,緊縛，縛り,名詞,pre1:2625,1
bonfire,bonfire,pre1,pre1,word,たき火,たき火,名詞,pre1:2442,1
boon,boon,pre1,pre1;1,word,恩恵,恩恵,名詞,pre1:2708;1:2451,2
bore,bore,pre1,pre1,word,退屈させる，うんざりさせる,退屈させる，うんざりさせる,動詞,pre1:217,1
boredom,boredom,pre1,pre1,word,退屈,退屈,名詞,pre1:555,1
bosom,bosom,pre1,pre1,word,乳房，胸,乳房，胸,名詞,pre1:1777,1
botanical,botanical,pre1,pre1,word,植物の,植物の,形容詞,pre1:1463,1
botanist,botanist,pre1,pre1;1,word,植物学者，植物研究者,植物学者，植物研究者,名詞,pre1:2841;1:482,2
botany,botany,pre1,pre1,word,植物学,植物学,名詞,pre1:2088,1
bough,bough,pre1,pre1,word,大きな枝,大きな枝,名詞,pre1:1929,1
boulder,boulder,pre1,pre1,word,丸石,丸石,名詞,pre1:2798,1
boulevard,boulevard,pre1,pre1,word,大通り,大通り,名詞,pre1:2605,1
bounce,bounce,pre1,pre1,word,跳ねる，はずむ,跳ねる，はずむ,動詞,pre1:998,1
bounce back,bounce back,pre1,pre1;1,phrase,持ち直す，回復する,持ち直す，回復する,熟語,pre1:2785;1:395,2
bound,bound,pre1,pre1,word,跳ねる，跳ね返る,跳ねる，跳ね返る,動詞,pre1:236,1
bout,bout,pre1,pre1;1,word,試合，競技,試合，競技,名詞,pre1:3044;1:32,2
bow out,bow out,pre1,pre1;1,phrase,お辞儀して退出する，身を引く,お辞儀して退出する，身を引く,熟語,pre1:624;1:3093,2
bowl over,bowl over,pre1,pre1;1,phrase,を打ち倒す，仰天させる,を打ち倒す，仰天させる,熟語,pre1:641;1:3814,2
brace,brace,pre1,pre1,word,支える,支える,動詞,pre1:1958,1
brag,brag,pre1,pre1,word,自慢,自慢,動詞,pre1:3296,1
bran,bran,pre1,pre1;1,word,ぬか,ぬか / ふすま，ぬか,名詞,pre1:2869;1:2393,2
branch off,branch off,pre1,pre1;1,phrase,分岐する，枝を広げる,分岐する，枝を広げる,熟語,pre1:1434;1:850,2
branch out,branch out,pre1,pre1;1,phrase,枝を出す，手を広げる,枝を出す，手を広げる,熟語,pre1:933;1:3616,2
breach,breach,pre1,pre1,word,違反,違反,名詞,pre1:1996,1
break down,break down,pre1,pre1;1,phrase,を壊す，解体する,を壊す，解体する,熟語,pre1:2860;1:1204,2
break in,break in,pre1,pre1,phrase,押し入る,押し入る,熟語,pre1:3339,1
break into tears,break into tears,pre1,pre1;1,phrase,涙が出る，泣き出す,涙が出る，泣き出す,熟語,pre1:143;1:2617,2
break up,break up,pre1,pre1,phrase,別れる,別れる,熟語,pre1:212,1
breakthrough,breakthrough,pre1,pre1,word,突破口,突破口,名詞,pre1:2307,1
brew,brew,pre1,pre1,word,醸造する,醸造する,動詞,pre1:1957,1
bribe,bribe,pre1,pre1;1,word,賄賂,賄賂 / 賄賂，贈賄,名詞,pre1:1254;1:1074,2
bribery,bribery,pre1,pre1;1,word,賄賂の授受，贈収賄,賄賂の授受，贈収賄,名詞,pre1:1969;1:15,2
brightly,brightly,pre1,pre1,word,明るく，輝いて,明るく，輝いて,副詞,pre1:5,1
brilliance,brilliance,pre1,pre1,word,明るさ，光沢,明るさ，光沢,名詞,pre1:1331,1
brim,brim,pre1,pre1,word,へり，ふち,へり，ふち,名詞,pre1:922,1
bring A in,bring a in,pre1,pre1;1,phrase,Aを持ち込む，持参する,Aを持ち込む，持参する,熟語,pre1:1664;1:1386,2
bring about,bring about,pre1,pre1,phrase,を引き起こす，発生させる,を引き起こす，発生させる,熟語,pre1:1000,1
bring off,bring off,pre1,pre1;1,phrase,を成し遂げる，達成する，完成させる,を成し遂げる，達成する，完成させる,熟語,pre1:2731;1:342,2
bring on,bring on,pre1,pre1;1,phrase,を引き起こす，を発生させる,を引き起こす，を発生させる / を引き起こす，誘発する,熟語,pre1:1327;1:830,2
bring out,bring out,pre1,pre1;1,phrase,を引き出す，引き起こす,を引き出す，引き起こす / を引き出す，引き起こす，招く,熟語,pre1:2528;1:988,2
brink,brink,pre1,pre1;1,word,瀬戸際，切羽詰まった状態,瀬戸際，切羽詰まった状態,名詞,pre1:2035;1:323,2
brisk,brisk,pre1,pre1,word,活発な，元気の良い,活発な，元気の良い,形容詞,pre1:1915,1
brochure,brochure,pre1,pre1,word,小冊子,小冊子,名詞,pre1:1584,1
broom,broom,pre1,pre1;1,word,ほうき,ほうき / ほうき，掃除道具,名詞,pre1:1416;1:1035,2
browse,browse,pre1,pre1;1,word,拾い読みする，一部読む,拾い読みする，一部読む,動詞,pre1:2910;1:278,2
brush off,brush off,pre1,pre1;1,phrase,をすげなく断る，無視する，拒否する,をすげなく断る，無視する，拒否する,熟語,pre1:713;1:431,2
brutal,brutal,pre1,pre1,word,残忍な，残酷な,残忍な，残酷な,形容詞,pre1:566,1
buck for,buck for,pre1,pre1;1,phrase,得ようと努める，求める,得ようと努める，求める,熟語,pre1:666;1:2941,2
buckle down,buckle down,pre1,pre1;1,phrase,精を出す，全力を尽くす,精を出す，全力を尽くす / 精を出す，全力を尽くす，尽力する,熟語,pre1:1930;1:1776,2
bud,bud,pre1,pre1,word,つぼみ,つぼみ,名詞,pre1:436,1
buddy,buddy,pre1,pre1,word,相棒，仲間,相棒，仲間,名詞,pre1:2096,1
buffer,buffer,pre1,pre1;1,word,緩衝，緩和,緩衝，緩和,名詞,pre1:3394;1:956,2
bug,bug,pre1,pre1,word,虫，故障,虫，故障,名詞,pre1:756,1
build up,build up,pre1,pre1,phrase,増大する，築き上げる,増大する，築き上げる,熟語,pre1:819,1
bulk,bulk,pre1,pre1,word,大きさ，かさ,大きさ，かさ,名詞,pre1:625,1
bulky,bulky,pre1,pre1;1,word,かさばった，嵩高な,かさばった，嵩高な,形容詞,pre1:1953;1:2153,2
bump,bump,pre1,pre1,word,こぶ，衝突,こぶ，衝突,名詞,pre1:705,1
bundle,bundle,pre1,pre1;1,word,束，一揃い,束，一揃い / 束，一揃い，一組,名詞,pre1:3389;1:1784,2
bureaucracy,bureaucracy,pre1,pre1,word,官僚，官僚制度,官僚，官僚制度,名詞,pre1:1628,1
burglary,burglary,pre1,pre1;1,word,強盗，住宅侵入,強盗，住宅侵入,名詞,pre1:2178;1:1098,2
burn out,burn out,pre1,pre1;1,phrase,を焼き尽くす，を灼き尽くす,を焼き尽くす，を灼き尽くす / を焼き尽くす，燃え切る，火で追い出す,熟語,pre1:2345;1:478,2
bush,bush,pre1,pre1,word,茂み，低木,茂み，低木,名詞,pre1:172,1
butcher,butcher,pre1,pre1,word,肉屋,肉屋,名詞,pre1:336,1
butler,butler,pre1,pre1,word,執事,執事,名詞,pre1:2661,1
buy over,buy over,pre1,pre1;1,phrase,買収する，味方に抱き込む,買収する，味方に抱き込む,熟語,pre1:532;1:3937,2
buy up,buy up,pre1,pre1;1,phrase,全部買う，買収する,全部買う，買収する,熟語,pre1:1071;1:3572,2
buzz,buzz,pre1,pre1,word,ざわめく,ざわめく,動詞,pre1:1280,1
by contract,by contract,pre1,pre1;1,phrase,契約で，契約上の,契約で，契約上の,熟語,pre1:1249;1:543,2
by default,by default,pre1,pre1;1,phrase,既定では，初期段階から,既定では，初期段階から,熟語,pre1:887;1:3540,2
by dint of,by dint of,pre1,pre1;1,phrase,によって，の力で,によって，の力で,熟語,pre1:842;1:2624,2
by the same token,by the same token,pre1,pre1,phrase,同様に，さらに,同様に，さらに,熟語,pre1:388,1
bystander,bystander,pre1,pre1;1,word,傍観者，見物人,傍観者，見物人 / 傍観者,名詞,pre1:3094;1:1918,2
cactus,cactus,pre1,pre1,word,サボテン,サボテン,名詞,pre1:627,1
cage,cage,pre1,pre1,word,かご，おり,かご，おり,名詞,pre1:111,1
calculation,calculation,pre1,pre1,word,計算，算定,計算，算定,名詞,pre1:720,1
call down,call down,pre1,pre1;1,phrase,下に向って叫ぶ，叱りつける,下に向って叫ぶ，叱りつける,熟語,pre1:1034;1:3604,2
call on,call on,pre1,pre1;1,phrase,を訪問する，要求する,を訪問する，要求する,熟語,pre1:2051;1:2177,2
calmly,calmly,pre1,pre1,word,落ち着いて，静かに,落ち着いて，静かに,副詞,pre1:151,1
camel,camel,pre1,pre1,word,ラクダ,ラクダ,名詞,pre1:2747,1
canal,canal,pre1,pre1,word,運河,運河,名詞,pre1:433,1
candid,candid,pre1,pre1;1,word,率直な、正直な,率直な、正直な / 率直な，正直な,形容詞,pre1:3092;1:1604,2
canine,canine,pre1,pre1;1,word,イヌの，イヌ科の,イヌの，イヌ科の / 犬の，犬用の,形容詞,pre1:656;1:1385,2
canyon,canyon,pre1,pre1,word,峡谷,峡谷,名詞,pre1:1326,1
capability,capability,pre1,pre1,word,容量，能力,容量，能力,名詞,pre1:1231,1
capitalism,capitalism,pre1,pre1,word,資本主義,資本主義,名詞,pre1:502,1
capitalize on,capitalize on,pre1,pre1;1,phrase,に資本を投下する，を利用する,に資本を投下する，を利用する,熟語,pre1:789;1:3514,2
captivate,captivate,pre1,pre1,word,を魅了する,を魅了する,動詞,pre1:2736,1
captivity,captivity,pre1,pre1;1,word,監禁，囚禁,監禁，囚禁,名詞,pre1:2305;1:121,2
carbohydrate,carbohydrate,pre1,pre1,word,炭水化物,炭水化物,名詞,pre1:2943,1
caricature,caricature,pre1,pre1;1,word,風刺画,風刺画,名詞,pre1:3074;1:2755,2
carry off,carry off,pre1,pre1;1,phrase,運び去る，誘拐する,運び去る，誘拐する,熟語,pre1:536;1:2851,2
carry through,carry through,pre1,pre1;1,phrase,やり通す，達成する,やり通す，達成する,熟語,pre1:1859;1:557,2
cart,cart,pre1,pre1,word,荷車，荷馬車,荷車，荷馬車,名詞,pre1:83,1
cartoon,cartoon,pre1,pre1,word,漫画,漫画,名詞,pre1:1368,1
carve,carve,pre1,pre1,word,を彫る,を彫る,動詞,pre1:900,1
cast away,cast away,pre1,pre1;1,phrase,投げ捨てる，処分する,投げ捨てる，処分する,熟語,pre1:644;1:2962,2
cast off,cast off,pre1,pre1;1,phrase,投げ捨てる，縄を解く,投げ捨てる，縄を解く,熟語,pre1:454;1:3637,2
casualty,casualty,pre1,pre1,word,犠牲者，被害者,犠牲者，被害者,名詞,pre1:2126,1
catastrophe,catastrophe,pre1,pre1,word,大惨事,大惨事,名詞,pre1:735;pre1:3269,2
catch a glimpse of,catch a glimpse of,pre1,pre1;1,phrase,をちらっと見る，垣間見る,をちらっと見る，垣間見る,熟語,pre1:903;1:3073,2
catch on,catch on,pre1,pre1;1,phrase,流行する，受け入れられる,流行する，受け入れられる / 流行する，受け入れられる，人気を博す,熟語,pre1:1926;1:907,2
catch up,catch up,pre1,pre1;1,phrase,遅れを取り戻す，追いつく，遅延を補う,遅れを取り戻す，追いつく，遅延を補う,熟語,pre1:2996;1:271,2
categorize A as B,categorize a as b,pre1,pre1;1,phrase,AをBの範疇に分ける，AをBとして分類する,AをBの範疇に分ける，AをBとして分類する,熟語,pre1:1522;1:2045,2
cathedral,cathedral,pre1,pre1,word,大聖堂,大聖堂,名詞,pre1:758,1
cave in,cave in,pre1,pre1,phrase,陥没する,陥没する,熟語,pre1:3386,1
ceaseless,ceaseless,pre1,pre1,word,絶え間ない,絶え間ない,形容詞,pre1:2776,1
celestial,celestial,pre1,pre1;1,word,天体の，天国の,天体の，天国の / 天体の，星座の,形容詞,pre1:2473;1:1372,2
cemetery,cemetery,pre1,pre1,word,お墓，墓地,お墓，墓地,名詞,pre1:1391,1
censor,censor,pre1,pre1,word,検閲官,検閲官,名詞,pre1:2510,1
census,census,pre1,pre1,word,国勢調査，人口調査,国勢調査，人口調査,名詞,pre1:1534,1
certificate,certificate,pre1,pre1,word,証書，証券,証書，証券,名詞,pre1:1043,1
certify,certify,pre1,pre1,word,証明する,証明する,動詞,pre1:3106,1
chairperson,chairperson,pre1,pre1,word,議長,議長,名詞,pre1:970,1
chant,chant,pre1,pre1;1,word,聖歌，歌,聖歌，歌 / 単調な歌，一本調子の歌,名詞,pre1:2532;1:909,2
chaos,chaos,pre1,pre1,word,混沌,混沌,名詞,pre1:834,1
chaotic,chaotic,pre1,pre1,word,混沌とした,混沌とした,形容詞,pre1:3265,1
chatter,chatter,pre1,pre1,word,おしゃべり,おしゃべり,名詞,pre1:3053,1
chauffeur,chauffeur,pre1,pre1,word,運転手,運転手,名詞,pre1:2669,1
cheat on,cheat on,pre1,pre1;1,phrase,でズルをする，裏切る,でズルをする，裏切る / でずるをする，裏切る,熟語,pre1:939;1:2699,2
cheeky,cheeky,pre1,pre1,word,生意気な，ずうずうしい,生意気な，ずうずうしい,形容詞,pre1:2724,1
cheery,cheery,pre1,pre1,word,陽気な，明るい,陽気な，明るい,形容詞,pre1:2547,1
cherish,cherish,pre1,pre1,word,大切にする，希望を抱く,大切にする，希望を抱く,動詞,pre1:1802,1
childbirth,childbirth,pre1,pre1;1,word,出産，分娩,出産，分娩,名詞,pre1:2859;1:384,2
chill,chill,pre1,pre1,word,冷たさ，寒気,冷たさ，寒気,名詞,pre1:188,1
chilly,chilly,pre1,pre1,word,肌寒い,肌寒い,形容詞,pre1:1067,1
chimney,chimney,pre1,pre1,word,煙突,煙突,名詞,pre1:10,1
chip in,chip in,pre1,pre1;1,phrase,寄付する，金を出す,寄付する，金を出す,熟語,pre1:1594;1:1962,2
choke,choke,pre1,pre1,word,のどに詰まらせる,のどに詰まらせる,動詞,pre1:3380,1
chore,chore,pre1,pre1,word,雑用,雑用,名詞,pre1:3148,1
chronic,chronic,pre1,pre1,word,慢性的な,慢性的な,形容詞,pre1:2448,1
chronological,chronological,pre1,pre1,word,年代順の,年代順の,形容詞,pre1:3081,1
chuckle,chuckle,pre1,pre1;1,word,含み笑い、ほくそ笑い,含み笑い、ほくそ笑い / 含み笑い，ほくそ笑い,名詞,pre1:3291;1:1764,2
chunk,chunk,pre1,pre1,word,厚切り，かたまり,厚切り，かたまり,名詞,pre1:2363,1
citation,citation,pre1,pre1;1,word,引用/他人の言葉や文章を取り上げる,引用/他人の言葉や文章を取り上げる / 引用，他人の言葉や文章を取り上げる,名詞,pre1:3171;1:1731,2
citizenship,citizenship,pre1,pre1,word,市民権，公民権,市民権，公民権,名詞,pre1:1750,1
civic,civic,pre1,pre1,word,市民の,市民の,形容詞,pre1:1476,1
clap,clap,pre1,pre1,word,手をたたく,手をたたく,動詞,pre1:346,1
clarity,clarity,pre1,pre1,word,明快さ，明瞭,明快さ，明瞭,名詞,pre1:2032,1
clasp,clasp,pre1,pre1,word,留め金,留め金,名詞,pre1:2038,1
classify,classify,pre1,pre1,word,に分類する，類別する,に分類する，類別する,動詞,pre1:1202,1
classify A as B,classify a as b,pre1,pre1;1,phrase,AをBに分類する,AをBに分類する / AをBに分類する，AをBで仕分けする,熟語,pre1:2593;1:1928,2
clause,clause,pre1,pre1,word,条項，節,条項，節,名詞,pre1:1184,1
clay,clay,pre1,pre1,word,粘土,粘土,名詞,pre1:693,1
clean cut,clean cut,pre1,pre1;1,phrase,きちんとした，整然とした,きちんとした，整然とした,形容詞,pre1:2270;1:230,2
clench,clench,pre1,pre1,word,食いしばる，固く握る,食いしばる，固く握る,動詞,pre1:2057,1
cling to,cling to,pre1,pre1,phrase,にしがみつく,にしがみつく,熟語,pre1:3199,1
close in,close in,pre1,pre1;1,phrase,を閉じ込める，隔離する,を閉じ込める，隔離する / を閉じ込める，隔離する，密閉するように閉じる,熟語,pre1:2359;1:1377,2
clueless,clueless,pre1,pre1;1,word,無知な、知識のない,無知な、知識のない / 無知な，知識のない,形容詞,pre1:3134;1:1579,2
clumsy,clumsy,pre1,pre1,word,不器用な，ぎこちない,不器用な，ぎこちない,形容詞,pre1:1869,1
cluster,cluster,pre1,pre1,word,集団,集団,名詞,pre1:1035,1
clutch,clutch,pre1,pre1,word,をしっかり握る,をしっかり握る,動詞,pre1:1467,1
coarse,coarse,pre1,pre1;1,word,粗末な，下等な,粗末な，下等な / 粗末な，質素な,形容詞,pre1:1070;1:570,2
coastal,coastal,pre1,pre1,word,湾岸の，海岸の,湾岸の，海岸の,形容詞,pre1:1519,1
coffin,coffin,pre1,pre1,word,棺桶,棺桶,名詞,pre1:1896,1
cognitive,cognitive,pre1,pre1,word,認識の,認識の,形容詞,pre1:2963,1
coherence,coherence,pre1,pre1,word,一貫性，結合,一貫性，結合,名詞,pre1:2520,1
coherent,coherent,pre1,pre1,word,首尾一貫した,首尾一貫した,形容詞,pre1:2143,1
coincidence,coincidence,pre1,pre1,word,同時発生,同時発生,名詞,pre1:2059,1
collide,collide,pre1,pre1,word,衝突する，ぶつかる,衝突する，ぶつかる,動詞,pre1:2147,1
collision,collision,pre1,pre1;1,word,衝突，対立,衝突，対立,名詞,pre1:1877;1:499,2
colonel,colonel,pre1,pre1,word,大佐,大佐,名詞,pre1:1887,1
colonial,colonial,pre1,pre1,word,植民地の,植民地の,形容詞,pre1:715,1
coma,coma,pre1,pre1,word,こん睡状態,こん睡状態,名詞,pre1:2927,1
comb,comb,pre1,pre1,word,くし,くし,名詞,pre1:121,1
come along,come along,pre1,pre1;1,phrase,一緒に行く，共に進む,一緒に行く，共に進む,熟語,pre1:2876;1:699,2
come around,come around,pre1,pre1;1,phrase,遠回りする，立ち寄る,遠回りする，立ち寄る,熟語,pre1:977;1:3177,2
come before,come before,pre1,pre1;1,phrase,の前に現れる，先立って現れる,の前に現れる，先立って現れる,熟語,pre1:1524;1:1127,2
come down to,come down to,pre1,pre1;1,phrase,結局～になる，に帰する,結局～になる，に帰する,熟語,pre1:1260;1:740,2
come down with,come down with,pre1,pre1;1,phrase,病気などにかかる，罹患する,病気などにかかる，罹患する,熟語,pre1:43;1:155,2
come off,come off,pre1,pre1;1,phrase,から取れる，外れる,から取れる，外れる / から取れる，外れる，取り外す,熟語,pre1:2108;1:1360,2
come through,come through,pre1,pre1;1,phrase,を通り抜ける，やり通す,を通り抜ける，やり通す / を通り抜ける，障害などを通過する，やり通す,熟語,pre1:2825;1:1712,2
come to a head,come to a head,pre1,pre1;1,phrase,山場を迎える，クライマックスを迎える,山場を迎える，クライマックスを迎える,熟語,pre1:1784;1:2215,2
comet,comet,pre1,pre1,word,彗星,彗星,名詞,pre1:988,1
comical,comical,pre1,pre1,word,おどけた，滑稽な,おどけた，滑稽な,形容詞,pre1:937,1
commemorate,commemorate,pre1,pre1,word,を祝う，記念する,を祝う，記念する,動詞,pre1:2469,1
commemoration,commemoration,pre1,pre1,word,記念,記念,名詞,pre1:3301,1
commencement,commencement,pre1,pre1,word,開始,開始,名詞,pre1:2926,1
commend,commend,pre1,pre1;1,word,褒める，賞賛する,褒める，賞賛する,動詞,pre1:3109;1:660,2
commerce,commerce,pre1,pre1;1,word,商業，商売,商業，商売,名詞,pre1:345;1:49,2
commotion,commotion,pre1,pre1;1,word,騒動,騒動,名詞,pre1:793;1:3279,2
communion,communion,pre1,pre1,word,親交,親交,名詞,pre1:2211,1
comparable,comparable,pre1,pre1;1,word,比較できる，比べられる,比較できる，比べられる,形容詞,pre1:1055;1:295,2
compartment,compartment,pre1,pre1,word,区画,区画,名詞,pre1:3089,1
compassionate,compassionate,pre1,pre1,word,思いやりのある，情け深い,思いやりのある，情け深い,形容詞,pre1:2573,1
compatible,compatible,pre1,pre1,word,互換性のある，両立できる,互換性のある，両立できる,形容詞,pre1:2291,1
compel,compel,pre1,pre1,word,無理にさせる,無理にさせる,動詞,pre1:1139,1
compelling,compelling,pre1,pre1;1,word,説得力のある，有力な,説得力のある，有力な,形容詞,pre1:1997;1:500,2
compensate,compensate,pre1,pre1,word,補償する，償う,補償する，償う,動詞,pre1:1709,1
compensation,compensation,pre1,pre1;1,word,補償，賠償,補償，賠償,名詞,pre1:941;1:105,2
competent,competent,pre1,pre1,word,有能な,有能な,形容詞,pre1:3315,1
complacent,complacent,pre1,pre1;1,word,自己満足の，独りよがりの,自己満足の，独りよがりの / 自己満足の,形容詞,pre1:2856;1:3964,2
complement,complement,pre1,pre1,word,補足物,補足物,名詞,pre1:1746,1
compliance,compliance,pre1,pre1,word,社会規範,社会規範,名詞,pre1:2959,1
comply,comply,pre1,pre1,word,準拠する,準拠する,動詞,pre1:1966,1
composite,composite,pre1,pre1,word,混成の，合成の,混成の，合成の,形容詞,pre1:2137,1
comprehension,comprehension,pre1,pre1,word,理解,理解,名詞,pre1:618,1
compress,compress,pre1,pre1,word,圧縮する,圧縮する,動詞,pre1:2071,1
compression,compression,pre1,pre1,word,圧縮，ようやく,圧縮，ようやく,名詞,pre1:2918,1
comprise,comprise,pre1,pre1;1,word,含む，構成する,含む，構成する,動詞,pre1:1486;1:140,2
compulsion,compulsion,pre1,pre1,word,脅迫，強制,脅迫，強制,名詞,pre1:2797,1
compulsory,compulsory,pre1,pre1;1,word,強制的な，強制力のある,強制的な，強制力のある,形容詞,pre1:1370;1:3104,2
comrade,comrade,pre1,pre1,word,同志，仲間,同志，仲間,名詞,pre1:1442,1
concede,concede,pre1,pre1,word,認める，譲歩する,認める，譲歩する,動詞,pre1:1717,1
conceited,conceited,pre1,pre1,word,うぬぼれた,うぬぼれた,形容詞,pre1:2558,1
conceive,conceive,pre1,pre1,word,を心に抱く，思う,を心に抱く，思う,動詞,pre1:518,1
concentrated,concentrated,pre1,pre1,word,濃縮された，集中した,濃縮された，集中した,形容詞,pre1:474,1
conception,conception,pre1,pre1;1,word,概念，考え,概念，考え,名詞,pre1:1296;1:55,2
conceptual,conceptual,pre1,pre1,word,概念的な，概念の,概念的な，概念の,形容詞,pre1:1556,1
concession,concession,pre1,pre1,word,譲歩，容認,譲歩，容認,名詞,pre1:1460,1
concise,concise,pre1,pre1,word,簡潔な,簡潔な,形容詞,pre1:1496,1
conclusive,conclusive,pre1,pre1,word,決定的な，結論的な,決定的な，結論的な,形容詞,pre1:30,1
condemn,condemn,pre1,pre1,word,を責める，非難する,を責める，非難する,動詞,pre1:734,1
condemnation,condemnation,pre1,pre1,word,非難,非難,名詞,pre1:2792,1
condense,condense,pre1,pre1,word,を凝縮する，濃縮する,を凝縮する，濃縮する,動詞,pre1:682,1
condiment,condiment,pre1,pre1,word,調味料,調味料,名詞,pre1:3151,1
conductor,conductor,pre1,pre1,word,導体，指導者,導体，指導者,名詞,pre1:824,1
confer,confer,pre1,pre1,word,授与する,授与する,動詞,pre1:1751,1
confess to,confess to,pre1,pre1;1,phrase,を白状する，告白する,を白状する，告白する / を白状する，告白する，自白する,熟語,pre1:2453;1:1379,2
confession,confession,pre1,pre1;1,word,告白，自白,告白，自白,名詞,pre1:317;1:405,2
confide,confide,pre1,pre1,word,を打ち明ける，信用する,を打ち明ける，信用する,動詞,pre1:1641,1
confidential,confidential,pre1,pre1,word,機密の，内々の,機密の，内々の,形容詞,pre1:1465,1
configuration,configuration,pre1,pre1,word,構成,構成,名詞,pre1:3292,1
confinement,confinement,pre1,pre1,word,制限，監禁,制限，監禁,名詞,pre1:2037,1
confirmation,confirmation,pre1,pre1,word,確証，確認,確証，確認,名詞,pre1:1603,1
conflict with,conflict with,pre1,pre1;1,phrase,と相容れない，合わない,と相容れない，合わない,熟語,pre1:2582;1:2029,2
conform to,conform to,pre1,pre1;1,phrase,に順応する，慣れる，適応する,に順応する，慣れる，適応する,熟語,pre1:1230;1:331,2
confound,confound,pre1,pre1;1,word,を困惑させる，混乱させる,を困惑させる，混乱させる / 混乱させる，乱す,動詞,pre1:2828;1:688,2
confrontation,confrontation,pre1,pre1;1,word,対決，対戦,対決，対戦,名詞,pre1:1947;1:429,2
congestion,congestion,pre1,pre1,word,密集，充満,密集，充満,名詞,pre1:2845,1
congregate,congregate,pre1,pre1;1,word,集まる,集まる,動詞,pre1:3279;1:2171,2
congregation,congregation,pre1,pre1,word,会合,会合,名詞,pre1:2065,1
congressional,congressional,pre1,pre1,word,会議の,会議の,形容詞,pre1:2078,1
conjecture,conjecture,pre1,pre1;1,word,推測，憶測,推測，憶測 / 推測,名詞,pre1:2517;1:3537,2
conjure up,conjure up,pre1,pre1;1,phrase,素早く出す，呪文で呼び出す,素早く出す，呪文で呼び出す,熟語,pre1:519;1:3422,2
conquest,conquest,pre1,pre1,word,征服，克服,征服，克服,名詞,pre1:503,1
conscience,conscience,pre1,pre1;1,word,良心，道徳心,良心，道徳心,名詞,pre1:329;1:58,2
consciousness,consciousness,pre1,pre1,word,意識，知覚,意識，知覚,名詞,pre1:290,1
consecutive,consecutive,pre1,pre1,word,連続した,連続した,形容詞,pre1:2938,1
consensus,consensus,pre1,pre1;1,word,同意，同調,同意，同調,名詞,pre1:660;1:510,2
consent,consent,pre1,pre1;1,word,同意する，賛成する,同意する，賛成する,動詞,pre1:913;1:415,2
conserve,conserve,pre1,pre1,word,を保存する，保護する,を保存する，保護する,動詞,pre1:2324,1
considerably,considerably,pre1,pre1,word,かなり，相当に,かなり，相当に,副詞,pre1:1161,1
considerate,considerate,pre1,pre1,word,思いやりのある,思いやりのある,形容詞,pre1:2189,1
consistency,consistency,pre1,pre1,word,一貫性，一致,一貫性，一致,名詞,pre1:2122,1
consolation,consolation,pre1,pre1;1,word,慰め，慰安,慰め，慰安 / 慰め，励まし,名詞,pre1:2419;1:996,2
consolidate,consolidate,pre1,pre1,word,を固める，統合する,を固める，統合する,動詞,pre1:2009,1
conspicuous,conspicuous,pre1,pre1;1,word,目立った，顕著な,目立った，顕著な,形容詞,pre1:1998;1:139,2
conspiracy,conspiracy,pre1,pre1,word,陰謀,陰謀,名詞,pre1:1473,1
conspire,conspire,pre1,pre1,word,陰謀を企てる,陰謀を企てる,動詞,pre1:2062,1
constable,constable,pre1,pre1,word,巡査，公務員,巡査，公務員,名詞,pre1:2444,1
constellation,constellation,pre1,pre1;1,word,星座,星座,名詞,pre1:3312;1:3506,2
constitutional,constitutional,pre1,pre1,word,構成上の,構成上の,形容詞,pre1:1748,1
constraint,constraint,pre1,pre1,word,拘束，強制,拘束，強制,名詞,pre1:2195,1
consult,consult,pre1,pre1;1,word,相談する，話し合う,相談する，話し合う,動詞,pre1:568;1:289,2
contagious,contagious,pre1,pre1,word,伝染性の,伝染性の,形容詞,pre1:2312,1
contaminate,contaminate,pre1,pre1,word,を汚染する，汚す,を汚染する，汚す,動詞,pre1:2247,1
contamination,contamination,pre1,pre1;1,word,汚染，汚染物質,汚染，汚染物質,名詞,pre1:2518;1:4,2
contemplate,contemplate,pre1,pre1,word,を熟考する，よく考える,を熟考する，よく考える,動詞,pre1:1559,1
contemptuous,contemptuous,pre1,pre1,word,軽蔑的な,軽蔑的な,形容詞,pre1:2492,1
contend,contend,pre1,pre1,word,争う，戦う,争う，戦う,動詞,pre1:1527,1
contend with,contend with,pre1,pre1;1,phrase,と戦う，張り合う,と戦う，張り合う,熟語,pre1:216;1:3921,2
contention,contention,pre1,pre1;1,word,争い，競争,争い，競争 / 争い,名詞,pre1:2483;1:3288,2
contentment,contentment,pre1,pre1,word,満足,満足,名詞,pre1:1376,1
continental,continental,pre1,pre1,word,大陸の,大陸の,形容詞,pre1:1314,1
continuous,continuous,pre1,pre1;1,word,継続的な，持続的な,継続的な，持続的な,形容詞,pre1:780;1:456,2
contour,contour,pre1,pre1,word,輪郭,輪郭,名詞,pre1:2654,1
contractor,contractor,pre1,pre1;1,word,請負業者，契約者,請負業者，契約者,名詞,pre1:1788;1:13,2
contradict,contradict,pre1,pre1,word,を否定する，矛盾する,を否定する，矛盾する,動詞,pre1:1634,1
contradictory,contradictory,pre1,pre1,word,矛盾した，正反対の,矛盾した，正反対の,形容詞,pre1:2581,1
contribute to,contribute to,pre1,pre1;1,phrase,に貢献する,に貢献する / に貢献する，助けとなる，役立つ,熟語,pre1:2743;1:963,2
contributor,contributor,pre1,pre1,word,貢献者，寄付者,貢献者，寄付者,名詞,pre1:2086,1
controversy,controversy,pre1,pre1;1,word,論争，議論,論争，議論,名詞,pre1:1291;1:23,2
convene,convene,pre1,pre1,word,を召集する,を召集する,動詞,pre1:2929,1
convention,convention,pre1,pre1,word,大会，会議,大会，会議,名詞,pre1:160,1
conversion,conversion,pre1,pre1,word,転換，変換,転換，変換,名詞,pre1:1590,1
cooperate,cooperate,pre1,pre1,word,協力する，共同する,協力する，共同する,動詞,pre1:1204,1
cooperative,cooperative,pre1,pre1,word,協力的な,協力的な,形容詞,pre1:1209,1
coordinate,coordinate,pre1,pre1,word,座標の，同等の/整合する,座標の，同等の/整合する,動詞,pre1:1174,1
cordial,cordial,pre1,pre1;1,word,心のこもった，本心からの,心のこもった，本心からの / 心のこもった,形容詞,pre1:1430;1:3755,2
correlation,correlation,pre1,pre1,word,相関性,相関性,名詞,pre1:2200,1
correspond,correspond,pre1,pre1,word,対応する，反応する,対応する，反応する,動詞,pre1:3361,1
corrupt,corrupt,pre1,pre1;1,word,腐敗した,腐敗した / 不正行為をする，カンニングする,形容詞,pre1:1269;1:895,2
corruption,corruption,pre1,pre1,word,不正行為，腐敗,不正行為，腐敗,名詞,pre1:1244,1
cosmic,cosmic,pre1,pre1;1,word,宇宙の，宙域の,宇宙の，宙域の,形容詞,pre1:2882;1:246,2
costly,costly,pre1,pre1,word,高価な，費用のかかる,高価な，費用のかかる,形容詞,pre1:1069,1
cough up,cough up,pre1,pre1;1,phrase,咳払いする,咳払いする / 咳払いする，咳き込む,熟語,pre1:3014;1:3866,2
councilor,councilor,pre1,pre1,word,評議員,評議員,名詞,pre1:1015,1
counsel,counsel,pre1,pre1,word,弁護士，協議,弁護士，協議,名詞,pre1:938,1
count for,count for,pre1,pre1;1,phrase,の価値がある，価値が認められる,の価値がある，価値が認められる / の価値がある，価値の高い，（～するに）値する,熟語,pre1:2029;1:1510,2
counterpart,counterpart,pre1,pre1,word,相手,相手,名詞,pre1:1048,1
coup,coup,pre1,pre1;1,word,大当たり,大当たり / クーデーター,名詞,pre1:2343;1:369,2
courageous,courageous,pre1,pre1,word,勇気のある，勇敢な,勇気のある，勇敢な,形容詞,pre1:533,1
courteous,courteous,pre1,pre1,word,丁寧な,丁寧な,形容詞,pre1:3086,1
courtesy,courtesy,pre1,pre1,word,礼儀，丁重さ,礼儀，丁重さ,名詞,pre1:1237,1
courtroom,courtroom,pre1,pre1,word,法廷,法廷,名詞,pre1:2967,1
cover for,cover for,pre1,pre1,phrase,を覆う，代理となる,を覆う，代理となる,熟語,pre1:706,1
coward,coward,pre1,pre1,word,腰抜け，臆病者,腰抜け，臆病者,名詞,pre1:358,1
cowardly,cowardly,pre1,pre1,word,臆病な,臆病な,形容詞,pre1:3099,1
cozy,cozy,pre1,pre1;1,word,居心地の良い，快適な,居心地の良い，快適な,形容詞,pre1:989;1:523,2
crack up,crack up,pre1,pre1;1,phrase,大破する，くじける,大破する，くじける,熟語,pre1:2502;1:1091,2
cradle,cradle,pre1,pre1,word,ゆりかご,ゆりかご,名詞,pre1:854,1
cram,cram,pre1,pre1,word,詰め込む,詰め込む,動詞,pre1:3214,1
cramp,cramp,pre1,pre1;1,word,けいれん,けいれん / けいれん，引きつれ,名詞,pre1:2271;1:3541,2
crash down,crash down,pre1,pre1;1,phrase,崩れる，台無しになる,崩れる，台無しになる / 崩れる，台無しになる，崩壊する,熟語,pre1:2060;1:1549,2
crave,crave,pre1,pre1,word,を欲する，切望する,を欲する，切望する,動詞,pre1:2474,1
crawl,crawl,pre1,pre1,word,這う，這って進む,這う，這って進む,動詞,pre1:292,1
craze,craze,pre1,pre1,word,発狂させる,発狂させる,動詞,pre1:2333,1
credibility,credibility,pre1,pre1;1,word,信頼性，信用,信頼性，信用,名詞,pre1:2382;1:20,2
creed,creed,pre1,pre1,word,信条,信条,名詞,pre1:2014,1
crescent,crescent,pre1,pre1;1,word,三日月,三日月 / 三日月，新月,名詞,pre1:2414;1:1059,2
crest,crest,pre1,pre1,word,とさか,とさか,名詞,pre1:2652,1
crimson,crimson,pre1,pre1,word,真紅の,真紅の,形容詞,pre1:2660,1
cripple,cripple,pre1,pre1,word,身体障がい者,身体障がい者,名詞,pre1:1579,1
crisp,crisp,pre1,pre1;1,word,新鮮な，さっぱりした,新鮮な，さっぱりした,形容詞,pre1:3381;1:156,2
critical of,critical of,pre1,pre1;1,phrase,を批判する，非難する,を批判する，非難する / を批判する，非難する，批評する,熟語,pre1:2947;1:501,2
critique,critique,pre1,pre1,word,批評，評論,批評，評論,名詞,pre1:1978,1
crook,crook,pre1,pre1,word,湾曲させる,湾曲させる,動詞,pre1:1068,1
cross out,cross out,pre1,pre1;1,phrase,線を引いて消す，を抹消する,線を引いて消す，を抹消する,熟語,pre1:1270;1:397,2
cross over,cross over,pre1,pre1;1,phrase,越えて渡る，越えていく,越えて渡る，越えていく / 越えて渡る，超えていく，通り過ぎる,熟語,pre1:2986;1:1675,2
crouch,crouch,pre1,pre1,word,しゃがむ，かがむ,しゃがむ，かがむ,動詞,pre1:932,1
crude,crude,pre1,pre1,word,原油の，天然の,原油の，天然の,形容詞,pre1:1457,1
cruelty,cruelty,pre1,pre1,word,残酷さ，残虐性,残酷さ，残虐性,名詞,pre1:431,1
crumb,crumb,pre1,pre1,word,パンくず,パンくず,名詞,pre1:1593,1
crumble,crumble,pre1,pre1,word,を粉々にする,を粉々にする,動詞,pre1:2847,1
crunch,crunch,pre1,pre1;1,word,を噛み砕く,を噛み砕く / 噛み砕く，消化する,動詞,pre1:2907;1:610,2
crunchy,crunchy,pre1,pre1,word,カリカリの，カタい,カリカリの，カタい,形容詞,pre1:3130,1
crush,crush,pre1,pre1,word,を押しつぶす,を押しつぶす,動詞,pre1:266,1
crust,crust,pre1,pre1,word,外皮,外皮,名詞,pre1:1686,1
cuddle,cuddle,pre1,pre1;1,word,を抱きしめる,を抱きしめる / 抱きしめる,動詞,pre1:2484;1:3511,2
cue,cue,pre1,pre1,word,合図，きっかけ,合図，きっかけ,名詞,pre1:1013,1
cuisine,cuisine,pre1,pre1,word,料理,料理,名詞,pre1:2728,1
cult,cult,pre1,pre1,word,儀式，信仰,儀式，信仰,名詞,pre1:2397,1
cumulative,cumulative,pre1,pre1,word,累積的な,累積的な,形容詞,pre1:3250,1
cunning,cunning,pre1,pre1;1,word,ずる賢い,ずる賢い / 狡猾な，ずるい,形容詞,pre1:570;1:4275,2
curfew,curfew,pre1,pre1;1,word,門限,門限 / 門限，帰宅制限,名詞,pre1:2612;1:1841,2
curse,curse,pre1,pre1,word,を呪う，悪口を言う,を呪う，悪口を言う,動詞,pre1:1250,1
custody,custody,pre1,pre1,word,親権，管理,親権，管理,名詞,pre1:2101,1
cut back on,cut back on,pre1,pre1,phrase,切り戻す,切り戻す,熟語,pre1:3350,1
cut in,cut in,pre1,pre1;1,phrase,切り込む，干渉する,切り込む，干渉する,熟語,pre1:2548;1:1172,2
cut off,cut off,pre1,pre1;1,phrase,を断つ，切る,を断つ，切る,熟語,pre1:233;1:853,2
cynical,cynical,pre1,pre1;1,word,皮肉な，冷笑的な,皮肉な，冷笑的な,形容詞,pre1:2575;1:148,2
damned,damned,pre1,pre1,word,のろわれた,のろわれた,形容詞,pre1:2610,1
damp,damp,pre1,pre1,word,湿った,湿った,形容詞,pre1:791,1
daring,daring,pre1,pre1;1,word,大胆な，図太い,大胆な，図太い / 大胆な，果敢な,形容詞,pre1:557;1:1317,2
dawn,dawn,pre1,pre1,word,夜明け，暁,夜明け，暁,名詞,pre1:203,1
"day in, day out","day in, day out",pre1,pre1;1,phrase,明けても暮れても，毎日毎日,明けても暮れても，毎日毎日,熟語,pre1:751;1:2835,2
daze,daze,pre1,pre1,word,目をくらます,目をくらます,動詞,pre1:2720,1
dazzle,dazzle,pre1,pre1,word,まぶしくする，目をくらませる,まぶしくする，目をくらませる,動詞,pre1:1687,1
deadly,deadly,pre1,pre1,word,致命的な，命にかかわる,致命的な，命にかかわる,形容詞,pre1:269,1
deathbed,deathbed,pre1,pre1,word,臨終,臨終,名詞,pre1:2087,1
debris,debris,pre1,pre1,word,破片，残骸,破片，残骸,名詞,pre1:2930,1
decay,decay,pre1,pre1;1,word,腐る，朽ちる,腐る，朽ちる,動詞,pre1:374;1:146,2
deceit,deceit,pre1,pre1;1,word,詐欺，騙し,詐欺，騙し,名詞,pre1:962;1:424,2
deceptive,deceptive,pre1,pre1;1,word,だまそうとする，当てにならない,だまそうとする，当てにならない,形容詞,pre1:2741;1:2159,2
decimal,decimal,pre1,pre1,word,小数,小数,名詞,pre1:2301,1
decisive,decisive,pre1,pre1,word,決定的な，結論的な,決定的な，結論的な,形容詞,pre1:1808,1
declaration,declaration,pre1,pre1,word,宣言，発表,宣言，発表,名詞,pre1:587,1
decree,decree,pre1,pre1,word,法令,法令,名詞,pre1:2509,1
deduct,deduct,pre1,pre1,word,を差し引く，控除する,を差し引く，控除する,動詞,pre1:2831,1
deem,deem,pre1,pre1,word,考える,考える,動詞,pre1:1761,1
defect,defect,pre1,pre1,word,欠陥，欠点,欠陥，欠点,名詞,pre1:676,1
defective,defective,pre1,pre1,word,欠点のある,欠点のある,形容詞,pre1:2264,1
defiant,defiant,pre1,pre1;1,word,反抗的な，挑戦的な,反抗的な，挑戦的な / 反抗的な,形容詞,pre1:2920;1:1986,2
deficiency,deficiency,pre1,pre1,word,不足，欠乏,不足，欠乏,名詞,pre1:1650,1
deflate,deflate,pre1,pre1,word,空気を抜く，しぼませる,空気を抜く，しぼませる,動詞,pre1:202,1
defy,defy,pre1,pre1,word,を無視する，に挑む,を無視する，に挑む,動詞,pre1:1329,1
degradation,degradation,pre1,pre1,word,降格，格下げ,降格，格下げ,名詞,pre1:2081,1
dehydrate,dehydrate,pre1,pre1,word,脱水する，水を抜く,脱水する，水を抜く,動詞,pre1:3002,1
delegate,delegate,pre1,pre1,word,委任する,委任する,動詞,pre1:1638,1
deliberate,deliberate,pre1,pre1;1,word,故意の，意図的な,故意の，意図的な,形容詞,pre1:211;1:233,2
delicacy,delicacy,pre1,pre1,word,優美さ，精巧さ,優美さ，精巧さ,名詞,pre1:2275,1
delicately,delicately,pre1,pre1,word,繊細に，微妙に,繊細に，微妙に,副詞,pre1:1292,1
delighted,delighted,pre1,pre1,word,うれしい，喜んだ,うれしい，喜んだ,形容詞,pre1:168,1
delightful,delightful,pre1,pre1,word,楽しい，うれしい,楽しい，うれしい,形容詞,pre1:776,1
delusion,delusion,pre1,pre1,word,妄想,妄想,名詞,pre1:3158,1
demographic,demographic,pre1,pre1;1,word,人口統計の，人口統計学の,人口統計の，人口統計学の,形容詞,pre1:2988;1:457,2
demote,demote,pre1,pre1,word,降格する,降格する,動詞,pre1:3367,1
demotion,demotion,pre1,pre1,word,降格,降格,名詞,pre1:3184,1
den,den,pre1,pre1,word,ねぐら，巣穴,ねぐら，巣穴,名詞,pre1:1514,1
denial,denial,pre1,pre1,word,拒否，否認,拒否，否認,名詞,pre1:1187,1
denote,denote,pre1,pre1;1,word,表示する，示す,表示する，示す,動詞,pre1:2904;1:485,2
denounce,denounce,pre1,pre1;1,word,非難する，批判する,非難する，批判する,動詞,pre1:2765;1:413,2
dense,dense,pre1,pre1,word,密な，密集した,密な，密集した,形容詞,pre1:636,1
density,density,pre1,pre1;1,word,密度，濃度,密度，濃度,名詞,pre1:1529;1:219,2
deodorant,deodorant,pre1,pre1,word,防臭剤,防臭剤,名詞,pre1:2309,1
depart,depart,pre1,pre1,word,出発する，立ち去る,出発する，立ち去る,動詞,pre1:297,1
departure,departure,pre1,pre1,word,出発,出発,名詞,pre1:241,1
depict,depict,pre1,pre1,word,を描写する，描く,を描写する，描く,動詞,pre1:2193,1
deploy,deploy,pre1,pre1,word,を展開する，配置する,を展開する，配置する,動詞,pre1:2935,1
depot,depot,pre1,pre1,word,停車場,停車場,名詞,pre1:2852,1
depressed,depressed,pre1,pre1,word,落ち込んだ，憂鬱な,落ち込んだ，憂鬱な,形容詞,pre1:1191,1
deprivation,deprivation,pre1,pre1;1,word,剥奪，取り上げ,剥奪，取り上げ,名詞,pre1:1994;1:404,2
deprive,deprive,pre1,pre1,word,から奪う，略奪する,から奪う，略奪する,動詞,pre1:907,1
designation,designation,pre1,pre1;1,word,指定，選定,指定，選定,名詞,pre1:2744;1:118,2
desolate,desolate,pre1,pre1;1,word,荒れ果てた,荒れ果てた / 荒涼とした,形容詞,pre1:1671;1:3844,2
despair,despair,pre1,pre1,word,絶望，失望,絶望，失望,名詞,pre1:406,1
desperately,desperately,pre1,pre1,word,必死に,必死に,副詞,pre1:539,1
desperation,desperation,pre1,pre1,word,自暴自棄，絶望,自暴自棄，絶望,名詞,pre1:2310,1
despise,despise,pre1,pre1,word,を軽蔑する，さげすむ,を軽蔑する，さげすむ,動詞,pre1:553,1
destiny,destiny,pre1,pre1,word,運命，使命,運命，使命,名詞,pre1:783,1
detain,detain,pre1,pre1,word,を引き留める，留め置く,を引き留める，留め置く,動詞,pre1:2819,1
detection,detection,pre1,pre1,word,発見，探知,発見，探知,名詞,pre1:2583,1
deter,deter,pre1,pre1,word,をやめさせる，躊躇させる,をやめさせる，躊躇させる,動詞,pre1:2544,1
detergent,detergent,pre1,pre1,word,洗剤,洗剤,名詞,pre1:1552,1
deteriorate,deteriorate,pre1,pre1,word,を悪化させる,を悪化させる,動詞,pre1:2688,1
determination,determination,pre1,pre1;1,word,決定，決断,決定，決断,名詞,pre1:298;1:453,2
detonate,detonate,pre1,pre1;1,word,爆発させる、破裂させる,爆発させる、破裂させる / 爆発させる，破裂させる,動詞,pre1:3331;1:1527,2
detour,detour,pre1,pre1,word,迂回する,迂回する,動詞,pre1:813,1
detrimental,detrimental,pre1,pre1;1,word,有害な,有害な / 有害な，害のある，悪影響の,形容詞,pre1:836;1:338,2
devastating,devastating,pre1,pre1;1,word,壊滅的な，破壊的な,壊滅的な，破壊的な,形容詞,pre1:2939;1:504,2
devoid,devoid,pre1,pre1;1,word,欠けている，欠如している,欠けている，欠如している / 欠けている，不足している,形容詞,pre1:2750;1:1445,2
devote,devote,pre1,pre1,word,に捧げる，ゆだねる,に捧げる，ゆだねる,動詞,pre1:242,1
devotee,devotee,pre1,pre1,word,信者,信者,名詞,pre1:2771,1
devour,devour,pre1,pre1,word,をむさぼり食う，がつがつ食う,をむさぼり食う，がつがつ食う,動詞,pre1:1560,1
diabetes,diabetes,pre1,pre1;1,word,糖尿病，高血糖症,糖尿病，高血糖症,名詞,pre1:2360;1:38,2
diagnose,diagnose,pre1,pre1,word,を診断する,を診断する,動詞,pre1:2933,1
diagnosis,diagnosis,pre1,pre1;1,word,診断，判断,診断，判断,名詞,pre1:1925;1:245,2
diagram,diagram,pre1,pre1,word,図,図,名詞,pre1:3120,1
dialogue,dialogue,pre1,pre1,word,対話,対話,名詞,pre1:1133,1
diameter,diameter,pre1,pre1,word,直径,直径,名詞,pre1:1573,1
diarrhea,diarrhea,pre1,pre1;1,word,下痢,下痢 / 下痢，便が液状になる状態,名詞,pre1:920;1:1644,2
dictate,dictate,pre1,pre1,word,を書きとらせる,を書きとらせる,動詞,pre1:1606,1
dictation,dictation,pre1,pre1,word,書き取り,書き取り,名詞,pre1:1741,1
dictatorship,dictatorship,pre1,pre1,word,独裁,独裁,名詞,pre1:2827,1
die down,die down,pre1,pre1,phrase,下火になる，(騒ぎが)静まる,下火になる，(騒ぎが)静まる,熟語,pre1:512,1
differential,differential,pre1,pre1,word,差分の，差別的な,差分の，差別的な,形容詞,pre1:2516,1
differentiate,differentiate,pre1,pre1,word,を区別する,を区別する,動詞,pre1:1644,1
diffuse,diffuse,pre1,pre1,word,を散らす，拡散する,を散らす，拡散する,動詞,pre1:2687,1
digestion,digestion,pre1,pre1,word,消化,消化,名詞,pre1:1378,1
dignify,dignify,pre1,pre1,word,威厳をつける,威厳をつける,動詞,pre1:2201,1
dilemma,dilemma,pre1,pre1;1,word,板挟み，窮地,板挟み，窮地,名詞,pre1:2158;1:72,2
diligence,diligence,pre1,pre1,word,勤勉,勤勉,名詞,pre1:1459,1
diligent,diligent,pre1,pre1,word,勤勉な,勤勉な,形容詞,pre1:692,1
dilute,dilute,pre1,pre1;1,word,薄める，希釈する,薄める，希釈する,動詞,pre1:2846;1:542,2
dim,dim,pre1,pre1;1,word,薄暗い，ほの暗い,薄暗い，ほの暗い / 薄暗い,形容詞,pre1:710;1:1347,2
dimension,dimension,pre1,pre1,word,寸法,寸法,名詞,pre1:1322,1
din,din,pre1,pre1;1,word,騒音,騒音 / 騒音，喧噪,名詞,pre1:2550;1:3156,2
dioxide,dioxide,pre1,pre1,word,二酸化物,二酸化物,名詞,pre1:2853,1
diploma,diploma,pre1,pre1,word,卒業証書，学位証書,卒業証書，学位証書,名詞,pre1:1437,1
diplomat,diplomat,pre1,pre1;1,word,外交官，外交官僚,外交官，外交官僚,名詞,pre1:953;1:483,2
diplomatic,diplomatic,pre1,pre1;1,word,外交の，外交上の,外交の，外交上の,形容詞,pre1:740;1:1,2
directive,directive,pre1,pre1,word,指示的な,指示的な,形容詞,pre1:1571,1
disability,disability,pre1,pre1,word,障害，無力,障害，無力,名詞,pre1:2033,1
disabled,disabled,pre1,pre1,word,障害のある,障害のある,形容詞,pre1:1987,1
disappearance,disappearance,pre1,pre1;1,word,失踪，消滅,失踪，消滅,名詞,pre1:1911;1:28,2
disappointed,disappointed,pre1,pre1,word,がっかりした，当ての外れた,がっかりした，当ての外れた,形容詞,pre1:860,1
disappointment,disappointment,pre1,pre1;1,word,失望，期待外れ,失望，期待外れ,名詞,pre1:221;1:101,2
disarmament,disarmament,pre1,pre1,word,軍縮,軍縮,名詞,pre1:1474,1
disastrous,disastrous,pre1,pre1;1,word,悲惨な，惨事の,悲惨な，惨事の,形容詞,pre1:1648;1:204,2
disband,disband,pre1,pre1;1,word,を解散する,を解散する / 解散する，ばらばらにする,動詞,pre1:2973;1:1302,2
discard,discard,pre1,pre1,word,を捨てる，廃棄する,を捨てる，廃棄する,動詞,pre1:1737,1
discern,discern,pre1,pre1,word,はっきり分かる，認める,はっきり分かる，認める,動詞,pre1:174,1
discharge,discharge,pre1,pre1,word,排出，放電/荷を降ろす,排出，放電/荷を降ろす,動詞,pre1:176,1
disciple,disciple,pre1,pre1,word,弟子,弟子,名詞,pre1:1698,1
disclose,disclose,pre1,pre1,word,を開示する，見せる,を開示する，見せる,動詞,pre1:1111,1
disclosure,disclosure,pre1,pre1,word,開示,開示,名詞,pre1:3006,1
discomfort,discomfort,pre1,pre1;1,word,不快感，違和感,不快感，違和感,名詞,pre1:1652;1:388,2
discord,discord,pre1,pre1;1,word,不一致，不和,不一致，不和,名詞,pre1:2666;1:170,2
discourage,discourage,pre1,pre1,word,落胆させる,落胆させる,動詞,pre1:3326,1
discouragement,discouragement,pre1,pre1,word,落胆，失意,落胆，失意,名詞,pre1:1712,1
discourse,discourse,pre1,pre1,word,言説，講演,言説，講演,名詞,pre1:2375,1
discreet,discreet,pre1,pre1,word,慎重な，分別のある,慎重な，分別のある,形容詞,pre1:2842,1
discriminate,discriminate,pre1,pre1,word,差別する,差別する,動詞,pre1:3397,1
disdain,disdain,pre1,pre1,word,を軽蔑する,を軽蔑する,動詞,pre1:2293,1
disfigure,disfigure,pre1,pre1,word,醜くする,醜くする,動詞,pre1:2839,1
disgrace,disgrace,pre1,pre1,word,不名誉,不名誉,名詞,pre1:858,1
disguise,disguise,pre1,pre1;1,word,変装させる， 見せかける,変装させる， 見せかける,動詞,pre1:567;1:890,2
disgusted,disgusted,pre1,pre1,word,むかついた,むかついた,形容詞,pre1:1703,1
disgusting,disgusting,pre1,pre1,word,いやな，むかつくような,いやな，むかつくような,形容詞,pre1:520,1
dish out,dish out,pre1,pre1;1,phrase,盛り付ける，配膳する,盛り付ける，配膳する,熟語,pre1:448;1:879,2
dismal,dismal,pre1,pre1,word,陰気な，暗い,陰気な，暗い,形容詞,pre1:1815,1
dismay,dismay,pre1,pre1;1,word,がっかりさせる，失望させる,がっかりさせる，失望させる,動詞,pre1:3160;1:684,2
dismissal,dismissal,pre1,pre1;1,word,解散，解任,解散，解任,名詞,pre1:1677;1:211,2
dispatch,dispatch,pre1,pre1,word,を送る，発送する,を送る，発送する,動詞,pre1:1829,1
dispense,dispense,pre1,pre1,word,分配する，排出する,分配する，排出する,動詞,pre1:3212,1
displace,displace,pre1,pre1,word,ずらす，にとって代わる,ずらす，にとって代わる,動詞,pre1:1480,1
dispose of,dispose of,pre1,pre1,phrase,廃棄する，処分する,廃棄する，処分する,動詞,pre1:792,1
disrupt,disrupt,pre1,pre1,word,混乱させる,混乱させる,動詞,pre1:3047,1
disruptive,disruptive,pre1,pre1;1,word,破壊的な，破壊力のある,破壊的な，破壊力のある,形容詞,pre1:2633;1:380,2
dissent,dissent,pre1,pre1;1,word,異議を唱える，反対する,異議を唱える，反対する,動詞,pre1:2409;1:21,2
dissolution,dissolution,pre1,pre1,word,分離，溶解,分離，溶解,名詞,pre1:2329,1
dissolve,dissolve,pre1,pre1,word,を溶かす,を溶かす,動詞,pre1:669,1
distance A from B,distance a from b,pre1,pre1;1,phrase,AをBから遠ざける，AをBから隔てる,AをBから遠ざける，AをBから隔てる,熟語,pre1:2515;1:1868,2
distaste,distaste,pre1,pre1,word,嫌悪，いや気,嫌悪，いや気,名詞,pre1:2411,1
distill,distill,pre1,pre1,word,蒸留する,蒸留する,動詞,pre1:2649,1
distinctive,distinctive,pre1,pre1,word,特有の，独特の,特有の，独特の,形容詞,pre1:1092,1
distortion,distortion,pre1,pre1,word,ねじれ，ゆがみ,ねじれ，ゆがみ,名詞,pre1:2421,1
distract A from B,distract a from b,pre1,pre1;1,phrase,Aの気をBからそらす,Aの気をBからそらす,熟語,pre1:2236;1:2078,2
distracted,distracted,pre1,pre1,word,気の散った，注意をそらされた,気の散った，注意をそらされた,形容詞,pre1:2498,1
distress,distress,pre1,pre1,word,苦痛，苦悩,苦痛，苦悩,名詞,pre1:638,1
distribute,distribute,pre1,pre1,word,を配布する，分配する,を配布する，分配する,動詞,pre1:189,1
disturbance,disturbance,pre1,pre1,word,騒動,騒動,名詞,pre1:1372,1
disturbing,disturbing,pre1,pre1;1,word,邪魔な，迷惑な,邪魔な，迷惑な,形容詞,pre1:1001;1:465,2
diverge,diverge,pre1,pre1;1,word,分岐する，分かれる,分岐する，分かれる / 分岐する,動詞,pre1:2410;1:3499,2
diverse,diverse,pre1,pre1;1,word,多様な，多種多様な,多様な，多種多様な,形容詞,pre1:925;1:321,2
diversity,diversity,pre1,pre1;1,word,多様性，多様化,多様性，多様化,名詞,pre1:1087;1:312,2
dividend,dividend,pre1,pre1,word,配当，配当金,配当，配当金,名詞,pre1:1553,1
divine,divine,pre1,pre1,word,神の,神の,形容詞,pre1:1404,1
divinity,divinity,pre1,pre1,word,神格,神格,名詞,pre1:2174,1
docile,docile,pre1,pre1;1,word,扱いやすい,扱いやすい,形容詞,pre1:3206;1:3057,2
dock,dock,pre1,pre1,word,船着場，波止場,船着場，波止場,名詞,pre1:524,1
doctrine,doctrine,pre1,pre1;1,word,教義，信条,教義，信条,名詞,pre1:1445;1:7,2
dodge,dodge,pre1,pre1,word,かわす，よける,かわす，よける,動詞,pre1:3351,1
dogma,dogma,pre1,pre1;1,word,教義，信条,教義，信条 / 教義，教理,名詞,pre1:2431;1:1073,2
dogmatic,dogmatic,pre1,pre1;1,word,独断的な，教義上の,独断的な，教義上の / 教条的な，固執する,形容詞,pre1:1438;1:4067,2
dominance,dominance,pre1,pre1,word,支配,支配,名詞,pre1:3304,1
dominant,dominant,pre1,pre1,word,支配的な,支配的な,形容詞,pre1:494,1
donate A to B,donate a to b,pre1,pre1;1,phrase,AをBに寄付する,AをBに寄付する / AをBに寄付する，AをBに寄贈する,熟語,pre1:2370;1:2295,2
donor,donor,pre1,pre1,word,提供者，寄付者,提供者，寄付者,名詞,pre1:2342,1
doom,doom,pre1,pre1,word,破滅，悪い運命,破滅，悪い運命,名詞,pre1:1828,1
dose,dose,pre1,pre1,word,服用量,服用量,名詞,pre1:1583,1
dough,dough,pre1,pre1,word,パン生地,パン生地,名詞,pre1:2064,1
down payment,down payment,pre1,pre1;1,phrase,頭金，手付金,頭金，手付金,名詞,pre1:1787;1:1012,2
down the drain,down the drain,pre1,pre1;1,phrase,排水路に流されて，失われて,排水路に流されて，失われて,熟語,pre1:703;1:3917,2
downcast,downcast,pre1,pre1;1,word,意気消沈した,意気消沈した,形容詞,pre1:2977;1:3783,2
doze,doze,pre1,pre1;1,word,居眠りする,居眠りする / 居眠りをする,動詞,pre1:2816;1:3509,2
doze off,doze off,pre1,pre1,phrase,うとうと眠る,うとうと眠る,熟語,pre1:3246,1
drag on,drag on,pre1,pre1;1,phrase,長引く，続きすぎる,長引く，続きすぎる,熟語,pre1:306;1:551,2
drastic,drastic,pre1,pre1,word,抜本的な，思い切った,抜本的な，思い切った,形容詞,pre1:1625,1
drawer,drawer,pre1,pre1,word,引き出し,引き出し,名詞,pre1:28,1
dread,dread,pre1,pre1;1,word,ひどく怖がる，恐れる,ひどく怖がる，恐れる,動詞,pre1:771;1:153,2
dreadful,dreadful,pre1,pre1;1,word,恐ろしい,恐ろしい / 恐ろしい，怖い,形容詞,pre1:1417;1:586,2
dreary,dreary,pre1,pre1;1,word,退屈な,退屈な / 悲しくさせる,形容詞,pre1:2746;1:3210,2
drive off,drive off,pre1,pre1;1,phrase,を追い払う，排除する,を追い払う，排除する,熟語,pre1:1531;1:555,2
droop,droop,pre1,pre1,word,うなだれる,うなだれる,動詞,pre1:2470,1
drop back,drop back,pre1,pre1;1,phrase,後退する，後ろに下がる,後退する，後ろに下がる / 後退する，後ずさる,熟語,pre1:1769;1:626,2
drowsy,drowsy,pre1,pre1,word,眠い，うとうとしている,眠い，うとうとしている,形容詞,pre1:1799,1
drum up,drum up,pre1,pre1;1,phrase,呼び集める，募集する,呼び集める，募集する,熟語,pre1:396;1:2908,2
dual citizenship,dual citizenship,pre1,pre1;1,phrase,二重国籍，二重国籍者,二重国籍，二重国籍者,名詞,pre1:1452;1:1956,2
dubious,dubious,pre1,pre1,word,疑っている，はっきりしない,疑っている，はっきりしない,形容詞,pre1:2734,1
duchess,duchess,pre1,pre1;1,word,公爵夫人,公爵夫人 / 公爵夫人，女公爵,名詞,pre1:2486;1:3453,2
dullness,dullness,pre1,pre1,word,鈍さ，鈍感,鈍さ，鈍感,名詞,pre1:1041,1
duplicate,duplicate,pre1,pre1;1,word,を複製する,を複製する / 複製する，複写する,動詞,pre1:2465;1:769,2
durable,durable,pre1,pre1;1,word,耐久性のある，長持ちする,耐久性のある，長持ちする,形容詞,pre1:2251;1:209,2
duration,duration,pre1,pre1,word,持続時間，持続期間,持続時間，持続期間,名詞,pre1:1855,1
dusk,dusk,pre1,pre1,word,夕暮れ，たそがれ,夕暮れ，たそがれ,名詞,pre1:1614,1
dusty,dusty,pre1,pre1,word,ほこりっぽい,ほこりっぽい,形容詞,pre1:347,1
dutiful,dutiful,pre1,pre1,word,忠実な，従順な,忠実な，従順な,形容詞,pre1:1801,1
dweller,dweller,pre1,pre1,word,住人，住民,住人，住民,名詞,pre1:2138,1
dwelling,dwelling,pre1,pre1,word,住居,住居,名詞,pre1:923,1
dye,dye,pre1,pre1,word,染料,染料,名詞,pre1:765,1
dynamics,dynamics,pre1,pre1,word,原動力,原動力,名詞,pre1:2116,1
dynasty,dynasty,pre1,pre1,word,王朝，王家,王朝，王家,名詞,pre1:2598,1
eager to,eager to,pre1,pre1,phrase,したがる，熱意を持って,したがる，熱意を持って,熟語,pre1:126,1
eagerly,eagerly,pre1,pre1,word,熱心に,熱心に,副詞,pre1:610,1
earnestly,earnestly,pre1,pre1,word,真剣に,真剣に,副詞,pre1:1365,1
ease into,ease into,pre1,pre1;1,phrase,にゆっくりと入る，スムーズに入る，滞りなく入る,にゆっくりと入る，スムーズに入る，滞りなく入る,熟語,pre1:2430;1:526,2
easygoing,easygoing,pre1,pre1,word,楽観的な,楽観的な,形容詞,pre1:1642,1
eat up,eat up,pre1,pre1,phrase,食べつくす，使い果たす,食べつくす，使い果たす,熟語,pre1:2496,1
ebb,ebb,pre1,pre1,word,衰退，引き潮,衰退，引き潮,名詞,pre1:2559,1
eccentric,eccentric,pre1,pre1,word,風変わりな，普通でない,風変わりな，普通でない,形容詞,pre1:1494,1
eclipse,eclipse,pre1,pre1;1,word,日食,日食 / 日食，月食,名詞,pre1:2706;1:2216,2
ecological,ecological,pre1,pre1,word,生態学の,生態学の,形容詞,pre1:2278,1
economist,economist,pre1,pre1,word,経済学者,経済学者,名詞,pre1:775,1
ecstatic,ecstatic,pre1,pre1;1,word,夢中の，有頂天の,夢中の，有頂天の / 夢中の,形容詞,pre1:2467;1:2987,2
edge out,edge out,pre1,pre1;1,phrase,徐々に押しのける，辛勝する,徐々に押しのける，辛勝する,熟語,pre1:949;1:3702,2
edible,edible,pre1,pre1;1,word,食べられる，摂取可能な,食べられる，摂取可能な,形容詞,pre1:1537;1:225,2
edit,edit,pre1,pre1,word,を編集する,を編集する,動詞,pre1:586,1
editorial,editorial,pre1,pre1,word,編集の/社説,編集の/社説,名詞,pre1:1542,1
eerie,eerie,pre1,pre1;1,word,不気味な，気味が悪い,不気味な，気味が悪い,形容詞,pre1:3019;1:1310,2
efficacy,efficacy,pre1,pre1;1,word,効能，効果,効能，効果,名詞,pre1:3139;1:1045,2
effortless,effortless,pre1,pre1,word,楽な,楽な,形容詞,pre1:2893,1
eject,eject,pre1,pre1;1,word,追い出す、排除する,追い出す、排除する / 追い出す，排除する,動詞,pre1:3338;1:1563,2
elaboration,elaboration,pre1,pre1,word,精巧さ,精巧さ,名詞,pre1:2574,1
elastic,elastic,pre1,pre1,word,弾力のある，伸縮自在の,弾力のある，伸縮自在の,形容詞,pre1:1502,1
elasticity,elasticity,pre1,pre1,word,弾力，伸縮,弾力，伸縮,名詞,pre1:2590,1
elder,elder,pre1,pre1,word,年上の，年長の,年上の，年長の,形容詞,pre1:159,1
electrify,electrify,pre1,pre1,word,帯電させる,帯電させる,動詞,pre1:2705,1
electron,electron,pre1,pre1,word,電子,電子,名詞,pre1:1384,1
electronics,electronics,pre1,pre1,word,電気,電気,名詞,pre1:649,1
elevate,elevate,pre1,pre1;1,word,上げる，昇進させる,上げる，昇進させる,動詞,pre1:1547;1:178,2
eligible,eligible,pre1,pre1,word,資格のある，適格な,資格のある，適格な,形容詞,pre1:2968,1
eloquence,eloquence,pre1,pre1,word,雄弁,雄弁,名詞,pre1:2121,1
eloquent,eloquent,pre1,pre1,word,雄弁な，口達者な,雄弁な，口達者な,形容詞,pre1:1679,1
embark,embark,pre1,pre1,word,積み込む，乗船する,積み込む，乗船する,動詞,pre1:1469,1
embarrassment,embarrassment,pre1,pre1,word,困惑，当惑,困惑，当惑,名詞,pre1:274,1
embassy,embassy,pre1,pre1,word,大使館,大使館,名詞,pre1:892,1
embroider,embroider,pre1,pre1,word,刺繍する,刺繍する,動詞,pre1:1973,1
embroil in,embroil in,pre1,pre1;1,phrase,に巻き込む，関与させる,に巻き込む，関与させる,熟語,pre1:507;1:3938,2
emigrant,emigrant,pre1,pre1,word,移民，移住者,移民，移住者,名詞,pre1:2722,1
emigration,emigration,pre1,pre1,word,移住,移住,名詞,pre1:1972,1
eminent,eminent,pre1,pre1,word,著名な，身分の高い,著名な，身分の高い,形容詞,pre1:1708,1
emission,emission,pre1,pre1,word,排出，放射,排出，放射,名詞,pre1:1918,1
emit,emit,pre1,pre1,word,を放射する，発する,を放射する，発する,動詞,pre1:2196,1
empathy,empathy,pre1,pre1;1,word,共感，感情移入,共感，感情移入,名詞,pre1:3316;1:56,2
enact,enact,pre1,pre1,word,を制定する，法令化する,を制定する，法令化する,動詞,pre1:2954,1
enchant,enchant,pre1,pre1,word,心を奪う,心を奪う,動詞,pre1:1675,1
enclose,enclose,pre1,pre1;1,word,を囲む，同封する,を囲む，同封する / 囲む，同封する,動詞,pre1:375;1:861,2
encyclopedia,encyclopedia,pre1,pre1,word,百科事典,百科事典,名詞,pre1:2043,1
end up with,end up with,pre1,pre1;1,phrase,で終わる，の羽目になる,で終わる，の羽目になる,熟語,pre1:207;1:2897,2
endeavor,endeavor,pre1,pre1,word,努力する,努力する,動詞,pre1:1220,1
endorse,endorse,pre1,pre1,word,を支持する，裏書きする,を支持する，裏書きする,動詞,pre1:1991,1
endurance,endurance,pre1,pre1,word,忍耐，がまん,忍耐，がまん,名詞,pre1:985,1
enforce,enforce,pre1,pre1,word,を実行する，実施する,を実行する，実施する,動詞,pre1:1811,1
engagement,engagement,pre1,pre1,word,約束，取り決め,約束，取り決め,名詞,pre1:337,1
enlist,enlist,pre1,pre1,word,入隊する，参加する,入隊する，参加する,動詞,pre1:3117,1
enmity,enmity,pre1,pre1,word,敵意，憎しみ,敵意，憎しみ,名詞,pre1:2447,1
enrage,enrage,pre1,pre1,word,激怒させる,激怒させる,動詞,pre1:2427,1
enrichment,enrichment,pre1,pre1,word,濃縮，豊かにすること,濃縮，豊かにすること,名詞,pre1:2621,1
enroll,enroll,pre1,pre1,word,入学する,入学する,動詞,pre1:2083,1
entangle,entangle,pre1,pre1,word,を絡ませる，もつれさせる,を絡ませる，もつれさせる,動詞,pre1:2204,1
enthusiastic,enthusiastic,pre1,pre1,word,熱狂的な，熱烈な,熱狂的な，熱烈な,形容詞,pre1:371,1
entice,entice,pre1,pre1;1,word,誘惑する，魅惑する,誘惑する，魅惑する,動詞,pre1:2695;1:398,2
entity,entity,pre1,pre1,word,実在，実体,実在，実体,名詞,pre1:2163,1
entrepreneur,entrepreneur,pre1,pre1,word,起業家,起業家,名詞,pre1:2041,1
entrust,entrust,pre1,pre1;1,word,委託する,委託する / 委託する，依頼する,動詞,pre1:2895;1:696,2
envelop,envelop,pre1,pre1;1,word,包む，包装する,包む，包装する,動詞,pre1:1572;1:226,2
envious,envious,pre1,pre1;1,word,羨ましい，妬ましい,羨ましい，妬ましい,形容詞,pre1:1207;1:275,2
envision,envision,pre1,pre1;1,word,想像する，思い描く,想像する，思い描く,動詞,pre1:2945;1:353,2
envoy,envoy,pre1,pre1;1,word,使者、代理人や遣使,使者、代理人や遣使 / 使者，代理人や遣使,名詞,pre1:3275;1:1736,2
epic,epic,pre1,pre1;1,word,大作，壮大な作品,大作，壮大な作品,名詞,pre1:2709;1:46,2
epidemic,epidemic,pre1,pre1,word,流行性の，伝染性の,流行性の，伝染性の,形容詞,pre1:2091,1
epoch,epoch,pre1,pre1;1,word,時代，歴史の節目,時代，歴史の節目,名詞,pre1:1873;1:182,2
equate A with B,equate a with b,pre1,pre1;1,phrase,AとBを等しくする，AをBと同等にする,AとBを等しくする，AをBと同等にする,熟語,pre1:325;1:3404,2
equation,equation,pre1,pre1,word,方程式,方程式,名詞,pre1:981,1
equator,equator,pre1,pre1;1,word,赤道，赤道線，赤道面,赤道，赤道線，赤道面 / 赤道，赤道線,名詞,pre1:1562;1:318,2
equilibrium,equilibrium,pre1,pre1,word,均衡，つり合い,均衡，つり合い,名詞,pre1:2093,1
equity,equity,pre1,pre1,word,公平，公正,公平，公正,名詞,pre1:2160,1
erect,erect,pre1,pre1,word,直立の，まっすぐな,直立の，まっすぐな,形容詞,pre1:754,1
errand,errand,pre1,pre1,word,使い走り,使い走り,名詞,pre1:482,1
erroneous,erroneous,pre1,pre1;1,word,誤った，間違えた,誤った，間違えた,形容詞,pre1:2434;1:407,2
erupt,erupt,pre1,pre1,word,噴火する,噴火する,動詞,pre1:2738,1
eruption,eruption,pre1,pre1;1,word,噴火，爆発,噴火，爆発,名詞,pre1:1971;1:205,2
essence,essence,pre1,pre1,word,本質，真髄,本質，真髄,名詞,pre1:149,1
essential,essential,pre1,pre1,word,不可欠な,不可欠な,形容詞,pre1:3263,1
esteem,esteem,pre1,pre1;1,word,を尊重する，尊敬する,を尊重する，尊敬する / 尊重する，敬う,動詞,pre1:717;1:1571,2
eternal,eternal,pre1,pre1;1,word,永遠の，永遠不変の,永遠の，永遠不変の,形容詞,pre1:712;1:310,2
eternally,eternally,pre1,pre1,word,永遠に,永遠に,副詞,pre1:1282,1
ethical,ethical,pre1,pre1,word,倫理的な,倫理的な,形容詞,pre1:1177,1
ethics,ethics,pre1,pre1,word,倫理,倫理,名詞,pre1:1117,1
evacuate,evacuate,pre1,pre1;1,word,避難する，逃避する,避難する，逃避する,動詞,pre1:2650;1:473,2
evade,evade,pre1,pre1;1,word,避ける，避ける,避ける，避ける,動詞,pre1:2804;1:253,2
evaluation,evaluation,pre1,pre1,word,評価，査定,評価，査定,名詞,pre1:678,1
evaporate,evaporate,pre1,pre1,word,蒸発する,蒸発する,動詞,pre1:2901,1
evasion,evasion,pre1,pre1;1,word,回避/避ける,回避/避ける / 回避，避ける,名詞,pre1:3078;1:931,2
evenly,evenly,pre1,pre1,word,均等に，等しく,均等に，等しく,副詞,pre1:1820,1
eventual,eventual,pre1,pre1;1,word,最終的な，究極的な,最終的な，究極的な,形容詞,pre1:1831;1:373,2
evergreen,evergreen,pre1,pre1,word,常緑の,常緑の,形容詞,pre1:2759,1
exaggeration,exaggeration,pre1,pre1;1,word,誇張,誇張 / 誇張，過大評価，過大視,名詞,pre1:1308;1:1909,2
exalt,exalt,pre1,pre1,word,高揚する,高揚する,動詞,pre1:2262,1
examiner,examiner,pre1,pre1,word,審査官，試験官,審査官，試験官,名詞,pre1:1279,1
exceed,exceed,pre1,pre1,word,を超える，超過する,を超える，超過する,動詞,pre1:905,1
excel,excel,pre1,pre1;1,word,勝る，優れる，上回る,勝る，優れる，上回る,動詞,pre1:1704;1:336,2
exceptional,exceptional,pre1,pre1,word,例外の，まれな,例外の，まれな,形容詞,pre1:1089,1
excerpt,excerpt,pre1,pre1;1,word,抜粋，引用句,抜粋，引用句 / 抜粋，引用,名詞,pre1:2433;1:568,2
exclaim,exclaim,pre1,pre1,word,を叫ぶ，大声で言う,を叫ぶ，大声で言う,動詞,pre1:832,1
exclamation,exclamation,pre1,pre1;1,word,感嘆，叫び,感嘆，叫び / 感嘆,名詞,pre1:1492;1:3173,2
exclusion,exclusion,pre1,pre1,word,除外,除外,名詞,pre1:1931,1
exclusively,exclusively,pre1,pre1;1,word,排他的に，限定して,排他的に，限定して,副詞,pre1:1086;1:44,2
excursion,excursion,pre1,pre1;1,word,遠足,遠足 / 遠足，日帰り旅行,名詞,pre1:1194;1:1050,2
execute,execute,pre1,pre1,word,を実行する，遂行する,を実行する，遂行する,動詞,pre1:991,1
execution,execution,pre1,pre1,word,実行，遂行,実行，遂行,名詞,pre1:1609,1
exempt,exempt,pre1,pre1,word,を免除する,を免除する,動詞,pre1:2451,1
exert oneself to,exert oneself to,pre1,pre1;1,phrase,するために努力する，するために尽力する,するために努力する，するために尽力する,熟語,pre1:954;1:2904,2
exertion,exertion,pre1,pre1,word,尽力，努力,尽力，努力,名詞,pre1:2788,1
exhaustion,exhaustion,pre1,pre1,word,枯渇，疲労,枯渇，疲労,名詞,pre1:1033,1
exile,exile,pre1,pre1,word,亡命，国外追放,亡命，国外追放,名詞,pre1:1528,1
exotic,exotic,pre1,pre1,word,異国情緒の，外国の,異国情緒の，外国の,形容詞,pre1:2124,1
expanse,expanse,pre1,pre1,word,広がり,広がり,名詞,pre1:1989,1
expedition,expedition,pre1,pre1,word,遠征,遠征,名詞,pre1:583,1
expel,expel,pre1,pre1,word,を追放する，除名する,を追放する，除名する,動詞,pre1:2190,1
expend,expend,pre1,pre1,word,費やす，消費する,費やす，消費する,動詞,pre1:1690,1
expenditure,expenditure,pre1,pre1,word,消費，経費,消費，経費,名詞,pre1:1941,1
experiment with,experiment with,pre1,pre1;1,phrase,を試す，実験する,を試す，実験する,熟語,pre1:1550;1:657,2
experimental,experimental,pre1,pre1,word,実験的な，実験の,実験的な，実験の,形容詞,pre1:642,1
expertise,expertise,pre1,pre1,word,専門知識,専門知識,名詞,pre1:1595,1
explicit,explicit,pre1,pre1;1,word,明らかな，はっきりとした,明らかな，はっきりとした,形容詞,pre1:2141;1:458,2
exploit,exploit,pre1,pre1;1,word,偉業，業績,偉業，業績,名詞,pre1:1127;1:115,2
exploration,exploration,pre1,pre1;1,word,探査，探索,探査，探索,名詞,pre1:835;1:264,2
expose A to B,expose a to b,pre1,pre1;1,phrase,AをBにさらす,AをBにさらす / AをBにさらす，AをBに露出する,熟語,pre1:2737;1:1556,2
expressive,expressive,pre1,pre1,word,表現力豊かな，表現に富む,表現力豊かな，表現に富む,形容詞,pre1:1432,1
exquisite,exquisite,pre1,pre1;1,word,絶妙な，見事な,絶妙な，見事な,形容詞,pre1:1549;1:438,2
extinguish,extinguish,pre1,pre1,word,を消す,を消す,動詞,pre1:2209,1
extravagance,extravagance,pre1,pre1,word,浪費,浪費,名詞,pre1:2500,1
extravagant,extravagant,pre1,pre1,word,贅沢な，無駄遣いの,贅沢な，無駄遣いの,形容詞,pre1:2109,1
eyelash,eyelash,pre1,pre1,word,まつげ,まつげ,名詞,pre1:1774,1
eyelid,eyelid,pre1,pre1,word,まぶた,まぶた,名詞,pre1:1645,1
fable,fable,pre1,pre1;1,word,作り話,作り話 / 寓話,名詞,pre1:1252;1:2551,2
fabricate,fabricate,pre1,pre1;1,word,作り上げる，でっち上げる,作り上げる，でっち上げる,動詞,pre1:3023;1:4185,2
fabulous,fabulous,pre1,pre1,word,素晴らしい,素晴らしい,形容詞,pre1:2726,1
facade,facade,pre1,pre1,word,正面，真正面,正面，真正面,名詞,pre1:3177,1
face off,face off,pre1,pre1;1,phrase,対決する，向き合う，立ち向かう,対決する，向き合う，立ち向かう,熟語,pre1:2850;1:276,2
facile,facile,pre1,pre1;1,word,安易な，手軽な,安易な，手軽な,形容詞,pre1:3207;1:664,2
facilitate,facilitate,pre1,pre1,word,を促進する，楽にする,を促進する，楽にする,動詞,pre1:2315,1
faction,faction,pre1,pre1;1,word,派閥，党派,派閥，党派,名詞,pre1:2203;1:488,2
faculty,faculty,pre1,pre1,word,学部,学部,名詞,pre1:1235,1
fad,fad,pre1,pre1,word,流行,流行,名詞,pre1:2258,1
fade out,fade out,pre1,pre1,phrase,消える，消えていく,消える，消えていく,熟語,pre1:3042,1
faint,faint,pre1,pre1,word,かすかな，ぼんやりした,かすかな，ぼんやりした,形容詞,pre1:410,1
fairness,fairness,pre1,pre1,word,公平さ,公平さ,名詞,pre1:484,1
faithful,faithful,pre1,pre1,word,忠実な，誠実な,忠実な，誠実な,形容詞,pre1:364,1
faithfully,faithfully,pre1,pre1,word,忠実に，誠実に,忠実に，誠実に,副詞,pre1:688,1
faithless,faithless,pre1,pre1,word,不誠実な，不実な,不誠実な，不実な,形容詞,pre1:2426,1
fall apart,fall apart,pre1,pre1,phrase,崩壊する，ばらばらに壊れる,崩壊する，ばらばらに壊れる,熟語,pre1:262,1
fall away,fall away,pre1,pre1;1,phrase,弱まる，落ちる,弱まる，落ちる,熟語,pre1:1478;1:726,2
fall back on,fall back on,pre1,pre1;1,phrase,に頼る，信じる,に頼る，信じる,熟語,pre1:194;1:1148,2
fall for,fall for,pre1,pre1;1,phrase,に夢中になる，騙される，引きつけられる,に夢中になる，騙される，引きつけられる,熟語,pre1:80;1:344,2
fall in with,fall in with,pre1,pre1;1,phrase,と知り合いになる，交際する,と知り合いになる，交際する,熟語,pre1:356;1:2546,2
fall into,fall into,pre1,pre1;1,phrase,に属する，分類される,に属する，分類される,熟語,pre1:2793;1:548,2
fall off,fall off,pre1,pre1;1,phrase,減少する,減少する / 減少する，減る,熟語,pre1:1610;1:785,2
fall out of favor with,fall out of favor with,pre1,pre1;1,phrase,に嫌われる，のお気に入りでなくなる,に嫌われる，のお気に入りでなくなる,熟語,pre1:2530;1:2040,2
fall prey to,fall prey to,pre1,pre1;1,phrase,の餌食になる，犠牲になる,の餌食になる，犠牲になる,熟語,pre1:351;1:3796,2
fall through,fall through,pre1,pre1;1,phrase,失敗に終わる，駄目になる，台無しになる,失敗に終わる，駄目になる，台無しになる,熟語,pre1:2826;1:330,2
fall under,fall under,pre1,pre1;1,phrase,支配下に入る，分類される,支配下に入る，分類される,熟語,pre1:2013;1:123,2
falsify,falsify,pre1,pre1,word,改ざんする,改ざんする,動詞,pre1:3163,1
fanatical,fanatical,pre1,pre1,word,熱狂的な，熱烈な,熱狂的な，熱烈な,形容詞,pre1:128,1
far cry from,far cry from,pre1,pre1;1,phrase,叫び声から遠い，からほど遠い,叫び声から遠い，からほど遠い,熟語,pre1:908;1:3094,2
faraway,faraway,pre1,pre1,word,遠くの,遠くの,形容詞,pre1:1093,1
farewell,farewell,pre1,pre1,word,別れ,別れ,名詞,pre1:651,1
fascinating,fascinating,pre1,pre1,word,魅惑的な，うっとりさせる,魅惑的な，うっとりさせる,形容詞,pre1:523,1
fascination,fascination,pre1,pre1,word,魅惑,魅惑,名詞,pre1:1942,1
fasten,fasten,pre1,pre1,word,を固定する，締める,を固定する，締める,動詞,pre1:447,1
fatal,fatal,pre1,pre1,word,致命的な，運命の,致命的な，運命の,形容詞,pre1:416,1
fatherland,fatherland,pre1,pre1,word,祖国,祖国,名詞,pre1:2641,1
favorable,favorable,pre1,pre1;1,word,好ましい，有利な,好ましい，有利な,形容詞,pre1:311;1:128,2
feasible,feasible,pre1,pre1;1,word,実行可能な，可能性のある,実行可能な，可能性のある,形容詞,pre1:3075;1:218,2
feast,feast,pre1,pre1,word,ごちそう，祝祭,ごちそう，祝祭,名詞,pre1:609,1
feat,feat,pre1,pre1;1,word,偉業，功績,偉業，功績 / 偉業,名詞,pre1:2851;1:3181,2
federation,federation,pre1,pre1,word,連合，連盟,連合，連盟,名詞,pre1:1016,1
feeble,feeble,pre1,pre1;1,word,弱った，虚弱な,弱った，虚弱な / 弱々しい,形容詞,pre1:1369;1:2964,2
feed off,feed off,pre1,pre1;1,phrase,から取って食べる，情報を得る，採取して利用する,から取って食べる，情報を得る，採取して利用する,熟語,pre1:528;1:480,2
feed on,feed on,pre1,pre1,phrase,にエサをやる，(～を)えさとする,にエサをやる，(～を)えさとする,熟語,pre1:498,1
feel for,feel for,pre1,pre1;1,phrase,を感じる，同情する，を体感する,を感じる，同情する，を体感する,熟語,pre1:2269;1:357,2
feminine,feminine,pre1,pre1,word,女性らしい,女性らしい,形容詞,pre1:1939,1
feminist,feminist,pre1,pre1;1,word,男女同権主義者,男女同権主義者,名詞,pre1:1129;1:401,2
ferocious,ferocious,pre1,pre1;1,word,どう猛な，恐ろしい,どう猛な，恐ろしい / どう猛な，激しい,形容詞,pre1:2964;1:745,2
fertile,fertile,pre1,pre1;1,word,肥沃な，多産の,肥沃な，多産の,形容詞,pre1:612;1:83,2
fetch,fetch,pre1,pre1,word,を取ってくる,を取ってくる,動詞,pre1:658,1
feudal,feudal,pre1,pre1,word,領地の，封建の,領地の，封建の,形容詞,pre1:2602,1
feverish,feverish,pre1,pre1,word,熱っぽい,熱っぽい,形容詞,pre1:1630,1
fiction,fiction,pre1,pre1,word,創作，作り話,創作，作り話,名詞,pre1:122,1
fidelity,fidelity,pre1,pre1,word,忠実度,忠実度,名詞,pre1:3141,1
fierce,fierce,pre1,pre1,word,激しい，凶暴な,激しい，凶暴な,形容詞,pre1:653,1
fiery,fiery,pre1,pre1,word,燃え立つような,燃え立つような,形容詞,pre1:1848,1
fight back,fight back,pre1,pre1;1,phrase,応戦する，やり返す,応戦する，やり返す,熟語,pre1:2786;1:2270,2
figure out,figure out,pre1,pre1,phrase,がわかる,がわかる,熟語,pre1:3066,1
filament,filament,pre1,pre1,word,細糸，線条,細糸，線条,名詞,pre1:204,1
file a suit,file a suit,pre1,pre1;1,phrase,提訴する，訴訟を提出する,提訴する，訴訟を提出する / 提訴する，訴訟を提出する，告訴する,熟語,pre1:1621;1:1513,2
fingertip,fingertip,pre1,pre1,word,指先,指先,名詞,pre1:2472,1
finish off,finish off,pre1,pre1;1,phrase,を完成させる，完遂させる,を完成させる，完遂させる,熟語,pre1:2063;1:559,2
finite,finite,pre1,pre1,word,有限の，限りある,有限の，限りある,形容詞,pre1:2294,1
fire up,fire up,pre1,pre1;1,phrase,点火する，起動する,点火する，起動する,熟語,pre1:2368;1:698,2
fiscal,fiscal,pre1,pre1,word,財政上の，国庫の,財政上の，国庫の,形容詞,pre1:1564,1
fish for,fish for,pre1,pre1;1,phrase,聞き出す，誘い出す,聞き出す，誘い出す,熟語,pre1:522;1:2934,2
fit in,fit in,pre1,pre1;1,phrase,うまく馴染む，溶け込む,うまく馴染む，溶け込む,熟語,pre1:1441;1:2354,2
fit into,fit into,pre1,pre1,phrase,に溶け込む，調和する,に溶け込む，調和する,熟語,pre1:1151,1
fixture,fixture,pre1,pre1,word,備品,備品,名詞,pre1:2632,1
flair,flair,pre1,pre1,word,才能，能力,才能，能力,名詞,pre1:2673,1
flammable,flammable,pre1,pre1,word,可燃性,可燃性,形容詞,pre1:3329,1
flap,flap,pre1,pre1,word,羽ばたく,羽ばたく,動詞,pre1:1575,1
flare up,flare up,pre1,pre1;1,phrase,急に燃え上がる，勃発する,急に燃え上がる，勃発する,熟語,pre1:344;1:2403,2
flash,flash,pre1,pre1,word,閃光,閃光,名詞,pre1:137,1
flatter,flatter,pre1,pre1,word,にお世辞を言う,にお世辞を言う,動詞,pre1:815,1
flattery,flattery,pre1,pre1,word,お世辞，おべっか,お世辞，おべっか,名詞,pre1:1500,1
flaw,flaw,pre1,pre1,word,欠点,欠点,名詞,pre1:2677,1
fleet,fleet,pre1,pre1,word,艦隊,艦隊,名詞,pre1:986,1
flexible,flexible,pre1,pre1,word,柔軟な，しなやかな,柔軟な，しなやかな,形容詞,pre1:608,1
fling,fling,pre1,pre1;1,word,を投げ飛ばす,を投げ飛ばす / 投げる,動詞,pre1:1217;1:3293,2
flock,flock,pre1,pre1,word,群れ，集団,群れ，集団,名詞,pre1:79,1
flour,flour,pre1,pre1,word,小麦粉,小麦粉,名詞,pre1:263,1
flourish,flourish,pre1,pre1,word,繁栄する，栄える,繁栄する，栄える,動詞,pre1:689,1
flu,flu,pre1,pre1,word,インフルエンザ,インフルエンザ,名詞,pre1:475,1
fluent,fluent,pre1,pre1,word,流暢な,流暢な,形容詞,pre1:650,1
fluid,fluid,pre1,pre1,word,液体，流動体,液体，流動体,名詞,pre1:1145,1
flush,flush,pre1,pre1,word,流す,流す,動詞,pre1:1844,1
foam,foam,pre1,pre1;1,word,小さな泡，微細な泡,小さな泡，微細な泡,名詞,pre1:856;1:451,2
foe,foe,pre1,pre1,word,敵,敵,名詞,pre1:3034,1
foggy,foggy,pre1,pre1,word,霧のかかった,霧のかかった,形容詞,pre1:1852,1
foil,foil,pre1,pre1,word,箔，金属の箔,箔，金属の箔,名詞,pre1:3368,1
folklore,folklore,pre1,pre1,word,民話,民話,名詞,pre1:1713,1
folly,folly,pre1,pre1;1,word,愚かさ，愚劣,愚かさ，愚劣 / 愚かな，馬鹿な,名詞,pre1:1412;1:667,2
footnote,footnote,pre1,pre1,word,脚注,脚注,名詞,pre1:2576,1
for the good of,for the good of,pre1,pre1;1,phrase,のために，の(利益の)ために,のために，の(利益の)ために,熟語,pre1:770;1:3187,2
forbid,forbid,pre1,pre1,word,を禁じる，禁止する,を禁じる，禁止する,動詞,pre1:696,1
force down,force down,pre1,pre1;1,phrase,を無理やり飲み込む，強いて飲み込む，無理に飲み込む,を無理やり飲み込む，強いて飲み込む，無理に飲み込む,熟語,pre1:1818;1:301,2
forceful,forceful,pre1,pre1,word,力強い，強い,力強い，強い,形容詞,pre1:1814,1
forcible,forcible,pre1,pre1;1,word,強制的な，強い,強制的な，強い,形容詞,pre1:2908;1:122,2
fore,fore,pre1,pre1,word,前方の，前部の,前方の，前部の,形容詞,pre1:2667,1
forearm,forearm,pre1,pre1,word,前腕部,前腕部,名詞,pre1:2449,1
forefather,forefather,pre1,pre1,word,先祖，祖先,先祖，祖先,名詞,pre1:1904,1
forefinger,forefinger,pre1,pre1,word,人差し指,人差し指,名詞,pre1:2868,1
forehead,forehead,pre1,pre1,word,おでこ，ひたい,おでこ，ひたい,名詞,pre1:630,1
foresee,foresee,pre1,pre1;1,word,予見する，予測する,予見する，予測する,動詞,pre1:1826;1:351,2
foretell,foretell,pre1,pre1,word,を予告する，予言する,を予告する，予言する,動詞,pre1:2721,1
forgery,forgery,pre1,pre1;1,word,偽造,偽造,名詞,pre1:3260;1:2559,2
forgetful,forgetful,pre1,pre1,word,忘れっぽい，忘れやすい,忘れっぽい，忘れやすい,形容詞,pre1:857,1
forgive,forgive,pre1,pre1,word,を許す，大目に見る,を許す，大目に見る,動詞,pre1:21,1
formerly,formerly,pre1,pre1,word,以前は，かつて,以前は，かつて,副詞,pre1:310,1
formidable,formidable,pre1,pre1;1,word,恐ろしい，手ごわい,恐ろしい，手ごわい,形容詞,pre1:1760;1:166,2
formulate,formulate,pre1,pre1;1,word,策定する，計画する,策定する，計画する,動詞,pre1:1792;1:479,2
forsake,forsake,pre1,pre1,word,を見捨てる，突き放す,を見捨てる，突き放す,動詞,pre1:1821,1
forthcoming,forthcoming,pre1,pre1,word,今後の,今後の,形容詞,pre1:1867,1
fortnight,fortnight,pre1,pre1,word,二週間,二週間,名詞,pre1:1338,1
fortunate,fortunate,pre1,pre1,word,幸運な，運の良い,幸運な，運の良い,形容詞,pre1:248,1
forum,forum,pre1,pre1,word,公開討論会,公開討論会,名詞,pre1:1669,1
foster,foster,pre1,pre1,word,を養育する，の世話をする,を養育する，の世話をする,動詞,pre1:1359,1
fountain,fountain,pre1,pre1,word,噴水，泉,噴水，泉,名詞,pre1:107,1
fragrant,fragrant,pre1,pre1;1,word,香りのよい，香り高い,香りのよい，香り高い / 香ばしい,形容詞,pre1:2657;1:2101,2
frail,frail,pre1,pre1,word,もろい，か弱い,もろい，か弱い,形容詞,pre1:2003,1
framework,framework,pre1,pre1,word,骨格,骨格,名詞,pre1:1298,1
frank,frank,pre1,pre1,word,率直な，隠さない,率直な，隠さない,形容詞,pre1:124,1
frankly,frankly,pre1,pre1;1,word,率直に，直接的に,率直に，直接的に,副詞,pre1:422;1:274,2
frantic,frantic,pre1,pre1;1,word,半狂乱の，狂った,半狂乱の，狂った / 気が狂ったような,形容詞,pre1:2272;1:3658,2
fraud,fraud,pre1,pre1,word,詐欺，ごまかし,詐欺，ごまかし,名詞,pre1:1822,1
freight,freight,pre1,pre1,word,運賃，貨物運送,運賃，貨物運送,名詞,pre1:1508,1
frequency,frequency,pre1,pre1,word,周波数，頻繁さ,周波数，頻繁さ,名詞,pre1:798,1
freshman,freshman,pre1,pre1,word,新入生,新入生,名詞,pre1:708,1
friction,friction,pre1,pre1,word,摩擦，不和,摩擦，不和,名詞,pre1:1871,1
fright,fright,pre1,pre1,word,恐怖，驚き,恐怖，驚き,名詞,pre1:1608,1
frightful,frightful,pre1,pre1,word,恐ろしい,恐ろしい,形容詞,pre1:1702,1
frivolous,frivolous,pre1,pre1;1,word,軽薄な，いい加減な,軽薄な，いい加減な / 軽薄な,形容詞,pre1:2795;1:2891,2
from hand to mouth,from hand to mouth,pre1,pre1;1,phrase,その日暮らしで，将来の備えをしないで,その日暮らしで，将来の備えをしないで,熟語,pre1:429;1:3723,2
frown upon,frown upon,pre1,pre1,phrase,眉をひそめる,眉をひそめる,熟語,pre1:3115,1
frugal,frugal,pre1,pre1;1,word,質素な，倹約な,質素な，倹約な / 質素な,形容詞,pre1:2719;1:3803,2
frustrate,frustrate,pre1,pre1,word,挫折させる,挫折させる,動詞,pre1:1206,1
frustration,frustration,pre1,pre1,word,欲求不満，落胆,欲求不満，落胆,名詞,pre1:569,1
fulfillment,fulfillment,pre1,pre1,word,遂行,遂行,名詞,pre1:1125,1
fumigate,fumigate,pre1,pre1,word,燻蒸する,燻蒸する,動詞,pre1:3007,1
fungus,fungus,pre1,pre1,word,菌,菌,名詞,pre1:2921,1
furious,furious,pre1,pre1,word,怒り狂った,怒り狂った,形容詞,pre1:1613,1
furnace,furnace,pre1,pre1,word,かまど，暖炉,かまど，暖炉,名詞,pre1:1646,1
furnish,furnish,pre1,pre1,word,家具を備える,家具を備える,動詞,pre1:556,1
furnished,furnished,pre1,pre1,word,家具付きの,家具付きの,形容詞,pre1:1889,1
fury,fury,pre1,pre1,word,激怒,激怒,名詞,pre1:1483,1
fusion,fusion,pre1,pre1,word,融合,融合,名詞,pre1:2494,1
fuss,fuss,pre1,pre1,word,空騒ぎ,空騒ぎ,名詞,pre1:1167,1
fussy,fussy,pre1,pre1;1,word,小うるさい,小うるさい,形容詞,pre1:3374;1:3920,2
futile,futile,pre1,pre1;1,word,無駄な,無駄な / 無駄な，非効率的な,形容詞,pre1:2894;1:1522,2
fuzzy,fuzzy,pre1,pre1,word,ぼやけた,ぼやけた,形容詞,pre1:960,1
gaily,gaily,pre1,pre1,word,陽気に,陽気に,副詞,pre1:2913,1
galaxy,galaxy,pre1,pre1,word,銀河,銀河,名詞,pre1:2049,1
gale,gale,pre1,pre1,word,疾風，強風,疾風，強風,名詞,pre1:2112,1
garble,garble,pre1,pre1,word,文字化けする,文字化けする,動詞,pre1:3369,1
gargle,gargle,pre1,pre1,word,うがいする,うがいする,動詞,pre1:1548,1
garment,garment,pre1,pre1,word,衣服,衣服,名詞,pre1:1126,1
garnish,garnish,pre1,pre1;1,word,飾る，装飾する,飾る，装飾する,動詞,pre1:3242;1:1288,2
gasp,gasp,pre1,pre1;1,word,あえぎ,あえぎ / 息をのむ,動詞,pre1:1395;1:1345,2
gaudy,gaudy,pre1,pre1,word,派手,派手,形容詞,pre1:3228,1
gauge,gauge,pre1,pre1,word,規格,規格,名詞,pre1:2226,1
gem,gem,pre1,pre1,word,宝石,宝石,名詞,pre1:1273,1
gender,gender,pre1,pre1,word,性別，性,性別，性,名詞,pre1:2253,1
genetic,genetic,pre1,pre1;1,word,遺伝的な，遺伝による,遺伝的な，遺伝による,形容詞,pre1:1063;1:517,2
geographical,geographical,pre1,pre1,word,地理的な,地理的な,形容詞,pre1:1612,1
geography,geography,pre1,pre1,word,地理，地理学,地理，地理学,名詞,pre1:98,1
geology,geology,pre1,pre1;1,word,地質学,地質学 / 地質学，岩石の科学,名詞,pre1:1899;1:175,2
geometry,geometry,pre1,pre1,word,幾何学,幾何学,名詞,pre1:959,1
get down to,get down to,pre1,pre1;1,phrase,に下りる，取り組む,に下りる，取り組む,熟語,pre1:2872;1:2140,2
get in on,get in on,pre1,pre1;1,phrase,加わる，乗り込む,加わる，乗り込む,熟語,pre1:1898;1:1971,2
get into,get into,pre1,pre1;1,phrase,に入り込む，合格する,に入り込む，合格する,熟語,pre1:1647;1:865,2
get on with,get on with,pre1,pre1;1,phrase,とうまくやっていく，スムーズに進める,とうまくやっていく，スムーズに進める,熟語,pre1:2889;1:652,2
get past,get past,pre1,pre1;1,phrase,のそばを通る，通り抜ける,のそばを通る，通り抜ける,熟語,pre1:112;1:2724,2
get wet to the skin,get wet to the skin,pre1,pre1;1,phrase,ずぶ濡れになる，びしょ濡れになる,ずぶ濡れになる，びしょ濡れになる,熟語,pre1:563;1:2514,2
giggle,giggle,pre1,pre1,word,くすくす笑う,くすくす笑う,動詞,pre1:1602,1
give away,give away,pre1,pre1;1,phrase,無償で配る，暴露する,無償で配る，暴露する,熟語,pre1:2950;1:1110,2
give in,give in,pre1,pre1;1,phrase,降伏する，投降する,降伏する，投降する,熟語,pre1:1732;1:417,2
give off,give off,pre1,pre1;1,phrase,を放つ，放出する,を放つ，放出する / を放つ，放出する，発散する,熟語,pre1:215;1:975,2
give over,give over,pre1,pre1;1,phrase,を任せる，委ねる,を任せる，委ねる,熟語,pre1:1914;1:818,2
give rise to,give rise to,pre1,pre1;1,phrase,を生じさせる，を引き起こす,を生じさせる，を引き起こす,熟語,pre1:2644;1:98,2
give way,give way,pre1,pre1;1,phrase,道を譲る，くじける,道を譲る，くじける,熟語,pre1:779;1:3546,2
glacier,glacier,pre1,pre1,word,氷河，ゆっくりと動く氷塊,氷河，ゆっくりと動く氷塊,名詞,pre1:1715,1
glare,glare,pre1,pre1,word,まぶしい光,まぶしい光,名詞,pre1:1597,1
glaze,glaze,pre1,pre1,word,上塗りする,上塗りする,動詞,pre1:2352,1
gleam,gleam,pre1,pre1;1,word,きらめき，薄明かり,きらめき，薄明かり / きらめく,名詞,pre1:698;1:2305,2
glide,glide,pre1,pre1;1,word,滑る,滑る,動詞,pre1:3168;1:3521,2
glimpse,glimpse,pre1,pre1,word,ひと目見ること,ひと目見ること,名詞,pre1:1166,1
glisten,glisten,pre1,pre1;1,word,きらめく，光る,きらめく，光る / 輝く，きらめく,動詞,pre1:2507;1:1991,2
gloomy,gloomy,pre1,pre1;1,word,憂鬱な，暗い,憂鬱な，暗い / 暗い,形容詞,pre1:592;1:2120,2
glorify,glorify,pre1,pre1,word,栄光をたたえる，賛美する,栄光をたたえる，賛美する,動詞,pre1:163,1
glorious,glorious,pre1,pre1,word,栄光のある，名誉ある,栄光のある，名誉ある,形容詞,pre1:790,1
glory,glory,pre1,pre1,word,栄光，名誉,栄光，名誉,名詞,pre1:408,1
glossary,glossary,pre1,pre1,word,用語集,用語集,名詞,pre1:2916,1
glossy,glossy,pre1,pre1;1,word,光沢のある，つやのある,光沢のある，つやのある / 光沢のある，つややかな,形容詞,pre1:2924;1:1588,2
glue,glue,pre1,pre1,word,接着剤,接着剤,名詞,pre1:129,1
go against,go against,pre1,pre1;1,phrase,に反して，に逆らって，反対に,に反して，に逆らって，反対に,熟語,pre1:1256;1:530,2
go astray,go astray,pre1,pre1;1,phrase,行方不明になる，堕落する,行方不明になる，堕落する,熟語,pre1:169;1:3766,2
go back on,go back on,pre1,pre1;1,phrase,を裏切る，約束を破る,を裏切る，約束を破る,熟語,pre1:2555;1:1226,2
go nuts,go nuts,pre1,pre1;1,phrase,気がふれる，怒り狂う,気がふれる，怒り狂う,熟語,pre1:432;1:2906,2
go over,go over,pre1,pre1;1,phrase,を繰り返す,を繰り返す / を繰り返す，再び行う,熟語,pre1:2680;1:1000,2
go under,go under,pre1,pre1;1,phrase,失敗する，破産する，失敗に終わる,失敗する，破産する，失敗に終わる,熟語,pre1:525;1:313,2
gorge,gorge,pre1,pre1;1,word,峡谷，谷間,峡谷，谷間 / 峡谷，渓谷,名詞,pre1:2396;1:1818,2
graceful,graceful,pre1,pre1;1,word,優雅な，上品な,優雅な，上品な / 優雅な，洗練された,形容詞,pre1:897;1:784,2
gracious,gracious,pre1,pre1,word,優雅な,優雅な,形容詞,pre1:1849,1
grain,grain,pre1,pre1;1,word,穀物，穀類,穀物，穀類,名詞,pre1:265;1:286,2
grammatical,grammatical,pre1,pre1,word,文法の,文法の,形容詞,pre1:1318,1
grandeur,grandeur,pre1,pre1,word,雄大さ，壮大さ,雄大さ，壮大さ,名詞,pre1:2689,1
grant A to B,grant a to b,pre1,pre1;1,phrase,BにAを供与する，BにAを提供する,BにAを供与する，BにAを提供する,熟語,pre1:1655;1:1815,2
grate,grate,pre1,pre1;1,word,格子，格子状,格子，格子状,名詞,pre1:3293;1:781,2
gratification,gratification,pre1,pre1,word,満足，喜び,満足，喜び,名詞,pre1:2778,1
gratify,gratify,pre1,pre1,word,を満足させる,を満足させる,動詞,pre1:1885,1
gratitude,gratitude,pre1,pre1,word,感謝，謝意,感謝，謝意,名詞,pre1:1429,1
gratuity,gratuity,pre1,pre1;1,word,心付け,心付け,名詞,pre1:3390;1:3289,2
gravel,gravel,pre1,pre1,word,砂利,砂利,名詞,pre1:2572,1
gravestone,gravestone,pre1,pre1,word,墓石,墓石,名詞,pre1:2445,1
graze,graze,pre1,pre1,word,軽く食べる,軽く食べる,動詞,pre1:1394,1
greed,greed,pre1,pre1,word,貪欲，強欲,貪欲，強欲,名詞,pre1:1616,1
greedy,greedy,pre1,pre1,word,貪欲な，欲張りの,貪欲な，欲張りの,形容詞,pre1:382,1
grief,grief,pre1,pre1,word,悲しみ，深い悲しみ,悲しみ，深い悲しみ,名詞,pre1:77,1
grieve,grieve,pre1,pre1,word,深く悲しむ，嘆く,深く悲しむ，嘆く,動詞,pre1:628,1
grim,grim,pre1,pre1;1,word,厳格な，険しい,厳格な，険しい / 険しい,形容詞,pre1:757;1:3879,2
grind,grind,pre1,pre1,word,をひく，細かく砕く,をひく，細かく砕く,動詞,pre1:515,1
groan,groan,pre1,pre1,word,うめき声，うなり声,うめき声，うなり声,名詞,pre1:795,1
groom,groom,pre1,pre1,word,新郎,新郎,名詞,pre1:3370,1
gross,gross,pre1,pre1;1,word,全体の，総体的な,全体の，総体的な,形容詞,pre1:51;1:375,2
grotesque,grotesque,pre1,pre1;1,word,怪奇な，異様な,怪奇な，異様な / 奇怪な，異様な,形容詞,pre1:2374;1:4263,2
grouchy,grouchy,pre1,pre1,word,不機嫌な,不機嫌な,形容詞,pre1:3054,1
grow into,grow into,pre1,pre1;1,phrase,に発展する，進展する,に発展する，進展する / に発展する，進行する，進展する,熟語,pre1:1520;1:580,2
grow out of,grow out of,pre1,pre1;1,phrase,から生じる，脱皮する,から生じる，脱皮する / から生じる，生まれる,熟語,pre1:2072;1:1444,2
growl,growl,pre1,pre1,word,うなり声,うなり声,動詞,pre1:1876,1
grumble,grumble,pre1,pre1,word,不平，不満,不平，不満,名詞,pre1:1948,1
grumpy,grumpy,pre1,pre1,word,気難しい,気難しい,形容詞,pre1:3052,1
guilt,guilt,pre1,pre1;1,word,罪悪感，有罪,罪悪感，有罪,名詞,pre1:378;1:69,2
gulf,gulf,pre1,pre1,word,湾,湾,名詞,pre1:3336,1
gulp,gulp,pre1,pre1,word,急いで飲み込む,急いで飲み込む,動詞,pre1:2118,1
gun for,gun for,pre1,pre1;1,phrase,を追い求める，必死になる,を追い求める，必死になる,熟語,pre1:1118;1:3236,2
gush,gush,pre1,pre1;1,word,吹き出る,吹き出る / 湧き出る,動詞,pre1:2220;1:2253,2
gust,gust,pre1,pre1;1,word,突風,突風 / 突風，突然の風,名詞,pre1:2596;1:1723,2
gutter,gutter,pre1,pre1;1,word,側溝，排水溝,側溝，排水溝,名詞,pre1:2535;1:411,2
habitat,habitat,pre1,pre1,word,生息地,生息地,名詞,pre1:1967,1
habitual,habitual,pre1,pre1,word,習慣的な，常習的な,習慣的な，常習的な,形容詞,pre1:1414,1
hail from,hail from,pre1,pre1;1,phrase,の出身である，(船が)から来る,の出身である，(船が)から来る,熟語,pre1:1131;1:3953,2
halfway,halfway,pre1,pre1,word,途中の，中間の,途中の，中間の,形容詞,pre1:285,1
halt,halt,pre1,pre1,word,立ち止まる，停止,立ち止まる，停止,動詞,pre1:879,1
halve,halve,pre1,pre1,word,2等分する，半分に分ける,2等分する，半分に分ける,動詞,pre1:1458,1
hand off,hand off,pre1,pre1;1,phrase,を渡す，手渡す,を渡す，手渡す / を渡す，手渡す，与える,熟語,pre1:2387;1:959,2
handful,handful,pre1,pre1,word,一握りの,一握りの,形容詞,pre1:401,1
hang around,hang around,pre1,pre1;1,phrase,うろつく，徘徊する,うろつく，徘徊する / うろつく，徘徊する，歩き回る,熟語,pre1:1221;1:976,2
hang on,hang on,pre1,pre1;1,phrase,しがみつく，頑張る,しがみつく，頑張る,熟語,pre1:6;1:1993,2
hang on to,hang on to,pre1,pre1;1,phrase,にしがみつく，執着する,にしがみつく，執着する,熟語,pre1:2005;1:114,2
hang out,hang out,pre1,pre1;1,phrase,くつろぐ，リラックスする,くつろぐ，リラックスする,熟語,pre1:2464;1:541,2
hangover,hangover,pre1,pre1,word,二日酔い,二日酔い,名詞,pre1:2234,1
hardy,hardy,pre1,pre1;1,word,丈夫な,丈夫な,形容詞,pre1:3083;1:2882,2
harmless,harmless,pre1,pre1,word,無害な,無害な,形容詞,pre1:912,1
harmonious,harmonious,pre1,pre1,word,調和のとれた,調和のとれた,形容詞,pre1:1479,1
haste,haste,pre1,pre1,word,急ぐ/急ぎ,急ぐ/急ぎ,名詞,pre1:332,1
hasten,hasten,pre1,pre1;1,word,急ぐ,急ぐ / 急がせる，焦らせる,動詞,pre1:479;1:1486,2
hasty,hasty,pre1,pre1;1,word,急ぐ，急ぎ足で,急ぐ，急ぎ足で,形容詞,pre1:467;1:265,2
hatch,hatch,pre1,pre1,word,ふ化する,ふ化する,動詞,pre1:1891,1
hatred,hatred,pre1,pre1,word,憎しみ，憎悪,憎しみ，憎悪,名詞,pre1:437,1
haul,haul,pre1,pre1,word,を運搬する，引っ張る,を運搬する，引っ張る,動詞,pre1:1701,1
haunt,haunt,pre1,pre1,word,にたびたび行く,にたびたび行く,動詞,pre1:1056,1
have a flat tire,have a flat tire,pre1,pre1;1,phrase,タイヤがパンクする，パンクしている,タイヤがパンクする，パンクしている,熟語,pre1:992;1:3338,2
have access to,have access to,pre1,pre1;1,phrase,を利用できる，を利用可能,を利用できる，を利用可能,熟語,pre1:2241;1:2179,2
have off,have off,pre1,pre1;1,phrase,取り外す，休暇を取る,取り外す，休暇を取る,熟語,pre1:731;1:3934,2
haven,haven,pre1,pre1,word,避難所,避難所,名詞,pre1:2531,1
hay,hay,pre1,pre1,word,干し草,干し草,名詞,pre1:753,1
hazard,hazard,pre1,pre1,word,危険,危険,名詞,pre1:1927,1
haze,haze,pre1,pre1,word,もや，かすみ,もや，かすみ,名詞,pre1:2809,1
head off,head off,pre1,pre1;1,phrase,を回避する，阻止する,を回避する，阻止する / を回避する，阻止する，避ける,熟語,pre1:1236;1:1622,2
head out,head out,pre1,pre1;1,phrase,出発する，去る,出発する，去る,熟語,pre1:2830;1:1118,2
head over heels,head over heels,pre1,pre1;1,phrase,真っ逆さまに，逆さまに,真っ逆さまに，逆さまに,熟語,pre1:1156;1:3325,2
heal,heal,pre1,pre1;1,word,癒す，治す,癒す，治す,動詞,pre1:330;1:390,2
heap,heap,pre1,pre1;1,word,かたまり,かたまり / 塊，山盛り,名詞,pre1:831;1:1881,2
hearth,hearth,pre1,pre1,word,囲炉裏,囲炉裏,名詞,pre1:1940,1
heath,heath,pre1,pre1;1,word,荒野，野原,荒野，野原,名詞,pre1:2707;1:468,2
hectic,hectic,pre1,pre1,word,興奮した,興奮した,形容詞,pre1:2763,1
hedge,hedge,pre1,pre1;1,word,垣根，障壁，障害物,垣根，障壁，障害物,名詞,pre1:486;1:343,2
heed,heed,pre1,pre1,word,注意する，気を付ける,注意する，気を付ける,動詞,pre1:1917,1
heir,heir,pre1,pre1,word,相続人，跡取り,相続人，跡取り,名詞,pre1:541,1
hence,hence,pre1,pre1,word,したがって，結果として,したがって，結果として,副詞,pre1:1263,1
herald,herald,pre1,pre1;1,word,報道者，使者,報道者，使者 / 使者，使い，代表者,名詞,pre1:2878;1:1801,2
herb,herb,pre1,pre1,word,薬草,薬草,名詞,pre1:1360,1
herd,herd,pre1,pre1;1,word,群れ，集団,群れ，集団,名詞,pre1:489;1:392,2
heredity,heredity,pre1,pre1,word,遺伝，相続,遺伝，相続,名詞,pre1:2567,1
heroic,heroic,pre1,pre1,word,英雄的な，勇ましい,英雄的な，勇ましい,形容詞,pre1:392,1
hibernate,hibernate,pre1,pre1,word,冬眠する,冬眠する,動詞,pre1:3307,1
hidden,hidden,pre1,pre1;1,word,隠された，隠秘の,隠された，隠秘の,形容詞,pre1:367;1:481,2
highness,highness,pre1,pre1,word,高度，殿下,高度，殿下,名詞,pre1:2519,1
hillside,hillside,pre1,pre1,word,山腹，斜面,山腹，斜面,名詞,pre1:466,1
hinder,hinder,pre1,pre1,word,妨げる,妨げる,動詞,pre1:3145,1
hinge,hinge,pre1,pre1,word,要点，蝶番,要点，蝶番,名詞,pre1:2011,1
hit the books,hit the books,pre1,pre1;1,phrase,猛勉強する，必死に勉強する,猛勉強する，必死に勉強する / 猛勉強する，必死に勉強する，一生懸命学ぶ,熟語,pre1:2772;1:1478,2
hitch,hitch,pre1,pre1,word,引っかける,引っかける,動詞,pre1:2152,1
hitherto,hitherto,pre1,pre1,word,従来，今まで,従来，今まで,副詞,pre1:2319,1
hold off,hold off,pre1,pre1,phrase,を寄せ付けない，引き離す,を寄せ付けない，引き離す,熟語,pre1:1114,1
hold over,hold over,pre1,pre1;1,phrase,を持ち越す，延期する,を持ち越す，延期する,熟語,pre1:1723;1:33,2
hold up,hold up,pre1,pre1;1,phrase,持ちこたえる，耐える,持ちこたえる，耐える,熟語,pre1:2134;1:184,2
holistic,holistic,pre1,pre1;1,word,全体論の，総体的な,全体論の，総体的な / 全体論的な，総体的な,形容詞,pre1:32;1:4271,2
hollow,hollow,pre1,pre1;1,word,くぼみ/空洞のある,くぼみ/空洞のある / 空洞のある，中が空の,名詞,pre1:365;1:625,2
holocaust,holocaust,pre1,pre1,word,大虐殺,大虐殺,名詞,pre1:2762,1
honorable,honorable,pre1,pre1,word,尊敬できる,尊敬できる,形容詞,pre1:601,1
horrible,horrible,pre1,pre1,word,恐ろしい,恐ろしい,形容詞,pre1:62,1
hostage,hostage,pre1,pre1,word,人質,人質,名詞,pre1:2314,1
hostile,hostile,pre1,pre1;1,word,敵意のある，反感を持つ，敵対視する,敵意のある，反感を持つ，敵対視する,形容詞,pre1:1022;1:266,2
hover,hover,pre1,pre1,word,空中停止する,空中停止する,動詞,pre1:2491,1
howl,howl,pre1,pre1,word,遠吠えする,遠吠えする,動詞,pre1:810,1
hug,hug,pre1,pre1,word,抱擁/を抱きしめる,抱擁/を抱きしめる,名詞,pre1:575,1
humane,humane,pre1,pre1,word,人道的な，人道に基づく,人道的な，人道に基づく,形容詞,pre1:2906,1
humiliate,humiliate,pre1,pre1,word,に恥をかかせる,に恥をかかせる,動詞,pre1:2346,1
hurdle,hurdle,pre1,pre1,word,課題，困難,課題，困難,名詞,pre1:3356,1
hydrogen,hydrogen,pre1,pre1,word,水素,水素,名詞,pre1:1870,1
hygiene,hygiene,pre1,pre1;1,word,衛生,衛生 / 衛生，清潔,名詞,pre1:2463;1:1131,2
hymn,hymn,pre1,pre1,word,賛美歌,賛美歌,名詞,pre1:1321,1
hypocrite,hypocrite,pre1,pre1;1,word,偽善者,偽善者 / 偽善者，偽善行為をする人,名詞,pre1:2637;1:1227,2
hypothesis,hypothesis,pre1,pre1;1,word,仮説，推論,仮説，推論 / 仮説，推測,名詞,pre1:1893;1:9,2
ideally,ideally,pre1,pre1,word,理想的には，申し分なく,理想的には，申し分なく,副詞,pre1:769,1
identification,identification,pre1,pre1,word,身分証明書，身元確認,身分証明書，身元確認,名詞,pre1:1007,1
identify A as B,identify a as b,pre1,pre1,phrase,AがBだと分かる，認識する,AがBだと分かる，認識する,熟語,pre1:1005,1
idiom,idiom,pre1,pre1,word,熟語,熟語,名詞,pre1:1286,1
idiot,idiot,pre1,pre1,word,馬鹿,馬鹿,名詞,pre1:916,1
idle,idle,pre1,pre1,word,停止状態,停止状態,形容詞,pre1:3297,1
idly,idly,pre1,pre1,word,何もしないで，怠けて,何もしないで，怠けて,副詞,pre1:2774,1
ignition,ignition,pre1,pre1,word,点火，発火,点火，発火,名詞,pre1:2181,1
ill at ease,ill at ease,pre1,pre1;1,phrase,落ち着かない，不安な,落ち着かない，不安な,形容詞,pre1:548;1:3548,2
illegitimate,illegitimate,pre1,pre1,word,違法の，非合法の,違法の，非合法の,形容詞,pre1:2787,1
illogical,illogical,pre1,pre1,word,非論理的な,非論理的な,形容詞,pre1:2813,1
illusion,illusion,pre1,pre1,word,幻覚，思い込み,幻覚，思い込み,名詞,pre1:542,1
imitation,imitation,pre1,pre1,word,模倣,模倣,名詞,pre1:595,1
immature,immature,pre1,pre1,word,未熟な，未成熟の,未熟な，未成熟の,形容詞,pre1:1223,1
immeasurable,immeasurable,pre1,pre1,word,計り知れない，無限の,計り知れない，無限の,形容詞,pre1:2700,1
immense,immense,pre1,pre1,word,巨大な，莫大な,巨大な，莫大な,形容詞,pre1:409,1
immensely,immensely,pre1,pre1,word,莫大に，広大に,莫大に，広大に,副詞,pre1:702,1
immerse,immerse,pre1,pre1,word,浸す，没入する,浸す，没入する,動詞,pre1:3375,1
immortal,immortal,pre1,pre1,word,不滅の，不死の,不滅の，不死の,形容詞,pre1:1272,1
impair,impair,pre1,pre1,word,を損なう，弱める,を損なう，弱める,動詞,pre1:2595,1
impatient,impatient,pre1,pre1,word,せっかちな，性急な,せっかちな，性急な,形容詞,pre1:870,1
impeach,impeach,pre1,pre1;1,word,を責める，弾劾する,を責める，弾劾する / 弾劾する，告発する,動詞,pre1:2634;1:1585,2
impede,impede,pre1,pre1;1,word,を妨げる,を妨げる / 妨げる，邪魔する,動詞,pre1:2974;1:4230,2
imperfect,imperfect,pre1,pre1;1,word,不完全な，未完成の,不完全な，未完成の / 不完全，未完成,形容詞,pre1:672;1:377,2
implicit,implicit,pre1,pre1,word,暗黙の,暗黙の,形容詞,pre1:3087,1
implore,implore,pre1,pre1;1,word,を懇願する,を懇願する / 懇願する，お願いする,動詞,pre1:1525;1:85,2
impolite,impolite,pre1,pre1,word,失礼な，無礼な,失礼な，無礼な,形容詞,pre1:942,1
impotent,impotent,pre1,pre1,word,無力な，無気力な,無力な，無気力な,形容詞,pre1:2824,1
impractical,impractical,pre1,pre1,word,非実用的な，実行不可能な,非実用的な，実行不可能な,形容詞,pre1:53,1
imprison,imprison,pre1,pre1,word,刑務所に入れる,刑務所に入れる,動詞,pre1:1390,1
imprisonment,imprisonment,pre1,pre1,word,投獄，監禁,投獄，監禁,名詞,pre1:1731,1
improper,improper,pre1,pre1,word,不適切な，誤った,不適切な，誤った,形容詞,pre1:1450,1
improved,improved,pre1,pre1,word,改善した,改善した,形容詞,pre1:2982,1
improvise,improvise,pre1,pre1;1,word,即興で作る,即興で作る / 即興で作る，その場で作り出す,動詞,pre1:2922;1:842,2
imprudent,imprudent,pre1,pre1,word,軽率な，無謀な,軽率な，無謀な,形容詞,pre1:2837,1
in a nutshell,in a nutshell,pre1,pre1;1,phrase,一言で言えば，極めて簡単に言えば,一言で言えば，極めて簡単に言えば,熟語,pre1:683;1:3520,2
in abundance,in abundance,pre1,pre1;1,phrase,大量に，豊富に,大量に，豊富に,熟語,pre1:934;1:3454,2
in all likelihood,in all likelihood,pre1,pre1;1,phrase,おそらく，ほぼ確実に,おそらく，ほぼ確実に,熟語,pre1:1090;1:3727,2
in anticipation of,in anticipation of,pre1,pre1;1,phrase,を予期して，見込んで,を予期して，見込んで,熟語,pre1:852;1:3088,2
in development,in development,pre1,pre1;1,phrase,開発中の，開発過程において,開発中の，開発過程において / 開発中の，進行中の，現在開発されている,熟語,pre1:2246;1:1516,2
in disguise,in disguise,pre1,pre1;1,phrase,変装した，～したふり,変装した，～したふり,熟語,pre1:848;1:2981,2
in excess,in excess,pre1,pre1;1,phrase,過度に，余分に,過度に，余分に / 過度に，余分に，過剰に,熟語,pre1:1807;1:1409,2
in line with,in line with,pre1,pre1;1,phrase,に従って，一致して，合致して,に従って，一致して，合致して,熟語,pre1:2577;1:506,2
in mind,in mind,pre1,pre1;1,phrase,頭に置いて，考慮して,頭に置いて，考慮して / 頭に置いて，考慮して，考えに入れる,熟語,pre1:2540;1:1573,2
in order,in order,pre1,pre1;1,phrase,順序通りに，整った,順序通りに，整った / 順序通りに，整った，順番通りに,熟語,pre1:1901;1:1338,2
in person,in person,pre1,pre1;1,phrase,直接に，対面で,直接に，対面で,熟語,pre1:1881;1:95,2
in place of,in place of,pre1,pre1;1,phrase,の代わりに，変わって,の代わりに，変わって,熟語,pre1:469;1:126,2
in pursuit of,in pursuit of,pre1,pre1;1,phrase,を追跡して，追いかけて,を追跡して，追いかけて,熟語,pre1:2243;1:654,2
in substance,in substance,pre1,pre1;1,phrase,実質上，実際には，事実上,実質上，実際には，事実上,熟語,pre1:120;1:3818,2
in the abstract,in the abstract,pre1,pre1;1,phrase,理論上は，理論的には,理論上は，理論的には,熟語,pre1:778;1:3223,2
in the concrete,in the concrete,pre1,pre1;1,phrase,具体的に，具体化すると,具体的に，具体化すると,熟語,pre1:304;1:3970,2
in the first place,in the first place,pre1,pre1;1,phrase,最初に，元々,最初に，元々,熟語,pre1:2090;1:2264,2
in the mood for,in the mood for,pre1,pre1;1,phrase,したい気分である，する気になっている,したい気分である，する気になっている,熟語,pre1:839;1:3068,2
in the red,in the red,pre1,pre1;1,phrase,赤字で，赤字経営で,赤字で，赤字経営で,熟語,pre1:123;1:3837,2
in the suburbs of,in the suburbs of,pre1,pre1;1,phrase,の郊外で，の近郊で,の郊外で，の近郊で,熟語,pre1:476;1:3668,2
in token of,in token of,pre1,pre1;1,phrase,の証拠に，のしるしとして,の証拠に，のしるしとして,熟語,pre1:652;1:3725,2
inadequate,inadequate,pre1,pre1;1,word,不十分な，不適切な,不十分な，不適切な,形容詞,pre1:1124;1:133,2
inborn,inborn,pre1,pre1,word,生まれつきの，先天的な,生まれつきの，先天的な,形容詞,pre1:2815,1
incentive,incentive,pre1,pre1,word,動機,動機,名詞,pre1:1729,1
inception,inception,pre1,pre1;1,word,始まり，発端,始まり，発端 / 始まり，開始,名詞,pre1:1168;1:1243,2
inclination,inclination,pre1,pre1,word,傾斜,傾斜,名詞,pre1:1424,1
incoherent,incoherent,pre1,pre1,word,一貫性のない,一貫性のない,形容詞,pre1:2497,1
inconceivable,inconceivable,pre1,pre1,word,想像もつかない，信じられない,想像もつかない，信じられない,形容詞,pre1:2440,1
incredibly,incredibly,pre1,pre1,word,信じられないほど,信じられないほど,副詞,pre1:2991,1
incur,incur,pre1,pre1,word,負う，招く,負う，招く,動詞,pre1:2766,1
indecent,indecent,pre1,pre1,word,わいせつな，みだらな,わいせつな，みだらな,形容詞,pre1:2570,1
indication,indication,pre1,pre1,word,指示，指し示すこと,指示，指し示すこと,名詞,pre1:1042,1
indicator,indicator,pre1,pre1,word,指示者,指示者,名詞,pre1:1666,1
inevitably,inevitably,pre1,pre1,word,必然的に,必然的に,副詞,pre1:931,1
inexplicable,inexplicable,pre1,pre1,word,不可解な，説明できない,不可解な，説明できない,形容詞,pre1:2635,1
infectious,infectious,pre1,pre1;1,word,伝染性の，感染する,伝染性の，感染する,形容詞,pre1:1037;1:187,2
infer,infer,pre1,pre1,word,を推論する，推量する,を推論する，推量する,動詞,pre1:2565,1
infinite,infinite,pre1,pre1,word,無限の，限りない,無限の，限りない,形容詞,pre1:1281,1
inflame,inflame,pre1,pre1;1,word,を興奮させる，燃え上がらせる,を興奮させる，燃え上がらせる / 燃え上がらせる，炎上させる,動詞,pre1:2978;1:873,2
inflammation,inflammation,pre1,pre1,word,炎症，発火,炎症，発火,名詞,pre1:2585,1
inflict,inflict,pre1,pre1,word,を与える，加える,を与える，加える,動詞,pre1:1427,1
inflict A on B,inflict a on b,pre1,pre1;1,phrase,BにAを与える，負わせる,BにAを与える，負わせる,熟語,pre1:890;1:2585,2
influential,influential,pre1,pre1,word,影響力のある，有力な,影響力のある，有力な,形容詞,pre1:846,1
influx,influx,pre1,pre1,word,流入,流入,名詞,pre1:2961,1
informal,informal,pre1,pre1,word,非公式な，略式の,非公式な，略式の,形容詞,pre1:29,1
infringe on,infringe on,pre1,pre1;1,phrase,侵害する，侵犯する,侵害する，侵犯する,熟語,pre1:309;1:2391,2
infuriate,infuriate,pre1,pre1,word,を激怒させる,を激怒させる,動詞,pre1:2626,1
infuse,infuse,pre1,pre1,word,注入する,注入する,動詞,pre1:2478,1
ingenuity,ingenuity,pre1,pre1,word,工夫，創意工夫,工夫，創意工夫,名詞,pre1:2403,1
inhabit,inhabit,pre1,pre1,word,に生息する，住む,に生息する，住む,動詞,pre1:816,1
inherent,inherent,pre1,pre1;1,word,本来の，固有の,本来の，固有の,形容詞,pre1:1530;1:82,2
inherit,inherit,pre1,pre1,word,を受け継ぐ，相続する,を受け継ぐ，相続する,動詞,pre1:277,1
inheritance,inheritance,pre1,pre1;1,word,継承，相続,継承，相続,名詞,pre1:1027;1:161,2
initiate,initiate,pre1,pre1;1,word,始める，開始する,始める，開始する,動詞,pre1:1367;1:92,2
inject,inject,pre1,pre1,word,注入する,注入する,動詞,pre1:3200,1
inmate,inmate,pre1,pre1;1,word,収容者，被収容者,収容者，被収容者,名詞,pre1:2940;1:381,2
innovative,innovative,pre1,pre1,word,革新的な,革新的な,形容詞,pre1:2997,1
inopportune,inopportune,pre1,pre1,word,間の悪い，都合の悪い,間の悪い，都合の悪い,形容詞,pre1:250,1
inquire,inquire,pre1,pre1,word,を問い合わせる，尋ねる,を問い合わせる，尋ねる,動詞,pre1:871,1
inquire after,inquire after,pre1,pre1;1,phrase,の安否を尋ねる，を見舞う,の安否を尋ねる，を見舞う,熟語,pre1:701;1:3446,2
insane,insane,pre1,pre1,word,正気でない，狂気の,正気でない，狂気の,形容詞,pre1:1725,1
insert,insert,pre1,pre1,word,を差し込む，挿入する,を差し込む，挿入する,動詞,pre1:1170,1
insincere,insincere,pre1,pre1,word,誠意のない，不誠実な,誠意のない，不誠実な,形容詞,pre1:2552,1
insistence,insistence,pre1,pre1;1,word,主張，信条，主義,主張，信条，主義,名詞,pre1:1024;1:333,2
insistent,insistent,pre1,pre1,word,しつこい,しつこい,形容詞,pre1:1426,1
inspect,inspect,pre1,pre1,word,検査する,検査する,動詞,pre1:3038,1
inspection,inspection,pre1,pre1,word,検査，点検,検査，点検,名詞,pre1:1141,1
inspiration,inspiration,pre1,pre1;1,word,ひらめき，思い付き,ひらめき，思い付き,名詞,pre1:697;1:294,2
instance,instance,pre1,pre1,word,衝動，例,衝動，例,名詞,pre1:218,1
instantaneous,instantaneous,pre1,pre1;1,word,即時の，瞬間の,即時の，瞬間の / 瞬時の,形容詞,pre1:2468;1:3979,2
instantly,instantly,pre1,pre1;1,word,すぐに，直ちに，即座に,すぐに，直ちに，即座に,副詞,pre1:496;1:531,2
instigate,instigate,pre1,pre1;1,word,扇動する,扇動する,動詞,pre1:3024;1:2143,2
instill,instill,pre1,pre1;1,word,注入する，打ち込む,注入する，打ち込む,動詞,pre1:3244;1:1269,2
institutional,institutional,pre1,pre1,word,制度の，制度上の,制度の，制度上の,形容詞,pre1:1164,1
instructional,instructional,pre1,pre1,word,教育の，指導的な,教育の，指導的な,形容詞,pre1:2987,1
insure,insure,pre1,pre1,word,を保証する,を保証する,動詞,pre1:635,1
intact,intact,pre1,pre1;1,word,そのままの，手をつけない,そのままの，手をつけない / そのままの,形容詞,pre1:1436;1:4011,2
intangible,intangible,pre1,pre1;1,word,触れられない,触れられない,形容詞,pre1:3220;1:3673,2
integrate A into B,integrate a into b,pre1,pre1;1,phrase,AをBに統合する，AをBに併合する,AをBに統合する，AをBに併合する / AをBに統合する，AをBに併合する，AをBに結合する,熟語,pre1:2571;1:1779,2
integrated,integrated,pre1,pre1,word,統合された,統合された,形容詞,pre1:2136,1
integration,integration,pre1,pre1,word,統合，結合,統合，結合,名詞,pre1:2328,1
integrity,integrity,pre1,pre1;1,word,誠実さ，誠意,誠実さ，誠意,名詞,pre1:2263;1:250,2
intellect,intellect,pre1,pre1,word,知性，知力,知性，知力,名詞,pre1:1294,1
intensity,intensity,pre1,pre1,word,強度，強烈さ,強度，強烈さ,名詞,pre1:952,1
intent,intent,pre1,pre1,word,意図，目的,意図，目的,名詞,pre1:15,1
interact,interact,pre1,pre1;1,word,相互作用する，互いに影響を与える,相互作用する，互いに影響を与える,動詞,pre1:2179;1:345,2
interaction,interaction,pre1,pre1,word,相互作用,相互作用,名詞,pre1:1949,1
interim,interim,pre1,pre1,word,暫定，中間,暫定，中間,名詞,pre1:2769,1
intermediate,intermediate,pre1,pre1,word,中間の,中間の,形容詞,pre1:1403,1
intermission,intermission,pre1,pre1,word,休止，休憩,休止，休憩,名詞,pre1:2603,1
interpreter,interpreter,pre1,pre1,word,解説者，通訳者,解説者，通訳者,名詞,pre1:449,1
interrogate,interrogate,pre1,pre1;1,word,を尋問する,を尋問する / 尋問する，質問攻めにする,動詞,pre1:2450;1:643,2
interruption,interruption,pre1,pre1,word,妨害，中断,妨害，中断,名詞,pre1:1287,1
interval,interval,pre1,pre1,word,間隔，合い間,間隔，合い間,名詞,pre1:73,1
intimacy,intimacy,pre1,pre1,word,親密さ，親交関係,親密さ，親交関係,名詞,pre1:246,1
intimidate,intimidate,pre1,pre1,word,をおびえさせる，脅す,をおびえさせる，脅す,動詞,pre1:2551,1
intricacy,intricacy,pre1,pre1,word,複雑さ,複雑さ,名詞,pre1:2892,1
intrigue,intrigue,pre1,pre1,word,陰謀,陰謀,名詞,pre1:2735,1
intrinsic,intrinsic,pre1,pre1;1,word,本質的な，基本的な,本質的な，基本的な,形容詞,pre1:2866;1:244,2
intruder,intruder,pre1,pre1,word,侵入者,侵入者,名詞,pre1:3324,1
intuitive,intuitive,pre1,pre1;1,word,直感的な,直感的な / 直感的な，直感力の,形容詞,pre1:2524;1:665,2
invasion,invasion,pre1,pre1,word,侵入，侵略,侵入，侵略,名詞,pre1:876,1
inventory,inventory,pre1,pre1,word,在庫,在庫,名詞,pre1:2373,1
invitation,invitation,pre1,pre1,word,招待，案内,招待，案内,名詞,pre1:114,1
iron out,iron out,pre1,pre1;1,phrase,解決する，しわを伸ばす,解決する，しわを伸ばす,熟語,pre1:747;1:2548,2
ironic,ironic,pre1,pre1,word,皮肉な,皮肉な,形容詞,pre1:2281,1
ironically,ironically,pre1,pre1;1,word,皮肉なことに，逆説的に,皮肉なことに，逆説的に,副詞,pre1:2999;1:185,2
irony,irony,pre1,pre1,word,皮肉,皮肉,名詞,pre1:620,1
irrational,irrational,pre1,pre1,word,理性のない,理性のない,形容詞,pre1:2075,1
irrelevance,irrelevance,pre1,pre1,word,無関係，見当違い,無関係，見当違い,名詞,pre1:2656,1
irresistible,irresistible,pre1,pre1;1,word,抵抗できない，抑えられない,抵抗できない，抑えられない / 抵抗できない，無力な,形容詞,pre1:2493;1:1260,2
irresponsible,irresponsible,pre1,pre1,word,責任を負えない，無責任な,責任を負えない，無責任な,形容詞,pre1:1091,1
irrigate,irrigate,pre1,pre1,word,を灌漑する，水を引く,を灌漑する，水を引く,動詞,pre1:2836,1
irritating,irritating,pre1,pre1,word,腹立たしい,腹立たしい,形容詞,pre1:1379,1
issue A to B,issue a to b,pre1,pre1;1,phrase,AをBに支給する，発行する,AをBに支給する，発行する / AをBに支給する，AをBに発行する,熟語,pre1:428;1:3716,2
itch,itch,pre1,pre1,word,かゆみ，そう痒,かゆみ，そう痒,名詞,pre1:1824,1
itinerary,itinerary,pre1,pre1;1,word,旅程,旅程,名詞,pre1:3118;1:2486,2
ivory,ivory,pre1,pre1;1,word,象牙，象牙質の,象牙，象牙質の,名詞,pre1:749;1:200,2
jack up,jack up,pre1,pre1;1,phrase,吊り上げる，ジャッキで上げる,吊り上げる，ジャッキで上げる,熟語,pre1:1011;1:2811,2
janitor,janitor,pre1,pre1;1,word,用務員，建物のメンテナンス等を担当する人,用務員，建物のメンテナンス等を担当する人,名詞,pre1:2539;1:1654,2
jealous,jealous,pre1,pre1,word,うらやましい，嫉妬している,うらやましい，嫉妬している,形容詞,pre1:116,1
jerk,jerk,pre1,pre1,word,急な動き,急な動き,名詞,pre1:1045,1
jest,jest,pre1,pre1,word,冗談,冗談,名詞,pre1:2710,1
jolly,jolly,pre1,pre1,word,陽気な，愉快な,陽気な，愉快な,形容詞,pre1:1357,1
jot,jot,pre1,pre1,word,わずか，微量,わずか，微量,名詞,pre1:2546,1
jovial,jovial,pre1,pre1;1,word,陽気な,陽気な,形容詞,pre1:3156;1:3010,2
judicial,judicial,pre1,pre1,word,司法の，裁判の,司法の，裁判の,形容詞,pre1:2055,1
judicious,judicious,pre1,pre1;1,word,賢明な,賢明な,形容詞,pre1:3064;1:2797,2
jumble,jumble,pre1,pre1;1,word,乱雑にする，乱す,乱雑にする，乱す,動詞,pre1:3164;1:893,2
jump at,jump at,pre1,pre1;1,phrase,に飛びつく，すぐに受け入れる,に飛びつく，すぐに受け入れる,熟語,pre1:2801;1:191,2
jurisdiction,jurisdiction,pre1,pre1,word,司法権，裁判権,司法権，裁判権,名詞,pre1:2169,1
just around the corner,just around the corner,pre1,pre1;1,phrase,目前に来ている，間近である,目前に来ている，間近である / 目前に来ている，すぐ近く,熟語,pre1:1623;1:1299,2
juvenile,juvenile,pre1,pre1;1,word,少年の,少年の,形容詞,pre1:2338;1:4022,2
keep A away from B,keep a away from b,pre1,pre1;1,phrase,AをBから遠ざける,AをBから遠ざける,熟語,pre1:1932;1:2100,2
keep A out of B,keep a out of b,pre1,pre1;1,phrase,AをBに入れない，AをBに含めない,AをBに入れない，AをBに含めない,熟語,pre1:2339;1:1354,2
keep at,keep at,pre1,pre1;1,phrase,を根気よく続ける，継続する,を根気よく続ける，継続する,熟語,pre1:230;1:3107,2
keep down,keep down,pre1,pre1;1,phrase,身を低くする，大きな声を出さずにいる,身を低くする，大きな声を出さずにいる,熟語,pre1:885;1:2702,2
keep up on,keep up on,pre1,pre1;1,phrase,の最新状況を把握する，追いつく,の最新状況を把握する，追いつく,熟語,pre1:2249;1:151,2
kernel,kernel,pre1,pre1,word,核心,核心,名詞,pre1:1912,1
kettle,kettle,pre1,pre1;1,word,やかん，湯沸かし,やかん，湯沸かし / やかん,名詞,pre1:78;1:1953,2
kick around,kick around,pre1,pre1;1,phrase,粗末に扱う，酷使する,粗末に扱う，酷使する,熟語,pre1:2279;1:2111,2
kick off,kick off,pre1,pre1;1,phrase,始める，追い払う,始める，追い払う / 始める，追い払う，開始する,熟語,pre1:1591;1:1648,2
kidnap,kidnap,pre1,pre1,word,を誘拐する,を誘拐する,動詞,pre1:360,1
kidney,kidney,pre1,pre1,word,腎臓,腎臓,名詞,pre1:2873,1
kin,kin,pre1,pre1,word,親族，親類,親族，親類,名詞,pre1:1488,1
kingdom,kingdom,pre1,pre1,word,王国,王国,名詞,pre1:139,1
kinship,kinship,pre1,pre1;1,word,親族，家族,親族，家族,名詞,pre1:3104;1:1236,2
kneel,kneel,pre1,pre1,word,に膝まづく，ひざをつく,に膝まづく，ひざをつく,動詞,pre1:534,1
knock down,knock down,pre1,pre1,phrase,を取り壊す，打ち倒す,を取り壊す，打ち倒す,熟語,pre1:89,1
labyrinth,labyrinth,pre1,pre1;1,word,迷宮，迷路,迷宮，迷路,名詞,pre1:1203;1:1830,2
lad,lad,pre1,pre1,word,若者，少年,若者，少年,名詞,pre1:1241,1
ladder,ladder,pre1,pre1,word,はしご，踏み台,はしご，踏み台,名詞,pre1:201,1
lame,lame,pre1,pre1,word,不十分な,不十分な,形容詞,pre1:729,1
lament,lament,pre1,pre1;1,word,を嘆く，嘆き悲しむ,を嘆く，嘆き悲しむ / 嘆く，悲しむ,動詞,pre1:1694;1:4123,2
land A with B,land a with b,pre1,pre1;1,phrase,AにBを引き受けさせる，AにBをやらせる,AにBを引き受けさせる，AにBをやらせる / AにBを引き受けさせる,熟語,pre1:423;1:3184,2
landlord,landlord,pre1,pre1,word,家主,家主,名詞,pre1:1838,1
lapse,lapse,pre1,pre1,word,間違い,間違い,名詞,pre1:1759,1
lark,lark,pre1,pre1,word,戯れ,戯れ,名詞,pre1:762,1
lasting,lasting,pre1,pre1,word,永続的な，長持ちする,永続的な，長持ちする,形容詞,pre1:1415,1
latitude,latitude,pre1,pre1;1,word,緯度，緯線,緯度，緯線,名詞,pre1:1721;1:317,2
lavatory,lavatory,pre1,pre1,word,洗面所,洗面所,名詞,pre1:1839,1
law enforcement,law enforcement,pre1,pre1;1,phrase,法の執行,法の執行 / 法の執行，法の適用，法の施行,名詞,pre1:2482;1:1020,2
lawsuit,lawsuit,pre1,pre1,word,訴訟,訴訟,名詞,pre1:1976,1
lay down,lay down,pre1,pre1;1,phrase,を横たえる，倒す,を横たえる，倒す,熟語,pre1:965;1:3606,2
lay off,lay off,pre1,pre1;1,phrase,を解雇する，首にする,を解雇する，首にする,熟語,pre1:96;1:564,2
layman,layman,pre1,pre1,word,俗人,俗人,名詞,pre1:2591,1
layoff,layoff,pre1,pre1,word,一時解雇,一時解雇,名詞,pre1:2784,1
leap in,leap in,pre1,pre1,phrase,飛び込む，急上昇,飛び込む，急上昇,熟語,pre1:63,1
least of all,least of all,pre1,pre1;1,phrase,とりわけ，最も～ない,とりわけ，最も～ない,副詞,pre1:565;1:2642,2
leave off,leave off,pre1,pre1;1,phrase,脱いだままでいる，着ずにいる,脱いだままでいる，着ずにいる / 脱いだままでいる，着ずにいる，脱衣したまま，着るのをやめる,熟語,pre1:1964;1:1891,2
legacy,legacy,pre1,pre1,word,遺産,遺産,名詞,pre1:1984,1
legally,legally,pre1,pre1,word,合法的に，法律上,合法的に，法律上,副詞,pre1:730,1
legible,legible,pre1,pre1;1,word,読みやすい,読みやすい,形容詞,pre1:2976;1:2773,2
legislative,legislative,pre1,pre1,word,立法上の,立法上の,形容詞,pre1:1854,1
legislator,legislator,pre1,pre1,word,議員,議員,名詞,pre1:2944,1
legislature,legislature,pre1,pre1,word,立法府,立法府,名詞,pre1:2383,1
legitimacy,legitimacy,pre1,pre1,word,合法，正当性,合法，正当性,名詞,pre1:2679,1
legitimate,legitimate,pre1,pre1,word,正当な,正当な,形容詞,pre1:1768,1
lengthen,lengthen,pre1,pre1,word,を長くする,を長くする,動詞,pre1:1936,1
lengthy,lengthy,pre1,pre1,word,長い,長い,形容詞,pre1:2794,1
lest,lest,pre1,pre1,word,しないように,しないように,接続詞,pre1:1387,1
let A go,let a go,pre1,pre1;1,phrase,Aを解雇する，自由にする,Aを解雇する，自由にする,熟語,pre1:2849;1:1831,2
let on,let on,pre1,pre1;1,phrase,漏らす，白状する,漏らす，白状する,熟語,pre1:572;1:2900,2
let out,let out,pre1,pre1;1,phrase,外に出す，解放する,外に出す，解放する,熟語,pre1:1897;1:2023,2
let up,let up,pre1,pre1;1,phrase,やめる，弱まる，止む,やめる，弱まる，止む,熟語,pre1:1516;1:521,2
lethal,lethal,pre1,pre1,word,致命的な,致命的な,形容詞,pre1:2789,1
level off,level off,pre1,pre1;1,phrase,平らにする，水平にする,平らにする，水平にする,熟語,pre1:2740;1:108,2
liability,liability,pre1,pre1;1,word,責任，責務，義務,責任，責務，義務 / 責任，責務,名詞,pre1:1678;1:492,2
librarian,librarian,pre1,pre1,word,図書館員,図書館員,名詞,pre1:1213,1
lick,lick,pre1,pre1,word,をなめる，をなめてかかる,をなめる，をなめてかかる,動詞,pre1:622,1
lie on,lie on,pre1,pre1;1,phrase,責任がある，のしかかる，横になる,責任がある，のしかかる，横になる,熟語,pre1:315;1:2376,2
lieutenant,lieutenant,pre1,pre1,word,副官,副官,名詞,pre1:1454,1
life expectancy,life expectancy,pre1,pre1;1,phrase,余命，残りの寿命,余命，残りの寿命 / 余命，生命の期間,名詞,pre1:814;1:553,2
lifelike,lifelike,pre1,pre1,word,生きてるような，生き写しの,生きてるような，生き写しの,形容詞,pre1:2424,1
lift off,lift off,pre1,pre1;1,phrase,離陸する，飛び立つ,離陸する，飛び立つ,熟語,pre1:1328;1:1058,2
light bulb,light bulb,pre1,pre1;1,phrase,電球，蛍光灯,電球，蛍光灯 / 電球，光球，蛍光灯,名詞,pre1:2276;1:581,2
lighthearted,lighthearted,pre1,pre1,word,気軽な，気楽な,気軽な，気楽な,形容詞,pre1:2665,1
likelihood,likelihood,pre1,pre1,word,可能性，見込み,可能性，見込み,名詞,pre1:2114,1
likewise,likewise,pre1,pre1,word,同様に,同様に,副詞,pre1:645,1
limp,limp,pre1,pre1,word,のろのろ進む,のろのろ進む,動詞,pre1:1491,1
liner,liner,pre1,pre1,word,定期船,定期船,名詞,pre1:1030,1
linguistic,linguistic,pre1,pre1;1,word,言語学の，言語の,言語学の，言語の / 言語学，語学,形容詞,pre1:1812;1:315,2
linguistics,linguistics,pre1,pre1,word,言語学,言語学,名詞,pre1:2619,1
lipstick,lipstick,pre1,pre1,word,口紅,口紅,名詞,pre1:462,1
live up to,live up to,pre1,pre1;1,phrase,に従って動く，期待に応える,に従って動く，期待に応える,熟語,pre1:1283;1:1816,2
liver,liver,pre1,pre1;1,word,肝臓，肝,肝臓，肝,名詞,pre1:492;1:270,2
localize,localize,pre1,pre1,word,地方化する,地方化する,動詞,pre1:2854,1
lock in,lock in,pre1,pre1;1,phrase,を閉じ込める，密封するように閉じる,を閉じ込める，密封するように閉じる / を閉じ込める，隔離する,熟語,pre1:2642;1:1145,2
lock up,lock up,pre1,pre1;1,phrase,刑務所，留置所,刑務所，留置所,名詞,pre1:1968;1:2001,2
lodging,lodging,pre1,pre1,word,宿泊,宿泊,名詞,pre1:1421,1
longevity,longevity,pre1,pre1,word,寿命，長寿,寿命，長寿,名詞,pre1:2639,1
look to,look to,pre1,pre1;1,phrase,を頼りにする，信頼する,を頼りにする，信頼する / を頼りにする，信頼する，頼りにする,熟語,pre1:1262;1:964,2
loophole,loophole,pre1,pre1;1,word,抜け穴、例外や逃げ道,抜け穴、例外や逃げ道 / 抜け穴，例外や逃げ道,名詞,pre1:3001;1:1638,2
loosen,loosen,pre1,pre1,word,を緩める,を緩める,動詞,pre1:1242,1
lose out to,lose out to,pre1,pre1;1,phrase,に負ける，で死ぬ,に負ける，で死ぬ / に負ける，敗れる,熟語,pre1:1343;1:808,2
low frequency,low frequency,pre1,pre1;1,phrase,低周波，低頻度,低周波，低頻度,名詞,pre1:1499;1:130,2
loyal,loyal,pre1,pre1,word,忠実な，信念の厳格な,忠実な，信念の厳格な,形容詞,pre1:261,1
loyalty,loyalty,pre1,pre1;1,word,忠誠，誠実,忠誠，誠実,名詞,pre1:14;1:157,2
lucrative,lucrative,pre1,pre1,word,利益が上がる，儲かる,利益が上がる，儲かる,形容詞,pre1:2812,1
luggage,luggage,pre1,pre1,word,荷物，手荷物,荷物，手荷物,名詞,pre1:76,1
lukewarm,lukewarm,pre1,pre1,word,なまぬるい，微温の,なまぬるい，微温の,形容詞,pre1:2676,1
lumber,lumber,pre1,pre1,word,木材,木材,名詞,pre1:1021,1
luminous,luminous,pre1,pre1,word,光っている，輝く,光っている，輝く,形容詞,pre1:2205,1
lunar,lunar,pre1,pre1,word,月の,月の,形容詞,pre1:2025,1
lure,lure,pre1,pre1,word,疑似餌,疑似餌,名詞,pre1:1988,1
lurk,lurk,pre1,pre1;1,word,待ち伏せる,待ち伏せる / 潜む,動詞,pre1:2184;1:3420,2
lust,lust,pre1,pre1,word,切望，渇望,切望，渇望,名詞,pre1:2242,1
lyric,lyric,pre1,pre1,word,歌詞/叙情的な,歌詞/叙情的な,名詞,pre1:2282,1
madden,madden,pre1,pre1,word,を発狂させる，激怒させる,を発狂させる，激怒させる,動詞,pre1:2674,1
magnify,magnify,pre1,pre1;1,word,拡大する，増大する,拡大する，増大する,動詞,pre1:3043;1:750,2
magnitude,magnitude,pre1,pre1;1,word,大きさ，規模,大きさ，規模,名詞,pre1:1489;1:167,2
maiden,maiden,pre1,pre1;1,word,未婚の,未婚の / 乙女,名詞,pre1:1313;1:4000,2
majesty,majesty,pre1,pre1,word,威厳,威厳,名詞,pre1:537,1
make a fuss,make a fuss,pre1,pre1;1,phrase,大騒ぎする，騒ぎ立てる,大騒ぎする，騒ぎ立てる,熟語,pre1:571;1:3212,2
make allowance for,make allowance for,pre1,pre1;1,phrase,を大目に見る，を考慮に入れる,を大目に見る，を考慮に入れる,熟語,pre1:485;1:2646,2
make ends meet,make ends meet,pre1,pre1;1,phrase,収支を合わせる，つじつまを合わせる,収支を合わせる，つじつまを合わせる,熟語,pre1:2267;1:53,2
make haste,make haste,pre1,pre1;1,phrase,急ぐ，手早くする,急ぐ，手早くする,熟語,pre1:395;1:2978,2
make it,make it,pre1,pre1;1,phrase,やり遂げる，たどり着く,やり遂げる，たどり着く / やり遂げる，たどり着く，成し遂げる,熟語,pre1:1640;1:1536,2
make out,make out,pre1,pre1;1,phrase,理解する，うまくやる,理解する，うまくやる,熟語,pre1:1364;1:2367,2
make over,make over,pre1,pre1;1,phrase,を作り替える，を改装する,を作り替える，を改装する / を作り替える，改造する,熟語,pre1:2173;1:823,2
makeup,makeup,pre1,pre1,word,化粧,化粧,名詞,pre1:764,1
malice,malice,pre1,pre1;1,word,悪意，敵意,悪意，敵意 / 悪意，恨み,名詞,pre1:1890;1:4134,2
malicious,malicious,pre1,pre1;1,word,悪意のある，意地の悪い,悪意のある，意地の悪い / 悪意のある，敵意を持つ,形容詞,pre1:2488;1:1578,2
mandate,mandate,pre1,pre1,word,権限，指令,権限，指令,名詞,pre1:2948,1
manipulation,manipulation,pre1,pre1,word,巧妙な扱い，操作,巧妙な扱い，操作,名詞,pre1:2761,1
manly,manly,pre1,pre1,word,男らしい,男らしい,形容詞,pre1:1418,1
manuscript,manuscript,pre1,pre1,word,原稿,原稿,名詞,pre1:1225,1
map out,map out,pre1,pre1;1,phrase,綿密に計画する，詳細に計画する，地図に精密に示す,綿密に計画する，詳細に計画する，地図に精密に示す / 綿密に計画する，地図に精密に示す,熟語,pre1:19;1:3164,2
marble,marble,pre1,pre1,word,大理石，大理石模様,大理石，大理石模様,名詞,pre1:117,1
margin,margin,pre1,pre1,word,余白，へり,余白，へり,名詞,pre1:468,1
marsh,marsh,pre1,pre1,word,沼地，湿地,沼地，湿地,名詞,pre1:1888,1
marshal,marshal,pre1,pre1,word,元帥,元帥,名詞,pre1:1773,1
marvel,marvel,pre1,pre1,word,驚異，驚き,驚異，驚き,名詞,pre1:1216,1
marvelous,marvelous,pre1,pre1,word,素晴らしい,素晴らしい,形容詞,pre1:456,1
massacre,massacre,pre1,pre1,word,皆殺し，大虐殺,皆殺し，大虐殺,名詞,pre1:2808,1
match A with B,match a with b,pre1,pre1;1,phrase,AをBと適合させる,AをBと適合させる / AをBと適合させる，AをBに合わせる,熟語,pre1:2820;1:1898,2
maternal,maternal,pre1,pre1,word,母の,母の,形容詞,pre1:2843,1
maternity,maternity,pre1,pre1,word,妊娠,妊娠,名詞,pre1:3018,1
matrix,matrix,pre1,pre1,word,母体，原盤,母体，原盤,名詞,pre1:2527,1
maze,maze,pre1,pre1,word,迷路,迷路,名詞,pre1:2321,1
meadow,meadow,pre1,pre1,word,牧草地，草原,牧草地，草原,名詞,pre1:105,1
meager,meager,pre1,pre1;1,word,貧弱な,貧弱な,形容詞,pre1:2754;1:2162,2
meantime,meantime,pre1,pre1,word,合間に，その間に,合間に，その間に,名詞/副詞,pre1:52,1
measurement,measurement,pre1,pre1;1,word,測定，計測,測定，計測,名詞,pre1:296;1:378,2
median,median,pre1,pre1;1,word,中央値,中央値 / 中央の，中心的な,名詞,pre1:2791;1:1087,2
mediator,mediator,pre1,pre1,word,調停者，仲裁者,調停者，仲裁者,名詞,pre1:1920,1
medication,medication,pre1,pre1,word,投薬，薬剤,投薬，薬剤,名詞,pre1:2225,1
mediocre,mediocre,pre1,pre1;1,word,平凡な，月並みの,平凡な，月並みの / 平凡な，普通の,形容詞,pre1:2890;1:871,2
meditate,meditate,pre1,pre1,word,瞑想する，熟考する,瞑想する，熟考する,動詞,pre1:1680,1
meek,meek,pre1,pre1;1,word,おとなしい，温和な,おとなしい，温和な / おとなしい,形容詞,pre1:2782;1:3940,2
melancholy,melancholy,pre1,pre1;1,word,憂うつ，哀愁,憂うつ，哀愁 / 憂鬱,名詞,pre1:1617;1:3765,2
mellow,mellow,pre1,pre1,word,豊潤な，熟した,豊潤な，熟した,形容詞,pre1:1061,1
memento,memento,pre1,pre1;1,word,記念品,記念品,名詞,pre1:3278;1:3757,2
menace,menace,pre1,pre1,word,脅威,脅威,名詞,pre1:1744,1
mend,mend,pre1,pre1;1,word,を直す，修繕する,を直す，修繕する / 繕う，修理する,動詞,pre1:38;1:1600,2
mentor,mentor,pre1,pre1;1,word,指導者，リーダー,指導者，リーダー,名詞,pre1:2951;1:428,2
merchandise,merchandise,pre1,pre1,word,商品,商品,名詞,pre1:1544,1
merciful,merciful,pre1,pre1,word,慈悲深い,慈悲深い,形容詞,pre1:1667,1
mercury,mercury,pre1,pre1,word,水星，水星の,水星，水星の,名詞,pre1:1830,1
mercy,mercy,pre1,pre1,word,慈悲，あわれみ,慈悲，あわれみ,名詞,pre1:307,1
merge,merge,pre1,pre1,word,合併する，合体する,合併する，合体する,動詞,pre1:2350,1
merger,merger,pre1,pre1,word,合併,合併,名詞,pre1:2757,1
merrily,merrily,pre1,pre1,word,陽気に，楽しそうに,陽気に，楽しそうに,副詞,pre1:463,1
messy,messy,pre1,pre1,word,乱雑な,乱雑な,形容詞,pre1:1775,1
metaphor,metaphor,pre1,pre1,word,比喩，隠喩,比喩，隠喩,名詞,pre1:940,1
metro,metro,pre1,pre1,word,地下鉄,地下鉄,名詞,pre1:2490,1
microscope,microscope,pre1,pre1;1,word,顕微鏡,顕微鏡 / 顕微鏡，測微鏡,名詞,pre1:957;1:251,2
microwave,microwave,pre1,pre1,word,電子レンジ,電子レンジ,名詞,pre1:671,1
midday,midday,pre1,pre1;1,word,真昼，正午,真昼，正午 / 正午，真昼,名詞,pre1:850;1:1126,2
midst,midst,pre1,pre1,word,真ん中，中央,真ん中，中央,名詞,pre1:1238,1
midweek,midweek,pre1,pre1,word,週半ば,週半ば,名詞,pre1:2670,1
mighty,mighty,pre1,pre1,word,強力な，精力のある,強力な，精力のある,形容詞,pre1:399,1
migration,migration,pre1,pre1,word,移住,移住,名詞,pre1:2069,1
militant,militant,pre1,pre1,word,好戦的な，攻撃的な,好戦的な，攻撃的な,形容詞,pre1:2438,1
miltary service,miltary service,pre1,pre1;1,phrase,兵役，徴兵,兵役，徴兵 / 兵役，兵役の義務,名詞,pre1:2919;1:1280,2
mimic,mimic,pre1,pre1,word,を模倣する，真似る,を模倣する，真似る,動詞,pre1:2752,1
mingle,mingle,pre1,pre1,word,を混ぜる，一緒にする,を混ぜる，一緒にする,動詞,pre1:1409,1
mingle with,mingle with,pre1,pre1;1,phrase,と混ざる，交じる,と混ざる，交じる,熟語,pre1:767;1:3330,2
minute,minute,pre1,pre1,word,分，議事録,分，議事録,名詞,pre1:3068,1
miscellaneous,miscellaneous,pre1,pre1;1,word,雑多な,雑多な,形容詞,pre1:3135;1:2892,2
mischief,mischief,pre1,pre1;1,word,いたずら,いたずら,名詞,pre1:881;1:2558,2
miser,miser,pre1,pre1,word,守銭奴，欲張り,守銭奴，欲張り,名詞,pre1:2399,1
miserable,miserable,pre1,pre1,word,悲惨な，みじめな,悲惨な，みじめな,形容詞,pre1:373,1
miserly,miserly,pre1,pre1,word,しみったれた，欲深い,しみったれた，欲深い,形容詞,pre1:220,1
misfortune,misfortune,pre1,pre1;1,word,不幸，災厄,不幸，災厄,名詞,pre1:695;1:107,2
mislead,mislead,pre1,pre1,word,迷わせる,迷わせる,動詞,pre1:1266,1
miss out,miss out,pre1,pre1;1,phrase,機会を逃す，見落とす，見過ごす,機会を逃す，見落とす，見過ごす,熟語,pre1:901;1:476,2
missionary,missionary,pre1,pre1,word,宣教師，使節,宣教師，使節,名詞,pre1:1977,1
moan,moan,pre1,pre1,word,うめき声,うめき声,名詞,pre1:728,1
mobilize,mobilize,pre1,pre1,word,動員する,動員する,動詞,pre1:2586,1
mock,mock,pre1,pre1,word,をあざ笑う，ばかにする,をあざ笑う，ばかにする,動詞,pre1:1004,1
mockingly,mockingly,pre1,pre1,word,あざけるように，からかって,あざけるように，からかって,副詞,pre1:247,1
moderate,moderate,pre1,pre1;1,word,適度な，適切な，ほどよい,適度な，適切な，ほどよい,形容詞,pre1:670;1:340,2
moderately,moderately,pre1,pre1;1,word,適度に，適切に,適度に，適切に,副詞,pre1:1356;1:164,2
mold,mold,pre1,pre1;1,word,鋳型，型造り/型どる,鋳型，型造り/型どる / 鋳型，型作り/型どる,動詞,pre1:1307;1:329,2
momentum,momentum,pre1,pre1;1,word,運動量，運動エネルギー,運動量，運動エネルギー,名詞,pre1:2361;1:443,2
monarch,monarch,pre1,pre1;1,word,君主，王,君主，王,名詞,pre1:829;1:487,2
monarchy,monarchy,pre1,pre1,word,君主制,君主制,名詞,pre1:1615,1
monastery,monastery,pre1,pre1,word,修道院,修道院,名詞,pre1:235,1
monopolize,monopolize,pre1,pre1,word,を独占する,を独占する,動詞,pre1:2452,1
monopoly,monopoly,pre1,pre1,word,独占，専売,独占，専売,名詞,pre1:1104,1
monotony,monotony,pre1,pre1,word,単調，一本調子,単調，一本調子,名詞,pre1:2618,1
monument,monument,pre1,pre1,word,記念碑,記念碑,名詞,pre1:430,1
moor,moor,pre1,pre1,word,つなぐ,つなぐ,動詞,pre1:2508,1
morale,morale,pre1,pre1,word,士気，風紀,士気，風紀,名詞,pre1:2560,1
mortal,mortal,pre1,pre1,word,死を伴う,死を伴う,形容詞,pre1:1029,1
mortality,mortality,pre1,pre1;1,word,死亡者数，死亡率,死亡者数，死亡率,名詞,pre1:1711;1:216,2
mother-in-law,mother-in-law,pre1,pre1;1,word,義理の母，義母,義理の母，義母,名詞,pre1:2002;1:120,2
mourn,mourn,pre1,pre1,word,を悲しむ，嘆く,を悲しむ，嘆く,動詞,pre1:545,1
moustache,moustache,pre1,pre1,word,口ひげ,口ひげ,名詞,pre1:258,1
mow,mow,pre1,pre1,word,を刈る,を刈る,動詞,pre1:2106,1
muddy,muddy,pre1,pre1,word,泥の，泥まみれの,泥の，泥まみれの,形容詞,pre1:1285,1
multiply,multiply,pre1,pre1;1,word,掛け算する，乗算する,掛け算する，乗算する,動詞,pre1:394;1:243,2
multitude,multitude,pre1,pre1;1,word,大勢，多く,大勢，多く,名詞,pre1:1020;1:117,2
mumble,mumble,pre1,pre1,word,つぶやく,つぶやく,動詞,pre1:3149,1
mundane,mundane,pre1,pre1;1,word,平凡な，普通の,平凡な，普通の,形容詞,pre1:3088;1:305,2
municipal,municipal,pre1,pre1,word,市政の，地方自治の,市政の，地方自治の,形容詞,pre1:1795,1
mural,mural,pre1,pre1;1,word,壁画，天井画,壁画，天井画 / 壁の,名詞,pre1:3311;1:1979,2
murderer,murderer,pre1,pre1,word,殺人者,殺人者,名詞,pre1:1315,1
murmur,murmur,pre1,pre1;1,word,つぶやく,つぶやく / ささやき,動詞,pre1:872;1:2684,2
muscular,muscular,pre1,pre1,word,筋肉質の,筋肉質の,形容詞,pre1:2715,1
mutter,mutter,pre1,pre1,word,つぶやく,つぶやく,動詞,pre1:1198,1
myriad,myriad,pre1,pre1,word,無数の,無数の,名詞,pre1:2838,1
mythology,mythology,pre1,pre1,word,神話,神話,名詞,pre1:2870,1
namely,namely,pre1,pre1,word,すなわち，つまり,すなわち，つまり,副詞,pre1:398,1
narrative,narrative,pre1,pre1;1,word,物語，話,物語，話,名詞,pre1:1345;1:3,2
nasty,nasty,pre1,pre1;1,word,不快な，不愉快な,不快な，不愉快な,形容詞,pre1:58;1:367,2
nationwide,nationwide,pre1,pre1,word,全国の,全国の,形容詞,pre1:1983,1
naughty,naughty,pre1,pre1,word,わんぱくな，いたずらな,わんぱくな，いたずらな,形容詞,pre1:1053,1
nausea,nausea,pre1,pre1;1,word,吐き気，嘔吐感,吐き気，嘔吐感 / 吐き気，むかつき,名詞,pre1:1361;1:1008,2
nauseous,nauseous,pre1,pre1,word,吐き気がする,吐き気がする,形容詞,pre1:3303,1
naval,naval,pre1,pre1;1,word,海軍の，海軍のもの,海軍の，海軍のもの,形容詞,pre1:955;1:281,2
negligent,negligent,pre1,pre1;1,word,怠慢な,怠慢な,形容詞,pre1:2222;1:3865,2
negligible,negligible,pre1,pre1,word,取るに足らない,取るに足らない,形容詞,pre1:2290,1
neutral,neutral,pre1,pre1;1,word,中立の，公平な,中立の，公平な,形容詞,pre1:844;1:435,2
neutralize,neutralize,pre1,pre1;1,word,中和する,中和する / 中和する，中立化する,動詞,pre1:2702;1:783,2
nick,nick,pre1,pre1,word,刻み目,刻み目,名詞,pre1:2909,1
nip,nip,pre1,pre1,word,をつねる，はさむ,をつねる，はさむ,動詞,pre1:2457,1
no better than,no better than,pre1,pre1;1,phrase,と変わらない，同じぐらい悪い,と変わらない，同じぐらい悪い / と変わらない，同等の,熟語,pre1:1558;1:1268,2
no sweat,no sweat,pre1,pre1;1,phrase,容易に，お安い御用で,容易に，お安い御用で,熟語,pre1:845;1:2772,2
nobility,nobility,pre1,pre1;1,word,尊さ，高貴さ,尊さ，高貴さ,名詞,pre1:966;1:81,2
noble,noble,pre1,pre1,word,気高い，高貴な,気高い，高貴な,形容詞,pre1:67,1
nobleman,nobleman,pre1,pre1,word,貴族,貴族,名詞,pre1:1188,1
nod off,nod off,pre1,pre1;1,phrase,眠り込む，眠る,眠り込む，眠る / 眠り込む，眠る，深く眠る,熟語,pre1:2764;1:1586,2
nominal,nominal,pre1,pre1;1,word,名目上の、形式上の,名目上の、形式上の / 名目上の，形式上の,形容詞,pre1:3060;1:1433,2
nomination,nomination,pre1,pre1,word,指名，任命,指名，任命,名詞,pre1:1311,1
nominee,nominee,pre1,pre1,word,候補者,候補者,名詞,pre1:2958,1
norm,norm,pre1,pre1;1,word,規範，基準,規範，基準,名詞,pre1:2357;1:280,2
nostalgic,nostalgic,pre1,pre1;1,word,懐かしい,懐かしい,形容詞,pre1:3124;1:2291,2
nosy,nosy,pre1,pre1,word,詮索好きな,詮索好きな,形容詞,pre1:3313,1
not absolutely,not absolutely,pre1,pre1;1,phrase,絶対ではない，必ず，ではない,絶対ではない，必ず，ではない,副詞,pre1:825;1:3381,2
not surprisingly,not surprisingly,pre1,pre1;1,phrase,当たり前の事だが，もちろんのことだが，当然のことながら,当たり前の事だが，もちろんのことだが，当然のことながら,副詞,pre1:1933;1:314,2
notable,notable,pre1,pre1;1,word,注目すべき，重要な,注目すべき，重要な,形容詞,pre1:1521;1:449,2
notation,notation,pre1,pre1;1,word,表記，注釈,表記，注釈 / 表記，書き表示すこと,名詞,pre1:2755;1:1707,2
noteworthy,noteworthy,pre1,pre1;1,word,注目に値する，著しい,注目に値する，著しい / 注目に値する，見逃せない,形容詞,pre1:2481;1:1524,2
noticeable,noticeable,pre1,pre1;1,word,目立つ，際立つ,目立つ，際立つ,形容詞,pre1:561;1:364,2
notify,notify,pre1,pre1,word,知らせる，通報する,知らせる，通報する,動詞,pre1:2105,1
notional,notional,pre1,pre1,word,概念的な，抽象的な,概念的な，抽象的な,形容詞,pre1:2437,1
notorious,notorious,pre1,pre1;1,word,悪名高い，有名な,悪名高い，有名な,形容詞,pre1:2879;1:486,2
noun,noun,pre1,pre1;1,word,名詞,名詞 / 名詞，単語,名詞,pre1:855;1:1142,2
nourish,nourish,pre1,pre1;1,word,養う、育てる、支える,養う、育てる、支える / 養う，育てる，支える,動詞,pre1:3359;1:1436,2
nourishment,nourishment,pre1,pre1;1,word,栄養，滋養,栄養，滋養,名詞,pre1:2341;1:19,2
novelty,novelty,pre1,pre1,word,斬新さ，珍しさ,斬新さ，珍しさ,名詞,pre1:1954,1
novice,novice,pre1,pre1,word,初心者，新米,初心者，新米,名詞,pre1:1993,1
nuisance,nuisance,pre1,pre1,word,迷惑なもの,迷惑なもの,名詞,pre1:1371,1
numb,numb,pre1,pre1;1,word,麻痺した、しびれた,麻痺した、しびれた / 麻痺した，しびれた，無感覚な,形容詞,pre1:2183;1:1555,2
nun,nun,pre1,pre1,word,修道女,修道女,名詞,pre1:994,1
nurture,nurture,pre1,pre1,word,を養う，養育する,を養う，養育する,動詞,pre1:2325,1
nutrient,nutrient,pre1,pre1;1,word,栄養素，栄養分,栄養素，栄養分,名詞,pre1:2379;1:445,2
oath,oath,pre1,pre1,word,誓い，誓約,誓い，誓約,名詞,pre1:1734,1
obedience,obedience,pre1,pre1,word,従順，服従,従順，服従,名詞,pre1:554,1
obedient,obedient,pre1,pre1,word,従順な，素直な,従順な，素直な,形容詞,pre1:359,1
oblige,oblige,pre1,pre1,word,義務づける，強制する,義務づける，強制する,動詞,pre1:772,1
oblivion,oblivion,pre1,pre1,word,忘却,忘却,名詞,pre1:2627,1
oblivious,oblivious,pre1,pre1;1,word,忘れっぽい，物忘れの激しい,忘れっぽい，物忘れの激しい,形容詞,pre1:3082;1:632,2
observatory,observatory,pre1,pre1,word,観測所,観測所,名詞,pre1:2536,1
obsess,obsess,pre1,pre1,word,執着する，とりつく,執着する，とりつく,動詞,pre1:2218,1
obsolete,obsolete,pre1,pre1;1,word,時代遅れの,時代遅れの / 時代遅れの，古臭い,形容詞,pre1:2556;1:778,2
obstacle to,obstacle to,pre1,pre1;1,phrase,への障壁，の妨害,への障壁，の妨害,熟語,pre1:2647;1:2349,2
obstruct,obstruct,pre1,pre1;1,word,をふさぐ，遮断する,をふさぐ，遮断する / 邪魔する，妨害する,動詞,pre1:2553;1:802,2
occasional,occasional,pre1,pre1,word,時折の,時折の,形容詞,pre1:379,1
occidental,occidental,pre1,pre1,word,西洋の,西洋の,形容詞,pre1:2529,1
occupant,occupant,pre1,pre1,word,占有者，居住者,占有者，居住者,名詞,pre1:2432,1
occurrence,occurrence,pre1,pre1,word,発生,発生,名詞,pre1:1837,1
odds and ends,odds and ends,pre1,pre1;1,phrase,がらくた，半端なもの,がらくた，半端なもの,名詞,pre1:826;1:3907,2
odor,odor,pre1,pre1,word,臭い，悪臭,臭い，悪臭,名詞,pre1:1038,1
offspring,offspring,pre1,pre1,word,子孫,子孫,名詞,pre1:1047,1
ominous,ominous,pre1,pre1;1,word,不吉な，不運な,不吉な，不運な,形容詞,pre1:3126;1:809,2
omission,omission,pre1,pre1,word,省略,省略,名詞,pre1:1581,1
omit,omit,pre1,pre1,word,を省略する，省く,を省略する，省く,動詞,pre1:551,1
on balance,on balance,pre1,pre1;1,phrase,考慮すると，結局,考慮すると，結局,熟語,pre1:2318;1:2063,2
on standby,on standby,pre1,pre1;1,phrase,待機して，キャンセル待ちをして,待機して，キャンセル待ちをして,熟語,pre1:1626;1:2077,2
on the rise,on the rise,pre1,pre1;1,phrase,上昇中で，増加中,上昇中で，増加中,熟語,pre1:1657;1:124,2
ongoing,ongoing,pre1,pre1,word,進行中の,進行中の,形容詞,pre1:2254,1
onward,onward,pre1,pre1,word,前進の，前進的な,前進の，前進的な,形容詞,pre1:700,1
opposed,opposed,pre1,pre1,word,反対した,反対した,形容詞,pre1:2981,1
oppress,oppress,pre1,pre1,word,を抑圧する，虐げる,を抑圧する，虐げる,動詞,pre1:1471,1
oppressive,oppressive,pre1,pre1,word,抑圧的な，横暴な,抑圧的な，横暴な,形容詞,pre1:2129,1
opt,opt,pre1,pre1,word,を選ぶ，選定する,を選ぶ，選定する,動詞,pre1:2362,1
opt for,opt for,pre1,pre1,phrase,選ぶ，選択する,選ぶ，選択する,熟語,pre1:237,1
optimism,optimism,pre1,pre1,word,楽観主義,楽観主義,名詞,pre1:1863,1
oral,oral,pre1,pre1,word,口頭の，口述の,口頭の，口述の,形容詞,pre1:471,1
orchard,orchard,pre1,pre1,word,果樹園,果樹園,名詞,pre1:974,1
ordeal,ordeal,pre1,pre1,word,試練，試金石,試練，試金石,名詞,pre1:2413,1
ore,ore,pre1,pre1,word,鉱石,鉱石,名詞,pre1:2401,1
organism,organism,pre1,pre1;1,word,生命体，生物,生命体，生物,名詞,pre1:530;1:60,2
orient,orient,pre1,pre1,word,東洋,東洋,名詞,pre1:1046,1
oriental,oriental,pre1,pre1,word,東洋の,東洋の,形容詞,pre1:667,1
ornament,ornament,pre1,pre1,word,装飾品，飾り,装飾品，飾り,名詞,pre1:914,1
ornamental,ornamental,pre1,pre1,word,装飾用の,装飾用の,形容詞,pre1:1040,1
orphan,orphan,pre1,pre1,word,孤児,孤児,名詞,pre1:1348,1
orthodox,orthodox,pre1,pre1,word,正統派の,正統派の,形容詞,pre1:1305,1
out in the cold,out in the cold,pre1,pre1;1,phrase,冷たくされて，無視されて,冷たくされて，無視されて,熟語,pre1:487;1:2899,2
out of bounds,out of bounds,pre1,pre1;1,phrase,立入禁止で，境界線を越えて,立入禁止で，境界線を越えて,熟語,pre1:490;1:3586,2
out of nowhere,out of nowhere,pre1,pre1;1,phrase,いきなり，突然,いきなり，突然 / いきなり，突然に，予告なく,熟語,pre1:2142;1:1730,2
out of the question,out of the question,pre1,pre1;1,phrase,話にならない，不可能な,話にならない，不可能な,熟語,pre1:1509;1:710,2
out of the woods,out of the woods,pre1,pre1;1,phrase,森の外へ，困難を脱して,森の外へ，困難を脱して,熟語,pre1:419;1:3570,2
outbreak,outbreak,pre1,pre1,word,突発，ぼっ発,突発，ぼっ発,名詞,pre1:1224,1
outburst,outburst,pre1,pre1;1,word,爆発，爆破,爆発，爆破,名詞,pre1:3125;1:1116,2
outcast,outcast,pre1,pre1;1,word,追放された，追い出された,追放された，追い出された,名詞,pre1:3379;1:627,2
outdated,outdated,pre1,pre1,word,時代遅れの,時代遅れの,形容詞,pre1:3076,1
outer,outer,pre1,pre1,word,外に，外部の,外に，外部の,形容詞,pre1:405,1
outfit,outfit,pre1,pre1,word,衣装,衣装,名詞,pre1:1668,1
outgoing,outgoing,pre1,pre1,word,社交的な，外交的な,社交的な，外交的な,形容詞,pre1:1718,1
outlet,outlet,pre1,pre1,word,出口,出口,名詞,pre1:750,1
outlook,outlook,pre1,pre1,word,見通し,見通し,名詞,pre1:3251,1
outnumber,outnumber,pre1,pre1,word,数で勝る,数で勝る,動詞,pre1:2416,1
outrage,outrage,pre1,pre1,word,乱暴，暴行,乱暴，暴行,名詞,pre1:1726,1
outrageous,outrageous,pre1,pre1;1,word,無法な，法律を無視した,無法な，法律を無視した,形容詞,pre1:2578;1:366,2
outskirt,outskirt,pre1,pre1;1,word,郊外,郊外 / 郊外，外れ,名詞,pre1:1058;1:944,2
outsmart,outsmart,pre1,pre1,word,裏をかく，出し抜ける,裏をかく，出し抜ける,動詞,pre1:2701,1
oval,oval,pre1,pre1,word,楕円形の，卵形の,楕円形の，卵形の,形容詞,pre1:1304,1
overcast,overcast,pre1,pre1;1,word,曇った，陰気な,曇った，陰気な / 曇った,形容詞,pre1:2601;1:3954,2
overdue,overdue,pre1,pre1;1,word,延滞した，期限の過ぎた,延滞した，期限の過ぎた / 延滞した,形容詞,pre1:2686;1:2189,2
overhaul,overhaul,pre1,pre1;1,word,分解検査する，分析検査する,分解検査する，分析検査する,動詞,pre1:3142;1:732,2
overhead,overhead,pre1,pre1,word,間接の,間接の,形容詞,pre1:614,1
oversee,oversee,pre1,pre1,word,を監督する,を監督する,動詞,pre1:2817,1
oversight,oversight,pre1,pre1,word,見落とし，過失,見落とし，過失,名詞,pre1:2699,1
overstate,overstate,pre1,pre1;1,word,を誇張する,を誇張する / 誇張する，過大評価する,動詞,pre1:2965;1:1439,2
overt,overt,pre1,pre1;1,word,明白な，公然の,明白な，公然の / 明白な，明確な,形容詞,pre1:2412;1:1283,2
overthrow,overthrow,pre1,pre1,word,を打倒する，転覆する,を打倒する，転覆する,動詞,pre1:1193,1
owing,owing,pre1,pre1,word,借りている，未払いの,借りている，未払いの,形容詞,pre1:1381,1
ownership,ownership,pre1,pre1,word,所有権,所有権,名詞,pre1:980,1
pack up,pack up,pre1,pre1;1,phrase,を荷造りする，詰める,を荷造りする，詰める,熟語,pre1:2887;1:52,2
pact,pact,pre1,pre1,word,協定，条約,協定，条約,名詞,pre1:2418,1
pageant,pageant,pre1,pre1,word,壮観,壮観,名詞,pre1:2962,1
paid vacation,paid vacation,pre1,pre1;1,phrase,有給休暇，給与付きの休暇,有給休暇，給与付きの休暇,名詞,pre1:2936;1:1416,2
painstaking,painstaking,pre1,pre1;1,word,骨を折る，苦心する,骨を折る，苦心する / 骨の折れる,形容詞,pre1:2675;1:3808,2
palatial,palatial,pre1,pre1,word,宮殿のような，豪華な,宮殿のような，豪華な,形容詞,pre1:2990,1
pane,pane,pre1,pre1,word,鏡板,鏡板,名詞,pre1:2714,1
pang,pang,pre1,pre1;1,word,激痛,激痛,名詞,pre1:2506;1:2382,2
par,par,pre1,pre1;1,word,同等，等価,同等，等価,名詞,pre1:2302;1:466,2
parable,parable,pre1,pre1,word,比喩，たとえ話,比喩，たとえ話,名詞,pre1:2161,1
paradox,paradox,pre1,pre1,word,逆説,逆説,名詞,pre1:1320,1
paragraph,paragraph,pre1,pre1,word,段落，区切り,段落，区切り,名詞,pre1:453,1
paralyze,paralyze,pre1,pre1,word,麻痺させる,麻痺させる,動詞,pre1:1832,1
paraphrase,paraphrase,pre1,pre1;1,word,言い換え,言い換え / 言い換え，再表現,名詞,pre1:2296;1:1757,2
parasite,parasite,pre1,pre1;1,word,寄生虫，寄生生物,寄生虫，寄生生物,名詞,pre1:2690;1:231,2
parcel,parcel,pre1,pre1,word,小包，包み,小包，包み,名詞,pre1:191,1
parental,parental,pre1,pre1,word,親の,親の,形容詞,pre1:2176,1
parish,parish,pre1,pre1,word,教区,教区,名詞,pre1:2353,1
parliamentary,parliamentary,pre1,pre1,word,議会の,議会の,形容詞,pre1:1352,1
partake,partake,pre1,pre1,word,参加する,参加する,動詞,pre1:1763,1
partial,partial,pre1,pre1,word,部分的な，一部の,部分的な，一部の,形容詞,pre1:386,1
participation,participation,pre1,pre1,word,参加，加入,参加，加入,名詞,pre1:1234,1
participle,participle,pre1,pre1,word,分詞,分詞,名詞,pre1:2646,1
partition,partition,pre1,pre1,word,仕切り，分割,仕切り，分割,名詞,pre1:2733,1
pass for,pass for,pre1,pre1;1,phrase,として通る，通過する,として通る，通過する,熟語,pre1:362;1:758,2
pass off,pass off,pre1,pre1;1,phrase,次第に消える，徐々に消える,次第に消える，徐々に消える,熟語,pre1:354;1:408,2
pass on,pass on,pre1,pre1;1,phrase,通り過ぎる，を伝える,通り過ぎる，を伝える / 通り過ぎる，通る,熟語,pre1:461;1:994,2
pass over,pass over,pre1,pre1;1,phrase,を無視する，通り越す,を無視する，通り越す,熟語,pre1:286;1:1170,2
pass through,pass through,pre1,pre1;1,phrase,を通る，通り抜ける,を通る，通り抜ける,熟語,pre1:483;1:2566,2
passionate,passionate,pre1,pre1;1,word,情熱的な，熱情的な,情熱的な，熱情的な,形容詞,pre1:738;1:400,2
pastor,pastor,pre1,pre1,word,牧師,牧師,名詞,pre1:1451,1
pastry,pastry,pre1,pre1,word,パン菓子,パン菓子,名詞,pre1:943,1
pasture,pasture,pre1,pre1,word,牧草，牧草地,牧草，牧草地,名詞,pre1:723,1
pat,pat,pre1,pre1;1,word,軽くたたく，軽く打つ,軽くたたく，軽く打つ,動詞,pre1:35;1:371,2
patent,patent,pre1,pre1,word,特許,特許,名詞,pre1:1142,1
pathetic,pathetic,pre1,pre1,word,哀れな,哀れな,形容詞,pre1:1526,1
patiently,patiently,pre1,pre1,word,辛抱強く，根気よく,辛抱強く，根気よく,副詞,pre1:488,1
patriot,patriot,pre1,pre1,word,愛国者，愛国主義者,愛国者，愛国主義者,名詞,pre1:1440,1
patron,patron,pre1,pre1,word,常連客，保護者,常連客，保護者,名詞,pre1:657,1
pave,pave,pre1,pre1,word,を舗装する,を舗装する,動詞,pre1:1536,1
pavement,pavement,pre1,pre1,word,舗装路,舗装路,名詞,pre1:349,1
paw,paw,pre1,pre1,word,動物の足,動物の足,名詞,pre1:1062,1
pay down,pay down,pre1,pre1;1,phrase,頭金として払う，即金で払う,頭金として払う，即金で払う,熟語,pre1:403;1:2758,2
pay off,pay off,pre1,pre1;1,phrase,全部払う，完済する,全部払う，完済する,熟語,pre1:1739;1:43,2
pay regard to,pay regard to,pre1,pre1;1,phrase,を尊重する，尊敬する,を尊重する，尊敬する,熟語,pre1:227;1:2412,2
peasant,peasant,pre1,pre1,word,農民，農夫,農民，農夫,名詞,pre1:209,1
peat,peat,pre1,pre1,word,泥炭,泥炭,名詞,pre1:2696,1
pebble,pebble,pre1,pre1,word,小石，石ころ,小石，石ころ,名詞,pre1:1909,1
peck,peck,pre1,pre1,word,をついばむ，つつく,をついばむ，つつく,動詞,pre1:1158,1
pedestal,pedestal,pre1,pre1;1,word,台座，基礎,台座，基礎 / 台座,名詞,pre1:2589;1:2680,2
peek,peek,pre1,pre1;1,word,のぞき見る，ちらっとのぞく,のぞき見る，ちらっとのぞく / ちらっと覗く，一瞥する,動詞,pre1:2823;1:777,2
peel away,peel away,pre1,pre1,phrase,むく，剥がす,むく，剥がす,熟語,pre1:222,1
peep,peep,pre1,pre1,word,のぞき見る,のぞき見る,動詞,pre1:1219,1
peninsula,peninsula,pre1,pre1,word,半島,半島,名詞,pre1:1892,1
penniless,penniless,pre1,pre1,word,無一文の,無一文の,形容詞,pre1:1317,1
per,per,pre1,pre1,word,につき，ごとに,につき，ごとに,前置詞,pre1:99,1
perch,perch,pre1,pre1,word,止まり木,止まり木,名詞,pre1:3058,1
perfume,perfume,pre1,pre1,word,香水，芳香,香水，芳香,名詞,pre1:878,1
peril,peril,pre1,pre1,word,危険，危機,危険，危機,名詞,pre1:1401,1
perilous,perilous,pre1,pre1,word,危険な,危険な,形容詞,pre1:3176,1
periodic,periodic,pre1,pre1,word,定期的な，周期的な,定期的な，周期的な,形容詞,pre1:2658,1
perish,perish,pre1,pre1;1,word,滅びる，死ぬ,滅びる，死ぬ,動詞,pre1:773;1:75,2
permeate,permeate,pre1,pre1;1,word,浸透する、染み込む、広がる,浸透する、染み込む、広がる / 浸透する，染み込む，広がる,動詞,pre1:3180;1:1678,2
perpetual,perpetual,pre1,pre1,word,永久の,永久の,形容詞,pre1:1490,1
perpetuate,perpetuate,pre1,pre1,word,を永続させる,を永続させる,動詞,pre1:2758,1
perplex,perplex,pre1,pre1,word,を困らせる，混乱させる,を困らせる，混乱させる,動詞,pre1:1532,1
persevere,persevere,pre1,pre1,word,を辛抱する，我慢する,を辛抱する，我慢する,動詞,pre1:2630,1
persist,persist,pre1,pre1,word,固執する,固執する,動詞,pre1:1358,1
persistent,persistent,pre1,pre1,word,根気強い，粘り強い,根気強い，粘り強い,形容詞,pre1:946,1
pertain to,pertain to,pre1,pre1;1,phrase,に関係する，にふさわしい,に関係する，にふさわしい,熟語,pre1:313;1:3397,2
pervade,pervade,pre1,pre1;1,word,浸透する,浸透する / 染み込む,動詞,pre1:2460;1:3358,2
perverse,perverse,pre1,pre1;1,word,ひねくれた，強情な,ひねくれた，強情な / ひねくれた,形容詞,pre1:2857;1:2018,2
pessimism,pessimism,pre1,pre1,word,悲観的，悲観主義,悲観的，悲観主義,名詞,pre1:214,1
pessimistic,pessimistic,pre1,pre1;1,word,悲観的な,悲観的な,形容詞,pre1:893;1:2085,2
pester,pester,pre1,pre1,word,を悩ませる，困らせる,を悩ませる，困らせる,動詞,pre1:2503,1
petition,petition,pre1,pre1;1,word,嘆願，請願,嘆願，請願,名詞,pre1:1633;1:86,2
petroleum,petroleum,pre1,pre1,word,石油,石油,名詞,pre1:2617,1
petty,petty,pre1,pre1,word,取るに足らない，ささいな,取るに足らない，ささいな,形容詞,pre1:2821,1
pharmacist,pharmacist,pre1,pre1,word,薬剤師,薬剤師,名詞,pre1:1545,1
pharmacy,pharmacy,pre1,pre1,word,薬局,薬局,名詞,pre1:2235,1
phase out,phase out,pre1,pre1;1,phrase,段階的に廃止する，撤去する,段階的に廃止する，撤去する,熟語,pre1:108;1:2728,2
philosophical,philosophical,pre1,pre1;1,word,哲学的な，思索的な,哲学的な，思索的な,形容詞,pre1:1963;1:99,2
phobia,phobia,pre1,pre1,word,恐怖症,恐怖症,名詞,pre1:3281,1
phonetic,phonetic,pre1,pre1,word,音声の,音声の,形容詞,pre1:2711,1
physically,physically,pre1,pre1,word,肉体的に，身体的に,肉体的に，身体的に,副詞,pre1:599,1
physicist,physicist,pre1,pre1,word,物理学者,物理学者,名詞,pre1:1222,1
pick over,pick over,pre1,pre1;1,phrase,吟味して選ぶ，選び抜く,吟味して選ぶ，選び抜く,熟語,pre1:2349;1:206,2
pick through,pick through,pre1,pre1;1,phrase,を探る，選りすぐる,を探る，選りすぐる,熟語,pre1:2044;1:1065,2
pick up the pieces,pick up the pieces,pre1,pre1;1,phrase,欠片を拾う，事態を修復する,欠片を拾う，事態を修復する,熟語,pre1:579;1:2545,2
pick up the thread,pick up the thread,pre1,pre1;1,phrase,再び続ける，再開する,再び続ける，再開する,熟語,pre1:736;1:2658,2
pickpocket,pickpocket,pre1,pre1,word,すり,すり,名詞,pre1:2085,1
picturesque,picturesque,pre1,pre1,word,絵のような，絵の様に美しい,絵のような，絵の様に美しい,形容詞,pre1:1800,1
pier,pier,pre1,pre1,word,桟橋,桟橋,名詞,pre1:2334,1
piety,piety,pre1,pre1;1,word,信仰心,信仰心,名詞,pre1:2564;1:3832,2
pile in,pile in,pre1,pre1;1,phrase,どっと中に入る，一気に入る,どっと中に入る，一気に入る,熟語,pre1:617;1:254,2
pile up,pile up,pre1,pre1;1,phrase,を積み上げる，積み重ねる，山積みにする，集積する,を積み上げる，積み重ねる，山積みにする，集積する,熟語,pre1:1724;1:267,2
pilgrim,pilgrim,pre1,pre1,word,巡礼者,巡礼者,名詞,pre1:2103,1
pill,pill,pre1,pre1;1,word,丸薬，錠剤,丸薬，錠剤,名詞,pre1:267;1:290,2
pin down,pin down,pre1,pre1,phrase,を留める，押さえつける,を留める，押さえつける,熟語,pre1:1137,1
pinch,pinch,pre1,pre1,word,をつねる，つまむ,をつねる，つまむ,動詞,pre1:506,1
pinnacle,pinnacle,pre1,pre1;1,word,頂点,頂点,名詞,pre1:2840;1:3985,2
pious,pious,pre1,pre1,word,信心深い,信心深い,形容詞,pre1:1935,1
pitiful,pitiful,pre1,pre1,word,哀れな，かわいそうな,哀れな，かわいそうな,形容詞,pre1:1637,1
pity,pity,pre1,pre1;1,word,同情，あわれみ,同情，あわれみ / 同情,名詞,pre1:3;1:2707,2
pivot,pivot,pre1,pre1,word,回転軸，中心,回転軸，中心,名詞,pre1:3204,1
place limitation on,place limitation on,pre1,pre1;1,phrase,に制限を加える，限界を与える,に制限を加える，限界を与える / に制限を加える，限界を設ける,熟語,pre1:2753;1:1010,2
placid,placid,pre1,pre1;1,word,穏やかな，温和な,穏やかな，温和な,形容詞,pre1:2629;1:394,2
plague,plague,pre1,pre1,word,伝染病,伝染病,名詞,pre1:1165,1
plainly,plainly,pre1,pre1,word,明白に，はっきりと,明白に，はっきりと,副詞,pre1:886,1
plaintiff,plaintiff,pre1,pre1,word,原告,原告,名詞,pre1:2127,1
planetary,planetary,pre1,pre1,word,惑星の,惑星の,形容詞,pre1:1789,1
plaque,plaque,pre1,pre1,word,額，歯垢,額，歯垢,名詞,pre1:2487,1
plaster,plaster,pre1,pre1;1,word,石膏，ギプス,石膏，ギプス,名詞,pre1:1825;1:1246,2
plateau,plateau,pre1,pre1,word,高原，台地,高原，台地,名詞,pre1:2818,1
play at,play at,pre1,pre1;1,phrase,起用する，遊ぶ,起用する，遊ぶ,熟語,pre1:1794;1:2199,2
play down,play down,pre1,pre1;1,phrase,を軽く扱う，手軽に扱う，を見くびる,を軽く扱う，手軽に扱う，を見くびる,熟語,pre1:1937;1:528,2
play out,play out,pre1,pre1;1,phrase,最後まで演じる，遊ぶ，最後まで続ける,最後まで演じる，遊ぶ，最後まで続ける,熟語,pre1:2885;1:361,2
plea,plea,pre1,pre1,word,嘆願，懇願,嘆願，懇願,名詞,pre1:2034,1
plead,plead,pre1,pre1;1,word,懇願する，お願いする,懇願する，お願いする,動詞,pre1:659;1:194,2
pledge,pledge,pre1,pre1,word,誓約，固い約束,誓約，固い約束,名詞,pre1:926,1
plentiful,plentiful,pre1,pre1,word,たっぷりの，たくさんの,たっぷりの，たくさんの,形容詞,pre1:972,1
plow,plow,pre1,pre1,word,耕作用すき，すきに似たもの,耕作用すき，すきに似たもの,名詞,pre1:516,1
pluck,pluck,pre1,pre1,word,を引き抜く，摘む,を引き抜く，摘む,動詞,pre1:1660,1
plumber,plumber,pre1,pre1,word,配管工,配管工,名詞,pre1:1857,1
plume,plume,pre1,pre1;1,word,羽根飾り,羽根飾り / 飾り羽根，装飾用の羽,名詞,pre1:2683;1:990,2
plummet,plummet,pre1,pre1,word,おもり,おもり,名詞,pre1:2877,1
plunge,plunge,pre1,pre1;1,word,突入する，侵入する,突入する，侵入する,動詞,pre1:877;1:502,2
plunge A into B,plunge a into b,pre1,pre1,phrase,AがBに飛び込む，突進する,AがBに飛び込む，突進する,熟語,pre1:273,1
plural,plural,pre1,pre1,word,複数の,複数の,形容詞,pre1:917,1
ply,ply,pre1,pre1;1,word,精を出す，努力する,精を出す，努力する,動詞,pre1:2429;1:260,2
poach,poach,pre1,pre1,word,密漁する,密漁する,動詞,pre1:2295,1
point out,point out,pre1,pre1;1,phrase,を指摘する，指示する,を指摘する，指示する,熟語,pre1:1569;1:2290,2
poke,poke,pre1,pre1,word,を突つく,を突つく,動詞,pre1:2369,1
polar,polar,pre1,pre1,word,極地の,極地の,形容詞,pre1:1846,1
polarize,polarize,pre1,pre1,word,分極化する,分極化する,動詞,pre1:3227,1
politically,politically,pre1,pre1,word,政治的に,政治的に,副詞,pre1:2989,1
pollutant,pollutant,pre1,pre1,word,汚染物質,汚染物質,名詞,pre1:2653,1
pollute,pollute,pre1,pre1;1,word,汚染する,汚染する / 汚染する，汚す,動詞,pre1:1952;1:592,2
ponder,ponder,pre1,pre1,word,を熟考する，じっくり考える,を熟考する，じっくり考える,動詞,pre1:2811,1
pop up,pop up,pre1,pre1,phrase,飛び出す，出現する,飛び出す，出現する,熟語,pre1:400,1
populous,populous,pre1,pre1,word,人口の多い,人口の多い,形容詞,pre1:2537,1
pore over,pore over,pre1,pre1;1,phrase,を凝視する，熟読する,を凝視する，熟読する,熟語,pre1:744;1:2692,2
porridge,porridge,pre1,pre1,word,おかゆ,おかゆ,名詞,pre1:2692,1
porter,porter,pre1,pre1,word,運搬人,運搬人,名詞,pre1:363,1
portfolio,portfolio,pre1,pre1,word,人物像,人物像,名詞,pre1:2117,1
portray,portray,pre1,pre1;1,word,描く，表現する,描く，表現する,動詞,pre1:902;1:152,2
posterity,posterity,pre1,pre1,word,子孫,子孫,名詞,pre1:2684,1
potent,potent,pre1,pre1;1,word,効能のある，効果的な,効能のある，効果的な,形容詞,pre1:2594;1:291,2
pottery,pottery,pre1,pre1,word,陶器,陶器,名詞,pre1:1636,1
pouch,pouch,pre1,pre1,word,小袋,小袋,名詞,pre1:1872,1
poultry,poultry,pre1,pre1,word,家禽,家禽,名詞,pre1:2541,1
practitioner,practitioner,pre1,pre1,word,開業医，専門家,開業医，専門家,名詞,pre1:2192,1
prank,prank,pre1,pre1;1,word,いたずら，悪ふざけ,いたずら，悪ふざけ,名詞,pre1:2725;1:961,2
preach,preach,pre1,pre1,word,説教する，説く,説教する，説く,動詞,pre1:300,1
precarious,precarious,pre1,pre1;1,word,不安定な，不確かな,不安定な，不確かな / 不安定な,形容詞,pre1:2501;1:1975,2
precaution,precaution,pre1,pre1,word,用心，予防策,用心，予防策,名詞,pre1:1334,1
precedent,precedent,pre1,pre1,word,先例，前提,先例，前提,名詞,pre1:2479,1
precision,precision,pre1,pre1;1,word,正確さ，精度,正確さ，精度,名詞,pre1:1797;1:347,2
predecessor,predecessor,pre1,pre1;1,word,前任者，先任者,前任者，先任者,名詞,pre1:1733;1:387,2
predicate,predicate,pre1,pre1,word,述語,述語,名詞,pre1:2495,1
prediction,prediction,pre1,pre1;1,word,予測，予想,予測，予想,名詞,pre1:979;1:287,2
predominant,predominant,pre1,pre1,word,優勢な，有力な,優勢な，有力な,形容詞,pre1:2768,1
preface,preface,pre1,pre1,word,まえがき，序文,まえがき，序文,名詞,pre1:1554,1
pregnancy,pregnancy,pre1,pre1,word,妊娠,妊娠,名詞,pre1:1054,1
preliminary,preliminary,pre1,pre1,word,予備的な，予備の,予備的な，予備の,形容詞,pre1:984,1
premature,premature,pre1,pre1;1,word,時期尚早の，早まった,時期尚早の，早まった,形容詞,pre1:2867;1:229,2
premise,premise,pre1,pre1,word,前提，根拠,前提，根拠,名詞,pre1:1290,1
preoccupation,preoccupation,pre1,pre1;1,word,没頭，夢中,没頭，夢中 / 没頭，集中すること，夢中,名詞,pre1:2566;1:1705,2
preparatory,preparatory,pre1,pre1,word,準備の,準備の,形容詞,pre1:2663,1
prescribe,prescribe,pre1,pre1,word,処方する，指示する,処方する，指示する,動詞,pre1:1910,1
preservation,preservation,pre1,pre1,word,保存，保護,保存，保護,名詞,pre1:1179,1
preside,preside,pre1,pre1,word,主宰する，司会する,主宰する，司会する,動詞,pre1:1778,1
presidency,presidency,pre1,pre1;1,word,大統領職，首相職,大統領職，首相職,名詞,pre1:2233;1:430,2
prestige,prestige,pre1,pre1;1,word,名声，評判,名声，評判,名詞,pre1:1484;1:269,2
prestigious,prestigious,pre1,pre1,word,著名な，名声のある,著名な，名声のある,形容詞,pre1:97,1
presumably,presumably,pre1,pre1,word,たぶん，おそらく,たぶん，おそらく,副詞,pre1:1921,1
presume,presume,pre1,pre1,word,を推定する，仮定する,を推定する，仮定する,動詞,pre1:1693,1
pretense,pretense,pre1,pre1,word,見せかけ,見せかけ,名詞,pre1:1171,1
pretext,pretext,pre1,pre1,word,口実，弁解,口実，弁解,名詞,pre1:2773,1
prevail,prevail,pre1,pre1,word,打ち勝つ,打ち勝つ,動詞,pre1:655,1
prevention,prevention,pre1,pre1,word,防止，予防,防止，予防,名詞,pre1:838,1
prick,prick,pre1,pre1,word,をちくりと刺す,をちくりと刺す,動詞,pre1:1330,1
prickly,prickly,pre1,pre1,word,とげのある,とげのある,形容詞,pre1:2080,1
probability,probability,pre1,pre1,word,確率,確率,名詞,pre1:978,1
probe,probe,pre1,pre1,word,探り針,探り針,名詞,pre1:958,1
procession,procession,pre1,pre1,word,行列,行列,名詞,pre1:535,1
proclaim,proclaim,pre1,pre1,word,を宣言する，公表する,を宣言する，公表する,動詞,pre1:745,1
productive,productive,pre1,pre1,word,生産的な,生産的な,形容詞,pre1:631,1
productivity,productivity,pre1,pre1,word,生産性，生産力,生産性，生産力,名詞,pre1:527,1
profess,profess,pre1,pre1,word,を公言する，明言する,を公言する，明言する,動詞,pre1:1517,1
proficient,proficient,pre1,pre1,word,熟練した，堪能な,熟練した，堪能な,形容詞,pre1:1149,1
profitable,profitable,pre1,pre1;1,word,利益のある，収益性の高い,利益のある，収益性の高い,形容詞,pre1:331;1:208,2
progression,progression,pre1,pre1,word,前進，進歩,前進，進歩,名詞,pre1:177,1
progressive,progressive,pre1,pre1;1,word,進歩的な，革新的な,進歩的な，革新的な,形容詞,pre1:543;1:247,2
projection,projection,pre1,pre1,word,投影,投影,名詞,pre1:1670,1
prologue,prologue,pre1,pre1,word,序章,序章,名詞,pre1:2210,1
prominence,prominence,pre1,pre1,word,卓越、傑出,卓越、傑出,名詞,pre1:1251,1
prominent,prominent,pre1,pre1,word,目立つ，突き出た,目立つ，突き出た,形容詞,pre1:639,1
promptly,promptly,pre1,pre1,word,早速，即座に,早速，即座に,副詞,pre1:704,1
prone,prone,pre1,pre1,word,しがちで，傾向がある,しがちで，傾向がある,形容詞,pre1:2739,1
pronoun,pronoun,pre1,pre1,word,代名詞,代名詞,名詞,pre1:1691,1
pronounce,pronounce,pre1,pre1,word,を発音する,を発音する,動詞,pre1:402,1
prop,prop,pre1,pre1,word,支柱，支え,支柱，支え,名詞,pre1:1819,1
prop up,prop up,pre1,pre1,phrase,添える，支える,添える，支える,熟語,pre1:193,1
propel,propel,pre1,pre1,word,を推し進める，前進させる,を推し進める，前進させる,動詞,pre1:2198,1
prophecy,prophecy,pre1,pre1,word,予言,予言,名詞,pre1:2299,1
prophet,prophet,pre1,pre1,word,預言者,預言者,名詞,pre1:1631,1
proportional,proportional,pre1,pre1,word,均整の取れた，比例の,均整の取れた，比例の,形容詞,pre1:1980,1
propriety,propriety,pre1,pre1,word,礼儀，可否,礼儀，可否,名詞,pre1:3113,1
prosecute,prosecute,pre1,pre1,word,を起訴する，告訴する,を起訴する，告訴する,動詞,pre1:2156,1
prospective,prospective,pre1,pre1;1,word,予測される，期待される,予測される，期待される,形容詞,pre1:1853;1:42,2
prosper,prosper,pre1,pre1;1,word,繁栄する，発展する,繁栄する，発展する,動詞,pre1:559;1:327,2
prosperity,prosperity,pre1,pre1,word,繁栄，成功,繁栄，成功,名詞,pre1:370,1
prostitute,prostitute,pre1,pre1,word,売春婦,売春婦,名詞,pre1:2245,1
protective,protective,pre1,pre1;1,word,保護的な，保護する,保護的な，保護する,形容詞,pre1:699;1:91,2
proven,proven,pre1,pre1,word,証明された,証明された,形容詞,pre1:781,1
providence,providence,pre1,pre1,word,摂理,摂理,名詞,pre1:2579,1
provider,provider,pre1,pre1;1,word,生産者，製造者,生産者，製造者,名詞,pre1:880;1:268,2
provincial,provincial,pre1,pre1,word,地方の,地方の,形容詞,pre1:918,1
prudent,prudent,pre1,pre1;1,word,用心深い，慎重な,用心深い，慎重な,形容詞,pre1:820;1:628,2
psychic,psychic,pre1,pre1,word,超能力のある,超能力のある,形容詞,pre1:2671,1
public official,public official,pre1,pre1;1,phrase,公務員,公務員 / 公務員，官僚,名詞,pre1:1407;1:1753,2
puff,puff,pre1,pre1,word,軽く吹くこと，一吹き,軽く吹くこと，一吹き,名詞,pre1:1094,1
pull in,pull in,pre1,pre1;1,phrase,到着する，片側に寄る,到着する，片側に寄る,熟語,pre1:2151;1:134,2
pull over,pull over,pre1,pre1;1,phrase,車を止める，車を停止させる,車を止める，車を停止させる / 車を止める，車を停止させる，停車させる,熟語,pre1:150;1:368,2
pull through,pull through,pre1,pre1;1,phrase,を乗り越える，を超える,を乗り越える，を超える,熟語,pre1:896;1:389,2
pullover,pullover,pre1,pre1,word,路肩に寄せる,路肩に寄せる,動詞,pre1:864,1
pulse,pulse,pre1,pre1,word,脈動，脈拍,脈動，脈拍,名詞,pre1:1447,1
punctuality,punctuality,pre1,pre1,word,時間厳守,時間厳守,名詞,pre1:1541,1
puppet,puppet,pre1,pre1,word,操り人形，指人形,操り人形，指人形,名詞,pre1:1113,1
puppy,puppy,pre1,pre1;1,word,子犬，幼犬,子犬，幼犬,名詞,pre1:381;1:35,2
purge,purge,pre1,pre1;1,word,粛清する，浄化する,粛清する，浄化する,動詞,pre1:2420;1:432,2
purify,purify,pre1,pre1,word,を清める，浄化する,を清める，浄化する,動詞,pre1:2783,1
purity,purity,pre1,pre1,word,純粋,純粋,名詞,pre1:1413,1
purse,purse,pre1,pre1,word,財布，ハンドバッグ,財布，ハンドバッグ,名詞,pre1:180,1
push through,push through,pre1,pre1;1,phrase,押し通す，芽が出る,押し通す，芽が出る,熟語,pre1:2008;1:1223,2
put A into place,put a into place,pre1,pre1;1,phrase,Aを実行する，Aを遂行する,Aを実行する，Aを遂行する,熟語,pre1:2441;1:1464,2
put A to sleep,put a to sleep,pre1,pre1;1,phrase,Aを眠らせる，安楽死させる,Aを眠らせる，安楽死させる,熟語,pre1:1323;1:2259,2
put an end to,put an end to,pre1,pre1;1,phrase,を終わらせる，終了させる,を終わらせる，終了させる,熟語,pre1:2883;1:224,2
put emphasis on,put emphasis on,pre1,pre1;1,phrase,に重点を置く，を重んじる,に重点を置く，を重んじる,熟語,pre1:1112;1:3286,2
put forth,put forth,pre1,pre1;1,phrase,を進める，出す,を進める，出す,熟語,pre1:2697;1:141,2
put up at,put up at,pre1,pre1;1,phrase,に泊まる，宿泊する,に泊まる，宿泊する,熟語,pre1:135;1:2967,2
quaint,quaint,pre1,pre1;1,word,趣のある,趣のある / 風変わりな，古風な,形容詞,pre1:1659;1:4179,2
qualification,qualification,pre1,pre1,word,資格，能力,資格，能力,名詞,pre1:1353,1
queer,queer,pre1,pre1,word,風変わりな，変な,風変わりな，変な,形容詞,pre1:1470,1
query,query,pre1,pre1,word,疑問，質問,疑問，質問,名詞,pre1:2131,1
quest,quest,pre1,pre1;1,word,探求，探究,探求，探究,名詞,pre1:1192;1:303,2
questionnaire,questionnaire,pre1,pre1,word,質問表,質問表,名詞,pre1:2020,1
quiver,quiver,pre1,pre1,word,小刻みに揺れる，震える,小刻みに揺れる，震える,動詞,pre1:2322,1
quota,quota,pre1,pre1,word,割り当て，分け前,割り当て，分け前,名詞,pre1:2012,1
quote,quote,pre1,pre1,word,見積り/見積る,見積り/見積る,名詞,pre1:2185,1
racism,racism,pre1,pre1,word,人種差別,人種差別,名詞,pre1:2388,1
rack,rack,pre1,pre1,word,置き棚,置き棚,名詞,pre1:1078,1
radiant,radiant,pre1,pre1;1,word,輝く，光を放つ,輝く，光を放つ / 輝く，ぎらぎら輝く,形容詞,pre1:2814;1:2004,2
radiation,radiation,pre1,pre1,word,放射線，放射,放射線，放射,名詞,pre1:2019,1
radioactive,radioactive,pre1,pre1,word,放射性の,放射性の,形容詞,pre1:2780,1
radius,radius,pre1,pre1,word,半径,半径,名詞,pre1:2597,1
raft,raft,pre1,pre1,word,いかだ,いかだ,名詞,pre1:2208,1
rag,rag,pre1,pre1,word,ぼろきれ，布切れ,ぼろきれ，布切れ,名詞,pre1:680,1
rage,rage,pre1,pre1,word,激怒，憤慨,激怒，憤慨,名詞,pre1:157,1
raid,raid,pre1,pre1,word,襲撃,襲撃,名詞,pre1:1847,1
rainfall,rainfall,pre1,pre1;1,word,降雨量,降雨量 / 降雨量，雨量,名詞,pre1:1297;1:320,2
rake,rake,pre1,pre1,word,くま手,くま手,名詞,pre1:1928,1
rally,rally,pre1,pre1,word,を結集する，呼び集める,を結集する，呼び集める,動詞,pre1:1150,1
ramp,ramp,pre1,pre1,word,傾斜路,傾斜路,名詞,pre1:2400,1
rampage,rampage,pre1,pre1;1,word,大暴れ，乱闘,大暴れ，乱闘 / 大暴れ，乱闘，乱戦,名詞,pre1:2970;1:427,2
ranch,ranch,pre1,pre1,word,牧場,牧場,名詞,pre1:1705,1
ransom,ransom,pre1,pre1;1,word,身代金，解放金,身代金，解放金,名詞,pre1:3219;1:1210,2
rapture,rapture,pre1,pre1,word,有頂天，大喜び,有頂天，大喜び,名詞,pre1:2238,1
rarity,rarity,pre1,pre1,word,希少さ，珍しさ,希少さ，珍しさ,名詞,pre1:2347,1
rascal,rascal,pre1,pre1,word,ならず者，ごろつき,ならず者，ごろつき,名詞,pre1:2563,1
ratio,ratio,pre1,pre1,word,比率,比率,名詞,pre1:3201,1
rattle,rattle,pre1,pre1,word,ガタガタ鳴る,ガタガタ鳴る,動詞,pre1:444,1
ravage,ravage,pre1,pre1;1,word,破壊,破壊,動詞,pre1:2871;1:3692,2
rave,rave,pre1,pre1,word,夢中で話す,夢中で話す,動詞,pre1:2207,1
razor,razor,pre1,pre1,word,かみそり,かみそり,名詞,pre1:389,1
read off,read off,pre1,pre1;1,phrase,を読み上げる，すらすら読む,を読み上げる，すらすら読む / を読み上げる，すらすら読む，声に出して読む,熟語,pre1:2384;1:919,2
real estate,real estate,pre1,pre1;1,phrase,不動産，物件,不動産，物件,名詞,pre1:2171;1:677,2
realism,realism,pre1,pre1,word,現実主義,現実主義,名詞,pre1:2021,1
realm,realm,pre1,pre1,word,領域,領域,名詞,pre1:1300,1
reap,reap,pre1,pre1,word,を収穫する，刈る,を収穫する，刈る,動詞,pre1:1402,1
reassure,reassure,pre1,pre1,word,安心させる,安心させる,動詞,pre1:1319,1
rebel against,rebel against,pre1,pre1;1,phrase,に反抗する，対抗する,に反抗する，対抗する,熟語,pre1:2446;1:692,2
rebellion,rebellion,pre1,pre1;1,word,反乱，暴動,反乱，暴動,名詞,pre1:963;1:93,2
rebellious,rebellious,pre1,pre1;1,word,反抗的な，抵抗的な,反抗的な，抵抗的な,形容詞,pre1:1551;1:365,2
rebuild,rebuild,pre1,pre1,word,を再建する，改築する,を再建する，改築する,動詞,pre1:1248,1
rebuke,rebuke,pre1,pre1;1,word,を注意する，しかる,を注意する，しかる / 注意する,動詞,pre1:2760;1:3172,2
recede,recede,pre1,pre1,word,退く,退く,動詞,pre1:2288,1
reception,reception,pre1,pre1;1,word,応接，歓迎,応接，歓迎,名詞,pre1:66;1:87,2
receptionist,receptionist,pre1,pre1,word,受付係,受付係,名詞,pre1:1006,1
recess,recess,pre1,pre1,word,休憩，休み,休憩，休み,名詞,pre1:784,1
recipient,recipient,pre1,pre1,word,受取人,受取人,名詞,pre1:2046,1
reciprocal,reciprocal,pre1,pre1;1,word,相互の,相互の,形容詞,pre1:2848;1:2997,2
recite,recite,pre1,pre1,word,を朗読する，を暗唱する,を朗読する，を暗唱する,動詞,pre1:1507,1
reckless,reckless,pre1,pre1,word,無謀な，向こう見ずな,無謀な，向こう見ずな,形容詞,pre1:1105,1
reckon,reckon,pre1,pre1,word,を数える，計算する,を数える，計算する,動詞,pre1:1782,1
reconcile,reconcile,pre1,pre1,word,仲直りさせる,仲直りさせる,動詞,pre1:1684,1
rectify,rectify,pre1,pre1;1,word,を修正する,を修正する / 修正する，正す,動詞,pre1:2466;1:3538,2
recur,recur,pre1,pre1,word,再発する，繰り返される,再発する，繰り返される,動詞,pre1:2915,1
recurrence,recurrence,pre1,pre1,word,再発，反復,再発，反復,名詞,pre1:2717,1
reddish,reddish,pre1,pre1,word,赤らんだ,赤らんだ,形容詞,pre1:2348,1
redeem,redeem,pre1,pre1,word,を引き換える，買い戻す,を引き換える，買い戻す,動詞,pre1:2620,1
redundant,redundant,pre1,pre1,word,冗長な，豊富な，余計な,冗長な，豊富な，余計な,形容詞,pre1:2119,1
refine,refine,pre1,pre1,word,を精製する,を精製する,動詞,pre1:709,1
refinement,refinement,pre1,pre1,word,精製，精錬,精製，精錬,名詞,pre1:1880,1
refrain,refrain,pre1,pre1,word,控える，慎む,控える，慎む,動詞,pre1:1585,1
refusal,refusal,pre1,pre1;1,word,拒否，拒絶,拒否，拒絶,名詞,pre1:580;1:6,2
regain,regain,pre1,pre1,word,を取り戻す，回復する,を取り戻す，回復する,動詞,pre1:1120,1
regardless of,regardless of,pre1,pre1;1,phrase,にも関わらず，それにも関わらず,にも関わらず，それにも関わらず / に関係なく，それにも関わらず,熟語,pre1:1688;1:299,2
regiment,regiment,pre1,pre1,word,連隊,連隊,名詞,pre1:2844,1
register for,register for,pre1,pre1;1,phrase,に登録する，に記録する,に登録する，に記録する / に登録する，に記録する，に記載する,熟語,pre1:2261;1:350,2
registration,registration,pre1,pre1,word,登録,登録,名詞,pre1:1032,1
regulate,regulate,pre1,pre1,word,を規制する，統制する,を規制する，統制する,動詞,pre1:694,1
regulator,regulator,pre1,pre1,word,規定者,規定者,名詞,pre1:2949,1
regulatory,regulatory,pre1,pre1;1,word,規制，制限,規制，制限,形容詞,pre1:2932;1:515,2
reign,reign,pre1,pre1;1,word,統治，治世,統治，治世,名詞,pre1:1422;1:454,2
rein,rein,pre1,pre1;1,word,手綱，馬具,手綱，馬具,名詞,pre1:1840;1:511,2
reinforcement,reinforcement,pre1,pre1,word,強化，増強,強化，増強,名詞,pre1:2120,1
rejoice,rejoice,pre1,pre1,word,をうれしがる，喜ぶ,をうれしがる，喜ぶ,動詞,pre1:391,1
relegate,relegate,pre1,pre1;1,word,左遷する，異動させる,左遷する，異動させる,動詞,pre1:3238;1:868,2
relevance,relevance,pre1,pre1,word,関連性,関連性,名詞,pre1:2054,1
reliability,reliability,pre1,pre1,word,信頼性,信頼性,名詞,pre1:2995,1
relic,relic,pre1,pre1,word,遺物，遺跡,遺物，遺跡,名詞,pre1:2335,1
religious,religious,pre1,pre1,word,宗教上の，信仰の,宗教上の，信仰の,形容詞,pre1:71,1
relish,relish,pre1,pre1;1,word,風味,風味 / 風味，持ち味,名詞,pre1:2067;1:4012,2
reluctant,reluctant,pre1,pre1,word,しぶしぶの，気が進まない,しぶしぶの，気が進まない,形容詞,pre1:843,1
remainder,remainder,pre1,pre1,word,残り，残りもの,残り，残りもの,名詞,pre1:944,1
remarkably,remarkably,pre1,pre1;1,word,著しく，非常に,著しく，非常に,副詞,pre1:904;1:293,2
remedy,remedy,pre1,pre1;1,word,治療,治療 / 治療法，治療手段,名詞,pre1:648;1:922,2
remembrance,remembrance,pre1,pre1,word,記憶，思い出,記憶，思い出,名詞,pre1:1044,1
reminder,reminder,pre1,pre1;1,word,催促，注意喚起,催促，注意喚起,名詞,pre1:2376;1:100,2
reminiscence,reminiscence,pre1,pre1,word,回想,回想,名詞,pre1:2643,1
remnant,remnant,pre1,pre1,word,残り物，残存物,残り物，残存物,名詞,pre1:2372,1
remorse,remorse,pre1,pre1;1,word,自責，良心の呵責,自責，良心の呵責 / 後悔，過ちを後悔する,名詞,pre1:2422;1:1247,2
removal,removal,pre1,pre1,word,除去，取り除く,除去，取り除く,名詞,pre1:919,1
render,render,pre1,pre1,word,与える,与える,動詞,pre1:1310,1
renounce,renounce,pre1,pre1;1,word,を放棄する，中止する,を放棄する，中止する / 放棄する，断念する，諦める,動詞,pre1:2691;1:1810,2
renovate,renovate,pre1,pre1;1,word,改修する，改装する,改修する，改装する,動詞,pre1:3131;1:143,2
renown,renown,pre1,pre1,word,名声,名声,名詞,pre1:2891,1
repay,repay,pre1,pre1;1,word,返済する，報いる,返済する，報いる,動詞,pre1:417;1:132,2
repeal,repeal,pre1,pre1;1,word,廃止する，中止する,廃止する，中止する,動詞,pre1:3287;1:639,2
repel,repel,pre1,pre1,word,追い払う,追い払う,動詞,pre1:1965,1
repent,repent,pre1,pre1,word,を悔い改める，後悔する,を悔い改める，後悔する,動詞,pre1:1601,1
repentance,repentance,pre1,pre1;1,word,後悔，懺悔,後悔，懺悔 / 懺悔,名詞,pre1:2775;1:3600,2
replaceable,replaceable,pre1,pre1,word,置き換えられる，代わりのある,置き換えられる，代わりのある,形容詞,pre1:1,1
replenish,replenish,pre1,pre1;1,word,補充する、足りないものを追加する,補充する、足りないものを追加する / 補充する，足りないものを追加する,動詞,pre1:3355;1:1721,2
repress,repress,pre1,pre1,word,を抑圧する，鎮圧する,を抑圧する，鎮圧する,動詞,pre1:2504,1
reprimand,reprimand,pre1,pre1;1,word,厳しく叱る，注意する,厳しく叱る，注意する / 懲戒，罰すること，訓練,動詞,pre1:3137;1:1687,2
reproach,reproach,pre1,pre1,word,叱責/をしかる,叱責/をしかる,名詞,pre1:1913,1
reproach A for B,reproach a for b,pre1,pre1;1,phrase,BのことでAを非難する，咎める,BのことでAを非難する，咎める,熟語,pre1:1186;1:2447,2
reptile,reptile,pre1,pre1,word,爬虫類,爬虫類,名詞,pre1:1879,1
repute,repute,pre1,pre1,word,評判,評判,名詞,pre1:2471,1
resemblance,resemblance,pre1,pre1,word,類似,類似,名詞,pre1:1163,1
resemble,resemble,pre1,pre1,word,に似ている,に似ている,動詞,pre1:335,1
resent,resent,pre1,pre1;1,word,憤る，怒る,憤る，怒る,動詞,pre1:1239;1:273,2
reservoir,reservoir,pre1,pre1,word,貯水池,貯水池,名詞,pre1:2648,1
reside,reside,pre1,pre1;1,word,住む，居住する,住む，居住する,動詞,pre1:1373;1:162,2
residence,residence,pre1,pre1;1,word,住宅，居住地,住宅，居住地,名詞,pre1:272;1:90,2
residential,residential,pre1,pre1,word,居住の，住居の,居住の，住居の,形容詞,pre1:1136,1
residue,residue,pre1,pre1,word,残留物，残余,残留物，残余,名詞,pre1:2835,1
resilient,resilient,pre1,pre1;1,word,弾力性のある、柔軟な,弾力性のある、柔軟な / 弾力性のある，柔軟な,形容詞,pre1:3195;1:1389,2
resistant,resistant,pre1,pre1;1,word,抵抗する，反抗する,抵抗する，反抗する,形容詞,pre1:1443;1:354,2
resolute,resolute,pre1,pre1,word,断固たる,断固たる,形容詞,pre1:2340,1
respectively,respectively,pre1,pre1,word,それぞれ，別々に,それぞれ，別々に,副詞,pre1:1692,1
respondent,respondent,pre1,pre1,word,被告，応答,被告，応答,名詞,pre1:2386,1
rest on,rest on,pre1,pre1;1,phrase,に基づく，に頼る,に基づく，に頼る,熟語,pre1:875;1:2818,2
resume,resume,pre1,pre1;1,word,再開する，続ける,再開する，続ける,動詞,pre1:711;1:17,2
retailer,retailer,pre1,pre1,word,小売業者,小売業者,名詞,pre1:2102,1
retention,retention,pre1,pre1,word,保持，維持,保持，維持,名詞,pre1:2730,1
retort,retort,pre1,pre1,word,言い返す,言い返す,動詞,pre1:2252,1
retrace,retrace,pre1,pre1,word,引き返す,引き返す,動詞,pre1:2903,1
retreat,retreat,pre1,pre1,word,へ退却する/後退,へ退却する/後退,動詞,pre1:526,1
retrospect,retrospect,pre1,pre1,word,回顧，回想,回顧，回想,名詞,pre1:2886,1
reunion,reunion,pre1,pre1,word,同窓会,同窓会,名詞,pre1:2779,1
revelation,revelation,pre1,pre1,word,啓示,啓示,名詞,pre1:1539,1
revitalize,revitalize,pre1,pre1;1,word,活性化させる,活性化させる / 活性化させる，刺激する,動詞,pre1:2971;1:618,2
revive,revive,pre1,pre1,word,生き返る,生き返る,動詞,pre1:906,1
revoke,revoke,pre1,pre1;1,word,取り消す，無効にする,取り消す，無効にする / 取り消す，撤回する,動詞,pre1:1834;1:849,2
revolt,revolt,pre1,pre1,word,反乱/反抗する,反乱/反抗する,動詞,pre1:1396,1
revolve,revolve,pre1,pre1,word,を回る，回転する,を回る，回転する,動詞,pre1:1289,1
rhetoric,rhetoric,pre1,pre1,word,美辞麗句,美辞麗句,名詞,pre1:1862,1
rib,rib,pre1,pre1,word,肋骨，あばら骨,肋骨，あばら骨,名詞,pre1:681,1
riddle,riddle,pre1,pre1,word,なぞ,なぞ,名詞,pre1:1243,1
ridge,ridge,pre1,pre1,word,尾根,尾根,名詞,pre1:1200,1
ridicule,ridicule,pre1,pre1;1,word,あざ笑う，嘲笑する,あざ笑う，嘲笑する,動詞,pre1:1903;1:102,2
right off,right off,pre1,pre1;1,phrase,すぐに，直ちに,すぐに，直ちに,副詞,pre1:634;1:2431,2
rigid,rigid,pre1,pre1,word,堅い,堅い,形容詞,pre1:1214,1
rigorous,rigorous,pre1,pre1;1,word,厳格な,厳格な / 厳しい，厳格な,形容詞,pre1:2461;pre1:2513;1:3682,3
riot,riot,pre1,pre1,word,暴動，騒動,暴動，騒動,名詞,pre1:1714,1
rip,rip,pre1,pre1,word,を裂く，破る,を裂く，破る,動詞,pre1:935,1
ripe,ripe,pre1,pre1,word,熟した，熟れた,熟した，熟れた,形容詞,pre1:441,1
ripple,ripple,pre1,pre1,word,波紋,波紋,名詞,pre1:2286,1
rise and shine,rise and shine,pre1,pre1;1,phrase,起き上がる，起床する,起き上がる，起床する,熟語,pre1:141;1:3261,2
rite,rite,pre1,pre1,word,儀式,儀式,名詞,pre1:2095,1
roam,roam,pre1,pre1,word,歩き回る,歩き回る,動詞,pre1:1337,1
roar,roar,pre1,pre1,word,とどろく，吠える,とどろく，吠える,動詞,pre1:883,1
rob,rob,pre1,pre1,word,から奪う，強奪する,から奪う，強奪する,動詞,pre1:74,1
robber,robber,pre1,pre1,word,強盗，強盗罪,強盗，強盗罪,名詞,pre1:26,1
robbery,robbery,pre1,pre1,word,強盗，強盗罪,強盗，強盗罪,名詞,pre1:759,1
robust,robust,pre1,pre1,word,たくましい，強靭な,たくましい，強靭な,形容詞,pre1:2896,1
rogue,rogue,pre1,pre1;1,word,悪党,悪党,名詞,pre1:2662;1:4054,2
role model,role model,pre1,pre1;1,phrase,お手本，模範,お手本，模範,熟語,pre1:1722;1:801,2
roll up,roll up,pre1,pre1;1,phrase,を巻き上げる，巻く,を巻き上げる，巻く,熟語,pre1:1258;1:78,2
root out,root out,pre1,pre1;1,phrase,根絶する，一掃する,根絶する，一掃する,熟語,pre1:841;1:3931,2
rosy,rosy,pre1,pre1,word,バラ色の,バラ色の,形容詞,pre1:560,1
rot,rot,pre1,pre1,word,腐敗する，腐る,腐敗する，腐る,動詞,pre1:1833,1
rotate,rotate,pre1,pre1,word,回転する,回転する,動詞,pre1:2331,1
rotten,rotten,pre1,pre1,word,腐った，腐敗した,腐った，腐敗した,形容詞,pre1:1843,1
rouge,rouge,pre1,pre1,word,口紅,口紅,名詞,pre1:2283,1
rough up,rough up,pre1,pre1,phrase,手荒く扱う，かき乱す,手荒く扱う，かき乱す,熟語,pre1:162,1
round and round,round and round,pre1,pre1;1,phrase,グルグルと，うろうろと,グルグルと，うろうろと,熟語,pre1:546;1:3429,2
round up,round up,pre1,pre1;1,phrase,寄せ集める，切り上げる,寄せ集める，切り上げる,熟語,pre1:2417;1:25,2
roundabout,roundabout,pre1,pre1,word,迂回の，遠回りの,迂回の，遠回りの,形容詞,pre1:1762,1
routinely,routinely,pre1,pre1;1,word,日常的に，いつものように,日常的に，いつものように,副詞,pre1:2985;1:110,2
rub in,rub in,pre1,pre1;1,phrase,刷り込む，繰り返し言う,刷り込む，繰り返し言う / 刷り込む，教え込む,熟語,pre1:254;1:631,2
rubbish,rubbish,pre1,pre1,word,ごみ，がらくた,ごみ，がらくた,名詞,pre1:947,1
rule of thumb,rule of thumb,pre1,pre1;1,phrase,親指で計測すること，大雑把な方法,親指で計測すること，大雑把な方法,名詞,pre1:350;1:3427,2
ruling,ruling,pre1,pre1;1,word,支配的な，主要な，優勢な,支配的な，主要な，優勢な,形容詞,pre1:451;1:127,2
rumble,rumble,pre1,pre1;1,word,ゴロゴロ鳴る,ゴロゴロ鳴る,動詞,pre1:2215;1:3283,2
run against,run against,pre1,pre1;1,phrase,にぶつかる，偶然出会う,にぶつかる，偶然出会う / にぶつかる，出くわす,熟語,pre1:2153;1:649,2
run down,run down,pre1,pre1;1,phrase,流れ落ちる，荒廃する,流れ落ちる，荒廃する,熟語,pre1:577;1:736,2
run errands,run errands,pre1,pre1;1,phrase,使い走りをする，お使いをする,使い走りをする，お使いをする,熟語,pre1:674;1:3445,2
rust,rust,pre1,pre1;1,word,錆び，酸化,錆び，酸化,名詞,pre1:1180;1:288,2
rustic,rustic,pre1,pre1;1,word,素朴な，田舎の,素朴な，田舎の / 田舎の,形容詞,pre1:2533;1:2193,2
rustle,rustle,pre1,pre1;1,word,ざわめく,ざわめく / さらさら音を立てる,動詞,pre1:1738;1:3424,2
rusty,rusty,pre1,pre1,word,さびた,さびた,形容詞,pre1:2230,1
ruthless,ruthless,pre1,pre1,word,冷酷な，無慈悲な,冷酷な，無慈悲な,形容詞,pre1:2543,1
sacred,sacred,pre1,pre1,word,神聖な，神の,神聖な，神の,形容詞,pre1:687,1
sage,sage,pre1,pre1,word,賢明な,賢明な,形容詞,pre1:2822,1
sales quota,sales quota,pre1,pre1;1,phrase,売上ノルマ，販売割当,売上ノルマ，販売割当,名詞,pre1:2042;1:2185,2
saloon,saloon,pre1,pre1,word,大広間,大広間,名詞,pre1:1605,1
salute,salute,pre1,pre1,word,に敬礼する,に敬礼する,動詞,pre1:1419,1
salvation,salvation,pre1,pre1,word,救済，救い,救済，救い,名詞,pre1:2522,1
sanction,sanction,pre1,pre1,word,認可，許可,認可，許可,名詞,pre1:2367,1
sanctuary,sanctuary,pre1,pre1,word,聖域，聖なる場所,聖域，聖なる場所,名詞,pre1:2723,1
sane,sane,pre1,pre1,word,正気の，気の確かな,正気の，気の確かな,形容詞,pre1:1868,1
sanitary,sanitary,pre1,pre1,word,衛生的な，公衆の,衛生的な，公衆の,形容詞,pre1:1433,1
sanity,sanity,pre1,pre1,word,正気,正気,名詞,pre1:1982,1
sap,sap,pre1,pre1;1,word,樹液,樹液,名詞,pre1:2767;1:2988,2
sarcasm,sarcasm,pre1,pre1;1,word,皮肉，嘲笑，冷笑,皮肉，嘲笑，冷笑,名詞,pre1:3392;1:1900,2
sarcastic,sarcastic,pre1,pre1,word,皮肉な，嫌みの,皮肉な，嫌みの,形容詞,pre1:2256,1
satire,satire,pre1,pre1,word,風刺，皮肉,風刺，皮肉,名詞,pre1:1588,1
saucer,saucer,pre1,pre1,word,受け皿,受け皿,名詞,pre1:404,1
saving account,saving account,pre1,pre1;1,phrase,普通預金，通常の預金,普通預金，通常の預金 / 普通預金，通常の預金，銀行預金,名詞,pre1:2855;1:924,2
scam,scam,pre1,pre1,word,詐欺,詐欺,名詞,pre1:3317,1
scanty,scanty,pre1,pre1,word,乏しい，不十分な,乏しい，不十分な,形容詞,pre1:1894,1
scarcely,scarcely,pre1,pre1,word,ほとんどない,ほとんどない,副詞,pre1:281,1
scenery,scenery,pre1,pre1,word,風景,風景,名詞,pre1:301,1
scent,scent,pre1,pre1,word,香り，におい,香り，におい,名詞,pre1:321,1
scold,scold,pre1,pre1,word,を叱る，に小言を言う,を叱る，に小言を言う,動詞,pre1:450,1
scoop up,scoop up,pre1,pre1,phrase,すくい取る，くみ上げる,すくい取る，くみ上げる,熟語,pre1:252,1
scorn,scorn,pre1,pre1,word,軽蔑，さげずみ,軽蔑，さげずみ,名詞,pre1:1347,1
scornful,scornful,pre1,pre1,word,さげずんだ，軽蔑する,さげずんだ，軽蔑する,形容詞,pre1:1841,1
scramble,scramble,pre1,pre1,word,をかき混ぜる，素早く進む,をかき混ぜる，素早く進む,動詞,pre1:1014,1
scrape,scrape,pre1,pre1,word,を削り取る,を削り取る,動詞,pre1:1050,1
scratch out,scratch out,pre1,pre1;1,phrase,線を引いて消す，を抹消する,線を引いて消す，を抹消する / (線を引いて)消す，取り消す,熟語,pre1:1728;1:719,2
screw,screw,pre1,pre1,word,ねじ,ねじ,名詞,pre1:256,1
script,script,pre1,pre1,word,台本，脚本,台本，脚本,名詞,pre1:1036,1
scrub,scrub,pre1,pre1,word,をこすり洗う,をこすり洗う,動詞,pre1:2089,1
scrutiny,scrutiny,pre1,pre1,word,精査,精査,名詞,pre1:2685,1
sculptor,sculptor,pre1,pre1,word,彫刻家,彫刻家,名詞,pre1:2077,1
seal,seal,pre1,pre1;1,word,密閉する，封鎖する,密閉する，封鎖する,動詞,pre1:295;1:279,2
seam,seam,pre1,pre1,word,縫い目，継ぎ目,縫い目，継ぎ目,名詞,pre1:1523,1
seasoning,seasoning,pre1,pre1,word,調味料，薬味,調味料，薬味,名詞,pre1:1453,1
seaweed,seaweed,pre1,pre1,word,海藻，海草,海藻，海草,名詞,pre1:1410,1
seclusion,seclusion,pre1,pre1,word,隔離，分離,隔離，分離,名詞,pre1:175,1
secular,secular,pre1,pre1,word,世俗の，現世の,世俗の，現世の,形容詞,pre1:2364,1
seduce,seduce,pre1,pre1,word,を誘惑する，そそのかす,を誘惑する，そそのかす,動詞,pre1:2806,1
see out,see out,pre1,pre1,phrase,見送る，見届ける,見送る，見届ける,熟語,pre1:257,1
see through,see through,pre1,pre1;1,phrase,を見抜く，見通す，透視する,を見抜く，見通す，透視する,熟語,pre1:2681;1:304,2
seemingly,seemingly,pre1,pre1;1,word,一見すると，表面上,一見すると，表面上,副詞,pre1:732;1:71,2
segment,segment,pre1,pre1;1,word,区切り，部分,区切り，部分,名詞,pre1:2182;1:50,2
segregate,segregate,pre1,pre1,word,を分離する，隔離する,を分離する，隔離する,動詞,pre1:2727,1
seldom if ever,seldom if ever,pre1,pre1;1,phrase,めったに，しない,めったに，しない,熟語,pre1:603;1:2927,2
self-esteem,self-esteem,pre1,pre1,word,自尊心,自尊心,名詞,pre1:2994,1
sell out,sell out,pre1,pre1;1,phrase,売りつくす，売却する,売りつくす，売却する,熟語,pre1:1860;1:2337,2
send in,send in,pre1,pre1,phrase,に送る，提出する,に送る，提出する,熟語,pre1:915,1
send out for,send out for,pre1,pre1;1,phrase,お使いに出す，出前を頼む,お使いに出す，出前を頼む / お使いに出す，依頼する,熟語,pre1:2018;1:1443,2
sensory,sensory,pre1,pre1,word,感覚の,感覚の,形容詞,pre1:2542,1
sentiment,sentiment,pre1,pre1,word,感情，心情,感情，心情,名詞,pre1:605,1
sequel,sequel,pre1,pre1,word,続編，続き,続編，続き,名詞,pre1:2799,1
serene,serene,pre1,pre1;1,word,穏やかな,穏やかな,形容詞,pre1:3388;1:3090,2
sergeant,sergeant,pre1,pre1,word,軍曹,軍曹,名詞,pre1:1582,1
sermon,sermon,pre1,pre1,word,説教，説法,説教，説法,名詞,pre1:1907,1
set a precedent,set a precedent,pre1,pre1;1,phrase,先例を作る，前例を作る,先例を作る，前例を作る,熟語,pre1:136;1:3472,2
set aside,set aside,pre1,pre1;1,phrase,横に置く，取っておく,横に置く，取っておく,熟語,pre1:2443;1:888,2
set forth,set forth,pre1,pre1;1,phrase,説明する，を明らかにする,説明する，を明らかにする,熟語,pre1:414;1:2762,2
set in,set in,pre1,pre1;1,phrase,始まる，起こる,始まる，起こる / 始まる，起こる，発生する,熟語,pre1:1563;1:949,2
set off,set off,pre1,pre1;1,phrase,を引き起こす,を引き起こす / を引き起こす，招く，原因となる,熟語,pre1:1970;1:972,2
settle up,settle up,pre1,pre1;1,phrase,を支払う，払い戻す,を支払う，払い戻す,熟語,pre1:2213;1:412,2
severely,severely,pre1,pre1,word,厳しく，ひどく,厳しく，ひどく,副詞,pre1:607,1
sew,sew,pre1,pre1,word,縫う，繕う,縫う，繕う,動詞,pre1:312,1
sew up,sew up,pre1,pre1;1,phrase,縫合する，縫い合わせる,縫合する，縫い合わせる / 縫合する，うまくまとめる,熟語,pre1:192;1:2812,2
sewer,sewer,pre1,pre1,word,下水道,下水道,名詞,pre1:2713,1
shabby,shabby,pre1,pre1,word,みすぼらしい,みすぼらしい,形容詞,pre1:1538,1
shady,shady,pre1,pre1;1,word,陰になった，日陰になった,陰になった，日陰になった,形容詞,pre1:1178;1:422,2
shaft,shaft,pre1,pre1,word,軸,軸,名詞,pre1:3190,1
shake up,shake up,pre1,pre1;1,phrase,大きく変える，再編する,大きく変える，再編する,熟語,pre1:2297;1:595,2
shallow,shallow,pre1,pre1,word,浅い,浅い,形容詞,pre1:171,1
shameful,shameful,pre1,pre1,word,恥ずべき,恥ずべき,形容詞,pre1:948,1
shareholder,shareholder,pre1,pre1,word,株主,株主,名詞,pre1:2128,1
shatter,shatter,pre1,pre1,word,を粉砕する,を粉砕する,動詞,pre1:983,1
shawl,shawl,pre1,pre1,word,肩掛け,肩掛け,名詞,pre1:1945,1
shed light on,shed light on,pre1,pre1;1,phrase,に光を放つ，当てる,に光を放つ，当てる,熟語,pre1:127;1:2788,2
sheer,sheer,pre1,pre1,word,本当の，透けるほど薄い,本当の，透けるほど薄い,形容詞,pre1:1172,1
shelf life,shelf life,pre1,pre1;1,phrase,保存可能期間，賞味期限,保存可能期間，賞味期限,名詞,pre1:785;1:3750,2
shell,shell,pre1,pre1,word,貝殻，貝,貝殻，貝,名詞,pre1:86,1
shiny,shiny,pre1,pre1,word,輝いた，光沢のある,輝いた，光沢のある,形容詞,pre1:529,1
shipping,shipping,pre1,pre1,word,輸送，発送,輸送，発送,名詞,pre1:888,1
shiver,shiver,pre1,pre1,word,震える，おののく,震える，おののく,動詞,pre1:1123,1
shoelace,shoelace,pre1,pre1,word,靴ひも,靴ひも,名詞,pre1:2394,1
shoplift,shoplift,pre1,pre1,word,を万引きする,を万引きする,動詞,pre1:2604,1
short-term,short-term,pre1,pre1,word,短期の,短期の,形容詞,pre1:2998,1
shove,shove,pre1,pre1,word,を突き出す，押す,を突き出す，押す,動詞,pre1:1985,1
shrewd,shrewd,pre1,pre1,word,鋭敏な，鋭い,鋭敏な，鋭い,形容詞,pre1:2351,1
shriek,shriek,pre1,pre1,word,悲鳴を上げる/悲鳴,悲鳴を上げる/悲鳴,動詞,pre1:1858,1
shrill,shrill,pre1,pre1,word,かん高い，金切り声の,かん高い，金切り声の,形容詞,pre1:2311,1
shrine,shrine,pre1,pre1,word,神社，聖堂,神社，聖堂,名詞,pre1:1009,1
shrub,shrub,pre1,pre1,word,低木，かん木,低木，かん木,名詞,pre1:1620,1
shudder,shudder,pre1,pre1,word,身震いする,身震いする,動詞,pre1:2268,1
shun,shun,pre1,pre1;1,word,を避ける,を避ける / 避ける，回避する,動詞,pre1:2609;1:792,2
shut out,shut out,pre1,pre1;1,phrase,を締め出す，閉め出す,を締め出す，閉め出す / を締め出す，閉め出す，遮る,熟語,pre1:1383;1:962,2
sibling,sibling,pre1,pre1,word,兄弟姉妹,兄弟姉妹,名詞,pre1:2392,1
side job,side job,pre1,pre1;1,phrase,副業，アルバイト,副業，アルバイト,名詞,pre1:1340;1:1267,2
siege,siege,pre1,pre1,word,包囲,包囲,名詞,pre1:2435,1
sift,sift,pre1,pre1,word,をふるいにかける,をふるいにかける,動詞,pre1:2628,1
sign up,sign up,pre1,pre1;1,phrase,登録する，署名する,登録する，署名する,熟語,pre1:2704;1:702,2
signify,signify,pre1,pre1;1,word,意味する，示す,意味する，示す,動詞,pre1:1084;1:495,2
simmer,simmer,pre1,pre1,word,煮る,煮る,動詞,pre1:3273,1
simultaneous,simultaneous,pre1,pre1,word,同時の，同時に起こる,同時の，同時に起こる,形容詞,pre1:1589,1
simultaneously,simultaneously,pre1,pre1,word,同時に,同時に,副詞,pre1:928,1
sincerity,sincerity,pre1,pre1,word,誠意，誠実,誠意，誠実,名詞,pre1:1095,1
singular,singular,pre1,pre1;1,word,特異な，非凡な,特異な，非凡な / 特異な，特有の,形容詞,pre1:733;1:759,2
sinister,sinister,pre1,pre1;1,word,不吉な，縁起の悪い,不吉な，縁起の悪い / 不吉な，縁起が悪い,形容詞,pre1:2521;1:839,2
sink in,sink in,pre1,pre1;1,phrase,浸透する，理解される,浸透する，理解される,熟語,pre1:1309;1:2205,2
sinner,sinner,pre1,pre1,word,罪人,罪人,名詞,pre1:2807,1
sip,sip,pre1,pre1,word,一口飲む,一口飲む,動詞,pre1:1776,1
sit by,sit by,pre1,pre1;1,phrase,傍観する，見守る,傍観する，見守る / 傍観する，見物する，見守る,熟語,pre1:1385;1:1778,2
situate,situate,pre1,pre1,word,を置く，位置させる,を置く，位置させる,動詞,pre1:1503,1
skeptical,skeptical,pre1,pre1;1,word,懐疑的な，疑い深い,懐疑的な，疑い深い,形容詞,pre1:2718;1:14,2
skid,skid,pre1,pre1;1,word,滑り止め，横滑り,滑り止め，横滑り / 横滑り,名詞,pre1:2239;1:4008,2
skim,skim,pre1,pre1,word,すくい取る,すくい取る,動詞,pre1:1576,1
skim over,skim over,pre1,pre1;1,phrase,流し読みする，ざっと読む，素早く読む,流し読みする，ざっと読む，素早く読む,熟語,pre1:2729;1:484,2
skinny,skinny,pre1,pre1,word,やせこけた,やせこけた,形容詞,pre1:1919,1
skull,skull,pre1,pre1,word,頭蓋骨,頭蓋骨,名詞,pre1:2957,1
skyscraper,skyscraper,pre1,pre1,word,超高層建築物，摩天楼,超高層建築物，摩天楼,名詞,pre1:961,1
slack,slack,pre1,pre1,word,緩んだ，たるんだ,緩んだ，たるんだ,形容詞,pre1:2499,1
slam,slam,pre1,pre1,word,強く閉める,強く閉める,動詞,pre1:1227,1
slant,slant,pre1,pre1;1,word,傾斜/傾く,傾斜/傾く / 傾斜，傾き,名詞,pre1:1793;1:497,2
slap,slap,pre1,pre1,word,平手打ち,平手打ち,名詞,pre1:760,1
slaughter,slaughter,pre1,pre1;1,word,虐殺，大量殺戮,虐殺，大量殺戮,名詞,pre1:2227;1:203,2
slave,slave,pre1,pre1,word,奴隷,奴隷,名詞,pre1:47,1
slay,slay,pre1,pre1,word,を殺害する，計画的に殺す,を殺害する，計画的に殺す,動詞,pre1:1510,1
sled,sled,pre1,pre1,word,そり,そり,名詞,pre1:2694,1
sleep over,sleep over,pre1,pre1;1,phrase,外泊する，を見落とす,外泊する，を見落とす,熟語,pre1:606;1:2769,2
sling,sling,pre1,pre1;1,word,投石器,投石器 / つり縄，つり紐,名詞,pre1:2678;1:1157,2
slip by,slip by,pre1,pre1;1,phrase,そっと通り過ぎる，静かに通過する,そっと通り過ぎる，静かに通過する / そっと通り過ぎる，静かに過ぎる,熟語,pre1:1755;1:672,2
slip of the tongue,slip of the tongue,pre1,pre1;1,phrase,失言，口を滑らせる,失言，口を滑らせる,熟語,pre1:1099;1:3955,2
slip up,slip up,pre1,pre1;1,phrase,やり損なう，うっかり誤る,やり損なう，うっかり誤る,熟語,pre1:2255;1:2129,2
slit,slit,pre1,pre1;1,word,を切り開く,を切り開く / 切り開く,動詞,pre1:2969;1:3176,2
sloppy,sloppy,pre1,pre1;1,word,ずさんな，いい加減な,ずさんな，いい加減な,形容詞,pre1:3384;1:640,2
sluggish,sluggish,pre1,pre1;1,word,鈍い，遅い,鈍い，遅い / 鈍い,形容詞,pre1:2923;1:2294,2
slumber,slumber,pre1,pre1,word,まどろむ，心地よく眠る,まどろむ，心地よく眠る,動詞,pre1:1766,1
sly,sly,pre1,pre1,word,ずるい，陰険な,ずるい，陰険な,形容詞,pre1:1533,1
smooth over,smooth over,pre1,pre1;1,phrase,丸く収める，穏便に済ます,丸く収める，穏便に済ます,熟語,pre1:1349;1:70,2
smudge,smudge,pre1,pre1;1,word,汚れ,汚れ,名詞,pre1:3231;1:2809,2
smuggle,smuggle,pre1,pre1,word,を密輸する,を密輸する,動詞,pre1:1990,1
snap out of,snap out of,pre1,pre1;1,phrase,から素早く脱出する，抜け出す,から素早く脱出する，抜け出す,熟語,pre1:629;1:3574,2
snare,snare,pre1,pre1,word,わな,わな,名詞,pre1:1861,1
snatch,snatch,pre1,pre1,word,をひったくる,をひったくる,動詞,pre1:550,1
sneak,sneak,pre1,pre1,word,こっそり動く,こっそり動く,動詞,pre1:2100,1
sneer,sneer,pre1,pre1,word,冷笑する，あざ笑う,冷笑する，あざ笑う,動詞,pre1:2155,1
sniff,sniff,pre1,pre1,word,を嗅ぐ，におう,を嗅ぐ，におう,動詞,pre1:2113,1
snore,snore,pre1,pre1,word,いびきをかく，睡眠中にうるさく呼吸する,いびきをかく，睡眠中にうるさく呼吸する,動詞,pre1:1513,1
snort,snort,pre1,pre1,word,鼻を鳴らす,鼻を鳴らす,動詞,pre1:2050,1
soap,soap,pre1,pre1,word,せっけん,せっけん,名詞,pre1:64,1
sob,sob,pre1,pre1;1,word,すすり泣く，涙声で泣く,すすり泣く，涙声で泣く / すすり泣く，涙声で泣く，泣く音,動詞,pre1:833;1:1679,2
sober,sober,pre1,pre1,word,酒を飲んでいない,酒を飲んでいない,形容詞,pre1:1205,1
solely,solely,pre1,pre1;1,word,単独で，専ら,単独で，専ら,副詞,pre1:547;1:119,2
solemnly,solemnly,pre1,pre1,word,粛々と，厳粛に,粛々と，厳粛に,副詞,pre1:1303,1
solicit,solicit,pre1,pre1,word,を懇願する,を懇願する,動詞,pre1:2672,1
solitary,solitary,pre1,pre1,word,独りの，独りぼっちの,独りの，独りぼっちの,形容詞,pre1:1010,1
solitude,solitude,pre1,pre1,word,孤独,孤独,名詞,pre1:3323,1
soothe,soothe,pre1,pre1;1,word,落ち着かせる，安定させる,落ち着かせる，安定させる,動詞,pre1:3067;1:1233,2
sort out,sort out,pre1,pre1;1,phrase,分類する，改善する,分類する，改善する / 分類する，改善する，類別する,熟語,pre1:1851;1:1422,2
sovereign,sovereign,pre1,pre1,word,主権者，君主,主権者，君主,名詞,pre1:2316,1
sovereignty,sovereignty,pre1,pre1,word,主権，統治権,主権，統治権,名詞,pre1:2390,1
sow,sow,pre1,pre1,word,の種をまく,の種をまく,動詞,pre1:531,1
spacecraft,spacecraft,pre1,pre1,word,宇宙船,宇宙船,名詞,pre1:1159,1
spank,spank,pre1,pre1,word,尻を叩く,尻を叩く,動詞,pre1:2898,1
spark,spark,pre1,pre1,word,火花，きらめき,火花，きらめき,名詞,pre1:2,1
speak for,speak for,pre1,pre1;1,phrase,を代弁する，の代理で話す，言い表す,を代弁する，の代理で話す，言い表す,熟語,pre1:1295;1:282,2
speak ill of,speak ill of,pre1,pre1;1,phrase,の悪口を言う，を悪く言う,の悪口を言う，を悪く言う,熟語,pre1:509;1:3405,2
speaking of which,speaking of which,pre1,pre1;1,phrase,と言えば，に関して,と言えば，に関して / と言えば，それについて,熟語,pre1:1246;1:1739,2
specimen,specimen,pre1,pre1,word,検体，見本,検体，見本,名詞,pre1:1923,1
spectacle,spectacle,pre1,pre1,word,光景，ありさま,光景，ありさま,名詞,pre1:125,1
spectacular,spectacular,pre1,pre1;1,word,壮観な，見事な,壮観な，見事な,形容詞,pre1:1065;1:181,2
spectrum,spectrum,pre1,pre1;1,word,波長分布，波長の分布，光の分布,波長分布，波長の分布，光の分布 / 波長分布，光の分布，波長の分布,名詞,pre1:2512;1:337,2
speculate,speculate,pre1,pre1,word,推測する,推測する,動詞,pre1:2167,1
speculation,speculation,pre1,pre1,word,憶測，推測,憶測，推測,名詞,pre1:990,1
spine,spine,pre1,pre1,word,脊椎，背骨,脊椎，背骨,名詞,pre1:1975,1
spiral,spiral,pre1,pre1,word,螺旋の,螺旋の,形容詞,pre1:2614,1
spit,spit,pre1,pre1,word,唾を吐く,唾を吐く,動詞,pre1:967,1
spite,spite,pre1,pre1;1,word,悪意，恨み,悪意，恨み,名詞,pre1:65;1:147,2
splendid,splendid,pre1,pre1,word,素晴らしい，華やかな,素晴らしい，華やかな,形容詞,pre1:438,1
splendor,splendor,pre1,pre1,word,輝き,輝き,名詞,pre1:1752,1
split up,split up,pre1,pre1;1,phrase,を分ける，分割する，区別する,を分ける，分割する，区別する,熟語,pre1:2048;1:514,2
spontaneous,spontaneous,pre1,pre1,word,自発的な，任意の,自発的な，任意の,形容詞,pre1:20,1
sporadically,sporadically,pre1,pre1,word,散発的に，まばらに,散発的に，まばらに,副詞,pre1:2980,1
sprain,sprain,pre1,pre1,word,をくじく，捻挫する,をくじく，捻挫する,動詞,pre1:2984,1
sprawl,sprawl,pre1,pre1,word,寝そべる,寝そべる,動詞,pre1:2070,1
spring from,spring from,pre1,pre1;1,phrase,から生じる，から生まれる,から生じる，から生まれる,熟語,pre1:1103;1:3278,2
sprinkle,sprinkle,pre1,pre1,word,を振りかける,を振りかける,動詞,pre1:654,1
sprout,sprout,pre1,pre1;1,word,芽，新芽,芽，新芽,名詞,pre1:3050;1:840,2
squad,squad,pre1,pre1,word,分隊,分隊,名詞,pre1:2381,1
squeak,squeak,pre1,pre1;1,word,きしむ,きしむ,動詞,pre1:2902;1:2541,2
stab,stab,pre1,pre1;1,word,刺す，突き刺す,刺す，突き刺す,動詞,pre1:1654;1:237,2
stability,stability,pre1,pre1;1,word,安定，平穏，均衡,安定，平穏，均衡,名詞,pre1:1350;1:332,2
stabilize,stabilize,pre1,pre1,word,固定させる，安定させる,固定させる，安定させる,動詞,pre1:104,1
stack,stack,pre1,pre1,word,積み重ねる，累積する,積み重ねる，累積する,動詞,pre1:1100,1
stagger,stagger,pre1,pre1,word,よろめく，よろよろ歩く,よろめく，よろよろ歩く,動詞,pre1:1226,1
stagnant,stagnant,pre1,pre1;1,word,停滞している,停滞している / 停滞している，静止している,形容詞,pre1:1865;1:1311,2
stain,stain,pre1,pre1,word,よごれ,よごれ,名詞,pre1:665,1
staircase,staircase,pre1,pre1,word,階段,階段,名詞,pre1:1026,1
stairs,stairs,pre1,pre1,word,階段,階段,名詞,pre1:164,1
stale,stale,pre1,pre1,word,古くさい，新鮮でない,古くさい，新鮮でない,形容詞,pre1:1189,1
stammer,stammer,pre1,pre1,word,どもる，口ごもる,どもる，口ごもる,動詞,pre1:2016,1
stand down,stand down,pre1,pre1;1,phrase,身を引く，後退する,身を引く，後退する,熟語,pre1:253;1:561,2
stand over,stand over,pre1,pre1;1,phrase,を監督する，延期する,を監督する，延期する,熟語,pre1:987;1:198,2
stand up to,stand up to,pre1,pre1;1,phrase,に抵抗する，耐える，反抗する,に抵抗する，耐える，反抗する,熟語,pre1:1905;1:335,2
standstill,standstill,pre1,pre1,word,停止,停止,名詞,pre1:3100,1
stapler,stapler,pre1,pre1,word,ホッチキス,ホッチキス,名詞,pre1:1535,1
startle,startle,pre1,pre1,word,驚愕させる,驚愕させる,動詞,pre1:540,1
starvation,starvation,pre1,pre1,word,飢餓，餓死,飢餓，餓死,名詞,pre1:1098,1
statesman,statesman,pre1,pre1;1,word,政治家,政治家 / 政治家，政府の役人,名詞,pre1:640;1:1200,2
statistical,statistical,pre1,pre1,word,統計的な,統計的な,形容詞,pre1:1567,1
stature,stature,pre1,pre1;1,word,身長，身の丈,身長，身の丈,名詞,pre1:3302;1:803,2
statute,statute,pre1,pre1,word,法令,法令,名詞,pre1:2162,1
stay in touch with,stay in touch with,pre1,pre1;1,phrase,と連絡を取り続ける，絶えず連絡する,と連絡を取り続ける，絶えず連絡する / と連絡を取り続ける，絶えず連絡する，つながりを保つ,熟語,pre1:2166;1:306,2
stay off,stay off,pre1,pre1;1,phrase,から離れる，距離を取る,から離れる，距離を取る,熟語,pre1:1758;1:1049,2
steadfast,steadfast,pre1,pre1,word,固定した，確固とした,固定した，確固とした,形容詞,pre1:1501,1
steep,steep,pre1,pre1,word,急勾配の，傾斜の急な,急勾配の，傾斜の急な,形容詞,pre1:255,1
steer,steer,pre1,pre1,word,を操縦する，かじを取る,を操縦する，かじを取る,動詞,pre1:752,1
step down,step down,pre1,pre1;1,phrase,降りる，身を引く,降りる，身を引く,熟語,pre1:1208;1:689,2
stepfather,stepfather,pre1,pre1;1,word,継父，義父,継父，義父,名詞,pre1:2864;1:1108,2
sterile,sterile,pre1,pre1,word,殺菌した，不妊の,殺菌した，不妊の,形容詞,pre1:2306,1
steward,steward,pre1,pre1,word,給仕，執事,給仕，執事,名詞,pre1:1592,1
stick around,stick around,pre1,pre1;1,phrase,居残る，うろうろする,居残る，うろうろする,熟語,pre1:2428;1:797,2
stick to,stick to,pre1,pre1;1,phrase,にくっつく，接着する,にくっつく，接着する,熟語,pre1:1635;1:2069,2
stick up,stick up,pre1,pre1;1,phrase,上に突き出る，両手を挙げさせる,上に突き出る，両手を挙げさせる,熟語,pre1:1085;1:3505,2
stick up for,stick up for,pre1,pre1;1,phrase,を支持する，を弁護する，を擁護する,を支持する，を弁護する，を擁護する,熟語,pre1:1883;1:437,2
stick with,stick with,pre1,pre1;1,phrase,に固執する，堅持する,に固執する，堅持する,熟語,pre1:1389;1:179,2
sticky,sticky,pre1,pre1,word,べたつく，ねばねばした,べたつく，ねばねばした,形容詞,pre1:283,1
stiffen,stiffen,pre1,pre1,word,を堅くする，硬化する,を堅くする，硬化する,動詞,pre1:1740,1
stillness,stillness,pre1,pre1,word,静寂，静けさ,静寂，静けさ,名詞,pre1:1339,1
stimulus,stimulus,pre1,pre1,word,刺激,刺激,名詞,pre1:1064,1
sting,sting,pre1,pre1;1,word,刺す，突く,刺す，突く,動詞,pre1:314;1:532,2
stink,stink,pre1,pre1,word,悪臭を放つ,悪臭を放つ,動詞,pre1:2748,1
stir up,stir up,pre1,pre1;1,phrase,をかき混ぜる，刺激する,をかき混ぜる，刺激する,熟語,pre1:1362;1:1165,2
stitch,stitch,pre1,pre1;1,word,縫い目,縫い目 / 一編み，一つ編み,名詞,pre1:722;1:1019,2
stony,stony,pre1,pre1,word,石の，石の多い,石の，石の多い,形容詞,pre1:1116,1
stool,stool,pre1,pre1,word,腰かけ椅子,腰かけ椅子,名詞,pre1:1265,1
stoop,stoop,pre1,pre1,word,かがむ,かがむ,動詞,pre1:1119,1
stop by,stop by,pre1,pre1;1,phrase,立ち寄る，短時間訪れる,立ち寄る，短時間訪れる / 立ち寄る，寄る,熟語,pre1:2599;1:1820,2
stop over,stop over,pre1,pre1,phrase,立ち寄る,立ち寄る,熟語,pre1:3295,1
stout,stout,pre1,pre1,word,頑丈な，太った,頑丈な，太った,形容詞,pre1:1786,1
straddle,straddle,pre1,pre1;1,word,またがる，乗り越える,またがる，乗り越える,動詞,pre1:3112;1:1875,2
strand,strand,pre1,pre1,word,行き詰らせる，座礁させる,行き詰らせる，座礁させる,動詞,pre1:1720,1
strangle,strangle,pre1,pre1,word,を絞め殺す，窒息させる,を絞め殺す，窒息させる,動詞,pre1:2320,1
strategic,strategic,pre1,pre1,word,戦略的な,戦略的な,形容詞,pre1:2154,1
stray,stray,pre1,pre1,word,迷い込む,迷い込む,動詞,pre1:1162,1
strictly,strictly,pre1,pre1;1,word,厳密に，厳しく,厳密に，厳しく,副詞,pre1:4;1:249,2
stride,stride,pre1,pre1,word,大きく歩く，元気よく歩く,大きく歩く，元気よく歩く,動詞,pre1:867,1
strife,strife,pre1,pre1,word,闘争，争い,闘争，争い,名詞,pre1:1398,1
striking,striking,pre1,pre1,word,印象的な，目立つ,印象的な，目立つ,形容詞,pre1:146,1
strip A of B,strip a of b,pre1,pre1;1,phrase,AからBを取り去る，奪う,AからBを取り去る，奪う,熟語,pre1:1106;1:2713,2
strive,strive,pre1,pre1,word,努力する，励む,努力する，励む,動詞,pre1:549,1
stroll,stroll,pre1,pre1,word,散歩する,散歩する,動詞,pre1:2076,1
structural,structural,pre1,pre1,word,構造上の，構成上の,構造上の，構成上の,形容詞,pre1:1212,1
stumble,stumble,pre1,pre1,word,につまずく,につまずく,動詞,pre1:755,1
stumbling block,stumbling block,pre1,pre1;1,phrase,障害，障害物,障害，障害物,名詞,pre1:187;1:3645,2
stump,stump,pre1,pre1,word,切り株,切り株,名詞,pre1:1130,1
stun,stun,pre1,pre1,word,を気絶させる,を気絶させる,動詞,pre1:2561,1
stupidity,stupidity,pre1,pre1,word,愚かさ，愚鈍,愚かさ，愚鈍,名詞,pre1:1074,1
sturdy,sturdy,pre1,pre1,word,たくましい，頑強な,たくましい，頑強な,形容詞,pre1:54,1
subconscious,subconscious,pre1,pre1,word,潜在意識の,潜在意識の,名詞,pre1:2159,1
subdue,subdue,pre1,pre1;1,word,鎮圧する，抑制する,鎮圧する，抑制する,動詞,pre1:1806;1:418,2
subject to,subject to,pre1,pre1;1,phrase,の支配下にある，によると,の支配下にある，によると,熟語,pre1:2265;1:1085,2
sublime,sublime,pre1,pre1,word,高尚な，気品のある,高尚な，気品のある,形容詞,pre1:1661,1
submarine,submarine,pre1,pre1;1,word,潜水艦，水中艇,潜水艦，水中艇,名詞,pre1:1685;1:285,2
submerge,submerge,pre1,pre1,word,を水中に入れる，浸す,を水中に入れる，浸す,動詞,pre1:2172,1
submission,submission,pre1,pre1,word,提出，降伏,提出，降伏,名詞,pre1:1906,1
subordinate,subordinate,pre1,pre1,word,下位の,下位の,形容詞,pre1:1979,1
subscription,subscription,pre1,pre1,word,購読，定期購読,購読，定期購読,名詞,pre1:1497,1
subside,subside,pre1,pre1,word,低下する，沈む,低下する，沈む,動詞,pre1:2099,1
subsidiary,subsidiary,pre1,pre1,word,子会社,子会社,名詞,pre1:1462,1
subsidy,subsidy,pre1,pre1,word,補助金,補助金,名詞,pre1:1461,1
substantially,substantially,pre1,pre1;1,word,実質的に，本質的に,実質的に，本質的に,副詞,pre1:2199;1:379,2
subtract,subtract,pre1,pre1,word,差し引く,差し引く,動詞,pre1:1477,1
suburban,suburban,pre1,pre1;1,word,郊外の，郊外型の,郊外の，郊外型の,形容詞,pre1:2206;1:393,2
successor,successor,pre1,pre1;1,word,後継，次代,後継，次代,名詞,pre1:1261;1:493,2
suck,suck,pre1,pre1,word,を吸う，すする,を吸う，すする,動詞,pre1:231,1
suction,suction,pre1,pre1,word,吸引,吸引,名詞,pre1:3157,1
suffice,suffice,pre1,pre1,word,満足させる，足りる,満足させる，足りる,動詞,pre1:2177,1
sulfur,sulfur,pre1,pre1;1,word,硫黄,硫黄,名詞,pre1:2284;1:2203,2
sullen,sullen,pre1,pre1;1,word,不機嫌な，不機嫌そうな,不機嫌な，不機嫌そうな / 不機嫌な,形容詞,pre1:1816;1:3899,2
sum up,sum up,pre1,pre1;1,phrase,を合計する，要約する,を合計する，要約する / を合計する，集計する,熟語,pre1:2655;1:1262,2
summer solstice,summer solstice,pre1,pre1,phrase,夏至,夏至,名詞,pre1:2455,1
sunken,sunken,pre1,pre1,word,沈んだ,沈んだ,形容詞,pre1:2698,1
superb,superb,pre1,pre1,word,見事な，立派な,見事な，立派な,形容詞,pre1:1810,1
superficial,superficial,pre1,pre1,word,表面的な,表面的な,形容詞,pre1:3070,1
superintendent,superintendent,pre1,pre1,word,監督者,監督者,名詞,pre1:2514,1
supernatural,supernatural,pre1,pre1,word,超自然的な,超自然的な,形容詞,pre1:1689,1
supersonic,supersonic,pre1,pre1,word,超音速の,超音速の,形容詞,pre1:2538,1
superstition,superstition,pre1,pre1,word,迷信,迷信,名詞,pre1:1493,1
superstitious,superstitious,pre1,pre1,word,迷信的な,迷信的な,形容詞,pre1:2073,1
supervise,supervise,pre1,pre1,word,監督する，管理する,監督する，管理する,動詞,pre1:1566,1
supervision,supervision,pre1,pre1;1,word,監督，指導者,監督，指導者,名詞,pre1:936;1:360,2
supplier,supplier,pre1,pre1;1,word,供給者，供給元，仕入先,供給者，供給元，仕入先 / 供給者，供給元,名詞,pre1:1804;1:296,2
supposedly,supposedly,pre1,pre1;1,word,たぶん，おそらく,たぶん，おそらく,副詞,pre1:2001;1:26,2
suppression,suppression,pre1,pre1,word,抑制，鎮圧,抑制，鎮圧,名詞,pre1:1783,1
supremacy,supremacy,pre1,pre1;1,word,至高，覇権,至高，覇権 / 最高，至高,名詞,pre1:2703;1:1112,2
surge,surge,pre1,pre1;1,word,波打つ，急に上がる,波打つ，急に上がる,動詞,pre1:2645;1:507,2
surgeon,surgeon,pre1,pre1;1,word,外科医，手術医,外科医，手術医,名詞,pre1:621;1:135,2
surgical,surgical,pre1,pre1;1,word,外科の，外科的な,外科の，外科的な,形容詞,pre1:2584;1:529,2
surmise,surmise,pre1,pre1;1,word,を推測する,を推測する / 推測する,動詞,pre1:2480;1:3134,2
surmount,surmount,pre1,pre1,word,乗り越える,乗り越える,動詞,pre1:3080,1
surpass,surpass,pre1,pre1;1,word,超える，勝る,超える，勝る,動詞,pre1:1600;1:173,2
surplus,surplus,pre1,pre1,word,余剰，余り,余剰，余り,名詞,pre1:1850,1
surrender,surrender,pre1,pre1;1,word,降伏する，投降する,降伏する，投降する,動詞,pre1:372;1:137,2
surrounding,surrounding,pre1,pre1,word,周囲，付近,周囲，付近,名詞,pre1:291,1
surveillance,surveillance,pre1,pre1;1,word,監視，見守り,監視，見守り,名詞,pre1:2966;1:284,2
suspension,suspension,pre1,pre1,word,停止,停止,名詞,pre1:1924,1
suspicion,suspicion,pre1,pre1,word,疑い，疑惑,疑い，疑惑,名詞,pre1:538,1
swallow up,swallow up,pre1,pre1;1,phrase,飲み込む，使い尽くす,飲み込む，使い尽くす,熟語,pre1:742;1:3950,2
swamp,swamp,pre1,pre1,word,沼地，湿地,沼地，湿地,名詞,pre1:1229,1
swap,swap,pre1,pre1,word,交換する，取り換える,交換する，取り換える,動詞,pre1:2404,1
swarm,swarm,pre1,pre1,word,群れ,群れ,名詞,pre1:1629,1
sway,sway,pre1,pre1,word,揺さぶる,揺さぶる,動詞,pre1:956,1
swell,swell,pre1,pre1,word,膨れる，大きくなる,膨れる，大きくなる,動詞,pre1:766,1
swift,swift,pre1,pre1,word,迅速な，速い,迅速な，速い,形容詞,pre1:470,1
swipe,swipe,pre1,pre1,word,拭く,拭く,動詞,pre1:3377,1
swirl,swirl,pre1,pre1,word,渦巻く，旋回する,渦巻く，旋回する,動詞,pre1:2197,1
swoop,swoop,pre1,pre1;1,word,急襲する,急襲する / 急降下する，急落する,動詞,pre1:2874;1:1183,2
syllable,syllable,pre1,pre1,word,音節,音節,名詞,pre1:1288,1
sympathetic,sympathetic,pre1,pre1;1,word,思いやりのある，共感的な,思いやりのある，共感的な,形容詞,pre1:8;1:24,2
sympathize,sympathize,pre1,pre1;1,word,同情する，共感する,同情する，共感する,動詞,pre1:1332;1:96,2
symphony,symphony,pre1,pre1,word,交響曲,交響曲,名詞,pre1:477,1
synchronize,synchronize,pre1,pre1,word,同期する,同期する,動詞,pre1:3285,1
syndrome,syndrome,pre1,pre1,word,症候群,症候群,名詞,pre1:2380,1
synonym,synonym,pre1,pre1,word,同意語，類語,同意語，類語,名詞,pre1:2393,1
synthesize,synthesize,pre1,pre1;1,word,統合する、まとめる,統合する、まとめる / 統合する，まとめる,動詞,pre1:3188;1:1609,2
tact,tact,pre1,pre1,word,機転,機転,名詞,pre1:2861,1
tactic,tactic,pre1,pre1,word,戦術,戦術,名詞,pre1:2952,1
tactical,tactical,pre1,pre1,word,戦術的な,戦術的な,形容詞,pre1:3261,1
taint,taint,pre1,pre1;1,word,腐敗，汚染,腐敗，汚染 / 腐敗，汚点,名詞,pre1:2587;1:2158,2
take a beating,take a beating,pre1,pre1;1,phrase,負ける，敗北する,負ける，敗北する,熟語,pre1:380;1:2450,2
take in,take in,pre1,pre1;1,phrase,を摂取する，取り入れる,を摂取する，取り入れる,熟語,pre1:2214;1:1208,2
take offense at,take offense at,pre1,pre1;1,phrase,に怒る，腹を立てる,に怒る，腹を立てる,熟語,pre1:299;1:2841,2
take on,take on,pre1,pre1;1,phrase,を雇う，引き受ける，採用する,を雇う，引き受ける，採用する,熟語,pre1:1845;1:324,2
take pride in,take pride in,pre1,pre1;1,phrase,を誇りにする，自慢する,を誇りにする，自慢する,熟語,pre1:1627;1:1298,2
take root,take root,pre1,pre1;1,phrase,根付く，定着する,根付く，定着する,熟語,pre1:1003;1:2561,2
take the plunge,take the plunge,pre1,pre1;1,phrase,思い切ってやる，やってみる,思い切ってやる，やってみる,熟語,pre1:1109;1:3008,2
take up,take up,pre1,pre1;1,phrase,を取り上げる,を取り上げる / を取り上げる，没収する，取り除く,熟語,pre1:2485;1:1023,2
talk back to,talk back to,pre1,pre1;1,phrase,に口答えする，言い返す,に口答えする，言い返す,熟語,pre1:1190;1:2815,2
talk down to,talk down to,pre1,pre1;1,phrase,見下して話す，軽蔑して話す,見下して話す，軽蔑して話す,熟語,pre1:2336;1:804,2
talk up,talk up,pre1,pre1;1,phrase,を大袈裟にほめる，過大に評価する,を大袈裟にほめる，過大に評価する,熟語,pre1:2742;1:1069,2
tan,tan,pre1,pre1,word,肌を焼く，日焼けする,肌を焼く，日焼けする,動詞,pre1:1565,1
tangible,tangible,pre1,pre1;1,word,有形の，手で触れる,有形の，手で触れる / 具体的な，実体のある,形容詞,pre1:2802;1:4274,2
tangle,tangle,pre1,pre1;1,word,もつれさせる，絡ませる，混乱させる,もつれさせる，絡ませる，混乱させる,動詞,pre1:3271;1:1796,2
tariff,tariff,pre1,pre1,word,関税,関税,名詞,pre1:1875,1
tavern,tavern,pre1,pre1,word,居酒屋,居酒屋,名詞,pre1:2229,1
tear down,tear down,pre1,pre1;1,phrase,解体する,解体する / 解体する，分解する,熟語,pre1:3010;1:2509,2
tear off,tear off,pre1,pre1;1,phrase,引きちぎる，脱ぎ捨てる,引きちぎる，脱ぎ捨てる,熟語,pre1:787;1:3050,2
tease,tease,pre1,pre1,word,からかう,からかう,動詞,pre1:3011,1
tedious,tedious,pre1,pre1,word,退屈な,退屈な,形容詞,pre1:1624,1
tell on,tell on,pre1,pre1;1,phrase,言いつける，密告する,言いつける，密告する,熟語,pre1:1916;1:385,2
temperament,temperament,pre1,pre1;1,word,気質,気質 / 気質，性質,名詞,pre1:1951;1:683,2
temperance,temperance,pre1,pre1,word,節制，禁酒,節制，禁酒,名詞,pre1:2525,1
temperate,temperate,pre1,pre1,word,控えめな，節度のある,控えめな，節度のある,形容詞,pre1:1754,1
tempt,tempt,pre1,pre1,word,を誘惑する,を誘惑する,動詞,pre1:801,1
tenant,tenant,pre1,pre1,word,店子,店子,名詞,pre1:3224,1
tendency,tendency,pre1,pre1,word,傾向,傾向,名詞,pre1:239,1
tender,tender,pre1,pre1,word,優しい/世話人,優しい/世話人,形容詞/名詞,pre1:18,1
tenderness,tenderness,pre1,pre1,word,優しさ,優しさ,名詞,pre1:1355,1
tension,tension,pre1,pre1,word,緊張,緊張,名詞,pre1:3360,1
tentative,tentative,pre1,pre1;1,word,暫定の，仮の,暫定の，仮の / 暫定の，一時的な,形容詞,pre1:2659;1:611,2
terminate,terminate,pre1,pre1,word,を終了する，終わらせる,を終了する，終わらせる,動詞,pre1:2616,1
termination,termination,pre1,pre1;1,word,終了，終わり,終了，終わり,名詞,pre1:3222;1:730,2
terrain,terrain,pre1,pre1,word,地形,地形,名詞,pre1:2992,1
terrific,terrific,pre1,pre1,word,すごい，ものすごい,すごい，ものすごい,形容詞,pre1:721,1
testify,testify,pre1,pre1,word,証言する,証言する,動詞,pre1:1448,1
testimony,testimony,pre1,pre1;1,word,証言，申し立て,証言，申し立て,名詞,pre1:2287;1:409,2
textile,textile,pre1,pre1,word,織物の,織物の,形容詞,pre1:1611,1
texture,texture,pre1,pre1,word,生地,生地,名詞,pre1:1622,1
thaw,thaw,pre1,pre1,word,雪が解ける，雪解けの陽気になる,雪が解ける，雪解けの陽気になる,動詞,pre1:1518,1
the lion's share,the lion's share,pre1,pre1;1,phrase,最大の分け前，大きすぎる分け前,最大の分け前，大きすぎる分け前,名詞,pre1:338;1:3425,2
theft,theft,pre1,pre1,word,盗み，窃盗,盗み，窃盗,名詞,pre1:2024,1
theology,theology,pre1,pre1,word,神学,神学,名詞,pre1:2946,1
theoretical,theoretical,pre1,pre1,word,理論上の，理論に基づいた,理論上の，理論に基づいた,形容詞,pre1:1742,1
thereafter,thereafter,pre1,pre1,word,その後は,その後は,副詞,pre1:1540,1
thereby,thereby,pre1,pre1,word,それによって,それによって,副詞,pre1:2354,1
thermal,thermal,pre1,pre1;1,word,熱の，温度に関する,熱の，温度に関する,形容詞,pre1:2749;1:183,2
thesis,thesis,pre1,pre1,word,論文，論題,論文，論題,名詞,pre1:1798,1
thief,thief,pre1,pre1,word,泥棒,泥棒,名詞,pre1:3282,1
thigh,thigh,pre1,pre1,word,ふともも,ふともも,名詞,pre1:1639,1
thin,thin,pre1,pre1,word,薄い，痩せた,薄い，痩せた,形容詞,pre1:109,1
think out,think out,pre1,pre1;1,phrase,考え抜く，熟考する,考え抜く，熟考する,熟語,pre1:968;1:3831,2
thong,thong,pre1,pre1,word,ひも,ひも,名詞,pre1:2805,1
thorn,thorn,pre1,pre1;1,word,とげ，茨,とげ，茨 / とげ,名詞,pre1:726;1:2068,2
thoroughly,thoroughly,pre1,pre1;1,word,徹底的に，完全に,徹底的に，完全に,副詞,pre1:452;1:516,2
thread,thread,pre1,pre1,word,糸,糸,名詞,pre1:3165,1
threaten with extinction,threaten with extinction,pre1,pre1,phrase,絶滅の危機に瀕する,絶滅の危機に瀕する,熟語,pre1:1299,1
threshold,threshold,pre1,pre1;1,word,敷居，入り口,敷居，入り口 / 閾，閾値,名詞,pre1:1446;1:474,2
thrift,thrift,pre1,pre1,word,倹約，節約,倹約，節約,名詞,pre1:2146,1
thrifty,thrifty,pre1,pre1;1,word,倹約な,倹約な,形容詞,pre1:3258;1:3270,2
thrive,thrive,pre1,pre1;1,word,繁栄する，隆盛する,繁栄する，隆盛する,動詞,pre1:1468;1:448,2
throne,throne,pre1,pre1,word,王位，王座,王位，王座,名詞,pre1:863,1
throng,throng,pre1,pre1;1,word,群衆，群れ,群衆，群れ,名詞,pre1:2668;1:3780,2
throw off,throw off,pre1,pre1;1,phrase,を投げ捨てる，放り出す，放棄する,を投げ捨てる，放り出す，放棄する,熟語,pre1:2187;1:309,2
throw up,throw up,pre1,pre1,phrase,吐く,吐く,熟語,pre1:3286,1
thumb,thumb,pre1,pre1,word,親指,親指,名詞,pre1:25,1
thump,thump,pre1,pre1;1,word,を殴る，たたく,を殴る，たたく / ゴツンと叩く，強く打つ,動詞,pre1:2751;1:1628,2
tickle,tickle,pre1,pre1,word,をくすぐる,をくすぐる,動詞,pre1:2273,1
tidal,tidal,pre1,pre1,word,潮の，潮に乗った,潮の，潮に乗った,形容詞,pre1:1619,1
tide over,tide over,pre1,pre1;1,phrase,乗り切る，切り抜ける,乗り切る，切り抜ける,熟語,pre1:739;1:3912,2
tidy up,tidy up,pre1,pre1,phrase,片付ける,片付ける,熟語,pre1:3132,1
tie up,tie up,pre1,pre1;1,phrase,を縛り上げる，束縛する,を縛り上げる，束縛する,熟語,pre1:2285;1:641,2
tighten,tighten,pre1,pre1;1,word,締める，絞る,締める，絞る,動詞,pre1:589;1:300,2
tighten up,tighten up,pre1,pre1,phrase,締め付ける,締め付ける,熟語,pre1:3170,1
tilt,tilt,pre1,pre1,word,を傾ける，を斜めにする,を傾ける，を斜めにする,動詞,pre1:2326,1
timber,timber,pre1,pre1,word,木材,木材,名詞,pre1:1700,1
timid,timid,pre1,pre1,word,臆病な,臆病な,形容詞,pre1:1278,1
tip over,tip over,pre1,pre1;1,phrase,ひっくり返る，転覆する,ひっくり返る，転覆する,熟語,pre1:2858;1:1014,2
to be honest,to be honest,pre1,pre1;1,phrase,正直に言うと，実を言うと,正直に言うと，実を言うと,熟語,pre1:2040;1:1937,2
to begin with,to begin with,pre1,pre1,phrase,最初に，最初から,最初に，最初から,熟語,pre1:1173,1
to date,to date,pre1,pre1;1,phrase,これまで，現在まで,これまで，現在まで,熟語,pre1:2079;1:2212,2
to excess,to excess,pre1,pre1;1,phrase,過剰に，過度に,過剰に，過度に,熟語,pre1:472;1:2990,2
to no avail,to no avail,pre1,pre1;1,phrase,無駄に，役に立たずに,無駄に，役に立たずに,熟語,pre1:303;1:3680,2
to say the least,to say the least,pre1,pre1;1,phrase,控えめに言っても，遠からず,控えめに言っても，遠からず,熟語,pre1:691;1:3854,2
to the point,to the point,pre1,pre1;1,phrase,適切な，要領を得た,適切な，要領を得た / 適切な，要領を得た，適当な,熟語,pre1:1697;1:904,2
toil,toil,pre1,pre1,word,苦労して働く，懸命に働く,苦労して働く，懸命に働く,動詞,pre1:1835,1
token,token,pre1,pre1,word,しるし，象徴,しるし，象徴,名詞,pre1:282,1
tolerance,tolerance,pre1,pre1,word,寛容さ，忍耐力,寛容さ，忍耐力,名詞,pre1:1505,1
tonic,tonic,pre1,pre1;1,word,強壮剤，健康促進剤,強壮剤，健康促進剤,名詞,pre1:2327;1:176,2
toothpick,toothpick,pre1,pre1,word,爪楊枝,爪楊枝,名詞,pre1:2833,1
topple,topple,pre1,pre1,word,倒れる,倒れる,動詞,pre1:3146,1
torch,torch,pre1,pre1,word,たいまつ,たいまつ,名詞,pre1:673,1
torrent,torrent,pre1,pre1;1,word,急流,急流,名詞,pre1:2756;1:2173,2
torture,torture,pre1,pre1,word,を拷問にかける,を拷問にかける,動詞,pre1:1342,1
tow,tow,pre1,pre1,word,をけん引する，引く,をけん引する，引く,動詞,pre1:1960,1
toxic to,toxic to,pre1,pre1;1,phrase,に有毒な，～に対して毒性を持つ,に有毒な，～に対して毒性を持つ,熟語,pre1:1253;1:2008,2
track down,track down,pre1,pre1,phrase,の跡を辿る，追い詰める,の跡を辿る，追い詰める,熟語,pre1:861,1
trade in,trade in,pre1,pre1;1,phrase,を下取りに出す，下取りする,を下取りに出す，下取りする / を下取りに出す，下取りする，交換する,熟語,pre1:1388;1:1027,2
tragic,tragic,pre1,pre1;1,word,悲劇的な，悲劇的,悲劇的な，悲劇的,形容詞,pre1:585;1:29,2
traitor,traitor,pre1,pre1,word,裏切り者，反逆者,裏切り者，反逆者,名詞,pre1:1561,1
tram,tram,pre1,pre1,word,市街電車，路面電車,市街電車，路面電車,名詞,pre1:1515,1
trance,trance,pre1,pre1,word,恍惚，夢中,恍惚，夢中,名詞,pre1:2937,1
tranquil,tranquil,pre1,pre1,word,静かな，平穏な,静かな，平穏な,形容詞,pre1:1842,1
transcribe,transcribe,pre1,pre1;1,word,を筆記する，複写する,を筆記する，複写する / 複写する，複製する,動詞,pre1:2562;1:906,2
transcript,transcript,pre1,pre1,word,写し，写本,写し，写本,名詞,pre1:2308,1
transformation,transformation,pre1,pre1,word,変形，変身,変形，変身,名詞,pre1:1271,1
transfusion,transfusion,pre1,pre1,word,輸血,輸血,名詞,pre1:2462,1
transient,transient,pre1,pre1;1,word,一時的な,一時的な,形容詞,pre1:3175;1:2217,2
transit,transit,pre1,pre1,word,乗り継ぎ,乗り継ぎ,名詞,pre1:2425,1
translucent,translucent,pre1,pre1;1,word,半透明の、透けて見える,半透明の、透けて見える / 半透明の，透けて見える,形容詞,pre1:3063;1:1405,2
transmission,transmission,pre1,pre1,word,伝送,伝送,名詞,pre1:1218,1
transmit,transmit,pre1,pre1,word,送信する,送信する,動詞,pre1:1185,1
transmit A to B,transmit a to b,pre1,pre1;1,phrase,AをBに伝染させる，移す,AをBに伝染させる，移す / AをBに伝染させる，感染させる,熟語,pre1:1506;1:1798,2
transparency,transparency,pre1,pre1,word,透明性,透明性,名詞,pre1:2028,1
transparent,transparent,pre1,pre1,word,透明な，光を通す,透明な，光を通す,形容詞,pre1:1257,1
transplant,transplant,pre1,pre1,word,を移植する,を移植する,動詞,pre1:2084,1
trash,trash,pre1,pre1,word,ごみ，価値のないもの,ごみ，価値のないもの,名詞,pre1:1057,1
traverse,traverse,pre1,pre1,word,を横切る，横断する,を横切る，横断する,動詞,pre1:2228,1
treacherous,treacherous,pre1,pre1;1,word,裏切った，反逆の,裏切った，反逆の / 背いた,形容詞,pre1:2202;1:4048,2
tread,tread,pre1,pre1,word,足を踏み入れる,足を踏み入れる,動詞,pre1:478,1
treasury,treasury,pre1,pre1,word,宝庫，基金,宝庫，基金,名詞,pre1:1335,1
trespass,trespass,pre1,pre1,word,侵害する，つけ込む,侵害する，つけ込む,動詞,pre1:2928,1
tribal,tribal,pre1,pre1,word,部族の,部族の,形容詞,pre1:2332,1
tribunal,tribunal,pre1,pre1,word,裁判所,裁判所,名詞,pre1:2912,1
tribute,tribute,pre1,pre1,word,貢ぎ物，感謝,貢ぎ物，感謝,名詞,pre1:1618,1
trickle,trickle,pre1,pre1,word,したたる,したたる,動詞,pre1:2651,1
trifle,trifle,pre1,pre1,word,ささいなこと,ささいなこと,名詞,pre1:1435,1
trifle with,trifle with,pre1,pre1;1,phrase,ぞんざいに扱う，適当に扱う,ぞんざいに扱う，適当に扱う / ぞんざいに扱う，いい加減にあしらう,熟語,pre1:800;1:2709,2
trim,trim,pre1,pre1,word,を整える，手入れする,を整える，手入れする,動詞,pre1:675,1
triumph,triumph,pre1,pre1,word,大勝利,大勝利,名詞,pre1:324,1
triumphant,triumphant,pre1,pre1,word,成功した，勝利した,成功した，勝利した,形容詞,pre1:2132,1
trot,trot,pre1,pre1,word,急ぎ足，駆け足,急ぎ足，駆け足,名詞,pre1:2000,1
trustee,trustee,pre1,pre1,word,受託者，保管人,受託者，保管人,名詞,pre1:1663,1
tuck,tuck,pre1,pre1,word,を押し込む，つめ込む,を押し込む，つめ込む,動詞,pre1:1076,1
tuck in,tuck in,pre1,pre1,phrase,押し込む，詰め込む,押し込む，詰め込む,熟語,pre1:70,1
tug,tug,pre1,pre1,word,をぐいと引く，強く引っ張る,をぐいと引く，強く引っ張る,動詞,pre1:2280,1
tuition fee,tuition fee,pre1,pre1,phrase,授業料，学費,授業料，学費,名詞,pre1:243,1
tumble,tumble,pre1,pre1,word,転落する，倒れる,転落する，倒れる,動詞,pre1:1557,1
tumult,tumult,pre1,pre1,word,騒動，暴動,騒動，暴動,名詞,pre1:2884,1
tune up,tune up,pre1,pre1;1,phrase,を調整する，整備する,を調整する，整備する,熟語,pre1:2458;1:2343,2
turmoil,turmoil,pre1,pre1;1,word,騒動，混乱，騒ぎ,騒動，混乱，騒ぎ,名詞,pre1:2107;1:325,2
turn over,turn over,pre1,pre1,phrase,をひっくり返す,をひっくり返す,熟語,pre1:238,1
turn pale,turn pale,pre1,pre1;1,phrase,青ざめる，血色が悪くなる,青ざめる，血色が悪くなる,熟語,pre1:849;1:2672,2
tutor,tutor,pre1,pre1;1,word,家庭教師，個別指導者,家庭教師，個別指導者,名詞,pre1:118;1:136,2
twig,twig,pre1,pre1,word,小枝,小枝,名詞,pre1:1495,1
twilight,twilight,pre1,pre1,word,黄昏時,黄昏時,名詞,pre1:727,1
twinkle,twinkle,pre1,pre1,word,きらきら光る,きらきら光る,動詞,pre1:808,1
tyranny,tyranny,pre1,pre1;1,word,専制政治，圧政,専制政治，圧政,名詞,pre1:1772;1:158,2
ultimately,ultimately,pre1,pre1,word,最後に，ついに,最後に，ついに,副詞,pre1:131,1
umpire,umpire,pre1,pre1,word,審判，審判員,審判，審判員,名詞,pre1:951,1
unanimous,unanimous,pre1,pre1,word,満場一致の，同意見の,満場一致の，同意見の,形容詞,pre1:1649,1
unaware,unaware,pre1,pre1,word,気づいていない,気づいていない,形容詞,pre1:686,1
uncertain,uncertain,pre1,pre1,word,不確実な，確信を持てない,不確実な，確信を持てない,形容詞,pre1:280,1
uncertainty,uncertainty,pre1,pre1,word,不確実性，不明確さ,不確実性，不明確さ,名詞,pre1:581,1
uncommon,uncommon,pre1,pre1,word,珍しい，滅多にない,珍しい，滅多にない,形容詞,pre1:802,1
unconscious,unconscious,pre1,pre1;1,word,無意識の，潜在意識の,無意識の，潜在意識の,形容詞,pre1:1247;1:262,2
uncover,uncover,pre1,pre1,word,を明らかにする，ふたを取る,を明らかにする，ふたを取る,動詞,pre1:891,1
under fire,under fire,pre1,pre1;1,phrase,攻撃を受けて，批判を受けて,攻撃を受けて，批判を受けて,熟語,pre1:223;1:3531,2
under warranty,under warranty,pre1,pre1;1,phrase,保証内，保険の有効な,保証内，保険の有効な / 保証期間中，保証されている,熟語,pre1:2039;1:207,2
undergraduate,undergraduate,pre1,pre1;1,word,大学生，学部生,大学生，学部生,名詞,pre1:874;1:138,2
underlying,underlying,pre1,pre1,word,根底にある,根底にある,形容詞,pre1:2344,1
undermine,undermine,pre1,pre1;1,word,弱体化させる，衰退させる,弱体化させる，衰退させる,動詞,pre1:2600;1:490,2
undo,undo,pre1,pre1,word,元通りにする,元通りにする,動詞,pre1:1240,1
unfold,unfold,pre1,pre1,word,を展開する，広げる,を展開する，広げる,動詞,pre1:1132,1
unified,unified,pre1,pre1,word,統一された,統一された,形容詞,pre1:3187,1
unify,unify,pre1,pre1,word,を一つにする，統一する,を一つにする，統一する,動詞,pre1:2223,1
unite,unite,pre1,pre1,word,を結合させる，団結する,を結合させる，団結する,動詞,pre1:119,1
unity,unity,pre1,pre1,word,団結，単一,団結，単一,名詞,pre1:782,1
unjust,unjust,pre1,pre1;1,word,不当な，不公平な,不当な，不公平な / 不当な，不適切な,形容詞,pre1:584;1:1333,2
unkind,unkind,pre1,pre1,word,不親切な，薄情な,不親切な，薄情な,形容詞,pre1:348,1
unprecedented,unprecedented,pre1,pre1,word,前例のない,前例のない,形容詞,pre1:2355,1
unstable,unstable,pre1,pre1;1,word,不安定な，ゆらぎやすい,不安定な，ゆらぎやすい,形容詞,pre1:2248;1:190,2
untidy,untidy,pre1,pre1,word,だらしない，乱雑な,だらしない，乱雑な,形容詞,pre1:1255,1
unveil,unveil,pre1,pre1,word,明らかにする,明らかにする,動詞,pre1:3029,1
up for,up for,pre1,pre1;1,phrase,に参加しようとしている，参画しようとしている,に参加しようとしている，参画しようとしている / に参加しようとしている，参画しようとしている，加わろうとしている，に向けて意気込んでいる,熟語,pre1:1543;1:1894,2
uplift,uplift,pre1,pre1,word,隆起,隆起,名詞,pre1:3229,1
uproar,uproar,pre1,pre1;1,word,大騒ぎ，騒動,大騒ぎ，騒動 / 大騒ぎ,名詞,pre1:2613;1:2150,2
ups and downs,ups and downs,pre1,pre1;1,phrase,浮き沈み，上昇と下降,浮き沈み，上昇と下降,名詞,pre1:323;1:3811,2
upscale,upscale,pre1,pre1,word,高級な,高級な,形容詞,pre1:3203,1
uptight,uptight,pre1,pre1,word,きつい,きつい,形容詞,pre1:3270,1
utensil,utensil,pre1,pre1;1,word,用具，器具,用具，器具 / 器具,名詞,pre1:1886;1:3648,2
utility,utility,pre1,pre1,word,効用,効用,名詞,pre1:1081,1
utmost,utmost,pre1,pre1,word,最大限の，最高の,最大限の，最高の,形容詞,pre1:1324,1
utterance,utterance,pre1,pre1,word,発言，発声,発言，発声,名詞,pre1:1449,1
vacancy,vacancy,pre1,pre1,word,空っぽ，空いた場所,空っぽ，空いた場所,名詞,pre1:1813,1
vacant,vacant,pre1,pre1,word,空っぽの，無人の,空っぽの，無人の,形容詞,pre1:1134,1
valid,valid,pre1,pre1,word,有効な，根拠のある,有効な，根拠のある,形容詞,pre1:1059,1
validity,validity,pre1,pre1;1,word,有効性，効果性,有効性，効果性,名詞,pre1:2356;1:440,2
vandalize,vandalize,pre1,pre1,word,わざと壊す，故意に破壊する,わざと壊す，故意に破壊する,動詞,pre1:148,1
vanity,vanity,pre1,pre1,word,虚栄心，うぬぼれ,虚栄心，うぬぼれ,名詞,pre1:950,1
vapor,vapor,pre1,pre1,word,蒸気，水蒸気,蒸気，水蒸気,名詞,pre1:1681,1
vase,vase,pre1,pre1,word,花瓶，つぼ,花瓶，つぼ,名詞,pre1:264,1
vast,vast,pre1,pre1,word,広大な，莫大な,広大な，莫大な,形容詞,pre1:75,1
vault,vault,pre1,pre1;1,word,丸天井，ドーム型の天井,丸天井，ドーム型の天井,名詞,pre1:3232;1:539,2
veil,veil,pre1,pre1,word,覆うもの，口実,覆うもの，口実,名詞,pre1:3241,1
vein,vein,pre1,pre1,word,静脈,静脈,名詞,pre1:1570,1
velocity,velocity,pre1,pre1,word,速度,速度,名詞,pre1:1959,1
vendor,vendor,pre1,pre1,word,行商人,行商人,名詞,pre1:2358,1
vent,vent,pre1,pre1,word,排出口，通風孔,排出口，通風孔,名詞,pre1:2125,1
ventilate,ventilate,pre1,pre1,word,換気する,換気する,動詞,pre1:3172,1
venue,venue,pre1,pre1;1,word,会場，場所,会場，場所 / 現場，場所,名詞,pre1:185;1:678,2
verb,verb,pre1,pre1,word,動詞,動詞,名詞,pre1:598,1
verdict,verdict,pre1,pre1,word,評決,評決,名詞,pre1:2378,1
verge,verge,pre1,pre1,word,寸前，境界,寸前，境界,名詞,pre1:3155,1
verify,verify,pre1,pre1,word,を確認する，立証する,を確認する，立証する,動詞,pre1:2395,1
vertical,vertical,pre1,pre1,word,垂直の，縦の,垂直の，縦の,形容詞,pre1:1481,1
viable,viable,pre1,pre1;1,word,生存できる，生き抜く,生存できる，生き抜く,形容詞,pre1:3173;1:780,2
vibrant,vibrant,pre1,pre1,word,活気のある,活気のある,形容詞,pre1:3400,1
vice versa,vice versa,pre1,pre1;1,phrase,反対に，反対もまた,反対に，反対もまた / 反対に，反対もまた，逆に,熟語,pre1:2415;1:1540,2
vicinity,vicinity,pre1,pre1;1,word,近所，近隣,近所，近隣,名詞,pre1:2975;1:308,2
vicious,vicious,pre1,pre1,word,悪意のある，意地悪な,悪意のある，意地悪な,形容詞,pre1:1097,1
vigor,vigor,pre1,pre1;1,word,活力,活力,名詞,pre1:501;1:2288,2
vigorous,vigorous,pre1,pre1,word,精力的な，元気な,精力的な，元気な,形容詞,pre1:1375,1
villa,villa,pre1,pre1,word,別荘,別荘,名詞,pre1:1066,1
villain,villain,pre1,pre1,word,悪党，悪者,悪党，悪者,名詞,pre1:219,1
villainous,villainous,pre1,pre1,word,極悪人の，悪役の,極悪人の，悪役の,形容詞,pre1:3340,1
violation,violation,pre1,pre1;1,word,違反，侵害,違反，侵害,名詞,pre1:1366;1:172,2
virgin,virgin,pre1,pre1,word,処女,処女,名詞,pre1:1183,1
vitality,vitality,pre1,pre1,word,生命力，活気,生命力，活気,名詞,pre1:1423,1
vocal,vocal,pre1,pre1,word,音声の，声の,音声の，声の,形容詞,pre1:1088,1
vocation,vocation,pre1,pre1,word,天職，職業,天職，職業,名詞,pre1:1580,1
vocational,vocational,pre1,pre1;1,word,職業の，職業上の,職業の，職業上の / 職業の，仕事の,形容詞,pre1:2549;1:887,2
vogue,vogue,pre1,pre1;1,word,流行,流行,名詞,pre1:2456;1:2019,2
void,void,pre1,pre1,word,無効の,無効の,形容詞,pre1:2640,1
volcanic,volcanic,pre1,pre1,word,火山の,火山の,形容詞,pre1:2104,1
volcano,volcano,pre1,pre1;1,word,火山，噴火口,火山，噴火口,名詞,pre1:604;1:522,2
vomit,vomit,pre1,pre1,word,吐く/嘔吐,吐く/嘔吐,動詞,pre1:2217,1
voucher,voucher,pre1,pre1,word,引換券,引換券,名詞,pre1:2115,1
vowel,vowel,pre1,pre1,word,母音,母音,名詞,pre1:1306,1
vulgar,vulgar,pre1,pre1,word,下品な,下品な,形容詞,pre1:1796,1
wag,wag,pre1,pre1,word,を振る，揺り動かす,を振る，揺り動かす,動詞,pre1:2061,1
wail,wail,pre1,pre1,word,泣き叫ぶ,泣き叫ぶ,動詞,pre1:2557,1
walk off with,walk off with,pre1,pre1;1,phrase,から歩いて出る，立ち去る,から歩いて出る，立ち去る,熟語,pre1:1643;1:2092,2
wander,wander,pre1,pre1,word,放浪する,放浪する,動詞,pre1:3325,1
want for,want for,pre1,pre1;1,phrase,に欠ける，必要とする,に欠ける，必要とする,熟語,pre1:822;1:3556,2
ward,ward,pre1,pre1,word,区画，病室,区画，病室,名詞,pre1:707,1
warehouse,warehouse,pre1,pre1,word,倉庫,倉庫,名詞,pre1:2188,1
warmth,warmth,pre1,pre1,word,暖かさ，温もり,暖かさ，温もり,名詞,pre1:103,1
warrant,warrant,pre1,pre1;1,word,証明書，保証書,証明書，保証書,名詞,pre1:1312;1:116,2
warranty,warranty,pre1,pre1;1,word,保証，保障,保証，保障,名詞,pre1:2899;1:210,2
warrior,warrior,pre1,pre1,word,戦士,戦士,名詞,pre1:597,1
wash away,wash away,pre1,pre1,phrase,を洗い流す，を洗い落とす,を洗い流す，を洗い落とす,熟語,pre1:997,1
watchdog,watchdog,pre1,pre1,word,番犬,番犬,名詞,pre1:1196,1
water down,water down,pre1,pre1;1,phrase,水で薄める，和らげる,水で薄める，和らげる,熟語,pre1:106;1:3321,2
water vapor,water vapor,pre1,pre1;1,phrase,水蒸気，蒸気,水蒸気，蒸気,名詞,pre1:1374;1:616,2
waver,waver,pre1,pre1;1,word,揺らぐ、安定していない、ぐらつく,揺らぐ、安定していない、ぐらつく / 揺らぐ，安定していない，ぐらつく,動詞,pre1:3079;1:1650,2
weaken,weaken,pre1,pre1;1,word,弱める，力を失う,弱める，力を失う,動詞,pre1:333;1:189,2
wear off,wear off,pre1,pre1;1,phrase,擦り切れる，徐々に減る,擦り切れる，徐々に減る / 擦り切れる，摩耗する，徐々に減る，少なくなる,熟語,pre1:3000;1:1746,2
weary,weary,pre1,pre1,word,疲れた，疲弊した,疲れた，疲弊した,形容詞,pre1:179,1
weave,weave,pre1,pre1,word,織物を織る,織物を織る,動詞,pre1:87,1
weed,weed,pre1,pre1;1,word,雑草，草取り,雑草，草取り,名詞,pre1:195;1:77,2
weed out,weed out,pre1,pre1;1,phrase,取り除く，引き抜く,取り除く，引き抜く,熟語,pre1:245;1:2656,2
weep,weep,pre1,pre1,word,泣く，涙を流す,泣く，涙を流す,動詞,pre1:208,1
weigh on,weigh on,pre1,pre1;1,phrase,の重荷になる，負担になる，の負荷となる,の重荷になる，負担になる，の負荷となる,熟語,pre1:1586;1:355,2
weird,weird,pre1,pre1,word,変な，気味の悪い,変な，気味の悪い,形容詞,pre1:1456,1
what if,what if,pre1,pre1,phrase,もし～ならば,もし～ならば,熟語,pre1:1233,1
whatsoever,whatsoever,pre1,pre1,word,なんでも,なんでも,副詞,pre1:2875,1
wheat,wheat,pre1,pre1,word,小麦,小麦,名詞,pre1:178,1
whereby,whereby,pre1,pre1,word,それによって，それに従って,それによって，それに従って,接続詞,pre1:2732,1
wholesome,wholesome,pre1,pre1,word,健全な，健康的な,健全な，健康的な,形容詞,pre1:3004,1
wicked,wicked,pre1,pre1,word,邪悪な，悪い,邪悪な，悪い,形容詞,pre1:322,1
wicket,wicket,pre1,pre1,word,窓口,窓口,名詞,pre1:2237,1
widow,widow,pre1,pre1,word,未亡人，夫を亡くした女性,未亡人，夫を亡くした女性,名詞,pre1:741,1
wilderness,wilderness,pre1,pre1;1,word,荒野，未開の地,荒野，未開の地,名詞,pre1:293;1:197,2
willingness,willingness,pre1,pre1;1,word,意欲，意志,意欲，意志,名詞,pre1:2377;1:248,2
win over,win over,pre1,pre1,phrase,に勝つ，説得する,に勝つ，説得する,熟語,pre1:2489,1
wind up,wind up,pre1,pre1;1,phrase,巻き上げる，終わりにする,巻き上げる，終わりにする,熟語,pre1:828;1:3662,2
windmill,windmill,pre1,pre1,word,風車,風車,名詞,pre1:2191,1
wipe up,wipe up,pre1,pre1,phrase,拭く,拭く,熟語,pre1:3191,1
wisdom tooth,wisdom tooth,pre1,pre1;1,phrase,親知らず，知歯,親知らず，知歯,名詞,pre1:2712;1:1724,2
wit,wit,pre1,pre1,word,機転,機転,名詞,pre1:684,1
witch,witch,pre1,pre1;1,word,魔女，魔法使い,魔女，魔法使い,名詞,pre1:788;1:416,2
with all,with all,pre1,pre1;1,phrase,にも関わらず，全力でも,にも関わらず，全力でも / にも関わらず，尽力しても,熟語,pre1:1747;1:634,2
withdrawal,withdrawal,pre1,pre1,word,撤回，撤退,撤回，撤退,名詞,pre1:1110,1
wither,wither,pre1,pre1,word,枯れる，しおれる,枯れる，しおれる,動詞,pre1:1674,1
withhold,withhold,pre1,pre1,word,差し控える,差し控える,動詞,pre1:2004,1
without so much as,without so much as,pre1,pre1,phrase,さえしないで，すらしない,さえしないで，すらしない,熟語,pre1:1077,1
witty,witty,pre1,pre1,word,気の利いた,気の利いた,形容詞,pre1:1444,1
woe,woe,pre1,pre1,word,悲痛，苦悩,悲痛，苦悩,名詞,pre1:2810,1
word for word,word for word,pre1,pre1;1,phrase,一言一句，文字通りに,一言一句，文字通りに,熟語,pre1:811;1:3594,2
work off,work off,pre1,pre1;1,phrase,徐々に取れる，減らす,徐々に取れる，減らす,熟語,pre1:921;1:2611,2
worship,worship,pre1,pre1,word,礼拝，崇拝,礼拝，崇拝,名詞,pre1:2133,1
worthwhile,worthwhile,pre1,pre1,word,価値のある,価値のある,形容詞,pre1:3129,1
wound,wound,pre1,pre1,word,傷,傷,名詞,pre1:3136,1
wrap up,wrap up,pre1,pre1;1,phrase,纏める，結束する,纏める，結束する,熟語,pre1:1607;1:383,2
wreath,wreath,pre1,pre1,word,花輪，花冠,花輪，花冠,名詞,pre1:1719,1
wreck,wreck,pre1,pre1,word,難破，衝突,難破，衝突,名詞,pre1:1696,1
wrestle with,wrestle with,pre1,pre1;1,phrase,取っ組み合う，取り組む,取っ組み合う，取り組む,熟語,pre1:809;1:3306,2
wrinkle,wrinkle,pre1,pre1,word,しわ,しわ,名詞,pre1:1277,1
wrist,wrist,pre1,pre1,word,手首，そで口,手首，そで口,名詞,pre1:226,1
yarn,yarn,pre1,pre1,word,編み糸,編み糸,名詞,pre1:1546,1
yawn,yawn,pre1,pre1;1,word,欠伸をする，あくびをする,欠伸をする，あくびをする,動詞,pre1:287;1:1773,2
yearn,yearn,pre1,pre1;1,word,憧れる，慕う,憧れる，慕う / 切望する，強く望む,動詞,pre1:2098;1:4172,2
yolk,yolk,pre1,pre1;1,word,卵黄，黄身,卵黄，黄身 / 卵黄,名詞,pre1:2615;1:4016,2
zeal,zeal,pre1,pre1;1,word,熱心，熱意,熱心，熱意 / 熱意，情熱,名詞,pre1:1653;1:4183,2
a touch of,a touch of,1,1,phrase,ほんの少しの，一抹の,ほんの少しの，一抹の,,1:2379,1
abate,abate,1,1,word,減少する，和らげる,減少する，和らげる,,1:4160,1
abbey,abbey,1,1,word,修道院，僧院,修道院，僧院,,1:983,1
abdicate,abdicate,1,1,word,退位する，辞める,退位する，辞める,,1:4173,1
abdomen,abdomen,1,1,word,腹部，腹の部分,腹部，腹の部分,,1:1011,1
abdominal,abdominal,1,1,word,腹部の，腹の,腹部の，腹の,,1:1363,1
abduct,abduct,1,1,word,拉致する，誘拐する,拉致する，誘拐する,,1:599,1
abduction,abduction,1,1,word,拉致，誘拐,拉致，誘拐,,1:1234,1
aberrant,aberrant,1,1,word,異常な，変わった,異常な，変わった,,1:4203,1
aberration,aberration,1,1,word,脱線行為，妨害行為,脱線行為，妨害行為,,1:1858,1
abet,abet,1,1,word,扇動する，煽る,扇動する，煽る,,1:1307,1
abhor,abhor,1,1,word,嫌悪する,嫌悪する,,1:2176,1
abhorrent,abhorrent,1,1,word,忌まわしい,忌まわしい,,1:2902,1
abiding,abiding,1,1,word,永続的な，永久の,永続的な，永久の,,1:2283,1
abject,abject,1,1,word,卑劣な,卑劣な,,1:3091,1
ablaze,ablaze,1,1,word,燃え立っている,燃え立っている,,1:2190,1
abnegation,abnegation,1,1,word,自己否定，自己犠牲,自己否定，自己犠牲,,1:4122,1
abominable,abominable,1,1,word,忌まわしい，憎むべき,忌まわしい，憎むべき,,1:436,1
abomination,abomination,1,1,word,憎悪,憎悪,,1:3131,1
aboveboard,aboveboard,1,1,word,公明正大な,公明正大な,,1:3685,1
abrasive,abrasive,1,1,word,すり減らす，減らす，摩耗させる,すり減らす，減らす，摩耗させる,,1:1594,1
abreast,abreast,1,1,word,横に並んで,横に並んで,,1:3916,1
abridged,abridged,1,1,word,要約された,要約された,,1:3697,1
abscond,abscond,1,1,word,逃亡する，忍び去る,逃亡する，忍び去る,,1:4259,1
absentee,absentee,1,1,word,欠席者，不参加者,欠席者，不参加者,,1:1945,1
absolve,absolve,1,1,word,免除する，免許する,免除する，免許する,,1:3371,1
absorption,absorption,1,1,word,吸収，吸取,吸収，吸取,,1:446,1
abstinence,abstinence,1,1,word,禁欲,禁欲,,1:2329,1
absurdity,absurdity,1,1,word,不条理，不合理，矛盾,不条理，不合理，矛盾,,1:1790,1
abysmal,abysmal,1,1,word,奈落のような，ひどい,奈落のような，ひどい,,1:4254,1
abyss,abyss,1,1,word,深淵，非常に深いところ，底なし,深淵，非常に深いところ，底なし,,1:1660,1
accede,accede,1,1,word,同意する,同意する,,1:2112,1
accentuate,accentuate,1,1,word,強調する,強調する,,1:2095,1
accolade,accolade,1,1,word,栄誉,栄誉,,1:2694,1
accomplice,accomplice,1,1,word,共犯者,共犯者,,1:2537,1
accreditation,accreditation,1,1,word,認定，承認,認定，承認,,1:969,1
accrue,accrue,1,1,word,発生する，起こる,発生する，起こる,,1:1451,1
acknowledgement,acknowledgement,1,1,word,承認，認可,承認，認可,,1:1874,1
acne,acne,1,1,word,にきび,にきび,,1:2368,1
acquiescence,acquiescence,1,1,word,黙認,黙認,,1:3561,1
acquittal,acquittal,1,1,word,無罪放免，無罪を宣告する,無罪放免，無罪を宣告する,,1:1191,1
acrid,acrid,1,1,word,刺激的な,刺激的な,,1:2863,1
acrimony,acrimony,1,1,word,辛辣さ,辛辣さ,,1:3581,1
acronym,acronym,1,1,word,頭字語，初めの文字で作られる単語,頭字語，初めの文字で作られる単語,,1:1715,1
acumen,acumen,1,1,word,洞察力，識見,洞察力，識見,,1:1826,1
acupuncture,acupuncture,1,1,word,鍼,鍼,,1:3461,1
adage,adage,1,1,word,格言,格言,,1:2751,1
adamant,adamant,1,1,word,断固たる，固定的な,断固たる，固定的な,,1:508,1
add up,add up,1,1,phrase,足し合わせる，合計する,足し合わせる，合計する,,1:3148,1
adept,adept,1,1,word,熟達した,熟達した,,1:2152,1
adjoining,adjoining,1,1,word,隣の，隣接する,隣の，隣接する,,1:1309,1
adjunct,adjunct,1,1,word,付属物，付加物,付属物，付加物,,1:1906,1
adjust A to B,adjust a to b,1,1,phrase,AとBを調整する，AをBに合わせる,AとBを調整する，AをBに合わせる,,1:2801,1
admonition,admonition,1,1,word,訓戒,訓戒,,1:3145,1
adrift,adrift,1,1,word,漂流して，漂う，流されている,漂流して，漂う，流されている,,1:1357,1
adroit,adroit,1,1,word,器用な,器用な,,1:3826,1
adulation,adulation,1,1,word,お世辞，過剰な賞賛,お世辞，過剰な賞賛,,1:4276,1
adultery,adultery,1,1,word,姦通，不倫,姦通，不倫,,1:1192,1
adversity,adversity,1,1,word,逆境，困難，窮地,逆境，困難，窮地,,1:1879,1
advise A on B,advise a on b,1,1,phrase,AにBについて助言する，AにBにアドバイスする,AにBについて助言する，AにBにアドバイスする,,1:1290,1
aegis,aegis,1,1,word,保護,保護,,1:3369,1
affable,affable,1,1,word,親しみの持てる,親しみの持てる,,1:2145,1
affective,affective,1,1,word,優しい，親切な,優しい，親切な,,1:1353,1
affiliated,affiliated,1,1,word,提携した，連携した,提携した，連携した,,1:1479,1
affirmation,affirmation,1,1,word,断言，明言,断言，明言,,1:998,1
affliction,affliction,1,1,word,苦痛,苦痛,,1:3483,1
aforementioned,aforementioned,1,1,word,前述の，先に述べた,前述の，先に述べた,,1:1359,1
aggregate,aggregate,1,1,word,集める，収集する,集める，収集する,,1:1559,1
aggrieved,aggrieved,1,1,word,感情を害した,感情を害した,,1:2191,1
agile,agile,1,1,word,機敏な,機敏な,,1:2766,1
agrarian,agrarian,1,1,word,農地の,農地の,,1:4042,1
ail,ail,1,1,word,苦しめる，苦痛を与える,苦しめる，苦痛を与える,,1:425,1
ailing,ailing,1,1,word,病んでいる,病んでいる,,1:2017,1
ailment,ailment,1,1,word,病気，疾患,病気，疾患,,1:1097,1
airborne,airborne,1,1,word,空輸の,空輸の,,1:2099,1
alias,alias,1,1,word,別名は，別称は,別名は，別称は,,1:1329,1
alienation,alienation,1,1,word,疎外，遠ざける，孤立させる,疎外，遠ざける，孤立させる,,1:1892,1
align,align,1,1,word,揃える，整える,揃える，整える,,1:1477,1
alive and well,alive and well,1,1,phrase,健在で，元気で，健全で,健在で，元気で，健全で,,1:2487,1
all in one,all in one,1,1,phrase,全て含んで，一致して,全て含んで，一致して,,1:3517,1
allay,allay,1,1,word,和らげる，軽減する,和らげる，軽減する,,1:356,1
allay fears,allay fears,1,1,phrase,恐怖を和らげる,恐怖を和らげる,,1:4138,1
allegiance,allegiance,1,1,word,忠誠,忠誠,,1:3248,1
allegory,allegory,1,1,word,たとえ話，比喩,たとえ話，比喩,,1:3393,1
allele,allele,1,1,word,対立遺伝子,対立遺伝子,,1:3408,1
alloy,alloy,1,1,word,合金,合金,,1:3579,1
alluring,alluring,1,1,word,魅惑的な,魅惑的な,,1:2267,1
allusion,allusion,1,1,word,暗示，示唆,暗示，示唆,,1:1856,1
altercation,altercation,1,1,word,口論,口論,,1:2460,1
altruism,altruism,1,1,word,利他主義，無私無欲,利他主義，無私無欲,,1:1774,1
altruistic,altruistic,1,1,word,利他的な,利他的な,,1:3929,1
alumnus,alumnus,1,1,word,卒業生，卒業した人,卒業生，卒業した人,,1:1655,1
amass,amass,1,1,word,蓄える，保存する,蓄える，保存する,,1:571,1
ambient,ambient,1,1,word,周囲の,周囲の,,1:2859,1
ambivalent,ambivalent,1,1,word,相反する感情のある，矛盾した感情の,相反する感情のある，矛盾した感情の,,1:1459,1
ambush,ambush,1,1,word,待ち伏せ，待ち構え，伏兵,待ち伏せ，待ち構え，伏兵,,1:1803,1
amenable,amenable,1,1,word,従順な,従順な,,1:3084,1
amends,amends,1,1,word,償い,償い,,1:2632,1
amidst,amidst,1,1,word,の中で，内部で,の中で，内部で,,1:1487,1
amity,amity,1,1,word,親善,親善,,1:2590,1
amnesia,amnesia,1,1,word,健忘症,健忘症,,1:3513,1
amphibian,amphibian,1,1,word,両生類の,両生類の,,1:4030,1
amplitude,amplitude,1,1,word,広さ，振幅,広さ，振幅,,1:3339,1
amply,amply,1,1,word,広々と，広大に,広々と，広大に,,1:1336,1
amputation,amputation,1,1,word,切断,切断,,1:3303,1
an eye for an eye,an eye for an eye,1,1,phrase,目には目を，同じことをやり返す,目には目を，同じことをやり返す,,1:2820,1
ancestral,ancestral,1,1,word,先祖の，祖先の,先祖の，祖先の,,1:125,1
ancillary,ancillary,1,1,word,付属の,付属の,,1:2963,1
and the like,and the like,1,1,phrase,など，および同類の物,など，および同類の物,,1:2654,1
and yet,and yet,1,1,phrase,それなのに，尚且つ,それなのに，尚且つ,,1:2428,1
anecdotal,anecdotal,1,1,word,逸話の，物語性のある,逸話の，物語性のある,,1:238,1
anemia,anemia,1,1,word,貧血症，赤血球不足,貧血症，赤血球不足,,1:1013,1
anesthesia,anesthesia,1,1,word,麻酔，麻酔薬,麻酔，麻酔薬,,1:1054,1
anew,anew,1,1,word,新たに,新たに,,1:2163,1
angst,angst,1,1,word,不安,不安,,1:2411,1
animosity,animosity,1,1,word,敵意，敵対心,敵意，敵対心,,1:489,1
annex,annex,1,1,word,添付する，別館,添付する，別館,,1:1368,1
annexation,annexation,1,1,word,付加,付加,,1:3539,1
annihilate,annihilate,1,1,word,全滅させる,全滅させる,,1:1973,1
annotate,annotate,1,1,word,注釈を付ける,注釈を付ける,,1:3577,1
annuity,annuity,1,1,word,年金，退職金,年金，退職金,,1:1102,1
annul,annul,1,1,word,無効にする，無効化する,無効にする，無効化する,,1:1366,1
anorexia,anorexia,1,1,word,拒食症,拒食症,,1:2610,1
antagonize,antagonize,1,1,word,敵に回す,敵に回す,,1:2049,1
antarctic,antarctic,1,1,word,南極の,南極の,,1:2928,1
antecedent,antecedent,1,1,word,先行する,先行する,,1:2088,1
anterior,anterior,1,1,word,前部の,前部の,,1:2771,1
anteroom,anteroom,1,1,word,控え室,控え室,,1:2371,1
anthropological,anthropological,1,1,word,人類学,人類学,,1:2935,1
antic,antic,1,1,word,ふざけた,ふざけた,,1:2372,1
antidote,antidote,1,1,word,解毒剤，毒を中和する物質，解毒薬,解毒剤，毒を中和する物質，解毒薬,,1:1656,1
antigen,antigen,1,1,word,抗原,抗原,,1:3394,1
antipathy,antipathy,1,1,word,反感，嫌悪,反感，嫌悪,,1:965,1
antiquated,antiquated,1,1,word,時代遅れの，古い,時代遅れの，古い,,1:1388,1
antiseptic,antiseptic,1,1,word,殺菌の,殺菌の,,1:3085,1
apathetic,apathetic,1,1,word,無関心な,無関心な,,1:3598,1
aperture,aperture,1,1,word,隙間、開口部,隙間、開口部,,1:2627,1
apex,apex,1,1,word,頂上,頂上,,1:2649,1
appall,appall,1,1,word,ぞっとさせる,ぞっとさせる,,1:3216,1
appalled,appalled,1,1,word,不安でいっぱいの,不安でいっぱいの,,1:3654,1
appalling,appalling,1,1,word,ぞっとするような，気味の悪い,ぞっとするような，気味の悪い,,1:240,1
apparition,apparition,1,1,word,亡霊,亡霊,,1:3575,1
appease,appease,1,1,word,なだめる，鎮める,なだめる，鎮める,,1:753,1
appellate,appellate,1,1,word,上訴の,上訴の,,1:2028,1
apprehensive,apprehensive,1,1,word,心配した，気になる,心配した，気になる,,1:1567,1
apprenticeship,apprenticeship,1,1,word,見習い,見習い,,1:3252,1
approximation,approximation,1,1,word,近似,近似,,1:2321,1
aptly,aptly,1,1,word,適切に，適当に,適切に，適当に,,1:228,1
aquifer,aquifer,1,1,word,帯水層,帯水層,,1:3430,1
arable,arable,1,1,word,耕作可能な,耕作可能な,,1:3029,1
arbitration,arbitration,1,1,word,仲裁,仲裁,,1:2722,1
arcane,arcane,1,1,word,不可思議な，神秘的な,不可思議な，神秘的な,,1:1401,1
archipelago,archipelago,1,1,word,群島，諸島,群島，諸島,,1:1031,1
ardent,ardent,1,1,word,熱心な，情熱的な,熱心な，情熱的な,,1:735,1
ardor,ardor,1,1,word,情熱，熱意,情熱，熱意,,1:4120,1
arid,arid,1,1,word,乾燥した，乾いている,乾燥した，乾いている,,1:1447,1
ark,ark,1,1,word,箱舟，ノアの方舟,箱舟，ノアの方舟,,1:1095,1
armistice,armistice,1,1,word,休戦,休戦,,1:2761,1
armpit,armpit,1,1,word,脇の下,脇の下,,1:2346,1
around the clock,around the clock,1,1,phrase,一日中，24時間体制,一日中，24時間体制,,1:2749,1
around the corner,around the corner,1,1,phrase,間もなく，曲がり角のあたりに,間もなく，曲がり角のあたりに,,1:3919,1
arousal,arousal,1,1,word,覚醒,覚醒,,1:3360,1
arson,arson,1,1,word,放火，火をつける,放火，火をつける,,1:1770,1
arthritis,arthritis,1,1,word,関節炎，関節の炎症,関節炎，関節の炎症,,1:1163,1
articulation,articulation,1,1,word,調音,調音,,1:2454,1
artifice,artifice,1,1,word,巧みさ，狡猾,巧みさ，狡猾,,1:3473,1
as A as any,as a as any,1,1,phrase,Aで誰にも劣らず，Aで際立って,Aで誰にも劣らず，Aで際立って,,1:3764,1
as A as ever,as a as ever,1,1,phrase,いつものようにAな，相変わらずAな,いつものようにAな，相変わらずAな,,1:3596,1
as far as A is concerned,as far as a is concerned,1,1,phrase,Aに関すると，Aに関する限りでは,Aに関すると，Aに関する限りでは,,1:3448,1
as is,as is,1,1,phrase,そのまま，現状のままで,そのまま，現状のままで,,1:3231,1
as it happens,as it happens,1,1,phrase,それが起こるとき，その際に,それが起こるとき，その際に,,1:2424,1
as much as to say,as much as to say,1,1,phrase,と言わんばかりに，と言っているかのように,と言わんばかりに，と言っているかのように,,1:2606,1
as yet,as yet,1,1,phrase,今のところ，現状，現在点,今のところ，現状，現在点,,1:1725,1
ascend,ascend,1,1,word,昇る，上昇する,昇る，上昇する,,1:560,1
ascribe A to B,ascribe a to b,1,1,phrase,AからBに帰する,AからBに帰する,,1:2645,1
ashore,ashore,1,1,word,岸へ,岸へ,,1:2207,1
ask A out,ask a out,1,1,phrase,Aを誘い出す，Aをデートに誘う,Aを誘い出す，Aをデートに誘う,,1:3686,1
assail,assail,1,1,word,暴行する,暴行する,,1:2098,1
assailant,assailant,1,1,word,加害者,加害者,,1:2394,1
assiduous,assiduous,1,1,word,勤勉な,勤勉な,,1:4018,1
assimilation,assimilation,1,1,word,同化，吸収,同化，吸収,,1:84,1
associate with,associate with,1,1,phrase,と関連付ける，を関連させる,と関連付ける，を関連させる,,1:3031,1
assortment,assortment,1,1,word,詰め合わせ，詰め物,詰め合わせ，詰め物,,1:1079,1
assure A of B,assure a of b,1,1,phrase,BのAを保証する，AにBを保証する,BのAを保証する，AにBを保証する,,1:3218,1
astute,astute,1,1,word,鋭い，鋭敏な,鋭い，鋭敏な,,1:1326,1
asunder,asunder,1,1,word,バラバラに,バラバラに,,1:2802,1
asylum,asylum,1,1,word,亡命，亡命者，亡命生活,亡命，亡命者，亡命生活,,1:1797,1
at a premium,at a premium,1,1,phrase,特別に，割増の,特別に，割増の,,1:2862,1
at a standstill,at a standstill,1,1,phrase,停止中の，行き詰って,停止中の，行き詰って,,1:3719,1
at ease,at ease,1,1,phrase,気楽に，気負いなく,気楽に，気負いなく,,1:3222,1
at hand,at hand,1,1,phrase,手元に，近い将来,手元に，近い将来,,1:1844,1
at home with,at home with,1,1,phrase,慣れて，精通して,慣れて，精通して,,1:3198,1
at intervals,at intervals,1,1,phrase,飛び飛びに，時々,飛び飛びに，時々,,1:3337,1
at issue,at issue,1,1,phrase,問題の，未解決の,問題の，未解決の,,1:3493,1
at large,at large,1,1,phrase,自由で，捕らわれないで,自由で，捕らわれないで,,1:3749,1
at length,at length,1,1,phrase,長い間，長々と,長い間，長々と,,1:3401,1
at no time,at no time,1,1,phrase,決して～しない，～することはない,決して～しない，～することはない,,1:3251,1
at one's disposal,at one's disposal,1,1,phrase,自由に，好きなように,自由に，好きなように,,1:3399,1
at the cost of,at the cost of,1,1,phrase,の代償を払って，を犠牲にして,の代償を払って，を犠牲にして,,1:3771,1
at the drop of a hat,at the drop of a hat,1,1,phrase,すぐに，躊躇せず,すぐに，躊躇せず,,1:4142,1
at the end of the day,at the end of the day,1,1,phrase,一日の終わりに，最終的に,一日の終わりに，最終的に,,1:2677,1
at the outset,at the outset,1,1,phrase,最初に，初めは,最初に，初めは,,1:3876,1
at the sacrifice of,at the sacrifice of,1,1,phrase,の犠牲によって，を犠牲にして,の犠牲によって，を犠牲にして,,1:2414,1
at worst,at worst,1,1,phrase,最悪の場合，もっとも悪い状況,最悪の場合，もっとも悪い状況,,1:2473,1
atheism,atheism,1,1,word,無神論，神を信じない考え,無神論，神を信じない考え,,1:1209,1
atheist,atheist,1,1,word,無神論者,無神論者,,1:2338,1
atone,atone,1,1,word,償う,償う,,1:2032,1
attend on,attend on,1,1,phrase,に参加する，付き添う,に参加する，付き添う,,1:3841,1
attire,attire,1,1,word,服装,服装,,1:2729,1
attrition,attrition,1,1,word,消耗，使い果たす，減少,消耗，使い果たす，減少,,1:1674,1
audacious,audacious,1,1,word,大胆な，勇敢な,大胆な，勇敢な,,1:1390,1
auditory,auditory,1,1,word,聴覚の，聞く力,聴覚の，聞く力,,1:1450,1
augment,augment,1,1,word,増やす，強化する,増やす，強化する,,1:4154,1
auspicious,auspicious,1,1,word,縁起の良い,縁起の良い,,1:3605,1
authoritative,authoritative,1,1,word,権威ある，権力のある,権威ある，権力のある,,1:608,1
autism,autism,1,1,word,自閉症,自閉症,,1:2519,1
autistic,autistic,1,1,word,自閉症の,自閉症の,,1:2009,1
autonomous,autonomous,1,1,word,自律的な，独立的な,自律的な，独立的な,,1:817,1
auxiliary,auxiliary,1,1,word,補助の,補助の,,1:3683,1
avarice,avarice,1,1,word,貪欲,貪欲,,1:2710,1
avatar,avatar,1,1,word,権化，象徴,権化，象徴,,1:1851,1
avenge,avenge,1,1,word,仇を討つ，復讐する,仇を討つ，復讐する,,1:856,1
avenger,avenger,1,1,word,復讐者,復讐者,,1:3207,1
averse,averse,1,1,word,嫌っている,嫌っている,,1:3910,1
aviary,aviary,1,1,word,鳥小屋,鳥小屋,,1:2612,1
avid,avid,1,1,word,熱心な,熱心な,,1:2236,1
awry,awry,1,1,word,歪んで,歪んで,,1:3726,1
axe,axe,1,1,word,斧，戦斧,斧，戦斧,,1:1198,1
back away,back away,1,1,phrase,後退する，バックさせる,後退する，バックさせる,,1:3797,1
back down on,back down on,1,1,phrase,撤回する，取り消す,撤回する，取り消す,,1:3603,1
back out,back out,1,1,phrase,取り消す，約束を破る，撤回する,取り消す，約束を破る，撤回する,,1:1910,1
back-to-back,back-to-back,1,1,word,背中合わせに,背中合わせに,,1:2284,1
backdrop,backdrop,1,1,word,背景幕,背景幕,,1:3426,1
backlash,backlash,1,1,word,激しい反発，強い反響,激しい反発，強い反響,,1:1859,1
ball up,ball up,1,1,phrase,混乱する，台無しにする,混乱する，台無しにする,,1:3691,1
ballistic,ballistic,1,1,word,弾道の，飛ぶ方向,弾道の，飛ぶ方向,,1:1547,1
ballpark,ballpark,1,1,word,概算，おおよその計算,概算，おおよその計算,,1:1046,1
balm,balm,1,1,word,香油,香油,,1:3237,1
baloney,baloney,1,1,word,たわ言,たわ言,,1:3580,1
banal,banal,1,1,word,平凡な,平凡な,,1:4002,1
bandit,bandit,1,1,word,盗賊，盗みを働く人,盗賊，盗みを働く人,,1:1717,1
bane,bane,1,1,word,悩みの種，問題点,悩みの種，問題点,,1:981,1
banquet,banquet,1,1,word,宴会，祝宴,宴会，祝宴,,1:1117,1
banter,banter,1,1,word,冗談，笑い話，おどけ,冗談，笑い話，おどけ,,1:1795,1
bard,bard,1,1,word,吟遊詩人,吟遊詩人,,1:3484,1
barley,barley,1,1,word,大麦，麦,大麦，麦,,1:2650,1
barracks,barracks,1,1,word,兵舎，兵営,兵舎，兵営,,1:1056,1
barrage,barrage,1,1,word,弾幕，多数の弾丸や意見,弾幕，多数の弾丸や意見,,1:1623,1
barrow,barrow,1,1,word,手押し車,手押し車,,1:2499,1
bashful,bashful,1,1,word,内気な,内気な,,1:3002,1
bask,bask,1,1,word,日向ぼっこする，日光浴する,日向ぼっこする，日光浴する,,1:768,1
bastion,bastion,1,1,word,要塞，城塞，砦,要塞，城塞，砦,,1:1807,1
battalion,battalion,1,1,word,大隊，部隊,大隊，部隊,,1:1228,1
be about to do,be about to do,1,1,phrase,やろうとしている，まさに何かをしようとしている,やろうとしている，まさに何かをしようとしている,,1:3471,1
be addicted to,be addicted to,1,1,phrase,の中毒になる，癖になる,の中毒になる，癖になる,,1:3206,1
be alien to,be alien to,1,1,phrase,と調和せずに，相容れなくて,と調和せずに，相容れなくて,,1:3132,1
be applicable to,be applicable to,1,1,phrase,に当てはまる，に適している,に当てはまる，に適している,,1:2787,1
be appropriate to,be appropriate to,1,1,phrase,にふさわしい，適している,にふさわしい，適している,,1:3868,1
be apt to,be apt to,1,1,phrase,しがちである，する癖がある,しがちである，する癖がある,,1:2828,1
be badly off,be badly off,1,1,phrase,貧乏している，お金のない,貧乏している，お金のない,,1:2401,1
be bent on,be bent on,1,1,phrase,熱心で，決意を持って,熱心で，決意を持って,,1:3785,1
be consistent with,be consistent with,1,1,phrase,に首尾一貫している，一貫して,に首尾一貫している，一貫して,,1:3618,1
be crowded with,be crowded with,1,1,phrase,で混んでいる，混雑している,で混んでいる，混雑している,,1:3677,1
be devoted to,be devoted to,1,1,phrase,に専念した，に夢中な,に専念した，に夢中な,,1:3880,1
be disappointed at,be disappointed at,1,1,phrase,にがっかりして，に期待外れで,にがっかりして，に期待外れで,,1:3026,1
be distinct from,be distinct from,1,1,phrase,とは区別する，とは異なって,とは区別する，とは異なって,,1:2971,1
be distinguished for,be distinguished for,1,1,phrase,と区別される，名高い,と区別される，名高い,,1:2794,1
be faithful to,be faithful to,1,1,phrase,に忠義を尽くす，付いていく,に忠義を尽くす，付いていく,,1:3042,1
be identical to,be identical to,1,1,phrase,と同一である，と同じである,と同一である，と同じである,,1:3421,1
be impatient with,be impatient with,1,1,phrase,イライラして，もどかしくて,イライラして，もどかしくて,,1:3813,1
be in for,be in for,1,1,phrase,に直面しそうな，に参加する,に直面しそうな，に参加する,,1:3015,1
be incapable of,be incapable of,1,1,phrase,出来ない，不可能な,出来ない，不可能な,,1:3851,1
be inferior to,be inferior to,1,1,phrase,より劣って，下回って,より劣って，下回って,,1:3191,1
be innocent of,be innocent of,1,1,phrase,無罪の，罪のない,無罪の，罪のない,,1:3458,1
be into,be into,1,1,phrase,に夢中になる，に嵌っている,に夢中になる，に嵌っている,,1:3747,1
be liable to,be liable to,1,1,phrase,責任がある，責任を持つ,責任がある，責任を持つ,,1:3014,1
be located in,be located in,1,1,phrase,に位置している，に立っている,に位置している，に立っている,,1:2148,1
be obliged to do,be obliged to do,1,1,phrase,する義務がある，必要な行動,する義務がある，必要な行動,,1:3679,1
be oblivious of,be oblivious of,1,1,phrase,忘れがちな，気づかないで,忘れがちな，気づかないで,,1:3779,1
be proficient in,be proficient in,1,1,phrase,に精通している，熟知している,に精通している，熟知している,,1:3076,1
be qualified to,be qualified to,1,1,phrase,の資格がある,の資格がある,,1:3507,1
be reluctant to,be reluctant to,1,1,phrase,気が進まない，嫌がる,気が進まない，嫌がる,,1:3902,1
be suitable for,be suitable for,1,1,phrase,に適している，に適した,に適している，に適した,,1:3294,1
be versed in,be versed in,1,1,phrase,に精通している，に詳しい,に精通している，に詳しい,,1:3712,1
be vulnerable to,be vulnerable to,1,1,phrase,に弱い，傷つきやすい,に弱い，傷つきやすい,,1:3516,1
be worthy to,be worthy to,1,1,phrase,に値する，価値がある,に値する，価値がある,,1:3162,1
beacon,beacon,1,1,word,のろし，目印，合図,のろし，目印，合図,,1:1759,1
bear fruit,bear fruit,1,1,phrase,実を結ぶ，効果を生み出す,実を結ぶ，効果を生み出す,,1:3485,1
bear out,bear out,1,1,phrase,裏付ける，支持する,裏付ける，支持する,,1:3180,1
become of,become of,1,1,phrase,となる，になる,となる，になる,,1:3349,1
bedraggled,bedraggled,1,1,word,ぼろぼろの，汚れた,ぼろぼろの，汚れた,,1:4237,1
bedrock,bedrock,1,1,word,岩盤，硬層,岩盤，硬層,,1:1867,1
beef up,beef up,1,1,phrase,強化する，増強する,強化する，増強する,,1:2446,1
beget,beget,1,1,word,子供を授かる,子供を授かる,,1:2239,1
beguile,beguile,1,1,word,惑わす，混乱させる,惑わす，混乱させる,,1:739,1
belabor,belabor,1,1,word,冗長に述べる，くどくど言う,冗長に述べる，くどくど言う,,1:4184,1
beleaguer,beleaguer,1,1,word,包囲する，困らせる,包囲する，困らせる,,1:4094,1
belie,belie,1,1,word,食い違う,食い違う,,1:3385,1
belittle,belittle,1,1,word,見くびる,見くびる,,1:3383,1
bellicose,bellicose,1,1,word,好戦的な，攻撃的な,好戦的な，攻撃的な,,1:4103,1
belligerent,belligerent,1,1,word,好戦的な,好戦的な,,1:2051,1
bemoan,bemoan,1,1,word,嘆く，嘆き悲しむ,嘆く，嘆き悲しむ,,1:587,1
benefactor,benefactor,1,1,word,恩人，恩を受けた人,恩人，恩を受けた人,,1:1077,1
benevolence,benevolence,1,1,word,慈悲,慈悲,,1:3487,1
benevolent,benevolent,1,1,word,慈悲深い，親切な,慈悲深い，親切な,,1:103,1
benign,benign,1,1,word,良性の，善良な,良性の，善良な,,1:829,1
bequeath,bequeath,1,1,word,遺言で譲る,遺言で譲る,,1:2247,1
berate,berate,1,1,word,叱りつける,叱りつける,,1:3480,1
bereaved,bereaved,1,1,word,先立たれた，遺族,先立たれた，遺族,,1:4025,1
bereft,bereft,1,1,word,奪われた，失った,奪われた，失った,,1:4260,1
berth,berth,1,1,word,寝台，寝る場所,寝台，寝る場所,,1:1646,1
beseech,beseech,1,1,word,懇願する，嘆願する,懇願する，嘆願する,,1:3272,1
best for,best for,1,1,phrase,～にとって最良の，～に最適である,～にとって最良の，～に最適である,,1:1996,1
bet on,bet on,1,1,phrase,に賭ける，賭けをする,に賭ける，賭けをする,,1:2430,1
beware of,beware of,1,1,phrase,注意する，気を付ける,注意する，気を付ける,,1:3941,1
beyond number,beyond number,1,1,phrase,数えきれないほど，無数の,数えきれないほど，無数の,,1:3192,1
biceps,biceps,1,1,word,上腕二頭筋,上腕二頭筋,,1:2505,1
bigotry,bigotry,1,1,word,偏屈，頑固,偏屈，頑固,,1:898,1
bilateral,bilateral,1,1,word,両側の,両側の,,1:4003,1
bile,bile,1,1,word,胆汁,胆汁,,1:2663,1
bilk,bilk,1,1,word,だます，欺く,だます，欺く,,1:4128,1
billow,billow,1,1,word,うねり,うねり,,1:2633,1
binary,binary,1,1,word,二の，二番目の,二の，二番目の,,1:593,1
binge,binge,1,1,word,どんちゃん騒ぎ,どんちゃん騒ぎ,,1:3543,1
biopsy,biopsy,1,1,word,生体組織検査，生体サンプル検査,生体組織検査，生体サンプル検査,,1:1185,1
bipolar,bipolar,1,1,word,二極ある，二極性がある,二極ある，二極性がある,,1:1355,1
bite on,bite on,1,1,phrase,に真剣に取り組む，に噛みつく,に真剣に取り組む，に噛みつく,,1:2911,1
bite the bullet,bite the bullet,1,1,phrase,勇気を振り絞る，我慢する,勇気を振り絞る，我慢する,,1:4197,1
black out,black out,1,1,phrase,消灯する，黒く塗りつぶす,消灯する，黒く塗りつぶす,,1:3498,1
blackout,blackout,1,1,word,停電，電源断,停電，電源断,,1:1136,1
blanch,blanch,1,1,word,漂白する,漂白する,,1:3265,1
blare,blare,1,1,word,鳴り響かせる,鳴り響かせる,,1:2282,1
blasphemy,blasphemy,1,1,word,冒涜,冒涜,,1:2739,1
blatantly,blatantly,1,1,word,露骨に,露骨に,,1:3263,1
blemish,blemish,1,1,word,傷,傷,,1:3402,1
blight,blight,1,1,word,疫病，感染症,疫病，感染症,,1:1834,1
blithe,blithe,1,1,word,軽快な,軽快な,,1:3776,1
bloated,bloated,1,1,word,むくんだ,むくんだ,,1:1982,1
blob,blob,1,1,word,柔らかく小さい塊,柔らかく小さい塊,,1:3240,1
blunder,blunder,1,1,word,大失敗,大失敗,,1:3154,1
blurb,blurb,1,1,word,推薦広告,推薦広告,,1:3243,1
blurt,blurt,1,1,word,うっかり話す,うっかり話す,,1:2072,1
bluster,bluster,1,1,word,大ぼらを吹く，威嚇する,大ぼらを吹く，威嚇する,,1:4247,1
bode,bode,1,1,word,予言する,予言する,,1:2058,1
bogus,bogus,1,1,word,偽の，詐欺的な,偽の，詐欺的な,,1:582,1
boisterous,boisterous,1,1,word,騒々しい,騒々しい,,1:2198,1
boldly,boldly,1,1,word,大胆に,大胆に,,1:2030,1
booty,booty,1,1,word,戦利品，略奪物，盗品,戦利品，略奪物，盗品,,1:1659,1
borough,borough,1,1,word,自治区，自治体,自治区，自治体,,1:1161,1
bottom out,bottom out,1,1,phrase,底をつく，底値に達する,底をつく，底値に達する,,1:2961,1
bountiful,bountiful,1,1,word,気前の良い,気前の良い,,1:3888,1
bounty,bounty,1,1,word,寛大，寛容,寛大，寛容,,1:1849,1
bower,bower,1,1,word,木陰，樹下,木陰，樹下,,1:941,1
braille,braille,1,1,word,点字，視覚障害者用の読み書きシステム,点字，視覚障害者用の読み書きシステム,,1:1639,1
brandish,brandish,1,1,word,振り回す，使う，利用する,振り回す，使う，利用する,,1:1362,1
brash,brash,1,1,word,せっかちな，急かせる,せっかちな，急かせる,,1:1293,1
brat,brat,1,1,word,小僧，若者,小僧，若者,,1:1852,1
bravado,bravado,1,1,word,虚勢，見せかけ,虚勢，見せかけ,,1:1105,1
brawl,brawl,1,1,word,乱闘，乱打，暴行,乱闘，乱打，暴行,,1:1812,1
brazen,brazen,1,1,word,厚かましい，無礼な,厚かましい，無礼な,,1:1410,1
breadth,breadth,1,1,word,幅，横幅,幅，横幅,,1:1187,1
break the ice,break the ice,1,1,phrase,話の口火を切る，切り出す,話の口火を切る，切り出す,,1:3843,1
break the news,break the news,1,1,phrase,悲報を伝える，悲しみを知らせる,悲報を伝える，悲しみを知らせる,,1:2598,1
break through,break through,1,1,phrase,突破する，切り抜ける，乗り越える,突破する，切り抜ける，乗り越える,,1:1791,1
brethren,brethren,1,1,word,義兄弟，誓いで結ばれた兄弟,義兄弟，誓いで結ばれた兄弟,,1:1626,1
brevity,brevity,1,1,word,簡潔さ，時間の短さ,簡潔さ，時間の短さ,,1:2352,1
bridle,bridle,1,1,word,手綱,手綱,,1:3208,1
bring down,bring down,1,1,phrase,降ろす，仕留める,降ろす，仕留める,,1:2426,1
briskly,briskly,1,1,word,活発に，元気に,活発に，元気に,,1:854,1
brittle,brittle,1,1,word,壊れやすい,壊れやすい,,1:2803,1
broach,broach,1,1,word,先の尖ったもの,先の尖ったもの,,1:3418,1
bromide,bromide,1,1,word,臭化物,臭化物,,1:2445,1
bronchitis,bronchitis,1,1,word,気管支炎,気管支炎,,1:2448,1
brook,brook,1,1,word,小川,小川,,1:3451,1
brothel,brothel,1,1,word,売春宿，遊廓,売春宿，遊廓,,1:3249,1
bruise,bruise,1,1,word,あざ,あざ,,1:2437,1
brunt,brunt,1,1,word,矛先,矛先,,1:2356,1
brush aside,brush aside,1,1,phrase,無視する，軽視する,無視する，軽視する,,1:4145,1
brusque,brusque,1,1,word,無愛想な,無愛想な,,1:3003,1
brutality,brutality,1,1,word,残忍性，冷酷さ，非情さ,残忍性，冷酷さ，非情さ,,1:326,1
brutally,brutally,1,1,word,残酷に，無慈悲に,残酷に，無慈悲に,,1:1526,1
brute,brute,1,1,word,畜生,畜生,,1:2666,1
budge,budge,1,1,word,少し動く,少し動く,,1:3342,1
build A into B,build a into b,1,1,phrase,AをBに組み入れる,AをBに組み入れる,,1:3355,1
build out,build out,1,1,phrase,構築する，増築する,構築する，増築する,,1:2865,1
bullish,bullish,1,1,word,頑固な，固執する,頑固な，固執する,,1:1356,1
bump into,bump into,1,1,phrase,に突き当たる，偶然会う,に突き当たる，偶然会う,,1:3687,1
buoyant,buoyant,1,1,word,浮力のある,浮力のある,,1:2184,1
bureaucratic,bureaucratic,1,1,word,官僚的な，形式的な,官僚的な，形式的な,,1:746,1
burglar,burglar,1,1,word,強盗，泥棒,強盗，泥棒,,1:215,1
burly,burly,1,1,word,たくましい，強靭な，頑強な,たくましい，強靭な，頑強な,,1:1576,1
burrow,burrow,1,1,word,隠れ場所，隠れ家,隠れ場所，隠れ家,,1:1166,1
burst into,burst into,1,1,phrase,乱入する，急にし始める,乱入する，急にし始める,,1:2144,1
burst into laughter,burst into laughter,1,1,phrase,吹き出す，どっと笑い出す,吹き出す，どっと笑い出す,,1:3636,1
buttock,buttock,1,1,word,臀部，お尻,臀部，お尻,,1:3377,1
buttocks,buttocks,1,1,word,臀部,臀部,,1:2408,1
buy off,buy off,1,1,phrase,お金で解決する，金を払って免れる,お金で解決する，金を払って免れる,,1:2810,1
buy out,buy out,1,1,phrase,買い取る，株を買い取る,買い取る，株を買い取る,,1:2542,1
buyout,buyout,1,1,word,買占め，大量に買い占める行為，買い集め,買占め，大量に買い占める行為，買い集め,,1:1632,1
by any chance,by any chance,1,1,phrase,もしかして，万が一,もしかして，万が一,,1:3828,1
by coincidence,by coincidence,1,1,phrase,偶然に，たまたま,偶然に，たまたま,,1:2936,1
by force,by force,1,1,phrase,力ずくで，無理やり,力ずくで，無理やり,,1:3324,1
cache,cache,1,1,word,貯蔵庫，保存場所,貯蔵庫，保存場所,,1:1220,1
cacophony,cacophony,1,1,word,不協和音，騒音,不協和音，騒音,,1:4163,1
cadence,cadence,1,1,word,韻律,韻律,,1:2333,1
cadre,cadre,1,1,word,幹部集団,幹部集団,,1:2413,1
cajole,cajole,1,1,word,なだめる，ごまかす,なだめる，ごまかす,,1:4238,1
calamitous,calamitous,1,1,word,災害の，悲惨な,災害の，悲惨な,,1:4175,1
calamity,calamity,1,1,word,災害,災害,,1:2407,1
calculus,calculus,1,1,word,結石，微分，積分,結石，微分，積分,,1:1960,1
caliber,caliber,1,1,word,口径，直径,口径，直径,,1:971,1
callous,callous,1,1,word,硬くなった,硬くなった,,1:2816,1
calumny,calumny,1,1,word,誹謗，中傷,誹謗，中傷,,1:4102,1
camaraderie,camaraderie,1,1,word,仲間意識,仲間意識,,1:3457,1
can afford to do,can afford to do,1,1,phrase,する余裕がある，～を買うお金がある,する余裕がある，～を買うお金がある,,1:3232,1
canister,canister,1,1,word,金属容器,金属容器,,1:2705,1
canny,canny,1,1,word,抜け目のない,抜け目のない,,1:1460,1
canonical,canonical,1,1,word,正規の,正規の,,1:2973,1
canopy,canopy,1,1,word,天蓋，張り出し屋根,天蓋，張り出し屋根,,1:3466,1
cant,cant,1,1,word,うわべの言葉,うわべの言葉,,1:2392,1
canteen,canteen,1,1,word,売店,売店,,1:2491,1
capitalize,capitalize,1,1,word,大文字にする，大型化する,大文字にする，大型化する,,1:666,1
capitulate,capitulate,1,1,word,降伏する，投降する,降伏する，投降する,,1:1468,1
caprice,caprice,1,1,word,気まぐれ,気まぐれ,,1:2595,1
capricious,capricious,1,1,word,気まぐれな,気まぐれな,,1:2836,1
caravan,caravan,1,1,word,隊，部隊,隊，部隊,,1:1202,1
carcass,carcass,1,1,word,死骸，遺体,死骸，遺体,,1:1093,1
carcinogen,carcinogen,1,1,word,発がん物質，発癌性の物質,発がん物質，発癌性の物質,,1:471,1
carcinoma,carcinoma,1,1,word,がん,がん,,1:3224,1
cardiac,cardiac,1,1,word,心臓の,心臓の,,1:2025,1
cardinal,cardinal,1,1,word,主要な，中心的な,主要な，中心的な,,1:679,1
cardiovascular,cardiovascular,1,1,word,心血管の,心血管の,,1:1966,1
carnage,carnage,1,1,word,虐殺,虐殺,,1:2402,1
carousel,carousel,1,1,word,メリーゴーランド,メリーゴーランド,,1:2344,1
carry over,carry over,1,1,phrase,持ち越す，繰り返す,持ち越す，繰り返す,,1:2636,1
cartilage,cartilage,1,1,word,軟骨,軟骨,,1:3431,1
carve up,carve up,1,1,phrase,切り分ける，分割する,切り分ける，分割する,,1:2438,1
cascade,cascade,1,1,word,小滝，小さな滝,小滝，小さな滝,,1:406,1
cash in,cash in,1,1,phrase,現金に変える，現金を投入する,現金に変える，現金を投入する,,1:3174,1
casket,casket,1,1,word,小箱，小さな容器,小箱，小さな容器,,1:1068,1
cataclysm,cataclysm,1,1,word,激変,激変,,1:2734,1
catalyst,catalyst,1,1,word,触媒，刺激物,触媒，刺激物,,1:68,1
cataract,cataract,1,1,word,瀑布,瀑布,,1:2757,1
catastrophic,catastrophic,1,1,word,破滅的な，壊滅的な,破滅的な，壊滅的な,,1:697,1
catch A's eye,catch a's eye,1,1,phrase,Aの目を引く，Aの興味を引く,Aの目を引く，Aの興味を引く,,1:2768,1
catch on with,catch on with,1,1,phrase,に追いつく，届く,に追いつく，届く,,1:3416,1
catch up on,catch up on,1,1,phrase,に追い付く，距離を詰める,に追い付く，距離を詰める,,1:3626,1
caustic,caustic,1,1,word,腐食性の,腐食性の,,1:4046,1
cavalcade,cavalcade,1,1,word,馬車の行列，大行進,馬車の行列，大行進,,1:4132,1
cavalier,cavalier,1,1,word,騎士,騎士,,1:3185,1
caveat,caveat,1,1,word,警告，警戒,警告，警戒,,1:1025,1
cavern,cavern,1,1,word,洞窟,洞窟,,1:2498,1
cavort,cavort,1,1,word,はね回る，跳ねる,はね回る，跳ねる,,1:4227,1
cede,cede,1,1,word,譲る,譲る,,1:2271,1
centennial,centennial,1,1,word,100年祭，百年祭,100年祭，百年祭,,1:1869,1
centerpiece,centerpiece,1,1,word,最重要，最も重要,最重要，最も重要,,1:1240,1
cerebral,cerebral,1,1,word,脳の，神経の,脳の，神経の,,1:1306,1
ceremonial,ceremonial,1,1,word,儀式上の，儀式的な,儀式上の，儀式的な,,1:1551,1
cervical,cervical,1,1,word,頸部の,頸部の,,1:1976,1
cessation,cessation,1,1,word,中止,中止,,1:3246,1
chaff,chaff,1,1,word,もみ殻,もみ殻,,1:2461,1
chalk up to,chalk up to,1,1,phrase,帰する，起因すると考える,帰する，起因すると考える,,1:4136,1
charred,charred,1,1,word,黒焦げになった，焦げた,黒焦げになった，焦げた,,1:1462,1
chasm,chasm,1,1,word,裂け目，割れ目,裂け目，割れ目,,1:1876,1
chaste,chaste,1,1,word,純潔な,純潔な,,1:2933,1
chasten,chasten,1,1,word,懲らしめる，罰する,懲らしめる，罰する,,1:661,1
chastise,chastise,1,1,word,懲らしめる,懲らしめる,,1:3344,1
chauvinism,chauvinism,1,1,word,愛国心,愛国心,,1:2477,1
check up on,check up on,1,1,phrase,調べる，照合する,調べる，照合する,,1:3674,1
chew on,chew on,1,1,phrase,かじりつく，しゃぶり付く,かじりつく，しゃぶり付く,,1:3481,1
chide,chide,1,1,word,叱る，怒る,叱る，怒る,,1:775,1
chivalry,chivalry,1,1,word,騎士道,騎士道,,1:2744,1
chlorine,chlorine,1,1,word,塩素,塩素,,1:2695,1
choreographer,choreographer,1,1,word,振付師，ダンスや動きを設計する人，振付家,振付師，ダンスや動きを設計する人，振付家,,1:1666,1
chronically,chronically,1,1,word,慢性的に,慢性的に,,1:4043,1
chronology,chronology,1,1,word,年表,年表,,1:3274,1
chubby,chubby,1,1,word,ぽっちゃりした,ぽっちゃりした,,1:3877,1
chum,chum,1,1,word,仲良し，親友,仲良し，親友,,1:3515,1
cinch,cinch,1,1,word,有力候補,有力候補,,1:3157,1
circumference,circumference,1,1,word,外周,外周,,1:2579,1
circumscribe,circumscribe,1,1,word,取り巻く,取り巻く,,1:2280,1
circumspect,circumspect,1,1,word,慎重な,慎重な,,1:3990,1
circumvent,circumvent,1,1,word,出し抜く，回避する,出し抜く，回避する,,1:63,1
cistern,cistern,1,1,word,貯水槽,貯水槽,,1:2618,1
citadel,citadel,1,1,word,城塞,城塞,,1:2635,1
civility,civility,1,1,word,礼儀正しさ，マナーの良さ,礼儀正しさ，マナーの良さ,,1:1629,1
claimant,claimant,1,1,word,申立人,申立人,,1:3501,1
clairvoyant,clairvoyant,1,1,word,千里眼の,千里眼の,,1:3842,1
clamor,clamor,1,1,word,喧噪，うるさい雑踏や騒音,喧噪，うるさい雑踏や騒音,,1:1714,1
clandestine,clandestine,1,1,word,内密の，秘密の,内密の，秘密の,,1:1602,1
classify A into B,classify a into b,1,1,phrase,AをBに分類する,AをBに分類する,,1:2665,1
classy,classy,1,1,word,上品な，優雅な,上品な，優雅な,,1:1569,1
claustrophobia,claustrophobia,1,1,word,閉所恐怖症,閉所恐怖症,,1:2651,1
clean out,clean out,1,1,phrase,を一掃する，取り除く，排除する,を一掃する，取り除く，排除する,,1:1015,1
clear away,clear away,1,1,phrase,取り除く，片づける,取り除く，片づける,,1:2712,1
cleave,cleave,1,1,word,割る,割る,,1:3298,1
clerical,clerical,1,1,word,事務職の,事務職の,,1:3022,1
cliche,cliche,1,1,word,決まり文句，決まった言葉,決まり文句，決まった言葉,,1:1235,1
clientele,clientele,1,1,word,依頼人，依頼者,依頼人，依頼者,,1:1813,1
clinch,clinch,1,1,word,折り曲げて留める，折って固定する,折り曲げて留める，折って固定する,,1:1500,1
clockwise,clockwise,1,1,word,時計回りに，右回りに,時計回りに，右回りに,,1:694,1
close call,close call,1,1,phrase,間一髪，際どいところ,間一髪，際どいところ,,1:3037,1
close out,close out,1,1,phrase,締め切る，売り払う,締め切る，売り払う,,1:3123,1
clot,clot,1,1,word,固まり，凝固塊,固まり，凝固塊,,1:65,1
clout,clout,1,1,word,影響力，影響,影響力，影響,,1:1048,1
clump,clump,1,1,word,木立ち，木々,木立ち，木々,,1:953,1
clutter,clutter,1,1,word,乱雑，無秩序，混乱,乱雑，無秩序，混乱,,1:1627,1
coalesce,coalesce,1,1,word,合体する，結合する,合体する，結合する,,1:669,1
coarsely,coarsely,1,1,word,粗雑に,粗雑に,,1:3728,1
coax,coax,1,1,word,説き伏せる，説得する,説き伏せる，説得する,,1:851,1
cobble,cobble,1,1,word,修繕する，修理する,修繕する，修理する,,1:1603,1
coddle,coddle,1,1,word,甘やかす,甘やかす,,1:3135,1
coerce,coerce,1,1,word,強制する，強いる,強制する，強いる,,1:419,1
coercion,coercion,1,1,word,強制，強要,強制，強要,,1:1090,1
coffer,coffer,1,1,word,金庫，金箱,金庫，金箱,,1:937,1
cognition,cognition,1,1,word,認知，認識,認知，認識,,1:1138,1
cohort,cohort,1,1,word,軍隊，仲間，部隊,軍隊，仲間，部隊,,1:938,1
colitis,colitis,1,1,word,大腸炎,大腸炎,,1:2427,1
collate,collate,1,1,word,照合する,照合する,,1:450,1
collateral,collateral,1,1,word,並び合った，横に並んだ,並び合った，横に並んだ,,1:812,1
collegiate,collegiate,1,1,word,大学の，大学に関する,大学の，大学に関する,,1:1519,1
colloquial,colloquial,1,1,word,口語の，話し言葉の,口語の，話し言葉の,,1:598,1
collusion,collusion,1,1,word,共謀，共同で犯罪を行う行為，陰謀,共謀，共同で犯罪を行う行為，陰謀,,1:1667,1
colossal,colossal,1,1,word,巨大な，大きな,巨大な，大きな,,1:617,1
colt,colt,1,1,word,子馬,子馬,,1:3398,1
comatose,comatose,1,1,word,昏睡状態の,昏睡状態の,,1:2118,1
combine A with B,combine a with b,1,1,phrase,AとBを組み合わせる，AとBを組み混ぜる,AとBを組み合わせる，AとBを組み混ぜる,,1:2276,1
combustion,combustion,1,1,word,燃焼，火を燃やす，酸化反応,燃焼，火を燃やす，酸化反応,,1:1677,1
come away,come away,1,1,phrase,から離れていく，遠ざかる,から離れていく，遠ざかる,,1:3000,1
come in contact with,come in contact with,1,1,phrase,と接触する，連絡する,と接触する，連絡する,,1:3054,1
come in handy,come in handy,1,1,phrase,助けになる，便利な,助けになる，便利な,,1:3745,1
come into,come into,1,1,phrase,に入る，受け継ぐ,に入る，受け継ぐ,,1:2218,1
come out with,come out with,1,1,phrase,を見せる，口に出す,を見せる，口に出す,,1:3348,1
come to a halt,come to a halt,1,1,phrase,一旦停止する，一時的に止める,一旦停止する，一時的に止める,,1:2740,1
commandment,commandment,1,1,word,命令，指示，指令,命令，指示，指令,,1:1657,1
commit suicide,commit suicide,1,1,phrase,自殺する，自害する,自殺する，自害する,,1:3396,1
communal,communal,1,1,word,共同の，共有の,共同の，共有の,,1:104,1
communique,communique,1,1,word,公式発表，公式通知，公表,公式発表，公式通知，公表,,1:1041,1
compare A to B,compare a to b,1,1,phrase,AをBと比べる，AをBと対比する,AをBと比べる，AをBと対比する,,1:1755,1
compare A with B,compare a with b,1,1,phrase,AとBを比較する,AとBを比較する,,1:2462,1
compete with,compete with,1,1,phrase,と競争する，と競う,と競争する，と競う,,1:3632,1
compilation,compilation,1,1,word,編集，修正，校正,編集，修正，校正,,1:1912,1
complacency,complacency,1,1,word,自己満足，自己陶酔,自己満足，自己陶酔,,1:1877,1
complementary,complementary,1,1,word,補完的な，補足的な,補完的な，補足的な,,1:703,1
complexion,complexion,1,1,word,顔色，肌の色調,顔色，肌の色調,,1:1732,1
compliant,compliant,1,1,word,従順な，応じる,従順な，応じる,,1:89,1
complicit,complicit,1,1,word,共犯の,共犯の,,1:3835,1
complicity,complicity,1,1,word,共犯，共謀者，仲間,共犯，共謀者，仲間,,1:1809,1
complimentary,complimentary,1,1,word,無料の，賞賛の，敬意を表する,無料の，賞賛の，敬意を表する,,1:1984,1
compost,compost,1,1,word,混合物,混合物,,1:3133,1
comptroller,comptroller,1,1,word,会計監査官，会計をチェックする専門家，財務諸表を確認する専門家,会計監査官，会計をチェックする専門家，財務諸表を確認する専門家,,1:1738,1
compunction,compunction,1,1,word,良心の呵責,良心の呵責,,1:3479,1
concave,concave,1,1,word,凹面の,凹面の,,1:3874,1
conceivable,conceivable,1,1,word,考えられる,考えられる,,1:2164,1
concentrate A on B,concentrate a on b,1,1,phrase,AをBに集中させる，AをBに専念させる,AをBに集中させる，AをBに専念させる,,1:3361,1
concerted,concerted,1,1,word,申し合わせた,申し合わせた,,1:2209,1
conciliate,conciliate,1,1,word,調停する,調停する,,1:2202,1
conciliatory,conciliatory,1,1,word,調停的な,調停的な,,1:3110,1
concoct,concoct,1,1,word,練る，混ぜ合わせる,練る，混ぜ合わせる,,1:648,1
concomitant,concomitant,1,1,word,付随する,付随する,,1:3497,1
concordance,concordance,1,1,word,一致,一致,,1:3314,1
concussion,concussion,1,1,word,脳震盪,脳震盪,,1:3489,1
condescend,condescend,1,1,word,謙遜する,謙遜する,,1:2076,1
condescending,condescending,1,1,word,恩着せがましい,恩着せがましい,,1:2813,1
condolence,condolence,1,1,word,お悔み,お悔み,,1:2387,1
condone,condone,1,1,word,大目に見る，寛大に扱う,大目に見る，寛大に扱う,,1:1446,1
conduit,conduit,1,1,word,導管,導管,,1:2317,1
confederate,confederate,1,1,word,連合した,連合した,,1:2251,1
confederation,confederation,1,1,word,連合,連合,,1:2653,1
confetti,confetti,1,1,word,紙吹雪,紙吹雪,,1:2453,1
confide in,confide in,1,1,phrase,信じる，許す,信じる，許す,,1:3072,1
configure,configure,1,1,word,構成，設定，配置,構成，設定，配置,,1:966,1
confiscate,confiscate,1,1,word,没収する，押収する,没収する，押収する,,1:725,1
conflagration,conflagration,1,1,word,大火災，大規模な火事,大火災，大規模な火事,,1:1765,1
confluence,confluence,1,1,word,合流,合流,,1:3523,1
conform A to B,conform a to b,1,1,phrase,AをBに合わせる,AをBに合わせる,,1:3353,1
conformity,conformity,1,1,word,適合,適合,,1:2735,1
conglomerate,conglomerate,1,1,word,密集した,密集した,,1:1969,1
congratulate on,congratulate on,1,1,phrase,祝う，祝いの言葉を述べる,祝う，祝いの言葉を述べる,,1:2396,1
conjure,conjure,1,1,word,唱えて呼ぶ，呼びかける,唱えて呼ぶ，呼びかける,,1:1286,1
connoisseur,connoisseur,1,1,word,鑑定家，評価家,鑑定家，評価家,,1:977,1
connotation,connotation,1,1,word,言外の意味,言外の意味,,1:2732,1
consecrate,consecrate,1,1,word,奉献する,奉献する,,1:1981,1
consent to,consent to,1,1,phrase,に納得する，を許す,に納得する，を許す,,1:3366,1
conservatory,conservatory,1,1,word,温室,温室,,1:2668,1
consider A as B,consider a as b,1,1,phrase,AをBと見なす，AをBと考える,AをBと見なす，AをBと考える,,1:2421,1
consignment,consignment,1,1,word,委託，委託品,委託，委託品 / 委託,,1:346;1:2443,2
consistently,consistently,1,1,word,一貫して，常に,一貫して，常に,,1:47,1
consternation,consternation,1,1,word,驚き,驚き,,1:2688,1
constipation,constipation,1,1,word,便秘,便秘,,1:3137,1
constrict,constrict,1,1,word,狭める，締め付ける,狭める，締め付ける,,1:2279,1
construe,construe,1,1,word,解釈する，解明する,解釈する，解明する,,1:747,1
consummate,consummate,1,1,word,完ぺきな，完全な,完ぺきな，完全な,,1:1570,1
consummation,consummation,1,1,word,完結,完結,,1:3392,1
contagion,contagion,1,1,word,伝染,伝染,,1:3171,1
contaminant,contaminant,1,1,word,汚染物質，環境に害を与える物質,汚染物質，環境に害を与える物質,,1:1615,1
contemplative,contemplative,1,1,word,瞑想的な，沈黙思考の,瞑想的な，沈黙思考の,,1:1483,1
contemptible,contemptible,1,1,word,軽蔑的な,軽蔑的な,,1:3825,1
contentious,contentious,1,1,word,論争好きな，争い好きな,論争好きな，争い好きな,,1:844,1
contextual,contextual,1,1,word,文脈上の,文脈上の,,1:2160,1
contingency,contingency,1,1,word,不測の事態，突発的な事態,不測の事態，突発的な事態,,1:1824,1
contingent,contingent,1,1,word,起こりうる，発生可能な,起こりうる，発生可能な,,1:1312,1
continuation,continuation,1,1,word,継続，持続,継続，持続,,1:171,1
continuum,continuum,1,1,word,連続体，途切れることなく続くもの,連続体，途切れることなく続くもの,,1:1743,1
contraceptive,contraceptive,1,1,word,避妊の，出産を防ぐ,避妊の，出産を防ぐ,,1:1598,1
contractual,contractual,1,1,word,契約上の,契約上の,,1:3746,1
contravene,contravene,1,1,word,違反する,違反する,,1:2123,1
contrition,contrition,1,1,word,悔み，後悔,悔み，後悔,,1:1016,1
contrivance,contrivance,1,1,word,工夫,工夫,,1:3179,1
contrived,contrived,1,1,word,わざとらしい、不自然な,わざとらしい、不自然な,,1:3982,1
conundrum,conundrum,1,1,word,難問，難題,難問，難題,,1:1146,1
convalescence,convalescence,1,1,word,回復期,回復期,,1:2360,1
convent,convent,1,1,word,修道院，僧院,修道院，僧院,,1:94,1
convergence,convergence,1,1,word,収束，集約，集中,収束，集約，集中,,1:935,1
convertible,convertible,1,1,word,形を変えられる，形状を変化させる,形を変えられる，形状を変化させる,,1:615,1
convict of,convict of,1,1,phrase,で有罪判決とする，有罪を宣告する,で有罪判決とする，有罪を宣告する,,1:3030,1
convince A of B,convince a of b,1,1,phrase,BについてAを納得させる,BについてAを納得させる,,1:2397,1
convoluted,convoluted,1,1,word,複雑な，入り組んだ,複雑な，入り組んだ,,1:4192,1
convulsion,convulsion,1,1,word,けいれん,けいれん,,1:3228,1
coop,coop,1,1,word,鳥かご,鳥かご,,1:3390,1
copious,copious,1,1,word,豊富な,豊富な,,1:2814,1
cordon,cordon,1,1,word,非常線,非常線,,1:2339,1
cornerstone,cornerstone,1,1,word,礎石，基礎,礎石，基礎,,1:992,1
coronary,coronary,1,1,word,冠状動脈の，心臓に関連した,冠状動脈の，心臓に関連した,,1:1533,1
coroner,coroner,1,1,word,検死官，法医,検死官，法医,,1:1168,1
corporal,corporal,1,1,word,伍長，軍曹，下士官,伍長，軍曹，下士官,,1:1893,1
corpus,corpus,1,1,word,文書資料の集成，文献集積,文書資料の集成，文献集積,,1:1086,1
corroborate,corroborate,1,1,word,裏付ける，裏を取る,裏付ける，裏を取る,,1:1378,1
corroboration,corroboration,1,1,word,確証,確証,,1:2490,1
corrode,corrode,1,1,word,腐食する,腐食する,,1:2132,1
corrosive,corrosive,1,1,word,腐食性の,腐食性の,,1:1985,1
cot,cot,1,1,word,小屋,小屋,,1:2643,1
counterclockwise,counterclockwise,1,1,word,反時計回りの，逆回り,反時計回りの，逆回り,,1:577,1
counterfeit,counterfeit,1,1,word,偽造する，偽造品を作る,偽造する，偽造品を作る,,1:74,1
courtship,courtship,1,1,word,求愛，愛の告白,求愛，愛の告白,,1:957,1
cove,cove,1,1,word,入り江，湾,入り江，湾,,1:1113,1
cower,cower,1,1,word,縮み上がる,縮み上がる,,1:2172,1
coy,coy,1,1,word,恥ずかしいふりをした，照れくさいふりをした,恥ずかしいふりをした，照れくさいふりをした,,1:1350,1
crack down,crack down,1,1,phrase,厳しく取り締まる，処罰する,厳しく取り締まる，処罰する,,1:3319,1
crackdown,crackdown,1,1,word,取り締まり，監視,取り締まり，監視,,1:896,1
crackle,crackle,1,1,word,パチパチと音をたてる，クリックする,パチパチと音をたてる，クリックする,,1:776,1
crafty,crafty,1,1,word,狡猾な，ずるい,狡猾な，ずるい,,1:744,1
cramped,cramped,1,1,word,狭苦しい，窮屈な,狭苦しい，窮屈な,,1:221,1
crank up,crank up,1,1,phrase,刺激する，始動する,刺激する，始動する,,1:3282,1
cranky,cranky,1,1,word,気難しい,気難しい,,1:2844,1
crap,crap,1,1,word,くだらないもの，つまらないもの,くだらないもの，つまらないもの,,1:1257,1
crappy,crappy,1,1,word,安っぽい，安価な,安っぽい，安価な,,1:1437,1
crash into,crash into,1,1,phrase,衝突する，ぶち当たる,衝突する，ぶち当たる,,1:2631,1
crass,crass,1,1,word,鈍感な，無神経な,鈍感な，無神経な,,1:4066,1
crate,crate,1,1,word,箱，容器,箱，容器,,1:946,1
creak,creak,1,1,word,キーキー鳴る,キーキー鳴る,,1:3291,1
crease,crease,1,1,word,折り目,折り目,,1:3452,1
creepy,creepy,1,1,word,気味悪い，不快な,気味悪い，不快な,,1:884,1
crevice,crevice,1,1,word,隙間,隙間,,1:2614,1
cringe,cringe,1,1,word,すくむ，怯える,すくむ，怯える,,1:826,1
critter,critter,1,1,word,生き物,生き物,,1:3262,1
crony,crony,1,1,word,旧友,旧友,,1:2547,1
crop up,crop up,1,1,phrase,突然現れる，生じる,突然現れる，生じる,,1:2823,1
crotch,crotch,1,1,word,股,股,,1:3254,1
crucifixion,crucifixion,1,1,word,はりつけ,はりつけ,,1:3333,1
crumple,crumple,1,1,word,くしゃくしゃにする，よれる,くしゃくしゃにする，よれる,,1:708,1
crusade,crusade,1,1,word,聖戦，聖なる戦争,聖戦，聖なる戦争,,1:420,1
crusader,crusader,1,1,word,十字軍，聖戦，聖戦運動,十字軍，聖戦，聖戦運動,,1:1907,1
crux,crux,1,1,word,核心,核心,,1:2703,1
crypt,crypt,1,1,word,地下室,地下室,,1:3334,1
cryptic,cryptic,1,1,word,秘密の,秘密の,,1:2764,1
cubicle,cubicle,1,1,word,小部屋,小部屋,,1:2366,1
culinary,culinary,1,1,word,料理の,料理の,,1:2093,1
cull,cull,1,1,word,摘む，間引く，取り除く,摘む，間引く，取り除く,,1:1469,1
culminate,culminate,1,1,word,最高潮に達する,最高潮に達する,,1:3121,1
culmination,culmination,1,1,word,絶頂，最高点，頂点,絶頂，最高点，頂点,,1:1673,1
culpable,culpable,1,1,word,過失のある,過失のある,,1:3752,1
cultivation,cultivation,1,1,word,栽培，耕作,栽培，耕作,,1:1205,1
cumbersome,cumbersome,1,1,word,面倒な，扱いづらい,面倒な，扱いづらい,,1:2147,1
cupboard,cupboard,1,1,word,食器棚，食器収納,食器棚，食器収納,,1:1248,1
curator,curator,1,1,word,学芸員，学芸スタッフ,学芸員，学芸スタッフ,,1:1250,1
curio,curio,1,1,word,骨董品,骨董品,,1:2523,1
cursory,cursory,1,1,word,大ざっぱな,大ざっぱな,,1:2874,1
curt,curt,1,1,word,そっけない，無愛想な,そっけない，無愛想な,,1:1364,1
curtail,curtail,1,1,word,削減する，減少させる,削減する，減少させる,,1:695,1
customary,customary,1,1,word,慣習的な，伝統的な,慣習的な，伝統的な,,1:796,1
cut out for,cut out for,1,1,phrase,に向いている，向き,に向いている，向き,,1:3871,1
cut to the chase,cut to the chase,1,1,phrase,要点にすぐに入る，遠慮せず話す,要点にすぐに入る，遠慮せず話す,,1:4062,1
cutback,cutback,1,1,word,削減,削減,,1:2608,1
cynic,cynic,1,1,word,皮肉屋，皮肉を言う人，ひねくれた人,皮肉屋，皮肉を言う人，ひねくれた人,,1:1662,1
cynicism,cynicism,1,1,word,皮肉，冷嘲,皮肉，冷嘲,,1:1887,1
dab,dab,1,1,word,軽くたたく,軽くたたく,,1:3554,1
daft,daft,1,1,word,まぬけの,まぬけの,,1:3706,1
dainty,dainty,1,1,word,上品な，洗練された,上品な，洗練された,,1:646,1
dally,dally,1,1,word,弄ぶ,弄ぶ,,1:3488,1
dame,dame,1,1,word,貴婦人,貴婦人,,1:2357,1
daub,daub,1,1,word,塗りつぶす,塗りつぶす,,1:3477,1
daunt,daunt,1,1,word,脅す,脅す,,1:2238,1
daunting,daunting,1,1,word,ひるんでいる,ひるんでいる,,1:3767,1
dauntless,dauntless,1,1,word,恐れ知らず，大胆な,恐れ知らず，大胆な,,1:4176,1
dawdle,dawdle,1,1,word,ぐずぐずする，ぶらぶらする,ぐずぐずする，ぶらぶらする,,1:4080,1
dazzling,dazzling,1,1,word,眩しい，明るい,眩しい，明るい,,1:1493,1
deadlock,deadlock,1,1,word,行き詰まり,行き詰まり,,1:3403,1
deal in,deal in,1,1,phrase,取り扱う，携わる，処理する,取り扱う，携わる，処理する,,1:1808,1
dearly,dearly,1,1,word,心から，真心で,心から，真心で,,1:1452,1
dearth,dearth,1,1,word,欠乏，不足,欠乏，不足,,1:1171,1
debacle,debacle,1,1,word,総崩れ，崩壊,総崩れ，崩壊,,1:1147,1
debase,debase,1,1,word,堕落させる，道を踏み外させる,堕落させる，道を踏み外させる,,1:1595,1
debilitate,debilitate,1,1,word,衰弱させる，弱める,衰弱させる，弱める,,1:629,1
debit,debit,1,1,word,借り方,借り方,,1:2456,1
debtor,debtor,1,1,word,債務者，借金者,債務者，借金者,,1:1115,1
debunk,debunk,1,1,word,正体を暴露する,正体を暴露する,,1:3456,1
decadence,decadence,1,1,word,退廃,退廃,,1:2423,1
decadent,decadent,1,1,word,堕落した，衰退した,堕落した，衰退した,,1:4261,1
decency,decency,1,1,word,良識，良知,良識，良知,,1:1119,1
decimate,decimate,1,1,word,殺す,殺す,,1:3443,1
decipher,decipher,1,1,word,解読する，暗号を解く,解読する，暗号を解く,,1:1263,1
decor,decor,1,1,word,装飾，装飾品,装飾，装飾品,,1:1173,1
decorum,decorum,1,1,word,礼儀正しさ,礼儀正しさ,,1:2464,1
decrepit,decrepit,1,1,word,老朽化した,老朽化した,,1:4013,1
defamation,defamation,1,1,word,名誉毀損，中傷,名誉毀損，中傷,,1:1180,1
defection,defection,1,1,word,離反，背いた,離反，背いた,,1:1624,1
deference,deference,1,1,word,尊敬,尊敬,,1:3124,1
defiance,defiance,1,1,word,反抗，反発,反抗，反発,,1:1762,1
deficient,deficient,1,1,word,欠乏した，不足した,欠乏した，不足した,,1:757,1
definitive,definitive,1,1,word,決定的な，断定的な,決定的な，断定的な,,1:770,1
deflect,deflect,1,1,word,そらせる，ゆがめる,そらせる，ゆがめる,,1:588,1
deft,deft,1,1,word,器用な，巧妙な,器用な，巧妙な,,1:1448,1
defunct,defunct,1,1,word,消滅した,消滅した,,1:2035,1
degenerate,degenerate,1,1,word,退化する，後退する,退化する，後退する,,1:1406,1
deity,deity,1,1,word,神,神,,1:3544,1
deleterious,deleterious,1,1,word,有害な，害を及ぼす,有害な，害を及ぼす,,1:4204,1
delineation,delineation,1,1,word,輪郭の描写,輪郭の描写,,1:2706,1
delirious,delirious,1,1,word,錯乱した,錯乱した,,1:3804,1
deluge,deluge,1,1,word,大洪水，大水害，氾濫,大洪水，大水害，氾濫,,1:1896,1
delusional,delusional,1,1,word,妄想的な,妄想的な,,1:2246,1
delve,delve,1,1,word,掘り下げる，深く調べる,掘り下げる，深く調べる,,1:567,1
demarcation,demarcation,1,1,word,境界,境界,,1:3118,1
dementia,dementia,1,1,word,認知症，記憶障害,認知症，記憶障害,,1:1611,1
demolish,demolish,1,1,word,取り壊す，壊す,取り壊す，壊す,,1:718,1
demolition,demolition,1,1,word,解体，崩壊，解散,解体，崩壊，解散,,1:1902,1
demur,demur,1,1,word,異議を唱える，反対する,異議を唱える，反対する,,1:1574,1
demure,demure,1,1,word,控えめな,控えめな,,1:2795,1
denigrate,denigrate,1,1,word,侮辱する,侮辱する,,1:3335,1
dent,dent,1,1,word,へこみ，凹み,へこみ，凹み,,1:363,1
denunciation,denunciation,1,1,word,非難,非難,,1:2644,1
deplete,deplete,1,1,word,枯渇させる，使い尽くす,枯渇させる，使い尽くす,,1:1461,1
depletion,depletion,1,1,word,枯渇，涸れる,枯渇，涸れる,,1:513,1
deplorable,deplorable,1,1,word,嘆かわしい,嘆かわしい,,1:2915,1
depose,depose,1,1,word,免職する，解雇する,免職する，解雇する,,1:1582,1
depraved,depraved,1,1,word,堕落した,堕落した,,1:2894,1
derail,derail,1,1,word,脱線させる，乱す,脱線させる，乱す,,1:872,1
derelict,derelict,1,1,word,浮浪者,浮浪者,,1:3560,1
deride,deride,1,1,word,あざ笑う，嘲笑する,あざ笑う，嘲笑する,,1:1421,1
derisive,derisive,1,1,word,嘲笑的な,嘲笑的な,,1:3086,1
derivative,derivative,1,1,word,派生した，派生する,派生した，派生する,,1:748,1
derive from,derive from,1,1,phrase,から派生する,から派生する,,1:2887,1
derogatory,derogatory,1,1,word,軽蔑的な,軽蔑的な,,1:4047,1
deserving,deserving,1,1,word,値する，価値がある,値する，価値がある,,1:1542,1
despicable,despicable,1,1,word,卑劣な，下劣な,卑劣な，下劣な,,1:236,1
despondent,despondent,1,1,word,落胆した,落胆した,,1:3045,1
despotic,despotic,1,1,word,専制的な,専制的な,,1:2999,1
destitute,destitute,1,1,word,貧困の，困窮した,貧困の，困窮した,,1:106,1
destitution,destitution,1,1,word,貧困,貧困,,1:2380,1
detach,detach,1,1,word,切り離す，分断する,切り離す，分断する,,1:1332,1
deterioration,deterioration,1,1,word,悪化，劣化,悪化，劣化,,1:1094,1
deterrence,deterrence,1,1,word,抑止,抑止,,1:2315,1
deterrent,deterrent,1,1,word,抑止する，制止する,抑止する，制止する,,1:1297,1
detest,detest,1,1,word,忌み嫌う,忌み嫌う,,1:3365,1
detract,detract,1,1,word,損なう,損なう,,1:2081,1
devastation,devastation,1,1,word,荒廃，壊滅,荒廃，壊滅,,1:150,1
deviate,deviate,1,1,word,逸脱する,逸脱する,,1:3234,1
devious,devious,1,1,word,遠回りの，回り道の,遠回りの，回り道の,,1:1374,1
devolution,devolution,1,1,word,委譲,委譲,,1:2678,1
devolve,devolve,1,1,word,譲り渡す，移譲する,譲り渡す，移譲する,,1:761,1
devout,devout,1,1,word,信心深い,信心深い,,1:2298,1
dexterous,dexterous,1,1,word,器用な，巧妙な,器用な，巧妙な,,1:4194,1
diabetic,diabetic,1,1,word,糖尿病の，高血糖の,糖尿病の，高血糖の,,1:1427,1
diabolic,diabolic,1,1,word,悪魔のような,悪魔のような,,1:3978,1
diagonal,diagonal,1,1,word,対角線の,対角線の,,1:2779,1
diaper,diaper,1,1,word,おむつ，おしめ,おむつ，おしめ,,1:1745,1
diaphanous,diaphanous,1,1,word,透明な，薄っぺらい,透明な，薄っぺらい,,1:4215,1
diatribe,diatribe,1,1,word,痛烈な非難,痛烈な非難,,1:3146,1
dichotomy,dichotomy,1,1,word,二分法，両方,二分法，両方,,1:2591,1
diction,diction,1,1,word,言い回し,言い回し,,1:2524,1
dictum,dictum,1,1,word,意見，格言,意見，格言,,1:1864,1
die of,die of,1,1,phrase,で死ぬ，亡くなる,で死ぬ，亡くなる,,1:2569,1
dietary,dietary,1,1,word,食事の，食事関連の,食事の，食事関連の,,1:706,1
differently,differently,1,1,word,異なって，異なる,異なって，異なる,,1:382,1
diffident,diffident,1,1,word,自信のない,自信のない,,1:2783,1
diffusion,diffusion,1,1,word,拡散，広がり,拡散，広がり,,1:1833,1
dignified,dignified,1,1,word,威厳のある,威厳のある,,1:3074,1
digression,digression,1,1,word,脱線，脱輪,脱線，脱輪,,1:469,1
dike,dike,1,1,word,堤防,堤防,,1:2593,1
dilapidated,dilapidated,1,1,word,老朽化した,老朽化した,,1:2881,1
dilate,dilate,1,1,word,膨張する,膨張する,,1:2210,1
diligently,diligently,1,1,word,精を出して,精を出して,,1:3996,1
diminutive,diminutive,1,1,word,とても小さな，極小の,とても小さな，極小の,,1:858,1
dingy,dingy,1,1,word,薄汚い,薄汚い,,1:2903,1
dire,dire,1,1,word,悲惨な，哀れな,悲惨な，哀れな,,1:433,1
direct A to B,direct a to b,1,1,phrase,AにBへの道を教える，AをBへ誘導する,AにBへの道を教える，AをBへ誘導する,,1:3634,1
discernible,discernible,1,1,word,識別できる，区別できる,識別できる，区別できる,,1:794,1
discerning,discerning,1,1,word,洞察力のある，鋭い理解力,洞察力のある，鋭い理解力,,1:3884,1
discomfiture,discomfiture,1,1,word,挫折,挫折,,1:3362,1
discontent,discontent,1,1,word,不満，満足していない状態,不満，満足していない状態,,1:1719,1
discrepancy,discrepancy,1,1,word,不一致，食い違い,不一致，食い違い,,1:441,1
discrete,discrete,1,1,word,個別の，独自の,個別の，独自の,,1:729,1
discretionary,discretionary,1,1,word,任意の,任意の,,1:2084,1
disgraceful,disgraceful,1,1,word,恥ずかしい，恥じらいの,恥ずかしい，恥じらいの,,1:837,1
disgruntled,disgruntled,1,1,word,不満な，不機嫌な,不満な，不機嫌な,,1:1276,1
dishevel,dishevel,1,1,word,振り乱す,振り乱す,,1:3163,1
disheveled,disheveled,1,1,word,乱れた,乱れた,,1:2847,1
disintegration,disintegration,1,1,word,崩壊，崩壊状態,崩壊，崩壊状態,,1:1845,1
dislodge,dislodge,1,1,word,無理に押しのける,無理に押しのける,,1:2255,1
disparage,disparage,1,1,word,見下す，軽視する，軽蔑する,見下す，軽視する，軽蔑する,,1:1590,1
disparate,disparate,1,1,word,異なる，違う,異なる，違う,,1:1463,1
disparity,disparity,1,1,word,相違，違い，不一致,相違，違い，不一致,,1:1676,1
dispensary,dispensary,1,1,word,診療所,診療所,,1:3155,1
disposable,disposable,1,1,word,使い捨ての，一回きりの,使い捨ての，一回きりの,,1:1517,1
disproportionate,disproportionate,1,1,word,不均衡な,不均衡な,,1:2307,1
disquiet,disquiet,1,1,word,不穏な，不安定な,不穏な，不安定な,,1:814,1
dissect,dissect,1,1,word,解剖する,解剖する,,1:2186,1
dissident,dissident,1,1,word,反体制派の,反体制派の,,1:2263,1
dissipate,dissipate,1,1,word,散らす，ばらまく,散らす，ばらまく,,1:1484,1
distal,distal,1,1,word,末端の,末端の,,1:3998,1
distorted,distorted,1,1,word,歪んだ,歪んだ,,1:2109,1
distraught,distraught,1,1,word,取り乱した,取り乱した,,1:2054,1
ditto,ditto,1,1,word,同上,同上,,1:3772,1
diva,diva,1,1,word,女性歌手，歌姫,女性歌手，歌姫,,1:3119,1
divergence,divergence,1,1,word,分岐,分岐,,1:2754,1
divergent,divergent,1,1,word,分岐した,分岐した,,1:2233,1
divisive,divisive,1,1,word,不和の生じた，対立している,不和の生じた，対立している,,1:857,1
divulge,divulge,1,1,word,漏らす，暴露する,漏らす，暴露する,,1:623,1
do A harm,do a harm,1,1,phrase,Aに害を及ぼす，傷つける,Aに害を及ぼす，傷つける,,1:2951,1
do an injustice to,do an injustice to,1,1,phrase,誤解する，価値を見誤る,誤解する，価値を見誤る,,1:3652,1
doctorate,doctorate,1,1,word,博士号，博士の学位,博士号，博士の学位,,1:1124,1
dodge a bullet,dodge a bullet,1,1,phrase,危機を回避する,危機を回避する,,1:4131,1
dogged,dogged,1,1,word,頑固な,頑固な,,1:2060,1
doldrums,doldrums,1,1,word,無風地帯,無風地帯,,1:2439,1
domicile,domicile,1,1,word,住居,住居,,1:2442,1
dormant,dormant,1,1,word,休眠中の，休止中の,休眠中の，休止中の,,1:894,1
dos and don'ts,dos and don'ts,1,1,phrase,規則集，注意事項,規則集，注意事項,,1:3078,1
dosage,dosage,1,1,word,投与量，服用量,投与量，服用量,,1:45,1
dour,dour,1,1,word,陰気な,陰気な,,1:2128,1
douse,douse,1,1,word,ずぶぬれにする,ずぶぬれにする,,1:2258,1
down the road,down the road,1,1,phrase,この先，将来,この先，将来,,1:3817,1
down to earth,down to earth,1,1,phrase,分別のある，現実的な,分別のある，現実的な,,1:3316,1
downright,downright,1,1,word,真っすぐな，徹底的な，一貫した,真っすぐな，徹底的な，一貫した,,1:341,1
drab,drab,1,1,word,単調な,単調な,,1:2249,1
drag out,drag out,1,1,phrase,引き出す，長引かせる,引き出す，長引かせる,,1:3786,1
draw a line,draw a line,1,1,phrase,線を引く，一線を引く,線を引く，一線を引く,,1:3960,1
draw back,draw back,1,1,phrase,引き戻す，取り消す,引き戻す，取り消す,,1:3684,1
draw into,draw into,1,1,phrase,引き込む，引き入れる,引き込む，引き入れる,,1:2620,1
draw out,draw out,1,1,phrase,引き抜く，引き伸ばす,引き抜く，引き伸ばす,,1:3597,1
drawback,drawback,1,1,word,欠点，短所,欠点，短所,,1:41,1
drawl,drawl,1,1,word,ゆっくり話す，遅く話す,ゆっくり話す，遅く話す,,1:705,1
dream on,dream on,1,1,phrase,夢を見続ける，(命令文で)夢でも見てろ,夢を見続ける，(命令文で)夢でも見てろ,,1:2682,1
drench,drench,1,1,word,ずぶぬれにする，水浸しにする,ずぶぬれにする，水浸しにする,,1:1438,1
dribble,dribble,1,1,word,滴る,滴る,,1:3569,1
drink in,drink in,1,1,phrase,吸収する，見とれる,吸収する，見とれる,,1:2913,1
drink to,drink to,1,1,phrase,を祝って飲む，偲んで酒を飲む,を祝って飲む，偲んで酒を飲む,,1:2995,1
drink up,drink up,1,1,phrase,飲み干す，飲み尽くす,飲み干す，飲み尽くす,,1:3641,1
drizzle,drizzle,1,1,word,霧雨が降る，細かい雨が降る,霧雨が降る，細かい雨が降る,,1:1397,1
drool,drool,1,1,word,よだれを垂らす,よだれを垂らす,,1:3302,1
drudgery,drudgery,1,1,word,骨折り仕事,骨折り仕事,,1:2334,1
duchy,duchy,1,1,word,公国,公国,,1:2659,1
duly,duly,1,1,word,正当に,正当に,,1:3735,1
dune,dune,1,1,word,砂丘,砂丘,,1:2578,1
dung,dung,1,1,word,糞,糞,,1:2602,1
dupe,dupe,1,1,word,複製品，複製品,複製品，複製品,,1:505,1
dusky,dusky,1,1,word,薄暗い，昏い,薄暗い，昏い,,1:789,1
ease up,ease up,1,1,phrase,緩む，和らぐ,緩む，和らぐ,,1:3067,1
eat away,eat away,1,1,phrase,食い荒らす，侵食する,食い荒らす，侵食する,,1:2670,1
eavesdrop,eavesdrop,1,1,word,盗聴する,盗聴する,,1:3478,1
ebriate,ebriate,1,1,word,興奮させる,興奮させる,,1:3624,1
ebullient,ebullient,1,1,word,沸き立つような，元気いっぱいの,沸き立つような，元気いっぱいの,,1:4083,1
ecclesiastical,ecclesiastical,1,1,word,教会の,教会の,,1:3627,1
echelon,echelon,1,1,word,梯形編成,梯形編成,,1:3447,1
eclectic,eclectic,1,1,word,折衷の,折衷の,,1:2103,1
eddy,eddy,1,1,word,渦,渦,,1:2335,1
edifice,edifice,1,1,word,建築物，構造物,建築物，構造物,,1:910,1
edify,edify,1,1,word,啓発する,啓発する,,1:2308,1
efface,efface,1,1,word,拭い去る,拭い去る,,1:2309,1
effervescent,effervescent,1,1,word,発泡性の,発泡性の,,1:3016,1
effigy,effigy,1,1,word,肖像，像,肖像，像,,1:4164,1
effulgent,effulgent,1,1,word,輝かしい，明るい,輝かしい，明るい,,1:4248,1
effusive,effusive,1,1,word,感情むき出しの,感情むき出しの,,1:3827,1
egalitarian,egalitarian,1,1,word,平等主義者,平等主義者,,1:2494,1
egregious,egregious,1,1,word,悪質な,悪質な,,1:2866,1
either way,either way,1,1,phrase,どちらにしても，どのみち,どちらにしても，どのみち,,1:3370,1
elaborate on,elaborate on,1,1,phrase,を詳しく述べる，詳しく話す,を詳しく述べる，詳しく話す,,1:3064,1
elation,elation,1,1,word,得意げ,得意げ,,1:2571,1
electrode,electrode,1,1,word,電極，電流を通す部品，電流を通す部品,電極，電流を通す部品，電流を通す部品,,1:1663,1
elicit,elicit,1,1,word,引き出す，取り出す,引き出す，取り出す,,1:403,1
eligibility,eligibility,1,1,word,適格性，妥当性,適格性，妥当性,,1:1862,1
ellipse,ellipse,1,1,word,楕円,楕円,,1:3260,1
elucidate,elucidate,1,1,word,解明する,解明する,,1:2015,1
elucidation,elucidation,1,1,word,解明,解明,,1:3571,1
elude,elude,1,1,word,逃げる，逃走する,逃げる，逃走する,,1:860,1
elusive,elusive,1,1,word,捉えどころのない，不確定な,捉えどころのない，不確定な,,1:686,1
emaciated,emaciated,1,1,word,やつれた，痩せ衰えた,やつれた，痩せ衰えた,,1:4141,1
emanate,emanate,1,1,word,発する，出す,発する，出す,,1:762,1
emancipate,emancipate,1,1,word,解放する,解放する,,1:3281,1
emancipation,emancipation,1,1,word,解放,解放,,1:3315,1
embankment,embankment,1,1,word,堤防,堤防,,1:2481,1
embellish,embellish,1,1,word,飾る,飾る,,1:3152,1
embezzle,embezzle,1,1,word,横領する,横領する,,1:3259,1
emblem,emblem,1,1,word,象徴，何かを代表するものや事象，権化,象徴，何かを代表するものや事象，権化,,1:1781,1
embroidery,embroidery,1,1,word,刺繍,刺繍,,1:2716,1
embroil,embroil,1,1,word,巻き込む，関与させる,巻き込む，関与させる,,1:1352,1
emeritus,emeritus,1,1,word,名誉の，名誉退職の,名誉の，名誉退職の,,1:2972,1
emissary,emissary,1,1,word,密偵,密偵,,1:2550,1
empirical,empirical,1,1,word,経験に基づいた，実績からの,経験に基づいた，実績からの,,1:724,1
enactment,enactment,1,1,word,立法，法制定,立法，法制定,,1:968,1
enclave,enclave,1,1,word,飛び地，飛地,飛び地，飛地,,1:1775,1
enclosure,enclosure,1,1,word,包囲，囲い,包囲，囲い,,1:1949,1
encroach,encroach,1,1,word,侵入する,侵入する,,1:2073,1
encryption,encryption,1,1,word,暗号化,暗号化,,1:2516,1
endear,endear,1,1,word,慕わせる，愛される,慕わせる，愛される,,1:545,1
endemic,endemic,1,1,word,風土病，地域病，特定の地域で多く見られる病気,風土病，地域病，特定の地域で多く見られる病気,,1:1777,1
enervate,enervate,1,1,word,弱める，奪う,弱める，奪う,,1:4144,1
engage in,engage in,1,1,phrase,に従事する，～に携わる,に従事する，～に携わる,,1:2829,1
engender,engender,1,1,word,醸し出す,醸し出す,,1:2075,1
engross,engross,1,1,word,注意を向け集中させる,注意を向け集中させる,,1:4026,1
engulf,engulf,1,1,word,飲み込む，ゴクリと飲む,飲み込む，ゴクリと飲む,,1:1550,1
enigma,enigma,1,1,word,不可解なこと，理解不能なこと,不可解なこと，理解不能なこと,,1:1061,1
enigmatic,enigmatic,1,1,word,謎めいた，神秘的な,謎めいた，神秘的な,,1:673,1
enjoin,enjoin,1,1,word,命じる,命じる,,1:3512,1
ensconce,ensconce,1,1,word,快適に座る,快適に座る,,1:3350,1
ensemble,ensemble,1,1,word,全体的効果，全般的な影響，全体の影響,全体的効果，全般的な影響，全体の影響,,1:921,1
enshrine,enshrine,1,1,word,祀る,祀る,,1:3182,1
enthrall,enthrall,1,1,word,魅了する,魅了する,,1:3332,1
entourage,entourage,1,1,word,側近，近侍,側近，近侍,,1:1002,1
entreat,entreat,1,1,word,懇願する，頼む,懇願する，頼む,,1:847,1
entrench,entrench,1,1,word,塹壕に入れる，防御する,塹壕に入れる，防御する,,1:1420,1
entrenched,entrenched,1,1,word,定着した,定着した,,1:3587,1
entrepreneurship,entrepreneurship,1,1,word,起業家精神，創業者の心,起業家精神，創業者の心,,1:1001,1
entrust A to B,entrust a to b,1,1,phrase,AからBに委託する，任せる,AからBに委託する，任せる,,1:2756,1
entrust A with B,entrust a with b,1,1,phrase,AにBを委託する，任せる,AにBを委託する，任せる,,1:3952,1
enumerate,enumerate,1,1,word,列挙する,列挙する,,1:3318,1
enunciate,enunciate,1,1,word,明瞭に発音する,明瞭に発音する,,1:2201,1
environs,environs,1,1,word,周辺,周辺,,1:2696,1
enzyme,enzyme,1,1,word,酵素，生化学的触媒,酵素，生化学的触媒,,1:62,1
ephemeral,ephemeral,1,1,word,はかない,はかない,,1:3052,1
epicenter,epicenter,1,1,word,震源地,震源地,,1:1919,1
epilepsy,epilepsy,1,1,word,てんかん,てんかん,,1:3160,1
epiphany,epiphany,1,1,word,悟り,悟り,,1:3449,1
episcopal,episcopal,1,1,word,監督の，司教の,監督の，司教の,,1:644,1
epitome,epitome,1,1,word,典型，縮図,典型，縮図,,1:2534,1
epitomize,epitomize,1,1,word,縮める,縮める,,1:3376,1
equestrian,equestrian,1,1,word,馬術の,馬術の,,1:2937,1
equitable,equitable,1,1,word,公平な，平等な,公平な，平等な,,1:1597,1
equivocate,equivocate,1,1,word,あいまいに言う，二枚舌,あいまいに言う，二枚舌,,1:4239,1
eradicate,eradicate,1,1,word,根絶する，撲滅する,根絶する，撲滅する,,1:358,1
err,err,1,1,word,誤る，間違える,誤る，間違える,,1:1521,1
erratic,erratic,1,1,word,不安定な,不安定な,,1:2169,1
escapade,escapade,1,1,word,いたずら,いたずら,,1:2557,1
eschew,eschew,1,1,word,避ける,避ける,,1:889,1
esophagus,esophagus,1,1,word,食道,食道,,1:2527,1
esoteric,esoteric,1,1,word,秘儀の，神秘的な,秘儀の，神秘的な,,1:292,1
espionage,espionage,1,1,word,スパイ活動，情報を秘密裏に収集する活動，陰謀活動,スパイ活動，情報を秘密裏に収集する活動，陰謀活動,,1:1652,1
espouse,espouse,1,1,word,支持する，後援する,支持する，後援する / 信念や主張を支持する,,1:862;1:3313,2
estranged,estranged,1,1,word,疎遠になった,疎遠になった,,1:3635,1
ethereal,ethereal,1,1,word,空気の様に軽やかな,空気の様に軽やかな,,1:2021,1
ethos,ethos,1,1,word,気風,気風,,1:2600,1
eulogy,eulogy,1,1,word,賛辞,賛辞,,1:3188,1
euphemism,euphemism,1,1,word,婉曲表現，遠回しの表現,婉曲表現，遠回しの表現,,1:1771,1
euphoria,euphoria,1,1,word,陶酔，夢中,陶酔，夢中,,1:1860,1
euphoric,euphoric,1,1,word,陶酔している,陶酔している,,1:3989,1
euthanasia,euthanasia,1,1,word,安楽死,安楽死,,1:1941,1
even out,even out,1,1,phrase,平らになる，安定する,平らになる，安定する,,1:1083,1
ever since,ever since,1,1,phrase,それ以来，それ以降,それ以来，それ以降,,1:2780,1
eviction,eviction,1,1,word,立ち退き，明け渡し,立ち退き，明け渡し,,1:3117,1
evocative,evocative,1,1,word,呼び起こした,呼び起こした,,1:2241,1
evolutionary,evolutionary,1,1,word,進化的な，進化論の,進化的な，進化論の,,1:10,1
ex-husband,ex-husband,1,1,word,元夫，以前の配偶者,元夫，以前の配偶者,,1:1703,1
exacerbate,exacerbate,1,1,word,悪化させる，悪くする,悪化させる，悪くする,,1:1534,1
exacting,exacting,1,1,word,厳しい,厳しい,,1:1992,1
exasperate,exasperate,1,1,word,いら立たせる，怒らせる,いら立たせる，怒らせる,,1:4205,1
exasperation,exasperation,1,1,word,憤慨,憤慨,,1:2327,1
excavation,excavation,1,1,word,発掘，探し出す,発掘，探し出す,,1:1063,1
exchequer,exchequer,1,1,word,国庫,国庫,,1:3406,1
excise,excise,1,1,word,物品税，商品にかかる税金,物品税，商品にかかる税金,,1:1740,1
excruciate,excruciate,1,1,word,苦しめる,苦しめる,,1:3219,1
exemplar,exemplar,1,1,word,模範,模範,,1:3442,1
exhale,exhale,1,1,word,吐き出す，放出する,吐き出す，放出する,,1:671,1
exhilarate,exhilarate,1,1,word,陽気にさせる，楽しくさせる,陽気にさせる，楽しくさせる,,1:795,1
exhilarating,exhilarating,1,1,word,爽快にさせる,爽快にさせる,,1:3482,1
exhort,exhort,1,1,word,勧める，推薦する,勧める，推薦する,,1:1264,1
exhortation,exhortation,1,1,word,勧め,勧め,,1:3459,1
existential,existential,1,1,word,実存の，存在する,実存の，存在する,,1:1289,1
exonerate,exonerate,1,1,word,無罪放免する,無罪放免する,,1:3410,1
exorbitant,exorbitant,1,1,word,法外な，途方もない,法外な，途方もない,,1:512,1
exorcise,exorcise,1,1,word,厄払いする,厄払いする,,1:2055,1
expand on,expand on,1,1,phrase,について詳しく話す，詳述する,について詳しく話す，詳述する,,1:2416,1
expatriate,expatriate,1,1,word,自国を離れる，出国する,自国を離れる，出国する,,1:1346,1
expedient,expedient,1,1,word,都合の良い,都合の良い,,1:3647,1
expedite,expedite,1,1,word,促進する，迅速化する,促進する，迅速化する,,1:129,1
exploratory,exploratory,1,1,word,探検の,探検の,,1:2245,1
exponent,exponent,1,1,word,解説者,解説者,,1:2539,1
exponential,exponential,1,1,word,指数関数的な,指数関数的な,,1:3724,1
exponentially,exponentially,1,1,word,指数関数的に,指数関数的に,,1:3475,1
exposition,exposition,1,1,word,展示会,展示会,,1:1940,1
expound,expound,1,1,word,解説する,解説する,,1:2266,1
expropriate,expropriate,1,1,word,没収する,没収する,,1:3178,1
expulsion,expulsion,1,1,word,排除，除名,排除，除名,,1:76,1
extant,extant,1,1,word,現存の,現存の,,1:4031,1
extemporaneous,extemporaneous,1,1,word,即席の，その場しのぎの,即席の，その場しのぎの,,1:3649,1
extol,extol,1,1,word,絶賛する，高く評価する,絶賛する，高く評価する,,1:1396,1
extoll,extoll,1,1,word,称える,称える,,1:3533,1
extortion,extortion,1,1,word,恐喝,恐喝,,1:3495,1
extradite,extradite,1,1,word,引き渡す,引き渡す,,1:1983,1
extradition,extradition,1,1,word,引き渡し，渡す，提供する,引き渡し，渡す，提供する,,1:1811,1
extrapolate,extrapolate,1,1,word,推定する，外挿する,推定する，外挿する,,1:3563,1
extremist,extremist,1,1,word,過激派，極端な,過激派，極端な,,1:1554,1
extricate,extricate,1,1,word,救い出す,救い出す,,1:2261,1
extrovert,extrovert,1,1,word,外向的な,外向的な,,1:3799,1
exuberant,exuberant,1,1,word,あふれんばかりの,あふれんばかりの,,1:2014,1
exude,exude,1,1,word,滲み出させる,滲み出させる,,1:2067,1
exult,exult,1,1,word,喜ぶ，うれしく思う,喜ぶ，うれしく思う,,1:1349,1
fabrication,fabrication,1,1,word,製作,製作,,1:3300,1
facetious,facetious,1,1,word,ふざけた,ふざけた,,1:2919,1
fade away,fade away,1,1,phrase,消えていく，消滅していく,消えていく，消滅していく,,1:2554,1
faded,faded,1,1,word,色あせた，退色した,色あせた，退色した,,1:1412,1
fall behind,fall behind,1,1,phrase,遅れる，追い越される,遅れる，追い越される,,1:2679,1
fall on,fall on,1,1,phrase,降りかかる，突然やってくる,降りかかる，突然やってくる,,1:2786,1
fall victim to,fall victim to,1,1,phrase,の犠牲になる，犠牲となる,の犠牲になる，犠牲となる,,1:3659,1
fallacious,fallacious,1,1,word,誤った，不正確な,誤った，不正確な,,1:4075,1
fallacy,fallacy,1,1,word,誤信，誤解,誤信，誤解,,1:932,1
fallible,fallible,1,1,word,誤りやすい，欠点がある,誤りやすい，欠点がある,,1:4165,1
falter,falter,1,1,word,ためらう，躊躇する,ためらう，躊躇する,,1:1408,1
faltered,faltered,1,1,word,行き詰まった,行き詰まった,,1:3740,1
fanatic,fanatic,1,1,word,狂信者，過激派,狂信者，過激派,,1:899,1
fang,fang,1,1,word,牙，犬歯,牙，犬歯,,1:1026,1
farce,farce,1,1,word,茶番，喜劇，茶番劇,茶番，喜劇，茶番劇,,1:1782,1
fart,fart,1,1,word,おならをする,おならをする,,1:3345,1
fastidious,fastidious,1,1,word,気難しい,気難しい,,1:2869,1
fatality,fatality,1,1,word,死者，災害，犠牲者,死者，災害，犠牲者,,1:928,1
faucet,faucet,1,1,word,蛇口,蛇口,,1:2714,1
faulty,faulty,1,1,word,欠点のある，不完全な,欠点のある，不完全な,,1:1272,1
faze,faze,1,1,word,心を騒がせる,心を騒がせる,,1:3373,1
feckless,feckless,1,1,word,無気力な，責任感のない,無気力な，責任感のない,,1:4262,1
feign,feign,1,1,word,偽る，装う,偽る，装う,,1:4111,1
felon,felon,1,1,word,重罪犯人，凶悪犯,重罪犯人，凶悪犯,,1:1130,1
fence in,fence in,1,1,phrase,を囲い込む，さくで囲い込む,を囲い込む，さくで囲い込む,,1:3930,1
fend,fend,1,1,word,避ける，回避する,避ける，回避する,,1:668,1
fend off,fend off,1,1,phrase,防ぐ，避ける,防ぐ，避ける,,1:4213,1
feral,feral,1,1,word,野生の，人嫌いの,野生の，人嫌いの,,1:4228,1
ferment,ferment,1,1,word,発酵体，発酵を引き起こす物質,発酵体，発酵を引き起こす物質,,1:1747,1
ferocity,ferocity,1,1,word,凶暴性，獰猛さ,凶暴性，獰猛さ,,1:1018,1
ferret out,ferret out,1,1,phrase,探し出す，暴く,探し出す，暴く,,1:4078,1
fervent,fervent,1,1,word,熱烈な，情熱的な,熱烈な，情熱的な,,1:1511,1
fetal,fetal,1,1,word,胎児の，胎児に関する，胎内の,胎児の，胎児に関する，胎内の,,1:1580,1
fetus,fetus,1,1,word,胎児，胎子,胎児，胎子,,1:1152,1
feud,feud,1,1,word,確執，対立,確執，対立,,1:991,1
fiasco,fiasco,1,1,word,大失態,大失態,,1:2331,1
fiat,fiat,1,1,word,命令，指令や要求,命令，指令や要求,,1:1734,1
fickle,fickle,1,1,word,気まぐれな，不安定な,気まぐれな，不安定な,,1:1457,1
fiddle,fiddle,1,1,word,バイオリン,バイオリン,,1:2465,1
fiduciary,fiduciary,1,1,word,受託者,受託者,,1:3535,1
fiend,fiend,1,1,word,悪魔,悪魔,,1:2741,1
figment,figment,1,1,word,作りごと,作りごと,,1:3444,1
filial,filial,1,1,word,子の,子の,,1:3664,1
filibuster,filibuster,1,1,word,議事妨害,議事妨害,,1:2497,1
filth,filth,1,1,word,汚物,汚物,,1:3343,1
finery,finery,1,1,word,華美な装飾,華美な装飾,,1:3296,1
finesse,finesse,1,1,word,巧妙な処理，うまい対処，手腕,巧妙な処理，うまい対処，手腕,,1:1786,1
firearm,firearm,1,1,word,銃器，火器,銃器，火器,,1:1188,1
first and foremost,first and foremost,1,1,phrase,まず第一に，真っ先に,まず第一に，真っ先に,,1:3161,1
first and last,first and last,1,1,phrase,総じて，概して,総じて，概して,,1:2980,1
fission,fission,1,1,word,分裂,分裂,,1:2605,1
fissure,fissure,1,1,word,亀裂,亀裂,,1:3545,1
fit A with B,fit a with b,1,1,phrase,AにBを備え付ける，AにBを装備する,AにBを備え付ける，AにBを装備する,,1:1481,1
fit as a fiddle,fit as a fiddle,1,1,phrase,非常に健康で元気,非常に健康で元気,,1:4139,1
fitful,fitful,1,1,word,気まぐれな,気まぐれな,,1:4057,1
fix on,fix on,1,1,phrase,を固定する，取り付ける,を固定する，取り付ける,,1:3138,1
fix up,fix up,1,1,phrase,を修理する，決定する，を直す,を修理する，決定する，を直す,,1:442,1
fixate,fixate,1,1,word,定着させる,定着させる,,1:3558,1
flabbergast,flabbergast,1,1,word,驚かせる，仰天させる,驚かせる，仰天させる,,1:4146,1
flabby,flabby,1,1,word,たるんだ,たるんだ,,1:2953,1
flagrant,flagrant,1,1,word,極悪非道の,極悪非道の,,1:1994,1
flagship,flagship,1,1,word,旗艦，主力艦,旗艦，主力艦,,1:1225,1
flamboyant,flamboyant,1,1,word,色鮮やかな,色鮮やかな,,1:2289,1
flaunt,flaunt,1,1,word,誇示する，見せびらかす,誇示する，見せびらかす,,1:572,1
flawless,flawless,1,1,word,完璧な,完璧な,,1:2151,1
fledgling,fledgling,1,1,word,駆け出し，初心者,駆け出し，初心者,,1:1751,1
fleeting,fleeting,1,1,word,つかの間の,つかの間の,,1:2089,1
flex,flex,1,1,word,曲げる，湾曲させる,曲げる，湾曲させる,,1:613,1
flimsy,flimsy,1,1,word,薄っぺらな,薄っぺらな,,1:2195,1
flinch,flinch,1,1,word,尻込みする，躊躇する,尻込みする，躊躇する,,1:1424,1
flip-flop,flip-flop,1,1,word,サンダル，パタパタ鳴る音,サンダル，パタパタ鳴る音,,1:3266,1
flippant,flippant,1,1,word,軽薄な,軽薄な,,1:3613,1
flit,flit,1,1,word,すいすい飛ぶ,すいすい飛ぶ,,1:2010,1
flop,flop,1,1,word,ばったり倒れる，突然倒れる,ばったり倒れる，突然倒れる,,1:1319,1
flora,flora,1,1,word,植物群,植物群,,1:3128,1
flounder,flounder,1,1,word,もがく，足掻く,もがく，足掻く,,1:1475,1
fluctuate,fluctuate,1,1,word,変動する,変動する,,1:2034,1
fluff,fluff,1,1,word,綿毛,綿毛,,1:2673,1
fluffy,fluffy,1,1,word,綿毛の，フワフワした,綿毛の，フワフワした,,1:1411,1
fluke,fluke,1,1,word,まぐれ当たり，まぐれで,まぐれ当たり，まぐれで,,1:1212,1
fluorescent,fluorescent,1,1,word,蛍光の，発光する,蛍光の，発光する,,1:1392,1
flurry,flurry,1,1,word,突風，突然の風,突風，突然の風,,1:913,1
focal,focal,1,1,word,焦点の，中心の,焦点の，中心の,,1:791,1
fodder,fodder,1,1,word,飼料，動物のエサ,飼料，動物のエサ,,1:1737,1
follow through,follow through,1,1,phrase,最後までやり遂げる，計画を遂行する,最後までやり遂げる，計画を遂行する,,1:3698,1
foolhardy,foolhardy,1,1,word,無鉄砲な,無鉄砲な,,1:3709,1
foolproof,foolproof,1,1,word,誰にでも理解できる,誰にでも理解できる,,1:4038,1
footing,footing,1,1,word,足場，基盤,足場，基盤,,1:455,1
for life,for life,1,1,phrase,一生の，生きるために,一生の，生きるために,,1:2583,1
for once,for once,1,1,phrase,今回だけ，この一回限り,今回だけ，この一回限り,,1:2031,1
for real,for real,1,1,phrase,本物の，本気で,本物の，本気で,,1:2993,1
for the benefit of,for the benefit of,1,1,phrase,のために，の(利益の)ために,のために，の(利益の)ために,,1:2483,1
for the purpose of,for the purpose of,1,1,phrase,の目的で，を目的に,の目的で，を目的に,,1:3552,1
for the rest,for the rest,1,1,phrase,残りについては，後は,残りについては，後は,,1:2385,1
forage,forage,1,1,word,飼料,飼料,,1:2683,1
foray,foray,1,1,word,不意打ち，突撃，急襲,不意打ち，突撃，急襲,,1:1783,1
forbidden,forbidden,1,1,word,禁じられた，禁止された,禁じられた，禁止された,,1:464,1
foreclose,foreclose,1,1,word,除外する,除外する,,1:3205,1
forefront,forefront,1,1,word,最前部，前線,最前部，前線,,1:261,1
foreground,foreground,1,1,word,前景，背景,前景，背景,,1:1189,1
foreman,foreman,1,1,word,親方,親方,,1:1924,1
foremost,foremost,1,1,word,主要な，最も重要な,主要な，最も重要な,,1:67,1
forensic,forensic,1,1,word,法廷の，裁判所の,法廷の，裁判所の,,1:258,1
forestall,forestall,1,1,word,先んずる，先駆ける,先んずる，先駆ける,,1:1383,1
forfeit,forfeit,1,1,word,没収,没収,,1:2609,1
forget oneself,forget oneself,1,1,phrase,我を忘れる，夢中になる,我を忘れる，夢中になる,,1:3522,1
forgo,forgo,1,1,word,差し控える，遠慮する,差し控える，遠慮する,,1:1384,1
forlorn,forlorn,1,1,word,孤独な，寂しい,孤独な，寂しい,,1:1367,1
forte,forte,1,1,word,十八番,十八番,,1:2318,1
forthright,forthright,1,1,word,単刀直入の,単刀直入の,,1:2304,1
fortitude,fortitude,1,1,word,不屈の精神,不屈の精神,,1:3566,1
fortress,fortress,1,1,word,要塞,要塞,,1:3496,1
foundry,foundry,1,1,word,鋳造所,鋳造所,,1:3573,1
foyer,foyer,1,1,word,休憩室，待合室,休憩室，待合室,,1:1835,1
fragmentary,fragmentary,1,1,word,断片的な，部分的な,断片的な，部分的な,,1:885,1
fragmentation,fragmentation,1,1,word,断片化，分断,断片化，分断,,1:1060,1
frankly speaking,frankly speaking,1,1,phrase,率直に言うと，はっきりと言って，正直に言って，素直に言えば,率直に言うと，はっきりと言って，正直に言って，素直に言えば,,1:1645,1
fraternal,fraternal,1,1,word,兄弟の，兄妹の関係,兄弟の，兄妹の関係,,1:1282,1
fraternity,fraternity,1,1,word,友愛，友情,友愛，友情,,1:241,1
fraudulent,fraudulent,1,1,word,詐欺，欺騙,詐欺，欺騙,,1:841,1
fraught,fraught,1,1,word,いっぱいの、緊張をはらんだ,いっぱいの、緊張をはらんだ,,1:2950,1
free of charge,free of charge,1,1,phrase,無料で，タダで，無償で,無料で，タダで，無償で,,1:3102,1
free up,free up,1,1,phrase,解放する，自由にする,解放する，自由にする,,1:3589,1
fret,fret,1,1,word,いらいらする，怒る,いらいらする，怒る,,1:1509,1
fretting,fretting,1,1,word,イライラしている,イライラしている,,1:3591,1
frigid,frigid,1,1,word,極寒の，極寒地の,極寒の，極寒地の,,1:1473,1
fritter away,fritter away,1,1,phrase,時間を費やす，無駄遣いする,時間を費やす，無駄遣いする,,1:447,1
frolic,frolic,1,1,word,戯れる，遊ぶ,戯れる，遊ぶ,,1:574,1
from A to Z,from a to z,1,1,phrase,最初から最後まで，終始,最初から最後まで，終始,,1:3169,1
from scratch,from scratch,1,1,phrase,最初から，初めから，最初から,最初から，初めから，最初から,,1:1618,1
from top to bottom,from top to bottom,1,1,phrase,上から下まで,上から下まで,,1:3122,1
frost,frost,1,1,word,霜，霜降り,霜，霜降り,,1:926,1
frosty,frosty,1,1,word,凍えるような，氷点下の,凍えるような，氷点下の,,1:578,1
froth,froth,1,1,word,あぶく,あぶく,,1:2369,1
frugality,frugality,1,1,word,倹約,倹約,,1:2395,1
fruition,fruition,1,1,word,結実，実現,結実，実現,,1:3375,1
fumble,fumble,1,1,word,手探りする，取り損ねる，手間取る,手探りする，取り損ねる，手間取る,,1:1330,1
fume,fume,1,1,word,臭い煙，臭気，悪臭,臭い煙，臭気，悪臭,,1:1787,1
funk,funk,1,1,word,臆病，怯える，気が小さい,臆病，怯える，気が小さい,,1:1895,1
funnel,funnel,1,1,word,漏斗,漏斗,,1:1952,1
furlough,furlough,1,1,word,休暇,休暇,,1:2492,1
furor,furor,1,1,word,激怒，怒り狂う,激怒，怒り狂う,,1:1132,1
furrow,furrow,1,1,word,溝，水路,溝，水路,,1:1122,1
furry,furry,1,1,word,毛皮の,毛皮の,,1:2808,1
furtive,furtive,1,1,word,こそこそした,こそこそした,,1:3062,1
futility,futility,1,1,word,無益,無益,,1:3129,1
gaffe,gaffe,1,1,word,失策,失策,,1:3317,1
gain on,gain on,1,1,phrase,追い上げる，侵食する,追い上げる，侵食する,,1:2556,1
gait,gait,1,1,word,歩行,歩行,,1:2535,1
gala,gala,1,1,word,祭り，祭典,祭り，祭典,,1:950,1
gall,gall,1,1,word,憎しみ，胆汁,憎しみ，胆汁,,1:1024,1
gallant,gallant,1,1,word,勇敢な，勇気のある,勇敢な，勇気のある,,1:752,1
galvanize,galvanize,1,1,word,電流を流す，通電する,電流を流す，通電する,,1:1287,1
garish,garish,1,1,word,飾り立てた,飾り立てた,,1:2996,1
garland,garland,1,1,word,花飾り，栄冠,花飾り，栄冠,,1:1080,1
garner,garner,1,1,word,集める，収集する,集める，収集する,,1:579,1
garrison,garrison,1,1,word,駐屯地，兵士が居住する場所,駐屯地，兵士が居住する場所,,1:1612,1
garrulous,garrulous,1,1,word,おしゃべりな，話好きな,おしゃべりな，話好きな,,1:4126,1
gastric,gastric,1,1,word,胃の，胃部の,胃の，胃部の,,1:848,1
gauche,gauche,1,1,word,ぎこちない，不器用な,ぎこちない，不器用な,,1:4143,1
gaunt,gaunt,1,1,word,やせこけた，荒涼とした,やせこけた，荒涼とした,,1:2467,1
gaze at,gaze at,1,1,phrase,を見つめている，をじっと見ている,を見つめている，をじっと見ている,,1:3889,1
gazette,gazette,1,1,word,官報，公報,官報，公報,,1:1067,1
gear up,gear up,1,1,phrase,準備を整える，ギアを高速に入れる，支度をする,準備を整える，ギアを高速に入れる，支度をする,,1:1568,1
genealogy,genealogy,1,1,word,系譜，家系,系譜，家系,,1:1244,1
generalized,generalized,1,1,word,一般化された,一般化された,,1:1989,1
genesis,genesis,1,1,word,起源，始まり，出発点,起源，始まり，出発点,,1:1653,1
genial,genial,1,1,word,親切で愛想のよい，親しみやすい,親切で愛想のよい，親しみやすい,,1:637,1
genially,genially,1,1,word,和やかに,和やかに,,1:3639,1
genital,genital,1,1,word,生殖の,生殖の,,1:2248,1
genotype,genotype,1,1,word,遺伝子型,遺伝子型,,1:2518,1
genteel,genteel,1,1,word,上品な，優雅な,上品な，優雅な,,1:1497,1
genus,genus,1,1,word,属，分類や所属,属，分類や所属,,1:1694,1
germinate,germinate,1,1,word,発芽する,発芽する,,1:2139,1
gerrymander,gerrymander,1,1,word,選挙区を操作する，不正に変更する,選挙区を操作する，不正に変更する,,1:4098,1
gesticulate,gesticulate,1,1,word,身振り手振りで話す,身振り手振りで話す,,1:4241,1
get a kick out of something,get a kick out of something,1,1,phrase,何かから楽しみや興奮を感じる,何かから楽しみや興奮を感じる,,1:4258,1
get hold of,get hold of,1,1,phrase,を手に入れる，に連絡を取る,を手に入れる，に連絡を取る,,1:3412,1
get over with,get over with,1,1,phrase,を乗り越える，克服する,を乗り越える，克服する,,1:2799,1
ghastly,ghastly,1,1,word,恐ろしい，怖い，恐ろしいほど,恐ろしい，怖い，恐ろしいほど,,1:1494,1
giddy,giddy,1,1,word,めまいがする，頭が回る,めまいがする，頭が回る,,1:714,1
gild,gild,1,1,word,金を塗る，金箔を貼る,金を塗る，金箔を貼る,,1:1480,1
gill,gill,1,1,word,えら,えら,,1:3502,1
gingerly,gingerly,1,1,word,極めて慎重に，非常に注意深く,極めて慎重に，非常に注意深く,,1:713,1
gird,gird,1,1,word,締める,締める,,1:3368,1
gist,gist,1,1,word,要旨,要旨,,1:3388,1
give A credit for B,give a credit for b,1,1,phrase,BについてAを信用する，AのBを認める,BについてAを信用する，AのBを認める,,1:2834,1
give in to,give in to,1,1,phrase,屈する，譲歩する,屈する，譲歩する,,1:4265,1
give of,give of,1,1,phrase,分け与える，配布する,分け与える，配布する,,1:3704,1
glacial,glacial,1,1,word,氷河の,氷河の,,1:3769,1
glance at,glance at,1,1,phrase,一瞥する，ちらっと見る,一瞥する，ちらっと見る,,1:3821,1
glare at,glare at,1,1,phrase,睨みつける,睨みつける,,1:3264,1
glaring,glaring,1,1,word,ぎらぎら輝く,ぎらぎら輝く,,1:2858,1
glean,glean,1,1,word,集める，収集する,集める，収集する,,1:1361,1
glee,glee,1,1,word,歓喜，喜び,歓喜，喜び,,1:979,1
glib,glib,1,1,word,口達者な，話が得意な,口達者な，話が得意な,,1:1572,1
glimmer,glimmer,1,1,word,かすかな光，微かな光,かすかな光，微かな光,,1:1767,1
glint,glint,1,1,word,きらめく,きらめく,,1:2005,1
glitch,glitch,1,1,word,小さな欠陥，小さい不備，微小な欠点,小さな欠陥，小さい不備，微小な欠点,,1:1680,1
glitter,glitter,1,1,word,きらきら輝く,きらきら輝く,,1:2154,1
gloat,gloat,1,1,word,満足げに眺める，得意に見る,満足げに眺める，得意に見る,,1:819,1
gloom,gloom,1,1,word,暗がり，憂鬱,暗がり，憂鬱,,1:1239,1
glowing,glowing,1,1,word,白熱した，熱狂的な,白熱した，熱狂的な,,1:1304,1
glum,glum,1,1,word,ふさぎ込んだ,ふさぎ込んだ,,1:2237,1
glut,glut,1,1,word,満たす，充足させる,満たす，充足させる,,1:1592,1
glutton,glutton,1,1,word,食いしん坊,食いしん坊,,1:3551,1
gluttonous,gluttonous,1,1,word,食いしん坊の,食いしん坊の,,1:3689,1
gnaw,gnaw,1,1,word,かじる，噛む,かじる，噛む,,1:674,1
go about,go about,1,1,phrase,歩き回る，広まる,歩き回る，広まる,,1:1249,1
go in for,go in for,1,1,phrase,に参加する，携わる,に参加する，携わる,,1:3158,1
go into effect,go into effect,1,1,phrase,影響が始まる，発行される,影響が始まる，発行される,,1:2924,1
go overboard,go overboard,1,1,phrase,極端に走る，夢中になる,極端に走る，夢中になる,,1:3099,1
go places,go places,1,1,phrase,遊びまわる，出世する,遊びまわる，出世する,,1:3864,1
go through with,go through with,1,1,phrase,で通り抜ける，通過する,で通り抜ける，通過する,,1:3189,1
go to extremes,go to extremes,1,1,phrase,極端に行く，行き過ぎる,極端に行く，行き過ぎる,,1:2853,1
goad,goad,1,1,word,つき棒，棒,つき棒，棒,,1:982,1
gobble,gobble,1,1,word,がつがつ食べる,がつがつ食べる,,1:2050,1
good for nothing,good for nothing,1,1,phrase,何の役にも立たない，能なしの,何の役にも立たない，能なしの,,1:3415,1
goofy,goofy,1,1,word,間抜けな，馬鹿げた,間抜けな，馬鹿げた,,1:1294,1
gradient,gradient,1,1,word,勾配，斜面，傾斜,勾配，斜面，傾斜,,1:1668,1
graft,graft,1,1,word,接ぎ木，挿し木,接ぎ木，挿し木,,1:1141,1
grail,grail,1,1,word,聖杯,聖杯,,1:3336,1
grandiose,grandiose,1,1,word,壮大な,壮大な,,1:2161,1
grapple with,grapple with,1,1,phrase,取り組む，闘う,取り組む，闘う,,1:4125,1
graveyard,graveyard,1,1,word,墓地，霊園,墓地，霊園,,1:1137,1
greasy,greasy,1,1,word,脂っこい，油っぽい,脂っこい，油っぽい,,1:1548,1
gregarious,gregarious,1,1,word,群生した,群生した,,1:2011,1
grid,grid,1,1,word,格子，格子状,格子，格子状,,1:1081,1
gritty,gritty,1,1,word,砂の入った,砂の入った,,1:2194,1
groin,groin,1,1,word,鼠径部,鼠径部,,1:3250,1
grope,grope,1,1,word,模索する，探求する,模索する，探求する,,1:1518,1
groundless,groundless,1,1,word,根拠のない，無根拠の,根拠のない，無根拠の,,1:755,1
grow on,grow on,1,1,phrase,成長する，大きくなる,成長する，大きくなる,,1:1123,1
grudge,grudge,1,1,word,恨み，悪意，憎しみ,恨み，悪意，憎しみ,,1:1799,1
grueling,grueling,1,1,word,厳しい,厳しい,,1:2038,1
gruesome,gruesome,1,1,word,ぞっとする,ぞっとする,,1:1974,1
gubernatorial,gubernatorial,1,1,word,総督の,総督の,,1:3588,1
guffaw,guffaw,1,1,word,大笑いする，ヒヒンと笑う,大笑いする，ヒヒンと笑う,,1:4149,1
guise,guise,1,1,word,外観，見た目,外観，見た目,,1:1213,1
gullible,gullible,1,1,word,騙されやすい,騙されやすい,,1:2918,1
gusto,gusto,1,1,word,大きな喜び,大きな喜び,,1:2328,1
gut,gut,1,1,word,腸，大腸，小腸,腸，大腸，小腸,,1:1914,1
hackneyed,hackneyed,1,1,word,使い古した,使い古した,,1:3585,1
haggard,haggard,1,1,word,やつれた,やつれた,,1:2785,1
halcyon,halcyon,1,1,word,穏やかな，平穏な,穏やかな，平穏な,,1:4186,1
hale,hale,1,1,word,元気な，活発な,元気な，活発な,,1:815,1
halfway house,halfway house,1,1,phrase,中盤，妥協点,中盤，妥協点,,1:3273,1
hallucination,hallucination,1,1,word,幻覚,幻覚,,1:1931,1
hamper,hamper,1,1,word,妨げる，邪魔する,妨げる，邪魔する,,1:772,1
hand down,hand down,1,1,phrase,を伝える，を降ろす,を伝える，を降ろす,,1:3136,1
hand in hand with,hand in hand with,1,1,phrase,手を取り合って，手を取って,手を取り合って，手を取って,,1:3436,1
handcuff,handcuff,1,1,word,手錠，人を拘束する装置,手錠，人を拘束する装置,,1:1727,1
hang in,hang in,1,1,phrase,頑張る，持ちこたえる,頑張る，持ちこたえる,,1:3352,1
hang over,hang over,1,1,phrase,持ち越される，継続する,持ち越される，継続する,,1:2660,1
haphazard,haphazard,1,1,word,偶然,偶然,,1:2406,1
haphazardly,haphazardly,1,1,word,偶然に,偶然に,,1:3840,1
hapless,hapless,1,1,word,不運な,不運な,,1:2242,1
harangue,harangue,1,1,word,長い演説をする，説教する,長い演説をする，説教する,,1:4060,1
hard of hearing,hard of hearing,1,1,phrase,難聴の，耳の遠い,難聴の，耳の遠い,,1:3873,1
hardly before,hardly before,1,1,phrase,～するやいなや，～するかしないうちに,～するやいなや，～するかしないうちに,,1:3599,1
hark,hark,1,1,word,聞く,聞く,,1:2137,1
harrowing,harrowing,1,1,word,悲惨な,悲惨な,,1:2090,1
harry,harry,1,1,word,うるさく悩ます，蹂躙する，苦しめる,うるさく悩ます，蹂躙する，苦しめる,,1:463,1
hatchet,hatchet,1,1,word,手斧,手斧,,1:2572,1
haughty,haughty,1,1,word,高慢な，傲慢な,高慢な，傲慢な,,1:656,1
have a clue,have a clue,1,1,phrase,手がかりがある，見当がつく,手がかりがある，見当がつく,,1:2708,1
have a tendency to,have a tendency to,1,1,phrase,する傾向がある，しがちである,する傾向がある，しがちである,,1:3389,1
have a whale of a time,have a whale of a time,1,1,phrase,楽しい時を過ごす，大いに楽しむ,楽しい時を過ごす，大いに楽しむ,,1:4064,1
hazy,hazy,1,1,word,霞んだ,霞んだ,,1:3009,1
head on,head on,1,1,phrase,正面から，真向かいに,正面から，真向かいに,,1:3915,1
headlong,headlong,1,1,word,真っ逆さまに,真っ逆さまに,,1:2131,1
heady,heady,1,1,word,せっかちな，急かせる,せっかちな，急かせる,,1:1351,1
hear out,hear out,1,1,phrase,最後まで聞く，傾聴する,最後まで聞く，傾聴する,,1:2931,1
hearsay,hearsay,1,1,word,伝聞,伝聞,,1:2637,1
hearten,hearten,1,1,word,元気づける，励ます,元気づける，励ます,,1:1265,1
heartfelt,heartfelt,1,1,word,心からの，本心からの,心からの，本心からの,,1:2196,1
heave,heave,1,1,word,盛り上がる，興奮する,盛り上がる，興奮する,,1:711,1
hedge bets,hedge bets,1,1,phrase,賭けを保険する，危険性を減らす,賭けを保険する，危険性を減らす,,1:3984,1
hedonism,hedonism,1,1,word,快楽主義,快楽主義,,1:2640,1
hedonistic,hedonistic,1,1,word,快楽主義的，享楽的な,快楽主義的，享楽的な,,1:4166,1
hefty,hefty,1,1,word,重い，沈重な,重い，沈重な,,1:658,1
hegemony,hegemony,1,1,word,覇権,覇権,,1:2502,1
heinous,heinous,1,1,word,凶悪な,凶悪な,,1:4032,1
heirloom,heirloom,1,1,word,家宝,家宝,,1:3508,1
help out,help out,1,1,phrase,手伝う，助ける，協力する,手伝う，助ける，協力する,,1:1699,1
hemorrhage,hemorrhage,1,1,word,出血,出血,,1:2311,1
hemp,hemp,1,1,word,麻，大麻,麻，大麻,,1:2444,1
hepatitis,hepatitis,1,1,word,肝炎,肝炎,,1:1927,1
herbicide,herbicide,1,1,word,除草剤,除草剤,,1:3226,1
hereby,hereby,1,1,word,ここに,ここに,,1:3532,1
herein,herein,1,1,word,この場所で,この場所で,,1:3434,1
heresy,heresy,1,1,word,異説，違う意見,異説，違う意見,,1:1003,1
heretic,heretic,1,1,word,異端者,異端者,,1:3555,1
hermetic,hermetic,1,1,word,密封された，秘密主義の,密封された，秘密主義の,,1:4268,1
hermit,hermit,1,1,word,世捨て人,世捨て人,,1:2530,1
hesitant,hesitant,1,1,word,ためらった，躊躇した,ためらった，躊躇した,,1:1341,1
hesitate to,hesitate to,1,1,phrase,をためらう，躊躇する,をためらう，躊躇する,,1:3275,1
heterogeneity,heterogeneity,1,1,word,異種,異種,,1:3542,1
heterosexual,heterosexual,1,1,word,異性愛の,異性愛の,,1:1348,1
hew,hew,1,1,word,切り倒す，切断する,切り倒す，切断する,,1:4229,1
heyday,heyday,1,1,word,全盛期，最盛期,全盛期，最盛期,,1:1167,1
hiatus,hiatus,1,1,word,隙間，割れ目，ひび,隙間，割れ目，ひび,,1:934,1
hiccup,hiccup,1,1,word,しゃっくり,しゃっくり,,1:3147,1
hide out,hide out,1,1,phrase,隠れる，潜伏する,隠れる，潜伏する,,1:3209,1
hideous,hideous,1,1,word,恐ろしい，恐怖な,恐ろしい，恐怖な,,1:1466,1
hierarchical,hierarchical,1,1,word,階層的な，階級制の,階層的な，階級制の,,1:18,1
high and low,high and low,1,1,phrase,高きも低きも，あらゆる人達,高きも低きも，あらゆる人達,,1:2575,1
hilarious,hilarious,1,1,word,滑稽な,滑稽な,,1:2115,1
hindsight,hindsight,1,1,word,後知恵，振り返り,後知恵，振り返り,,1:1850,1
hinge on,hinge on,1,1,phrase,決定する，定まる,決定する，定まる,,1:3756,1
hip to,hip to,1,1,phrase,に気づいている，認識している,に気づいている，認識している,,1:3320,1
histrionic,histrionic,1,1,word,演技が過剰な，大げさな,演技が過剰な，大げさな,,1:4207,1
hit it off,hit it off,1,1,phrase,仲良くやる，ウマが合う,仲良くやる，ウマが合う,,1:2839,1
hit the hay,hit the hay,1,1,phrase,寝る，床につく,寝る，床につく,,1:4253,1
hive,hive,1,1,word,ミツバチの巣箱，巣箱のミツバチの群れ,ミツバチの巣箱，巣箱のミツバチの群れ,,1:1258,1
hoarse,hoarse,1,1,word,しわがれ声の,しわがれ声の,,1:2968,1
hoax,hoax,1,1,word,悪ふざけ，いたずら,悪ふざけ，いたずら,,1:1051,1
hobnob,hobnob,1,1,word,親しく交際する，つるむ,親しく交際する，つるむ,,1:4242,1
hoist,hoist,1,1,word,揚げる，巻き上げる,揚げる，巻き上げる,,1:596,1
hold on to,hold on to,1,1,phrase,にすがりつく，放さない,にすがりつく，放さない,,1:3046,1
hold out,hold out,1,1,phrase,持ちこたえる，我慢する,持ちこたえる，我慢する,,1:201,1
hold still,hold still,1,1,phrase,止まる，座る,止まる，座る,,1:2648,1
hole up,hole up,1,1,phrase,冬眠する，隠れる,冬眠する，隠れる,,1:2601,1
homage,homage,1,1,word,敬意，尊敬,敬意，尊敬,,1:1043,1
homicide,homicide,1,1,word,殺人，人を殺す行為,殺人，人を殺す行為,,1:1216,1
hone,hone,1,1,word,砥石,砥石,,1:3382,1
hone in on,hone in on,1,1,phrase,特定の対象に集中する,特定の対象に集中する,,1:4101,1
honk,honk,1,1,word,警笛,警笛,,1:3413,1
hoof,hoof,1,1,word,蹄，馬や牛などの足の一部,蹄，馬や牛などの足の一部,,1:1728,1
hook up,hook up,1,1,phrase,つなぐ，引っかける,つなぐ，引っかける,,1:3578,1
horde,horde,1,1,word,遊牧民族，移動する民,遊牧民族，移動する民,,1:1104,1
horrendous,horrendous,1,1,word,恐ろしい,恐ろしい,,1:2275,1
horribly,horribly,1,1,word,恐ろしく，怖いほど,恐ろしく，怖いほど,,1:1535,1
horrify,horrify,1,1,word,怖がらせる，恐れさせる,怖がらせる，恐れさせる,,1:583,1
horticulture,horticulture,1,1,word,園芸，庭園作り,園芸，庭園作り,,1:4100,1
hub,hub,1,1,word,中心部，核心,中心部，核心,,1:989,1
hubris,hubris,1,1,word,傲慢，尊大,傲慢，尊大,,1:4133,1
hull,hull,1,1,word,外皮，船体,外皮，船体,,1:1939,1
hum,hum,1,1,word,鼻歌を歌う，ブーンと鳴る,鼻歌を歌う，ブーンと鳴る,,1:1394,1
humdrum,humdrum,1,1,word,平凡な,平凡な,,1:3655,1
humiliating,humiliating,1,1,word,屈辱的な，恥ずかしい,屈辱的な，恥ずかしい,,1:1514,1
hump,hump,1,1,word,こぶ，隆起,こぶ，隆起,,1:1044,1
hunch,hunch,1,1,word,直感，本能,直感，本能,,1:256,1
hurtle,hurtle,1,1,word,急いで行く，急ぐ,急いで行く，急ぐ,,1:1606,1
husk,husk,1,1,word,殻,殻,,1:2745,1
hydraulic,hydraulic,1,1,word,油圧の,油圧の,,1:2183,1
hyperbole,hyperbole,1,1,word,誇張，過大評価,誇張，過大評価,,1:940,1
hypertension,hypertension,1,1,word,高血圧，高血圧症,高血圧，高血圧症,,1:1174,1
hypnosis,hypnosis,1,1,word,催眠，催眠術,催眠，催眠術,,1:3557,1
iceberg,iceberg,1,1,word,氷山，巨大な氷の塊,氷山，巨大な氷の塊,,1:1254,1
iconoclast,iconoclast,1,1,word,偶像破壊者，伝統に反抗する人,偶像破壊者，伝統に反抗する人,,1:4072,1
iconoclastic,iconoclastic,1,1,word,偶像破壊的な，慣習を打破する,偶像破壊的な，慣習を打破する,,1:4099,1
idealization,idealization,1,1,word,理想化，理想の実現,理想化，理想の実現,,1:144,1
idiosyncrasy,idiosyncrasy,1,1,word,特異性，個人的な特徴,特異性，個人的な特徴,,1:4177,1
idiosyncratic,idiosyncratic,1,1,word,特異な,特異な,,1:2041,1
idiotic,idiotic,1,1,word,ばかげた,ばかげた,,1:2262,1
idyllic,idyllic,1,1,word,のどかな，穏やかな,のどかな，穏やかな,,1:1277,1
ignite,ignite,1,1,word,点火する，火をつける,点火する，火をつける,,1:806,1
ignoble,ignoble,1,1,word,下劣な,下劣な,,1:4005,1
ignominious,ignominious,1,1,word,恥ずべき，不名誉な,恥ずべき，不名誉な,,1:4222,1
ignominy,ignominy,1,1,word,恥辱，不名誉,恥辱，不名誉,,1:4195,1
illegible,illegible,1,1,word,判読不能の,判読不能の,,1:3969,1
illicit,illicit,1,1,word,不法の，違法な,不法の，違法な,,1:852,1
illustrate A with B,illustrate a with b,1,1,phrase,BでAを描く，BでAを表現する,BでAを描く，BでAを表現する,,1:2440,1
imbibe,imbibe,1,1,word,飲む，吸収する,飲む，吸収する,,1:4243,1
imbue,imbue,1,1,word,吹き込む,吹き込む,,1:3414,1
immaculate,immaculate,1,1,word,真っ白な，汚れのない,真っ白な，汚れのない,,1:3999,1
immaterial,immaterial,1,1,word,重要でない,重要でない,,1:2959,1
immersion,immersion,1,1,word,没入，熱中,没入，熱中,,1:2475,1
imminent,imminent,1,1,word,差し迫った，切迫した,差し迫った，切迫した,,1:863,1
immutable,immutable,1,1,word,不変の，永遠の,不変の，永遠の,,1:4216,1
impaired,impaired,1,1,word,障害のある，障害がある,障害のある，障害がある,,1:1998,1
impart,impart,1,1,word,与える，授ける,与える，授ける,,1:609,1
impasse,impasse,1,1,word,行き詰まり，進行不能,行き詰まり，進行不能,,1:1846,1
impassive,impassive,1,1,word,無表情の,無表情の,,1:2831,1
impeccable,impeccable,1,1,word,申し分のない,申し分のない,,1:2125,1
impediment,impediment,1,1,word,障害，障害物,障害，障害物,,1:1837,1
impel,impel,1,1,word,駆り立てる,駆り立てる,,1:3242,1
impend,impend,1,1,word,差し迫った,差し迫った,,1:3906,1
impending,impending,1,1,word,起こりそうな，可能性がある,起こりそうな，可能性がある,,1:751,1
imperative,imperative,1,1,word,命令的な，指令的な,命令的な，指令的な,,1:552,1
impersonate,impersonate,1,1,word,役を演じる,役を演じる,,1:2156,1
impertinent,impertinent,1,1,word,生意気な,生意気な,,1:2837,1
impervious,impervious,1,1,word,通さない,通さない,,1:3798,1
impetuous,impetuous,1,1,word,猛烈な,猛烈な,,1:2910,1
impetus,impetus,1,1,word,運動力，活力，動力,運動力，活力，動力,,1:1911,1
impinge,impinge,1,1,word,衝突する,衝突する,,1:2272,1
implacable,implacable,1,1,word,和解しにくい，対立しやすい,和解しにくい，対立しやすい,,1:1295,1
implant,implant,1,1,word,植え付ける，移植する,植え付ける，移植する,,1:30,1
implode,implode,1,1,word,内部破壊する,内部破壊する,,1:3203,1
imposition,imposition,1,1,word,課税,課税,,1:3193,1
impoverished,impoverished,1,1,word,貧しい，貧弱な,貧しい，貧弱な,,1:741,1
improbable,improbable,1,1,word,ありそうもない,ありそうもない,,1:2277,1
impromptu,impromptu,1,1,word,即座に，すぐに,即座に，すぐに,,1:1543,1
improve on,improve on,1,1,phrase,を改善する，改良する,を改善する，改良する,,1:3849,1
improvisation,improvisation,1,1,word,即興，アドリブ，即席にやること,即興，アドリブ，即席にやること,,1:1920,1
impudent,impudent,1,1,word,厚かましい,厚かましい,,1:3863,1
impunity,impunity,1,1,word,免責，免除,免責，免除,,1:1109,1
in a bad temper,in a bad temper,1,1,phrase,不機嫌に，機嫌の悪い,不機嫌に，機嫌の悪い,,1:3386,1
in a breath,in a breath,1,1,phrase,一息で，一気に,一息で，一気に,,1:3576,1
in a million,in a million,1,1,phrase,最高の，かけがえのない,最高の，かけがえのない,,1:2565,1
in a passion,in a passion,1,1,phrase,情熱を持って，熱心に,情熱を持って，熱心に,,1:3061,1
in a second,in a second,1,1,phrase,すぐに，一瞬で,すぐに，一瞬で,,1:2592,1
in a vacuum,in a vacuum,1,1,phrase,真空で，真空中で,真空で，真空中で,,1:3257,1
in addition to,in addition to,1,1,phrase,に加えて，のほかに,に加えて，のほかに,,1:2628,1
in all probability,in all probability,1,1,phrase,十中八九,十中八九,,1:3299,1
in an instant,in an instant,1,1,phrase,瞬時に，一瞬で,瞬時に，一瞬で,,1:3202,1
in consequence,in consequence,1,1,phrase,結果として，その結果,結果として，その結果,,1:2974,1
in contrast with,in contrast with,1,1,phrase,とは対照的に，～に対して,とは対照的に，～に対して,,1:2746,1
in diameter,in diameter,1,1,phrase,直径で，径で,直径で，径で,,1:2718,1
in dispute,in dispute,1,1,phrase,論争中の，議論の的となっている,論争中の，議論の的となっている,,1:2512,1
in doubt,in doubt,1,1,phrase,疑って，迷って,疑って，迷って,,1:2560,1
in due time,in due time,1,1,phrase,やがて，いつかは,やがて，いつかは,,1:3233,1
in excess of,in excess of,1,1,phrase,より過度に，を上回って,より過度に，を上回って,,1:3247,1
in focus,in focus,1,1,phrase,焦点があっている，ピントが合っている,焦点があっている，ピントが合っている,,1:3387,1
in haste,in haste,1,1,phrase,急いで，慌てて,急いで，慌てて,,1:2466,1
in hope of,in hope of,1,1,phrase,へ希望を抱いて，を期待して,へ希望を抱いて，を期待して,,1:57,1
in large,in large,1,1,phrase,大規模に，概して,大規模に，概して,,1:3788,1
in obedience to,in obedience to,1,1,phrase,従順で，応じて,従順で，応じて,,1:3742,1
in one's absence,in one's absence,1,1,phrase,不在中に，留守中に,不在中に，留守中に,,1:2452,1
in one's presence,in one's presence,1,1,phrase,目の前で，～のいる所で,目の前で，～のいる所で,,1:3200,1
in parallel,in parallel,1,1,phrase,並行して，並んで,並行して，並んで,,1:3407,1
in prospect,in prospect,1,1,phrase,予期されて，見込みがあって,予期されて，見込みがあって,,1:2384,1
in radius,in radius,1,1,phrase,半径で，内半径で,半径で，内半径で,,1:3525,1
in recognition of,in recognition of,1,1,phrase,の認識で，理解して,の認識で，理解して,,1:3105,1
in search of,in search of,1,1,phrase,を探して，探索して，探る,を探して，探索して，探る,,1:1042,1
in so far as,in so far as,1,1,phrase,する限りにおいて，～でありさえすれば,する限りにおいて，～でありさえすれば,,1:2496,1
in succession,in succession,1,1,phrase,連続して，引き続き,連続して，引き続き,,1:3363,1
in the affirmative,in the affirmative,1,1,phrase,肯定の，賛成の,肯定の，賛成の,,1:3227,1
in the middle of nowhere,in the middle of nowhere,1,1,phrase,辺ぴな所に，何もない所に,辺ぴな所に，何もない所に,,1:3671,1
in the midst of,in the midst of,1,1,phrase,の真っただ中，する中で,の真っただ中，する中で,,1:2419,1
in the nick of time,in the nick of time,1,1,phrase,ぎりぎりのところで，間一髪で,ぎりぎりのところで，間一髪で,,1:4272,1
in use,in use,1,1,phrase,使用中の，利用している,使用中の，利用している,,1:1217,1
in vogue,in vogue,1,1,phrase,流行している，流行っている,流行している，流行っている,,1:3503,1
in years,in years,1,1,phrase,年間で，一年を通して,年間で，一年を通して,,1:2482,1
inadvertent,inadvertent,1,1,word,不注意な,不注意な,,1:3987,1
inadvertently,inadvertently,1,1,word,うっかりと，不注意にも,うっかりと，不注意にも,,1:1575,1
inanimate,inanimate,1,1,word,無生物の，生命のない,無生物の，生命のない,,1:4277,1
inaugural,inaugural,1,1,word,就任の，着任の,就任の，着任の,,1:600,1
incandescent,incandescent,1,1,word,白熱の,白熱の,,1:2817,1
incarcerate,incarcerate,1,1,word,投獄する,投獄する,,1:2036,1
incarceration,incarceration,1,1,word,投獄，監獄送り,投獄，監獄送り,,1:1155,1
incendiary,incendiary,1,1,word,放火の，火災を引き起こす,放火の，火災を引き起こす,,1:1428,1
incest,incest,1,1,word,近親相姦，近親関係,近親相姦，近親関係,,1:1181,1
incinerator,incinerator,1,1,word,焼却炉,焼却炉,,1:2312,1
incision,incision,1,1,word,切開,切開,,1:3729,1
incite,incite,1,1,word,扇動する，煽る,扇動する，煽る,,1:1320,1
incompatible,incompatible,1,1,word,非互換の，不適合な,非互換の，不適合な,,1:1454,1
incompetence,incompetence,1,1,word,無能，無力,無能，無力,,1:1033,1
incompetent,incompetent,1,1,word,無能な，劣る,無能な，劣る,,1:767,1
incongruity,incongruity,1,1,word,違和感,違和感,,1:2425,1
incongruous,incongruous,1,1,word,一致しない,一致しない,,1:3676,1
inconspicuous,inconspicuous,1,1,word,目立たない，控えめな,目立たない，控えめな,,1:763,1
incorrigible,incorrigible,1,1,word,非常に悪い，改善できない,非常に悪い，改善できない,,1:4278,1
incredulous,incredulous,1,1,word,疑い深い,疑い深い,,1:2989,1
incremental,incremental,1,1,word,増加の，増大の,増加の，増大の,,1:439,1
incubation,incubation,1,1,word,ふ化,ふ化,,1:3815,1
inculcate,inculcate,1,1,word,教え込む,教え込む,,1:3204,1
incumbent,incumbent,1,1,word,責務がある，義務がある,責務がある，義務がある,,1:835,1
incursion,incursion,1,1,word,侵入,侵入,,1:2763,1
indelible,indelible,1,1,word,消えない，永続する,消えない，永続する,,1:1583,1
indemnity,indemnity,1,1,word,補償,補償,,1:3583,1
indicative,indicative,1,1,word,表示する，示す,表示する，示す,,1:540,1
indifferent,indifferent,1,1,word,無関心な，冷淡な,無関心な，冷淡な,,1:760,1
indignation,indignation,1,1,word,憤慨,憤慨,,1:4004,1
indispensable,indispensable,1,1,word,欠かせない，必須の,欠かせない，必須の,,1:1587,1
indistinct,indistinct,1,1,word,不明瞭な，ぼやけた,不明瞭な，ぼやけた,,1:622,1
indolent,indolent,1,1,word,怠惰な,怠惰な,,1:3650,1
indomitable,indomitable,1,1,word,屈しない，不屈の,屈しない，不屈の,,1:4153,1
indulgent,indulgent,1,1,word,寛大な,寛大な,,1:3861,1
ineffable,ineffable,1,1,word,言葉で言い表せない，言葉では言い尽くせない,言葉で言い表せない，言葉では言い尽くせない,,1:4208,1
inept,inept,1,1,word,不適当な,不適当な,,1:2061,1
inert,inert,1,1,word,不活性の,不活性の,,1:2776,1
inexorable,inexorable,1,1,word,容赦ない,容赦ない,,1:2220,1
infallible,infallible,1,1,word,間違いのない，確実な,間違いのない，確実な,,1:2822,1
infatuate,infatuate,1,1,word,夢中にする,夢中にする,,1:3528,1
infatuation,infatuation,1,1,word,夢中,夢中,,1:2581,1
infertility,infertility,1,1,word,不妊,不妊,,1:2573,1
infest,infest,1,1,word,横行する，はびこる,横行する，はびこる,,1:1531,1
infirm,infirm,1,1,word,虚弱な,虚弱な,,1:3714,1
inflammatory,inflammatory,1,1,word,炎症性の，炎症を引き起こす,炎症性の，炎症を引き起こす,,1:831,1
informant,informant,1,1,word,通報者，情報提供者,通報者，情報提供者,,1:1230,1
infrared,infrared,1,1,word,赤外線の,赤外線の,,1:2006,1
infringe,infringe,1,1,word,侵害する，侵犯する,侵害する，侵犯する,,1:1490,1
infringement,infringement,1,1,word,侵害，侵犯,侵害，侵犯,,1:1162,1
infusion,infusion,1,1,word,注入，注ぎ込む,注入，注ぎ込む,,1:1619,1
ingenious,ingenious,1,1,word,器用な，創造性のある,器用な，創造性のある,,1:2846,1
ingest,ingest,1,1,word,摂取する,摂取する,,1:3504,1
inhibition,inhibition,1,1,word,禁止,禁止,,1:1936,1
inhibitor,inhibitor,1,1,word,抑制する人，制御者,抑制する人，制御者,,1:903,1
iniquity,iniquity,1,1,word,不正,不正,,1:2506,1
injunction,injunction,1,1,word,差し止め，停止命令,差し止め，停止命令,,1:1614,1
injurious,injurious,1,1,word,有害な，危害を及ぼす,有害な，危害を及ぼす,,1:700,1
inlet,inlet,1,1,word,入り江,入り江,,1:3991,1
innate,innate,1,1,word,生まれつきの，先天的な,生まれつきの，先天的な,,1:597,1
innermost,innermost,1,1,word,奥底の，深層の,奥底の，深層の,,1:737,1
innocuous,innocuous,1,1,word,無害の,無害の,,1:2102,1
innuendo,innuendo,1,1,word,暗示,暗示,,1:2621,1
inoculation,inoculation,1,1,word,予防接種,予防接種,,1:1961,1
inquire into,inquire into,1,1,phrase,に尋ねる，を取り調べる,に尋ねる，を取り調べる,,1:3559,1
inquire of,inquire of,1,1,phrase,を問い合わせる，尋ねる,を問い合わせる，尋ねる,,1:2521,1
inquisitive,inquisitive,1,1,word,詮索好きの,詮索好きの,,1:4055,1
insatiable,insatiable,1,1,word,強欲な，貪欲な,強欲な，貪欲な,,1:1520,1
inscribe,inscribe,1,1,word,刻む，彫る,刻む，彫る,,1:1458,1
inscrutable,inscrutable,1,1,word,不可解な,不可解な,,1:3620,1
insecticide,insecticide,1,1,word,殺虫剤,殺虫剤,,1:2363,1
inside out,inside out,1,1,phrase,裏返しに，ひっくり返して,裏返しに，ひっくり返して,,1:2086,1
insidious,insidious,1,1,word,陰湿な，卑劣な,陰湿な，卑劣な,,1:1441,1
insinuate,insinuate,1,1,word,ほのめかす，示唆する,ほのめかす，示唆する,,1:630,1
insipid,insipid,1,1,word,味のない,味のない,,1:2767,1
insofar,insofar,1,1,word,その範囲で，その限りで,その範囲で，その限りで,,1:1545,1
insolent,insolent,1,1,word,横柄な,横柄な,,1:2781,1
insolvent,insolvent,1,1,word,支払い不能の,支払い不能の,,1:2302,1
insomnia,insomnia,1,1,word,不眠症,不眠症,,1:2420,1
instructive,instructive,1,1,word,有益な，教育的な,有益な，教育的な,,1:186,1
insufferable,insufferable,1,1,word,我慢できない,我慢できない,,1:3794,1
insulate,insulate,1,1,word,絶縁する,絶縁する,,1:2208,1
insurgency,insurgency,1,1,word,反乱，反乱軍,反乱，反乱軍,,1:1245,1
insurgent,insurgent,1,1,word,暴動を起こした，乱れた,暴動を起こした，乱れた,,1:1605,1
insurmountable,insurmountable,1,1,word,乗り越えられない,乗り越えられない,,1:3044,1
insurrection,insurrection,1,1,word,暴動,暴動,,1:1948,1
intently,intently,1,1,word,熱心に,熱心に,,1:2221,1
inter,inter,1,1,word,埋葬する，埋める,埋葬する，埋める,,1:675,1
interdisciplinary,interdisciplinary,1,1,word,学際的な，多分野の,学際的な，多分野の,,1:1323,1
interfere in,interfere in,1,1,phrase,に干渉する，介入する,に干渉する，介入する,,1:2723,1
interfere with,interfere with,1,1,phrase,に干渉する，介入する,に干渉する，介入する,,1:3948,1
interlude,interlude,1,1,word,間奏,間奏,,1:2433,1
intermediary,intermediary,1,1,word,仲介の，調停の,仲介の，調停の,,1:876,1
interminable,interminable,1,1,word,果てしない,果てしない,,1:2770,1
intermittent,intermittent,1,1,word,間欠的な，断続の,間欠的な，断続の,,1:3070,1
interpretive,interpretive,1,1,word,解釈の,解釈の,,1:2022,1
interstellar,interstellar,1,1,word,星間の,星間の,,1:3721,1
intertwine,intertwine,1,1,word,絡み合わせる,絡み合わせる,,1:2297,1
intestinal,intestinal,1,1,word,腸の，腸管の,腸の，腸管の,,1:1380,1
intestine,intestine,1,1,word,腸，腸管，はらわた,腸，腸管，はらわた,,1:1897,1
intimately,intimately,1,1,word,親密に，密接に,親密に，密接に,,1:1495,1
intimidation,intimidation,1,1,word,脅迫，威嚇,脅迫，威嚇,,1:423,1
intolerance,intolerance,1,1,word,不寛容，偏見,不寛容，偏見,,1:1197,1
intractable,intractable,1,1,word,手に負えない，コントロールできない,手に負えない，コントロールできない,,1:1270,1
intravenous,intravenous,1,1,word,静脈内の，静脈の範囲内で,静脈内の，静脈の範囲内で,,1:2231,1
intrepid,intrepid,1,1,word,勇敢な,勇敢な,,1:2155,1
introspection,introspection,1,1,word,内省,内省,,1:2543,1
introspective,introspective,1,1,word,内省的な，反省的な,内省的な，反省的な,,1:1342,1
intrude,intrude,1,1,word,侵入する，侵害する,侵入する，侵害する,,1:1528,1
intrusive,intrusive,1,1,word,煩わしい,煩わしい,,1:2860,1
inundate,inundate,1,1,word,水浸しにする，水没させる,水浸しにする，水没させる,,1:1414,1
invader,invader,1,1,word,侵略者，侵入者,侵略者，侵入者,,1:970,1
invaluable,invaluable,1,1,word,貴重な，価値のある,貴重な，価値のある,,1:475,1
inveterate,inveterate,1,1,word,常習的な,常習的な,,1:3932,1
invigorate,invigorate,1,1,word,活気づける，元気づける,活気づける，元気づける,,1:4086,1
invincible,invincible,1,1,word,無敵の，無敵な,無敵の，無敵な,,1:756,1
irate,irate,1,1,word,怒った，怒る,怒った，怒る,,1:1467,1
iris,iris,1,1,word,虹彩,虹彩,,1:2737,1
irk,irk,1,1,word,いらいらさせる,いらいらさせる,,1:3269,1
irksome,irksome,1,1,word,退屈な,退屈な,,1:3855,1
irrepressible,irrepressible,1,1,word,抑えきれない,抑えきれない,,1:3638,1
irrespective of,irrespective of,1,1,phrase,に関わりなく，に関係なく,に関わりなく，に関係なく,,1:3564,1
isotope,isotope,1,1,word,同位元素,同位元素,,1:3807,1
iteration,iteration,1,1,word,反復，繰り返し,反復，繰り返し,,1:1756,1
jab,jab,1,1,word,突き刺す，突き立てる,突き刺す，突き立てる,,1:788,1
jagged,jagged,1,1,word,角立った,角立った,,1:2192,1
jargon,jargon,1,1,word,専門用語，隠語,専門用語，隠語,,1:4155,1
javelin,javelin,1,1,word,投げやり,投げやり,,1:2313,1
jeer,jeer,1,1,word,冷やかす,冷やかす,,1:2117,1
jeJune,jejune,1,1,word,子供っぽい，稚拙な,子供っぽい，稚拙な,,1:4255,1
jeopardy,jeopardy,1,1,word,危機，窮地,危機，窮地,,1:1151,1
jettison,jettison,1,1,word,放棄，断念,放棄，断念,,1:1853,1
jihad,jihad,1,1,word,聖戦，宗教的な戦争,聖戦，宗教的な戦争,,1:1099,1
jilt,jilt,1,1,word,恋人を見捨てる，突然別れる,恋人を見捨てる，突然別れる,,1:846,1
jingle,jingle,1,1,word,リンリン鳴らす,リンリン鳴らす,,1:3287,1
jockey for position,jockey for position,1,1,phrase,位置を取り合う，競争する,位置を取り合う，競争する,,1:4181,1
jocose,jocose,1,1,word,ふざけた，冗談めいた,ふざけた，冗談めいた,,1:4129,1
jocular,jocular,1,1,word,冗談好きな，陽気な,冗談好きな，陽気な,,1:4223,1
jostle,jostle,1,1,word,押し合う,押し合う,,1:2065,1
jubilant,jubilant,1,1,word,歓喜に満ちた，大喜びの,歓喜に満ちた，大喜びの,,1:4076,1
jubilee,jubilee,1,1,word,記念祭,記念祭,,1:2622,1
jug,jug,1,1,word,水差し，じょうろ,水差し，じょうろ,,1:1196,1
juggernaut,juggernaut,1,1,word,押し寄せる大勢力，圧倒的な力,押し寄せる大勢力，圧倒的な力,,1:4167,1
jump on the bandwagon,jump on the bandwagon,1,1,phrase,流行に乗る，人気のものに飛びつく,流行に乗る，人気のものに飛びつく,,1:4015,1
just as well,just as well,1,1,phrase,差支えない，ちょうど良い,差支えない，ちょうど良い,,1:2417,1
jut,jut,1,1,word,突き出す，突出する,突き出す，突出する,,1:2105,1
juxtapose,juxtapose,1,1,word,並置する，並べる,並置する，並べる,,1:4065,1
juxtaposition,juxtaposition,1,1,word,並置，並列,並置，並列,,1:3853,1
keep A company,keep a company,1,1,phrase,Aに同行する，Aとともに行く,Aに同行する，Aとともに行く,,1:624,1
keep abreast of,keep abreast of,1,1,phrase,を常に把握している，通じている,を常に把握している，通じている,,1:3468,1
keep an eye on,keep an eye on,1,1,phrase,を見ておく，目を離さない,を見ておく，目を離さない,,1:3856,1
keep at bay,keep at bay,1,1,phrase,距離を保つ，抑制する,距離を保つ，抑制する,,1:4256,1
keep in,keep in,1,1,phrase,抑える，閉じ込める,抑える，閉じ込める,,1:3878,1
keep something at bay,keep something at bay,1,1,phrase,何かを抑える，遠ざける,何かを抑える，遠ざける,,1:4156,1
kerosene,kerosene,1,1,word,灯油,灯油,,1:3738,1
kick back,kick back,1,1,phrase,逆襲する，見返り,逆襲する，見返り,,1:2662,1
kick out,kick out,1,1,phrase,追い出す，追放する,追い出す，追放する,,1:2943,1
kill oneself,kill oneself,1,1,phrase,自殺する，自害する,自殺する，自害する,,1:2898,1
kiln,kiln,1,1,word,窯,窯,,1:3695,1
kindle,kindle,1,1,word,着火する，興奮させる,着火する，興奮させる,,1:4209,1
kindred,kindred,1,1,word,親族，家族,親族，家族,,1:3595,1
kinetic,kinetic,1,1,word,運動の,運動の,,1:2873,1
kiosk,kiosk,1,1,word,売店,売店,,1:3789,1
kitty,kitty,1,1,word,子猫,子猫,,1:3758,1
knack,knack,1,1,word,こつ，要領,こつ，要領,,1:1821,1
knave,knave,1,1,word,悪党，いたずら者,悪党，いたずら者,,1:4082,1
knell,knell,1,1,word,鐘の音,鐘の音,,1:3913,1
knoll,knoll,1,1,word,小丘，小山,小丘，小山,,1:4097,1
kudos,kudos,1,1,word,称賛,称賛,,1:2322,1
labyrinthine,labyrinthine,1,1,word,迷路のような，複雑な,迷路のような，複雑な,,1:4217,1
lackadaisical,lackadaisical,1,1,word,元気のない，無気力な,元気のない，無気力な,,1:4196,1
lackluster,lackluster,1,1,word,無気力な，平凡な,無気力な，平凡な,,1:4071,1
laconic,laconic,1,1,word,簡潔な，寡黙な,簡潔な，寡黙な,,1:4168,1
lag,lag,1,1,word,遅れる，遅延する,遅れる，遅延する,,1:604,1
lagoon,lagoon,1,1,word,環礁,環礁,,1:2623,1
lair,lair,1,1,word,隠れ家,隠れ家,,1:2719,1
laity,laity,1,1,word,信徒たち,信徒たち,,1:3669,1
lamentable,lamentable,1,1,word,哀れな，悲しい,哀れな，悲しい,,1:642,1
languid,languid,1,1,word,だるい,だるい,,1:2998,1
languish,languish,1,1,word,弱る，衰える,弱る，衰える,,1:855,1
larva,larva,1,1,word,幼虫，子虫,幼虫，子虫,,1:1199,1
latent,latent,1,1,word,潜在している，隠れている,潜在している，隠れている,,1:1313,1
lateral,lateral,1,1,word,側面の,側面の,,1:2838,1
lathe,lathe,1,1,word,旋盤,旋盤,,1:2531,1
lattice,lattice,1,1,word,格子,格子,,1:3720,1
laud,laud,1,1,word,称賛する，賞賛する,称賛する，賞賛する,,1:1279,1
laudable,laudable,1,1,word,称賛に値する,称賛に値する,,1:2126,1
laughable,laughable,1,1,word,失笑を買った，笑われた,失笑を買った，笑われた,,1:691,1
launder,launder,1,1,word,洗濯する，洗う,洗濯する，洗う,,1:607,1
laureate,laureate,1,1,word,受賞者，授賞者,受賞者，授賞者,,1:1100,1
lava,lava,1,1,word,溶岩，マグマ,溶岩，マグマ,,1:503,1
lavish,lavish,1,1,word,気前の良い，寛大な,気前の良い，寛大な,,1:1515,1
lax,lax,1,1,word,手ぬるい,手ぬるい,,1:2037,1
lay down the law,lay down the law,1,1,phrase,法則を定める，厳命する,法則を定める，厳命する,,1:4041,1
lay in,lay in,1,1,phrase,蓄える，仕入れる,蓄える，仕入れる,,1:3120,1
leach,leach,1,1,word,ろ過する，濾す,ろ過する，濾す,,1:1589,1
leaden,leaden,1,1,word,鉛の,鉛の,,1:3762,1
lean on,lean on,1,1,phrase,に寄りかかる，にもたれる,に寄りかかる，にもたれる,,1:3239,1
lean over,lean over,1,1,phrase,寄りかかる，屈む,寄りかかる，屈む,,1:3106,1
leash,leash,1,1,word,ひも，くさり,ひも，くさり,,1:1207,1
ledger,ledger,1,1,word,原簿,原簿,,1:2655,1
leer,leer,1,1,word,横目，流し目,横目，流し目,,1:3582,1
leeway,leeway,1,1,word,進路のずれ,進路のずれ,,1:3608,1
legitimize,legitimize,1,1,word,正当化する,正当化する,,1:3229,1
lenient,lenient,1,1,word,寛大な，寛容な,寛大な，寛容な,,1:3628,1
lesion,lesion,1,1,word,傷害,傷害,,1:2721,1
let off,let off,1,1,phrase,降ろす，放つ,降ろす，放つ,,1:2895,1
let the cat out of the bag,let the cat out of the bag,1,1,phrase,秘密を漏らす，バラす,秘密を漏らす，バラす,,1:4117,1
lethargic,lethargic,1,1,word,無気力な,無気力な,,1:3109,1
leukemia,leukemia,1,1,word,白血病，血液のがん，白血球症,白血病，血液のがん，白血球症,,1:1633,1
levee,levee,1,1,word,堤防，水害防止のための壁，防波堤,堤防，水害防止のための壁，防波堤,,1:1681,1
level out,level out,1,1,phrase,平らげる，平らにする,平らげる，平らにする,,1:3710,1
levity,levity,1,1,word,軽率，軽薄さ,軽率，軽薄さ,,1:498,1
lewd,lewd,1,1,word,淫らな,淫らな,,1:2119,1
lexicon,lexicon,1,1,word,語彙，言葉の集まり，単語群,語彙，言葉の集まり，単語群,,1:1642,1
liaison,liaison,1,1,word,連絡，連携係,連絡，連携係,,1:496,1
libel,libel,1,1,word,名誉毀損，中傷,名誉毀損，中傷,,1:967,1
lie with,lie with,1,1,phrase,の役目である，次第である，,の役目である，次第である，,,1:3926,1
ligament,ligament,1,1,word,靱帯,靱帯,,1:2698,1
lighthouse,lighthouse,1,1,word,灯台，燈台,灯台，燈台,,1:974,1
liken,liken,1,1,word,例える，比較する,例える，比較する,,1:662,1
lilt,lilt,1,1,word,軽快なリズム，メロディ,軽快なリズム，メロディ,,1:4232,1
limit A to B,limit a to b,1,1,phrase,AをBに限定する，AをBに制限する,AをBに限定する，AをBに制限する,,1:1470,1
lineage,lineage,1,1,word,系統，体系，系列,系統，体系，系列,,1:1921,1
lisp,lisp,1,1,word,舌足らずに発音する,舌足らずに発音する,,1:2157,1
lithe,lithe,1,1,word,しなやかな,しなやかな,,1:3625,1
litigant,litigant,1,1,word,係争中の,係争中の,,1:3040,1
litigate,litigate,1,1,word,訴訟する，裁判にかける,訴訟する，裁判にかける,,1:4087,1
litigation,litigation,1,1,word,訴訟,訴訟,,1:1938,1
liturgy,liturgy,1,1,word,典礼，儀式，式典,典礼，儀式，式典,,1:1899,1
live off,live off,1,1,phrase,によって生きる，で生計を立てる,によって生きる，で生計を立てる,,1:3965,1
live out,live out,1,1,phrase,生き延びる，残りの人生を生きる,生き延びる，残りの人生を生きる,,1:3681,1
live through,live through,1,1,phrase,生き延びる，切り抜ける,生き延びる，切り抜ける,,1:3565,1
loathe,loathe,1,1,word,嫌う，嫌悪する,嫌う，嫌悪する,,1:676,1
lobe,lobe,1,1,word,耳たぶ，耳垂，耳たぼ,耳たぶ，耳垂，耳たぼ,,1:1793,1
locale,locale,1,1,word,現場,現場,,1:1946,1
locomotive,locomotive,1,1,word,機関車,機関車,,1:3640,1
locus,locus,1,1,word,座標，位置情報,座標，位置情報,,1:927,1
lofty,lofty,1,1,word,高尚な，高潔な,高尚な，高潔な,,1:1303,1
logistics,logistics,1,1,word,調達路，供給路,調達路，供給路,,1:307,1
loiter,loiter,1,1,word,ぶらぶら歩く,ぶらぶら歩く,,1:3356,1
longitude,longitude,1,1,word,経度,経度,,1:2362,1
look beyond,look beyond,1,1,phrase,視野を広げる，先を見据える,視野を広げる，先を見据える,,1:3734,1
lookout,lookout,1,1,word,警戒，眺望,警戒，眺望,,1:1169,1
loom,loom,1,1,word,ぼんやり現れる，織機，霧の中に,ぼんやり現れる，織機，霧の中に,,1:1538,1
loose,loose,1,1,word,緩い，緩んだ,緩い，緩んだ,,1:651,1
loosen up,loosen up,1,1,phrase,緩める，ほぐす,緩める，ほぐす,,1:3933,1
loot,loot,1,1,word,戦利品，略奪物,戦利品，略奪物,,1:1503,1
lop off,lop off,1,1,phrase,切り落とす，削除する，落とす,切り落とす，削除する，落とす,,1:952,1
loquacious,loquacious,1,1,word,おしゃべりな，多弁な,おしゃべりな，多弁な,,1:4104,1
lore,lore,1,1,word,伝承，口頭や文書で伝えられる習慣や話，口承,伝承，口頭や文書で伝えられる習慣や話，口承,,1:1671,1
loud and clear,loud and clear,1,1,phrase,はっきりと，明確に,はっきりと，明確に,,1:3494,1
lousy,lousy,1,1,word,ひどい，悪い,ひどい，悪い,,1:680,1
lubricate,lubricate,1,1,word,潤滑させる,潤滑させる,,1:2052,1
lucid,lucid,1,1,word,明快な,明快な,,1:2852,1
ludicrous,ludicrous,1,1,word,ばかげた,ばかげた,,1:2229,1
lug,lug,1,1,word,力を込めて引く,力を込めて引く,,1:3165,1
lunatic,lunatic,1,1,word,精神異常者,精神異常者,,1:1942,1
luncheon,luncheon,1,1,word,昼食，正午頃に食べる食事,昼食，正午頃に食べる食事,,1:1651,1
lunge,lunge,1,1,word,突進，急進,突進，急進,,1:1525,1
lurch,lurch,1,1,word,よろめき，ふらつき,よろめき，ふらつき,,1:1565,1
lurid,lurid,1,1,word,赤く輝いた，毒々しい,赤く輝いた，毒々しい,,1:2293,1
lush,lush,1,1,word,青々とした，生い茂った，新緑の,青々とした，生い茂った，新緑の,,1:1442,1
luster,luster,1,1,word,光沢，艶，輝き,光沢，艶，輝き,,1:1706,1
lusty,lusty,1,1,word,元気な,元気な,,1:2942,1
luxurious,luxurious,1,1,word,豪華な，贅沢な,豪華な，贅沢な,,1:1417,1
macabre,macabre,1,1,word,恐ろしい，気味の悪い,恐ろしい，気味の悪い,,1:4249,1
maelstrom,maelstrom,1,1,word,大渦，混沌,大渦，混沌,,1:4244,1
magistrate,magistrate,1,1,word,行政長官，行政官,行政長官，行政官,,1:1159,1
magnanimous,magnanimous,1,1,word,寛大な,寛大な,,1:3847,1
magnate,magnate,1,1,word,有力者,有力者,,1:2742,1
majestic,majestic,1,1,word,雄大な,雄大な,,1:2013,1
make an end of,make an end of,1,1,phrase,で済ませる，終わらせる,で済ませる，終わらせる,,1:3034,1
make do with,make do with,1,1,phrase,で間に合わせる，でやりくりする,で間に合わせる，でやりくりする,,1:2948,1
make for,make for,1,1,phrase,へ向かう，に役立つ,へ向かう，に役立つ,,1:2568,1
make matters worse,make matters worse,1,1,phrase,問題を悪化させる，問題をよくない方向に導く,問題を悪化させる，問題をよくない方向に導く,,1:3340,1
make progress,make progress,1,1,phrase,進歩する，進展する,進歩する，進展する,,1:807,1
makeshift,makeshift,1,1,word,その場しのぎの，仮の,その場しのぎの，仮の,,1:1337,1
malady,malady,1,1,word,病気,病気,,1:2586,1
malaise,malaise,1,1,word,不快感，違和感,不快感，違和感,,1:897,1
malevolent,malevolent,1,1,word,悪意のある，意地悪な,悪意のある，意地悪な,,1:2883,1
malign,malign,1,1,word,有害な，有毒な,有害な，有毒な,,1:1501,1
malignant,malignant,1,1,word,悪意のある，悪意を持った,悪意のある，悪意を持った,,1:470,1
malleable,malleable,1,1,word,可鍛性の，柔軟な,可鍛性の，柔軟な,,1:4119,1
malpractice,malpractice,1,1,word,不正行為,不正行為,,1:1955,1
manageable,manageable,1,1,word,扱いやすい,扱いやすい,,1:2268,1
mandatory,mandatory,1,1,word,強制的な，強制力のある,強制的な，強制力のある,,1:311,1
mane,mane,1,1,word,たてがみ,たてがみ,,1:2320,1
manic,manic,1,1,word,躁病の,躁病の,,1:3974,1
manifest,manifest,1,1,word,明白な,明白な,,1:2175,1
manifesto,manifesto,1,1,word,宣言書，声明書,宣言書，声明書,,1:1944,1
manipulator,manipulator,1,1,word,操縦者,操縦者,,1:2597,1
manslaughter,manslaughter,1,1,word,過失致死,過失致死,,1:1947,1
manure,manure,1,1,word,肥料，施肥物,肥料，施肥物,,1:1865,1
maritime,maritime,1,1,word,海事の，海洋に関する,海事の，海洋に関する,,1:558,1
markedly,markedly,1,1,word,著しく,著しく,,1:2114,1
marquee,marquee,1,1,word,テント，ひさし,テント，ひさし,,1:3944,1
marrow,marrow,1,1,word,骨髄，髄,骨髄，髄,,1:933,1
martian,martian,1,1,word,火星の，火星に関する,火星の，火星に関する,,1:1504,1
masculinity,masculinity,1,1,word,男らしさ，男性らしさ,男らしさ，男性らしさ,,1:978,1
mashed,mashed,1,1,word,つぶした,つぶした,,1:2204,1
mason,mason,1,1,word,石工，石匠,石工，石匠,,1:1028,1
materialism,materialism,1,1,word,唯物論,唯物論,,1:4034,1
matrimony,matrimony,1,1,word,結婚,結婚,,1:2747,1
matron,matron,1,1,word,既婚の人，既婚の女性,既婚の人，既婚の女性,,1:2752,1
maverick,maverick,1,1,word,異端者，外道,異端者，外道,,1:1005,1
mawkish,mawkish,1,1,word,感傷的な，過剰に感動する,感傷的な，過剰に感動する,,1:4147,1
mayhem,mayhem,1,1,word,大混乱，身体傷害,大混乱，身体傷害,,1:3753,1
meander,meander,1,1,word,蛇行する，曲がりくねる,蛇行する，曲がりくねる,,1:1415,1
measles,measles,1,1,word,麻疹，発疹，斑疹,麻疹，発疹，斑疹,,1:1915,1
meddle,meddle,1,1,word,お節介を焼く,お節介を焼く,,1:3168,1
medical checkup,medical checkup,1,1,phrase,健康診断，医療診断,健康診断，医療診断,,1:1426,1
membrane,membrane,1,1,word,膜,膜,,1:3966,1
memorabilia,memorabilia,1,1,word,記憶に値する事柄,記憶に値する事柄,,1:3711,1
mendacious,mendacious,1,1,word,嘘つきの，不誠実な,嘘つきの，不誠実な,,1:4198,1
menial,menial,1,1,word,くだらない,くだらない,,1:3775,1
menopause,menopause,1,1,word,閉経，更年期，停止,閉経，更年期，停止,,1:1935,1
mentally,mentally,1,1,word,精神的に，心理的に,精神的に，心理的に,,1:362,1
mercenary,mercenary,1,1,word,金目当ての,金目当ての,,1:3869,1
merriment,merriment,1,1,word,陽気な騒ぎ,陽気な騒ぎ,,1:2332,1
mesmerize,mesmerize,1,1,word,魅了する,魅了する,,1:3380,1
mess up,mess up,1,1,phrase,台無しにする，台無しにして価値や効果を無くす，損なう,台無しにする，台無しにして価値や効果を無くす，損なう,,1:1709,1
metabolism,metabolism,1,1,word,代謝，生体の化学反応,代謝，生体の化学反応,,1:188,1
mete out,mete out,1,1,phrase,分配する，割り当てる,分配する，割り当てる,,1:4112,1
meteor,meteor,1,1,word,流星，流れ星,流星，流れ星,,1:1229,1
meticulous,meticulous,1,1,word,細心の，慎重な,細心の，慎重な,,1:720,1
meticulously,meticulously,1,1,word,細心の注意を払って,細心の注意を払って,,1:3983,1
microbial,microbial,1,1,word,微生物の，細菌の,微生物の，細菌の,,1:199,1
midwife,midwife,1,1,word,助産婦，産婆,助産婦，産婆,,1:386,1
might as well do,might as well do,1,1,phrase,するかもしれない，起こり得る,するかもしれない，起こり得る,,1:3694,1
migraine,migraine,1,1,word,偏頭痛,偏頭痛,,1:2613,1
milieu,milieu,1,1,word,環境，周りの状況,環境，周りの状況,,1:1040,1
militantly,militantly,1,1,word,好戦的に,好戦的に,,1:3763,1
mince,mince,1,1,word,刻む，細かく切る,刻む，細かく切る,,1:799,1
minimal,minimal,1,1,word,最小限の，最低限の,最小限の，最低限の,,1:159,1
minion,minion,1,1,word,子分,子分,,1:3730,1
mint,mint,1,1,word,造幣局，貨幣製造,造幣局，貨幣製造,,1:3713,1
mirage,mirage,1,1,word,蜃気楼，海市,蜃気楼，海市,,1:1070,1
mire,mire,1,1,word,湿原,湿原,,1:4023,1
mirth,mirth,1,1,word,陽気,陽気,,1:3805,1
miscarriage,miscarriage,1,1,word,失敗，流産,失敗，流産,,1:1917,1
misgiving,misgiving,1,1,word,懸念，心配,懸念，心配,,1:1006,1
miss the boat,miss the boat,1,1,phrase,機会を逃す，失敗する,機会を逃す，失敗する,,1:4206,1
mitigate,mitigate,1,1,word,和らげる，柔らかくする,和らげる，柔らかくする,,1:810,1
mitigation,mitigation,1,1,word,緩和，和らげる,緩和，和らげる,,1:1888,1
moat,moat,1,1,word,堀,堀,,1:3823,1
mockery,mockery,1,1,word,嘲り,嘲り,,1:3816,1
modality,modality,1,1,word,法性,法性,,1:3975,1
moderation,moderation,1,1,word,節度，節制,節度，節制,,1:1222,1
modulate,modulate,1,1,word,調整する，微調整する，整合する,調整する，微調整する，整合する,,1:339,1
molecular,molecular,1,1,word,分子の，微小な,分子の，微小な,,1:712,1
molest,molest,1,1,word,悩ます，困らせる,悩ます，困らせる,,1:556,1
molten,molten,1,1,word,溶けた,溶けた,,1:3994,1
momentarily,momentarily,1,1,word,瞬時に，一瞬で,瞬時に，一瞬で,,1:1537,1
momentous,momentous,1,1,word,重大な，深刻な,重大な，深刻な,,1:576,1
monastic,monastic,1,1,word,修道院の,修道院の,,1:3699,1
moniker,moniker,1,1,word,名前，あだ名,名前，あだ名,,1:3833,1
monoxide,monoxide,1,1,word,一酸化物,一酸化物,,1:3819,1
montage,montage,1,1,word,合成写真,合成写真,,1:3946,1
moot,moot,1,1,word,議論する,議論する,,1:2178,1
moratorium,moratorium,1,1,word,猶予,猶予,,1:2661,1
morbid,morbid,1,1,word,病的な，病気の,病的な，病気の,,1:257,1
morgue,morgue,1,1,word,遺体安置所，遺体保管所,遺体安置所，遺体保管所,,1:1889,1
moribund,moribund,1,1,word,瀕死の,瀕死の,,1:2228,1
morose,morose,1,1,word,不機嫌な,不機嫌な,,1:3890,1
morsel,morsel,1,1,word,一口,一口,,1:3862,1
mortify,mortify,1,1,word,悔しがらせる，抑制する，嫌がらせる,悔しがらせる，抑制する，嫌がらせる,,1:1530,1
mortuary,mortuary,1,1,word,遺体,遺体,,1:2345,1
moss,moss,1,1,word,苔，藻類，苔の塊,苔，藻類，苔の塊,,1:1630,1
moth,moth,1,1,word,蛾，衣蛾,蛾，衣蛾,,1:1154,1
mother tongue,mother tongue,1,1,phrase,母国語，母語,母国語，母語,,1:3220,1
motley,motley,1,1,word,雑多な，多様な,雑多な，多様な,,1:1523,1
mounting,mounting,1,1,word,取り付け，取り付けること,取り付け，取り付けること,,1:1177,1
mourning,mourning,1,1,word,喪中，服喪中,喪中，服喪中,,1:1055,1
mower,mower,1,1,word,芝刈り機，草刈り機,芝刈り機，草刈り機,,1:1754,1
muck,muck,1,1,word,肥やし,肥やし,,1:2359,1
muffle,muffle,1,1,word,包む,包む,,1:1988,1
muffled,muffled,1,1,word,音を殺した,音を殺した,,1:3822,1
mulch,mulch,1,1,word,根覆い,根覆い,,1:2582,1
mull,mull,1,1,word,良く考える，砂糖を入れて温める,良く考える，砂糖を入れて温める,,1:731,1
mull over,mull over,1,1,phrase,よく考える，熟考する,よく考える，熟考する,,1:4266,1
multinational,multinational,1,1,word,多国籍の，複数の国籍からなる,多国籍の，複数の国籍からなる,,1:195,1
mumps,mumps,1,1,word,おたふく風邪,おたふく風邪,,1:3768,1
munch,munch,1,1,word,むしゃむしゃ食べる,むしゃむしゃ食べる,,1:2211,1
municipality,municipality,1,1,word,自治体,自治体,,1:2657,1
murky,murky,1,1,word,陰気な，暗い,陰気な，暗い,,1:1273,1
muse,muse,1,1,word,深く考える，熟考する,深く考える，熟考する,,1:816,1
mutilate,mutilate,1,1,word,切断する,切断する,,1:3322,1
mutiny,mutiny,1,1,word,反乱,反乱,,1:2625,1
muzzle,muzzle,1,1,word,鼻口部,鼻口部,,1:2743,1
mystic,mystic,1,1,word,神秘的な，不可解な,神秘的な，不可解な,,1:749,1
nag,nag,1,1,word,小言を言う,小言を言う,,1:3411,1
narcissistic,narcissistic,1,1,word,自己愛的な，自己中心的,自己愛的な，自己中心的,,1:4178,1
narrow down A to B,narrow down a to b,1,1,phrase,AをBに限定する，AをBに制限する,AをBに限定する，AをBに制限する,,1:1440,1
nasal,nasal,1,1,word,鼻の，鼻関連の,鼻の，鼻関連の,,1:704,1
nascent,nascent,1,1,word,初期の,初期の,,1:3656,1
natural disaster,natural disaster,1,1,phrase,自然災害，天災,自然災害，天災,,1:2094,1
naught,naught,1,1,word,無価値,無価値,,1:2404,1
nebula,nebula,1,1,word,星雲，霧のような,星雲，霧のような,,1:4137,1
nebulous,nebulous,1,1,word,漠然とした,漠然とした,,1:4006,1
nefarious,nefarious,1,1,word,邪悪な，極悪な,邪悪な，極悪な,,1:4074,1
negate,negate,1,1,word,無効にする，取り消す,無効にする，取り消す,,1:1271,1
negligence,negligence,1,1,word,怠慢，怠ける，やる気がない,怠慢，怠ける，やる気がない,,1:1637,1
neophyte,neophyte,1,1,word,初心者，新参者,初心者，新参者,,1:4105,1
nepotism,nepotism,1,1,word,縁故主義,縁故主義,,1:3967,1
nestle,nestle,1,1,word,寄り添う，側にいる,寄り添う，側にいる,,1:682,1
neural,neural,1,1,word,神経の，神経系の,神経の，神経系の,,1:1402,1
neurosis,neurosis,1,1,word,神経症,神経症,,1:2501,1
neurotic,neurotic,1,1,word,神経症の，神経質な,神経症の，神経質な,,1:687,1
neutron,neutron,1,1,word,中性子，原子核の一部,中性子，原子核の一部,,1:947,1
nibble,nibble,1,1,word,少しずつ食べる，つまむ，少量ずつ摂取する,少しずつ食べる，つまむ，少量ずつ摂取する,,1:1539,1
nightly,nightly,1,1,word,夜間の，夜の,夜間の，夜の,,1:1560,1
nil,nil,1,1,word,無,無,,1:3646,1
nimble,nimble,1,1,word,機敏な，敏捷な,機敏な，敏捷な,,1:1449,1
nip in the bud,nip in the bud,1,1,phrase,初期に阻止する，未然に防ぐ,初期に阻止する，未然に防ぐ,,1:4193,1
nip something in the bud,nip something in the bud,1,1,phrase,初めのうちに何かを抑止する，未然に防ぐ,初めのうちに何かを抑止する，未然に防ぐ,,1:4169,1
nitrogen,nitrogen,1,1,word,窒素，化学元素,窒素，化学元素,,1:180,1
no less than,no less than,1,1,phrase,と同じほど，に劣らず,と同じほど，に劣らず,,1:3327,1
no offense,no offense,1,1,phrase,悪気はなく，悪気なく,悪気はなく，悪気なく,,1:3225,1
nocturnal,nocturnal,1,1,word,夜行性の,夜行性の,,1:3693,1
node,node,1,1,word,節,節,,1:2577,1
nomad,nomad,1,1,word,遊牧民,遊牧民,,1:2594,1
nomadic,nomadic,1,1,word,遊牧の，移動する,遊牧の，移動する,,1:715,1
nonchalant,nonchalant,1,1,word,無関心な,無関心な,,1:3001,1
none the less,none the less,1,1,phrase,それでもなお，それにも関わらず,それでもなお，それにも関わらず,,1:3562,1
none the more,none the more,1,1,phrase,それでもなお，それにも関わらず,それでもなお，それにも関わらず,,1:3782,1
nonpartisan,nonpartisan,1,1,word,無所属の,無所属の,,1:2219,1
nook,nook,1,1,word,隅，角や端,隅，角や端,,1:1693,1
not necessarily,not necessarily,1,1,phrase,必ずしも必要でなく，必ずしも～ない,必ずしも必要でなく，必ずしも～ない,,1:3304,1
nothing much,nothing much,1,1,phrase,大したことはない，特に何もない,大したことはない，特に何もない,,1:3690,1
notify A of B,notify a of b,1,1,phrase,AにBを通知する,AにBを通知する,,1:3245,1
notoriously,notoriously,1,1,word,悪名高く,悪名高く,,1:2080,1
now and again,now and again,1,1,phrase,時々，時折,時々，時折,,1:2664,1
noxious,noxious,1,1,word,有害な,有害な,,1:2912,1
nudge,nudge,1,1,word,軽くつつく，ちょんと突く,軽くつつく，ちょんと突く,,1:882,1
null,null,1,1,word,無効の,無効の,,1:2300,1
nullify,nullify,1,1,word,無効にする,無効にする,,1:3268,1
nuptial,nuptial,1,1,word,婚礼の,婚礼の,,1:1995,1
nutty,nutty,1,1,word,木の実の多い,木の実の多い,,1:3875,1
obdurate,obdurate,1,1,word,頑固な,頑固な,,1:3629,1
obese,obese,1,1,word,肥満体の,肥満体の,,1:2033,1
obfuscate,obfuscate,1,1,word,わかりにくくする，混乱させる,わかりにくくする，混乱させる,,1:4068,1
obituary,obituary,1,1,word,死亡記事，訃報，死亡通知,死亡記事，訃報，死亡通知,,1:1905,1
obligate,obligate,1,1,word,義務づける，強制する,義務づける，強制する,,1:733,1
oblique,oblique,1,1,word,斜めの,斜めの,,1:3058,1
obliterate,obliterate,1,1,word,抹消する，消去する，線を引いて消す,抹消する，消去する，線を引いて消す,,1:1407,1
obnoxious,obnoxious,1,1,word,不愉快な,不愉快な,,1:1999,1
obscene,obscene,1,1,word,卑猥な，下劣な,卑猥な，下劣な,,1:1343,1
obscenity,obscenity,1,1,word,わいせつ,わいせつ,,1:1943,1
obsequious,obsequious,1,1,word,へつらいの，こびへつらう,へつらいの，こびへつらう,,1:4250,1
obsessive,obsessive,1,1,word,強迫観念のある，妄想的な,強迫観念のある，妄想的な,,1:1455,1
obstetrician,obstetrician,1,1,word,産科医,産科医,,1:3923,1
obstinate,obstinate,1,1,word,頑固な，しつこい,頑固な，しつこい,,1:4089,1
obstreperous,obstreperous,1,1,word,騒々しい，手に負えない,騒々しい，手に負えない,,1:4210,1
obtrusive,obtrusive,1,1,word,押しつけがましい,押しつけがましい,,1:2798,1
obtuse,obtuse,1,1,word,鈍感な，理解が遅い,鈍感な，理解が遅い,,1:4187,1
obviate,obviate,1,1,word,取り除く，防ぐ,取り除く，防ぐ,,1:4127,1
oddly enough,oddly enough,1,1,phrase,奇妙なことに，おかしなことに,奇妙なことに，おかしなことに,,1:2588,1
offshoot,offshoot,1,1,word,支流,支流,,1:2373,1
oftentimes,oftentimes,1,1,word,しばしば,しばしば,,1:3518,1
ointment,ointment,1,1,word,軟膏,軟膏,,1:2388,1
omen,omen,1,1,word,前兆，予兆,前兆，予兆,,1:1871,1
omnipotent,omnipotent,1,1,word,全能の,全能の,,1:3035,1
omniscient,omniscient,1,1,word,全知の,全知の,,1:2938,1
omnivorous,omnivorous,1,1,word,雑食の,雑食の,,1:2870,1
on a wing and a prayer,on a wing and a prayer,1,1,phrase,危険で不確実な状況で，祈りながら,危険で不確実な状況で，祈りながら,,1:4069,1
on bail,on bail,1,1,phrase,保釈中の，出所中の,保釈中の，出所中の,,1:2484,1
on edge,on edge,1,1,phrase,イライラして，もどかしくて,イライラして，もどかしくて,,1:3211,1
on hand,on hand,1,1,phrase,近くに，手元に,近くに，手元に,,1:3023,1
on principle,on principle,1,1,phrase,原則として，道徳的見地から,原則として，道徳的見地から,,1:3280,1
on second thought,on second thought,1,1,phrase,考え直してみると，再考した結果,考え直してみると，再考した結果,,1:3241,1
on the brink of,on the brink of,1,1,phrase,の危機に瀕して，の寸前で,の危機に瀕して，の寸前で,,1:3610,1
on the decline,on the decline,1,1,phrase,衰退中の，下降中の,衰退中の，下降中の,,1:3474,1
on the fence,on the fence,1,1,phrase,決断を保留する，中立である,決断を保留する，中立である,,1:4140,1
on the occasion of,on the occasion of,1,1,phrase,に際して，にあたって,に際して，にあたって,,1:3020,1
on the subject of,on the subject of,1,1,phrase,に関して，について,に関して，について,,1:2520,1
on the verge of,on the verge of,1,1,phrase,寸前で，今にも，しようとして,寸前で，今にも，しようとして,,1:3705,1
on trial,on trial,1,1,phrase,試用中で，審理中で,試用中で，審理中で,,1:3510,1
"on trial, under trial","on trial, under trial",1,1,phrase,試用中で，審理中で,試用中で，審理中で,,1:3170,1
once and for all,once and for all,1,1,phrase,これを最後に，最終的に,これを最後に，最終的に,,1:3311,1
one and only,one and only,1,1,phrase,たった一つだけ，一つ限りの,たった一つだけ，一つ限りの,,1:3665,1
oneness,oneness,1,1,word,一体感,一体感,,1:2479,1
onerous,onerous,1,1,word,厄介な,厄介な,,1:3056,1
onslaught,onslaught,1,1,word,猛攻撃，激しい攻撃,猛攻撃，激しい攻撃,,1:1768,1
onus,onus,1,1,word,重荷,重荷,,1:3733,1
ooze,ooze,1,1,word,にじみ出る，漏れ出る,にじみ出る，漏れ出る,,1:1546,1
opaque,opaque,1,1,word,不透明な，明瞭でない,不透明な，明瞭でない,,1:1434,1
operate on,operate on,1,1,phrase,を運営する，操作する,を運営する，操作する,,1:3530,1
opinionated,opinionated,1,1,word,頑固な，意固地な,頑固な，意固地な,,1:2970,1
opportune,opportune,1,1,word,好機の，絶好の機会,好機の，絶好の機会,,1:546,1
optic,optic,1,1,word,目の，視力の，視覚の,目の，視力の，視覚の,,1:1607,1
optics,optics,1,1,word,光学，光の学問,光学，光の学問,,1:1078,1
opulence,opulence,1,1,word,富裕，豊かさ,富裕，豊かさ,,1:4115,1
opulent,opulent,1,1,word,豊富な,豊富な,,1:3995,1
opus,opus,1,1,word,作品，制作物,作品，制作物,,1:985,1
oracle,oracle,1,1,word,神のお告げ，神託,神のお告げ，神託,,1:1084,1
orator,orator,1,1,word,講演者,講演者,,1:2604,1
orbital,orbital,1,1,word,軌道の，軌道に関する,軌道の，軌道に関する,,1:1328,1
ordinance,ordinance,1,1,word,条例，地方自治体が制定する法律，法令,条例，地方自治体が制定する法律，法令,,1:1631,1
originate in,originate in,1,1,phrase,に端を発する，起因する,に端を発する，起因する,,1:3253,1
ornate,ornate,1,1,word,華やかな，豪華な,華やかな，豪華な,,1:554,1
orphanage,orphanage,1,1,word,孤児院，孤児の家,孤児院，孤児の家,,1:1106,1
oscillate,oscillate,1,1,word,振動する,振動する,,1:2257,1
oscillation,oscillation,1,1,word,発振,発振,,1:3900,1
ostensible,ostensible,1,1,word,表向きの,表向きの,,1:2923,1
ostensibly,ostensibly,1,1,word,表向きは，外面的に,表向きは，外面的に,,1:1453,1
ostentatious,ostentatious,1,1,word,派手な,派手な,,1:2888,1
osteoporosis,osteoporosis,1,1,word,骨粗鬆症,骨粗鬆症,,1:2449,1
ostracism,ostracism,1,1,word,排斥,排斥,,1:2441,1
oust,oust,1,1,word,追い払う，追い出す,追い払う，追い出す,,1:723,1
out and about,out and about,1,1,phrase,出歩いて，外に出られる,出歩いて，外に出られる,,1:2533,1
out of hand,out of hand,1,1,phrase,手を離れて，手に負えなくなって,手を離れて，手に負えなくなって,,1:2843,1
out of the ordinary,out of the ordinary,1,1,phrase,並外れた，普通でない,並外れた，普通でない,,1:3968,1
out of the picture,out of the picture,1,1,phrase,目立たない，重要でない,目立たない，重要でない,,1:2667,1
outage,outage,1,1,word,停電，電力断,停電，電力断,,1:1120,1
outlay,outlay,1,1,word,支出,支出,,1:2314,1
outpatient,outpatient,1,1,word,外来患者,外来患者,,1:1957,1
outspoken,outspoken,1,1,word,率直な,率直な,,1:2136,1
outstrip,outstrip,1,1,word,追い越す，先行する,追い越す，先行する,,1:1393,1
outwit,outwit,1,1,word,出し抜く,出し抜く,,1:2071,1
ovary,ovary,1,1,word,卵巣,卵巣,,1:2375,1
ovation,ovation,1,1,word,熱烈な歓迎，熱心な歓迎,熱烈な歓迎，熱心な歓迎,,1:1096,1
overblown,overblown,1,1,word,誇張された，過大評価された,誇張された，過大評価された,,1:1358,1
overdose,overdose,1,1,word,過剰摂取，過食,過剰摂取，過食,,1:1772,1
overshadow,overshadow,1,1,word,暗くする，暗にする,暗くする，暗にする,,1:1561,1
overtly,overtly,1,1,word,あからさまに,あからさまに,,1:3701,1
overture,overture,1,1,word,序曲，前奏曲,序曲，前奏曲,,1:1009,1
owing to,owing to,1,1,phrase,のために，のおかげで,のために，のおかげで,,1:2544,1
oxide,oxide,1,1,word,酸化物，酸と反応した物質，酸化化合物,酸化物，酸と反応した物質，酸化化合物,,1:1634,1
pacify,pacify,1,1,word,なだめる,なだめる,,1:2166,1
padlock,padlock,1,1,word,南京錠,南京錠,,1:3951,1
pagan,pagan,1,1,word,異教の,異教の,,1:2854,1
palatable,palatable,1,1,word,美味しい,美味しい,,1:1970,1
palliate,palliate,1,1,word,緩和する，軽減する,緩和する，軽減する,,1:4245,1
palliative,palliative,1,1,word,緩和的な,緩和的な,,1:3882,1
pallid,pallid,1,1,word,蒼白な,蒼白な,,1:4051,1
palpable,palpable,1,1,word,さわれる,さわれる,,1:1987,1
palpitate,palpitate,1,1,word,動悸する，鼓動する,動悸する，鼓動する,,1:4218,1
paltry,paltry,1,1,word,取るに足らない，価値のない,取るに足らない，価値のない,,1:4233,1
pamper,pamper,1,1,word,甘やかす，ひねくれる,甘やかす，ひねくれる,,1:1842,1
pan out,pan out,1,1,phrase,砂金が出る，成功する,砂金が出る，成功する,,1:2513,1
panacea,panacea,1,1,word,万能薬,万能薬,,1:2685,1
pancreatic,pancreatic,1,1,word,膵臓の,膵臓の,,1:3590,1
pantry,pantry,1,1,word,食料品室，食品庫,食料品室，食品庫,,1:1075,1
paradigm,paradigm,1,1,word,規範,規範,,1:3820,1
paralysis,paralysis,1,1,word,麻痺，感覚，動きの喪失,麻痺，感覚，動きの喪失,,1:1685,1
paramedic,paramedic,1,1,word,救急救命士，救命士,救急救命士，救命士,,1:1186,1
paramount,paramount,1,1,word,最高の，最重要の,最高の，最重要の,,1:169,1
paranoia,paranoia,1,1,word,妄想症，幻想症,妄想症，幻想症,,1:410,1
parchment,parchment,1,1,word,羊皮紙,羊皮紙,,1:2350,1
parity,parity,1,1,word,同等，等価，相当,同等，等価，相当,,1:1804,1
parochial,parochial,1,1,word,狭い,狭い,,1:3956,1
parsimonious,parsimonious,1,1,word,けちな，吝嗇な,けちな，吝嗇な,,1:4170,1
parson,parson,1,1,word,牧師,牧師,,1:2584,1
pass the buck,pass the buck,1,1,phrase,責任を転嫁する，逃げる,責任を転嫁する，逃げる,,1:4235,1
pass up,pass up,1,1,phrase,逃す，失う，逸する,逃す，失う，逸する,,1:1686,1
passbook,passbook,1,1,word,通帳,通帳,,1:4049,1
paste,paste,1,1,word,のり，接着剤,のり，接着剤,,1:1251,1
pastoral,pastoral,1,1,word,羊飼いの，牧羊人の,羊飼いの，牧羊人の,,1:606,1
pathological,pathological,1,1,word,病理学の,病理学の,,1:3988,1
pathology,pathology,1,1,word,病理学，疾病学,病理学，疾病学,,1:929,1
patriarch,patriarch,1,1,word,家長，家族の主,家長，家族の主,,1:1752,1
patriarchal,patriarchal,1,1,word,家長の,家長の,,1:2127,1
patrician,patrician,1,1,word,貴族，貴人,貴族，貴人,,1:1111,1
patriotism,patriotism,1,1,word,愛国心，忠誠心,愛国心，忠誠心,,1:27,1
patronage,patronage,1,1,word,後援，支援，援助,後援，支援，援助,,1:1708,1
paucity,paucity,1,1,word,少なさ，不足,少なさ，不足,,1:4199,1
pawn,pawn,1,1,word,抵当，抵抗,抵当，抵抗,,1:1838,1
payload,payload,1,1,word,有効荷重,有効荷重,,1:3810,1
payroll,payroll,1,1,word,給与，給料,給与，給料,,1:1839,1
peal,peal,1,1,word,鐘の響き,鐘の響き,,1:2711,1
pedagogy,pedagogy,1,1,word,教育学,教育学,,1:2351,1
pedantic,pedantic,1,1,word,学者ぶった,学者ぶった,,1:2945,1
peddle,peddle,1,1,word,行商する，売り歩く,行商する，売り歩く,,1:867,1
peddler,peddler,1,1,word,行商人,行商人,,1:4014,1
pediatric,pediatric,1,1,word,小児科の，子供の病気の,小児科の，子供の病気の,,1:764,1
pediatrician,pediatrician,1,1,word,小児科医，子供の医者,小児科医，子供の医者,,1:1259,1
pedigree,pedigree,1,1,word,血統，家系,血統，家系,,1:1878,1
peevish,peevish,1,1,word,気難しい,気難しい,,1:2868,1
peg,peg,1,1,word,くぎ，くい,くぎ，くい,,1:298,1
pellet,pellet,1,1,word,小粒,小粒,,1:2587,1
pelt,pelt,1,1,word,投げて攻撃する,投げて攻撃する,,1:3470,1
pelvis,pelvis,1,1,word,骨盤,骨盤,,1:3790,1
penance,penance,1,1,word,苦行,苦行,,1:3886,1
penchant,penchant,1,1,word,強い好み，強い趣味,強い好み，強い趣味,,1:917,1
pendulum,pendulum,1,1,word,振り子,振り子,,1:2383,1
penetration,penetration,1,1,word,貫通，一方から他方まで通過する,貫通，一方から他方まで通過する,,1:1710,1
penitence,penitence,1,1,word,懺悔,懺悔,,1:3885,1
pensive,pensive,1,1,word,物思いに沈んだ,物思いに沈んだ,,1:2956,1
pentagon,pentagon,1,1,word,五角形,五角形,,1:2500,1
perceptual,perceptual,1,1,word,知覚の,知覚の,,1:2042,1
percolate,percolate,1,1,word,浸透する，染みる,浸透する，染みる,,1:452,1
perennial,perennial,1,1,word,一年中続く，年間を通じて,一年中続く，年間を通じて,,1:1281,1
perforate,perforate,1,1,word,穴を空ける,穴を空ける,,1:3326,1
perfunctory,perfunctory,1,1,word,形式的な（形だけの),形式的な（形だけの),,1:2782,1
perimeter,perimeter,1,1,word,周囲，環境，周囲の状況,周囲，環境，周囲の状況,,1:954,1
peripheral,peripheral,1,1,word,周辺の，近隣の,周辺の，近隣の,,1:707,1
periphery,periphery,1,1,word,周辺,周辺,,1:3962,1
periscope,periscope,1,1,word,潜望鏡,潜望鏡,,1:2468,1
perjury,perjury,1,1,word,偽証，虚偽の証言，偽り,偽証，虚偽の証言，偽り,,1:1643,1
pernicious,pernicious,1,1,word,有害な,有害な,,1:2278,1
perpendicular,perpendicular,1,1,word,直立した,直立した,,1:3018,1
perpetrate,perpetrate,1,1,word,犯す，違反する，犯罪を犯す,犯す，違反する，犯罪を犯す,,1:1647,1
persecute,persecute,1,1,word,迫害する，圧迫する,迫害する，圧迫する,,1:1848,1
pert,pert,1,1,word,生意気な,生意気な,,1:2765,1
pertain,pertain,1,1,word,関係する,関係する,,1:1954,1
pertinent,pertinent,1,1,word,関係がある，関連する,関係がある，関連する,,1:1300,1
peruse,peruse,1,1,word,熟読する,熟読する,,1:2168,1
petal,petal,1,1,word,花弁，花びら,花弁，花びら,,1:993,1
peter,peter,1,1,word,細くなる，狭くなる,細くなる，狭くなる,,1:1696,1
petite,petite,1,1,word,小柄な，華奢な,小柄な，華奢な,,1:2896,1
petulant,petulant,1,1,word,拗ねた,拗ねた,,1:2984,1
phantom,phantom,1,1,word,幻影，幽霊,幻影，幽霊,,1:1149,1
pharmaceutical,pharmaceutical,1,1,word,医薬品の,医薬品の,,1:2979,1
philanthropy,philanthropy,1,1,word,博愛，普遍愛,博愛，普遍愛,,1:1885,1
phony,phony,1,1,word,偽物の，模造の,偽物の，模造の,,1:594,1
physiology,physiology,1,1,word,生理学,生理学,,1:2365,1
pick up the tab,pick up the tab,1,1,phrase,勘定を払う，支払いをする,勘定を払う，支払いをする,,1:3367,1
picket,picket,1,1,word,くい，柵,くい，柵,,1:1873,1
piecemeal,piecemeal,1,1,word,少しずつ,少しずつ,,1:3793,1
pigment,pigment,1,1,word,顔料，色素,顔料，色素,,1:1133,1
pilfer,pilfer,1,1,word,くすねる,くすねる,,1:2097,1
pilgrimage,pilgrimage,1,1,word,巡礼，巡り参り,巡礼，巡り参り,,1:943,1
pillage,pillage,1,1,word,略奪,略奪,,1:2347,1
pique,pique,1,1,word,憤慨させる,憤慨させる,,1:2555,1
piracy,piracy,1,1,word,海賊行為，著作権侵害,海賊行為，著作権侵害,,1:1963,1
pissed,pissed,1,1,word,腹を立てた，怒った,腹を立てた，怒った,,1:827,1
pitfall,pitfall,1,1,word,落とし穴，罠，隠れた危険,落とし穴，罠，隠れた危険,,1:1933,1
placate,placate,1,1,word,なだめる,なだめる,,1:1951,1
place a ban on,place a ban on,1,1,phrase,を禁止する，禁じる,を禁止する，禁じる,,1:2330,1
plagiarism,plagiarism,1,1,word,盗用，窃取,盗用，窃取,,1:1088,1
plaid,plaid,1,1,word,格子柄,格子柄,,1:2647,1
plaintive,plaintive,1,1,word,哀れな，かわいそうな,哀れな，かわいそうな,,1:3047,1
platoon,platoon,1,1,word,小隊，部隊,小隊，部隊,,1:1241,1
plausible,plausible,1,1,word,もっともらしい，信用できる,もっともらしい，信用できる,,1:565,1
play up,play up,1,1,phrase,を重視する，強調する，優先する,を重視する，強調する，優先する,,1:536,1
plaza,plaza,1,1,word,大広場，広場,大広場，広場,,1:1047,1
pleading,pleading,1,1,word,嘆願，懇願，請願,嘆願，懇願，請願,,1:1748,1
plebiscite,plebiscite,1,1,word,国民投票，普通選挙,国民投票，普通選挙,,1:51,1
plenary,plenary,1,1,word,最大限の，完全な,最大限の，完全な,,1:2929,1
plethora,plethora,1,1,word,過多,過多,,1:2471,1
pliant,pliant,1,1,word,しなやかな,しなやかな,,1:3939,1
plod,plod,1,1,word,とぼとぼ歩く,とぼとぼ歩く,,1:2470,1
plop,plop,1,1,word,ボチャンと落ちる,ボチャンと落ちる,,1:3126,1
ploy,ploy,1,1,word,策略,策略,,1:2378,1
plumage,plumage,1,1,word,羽毛,羽毛,,1:3773,1
plumb,plumb,1,1,word,おもり,おもり,,1:2478,1
plump,plump,1,1,word,ふっくらした,ふっくらした,,1:2310,1
plywood,plywood,1,1,word,合板，数枚の板を貼り合わせた材料，積層板,合板，数枚の板を貼り合わせた材料，積層板,,1:1690,1
pod,pod,1,1,word,さや，刃物の保管用ケース，植物の部分,さや，刃物の保管用ケース，植物の部分,,1:1890,1
poignant,poignant,1,1,word,強烈な，極端な,強烈な，極端な,,1:1296,1
point up,point up,1,1,phrase,強調する，際立たせる,強調する，際立たせる,,1:2791,1
poke fun at,poke fun at,1,1,phrase,をからかう，を馬鹿にする,をからかう，を馬鹿にする,,1:2720,1
polemic,polemic,1,1,word,論争の,論争の,,1:2806,1
pollen,pollen,1,1,word,花粉，植物の粉,花粉，植物の粉,,1:1242,1
polyglot,polyglot,1,1,word,数ヶ国語に通じている人や物,数ヶ国語に通じている人や物,,1:3909,1
pomp,pomp,1,1,word,華やかさ,華やかさ,,1:2319,1
pompous,pompous,1,1,word,尊大な,尊大な,,1:3959,1
ponderous,ponderous,1,1,word,重々しい,重々しい,,1:2825,1
pony up,pony up,1,1,phrase,お金を出す，出資する，支払う,お金を出す，出資する，支払う,,1:1413,1
pop in,pop in,1,1,phrase,飛び込む，飛び入る,飛び込む，飛び入る,,1:3601,1
populace,populace,1,1,word,民衆，大衆,民衆，大衆,,1:1866,1
porcelain,porcelain,1,1,word,磁器，陶磁器,磁器，陶磁器,,1:1036,1
pore,pore,1,1,word,細孔，小さい穴,細孔，小さい穴,,1:1636,1
porous,porous,1,1,word,穴の多い,穴の多い,,1:2861,1
portal,portal,1,1,word,正門，入り口，門口,正門，入り口，門口,,1:461,1
posh,posh,1,1,word,豪華な,豪華な,,1:2027,1
posterior,posterior,1,1,word,後部の,後部の,,1:3801,1
posthumous,posthumous,1,1,word,死後の,死後の,,1:3108,1
postulate,postulate,1,1,word,仮定する,仮定する,,1:3217,1
potency,potency,1,1,word,効力,効力,,1:3898,1
pounce,pounce,1,1,word,飛び掛かる,飛び掛かる,,1:2435,1
pout,pout,1,1,word,口をとがらせる,口をとがらせる,,1:3195,1
praise A for B,praise a for b,1,1,phrase,AをBについて賞賛する，AをBでほめる,AをBについて賞賛する，AをBでほめる,,1:3830,1
precedence,precedence,1,1,word,優先,優先,,1:3903,1
precept,precept,1,1,word,戒律,戒律,,1:3824,1
precipice,precipice,1,1,word,絶壁,絶壁,,1:2532,1
precipitous,precipitous,1,1,word,切り立った,切り立った,,1:2792,1
precocious,precocious,1,1,word,早熟の，早く成熟する,早熟の，早く成熟する,,1:1284,1
precursor,precursor,1,1,word,前触れ，予告,前触れ，予告,,1:1004,1
predatory,predatory,1,1,word,肉食の,肉食の,,1:1997,1
predicament,predicament,1,1,word,苦境，困難,苦境，困難,,1:1158,1
predisposition,predisposition,1,1,word,素因,素因,,1:3972,1
preemptive,preemptive,1,1,word,先制の,先制の,,1:3666,1
prelude,prelude,1,1,word,前触れ，予兆,前触れ，予兆,,1:916,1
premonition,premonition,1,1,word,予感,予感,,1:2436,1
prenatal,prenatal,1,1,word,出生前の,出生前の,,1:2234,1
preponderance,preponderance,1,1,word,優勢,優勢,,1:3651,1
preposterous,preposterous,1,1,word,途方もない,途方もない,,1:2223,1
prerequisite,prerequisite,1,1,word,前提条件,前提条件,,1:2693,1
prerogative,prerogative,1,1,word,特権,特権,,1:3607,1
presage,presage,1,1,word,予兆,予兆,,1:2691,1
prescribed,prescribed,1,1,word,所定の，指定された,所定の，指定された,,1:1314,1
press for,press for,1,1,phrase,をせがむ，催促する,をせがむ，催促する,,1:833,1
pretend to do,pretend to do,1,1,phrase,するふりをする，～だと見せかける,するふりをする，～だと見せかける,,1:3255,1
prim,prim,1,1,word,きちんとした,きちんとした,,1:3621,1
primacy,primacy,1,1,word,優位性,優位性,,1:3612,1
primate,primate,1,1,word,霊長類，霊長動物,霊長類，霊長動物,,1:1726,1
primordial,primordial,1,1,word,原始的な,原始的な,,1:2957,1
pristine,pristine,1,1,word,元の，以前の,元の，以前の,,1:766,1
privy,privy,1,1,word,内情に通じた,内情に通じた,,1:2985,1
probation,probation,1,1,word,試用期間，試験期間,試用期間，試験期間,,1:1129,1
procedural,procedural,1,1,word,手続きの，手順の,手続きの，手順の,,1:575,1
proclamation,proclamation,1,1,word,宣言，公言,宣言，公言,,1:902,1
procrastinate,procrastinate,1,1,word,先延ばしにする,先延ばしにする,,1:3127,1
procurement,procurement,1,1,word,調達，供給,調達，供給,,1:1857,1
prod,prod,1,1,word,突く，呼び起こす,突く，呼び起こす,,1:40,1
prodigal,prodigal,1,1,word,浪費した,浪費した,,1:2947,1
prodigious,prodigious,1,1,word,驚異的な，素晴らしい,驚異的な，素晴らしい,,1:1456,1
prodigy,prodigy,1,1,word,天才，神童,天才，神童,,1:1552,1
profane,profane,1,1,word,不敬の,不敬の,,1:2296,1
profanity,profanity,1,1,word,冒涜,冒涜,,1:3744,1
proffer,proffer,1,1,word,差し出す，提供する，出す,差し出す，提供する，出す,,1:1669,1
profuse,profuse,1,1,word,豊富な，たっぷりの,豊富な，たっぷりの,,1:4151,1
profusion,profusion,1,1,word,豊富,豊富,,1:2463,1
prognosis,prognosis,1,1,word,予後,予後,,1:2472,1
prohibit A from doing,prohibit a from doing,1,1,phrase,Aがすることを禁止する,Aがすることを禁止する,,1:3374,1
projectile,projectile,1,1,word,発射される,発射される,,1:3400,1
proliferate,proliferate,1,1,word,増殖する，数を増やす,増殖する，数を増やす,,1:1640,1
proliferation,proliferation,1,1,word,拡散，増殖,拡散，増殖,,1:22,1
prolific,prolific,1,1,word,多産の,多産の,,1:2206,1
promiscuous,promiscuous,1,1,word,乱雑な,乱雑な,,1:4019,1
promontory,promontory,1,1,word,岬,岬,,1:2522,1
promulgate,promulgate,1,1,word,公布する,公布する,,1:3519,1
propagate,propagate,1,1,word,広める，拡大する,広める，拡大する,,1:1903,1
propensity,propensity,1,1,word,傾向，流れ,傾向，流れ,,1:1214,1
proportionate,proportionate,1,1,word,比例した，均等な,比例した，均等な,,1:779,1
proprietary,proprietary,1,1,word,所有者の，独占の,所有者の，独占の,,1:1584,1
proprietor,proprietor,1,1,word,所有者，何らかの物や権利を持っている人,所有者，何らかの物や権利を持っている人,,1:1711,1
propulsion,propulsion,1,1,word,推進,推進,,1:2503,1
prosaic,prosaic,1,1,word,散文の,散文の,,1:3593,1
proscribe,proscribe,1,1,word,禁ずる,禁ずる,,1:2599,1
prospectus,prospectus,1,1,word,目論見書,目論見書,,1:3806,1
prostitution,prostitution,1,1,word,売春，売身,売春，売身,,1:1256,1
prostrate,prostrate,1,1,word,腹ばいになった,腹ばいになった,,1:2748,1
protagonist,protagonist,1,1,word,主人公，主役,主人公，主役,,1:1140,1
protrude,protrude,1,1,word,突き出る,突き出る,,1:2429,1
proverbial,proverbial,1,1,word,ことわざの，格言の,ことわざの，格言の,,1:547,1
provisional,provisional,1,1,word,暫定的な，仮の,暫定的な，仮の,,1:1553,1
proviso,proviso,1,1,word,但し書き,但し書き,,1:4050,1
provocation,provocation,1,1,word,挑発,挑発,,1:2574,1
provocative,provocative,1,1,word,挑発的な，挑戦的な,挑発的な，挑戦的な,,1:399,1
prowess,prowess,1,1,word,武勇,武勇,,1:2316,1
prowl,prowl,1,1,word,うろつく,うろつく,,1:3310,1
pseudo,pseudo,1,1,word,偽りの,偽りの,,1:2087,1
pseudonym,pseudonym,1,1,word,偽名，偽の名前，仮名,偽名，偽の名前，仮名,,1:980,1
psycho,psycho,1,1,word,精神病患者，精神障害者,精神病患者，精神障害者,,1:1076,1
puberty,puberty,1,1,word,思春期,思春期,,1:2540,1
puddle,puddle,1,1,word,水たまり，溜水,水たまり，溜水,,1:912,1
pugnacious,pugnacious,1,1,word,好戦的な，争い好きな,好戦的な，争い好きな,,1:4084,1
puke,puke,1,1,word,吐く,吐く,,1:3230,1
pull away from,pull away from,1,1,phrase,から引き離す，分離する,から引き離す，分離する,,1:3739,1
pull into,pull into,1,1,phrase,引き入れる，引き込む,引き入れる，引き込む,,1:2738,1
pull someone's leg,pull someone's leg,1,1,phrase,冗談で誰かをからかう，いたずらする,冗談で誰かをからかう，いたずらする,,1:4114,1
pull the plug,pull the plug,1,1,phrase,停止させる，終わらせる,停止させる，終わらせる,,1:2875,1
pull together,pull together,1,1,phrase,力を結集する，協力する,力を結集する，協力する,,1:2323,1
pull up to,pull up to,1,1,phrase,追いつく，並ぶ,追いつく，並ぶ,,1:3465,1
pulmonary,pulmonary,1,1,word,肺の,肺の,,1:2079,1
pulp,pulp,1,1,word,果肉，果実の肉,果肉，果実の肉,,1:1114,1
pulverize,pulverize,1,1,word,粉砕する，破砕する,粉砕する，破砕する,,1:3235,1
pun,pun,1,1,word,駄じゃれ,駄じゃれ,,1:1929,1
punctuate,punctuate,1,1,word,句読点をつける，文章に区切りを入れる,句読点をつける，文章に区切りを入れる,,1:1742,1
puncture,puncture,1,1,word,穴を空ける，穴を開ける,穴を空ける，穴を開ける,,1:1750,1
pungent,pungent,1,1,word,舌や鼻を刺激する,舌や鼻を刺激する,,1:2991,1
punitive,punitive,1,1,word,懲罰的な，罰するような,懲罰的な，罰するような,,1:1301,1
purport,purport,1,1,word,趣旨，目的，意図,趣旨，目的，意図,,1:1649,1
purr,purr,1,1,word,のどを鳴らす,のどを鳴らす,,1:3175,1
pursuant,pursuant,1,1,word,に従って，従い,に従って，従い,,1:1321,1
push A back,push a back,1,1,phrase,Aを遅らせる，Aを抑制する,Aを遅らせる，Aを抑制する,,1:1474,1
put A aside,put a aside,1,1,phrase,Aを脇に置く，Aを放置する,Aを脇に置く，Aを放置する,,1:54,1
put A into practice,put a into practice,1,1,phrase,Aを実践する，実行する,Aを実践する，実行する,,1:3309,1
put in,put in,1,1,phrase,取り付ける，取り組む,取り付ける，取り組む,,1:1071,1
put it briefly,put it briefly,1,1,phrase,簡単に言うと，短く言うと,簡単に言うと，短く言うと,,1:3024,1
put through,put through,1,1,phrase,やり遂げる，に電話を繋ぐ,やり遂げる，に電話を繋ぐ,,1:2778,1
putative,putative,1,1,word,推定の，予測の,推定の，予測の,,1:1418,1
quadrant,quadrant,1,1,word,四分円,四分円,,1:3986,1
quadruple,quadruple,1,1,word,4倍の,4倍の,,1:2141,1
quagmire,quagmire,1,1,word,泥沼，泥の沼,泥沼，泥の沼,,1:1089,1
quandary,quandary,1,1,word,難局,難局,,1:3761,1
quantum,quantum,1,1,word,量子，量子単位,量子，量子単位,,1:1153,1
quarantine,quarantine,1,1,word,隔離,隔離,,1:2615,1
quarrel with,quarrel with,1,1,phrase,とけんかする，口論する,とけんかする，口論する,,1:2954,1
quarrelsome,quarrelsome,1,1,word,議論好きな，論争好きな,議論好きな，論争好きな,,1:883,1
quarry,quarry,1,1,word,採石場，石を採る場所，鉱山,採石場，石を採る場所，鉱山,,1:1617,1
quartet,quartet,1,1,word,四人組，4人組み,四人組，4人組み,,1:915,1
quash,quash,1,1,word,鎮圧する，破棄する,鎮圧する，破棄する,,1:864,1
quash rumors,quash rumors,1,1,phrase,噂を抑制する，否定する,噂を抑制する，否定する,,1:4152,1
quaver,quaver,1,1,word,震える,震える,,1:3460,1
quay,quay,1,1,word,ふ頭,ふ頭,,1:2405,1
queasy,queasy,1,1,word,吐き気のする,吐き気のする,,1:3731,1
quell,quell,1,1,word,鎮める，落ち着かせる,鎮める，落ち着かせる,,1:1735,1
quench,quench,1,1,word,渇きをいやす，抑制する,渇きをいやす，抑制する,,1:3292,1
querulous,querulous,1,1,word,不平を言う，文句が多い,不平を言う，文句が多い,,1:4088,1
questionable,questionable,1,1,word,疑わしい，疑念を抱く,疑わしい，疑念を抱く,,1:655,1
queue,queue,1,1,word,列を作る，並ぶ,列を作る，並ぶ,,1:4150,1
quibble,quibble,1,1,word,あら探し，些細な異議,あら探し，些細な異議,,1:4096,1
quintessential,quintessential,1,1,word,典型的な，一般的な,典型的な，一般的な,,1:1502,1
quip,quip,1,1,word,警句，警告の言葉,警句，警告の言葉,,1:986,1
quirk,quirk,1,1,word,変な癖，特異な癖,変な癖，特異な癖,,1:1840,1
quirky,quirky,1,1,word,風変わりな，奇抜な,風変わりな，奇抜な,,1:1375,1
quite a bit,quite a bit,1,1,phrase,たくさんの，かなりの,たくさんの，かなりの,,1:3700,1
quixotic,quixotic,1,1,word,非現実的な，夢想的な,非現実的な，夢想的な,,1:4106,1
quizzical,quizzical,1,1,word,訝しげな,訝しげな,,1:3881,1
quorum,quorum,1,1,word,定数,定数,,1:3836,1
rabid,rabid,1,1,word,狂った，狂気の,狂った，狂気の,,1:1499,1
rabies,rabies,1,1,word,狂犬病,狂犬病,,1:3717,1
rafter,rafter,1,1,word,垂木,垂木,,1:3602,1
ragged,ragged,1,1,word,ぼろぼろの，古びた,ぼろぼろの，古びた,,1:1577,1
raider,raider,1,1,word,急襲者，突然攻撃を仕掛ける人,急襲者，突然攻撃を仕掛ける人,,1:1692,1
rake over the coals,rake over the coals,1,1,phrase,厳しく注意する,厳しく注意する,,1:4109,1
rambunctious,rambunctious,1,1,word,やかましい，騒がしい,やかましい，騒がしい,,1:4091,1
ramification,ramification,1,1,word,分岐，分岐点,分岐，分岐点,,1:999,1
rampant,rampant,1,1,word,自由奔放な，はびこった，無節操な,自由奔放な，はびこった，無節操な,,1:1373,1
rampart,rampart,1,1,word,城壁，城の壁,城壁，城の壁,,1:1194,1
rancor,rancor,1,1,word,怨恨，憎しみ,怨恨，憎しみ,,1:905,1
rank and file,rank and file,1,1,phrase,兵卒，一般人,兵卒，一般人,,1:3527,1
ransack,ransack,1,1,word,捜しまわる,捜しまわる,,1:2508,1
rant,rant,1,1,word,怒鳴り立てる，大声で叫ぶ,怒鳴り立てる，大声で叫ぶ,,1:562,1
rapacious,rapacious,1,1,word,強欲な，貪欲な,強欲な，貪欲な,,1:4257,1
rapport,rapport,1,1,word,信頼関係，信用と信頼に基づく関係,信頼関係，信用と信頼に基づく関係,,1:1689,1
rapprochement,rapprochement,1,1,word,和睦，平和の協定,和睦，平和の協定,,1:1052,1
rapt,rapt,1,1,word,没頭した,没頭した,,1:2876,1
rasp,rasp,1,1,word,やすり,やすり,,1:4039,1
ratification,ratification,1,1,word,批准,批准,,1:2552,1
rationale,rationale,1,1,word,理論的根拠，理論的基盤,理論的根拠，理論的基盤,,1:1175,1
rationality,rationality,1,1,word,合理性，合理主義,合理性，合理主義,,1:1882,1
raucous,raucous,1,1,word,耳障りな，騒々しい，うるさい,耳障りな，騒々しい，うるさい,,1:1529,1
ravenous,ravenous,1,1,word,飢えた，極度に空腹な,飢えた，極度に空腹な,,1:4135,1
ravine,ravine,1,1,word,渓谷,渓谷,,1:3800,1
raze,raze,1,1,word,跡形もなく破壊する,跡形もなく破壊する,,1:2616,1
reaffirm,reaffirm,1,1,word,再確認する，再度チェックする,再確認する，再度チェックする,,1:566,1
realistic,realistic,1,1,word,現実的な，現実に即した,現実的な，現実に即した,,1:519,1
realtor,realtor,1,1,word,不動産業者，土地や建物の売買を仲介する人,不動産業者，土地や建物の売買を仲介する人,,1:1620,1
rebuff,rebuff,1,1,word,拒絶，拒否,拒絶，拒否,,1:936,1
rebuttal,rebuttal,1,1,word,反論,反論,,1:2564,1
recalcitrant,recalcitrant,1,1,word,反抗的な,反抗的な,,1:2235,1
receptive,receptive,1,1,word,受容性のある，受け入れ可能な,受容性のある，受け入れ可能な,,1:1278,1
reckoning,reckoning,1,1,word,計算，清算,計算，清算,,1:3759,1
recluse,recluse,1,1,word,世捨て人,世捨て人,,1:2733,1
recoil,recoil,1,1,word,後ずさりする,後ずさりする,,1:2715,1
recompense,recompense,1,1,word,報いる,報いる,,1:2459,1
reconnaissance,reconnaissance,1,1,word,偵察，偵查,偵察，偵查,,1:901,1
recoup,recoup,1,1,word,取り戻す，回収する,取り戻す，回収する,,1:716,1
recourse,recourse,1,1,word,依頼,依頼,,1:1922,1
recrimination,recrimination,1,1,word,非難し返す,非難し返す,,1:2515,1
rectangle,rectangle,1,1,word,長方形，四角形,長方形，四角形,,1:1760,1
rectangular,rectangular,1,1,word,長方形の,長方形の,,1:2224,1
rectitude,rectitude,1,1,word,実直さ，誠実さ,実直さ，誠実さ,,1:911,1
recumbent,recumbent,1,1,word,横たわる，寝そべる,横たわる，寝そべる,,1:4264,1
recuperate,recuperate,1,1,word,回復する,回復する,,1:2596,1
recurring,recurring,1,1,word,繰り返し，再三,繰り返し，再三,,1:805,1
redress,redress,1,1,word,矯正する,矯正する,,1:3423,1
refinery,refinery,1,1,word,精製所，精練工場,精製所，精練工場,,1:1253,1
reflex,reflex,1,1,word,反射，反射作用,反射，反射作用,,1:1176,1
regal,regal,1,1,word,王者らしい，堂々とした,王者らしい，堂々とした,,1:2285,1
registry,registry,1,1,word,登記，記載,登記，記載,,1:1825,1
regurgitate,regurgitate,1,1,word,吐き戻す,吐き戻す,,1:3284,1
reimburse,reimburse,1,1,word,弁償する,弁償する,,1:2415,1
reimbursement,reimbursement,1,1,word,返済，返金,返済，返金,,1:272,1
reinstate,reinstate,1,1,word,復帰させる，復元する,復帰させる，復元する,,1:1814,1
reiterate,reiterate,1,1,word,繰り返し言う,繰り返し言う,,1:2410,1
rejoinder,rejoinder,1,1,word,返答，言い返し,返答，言い返し,,1:3751,1
rejuvenate,rejuvenate,1,1,word,若返らせる,若返らせる,,1:2341,1
relapse,relapse,1,1,word,再発，再度の発生,再発，再度の発生,,1:1144,1
relentlessly,relentlessly,1,1,word,容赦なく,容赦なく,,1:2107,1
reliant,reliant,1,1,word,頼っている，信頼している,頼っている，信頼している,,1:591,1
relinquish,relinquish,1,1,word,放棄する，捨てる,放棄する，捨てる,,1:821,1
relive,relive,1,1,word,追体験する，再び体験する,追体験する，再び体験する,,1:1697,1
remedial,remedial,1,1,word,治療する，療養する,治療する，療養する,,1:2082,1
reminisce,reminisce,1,1,word,思い出話をする,思い出話をする,,1:3432,1
reminiscent,reminiscent,1,1,word,思い出させる,思い出させる,,1:3379,1
remission,remission,1,1,word,免除，除外,免除，除外,,1:2639,1
remuneration,remuneration,1,1,word,報酬,報酬,,1:3997,1
renal,renal,1,1,word,腎臓の,腎臓の,,1:2848,1
rendezvous,rendezvous,1,1,word,待ち合わせ，会合,待ち合わせ，会合,,1:1201,1
rendition,rendition,1,1,word,演出，舞台監督,演出，舞台監督,,1:1847,1
renegade,renegade,1,1,word,反逆者，反乱者,反逆者，反乱者,,1:1179,1
renege,renege,1,1,word,誓いに背く,誓いに背く,,1:3438,1
renunciation,renunciation,1,1,word,放棄，棄却,放棄，棄却,,1:4007,1
reparation,reparation,1,1,word,賠償,賠償,,1:3901,1
repatriate,repatriate,1,1,word,送還する,送還する,,1:3331,1
repeatedly,repeatedly,1,1,word,繰り返し，反復,繰り返し，反復,,1:462,1
repellent,repellent,1,1,word,虫よけ,虫よけ,,1:2398,1
repercussion,repercussion,1,1,word,反響，反応，反射,反響，反応，反射,,1:1038,1
replace A as B,replace a as b,1,1,phrase,BとしてAに取って代わる，BとしてAの位置を占める,BとしてAに取って代わる，BとしてAの位置を占める,,1:1219,1
replace A by B,replace a by b,1,1,phrase,AをBで置き換える，AをBで代用する，AをBに変える,AをBで置き換える，AをBで代用する，AをBに変える,,1:1923,1
replace A with B,replace a with b,1,1,phrase,AをBに置き換える，AをBと交換する，AをBで代用する,AをBに置き換える，AをBと交換する，AをBで代用する,,1:1806,1
replete,replete,1,1,word,堪能した,堪能した,,1:4021,1
replicate,replicate,1,1,word,複製する，再現する,複製する，再現する,,1:213,1
repository,repository,1,1,word,倉庫，蔵,倉庫，蔵,,1:955,1
repressive,repressive,1,1,word,抑圧的な,抑圧的な,,1:3867,1
reprieve,reprieve,1,1,word,猶予する,猶予する,,1:2689,1
repudiate,repudiate,1,1,word,否認する,否認する,,1:2638,1
repulse,repulse,1,1,word,追い払う,追い払う,,1:2736,1
requisite,requisite,1,1,word,必要な,必要な,,1:2007,1
rescind,rescind,1,1,word,取り消す,取り消す,,1:3417,1
residual,residual,1,1,word,残りの,残りの,,1:3678,1
resonant,resonant,1,1,word,共鳴する，感じ合う，同調する,共鳴する，感じ合う，同調する,,1:1716,1
resonate,resonate,1,1,word,反響する,反響する,,1:3428,1
respiratory,respiratory,1,1,word,呼吸の，呼吸に関する,呼吸の，呼吸に関する,,1:1485,1
respite,respite,1,1,word,一休み，休憩,一休み，休憩,,1:1237,1
resplendent,resplendent,1,1,word,華やかな,華やかな,,1:4009,1
restitution,restitution,1,1,word,返却,返却,,1:2361,1
resurgence,resurgence,1,1,word,復活,復活,,1:2607,1
resurgent,resurgent,1,1,word,再び盛り返す，復活の,再び盛り返す，復活の,,1:4059,1
resurrect,resurrect,1,1,word,復活させる，再生する,復活させる，再生する,,1:681,1
resurrection,resurrection,1,1,word,復活，再生,復活，再生,,1:925,1
resuscitate,resuscitate,1,1,word,蘇生させる,蘇生させる,,1:3312,1
retaliate,retaliate,1,1,word,報復する，仕返しする,報復する，仕返しする,,1:820,1
retaliation,retaliation,1,1,word,報復，仕返し,報復，仕返し,,1:939,1
retarded,retarded,1,1,word,発達の遅れた，遅滞している,発達の遅れた，遅滞している,,1:1399,1
retina,retina,1,1,word,網膜，眼の内部の膜,網膜，眼の内部の膜,,1:1231,1
retorted,retorted,1,1,word,言い返した,言い返した,,1:3644,1
retract,retract,1,1,word,撤回する,撤回する,,1:2567,1
retribution,retribution,1,1,word,報復，復讐,報復，復讐,,1:1822,1
retrospective,retrospective,1,1,word,回顧的な，振り返る,回顧的な，振り返る,,1:1381,1
revamp,revamp,1,1,word,改修する，修復する,改修する，修復する,,1:612,1
revel,revel,1,1,word,楽しむ，何かを心から喜ぶ,楽しむ，何かを心から喜ぶ,,1:1729,1
reverberate,reverberate,1,1,word,反響する，反応する,反響する，反応する,,1:754,1
revere,revere,1,1,word,尊敬する,尊敬する,,1:2634,1
reverence,reverence,1,1,word,敬意，尊敬，尊重,敬意，尊敬，尊重,,1:1701,1
reverie,reverie,1,1,word,夢想,夢想,,1:2681,1
revile,revile,1,1,word,悪口を言う，中傷する，非難する,悪口を言う，中傷する，非難する,,1:1802,1
revulsion,revulsion,1,1,word,嫌悪，反感,嫌悪，反感,,1:1758,1
rhapsodize,rhapsodize,1,1,word,熱狂的に語る，賛美する,熱狂的に語る，賛美する,,1:4219,1
rife,rife,1,1,word,流行して，人気がある,流行して，人気がある,,1:1581,1
rift,rift,1,1,word,切れ目，切り口，断ち切り,切れ目，切り口，断ち切り,,1:908,1
rigor,rigor,1,1,word,厳格，厳重,厳格，厳重,,1:1021,1
rind,rind,1,1,word,外皮,外皮,,1:3778,1
ring a bell,ring a bell,1,1,phrase,思い出させる，聞いたことのある,思い出させる，聞いたことのある,,1:2474,1
ring out,ring out,1,1,phrase,退出時間を記録する，鳴り響く,退出時間を記録する，鳴り響く,,1:3097,1
rise and fall,rise and fall,1,1,phrase,上下する，起伏する,上下する，起伏する,,1:3012,1
rodent,rodent,1,1,word,齧歯類，小型哺乳動物,齧歯類，小型哺乳動物,,1:1143,1
roll in,roll in,1,1,phrase,たくさん入る，転がり入る,たくさん入る，転がり入る,,1:2669,1
roll out,roll out,1,1,phrase,製品投入する，水平展開する,製品投入する，水平展開する,,1:3895,1
romp,romp,1,1,word,ふざけ回る，遊び回る，馬鹿騒ぎする,ふざけ回る，遊び回る，馬鹿騒ぎする,,1:1904,1
roost,roost,1,1,word,ねぐら,ねぐら,,1:2370,1
roster,roster,1,1,word,当番表，シフト表,当番表，シフト表,,1:1184,1
rostrum,rostrum,1,1,word,演壇,演壇,,1:2325,1
roundup,roundup,1,1,word,切り上げる，駆り集める,切り上げる，駆り集める,,1:3267,1
rouse,rouse,1,1,word,目を覚まさせる,目を覚まさせる,,1:2730,1
rout,rout,1,1,word,敗走，撤退,敗走，撤退,,1:923,1
rowdy,rowdy,1,1,word,乱暴な,乱暴な,,1:2269,1
rub off,rub off,1,1,phrase,こすり落とす,こすり落とす,,1:3936,1
rubric,rubric,1,1,word,注釈，題目,注釈，題目,,1:3904,1
ruckus,ruckus,1,1,word,大騒ぎ，騒乱,大騒ぎ，騒乱,,1:1965,1
rudder,rudder,1,1,word,舵,舵,,1:2348,1
ruddy,ruddy,1,1,word,血色の良い,血色の良い,,1:2890,1
rudimentary,rudimentary,1,1,word,初歩的な,初歩的な,,1:3935,1
rue,rue,1,1,word,後悔する，悔いる,後悔する，悔いる,,1:444,1
rueful,rueful,1,1,word,悔んでいる,悔んでいる,,1:2301,1
ruefully,ruefully,1,1,word,悲しそうに,悲しそうに,,1:4053,1
ruffle,ruffle,1,1,word,波立たせる,波立たせる,,1:2326,1
ruminate,ruminate,1,1,word,反芻する,反芻する,,1:2358,1
rummage,rummage,1,1,word,かき回して探す,かき回して探す,,1:2626,1
rumor has it that,rumor has it that,1,1,phrase,噂によると，らしい，との噂である,噂によると，らしい，との噂である,,1:2932,1
rump,rump,1,1,word,臀部,臀部,,1:2536,1
run off,run off,1,1,phrase,流出する，逃げる,流出する，逃げる,,1:2717,1
rupture,rupture,1,1,word,破裂，割れる，爆破,破裂，割れる，爆破,,1:1925,1
rut,rut,1,1,word,轍,轍,,1:2529,1
ruthlessly,ruthlessly,1,1,word,冷酷に，冷徹に,冷酷に，冷徹に,,1:635,1
sabbath,sabbath,1,1,word,安息日，休息の日,安息日，休息の日,,1:1082,1
sabotage,sabotage,1,1,word,妨害行為，邪魔,妨害行為，邪魔,,1:1062,1
sacrilegious,sacrilegious,1,1,word,罰当たりの,罰当たりの,,1:3051,1
sacrosanct,sacrosanct,1,1,word,神聖視される，絶対的な,神聖視される，絶対的な,,1:4070,1
sag,sag,1,1,word,たるむ，弛む,たるむ，弛む,,1:845,1
sagacious,sagacious,1,1,word,賢い,賢い,,1:3858,1
salient,salient,1,1,word,顕著な，明らかな，明白な,顕著な，明らかな，明白な,,1:1599,1
saline,saline,1,1,word,塩気のある,塩気のある,,1:3927,1
saliva,saliva,1,1,word,唾液,唾液,,1:2353,1
sanctimonious,sanctimonious,1,1,word,偽善的な，うぬぼれた,偽善的な，うぬぼれた,,1:4090,1
sanctity,sanctity,1,1,word,尊厳，威厳，尊重される資質,尊厳，威厳，尊重される資質,,1:1682,1
sanguine,sanguine,1,1,word,楽天的な，楽観的な,楽天的な，楽観的な,,1:1419,1
sardonic,sardonic,1,1,word,冷笑的な，皮肉な,冷笑的な，皮肉な,,1:1376,1
satchel,satchel,1,1,word,学生かばん,学生かばん,,1:3792,1
saturation,saturation,1,1,word,飽和,飽和,,1:2777,1
saunter,saunter,1,1,word,ぶらつく,ぶらつく,,1:3351,1
savior,savior,1,1,word,救い主，救済者,救い主，救済者,,1:1255,1
savvy,savvy,1,1,word,分かる，理解する,分かる，理解する,,1:1387,1
scamper,scamper,1,1,word,ふざけ回る，あわてて逃げる,ふざけ回る，あわてて逃げる,,1:3328,1
scant,scant,1,1,word,乏しい，不足している,乏しい，不足している,,1:2142,1
scarcity,scarcity,1,1,word,不足，欠乏，欠如,不足，欠乏，欠如,,1:73,1
scathing,scathing,1,1,word,痛烈な，厳しい,痛烈な，厳しい,,1:1324,1
scattered,scattered,1,1,word,散らばった，散在した,散らばった，散在した,,1:892,1
schema,schema,1,1,word,図解,図解,,1:3914,1
schematic,schematic,1,1,word,概略図の,概略図の,,1:3063,1
schism,schism,1,1,word,分裂,分裂,,1:3857,1
sclerosis,sclerosis,1,1,word,硬化,硬化,,1:3883,1
scoff,scoff,1,1,word,嘲笑する，あざ笑う,嘲笑する，あざ笑う,,1:825,1
scold A for B,scold a for b,1,1,phrase,BのことでAを叱る,BのことでAを叱る,,1:3524,1
scour,scour,1,1,word,こすり洗う,こすり洗う,,1:636,1
scourge,scourge,1,1,word,むち，天罰,むち，天罰,,1:1125,1
scowl,scowl,1,1,word,顔をしかめる,顔をしかめる,,1:2731,1
screech,screech,1,1,word,金切り声，高い叫び声,金切り声，高い叫び声,,1:995,1
screw up,screw up,1,1,phrase,失敗する，しくじる,失敗する，しくじる,,1:2784,1
scribble,scribble,1,1,word,落書きする，書き散らす，いたずら書きをする,落書きする，書き散らす，いたずら書きをする,,1:1794,1
scribe,scribe,1,1,word,書記,書記,,1:3973,1
scruffy,scruffy,1,1,word,みすぼらしい,みすぼらしい,,1:2871,1
scruple,scruple,1,1,word,良心の呵責,良心の呵責,,1:2955,1
scrupulous,scrupulous,1,1,word,良心的な，誠実な,良心的な，誠実な,,1:1435,1
scuffle,scuffle,1,1,word,乱闘,乱闘,,1:2992,1
scum,scum,1,1,word,薄皮，上皮,薄皮，上皮,,1:1749,1
scurry,scurry,1,1,word,せかせか動く，忙しなく動く,せかせか動く，忙しなく動く,,1:1700,1
scuttle,scuttle,1,1,word,急いで行く，速く走る,急いで行く，速く走る,,1:650,1
secede,secede,1,1,word,離脱する,離脱する,,1:1958,1
secession,secession,1,1,word,離脱，退出すること,離脱，退出すること,,1:1695,1
seclude,seclude,1,1,word,引きこもらせる、隠とんさせる,引きこもらせる、隠とんさせる,,1:3087,1
secrete,secrete,1,1,word,分泌する,分泌する,,1:2355,1
sectarian,sectarian,1,1,word,宗派の,宗派の,,1:2044,1
sedate,sedate,1,1,word,落ち着いた,落ち着いた,,1:3017,1
sedative,sedative,1,1,word,鎮静効果のある,鎮静効果のある,,1:2232,1
sedentary,sedentary,1,1,word,座りがちな,座りがちな,,1:2930,1
sediment,sediment,1,1,word,堆積物,堆積物,,1:2960,1
seductive,seductive,1,1,word,魅惑的な,魅惑的な,,1:2187,1
seedling,seedling,1,1,word,苗木,苗木,,1:3103,1
seethe,seethe,1,1,word,沸騰する,沸騰する,,1:2759,1
seismic,seismic,1,1,word,地震の,地震の,,1:2983,1
semantic,semantic,1,1,word,意味論の，意味学の,意味論の，意味学の,,1:813,1
semen,semen,1,1,word,精液,精液,,1:4056,1
semester,semester,1,1,word,学期，学期間,学期，学期間,,1:36,1
semiconductor,semiconductor,1,1,word,半導体，電子部品，半導体素子,半導体，電子部品，半導体素子,,1:1913,1
seminary,seminary,1,1,word,神学校，神学院,神学校，神学院,,1:1908,1
senile,senile,1,1,word,老年の,老年の,,1:2976,1
sentry,sentry,1,1,word,衛兵,衛兵,,1:3777,1
sequester,sequester,1,1,word,隔離する,隔離する,,1:2342,1
serendipity,serendipity,1,1,word,思わぬ物を偶然に発見すること,思わぬ物を偶然に発見すること,,1:3870,1
serpent,serpent,1,1,word,蛇，蛇のような人,蛇，蛇のような人,,1:1608,1
serrated,serrated,1,1,word,ギザギザの，鋸状の,ギザギザの，鋸状の,,1:4159,1
serum,serum,1,1,word,リンパ液，血清,リンパ液，血清,,1:3005,1
serve up,serve up,1,1,phrase,仕える，食卓に出す,仕える，食卓に出す,,1:3924,1
serviceman,serviceman,1,1,word,軍人,軍人,,1:3670,1
servile,servile,1,1,word,奴隷の,奴隷の,,1:3928,1
set A apart,set a apart,1,1,phrase,Aを離す,Aを離す,,1:2946,1
set at,set at,1,1,phrase,評価する，設置する,評価する，設置する,,1:2687,1
set back,set back,1,1,phrase,後退する，戻す,後退する，戻す,,1:3859,1
sewerage,sewerage,1,1,word,下水,下水,,1:3098,1
sexist,sexist,1,1,word,男女差別主義者，男女間で不平等を支持する人，性差別主義者,男女差別主義者，男女間で不平等を支持する人，性差別主義者,,1:1665,1
sexuality,sexuality,1,1,word,性的関心,性的関心,,1:168,1
shackle,shackle,1,1,word,手錠，手枷,手錠，手枷,,1:960,1
shaggy,shaggy,1,1,word,毛深い，毛むくじゃらの,毛深い，毛むくじゃらの,,1:550,1
sham,sham,1,1,word,見せかけ，仮装,見せかけ，仮装,,1:1766,1
shank,shank,1,1,word,すね,すね,,1:3812,1
shard,shard,1,1,word,破片,破片,,1:2907,1
shear,shear,1,1,word,刈り取る，収穫する,刈り取る，収穫する,,1:834,1
sheath,sheath,1,1,word,鞘,鞘,,1:2805,1
sheen,sheen,1,1,word,光沢，輝き,光沢，輝き,,1:1029,1
sheepishly,sheepishly,1,1,word,気弱な手段で,気弱な手段で,,1:4033,1
shell out,shell out,1,1,phrase,支払う，大金を払う,支払う，大金を払う,,1:2562,1
shin,shin,1,1,word,すね,すね,,1:2800,1
shingle,shingle,1,1,word,こけら板，屋根板,こけら板，屋根板,,1:3918,1
ship out,ship out,1,1,phrase,出荷する，積み出しする,出荷する，積み出しする,,1:3500,1
shitty,shitty,1,1,word,くだらない，ばかばかしい,くだらない，ばかばかしい,,1:1266,1
shoal,shoal,1,1,word,浅瀬,浅瀬,,1:2826,1
shoddy,shoddy,1,1,word,見掛け倒しの,見掛け倒しの,,1:2003,1
shortfall,shortfall,1,1,word,不足，足りないこと,不足，足りないこと,,1:1702,1
shrivel,shrivel,1,1,word,萎ませる,萎ませる,,1:3550,1
shroud,shroud,1,1,word,経帷子，覆い,経帷子，覆い,,1:3617,1
sidekick,sidekick,1,1,word,相棒,相棒,,1:3774,1
sieve,sieve,1,1,word,ふるい,ふるい,,1:2840,1
sinew,sinew,1,1,word,腱，筋,腱，筋,,1:3653,1
sinful,sinful,1,1,word,罪深い，悪い,罪深い，悪い,,1:109,1
sinus,sinus,1,1,word,湾曲，曲がっていること,湾曲，曲がっていること,,1:1713,1
sire,sire,1,1,word,雄親，父親,雄親，父親,,1:1195,1
sit back,sit back,1,1,phrase,深く座る，傍観する,深く座る，傍観する,,1:3661,1
sit in,sit in,1,1,phrase,座り込む，座って抗議する,座り込む，座って抗議する,,1:1007,1
size up,size up,1,1,phrase,評価する，見極める,評価する，見極める,,1:4035,1
skew,skew,1,1,word,斜めの，傾いた,斜めの，傾いた,,1:918,1
skirmish,skirmish,1,1,word,小競り合い，小さな争いや戦い,小競り合い，小さな争いや戦い,,1:1722,1
slacken,slacken,1,1,word,速度を落とす,速度を落とす,,1:2725,1
slander,slander,1,1,word,中傷,中傷,,1:2821,1
slapstick,slapstick,1,1,word,ドタバタ喜劇,ドタバタ喜劇,,1:2878,1
sleazy,sleazy,1,1,word,低級な，薄っぺらな，下品な,低級な，薄っぺらな，下品な,,1:1382,1
sleek,sleek,1,1,word,滑らかな，艶やかな,滑らかな，艶やかな,,1:1335,1
sleep in,sleep in,1,1,phrase,寝床に入る，ゆっくり寝る,寝床に入る，ゆっくり寝る,,1:2485,1
sleep on,sleep on,1,1,phrase,を一晩寝て考える，決定を一日延ばす,を一晩寝て考える，決定を一日延ばす,,1:2553,1
sleigh,sleigh,1,1,word,そり,そり,,1:3082,1
slick,slick,1,1,word,滑らかな，艶やかな，平滑な,滑らかな，艶やかな，平滑な,,1:1800,1
slip A's mind,slip a's mind,1,1,phrase,Aから忘れられる，～をAがうっかり忘れる,Aから忘れられる，～をAがうっかり忘れる,,1:2458,1
slither,slither,1,1,word,するする滑る,するする滑る,,1:3476,1
slouch,slouch,1,1,word,前かがみ，前を向く,前かがみ，前を向く,,1:1039,1
slough,slough,1,1,word,ぬかるみ,ぬかるみ,,1:2775,1
slovenly,slovenly,1,1,word,だらしない,だらしない,,1:3033,1
sludge,sludge,1,1,word,汚泥，泥沼,汚泥，泥沼,,1:1823,1
sluice,sluice,1,1,word,水門,水門,,1:3007,1
smack,smack,1,1,word,ピシャリと打つこと，風味,ピシャリと打つこと，風味,,1:2917,1
smallpox,smallpox,1,1,word,天然痘,天然痘,,1:3036,1
smear,smear,1,1,word,塗る，塗布する,塗る，塗布する,,1:234,1
smell a rat,smell a rat,1,1,phrase,うさんくさいと感じる，疑う,うさんくさいと感じる，疑う,,1:4224,1
smirk,smirk,1,1,word,にやにや笑う，微笑む,にやにや笑う，微笑む,,1:1092,1
smite,smite,1,1,word,強打する，激打する，ぶん殴る,強打する，激打する，ぶん殴る,,1:1792,1
smolder,smolder,1,1,word,燻る,燻る,,1:3526,1
smother,smother,1,1,word,窒息させる，息を止める,窒息させる，息を止める,,1:1832,1
smug,smug,1,1,word,独り善がり,独り善がり,,1:2170,1
smuggler,smuggler,1,1,word,密輸業者，密輸人，運び屋,密輸業者，密輸人，運び屋,,1:1916,1
snag,snag,1,1,word,突起，隆起,突起，隆起,,1:1121,1
snarl,snarl,1,1,word,唸る，吠る,唸る，吠る,,1:1238,1
sneak up on,sneak up on,1,1,phrase,忍び寄る，こっそり近づく,忍び寄る，こっそり近づく,,1:3290,1
sniff out,sniff out,1,1,phrase,見つけ出す，嗅ぎつける,見つけ出す，嗅ぎつける,,1:4270,1
snip,snip,1,1,word,はさみで切る,はさみで切る,,1:2377,1
snippet,snippet,1,1,word,切れ端,切れ端,,1:4045,1
so as to,so as to,1,1,phrase,するように，なるように,するように，なるように,,1:2925,1
soaring,soaring,1,1,word,舞い上がる,舞い上がる,,1:2124,1
sod,sod,1,1,word,芝,芝,,1:3893,1
soggy,soggy,1,1,word,水浸しの,水浸しの,,1:2830,1
sojourn,sojourn,1,1,word,短期滞在する,短期滞在する,,1:3395,1
solace,solace,1,1,word,慰め，安堵,慰め，安堵,,1:1819,1
solemn,solemn,1,1,word,厳粛な，真剣な,厳粛な，真剣な,,1:1404,1
solemnity,solemnity,1,1,word,厳粛，荘重,厳粛，荘重,,1:4085,1
solstice,solstice,1,1,word,至点,至点,,1:3743,1
solvent,solvent,1,1,word,溶媒，溶剤,溶媒，溶剤,,1:2939,1
somber,somber,1,1,word,憂鬱な,憂鬱な,,1:2952,1
sonic,sonic,1,1,word,音の,音の,,1:2965,1
soothing,soothing,1,1,word,和らげる，軽減する,和らげる，軽減する,,1:659,1
sorcerer,sorcerer,1,1,word,魔術師,魔術師,,1:3089,1
sordid,sordid,1,1,word,むさ苦しい,むさ苦しい,,1:2096,1
sorely,sorely,1,1,word,ひどく，非常に,ひどく，非常に,,1:886,1
sortie,sortie,1,1,word,出撃,出撃,,1:3069,1
sparse,sparse,1,1,word,希薄な,希薄な,,1:2043,1
spasm,spasm,1,1,word,けいれん,けいれん,,1:3958,1
spate,spate,1,1,word,多数，大部分，大勢,多数，大部分，大勢,,1:1625,1
spatula,spatula,1,1,word,へら,へら,,1:3663,1
speak well of,speak well of,1,1,phrase,の事を良く言う，ほめる,の事を良く言う，ほめる,,1:2528,1
spearhead,spearhead,1,1,word,先陣,先陣,,1:3633,1
specious,specious,1,1,word,見掛け倒しの，尤もらしい,見掛け倒しの，尤もらしい,,1:2804,1
speck,speck,1,1,word,斑点,斑点,,1:2133,1
specter,specter,1,1,word,妖怪，妖精,妖怪，妖精,,1:1017,1
speculative,speculative,1,1,word,思索的な，考察的な，思考に関する,思索的な，考察的な，思考に関する,,1:1471,1
spell out,spell out,1,1,phrase,綴りを書く，綴りを言う,綴りを書く，綴りを言う,,1:3630,1
spill the beans,spill the beans,1,1,phrase,秘密を漏らす，口を滑らせる,秘密を漏らす，口を滑らせる,,1:4107,1
spire,spire,1,1,word,尖塔,尖塔,,1:3028,1
spit it out,spit it out,1,1,phrase,白状する，吐き出すように言う,白状する，吐き出すように言う,,1:3004,1
splice,splice,1,1,word,組み継ぎする，繋ぐ，接合する,組み継ぎする，繋ぐ，接合する,,1:1780,1
split off A from B,split off a from b,1,1,phrase,AをBから切り離す,AをBから切り離す,,1:2256,1
split the bill,split the bill,1,1,phrase,割り勘をする/割り勘,割り勘をする/割り勘,,1:2457,1
spontaneously,spontaneously,1,1,word,自発的に,自発的に,,1:2121,1
spooky,spooky,1,1,word,不気味な，怖い,不気味な，怖い,,1:1566,1
sporadic,sporadic,1,1,word,散発的な,散発的な,,1:2057,1
spore,spore,1,1,word,胞子,胞子,,1:2856,1
spree,spree,1,1,word,酒宴,酒宴,,1:2135,1
sprig,sprig,1,1,word,小枝,小枝,,1:2790,1
sprightly,sprightly,1,1,word,快活な,快活な,,1:2916,1
spring up,spring up,1,1,phrase,突然現れる，跳ね上がる,突然現れる，跳ね上がる,,1:663,1
sprite,sprite,1,1,word,妖精,妖精,,1:2909,1
spruce,spruce,1,1,word,気の利いた,気の利いた,,1:2977,1
spurious,spurious,1,1,word,偽の,偽の,,1:2958,1
spurn,spurn,1,1,word,追い払う，排除する，締め出す,追い払う，排除する，締め出す,,1:1926,1
sputter,sputter,1,1,word,唾を飛ばして喋る,唾を飛ばして喋る,,1:3347,1
squabble,squabble,1,1,word,つまらない口論,つまらない口論,,1:2181,1
squadron,squadron,1,1,word,戦隊，部隊,戦隊，部隊,,1:1164,1
squalid,squalid,1,1,word,むさ苦しい,むさ苦しい,,1:3891,1
squalor,squalor,1,1,word,不潔，汚さ,不潔，汚さ,,1:220,1
squander,squander,1,1,word,浪費する，無駄遣いする，散財する,浪費する，無駄遣いする，散財する,,1:1788,1
squander opportunities,squander opportunities,1,1,phrase,機会を無駄にする,機会を無駄にする,,1:4231,1
squeal,squeal,1,1,word,悲鳴を上げる,悲鳴を上げる,,1:1215,1
squint,squint,1,1,word,斜視,斜視,,1:2230,1
squirm,squirm,1,1,word,身もだえる,身もだえる,,1:2704,1
squirt,squirt,1,1,word,噴出する,噴出する,,1:2432,1
staggering,staggering,1,1,word,千鳥足の，ふらふらの,千鳥足の，ふらふらの,,1:1315,1
stagnation,stagnation,1,1,word,停滞，滞止,停滞，滞止,,1:1150,1
stained,stained,1,1,word,汚れた,汚れた,,1:2274,1
stalemate,stalemate,1,1,word,行き詰まり,行き詰まり,,1:2047,1
stallion,stallion,1,1,word,種馬,種馬,,1:2824,1
stalwart,stalwart,1,1,word,堅固な,堅固な,,1:2000,1
stamp out,stamp out,1,1,phrase,踏み消す，鎮圧する,踏み消す，鎮圧する,,1:3732,1
stand to reason,stand to reason,1,1,phrase,筋が通る，道理にかなう,筋が通る，道理にかなう,,1:3911,1
starch,starch,1,1,word,でんぷん,でんぷん,,1:3905,1
stark,stark,1,1,word,正真正銘の，純粋な,正真正銘の，純粋な,,1:5,1
startling,startling,1,1,word,驚くべき，驚異的な,驚くべき，驚異的な,,1:727,1
starve to death,starve to death,1,1,phrase,飢え死にする，餓死する,飢え死にする，餓死する,,1:3534,1
stash,stash,1,1,word,隠しておく，秘密にする,隠しておく，秘密にする,,1:900,1
state of the art,state of the art,1,1,phrase,最先端の，最先鋭の,最先端の，最先鋭の,,1:1491,1
stately,stately,1,1,word,風格のある,風格のある,,1:2002,1
statistic,statistic,1,1,word,統計，統計学,統計，統計学,,1:693,1
statutory,statutory,1,1,word,法定の，法的な,法定の，法的な,,1:800,1
staunch,staunch,1,1,word,堅い，堅固な,堅い，堅固な,,1:263,1
stave off,stave off,1,1,phrase,避ける，防ぐ,避ける，防ぐ,,1:4174,1
stay put,stay put,1,1,phrase,入れたまま，元のままで,入れたまま，元のままで,,1:2833,1
stead,stead,1,1,word,代わり,代わり,,1:3718,1
steal the show,steal the show,1,1,phrase,話題をさらう，人気をさらう,話題をさらう，人気をさらう,,1:3908,1
stealth,stealth,1,1,word,内密，秘密,内密，秘密,,1:1160,1
stellar,stellar,1,1,word,星の,星の,,1:2066,1
stench,stench,1,1,word,悪臭,悪臭,,1:2774,1
stenographer,stenographer,1,1,word,速記者,速記者,,1:2966,1
step in,step in,1,1,phrase,介入する，立ち入る,介入する，立ち入る,,1:2493,1
sterilize,sterilize,1,1,word,殺菌する,殺菌する,,1:2727,1
sticking point,sticking point,1,1,phrase,障害，行き詰り,障害，行き詰り,,1:3130,1
stigma,stigma,1,1,word,汚名,汚名,,1:2243,1
stigmatize,stigmatize,1,1,word,汚名を着せる,汚名を着せる,,1:3213,1
stingy,stingy,1,1,word,けちな，節約好きの,けちな，節約好きの,,1:787,1
stint,stint,1,1,word,切り詰める，節約する,切り詰める，節約する,,1:1870,1
stockpile,stockpile,1,1,word,備蓄，保存物,備蓄，保存物,,1:1224,1
stoke,stoke,1,1,word,燃料をくべる，火力を増す,燃料をくべる，火力を増す,,1:1843,1
stop A from doing B,stop a from doing b,1,1,phrase,AがBすることを止める，AがBするのを禁じる,AがBすることを止める，AがBするのを禁じる,,1:824,1
stop off,stop off,1,1,phrase,途中下車する，寄り道する,途中下車する，寄り道する,,1:3323,1
stow,stow,1,1,word,詰め込む,詰め込む,,1:2455,1
stratum,stratum,1,1,word,地層,地層,,1:3095,1
strenuous,strenuous,1,1,word,努力を要する，骨の折れる,努力を要する，骨の折れる,,1:717,1
strew,strew,1,1,word,ばらまく，散布する，拡散する,ばらまく，散布する，拡散する,,1:1805,1
strictly speaking,strictly speaking,1,1,phrase,厳密に言えば，正確には,厳密に言えば，正確には,,1:3850,1
stricture,stricture,1,1,word,非難,非難,,1:2893,1
strident,strident,1,1,word,かん高い,かん高い,,1:2149,1
stringent,stringent,1,1,word,厳格な,厳格な,,1:2188,1
stronghold,stronghold,1,1,word,拠点，基地,拠点，基地,,1:1206,1
stub,stub,1,1,word,使い残り，残り物,使い残り，残り物,,1:620,1
stubble,stubble,1,1,word,無精ひげ,無精ひげ,,1:3116,1
stud,stud,1,1,word,種馬，繁殖馬,種馬，繁殖馬,,1:1101,1
stuffed,stuffed,1,1,word,詰め込んだ，充填した,詰め込んだ，充填した,,1:798,1
stunned,stunned,1,1,word,驚いた，びっくりした,驚いた，びっくりした,,1:1596,1
stunning,stunning,1,1,word,驚くような，驚異的な,驚くような，驚異的な,,1:603,1
stunt,stunt,1,1,word,発育を妨げる，成長を阻害する,発育を妨げる，成長を阻害する,,1:1934,1
stupendous,stupendous,1,1,word,途方もない,途方もない,,1:3359,1
stupor,stupor,1,1,word,昏迷,昏迷,,1:3101,1
stutter,stutter,1,1,word,口ごもる，話すのをためらう，言葉に詰まる,口ごもる，話すのをためらう，言葉に詰まる,,1:1670,1
stymie,stymie,1,1,word,妨害する，阻止する,妨害する，阻止する,,1:4200,1
subdivision,subdivision,1,1,word,細分化，分割,細分化，分割,,1:790,1
subjugate,subjugate,1,1,word,征服する,征服する,,1:2504,1
submissive,submissive,1,1,word,従順な,従順な,,1:3631,1
submit A to B,submit a to b,1,1,phrase,AをBに提出する,AをBに提出する,,1:3115,1
subservient,subservient,1,1,word,役立って，へつらって,役立って，へつらって,,1:3992,1
subsistence,subsistence,1,1,word,生計,生計,,1:3079,1
substantive,substantive,1,1,word,実質的な，具体的な,実質的な，具体的な,,1:638,1
subterranean,subterranean,1,1,word,地下の,地下の,,1:3467,1
subversive,subversive,1,1,word,破壊する，壊す,破壊する，壊す,,1:1836,1
subvert,subvert,1,1,word,覆す，覆い隠す，逆転させる,覆す，覆い隠す，逆転させる,,1:1661,1
successive,successive,1,1,word,連続する，続ける，つづく,連続する，続ける，つづく,,1:328,1
succinct,succinct,1,1,word,簡潔な,簡潔な,,1:3486,1
succulent,succulent,1,1,word,多液の,多液の,,1:3433,1
succumb,succumb,1,1,word,屈する，服する,屈する，服する,,1:1030,1
succumb to,succumb to,1,1,phrase,に負ける，で死ぬ,に負ける，で死ぬ,,1:2507,1
suffrage,suffrage,1,1,word,投票，参政権,投票，参政権,,1:4017,1
suitor,suitor,1,1,word,求婚者，プロポーザルする人,求婚者，プロポーザルする人,,1:544,1
sulk,sulk,1,1,word,拗ねる,拗ねる,,1:3567,1
sully,sully,1,1,word,汚す，名誉を傷つける,汚す，名誉を傷つける,,1:4148,1
sultry,sultry,1,1,word,蒸し暑い,蒸し暑い,,1:3791,1
sumptuous,sumptuous,1,1,word,贅沢な，豪華な，高級な,贅沢な，豪華な，高級な,,1:1593,1
sunburn,sunburn,1,1,word,日焼け，日焼け跡,日焼け，日焼け跡,,1:533,1
sundry,sundry,1,1,word,雑多な,雑多な,,1:3455,1
superfluous,superfluous,1,1,word,余計な，過剰な,余計な，過剰な,,1:822,1
superimpose,superimpose,1,1,word,重ね合わせる,重ね合わせる,,1:2340,1
supernova,supernova,1,1,word,超新星,超新星,,1:2299,1
supersede,supersede,1,1,word,取って代わる,取って代わる,,1:2671,1
supplant,supplant,1,1,word,取って代わる，置き換える,取って代わる，置き換える,,1:242,1
supple,supple,1,1,word,柔軟な,柔軟な,,1:2039,1
surcharge,surcharge,1,1,word,追加料金，追加費用,追加料金，追加費用,,1:1107,1
surly,surly,1,1,word,不機嫌な,不機嫌な,,1:3469,1
surrender to,surrender to,1,1,phrase,に降伏する，屈服する,に降伏する，屈服する,,1:2877,1
surreptitious,surreptitious,1,1,word,秘密裏の，ひそかな,秘密裏の，ひそかな,,1:4171,1
surrogate,surrogate,1,1,word,代理人,代理人,,1:1967,1
susceptibility,susceptibility,1,1,word,感受性,感受性,,1:2901,1
suspense,suspense,1,1,word,不確かな状態,不確かな状態,,1:2244,1
sustenance,sustenance,1,1,word,食糧，食料,食糧，食料,,1:227,1
swagger,swagger,1,1,word,いばって歩く，得意げに歩く,いばって歩く，得意げに歩く,,1:1134,1
swindle,swindle,1,1,word,騙す,騙す,,1:2324,1
swine,swine,1,1,word,豚,豚,,1:2872,1
swollen,swollen,1,1,word,腫れた,腫れた,,1:2281,1
swoon,swoon,1,1,word,気絶，失神,気絶，失神,,1:987,1
sycophantic,sycophantic,1,1,word,おべっか使いの，ごますりの,おべっか使いの，ごますりの,,1:4212,1
syndicate,syndicate,1,1,word,企業連合,企業連合,,1:2884,1
synonymous,synonymous,1,1,word,同義の,同義の,,1:2056,1
synopsis,synopsis,1,1,word,あらすじ,あらすじ,,1:3038,1
syntax,syntax,1,1,word,構文,構文,,1:3065,1
synthesis,synthesis,1,1,word,統合，統一,統合，統一,,1:348,1
syringe,syringe,1,1,word,注射器,注射器,,1:3114,1
tableau,tableau,1,1,word,心を打つ描写,心を打つ描写,,1:3100,1
tacit,tacit,1,1,word,暗黙の，言わずと知れた,暗黙の，言わずと知れた,,1:414,1
taciturn,taciturn,1,1,word,無口の,無口の,,1:3942,1
tacky,tacky,1,1,word,べとついた,べとついた,,1:3947,1
tactful,tactful,1,1,word,機転の利く,機転の利く,,1:4044,1
tactile,tactile,1,1,word,触角の,触角の,,1:3971,1
tad,tad,1,1,word,ちびっ子，子供,ちびっ子，子供,,1:1022,1
take A away from B,take a away from b,1,1,phrase,BからAを取る，BからAを除外する,BからAを取る，BからAを除外する,,1:914,1
take A by surprise,take a by surprise,1,1,phrase,Aを驚かせる,Aを驚かせる,,1:3256,1
take A into consideration,take a into consideration,1,1,phrase,Aを考慮に入れる,Aを考慮に入れる,,1:3112,1
take cover,take cover,1,1,phrase,隠れる，避難する,隠れる，避難する,,1:3715,1
take delight in,take delight in,1,1,phrase,喜びを得る，面白がる,喜びを得る，面白がる,,1:3619,1
take heart,take heart,1,1,phrase,勢い付く，元気になる,勢い付く，元気になる,,1:3439,1
take leave of,take leave of,1,1,phrase,と告別する，別れる,と告別する，別れる,,1:2629,1
take pains,take pains,1,1,phrase,苦労する，骨を折る,苦労する，骨を折る,,1:2525,1
take pity on,take pity on,1,1,phrase,に同情する，哀れむ,に同情する，哀れむ,,1:3839,1
take something with a grain of salt,take something with a grain of salt,1,1,phrase,疑いの目で何かを受け取る，懐疑的に,疑いの目で何かを受け取る，懐疑的に,,1:4024,1
take steps,take steps,1,1,phrase,順序を踏む，対策を打つ,順序を踏む，対策を打つ,,1:3963,1
take up with,take up with,1,1,phrase,と仲良くなる，と親しくなる,と仲良くなる，と親しくなる,,1:3894,1
talisman,talisman,1,1,word,お守り,お守り,,1:3748,1
talk over,talk over,1,1,phrase,相談する，議論する,相談する，議論する,,1:1365,1
tally,tally,1,1,word,集計,集計,,1:2287,1
talon,talon,1,1,word,爪,爪,,1:2842,1
tamper,tamper,1,1,word,改ざんする，偽装する,改ざんする，偽装する,,1:1641,1
tandem,tandem,1,1,word,縦に並んで,縦に並んで,,1:3041,1
tang,tang,1,1,word,ぴりっとした味,ぴりっとした味,,1:3025,1
tangled,tangled,1,1,word,もつれた,もつれた,,1:2130,1
tantalize,tantalize,1,1,word,じらす,じらす,,1:2675,1
tantalizing,tantalizing,1,1,word,じれったい，もどかしい,じれったい，もどかしい,,1:2091,1
tantamount,tantamount,1,1,word,同等の，等価の,同等の，等価の,,1:4188,1
tantrum,tantrum,1,1,word,かんしゃく,かんしゃく,,1:2819,1
tardy,tardy,1,1,word,遅れた,遅れた,,1:3329,1
tarnish,tarnish,1,1,word,曇らせる，濁らせる,曇らせる，濁らせる,,1:1761,1
tarp,tarp,1,1,word,防水シート,防水シート,,1:2138,1
taunt,taunt,1,1,word,罵倒する，侮辱する,罵倒する，侮辱する,,1:1854,1
taut,taut,1,1,word,ぴんと張ってある,ぴんと張ってある,,1:2064,1
tawdry,tawdry,1,1,word,安っぽい，安易な,安っぽい，安易な,,1:1369,1
tear up,tear up,1,1,phrase,引き裂く，引き剝がす,引き裂く，引き剝がす,,1:3834,1
teem,teem,1,1,word,群がる，集まる,群がる，集まる,,1:1872,1
teeter,teeter,1,1,word,ぶらぶらする,ぶらぶらする,,1:3295,1
tell A apart,tell a apart,1,1,phrase,Aを区別する，Aを見分ける,Aを区別する，Aを見分ける,,1:2603,1
tell off,tell off,1,1,phrase,小言を言う，叱りつける,小言を言う，叱りつける,,1:2422,1
tempestuous,tempestuous,1,1,word,大嵐の，激しい,大嵐の，激しい,,1:3802,1
ten to one,ten to one,1,1,phrase,10対1で，十中八九,10対1で，十中八九,,1:3696,1
tenacious,tenacious,1,1,word,粘り強い,粘り強い,,1:2292,1
tenancy,tenancy,1,1,word,借地権,借地権,,1:2921,1
tend to,tend to,1,1,phrase,する傾向がある，しがちである,する傾向がある，しがちである,,1:2676,1
tenement,tenement,1,1,word,長屋,長屋,,1:2832,1
tenet,tenet,1,1,word,主義,主義,,1:2226,1
tenor,tenor,1,1,word,進路，趣旨,進路，趣旨,,1:1128,1
tens of thousands,tens of thousands,1,1,phrase,何万もの，数万の,何万もの，数万の,,1:3066,1
tense,tense,1,1,word,時制，時間体系,時制，時間体系,,1:1139,1
tentacle,tentacle,1,1,word,触手,触手,,1:3013,1
tenuous,tenuous,1,1,word,薄い,薄い,,1:2046,1
tenure,tenure,1,1,word,任期，期間,任期，期間,,1:690,1
tepid,tepid,1,1,word,生ぬるい,生ぬるい,,1:1972,1
terminology,terminology,1,1,word,用語，専門用語,用語，専門用語,,1:538,1
terrestrial,terrestrial,1,1,word,地球上の，地上の,地球上の，地上の,,1:1370,1
terse,terse,1,1,word,簡潔な,簡潔な,,1:2213,1
testimonial,testimonial,1,1,word,証明書，表彰状，認定書,証明書，表彰状，認定書,,1:948,1
tetanus,tetanus,1,1,word,破傷風,破傷風,,1:3981,1
tether,tether,1,1,word,綱,綱,,1:2885,1
textual,textual,1,1,word,本文の，正文の，原本の,本文の，正文の，原本の,,1:1334,1
thatch,thatch,1,1,word,わら,わら,,1:2827,1
the bottom line,the bottom line,1,1,phrase,最低限，最低ライン,最低限，最低ライン,,1:3611,1
thee,thee,1,1,word,汝を，あなたを,汝を，あなたを,,1:619,1
therein,therein,1,1,word,その中に，内部に,その中に，内部に,,1:1305,1
thesaurus,thesaurus,1,1,word,知識の宝庫,知識の宝庫,,1:3060,1
thimble,thimble,1,1,word,指ぬき,指ぬき,,1:3021,1
think better of,think better of,1,1,phrase,よく考える，見直す,よく考える，見直す,,1:2857,1
think much of,think much of,1,1,phrase,を尊重する，評価する,を尊重する，評価する,,1:3019,1
thirst,thirst,1,1,word,渇き，のどの渇き,渇き，のどの渇き,,1:2286,1
thoroughfare,thoroughfare,1,1,word,幹線道路,幹線道路,,1:3111,1
thrash,thrash,1,1,word,打ち据える,打ち据える,,1:2399,1
threadbare,threadbare,1,1,word,着古した,着古した,,1:3848,1
threaten A with extinction,threaten a with extinction,1,1,phrase,Aを絶滅の危機にさらす，Aを危機に瀕させる,Aを絶滅の危機にさらす，Aを危機に瀕させる,,1:1613,1
throw in the towel,throw in the towel,1,1,phrase,降参する，あきらめる,降参する，あきらめる,,1:4211,1
thug,thug,1,1,word,刺客，暗殺者,刺客，暗殺者,,1:1203,1
thumb a ride,thumb a ride,1,1,phrase,ヒッチハイクする,ヒッチハイクする,,1:4036,1
thwart,thwart,1,1,word,妨害する，阻止する,妨害する，阻止する,,1:79,1
thyroid,thyroid,1,1,word,甲状腺，頸部の腺,甲状腺，頸部の腺,,1:1218,1
tie into,tie into,1,1,phrase,結び付ける，調和させる,結び付ける，調和させる,,1:3364,1
tier,tier,1,1,word,段，階層,段，階層,,1:2227,1
timidity,timidity,1,1,word,臆病，怯える,臆病，怯える,,1:569,1
tinge,tinge,1,1,word,色合い,色合い,,1:1990,1
tint,tint,1,1,word,色合い，色調,色合い，色調,,1:881,1
to all appearances,to all appearances,1,1,phrase,どうみても，明らかに,どうみても，明らかに,,1:3736,1
to be frank,to be frank,1,1,phrase,率直に言って，正直なところ,率直に言って，正直なところ,,1:2880,1
to death,to death,1,1,phrase,死ぬまで，生涯,死ぬまで，生涯,,1:3346,1
to no purpose,to no purpose,1,1,phrase,何の目的もなく，無駄に,何の目的もなく，無駄に,,1:3491,1
to some degree,to some degree,1,1,phrase,ある程度，一定程度,ある程度，一定程度,,1:3441,1
to the full,to the full,1,1,phrase,いっぱいに，心ゆくまで,いっぱいに，心ゆくまで,,1:3760,1
toddler,toddler,1,1,word,幼児，小児,幼児，小児,,1:866,1
tolerant,tolerant,1,1,word,寛容な，容認する,寛容な，容認する,,1:196,1
top off,top off,1,1,phrase,仕上げをする，終える,仕上げをする，終える,,1:3584,1
topography,topography,1,1,word,地形学,地形学,,1:2940,1
torment,torment,1,1,word,苦しめる,苦しめる,,1:2389,1
torpedo,torpedo,1,1,word,魚雷,魚雷,,1:3071,1
torpid,torpid,1,1,word,不活発な，鈍い,不活発な，鈍い,,1:4116,1
torso,torso,1,1,word,胴体，胴部,胴体，胴部,,1:1037,1
tort,tort,1,1,word,不法行為,不法行為,,1:2914,1
totter,totter,1,1,word,よろめく,よろめく,,1:2336,1
touch down,touch down,1,1,phrase,着陸する，降り立つ,着陸する，降り立つ,,1:3391,1
touch off,touch off,1,1,phrase,発射させる，誘発する,発射させる，誘発する,,1:3059,1
touchy,touchy,1,1,word,過敏な，敏感な,過敏な，敏感な,,1:1512,1
tout,tout,1,1,word,うるさく勧誘する，しつこく誘う,うるさく勧誘する，しつこく誘う,,1:1733,1
town twinning,town twinning,1,1,phrase,姉妹都市提携，友好都市関係，姉妹都市の縁組み,姉妹都市提携，友好都市関係，姉妹都市の縁組み,,1:1430,1
toy with,toy with,1,1,phrase,いじくる，遊ぶ,いじくる，遊ぶ,,1:4027,1
traction,traction,1,1,word,牽引，引っ張る,牽引，引っ張る,,1:633,1
trajectory,trajectory,1,1,word,軌道,軌道,,1:2104,1
trample,trample,1,1,word,踏み付ける,踏み付ける,,1:2374,1
tranquilize,tranquilize,1,1,word,静める,静める,,1:3141,1
transcendent,transcendent,1,1,word,卓越した,卓越した,,1:4037,1
transcription,transcription,1,1,word,転写，写す,転写，写す,,1:614,1
transgression,transgression,1,1,word,違反,違反,,1:2886,1
transitory,transitory,1,1,word,一時的な,一時的な,,1:3308,1
transmitter,transmitter,1,1,word,送信機,送信機,,1:2134,1
transpire,transpire,1,1,word,蒸発する,蒸発する,,1:2589,1
treachery,treachery,1,1,word,裏切り，背信,裏切り，背信,,1:771,1
treadmill,treadmill,1,1,word,踏み車，ルームランナー,踏み車，ルームランナー,,1:16,1
treason,treason,1,1,word,反逆，反乱,反逆，反乱,,1:645,1
treasurer,treasurer,1,1,word,会計係,会計係,,1:1978,1
treatise,treatise,1,1,word,論文，論説,論文，論説,,1:722,1
tremor,tremor,1,1,word,震動,震動,,1:2180,1
tremulous,tremulous,1,1,word,震えた,震えた,,1:3492,1
trepidation,trepidation,1,1,word,恐れ，不安,恐れ，不安,,1:4161,1
triad,triad,1,1,word,三人組,三人組,,1:3642,1
trident,trident,1,1,word,三つ又の鉾,三つ又の鉾,,1:3667,1
trilogy,trilogy,1,1,word,三部作，三連作,三部作，三連作,,1:585,1
trinity,trinity,1,1,word,三位一体，三つ,三位一体，三つ,,1:1489,1
trip up,trip up,1,1,phrase,をつまづかせる，揚げ足をとる,をつまづかせる，揚げ足をとる,,1:1066,1
tripod,tripod,1,1,word,三脚,三脚,,1:4010,1
trite,trite,1,1,word,ありふれた,ありふれた,,1:3536,1
trivia,trivia,1,1,word,些細な事,些細な事,,1:2083,1
trot out,trot out,1,1,phrase,持ち出す，言い出す,持ち出す，言い出す,,1:3592,1
trough,trough,1,1,word,水桶,水桶,,1:2855,1
truant,truant,1,1,word,不登校,不登校,,1:3703,1
truce,truce,1,1,word,休戦,休戦,,1:1964,1
trudge,trudge,1,1,word,とぼとぼ歩く，のろのろ歩く,とぼとぼ歩く，のろのろ歩く,,1:1032,1
true to life,true to life,1,1,phrase,写実的，そっくりの,写実的，そっくりの,,1:2517,1
truncate,truncate,1,1,word,切り詰める，短縮する,切り詰める，短縮する,,1:4061,1
tuberculosis,tuberculosis,1,1,word,結核，肺結核,結核，肺結核,,1:1532,1
tuft,tuft,1,1,word,ふさ,ふさ,,1:3925,1
tummy,tummy,1,1,word,おなか,おなか,,1:2982,1
tumultuous,tumultuous,1,1,word,騒然とした,騒然とした,,1:2110,1
turbulence,turbulence,1,1,word,乱気流，渦,乱気流，渦,,1:589,1
turbulent,turbulent,1,1,word,荒れ狂った,荒れ狂った,,1:2167,1
turn away,turn away,1,1,phrase,追い返す，追放する，追い払う,追い返す，追放する，追い払う,,1:1465,1
turn out for,turn out for,1,1,phrase,に向かう，の方向に進む,に向かう，の方向に進む,,1:2753,1
turnaround,turnaround,1,1,word,方向転換，方向変更,方向転換，方向変更,,1:843,1
turnpike,turnpike,1,1,word,有料高速道路,有料高速道路,,1:3039,1
twirl,twirl,1,1,word,くるくる回る,くるくる回る,,1:2418,1
twist someone's arm,twist someone's arm,1,1,phrase,強く説得する，押し付ける,強く説得する，押し付ける,,1:4190,1
twitch,twitch,1,1,word,ぐいと引く，強く引っ張る,ぐいと引く，強く引っ張る,,1:997,1
twitter,twitter,1,1,word,さえずる,さえずる,,1:2630,1
tycoon,tycoon,1,1,word,大物,大物,,1:3846,1
typhoid,typhoid,1,1,word,腸チフス,腸チフス,,1:3113,1
tyrant,tyrant,1,1,word,暴君，専制君主,暴君，専制君主,,1:1325,1
ubiquitous,ubiquitous,1,1,word,至る所に存在する，遍在する,至る所に存在する，遍在する,,1:477,1
ulcer,ulcer,1,1,word,潰瘍，出来物,潰瘍，出来物,,1:621,1
ulterior,ulterior,1,1,word,隠された,隠された,,1:3754,1
ultimatum,ultimatum,1,1,word,最終通告,最終通告,,1:2024,1
ultraviolet,ultraviolet,1,1,word,紫外線の，UVの,紫外線の，UVの,,1:877,1
umbrage,umbrage,1,1,word,立腹，不機嫌,立腹，不機嫌,,1:4189,1
unanimously,unanimously,1,1,word,全会一致で,全会一致で,,1:2225,1
uncanny,uncanny,1,1,word,不気味な,不気味な,,1:2174,1
unconventional,unconventional,1,1,word,型破りな，非凡な,型破りな，非凡な,,1:1339,1
uncouth,uncouth,1,1,word,粗野な,粗野な,,1:3378,1
unctuous,unctuous,1,1,word,へつらう，おせじの,へつらう，おせじの,,1:4201,1
under consideration,under consideration,1,1,phrase,検討中の，審議中の,検討中の，審議中の,,1:2526,1
under construction,under construction,1,1,phrase,建設中で，工事中,建設中で，工事中,,1:2511,1
under cover,under cover,1,1,phrase,内密に，隠れて,内密に，隠れて,,1:2641,1
under the table,under the table,1,1,phrase,こっそりと，そでの下で,こっそりと，そでの下で,,1:2864,1
underhand,underhand,1,1,word,秘密の,秘密の,,1:3872,1
underpin,underpin,1,1,word,下から支える,下から支える,,1:3153,1
undue,undue,1,1,word,過度の,過度の,,1:4028,1
unearth,unearth,1,1,word,発掘する，掘り出す，新たに見つけ出す,発掘する，掘り出す，新たに見つけ出す,,1:1720,1
unequivocal,unequivocal,1,1,word,明確な,明確な,,1:3354,1
unethical,unethical,1,1,word,非倫理的な，不道徳な,非倫理的な，不道徳な,,1:434,1
unflappable,unflappable,1,1,word,動じない，冷静な,動じない，冷静な,,1:4092,1
unfurl,unfurl,1,1,word,広げる,広げる,,1:2476,1
unilateral,unilateral,1,1,word,片側の,片側の,,1:2260,1
unintended,unintended,1,1,word,意図しない，計画しない,意図しない，計画しない,,1:359,1
unison,unison,1,1,word,一致，合致,一致，合致,,1:605,1
unkempt,unkempt,1,1,word,もじゃもじゃの,もじゃもじゃの,,1:3183,1
unscathed,unscathed,1,1,word,無傷の,無傷の,,1:3976,1
unscrupulous,unscrupulous,1,1,word,悪質な，実にひどい,悪質な，実にひどい,,1:3435,1
untenable,untenable,1,1,word,耐えられない,耐えられない,,1:4040,1
up for grabs,up for grabs,1,1,phrase,容易に手に入る，誰が勝つかわからない,容易に手に入る，誰が勝つかわからない,,1:3845,1
up front,up front,1,1,phrase,前もって，率直に,前もって，率直に,,1:1635,1
up in arms,up in arms,1,1,phrase,怒って，反対して,怒って，反対して,,1:4240,1
up in the air,up in the air,1,1,phrase,漠然とした，未決定の,漠然とした，未決定の,,1:3055,1
up to now,up to now,1,1,phrase,今まで，現在まで,今まで，現在まで,,1:3144,1
up to speed,up to speed,1,1,phrase,事情を理解している，状況を把握している,事情を理解している，状況を把握している,,1:3553,1
up-to-date,up-to-date,1,1,word,最新の,最新の,,1:3547,1
upheaval,upheaval,1,1,word,隆起，突起,隆起，突起,,1:1482,1
upholstery,upholstery,1,1,word,室内装飾,室内装飾,,1:2986,1
upshot,upshot,1,1,word,結果,結果,,1:3896,1
urbane,urbane,1,1,word,洗練された,洗練された,,1:3707,1
urine,urine,1,1,word,尿，尿液,尿，尿液,,1:874,1
urn,urn,1,1,word,骨壷,骨壷,,1:3053,1
usher,usher,1,1,word,案内係，ガイド,案内係，ガイド,,1:891,1
usurp,usurp,1,1,word,奪う,奪う,,1:3276,1
uterus,uterus,1,1,word,子宮,子宮,,1:3032,1
utilization,utilization,1,1,word,利用，使用,利用，使用,,1:1285,1
vacillate,vacillate,1,1,word,ためらう，迷う,ためらう，迷う,,1:4113,1
vacuous,vacuous,1,1,word,空虚な，中身のない,空虚な，中身のない,,1:4058,1
vagabond,vagabond,1,1,word,放浪者,放浪者,,1:3096,1
vainglorious,vainglorious,1,1,word,自己過剰な，うぬぼれの強い,自己過剰な，うぬぼれの強い,,1:4220,1
vale,vale,1,1,word,谷,谷,,1:3977,1
valet,valet,1,1,word,係員,係員,,1:3622,1
valiant,valiant,1,1,word,勇敢な，勇ましい,勇敢な，勇ましい,,1:3672,1
valor,valor,1,1,word,武勇,武勇,,1:3615,1
vandalism,vandalism,1,1,word,破壊行為，破壊的な行い,破壊行為，破壊的な行い,,1:1398,1
vanguard,vanguard,1,1,word,前衛，先駆者,前衛，先駆者,,1:1308,1
vanquish,vanquish,1,1,word,征服する,征服する,,1:3440,1
vantage,vantage,1,1,word,有利，得する,有利，得する,,1:1601,1
vapid,vapid,1,1,word,抜けた，風味のない,抜けた，風味のない,,1:4279,1
variegated,variegated,1,1,word,まだら模様の,まだら模様の,,1:3852,1
varsity,varsity,1,1,word,代表，大学,代表，大学,,1:2273,1
vascular,vascular,1,1,word,管の,管の,,1:3305,1
vat,vat,1,1,word,おけ,おけ,,1:3643,1
veal,veal,1,1,word,子牛の肉,子牛の肉,,1:3781,1
vector,vector,1,1,word,ベクトル,ベクトル,,1:2849,1
veer,veer,1,1,word,方向を変える,方向を変える,,1:3464,1
vehement,vehement,1,1,word,猛烈な,猛烈な,,1:3961,1
vehemently,vehemently,1,1,word,激しく，熱烈に,激しく，熱烈に,,1:4162,1
venerable,venerable,1,1,word,由緒ある，歴史ある,由緒ある，歴史ある,,1:535,1
venerate,venerate,1,1,word,崇拝する,崇拝する,,1:3529,1
vengeance,vengeance,1,1,word,復讐，報復,復讐，報復,,1:1292,1
venom,venom,1,1,word,毒,毒,,1:2020,1
ventilation,ventilation,1,1,word,換気,換気,,1:2062,1
veracity,veracity,1,1,word,真実，正直,真実，正直,,1:4077,1
verbally,verbally,1,1,word,口頭で,口頭で,,1:2165,1
verbose,verbose,1,1,word,冗長な，言葉遣いが多い,冗長な，言葉遣いが多い,,1:4093,1
verification,verification,1,1,word,立証，証明,立証，証明,,1:1541,1
veritable,veritable,1,1,word,真実の，本当の,真実の，本当の,,1:2116,1
vernacular,vernacular,1,1,word,固有の，独自の，特有の,固有の，独自の，特有の,,1:1431,1
versatile,versatile,1,1,word,多才な，多能な,多才な，多能な,,1:283,1
vested,vested,1,1,word,既得の,既得の,,1:3887,1
vestige,vestige,1,1,word,痕跡,痕跡,,1:3675,1
vet,vet,1,1,word,獣医，動物医師,獣医，動物医師,,1:1472,1
veterinarian,veterinarian,1,1,word,獣医,獣医,,1:3006,1
veto,veto,1,1,word,拒否権，拒絶権,拒否権，拒絶権,,1:742,1
vex,vex,1,1,word,困惑させる，いらいらさせる,困惑させる，いらいらさせる,,1:4234,1
vexation,vexation,1,1,word,悔しさ，苛立ち,悔しさ，苛立ち,,1:4110,1
vial,vial,1,1,word,ガラス瓶,ガラス瓶,,1:1968,1
vicar,vicar,1,1,word,牧師，神父,牧師，神父,,1:811,1
vicarious,vicarious,1,1,word,想像して感じた,想像して感じた,,1:3660,1
vigil,vigil,1,1,word,寝ずの番,寝ずの番,,1:2122,1
vigilant,vigilant,1,1,word,警戒した,警戒した,,1:2053,1
vigilante,vigilante,1,1,word,自警団員,自警団員,,1:3708,1
vignette,vignette,1,1,word,飾り模様,飾り模様,,1:3623,1
vigorously,vigorously,1,1,word,精力的に，エネルギッシュに,精力的に，エネルギッシュに,,1:880,1
vile,vile,1,1,word,下劣な，卑猥な,下劣な，卑猥な,,1:1403,1
vindicate,vindicate,1,1,word,疑いを晴らす，疑念を取り除く,疑いを晴らす，疑念を取り除く,,1:1053,1
vindication,vindication,1,1,word,弁護，防御，弁明,弁護，防御，弁明,,1:1425,1
vindictive,vindictive,1,1,word,執念深い,執念深い,,1:4052,1
virile,virile,1,1,word,男らしい,男らしい,,1:3341,1
virtuoso,virtuoso,1,1,word,名人，達人,名人，達人,,1:4079,1
visage,visage,1,1,word,顔,顔,,1:3922,1
visceral,visceral,1,1,word,内臓の,内臓の,,1:3285,1
vista,vista,1,1,word,眺望，景色,眺望，景色,,1:590,1
vituperate,vituperate,1,1,word,激しく非難する，罵倒する,激しく非難する，罵倒する,,1:4158,1
vivacious,vivacious,1,1,word,快活な,快活な,,1:3688,1
vociferous,vociferous,1,1,word,騒々しい,騒々しい,,1:3949,1
volatile,volatile,1,1,word,揮発性の，揮発する,揮発性の，揮発する,,1:738,1
volatility,volatility,1,1,word,揮発性，揮発しやすい,揮発性，揮発しやすい,,1:1423,1
volition,volition,1,1,word,意志,意志,,1:3048,1
voluble,voluble,1,1,word,おしゃべりな,おしゃべりな,,1:3197,1
voluptuous,voluptuous,1,1,word,官能的な,官能的な,,1:3151,1
voracious,voracious,1,1,word,貪欲な，がつがつした,貪欲な，がつがつした,,1:4269,1
vouch,vouch,1,1,word,保証する,保証する,,1:2400,1
vouch for,vouch for,1,1,phrase,を保証する，約束する,を保証する，約束する,,1:3140,1
vulgarity,vulgarity,1,1,word,下品,下品,,1:2944,1
wacky,wacky,1,1,word,突飛な,突飛な,,1:3194,1
wad,wad,1,1,word,柔らかい塊,柔らかい塊,,1:2949,1
waft,waft,1,1,word,漂わせる，ふわりと運ぶ,漂わせる，ふわりと運ぶ,,1:2386,1
waiver,waiver,1,1,word,免除，除外,免除，除外,,1:2016,1
walk away with,walk away with,1,1,phrase,と一緒に歩いて出る，と一緒に歩いて去る,と一緒に歩いて出る，と一緒に歩いて去る,,1:3092,1
walk on eggshells,walk on eggshells,1,1,phrase,非常に慎重に行動する,非常に慎重に行動する,,1:3993,1
wand,wand,1,1,word,杖,杖,,1:2182,1
wane,wane,1,1,word,欠ける，不足している，欠損している,欠ける，不足している，欠損している,,1:1658,1
wanton,wanton,1,1,word,理由のない，多情な,理由のない，多情な,,1:3737,1
warble,warble,1,1,word,さえずる,さえずる,,1:3149,1
warden,warden,1,1,word,監視員，見張り,監視員，見張り,,1:870,1
warhead,warhead,1,1,word,弾頭，弾丸,弾頭，弾丸,,1:1322,1
warren,warren,1,1,word,飼育場，飼育施設,飼育場，飼育施設,,1:1564,1
wart,wart,1,1,word,いぼ,いぼ,,1:3083,1
wartime,wartime,1,1,word,戦時，戦争時,戦時，戦争時,,1:765,1
wary,wary,1,1,word,警戒している，注意している,警戒している，注意している,,1:878,1
wash out,wash out,1,1,phrase,洗い流す，洗い落とす,洗い流す，洗い落とす,,1:3897,1
wash up,wash up,1,1,phrase,顔や手を洗う，皿洗いをする,顔や手を洗う，皿洗いをする,,1:2845,1
watch one's step,watch one's step,1,1,phrase,足元を見る，注意する,足元を見る，注意する,,1:3722,1
watch over,watch over,1,1,phrase,見守る，見張る,見守る，見張る,,1:2690,1
waterfall,waterfall,1,1,word,滝，瀑布,滝，瀑布,,1:869,1
watershed,watershed,1,1,word,分水領，分岐点,分水領，分岐点,,1:875,1
wavelength,wavelength,1,1,word,波長，波動の周期的な長さ,波長，波動の周期的な長さ,,1:3838,1
way to go,way to go,1,1,phrase,良い調子，順調な状態,良い調子，順調な状態,,1:3462,1
wayward,wayward,1,1,word,わがままな,わがままな,,1:2214,1
wean,wean,1,1,word,離乳させる,離乳させる,,1:3549,1
wear and tear,wear and tear,1,1,phrase,磨耗，摩滅,磨耗，摩滅,,1:3490,1
wedge,wedge,1,1,word,くさび，楔形体,くさび，楔形体,,1:235,1
wee,wee,1,1,word,ちっぽけな，小さい,ちっぽけな，小さい,,1:1557,1
wellness,wellness,1,1,word,健康,健康,,1:2306,1
welsh,welsh,1,1,word,踏み倒す,踏み倒す,,1:2489,1
welter,welter,1,1,word,転がりまわる,転がりまわる,,1:2686,1
whack,whack,1,1,word,打つ,打つ,,1:1959,1
wharf,wharf,1,1,word,波止場，埠頭,波止場，埠頭,,1:832,1
wheedle,wheedle,1,1,word,上手い言葉で誘う,上手い言葉で誘う,,1:3201,1
wheeze,wheeze,1,1,word,息を切らす,息を切らす,,1:3244,1
when it comes to,when it comes to,1,1,phrase,のことになると，(話が)…ということになると,のことになると，(話が)…ということになると,,1:3142,1
whereabouts,whereabouts,1,1,word,どの辺りに,どの辺りに,,1:2048,1
whet,whet,1,1,word,研ぐ,研ぐ,,1:2700,1
whiff,whiff,1,1,word,ほのかな匂い，薄い香り,ほのかな匂い，薄い香り,,1:1274,1
whim,whim,1,1,word,気まぐれ，移り気な,気まぐれ，移り気な,,1:1371,1
whimper,whimper,1,1,word,しくしく泣く,しくしく泣く,,1:2563,1
whimsical,whimsical,1,1,word,気まぐれな，移り気な,気まぐれな，移り気な,,1:1395,1
whine,whine,1,1,word,鼻を鳴らす声，すすり泣く声,鼻を鳴らす声，すすり泣く声,,1:2303,1
whirl,whirl,1,1,word,渦巻く，旋回する,渦巻く，旋回する,,1:930,1
whirlpool,whirlpool,1,1,word,渦巻,渦巻,,1:4001,1
whirlwind,whirlwind,1,1,word,旋風，つむじ風，竜巻,旋風，つむじ風，竜巻,,1:1331,1
whisker,whisker,1,1,word,頬ひげ,頬ひげ,,1:2789,1
whitewash,whitewash,1,1,word,しっくい，モルタル,しっくい，モルタル,,1:239,1
whittle,whittle,1,1,word,削ぐ,削ぐ,,1:3139,1
whore,whore,1,1,word,売春婦，娼婦,売春婦，娼婦,,1:2200,1
wicker,wicker,1,1,word,小枝,小枝,,1:3075,1
widget,widget,1,1,word,機械装置，部品,機械装置，部品,,1:4020,1
wield,wield,1,1,word,振り回す，使う,振り回す，使う,,1:1057,1
wig,wig,1,1,word,カツラ，人工の髪,カツラ，人工の髪,,1:793,1
wiggle,wiggle,1,1,word,ぴくぴく動かす，ひくつかせる,ぴくぴく動かす，ひくつかせる,,1:1855,1
wilt,wilt,1,1,word,しおれる，萎む，元気をなくす,しおれる，萎む，元気をなくす,,1:1684,1
wily,wily,1,1,word,ずる賢い，策略のある,ずる賢い，策略のある,,1:4225,1
wince,wince,1,1,word,ひるむ，後退する,ひるむ，後退する,,1:945,1
winsome,winsome,1,1,word,魅力的な，愛らしい,魅力的な，愛らしい,,1:4108,1
wipe out,wipe out,1,1,phrase,を一掃する，全滅させる,を一掃する，全滅させる,,1:2994,1
wistful,wistful,1,1,word,もの悲しい，哀しい,もの悲しい，哀しい,,1:836,1
with A start,with a start,1,1,phrase,はっとして，ビクッとして,はっとして，ビクッとして,,1:2580,1
with a vengeance,with a vengeance,1,1,phrase,すさまじい勢いで，猛烈に,すさまじい勢いで，猛烈に,,1:2889,1
with open arms,with open arms,1,1,phrase,両手を広げて，心から喜んで,両手を広げて，心から喜んで,,1:2510,1
without reserve,without reserve,1,1,phrase,遠慮せず，遠慮なく,遠慮せず，遠慮なく,,1:2793,1
without so much as doing,without so much as doing,1,1,phrase,さえしないで，すらしない,さえしないで，すらしない,,1:2390,1
wobble,wobble,1,1,word,ぐらぐらする，揺れる,ぐらぐらする，揺れる,,1:984,1
womb,womb,1,1,word,子宮，母胎,子宮，母胎,,1:1505,1
worlds apart,worlds apart,1,1,phrase,別世界の，非常に異なって,別世界の，非常に異なって,,1:2434,1
worthy,worthy,1,1,word,価値のある，貴重な,価値のある，貴重な,,1:1558,1
wrangle,wrangle,1,1,word,口論する，議論する,口論する，議論する,,1:1827,1
wrath,wrath,1,1,word,激怒，怒り狂う,激怒，怒り狂う,,1:1492,1
wreak,wreak,1,1,word,浴びせる，たくさんかける，振りかける,浴びせる，たくさんかける，振りかける,,1:1683,1
wreckage,wreckage,1,1,word,残骸，遺骸，がれき,残骸，遺骸，がれき,,1:1318,1
wrest,wrest,1,1,word,もぎ取る,もぎ取る,,1:2619,1
wretch,wretch,1,1,word,みじめな人，不運な人,みじめな人，不運な人,,1:734,1
wriggle,wriggle,1,1,word,体をくねらせる,体をくねらせる,,1:3450,1
wring,wring,1,1,word,絞る,絞る,,1:2750,1
writ,writ,1,1,word,令状，逮捕令,令状，逮捕令,,1:1340,1
write off,write off,1,1,phrase,すぐに書く，即座に記述する,すぐに書く，即座に記述する,,1:2867,1
write out,write out,1,1,phrase,書きつくす，書くことがなくなる,書きつくす，書くことがなくなる,,1:2807,1
writhe,writhe,1,1,word,身もだえる,身もだえる,,1:3143,1
wry,wry,1,1,word,ゆがんだ，歪んだ,ゆがんだ，歪んだ,,1:549,1
x marks the spot,x marks the spot,1,1,phrase,目印，正確な位置,目印，正確な位置,,1:4251,1
xenial,xenial,1,1,word,接待上の，主客関係の,接待上の，主客関係の,,1:4280,1
xenolith,xenolith,1,1,word,岩石中の異質鉱物，捕獲岩,岩石中の異質鉱物，捕獲岩,,1:4267,1
xenophile,xenophile,1,1,word,外国人愛好者，異文化愛好者,外国人愛好者，異文化愛好者,,1:4073,1
xenophobia,xenophobia,1,1,word,外国人恐怖症,外国人恐怖症,,1:2975,1
xenophobic,xenophobic,1,1,word,外国人恐怖症，排外的な,外国人恐怖症，排外的な,,1:4180,1
xylophone,xylophone,1,1,word,木琴，楽器,木琴，楽器,,1:4236,1
yank someone's chain,yank someone's chain,1,1,phrase,人をからかう，困らせる,人をからかう，困らせる,,1:3980,1
yawp,yawp,1,1,word,大声で叫ぶ，どなる,大声で叫ぶ，どなる,,1:4191,1
yeast,yeast,1,1,word,酵母，きっかけ,酵母，きっかけ,,1:573,1
yeasty,yeasty,1,1,word,発酵する，活発な,発酵する，活発な,,1:4081,1
yelp,yelp,1,1,word,高い鳴き声，悲鳴,高い鳴き声，悲鳴,,1:4246,1
yeoman,yeoman,1,1,word,忠実な働き手，農夫,忠実な働き手，農夫,,1:4124,1
yet again,yet again,1,1,phrase,再び，またまた,再び，またまた,,1:2760,1
yoke,yoke,1,1,word,くびき，束縛,くびき，束縛,,1:4202,1
yonder,yonder,1,1,word,向こう側の，遠くの,向こう側の，遠くの,,1:4130,1
yore,yore,1,1,word,昔，過去,昔，過去,,1:4221,1
zealot,zealot,1,1,word,熱狂者,熱狂者,,1:2222,1
zealous,zealous,1,1,word,熱心な，情熱的な,熱心な，情熱的な,,1:4214,1
zenith,zenith,1,1,word,頂点,頂点,,1:2879,1
zephyr,zephyr,1,1,word,そよ風，軽い風,そよ風，軽い風,,1:4063,1
zeppelin,zeppelin,1,1,word,飛行船，ジェット,飛行船，ジェット,,1:4157,1
zero in on,zero in on,1,1,phrase,に的を絞る，照準を合わせる,に的を絞る，照準を合わせる,,1:2905,1
zest,zest,1,1,word,熱意,熱意,,1:2026,1
zestful,zestful,1,1,word,精力的な，元気いっぱいの,精力的な，元気いっぱいの,,1:4118,1
zinc,zinc,1,1,word,亜鉛,亜鉛,,1:2059,1
zodiac,zodiac,1,1,word,干支,干支,,1:4029,1
