action,source_rank,word,lemma,pos,form_type,sense_id,meaning_ja,level,importance,category,note,note2,semantic_review_reason
add,11,at,at,preposition,base,1,～で,junior_high,1,eiken,英検語彙由来のv2正本候補。英検最小級=5。出現級=5;4;3。pos判定=label_raw_all,source_refs=5:18;4:671;3:1163; row_count=3; label_raw_all=前置詞; meaning_ja_all=～で / で、に,real_meaning_variants
add,19,bear,bear,verb,base,1,クマ,junior_high,1,eiken,英検語彙由来のv2正本候補。英検最小級=5。出現級=5;4;pre2;2。pos判定=label_raw_all,source_refs=5:208;4:411;pre2:271;2:1738; row_count=4; label_raw_all=動詞; meaning_ja_all=クマ / 我慢する，を圧迫する,real_meaning_variants;possible_wrong_primary_meaning_for_pos
add,22,best,best,adjective,base,1,一番いちばん良よい,junior_high,1,eiken,英検語彙由来のv2正本候補。英検最小級=5。出現級=5;4。pos判定=v0_master_pos:adverb|adjective,source_refs=5:179;4:439; row_count=2,multiple_pos_from_v0
add,40,brush,brush,verb,base,1,をみがく,junior_high,1,eiken,英検語彙由来のv2正本候補。英検最小級=5。出現級=5;4;3。pos判定=label_raw_all,source_refs=5:353;4:576;3:475; row_count=3; label_raw_all=動詞; meaning_ja_all=をみがく / を磨みがく,real_meaning_variants
add,45,can,can,auxiliary,base,1,～できる,junior_high,1,eiken,英検語彙由来のv2正本候補。英検最小級=5。出現級=5;4。pos判定=v0_master_pos:auxiliary|noun,source_refs=5:100;4:407; row_count=2,multiple_pos_from_v0
add,68,delicious,delicious,adjective,base,1,おいしい,junior_high,1,eiken,英検語彙由来のv2正本候補。英検最小級=5。出現級=5;4;3。pos判定=label_raw_all,source_refs=5:576;4:276;3:65; row_count=3; label_raw_all=形容詞; meaning_ja_all=おいしい / 美味おいしい,real_meaning_variants
add,75,do,do,auxiliary,base,1,する,junior_high,1,eiken,英検語彙由来のv2正本候補。英検最小級=5。出現級=5;4。pos判定=v0_master_pos:verb|auxiliary,source_refs=5:4;4:252; row_count=2,multiple_pos_from_v0
add,80,draw,draw,verb,base,1,描えがく,junior_high,1,eiken,英検語彙由来のv2正本候補。英検最小級=5。出現級=5;4;3;pre2;2。pos判定=label_raw_all,source_refs=5:202;4:106;3:315;pre2:521;2:897; row_count=5; label_raw_all=動詞; meaning_ja_all=描えがく / 描く，引っ張る,real_meaning_variants
add,95,everyone,everyone,pronoun,base,1,みんな,junior_high,1,eiken,英検語彙由来のv2正本候補。英検最小級=5。出現級=5;4;3。pos判定=label_raw_all_multi:pronoun|noun,source_refs=5:525;4:278;3:459; row_count=3; label_raw_all=代名詞,multiple_pos_from_label_raw
add,96,excuse,excuse,noun,base,1,許ゆるす,junior_high,1,eiken,英検語彙由来のv2正本候補。英検最小級=5。出現級=5;4;3;pre2;2。pos判定=label_raw_all_multi:noun|verb,source_refs=5:445;4:612;3:1209;pre2:340;2:175; row_count=5; label_raw_all=動詞;名詞; meaning_ja_all=許ゆるす / 言い訳，弁解/を許す,multiple_pos_from_label_raw;real_meaning_variants;possible_wrong_primary_meaning_for_pos
add,98,face,face,noun,base,1,顔かお,junior_high,1,eiken,英検語彙由来のv2正本候補。英検最小級=5。出現級=5;4;3;pre2;2。pos判定=label_raw_all_multi:noun|verb,source_refs=5:217;4:55;3:150;pre2:994;2:1172; row_count=5; label_raw_all=名詞;動詞; meaning_ja_all=顔かお / 直面する/顔,multiple_pos_from_label_raw;real_meaning_variants
add,99,fall,fall,verb,base,1,落おちる，降おりる,junior_high,1,eiken,英検語彙由来のv2正本候補。英検最小級=5。出現級=5;4;3。pos判定=label_raw_all,source_refs=5:205;4:83;3:1023; row_count=3; label_raw_all=動詞; meaning_ja_all=落おちる，降おりる / 落おちる,real_meaning_variants
add,101,famous,famous,adjective,base,1,有名ゆうめいな,junior_high,1,eiken,英検語彙由来のv2正本候補。英検最小級=5。出現級=5;4;3;pre2;2。pos判定=label_raw_all,source_refs=5:427;4:272;3:1;pre2:811;2:1885; row_count=5; label_raw_all=形容詞; meaning_ja_all=有名ゆうめいな / 有名な，著名な,real_meaning_variants
add,105,favorite,favorite,adjective,base,1,お気きに入いりの,junior_high,1,eiken,英検語彙由来のv2正本候補。英検最小級=5。出現級=5;4;3;pre2;2。pos判定=label_raw_all,source_refs=5:529;4:289;3:13;pre2:205;2:1928; row_count=5; label_raw_all=形容詞; meaning_ja_all=お気きに入いりの / 特に好きな，お気に入りの,real_meaning_variants
add,109,fine,fine,adjective,base,1,元気げんきな、晴はれた,junior_high,1,eiken,英検語彙由来のv2正本候補。英検最小級=5。出現級=5;4。pos判定=v0_master_pos:adjective|adverb,source_refs=5:125;4:431; row_count=2,multiple_pos_from_v0
add,114,food,food,noun,base,1,食べ物たべもの,junior_high,1,eiken,英検語彙由来のv2正本候補。英検最小級=5。出現級=5;4;3。pos判定=label_raw_all,source_refs=5:231;4:242;3:261; row_count=3; label_raw_all=名詞; meaning_ja_all=食べ物たべもの / 食たべ物もの,real_meaning_variants
add,126,garbage,garbage,noun,base,1,ゴミ,junior_high,1,eiken,英検語彙由来のv2正本候補。英検最小級=5。出現級=5;4;pre2;2。pos判定=label_raw_all,source_refs=5:473;4:236;pre2:1420;2:392; row_count=4; label_raw_all=名詞; meaning_ja_all=ゴミ / 生ゴミ，くず,real_meaning_variants
add,136,guess,guess,verb,base,1,推測すいそくする,junior_high,1,eiken,英検語彙由来のv2正本候補。英検最小級=5。出現級=5;4;3;pre2;2。pos判定=label_raw_all,source_refs=5:355;4:210;3:166;pre2:721;2:1743; row_count=5; label_raw_all=動詞; meaning_ja_all=推測すいそくする / 推測する，予想する,real_meaning_variants
add,139,hard,hard,adverb,base,1,一生懸命いっしょうけんめいに,junior_high,1,eiken,英検語彙由来のv2正本候補。英検最小級=5。出現級=5;4;3。pos判定=label_raw_all,source_refs=5:243;5:244;4:465;3:310; row_count=4; label_raw_all=副詞; meaning_ja_all=一生懸命いっしょうけんめいに / 固かたい,real_meaning_variants
add,141,have,have,auxiliary,base,1,持もっている,junior_high,1,eiken,英検語彙由来のv2正本候補。英検最小級=5。出現級=5;4。pos判定=v0_master_pos:verb|auxiliary,source_refs=5:139;4:285; row_count=2,multiple_pos_from_v0
add,142,he,he,pronoun,base,1,彼かれは,junior_high,1,eiken,英検語彙由来のv2正本候補。英検最小級=5。出現級=5;4。pos判定=v0_master_pos:pronoun,source_refs=5:7;4:205; row_count=2; meaning_ja_all=彼かれは / 彼は,real_meaning_variants
add,157,island,island,noun,base,1,島しま,junior_high,1,eiken,英検語彙由来のv2正本候補。英検最小級=5。出現級=5;4;3;2。pos判定=label_raw_all,source_refs=5:444;4:103;3:666;2:888; row_count=4; label_raw_all=名詞; meaning_ja_all=島しま / 島，島々,real_meaning_variants
add,164,knee,knee,noun,base,1,ひざ,junior_high,1,eiken,英検語彙由来のv2正本候補。英検最小級=5。出現級=5;4;pre2;2。pos判定=label_raw_all,source_refs=5:238;4:565;pre2:681;2:365; row_count=4; label_raw_all=名詞; meaning_ja_all=ひざ / 膝,real_meaning_variants
add,172,like,like,preposition,base,1,好このむ,junior_high,1,eiken,英検語彙由来のv2正本候補。英検最小級=5。出現級=5;4。pos判定=v0_master_pos:preposition|verb,source_refs=5:115;4:324; row_count=2,multiple_pos_from_v0;possible_wrong_primary_meaning_for_pos
add,174,live,live,verb,base,1,住すむ,junior_high,1,eiken,英検語彙由来のv2正本候補。英検最小級=5。出現級=5。pos判定=v0_master_pos:verb|adjective,source_refs=5:174; row_count=1,multiple_pos_from_v0
add,179,make,make,verb,base,1,作つくる、～を～にするする,junior_high,1,eiken,英検語彙由来のv2正本候補。英検最小級=5。出現級=5;4;3。pos判定=label_raw_all,source_refs=5:184;4:682;3:162; row_count=3; label_raw_all=動詞; meaning_ja_all=作つくる、～を～にするする / 作つくる、～を～にする,real_meaning_variants
add,193,much,much,adjective,base,1,たくさん,junior_high,1,eiken,英検語彙由来のv2正本候補。英検最小級=5。出現級=5;4。pos判定=v0_master_pos:adverb|adjective,source_refs=5:128;4:568; row_count=2,multiple_pos_from_v0
add,197,name,name,noun,base,1,名前なまえ,junior_high,1,eiken,英検語彙由来のv2正本候補。英検最小級=5。出現級=5;4。pos判定=v0_master_pos:noun|verb,source_refs=5:113;4:540; row_count=2,multiple_pos_from_v0
add,198,nature,nature,noun,base,1,自然しぜん,junior_high,1,eiken,英検語彙由来のv2正本候補。英検最小級=5。出現級=5;4;3;pre2;2。pos判定=label_raw_all,source_refs=5:435;4:133;3:488;pre2:988;2:1433; row_count=5; label_raw_all=名詞; meaning_ja_all=自然しぜん / 自然，天然,real_meaning_variants
add,213,one,one,numeral,base,1,一ひとつの,junior_high,1,eiken,英検語彙由来のv2正本候補。英検最小級=5。出現級=5;4。pos判定=v0_master_pos:numeral,source_refs=5:25;5:83;4:5;4:581; row_count=4; meaning_ja_all=一ひとつの / 1つの / 1,real_meaning_variants
add,221,play,play,noun,base,1,劇げき,junior_high,1,eiken,英検語彙由来のv2正本候補。英検最小級=5。出現級=5;4。pos判定=v0_master_pos:verb|noun,source_refs=5:171;4:455; row_count=2,multiple_pos_from_v0
add,223,please,please,verb,base,1,喜よろこばせる,junior_high,1,eiken,英検語彙由来のv2正本候補。英検最小級=5。出現級=5;4。pos判定=v0_master_pos:verb|adjective,source_refs=5:391;4:199; row_count=2,multiple_pos_from_v0
add,232,right,right,adjective,base,1,右みぎに,junior_high,1,eiken,英検語彙由来のv2正本候補。英検最小級=5。出現級=5;4;3;pre2;2。pos判定=label_raw_all_multi:adjective|adverb,source_refs=5:264;4:33;4:41;3:305;pre2:236;2:1612; row_count=6; label_raw_all=副詞;形容詞; meaning_ja_all=右みぎに / 正ただしい / 正しい，正確な,multiple_pos_from_label_raw;real_meaning_variants
add,236,run,run,verb,base,1,を主催しゅさいする,junior_high,1,eiken,英検語彙由来のv2正本候補。英検最小級=5。出現級=5;4;3。pos判定=label_raw_all,source_refs=5:43;4:594;3:996; row_count=3; label_raw_all=動詞; meaning_ja_all=を主催しゅさいする / 走はしる,real_meaning_variants
add,241,science,science,noun,base,1,科学かがく,junior_high,1,eiken,英検語彙由来のv2正本候補。英検最小級=5。出現級=5;4;3;pre2;2。pos判定=label_raw_all,source_refs=5:484;4:216;3:41;pre2:1168;2:1731; row_count=5; label_raw_all=名詞; meaning_ja_all=科学かがく / 科学，自然科学,real_meaning_variants
add,242,scientist,scientist,noun,base,1,科学者かがくしゃ,junior_high,1,eiken,英検語彙由来のv2正本候補。英検最小級=5。出現級=5;4;3;2。pos判定=label_raw_all,source_refs=5:575;4:286;3:358;2:48; row_count=4; label_raw_all=名詞; meaning_ja_all=科学者かがくしゃ / 科学者，研究者,real_meaning_variants
add,245,second,second,noun,base,1,秒びょう,junior_high,1,eiken,英検語彙由来のv2正本候補。英検最小級=5。出現級=5;4;3。pos判定=label_raw_all,source_refs=5:450;4:259;3:869; row_count=3; label_raw_all=名詞; meaning_ja_all=秒びょう / 2番目ばんめ,real_meaning_variants
add,246,see,see,verb,base,1,見みる,junior_high,1,eiken,英検語彙由来のv2正本候補。英検最小級=5。出現級=5;4;3。pos判定=label_raw_all,source_refs=5:30;4:15;4:45;3:512; row_count=4; label_raw_all=動詞; meaning_ja_all=見みる / 分わかる,real_meaning_variants
add,253,shop,shop,noun,base,1,店みせ,junior_high,1,eiken,英検語彙由来のv2正本候補。英検最小級=5。出現級=5;4。pos判定=v0_master_pos:verb|noun,source_refs=5:215;4:274; row_count=2,multiple_pos_from_v0
add,273,stand,stand,verb,base,1,立たつ,junior_high,1,eiken,英検語彙由来のv2正本候補。英検最小級=5。出現級=5;4;3。pos判定=label_raw_all,source_refs=5:304;4:221;3:972; row_count=3; label_raw_all=動詞; meaning_ja_all=立たつ / を我慢がまんする,real_meaning_variants
add,274,star,star,noun,base,1,星ほし、スター,junior_high,1,eiken,英検語彙由来のv2正本候補。英検最小級=5。出現級=5;4;3。pos判定=label_raw_all,source_refs=5:221;4:279;3:255; row_count=3; label_raw_all=名詞; meaning_ja_all=星ほし、スター / 星ほし,real_meaning_variants
add,276,stop,stop,noun,base,1,止とめる,junior_high,1,eiken,英検語彙由来のv2正本候補。英検最小級=5。出現級=5;4。pos判定=v0_master_pos:verb|noun,source_refs=5:143;4:231; row_count=2,multiple_pos_from_v0
add,281,subject,subject,noun,base,1,科目かもく、題目だいもく,junior_high,1,eiken,英検語彙由来のv2正本候補。英検最小級=5。出現級=5;4;3;pre2;2。pos判定=label_raw_all,source_refs=5:486;4:232;3:327;pre2:934;2:1069; row_count=5; label_raw_all=名詞; meaning_ja_all=科目かもく、題目だいもく / 教科，主題,real_meaning_variants
add,289,take,take,verb,base,1,取とる,junior_high,1,eiken,英検語彙由来のv2正本候補。英検最小級=5。出現級=5;4;3。pos判定=label_raw_all,source_refs=5:227;4:18;4:19;4:75;3:652; row_count=5; label_raw_all=動詞; meaning_ja_all=取とる / 連つれて行いく / 撮影さつえいする,real_meaning_variants
add,295,temple,temple,noun,base,1,お寺てら,junior_high,1,eiken,英検語彙由来のv2正本候補。英検最小級=5。出現級=5;4;3;pre2;2。pos判定=label_raw_all,source_refs=5:457;4:302;3:667;pre2:1417;2:385; row_count=5; label_raw_all=名詞; meaning_ja_all=お寺てら / お寺，寺院,real_meaning_variants
add,298,that,that,pronoun,base,1,あれ,junior_high,1,eiken,英検語彙由来のv2正本候補。英検最小級=5。出現級=5;4。pos判定=v0_master_pos:conjunction|pronoun,source_refs=5:188;4:461; row_count=2,multiple_pos_from_v0
add,300,think,think,verb,base,1,考かんがえる,junior_high,1,eiken,英検語彙由来のv2正本候補。英検最小級=5。出現級=5;4;3。pos判定=label_raw_all,source_refs=5:342;4:11;4:26;3:326; row_count=4; label_raw_all=動詞; meaning_ja_all=考かんがえる / 思おもう,real_meaning_variants
add,315,train,train,noun,base,1,列車れっしゃ,junior_high,1,eiken,英検語彙由来のv2正本候補。英検最小級=5。出現級=5;4。pos判定=v0_master_pos:noun|verb,source_refs=5:338;4:327; row_count=2,multiple_pos_from_v0
add,327,use,use,noun,base,1,使つかう,junior_high,1,eiken,英検語彙由来のv2正本候補。英検最小級=5。出現級=5;4。pos判定=v0_master_pos:verb|noun,source_refs=5:41;4:173; row_count=2,multiple_pos_from_v0
add,337,watch,watch,verb,base,1,見みる,junior_high,1,eiken,英検語彙由来のv2正本候補。英検最小級=5。出現級=5;4;3。pos判定=label_raw_all,source_refs=5:273;4:62;3:481; row_count=3; label_raw_all=動詞; meaning_ja_all=見みる / 見みる、視聴しちょうする,real_meaning_variants
add,341,weather,weather,noun,base,1,天気てんき,junior_high,1,eiken,英検語彙由来のv2正本候補。英検最小級=5。出現級=5;4;3;pre2;2。pos判定=label_raw_all,source_refs=5:497;4:184;3:84;pre2:376;2:1777; row_count=5; label_raw_all=名詞; meaning_ja_all=天気てんき / 天候，天気,real_meaning_variants
add,342,welcome,welcome,verb,base,1,歓迎かんげいする,junior_high,1,eiken,英検語彙由来のv2正本候補。英検最小級=5。出現級=5;4;2。pos判定=label_raw_all,source_refs=5:483;4:352;2:1019; row_count=3; label_raw_all=動詞; meaning_ja_all=歓迎かんげいする / 歓迎される，迎えられる,real_meaning_variants
add,344,what,what,pronoun,base,1,何なに,junior_high,1,eiken,英検語彙由来のv2正本候補。英検最小級=5。出現級=5;4;3。pos判定=label_raw_all_multi:pronoun|noun,source_refs=5:248;4:59;3:237; row_count=3; label_raw_all=代名詞; meaning_ja_all=何なに / なに,multiple_pos_from_label_raw;real_meaning_variants
add,348,who,who,pronoun,base,1,だれ,junior_high,1,eiken,英検語彙由来のv2正本候補。英検最小級=5。出現級=5;4;3。pos判定=label_raw_all_multi:pronoun|noun,source_refs=5:105;4:318;3:235; row_count=3; label_raw_all=代名詞,multiple_pos_from_label_raw
add,362,add,add,verb,base,1,加くわえる,junior_high,1,eiken,英検語彙由来のv2正本候補。英検最小級=4。出現級=4;pre2;2。pos判定=label_raw_all,source_refs=4:432;pre2:43;2:1988; row_count=3; label_raw_all=動詞; meaning_ja_all=加くわえる / 足し算する，合計する,real_meaning_variants
add,363,advice,advice,noun,base,1,忠告ちゅうこく,junior_high,1,eiken,英検語彙由来のv2正本候補。英検最小級=4。出現級=4;3;pre2;2。pos判定=label_raw_all,source_refs=4:609;3:414;pre2:619;2:1500; row_count=4; label_raw_all=名詞; meaning_ja_all=忠告ちゅうこく / 助言，忠告,real_meaning_variants
add,364,afraid,afraid,adjective,base,1,恐おそれて,junior_high,1,eiken,英検語彙由来のv2正本候補。英検最小級=4。出現級=4;3;pre2;2。pos判定=label_raw_all,source_refs=4:488;3:928;pre2:668;2:1208; row_count=4; label_raw_all=形容詞; meaning_ja_all=恐おそれて / 心配して，恐れて,real_meaning_variants
add,370,art,art,noun,base,1,美術びじゅつ，芸術げいじゅつ,junior_high,1,eiken,英検語彙由来のv2正本候補。英検最小級=4。出現級=4;3。pos判定=label_raw_all,source_refs=4:17;3:513; row_count=2; label_raw_all=名詞; meaning_ja_all=美術びじゅつ，芸術げいじゅつ / 芸術げいじゅつ,real_meaning_variants
add,371,ask,ask,verb,base,1,尋たずねる,junior_high,1,eiken,英検語彙由来のv2正本候補。英検最小級=4。出現級=4;3。pos判定=label_raw_all,source_refs=4:129;3:34; row_count=2; label_raw_all=動詞; meaning_ja_all=尋たずねる / たずねる,real_meaning_variants
add,379,borrow,borrow,verb,base,1,借かりる,junior_high,1,eiken,英検語彙由来のv2正本候補。英検最小級=4。出現級=4;3;pre2;2。pos判定=label_raw_all,source_refs=4:460;3:101;pre2:78;2:236; row_count=4; label_raw_all=動詞; meaning_ja_all=借かりる / を借りる，を借用する,real_meaning_variants
add,381,bring,bring,verb,base,1,持もって来くる,junior_high,1,eiken,英検語彙由来のv2正本候補。英検最小級=4。出現級=4;3;pre2;2。pos判定=label_raw_all,source_refs=4:623;3:17;pre2:1418;2:389; row_count=4; label_raw_all=動詞; meaning_ja_all=持もって来くる / 持って来る，連れてくる,real_meaning_variants
add,384,capital,capital,noun,base,1,首都しゅと,junior_high,1,eiken,英検語彙由来のv2正本候補。英検最小級=4。出現級=4;3;pre2;2。pos判定=label_raw_all,source_refs=4:536;3:994;pre2:180;2:1950; row_count=4; label_raw_all=名詞; meaning_ja_all=首都しゅと / 資本，首都,real_meaning_variants
add,391,climb,climb,verb,base,1,登のぼる,junior_high,1,eiken,英検語彙由来のv2正本候補。英検最小級=4。出現級=4;3;2。pos判定=label_raw_all,source_refs=4:382;3:859;2:827; row_count=3; label_raw_all=動詞; meaning_ja_all=登のぼる / 登る，よじ登る,real_meaning_variants
add,394,college,college,noun,base,1,大学だいがく,junior_high,1,eiken,英検語彙由来のv2正本候補。英検最小級=4。出現級=4;3;2。pos判定=label_raw_all,source_refs=4:661;3:1117;2:958; row_count=3; label_raw_all=名詞; meaning_ja_all=大学だいがく / 大学，高等教育機関,real_meaning_variants
add,395,culture,culture,noun,base,1,文化ぶんか,junior_high,1,eiken,英検語彙由来のv2正本候補。英検最小級=4。出現級=4;3;pre2;2。pos判定=label_raw_all,source_refs=4:258;3:611;pre2:334;2:870; row_count=4; label_raw_all=名詞; meaning_ja_all=文化ぶんか / 文化，教養,real_meaning_variants
add,396,decide,decide,verb,base,1,決心けっしんする,junior_high,1,eiken,英検語彙由来のv2正本候補。英検最小級=4。出現級=4;3;pre2;2。pos判定=label_raw_all,source_refs=4:39;3:68;pre2:1294;2:185; row_count=4; label_raw_all=動詞; meaning_ja_all=決心けっしんする / 決心する，決定する,real_meaning_variants
add,397,die,die,verb,base,1,死しぬ,junior_high,1,eiken,英検語彙由来のv2正本候補。英検最小級=4。出現級=4;3;2。pos判定=label_raw_all,source_refs=4:519;3:502;2:1833; row_count=3; label_raw_all=動詞; meaning_ja_all=死しぬ / 死ぬ，亡くなる,real_meaning_variants
add,398,discover,discover,verb,base,1,発見はっけんする,junior_high,1,eiken,英検語彙由来のv2正本候補。英検最小級=4。出現級=4;3;pre2;2。pos判定=label_raw_all,source_refs=4:575;3:786;pre2:157;2:13; row_count=4; label_raw_all=動詞; meaning_ja_all=発見はっけんする / を発見する，見つける,real_meaning_variants
add,399,dislike,dislike,verb,base,1,嫌きらう,junior_high,1,eiken,英検語彙由来のv2正本候補。英検最小級=4。出現級=4;3;pre2;2。pos判定=label_raw_all,source_refs=4:203;3:1207;pre2:819;2:1264; row_count=4; label_raw_all=動詞; meaning_ja_all=嫌きらう / 嫌がる，嫌い,real_meaning_variants
add,406,enter,enter,verb,base,1,入はいる,junior_high,1,eiken,英検語彙由来のv2正本候補。英検最小級=4。出現級=4;3;pre2;2。pos判定=label_raw_all,source_refs=4:78;3:331;pre2:325;2:1132; row_count=4; label_raw_all=動詞; meaning_ja_all=入はいる / 入る，入場する,real_meaning_variants
add,412,explain,explain,verb,base,1,説明せつめいする,junior_high,1,eiken,英検語彙由来のv2正本候補。英検最小級=4。出現級=4;3;pre2;2。pos判定=label_raw_all,source_refs=4:585;3:382;pre2:163;2:1310; row_count=4; label_raw_all=動詞; meaning_ja_all=説明せつめいする / を説明する，を解説する,real_meaning_variants
add,413,factory,factory,noun,base,1,工場こうじょう,junior_high,1,eiken,英検語彙由来のv2正本候補。英検最小級=4。出現級=4;3;2。pos判定=label_raw_all,source_refs=4:114;3:1098;2:898; row_count=3; label_raw_all=名詞; meaning_ja_all=工場こうじょう / 工場，製造所,real_meaning_variants
add,414,fail,fail,verb,base,1,失敗しっぱいする,junior_high,1,eiken,英検語彙由来のv2正本候補。英検最小級=4。出現級=4;3;pre2;2。pos判定=label_raw_all,source_refs=4:141;3:695;pre2:54;2:996; row_count=4; label_raw_all=動詞; meaning_ja_all=失敗しっぱいする / 失敗する，うまくいかない,real_meaning_variants
add,416,fat,fat,adjective,base,1,太ふとった,junior_high,1,eiken,英検語彙由来のv2正本候補。英検最小級=4。出現級=4;pre2;2。pos判定=label_raw_all,source_refs=4:202;pre2:932;2:1850; row_count=3; label_raw_all=形容詞; meaning_ja_all=太ふとった / 太った，肥満した,real_meaning_variants
add,421,foolish,foolish,adjective,base,1,愚かおろかな,junior_high,1,eiken,英検語彙由来のv2正本候補。英検最小級=4。出現級=4;3。pos判定=label_raw_all,source_refs=4:151;3:933; row_count=2; label_raw_all=形容詞; meaning_ja_all=愚かおろかな / 愚おろかな,real_meaning_variants
add,423,forget,forget,verb,base,1,忘わすれる,junior_high,1,eiken,英検語彙由来のv2正本候補。英検最小級=4。出現級=4;3;2。pos判定=label_raw_all,source_refs=4:87;3:569;2:757; row_count=3; label_raw_all=動詞; meaning_ja_all=忘わすれる / を忘れる，忘れ去る,real_meaning_variants
add,426,grass,grass,noun,base,1,草くさ,junior_high,1,eiken,英検語彙由来のv2正本候補。英検最小級=4。出現級=4;3;2。pos判定=label_raw_all,source_refs=4:588;3:1121;2:960; row_count=3; label_raw_all=名詞; meaning_ja_all=草くさ / 草,real_meaning_variants
add,429,happen,happen,verb,base,1,起おこる,junior_high,1,eiken,英検語彙由来のv2正本候補。英検最小級=4。出現級=4;3;2。pos判定=label_raw_all,source_refs=4:634;3:26;2:853; row_count=3; label_raw_all=動詞; meaning_ja_all=起おこる / 起こる，発生する,real_meaning_variants
add,438,history,history,noun,base,1,歴史れきし,junior_high,1,eiken,英検語彙由来のv2正本候補。英検最小級=4。出現級=4;3;2。pos判定=label_raw_all,source_refs=4:360;3:403;2:979; row_count=3; label_raw_all=名詞; meaning_ja_all=歴史れきし / 歴史，過去,real_meaning_variants
add,440,honest,honest,adjective,base,1,正直しょうじきな,junior_high,1,eiken,英検語彙由来のv2正本候補。英検最小級=4。出現級=4;3;pre2。pos判定=label_raw_all,source_refs=4:160;3:1116;pre2:574; row_count=3; label_raw_all=形容詞; meaning_ja_all=正直しょうじきな / 正直な,real_meaning_variants
add,447,inside,inside,adverb,base,1,内側うちがわ,junior_high,1,eiken,英検語彙由来のv2正本候補。英検最小級=4。出現級=4;2。pos判定=label_raw_all,source_refs=4:113;2:640; row_count=2; label_raw_all=副詞; meaning_ja_all=内側うちがわ / 中身，内部,real_meaning_variants
add,448,introduce,introduce,verb,base,1,紹介しょうかいする,junior_high,1,eiken,英検語彙由来のv2正本候補。英検最小級=4。出現級=4;3;pre2;2。pos判定=label_raw_all,source_refs=4:617;3:832;pre2:705;2:469; row_count=4; label_raw_all=動詞; meaning_ja_all=紹介しょうかいする / 紹介する，引き合わす,real_meaning_variants
add,451,joy,joy,noun,base,1,喜よろこび,junior_high,1,eiken,英検語彙由来のv2正本候補。英検最小級=4。出現級=4;pre2;2。pos判定=label_raw_all,source_refs=4:169;pre2:1002;2:1545; row_count=3; label_raw_all=名詞; meaning_ja_all=喜よろこび / 喜び，歓喜,real_meaning_variants
add,452,just,just,adverb,base,1,ちょうど,junior_high,1,eiken,英検語彙由来のv2正本候補。英検最小級=4。出現級=4;3。pos判定=label_raw_all,source_refs=4:137;3:1162; row_count=2; label_raw_all=副詞; meaning_ja_all=ちょうど / たった今いま,real_meaning_variants
add,454,language,language,noun,base,1,言語げんご,junior_high,1,eiken,英検語彙由来のv2正本候補。英検最小級=4。出現級=4;3;pre2;2。pos判定=label_raw_all,source_refs=4:261;3:1071;pre2:279;2:1212; row_count=4; label_raw_all=名詞; meaning_ja_all=言語げんご / 言語，言葉,real_meaning_variants
add,455,last,last,adjective,base,1,この前まえの，最後さいごの,junior_high,1,eiken,英検語彙由来のv2正本候補。英検最小級=4。出現級=4;3。pos判定=label_raw_all,source_refs=4:4;4:12;3:469; row_count=3; label_raw_all=形容詞; meaning_ja_all=この前まえの，最後さいごの / 最後さいご / ひとつ前ひとつまえの、最後さいごの,real_meaning_variants
add,457,law,law,noun,base,1,法律ほうりつ,junior_high,1,eiken,英検語彙由来のv2正本候補。英検最小級=4。出現級=4;3;pre2;2。pos判定=label_raw_all,source_refs=4:697;3:960;pre2:741;2:1014; row_count=4; label_raw_all=名詞; meaning_ja_all=法律ほうりつ / 法律，制度,real_meaning_variants
add,460,lie,lie,noun,base,1,嘘うそ,junior_high,1,eiken,英検語彙由来のv2正本候補。英検最小級=4。出現級=4;3;pre2;2。pos判定=label_raw_all_multi:noun|verb,source_refs=4:67;4:646;3:676;3:1203;pre2:221;pre2:1093;2:1110; row_count=7; label_raw_all=名詞;動詞; meaning_ja_all=嘘うそ / 横よこたわる / うそ / 横たわる，寝転ぶ,multiple_pos_from_label_raw;real_meaning_variants
add,461,light,light,noun,base,1,光ひかり,junior_high,1,eiken,英検語彙由来のv2正本候補。英検最小級=4。出現級=4。pos判定=v0_master_pos:adjective|noun,source_refs=4:497; row_count=1,multiple_pos_from_v0
add,462,lose,lose,verb,base,1,失うしなう,junior_high,1,eiken,英検語彙由来のv2正本候補。英検最小級=4。出現級=4;3;pre2;2。pos判定=label_raw_all,source_refs=4:178;3:557;pre2:623;2:1893; row_count=4; label_raw_all=動詞; meaning_ja_all=失うしなう / 失う，無くす,real_meaning_variants
add,463,loud,loud,adjective,base,1,騒さわがしい,junior_high,1,eiken,英検語彙由来のv2正本候補。英検最小級=4。出現級=4;3。pos判定=label_raw_all,source_refs=4:81;3:298; row_count=2; label_raw_all=形容詞; meaning_ja_all=騒さわがしい / 騒がしさわがしい,real_meaning_variants
add,466,market,market,noun,base,1,市場しじょう,junior_high,1,eiken,英検語彙由来のv2正本候補。英検最小級=4。出現級=4;3;2。pos判定=label_raw_all,source_refs=4:58;3:606;2:717; row_count=3; label_raw_all=名詞; meaning_ja_all=市場しじょう / 市場いちば / 市場，市場経済,real_meaning_variants
add,467,mean,mean,verb,base,1,意味いみする,junior_high,1,eiken,英検語彙由来のv2正本候補。英検最小級=4。出現級=4;3;pre2;2。pos判定=label_raw_all,source_refs=4:65;3:1063;pre2:175;2:1290; row_count=4; label_raw_all=動詞; meaning_ja_all=意味いみする / を意味する，を示す,real_meaning_variants
add,469,medicine,medicine,noun,base,1,薬くすり,junior_high,1,eiken,英検語彙由来のv2正本候補。英検最小級=4。出現級=4;3;pre2;2。pos判定=label_raw_all,source_refs=4:447;3:822;pre2:1317;2:233; row_count=4; label_raw_all=名詞; meaning_ja_all=薬くすり / 薬，医薬品,real_meaning_variants
add,470,million,million,noun,base,1,100万まん,junior_high,1,eiken,英検語彙由来のv2正本候補。英検最小級=4。出現級=4;3;pre2;2。pos判定=label_raw_all,source_refs=4:539;3:139;pre2:261;2:46; row_count=4; label_raw_all=名詞; meaning_ja_all=100万まん / 100万,real_meaning_variants
add,471,mine,mine,noun,base,1,私わたしのもの,junior_high,1,eiken,英検語彙由来のv2正本候補。英検最小級=4。出現級=4;pre1。pos判定=label_raw_all,source_refs=4:640;pre1:1274; row_count=2; label_raw_all=名詞; meaning_ja_all=私わたしのもの / 鉱山，地雷,real_meaning_variants
add,476,once,once,adverb,base,1,かつて,junior_high,1,eiken,英検語彙由来のv2正本候補。英検最小級=4。出現級=4;3;2。pos判定=label_raw_all,source_refs=4:189;3:241;2:500; row_count=3; label_raw_all=副詞; meaning_ja_all=かつて / かつて，1度,real_meaning_variants
add,478,other,other,adjective,base,1,他ほかの,junior_high,1,eiken,英検語彙由来のv2正本候補。英検最小級=4。出現級=4;3。pos判定=label_raw_all,source_refs=4:1;3:281; row_count=2; label_raw_all=形容詞; meaning_ja_all=他ほかの / ほかの,real_meaning_variants
add,479,own,own,adjective,base,1,自分じぶんの,junior_high,1,eiken,英検語彙由来のv2正本候補。英検最小級=4。出現級=4;3;pre2;2。pos判定=label_raw_all,source_refs=4:10;3:74;pre2:1023;2:1418; row_count=4; label_raw_all=形容詞; meaning_ja_all=自分じぶんの / 自身の，自分自身の,real_meaning_variants
add,480,past,past,noun,base,1,過去かこの,junior_high,1,eiken,英検語彙由来のv2正本候補。英検最小級=4。出現級=4;3;pre2;2。pos判定=label_raw_all_multi:noun|adjective,source_refs=4:116;3:1034;pre2:235;2:1755; row_count=4; label_raw_all=名詞;形容詞; meaning_ja_all=過去かこの / 過去の，終わった,multiple_pos_from_label_raw;real_meaning_variants
add,485,planet,planet,noun,base,1,惑星わくせい,junior_high,1,eiken,英検語彙由来のv2正本候補。英検最小級=4。出現級=4;3;pre2;2。pos判定=label_raw_all,source_refs=4:131;3:1148;pre2:1436;2:417; row_count=4; label_raw_all=名詞; meaning_ja_all=惑星わくせい / 惑星，天体,real_meaning_variants
add,490,popular,popular,adjective,base,1,人気にんきの,junior_high,1,eiken,英検語彙由来のv2正本候補。英検最小級=4。出現級=4;3;pre2;2。pos判定=label_raw_all,source_refs=4:54;3:7;pre2:448;2:1493; row_count=4; label_raw_all=形容詞; meaning_ja_all=人気にんきの / 人気のある，評判の良い,real_meaning_variants
add,496,rain,rain,noun,base,1,雨あめ,junior_high,1,eiken,英検語彙由来のv2正本候補。英検最小級=4。出現級=4。pos判定=v0_master_pos:noun|verb,source_refs=4:20; row_count=1,multiple_pos_from_v0
add,498,realize,realize,verb,base,1,実現じつげんする,junior_high,1,eiken,英検語彙由来のv2正本候補。英検最小級=4。出現級=4;3;pre2;2。pos判定=label_raw_all,source_refs=4:156;3:1186;pre2:418;2:1054; row_count=4; label_raw_all=動詞; meaning_ja_all=実現じつげんする / だとわかる，実現する,real_meaning_variants
add,499,remember,remember,verb,base,1,思おもい出だす,junior_high,1,eiken,英検語彙由来のv2正本候補。英検最小級=4。出現級=4;3;pre2;2。pos判定=label_raw_all,source_refs=4:50;4:60;3:79;pre2:746;2:1390; row_count=5; label_raw_all=動詞; meaning_ja_all=思おもい出だす / 覚おぼえている / 覚えている，を思い出す,real_meaning_variants
add,501,rise,rise,verb,base,1,昇のぼる,junior_high,1,eiken,英検語彙由来のv2正本候補。英検最小級=4。出現級=4;3;pre2;2。pos判定=label_raw_all,source_refs=4:37;4:225;3:360;pre2:1090;2:1890; row_count=5; label_raw_all=動詞; meaning_ja_all=昇のぼる / 上がる，昇る,real_meaning_variants
add,510,seem,seem,verb,base,1,～の様ように見みえる,junior_high,1,eiken,英検語彙由来のv2正本候補。英検最小級=4。出現級=4;3;pre2;2。pos判定=label_raw_all,source_refs=4:121;3:1146;pre2:483;2:1539; row_count=4; label_raw_all=動詞; meaning_ja_all=～の様ように見みえる / の様に見える，思われる,real_meaning_variants
add,511,senior,senior,adjective,base,1,年上としうえの,junior_high,1,eiken,英検語彙由来のv2正本候補。英検最小級=4。出現級=4;3;pre2;2。pos判定=label_raw_all,source_refs=4:174;3:819;pre2:1395;2:355; row_count=4; label_raw_all=形容詞; meaning_ja_all=年上としうえの / 年上としうえの，上級じょうきゅうの / ポストが上の/年上の人,real_meaning_variants
add,517,spend,spend,verb,base,1,費ついやす,junior_high,1,eiken,英検語彙由来のv2正本候補。英検最小級=4。出現級=4;3;pre2;2。pos判定=label_raw_all,source_refs=4:68;3:397;pre2:156;2:168; row_count=4; label_raw_all=動詞; meaning_ja_all=費ついやす / を費やす，使う,real_meaning_variants
add,518,stay,stay,verb,base,1,滞在たいざい,junior_high,1,eiken,英検語彙由来のv2正本候補。英検最小級=4。出現級=4;3。pos判定=label_raw_all,source_refs=4:191;3:62; row_count=2; label_raw_all=動詞; meaning_ja_all=滞在たいざい / 滞在たいざいする,real_meaning_variants
add,521,strange,strange,adjective,base,1,奇妙きみょうな,junior_high,1,eiken,英検語彙由来のv2正本候補。英検最小級=4。出現級=4;3;pre2;2。pos判定=label_raw_all,source_refs=4:548;3:951;pre2:967;2:1185; row_count=4; label_raw_all=形容詞; meaning_ja_all=奇妙きみょうな / 奇妙な，異常な,real_meaning_variants
add,522,success,success,noun,base,1,成功せいこう,junior_high,1,eiken,英検語彙由来のv2正本候補。英検最小級=4。出現級=4;3;pre2;2。pos判定=label_raw_all,source_refs=4:107;3:1195;pre2:564;2:1112; row_count=4; label_raw_all=名詞; meaning_ja_all=成功せいこう / 成功，達成,real_meaning_variants
add,526,sure,sure,adjective,base,1,確信かくしんして,junior_high,1,eiken,英検語彙由来のv2正本候補。英検最小級=4。出現級=4;3;2。pos判定=label_raw_all,source_refs=4:63;3:96;2:1984; row_count=3; label_raw_all=形容詞; meaning_ja_all=確信かくしんして / 確信して，自信をもって,real_meaning_variants
add,533,though,though,conjunction,base,1,～だけれど,junior_high,1,eiken,英検語彙由来のv2正本候補。英検最小級=4。出現級=4;3;2。pos判定=label_raw_all,source_refs=4:458;3:899;2:777; row_count=3; label_raw_all=接続詞; meaning_ja_all=～だけれど / だけれども / だけれども，しかし,real_meaning_variants
add,534,thousand,thousand,noun,base,1,千せん、千せんの,junior_high,1,eiken,英検語彙由来のv2正本候補。英検最小級=4。出現級=4;3。pos判定=label_raw_all,source_refs=4:128;3:636; row_count=2; label_raw_all=名詞; meaning_ja_all=千せん、千せんの / 千せん,real_meaning_variants
add,539,useful,useful,adjective,base,1,役やくに立たつ,junior_high,1,eiken,英検語彙由来のv2正本候補。英検最小級=4。出現級=4;3;pre2;2。pos判定=label_raw_all,source_refs=4:73;3:642;pre2:931;2:1443; row_count=4; label_raw_all=形容詞; meaning_ja_all=役やくに立たつ / 役に立つ，有用な,real_meaning_variants
add,542,war,war,noun,base,1,戦争せんそう,junior_high,1,eiken,英検語彙由来のv2正本候補。英検最小級=4。出現級=4;3;pre2;2。pos判定=label_raw_all,source_refs=4:69;3:818;pre2:686;2:1297; row_count=4; label_raw_all=名詞; meaning_ja_all=戦争せんそう / 戦争，衝突,real_meaning_variants
add,543,waste,waste,noun,base,1,浪費ろうひ,junior_high,1,eiken,英検語彙由来のv2正本候補。英検最小級=4。出現級=4;3;pre2;2。pos判定=label_raw_all_multi:noun|verb,source_refs=4:175;3:914;pre2:39;2:137; row_count=4; label_raw_all=動詞;名詞; meaning_ja_all=浪費ろうひ / を浪費する/浪費，廃棄物,multiple_pos_from_label_raw;real_meaning_variants
add,545,weak,weak,adjective,base,1,弱よわい,junior_high,1,eiken,英検語彙由来のv2正本候補。英検最小級=4。出現級=4;3。pos判定=label_raw_all,source_refs=4:170;3:1129; row_count=2; label_raw_all=形容詞; meaning_ja_all=弱よわい / 弱よわい，かすかな,real_meaning_variants
add,546,wear,wear,verb,base,1,着きる,junior_high,1,eiken,英検語彙由来のv2正本候補。英検最小級=4。出現級=4;3;pre2;2。pos判定=label_raw_all,source_refs=4:70;3:182;pre2:605;2:1867; row_count=4; label_raw_all=動詞; meaning_ja_all=着きる / 身につけている，着用している,real_meaning_variants
add,547,while,while,conjunction,base,1,～する間あいだ,junior_high,1,eiken,英検語彙由来のv2正本候補。英検最小級=4。出現級=4;3;pre2。pos判定=label_raw_all,source_refs=4:140;3:367;pre2:959; row_count=3; label_raw_all=接続詞; meaning_ja_all=～する間あいだ / 一方で,real_meaning_variants
add,553,worry,worry,verb,base,1,心配しんぱいさせる,junior_high,1,eiken,英検語彙由来のv2正本候補。英検最小級=4。出現級=4;3;pre2;2。pos判定=label_raw_all,source_refs=4:92;3:309;pre2:1074;2:1004; row_count=4; label_raw_all=動詞; meaning_ja_all=心配しんぱいさせる / 心配させる，心配する,real_meaning_variants
add,557,abroad,abroad,adverb,base,1,外国がいこくへ,junior_high,1,eiken,英検語彙由来のv2正本候補。英検最小級=3。出現級=3;pre2;2。pos判定=label_raw_all,source_refs=3:604;pre2:64;2:387; row_count=3; label_raw_all=副詞; meaning_ja_all=外国がいこくへ / 外国で，外国へ,real_meaning_variants
add,558,accept,accept,verb,base,1,を受うけ入いれる,junior_high,1,eiken,英検語彙由来のv2正本候補。英検最小級=3。出現級=3;pre2;2。pos判定=label_raw_all,source_refs=3:957;pre2:696;2:1994; row_count=3; label_raw_all=動詞; meaning_ja_all=を受うけ入いれる / 受け入れる，受け取る,real_meaning_variants
add,560,actually,actually,adverb,base,1,実じつは、本当ほんとうは,junior_high,1,eiken,英検語彙由来のv2正本候補。英検最小級=3。出現級=3;pre2;2。pos判定=label_raw_all,source_refs=3:541;pre2:1004;2:378; row_count=3; label_raw_all=副詞; meaning_ja_all=実じつは、本当ほんとうは / 実際に，現実に,real_meaning_variants
add,561,address,address,noun,base,1,住所じゅうしょ,junior_high,1,eiken,英検語彙由来のv2正本候補。英検最小級=3。出現級=3;pre2;2。pos判定=label_raw_all,source_refs=3:674;pre2:695;2:1346; row_count=3; label_raw_all=名詞; meaning_ja_all=住所じゅうしょ / 住所，居住地,real_meaning_variants
add,562,affect,affect,verb,base,1,に影響えいきょうを与あたえる,junior_high,1,eiken,英検語彙由来のv2正本候補。英検最小級=3。出現級=3;pre2;2。pos判定=label_raw_all,source_refs=3:1041;pre2:1244;2:80; row_count=3; label_raw_all=動詞; meaning_ja_all=に影響えいきょうを与あたえる / に影響を与える，に作用する,real_meaning_variants
add,563,agree,agree,verb,base,1,賛成さんせいする,junior_high,2,eiken,英検語彙由来のv2正本候補。英検最小級=3。出現級=3;pre2。pos判定=label_raw_all,source_refs=3:647;pre2:404; row_count=2; label_raw_all=動詞; meaning_ja_all=賛成さんせいする / 同意する，承認する,real_meaning_variants
add,565,airline,airline,noun,base,1,航空会社こうくうがいしゃ,junior_high,1,eiken,英検語彙由来のv2正本候補。英検最小級=3。出現級=3;pre2;2。pos判定=label_raw_all,source_refs=3:576;pre2:1190;2:1339; row_count=3; label_raw_all=名詞; meaning_ja_all=航空会社こうくうがいしゃ / 航空会社，航空業者,real_meaning_variants
add,566,almost,almost,adverb,base,1,ほとんど,junior_high,1,eiken,英検語彙由来のv2正本候補。英検最小級=3。出現級=3;pre2;2。pos判定=label_raw_all,source_refs=3:37;pre2:1369;2:314; row_count=3; label_raw_all=副詞; meaning_ja_all=ほとんど / ほとんど，たいてい,real_meaning_variants
add,568,although,although,conjunction,base,1,であるけれど,junior_high,1,eiken,英検語彙由来のv2正本候補。英検最小級=3。出現級=3;pre2;2。pos判定=label_raw_all,source_refs=3:871;pre2:67;2:1456; row_count=3; label_raw_all=接続詞; meaning_ja_all=であるけれど / だけれども，しかし,real_meaning_variants
add,569,amaze,amaze,verb,base,1,をびっくりさせる,junior_high,2,eiken,英検語彙由来のv2正本候補。英検最小級=3。出現級=3;pre1。pos判定=label_raw_all,source_refs=3:860;pre1:434; row_count=2; label_raw_all=動詞; meaning_ja_all=をびっくりさせる / をびっくりさせる，驚かせる,real_meaning_variants
add,570,amount,amount,noun,base,1,量りょう，額がく,junior_high,1,eiken,英検語彙由来のv2正本候補。英検最小級=3。出現級=3;pre2;2。pos判定=label_raw_all,source_refs=3:906;pre2:40;2:187; row_count=3; label_raw_all=名詞; meaning_ja_all=量りょう，額がく / 量，額,real_meaning_variants
add,575,apply,apply,verb,base,1,当あてはまる,junior_high,1,eiken,英検語彙由来のv2正本候補。英検最小級=3。出現級=3;pre2;2。pos判定=label_raw_all,source_refs=3:978;pre2:682;2:1221; row_count=3; label_raw_all=動詞; meaning_ja_all=当あてはまる / 適用する，応用する,real_meaning_variants
add,578,arrest,arrest,verb,base,1,を逮捕たいほする,junior_high,1,eiken,英検語彙由来のv2正本候補。英検最小級=3。出現級=3;pre2;2;pre1。pos判定=label_raw_all,source_refs=3:946;pre2:1242;2:77;pre1:95; row_count=4; label_raw_all=動詞; meaning_ja_all=を逮捕たいほする / を逮捕する，捕まえる,real_meaning_variants
add,582,attend,attend,verb,base,1,に通かよう、に出席しゅっせきする,junior_high,1,eiken,英検語彙由来のv2正本候補。英検最小級=3。出現級=3;pre2;2。pos判定=label_raw_all,source_refs=3:501;pre2:450;2:1379; row_count=3; label_raw_all=動詞; meaning_ja_all=に通かよう、に出席しゅっせきする / 出席する，付き添う,real_meaning_variants
add,584,audience,audience,noun,base,1,聴衆ちょうしゅう，観客かんきゃく,junior_high,1,eiken,英検語彙由来のv2正本候補。英検最小級=3。出現級=3;pre2;2。pos判定=label_raw_all,source_refs=3:984;pre2:274;2:839; row_count=3; label_raw_all=名詞; meaning_ja_all=聴衆ちょうしゅう，観客かんきゃく / 聴衆，観客,real_meaning_variants
add,585,awake,awake,adjective,base,1,目めが覚さめる,junior_high,1,eiken,英検語彙由来のv2正本候補。英検最小級=3。出現級=3;pre2;2。pos判定=label_raw_all,source_refs=3:1022;pre2:1013;2:1442; row_count=3; label_raw_all=形容詞; meaning_ja_all=目めが覚さめる / 目を覚ましている，覚醒している,real_meaning_variants
add,586,award,award,noun,base,1,賞しょう,junior_high,1,eiken,英検語彙由来のv2正本候補。英検最小級=3。出現級=3;pre2;2。pos判定=label_raw_all,source_refs=3:312;pre2:660;2:2270; row_count=3; label_raw_all=名詞; meaning_ja_all=賞しょう / 賞,real_meaning_variants
add,588,bake,bake,verb,base,1,焼やく,junior_high,2,eiken,英検語彙由来のv2正本候補。英検最小級=3。出現級=3;2。pos判定=label_raw_all,source_refs=3:739;2:2146; row_count=2; label_raw_all=動詞; meaning_ja_all=焼やく / 焼く，焼成する,real_meaning_variants
add,590,ban,ban,verb,base,1,を禁止きんしする,junior_high,1,eiken,英検語彙由来のv2正本候補。英検最小級=3。出現級=3;pre2;2;pre1。pos判定=label_raw_all,source_refs=3:833;pre2:648;2:403;pre1:510; row_count=4; label_raw_all=動詞; meaning_ja_all=を禁止きんしする / を禁止する/禁止 / を禁止する，を禁制する,real_meaning_variants
add,593,behavior,behavior,noun,base,1,ふるまい,junior_high,1,eiken,英検語彙由来のv2正本候補。英検最小級=3。出現級=3;pre2;2。pos判定=label_raw_all,source_refs=3:1136;pre2:322;2:1037; row_count=3; label_raw_all=名詞; meaning_ja_all=ふるまい / 振る舞い，態度,real_meaning_variants
add,594,behind,behind,preposition,base,1,背後はいごに,junior_high,1,eiken,英検語彙由来のv2正本候補。英検最小級=3。出現級=3;pre2;2。pos判定=label_raw_all_multi:preposition|adverb,source_refs=3:563;pre2:36;2:1083; row_count=3; label_raw_all=前置詞;副詞; meaning_ja_all=背後はいごに / 背後に，後方に,multiple_pos_from_label_raw;real_meaning_variants
add,595,belong,belong,verb,base,1,のものである,junior_high,1,eiken,英検語彙由来のv2正本候補。英検最小級=3。出現級=3;pre2;2。pos判定=label_raw_all,source_refs=3:851;pre2:535;2:1772; row_count=3; label_raw_all=動詞; meaning_ja_all=のものである / に属する，所属する,real_meaning_variants
add,597,beside,beside,preposition,base,1,横よこに,junior_high,2,eiken,英検語彙由来のv2正本候補。英検最小級=3。出現級=3;2。pos判定=label_raw_all,source_refs=3:129;2:1154; row_count=2; label_raw_all=前置詞; meaning_ja_all=横よこに / の横に，隣に,real_meaning_variants
add,599,beyond,beyond,preposition,base,1,を超こえた所ところに,junior_high,1,eiken,英検語彙由来のv2正本候補。英検最小級=3。出現級=3;pre2;2。pos判定=label_raw_all,source_refs=3:1043;pre2:432;2:529; row_count=3; label_raw_all=前置詞; meaning_ja_all=を超こえた所ところに / ～を越えたところに，～を超えた場所に,real_meaning_variants
add,600,billion,billion,noun,base,1,10億おく,junior_high,2,eiken,英検語彙由来のv2正本候補。英検最小級=3。出現級=3;2。pos判定=label_raw_all,source_refs=3:1091;2:2271; row_count=2; label_raw_all=名詞; meaning_ja_all=10億おく / 10億,real_meaning_variants
add,603,blood,blood,noun,base,1,血ち,junior_high,1,eiken,英検語彙由来のv2正本候補。英検最小級=3。出現級=3;pre2;2。pos判定=label_raw_all,source_refs=3:1051;pre2:1159;2:1582; row_count=3; label_raw_all=名詞; meaning_ja_all=血ち / 血，血液,real_meaning_variants
add,604,blow,blow,verb,base,1,吹ふく,junior_high,1,eiken,英検語彙由来のv2正本候補。英検最小級=3。出現級=3;pre2;2。pos判定=label_raw_all,source_refs=3:866;pre2:185;2:978; row_count=3; label_raw_all=動詞; meaning_ja_all=吹ふく / 吹く，吹き飛ばす,real_meaning_variants
add,607,border,border,noun,base,1,国境こっきょう,junior_high,1,eiken,英検語彙由来のv2正本候補。英検最小級=3。出現級=3;2;pre1。pos判定=label_raw_all,source_refs=3:746;2:664;pre1:2716; row_count=3; label_raw_all=名詞; meaning_ja_all=国境こっきょう / 国境，境界,real_meaning_variants
add,610,bother,bother,verb,base,1,面倒めんどう,junior_high,1,eiken,英検語彙由来のv2正本候補。英検最小級=3。出現級=3;pre2;2。pos判定=label_raw_all,source_refs=3:706;pre2:37;2:930; row_count=3; label_raw_all=動詞; meaning_ja_all=面倒めんどう / 面倒，迷惑をかける / 面倒/迷惑をかける,real_meaning_variants
add,611,brain,brain,noun,base,1,頭脳ずのう,junior_high,1,eiken,英検語彙由来のv2正本候補。英検最小級=3。出現級=3;pre2;2。pos判定=label_raw_all,source_refs=3:742;pre2:229;2:110; row_count=3; label_raw_all=名詞; meaning_ja_all=頭脳ずのう / 頭脳，脳,real_meaning_variants
add,615,burden,burden,noun,base,1,負担ふたん，重荷おもに,junior_high,1,eiken,英検語彙由来のv2正本候補。英検最小級=3。出現級=3;2;pre1。pos判定=label_raw_all,source_refs=3:1083;2:594;2:2208;pre1:3127; row_count=4; label_raw_all=名詞; meaning_ja_all=負担ふたん，重荷おもに / 負担，重荷,real_meaning_variants
add,618,calm,calm,adjective,base,1,落おち着ついた,junior_high,2,eiken,英検語彙由来のv2正本候補。英検最小級=3。出現級=3;2。pos判定=label_raw_all,source_refs=3:694;2:1883; row_count=2; label_raw_all=形容詞; meaning_ja_all=落おち着ついた / 穏やかな，静かな,real_meaning_variants
add,620,capture,capture,verb,base,1,を捕つかまえる,junior_high,2,eiken,英検語彙由来のv2正本候補。英検最小級=3。出現級=3;2。pos判定=label_raw_all,source_refs=3:939;2:782; row_count=2; label_raw_all=動詞; meaning_ja_all=を捕つかまえる / を捕まえる，捉える,real_meaning_variants
add,622,celebrate,celebrate,verb,base,1,祝いわう,junior_high,1,eiken,英検語彙由来のv2正本候補。英検最小級=3。出現級=3;pre2;2。pos判定=label_raw_all,source_refs=3:345;pre2:1305;2:212; row_count=3; label_raw_all=動詞; meaning_ja_all=祝いわう / 祝う，祝福する,real_meaning_variants
add,624,certain,certain,adjective,base,1,確たしかな,junior_high,1,eiken,英検語彙由来のv2正本候補。英検最小級=3。出現級=3;pre2;2。pos判定=label_raw_all,source_refs=3:1037;pre2:320;2:111; row_count=3; label_raw_all=形容詞; meaning_ja_all=確たしかな / ある，確信している,real_meaning_variants
add,625,certainly,certainly,adverb,base,1,確たしかに,junior_high,1,eiken,英検語彙由来のv2正本候補。英検最小級=3。出現級=3;pre2;2。pos判定=label_raw_all,source_refs=3:1154;pre2:23;2:216; row_count=3; label_raw_all=副詞; meaning_ja_all=確たしかに / 確かに，間違いなく,real_meaning_variants
add,626,charge,charge,noun,base,1,を充電じゅうでんする,junior_high,1,eiken,英検語彙由来のv2正本候補。英検最小級=3。出現級=3;pre2;2。pos判定=label_raw_all_multi:noun|verb,source_refs=3:1134;pre2:813;2:375; row_count=3; label_raw_all=動詞;名詞; meaning_ja_all=を充電じゅうでんする / 非難，料金，管理/に請求する,multiple_pos_from_label_raw;real_meaning_variants
add,628,chemical,chemical,noun,base,1,化学物質かがくぶっしつ,junior_high,1,eiken,英検語彙由来のv2正本候補。英検最小級=3。出現級=3;pre2;2。pos判定=label_raw_all,source_refs=3:936;pre2:190;2:199; row_count=3; label_raw_all=名詞; meaning_ja_all=化学物質かがくぶっしつ / 化学物質/化学の,real_meaning_variants
add,629,climate,climate,noun,base,1,気候きこう,junior_high,1,eiken,英検語彙由来のv2正本候補。英検最小級=3。出現級=3;pre2;2。pos判定=label_raw_all,source_refs=3:908;pre2:68;2:31; row_count=3; label_raw_all=名詞; meaning_ja_all=気候きこう / 気候，天候,real_meaning_variants
add,630,coal,coal,noun,base,1,石炭せきたん,junior_high,1,eiken,英検語彙由来のv2正本候補。英検最小級=3。出現級=3;pre2;2。pos判定=label_raw_all,source_refs=3:788;pre2:673;2:1979; row_count=3; label_raw_all=名詞; meaning_ja_all=石炭せきたん / 石炭，炭,real_meaning_variants
add,631,collect,collect,verb,base,1,集あつめる,junior_high,1,eiken,英検語彙由来のv2正本候補。英検最小級=3。出現級=3;pre2;2。pos判定=label_raw_all,source_refs=3:249;pre2:14;2:1736; row_count=3; label_raw_all=動詞; meaning_ja_all=集あつめる / 集める，収集する,real_meaning_variants
add,632,colony,colony,noun,base,1,植民地しょくみんち,junior_high,2,eiken,英検語彙由来のv2正本候補。英検最小級=3。出現級=3;2。pos判定=label_raw_all,source_refs=3:1032;2:1494; row_count=2; label_raw_all=名詞; meaning_ja_all=植民地しょくみんち / 植民地，入植地,real_meaning_variants
add,633,comfortable,comfortable,adjective,base,1,心地ここちの良よい,junior_high,1,eiken,英検語彙由来のv2正本候補。英検最小級=3。出現級=3;pre2;2。pos判定=label_raw_all,source_refs=3:590;pre2:17;2:1383; row_count=3; label_raw_all=形容詞; meaning_ja_all=心地ここちの良よい / 心地の良い，快適な,real_meaning_variants
add,634,common,common,adjective,base,1,共通きょうつうの,junior_high,1,eiken,英検語彙由来のv2正本候補。英検最小級=3。出現級=3;pre2;2。pos判定=label_raw_all,source_refs=3:785;pre2:174;2:14; row_count=3; label_raw_all=形容詞; meaning_ja_all=共通きょうつうの / 共通の，共同の,real_meaning_variants
add,635,company,company,noun,base,1,会社かいしゃ,junior_high,2,eiken,英検語彙由来のv2正本候補。英検最小級=3。出現級=3;pre2。pos判定=label_raw_all,source_refs=3:393;pre2:27; row_count=2; label_raw_all=名詞; meaning_ja_all=会社かいしゃ / 会社,real_meaning_variants
add,636,complain,complain,verb,base,1,不満ふまんを言いう,junior_high,1,eiken,英検語彙由来のv2正本候補。英検最小級=3。出現級=3;pre2;2。pos判定=label_raw_all,source_refs=3:554;pre2:204;2:1502; row_count=3; label_raw_all=動詞; meaning_ja_all=不満ふまんを言いう / 不満を言う，不平を言う,real_meaning_variants
add,637,condition,condition,noun,base,1,状況じょうきょう,junior_high,1,eiken,英検語彙由来のv2正本候補。英検最小級=3。出現級=3;pre2;2。pos判定=label_raw_all,source_refs=3:1082;pre2:69;2:263; row_count=3; label_raw_all=名詞; meaning_ja_all=状況じょうきょう / 状態，条件，情勢,real_meaning_variants
add,638,consumer,consumer,noun,base,1,消費者しょうひしゃ,junior_high,1,eiken,英検語彙由来のv2正本候補。英検最小級=3。出現級=3;pre2;2。pos判定=label_raw_all,source_refs=3:1110;pre2:677;2:1301; row_count=3; label_raw_all=名詞; meaning_ja_all=消費者しょうひしゃ / 消費者，利用者,real_meaning_variants
add,639,continue,continue,verb,base,1,続つづく,junior_high,1,eiken,英検語彙由来のv2正本候補。英検最小級=3。出現級=3;pre2;2。pos判定=label_raw_all,source_refs=3:601;pre2:47;2:1827; row_count=3; label_raw_all=動詞; meaning_ja_all=続つづく / をし続ける，続ける,real_meaning_variants
add,640,convenient,convenient,adjective,base,1,便利べんりな,junior_high,1,eiken,英検語彙由来のv2正本候補。英検最小級=3。出現級=3;pre2;2。pos判定=label_raw_all,source_refs=3:874;pre2:1101;2:1463; row_count=3; label_raw_all=形容詞; meaning_ja_all=便利べんりな / 都合がよい，便利な,real_meaning_variants
add,641,correct,correct,adjective,base,1,正解せいかい,junior_high,1,eiken,英検語彙由来のv2正本候補。英検最小級=3。出現級=3;pre2;2。pos判定=label_raw_all,source_refs=3:624;pre2:49;2:334; row_count=3; label_raw_all=形容詞; meaning_ja_all=正解せいかい / 正確な/を訂正する,real_meaning_variants
add,643,could,could,auxiliary,base,1,できた,junior_high,2,eiken,英検語彙由来のv2正本候補。英検最小級=3。出現級=3。pos判定=label_raw_all_multi:auxiliary|verb,source_refs=3:1131; row_count=1; label_raw_all=助動詞,multiple_pos_from_label_raw
add,644,countryside,countryside,noun,base,1,田舎いなか,junior_high,2,eiken,英検語彙由来のv2正本候補。英検最小級=3。出現級=3;pre1。pos判定=label_raw_all,source_refs=3:905;pre1:153; row_count=2; label_raw_all=名詞; meaning_ja_all=田舎いなか / 田舎，地方,real_meaning_variants
add,645,courage,courage,noun,base,1,勇気ゆうき,junior_high,2,eiken,英検語彙由来のv2正本候補。英検最小級=3。出現級=3;2。pos判定=label_raw_all,source_refs=3:1064;2:1272; row_count=2; label_raw_all=名詞; meaning_ja_all=勇気ゆうき / 勇気，勇猛,real_meaning_variants
add,648,creative,creative,adjective,base,1,創造力そうぞうりょくのある,junior_high,2,eiken,英検語彙由来のv2正本候補。英検最小級=3。出現級=3;2。pos判定=label_raw_all,source_refs=3:836;2:1053; row_count=2; label_raw_all=形容詞; meaning_ja_all=創造力そうぞうりょくのある / 創造的な，独創的な,real_meaning_variants
add,649,crowd,crowd,noun,base,1,群衆ぐんしゅう,junior_high,1,eiken,英検語彙由来のv2正本候補。英検最小級=3。出現級=3;pre2;2。pos判定=label_raw_all,source_refs=3:717;pre2:987;2:1385; row_count=3; label_raw_all=名詞; meaning_ja_all=群衆ぐんしゅう / 群衆，大衆,real_meaning_variants
add,651,curious,curious,adjective,base,1,好奇心こうきしんの強つよい,junior_high,1,eiken,英検語彙由来のv2正本候補。英検最小級=3。出現級=3;pre2;2。pos判定=label_raw_all,source_refs=3:947;pre2:478;2:1294; row_count=3; label_raw_all=形容詞; meaning_ja_all=好奇心こうきしんの強つよい / 好奇心が強い，探究心が強い,real_meaning_variants
add,652,custom,custom,noun,base,1,習慣しゅうかん,junior_high,1,eiken,英検語彙由来のv2正本候補。英検最小級=3。出現級=3;pre2;2。pos判定=label_raw_all,source_refs=3:709;pre2:582;2:1281;2:2269; row_count=4; label_raw_all=名詞; meaning_ja_all=習慣しゅうかん / 習慣，慣例 / 習慣，慣習,real_meaning_variants
add,653,customer,customer,noun,base,1,顧客こきゃく,junior_high,1,eiken,英検語彙由来のv2正本候補。英検最小級=3。出現級=3;pre2;2。pos判定=label_raw_all,source_refs=3:239;pre2:1177;2:11; row_count=3; label_raw_all=名詞; meaning_ja_all=顧客こきゃく / 顧客，お客様,real_meaning_variants
add,659,debate,debate,noun,base,1,討論とうろん,junior_high,1,eiken,英検語彙由来のv2正本候補。英検最小級=3。出現級=3;pre2;2。pos判定=label_raw_all,source_refs=3:1017;pre2:592;2:1594; row_count=3; label_raw_all=名詞; meaning_ja_all=討論とうろん / 討論，議論,real_meaning_variants
add,660,decision,decision,noun,base,1,決定けってい,junior_high,1,eiken,英検語彙由来のv2正本候補。英検最小級=3。出現級=3;pre2;2。pos判定=label_raw_all,source_refs=3:966;pre2:186;2:1422; row_count=3; label_raw_all=名詞; meaning_ja_all=決定けってい / 決定，結論,real_meaning_variants
add,661,definitely,definitely,adverb,base,1,もちろん、確たしかに,junior_high,1,eiken,英検語彙由来のv2正本候補。英検最小級=3。出現級=3;pre2;2。pos判定=label_raw_all,source_refs=3:802;pre2:363;2:2273; row_count=3; label_raw_all=副詞; meaning_ja_all=もちろん、確たしかに / 絶対に，確実に / もちろん，確かに,real_meaning_variants
add,662,depend,depend,verb,base,1,頼たよる,junior_high,1,eiken,英検語彙由来のv2正本候補。英検最小級=3。出現級=3;pre2;2。pos判定=label_raw_all,source_refs=3:1112;pre2:641;2:1086; row_count=3; label_raw_all=動詞; meaning_ja_all=頼たよる / 依存する，頼る,real_meaning_variants
add,663,desert,desert,noun,base,1,砂漠さばく,junior_high,1,eiken,英検語彙由来のv2正本候補。英検最小級=3。出現級=3;pre2;2。pos判定=label_raw_all,source_refs=3:846;pre2:1037;2:812; row_count=3; label_raw_all=名詞; meaning_ja_all=砂漠さばく / 砂漠，乾燥地帯,real_meaning_variants
add,665,destroy,destroy,verb,base,1,を破壊はかいする,junior_high,1,eiken,英検語彙由来のv2正本候補。英検最小級=3。出現級=3;pre2;2。pos判定=label_raw_all,source_refs=3:734;pre2:45;2:1700; row_count=3; label_raw_all=動詞; meaning_ja_all=を破壊はかいする / を破壊する，を壊す,real_meaning_variants
add,666,development,development,noun,base,1,開発かいはつ,junior_high,1,eiken,英検語彙由来のv2正本候補。英検最小級=3。出現級=3;pre2;2。pos判定=label_raw_all,source_refs=3:931;pre2:501;2:65; row_count=3; label_raw_all=名詞; meaning_ja_all=開発かいはつ / 発展，発達，開発,real_meaning_variants
add,667,device,device,noun,base,1,装置そうち,junior_high,1,eiken,英検語彙由来のv2正本候補。英検最小級=3。出現級=3;pre2;2。pos判定=label_raw_all,source_refs=3:1158;pre2:578;2:29; row_count=3; label_raw_all=名詞; meaning_ja_all=装置そうち / 装置，仕掛け,real_meaning_variants
add,668,difference,difference,noun,base,1,違ちがい,junior_high,1,eiken,英検語彙由来のv2正本候補。英検最小級=3。出現級=3;pre2;2。pos判定=label_raw_all,source_refs=3:538;pre2:1021;2:1978; row_count=3; label_raw_all=名詞; meaning_ja_all=違ちがい / 違い，差分,real_meaning_variants
add,670,disagree,disagree,verb,base,1,意見いけんが合あわない,junior_high,2,eiken,英検語彙由来のv2正本候補。英検最小級=3。出現級=3;2。pos判定=label_raw_all,source_refs=3:733;2:1914; row_count=2; label_raw_all=動詞; meaning_ja_all=意見いけんが合あわない / 反対する，拒否する,real_meaning_variants
add,671,disaster,disaster,noun,base,1,災害さいがい,junior_high,1,eiken,英検語彙由来のv2正本候補。英検最小級=3。出現級=3;pre2;2;pre1。pos判定=label_raw_all,source_refs=3:1125;pre2:181;2:1196;pre1:2257; row_count=4; label_raw_all=名詞; meaning_ja_all=災害さいがい / 災害，災難,real_meaning_variants
add,672,discrimination,discrimination,noun,base,1,差別さべつ,junior_high,1,eiken,英検語彙由来のv2正本候補。英検最小級=3。出現級=3;2;pre1。pos判定=label_raw_all,source_refs=3:924;2:2144;pre1:996; row_count=3; label_raw_all=名詞; meaning_ja_all=差別さべつ / 差別/差別的な,real_meaning_variants
add,673,discuss,discuss,verb,base,1,話はなし合あう,junior_high,1,eiken,英検語彙由来のv2正本候補。英検最小級=3。出現級=3;pre2;2。pos判定=label_raw_all,source_refs=3:838;pre2:97;2:1853; row_count=3; label_raw_all=動詞; meaning_ja_all=話はなし合あう / について議論する，検討する,real_meaning_variants
add,674,discussion,discussion,noun,base,1,討論とうろん,junior_high,1,eiken,英検語彙由来のv2正本候補。英検最小級=3。出現級=3;pre2;2。pos判定=label_raw_all,source_refs=3:1027;pre2:1113;2:1008; row_count=3; label_raw_all=名詞; meaning_ja_all=討論とうろん / 議論，討論,real_meaning_variants
add,675,disease,disease,noun,base,1,病気びょうき,junior_high,1,eiken,英検語彙由来のv2正本候補。英検最小級=3。出現級=3;pre2;2。pos判定=label_raw_all,source_refs=3:1128;pre2:358;2:26; row_count=3; label_raw_all=名詞; meaning_ja_all=病気びょうき / 病気，疾患,real_meaning_variants
add,676,domestic,domestic,adjective,base,1,国内こくないの,junior_high,1,eiken,英検語彙由来のv2正本候補。英検最小級=3。出現級=3;pre2;2;pre1。pos判定=label_raw_all,source_refs=3:806;pre2:1132;2:951;2:2143;pre1:3358; row_count=5; label_raw_all=形容詞; meaning_ja_all=国内こくないの / 国内の，家庭の / 国内の，自国の,real_meaning_variants
add,677,donate,donate,verb,base,1,を寄付きふする,junior_high,1,eiken,英検語彙由来のv2正本候補。英検最小級=3。出現級=3;2;pre1。pos判定=label_raw_all,source_refs=3:1003;2:2139;pre1:1895; row_count=3; label_raw_all=動詞; meaning_ja_all=を寄付きふする / を寄付する，を寄贈する,real_meaning_variants
add,680,earthquake,earthquake,noun,base,1,地震じしん,junior_high,2,eiken,英検語彙由来のv2正本候補。英検最小級=3。出現級=3;pre1。pos判定=label_raw_all,source_refs=3:760;pre1:84; row_count=2; label_raw_all=名詞; meaning_ja_all=地震じしん / 地震,real_meaning_variants
add,682,effective,effective,adjective,base,1,効果的こうかてきな,junior_high,1,eiken,英検語彙由来のv2正本候補。英検最小級=3。出現級=3;pre2;2。pos判定=label_raw_all,source_refs=3:1076;pre2:1117;2:650; row_count=3; label_raw_all=形容詞; meaning_ja_all=効果的こうかてきな / 効果的な，有用な,real_meaning_variants
add,683,electricity,electricity,noun,base,1,電力でんりょく,junior_high,1,eiken,英検語彙由来のv2正本候補。英検最小級=3。出現級=3;pre2;2;pre1。pos判定=label_raw_all,source_refs=3:855;pre2:1314;2:227;pre1:200; row_count=4; label_raw_all=名詞; meaning_ja_all=電力でんりょく / 電力，電気,real_meaning_variants
add,684,electronic,electronic,adjective,base,1,電子でんしの,junior_high,1,eiken,英検語彙由来のv2正本候補。英検最小級=3。出現級=3;pre2;2。pos判定=label_raw_all,source_refs=3:713;pre2:588;2:1460; row_count=3; label_raw_all=形容詞; meaning_ja_all=電子でんしの / 電子の，電子式の,real_meaning_variants
add,686,emergency,emergency,noun,base,1,緊急事態きんきゅうじたい,junior_high,1,eiken,英検語彙由来のv2正本候補。英検最小級=3。出現級=3;pre2;2。pos判定=label_raw_all,source_refs=3:758;pre2:38;2:2191; row_count=3; label_raw_all=名詞; meaning_ja_all=緊急事態きんきゅうじたい / 緊急，急ぎ / 緊急事態，緊急,real_meaning_variants
add,687,employee,employee,noun,base,1,従業員じゅうぎょういん,junior_high,1,eiken,英検語彙由来のv2正本候補。英検最小級=3。出現級=3;pre2;2。pos判定=label_raw_all,source_refs=3:1183;pre2:462;2:1959; row_count=3; label_raw_all=名詞; meaning_ja_all=従業員じゅうぎょういん / 従業員，社員,real_meaning_variants
add,688,encourage,encourage,verb,base,1,を勇気ゆうきづける,junior_high,1,eiken,英検語彙由来のv2正本候補。英検最小級=3。出現級=3;pre2;2;pre1。pos判定=label_raw_all,source_refs=3:749;pre2:689;2:699;pre1:3116; row_count=4; label_raw_all=動詞; meaning_ja_all=を勇気ゆうきづける / を勇気づける，励ます,real_meaning_variants
add,689,endangered,endangered,adjective,base,1,絶滅ぜつめつの危機ききにさらされている,junior_high,2,eiken,英検語彙由来のv2正本候補。英検最小級=3。出現級=3;pre1。pos判定=label_raw_all,source_refs=3:873;pre1:3372; row_count=2; label_raw_all=形容詞; meaning_ja_all=絶滅ぜつめつの危機ききにさらされている / 絶滅の危機にさらされている,real_meaning_variants
add,691,environment,environment,noun,base,1,環境かんきょう、状況じょうきょう,junior_high,1,eiken,英検語彙由来のv2正本候補。英検最小級=3。出現級=3;pre2;2。pos判定=label_raw_all,source_refs=3:380;pre2:820;2:3; row_count=3; label_raw_all=名詞; meaning_ja_all=環境かんきょう、状況じょうきょう / 環境，状況,real_meaning_variants
add,692,establish,establish,verb,base,1,を設立せつりつする,junior_high,1,eiken,英検語彙由来のv2正本候補。英検最小級=3。出現級=3;pre2;2。pos判定=label_raw_all,source_refs=3:858;pre2:164;2:253; row_count=3; label_raw_all=動詞; meaning_ja_all=を設立せつりつする / を設立する，創設する,real_meaning_variants
add,695,exception,exception,noun,base,1,例外れいがい,junior_high,1,eiken,英検語彙由来のv2正本候補。英検最小級=3。出現級=3;pre2;2。pos判定=label_raw_all,source_refs=3:1152;pre2:1467;2:463; row_count=3; label_raw_all=名詞; meaning_ja_all=例外れいがい / 例外，特例,real_meaning_variants
add,697,expensive,expensive,adjective,base,1,高価こうかな，費用ひようのかかる,junior_high,1,eiken,英検語彙由来のv2正本候補。英検最小級=3。出現級=3;pre2;2。pos判定=label_raw_all,source_refs=3:18;pre2:1020;2:920; row_count=3; label_raw_all=形容詞; meaning_ja_all=高価こうかな，費用ひようのかかる / 高価な，費用のかかる,real_meaning_variants
add,698,extend,extend,verb,base,1,を広ひろげる,junior_high,1,eiken,英検語彙由来のv2正本候補。英検最小級=3。出現級=3;pre2;2。pos判定=label_raw_all,source_refs=3:1106;pre2:872;2:1958; row_count=3; label_raw_all=動詞; meaning_ja_all=を広ひろげる / 延びる，延長する,real_meaning_variants
add,699,extinction,extinction,noun,base,1,絶滅ぜつめつ,junior_high,2,eiken,英検語彙由来のv2正本候補。英検最小級=3。出現級=3;2。pos判定=label_raw_all,source_refs=3:1056;2:1285; row_count=2; label_raw_all=名詞; meaning_ja_all=絶滅ぜつめつ / 絶滅，消失,real_meaning_variants
add,702,fantastic,fantastic,adjective,base,1,素晴すばらしい,junior_high,2,eiken,英検語彙由来のv2正本候補。英検最小級=3。出現級=3;pre1。pos判定=label_raw_all,source_refs=3:1057;pre1:562; row_count=2; label_raw_all=形容詞; meaning_ja_all=素晴すばらしい / 素晴らしい,real_meaning_variants
add,703,feather,feather,noun,base,1,羽はね,junior_high,2,eiken,英検語彙由来のv2正本候補。英検最小級=3。出現級=3;pre1。pos判定=label_raw_all,source_refs=3:1019;pre1:199; row_count=2; label_raw_all=名詞; meaning_ja_all=羽はね / 羽根，羽毛,real_meaning_variants
add,710,fire,fire,noun,base,1,火事かじ,junior_high,1,eiken,英検語彙由来のv2正本候補。英検最小級=3。出現級=3;pre2;2。pos判定=label_raw_all_multi:noun|verb,source_refs=3:1175;3:1197;pre2:336;2:1858; row_count=4; label_raw_all=名詞;動詞; meaning_ja_all=火事かじ / を首くびにする，解雇かいこする / 首にする，火をつける/火，火事,multiple_pos_from_label_raw;real_meaning_variants
add,711,fix,fix,verb,base,1,固定こていする,junior_high,1,eiken,英検語彙由来のv2正本候補。英検最小級=3。出現級=3;pre2;2。pos判定=label_raw_all,source_refs=3:463;pre2:757;2:1168; row_count=3; label_raw_all=動詞; meaning_ja_all=固定こていする / 固定する，固める / 固定する，修理する,real_meaning_variants
add,713,flavor,flavor,noun,base,1,風味ふうみ,junior_high,1,eiken,英検語彙由来のv2正本候補。英検最小級=3。出現級=3;pre2;2。pos判定=label_raw_all,source_refs=3:591;pre2:76;2:1899; row_count=3; label_raw_all=名詞; meaning_ja_all=風味ふうみ / 風味，味,real_meaning_variants
add,715,focus,focus,noun,base,1,集中しゅうちゅうする,junior_high,1,eiken,英検語彙由来のv2正本候補。英検最小級=3。出現級=3;pre2;2。pos判定=label_raw_all_multi:noun|verb,source_refs=3:1170;pre2:995;2:1559; row_count=3; label_raw_all=動詞;名詞; meaning_ja_all=集中しゅうちゅうする / 焦点，中心,multiple_pos_from_label_raw;real_meaning_variants
add,716,fold,fold,verb,base,1,を折おる，折おりたたむ,junior_high,1,eiken,英検語彙由来のv2正本候補。英検最小級=3。出現級=3;2;pre1。pos判定=label_raw_all,source_refs=3:926;2:1933;pre1:3348; row_count=3; label_raw_all=動詞; meaning_ja_all=を折おる，折おりたたむ / 折りたたむ，畳む,real_meaning_variants
add,717,foreign,foreign,adjective,base,1,外国がいこくの,junior_high,1,eiken,英検語彙由来のv2正本候補。英検最小級=3。出現級=3;pre2;2。pos判定=label_raw_all,source_refs=3:617;pre2:871;2:1260; row_count=3; label_raw_all=形容詞; meaning_ja_all=外国がいこくの / 外国の，海外の,real_meaning_variants
add,718,fortunately,fortunately,adverb,base,1,幸運こううんにも,junior_high,2,eiken,英検語彙由来のv2正本候補。英検最小級=3。出現級=3;pre1。pos判定=label_raw_all,source_refs=3:1151;pre1:152; row_count=2; label_raw_all=副詞; meaning_ja_all=幸運こううんにも / 運よく，幸いにも,real_meaning_variants
add,719,forward,forward,adverb,base,1,前まえへ,junior_high,1,eiken,英検語彙由来のv2正本候補。英検最小級=3。出現級=3;pre2;2。pos判定=label_raw_all,source_refs=3:1181;pre2:691;2:1665; row_count=3; label_raw_all=副詞; meaning_ja_all=前まえへ / 前方へ，前に,real_meaning_variants
add,721,functional,functional,adjective,base,1,実用的じつようてきな,junior_high,2,eiken,英検語彙由来のv2正本候補。英検最小級=3。出現級=3;pre1。pos判定=label_raw_all,source_refs=3:853;pre1:1475; row_count=2; label_raw_all=形容詞; meaning_ja_all=実用的じつようてきな / 機能的な，機能上の,real_meaning_variants
add,724,gentle,gentle,adjective,base,1,優やさしい,junior_high,1,eiken,英検語彙由来のv2正本候補。英検最小級=3。出現級=3;pre2;2。pos判定=label_raw_all,source_refs=3:684;pre2:566;2:997; row_count=3; label_raw_all=形容詞; meaning_ja_all=優やさしい / 穏やかな，物柔らかな,real_meaning_variants
add,727,government,government,noun,base,1,政府せいふ,junior_high,1,eiken,英検語彙由来のv2正本候補。英検最小級=3。出現級=3;pre2;2。pos判定=label_raw_all,source_refs=3:904;pre2:50;2:44; row_count=3; label_raw_all=名詞; meaning_ja_all=政府せいふ / 政府，行政府，内閣,real_meaning_variants
add,729,graduate,graduate,verb,base,1,卒業そつぎょうする,junior_high,1,eiken,英検語彙由来のv2正本候補。英検最小級=3。出現級=3;pre2;2。pos判定=label_raw_all,source_refs=3:661;pre2:985;2:231; row_count=3; label_raw_all=動詞; meaning_ja_all=卒業そつぎょうする / を卒業する，を修了する,real_meaning_variants
add,733,habit,habit,noun,base,1,習慣しゅうかん,junior_high,1,eiken,英検語彙由来のv2正本候補。英検最小級=3。出現級=3;pre2;2。pos判定=label_raw_all,source_refs=3:755;pre2:638;2:665;2:2124; row_count=4; label_raw_all=名詞; meaning_ja_all=習慣しゅうかん / 習慣，慣行 / 習慣，慣習,real_meaning_variants
add,734,handle,handle,verb,base,1,を処理しょりする,junior_high,1,eiken,英検語彙由来のv2正本候補。英検最小級=3。出現級=3;pre2;2。pos判定=label_raw_all,source_refs=3:428;pre2:628;2:262; row_count=3; label_raw_all=動詞; meaning_ja_all=を処理しょりする / を手で扱う，に対処する/取っ手,real_meaning_variants
add,735,headache,headache,noun,base,1,頭痛ずつう,junior_high,2,eiken,英検語彙由来のv2正本候補。英検最小級=3。出現級=3;pre1。pos判定=label_raw_all,source_refs=3:470;pre1:198; row_count=2; label_raw_all=名詞; meaning_ja_all=頭痛ずつう / 頭痛,real_meaning_variants
add,740,himself,himself,pronoun,base,1,彼自身かれじしんを,junior_high,2,eiken,英検語彙由来のv2正本候補。英検最小級=3。出現級=3。pos判定=label_raw_all_multi:pronoun|noun,source_refs=3:1199; row_count=1; label_raw_all=代名詞,multiple_pos_from_label_raw
add,743,holy,holy,adjective,base,1,神聖しんせいな,junior_high,2,eiken,英検語彙由来のv2正本候補。英検最小級=3。出現級=3;2。pos判定=label_raw_all,source_refs=3:912;2:2226; row_count=2; label_raw_all=形容詞; meaning_ja_all=神聖しんせいな / 神聖な，聖なる,real_meaning_variants
add,746,horizon,horizon,noun,base,1,地平線ちへいせん、水平線すいへいせん,junior_high,2,eiken,英検語彙由来のv2正本候補。英検最小級=3。出現級=3;pre1。pos判定=label_raw_all,source_refs=3:338;pre1:94; row_count=2; label_raw_all=名詞; meaning_ja_all=地平線ちへいせん、水平線すいへいせん / 地平線，水平線,real_meaning_variants
add,747,horror,horror,noun,base,1,恐怖きょうふ,junior_high,1,eiken,英検語彙由来のv2正本候補。英検最小級=3。出現級=3;pre2;2。pos判定=label_raw_all,source_refs=3:499;pre2:401;2:1070; row_count=3; label_raw_all=名詞; meaning_ja_all=恐怖きょうふ / 恐怖，怖さ,real_meaning_variants
add,748,however,however,conjunction,base,1,しかし,junior_high,1,eiken,英検語彙由来のv2正本候補。英検最小級=3。出現級=3;pre2;2。pos判定=label_raw_all_multi:conjunction|adverb,source_refs=3:616;pre2:13;2:2; row_count=3; label_raw_all=接続詞;副詞; meaning_ja_all=しかし / しかしながら，どんなに～でも,multiple_pos_from_label_raw;real_meaning_variants
add,749,hurt,hurt,verb,base,1,を傷きずつける,junior_high,2,eiken,英検語彙由来のv2正本候補。英検最小級=3。出現級=3;pre2。pos判定=label_raw_all,source_refs=3:118;pre2:52; row_count=2; label_raw_all=動詞; meaning_ja_all=を傷きずつける / を傷つける,real_meaning_variants
add,751,illegal,illegal,adjective,base,1,違法いほうな,junior_high,1,eiken,英検語彙由来のv2正本候補。英検最小級=3。出現級=3;pre2;2;pre1。pos判定=label_raw_all,source_refs=3:712;pre2:1179;2:1147;pre1:1152; row_count=4; label_raw_all=形容詞; meaning_ja_all=違法いほうな / 違法の，不正な / 違法な，不法な,real_meaning_variants
add,752,illiterate,illiterate,adjective,base,1,読よみ書かきのできない,junior_high,1,eiken,英検語彙由来のv2正本候補。英検最小級=3。出現級=3;pre1;1。pos判定=label_raw_all,source_refs=3:828;pre1:3318;1:3080; row_count=3; label_raw_all=形容詞; meaning_ja_all=読よみ書かきのできない / 読み書きのできない / 文盲の,real_meaning_variants
add,755,import,import,verb,base,1,を輸入ゆにゅうする,junior_high,1,eiken,英検語彙由来のv2正本候補。英検最小級=3。出現級=3;pre2;2。pos判定=label_raw_all,source_refs=3:1007;pre2:194;2:1869; row_count=3; label_raw_all=動詞; meaning_ja_all=を輸入ゆにゅうする / 輸入する，直輸入する,real_meaning_variants
add,756,include,include,verb,base,1,を含ふくむ,junior_high,1,eiken,英検語彙由来のv2正本候補。英検最小級=3。出現級=3;pre2;2。pos判定=label_raw_all,source_refs=3:974;pre2:555;2:789; row_count=3; label_raw_all=動詞; meaning_ja_all=を含ふくむ / を含む，内包する,real_meaning_variants
add,757,increase,increase,verb,base,1,を増ふやす，増大ぞうだいさせる,junior_high,1,eiken,英検語彙由来のv2正本候補。英検最小級=3。出現級=3;pre2;2。pos判定=label_raw_all,source_refs=3:879;pre2:697;2:203; row_count=3; label_raw_all=動詞; meaning_ja_all=を増ふやす，増大ぞうだいさせる / を増やす，増大させる,real_meaning_variants
add,758,independence,independence,noun,base,1,独立どくりつ,junior_high,2,eiken,英検語彙由来のv2正本候補。英検最小級=3。出現級=3;pre2。pos判定=label_raw_all,source_refs=3:683;pre2:755; row_count=2; label_raw_all=名詞; meaning_ja_all=独立どくりつ / 独立，自立,real_meaning_variants
add,759,information,information,noun,base,1,情報じょうほう,junior_high,2,eiken,英検語彙由来のv2正本候補。英検最小級=3。出現級=3;pre2。pos判定=label_raw_all,source_refs=3:171;pre2:7; row_count=2; label_raw_all=名詞; meaning_ja_all=情報じょうほう / 情報,real_meaning_variants
add,760,injure,injure,verb,base,1,を傷きずつける,junior_high,2,eiken,英検語彙由来のv2正本候補。英検最小級=3。出現級=3;pre1。pos判定=label_raw_all,source_refs=3:496;pre1:206; row_count=2; label_raw_all=動詞; meaning_ja_all=を傷きずつける / を傷つける,real_meaning_variants
add,761,instead,instead,adverb,base,1,そのかわりに,junior_high,1,eiken,英検語彙由来のv2正本候補。英検最小級=3。出現級=3;pre2;2;pre1。pos判定=label_raw_all,source_refs=3:51;pre2:19;2:5;pre1:145; row_count=4; label_raw_all=副詞; meaning_ja_all=そのかわりに / 代わりに，その代わり,real_meaning_variants
add,762,instruction,instruction,noun,base,1,指示しじ,junior_high,1,eiken,英検語彙由来のv2正本候補。英検最小級=3。出現級=3;pre2;2。pos判定=label_raw_all,source_refs=3:913;pre2:737;2:425; row_count=3; label_raw_all=名詞; meaning_ja_all=指示しじ / 指示，指導,real_meaning_variants
add,764,international,international,adjective,base,1,国際的こくさいてきな,junior_high,1,eiken,英検語彙由来のv2正本候補。英検最小級=3。出現級=3;pre2;2。pos判定=label_raw_all,source_refs=3:285;pre2:424;2:1140; row_count=3; label_raw_all=形容詞; meaning_ja_all=国際的こくさいてきな / 国際的な，国際レベルの,real_meaning_variants
add,765,invent,invent,verb,base,1,を発明はつめいする,junior_high,1,eiken,英検語彙由来のv2正本候補。英検最小級=3。出現級=3;pre2;2。pos判定=label_raw_all,source_refs=3:191;pre2:734;2:698; row_count=3; label_raw_all=動詞; meaning_ja_all=を発明はつめいする / を発明する，創造する,real_meaning_variants
add,769,judge,judge,noun,base,1,審判員しんぱんいん,junior_high,1,eiken,英検語彙由来のv2正本候補。英検最小級=3。出現級=3;pre2;2。pos判定=label_raw_all_multi:noun|verb,source_refs=3:552;pre2:87;2:1913; row_count=3; label_raw_all=名詞;動詞; meaning_ja_all=審判員しんぱんいん / を判断する/裁判官,multiple_pos_from_label_raw;real_meaning_variants
add,772,later,later,adverb,base,1,後のちに,junior_high,1,eiken,英検語彙由来のv2正本候補。英検最小級=3。出現級=3;pre2;2。pos判定=label_raw_all,source_refs=3:70;pre2:386;2:1017; row_count=3; label_raw_all=副詞; meaning_ja_all=後のちに / 後に，以後,real_meaning_variants
add,773,latest,latest,adjective,base,1,最新さいしんの,junior_high,2,eiken,英検語彙由来のv2正本候補。英検最小級=3。出現級=3;2。pos判定=label_raw_all,source_refs=3:714;2:1488; row_count=2; label_raw_all=形容詞; meaning_ja_all=最新さいしんの / 最新の，最先端の,real_meaning_variants
add,774,lawyer,lawyer,noun,base,1,弁護士べんごし,junior_high,2,eiken,英検語彙由来のv2正本候補。英検最小級=3。出現級=3;2。pos判定=label_raw_all,source_refs=3:1190;2:2112; row_count=2; label_raw_all=名詞; meaning_ja_all=弁護士べんごし / 弁護士，法律家,real_meaning_variants
add,775,lazy,lazy,adjective,base,1,怠なまけ者ものの,junior_high,2,eiken,英検語彙由来のv2正本候補。英検最小級=3。出現級=3;2。pos判定=label_raw_all,source_refs=3:923;2:747; row_count=2; label_raw_all=形容詞; meaning_ja_all=怠なまけ者ものの / 怠け者の，ぐうたらの,real_meaning_variants
add,780,little,little,adjective,base,1,ほとんど～ない,junior_high,2,eiken,英検語彙由来のv2正本候補。英検最小級=3。出現級=3。pos判定=label_raw_all,source_refs=3:816;3:1103; row_count=2; label_raw_all=形容詞; meaning_ja_all=ほとんど～ない / 小ちいさい，かわいい,real_meaning_variants
add,784,manager,manager,noun,base,1,部長ぶちょう,junior_high,1,eiken,英検語彙由来のv2正本候補。英検最小級=3。出現級=3;pre2;2。pos判定=label_raw_all,source_refs=3:602;pre2:792;2:983; row_count=3; label_raw_all=名詞; meaning_ja_all=部長ぶちょう / 部長，支配人,real_meaning_variants
add,785,match,match,noun,base,1,試合しあい,junior_high,1,eiken,英検語彙由来のv2正本候補。英検最小級=3。出現級=3;pre2;2。pos判定=label_raw_all,source_refs=3:1042;pre2:756;2:1776; row_count=3; label_raw_all=名詞; meaning_ja_all=試合しあい / 試合，競技,real_meaning_variants
add,786,matter,matter,noun,base,1,問題もんだい、困こまったこと,junior_high,1,eiken,英検語彙由来のv2正本候補。英検最小級=3。出現級=3;pre2;2。pos判定=label_raw_all,source_refs=3:568;pre2:1182;2:605; row_count=3; label_raw_all=名詞; meaning_ja_all=問題もんだい、困こまったこと / 問題，困ったこと,real_meaning_variants
add,787,maybe,maybe,adverb,base,1,たぶん,junior_high,1,eiken,英検語彙由来のv2正本候補。英検最小級=3。出現級=3;pre2;2。pos判定=label_raw_all,source_refs=3:116;pre2:1079;2:1917; row_count=3; label_raw_all=副詞; meaning_ja_all=たぶん / たぶん，おそらく,real_meaning_variants
add,789,merchant,merchant,noun,base,1,商人しょうにん,junior_high,1,eiken,英検語彙由来のv2正本候補。英検最小級=3。出現級=3;pre2;2。pos判定=label_raw_all,source_refs=3:1086;pre2:380;2:1557; row_count=3; label_raw_all=名詞; meaning_ja_all=商人しょうにん / 商人，販売者,real_meaning_variants
add,790,metal,metal,noun,base,1,金属きんぞく,junior_high,1,eiken,英検語彙由来のv2正本候補。英検最小級=3。出現級=3;pre2;2。pos判定=label_raw_all,source_refs=3:1030;pre2:1250;2:94; row_count=3; label_raw_all=名詞; meaning_ja_all=金属きんぞく / 金属，合金,real_meaning_variants
add,794,modern,modern,adjective,base,1,現代的げんだいてきな,junior_high,1,eiken,英検語彙由来のv2正本候補。英検最小級=3。出現級=3;pre2;2。pos判定=label_raw_all,source_refs=3:1039;pre2:59;2:45; row_count=3; label_raw_all=形容詞; meaning_ja_all=現代的げんだいてきな / 現代的な，現代の,real_meaning_variants
add,795,moment,moment,noun,base,1,瞬間しゅんかん,junior_high,1,eiken,英検語彙由来のv2正本候補。英検最小級=3。出現級=3;pre2;2。pos判定=label_raw_all,source_refs=3:535;pre2:653;2:1957; row_count=3; label_raw_all=名詞; meaning_ja_all=瞬間しゅんかん / 瞬間，瞬時,real_meaning_variants
add,800,narrow,narrow,adjective,base,1,狭せまい,junior_high,1,eiken,英検語彙由来のv2正本候補。英検最小級=3。出現級=3;pre2;2。pos判定=label_raw_all,source_refs=3:655;pre2:90;2:1666; row_count=3; label_raw_all=形容詞; meaning_ja_all=狭せまい / 幅が狭い，細い,real_meaning_variants
add,801,national,national,adjective,base,1,国家こっかの,junior_high,1,eiken,英検語彙由来のv2正本候補。英検最小級=3。出現級=3;pre2;2。pos判定=label_raw_all,source_refs=3:886;pre2:750;2:1470; row_count=3; label_raw_all=形容詞; meaning_ja_all=国家こっかの / 国の，国民の,real_meaning_variants
add,802,necessary,necessary,adjective,base,1,必要ひつような,junior_high,2,eiken,英検語彙由来のv2正本候補。英検最小級=3。出現級=3;pre2。pos判定=label_raw_all,source_refs=3:1104;pre2:1167; row_count=2; label_raw_all=形容詞; meaning_ja_all=必要ひつような / 必要な,real_meaning_variants
add,803,neighbor,neighbor,noun,base,1,隣人りんじん,junior_high,2,eiken,英検語彙由来のv2正本候補。英検最小級=3。出現級=3;2。pos判定=label_raw_all,source_refs=3:1062;2:1371; row_count=2; label_raw_all=名詞; meaning_ja_all=隣人りんじん / 隣人，近隣住民,real_meaning_variants
add,805,nervous,nervous,adjective,base,1,あがっている,junior_high,1,eiken,英検語彙由来のv2正本候補。英検最小級=3。出現級=3;pre2;2。pos判定=label_raw_all,source_refs=3:81;pre2:96;2:1628; row_count=3; label_raw_all=形容詞; meaning_ja_all=あがっている / 神経質な，びくびくして,real_meaning_variants
add,809,notice,notice,verb,base,1,気きづく,junior_high,1,eiken,英検語彙由来のv2正本候補。英検最小級=3。出現級=3;pre2;2。pos判定=label_raw_all,source_refs=3:248;pre2:79;2:1115; row_count=3; label_raw_all=動詞; meaning_ja_all=気きづく / 気づく/通知,real_meaning_variants
add,810,nuclear,nuclear,adjective,base,1,核かくの、原子力げんしりょくの,junior_high,1,eiken,英検語彙由来のv2正本候補。英検最小級=3。出現級=3;pre2;2。pos判定=label_raw_all,source_refs=3:730;pre2:899;2:1785; row_count=3; label_raw_all=形容詞; meaning_ja_all=核かくの、原子力げんしりょくの / 核の，中心の,real_meaning_variants
add,813,opinion,opinion,noun,base,1,意見いけん，考かんがえ,junior_high,1,eiken,英検語彙由来のv2正本候補。英検最小級=3。出現級=3;pre2;2。pos判定=label_raw_all,source_refs=3:921;pre2:858;2:867; row_count=3; label_raw_all=名詞; meaning_ja_all=意見いけん，考かんがえ / 意見，考え,real_meaning_variants
add,814,order,order,noun,base,1,注文ちゅうもんする,junior_high,1,eiken,英検語彙由来のv2正本候補。英検最小級=3。出現級=3;pre2;2。pos判定=label_raw_all_multi:noun|verb,source_refs=3:263;pre2:892;2:1397; row_count=3; label_raw_all=動詞;名詞; meaning_ja_all=注文ちゅうもんする / 命令，指令,multiple_pos_from_label_raw;real_meaning_variants
add,815,ordinary,ordinary,adjective,base,1,普通ふつうの,junior_high,1,eiken,英検語彙由来のv2正本候補。英検最小級=3。出現級=3;pre2;2。pos判定=label_raw_all,source_refs=3:687;pre2:364;2:914; row_count=3; label_raw_all=形容詞; meaning_ja_all=普通ふつうの / ふつうの，いつもの,real_meaning_variants
add,818,pain,pain,noun,base,1,痛いたみ,junior_high,1,eiken,英検語彙由来のv2正本候補。英検最小級=3。出現級=3;pre2;2。pos判定=label_raw_all,source_refs=3:934;pre2:374;2:112; row_count=3; label_raw_all=名詞; meaning_ja_all=痛いたみ / 痛み，苦痛,real_meaning_variants
add,821,peaceful,peaceful,adjective,base,1,平和へいわな,junior_high,2,eiken,英検語彙由来のv2正本候補。英検最小級=3。出現級=3;2。pos判定=label_raw_all,source_refs=3:426;2:518; row_count=2; label_raw_all=形容詞; meaning_ja_all=平和へいわな / 平和な，安らかな,real_meaning_variants
add,823,period,period,noun,base,1,時代じだい,junior_high,1,eiken,英検語彙由来のv2正本候補。英検最小級=3。出現級=3;pre2;2。pos判定=label_raw_all,source_refs=3:1210;pre2:318;2:1535; row_count=3; label_raw_all=名詞; meaning_ja_all=時代じだい / 期間，周期,real_meaning_variants
add,826,plant,plant,noun,base,1,植物しょくぶつ,junior_high,2,eiken,英検語彙由来のv2正本候補。英検最小級=3。出現級=3;2。pos判定=label_raw_all,source_refs=3:213;2:1312; row_count=2; label_raw_all=名詞; meaning_ja_all=植物しょくぶつ / 植物，草木,real_meaning_variants
add,827,pleasure,pleasure,noun,base,1,楽しみたのしみ,junior_high,1,eiken,英検語彙由来のv2正本候補。英検最小級=3。出現級=3;pre2;2。pos判定=label_raw_all,source_refs=3:508;pre2:818;2:1035; row_count=3; label_raw_all=名詞; meaning_ja_all=楽しみたのしみ / 楽しみ，喜び,real_meaning_variants
add,828,poet,poet,noun,base,1,詩人しじん,junior_high,1,eiken,英検語彙由来のv2正本候補。英検最小級=3。出現級=3;pre2;2。pos判定=label_raw_all,source_refs=3:799;pre2:712;2:1323; row_count=3; label_raw_all=名詞; meaning_ja_all=詩人しじん / 詩人，作詩者,real_meaning_variants
add,829,possible,possible,adjective,base,1,可能かのうな,junior_high,1,eiken,英検語彙由来のv2正本候補。英検最小級=3。出現級=3;pre2;2。pos判定=label_raw_all,source_refs=3:830;pre2:1142;2:1059; row_count=3; label_raw_all=形容詞; meaning_ja_all=可能かのうな / 可能な，実現可能な,real_meaning_variants
add,830,president,president,noun,base,1,大統領だいとうりょう,junior_high,1,eiken,英検語彙由来のv2正本候補。英検最小級=3。出現級=3;pre2;2。pos判定=label_raw_all,source_refs=3:774;3:1044;pre2:243;2:1342; row_count=4; label_raw_all=名詞; meaning_ja_all=大統領だいとうりょう / 社長しゃちょう / 社長，大統領,real_meaning_variants
add,831,pretty,pretty,adverb,base,1,かなり,junior_high,1,eiken,英検語彙由来のv2正本候補。英検最小級=3。出現級=3;pre2;2。pos判定=label_raw_all,source_refs=3:1194;pre2:1213;2:1518; row_count=3; label_raw_all=副詞; meaning_ja_all=かなり / かなり，相当に,real_meaning_variants
add,832,price,price,noun,base,1,値段ねだん,junior_high,2,eiken,英検語彙由来のv2正本候補。英検最小級=3。出現級=3;2。pos判定=label_raw_all,source_refs=3:301;2:1451; row_count=2; label_raw_all=名詞; meaning_ja_all=値段ねだん / 値段，価格,real_meaning_variants
add,833,prize,prize,noun,base,1,賞しょう,junior_high,2,eiken,英検語彙由来のv2正本候補。英検最小級=3。出現級=3;2。pos判定=label_raw_all,source_refs=3:199;2:874; row_count=2; label_raw_all=名詞; meaning_ja_all=賞しょう / 賞，報酬,real_meaning_variants
add,834,probably,probably,adverb,base,1,多分たぶん,junior_high,1,eiken,英検語彙由来のv2正本候補。英検最小級=3。出現級=3;pre2;2。pos判定=label_raw_all,source_refs=3:627;pre2:503;2:104; row_count=3; label_raw_all=副詞; meaning_ja_all=多分たぶん / おそらく，大抵,real_meaning_variants
add,835,progress,progress,noun,base,1,進歩しんぽ,junior_high,1,eiken,英検語彙由来のv2正本候補。英検最小級=3。出現級=3;pre2;2。pos判定=label_raw_all,source_refs=3:1010;pre2:367;2:578; row_count=3; label_raw_all=名詞; meaning_ja_all=進歩しんぽ / 進歩，前進,real_meaning_variants
add,837,protect,protect,verb,base,1,を守まもる、保護ほごする,junior_high,1,eiken,英検語彙由来のv2正本候補。英検最小級=3。出現級=3;pre2;2。pos判定=label_raw_all,source_refs=3:532;pre2:34;2:1513; row_count=3; label_raw_all=動詞; meaning_ja_all=を守まもる、保護ほごする / を守る，保護する,real_meaning_variants
add,838,protest,protest,verb,base,1,抗議こうぎする,junior_high,2,eiken,英検語彙由来のv2正本候補。英検最小級=3。出現級=3;2。pos判定=label_raw_all,source_refs=3:1055;2:588; row_count=2; label_raw_all=動詞; meaning_ja_all=抗議こうぎする / 抗議する，主張する,real_meaning_variants
add,839,purpose,purpose,noun,base,1,目的もくてき,junior_high,1,eiken,英検語彙由来のv2正本候補。英検最小級=3。出現級=3;pre2;2。pos判定=label_raw_all,source_refs=3:437;pre2:661;2:484; row_count=3; label_raw_all=名詞; meaning_ja_all=目的もくてき / 目的，目標,real_meaning_variants
add,840,pursue,pursue,verb,base,1,を追おい求もとめる,junior_high,1,eiken,英検語彙由来のv2正本候補。英検最小級=3。出現級=3;pre2;2;pre1。pos判定=label_raw_all,source_refs=3:1077;pre2:679;2:1773;pre1:3210; row_count=4; label_raw_all=動詞; meaning_ja_all=を追おい求もとめる / 追い求める，追跡する,real_meaning_variants
add,841,quarter,quarter,noun,base,1,4分ぶんの1,junior_high,1,eiken,英検語彙由来のv2正本候補。英検最小級=3。出現級=3;pre2;2。pos判定=label_raw_all,source_refs=3:1066;pre2:1203;2:1273; row_count=3; label_raw_all=名詞; meaning_ja_all=4分ぶんの1 / 四半期，四分期,real_meaning_variants
add,845,quite,quite,adverb,base,1,かなり，相当そうとう,junior_high,1,eiken,英検語彙由来のv2正本候補。英検最小級=3。出現級=3;pre2;2。pos判定=label_raw_all,source_refs=3:1201;pre2:393;2:1063; row_count=3; label_raw_all=副詞; meaning_ja_all=かなり，相当そうとう / かなり，相当に,real_meaning_variants
add,847,raise,raise,verb,base,1,手てなどを挙あげる,junior_high,1,eiken,英検語彙由来のv2正本候補。英検最小級=3。出現級=3;pre2;2。pos判定=label_raw_all,source_refs=3:646;pre2:51;2:143; row_count=3; label_raw_all=動詞; meaning_ja_all=手てなどを挙あげる / を上げる，持ち上げる,real_meaning_variants
add,848,rapidly,rapidly,adverb,base,1,速はやく，急速きゅうそくに,junior_high,1,eiken,英検語彙由来のv2正本候補。英検最小級=3。出現級=3;pre2;2。pos判定=label_raw_all,source_refs=3:1133;pre2:332;2:1530; row_count=3; label_raw_all=副詞; meaning_ja_all=速はやく，急速きゅうそくに / 素早く，迅速に,real_meaning_variants
add,849,raw,raw,adjective,base,1,生なまの,junior_high,2,eiken,英検語彙由来のv2正本候補。英検最小級=3。出現級=3;2。pos判定=label_raw_all,source_refs=3:1184;2:1251; row_count=2; label_raw_all=形容詞; meaning_ja_all=生なまの / 生の，未加工の,real_meaning_variants
add,850,reach,reach,verb,base,1,届とどく,junior_high,1,eiken,英検語彙由来のv2正本候補。英検最小級=3。出現級=3;pre2;2。pos判定=label_raw_all,source_refs=3:556;pre2:667;2:1355; row_count=3; label_raw_all=動詞; meaning_ja_all=届とどく / 到着する，辿り着く,real_meaning_variants
add,852,receive,receive,verb,base,1,を受うけ取とる,junior_high,1,eiken,英検語彙由来のv2正本候補。英検最小級=3。出現級=3;pre2;2。pos判定=label_raw_all,source_refs=3:494;pre2:807;2:293; row_count=3; label_raw_all=動詞; meaning_ja_all=を受うけ取とる / を受理する，受け取る,real_meaning_variants
add,853,recently,recently,adverb,base,1,最近さいきん,junior_high,1,eiken,英検語彙由来のv2正本候補。英検最小級=3。出現級=3;pre2;2。pos判定=label_raw_all,source_refs=3:547;pre2:56;2:10; row_count=3; label_raw_all=副詞; meaning_ja_all=最近さいきん / 最近，このごろ,real_meaning_variants
add,854,relation,relation,noun,base,1,関係かんけい,junior_high,1,eiken,英検語彙由来のv2正本候補。英検最小級=3。出現級=3;pre2;2。pos判定=label_raw_all,source_refs=3:1031;pre2:385;2:1013; row_count=3; label_raw_all=名詞; meaning_ja_all=関係かんけい / 関係性，相互作用,real_meaning_variants
add,855,relatively,relatively,adverb,base,1,比較的ひかくてき,junior_high,2,eiken,英検語彙由来のv2正本候補。英検最小級=3。出現級=3;2。pos判定=label_raw_all,source_refs=3:776;2:671; row_count=2; label_raw_all=副詞; meaning_ja_all=比較的ひかくてき / 比較的，相対的に,real_meaning_variants
add,856,release,release,verb,base,1,を放出ほうしゅつする,junior_high,1,eiken,英検語彙由来のv2正本候補。英検最小級=3。出現級=3;pre2;2。pos判定=label_raw_all,source_refs=3:1094;pre2:197;2:1915; row_count=3; label_raw_all=動詞; meaning_ja_all=を放出ほうしゅつする / 解き放つ，解放する,real_meaning_variants
add,858,researcher,researcher,noun,base,1,研究者けんきゅうしゃ,junior_high,2,eiken,英検語彙由来のv2正本候補。英検最小級=3。出現級=3;2。pos判定=label_raw_all,source_refs=3:849;2:804; row_count=2; label_raw_all=名詞; meaning_ja_all=研究者けんきゅうしゃ / 研究者，調査員,real_meaning_variants
add,859,resident,resident,noun,base,1,住民じゅうみん，居住者きょじゅうしゃ,junior_high,1,eiken,英検語彙由来のv2正本候補。英検最小級=3。出現級=3;pre2;2。pos判定=label_raw_all,source_refs=3:983;pre2:1248;2:92; row_count=3; label_raw_all=名詞; meaning_ja_all=住民じゅうみん，居住者きょじゅうしゃ / 住民，居住者,real_meaning_variants
add,860,resource,resource,noun,base,1,資源しげん,junior_high,1,eiken,英検語彙由来のv2正本候補。英検最小級=3。出現級=3;pre2;2。pos判定=label_raw_all,source_refs=3:1139;pre2:294;2:950; row_count=3; label_raw_all=名詞; meaning_ja_all=資源しげん / 資源，資産,real_meaning_variants
add,861,respect,respect,noun,base,1,を尊敬そんけいする,junior_high,1,eiken,英検語彙由来のv2正本候補。英検最小級=3。出現級=3;pre2;2。pos判定=label_raw_all_multi:noun|verb,source_refs=3:1172;pre2:663;2:1415; row_count=3; label_raw_all=動詞;名詞; meaning_ja_all=を尊敬そんけいする / 尊敬，敬意,multiple_pos_from_label_raw;real_meaning_variants
add,866,satisfy,satisfy,verb,base,1,を満足まんぞくさせる,junior_high,1,eiken,英検語彙由来のv2正本候補。英検最小級=3。出現級=3;pre2;2。pos判定=label_raw_all,source_refs=3:863;pre2:1300;2:197; row_count=3; label_raw_all=動詞; meaning_ja_all=を満足まんぞくさせる / を満足させる，を喜ばせる,real_meaning_variants
add,871,several,several,adjective,base,1,幾いくつかの,junior_high,1,eiken,英検語彙由来のv2正本候補。英検最小級=3。出現級=3;pre2;2。pos判定=label_raw_all,source_refs=3:615;pre2:425;2:12; row_count=3; label_raw_all=形容詞; meaning_ja_all=幾いくつかの / 幾つかの，いくらかの,real_meaning_variants
add,875,share,share,verb,base,1,分わかち合あう,junior_high,1,eiken,英検語彙由来のv2正本候補。英検最小級=3。出現級=3;pre2;2。pos判定=label_raw_all,source_refs=3:491;pre2:1110;2:1015; row_count=3; label_raw_all=動詞; meaning_ja_all=分わかち合あう / 分かち合う/分け前,real_meaning_variants
add,877,should,should,auxiliary,base,1,～すべきである,junior_high,2,eiken,英検語彙由来のv2正本候補。英検最小級=3。出現級=3。pos判定=label_raw_all_multi:auxiliary|verb,source_refs=3:136; row_count=1; label_raw_all=助動詞,multiple_pos_from_label_raw
add,880,sidewalk,sidewalk,noun,base,1,歩道ほどう,junior_high,2,eiken,英検語彙由来のv2正本候補。英検最小級=3。出現級=3;pre1。pos判定=label_raw_all,source_refs=3:1089;pre1:446; row_count=2; label_raw_all=名詞; meaning_ja_all=歩道ほどう / 歩道，歩行者道,real_meaning_variants
add,881,sight,sight,noun,base,1,見みること,junior_high,1,eiken,英検語彙由来のv2正本候補。英検最小級=3。出現級=3;pre2;2。pos判定=label_raw_all,source_refs=3:551;pre2:611;2:291; row_count=3; label_raw_all=名詞; meaning_ja_all=見みること / 見ること，視力,real_meaning_variants
add,882,sign,sign,noun,base,1,標識ひょうしき,junior_high,1,eiken,英検語彙由来のv2正本候補。英検最小級=3。出現級=3;pre2;2。pos判定=label_raw_all,source_refs=3:112;pre2:415;2:576; row_count=3; label_raw_all=名詞; meaning_ja_all=標識ひょうしき / 標識，印，合図,real_meaning_variants
add,887,site,site,noun,base,1,場所ばしょ,junior_high,2,eiken,英検語彙由来のv2正本候補。英検最小級=3。出現級=3;2。pos判定=label_raw_all,source_refs=3:963;2:1432; row_count=2; label_raw_all=名詞; meaning_ja_all=場所ばしょ / 場所，地点,real_meaning_variants
add,889,smell,smell,verb,base,1,においがする,junior_high,1,eiken,英検語彙由来のv2正本候補。英検最小級=3。出現級=3;pre2;2。pos判定=label_raw_all,source_refs=3:648;pre2:580;2:613; row_count=3; label_raw_all=動詞; meaning_ja_all=においがする / においがする，臭いがする,real_meaning_variants
add,892,solve,solve,verb,base,1,を解決かいけつする,junior_high,1,eiken,英検語彙由来のv2正本候補。英検最小級=3。出現級=3;pre2;2。pos判定=label_raw_all,source_refs=3:1074;pre2:342;2:442; row_count=3; label_raw_all=動詞; meaning_ja_all=を解決かいけつする / を解決する，解消する,real_meaning_variants
add,893,somehow,somehow,adverb,base,1,何なんらかの形かたちで,junior_high,1,eiken,英検語彙由来のv2正本候補。英検最小級=3。出現級=3;pre2;2。pos判定=label_raw_all,source_refs=3:1173;pre2:861;2:1454; row_count=3; label_raw_all=副詞; meaning_ja_all=何なんらかの形かたちで / どうにか，何とか,real_meaning_variants
add,894,someone,someone,pronoun,base,1,だれか、ある人ひと,junior_high,2,eiken,英検語彙由来のv2正本候補。英検最小級=3。出現級=3。pos判定=label_raw_all_multi:pronoun|noun,source_refs=3:704; row_count=1; label_raw_all=代名詞,multiple_pos_from_label_raw
add,898,sort,sort,noun,base,1,種類しゅるい,junior_high,1,eiken,英検語彙由来のv2正本候補。英検最小級=3。出現級=3;pre2;2。pos判定=label_raw_all,source_refs=3:894;pre2:1103;2:1579; row_count=3; label_raw_all=名詞; meaning_ja_all=種類しゅるい / 種類，類,real_meaning_variants
add,899,species,species,noun,base,1,種たね,junior_high,2,eiken,英検語彙由来のv2正本候補。英検最小級=3。出現級=3;2。pos判定=label_raw_all,source_refs=3:1189;2:1872; row_count=2; label_raw_all=名詞; meaning_ja_all=種たね / 種，種族,real_meaning_variants
add,900,spread,spread,verb,base,1,広ひろがる、広ひろまる,junior_high,1,eiken,英検語彙由来のv2正本候補。英検最小級=3。出現級=3;pre2;2。pos判定=label_raw_all,source_refs=3:764;pre2:57;2:278; row_count=3; label_raw_all=動詞; meaning_ja_all=広ひろがる、広ひろまる / を広げる，広がる,real_meaning_variants
add,905,steam,steam,noun,base,1,蒸気じょうき,junior_high,1,eiken,英検語彙由来のv2正本候補。英検最小級=3。出現級=3;pre2;2。pos判定=label_raw_all,source_refs=3:932;pre2:649;2:1935; row_count=3; label_raw_all=名詞; meaning_ja_all=蒸気じょうき / 蒸気，湯気 / 蒸気，水蒸気,real_meaning_variants
add,908,stranger,stranger,noun,base,1,他人たにん,junior_high,1,eiken,英検語彙由来のv2正本候補。英検最小級=3。出現級=3;pre2;2。pos判定=label_raw_all,source_refs=3:1061;pre2:1019;2:758; row_count=3; label_raw_all=名詞; meaning_ja_all=他人たにん / 他人，他者,real_meaning_variants
add,909,strict,strict,adjective,base,1,厳きびしい,junior_high,2,eiken,英検語彙由来のv2正本候補。英検最小級=3。出現級=3;2。pos判定=label_raw_all,source_refs=3:812;2:1576; row_count=2; label_raw_all=形容詞; meaning_ja_all=厳きびしい / 厳しい，厳格な,real_meaning_variants
add,912,supply,supply,noun,base,1,供給きょうきゅう,junior_high,2,eiken,英検語彙由来のv2正本候補。英検最小級=3。出現級=3;pre2。pos判定=label_raw_all,source_refs=3:883;pre2:1045; row_count=2; label_raw_all=名詞; meaning_ja_all=供給きょうきゅう / 供給,real_meaning_variants
add,914,surely,surely,adverb,base,1,確たしかに,junior_high,2,eiken,英検語彙由来のv2正本候補。英検最小級=3。出現級=3;pre2。pos判定=label_raw_all,source_refs=3:1156;pre2:1156; row_count=2; label_raw_all=副詞; meaning_ja_all=確たしかに / 確かに,real_meaning_variants
add,916,surround,surround,verb,base,1,を囲かこむ,junior_high,1,eiken,英検語彙由来のv2正本候補。英検最小級=3。出現級=3;pre2;2。pos判定=label_raw_all,source_refs=3:911;pre2:419;2:332; row_count=3; label_raw_all=動詞; meaning_ja_all=を囲かこむ / を取り囲む，を包囲する,real_meaning_variants
add,917,survey,survey,noun,base,1,調査ちょうさ,junior_high,1,eiken,英検語彙由来のv2正本候補。英検最小級=3。出現級=3;pre2;2。pos判定=label_raw_all_multi:noun|verb,source_refs=3:890;pre2:73;2:79; row_count=3; label_raw_all=名詞;名詞/動詞; meaning_ja_all=調査ちょうさ / 調査/を見渡す,multiple_pos_from_label_raw;real_meaning_variants
add,918,survival,survival,noun,base,1,存続そんぞく，生いき残のこること,junior_high,1,eiken,英検語彙由来のv2正本候補。英検最小級=3。出現級=3;pre2;2。pos判定=label_raw_all,source_refs=3:1185;pre2:607;2:1778; row_count=3; label_raw_all=名詞; meaning_ja_all=存続そんぞく，生いき残のこること / 生存/生き延びる / 生存，生き残ること,real_meaning_variants
add,919,survive,survive,verb,base,1,生いき残のこる,junior_high,2,eiken,英検語彙由来のv2正本候補。英検最小級=3。出現級=3;2。pos判定=label_raw_all,source_refs=3:915;2:811; row_count=2; label_raw_all=動詞; meaning_ja_all=生いき残のこる / 生き残る，存続する,real_meaning_variants
add,920,sustainable,sustainable,adjective,base,1,存続可能そんぞくかのうな,junior_high,1,eiken,英検語彙由来のv2正本候補。英検最小級=3。出現級=3;pre2;2;pre1。pos判定=label_raw_all,source_refs=3:748;pre2:1457;2:445;pre1:2580; row_count=4; label_raw_all=形容詞; meaning_ja_all=存続可能そんぞくかのうな / 存続可能な，持続可能な,real_meaning_variants
add,922,taste,taste,noun,base,1,味あじ,junior_high,1,eiken,英検語彙由来のv2正本候補。英検最小級=3。出現級=3;pre2;2。pos判定=label_raw_all,source_refs=3:395;pre2:441;2:286; row_count=3; label_raw_all=名詞; meaning_ja_all=味あじ / 味，風味/な味がする,real_meaning_variants
add,923,tax,tax,noun,base,1,税ぜい，税金ぜいきん,junior_high,1,eiken,英検語彙由来のv2正本候補。英検最小級=3。出現級=3;pre2;2。pos判定=label_raw_all,source_refs=3:821;pre2:165;2:1784; row_count=3; label_raw_all=名詞; meaning_ja_all=税ぜい，税金ぜいきん / 税金，税収,real_meaning_variants
add,924,tear,tear,noun,base,1,涙なみだ,junior_high,1,eiken,英検語彙由来のv2正本候補。英検最小級=3。出現級=3;pre2;2。pos判定=label_raw_all_multi:noun|verb,source_refs=3:1182;pre2:226;2:1051; row_count=3; label_raw_all=名詞;動詞; meaning_ja_all=涙なみだ / を引き裂く，を裂く,multiple_pos_from_label_raw;real_meaning_variants
add,925,terrible,terrible,adjective,base,1,ひどい,junior_high,1,eiken,英検語彙由来のv2正本候補。英検最小級=3。出現級=3;pre2;2。pos判定=label_raw_all,source_refs=3:955;pre2:372;2:1930; row_count=3; label_raw_all=形容詞; meaning_ja_all=ひどい / ひどい，恐ろしい,real_meaning_variants
add,930,tightly,tightly,adverb,base,1,しっかりと,junior_high,2,eiken,英検語彙由来のv2正本候補。英検最小級=3。出現級=3;pre1。pos判定=label_raw_all,source_refs=3:770;pre1:40; row_count=2; label_raw_all=副詞; meaning_ja_all=しっかりと / しっかりと，きつく,real_meaning_variants
add,931,tiny,tiny,adjective,base,1,小ちいさな,junior_high,1,eiken,英検語彙由来のv2正本候補。英検最小級=3。出現級=3;pre2;2。pos判定=label_raw_all,source_refs=3:943;pre2:207;2:1286; row_count=3; label_raw_all=形容詞; meaning_ja_all=小ちいさな / ごく小さい，微小な,real_meaning_variants
add,934,tough,tough,adjective,base,1,困難な，難むずかしい,junior_high,2,eiken,英検語彙由来のv2正本候補。英検最小級=3。出現級=3;2。pos判定=label_raw_all,source_refs=3:768;2:1489; row_count=2; label_raw_all=形容詞; meaning_ja_all=困難な，難むずかしい / 頑強な，丈夫な,real_meaning_variants
add,936,tradition,tradition,noun,base,1,伝統でんとう,junior_high,1,eiken,英検語彙由来のv2正本候補。英検最小級=3。出現級=3;pre2;2。pos判定=label_raw_all,source_refs=3:629;pre2:657;2:1836; row_count=3; label_raw_all=名詞; meaning_ja_all=伝統でんとう / 伝統，慣習,real_meaning_variants
add,937,traditional,traditional,adjective,base,1,伝統的でんとうてきな,junior_high,1,eiken,英検語彙由来のv2正本候補。英検最小級=3。出現級=3;pre2;2。pos判定=label_raw_all,source_refs=3:669;pre2:10;2:1267; row_count=3; label_raw_all=形容詞; meaning_ja_all=伝統的でんとうてきな / 伝統的な，慣習的な,real_meaning_variants
add,938,transport,transport,verb,base,1,を輸送ゆそうする,junior_high,1,eiken,英検語彙由来のv2正本候補。英検最小級=3。出現級=3;pre2;2。pos判定=label_raw_all,source_refs=3:864;pre2:1147;2:547; row_count=3; label_raw_all=動詞; meaning_ja_all=を輸送ゆそうする / を輸送する，を運搬する,real_meaning_variants
add,939,treasure,treasure,noun,base,1,宝物たからもの,junior_high,2,eiken,英検語彙由来のv2正本候補。英検最小級=3。出現級=3;2。pos判定=label_raw_all,source_refs=3:1161;2:1602; row_count=2; label_raw_all=名詞; meaning_ja_all=宝物たからもの / 宝，財産,real_meaning_variants
add,940,trust,trust,noun,base,1,を信用しんようする,junior_high,1,eiken,英検語彙由来のv2正本候補。英検最小級=3。出現級=3;pre2;2。pos判定=label_raw_all_multi:noun|verb,source_refs=3:1114;pre2:736;2:1365; row_count=3; label_raw_all=動詞;名詞; meaning_ja_all=を信用しんようする / 信頼，信用,multiple_pos_from_label_raw;real_meaning_variants
add,942,uncomfortable,uncomfortable,adjective,base,1,心地ここちの悪わるい,junior_high,2,eiken,英検語彙由来のv2正本候補。英検最小級=3。出現級=3;2。pos判定=label_raw_all,source_refs=3:1137;2:1425; row_count=2; label_raw_all=形容詞; meaning_ja_all=心地ここちの悪わるい / 心地の悪い，不快な,real_meaning_variants
add,946,universe,universe,noun,base,1,宇宙うちゅう,junior_high,1,eiken,英検語彙由来のv2正本候補。英検最小級=3。出現級=3;pre2;2。pos判定=label_raw_all,source_refs=3:1072;pre2:855;2:1561; row_count=3; label_raw_all=名詞; meaning_ja_all=宇宙うちゅう / 宇宙，宙域,real_meaning_variants
add,947,university,university,noun,base,1,大学だいがく,junior_high,1,eiken,英検語彙由来のv2正本候補。英検最小級=3。出現級=3;pre2;2。pos判定=label_raw_all,source_refs=3:183;pre2:835;2:1753; row_count=3; label_raw_all=名詞; meaning_ja_all=大学だいがく / 大学，大学校,real_meaning_variants
add,948,until,until,preposition,base,1,まで，までは,junior_high,1,eiken,英検語彙由来のv2正本候補。英検最小級=3。出現級=3;pre2;2。pos判定=label_raw_all_multi:preposition|conjunction,source_refs=3:35;pre2:1240;2:75; row_count=3; label_raw_all=前置詞;接続詞/前置詞; meaning_ja_all=まで，までは / までに，まで,multiple_pos_from_label_raw;real_meaning_variants
add,950,violence,violence,noun,base,1,暴力ぼうりょく,junior_high,1,eiken,英検語彙由来のv2正本候補。英検最小級=3。出現級=3;pre2;2。pos判定=label_raw_all,source_refs=3:701;pre2:1127;2:764; row_count=3; label_raw_all=名詞; meaning_ja_all=暴力ぼうりょく / 暴力，乱暴,real_meaning_variants
add,953,warn,warn,verb,base,1,警告けいこくする,junior_high,1,eiken,英検語彙由来のv2正本候補。英検最小級=3。出現級=3;pre2;2。pos判定=label_raw_all,source_refs=3:589;pre2:199;2:992; row_count=3; label_raw_all=動詞; meaning_ja_all=警告けいこくする / 警告する，警戒する,real_meaning_variants
add,957,well-known,well-known,adjective,base,1,有名ゆうめいな,junior_high,1,eiken,英検語彙由来のv2正本候補。英検最小級=3。出現級=3;pre2;2。pos判定=label_raw_all,source_refs=3:1081;pre2:500;2:1236; row_count=3; label_raw_all=形容詞; meaning_ja_all=有名ゆうめいな / よく知られた，有名な,real_meaning_variants
add,959,whole,whole,adjective,base,1,全すべての,junior_high,1,eiken,英検語彙由来のv2正本候補。英検最小級=3。出現級=3;pre2;2。pos判定=label_raw_all,source_refs=3:692;pre2:1063;2:1905; row_count=3; label_raw_all=形容詞; meaning_ja_all=全すべての / 全部の，すべての,real_meaning_variants
add,962,within,within,preposition,base,1,以内いないで,junior_high,1,eiken,英検語彙由来のv2正本候補。英検最小級=3。出現級=3;pre2;2。pos判定=label_raw_all,source_refs=3:662;pre2:440;2:1414; row_count=3; label_raw_all=前置詞; meaning_ja_all=以内いないで / 以内で，内部で,real_meaning_variants
add,964,wonder,wonder,verb,base,1,不思議ふしぎに思おもう,junior_high,2,eiken,英検語彙由来のv2正本候補。英検最小級=3。出現級=3;pre2。pos判定=label_raw_all,source_refs=3:817;pre2:1160; row_count=2; label_raw_all=動詞; meaning_ja_all=不思議ふしぎに思おもう / かなと思う,real_meaning_variants
add,965,worth,worth,adjective,base,1,の価値かちがある,junior_high,1,eiken,英検語彙由来のv2正本候補。英検最小級=3。出現級=3;pre2;2。pos判定=label_raw_all,source_refs=3:708;pre2:384;2:276; row_count=3; label_raw_all=形容詞; meaning_ja_all=の価値かちがある / の価値がある，（～するに）値する,real_meaning_variants
add,966,wrap,wrap,verb,base,1,を包つつむ,junior_high,1,eiken,英検語彙由来のv2正本候補。英検最小級=3。出現級=3;2;pre1。pos判定=label_raw_all,source_refs=3:878;2:491;pre1:170; row_count=3; label_raw_all=動詞; meaning_ja_all=を包つつむ / を包む，巻きつける,real_meaning_variants
add,967,wrong,wrong,adjective,base,1,間違まちがった,junior_high,1,eiken,英検語彙由来のv2正本候補。英検最小級=3。出現級=3;pre2;2。pos判定=label_raw_all,source_refs=3:325;pre2:437;2:1866; row_count=3; label_raw_all=形容詞; meaning_ja_all=間違まちがった / 間違い，誤った,real_meaning_variants
add,969,yet,yet,adverb,base,1,まだ，今いまのところは,junior_high,2,eiken,英検語彙由来のv2正本候補。英検最小級=3。出現級=3。pos判定=label_raw_all,source_refs=3:973;3:1142; row_count=2; label_raw_all=副詞; meaning_ja_all=まだ，今いまのところは / もう，すでに,real_meaning_variants
add,1004,aid,aid,noun,base,1,援助/助ける,high_school,1,eiken,英検語彙由来のv2正本候補。英検最小級=pre2。出現級=pre2;2;pre1。pos判定=label_raw_all_multi:noun|verb,source_refs=pre2:815;2:729;pre1:3366; row_count=3; label_raw_all=名詞;名詞/動詞,multiple_pos_from_label_raw
add,1010,ally,ally,verb,base,1,と同盟する，連合する,high_school,1,eiken,英検語彙由来のv2正本候補。英検最小級=pre2。出現級=pre2;2;pre1。pos判定=label_raw_all,source_refs=pre2:544;2:1095;pre1:459; row_count=3; label_raw_all=動詞; meaning_ja_all=と同盟する，連合する / と同盟する，手を結ぶ,real_meaning_variants
add,1036,appropriate,appropriate,adjective,base,1,適当な,high_school,1,eiken,英検語彙由来のv2正本候補。英検最小級=pre2。出現級=pre2;2;pre1。pos判定=label_raw_all,source_refs=pre2:700;2:2181;pre1:3277; row_count=3; label_raw_all=形容詞; meaning_ja_all=適当な / 適当な，充当する,real_meaning_variants
add,1082,bend,bend,verb,base,1,曲げる,high_school,2,eiken,英検語彙由来のv2正本候補。英検最小級=pre2。出現級=pre2;2。pos判定=label_raw_all,source_refs=pre2:911;2:744; row_count=2; label_raw_all=動詞; meaning_ja_all=曲げる / 曲げる，湾曲させる,real_meaning_variants
add,1083,benefit,benefit,noun,base,1,利益/に利益をもたらす,high_school,2,eiken,英検語彙由来のv2正本候補。英検最小級=pre2。出現級=pre2;2。pos判定=label_raw_all_multi:noun|verb,source_refs=pre2:928;2:21; row_count=2; label_raw_all=名詞;名詞/動詞,multiple_pos_from_label_raw
add,1098,bravely,bravely,adverb,base,1,勇気をもって,high_school,2,eiken,英検語彙由来のv2正本候補。英検最小級=pre2。出現級=pre2;2。pos判定=label_raw_all,source_refs=pre2:693;2:670; row_count=2; label_raw_all=副詞; meaning_ja_all=勇気をもって / 勇敢に，りっぱに,real_meaning_variants
add,1108,broadcast,broadcast,verb,base,1,放送する,high_school,2,eiken,英検語彙由来のv2正本候補。英検最小級=pre2。出現級=pre2;2。pos判定=label_raw_all,source_refs=pre2:921;2:1200; row_count=2; label_raw_all=動詞; meaning_ja_all=放送する / 放送する，発信する,real_meaning_variants
add,1114,cause,cause,noun,base,1,原因/の原因となる,high_school,2,eiken,英検語彙由来のv2正本候補。英検最小級=pre2。出現級=pre2;2。pos判定=label_raw_all_multi:noun|verb,source_refs=pre2:1043;2:301; row_count=2; label_raw_all=名詞;動詞,multiple_pos_from_label_raw
add,1124,chew,chew,verb,base,1,嚙む,high_school,2,eiken,英検語彙由来のv2正本候補。英検最小級=pre2。出現級=pre2;pre1。pos判定=label_raw_all,source_refs=pre2:966;pre1:413; row_count=2; label_raw_all=動詞; meaning_ja_all=嚙む / を噛む,real_meaning_variants
add,1161,concentrate,concentrate,verb,base,1,に集中する,high_school,2,eiken,英検語彙由来のv2正本候補。英検最小級=pre2。出現級=pre2;2。pos判定=label_raw_all,source_refs=pre2:917;2:2135; row_count=2; label_raw_all=動詞; meaning_ja_all=に集中する / 集中する,real_meaning_variants
add,1218,criminal,criminal,noun,base,1,犯罪の，違法の,high_school,2,eiken,英検語彙由来のv2正本候補。英検最小級=pre2。出現級=pre2;2。pos判定=label_raw_all_multi:noun|adjective,source_refs=pre2:486;2:1564; row_count=2; label_raw_all=名詞;形容詞,multiple_pos_from_label_raw
add,1261,desire,desire,noun,base,1,願望/切望する,high_school,2,eiken,英検語彙由来のv2正本候補。英検最小級=pre2。出現級=pre2;2。pos判定=label_raw_all_multi:noun|verb,source_refs=pre2:502;2:990; row_count=2; label_raw_all=名詞;動詞,multiple_pos_from_label_raw
add,1263,despite,despite,preposition,base,1,にも関わらず，けれども,high_school,1,eiken,英検語彙由来のv2正本候補。英検最小級=pre2。出現級=pre2;2;pre1;1。pos判定=label_raw_all_multi:preposition|conjunction,source_refs=pre2:781;2:275;pre1:1878;1:828; row_count=4; label_raw_all=前置詞;接続詞; meaning_ja_all=にも関わらず，けれども / にも関わらず，とはいえ,multiple_pos_from_label_raw;real_meaning_variants
add,1282,disposal,disposal,noun,base,1,処理，処分,high_school,1,eiken,英検語彙由来のv2正本候補。英検最小級=pre2。出現級=pre2;2;pre1。pos判定=label_raw_all_multi:noun|verb,source_refs=pre2:1332;2:255;pre1:1599; row_count=3; label_raw_all=動詞;名詞; meaning_ja_all=処理，処分 / 廃棄,multiple_pos_from_label_raw;real_meaning_variants
add,1356,evidence,evidence,noun,base,1,証拠，証明,high_school,1,eiken,英検語彙由来のv2正本候補。英検最小級=pre2。出現級=pre2;2。pos判定=label_raw_all,source_refs=pre2:916;2:33;2:2040; row_count=3; label_raw_all=名詞; meaning_ja_all=証拠，証明 / 証拠,real_meaning_variants
add,1400,feature,feature,noun,base,1,特徴，特性/を目玉とする,high_school,1,eiken,英検語彙由来のv2正本候補。英検最小級=pre2。出現級=pre2;2;pre1。pos判定=label_raw_all_multi:noun|verb,source_refs=pre2:398;2:174;pre1:3033; row_count=3; label_raw_all=名詞;名詞／動詞,multiple_pos_from_label_raw
add,1403,feed,feed,noun,base,1,えさを与える,high_school,2,eiken,英検語彙由来のv2正本候補。英検最小級=pre2。出現級=pre2;2。pos判定=label_raw_all_multi:noun|verb,source_refs=pre2:885;2:649; row_count=2; label_raw_all=名詞;動詞; meaning_ja_all=えさを与える / 餌を与える，育てる,multiple_pos_from_label_raw;real_meaning_variants
add,1405,female,female,noun,base,1,雌の，女性の,high_school,2,eiken,英検語彙由来のv2正本候補。英検最小級=pre2。出現級=pre2;2。pos判定=label_raw_all_multi:noun|adjective,source_refs=pre2:753;2:1991; row_count=2; label_raw_all=形容詞;名詞,multiple_pos_from_label_raw
add,1438,glance,glance,noun,base,1,一目見る/一目,high_school,1,eiken,英検語彙由来のv2正本候補。英検最小級=pre2。出現級=pre2;2;pre1。pos判定=label_raw_all_multi:noun|verb,source_refs=pre2:296;2:728;pre1:3167; row_count=3; label_raw_all=名詞;名詞/動詞;名詞／動詞,multiple_pos_from_label_raw
add,1494,indicate,indicate,verb,base,1,を指し示す,high_school,2,eiken,英検語彙由来のv2正本候補。英検最小級=pre2。出現級=pre2;2。pos判定=label_raw_all,source_refs=pre2:1205;2:2292; row_count=2; label_raw_all=動詞; meaning_ja_all=を指し示す / 指し示す,real_meaning_variants
add,1578,maximum,maximum,noun,base,1,最大，最大の,high_school,2,eiken,英検語彙由来のv2正本候補。英検最小級=pre2。出現級=pre2;2。pos判定=label_raw_all_multi:noun|adjective,source_refs=pre2:288;2:718; row_count=2; label_raw_all=形容詞;名詞,multiple_pos_from_label_raw
add,1612,nevertheless,nevertheless,conjunction,base,1,にも関わらず，けれども,high_school,1,eiken,英検語彙由来のv2正本候補。英検最小級=pre2。出現級=pre2;2。pos判定=label_raw_all_multi:conjunction|adverb,source_refs=pre2:256;2:103;2:556; row_count=3; label_raw_all=副詞;接続詞,multiple_pos_from_label_raw
add,1645,outcome,outcome,noun,base,1,結果，成果,high_school,1,eiken,英検語彙由来のv2正本候補。英検最小級=pre2。出現級=pre2;2;pre1。pos判定=label_raw_all,source_refs=pre2:646;2:2211;pre1:319; row_count=3; label_raw_all=名詞; meaning_ja_all=結果，成果 / 結果,real_meaning_variants
add,1665,pension,pension,noun,base,1,年金，老後の資金,high_school,1,eiken,英検語彙由来のv2正本候補。英検最小級=pre2。出現級=pre2;2;pre1。pos判定=label_raw_all,source_refs=pre2:769;2:1333;pre1:1275; row_count=3; label_raw_all=名詞; meaning_ja_all=年金，老後の資金 / 年金,real_meaning_variants
add,1675,phenomenon,phenomenon,noun,base,1,現象，事象,high_school,1,eiken,英検語彙由来のv2正本候補。英検最小級=pre2。出現級=pre2;2。pos判定=label_raw_all,source_refs=pre2:529;2:1604;2:2053; row_count=3; label_raw_all=名詞; meaning_ja_all=現象，事象 / 現象,real_meaning_variants
add,1743,proverb,proverb,noun,base,1,ことわざ,high_school,1,eiken,英検語彙由来のv2正本候補。英検最小級=pre2。出現級=pre2;2;pre1。pos判定=label_raw_all,source_refs=pre2:1143;2:1887;pre1:1817; row_count=3; label_raw_all=名詞; meaning_ja_all=ことわざ / ことわざ，格言,real_meaning_variants
add,1765,rational,rational,adjective,base,1,理性のある,high_school,1,eiken,英検語彙由来のv2正本候補。英検最小級=pre2。出現級=pre2;2;pre1。pos判定=label_raw_all,source_refs=pre2:842;2:1407;pre1:3398; row_count=3; label_raw_all=形容詞; meaning_ja_all=理性のある / 理性的な，合理的な,real_meaning_variants
add,1778,refer,refer,verb,base,1,を参考にする，参照する,high_school,2,eiken,英検語彙由来のv2正本候補。英検最小級=pre2。出現級=pre2;2。pos判定=label_raw_all,source_refs=pre2:511;2:2117; row_count=2; label_raw_all=動詞; meaning_ja_all=を参考にする，参照する / 言及する,real_meaning_variants
add,1780,refrigerator,refrigerator,noun,base,1,冷蔵庫,high_school,2,eiken,英検語彙由来のv2正本候補。英検最小級=pre2。出現級=pre2;pre1。pos判定=label_raw_all,source_refs=pre2:107;pre1:229; row_count=2; label_raw_all=名詞; meaning_ja_all=冷蔵庫 / 冷蔵庫，冷却装置,real_meaning_variants
add,1832,scheme,scheme,noun,base,1,計画，企画,high_school,1,eiken,英検語彙由来のv2正本候補。英検最小級=pre2。出現級=pre2;2;pre1。pos判定=label_raw_all,source_refs=pre2:775;2:1211;pre1:1864; row_count=3; label_raw_all=名詞; meaning_ja_all=計画，企画 / 計画，案,real_meaning_variants
add,1849,sigh,sigh,verb,base,1,ため息をつく，溜め息をつく,high_school,2,eiken,英検語彙由来のv2正本候補。英検最小級=pre2。出現級=pre2;2。pos判定=label_raw_all,source_refs=pre2:1151;2:1307; row_count=2; label_raw_all=動詞; meaning_ja_all=ため息をつく，溜め息をつく / ため息をつく，ため息を出す,real_meaning_variants
add,1853,silence,silence,noun,base,1,沈黙,high_school,2,eiken,英検語彙由来のv2正本候補。英検最小級=pre2。出現級=pre2;pre1。pos判定=label_raw_all,source_refs=pre2:32;pre1:56; row_count=2; label_raw_all=名詞; meaning_ja_all=沈黙 / 沈黙，静けさ,real_meaning_variants
add,1884,storage,storage,noun,base,1,保管場所，倉庫,high_school,2,eiken,英検語彙由来のv2正本候補。英検最小級=pre2。出現級=pre2;2。pos判定=label_raw_all,source_refs=pre2:297;2:1903; row_count=2; label_raw_all=名詞; meaning_ja_all=保管場所，倉庫 / 倉庫，保管場所,real_meaning_variants
add,1885,strain,strain,verb,base,1,張る，伸ばす,high_school,1,eiken,英検語彙由来のv2正本候補。英検最小級=pre2。出現級=pre2;2;pre1;1。pos判定=label_raw_all,source_refs=pre2:301;2:1723;pre1:3322;1:3214; row_count=4; label_raw_all=動詞; meaning_ja_all=張る，伸ばす / 引っ張る,real_meaning_variants
add,1914,symmetry,symmetry,noun,base,1,対称，左右対称,high_school,1,eiken,英検語彙由来のv2正本候補。英検最小級=pre2。出現級=pre2;2;1。pos判定=label_raw_all,source_refs=pre2:1401;2:362;1:1977; row_count=3; label_raw_all=名詞; meaning_ja_all=対称，左右対称 / 対称,real_meaning_variants
add,1920,temper,temper,noun,base,1,気性，かんしゃく,high_school,1,eiken,英検語彙由来のv2正本候補。英検最小級=pre2。出現級=pre2;2;pre1;1。pos判定=label_raw_all,source_refs=pre2:1432;2:410;pre1:11;1:2254; row_count=4; label_raw_all=名詞; meaning_ja_all=気性，かんしゃく / 気性,real_meaning_variants
add,1936,till,till,preposition,base,1,まで，至る,high_school,2,eiken,英検語彙由来のv2正本候補。英検最小級=pre2。出現級=pre2;2。pos判定=label_raw_all_multi:preposition|conjunction,source_refs=pre2:473;2:1622; row_count=2; label_raw_all=接続詞;前置詞,multiple_pos_from_label_raw
add,1937,tissue,tissue,noun,base,1,組織,high_school,2,eiken,英検語彙由来のv2正本候補。英検最小級=pre2。出現級=pre2;2。pos判定=label_raw_all,source_refs=pre2:1018;2:2257; row_count=2; label_raw_all=名詞; meaning_ja_all=組織 / 細胞組織，薄い織物,real_meaning_variants
add,1965,unknown,unknown,adjective,base,1,未知の，未明らかな,high_school,2,eiken,英検語彙由来のv2正本候補。英検最小級=pre2。出現級=pre2;2。pos判定=label_raw_all,source_refs=pre2:248;2:1265; row_count=2; label_raw_all=形容詞; meaning_ja_all=未知の，未明らかな / 未知の，分からない,real_meaning_variants
add,1993,whatever,whatever,pronoun,base,1,なんでも，何もかも,high_school,2,eiken,英検語彙由来のv2正本候補。英検最小級=pre2。出現級=pre2;2。pos判定=label_raw_all_multi:pronoun|noun,source_refs=pre2:1042;2:1568; row_count=2; label_raw_all=代名詞,multiple_pos_from_label_raw
add,1998,whom,whom,pronoun,base,1,誰を,high_school,2,eiken,英検語彙由来のv2正本候補。英検最小級=pre2。出現級=pre2。pos判定=label_raw_all_multi:pronoun|noun,source_refs=pre2:635; row_count=1; label_raw_all=代名詞,multiple_pos_from_label_raw
add,2006,yield,yield,verb,base,1,産出する，生ずる,high_school,1,eiken,英検語彙由来のv2正本候補。英検最小級=pre2。出現級=pre2;2;1。pos判定=label_raw_all,source_refs=pre2:525;2:1696;1:4182; row_count=3; label_raw_all=動詞; meaning_ja_all=産出する，生ずる / 産出する，与える,real_meaning_variants
add,2009,abrupt,abrupt,adjective,base,1,突然の，不意の,high_school,1,eiken,英検語彙由来のv2正本候補。英検最小級=2。出現級=2;pre1;1。pos判定=label_raw_all,source_refs=2:581;pre1:1031;1:1400; row_count=3; label_raw_all=形容詞; meaning_ja_all=突然の，不意の / 突然の，急な,real_meaning_variants
add,2017,accumulate,accumulate,verb,base,1,蓄積する,high_school,1,eiken,英検語彙由来のv2正本候補。英検最小級=2。出現級=2;pre1;1。pos判定=label_raw_all,source_refs=2:2296;pre1:1293;1:472; row_count=3; label_raw_all=動詞; meaning_ja_all=蓄積する / 蓄積する，貯蔵する,real_meaning_variants
add,2020,acquaint,acquaint,verb,base,1,知らせる,high_school,1,eiken,英検語彙由来のv2正本候補。英検最小級=2。出現級=2;pre1;1。pos判定=label_raw_all,source_refs=2:732;pre1:851;1:721; row_count=3; label_raw_all=動詞; meaning_ja_all=知らせる / に知らせる / 知らせる，通知する,real_meaning_variants
add,2039,ambiguous,ambiguous,adjective,base,1,あいまいな,high_school,1,eiken,英検語彙由来のv2正本候補。英検最小級=2。出現級=2;pre1;1。pos判定=label_raw_all,source_refs=2:2147;pre1:2313;1:4273; row_count=3; label_raw_all=形容詞; meaning_ja_all=あいまいな / 曖昧な，多義的な,real_meaning_variants
add,2062,awkward,awkward,adjective,base,1,ぎこちない,high_school,1,eiken,英検語彙由来のv2正本候補。英検最小級=2。出現級=2;pre1;1。pos判定=label_raw_all,source_refs=2:2179;pre1:761;1:193; row_count=3; label_raw_all=形容詞; meaning_ja_all=ぎこちない / ぎこちない，不器用な,real_meaning_variants
add,2110,compliment,compliment,noun,base,1,褒め言葉,high_school,1,eiken,英検語彙由来のv2正本候補。英検最小級=2。出現級=2;pre1;1。pos判定=label_raw_all,source_refs=2:2172;pre1:3343;1:1785; row_count=3; label_raw_all=名詞; meaning_ja_all=褒め言葉 / 褒め言葉，賞賛，称賛,real_meaning_variants
add,2112,comprehend,comprehend,verb,base,1,理解する,high_school,1,eiken,英検語彙由来のv2正本候補。英検最小級=2。出現級=2;pre1;1。pos判定=label_raw_all,source_refs=2:2295;pre1:1276;1:165; row_count=3; label_raw_all=動詞; meaning_ja_all=理解する / 理解する，把握する,real_meaning_variants
add,2113,conceal,conceal,verb,base,1,隠す,high_school,1,eiken,英検語彙由来のv2正本候補。英検最小級=2。出現級=2;pre1;1。pos判定=label_raw_all,source_refs=2:2069;pre1:582;1:88; row_count=3; label_raw_all=動詞; meaning_ja_all=隠す / 隠す，秘密にする,real_meaning_variants
add,2129,converse,converse,adjective,base,1,逆の,high_school,1,eiken,英検語彙由来のv2正本候補。英検最小級=2。出現級=2;pre1;1。pos判定=label_raw_all,source_refs=2:2110;pre1:2545;1:2106; row_count=3; label_raw_all=形容詞; meaning_ja_all=逆の / 話す,real_meaning_variants
add,2130,convict,convict,verb,base,1,有罪とする,high_school,1,eiken,英検語彙由来のv2正本候補。英検最小級=2。出現級=2;pre1;1。pos判定=label_raw_all,source_refs=2:2028;pre1:1301;1:259; row_count=3; label_raw_all=動詞; meaning_ja_all=有罪とする / 有罪とする，罪を宣告する,real_meaning_variants
add,2132,cough,cough,noun,base,1,咳払いする/咳,high_school,3,eiken,英検語彙由来のv2正本候補。英検最小級=2。出現級=2。pos判定=label_raw_all_multi:noun|verb,source_refs=2:788; row_count=1; label_raw_all=名詞/動詞,multiple_pos_from_label_raw
add,2162,dialect,dialect,noun,base,1,方言，地域言語,high_school,3,eiken,英検語彙由来のv2正本候補。英検最小級=2。出現級=2;pre1。pos判定=label_raw_all,source_refs=2:1434;pre1:837; row_count=2; label_raw_all=名詞; meaning_ja_all=方言，地域言語 / 方言,real_meaning_variants
add,2164,digest,digest,noun,base,1,要約/消化する,high_school,3,eiken,英検語彙由来のv2正本候補。英検最小級=2。出現級=2;pre1。pos判定=label_raw_all_multi:noun|verb,source_refs=2:701;pre1:443; row_count=2; label_raw_all=名詞/動詞;名詞,multiple_pos_from_label_raw
add,2166,diminish,diminish,verb,base,1,減らす，小さくする,high_school,3,eiken,英検語彙由来のv2正本候補。英検最小級=2。出現級=2;pre1。pos判定=label_raw_all,source_refs=2:1733;pre1:1012; row_count=2; label_raw_all=動詞; meaning_ja_all=減らす，小さくする / 減らす,real_meaning_variants
add,2170,dispute,dispute,noun,base,1,争議/論争する,high_school,3,eiken,英検語彙由来のv2正本候補。英検最小級=2。出現級=2;pre1。pos判定=label_raw_all_multi:noun|verb,source_refs=2:1683;pre1:3048; row_count=2; label_raw_all=名詞;名詞／動詞,multiple_pos_from_label_raw
add,2178,dizzy,dizzy,adjective,base,1,めまいがする，ふらふらする,high_school,1,eiken,英検語彙由来のv2正本候補。英検最小級=2。出現級=2;pre1;1。pos判定=label_raw_all,source_refs=2:504;pre1:1264;1:647; row_count=3; label_raw_all=形容詞; meaning_ja_all=めまいがする，ふらふらする / めまいがする，目が回る,real_meaning_variants
add,2214,evoke,evoke,verb,base,1,呼び起こす,high_school,1,eiken,英検語彙由来のv2正本候補。英検最小級=2。出現級=2;pre1;1。pos判定=label_raw_all,source_refs=2:2122;pre1:2511;1:154; row_count=3; label_raw_all=動詞; meaning_ja_all=呼び起こす / 呼び起こす，引き起こす,real_meaning_variants
add,2220,exclusive,exclusive,adjective,base,1,閉鎖的な,high_school,1,eiken,英検語彙由来のv2正本候補。英検最小級=2。出現級=2;pre1;1。pos判定=label_raw_all,source_refs=2:2250;pre1:1083;1:223; row_count=3; label_raw_all=形容詞; meaning_ja_all=閉鎖的な / 閉鎖的な，内向的な,real_meaning_variants
add,2232,extract,extract,verb,base,1,抜き取る,high_school,1,eiken,英検語彙由来のv2正本候補。英検最小級=2。出現級=2;pre1;1。pos判定=label_raw_all,source_refs=2:2016;pre1:1245;1:402; row_count=3; label_raw_all=動詞; meaning_ja_all=抜き取る / 抜き取る，取り除く,real_meaning_variants
add,2233,eyesight,eyesight,noun,base,1,視界,high_school,3,eiken,英検語彙由来のv2正本候補。英検最小級=2。出現級=2;pre1。pos判定=label_raw_all,source_refs=2:2133;pre1:1779; row_count=2; label_raw_all=名詞; meaning_ja_all=視界 / 視界，視野，視力,real_meaning_variants
add,2249,fraction,fraction,noun,base,1,分数,high_school,1,eiken,英検語彙由来のv2正本候補。英検最小級=2。出現級=2;pre1;1。pos判定=label_raw_all,source_refs=2:2068;pre1:1400;1:277; row_count=3; label_raw_all=名詞; meaning_ja_all=分数 / 分数，小数,real_meaning_variants
add,2253,frown,frown,noun,base,1,しかめっ面，顔をしかめる,high_school,3,eiken,英検語彙由来のv2正本候補。英検最小級=2。出現級=2;pre1。pos判定=label_raw_all_multi:noun|verb,source_refs=2:869;pre1:817; row_count=2; label_raw_all=名詞/動詞;動詞,multiple_pos_from_label_raw
add,2275,handout,handout,noun,base,1,配布物,high_school,1,eiken,英検語彙由来のv2正本候補。英検最小級=2。出現級=2;pre1;1。pos判定=label_raw_all,source_refs=2:2049;pre1:1827;1:1072; row_count=3; label_raw_all=名詞; meaning_ja_all=配布物 / 配布物，配布資料,real_meaning_variants
add,2277,harsh,harsh,adjective,base,1,厳しい,high_school,1,eiken,英検語彙由来のv2正本候補。英検最小級=2。出現級=2;pre1;1。pos判定=label_raw_all,source_refs=2:2281;pre1:147;1:131; row_count=3; label_raw_all=形容詞; meaning_ja_all=厳しい / 厳しい，過酷な,real_meaning_variants
add,2281,hierarchy,hierarchy,noun,base,1,階層,high_school,1,eiken,英検語彙由来のv2正本候補。英検最小級=2。出現級=2;pre1;1。pos判定=label_raw_all,source_refs=2:2120;pre1:2300;1:217; row_count=3; label_raw_all=名詞; meaning_ja_all=階層 / 階層，階級,real_meaning_variants
add,2289,identical,identical,adjective,base,1,同一の，全く同じの,high_school,3,eiken,英検語彙由来のv2正本候補。英検最小級=2。出現級=2;pre1。pos判定=label_raw_all,source_refs=2:1654;pre1:1147; row_count=2; label_raw_all=形容詞; meaning_ja_all=同一の，全く同じの / 同一の,real_meaning_variants
add,2304,indigenous,indigenous,adjective,base,1,原産の,high_school,1,eiken,英検語彙由来のv2正本候補。英検最小級=2。出現級=2;pre1;1。pos判定=label_raw_all,source_refs=2:2018;pre1:2960;1:518; row_count=3; label_raw_all=形容詞; meaning_ja_all=原産の / 原産の，原生の,real_meaning_variants
add,2323,integrate,integrate,verb,base,1,統合する,high_school,1,eiken,英検語彙由来のv2正本候補。英検最小級=2。出現級=2;pre1;1。pos判定=label_raw_all,source_refs=2:2148;pre1:2058;1:145; row_count=3; label_raw_all=動詞; meaning_ja_all=統合する / 統合する，一体化する,real_meaning_variants
add,2344,laundry,laundry,noun,base,1,洗濯物，クリーニング店,high_school,3,eiken,英検語彙由来のv2正本候補。英検最小級=2。出現級=2;pre1。pos判定=label_raw_all,source_refs=2:830;pre1:72; row_count=2; label_raw_all=名詞; meaning_ja_all=洗濯物，クリーニング店 / 洗濯物，洗濯,real_meaning_variants
add,2347,leap,leap,verb,base,1,飛び跳ねる，飛び越える,high_school,3,eiken,英検語彙由来のv2正本候補。英検最小級=2。出現級=2。pos判定=label_raw_all,source_refs=2:1109;2:1745; row_count=2; label_raw_all=動詞; meaning_ja_all=飛び跳ねる，飛び越える / 跳ぶ，はねる,real_meaning_variants
add,2349,leisurely,leisurely,adjective,base,1,のんびりした，気の長い,high_school,3,eiken,英検語彙由来のv2正本候補。英検最小級=2。出現級=2;1。pos判定=label_raw_all,source_refs=2:669;1:1476; row_count=2; label_raw_all=形容詞; meaning_ja_all=のんびりした，気の長い / のんびりした，ゆったりした,real_meaning_variants
add,2350,lessen,lessen,verb,base,1,減らす,high_school,1,eiken,英検語彙由来のv2正本候補。英検最小級=2。出現級=2;pre1;1。pos判定=label_raw_all,source_refs=2:2044;pre1:1934;1:460; row_count=3; label_raw_all=動詞; meaning_ja_all=減らす / 減らす，減少させる,real_meaning_variants
add,2375,medieval,medieval,adjective,base,1,中世の,high_school,1,eiken,英検語彙由来のv2正本候補。英検最小級=2。出現級=2;pre1;1。pos判定=label_raw_all,source_refs=2:2126;pre1:521;1:111; row_count=3; label_raw_all=形容詞; meaning_ja_all=中世の / 中世の，時代遅れの,real_meaning_variants
add,2392,neat,neat,adjective,base,1,きちんとした,high_school,1,eiken,英検語彙由来のv2正本候補。英検最小級=2。出現級=2;pre1;1。pos判定=label_raw_all,source_refs=2:2116;pre1:134;1:525; row_count=3; label_raw_all=形容詞; meaning_ja_all=きちんとした / きちんとした，整った,real_meaning_variants
add,2409,optimistic,optimistic,adjective,base,1,楽観的な,high_school,1,eiken,英検語彙由来のv2正本候補。英検最小級=2。出現級=2;pre1;1。pos判定=label_raw_all,source_refs=2:2115;pre1:677;1:352; row_count=3; label_raw_all=形容詞; meaning_ja_all=楽観的な / 楽観的な，前向きな,real_meaning_variants
add,2410,organ,organ,noun,base,1,臓器,high_school,1,eiken,英検語彙由来のv2正本候補。英検最小級=2。出現級=2;pre1;1。pos判定=label_raw_all,source_refs=2:2142;pre1:138;1:39; row_count=3; label_raw_all=名詞; meaning_ja_all=臓器 / 臓器，器官,real_meaning_variants
add,2411,organic,organic,adjective,base,1,無農薬の,high_school,1,eiken,英検語彙由来のv2正本候補。英検最小級=2。出現級=2;pre1;1。pos判定=label_raw_all,source_refs=2:2248;pre1:768;1:8; row_count=3; label_raw_all=形容詞; meaning_ja_all=無農薬の / 無農薬の，有機の,real_meaning_variants
add,2414,overwhelm,overwhelm,verb,base,1,圧倒する,high_school,1,eiken,英検語彙由来のv2正本候補。英検最小級=2。出現級=2;pre1;1。pos判定=label_raw_all,source_refs=2:2174;pre1:1211;1:255; row_count=3; label_raw_all=動詞; meaning_ja_all=圧倒する / 圧倒する，制圧する,real_meaning_variants
add,2423,pastime,pastime,noun,base,1,娯楽,high_school,1,eiken,英検語彙由来のv2正本候補。英検最小級=2。出現級=2;pre1;1。pos判定=label_raw_all,source_refs=2:2151;pre1:480;1:3829; row_count=3; label_raw_all=名詞; meaning_ja_all=娯楽 / 気晴らし,real_meaning_variants
add,2455,prey,prey,noun,base,1,獲物,high_school,1,eiken,英検語彙由来のv2正本候補。英検最小級=2。出現級=2;pre1;1。pos判定=label_raw_all,source_refs=2:2234;pre1:1008;1:80; row_count=3; label_raw_all=名詞; meaning_ja_all=獲物 / 獲物，捕食対象,real_meaning_variants
add,2458,produce,produce,verb,base,1,を生産する，産出する,high_school,3,eiken,英検語彙由来のv2正本候補。英検最小級=2。出現級=2。pos判定=label_raw_all,source_refs=2:210;2:637; row_count=2; label_raw_all=動詞; meaning_ja_all=を生産する，産出する / を生産する，作り出す,real_meaning_variants
add,2461,profound,profound,adjective,base,1,深い，心からの,high_school,3,eiken,英検語彙由来のv2正本候補。英検最小級=2。出現級=2;pre1。pos判定=label_raw_all,source_refs=2:1973;pre1:1577; row_count=2; label_raw_all=形容詞; meaning_ja_all=深い，心からの / 深い，深遠な,real_meaning_variants
add,2462,prohibit,prohibit,verb,base,1,禁じる,high_school,1,eiken,英検語彙由来のv2正本候補。英検最小級=2。出現級=2;pre1;1。pos判定=label_raw_all,source_refs=2:2246;pre1:517;1:202; row_count=3; label_raw_all=動詞; meaning_ja_all=禁じる / 禁じる，禁止する,real_meaning_variants
add,2463,prolong,prolong,verb,base,1,延長する,high_school,1,eiken,英検語彙由来のv2正本候補。英検最小級=2。出現級=2;pre1;1。pos判定=label_raw_all,source_refs=2:2282;pre1:435;1:709; row_count=3; label_raw_all=動詞; meaning_ja_all=延長する / 延ばす，伸ばす,real_meaning_variants
add,2466,protocol,protocol,noun,base,1,儀礼,high_school,1,eiken,英検語彙由来のv2正本候補。英検最小級=2。出現級=2;pre1;1。pos判定=label_raw_all,source_refs=2:2242;pre1:2880;1:3770; row_count=3; label_raw_all=名詞; meaning_ja_all=儀礼 / 外交儀礼,real_meaning_variants
add,2467,prove,prove,verb,base,1,を証明する，立証する,high_school,3,eiken,英検語彙由来のv2正本候補。英検最小級=2。出現級=2;pre1。pos判定=label_raw_all,source_refs=2:759;pre1:1683; row_count=2; label_raw_all=動詞; meaning_ja_all=を証明する，立証する / を証明する,real_meaning_variants
add,2468,provoke,provoke,verb,base,1,挑発する,high_school,1,eiken,英検語彙由来のv2正本候補。英検最小級=2。出現級=2;pre1;1。pos判定=label_raw_all,source_refs=2:2026;pre1:1115;1:97; row_count=3; label_raw_all=動詞; meaning_ja_all=挑発する / 挑発する，引き起こす,real_meaning_variants
add,2484,refund,refund,verb,base,1,払い戻す,high_school,3,eiken,英検語彙由来のv2正本候補。英検最小級=2。出現級=2;1。pos判定=label_raw_all,source_refs=2:2153;1:37; row_count=2; label_raw_all=動詞; meaning_ja_all=払い戻す / 払い戻す，返金する,real_meaning_variants
add,2517,sanitation,sanitation,noun,base,1,衛生,high_school,3,eiken,英検語彙由来のv2正本候補。英検最小級=2。出現級=2;1。pos判定=label_raw_all,source_refs=2:2067;1:942; row_count=2; label_raw_all=名詞; meaning_ja_all=衛生 / 衛生，清潔さ,real_meaning_variants
add,2521,scarce,scarce,adjective,base,1,乏しい,high_school,1,eiken,英検語彙由来のv2正本候補。英検最小級=2。出現級=2;pre1;1。pos判定=label_raw_all,source_refs=2:2090;pre1:499;1:177; row_count=3; label_raw_all=形容詞; meaning_ja_all=乏しい / 乏しい，不足している,real_meaning_variants
add,2531,sewage,sewage,noun,base,1,下水,high_school,3,eiken,英検語彙由来のv2正本候補。英検最小級=2。出現級=2;1。pos判定=label_raw_all,source_refs=2:2220;1:1863; row_count=2; label_raw_all=名詞; meaning_ja_all=下水 / 下水，排水,real_meaning_variants
add,2537,sincere,sincere,adjective,base,1,誠実な,high_school,1,eiken,英検語彙由来のv2正本候補。英検最小級=2。出現級=2;pre1;1。pos判定=label_raw_all,source_refs=2:2251;pre1:158;1:192; row_count=3; label_raw_all=形容詞; meaning_ja_all=誠実な / 誠実な，真剣な,real_meaning_variants
add,2542,sneeze,sneeze,noun,base,1,くしゃみ/くしゃみをする,high_school,3,eiken,英検語彙由来のv2正本候補。英検最小級=2。出現級=2;pre1。pos判定=label_raw_all_multi:noun|verb,source_refs=2:720;pre1:882; row_count=2; label_raw_all=名詞/動詞;動詞,multiple_pos_from_label_raw
add,2543,soak,soak,verb,base,1,浸す,high_school,1,eiken,英検語彙由来のv2正本候補。英検最小級=2。出現級=2;pre1;1。pos判定=label_raw_all,source_refs=2:2083;pre1:929;1:372; row_count=3; label_raw_all=動詞; meaning_ja_all=浸す / 浸す，浸漬する,real_meaning_variants
add,2546,sole,sole,adjective,base,1,単独の,high_school,1,eiken,英検語彙由来のv2正本候補。英検最小級=2。出現級=2;pre1;1。pos判定=label_raw_all,source_refs=2:2027;pre1:552;1:509; row_count=3; label_raw_all=形容詞; meaning_ja_all=単独の / 単独の，単一の,real_meaning_variants
add,2549,sparkle,sparkle,noun,base,1,閃光,high_school,3,eiken,英検語彙由来のv2正本候補。英検最小級=2。出現級=2;pre1。pos判定=label_raw_all_multi:noun|verb,source_refs=2:2229;pre1:504; row_count=2; label_raw_all=動詞;名詞,multiple_pos_from_label_raw
add,2555,spur,spur,noun,base,1,刺激,high_school,1,eiken,英検語彙由来のv2正本候補。英検最小級=2。出現級=2;pre1;1。pos判定=label_raw_all,source_refs=2:2131;pre1:1632;1:142; row_count=3; label_raw_all=名詞; meaning_ja_all=刺激 / 刺激，触発,real_meaning_variants
add,2560,stern,stern,adjective,base,1,厳格な,high_school,1,eiken,英検語彙由来のv2正本候補。英検最小級=2。出現級=2;pre1;1。pos判定=label_raw_all,source_refs=2:2035;pre1:748;1:774; row_count=3; label_raw_all=形容詞; meaning_ja_all=厳格な / 厳しい，厳格な,real_meaning_variants
add,2565,stubborn,stubborn,adjective,base,1,頑固な,high_school,1,eiken,英検語彙由来のv2正本候補。英検最小級=2。出現級=2;pre1;1。pos判定=label_raw_all,source_refs=2:2279;pre1:812;1:524; row_count=3; label_raw_all=形容詞; meaning_ja_all=頑固な / 頑固な，固執する,real_meaning_variants
add,2566,subsequent,subsequent,adjective,base,1,その後の,high_school,1,eiken,英検語彙由来のv2正本候補。英検最小級=2。出現級=2;pre1;1。pos判定=label_raw_all,source_refs=2:2082;pre1:1753;1:12; row_count=3; label_raw_all=形容詞; meaning_ja_all=その後の / その後の，次の,real_meaning_variants
add,2570,sue,sue,verb,base,1,訴える,high_school,1,eiken,英検語彙由来のv2正本候補。英検最小級=2。出現級=2;pre1;1。pos判定=label_raw_all,source_refs=2:2011;pre1:647;1:214; row_count=3; label_raw_all=動詞; meaning_ja_all=訴える / 訴える，訴訟を起こす,real_meaning_variants
add,2572,supervisor,supervisor,noun,base,1,上司,high_school,1,eiken,英検語彙由来のv2正本候補。英検最小級=2。出現級=2;pre1;1。pos判定=label_raw_all,source_refs=2:2079;pre1:2323;1:297; row_count=3; label_raw_all=名詞; meaning_ja_all=上司 / 上司，長上,real_meaning_variants
add,2582,tame,tame,verb,base,1,飼いならす,high_school,1,eiken,英検語彙由来のv2正本候補。英検最小級=2。出現級=2;pre1;1。pos判定=label_raw_all,source_refs=2:2180;pre1:49;1:1789; row_count=3; label_raw_all=動詞; meaning_ja_all=飼いならす / 飼い慣らされた，家畜化された，馴染む,real_meaning_variants
add,2587,thermometer,thermometer,noun,base,1,温度計，気温計,high_school,1,eiken,英検語彙由来のv2正本候補。英検最小級=2。出現級=2;pre1;1。pos判定=label_raw_all,source_refs=2:923;pre1:794;1:1193; row_count=3; label_raw_all=名詞; meaning_ja_all=温度計，気温計 / 温度計，体温計,real_meaning_variants
add,2591,tidy,tidy,adjective,base,1,きちんとした,high_school,1,eiken,英検語彙由来のv2正本候補。英検最小級=2。出現級=2;pre1;1。pos判定=label_raw_all,source_refs=2:2215;pre1:279;1:527; row_count=3; label_raw_all=形容詞; meaning_ja_all=きちんとした / きちんとした，整った,real_meaning_variants
add,2595,toxic,toxic,adjective,base,1,有毒な,high_school,1,eiken,英検語彙由来のv2正本候補。英検最小級=2。出現級=2;pre1;1。pos判定=label_raw_all,source_refs=2:2243;pre1:2149;1:334; row_count=3; label_raw_all=形容詞; meaning_ja_all=有毒な / 有毒な，毒性の，毒のある,real_meaning_variants
add,2609,twist,twist,noun,base,1,ねじれ，より合わせる,high_school,3,eiken,英検語彙由来のv2正本候補。英検最小級=2。出現級=2;pre1。pos判定=label_raw_all_multi:noun|verb,source_refs=2:722;pre1:3162; row_count=2; label_raw_all=名詞/動詞;名詞,multiple_pos_from_label_raw
add,2610,ugly,ugly,adjective,base,1,醜い,high_school,1,eiken,英検語彙由来のv2正本候補。英検最小級=2。出現級=2;pre1;1。pos判定=label_raw_all,source_refs=2:2222;pre1:60;1:232; row_count=3; label_raw_all=形容詞; meaning_ja_all=醜い / 醜い，見苦しい,real_meaning_variants
add,2622,vain,vain,adjective,base,1,うぬぼれの強い，自惚れた,high_school,1,eiken,英検語彙由来のv2正本候補。英検最小級=2。出現級=2;pre1;1。pos判定=label_raw_all,source_refs=2:949;pre1:455;1:1261; row_count=3; label_raw_all=形容詞; meaning_ja_all=うぬぼれの強い，自惚れた / うぬぼれが強い，自惚れた,real_meaning_variants
add,2626,vice,vice,noun,base,1,副担当の，代理の,high_school,3,eiken,英検語彙由来のv2正本候補。英検最小級=2。出現級=2;pre1。pos判定=label_raw_all_multi:noun|adjective,source_refs=2:1469;pre1:2934; row_count=2; label_raw_all=形容詞;名詞; meaning_ja_all=副担当の，代理の / 副,multiple_pos_from_label_raw;real_meaning_variants
add,2627,virtue,virtue,noun,base,1,徳，道徳,high_school,3,eiken,英検語彙由来のv2正本候補。英検最小級=2。出現級=2;pre1。pos判定=label_raw_all,source_refs=2:1034;pre1:2942; row_count=2; label_raw_all=名詞; meaning_ja_all=徳，道徳 / 美徳，徳,real_meaning_variants
add,2635,wan,wan,adjective,base,1,青ざめた，蒼白な,high_school,3,eiken,英検語彙由来のv2正本候補。英検最小級=2。出現級=2;1。pos判定=label_raw_all,source_refs=2:1149;1:4252; row_count=2; label_raw_all=形容詞; meaning_ja_all=青ざめた，蒼白な / 青白い，元気ない,real_meaning_variants
