expression,normalized_expression,entry_kind,meaning_ja_primary,meaning_ja_all,parari_level,importance,min_eiken_level,eiken_levels,label_raw_all,source_refs,row_count,hold_reason
abandonment,abandonment,word,放棄，遺棄,放棄，遺棄,exam,3,pre1,pre1,名詞,pre1:1823,1,pre1_or_1_deferred
abbreviate,abbreviate,word,を略する，短縮する,を略する，短縮する,exam,3,pre1,pre1,動詞,pre1:2402,1,pre1_or_1_deferred
abbreviation,abbreviation,word,省略，略語,省略，略語,exam,3,pre1,pre1,名詞,pre1:1743,1,pre1_or_1_deferred
abolition,abolition,word,廃止，撤廃,廃止，撤廃,exam,3,pre1,pre1,名詞,pre1:1866,1,pre1_or_1_deferred
aboriginal,aboriginal,word,先住民の，土着の,先住民の，土着の,exam,3,pre1,pre1,形容詞,pre1:2292,1,pre1_or_1_deferred
abort,abort,word,中絶する，流産する,中絶する，流産する / 中絶する，挫折する,exam,3,pre1,pre1;1,動詞,pre1:2526;1:685,2,pre1_or_1_deferred
abound,abound,word,たくさんいる，多い,たくさんいる，多い,exam,3,pre1,pre1,動詞,pre1:2244,1,pre1_or_1_deferred
abstain,abstain,word,控える，慎む,控える，慎む,exam,3,pre1,pre1;1,動詞,pre1:3005;1:4226,2,pre1_or_1_deferred
abstraction,abstraction,word,抽象的,抽象的,exam,3,pre1,pre1,名詞,pre1:2865,1,pre1_or_1_deferred
absurd,absurd,word,ばかげた，道理に合わない,ばかげた，道理に合わない,exam,3,pre1,pre1,形容詞,pre1:576,1,pre1_or_1_deferred
abundance,abundance,word,豊富,豊富,exam,3,pre1,pre1,名詞,pre1:786,1,pre1_or_1_deferred
abuse,abuse,word,乱用，悪用,乱用，悪用,exam,3,pre1,pre1,名詞,pre1:270,1,pre1_or_1_deferred
abusive,abusive,word,虐待的な，乱用の,虐待的な，乱用の,exam,3,pre1,pre1,形容詞,pre1:1498,1,pre1_or_1_deferred
accelerate,accelerate,word,加速する,加速する,exam,3,pre1,pre1,動詞,pre1:2164,1,pre1_or_1_deferred
accessible,accessible,word,行きやすい，便利な,行きやすい，便利な,exam,3,pre1,pre1;1,形容詞,pre1:1153;1:349,2,pre1_or_1_deferred
acclaim,acclaim,word,称賛する,称賛する,exam,3,pre1,pre1;1,動詞,pre1:2925;1:2240,2,pre1_or_1_deferred
accord,accord,word,一致する，調和する,一致する，調和する,exam,3,pre1,pre1,動詞,pre1:3208,1,pre1_or_1_deferred
accountability,accountability,word,説明責任,説明責任,exam,3,pre1,pre1,名詞,pre1:2941,1,pre1_or_1_deferred
accountant,accountant,word,会計士，会計係,会計士，会計係,exam,3,pre1,pre1,名詞,pre1:1138,1,pre1_or_1_deferred
accounting,accounting,word,会計，計算,会計，計算,exam,3,pre1,pre1;1,名詞,pre1:982;1:31,2,pre1_or_1_deferred
accumulation,accumulation,word,蓄積,蓄積,exam,3,pre1,pre1,名詞,pre1:2066,1,pre1_or_1_deferred
accurately,accurately,word,正確に，綿密に,正確に，綿密に,exam,3,pre1,pre1,副詞,pre1:662,1,pre1_or_1_deferred
accusation,accusation,word,非難，告発,非難，告発,exam,3,pre1,pre1,名詞,pre1:1072,1,pre1_or_1_deferred
accustom,accustom,word,慣れる,慣れる,exam,3,pre1,pre1,動詞,pre1:3306,1,pre1_or_1_deferred
ache,ache,word,痛み,痛み,exam,3,pre1,pre1,名詞,pre1:424,1,pre1_or_1_deferred
acid,acid,word,酸の，酸性の,酸の，酸性の,exam,3,pre1,pre1,形容詞,pre1:3396,1,pre1_or_1_deferred
acoustic,acoustic,word,音響の，聴覚の,音響の，聴覚の,exam,3,pre1,pre1,形容詞,pre1:2664,1,pre1_or_1_deferred
acquisition,acquisition,word,取得,取得,exam,3,pre1,pre1,名詞,pre1:596,1,pre1_or_1_deferred
acquit,acquit,word,無罪宣告する、無罪を証明する,無罪宣告する、無罪を証明する / 無罪宣告する，無罪を証明する,exam,3,pre1,pre1;1,動詞,pre1:3056;1:1507,2,pre1_or_1_deferred
activate,activate,word,作動させる,作動させる,exam,3,pre1,pre1,動詞,pre1:425,1,pre1_or_1_deferred
addiction,addiction,word,中毒性,中毒性,exam,3,pre1,pre1,名詞,pre1:2317,1,pre1_or_1_deferred
addictive,addictive,word,中毒性の、依存性の,中毒性の、依存性の / 中毒性の，依存性の,exam,3,pre1,pre1;1,形容詞,pre1:3016;1:1498,2,pre1_or_1_deferred
adhere,adhere,word,遵守する,遵守する,exam,3,pre1,pre1,動詞,pre1:3371,1,pre1_or_1_deferred
adjacent,adjacent,word,隣接している,隣接している / 隣接している，近接する,exam,3,pre1,pre1;1,形容詞,pre1:2623;1:1432,2,pre1_or_1_deferred
adjective,adjective,word,形容詞，形容する言葉,形容詞，形容する言葉,exam,3,pre1,pre1;1,名詞,pre1:1201;1:1211,2,pre1_or_1_deferred
adjustable,adjustable,word,調整可能な，順応できる,調整可能な，順応できる,exam,3,pre1,pre1,形容詞,pre1:1986,1,pre1_or_1_deferred
adjustment,adjustment,word,調整，調節,調整，調節,exam,3,pre1,pre1,名詞,pre1:316,1,pre1_or_1_deferred
administer,administer,word,を管理する，治める,を管理する，治める,exam,3,pre1,pre1,動詞,pre1:1482,1,pre1_or_1_deferred
administrative,administrative,word,運営の，管理の,運営の，管理の,exam,3,pre1,pre1;1,形容詞,pre1:1025;1:212,2,pre1_or_1_deferred
administrator,administrator,word,管理者，行政官,管理者，行政官,exam,3,pre1,pre1,名詞,pre1:1408,1,pre1_or_1_deferred
admirable,admirable,word,見事な，立派な,見事な，立派な / 見事な，素晴らしい,exam,3,pre1,pre1;1,形容詞,pre1:1411;1:1506,2,pre1_or_1_deferred
admiral,admiral,word,提督，司令官,提督，司令官,exam,3,pre1,pre1,名詞,pre1:1856,1,pre1_or_1_deferred
admiration,admiration,word,感心，賞賛,感心，賞賛,exam,3,pre1,pre1,名詞,pre1:369,1,pre1_or_1_deferred
admonish,admonish,word,訓戒する，警告する,訓戒する，警告する,exam,3,pre1,pre1;1,動詞,pre1:3090;1:653,2,pre1_or_1_deferred
adolescence,adolescence,word,青春期，思春期,青春期，思春期,exam,3,pre1,pre1,名詞,pre1:2216,1,pre1_or_1_deferred
adoption,adoption,word,採用，受け入れ,採用，受け入れ,exam,3,pre1,pre1;1,名詞,pre1:1598;1:160,2,pre1_or_1_deferred
adorable,adorable,word,愛らしい,愛らしい,exam,3,pre1,pre1,形容詞,pre1:3108,1,pre1_or_1_deferred
adore,adore,word,崇拝する，敬愛する,崇拝する，敬愛する,exam,3,pre1,pre1,動詞,pre1:1568,1,pre1_or_1_deferred
adorn,adorn,word,を飾る,を飾る,exam,3,pre1,pre1,動詞,pre1:1662,1,pre1_or_1_deferred
adornment,adornment,word,装飾品,装飾品,exam,3,pre1,pre1,名詞,pre1:2436,1,pre1_or_1_deferred
adventure,adventure,word,冒険,冒険,exam,3,pre1,pre1,名詞,pre1:82,1,pre1_or_1_deferred
adverb,adverb,word,副詞,副詞,exam,3,pre1,pre1,名詞,pre1:1267,1,pre1_or_1_deferred
adverse,adverse,word,反対の，逆の,反対の，逆の,exam,3,pre1,pre1;1,形容詞,pre1:2023;1:222,2,pre1_or_1_deferred
aerial,aerial,word,大気の，空気の,大気の，空気の,exam,3,pre1,pre1,形容詞,pre1:2337,1,pre1_or_1_deferred
aerospace,aerospace,word,航空宇宙,航空宇宙,exam,3,pre1,pre1,名詞,pre1:1961,1,pre1_or_1_deferred
aesthetic,aesthetic,word,美的な,美的な,exam,3,pre1,pre1,形容詞,pre1:2194,1,pre1_or_1_deferred
afar,afar,word,はるか遠くに,はるか遠くに,exam,3,pre1,pre1,副詞,pre1:2405,1,pre1_or_1_deferred
affectionate,affectionate,word,愛情深い，優しい,愛情深い，優しい,exam,3,pre1,pre1,形容詞,pre1:1950,1,pre1_or_1_deferred
affiliate,affiliate,word,連携させる，合併する,連携させる，合併する,exam,3,pre1,pre1,動詞,pre1:2917,1,pre1_or_1_deferred
affirm,affirm,word,を断言する，明言する,を断言する，明言する,exam,3,pre1,pre1,動詞,pre1:1938,1,pre1_or_1_deferred
affirmative,affirmative,word,断定的な，肯定的な,断定的な，肯定的な,exam,3,pre1,pre1,形容詞,pre1:2006,1,pre1_or_1_deferred
afflict,afflict,word,を苦しめる，悩ます,を苦しめる，悩ます,exam,3,pre1,pre1,動詞,pre1:2030,1,pre1_or_1_deferred
affluent,affluent,word,裕福な，富裕な,裕福な，富裕な,exam,3,pre1,pre1;1,形容詞,pre1:2770;1:376,2,pre1_or_1_deferred
afterward,afterward,word,その後,その後,exam,3,pre1,pre1,副詞,pre1:91,1,pre1_or_1_deferred
aggravate,aggravate,word,悪化させる，劣化させる,悪化させる，劣化させる,exam,3,pre1,pre1;1,動詞,pre1:2905;1:494,2,pre1_or_1_deferred
aging,aging,word,老化,老化,exam,3,pre1,pre1,名詞,pre1:2074,1,pre1_or_1_deferred
agitate,agitate,word,を扇動する，揺り動かす,を扇動する，揺り動かす / かき立てる,exam,3,pre1,pre1;1,動詞,pre1:2800;1:3277,2,pre1_or_1_deferred
agitation,agitation,word,動揺,動揺,exam,3,pre1,pre1,名詞,pre1:2168,1,pre1_or_1_deferred
agonize,agonize,word,苦しむ,苦しむ,exam,3,pre1,pre1,動詞,pre1:2232,1,pre1_or_1_deferred
agony,agony,word,激しい苦痛，苦悶,激しい苦痛，苦悶,exam,3,pre1,pre1,名詞,pre1:799,1,pre1_or_1_deferred
aide,aide,word,助力者,助力者,exam,3,pre1,pre1,名詞,pre1:1472,1,pre1_or_1_deferred
aimless,aimless,word,目的のない,目的のない,exam,3,pre1,pre1,形容詞,pre1:3333,1,pre1_or_1_deferred
akin,akin,word,同族の，血族の,同族の，血族の,exam,3,pre1,pre1,形容詞,pre1:2781,1,pre1_or_1_deferred
algebra,algebra,word,代数,代数,exam,3,pre1,pre1,名詞,pre1:1749,1,pre1_or_1_deferred
alienate,alienate,word,を遠ざける,を遠ざける,exam,3,pre1,pre1,動詞,pre1:2881,1,pre1_or_1_deferred
allegation,allegation,word,主張，申し立て,主張，申し立て,exam,3,pre1,pre1,名詞,pre1:2274,1,pre1_or_1_deferred
allege,allege,word,を申し立てる，主張する,を申し立てる，主張する,exam,3,pre1,pre1,動詞,pre1:1836,1,pre1_or_1_deferred
alleged,alleged,word,容疑のある,容疑のある,exam,3,pre1,pre1,形容詞,pre1:2144,1,pre1_or_1_deferred
allegedly,allegedly,word,申し立てによると，主張によると,申し立てによると，主張によると,exam,3,pre1,pre1;1,副詞,pre1:2170;1:421,2,pre1_or_1_deferred
alleviate,alleviate,word,和らげる，軽減する,和らげる，軽減する,exam,3,pre1,pre1;1,動詞,pre1:3030;1:670,2,pre1_or_1_deferred
alleviated,alleviated,word,軽減された,軽減された,exam,3,pre1,pre1,形容詞,pre1:3233,1,pre1_or_1_deferred
alley,alley,word,路地,路地,exam,3,pre1,pre1,名詞,pre1:1121,1,pre1_or_1_deferred
allied,allied,word,同盟を結んでいる，連携している,同盟を結んでいる，連携している,exam,3,pre1,pre1;1,形容詞,pre1:1943;1:520,2,pre1_or_1_deferred
allocate,allocate,word,割り当てる,割り当てる,exam,3,pre1,pre1,動詞,pre1:3309,1,pre1_or_1_deferred
allocation,allocation,word,割り当て，配置,割り当て，配置,exam,3,pre1,pre1,名詞,pre1:2636,1,pre1_or_1_deferred
allot,allot,word,を割り当てる，充当する,を割り当てる，充当する / 割り当てる,exam,3,pre1,pre1;1,動詞,pre1:2408;1:3409,2,pre1_or_1_deferred
almighty,almighty,word,全能の,全能の,exam,3,pre1,pre1,形容詞,pre1:1259,1,pre1_or_1_deferred
alongside,alongside,word,と一緒に，並行して,と一緒に，並行して,exam,3,pre1,pre1;1,副詞,pre1:1102;1:2,2,pre1_or_1_deferred
aloof,aloof,word,離れて，遠ざかって,離れて，遠ざかって,exam,3,pre1,pre1,副詞,pre1:2569,1,pre1_or_1_deferred
altar,altar,word,祭壇,祭壇,exam,3,pre1,pre1,名詞,pre1:1574,1,pre1_or_1_deferred
alteration,alteration,word,変更,変更,exam,3,pre1,pre1,名詞,pre1:3035,1,pre1_or_1_deferred
alternate,alternate,word,代わりの,代わりの,exam,3,pre1,pre1,形容詞,pre1:3121,1,pre1_or_1_deferred
ambassador,ambassador,word,大使,大使,exam,3,pre1,pre1,名詞,pre1:473,1,pre1_or_1_deferred
ambitious,ambitious,word,野心的な，大志を抱く,野心的な，大志を抱く,exam,3,pre1,pre1;1,形容詞,pre1:376;1:302,2,pre1_or_1_deferred
ameliorate,ameliorate,word,改善する,改善する,exam,3,pre1,pre1,動詞,pre1:3272,1,pre1_or_1_deferred
amend,amend,word,を修正する，改良する,を修正する，改良する,exam,3,pre1,pre1,動詞,pre1:1884,1,pre1_or_1_deferred
amiable,amiable,word,愛想が良い，感じが良い,愛想が良い，感じが良い,exam,3,pre1,pre1,形容詞,pre1:2477,1,pre1_or_1_deferred
amicable,amicable,word,友好的な,友好的な,exam,3,pre1,pre1,形容詞,pre1:3049,1,pre1_or_1_deferred
amid,amid,word,真ん中に，の中に,真ん中に，の中に,exam,3,pre1,pre1,前置詞,pre1:2052,1,pre1_or_1_deferred
ammunition,ammunition,word,弾薬,弾薬,exam,3,pre1,pre1,名詞,pre1:3101,1,pre1_or_1_deferred
amnesty,amnesty,word,恩赦,恩赦,exam,3,pre1,pre1,名詞,pre1:3319,1,pre1_or_1_deferred
ample,ample,word,広大な，広い,広大な，広い,exam,3,pre1,pre1,形容詞,pre1:1039,1,pre1_or_1_deferred
amplify,amplify,word,を拡大する，増大する,を拡大する，増大する,exam,3,pre1,pre1,動詞,pre1:2631,1,pre1_or_1_deferred
analogous,analogous,word,類似している,類似している / 類似の，似ている,exam,3,pre1,pre1;1,形容詞,pre1:2407;1:1275,2,pre1_or_1_deferred
analogy,analogy,word,類似,類似,exam,3,pre1,pre1,名詞,pre1:2259,1,pre1_or_1_deferred
anarchy,anarchy,word,無秩序，無政府状態,無秩序，無政府状態 / 無秩序，混沌,exam,3,pre1,pre1;1,名詞,pre1:2829;1:1829,2,pre1_or_1_deferred
anatomy,anatomy,word,解剖学,解剖学,exam,3,pre1,pre1,名詞,pre1:2110,1,pre1_or_1_deferred
anecdote,anecdote,word,逸話,逸話,exam,3,pre1,pre1,名詞,pre1:2476,1,pre1_or_1_deferred
anguish,anguish,word,苦悩，苦悶,苦悩，苦悶,exam,3,pre1,pre1,名詞,pre1:1962,1,pre1_or_1_deferred
annotation,annotation,word,注釈,注釈,exam,3,pre1,pre1;1,名詞,pre1:3391;1:3271,2,pre1_or_1_deferred
anonymous,anonymous,word,匿名の，不明の,匿名の，不明の,exam,3,pre1,pre1,形容詞,pre1:1676,1,pre1_or_1_deferred
anthem,anthem,word,賛歌，賛美歌,賛歌，賛美歌,exam,3,pre1,pre1;1,名詞,pre1:3069;1:1901,2,pre1_or_1_deferred
anticipate,anticipate,word,を期待する，予想する,を期待する，予想する,exam,3,pre1,pre1,動詞,pre1:602,1,pre1_or_1_deferred
anticipation,anticipation,word,期待，予想,期待，予想,exam,3,pre1,pre1,名詞,pre1:927,1,pre1_or_1_deferred
antique,antique,word,骨董の，古風な,骨董の，古風な,exam,3,pre1,pre1,形容詞,pre1:407,1,pre1_or_1_deferred
anyhow,anyhow,word,どうしても，なんとしても,どうしても，なんとしても,exam,3,pre1,pre1,副詞,pre1:234,1,pre1_or_1_deferred
apathy,apathy,word,無関心，無感動,無関心，無感動 / 無関心,exam,3,pre1,pre1;1,名詞,pre1:2423;1:3238,2,pre1_or_1_deferred
ape,ape,word,類人猿，大猿,類人猿，大猿,exam,3,pre1,pre1;1,名詞,pre1:1354;1:174,2,pre1_or_1_deferred
apiece,apiece,word,各自で,各自で / 一つに付き,exam,3,pre1,pre1;1,副詞,pre1:2888;1:2252,2,pre1_or_1_deferred
apparatus,apparatus,word,器具，装置,器具，装置,exam,3,pre1,pre1,名詞,pre1:853,1,pre1_or_1_deferred
appetizer,appetizer,word,前菜,前菜,exam,3,pre1,pre1,名詞,pre1:1706,1,pre1_or_1_deferred
applaud,applaud,word,拍手する,拍手する,exam,3,pre1,pre1,動詞,pre1:1176,1,pre1_or_1_deferred
appliance,appliance,word,家電，電化製品,家電，電化製品,exam,3,pre1,pre1,名詞,pre1:3243,1,pre1_or_1_deferred
applicable,applicable,word,該当する,該当する,exam,3,pre1,pre1,形容詞,pre1:1736,1,pre1_or_1_deferred
appreciation,appreciation,word,感謝，称賛,感謝，称賛,exam,3,pre1,pre1;1,名詞,pre1:558;1:112,2,pre1_or_1_deferred
apprehend,apprehend,word,を逮捕する,を逮捕する / 捕らえる，捕獲する,exam,3,pre1,pre1;1,動詞,pre1:2911;1:1344,2,pre1_or_1_deferred
apprehension,apprehension,word,気遣い、不安、配慮や心配,気遣い、不安、配慮や心配 / 気遣い，不安，配慮や心配,exam,3,pre1,pre1;1,名詞,pre1:3240;1:1691,2,pre1_or_1_deferred
apprentice,apprentice,word,見習い,見習い,exam,3,pre1,pre1,名詞,pre1:1756,1,pre1_or_1_deferred
approximate,approximate,word,およその,およその,exam,3,pre1,pre1,形容詞,pre1:1790,1,pre1_or_1_deferred
aptitude,aptitude,word,素質，才能,素質，才能 / 適性,exam,3,pre1,pre1;1,名詞,pre1:2398;1:3384,2,pre1_or_1_deferred
aquatic,aquatic,word,水生の，水の,水生の，水の / 水生の，水中の,exam,3,pre1,pre1;1,形容詞,pre1:2534;1:602,2,pre1_or_1_deferred
arc,arc,word,円弧，孤,円弧，孤,exam,3,pre1,pre1,名詞,pre1:460,1,pre1_or_1_deferred
archaeological,archaeological,word,考古学の，古典的な,考古学の，古典的な / 考古学の,exam,3,pre1,pre1;1,形容詞,pre1:186;1:11,2,pre1_or_1_deferred
archaic,archaic,word,古風な，すたれた,古風な，すたれた,exam,3,pre1,pre1,形容詞,pre1:2250,1,pre1_or_1_deferred
architectural,architectural,word,建築の,建築の,exam,3,pre1,pre1,形容詞,pre1:1140,1,pre1_or_1_deferred
archive,archive,word,書庫，保存場所,書庫，保存場所,exam,3,pre1,pre1,名詞,pre1:3335,1,pre1_or_1_deferred
arduous,arduous,word,骨の折れる，困難な,骨の折れる，困難な,exam,3,pre1,pre1;1,形容詞,pre1:3216;1:743,2,pre1_or_1_deferred
arena,arena,word,舞台，闘技場,舞台，闘技場,exam,3,pre1,pre1,名詞,pre1:505,1,pre1_or_1_deferred
aristocrat,aristocrat,word,貴族,貴族,exam,3,pre1,pre1,名詞,pre1:3166,1,pre1_or_1_deferred
aristocratic,aristocratic,word,貴族の,貴族の,exam,3,pre1,pre1,形容詞,pre1:2145,1,pre1_or_1_deferred
arithmetic,arithmetic,word,算数,算数 / 算数，算術，計算,exam,3,pre1,pre1;1,名詞,pre1:716;1:1932,2,pre1_or_1_deferred
armament,armament,word,武装,武装,exam,3,pre1,pre1,名詞,pre1:3179,1,pre1_or_1_deferred
arouse,arouse,word,を起こす，喚起する,を起こす，喚起する,exam,3,pre1,pre1,動詞,pre1:1656,1,pre1_or_1_deferred
array,array,word,整列させる，並べる,整列させる，並べる,exam,3,pre1,pre1;1,動詞,pre1:2111;1:252,2,pre1_or_1_deferred
arrogance,arrogance,word,傲慢,傲慢,exam,3,pre1,pre1,名詞,pre1:2330,1,pre1_or_1_deferred
articulate,articulate,word,明確にする,明確にする,exam,3,pre1,pre1,動詞,pre1:2955,1,pre1_or_1_deferred
artifact,artifact,word,遺物，工芸品,遺物，工芸品,exam,3,pre1,pre1,名詞,pre1:3344,1,pre1_or_1_deferred
artisan,artisan,word,職人,職人,exam,3,pre1,pre1,名詞,pre1:2175,1,pre1_or_1_deferred
ascent,ascent,word,上昇,上昇 / 上昇，昇格,exam,3,pre1,pre1;1,名詞,pre1:1325;1:1817,2,pre1_or_1_deferred
ascertain,ascertain,word,を確かめる,を確かめる,exam,3,pre1,pre1,動詞,pre1:2289,1,pre1_or_1_deferred
ascribe,ascribe,word,のせいにする，責任を転嫁する,のせいにする，責任を転嫁する,exam,3,pre1,pre1;1,動詞,pre1:3091;1:1291,2,pre1_or_1_deferred
ashtray,ashtray,word,灰皿,灰皿,exam,3,pre1,pre1,名詞,pre1:361,1,pre1_or_1_deferred
aspire,aspire,word,熱望する，憧れる,熱望する，憧れる,exam,3,pre1,pre1,動詞,pre1:2047,1,pre1_or_1_deferred
assassin,assassin,word,暗殺者，刺客,暗殺者，刺客,exam,3,pre1,pre1,名詞,pre1:2682,1,pre1_or_1_deferred
assassinate,assassinate,word,を暗殺する,を暗殺する,exam,3,pre1,pre1,動詞,pre1:2240,1,pre1_or_1_deferred
assert,assert,word,主張する，主意を表す,主張する，主意を表す,exam,3,pre1,pre1;1,動詞,pre1:289;1:426,2,pre1_or_1_deferred
assertive,assertive,word,断定的な,断定的な,exam,3,pre1,pre1;1,形容詞,pre1:2588;1:3077,2,pre1_or_1_deferred
assimilate,assimilate,word,吸収する，同化する，取り込む,吸収する，同化する，取り込む,exam,3,pre1,pre1;1,動詞,pre1:2454;1:537,2,pre1_or_1_deferred
assorted,assorted,word,盛り合わせの,盛り合わせの,exam,3,pre1,pre1,形容詞,pre1:2260,1,pre1_or_1_deferred
assurance,assurance,word,保証，請け合い,保証，請け合い,exam,3,pre1,pre1,名詞,pre1:894,1,pre1_or_1_deferred
asteroid,asteroid,word,小惑星,小惑星 / 小惑星，アステロイド,exam,3,pre1,pre1;1,名詞,pre1:3262;1:1034,2,pre1_or_1_deferred
astray,astray,word,道に迷って,道に迷って,exam,3,pre1,pre1,副詞,pre1:2554,1,pre1_or_1_deferred
astronomer,astronomer,word,天文学者,天文学者,exam,3,pre1,pre1,名詞,pre1:1019,1,pre1_or_1_deferred
astronomy,astronomy,word,天文学,天文学,exam,3,pre1,pre1,名詞,pre1:1382,1,pre1_or_1_deferred
athletic,athletic,word,競技の，運動家の,競技の，運動家の,exam,3,pre1,pre1,形容詞,pre1:445,1,pre1_or_1_deferred
atlas,atlas,word,地図帳,地図帳,exam,3,pre1,pre1,名詞,pre1:165,1,pre1_or_1_deferred
atom,atom,word,原子，微小分子,原子，微小分子,exam,3,pre1,pre1,名詞,pre1:156,1,pre1_or_1_deferred
atop,atop,word,頂上に，の上に,頂上に，の上に,exam,3,pre1,pre1,副詞,pre1:2983,1,pre1_or_1_deferred
attain,attain,word,を達成する，獲得する,を達成する，獲得する,exam,3,pre1,pre1,動詞,pre1:508,1,pre1_or_1_deferred
attainment,attainment,word,達成，到達,達成，到達,exam,3,pre1,pre1,名詞,pre1:2266,1,pre1_or_1_deferred
attendance,attendance,word,出席，参列,出席，参列,exam,3,pre1,pre1,名詞,pre1:976,1,pre1_or_1_deferred
attendant,attendant,word,付き添い，付随,付き添い，付随,exam,3,pre1,pre1,名詞,pre1:679,1,pre1_or_1_deferred
attentive,attentive,word,注意深い,注意深い,exam,3,pre1,pre1;1,形容詞,pre1:1002;1:2070,2,pre1_or_1_deferred
attest,attest,word,を証明する,を証明する,exam,3,pre1,pre1,動詞,pre1:2900,1,pre1_or_1_deferred
attic,attic,word,屋根裏,屋根裏,exam,3,pre1,pre1,名詞,pre1:2010,1,pre1_or_1_deferred
audacity,audacity,word,大胆さ,大胆さ,exam,3,pre1,pre1;1,名詞,pre1:3280;1:3258,2,pre1_or_1_deferred
audible,audible,word,聞くことのできる,聞くことのできる,exam,3,pre1,pre1,形容詞,pre1:3185,1,pre1_or_1_deferred
audit,audit,word,監査，会計検査,監査，会計検査,exam,3,pre1,pre1,名詞,pre1:2092,1,pre1_or_1_deferred
auditor,auditor,word,監査人,監査人,exam,3,pre1,pre1,名詞,pre1:3114,1,pre1_or_1_deferred
auditorium,auditorium,word,講堂,講堂,exam,3,pre1,pre1,名詞,pre1:3373,1,pre1_or_1_deferred
austere,austere,word,厳格な、厳重な,厳格な、厳重な / 厳格な，厳重な,exam,3,pre1,pre1;1,形容詞,pre1:3223;1:1391,2,pre1_or_1_deferred
authentic,authentic,word,本物の，信頼できる,本物の，信頼できる,exam,3,pre1,pre1,形容詞,pre1:2082,1,pre1_or_1_deferred
authorize,authorize,word,許可する,許可する,exam,3,pre1,pre1,動詞,pre1:1215,1,pre1_or_1_deferred
autograph,autograph,word,署名，サイン,署名，サイン,exam,3,pre1,pre1,名詞,pre1:3213,1,pre1_or_1_deferred
autonomy,autonomy,word,自治，自主性,自治，自主性,exam,3,pre1,pre1,名詞,pre1:2135,1,pre1_or_1_deferred
avail,avail,word,利用する,利用する,exam,3,pre1,pre1,動詞,pre1:1765,1,pre1_or_1_deferred
availability,availability,word,可用性，利用可能性,可用性，利用可能性,exam,3,pre1,pre1;1,名詞,pre1:2993;1:316,2,pre1_or_1_deferred
avalanche,avalanche,word,雪崩,雪崩,exam,3,pre1,pre1,名詞,pre1:2834,1,pre1_or_1_deferred
avert,avert,word,を逸らす，避ける,を逸らす，避ける,exam,3,pre1,pre1,動詞,pre1:2745,1,pre1_or_1_deferred
aviation,aviation,word,航空，飛行,航空，飛行,exam,3,pre1,pre1,名詞,pre1:2304,1,pre1_or_1_deferred
await,await,word,を待つ,を待つ,exam,3,pre1,pre1,動詞,pre1:327,1,pre1_or_1_deferred
awfully,awfully,word,ひどく，恐ろしく,ひどく，恐ろしく,exam,3,pre1,pre1,副詞,pre1:387,1,pre1_or_1_deferred
axis,axis,word,軸,軸,exam,3,pre1,pre1,名詞,pre1:3065,1,pre1_or_1_deferred
bachelor,bachelor,word,独身男性，未婚男性,独身男性，未婚男性,exam,3,pre1,pre1,名詞,pre1:1944,1,pre1_or_1_deferred
backyard,backyard,word,裏庭,裏庭,exam,3,pre1,pre1,名詞,pre1:132,1,pre1_or_1_deferred
bacteria,bacteria,word,細菌,細菌,exam,3,pre1,pre1,名詞,pre1:1351,1,pre1_or_1_deferred
baggage,baggage,word,荷物，手荷物,荷物，手荷物,exam,3,pre1,pre1,名詞,pre1:210,1,pre1_or_1_deferred
bail,bail,word,保釈，保釈金,保釈，保釈金,exam,3,pre1,pre1,名詞,pre1:2212,1,pre1_or_1_deferred
bait,bait,word,えさ,えさ,exam,3,pre1,pre1,名詞,pre1:1745,1,pre1_or_1_deferred
bald,bald,word,禿げた,禿げた,exam,3,pre1,pre1,形容詞,pre1:1197,1,pre1_or_1_deferred
ballot,ballot,word,投票用紙，選挙票,投票用紙，選挙票,exam,3,pre1,pre1;1,名詞,pre1:1699;1:491,2,pre1_or_1_deferred
bandage,bandage,word,包帯，絆創膏，ガーゼ,包帯，絆創膏，ガーゼ,exam,3,pre1,pre1;1,名詞,pre1:90;1:370,2,pre1_or_1_deferred
banish,banish,word,を流刑にする，追放する,を流刑にする，追放する,exam,3,pre1,pre1,動詞,pre1:1228,1,pre1_or_1_deferred
bankrupt,bankrupt,word,破産,破産,exam,3,pre1,pre1,形容詞,pre1:3352,1,pre1_or_1_deferred
barbarian,barbarian,word,野蛮人，未開の人々,野蛮人，未開の人々,exam,3,pre1,pre1,名詞,pre1:1809,1,pre1_or_1_deferred
bark,bark,word,吠える/木の皮,吠える/木の皮,exam,3,pre1,pre1,動詞/名詞,pre1:13,1,pre1_or_1_deferred
barn,barn,word,物置，納屋,物置，納屋,exam,3,pre1,pre1,名詞,pre1:774,1,pre1_or_1_deferred
baron,baron,word,男爵,男爵,exam,3,pre1,pre1,名詞,pre1:1999,1,pre1_or_1_deferred
barrel,barrel,word,樽,樽,exam,3,pre1,pre1,名詞,pre1:3093,1,pre1_or_1_deferred
barren,barren,word,実を結ばない，結果を出さない,実を結ばない，結果を出さない,exam,3,pre1,pre1;1,形容詞,pre1:2027;1:322,2,pre1_or_1_deferred
barter,barter,word,物々交換する,物々交換する,exam,3,pre1,pre1,動詞,pre1:2568,1,pre1_or_1_deferred
batch,batch,word,ひとまとめ,ひとまとめ,exam,3,pre1,pre1,名詞,pre1:600,1,pre1_or_1_deferred
beak,beak,word,くちばし,くちばし,exam,3,pre1,pre1,名詞,pre1:1284,1,pre1_or_1_deferred
beard,beard,word,ひげ，あごひげ,ひげ，あごひげ,exam,3,pre1,pre1,名詞,pre1:244,1,pre1_or_1_deferred
beckon,beckon,word,手招きする,手招きする / 手招きする，招く,exam,3,pre1,pre1;1,動詞,pre1:3276;1:859,2,pre1_or_1_deferred
beggar,beggar,word,乞食，物乞い,乞食，物乞い / 乞食,exam,3,pre1,pre1;1,名詞,pre1:102;1:2488,2,pre1_or_1_deferred
behavioral,behavioral,word,行動上の，行動の,行動上の，行動の,exam,3,pre1,pre1;1,形容詞,pre1:2391;1:66,2,pre1_or_1_deferred
bellybutton,bellybutton,word,へそ，へその緒がついていた傷痕,へそ，へその緒がついていた傷痕,exam,3,pre1,pre1,名詞,pre1:1439,1,pre1_or_1_deferred
bestow,bestow,word,を授ける，与える,を授ける，与える,exam,3,pre1,pre1,動詞,pre1:1695,1,pre1_or_1_deferred
betrayal,betrayal,word,裏切り，密告,裏切り，密告,exam,3,pre1,pre1,名詞,pre1:1336,1,pre1_or_1_deferred
beware,beware,word,用心する，気を付ける,用心する，気を付ける,exam,3,pre1,pre1,動詞,pre1:1781,1,pre1_or_1_deferred
bewilder,bewilder,word,当惑させる,当惑させる,exam,3,pre1,pre1,動詞,pre1:1974,1,pre1_or_1_deferred
bias,bias,word,偏見，先入観,偏見，先入観,exam,3,pre1,pre1;1,名詞,pre1:1587;1:59,2,pre1_or_1_deferred
bid,bid,word,入札する,入札する,exam,3,pre1,pre1,動詞,pre1:3308,1,pre1_or_1_deferred
bilingual,bilingual,word,二ヶ国語話者,二ヶ国語話者,exam,3,pre1,pre1,名詞,pre1:1023,1,pre1_or_1_deferred
bimonthly,bimonthly,word,隔月の,隔月の,exam,3,pre1,pre1,形容詞,pre1:1672,1,pre1_or_1_deferred
bin,bin,word,容器,容器,exam,3,pre1,pre1,名詞,pre1:2439,1,pre1_or_1_deferred
biography,biography,word,伝記,伝記,exam,3,pre1,pre1,名詞,pre1:945,1,pre1_or_1_deferred
bizarre,bizarre,word,奇妙な，異様な,奇妙な，異様な,exam,3,pre1,pre1,形容詞,pre1:2777,1,pre1_or_1_deferred
blank,blank,word,白紙の，空白の,白紙の，空白の,exam,3,pre1,pre1,形容詞,pre1:50,1,pre1_or_1_deferred
blatant,blatant,word,露骨な，あからさまな,露骨な，あからさまな,exam,3,pre1,pre1;1,形容詞,pre1:3378;1:563,2,pre1_or_1_deferred
blaze,blaze,word,火炎，炎,火炎，炎,exam,3,pre1,pre1,名詞,pre1:830,1,pre1_or_1_deferred
bleach,bleach,word,を漂白する,を漂白する,exam,3,pre1,pre1,動詞,pre1:1406,1,pre1_or_1_deferred
bleak,bleak,word,吹きさらしの，荒涼とした,吹きさらしの，荒涼とした,exam,3,pre1,pre1;1,形容詞,pre1:2022;1:149,2,pre1_or_1_deferred
blend,blend,word,を混ぜ合わせる，を混ぜる,を混ぜ合わせる，を混ぜる,exam,3,pre1,pre1,動詞,pre1:69,1,pre1_or_1_deferred
bless,bless,word,を祝福する，に授ける,を祝福する，に授ける,exam,3,pre1,pre1,動詞,pre1:196,1,pre1_or_1_deferred
bliss,bliss,word,至福，極楽,至福，極楽,exam,3,pre1,pre1;1,名詞,pre1:1716;1:396,2,pre1_or_1_deferred
blister,blister,word,水膨れ、水疱,水膨れ、水疱 / 水膨れ，水疱,exam,3,pre1,pre1;1,名詞,pre1:3153;1:1763,2,pre1_or_1_deferred
blizzard,blizzard,word,猛吹雪,猛吹雪,exam,3,pre1,pre1,名詞,pre1:2638,1,pre1_or_1_deferred
blot,blot,word,しみ，汚れ,しみ，汚れ,exam,3,pre1,pre1,名詞,pre1:1392,1,pre1_or_1_deferred
blueprint,blueprint,word,青写真,青写真,exam,3,pre1,pre1,名詞,pre1:999,1,pre1_or_1_deferred
blunt,blunt,word,鈍い,鈍い,exam,3,pre1,pre1,形容詞,pre1:1455,1,pre1_or_1_deferred
blur,blur,word,しみ，汚れ,しみ，汚れ,exam,3,pre1,pre1,名詞,pre1:2298,1,pre1_or_1_deferred
blurry,blurry,word,ぼやけた,ぼやけた,exam,3,pre1,pre1;1,形容詞,pre1:2972;1:3787,2,pre1_or_1_deferred
boast,boast,word,自慢する，誇示する,自慢する，誇示する,exam,3,pre1,pre1;1,動詞,pre1:88;1:319,2,pre1_or_1_deferred
boastful,boastful,word,自慢の，高慢な,自慢の，高慢な,exam,3,pre1,pre1,形容詞,pre1:1900,1,pre1_or_1_deferred
bog,bog,word,沼地,沼地,exam,3,pre1,pre1;1,名詞,pre1:2475;1:3221,2,pre1_or_1_deferred
bondage,bondage,word,緊縛，縛り,緊縛，縛り,exam,3,pre1,pre1,名詞,pre1:2625,1,pre1_or_1_deferred
bonfire,bonfire,word,たき火,たき火,exam,3,pre1,pre1,名詞,pre1:2442,1,pre1_or_1_deferred
boon,boon,word,恩恵,恩恵,exam,3,pre1,pre1;1,名詞,pre1:2708;1:2451,2,pre1_or_1_deferred
bore,bore,word,退屈させる，うんざりさせる,退屈させる，うんざりさせる,exam,3,pre1,pre1,動詞,pre1:217,1,pre1_or_1_deferred
boredom,boredom,word,退屈,退屈,exam,3,pre1,pre1,名詞,pre1:555,1,pre1_or_1_deferred
bosom,bosom,word,乳房，胸,乳房，胸,exam,3,pre1,pre1,名詞,pre1:1777,1,pre1_or_1_deferred
botanical,botanical,word,植物の,植物の,exam,3,pre1,pre1,形容詞,pre1:1463,1,pre1_or_1_deferred
botanist,botanist,word,植物学者，植物研究者,植物学者，植物研究者,exam,3,pre1,pre1;1,名詞,pre1:2841;1:482,2,pre1_or_1_deferred
botany,botany,word,植物学,植物学,exam,3,pre1,pre1,名詞,pre1:2088,1,pre1_or_1_deferred
bough,bough,word,大きな枝,大きな枝,exam,3,pre1,pre1,名詞,pre1:1929,1,pre1_or_1_deferred
boulder,boulder,word,丸石,丸石,exam,3,pre1,pre1,名詞,pre1:2798,1,pre1_or_1_deferred
boulevard,boulevard,word,大通り,大通り,exam,3,pre1,pre1,名詞,pre1:2605,1,pre1_or_1_deferred
bounce,bounce,word,跳ねる，はずむ,跳ねる，はずむ,exam,3,pre1,pre1,動詞,pre1:998,1,pre1_or_1_deferred
bound,bound,word,跳ねる，跳ね返る,跳ねる，跳ね返る,exam,3,pre1,pre1,動詞,pre1:236,1,pre1_or_1_deferred
bout,bout,word,試合，競技,試合，競技,exam,3,pre1,pre1;1,名詞,pre1:3044;1:32,2,pre1_or_1_deferred
brace,brace,word,支える,支える,exam,3,pre1,pre1,動詞,pre1:1958,1,pre1_or_1_deferred
brag,brag,word,自慢,自慢,exam,3,pre1,pre1,動詞,pre1:3296,1,pre1_or_1_deferred
bran,bran,word,ぬか,ぬか / ふすま，ぬか,exam,3,pre1,pre1;1,名詞,pre1:2869;1:2393,2,pre1_or_1_deferred
breach,breach,word,違反,違反,exam,3,pre1,pre1,名詞,pre1:1996,1,pre1_or_1_deferred
breakthrough,breakthrough,word,突破口,突破口,exam,3,pre1,pre1,名詞,pre1:2307,1,pre1_or_1_deferred
brew,brew,word,醸造する,醸造する,exam,3,pre1,pre1,動詞,pre1:1957,1,pre1_or_1_deferred
bribe,bribe,word,賄賂,賄賂 / 賄賂，贈賄,exam,3,pre1,pre1;1,名詞,pre1:1254;1:1074,2,pre1_or_1_deferred
bribery,bribery,word,賄賂の授受，贈収賄,賄賂の授受，贈収賄,exam,3,pre1,pre1;1,名詞,pre1:1969;1:15,2,pre1_or_1_deferred
brightly,brightly,word,明るく，輝いて,明るく，輝いて,exam,3,pre1,pre1,副詞,pre1:5,1,pre1_or_1_deferred
brilliance,brilliance,word,明るさ，光沢,明るさ，光沢,exam,3,pre1,pre1,名詞,pre1:1331,1,pre1_or_1_deferred
brim,brim,word,へり，ふち,へり，ふち,exam,3,pre1,pre1,名詞,pre1:922,1,pre1_or_1_deferred
brink,brink,word,瀬戸際，切羽詰まった状態,瀬戸際，切羽詰まった状態,exam,3,pre1,pre1;1,名詞,pre1:2035;1:323,2,pre1_or_1_deferred
brisk,brisk,word,活発な，元気の良い,活発な，元気の良い,exam,3,pre1,pre1,形容詞,pre1:1915,1,pre1_or_1_deferred
brochure,brochure,word,小冊子,小冊子,exam,3,pre1,pre1,名詞,pre1:1584,1,pre1_or_1_deferred
broom,broom,word,ほうき,ほうき / ほうき，掃除道具,exam,3,pre1,pre1;1,名詞,pre1:1416;1:1035,2,pre1_or_1_deferred
browse,browse,word,拾い読みする，一部読む,拾い読みする，一部読む,exam,3,pre1,pre1;1,動詞,pre1:2910;1:278,2,pre1_or_1_deferred
brutal,brutal,word,残忍な，残酷な,残忍な，残酷な,exam,3,pre1,pre1,形容詞,pre1:566,1,pre1_or_1_deferred
bud,bud,word,つぼみ,つぼみ,exam,3,pre1,pre1,名詞,pre1:436,1,pre1_or_1_deferred
buddy,buddy,word,相棒，仲間,相棒，仲間,exam,3,pre1,pre1,名詞,pre1:2096,1,pre1_or_1_deferred
buffer,buffer,word,緩衝，緩和,緩衝，緩和,exam,3,pre1,pre1;1,名詞,pre1:3394;1:956,2,pre1_or_1_deferred
bug,bug,word,虫，故障,虫，故障,exam,3,pre1,pre1,名詞,pre1:756,1,pre1_or_1_deferred
bulk,bulk,word,大きさ，かさ,大きさ，かさ,exam,3,pre1,pre1,名詞,pre1:625,1,pre1_or_1_deferred
bulky,bulky,word,かさばった，嵩高な,かさばった，嵩高な,exam,3,pre1,pre1;1,形容詞,pre1:1953;1:2153,2,pre1_or_1_deferred
bump,bump,word,こぶ，衝突,こぶ，衝突,exam,3,pre1,pre1,名詞,pre1:705,1,pre1_or_1_deferred
bundle,bundle,word,束，一揃い,束，一揃い / 束，一揃い，一組,exam,3,pre1,pre1;1,名詞,pre1:3389;1:1784,2,pre1_or_1_deferred
bureaucracy,bureaucracy,word,官僚，官僚制度,官僚，官僚制度,exam,3,pre1,pre1,名詞,pre1:1628,1,pre1_or_1_deferred
burglary,burglary,word,強盗，住宅侵入,強盗，住宅侵入,exam,3,pre1,pre1;1,名詞,pre1:2178;1:1098,2,pre1_or_1_deferred
bush,bush,word,茂み，低木,茂み，低木,exam,3,pre1,pre1,名詞,pre1:172,1,pre1_or_1_deferred
butcher,butcher,word,肉屋,肉屋,exam,3,pre1,pre1,名詞,pre1:336,1,pre1_or_1_deferred
butler,butler,word,執事,執事,exam,3,pre1,pre1,名詞,pre1:2661,1,pre1_or_1_deferred
buzz,buzz,word,ざわめく,ざわめく,exam,3,pre1,pre1,動詞,pre1:1280,1,pre1_or_1_deferred
bystander,bystander,word,傍観者，見物人,傍観者，見物人 / 傍観者,exam,3,pre1,pre1;1,名詞,pre1:3094;1:1918,2,pre1_or_1_deferred
cactus,cactus,word,サボテン,サボテン,exam,3,pre1,pre1,名詞,pre1:627,1,pre1_or_1_deferred
cage,cage,word,かご，おり,かご，おり,exam,3,pre1,pre1,名詞,pre1:111,1,pre1_or_1_deferred
calculation,calculation,word,計算，算定,計算，算定,exam,3,pre1,pre1,名詞,pre1:720,1,pre1_or_1_deferred
calmly,calmly,word,落ち着いて，静かに,落ち着いて，静かに,exam,3,pre1,pre1,副詞,pre1:151,1,pre1_or_1_deferred
camel,camel,word,ラクダ,ラクダ,exam,3,pre1,pre1,名詞,pre1:2747,1,pre1_or_1_deferred
canal,canal,word,運河,運河,exam,3,pre1,pre1,名詞,pre1:433,1,pre1_or_1_deferred
candid,candid,word,率直な、正直な,率直な、正直な / 率直な，正直な,exam,3,pre1,pre1;1,形容詞,pre1:3092;1:1604,2,pre1_or_1_deferred
canine,canine,word,イヌの，イヌ科の,イヌの，イヌ科の / 犬の，犬用の,exam,3,pre1,pre1;1,形容詞,pre1:656;1:1385,2,pre1_or_1_deferred
canyon,canyon,word,峡谷,峡谷,exam,3,pre1,pre1,名詞,pre1:1326,1,pre1_or_1_deferred
capability,capability,word,容量，能力,容量，能力,exam,3,pre1,pre1,名詞,pre1:1231,1,pre1_or_1_deferred
capitalism,capitalism,word,資本主義,資本主義,exam,3,pre1,pre1,名詞,pre1:502,1,pre1_or_1_deferred
captivate,captivate,word,を魅了する,を魅了する,exam,3,pre1,pre1,動詞,pre1:2736,1,pre1_or_1_deferred
captivity,captivity,word,監禁，囚禁,監禁，囚禁,exam,3,pre1,pre1;1,名詞,pre1:2305;1:121,2,pre1_or_1_deferred
carbohydrate,carbohydrate,word,炭水化物,炭水化物,exam,3,pre1,pre1,名詞,pre1:2943,1,pre1_or_1_deferred
caricature,caricature,word,風刺画,風刺画,exam,3,pre1,pre1;1,名詞,pre1:3074;1:2755,2,pre1_or_1_deferred
cart,cart,word,荷車，荷馬車,荷車，荷馬車,exam,3,pre1,pre1,名詞,pre1:83,1,pre1_or_1_deferred
cartoon,cartoon,word,漫画,漫画,exam,3,pre1,pre1,名詞,pre1:1368,1,pre1_or_1_deferred
carve,carve,word,を彫る,を彫る,exam,3,pre1,pre1,動詞,pre1:900,1,pre1_or_1_deferred
casualty,casualty,word,犠牲者，被害者,犠牲者，被害者,exam,3,pre1,pre1,名詞,pre1:2126,1,pre1_or_1_deferred
catastrophe,catastrophe,word,大惨事,大惨事,exam,3,pre1,pre1,名詞,pre1:735;pre1:3269,2,pre1_or_1_deferred
cathedral,cathedral,word,大聖堂,大聖堂,exam,3,pre1,pre1,名詞,pre1:758,1,pre1_or_1_deferred
ceaseless,ceaseless,word,絶え間ない,絶え間ない,exam,3,pre1,pre1,形容詞,pre1:2776,1,pre1_or_1_deferred
celestial,celestial,word,天体の，天国の,天体の，天国の / 天体の，星座の,exam,3,pre1,pre1;1,形容詞,pre1:2473;1:1372,2,pre1_or_1_deferred
cemetery,cemetery,word,お墓，墓地,お墓，墓地,exam,3,pre1,pre1,名詞,pre1:1391,1,pre1_or_1_deferred
censor,censor,word,検閲官,検閲官,exam,3,pre1,pre1,名詞,pre1:2510,1,pre1_or_1_deferred
census,census,word,国勢調査，人口調査,国勢調査，人口調査,exam,3,pre1,pre1,名詞,pre1:1534,1,pre1_or_1_deferred
certificate,certificate,word,証書，証券,証書，証券,exam,3,pre1,pre1,名詞,pre1:1043,1,pre1_or_1_deferred
certify,certify,word,証明する,証明する,exam,3,pre1,pre1,動詞,pre1:3106,1,pre1_or_1_deferred
chairperson,chairperson,word,議長,議長,exam,3,pre1,pre1,名詞,pre1:970,1,pre1_or_1_deferred
chant,chant,word,聖歌，歌,聖歌，歌 / 単調な歌，一本調子の歌,exam,3,pre1,pre1;1,名詞,pre1:2532;1:909,2,pre1_or_1_deferred
chaos,chaos,word,混沌,混沌,exam,3,pre1,pre1,名詞,pre1:834,1,pre1_or_1_deferred
chaotic,chaotic,word,混沌とした,混沌とした,exam,3,pre1,pre1,形容詞,pre1:3265,1,pre1_or_1_deferred
chatter,chatter,word,おしゃべり,おしゃべり,exam,3,pre1,pre1,名詞,pre1:3053,1,pre1_or_1_deferred
chauffeur,chauffeur,word,運転手,運転手,exam,3,pre1,pre1,名詞,pre1:2669,1,pre1_or_1_deferred
cheeky,cheeky,word,生意気な，ずうずうしい,生意気な，ずうずうしい,exam,3,pre1,pre1,形容詞,pre1:2724,1,pre1_or_1_deferred
cheery,cheery,word,陽気な，明るい,陽気な，明るい,exam,3,pre1,pre1,形容詞,pre1:2547,1,pre1_or_1_deferred
cherish,cherish,word,大切にする，希望を抱く,大切にする，希望を抱く,exam,3,pre1,pre1,動詞,pre1:1802,1,pre1_or_1_deferred
childbirth,childbirth,word,出産，分娩,出産，分娩,exam,3,pre1,pre1;1,名詞,pre1:2859;1:384,2,pre1_or_1_deferred
chill,chill,word,冷たさ，寒気,冷たさ，寒気,exam,3,pre1,pre1,名詞,pre1:188,1,pre1_or_1_deferred
chilly,chilly,word,肌寒い,肌寒い,exam,3,pre1,pre1,形容詞,pre1:1067,1,pre1_or_1_deferred
chimney,chimney,word,煙突,煙突,exam,3,pre1,pre1,名詞,pre1:10,1,pre1_or_1_deferred
choke,choke,word,のどに詰まらせる,のどに詰まらせる,exam,3,pre1,pre1,動詞,pre1:3380,1,pre1_or_1_deferred
chore,chore,word,雑用,雑用,exam,3,pre1,pre1,名詞,pre1:3148,1,pre1_or_1_deferred
chronic,chronic,word,慢性的な,慢性的な,exam,3,pre1,pre1,形容詞,pre1:2448,1,pre1_or_1_deferred
chronological,chronological,word,年代順の,年代順の,exam,3,pre1,pre1,形容詞,pre1:3081,1,pre1_or_1_deferred
chuckle,chuckle,word,含み笑い、ほくそ笑い,含み笑い、ほくそ笑い / 含み笑い，ほくそ笑い,exam,3,pre1,pre1;1,名詞,pre1:3291;1:1764,2,pre1_or_1_deferred
chunk,chunk,word,厚切り，かたまり,厚切り，かたまり,exam,3,pre1,pre1,名詞,pre1:2363,1,pre1_or_1_deferred
citation,citation,word,引用/他人の言葉や文章を取り上げる,引用/他人の言葉や文章を取り上げる / 引用，他人の言葉や文章を取り上げる,exam,3,pre1,pre1;1,名詞,pre1:3171;1:1731,2,pre1_or_1_deferred
citizenship,citizenship,word,市民権，公民権,市民権，公民権,exam,3,pre1,pre1,名詞,pre1:1750,1,pre1_or_1_deferred
civic,civic,word,市民の,市民の,exam,3,pre1,pre1,形容詞,pre1:1476,1,pre1_or_1_deferred
clap,clap,word,手をたたく,手をたたく,exam,3,pre1,pre1,動詞,pre1:346,1,pre1_or_1_deferred
clarity,clarity,word,明快さ，明瞭,明快さ，明瞭,exam,3,pre1,pre1,名詞,pre1:2032,1,pre1_or_1_deferred
clasp,clasp,word,留め金,留め金,exam,3,pre1,pre1,名詞,pre1:2038,1,pre1_or_1_deferred
classify,classify,word,に分類する，類別する,に分類する，類別する,exam,3,pre1,pre1,動詞,pre1:1202,1,pre1_or_1_deferred
clause,clause,word,条項，節,条項，節,exam,3,pre1,pre1,名詞,pre1:1184,1,pre1_or_1_deferred
clay,clay,word,粘土,粘土,exam,3,pre1,pre1,名詞,pre1:693,1,pre1_or_1_deferred
clench,clench,word,食いしばる，固く握る,食いしばる，固く握る,exam,3,pre1,pre1,動詞,pre1:2057,1,pre1_or_1_deferred
clueless,clueless,word,無知な、知識のない,無知な、知識のない / 無知な，知識のない,exam,3,pre1,pre1;1,形容詞,pre1:3134;1:1579,2,pre1_or_1_deferred
clumsy,clumsy,word,不器用な，ぎこちない,不器用な，ぎこちない,exam,3,pre1,pre1,形容詞,pre1:1869,1,pre1_or_1_deferred
cluster,cluster,word,集団,集団,exam,3,pre1,pre1,名詞,pre1:1035,1,pre1_or_1_deferred
clutch,clutch,word,をしっかり握る,をしっかり握る,exam,3,pre1,pre1,動詞,pre1:1467,1,pre1_or_1_deferred
coarse,coarse,word,粗末な，下等な,粗末な，下等な / 粗末な，質素な,exam,3,pre1,pre1;1,形容詞,pre1:1070;1:570,2,pre1_or_1_deferred
coastal,coastal,word,湾岸の，海岸の,湾岸の，海岸の,exam,3,pre1,pre1,形容詞,pre1:1519,1,pre1_or_1_deferred
coffin,coffin,word,棺桶,棺桶,exam,3,pre1,pre1,名詞,pre1:1896,1,pre1_or_1_deferred
cognitive,cognitive,word,認識の,認識の,exam,3,pre1,pre1,形容詞,pre1:2963,1,pre1_or_1_deferred
coherence,coherence,word,一貫性，結合,一貫性，結合,exam,3,pre1,pre1,名詞,pre1:2520,1,pre1_or_1_deferred
coherent,coherent,word,首尾一貫した,首尾一貫した,exam,3,pre1,pre1,形容詞,pre1:2143,1,pre1_or_1_deferred
coincidence,coincidence,word,同時発生,同時発生,exam,3,pre1,pre1,名詞,pre1:2059,1,pre1_or_1_deferred
collide,collide,word,衝突する，ぶつかる,衝突する，ぶつかる,exam,3,pre1,pre1,動詞,pre1:2147,1,pre1_or_1_deferred
collision,collision,word,衝突，対立,衝突，対立,exam,3,pre1,pre1;1,名詞,pre1:1877;1:499,2,pre1_or_1_deferred
colonel,colonel,word,大佐,大佐,exam,3,pre1,pre1,名詞,pre1:1887,1,pre1_or_1_deferred
colonial,colonial,word,植民地の,植民地の,exam,3,pre1,pre1,形容詞,pre1:715,1,pre1_or_1_deferred
coma,coma,word,こん睡状態,こん睡状態,exam,3,pre1,pre1,名詞,pre1:2927,1,pre1_or_1_deferred
comb,comb,word,くし,くし,exam,3,pre1,pre1,名詞,pre1:121,1,pre1_or_1_deferred
comet,comet,word,彗星,彗星,exam,3,pre1,pre1,名詞,pre1:988,1,pre1_or_1_deferred
comical,comical,word,おどけた，滑稽な,おどけた，滑稽な,exam,3,pre1,pre1,形容詞,pre1:937,1,pre1_or_1_deferred
commemorate,commemorate,word,を祝う，記念する,を祝う，記念する,exam,3,pre1,pre1,動詞,pre1:2469,1,pre1_or_1_deferred
commemoration,commemoration,word,記念,記念,exam,3,pre1,pre1,名詞,pre1:3301,1,pre1_or_1_deferred
commencement,commencement,word,開始,開始,exam,3,pre1,pre1,名詞,pre1:2926,1,pre1_or_1_deferred
commend,commend,word,褒める，賞賛する,褒める，賞賛する,exam,3,pre1,pre1;1,動詞,pre1:3109;1:660,2,pre1_or_1_deferred
commerce,commerce,word,商業，商売,商業，商売,exam,3,pre1,pre1;1,名詞,pre1:345;1:49,2,pre1_or_1_deferred
commotion,commotion,word,騒動,騒動,exam,3,pre1,pre1;1,名詞,pre1:793;1:3279,2,pre1_or_1_deferred
communion,communion,word,親交,親交,exam,3,pre1,pre1,名詞,pre1:2211,1,pre1_or_1_deferred
comparable,comparable,word,比較できる，比べられる,比較できる，比べられる,exam,3,pre1,pre1;1,形容詞,pre1:1055;1:295,2,pre1_or_1_deferred
compartment,compartment,word,区画,区画,exam,3,pre1,pre1,名詞,pre1:3089,1,pre1_or_1_deferred
compassionate,compassionate,word,思いやりのある，情け深い,思いやりのある，情け深い,exam,3,pre1,pre1,形容詞,pre1:2573,1,pre1_or_1_deferred
compatible,compatible,word,互換性のある，両立できる,互換性のある，両立できる,exam,3,pre1,pre1,形容詞,pre1:2291,1,pre1_or_1_deferred
compel,compel,word,無理にさせる,無理にさせる,exam,3,pre1,pre1,動詞,pre1:1139,1,pre1_or_1_deferred
compelling,compelling,word,説得力のある，有力な,説得力のある，有力な,exam,3,pre1,pre1;1,形容詞,pre1:1997;1:500,2,pre1_or_1_deferred
compensate,compensate,word,補償する，償う,補償する，償う,exam,3,pre1,pre1,動詞,pre1:1709,1,pre1_or_1_deferred
compensation,compensation,word,補償，賠償,補償，賠償,exam,3,pre1,pre1;1,名詞,pre1:941;1:105,2,pre1_or_1_deferred
competent,competent,word,有能な,有能な,exam,3,pre1,pre1,形容詞,pre1:3315,1,pre1_or_1_deferred
complacent,complacent,word,自己満足の，独りよがりの,自己満足の，独りよがりの / 自己満足の,exam,3,pre1,pre1;1,形容詞,pre1:2856;1:3964,2,pre1_or_1_deferred
complement,complement,word,補足物,補足物,exam,3,pre1,pre1,名詞,pre1:1746,1,pre1_or_1_deferred
compliance,compliance,word,社会規範,社会規範,exam,3,pre1,pre1,名詞,pre1:2959,1,pre1_or_1_deferred
comply,comply,word,準拠する,準拠する,exam,3,pre1,pre1,動詞,pre1:1966,1,pre1_or_1_deferred
composite,composite,word,混成の，合成の,混成の，合成の,exam,3,pre1,pre1,形容詞,pre1:2137,1,pre1_or_1_deferred
comprehension,comprehension,word,理解,理解,exam,3,pre1,pre1,名詞,pre1:618,1,pre1_or_1_deferred
compress,compress,word,圧縮する,圧縮する,exam,3,pre1,pre1,動詞,pre1:2071,1,pre1_or_1_deferred
compression,compression,word,圧縮，ようやく,圧縮，ようやく,exam,3,pre1,pre1,名詞,pre1:2918,1,pre1_or_1_deferred
comprise,comprise,word,含む，構成する,含む，構成する,exam,3,pre1,pre1;1,動詞,pre1:1486;1:140,2,pre1_or_1_deferred
compulsion,compulsion,word,脅迫，強制,脅迫，強制,exam,3,pre1,pre1,名詞,pre1:2797,1,pre1_or_1_deferred
compulsory,compulsory,word,強制的な，強制力のある,強制的な，強制力のある,exam,3,pre1,pre1;1,形容詞,pre1:1370;1:3104,2,pre1_or_1_deferred
comrade,comrade,word,同志，仲間,同志，仲間,exam,3,pre1,pre1,名詞,pre1:1442,1,pre1_or_1_deferred
concede,concede,word,認める，譲歩する,認める，譲歩する,exam,3,pre1,pre1,動詞,pre1:1717,1,pre1_or_1_deferred
conceited,conceited,word,うぬぼれた,うぬぼれた,exam,3,pre1,pre1,形容詞,pre1:2558,1,pre1_or_1_deferred
conceive,conceive,word,を心に抱く，思う,を心に抱く，思う,exam,3,pre1,pre1,動詞,pre1:518,1,pre1_or_1_deferred
concentrated,concentrated,word,濃縮された，集中した,濃縮された，集中した,exam,3,pre1,pre1,形容詞,pre1:474,1,pre1_or_1_deferred
conception,conception,word,概念，考え,概念，考え,exam,3,pre1,pre1;1,名詞,pre1:1296;1:55,2,pre1_or_1_deferred
conceptual,conceptual,word,概念的な，概念の,概念的な，概念の,exam,3,pre1,pre1,形容詞,pre1:1556,1,pre1_or_1_deferred
concession,concession,word,譲歩，容認,譲歩，容認,exam,3,pre1,pre1,名詞,pre1:1460,1,pre1_or_1_deferred
concise,concise,word,簡潔な,簡潔な,exam,3,pre1,pre1,形容詞,pre1:1496,1,pre1_or_1_deferred
conclusive,conclusive,word,決定的な，結論的な,決定的な，結論的な,exam,3,pre1,pre1,形容詞,pre1:30,1,pre1_or_1_deferred
condemn,condemn,word,を責める，非難する,を責める，非難する,exam,3,pre1,pre1,動詞,pre1:734,1,pre1_or_1_deferred
condemnation,condemnation,word,非難,非難,exam,3,pre1,pre1,名詞,pre1:2792,1,pre1_or_1_deferred
condense,condense,word,を凝縮する，濃縮する,を凝縮する，濃縮する,exam,3,pre1,pre1,動詞,pre1:682,1,pre1_or_1_deferred
condiment,condiment,word,調味料,調味料,exam,3,pre1,pre1,名詞,pre1:3151,1,pre1_or_1_deferred
conductor,conductor,word,導体，指導者,導体，指導者,exam,3,pre1,pre1,名詞,pre1:824,1,pre1_or_1_deferred
confer,confer,word,授与する,授与する,exam,3,pre1,pre1,動詞,pre1:1751,1,pre1_or_1_deferred
confession,confession,word,告白，自白,告白，自白,exam,3,pre1,pre1;1,名詞,pre1:317;1:405,2,pre1_or_1_deferred
confide,confide,word,を打ち明ける，信用する,を打ち明ける，信用する,exam,3,pre1,pre1,動詞,pre1:1641,1,pre1_or_1_deferred
confidential,confidential,word,機密の，内々の,機密の，内々の,exam,3,pre1,pre1,形容詞,pre1:1465,1,pre1_or_1_deferred
configuration,configuration,word,構成,構成,exam,3,pre1,pre1,名詞,pre1:3292,1,pre1_or_1_deferred
confinement,confinement,word,制限，監禁,制限，監禁,exam,3,pre1,pre1,名詞,pre1:2037,1,pre1_or_1_deferred
confirmation,confirmation,word,確証，確認,確証，確認,exam,3,pre1,pre1,名詞,pre1:1603,1,pre1_or_1_deferred
confound,confound,word,を困惑させる，混乱させる,を困惑させる，混乱させる / 混乱させる，乱す,exam,3,pre1,pre1;1,動詞,pre1:2828;1:688,2,pre1_or_1_deferred
confrontation,confrontation,word,対決，対戦,対決，対戦,exam,3,pre1,pre1;1,名詞,pre1:1947;1:429,2,pre1_or_1_deferred
congestion,congestion,word,密集，充満,密集，充満,exam,3,pre1,pre1,名詞,pre1:2845,1,pre1_or_1_deferred
congregate,congregate,word,集まる,集まる,exam,3,pre1,pre1;1,動詞,pre1:3279;1:2171,2,pre1_or_1_deferred
congregation,congregation,word,会合,会合,exam,3,pre1,pre1,名詞,pre1:2065,1,pre1_or_1_deferred
congressional,congressional,word,会議の,会議の,exam,3,pre1,pre1,形容詞,pre1:2078,1,pre1_or_1_deferred
conjecture,conjecture,word,推測，憶測,推測，憶測 / 推測,exam,3,pre1,pre1;1,名詞,pre1:2517;1:3537,2,pre1_or_1_deferred
conquest,conquest,word,征服，克服,征服，克服,exam,3,pre1,pre1,名詞,pre1:503,1,pre1_or_1_deferred
conscience,conscience,word,良心，道徳心,良心，道徳心,exam,3,pre1,pre1;1,名詞,pre1:329;1:58,2,pre1_or_1_deferred
consciousness,consciousness,word,意識，知覚,意識，知覚,exam,3,pre1,pre1,名詞,pre1:290,1,pre1_or_1_deferred
consecutive,consecutive,word,連続した,連続した,exam,3,pre1,pre1,形容詞,pre1:2938,1,pre1_or_1_deferred
consensus,consensus,word,同意，同調,同意，同調,exam,3,pre1,pre1;1,名詞,pre1:660;1:510,2,pre1_or_1_deferred
consent,consent,word,同意する，賛成する,同意する，賛成する,exam,3,pre1,pre1;1,動詞,pre1:913;1:415,2,pre1_or_1_deferred
conserve,conserve,word,を保存する，保護する,を保存する，保護する,exam,3,pre1,pre1,動詞,pre1:2324,1,pre1_or_1_deferred
considerably,considerably,word,かなり，相当に,かなり，相当に,exam,3,pre1,pre1,副詞,pre1:1161,1,pre1_or_1_deferred
considerate,considerate,word,思いやりのある,思いやりのある,exam,3,pre1,pre1,形容詞,pre1:2189,1,pre1_or_1_deferred
consistency,consistency,word,一貫性，一致,一貫性，一致,exam,3,pre1,pre1,名詞,pre1:2122,1,pre1_or_1_deferred
consolation,consolation,word,慰め，慰安,慰め，慰安 / 慰め，励まし,exam,3,pre1,pre1;1,名詞,pre1:2419;1:996,2,pre1_or_1_deferred
consolidate,consolidate,word,を固める，統合する,を固める，統合する,exam,3,pre1,pre1,動詞,pre1:2009,1,pre1_or_1_deferred
conspicuous,conspicuous,word,目立った，顕著な,目立った，顕著な,exam,3,pre1,pre1;1,形容詞,pre1:1998;1:139,2,pre1_or_1_deferred
conspiracy,conspiracy,word,陰謀,陰謀,exam,3,pre1,pre1,名詞,pre1:1473,1,pre1_or_1_deferred
conspire,conspire,word,陰謀を企てる,陰謀を企てる,exam,3,pre1,pre1,動詞,pre1:2062,1,pre1_or_1_deferred
constable,constable,word,巡査，公務員,巡査，公務員,exam,3,pre1,pre1,名詞,pre1:2444,1,pre1_or_1_deferred
constellation,constellation,word,星座,星座,exam,3,pre1,pre1;1,名詞,pre1:3312;1:3506,2,pre1_or_1_deferred
constitutional,constitutional,word,構成上の,構成上の,exam,3,pre1,pre1,形容詞,pre1:1748,1,pre1_or_1_deferred
constraint,constraint,word,拘束，強制,拘束，強制,exam,3,pre1,pre1,名詞,pre1:2195,1,pre1_or_1_deferred
consult,consult,word,相談する，話し合う,相談する，話し合う,exam,3,pre1,pre1;1,動詞,pre1:568;1:289,2,pre1_or_1_deferred
contagious,contagious,word,伝染性の,伝染性の,exam,3,pre1,pre1,形容詞,pre1:2312,1,pre1_or_1_deferred
contaminate,contaminate,word,を汚染する，汚す,を汚染する，汚す,exam,3,pre1,pre1,動詞,pre1:2247,1,pre1_or_1_deferred
contamination,contamination,word,汚染，汚染物質,汚染，汚染物質,exam,3,pre1,pre1;1,名詞,pre1:2518;1:4,2,pre1_or_1_deferred
contemplate,contemplate,word,を熟考する，よく考える,を熟考する，よく考える,exam,3,pre1,pre1,動詞,pre1:1559,1,pre1_or_1_deferred
contemptuous,contemptuous,word,軽蔑的な,軽蔑的な,exam,3,pre1,pre1,形容詞,pre1:2492,1,pre1_or_1_deferred
contend,contend,word,争う，戦う,争う，戦う,exam,3,pre1,pre1,動詞,pre1:1527,1,pre1_or_1_deferred
contention,contention,word,争い，競争,争い，競争 / 争い,exam,3,pre1,pre1;1,名詞,pre1:2483;1:3288,2,pre1_or_1_deferred
contentment,contentment,word,満足,満足,exam,3,pre1,pre1,名詞,pre1:1376,1,pre1_or_1_deferred
continental,continental,word,大陸の,大陸の,exam,3,pre1,pre1,形容詞,pre1:1314,1,pre1_or_1_deferred
continuous,continuous,word,継続的な，持続的な,継続的な，持続的な,exam,3,pre1,pre1;1,形容詞,pre1:780;1:456,2,pre1_or_1_deferred
contour,contour,word,輪郭,輪郭,exam,3,pre1,pre1,名詞,pre1:2654,1,pre1_or_1_deferred
contractor,contractor,word,請負業者，契約者,請負業者，契約者,exam,3,pre1,pre1;1,名詞,pre1:1788;1:13,2,pre1_or_1_deferred
contradict,contradict,word,を否定する，矛盾する,を否定する，矛盾する,exam,3,pre1,pre1,動詞,pre1:1634,1,pre1_or_1_deferred
contradictory,contradictory,word,矛盾した，正反対の,矛盾した，正反対の,exam,3,pre1,pre1,形容詞,pre1:2581,1,pre1_or_1_deferred
contributor,contributor,word,貢献者，寄付者,貢献者，寄付者,exam,3,pre1,pre1,名詞,pre1:2086,1,pre1_or_1_deferred
controversy,controversy,word,論争，議論,論争，議論,exam,3,pre1,pre1;1,名詞,pre1:1291;1:23,2,pre1_or_1_deferred
convene,convene,word,を召集する,を召集する,exam,3,pre1,pre1,動詞,pre1:2929,1,pre1_or_1_deferred
convention,convention,word,大会，会議,大会，会議,exam,3,pre1,pre1,名詞,pre1:160,1,pre1_or_1_deferred
conversion,conversion,word,転換，変換,転換，変換,exam,3,pre1,pre1,名詞,pre1:1590,1,pre1_or_1_deferred
cooperate,cooperate,word,協力する，共同する,協力する，共同する,exam,3,pre1,pre1,動詞,pre1:1204,1,pre1_or_1_deferred
cooperative,cooperative,word,協力的な,協力的な,exam,3,pre1,pre1,形容詞,pre1:1209,1,pre1_or_1_deferred
coordinate,coordinate,word,座標の，同等の/整合する,座標の，同等の/整合する,exam,3,pre1,pre1,動詞,pre1:1174,1,pre1_or_1_deferred
cordial,cordial,word,心のこもった，本心からの,心のこもった，本心からの / 心のこもった,exam,3,pre1,pre1;1,形容詞,pre1:1430;1:3755,2,pre1_or_1_deferred
correlation,correlation,word,相関性,相関性,exam,3,pre1,pre1,名詞,pre1:2200,1,pre1_or_1_deferred
correspond,correspond,word,対応する，反応する,対応する，反応する,exam,3,pre1,pre1,動詞,pre1:3361,1,pre1_or_1_deferred
corrupt,corrupt,word,腐敗した,腐敗した / 不正行為をする，カンニングする,exam,3,pre1,pre1;1,形容詞,pre1:1269;1:895,2,pre1_or_1_deferred
corruption,corruption,word,不正行為，腐敗,不正行為，腐敗,exam,3,pre1,pre1,名詞,pre1:1244,1,pre1_or_1_deferred
cosmic,cosmic,word,宇宙の，宙域の,宇宙の，宙域の,exam,3,pre1,pre1;1,形容詞,pre1:2882;1:246,2,pre1_or_1_deferred
costly,costly,word,高価な，費用のかかる,高価な，費用のかかる,exam,3,pre1,pre1,形容詞,pre1:1069,1,pre1_or_1_deferred
councilor,councilor,word,評議員,評議員,exam,3,pre1,pre1,名詞,pre1:1015,1,pre1_or_1_deferred
counsel,counsel,word,弁護士，協議,弁護士，協議,exam,3,pre1,pre1,名詞,pre1:938,1,pre1_or_1_deferred
counterpart,counterpart,word,相手,相手,exam,3,pre1,pre1,名詞,pre1:1048,1,pre1_or_1_deferred
coup,coup,word,大当たり,大当たり / クーデーター,exam,3,pre1,pre1;1,名詞,pre1:2343;1:369,2,pre1_or_1_deferred
courageous,courageous,word,勇気のある，勇敢な,勇気のある，勇敢な,exam,3,pre1,pre1,形容詞,pre1:533,1,pre1_or_1_deferred
courteous,courteous,word,丁寧な,丁寧な,exam,3,pre1,pre1,形容詞,pre1:3086,1,pre1_or_1_deferred
courtesy,courtesy,word,礼儀，丁重さ,礼儀，丁重さ,exam,3,pre1,pre1,名詞,pre1:1237,1,pre1_or_1_deferred
courtroom,courtroom,word,法廷,法廷,exam,3,pre1,pre1,名詞,pre1:2967,1,pre1_or_1_deferred
coward,coward,word,腰抜け，臆病者,腰抜け，臆病者,exam,3,pre1,pre1,名詞,pre1:358,1,pre1_or_1_deferred
cowardly,cowardly,word,臆病な,臆病な,exam,3,pre1,pre1,形容詞,pre1:3099,1,pre1_or_1_deferred
cozy,cozy,word,居心地の良い，快適な,居心地の良い，快適な,exam,3,pre1,pre1;1,形容詞,pre1:989;1:523,2,pre1_or_1_deferred
cradle,cradle,word,ゆりかご,ゆりかご,exam,3,pre1,pre1,名詞,pre1:854,1,pre1_or_1_deferred
cram,cram,word,詰め込む,詰め込む,exam,3,pre1,pre1,動詞,pre1:3214,1,pre1_or_1_deferred
cramp,cramp,word,けいれん,けいれん / けいれん，引きつれ,exam,3,pre1,pre1;1,名詞,pre1:2271;1:3541,2,pre1_or_1_deferred
crave,crave,word,を欲する，切望する,を欲する，切望する,exam,3,pre1,pre1,動詞,pre1:2474,1,pre1_or_1_deferred
crawl,crawl,word,這う，這って進む,這う，這って進む,exam,3,pre1,pre1,動詞,pre1:292,1,pre1_or_1_deferred
craze,craze,word,発狂させる,発狂させる,exam,3,pre1,pre1,動詞,pre1:2333,1,pre1_or_1_deferred
credibility,credibility,word,信頼性，信用,信頼性，信用,exam,3,pre1,pre1;1,名詞,pre1:2382;1:20,2,pre1_or_1_deferred
creed,creed,word,信条,信条,exam,3,pre1,pre1,名詞,pre1:2014,1,pre1_or_1_deferred
crescent,crescent,word,三日月,三日月 / 三日月，新月,exam,3,pre1,pre1;1,名詞,pre1:2414;1:1059,2,pre1_or_1_deferred
crest,crest,word,とさか,とさか,exam,3,pre1,pre1,名詞,pre1:2652,1,pre1_or_1_deferred
crimson,crimson,word,真紅の,真紅の,exam,3,pre1,pre1,形容詞,pre1:2660,1,pre1_or_1_deferred
cripple,cripple,word,身体障がい者,身体障がい者,exam,3,pre1,pre1,名詞,pre1:1579,1,pre1_or_1_deferred
crisp,crisp,word,新鮮な，さっぱりした,新鮮な，さっぱりした,exam,3,pre1,pre1;1,形容詞,pre1:3381;1:156,2,pre1_or_1_deferred
critique,critique,word,批評，評論,批評，評論,exam,3,pre1,pre1,名詞,pre1:1978,1,pre1_or_1_deferred
crook,crook,word,湾曲させる,湾曲させる,exam,3,pre1,pre1,動詞,pre1:1068,1,pre1_or_1_deferred
crouch,crouch,word,しゃがむ，かがむ,しゃがむ，かがむ,exam,3,pre1,pre1,動詞,pre1:932,1,pre1_or_1_deferred
crude,crude,word,原油の，天然の,原油の，天然の,exam,3,pre1,pre1,形容詞,pre1:1457,1,pre1_or_1_deferred
cruelty,cruelty,word,残酷さ，残虐性,残酷さ，残虐性,exam,3,pre1,pre1,名詞,pre1:431,1,pre1_or_1_deferred
crumb,crumb,word,パンくず,パンくず,exam,3,pre1,pre1,名詞,pre1:1593,1,pre1_or_1_deferred
crumble,crumble,word,を粉々にする,を粉々にする,exam,3,pre1,pre1,動詞,pre1:2847,1,pre1_or_1_deferred
crunch,crunch,word,を噛み砕く,を噛み砕く / 噛み砕く，消化する,exam,3,pre1,pre1;1,動詞,pre1:2907;1:610,2,pre1_or_1_deferred
crunchy,crunchy,word,カリカリの，カタい,カリカリの，カタい,exam,3,pre1,pre1,形容詞,pre1:3130,1,pre1_or_1_deferred
crush,crush,word,を押しつぶす,を押しつぶす,exam,3,pre1,pre1,動詞,pre1:266,1,pre1_or_1_deferred
crust,crust,word,外皮,外皮,exam,3,pre1,pre1,名詞,pre1:1686,1,pre1_or_1_deferred
cuddle,cuddle,word,を抱きしめる,を抱きしめる / 抱きしめる,exam,3,pre1,pre1;1,動詞,pre1:2484;1:3511,2,pre1_or_1_deferred
cue,cue,word,合図，きっかけ,合図，きっかけ,exam,3,pre1,pre1,名詞,pre1:1013,1,pre1_or_1_deferred
cuisine,cuisine,word,料理,料理,exam,3,pre1,pre1,名詞,pre1:2728,1,pre1_or_1_deferred
cult,cult,word,儀式，信仰,儀式，信仰,exam,3,pre1,pre1,名詞,pre1:2397,1,pre1_or_1_deferred
cumulative,cumulative,word,累積的な,累積的な,exam,3,pre1,pre1,形容詞,pre1:3250,1,pre1_or_1_deferred
cunning,cunning,word,ずる賢い,ずる賢い / 狡猾な，ずるい,exam,3,pre1,pre1;1,形容詞,pre1:570;1:4275,2,pre1_or_1_deferred
curfew,curfew,word,門限,門限 / 門限，帰宅制限,exam,3,pre1,pre1;1,名詞,pre1:2612;1:1841,2,pre1_or_1_deferred
curse,curse,word,を呪う，悪口を言う,を呪う，悪口を言う,exam,3,pre1,pre1,動詞,pre1:1250,1,pre1_or_1_deferred
custody,custody,word,親権，管理,親権，管理,exam,3,pre1,pre1,名詞,pre1:2101,1,pre1_or_1_deferred
cynical,cynical,word,皮肉な，冷笑的な,皮肉な，冷笑的な,exam,3,pre1,pre1;1,形容詞,pre1:2575;1:148,2,pre1_or_1_deferred
damned,damned,word,のろわれた,のろわれた,exam,3,pre1,pre1,形容詞,pre1:2610,1,pre1_or_1_deferred
damp,damp,word,湿った,湿った,exam,3,pre1,pre1,形容詞,pre1:791,1,pre1_or_1_deferred
daring,daring,word,大胆な，図太い,大胆な，図太い / 大胆な，果敢な,exam,3,pre1,pre1;1,形容詞,pre1:557;1:1317,2,pre1_or_1_deferred
dawn,dawn,word,夜明け，暁,夜明け，暁,exam,3,pre1,pre1,名詞,pre1:203,1,pre1_or_1_deferred
daze,daze,word,目をくらます,目をくらます,exam,3,pre1,pre1,動詞,pre1:2720,1,pre1_or_1_deferred
dazzle,dazzle,word,まぶしくする，目をくらませる,まぶしくする，目をくらませる,exam,3,pre1,pre1,動詞,pre1:1687,1,pre1_or_1_deferred
deadly,deadly,word,致命的な，命にかかわる,致命的な，命にかかわる,exam,3,pre1,pre1,形容詞,pre1:269,1,pre1_or_1_deferred
deathbed,deathbed,word,臨終,臨終,exam,3,pre1,pre1,名詞,pre1:2087,1,pre1_or_1_deferred
debris,debris,word,破片，残骸,破片，残骸,exam,3,pre1,pre1,名詞,pre1:2930,1,pre1_or_1_deferred
decay,decay,word,腐る，朽ちる,腐る，朽ちる,exam,3,pre1,pre1;1,動詞,pre1:374;1:146,2,pre1_or_1_deferred
deceit,deceit,word,詐欺，騙し,詐欺，騙し,exam,3,pre1,pre1;1,名詞,pre1:962;1:424,2,pre1_or_1_deferred
deceptive,deceptive,word,だまそうとする，当てにならない,だまそうとする，当てにならない,exam,3,pre1,pre1;1,形容詞,pre1:2741;1:2159,2,pre1_or_1_deferred
decimal,decimal,word,小数,小数,exam,3,pre1,pre1,名詞,pre1:2301,1,pre1_or_1_deferred
decisive,decisive,word,決定的な，結論的な,決定的な，結論的な,exam,3,pre1,pre1,形容詞,pre1:1808,1,pre1_or_1_deferred
declaration,declaration,word,宣言，発表,宣言，発表,exam,3,pre1,pre1,名詞,pre1:587,1,pre1_or_1_deferred
decree,decree,word,法令,法令,exam,3,pre1,pre1,名詞,pre1:2509,1,pre1_or_1_deferred
deduct,deduct,word,を差し引く，控除する,を差し引く，控除する,exam,3,pre1,pre1,動詞,pre1:2831,1,pre1_or_1_deferred
deem,deem,word,考える,考える,exam,3,pre1,pre1,動詞,pre1:1761,1,pre1_or_1_deferred
defect,defect,word,欠陥，欠点,欠陥，欠点,exam,3,pre1,pre1,名詞,pre1:676,1,pre1_or_1_deferred
defective,defective,word,欠点のある,欠点のある,exam,3,pre1,pre1,形容詞,pre1:2264,1,pre1_or_1_deferred
defiant,defiant,word,反抗的な，挑戦的な,反抗的な，挑戦的な / 反抗的な,exam,3,pre1,pre1;1,形容詞,pre1:2920;1:1986,2,pre1_or_1_deferred
deficiency,deficiency,word,不足，欠乏,不足，欠乏,exam,3,pre1,pre1,名詞,pre1:1650,1,pre1_or_1_deferred
deflate,deflate,word,空気を抜く，しぼませる,空気を抜く，しぼませる,exam,3,pre1,pre1,動詞,pre1:202,1,pre1_or_1_deferred
defy,defy,word,を無視する，に挑む,を無視する，に挑む,exam,3,pre1,pre1,動詞,pre1:1329,1,pre1_or_1_deferred
degradation,degradation,word,降格，格下げ,降格，格下げ,exam,3,pre1,pre1,名詞,pre1:2081,1,pre1_or_1_deferred
dehydrate,dehydrate,word,脱水する，水を抜く,脱水する，水を抜く,exam,3,pre1,pre1,動詞,pre1:3002,1,pre1_or_1_deferred
delegate,delegate,word,委任する,委任する,exam,3,pre1,pre1,動詞,pre1:1638,1,pre1_or_1_deferred
deliberate,deliberate,word,故意の，意図的な,故意の，意図的な,exam,3,pre1,pre1;1,形容詞,pre1:211;1:233,2,pre1_or_1_deferred
delicacy,delicacy,word,優美さ，精巧さ,優美さ，精巧さ,exam,3,pre1,pre1,名詞,pre1:2275,1,pre1_or_1_deferred
delicately,delicately,word,繊細に，微妙に,繊細に，微妙に,exam,3,pre1,pre1,副詞,pre1:1292,1,pre1_or_1_deferred
delighted,delighted,word,うれしい，喜んだ,うれしい，喜んだ,exam,3,pre1,pre1,形容詞,pre1:168,1,pre1_or_1_deferred
delightful,delightful,word,楽しい，うれしい,楽しい，うれしい,exam,3,pre1,pre1,形容詞,pre1:776,1,pre1_or_1_deferred
delusion,delusion,word,妄想,妄想,exam,3,pre1,pre1,名詞,pre1:3158,1,pre1_or_1_deferred
demographic,demographic,word,人口統計の，人口統計学の,人口統計の，人口統計学の,exam,3,pre1,pre1;1,形容詞,pre1:2988;1:457,2,pre1_or_1_deferred
demote,demote,word,降格する,降格する,exam,3,pre1,pre1,動詞,pre1:3367,1,pre1_or_1_deferred
demotion,demotion,word,降格,降格,exam,3,pre1,pre1,名詞,pre1:3184,1,pre1_or_1_deferred
den,den,word,ねぐら，巣穴,ねぐら，巣穴,exam,3,pre1,pre1,名詞,pre1:1514,1,pre1_or_1_deferred
denial,denial,word,拒否，否認,拒否，否認,exam,3,pre1,pre1,名詞,pre1:1187,1,pre1_or_1_deferred
denote,denote,word,表示する，示す,表示する，示す,exam,3,pre1,pre1;1,動詞,pre1:2904;1:485,2,pre1_or_1_deferred
denounce,denounce,word,非難する，批判する,非難する，批判する,exam,3,pre1,pre1;1,動詞,pre1:2765;1:413,2,pre1_or_1_deferred
dense,dense,word,密な，密集した,密な，密集した,exam,3,pre1,pre1,形容詞,pre1:636,1,pre1_or_1_deferred
density,density,word,密度，濃度,密度，濃度,exam,3,pre1,pre1;1,名詞,pre1:1529;1:219,2,pre1_or_1_deferred
deodorant,deodorant,word,防臭剤,防臭剤,exam,3,pre1,pre1,名詞,pre1:2309,1,pre1_or_1_deferred
depart,depart,word,出発する，立ち去る,出発する，立ち去る,exam,3,pre1,pre1,動詞,pre1:297,1,pre1_or_1_deferred
departure,departure,word,出発,出発,exam,3,pre1,pre1,名詞,pre1:241,1,pre1_or_1_deferred
depict,depict,word,を描写する，描く,を描写する，描く,exam,3,pre1,pre1,動詞,pre1:2193,1,pre1_or_1_deferred
deploy,deploy,word,を展開する，配置する,を展開する，配置する,exam,3,pre1,pre1,動詞,pre1:2935,1,pre1_or_1_deferred
depot,depot,word,停車場,停車場,exam,3,pre1,pre1,名詞,pre1:2852,1,pre1_or_1_deferred
depressed,depressed,word,落ち込んだ，憂鬱な,落ち込んだ，憂鬱な,exam,3,pre1,pre1,形容詞,pre1:1191,1,pre1_or_1_deferred
deprivation,deprivation,word,剥奪，取り上げ,剥奪，取り上げ,exam,3,pre1,pre1;1,名詞,pre1:1994;1:404,2,pre1_or_1_deferred
deprive,deprive,word,から奪う，略奪する,から奪う，略奪する,exam,3,pre1,pre1,動詞,pre1:907,1,pre1_or_1_deferred
designation,designation,word,指定，選定,指定，選定,exam,3,pre1,pre1;1,名詞,pre1:2744;1:118,2,pre1_or_1_deferred
desolate,desolate,word,荒れ果てた,荒れ果てた / 荒涼とした,exam,3,pre1,pre1;1,形容詞,pre1:1671;1:3844,2,pre1_or_1_deferred
despair,despair,word,絶望，失望,絶望，失望,exam,3,pre1,pre1,名詞,pre1:406,1,pre1_or_1_deferred
desperately,desperately,word,必死に,必死に,exam,3,pre1,pre1,副詞,pre1:539,1,pre1_or_1_deferred
desperation,desperation,word,自暴自棄，絶望,自暴自棄，絶望,exam,3,pre1,pre1,名詞,pre1:2310,1,pre1_or_1_deferred
despise,despise,word,を軽蔑する，さげすむ,を軽蔑する，さげすむ,exam,3,pre1,pre1,動詞,pre1:553,1,pre1_or_1_deferred
destiny,destiny,word,運命，使命,運命，使命,exam,3,pre1,pre1,名詞,pre1:783,1,pre1_or_1_deferred
detain,detain,word,を引き留める，留め置く,を引き留める，留め置く,exam,3,pre1,pre1,動詞,pre1:2819,1,pre1_or_1_deferred
detection,detection,word,発見，探知,発見，探知,exam,3,pre1,pre1,名詞,pre1:2583,1,pre1_or_1_deferred
deter,deter,word,をやめさせる，躊躇させる,をやめさせる，躊躇させる,exam,3,pre1,pre1,動詞,pre1:2544,1,pre1_or_1_deferred
detergent,detergent,word,洗剤,洗剤,exam,3,pre1,pre1,名詞,pre1:1552,1,pre1_or_1_deferred
deteriorate,deteriorate,word,を悪化させる,を悪化させる,exam,3,pre1,pre1,動詞,pre1:2688,1,pre1_or_1_deferred
determination,determination,word,決定，決断,決定，決断,exam,3,pre1,pre1;1,名詞,pre1:298;1:453,2,pre1_or_1_deferred
detonate,detonate,word,爆発させる、破裂させる,爆発させる、破裂させる / 爆発させる，破裂させる,exam,3,pre1,pre1;1,動詞,pre1:3331;1:1527,2,pre1_or_1_deferred
detour,detour,word,迂回する,迂回する,exam,3,pre1,pre1,動詞,pre1:813,1,pre1_or_1_deferred
detrimental,detrimental,word,有害な,有害な / 有害な，害のある，悪影響の,exam,3,pre1,pre1;1,形容詞,pre1:836;1:338,2,pre1_or_1_deferred
devastating,devastating,word,壊滅的な，破壊的な,壊滅的な，破壊的な,exam,3,pre1,pre1;1,形容詞,pre1:2939;1:504,2,pre1_or_1_deferred
devoid,devoid,word,欠けている，欠如している,欠けている，欠如している / 欠けている，不足している,exam,3,pre1,pre1;1,形容詞,pre1:2750;1:1445,2,pre1_or_1_deferred
devote,devote,word,に捧げる，ゆだねる,に捧げる，ゆだねる,exam,3,pre1,pre1,動詞,pre1:242,1,pre1_or_1_deferred
devotee,devotee,word,信者,信者,exam,3,pre1,pre1,名詞,pre1:2771,1,pre1_or_1_deferred
devour,devour,word,をむさぼり食う，がつがつ食う,をむさぼり食う，がつがつ食う,exam,3,pre1,pre1,動詞,pre1:1560,1,pre1_or_1_deferred
diabetes,diabetes,word,糖尿病，高血糖症,糖尿病，高血糖症,exam,3,pre1,pre1;1,名詞,pre1:2360;1:38,2,pre1_or_1_deferred
diagnose,diagnose,word,を診断する,を診断する,exam,3,pre1,pre1,動詞,pre1:2933,1,pre1_or_1_deferred
diagnosis,diagnosis,word,診断，判断,診断，判断,exam,3,pre1,pre1;1,名詞,pre1:1925;1:245,2,pre1_or_1_deferred
diagram,diagram,word,図,図,exam,3,pre1,pre1,名詞,pre1:3120,1,pre1_or_1_deferred
dialogue,dialogue,word,対話,対話,exam,3,pre1,pre1,名詞,pre1:1133,1,pre1_or_1_deferred
diameter,diameter,word,直径,直径,exam,3,pre1,pre1,名詞,pre1:1573,1,pre1_or_1_deferred
diarrhea,diarrhea,word,下痢,下痢 / 下痢，便が液状になる状態,exam,3,pre1,pre1;1,名詞,pre1:920;1:1644,2,pre1_or_1_deferred
dictate,dictate,word,を書きとらせる,を書きとらせる,exam,3,pre1,pre1,動詞,pre1:1606,1,pre1_or_1_deferred
dictation,dictation,word,書き取り,書き取り,exam,3,pre1,pre1,名詞,pre1:1741,1,pre1_or_1_deferred
dictatorship,dictatorship,word,独裁,独裁,exam,3,pre1,pre1,名詞,pre1:2827,1,pre1_or_1_deferred
differential,differential,word,差分の，差別的な,差分の，差別的な,exam,3,pre1,pre1,形容詞,pre1:2516,1,pre1_or_1_deferred
differentiate,differentiate,word,を区別する,を区別する,exam,3,pre1,pre1,動詞,pre1:1644,1,pre1_or_1_deferred
diffuse,diffuse,word,を散らす，拡散する,を散らす，拡散する,exam,3,pre1,pre1,動詞,pre1:2687,1,pre1_or_1_deferred
digestion,digestion,word,消化,消化,exam,3,pre1,pre1,名詞,pre1:1378,1,pre1_or_1_deferred
dignify,dignify,word,威厳をつける,威厳をつける,exam,3,pre1,pre1,動詞,pre1:2201,1,pre1_or_1_deferred
dilemma,dilemma,word,板挟み，窮地,板挟み，窮地,exam,3,pre1,pre1;1,名詞,pre1:2158;1:72,2,pre1_or_1_deferred
diligence,diligence,word,勤勉,勤勉,exam,3,pre1,pre1,名詞,pre1:1459,1,pre1_or_1_deferred
diligent,diligent,word,勤勉な,勤勉な,exam,3,pre1,pre1,形容詞,pre1:692,1,pre1_or_1_deferred
dilute,dilute,word,薄める，希釈する,薄める，希釈する,exam,3,pre1,pre1;1,動詞,pre1:2846;1:542,2,pre1_or_1_deferred
dim,dim,word,薄暗い，ほの暗い,薄暗い，ほの暗い / 薄暗い,exam,3,pre1,pre1;1,形容詞,pre1:710;1:1347,2,pre1_or_1_deferred
dimension,dimension,word,寸法,寸法,exam,3,pre1,pre1,名詞,pre1:1322,1,pre1_or_1_deferred
din,din,word,騒音,騒音 / 騒音，喧噪,exam,3,pre1,pre1;1,名詞,pre1:2550;1:3156,2,pre1_or_1_deferred
dioxide,dioxide,word,二酸化物,二酸化物,exam,3,pre1,pre1,名詞,pre1:2853,1,pre1_or_1_deferred
diploma,diploma,word,卒業証書，学位証書,卒業証書，学位証書,exam,3,pre1,pre1,名詞,pre1:1437,1,pre1_or_1_deferred
diplomat,diplomat,word,外交官，外交官僚,外交官，外交官僚,exam,3,pre1,pre1;1,名詞,pre1:953;1:483,2,pre1_or_1_deferred
diplomatic,diplomatic,word,外交の，外交上の,外交の，外交上の,exam,3,pre1,pre1;1,形容詞,pre1:740;1:1,2,pre1_or_1_deferred
directive,directive,word,指示的な,指示的な,exam,3,pre1,pre1,形容詞,pre1:1571,1,pre1_or_1_deferred
disability,disability,word,障害，無力,障害，無力,exam,3,pre1,pre1,名詞,pre1:2033,1,pre1_or_1_deferred
disabled,disabled,word,障害のある,障害のある,exam,3,pre1,pre1,形容詞,pre1:1987,1,pre1_or_1_deferred
disappearance,disappearance,word,失踪，消滅,失踪，消滅,exam,3,pre1,pre1;1,名詞,pre1:1911;1:28,2,pre1_or_1_deferred
disappointed,disappointed,word,がっかりした，当ての外れた,がっかりした，当ての外れた,exam,3,pre1,pre1,形容詞,pre1:860,1,pre1_or_1_deferred
disappointment,disappointment,word,失望，期待外れ,失望，期待外れ,exam,3,pre1,pre1;1,名詞,pre1:221;1:101,2,pre1_or_1_deferred
disarmament,disarmament,word,軍縮,軍縮,exam,3,pre1,pre1,名詞,pre1:1474,1,pre1_or_1_deferred
disastrous,disastrous,word,悲惨な，惨事の,悲惨な，惨事の,exam,3,pre1,pre1;1,形容詞,pre1:1648;1:204,2,pre1_or_1_deferred
disband,disband,word,を解散する,を解散する / 解散する，ばらばらにする,exam,3,pre1,pre1;1,動詞,pre1:2973;1:1302,2,pre1_or_1_deferred
discard,discard,word,を捨てる，廃棄する,を捨てる，廃棄する,exam,3,pre1,pre1,動詞,pre1:1737,1,pre1_or_1_deferred
discern,discern,word,はっきり分かる，認める,はっきり分かる，認める,exam,3,pre1,pre1,動詞,pre1:174,1,pre1_or_1_deferred
discharge,discharge,word,排出，放電/荷を降ろす,排出，放電/荷を降ろす,exam,3,pre1,pre1,動詞,pre1:176,1,pre1_or_1_deferred
disciple,disciple,word,弟子,弟子,exam,3,pre1,pre1,名詞,pre1:1698,1,pre1_or_1_deferred
disclose,disclose,word,を開示する，見せる,を開示する，見せる,exam,3,pre1,pre1,動詞,pre1:1111,1,pre1_or_1_deferred
disclosure,disclosure,word,開示,開示,exam,3,pre1,pre1,名詞,pre1:3006,1,pre1_or_1_deferred
discomfort,discomfort,word,不快感，違和感,不快感，違和感,exam,3,pre1,pre1;1,名詞,pre1:1652;1:388,2,pre1_or_1_deferred
discord,discord,word,不一致，不和,不一致，不和,exam,3,pre1,pre1;1,名詞,pre1:2666;1:170,2,pre1_or_1_deferred
discourage,discourage,word,落胆させる,落胆させる,exam,3,pre1,pre1,動詞,pre1:3326,1,pre1_or_1_deferred
discouragement,discouragement,word,落胆，失意,落胆，失意,exam,3,pre1,pre1,名詞,pre1:1712,1,pre1_or_1_deferred
discourse,discourse,word,言説，講演,言説，講演,exam,3,pre1,pre1,名詞,pre1:2375,1,pre1_or_1_deferred
discreet,discreet,word,慎重な，分別のある,慎重な，分別のある,exam,3,pre1,pre1,形容詞,pre1:2842,1,pre1_or_1_deferred
discriminate,discriminate,word,差別する,差別する,exam,3,pre1,pre1,動詞,pre1:3397,1,pre1_or_1_deferred
disdain,disdain,word,を軽蔑する,を軽蔑する,exam,3,pre1,pre1,動詞,pre1:2293,1,pre1_or_1_deferred
disfigure,disfigure,word,醜くする,醜くする,exam,3,pre1,pre1,動詞,pre1:2839,1,pre1_or_1_deferred
disgrace,disgrace,word,不名誉,不名誉,exam,3,pre1,pre1,名詞,pre1:858,1,pre1_or_1_deferred
disguise,disguise,word,変装させる， 見せかける,変装させる， 見せかける,exam,3,pre1,pre1;1,動詞,pre1:567;1:890,2,pre1_or_1_deferred
disgusted,disgusted,word,むかついた,むかついた,exam,3,pre1,pre1,形容詞,pre1:1703,1,pre1_or_1_deferred
disgusting,disgusting,word,いやな，むかつくような,いやな，むかつくような,exam,3,pre1,pre1,形容詞,pre1:520,1,pre1_or_1_deferred
dismal,dismal,word,陰気な，暗い,陰気な，暗い,exam,3,pre1,pre1,形容詞,pre1:1815,1,pre1_or_1_deferred
dismay,dismay,word,がっかりさせる，失望させる,がっかりさせる，失望させる,exam,3,pre1,pre1;1,動詞,pre1:3160;1:684,2,pre1_or_1_deferred
dismissal,dismissal,word,解散，解任,解散，解任,exam,3,pre1,pre1;1,名詞,pre1:1677;1:211,2,pre1_or_1_deferred
dispatch,dispatch,word,を送る，発送する,を送る，発送する,exam,3,pre1,pre1,動詞,pre1:1829,1,pre1_or_1_deferred
dispense,dispense,word,分配する，排出する,分配する，排出する,exam,3,pre1,pre1,動詞,pre1:3212,1,pre1_or_1_deferred
displace,displace,word,ずらす，にとって代わる,ずらす，にとって代わる,exam,3,pre1,pre1,動詞,pre1:1480,1,pre1_or_1_deferred
disrupt,disrupt,word,混乱させる,混乱させる,exam,3,pre1,pre1,動詞,pre1:3047,1,pre1_or_1_deferred
disruptive,disruptive,word,破壊的な，破壊力のある,破壊的な，破壊力のある,exam,3,pre1,pre1;1,形容詞,pre1:2633;1:380,2,pre1_or_1_deferred
dissent,dissent,word,異議を唱える，反対する,異議を唱える，反対する,exam,3,pre1,pre1;1,動詞,pre1:2409;1:21,2,pre1_or_1_deferred
dissolution,dissolution,word,分離，溶解,分離，溶解,exam,3,pre1,pre1,名詞,pre1:2329,1,pre1_or_1_deferred
dissolve,dissolve,word,を溶かす,を溶かす,exam,3,pre1,pre1,動詞,pre1:669,1,pre1_or_1_deferred
distaste,distaste,word,嫌悪，いや気,嫌悪，いや気,exam,3,pre1,pre1,名詞,pre1:2411,1,pre1_or_1_deferred
distill,distill,word,蒸留する,蒸留する,exam,3,pre1,pre1,動詞,pre1:2649,1,pre1_or_1_deferred
distinctive,distinctive,word,特有の，独特の,特有の，独特の,exam,3,pre1,pre1,形容詞,pre1:1092,1,pre1_or_1_deferred
distortion,distortion,word,ねじれ，ゆがみ,ねじれ，ゆがみ,exam,3,pre1,pre1,名詞,pre1:2421,1,pre1_or_1_deferred
distracted,distracted,word,気の散った，注意をそらされた,気の散った，注意をそらされた,exam,3,pre1,pre1,形容詞,pre1:2498,1,pre1_or_1_deferred
distress,distress,word,苦痛，苦悩,苦痛，苦悩,exam,3,pre1,pre1,名詞,pre1:638,1,pre1_or_1_deferred
distribute,distribute,word,を配布する，分配する,を配布する，分配する,exam,3,pre1,pre1,動詞,pre1:189,1,pre1_or_1_deferred
disturbance,disturbance,word,騒動,騒動,exam,3,pre1,pre1,名詞,pre1:1372,1,pre1_or_1_deferred
disturbing,disturbing,word,邪魔な，迷惑な,邪魔な，迷惑な,exam,3,pre1,pre1;1,形容詞,pre1:1001;1:465,2,pre1_or_1_deferred
diverge,diverge,word,分岐する，分かれる,分岐する，分かれる / 分岐する,exam,3,pre1,pre1;1,動詞,pre1:2410;1:3499,2,pre1_or_1_deferred
diverse,diverse,word,多様な，多種多様な,多様な，多種多様な,exam,3,pre1,pre1;1,形容詞,pre1:925;1:321,2,pre1_or_1_deferred
diversity,diversity,word,多様性，多様化,多様性，多様化,exam,3,pre1,pre1;1,名詞,pre1:1087;1:312,2,pre1_or_1_deferred
dividend,dividend,word,配当，配当金,配当，配当金,exam,3,pre1,pre1,名詞,pre1:1553,1,pre1_or_1_deferred
divine,divine,word,神の,神の,exam,3,pre1,pre1,形容詞,pre1:1404,1,pre1_or_1_deferred
divinity,divinity,word,神格,神格,exam,3,pre1,pre1,名詞,pre1:2174,1,pre1_or_1_deferred
docile,docile,word,扱いやすい,扱いやすい,exam,3,pre1,pre1;1,形容詞,pre1:3206;1:3057,2,pre1_or_1_deferred
dock,dock,word,船着場，波止場,船着場，波止場,exam,3,pre1,pre1,名詞,pre1:524,1,pre1_or_1_deferred
doctrine,doctrine,word,教義，信条,教義，信条,exam,3,pre1,pre1;1,名詞,pre1:1445;1:7,2,pre1_or_1_deferred
dodge,dodge,word,かわす，よける,かわす，よける,exam,3,pre1,pre1,動詞,pre1:3351,1,pre1_or_1_deferred
dogma,dogma,word,教義，信条,教義，信条 / 教義，教理,exam,3,pre1,pre1;1,名詞,pre1:2431;1:1073,2,pre1_or_1_deferred
dogmatic,dogmatic,word,独断的な，教義上の,独断的な，教義上の / 教条的な，固執する,exam,3,pre1,pre1;1,形容詞,pre1:1438;1:4067,2,pre1_or_1_deferred
dominance,dominance,word,支配,支配,exam,3,pre1,pre1,名詞,pre1:3304,1,pre1_or_1_deferred
dominant,dominant,word,支配的な,支配的な,exam,3,pre1,pre1,形容詞,pre1:494,1,pre1_or_1_deferred
donor,donor,word,提供者，寄付者,提供者，寄付者,exam,3,pre1,pre1,名詞,pre1:2342,1,pre1_or_1_deferred
doom,doom,word,破滅，悪い運命,破滅，悪い運命,exam,3,pre1,pre1,名詞,pre1:1828,1,pre1_or_1_deferred
dose,dose,word,服用量,服用量,exam,3,pre1,pre1,名詞,pre1:1583,1,pre1_or_1_deferred
dough,dough,word,パン生地,パン生地,exam,3,pre1,pre1,名詞,pre1:2064,1,pre1_or_1_deferred
downcast,downcast,word,意気消沈した,意気消沈した,exam,3,pre1,pre1;1,形容詞,pre1:2977;1:3783,2,pre1_or_1_deferred
doze,doze,word,居眠りする,居眠りする / 居眠りをする,exam,3,pre1,pre1;1,動詞,pre1:2816;1:3509,2,pre1_or_1_deferred
drastic,drastic,word,抜本的な，思い切った,抜本的な，思い切った,exam,3,pre1,pre1,形容詞,pre1:1625,1,pre1_or_1_deferred
drawer,drawer,word,引き出し,引き出し,exam,3,pre1,pre1,名詞,pre1:28,1,pre1_or_1_deferred
dread,dread,word,ひどく怖がる，恐れる,ひどく怖がる，恐れる,exam,3,pre1,pre1;1,動詞,pre1:771;1:153,2,pre1_or_1_deferred
dreadful,dreadful,word,恐ろしい,恐ろしい / 恐ろしい，怖い,exam,3,pre1,pre1;1,形容詞,pre1:1417;1:586,2,pre1_or_1_deferred
dreary,dreary,word,退屈な,退屈な / 悲しくさせる,exam,3,pre1,pre1;1,形容詞,pre1:2746;1:3210,2,pre1_or_1_deferred
droop,droop,word,うなだれる,うなだれる,exam,3,pre1,pre1,動詞,pre1:2470,1,pre1_or_1_deferred
drowsy,drowsy,word,眠い，うとうとしている,眠い，うとうとしている,exam,3,pre1,pre1,形容詞,pre1:1799,1,pre1_or_1_deferred
dubious,dubious,word,疑っている，はっきりしない,疑っている，はっきりしない,exam,3,pre1,pre1,形容詞,pre1:2734,1,pre1_or_1_deferred
duchess,duchess,word,公爵夫人,公爵夫人 / 公爵夫人，女公爵,exam,3,pre1,pre1;1,名詞,pre1:2486;1:3453,2,pre1_or_1_deferred
dullness,dullness,word,鈍さ，鈍感,鈍さ，鈍感,exam,3,pre1,pre1,名詞,pre1:1041,1,pre1_or_1_deferred
duplicate,duplicate,word,を複製する,を複製する / 複製する，複写する,exam,3,pre1,pre1;1,動詞,pre1:2465;1:769,2,pre1_or_1_deferred
durable,durable,word,耐久性のある，長持ちする,耐久性のある，長持ちする,exam,3,pre1,pre1;1,形容詞,pre1:2251;1:209,2,pre1_or_1_deferred
duration,duration,word,持続時間，持続期間,持続時間，持続期間,exam,3,pre1,pre1,名詞,pre1:1855,1,pre1_or_1_deferred
dusk,dusk,word,夕暮れ，たそがれ,夕暮れ，たそがれ,exam,3,pre1,pre1,名詞,pre1:1614,1,pre1_or_1_deferred
dusty,dusty,word,ほこりっぽい,ほこりっぽい,exam,3,pre1,pre1,形容詞,pre1:347,1,pre1_or_1_deferred
dutiful,dutiful,word,忠実な，従順な,忠実な，従順な,exam,3,pre1,pre1,形容詞,pre1:1801,1,pre1_or_1_deferred
dweller,dweller,word,住人，住民,住人，住民,exam,3,pre1,pre1,名詞,pre1:2138,1,pre1_or_1_deferred
dwelling,dwelling,word,住居,住居,exam,3,pre1,pre1,名詞,pre1:923,1,pre1_or_1_deferred
dye,dye,word,染料,染料,exam,3,pre1,pre1,名詞,pre1:765,1,pre1_or_1_deferred
dynamics,dynamics,word,原動力,原動力,exam,3,pre1,pre1,名詞,pre1:2116,1,pre1_or_1_deferred
dynasty,dynasty,word,王朝，王家,王朝，王家,exam,3,pre1,pre1,名詞,pre1:2598,1,pre1_or_1_deferred
eagerly,eagerly,word,熱心に,熱心に,exam,3,pre1,pre1,副詞,pre1:610,1,pre1_or_1_deferred
earnestly,earnestly,word,真剣に,真剣に,exam,3,pre1,pre1,副詞,pre1:1365,1,pre1_or_1_deferred
easygoing,easygoing,word,楽観的な,楽観的な,exam,3,pre1,pre1,形容詞,pre1:1642,1,pre1_or_1_deferred
ebb,ebb,word,衰退，引き潮,衰退，引き潮,exam,3,pre1,pre1,名詞,pre1:2559,1,pre1_or_1_deferred
eccentric,eccentric,word,風変わりな，普通でない,風変わりな，普通でない,exam,3,pre1,pre1,形容詞,pre1:1494,1,pre1_or_1_deferred
eclipse,eclipse,word,日食,日食 / 日食，月食,exam,3,pre1,pre1;1,名詞,pre1:2706;1:2216,2,pre1_or_1_deferred
ecological,ecological,word,生態学の,生態学の,exam,3,pre1,pre1,形容詞,pre1:2278,1,pre1_or_1_deferred
economist,economist,word,経済学者,経済学者,exam,3,pre1,pre1,名詞,pre1:775,1,pre1_or_1_deferred
ecstatic,ecstatic,word,夢中の，有頂天の,夢中の，有頂天の / 夢中の,exam,3,pre1,pre1;1,形容詞,pre1:2467;1:2987,2,pre1_or_1_deferred
edible,edible,word,食べられる，摂取可能な,食べられる，摂取可能な,exam,3,pre1,pre1;1,形容詞,pre1:1537;1:225,2,pre1_or_1_deferred
edit,edit,word,を編集する,を編集する,exam,3,pre1,pre1,動詞,pre1:586,1,pre1_or_1_deferred
editorial,editorial,word,編集の/社説,編集の/社説,exam,3,pre1,pre1,名詞,pre1:1542,1,pre1_or_1_deferred
eerie,eerie,word,不気味な，気味が悪い,不気味な，気味が悪い,exam,3,pre1,pre1;1,形容詞,pre1:3019;1:1310,2,pre1_or_1_deferred
efficacy,efficacy,word,効能，効果,効能，効果,exam,3,pre1,pre1;1,名詞,pre1:3139;1:1045,2,pre1_or_1_deferred
effortless,effortless,word,楽な,楽な,exam,3,pre1,pre1,形容詞,pre1:2893,1,pre1_or_1_deferred
eject,eject,word,追い出す、排除する,追い出す、排除する / 追い出す，排除する,exam,3,pre1,pre1;1,動詞,pre1:3338;1:1563,2,pre1_or_1_deferred
elaboration,elaboration,word,精巧さ,精巧さ,exam,3,pre1,pre1,名詞,pre1:2574,1,pre1_or_1_deferred
elastic,elastic,word,弾力のある，伸縮自在の,弾力のある，伸縮自在の,exam,3,pre1,pre1,形容詞,pre1:1502,1,pre1_or_1_deferred
elasticity,elasticity,word,弾力，伸縮,弾力，伸縮,exam,3,pre1,pre1,名詞,pre1:2590,1,pre1_or_1_deferred
elder,elder,word,年上の，年長の,年上の，年長の,exam,3,pre1,pre1,形容詞,pre1:159,1,pre1_or_1_deferred
electrify,electrify,word,帯電させる,帯電させる,exam,3,pre1,pre1,動詞,pre1:2705,1,pre1_or_1_deferred
electron,electron,word,電子,電子,exam,3,pre1,pre1,名詞,pre1:1384,1,pre1_or_1_deferred
electronics,electronics,word,電気,電気,exam,3,pre1,pre1,名詞,pre1:649,1,pre1_or_1_deferred
elevate,elevate,word,上げる，昇進させる,上げる，昇進させる,exam,3,pre1,pre1;1,動詞,pre1:1547;1:178,2,pre1_or_1_deferred
eligible,eligible,word,資格のある，適格な,資格のある，適格な,exam,3,pre1,pre1,形容詞,pre1:2968,1,pre1_or_1_deferred
eloquence,eloquence,word,雄弁,雄弁,exam,3,pre1,pre1,名詞,pre1:2121,1,pre1_or_1_deferred
eloquent,eloquent,word,雄弁な，口達者な,雄弁な，口達者な,exam,3,pre1,pre1,形容詞,pre1:1679,1,pre1_or_1_deferred
embark,embark,word,積み込む，乗船する,積み込む，乗船する,exam,3,pre1,pre1,動詞,pre1:1469,1,pre1_or_1_deferred
embarrassment,embarrassment,word,困惑，当惑,困惑，当惑,exam,3,pre1,pre1,名詞,pre1:274,1,pre1_or_1_deferred
embassy,embassy,word,大使館,大使館,exam,3,pre1,pre1,名詞,pre1:892,1,pre1_or_1_deferred
embroider,embroider,word,刺繍する,刺繍する,exam,3,pre1,pre1,動詞,pre1:1973,1,pre1_or_1_deferred
emigrant,emigrant,word,移民，移住者,移民，移住者,exam,3,pre1,pre1,名詞,pre1:2722,1,pre1_or_1_deferred
emigration,emigration,word,移住,移住,exam,3,pre1,pre1,名詞,pre1:1972,1,pre1_or_1_deferred
eminent,eminent,word,著名な，身分の高い,著名な，身分の高い,exam,3,pre1,pre1,形容詞,pre1:1708,1,pre1_or_1_deferred
emission,emission,word,排出，放射,排出，放射,exam,3,pre1,pre1,名詞,pre1:1918,1,pre1_or_1_deferred
emit,emit,word,を放射する，発する,を放射する，発する,exam,3,pre1,pre1,動詞,pre1:2196,1,pre1_or_1_deferred
empathy,empathy,word,共感，感情移入,共感，感情移入,exam,3,pre1,pre1;1,名詞,pre1:3316;1:56,2,pre1_or_1_deferred
enact,enact,word,を制定する，法令化する,を制定する，法令化する,exam,3,pre1,pre1,動詞,pre1:2954,1,pre1_or_1_deferred
enchant,enchant,word,心を奪う,心を奪う,exam,3,pre1,pre1,動詞,pre1:1675,1,pre1_or_1_deferred
enclose,enclose,word,を囲む，同封する,を囲む，同封する / 囲む，同封する,exam,3,pre1,pre1;1,動詞,pre1:375;1:861,2,pre1_or_1_deferred
encyclopedia,encyclopedia,word,百科事典,百科事典,exam,3,pre1,pre1,名詞,pre1:2043,1,pre1_or_1_deferred
endeavor,endeavor,word,努力する,努力する,exam,3,pre1,pre1,動詞,pre1:1220,1,pre1_or_1_deferred
endorse,endorse,word,を支持する，裏書きする,を支持する，裏書きする,exam,3,pre1,pre1,動詞,pre1:1991,1,pre1_or_1_deferred
endurance,endurance,word,忍耐，がまん,忍耐，がまん,exam,3,pre1,pre1,名詞,pre1:985,1,pre1_or_1_deferred
enforce,enforce,word,を実行する，実施する,を実行する，実施する,exam,3,pre1,pre1,動詞,pre1:1811,1,pre1_or_1_deferred
engagement,engagement,word,約束，取り決め,約束，取り決め,exam,3,pre1,pre1,名詞,pre1:337,1,pre1_or_1_deferred
enlist,enlist,word,入隊する，参加する,入隊する，参加する,exam,3,pre1,pre1,動詞,pre1:3117,1,pre1_or_1_deferred
enmity,enmity,word,敵意，憎しみ,敵意，憎しみ,exam,3,pre1,pre1,名詞,pre1:2447,1,pre1_or_1_deferred
enrage,enrage,word,激怒させる,激怒させる,exam,3,pre1,pre1,動詞,pre1:2427,1,pre1_or_1_deferred
enrichment,enrichment,word,濃縮，豊かにすること,濃縮，豊かにすること,exam,3,pre1,pre1,名詞,pre1:2621,1,pre1_or_1_deferred
enroll,enroll,word,入学する,入学する,exam,3,pre1,pre1,動詞,pre1:2083,1,pre1_or_1_deferred
entangle,entangle,word,を絡ませる，もつれさせる,を絡ませる，もつれさせる,exam,3,pre1,pre1,動詞,pre1:2204,1,pre1_or_1_deferred
enthusiastic,enthusiastic,word,熱狂的な，熱烈な,熱狂的な，熱烈な,exam,3,pre1,pre1,形容詞,pre1:371,1,pre1_or_1_deferred
entice,entice,word,誘惑する，魅惑する,誘惑する，魅惑する,exam,3,pre1,pre1;1,動詞,pre1:2695;1:398,2,pre1_or_1_deferred
entity,entity,word,実在，実体,実在，実体,exam,3,pre1,pre1,名詞,pre1:2163,1,pre1_or_1_deferred
entrepreneur,entrepreneur,word,起業家,起業家,exam,3,pre1,pre1,名詞,pre1:2041,1,pre1_or_1_deferred
entrust,entrust,word,委託する,委託する / 委託する，依頼する,exam,3,pre1,pre1;1,動詞,pre1:2895;1:696,2,pre1_or_1_deferred
envelop,envelop,word,包む，包装する,包む，包装する,exam,3,pre1,pre1;1,動詞,pre1:1572;1:226,2,pre1_or_1_deferred
envious,envious,word,羨ましい，妬ましい,羨ましい，妬ましい,exam,3,pre1,pre1;1,形容詞,pre1:1207;1:275,2,pre1_or_1_deferred
envision,envision,word,想像する，思い描く,想像する，思い描く,exam,3,pre1,pre1;1,動詞,pre1:2945;1:353,2,pre1_or_1_deferred
envoy,envoy,word,使者、代理人や遣使,使者、代理人や遣使 / 使者，代理人や遣使,exam,3,pre1,pre1;1,名詞,pre1:3275;1:1736,2,pre1_or_1_deferred
epic,epic,word,大作，壮大な作品,大作，壮大な作品,exam,3,pre1,pre1;1,名詞,pre1:2709;1:46,2,pre1_or_1_deferred
epidemic,epidemic,word,流行性の，伝染性の,流行性の，伝染性の,exam,3,pre1,pre1,形容詞,pre1:2091,1,pre1_or_1_deferred
epoch,epoch,word,時代，歴史の節目,時代，歴史の節目,exam,3,pre1,pre1;1,名詞,pre1:1873;1:182,2,pre1_or_1_deferred
equation,equation,word,方程式,方程式,exam,3,pre1,pre1,名詞,pre1:981,1,pre1_or_1_deferred
equator,equator,word,赤道，赤道線，赤道面,赤道，赤道線，赤道面 / 赤道，赤道線,exam,3,pre1,pre1;1,名詞,pre1:1562;1:318,2,pre1_or_1_deferred
equilibrium,equilibrium,word,均衡，つり合い,均衡，つり合い,exam,3,pre1,pre1,名詞,pre1:2093,1,pre1_or_1_deferred
equity,equity,word,公平，公正,公平，公正,exam,3,pre1,pre1,名詞,pre1:2160,1,pre1_or_1_deferred
erect,erect,word,直立の，まっすぐな,直立の，まっすぐな,exam,3,pre1,pre1,形容詞,pre1:754,1,pre1_or_1_deferred
errand,errand,word,使い走り,使い走り,exam,3,pre1,pre1,名詞,pre1:482,1,pre1_or_1_deferred
erroneous,erroneous,word,誤った，間違えた,誤った，間違えた,exam,3,pre1,pre1;1,形容詞,pre1:2434;1:407,2,pre1_or_1_deferred
erupt,erupt,word,噴火する,噴火する,exam,3,pre1,pre1,動詞,pre1:2738,1,pre1_or_1_deferred
eruption,eruption,word,噴火，爆発,噴火，爆発,exam,3,pre1,pre1;1,名詞,pre1:1971;1:205,2,pre1_or_1_deferred
essence,essence,word,本質，真髄,本質，真髄,exam,3,pre1,pre1,名詞,pre1:149,1,pre1_or_1_deferred
essential,essential,word,不可欠な,不可欠な,exam,3,pre1,pre1,形容詞,pre1:3263,1,pre1_or_1_deferred
esteem,esteem,word,を尊重する，尊敬する,を尊重する，尊敬する / 尊重する，敬う,exam,3,pre1,pre1;1,動詞,pre1:717;1:1571,2,pre1_or_1_deferred
eternal,eternal,word,永遠の，永遠不変の,永遠の，永遠不変の,exam,3,pre1,pre1;1,形容詞,pre1:712;1:310,2,pre1_or_1_deferred
eternally,eternally,word,永遠に,永遠に,exam,3,pre1,pre1,副詞,pre1:1282,1,pre1_or_1_deferred
ethical,ethical,word,倫理的な,倫理的な,exam,3,pre1,pre1,形容詞,pre1:1177,1,pre1_or_1_deferred
ethics,ethics,word,倫理,倫理,exam,3,pre1,pre1,名詞,pre1:1117,1,pre1_or_1_deferred
evacuate,evacuate,word,避難する，逃避する,避難する，逃避する,exam,3,pre1,pre1;1,動詞,pre1:2650;1:473,2,pre1_or_1_deferred
evade,evade,word,避ける，避ける,避ける，避ける,exam,3,pre1,pre1;1,動詞,pre1:2804;1:253,2,pre1_or_1_deferred
evaluation,evaluation,word,評価，査定,評価，査定,exam,3,pre1,pre1,名詞,pre1:678,1,pre1_or_1_deferred
evaporate,evaporate,word,蒸発する,蒸発する,exam,3,pre1,pre1,動詞,pre1:2901,1,pre1_or_1_deferred
evasion,evasion,word,回避/避ける,回避/避ける / 回避，避ける,exam,3,pre1,pre1;1,名詞,pre1:3078;1:931,2,pre1_or_1_deferred
evenly,evenly,word,均等に，等しく,均等に，等しく,exam,3,pre1,pre1,副詞,pre1:1820,1,pre1_or_1_deferred
eventual,eventual,word,最終的な，究極的な,最終的な，究極的な,exam,3,pre1,pre1;1,形容詞,pre1:1831;1:373,2,pre1_or_1_deferred
evergreen,evergreen,word,常緑の,常緑の,exam,3,pre1,pre1,形容詞,pre1:2759,1,pre1_or_1_deferred
exaggeration,exaggeration,word,誇張,誇張 / 誇張，過大評価，過大視,exam,3,pre1,pre1;1,名詞,pre1:1308;1:1909,2,pre1_or_1_deferred
exalt,exalt,word,高揚する,高揚する,exam,3,pre1,pre1,動詞,pre1:2262,1,pre1_or_1_deferred
examiner,examiner,word,審査官，試験官,審査官，試験官,exam,3,pre1,pre1,名詞,pre1:1279,1,pre1_or_1_deferred
exceed,exceed,word,を超える，超過する,を超える，超過する,exam,3,pre1,pre1,動詞,pre1:905,1,pre1_or_1_deferred
excel,excel,word,勝る，優れる，上回る,勝る，優れる，上回る,exam,3,pre1,pre1;1,動詞,pre1:1704;1:336,2,pre1_or_1_deferred
exceptional,exceptional,word,例外の，まれな,例外の，まれな,exam,3,pre1,pre1,形容詞,pre1:1089,1,pre1_or_1_deferred
excerpt,excerpt,word,抜粋，引用句,抜粋，引用句 / 抜粋，引用,exam,3,pre1,pre1;1,名詞,pre1:2433;1:568,2,pre1_or_1_deferred
exclaim,exclaim,word,を叫ぶ，大声で言う,を叫ぶ，大声で言う,exam,3,pre1,pre1,動詞,pre1:832,1,pre1_or_1_deferred
exclamation,exclamation,word,感嘆，叫び,感嘆，叫び / 感嘆,exam,3,pre1,pre1;1,名詞,pre1:1492;1:3173,2,pre1_or_1_deferred
exclusion,exclusion,word,除外,除外,exam,3,pre1,pre1,名詞,pre1:1931,1,pre1_or_1_deferred
exclusively,exclusively,word,排他的に，限定して,排他的に，限定して,exam,3,pre1,pre1;1,副詞,pre1:1086;1:44,2,pre1_or_1_deferred
excursion,excursion,word,遠足,遠足 / 遠足，日帰り旅行,exam,3,pre1,pre1;1,名詞,pre1:1194;1:1050,2,pre1_or_1_deferred
execute,execute,word,を実行する，遂行する,を実行する，遂行する,exam,3,pre1,pre1,動詞,pre1:991,1,pre1_or_1_deferred
execution,execution,word,実行，遂行,実行，遂行,exam,3,pre1,pre1,名詞,pre1:1609,1,pre1_or_1_deferred
exempt,exempt,word,を免除する,を免除する,exam,3,pre1,pre1,動詞,pre1:2451,1,pre1_or_1_deferred
exertion,exertion,word,尽力，努力,尽力，努力,exam,3,pre1,pre1,名詞,pre1:2788,1,pre1_or_1_deferred
exhaustion,exhaustion,word,枯渇，疲労,枯渇，疲労,exam,3,pre1,pre1,名詞,pre1:1033,1,pre1_or_1_deferred
exile,exile,word,亡命，国外追放,亡命，国外追放,exam,3,pre1,pre1,名詞,pre1:1528,1,pre1_or_1_deferred
exotic,exotic,word,異国情緒の，外国の,異国情緒の，外国の,exam,3,pre1,pre1,形容詞,pre1:2124,1,pre1_or_1_deferred
expanse,expanse,word,広がり,広がり,exam,3,pre1,pre1,名詞,pre1:1989,1,pre1_or_1_deferred
expedition,expedition,word,遠征,遠征,exam,3,pre1,pre1,名詞,pre1:583,1,pre1_or_1_deferred
expel,expel,word,を追放する，除名する,を追放する，除名する,exam,3,pre1,pre1,動詞,pre1:2190,1,pre1_or_1_deferred
expend,expend,word,費やす，消費する,費やす，消費する,exam,3,pre1,pre1,動詞,pre1:1690,1,pre1_or_1_deferred
expenditure,expenditure,word,消費，経費,消費，経費,exam,3,pre1,pre1,名詞,pre1:1941,1,pre1_or_1_deferred
experimental,experimental,word,実験的な，実験の,実験的な，実験の,exam,3,pre1,pre1,形容詞,pre1:642,1,pre1_or_1_deferred
expertise,expertise,word,専門知識,専門知識,exam,3,pre1,pre1,名詞,pre1:1595,1,pre1_or_1_deferred
explicit,explicit,word,明らかな，はっきりとした,明らかな，はっきりとした,exam,3,pre1,pre1;1,形容詞,pre1:2141;1:458,2,pre1_or_1_deferred
exploit,exploit,word,偉業，業績,偉業，業績,exam,3,pre1,pre1;1,名詞,pre1:1127;1:115,2,pre1_or_1_deferred
exploration,exploration,word,探査，探索,探査，探索,exam,3,pre1,pre1;1,名詞,pre1:835;1:264,2,pre1_or_1_deferred
expressive,expressive,word,表現力豊かな，表現に富む,表現力豊かな，表現に富む,exam,3,pre1,pre1,形容詞,pre1:1432,1,pre1_or_1_deferred
exquisite,exquisite,word,絶妙な，見事な,絶妙な，見事な,exam,3,pre1,pre1;1,形容詞,pre1:1549;1:438,2,pre1_or_1_deferred
extinguish,extinguish,word,を消す,を消す,exam,3,pre1,pre1,動詞,pre1:2209,1,pre1_or_1_deferred
extravagance,extravagance,word,浪費,浪費,exam,3,pre1,pre1,名詞,pre1:2500,1,pre1_or_1_deferred
extravagant,extravagant,word,贅沢な，無駄遣いの,贅沢な，無駄遣いの,exam,3,pre1,pre1,形容詞,pre1:2109,1,pre1_or_1_deferred
eyelash,eyelash,word,まつげ,まつげ,exam,3,pre1,pre1,名詞,pre1:1774,1,pre1_or_1_deferred
eyelid,eyelid,word,まぶた,まぶた,exam,3,pre1,pre1,名詞,pre1:1645,1,pre1_or_1_deferred
fable,fable,word,作り話,作り話 / 寓話,exam,3,pre1,pre1;1,名詞,pre1:1252;1:2551,2,pre1_or_1_deferred
fabricate,fabricate,word,作り上げる，でっち上げる,作り上げる，でっち上げる,exam,3,pre1,pre1;1,動詞,pre1:3023;1:4185,2,pre1_or_1_deferred
fabulous,fabulous,word,素晴らしい,素晴らしい,exam,3,pre1,pre1,形容詞,pre1:2726,1,pre1_or_1_deferred
facade,facade,word,正面，真正面,正面，真正面,exam,3,pre1,pre1,名詞,pre1:3177,1,pre1_or_1_deferred
facile,facile,word,安易な，手軽な,安易な，手軽な,exam,3,pre1,pre1;1,形容詞,pre1:3207;1:664,2,pre1_or_1_deferred
facilitate,facilitate,word,を促進する，楽にする,を促進する，楽にする,exam,3,pre1,pre1,動詞,pre1:2315,1,pre1_or_1_deferred
faction,faction,word,派閥，党派,派閥，党派,exam,3,pre1,pre1;1,名詞,pre1:2203;1:488,2,pre1_or_1_deferred
faculty,faculty,word,学部,学部,exam,3,pre1,pre1,名詞,pre1:1235,1,pre1_or_1_deferred
fad,fad,word,流行,流行,exam,3,pre1,pre1,名詞,pre1:2258,1,pre1_or_1_deferred
faint,faint,word,かすかな，ぼんやりした,かすかな，ぼんやりした,exam,3,pre1,pre1,形容詞,pre1:410,1,pre1_or_1_deferred
fairness,fairness,word,公平さ,公平さ,exam,3,pre1,pre1,名詞,pre1:484,1,pre1_or_1_deferred
faithful,faithful,word,忠実な，誠実な,忠実な，誠実な,exam,3,pre1,pre1,形容詞,pre1:364,1,pre1_or_1_deferred
faithfully,faithfully,word,忠実に，誠実に,忠実に，誠実に,exam,3,pre1,pre1,副詞,pre1:688,1,pre1_or_1_deferred
faithless,faithless,word,不誠実な，不実な,不誠実な，不実な,exam,3,pre1,pre1,形容詞,pre1:2426,1,pre1_or_1_deferred
falsify,falsify,word,改ざんする,改ざんする,exam,3,pre1,pre1,動詞,pre1:3163,1,pre1_or_1_deferred
fanatical,fanatical,word,熱狂的な，熱烈な,熱狂的な，熱烈な,exam,3,pre1,pre1,形容詞,pre1:128,1,pre1_or_1_deferred
faraway,faraway,word,遠くの,遠くの,exam,3,pre1,pre1,形容詞,pre1:1093,1,pre1_or_1_deferred
farewell,farewell,word,別れ,別れ,exam,3,pre1,pre1,名詞,pre1:651,1,pre1_or_1_deferred
fascinating,fascinating,word,魅惑的な，うっとりさせる,魅惑的な，うっとりさせる,exam,3,pre1,pre1,形容詞,pre1:523,1,pre1_or_1_deferred
fascination,fascination,word,魅惑,魅惑,exam,3,pre1,pre1,名詞,pre1:1942,1,pre1_or_1_deferred
fasten,fasten,word,を固定する，締める,を固定する，締める,exam,3,pre1,pre1,動詞,pre1:447,1,pre1_or_1_deferred
fatal,fatal,word,致命的な，運命の,致命的な，運命の,exam,3,pre1,pre1,形容詞,pre1:416,1,pre1_or_1_deferred
fatherland,fatherland,word,祖国,祖国,exam,3,pre1,pre1,名詞,pre1:2641,1,pre1_or_1_deferred
favorable,favorable,word,好ましい，有利な,好ましい，有利な,exam,3,pre1,pre1;1,形容詞,pre1:311;1:128,2,pre1_or_1_deferred
feasible,feasible,word,実行可能な，可能性のある,実行可能な，可能性のある,exam,3,pre1,pre1;1,形容詞,pre1:3075;1:218,2,pre1_or_1_deferred
feast,feast,word,ごちそう，祝祭,ごちそう，祝祭,exam,3,pre1,pre1,名詞,pre1:609,1,pre1_or_1_deferred
feat,feat,word,偉業，功績,偉業，功績 / 偉業,exam,3,pre1,pre1;1,名詞,pre1:2851;1:3181,2,pre1_or_1_deferred
federation,federation,word,連合，連盟,連合，連盟,exam,3,pre1,pre1,名詞,pre1:1016,1,pre1_or_1_deferred
feeble,feeble,word,弱った，虚弱な,弱った，虚弱な / 弱々しい,exam,3,pre1,pre1;1,形容詞,pre1:1369;1:2964,2,pre1_or_1_deferred
feminine,feminine,word,女性らしい,女性らしい,exam,3,pre1,pre1,形容詞,pre1:1939,1,pre1_or_1_deferred
feminist,feminist,word,男女同権主義者,男女同権主義者,exam,3,pre1,pre1;1,名詞,pre1:1129;1:401,2,pre1_or_1_deferred
ferocious,ferocious,word,どう猛な，恐ろしい,どう猛な，恐ろしい / どう猛な，激しい,exam,3,pre1,pre1;1,形容詞,pre1:2964;1:745,2,pre1_or_1_deferred
fertile,fertile,word,肥沃な，多産の,肥沃な，多産の,exam,3,pre1,pre1;1,形容詞,pre1:612;1:83,2,pre1_or_1_deferred
fetch,fetch,word,を取ってくる,を取ってくる,exam,3,pre1,pre1,動詞,pre1:658,1,pre1_or_1_deferred
feudal,feudal,word,領地の，封建の,領地の，封建の,exam,3,pre1,pre1,形容詞,pre1:2602,1,pre1_or_1_deferred
feverish,feverish,word,熱っぽい,熱っぽい,exam,3,pre1,pre1,形容詞,pre1:1630,1,pre1_or_1_deferred
fiction,fiction,word,創作，作り話,創作，作り話,exam,3,pre1,pre1,名詞,pre1:122,1,pre1_or_1_deferred
fidelity,fidelity,word,忠実度,忠実度,exam,3,pre1,pre1,名詞,pre1:3141,1,pre1_or_1_deferred
fierce,fierce,word,激しい，凶暴な,激しい，凶暴な,exam,3,pre1,pre1,形容詞,pre1:653,1,pre1_or_1_deferred
fiery,fiery,word,燃え立つような,燃え立つような,exam,3,pre1,pre1,形容詞,pre1:1848,1,pre1_or_1_deferred
filament,filament,word,細糸，線条,細糸，線条,exam,3,pre1,pre1,名詞,pre1:204,1,pre1_or_1_deferred
fingertip,fingertip,word,指先,指先,exam,3,pre1,pre1,名詞,pre1:2472,1,pre1_or_1_deferred
finite,finite,word,有限の，限りある,有限の，限りある,exam,3,pre1,pre1,形容詞,pre1:2294,1,pre1_or_1_deferred
fiscal,fiscal,word,財政上の，国庫の,財政上の，国庫の,exam,3,pre1,pre1,形容詞,pre1:1564,1,pre1_or_1_deferred
fixture,fixture,word,備品,備品,exam,3,pre1,pre1,名詞,pre1:2632,1,pre1_or_1_deferred
flair,flair,word,才能，能力,才能，能力,exam,3,pre1,pre1,名詞,pre1:2673,1,pre1_or_1_deferred
flammable,flammable,word,可燃性,可燃性,exam,3,pre1,pre1,形容詞,pre1:3329,1,pre1_or_1_deferred
flap,flap,word,羽ばたく,羽ばたく,exam,3,pre1,pre1,動詞,pre1:1575,1,pre1_or_1_deferred
flash,flash,word,閃光,閃光,exam,3,pre1,pre1,名詞,pre1:137,1,pre1_or_1_deferred
flatter,flatter,word,にお世辞を言う,にお世辞を言う,exam,3,pre1,pre1,動詞,pre1:815,1,pre1_or_1_deferred
flattery,flattery,word,お世辞，おべっか,お世辞，おべっか,exam,3,pre1,pre1,名詞,pre1:1500,1,pre1_or_1_deferred
flaw,flaw,word,欠点,欠点,exam,3,pre1,pre1,名詞,pre1:2677,1,pre1_or_1_deferred
fleet,fleet,word,艦隊,艦隊,exam,3,pre1,pre1,名詞,pre1:986,1,pre1_or_1_deferred
flexible,flexible,word,柔軟な，しなやかな,柔軟な，しなやかな,exam,3,pre1,pre1,形容詞,pre1:608,1,pre1_or_1_deferred
fling,fling,word,を投げ飛ばす,を投げ飛ばす / 投げる,exam,3,pre1,pre1;1,動詞,pre1:1217;1:3293,2,pre1_or_1_deferred
flock,flock,word,群れ，集団,群れ，集団,exam,3,pre1,pre1,名詞,pre1:79,1,pre1_or_1_deferred
flour,flour,word,小麦粉,小麦粉,exam,3,pre1,pre1,名詞,pre1:263,1,pre1_or_1_deferred
flourish,flourish,word,繁栄する，栄える,繁栄する，栄える,exam,3,pre1,pre1,動詞,pre1:689,1,pre1_or_1_deferred
flu,flu,word,インフルエンザ,インフルエンザ,exam,3,pre1,pre1,名詞,pre1:475,1,pre1_or_1_deferred
fluent,fluent,word,流暢な,流暢な,exam,3,pre1,pre1,形容詞,pre1:650,1,pre1_or_1_deferred
fluid,fluid,word,液体，流動体,液体，流動体,exam,3,pre1,pre1,名詞,pre1:1145,1,pre1_or_1_deferred
flush,flush,word,流す,流す,exam,3,pre1,pre1,動詞,pre1:1844,1,pre1_or_1_deferred
foam,foam,word,小さな泡，微細な泡,小さな泡，微細な泡,exam,3,pre1,pre1;1,名詞,pre1:856;1:451,2,pre1_or_1_deferred
foe,foe,word,敵,敵,exam,3,pre1,pre1,名詞,pre1:3034,1,pre1_or_1_deferred
foggy,foggy,word,霧のかかった,霧のかかった,exam,3,pre1,pre1,形容詞,pre1:1852,1,pre1_or_1_deferred
foil,foil,word,箔，金属の箔,箔，金属の箔,exam,3,pre1,pre1,名詞,pre1:3368,1,pre1_or_1_deferred
folklore,folklore,word,民話,民話,exam,3,pre1,pre1,名詞,pre1:1713,1,pre1_or_1_deferred
folly,folly,word,愚かさ，愚劣,愚かさ，愚劣 / 愚かな，馬鹿な,exam,3,pre1,pre1;1,名詞,pre1:1412;1:667,2,pre1_or_1_deferred
footnote,footnote,word,脚注,脚注,exam,3,pre1,pre1,名詞,pre1:2576,1,pre1_or_1_deferred
forbid,forbid,word,を禁じる，禁止する,を禁じる，禁止する,exam,3,pre1,pre1,動詞,pre1:696,1,pre1_or_1_deferred
forceful,forceful,word,力強い，強い,力強い，強い,exam,3,pre1,pre1,形容詞,pre1:1814,1,pre1_or_1_deferred
forcible,forcible,word,強制的な，強い,強制的な，強い,exam,3,pre1,pre1;1,形容詞,pre1:2908;1:122,2,pre1_or_1_deferred
fore,fore,word,前方の，前部の,前方の，前部の,exam,3,pre1,pre1,形容詞,pre1:2667,1,pre1_or_1_deferred
forearm,forearm,word,前腕部,前腕部,exam,3,pre1,pre1,名詞,pre1:2449,1,pre1_or_1_deferred
forefather,forefather,word,先祖，祖先,先祖，祖先,exam,3,pre1,pre1,名詞,pre1:1904,1,pre1_or_1_deferred
forefinger,forefinger,word,人差し指,人差し指,exam,3,pre1,pre1,名詞,pre1:2868,1,pre1_or_1_deferred
forehead,forehead,word,おでこ，ひたい,おでこ，ひたい,exam,3,pre1,pre1,名詞,pre1:630,1,pre1_or_1_deferred
foresee,foresee,word,予見する，予測する,予見する，予測する,exam,3,pre1,pre1;1,動詞,pre1:1826;1:351,2,pre1_or_1_deferred
foretell,foretell,word,を予告する，予言する,を予告する，予言する,exam,3,pre1,pre1,動詞,pre1:2721,1,pre1_or_1_deferred
forgery,forgery,word,偽造,偽造,exam,3,pre1,pre1;1,名詞,pre1:3260;1:2559,2,pre1_or_1_deferred
forgetful,forgetful,word,忘れっぽい，忘れやすい,忘れっぽい，忘れやすい,exam,3,pre1,pre1,形容詞,pre1:857,1,pre1_or_1_deferred
forgive,forgive,word,を許す，大目に見る,を許す，大目に見る,exam,3,pre1,pre1,動詞,pre1:21,1,pre1_or_1_deferred
formerly,formerly,word,以前は，かつて,以前は，かつて,exam,3,pre1,pre1,副詞,pre1:310,1,pre1_or_1_deferred
formidable,formidable,word,恐ろしい，手ごわい,恐ろしい，手ごわい,exam,3,pre1,pre1;1,形容詞,pre1:1760;1:166,2,pre1_or_1_deferred
formulate,formulate,word,策定する，計画する,策定する，計画する,exam,3,pre1,pre1;1,動詞,pre1:1792;1:479,2,pre1_or_1_deferred
forsake,forsake,word,を見捨てる，突き放す,を見捨てる，突き放す,exam,3,pre1,pre1,動詞,pre1:1821,1,pre1_or_1_deferred
forthcoming,forthcoming,word,今後の,今後の,exam,3,pre1,pre1,形容詞,pre1:1867,1,pre1_or_1_deferred
fortnight,fortnight,word,二週間,二週間,exam,3,pre1,pre1,名詞,pre1:1338,1,pre1_or_1_deferred
fortunate,fortunate,word,幸運な，運の良い,幸運な，運の良い,exam,3,pre1,pre1,形容詞,pre1:248,1,pre1_or_1_deferred
forum,forum,word,公開討論会,公開討論会,exam,3,pre1,pre1,名詞,pre1:1669,1,pre1_or_1_deferred
foster,foster,word,を養育する，の世話をする,を養育する，の世話をする,exam,3,pre1,pre1,動詞,pre1:1359,1,pre1_or_1_deferred
fountain,fountain,word,噴水，泉,噴水，泉,exam,3,pre1,pre1,名詞,pre1:107,1,pre1_or_1_deferred
fragrant,fragrant,word,香りのよい，香り高い,香りのよい，香り高い / 香ばしい,exam,3,pre1,pre1;1,形容詞,pre1:2657;1:2101,2,pre1_or_1_deferred
frail,frail,word,もろい，か弱い,もろい，か弱い,exam,3,pre1,pre1,形容詞,pre1:2003,1,pre1_or_1_deferred
framework,framework,word,骨格,骨格,exam,3,pre1,pre1,名詞,pre1:1298,1,pre1_or_1_deferred
frank,frank,word,率直な，隠さない,率直な，隠さない,exam,3,pre1,pre1,形容詞,pre1:124,1,pre1_or_1_deferred
frankly,frankly,word,率直に，直接的に,率直に，直接的に,exam,3,pre1,pre1;1,副詞,pre1:422;1:274,2,pre1_or_1_deferred
frantic,frantic,word,半狂乱の，狂った,半狂乱の，狂った / 気が狂ったような,exam,3,pre1,pre1;1,形容詞,pre1:2272;1:3658,2,pre1_or_1_deferred
fraud,fraud,word,詐欺，ごまかし,詐欺，ごまかし,exam,3,pre1,pre1,名詞,pre1:1822,1,pre1_or_1_deferred
freight,freight,word,運賃，貨物運送,運賃，貨物運送,exam,3,pre1,pre1,名詞,pre1:1508,1,pre1_or_1_deferred
frequency,frequency,word,周波数，頻繁さ,周波数，頻繁さ,exam,3,pre1,pre1,名詞,pre1:798,1,pre1_or_1_deferred
freshman,freshman,word,新入生,新入生,exam,3,pre1,pre1,名詞,pre1:708,1,pre1_or_1_deferred
friction,friction,word,摩擦，不和,摩擦，不和,exam,3,pre1,pre1,名詞,pre1:1871,1,pre1_or_1_deferred
fright,fright,word,恐怖，驚き,恐怖，驚き,exam,3,pre1,pre1,名詞,pre1:1608,1,pre1_or_1_deferred
frightful,frightful,word,恐ろしい,恐ろしい,exam,3,pre1,pre1,形容詞,pre1:1702,1,pre1_or_1_deferred
frivolous,frivolous,word,軽薄な，いい加減な,軽薄な，いい加減な / 軽薄な,exam,3,pre1,pre1;1,形容詞,pre1:2795;1:2891,2,pre1_or_1_deferred
frugal,frugal,word,質素な，倹約な,質素な，倹約な / 質素な,exam,3,pre1,pre1;1,形容詞,pre1:2719;1:3803,2,pre1_or_1_deferred
frustrate,frustrate,word,挫折させる,挫折させる,exam,3,pre1,pre1,動詞,pre1:1206,1,pre1_or_1_deferred
frustration,frustration,word,欲求不満，落胆,欲求不満，落胆,exam,3,pre1,pre1,名詞,pre1:569,1,pre1_or_1_deferred
fulfillment,fulfillment,word,遂行,遂行,exam,3,pre1,pre1,名詞,pre1:1125,1,pre1_or_1_deferred
fumigate,fumigate,word,燻蒸する,燻蒸する,exam,3,pre1,pre1,動詞,pre1:3007,1,pre1_or_1_deferred
fungus,fungus,word,菌,菌,exam,3,pre1,pre1,名詞,pre1:2921,1,pre1_or_1_deferred
furious,furious,word,怒り狂った,怒り狂った,exam,3,pre1,pre1,形容詞,pre1:1613,1,pre1_or_1_deferred
furnace,furnace,word,かまど，暖炉,かまど，暖炉,exam,3,pre1,pre1,名詞,pre1:1646,1,pre1_or_1_deferred
furnish,furnish,word,家具を備える,家具を備える,exam,3,pre1,pre1,動詞,pre1:556,1,pre1_or_1_deferred
furnished,furnished,word,家具付きの,家具付きの,exam,3,pre1,pre1,形容詞,pre1:1889,1,pre1_or_1_deferred
fury,fury,word,激怒,激怒,exam,3,pre1,pre1,名詞,pre1:1483,1,pre1_or_1_deferred
fusion,fusion,word,融合,融合,exam,3,pre1,pre1,名詞,pre1:2494,1,pre1_or_1_deferred
fuss,fuss,word,空騒ぎ,空騒ぎ,exam,3,pre1,pre1,名詞,pre1:1167,1,pre1_or_1_deferred
fussy,fussy,word,小うるさい,小うるさい,exam,3,pre1,pre1;1,形容詞,pre1:3374;1:3920,2,pre1_or_1_deferred
futile,futile,word,無駄な,無駄な / 無駄な，非効率的な,exam,3,pre1,pre1;1,形容詞,pre1:2894;1:1522,2,pre1_or_1_deferred
fuzzy,fuzzy,word,ぼやけた,ぼやけた,exam,3,pre1,pre1,形容詞,pre1:960,1,pre1_or_1_deferred
gaily,gaily,word,陽気に,陽気に,exam,3,pre1,pre1,副詞,pre1:2913,1,pre1_or_1_deferred
galaxy,galaxy,word,銀河,銀河,exam,3,pre1,pre1,名詞,pre1:2049,1,pre1_or_1_deferred
gale,gale,word,疾風，強風,疾風，強風,exam,3,pre1,pre1,名詞,pre1:2112,1,pre1_or_1_deferred
garble,garble,word,文字化けする,文字化けする,exam,3,pre1,pre1,動詞,pre1:3369,1,pre1_or_1_deferred
gargle,gargle,word,うがいする,うがいする,exam,3,pre1,pre1,動詞,pre1:1548,1,pre1_or_1_deferred
garment,garment,word,衣服,衣服,exam,3,pre1,pre1,名詞,pre1:1126,1,pre1_or_1_deferred
garnish,garnish,word,飾る，装飾する,飾る，装飾する,exam,3,pre1,pre1;1,動詞,pre1:3242;1:1288,2,pre1_or_1_deferred
gasp,gasp,word,あえぎ,あえぎ / 息をのむ,exam,3,pre1,pre1;1,動詞,pre1:1395;1:1345,2,pre1_or_1_deferred
gaudy,gaudy,word,派手,派手,exam,3,pre1,pre1,形容詞,pre1:3228,1,pre1_or_1_deferred
gauge,gauge,word,規格,規格,exam,3,pre1,pre1,名詞,pre1:2226,1,pre1_or_1_deferred
gem,gem,word,宝石,宝石,exam,3,pre1,pre1,名詞,pre1:1273,1,pre1_or_1_deferred
gender,gender,word,性別，性,性別，性,exam,3,pre1,pre1,名詞,pre1:2253,1,pre1_or_1_deferred
genetic,genetic,word,遺伝的な，遺伝による,遺伝的な，遺伝による,exam,3,pre1,pre1;1,形容詞,pre1:1063;1:517,2,pre1_or_1_deferred
geographical,geographical,word,地理的な,地理的な,exam,3,pre1,pre1,形容詞,pre1:1612,1,pre1_or_1_deferred
geography,geography,word,地理，地理学,地理，地理学,exam,3,pre1,pre1,名詞,pre1:98,1,pre1_or_1_deferred
geology,geology,word,地質学,地質学 / 地質学，岩石の科学,exam,3,pre1,pre1;1,名詞,pre1:1899;1:175,2,pre1_or_1_deferred
geometry,geometry,word,幾何学,幾何学,exam,3,pre1,pre1,名詞,pre1:959,1,pre1_or_1_deferred
giggle,giggle,word,くすくす笑う,くすくす笑う,exam,3,pre1,pre1,動詞,pre1:1602,1,pre1_or_1_deferred
glacier,glacier,word,氷河，ゆっくりと動く氷塊,氷河，ゆっくりと動く氷塊,exam,3,pre1,pre1,名詞,pre1:1715,1,pre1_or_1_deferred
glare,glare,word,まぶしい光,まぶしい光,exam,3,pre1,pre1,名詞,pre1:1597,1,pre1_or_1_deferred
glaze,glaze,word,上塗りする,上塗りする,exam,3,pre1,pre1,動詞,pre1:2352,1,pre1_or_1_deferred
gleam,gleam,word,きらめき，薄明かり,きらめき，薄明かり / きらめく,exam,3,pre1,pre1;1,名詞,pre1:698;1:2305,2,pre1_or_1_deferred
glide,glide,word,滑る,滑る,exam,3,pre1,pre1;1,動詞,pre1:3168;1:3521,2,pre1_or_1_deferred
glimpse,glimpse,word,ひと目見ること,ひと目見ること,exam,3,pre1,pre1,名詞,pre1:1166,1,pre1_or_1_deferred
glisten,glisten,word,きらめく，光る,きらめく，光る / 輝く，きらめく,exam,3,pre1,pre1;1,動詞,pre1:2507;1:1991,2,pre1_or_1_deferred
gloomy,gloomy,word,憂鬱な，暗い,憂鬱な，暗い / 暗い,exam,3,pre1,pre1;1,形容詞,pre1:592;1:2120,2,pre1_or_1_deferred
glorify,glorify,word,栄光をたたえる，賛美する,栄光をたたえる，賛美する,exam,3,pre1,pre1,動詞,pre1:163,1,pre1_or_1_deferred
glorious,glorious,word,栄光のある，名誉ある,栄光のある，名誉ある,exam,3,pre1,pre1,形容詞,pre1:790,1,pre1_or_1_deferred
glory,glory,word,栄光，名誉,栄光，名誉,exam,3,pre1,pre1,名詞,pre1:408,1,pre1_or_1_deferred
glossary,glossary,word,用語集,用語集,exam,3,pre1,pre1,名詞,pre1:2916,1,pre1_or_1_deferred
glossy,glossy,word,光沢のある，つやのある,光沢のある，つやのある / 光沢のある，つややかな,exam,3,pre1,pre1;1,形容詞,pre1:2924;1:1588,2,pre1_or_1_deferred
glue,glue,word,接着剤,接着剤,exam,3,pre1,pre1,名詞,pre1:129,1,pre1_or_1_deferred
gorge,gorge,word,峡谷，谷間,峡谷，谷間 / 峡谷，渓谷,exam,3,pre1,pre1;1,名詞,pre1:2396;1:1818,2,pre1_or_1_deferred
graceful,graceful,word,優雅な，上品な,優雅な，上品な / 優雅な，洗練された,exam,3,pre1,pre1;1,形容詞,pre1:897;1:784,2,pre1_or_1_deferred
gracious,gracious,word,優雅な,優雅な,exam,3,pre1,pre1,形容詞,pre1:1849,1,pre1_or_1_deferred
grain,grain,word,穀物，穀類,穀物，穀類,exam,3,pre1,pre1;1,名詞,pre1:265;1:286,2,pre1_or_1_deferred
grammatical,grammatical,word,文法の,文法の,exam,3,pre1,pre1,形容詞,pre1:1318,1,pre1_or_1_deferred
grandeur,grandeur,word,雄大さ，壮大さ,雄大さ，壮大さ,exam,3,pre1,pre1,名詞,pre1:2689,1,pre1_or_1_deferred
grate,grate,word,格子，格子状,格子，格子状,exam,3,pre1,pre1;1,名詞,pre1:3293;1:781,2,pre1_or_1_deferred
gratification,gratification,word,満足，喜び,満足，喜び,exam,3,pre1,pre1,名詞,pre1:2778,1,pre1_or_1_deferred
gratify,gratify,word,を満足させる,を満足させる,exam,3,pre1,pre1,動詞,pre1:1885,1,pre1_or_1_deferred
gratitude,gratitude,word,感謝，謝意,感謝，謝意,exam,3,pre1,pre1,名詞,pre1:1429,1,pre1_or_1_deferred
gratuity,gratuity,word,心付け,心付け,exam,3,pre1,pre1;1,名詞,pre1:3390;1:3289,2,pre1_or_1_deferred
gravel,gravel,word,砂利,砂利,exam,3,pre1,pre1,名詞,pre1:2572,1,pre1_or_1_deferred
gravestone,gravestone,word,墓石,墓石,exam,3,pre1,pre1,名詞,pre1:2445,1,pre1_or_1_deferred
graze,graze,word,軽く食べる,軽く食べる,exam,3,pre1,pre1,動詞,pre1:1394,1,pre1_or_1_deferred
greed,greed,word,貪欲，強欲,貪欲，強欲,exam,3,pre1,pre1,名詞,pre1:1616,1,pre1_or_1_deferred
greedy,greedy,word,貪欲な，欲張りの,貪欲な，欲張りの,exam,3,pre1,pre1,形容詞,pre1:382,1,pre1_or_1_deferred
grief,grief,word,悲しみ，深い悲しみ,悲しみ，深い悲しみ,exam,3,pre1,pre1,名詞,pre1:77,1,pre1_or_1_deferred
grieve,grieve,word,深く悲しむ，嘆く,深く悲しむ，嘆く,exam,3,pre1,pre1,動詞,pre1:628,1,pre1_or_1_deferred
grim,grim,word,厳格な，険しい,厳格な，険しい / 険しい,exam,3,pre1,pre1;1,形容詞,pre1:757;1:3879,2,pre1_or_1_deferred
grind,grind,word,をひく，細かく砕く,をひく，細かく砕く,exam,3,pre1,pre1,動詞,pre1:515,1,pre1_or_1_deferred
groan,groan,word,うめき声，うなり声,うめき声，うなり声,exam,3,pre1,pre1,名詞,pre1:795,1,pre1_or_1_deferred
groom,groom,word,新郎,新郎,exam,3,pre1,pre1,名詞,pre1:3370,1,pre1_or_1_deferred
gross,gross,word,全体の，総体的な,全体の，総体的な,exam,3,pre1,pre1;1,形容詞,pre1:51;1:375,2,pre1_or_1_deferred
grotesque,grotesque,word,怪奇な，異様な,怪奇な，異様な / 奇怪な，異様な,exam,3,pre1,pre1;1,形容詞,pre1:2374;1:4263,2,pre1_or_1_deferred
grouchy,grouchy,word,不機嫌な,不機嫌な,exam,3,pre1,pre1,形容詞,pre1:3054,1,pre1_or_1_deferred
growl,growl,word,うなり声,うなり声,exam,3,pre1,pre1,動詞,pre1:1876,1,pre1_or_1_deferred
grumble,grumble,word,不平，不満,不平，不満,exam,3,pre1,pre1,名詞,pre1:1948,1,pre1_or_1_deferred
grumpy,grumpy,word,気難しい,気難しい,exam,3,pre1,pre1,形容詞,pre1:3052,1,pre1_or_1_deferred
guilt,guilt,word,罪悪感，有罪,罪悪感，有罪,exam,3,pre1,pre1;1,名詞,pre1:378;1:69,2,pre1_or_1_deferred
gulf,gulf,word,湾,湾,exam,3,pre1,pre1,名詞,pre1:3336,1,pre1_or_1_deferred
gulp,gulp,word,急いで飲み込む,急いで飲み込む,exam,3,pre1,pre1,動詞,pre1:2118,1,pre1_or_1_deferred
gush,gush,word,吹き出る,吹き出る / 湧き出る,exam,3,pre1,pre1;1,動詞,pre1:2220;1:2253,2,pre1_or_1_deferred
gust,gust,word,突風,突風 / 突風，突然の風,exam,3,pre1,pre1;1,名詞,pre1:2596;1:1723,2,pre1_or_1_deferred
gutter,gutter,word,側溝，排水溝,側溝，排水溝,exam,3,pre1,pre1;1,名詞,pre1:2535;1:411,2,pre1_or_1_deferred
habitat,habitat,word,生息地,生息地,exam,3,pre1,pre1,名詞,pre1:1967,1,pre1_or_1_deferred
habitual,habitual,word,習慣的な，常習的な,習慣的な，常習的な,exam,3,pre1,pre1,形容詞,pre1:1414,1,pre1_or_1_deferred
halfway,halfway,word,途中の，中間の,途中の，中間の,exam,3,pre1,pre1,形容詞,pre1:285,1,pre1_or_1_deferred
halt,halt,word,立ち止まる，停止,立ち止まる，停止,exam,3,pre1,pre1,動詞,pre1:879,1,pre1_or_1_deferred
halve,halve,word,2等分する，半分に分ける,2等分する，半分に分ける,exam,3,pre1,pre1,動詞,pre1:1458,1,pre1_or_1_deferred
handful,handful,word,一握りの,一握りの,exam,3,pre1,pre1,形容詞,pre1:401,1,pre1_or_1_deferred
hangover,hangover,word,二日酔い,二日酔い,exam,3,pre1,pre1,名詞,pre1:2234,1,pre1_or_1_deferred
hardy,hardy,word,丈夫な,丈夫な,exam,3,pre1,pre1;1,形容詞,pre1:3083;1:2882,2,pre1_or_1_deferred
harmless,harmless,word,無害な,無害な,exam,3,pre1,pre1,形容詞,pre1:912,1,pre1_or_1_deferred
harmonious,harmonious,word,調和のとれた,調和のとれた,exam,3,pre1,pre1,形容詞,pre1:1479,1,pre1_or_1_deferred
haste,haste,word,急ぐ/急ぎ,急ぐ/急ぎ,exam,3,pre1,pre1,名詞,pre1:332,1,pre1_or_1_deferred
hasten,hasten,word,急ぐ,急ぐ / 急がせる，焦らせる,exam,3,pre1,pre1;1,動詞,pre1:479;1:1486,2,pre1_or_1_deferred
hasty,hasty,word,急ぐ，急ぎ足で,急ぐ，急ぎ足で,exam,3,pre1,pre1;1,形容詞,pre1:467;1:265,2,pre1_or_1_deferred
hatch,hatch,word,ふ化する,ふ化する,exam,3,pre1,pre1,動詞,pre1:1891,1,pre1_or_1_deferred
hatred,hatred,word,憎しみ，憎悪,憎しみ，憎悪,exam,3,pre1,pre1,名詞,pre1:437,1,pre1_or_1_deferred
haul,haul,word,を運搬する，引っ張る,を運搬する，引っ張る,exam,3,pre1,pre1,動詞,pre1:1701,1,pre1_or_1_deferred
haunt,haunt,word,にたびたび行く,にたびたび行く,exam,3,pre1,pre1,動詞,pre1:1056,1,pre1_or_1_deferred
haven,haven,word,避難所,避難所,exam,3,pre1,pre1,名詞,pre1:2531,1,pre1_or_1_deferred
hay,hay,word,干し草,干し草,exam,3,pre1,pre1,名詞,pre1:753,1,pre1_or_1_deferred
hazard,hazard,word,危険,危険,exam,3,pre1,pre1,名詞,pre1:1927,1,pre1_or_1_deferred
haze,haze,word,もや，かすみ,もや，かすみ,exam,3,pre1,pre1,名詞,pre1:2809,1,pre1_or_1_deferred
heal,heal,word,癒す，治す,癒す，治す,exam,3,pre1,pre1;1,動詞,pre1:330;1:390,2,pre1_or_1_deferred
heap,heap,word,かたまり,かたまり / 塊，山盛り,exam,3,pre1,pre1;1,名詞,pre1:831;1:1881,2,pre1_or_1_deferred
hearth,hearth,word,囲炉裏,囲炉裏,exam,3,pre1,pre1,名詞,pre1:1940,1,pre1_or_1_deferred
heath,heath,word,荒野，野原,荒野，野原,exam,3,pre1,pre1;1,名詞,pre1:2707;1:468,2,pre1_or_1_deferred
hectic,hectic,word,興奮した,興奮した,exam,3,pre1,pre1,形容詞,pre1:2763,1,pre1_or_1_deferred
hedge,hedge,word,垣根，障壁，障害物,垣根，障壁，障害物,exam,3,pre1,pre1;1,名詞,pre1:486;1:343,2,pre1_or_1_deferred
heed,heed,word,注意する，気を付ける,注意する，気を付ける,exam,3,pre1,pre1,動詞,pre1:1917,1,pre1_or_1_deferred
heir,heir,word,相続人，跡取り,相続人，跡取り,exam,3,pre1,pre1,名詞,pre1:541,1,pre1_or_1_deferred
hence,hence,word,したがって，結果として,したがって，結果として,exam,3,pre1,pre1,副詞,pre1:1263,1,pre1_or_1_deferred
herald,herald,word,報道者，使者,報道者，使者 / 使者，使い，代表者,exam,3,pre1,pre1;1,名詞,pre1:2878;1:1801,2,pre1_or_1_deferred
herb,herb,word,薬草,薬草,exam,3,pre1,pre1,名詞,pre1:1360,1,pre1_or_1_deferred
herd,herd,word,群れ，集団,群れ，集団,exam,3,pre1,pre1;1,名詞,pre1:489;1:392,2,pre1_or_1_deferred
heredity,heredity,word,遺伝，相続,遺伝，相続,exam,3,pre1,pre1,名詞,pre1:2567,1,pre1_or_1_deferred
heroic,heroic,word,英雄的な，勇ましい,英雄的な，勇ましい,exam,3,pre1,pre1,形容詞,pre1:392,1,pre1_or_1_deferred
hibernate,hibernate,word,冬眠する,冬眠する,exam,3,pre1,pre1,動詞,pre1:3307,1,pre1_or_1_deferred
hidden,hidden,word,隠された，隠秘の,隠された，隠秘の,exam,3,pre1,pre1;1,形容詞,pre1:367;1:481,2,pre1_or_1_deferred
highness,highness,word,高度，殿下,高度，殿下,exam,3,pre1,pre1,名詞,pre1:2519,1,pre1_or_1_deferred
hillside,hillside,word,山腹，斜面,山腹，斜面,exam,3,pre1,pre1,名詞,pre1:466,1,pre1_or_1_deferred
hinder,hinder,word,妨げる,妨げる,exam,3,pre1,pre1,動詞,pre1:3145,1,pre1_or_1_deferred
hinge,hinge,word,要点，蝶番,要点，蝶番,exam,3,pre1,pre1,名詞,pre1:2011,1,pre1_or_1_deferred
hitch,hitch,word,引っかける,引っかける,exam,3,pre1,pre1,動詞,pre1:2152,1,pre1_or_1_deferred
hitherto,hitherto,word,従来，今まで,従来，今まで,exam,3,pre1,pre1,副詞,pre1:2319,1,pre1_or_1_deferred
holistic,holistic,word,全体論の，総体的な,全体論の，総体的な / 全体論的な，総体的な,exam,3,pre1,pre1;1,形容詞,pre1:32;1:4271,2,pre1_or_1_deferred
hollow,hollow,word,くぼみ/空洞のある,くぼみ/空洞のある / 空洞のある，中が空の,exam,3,pre1,pre1;1,名詞,pre1:365;1:625,2,pre1_or_1_deferred
holocaust,holocaust,word,大虐殺,大虐殺,exam,3,pre1,pre1,名詞,pre1:2762,1,pre1_or_1_deferred
honorable,honorable,word,尊敬できる,尊敬できる,exam,3,pre1,pre1,形容詞,pre1:601,1,pre1_or_1_deferred
horrible,horrible,word,恐ろしい,恐ろしい,exam,3,pre1,pre1,形容詞,pre1:62,1,pre1_or_1_deferred
hostage,hostage,word,人質,人質,exam,3,pre1,pre1,名詞,pre1:2314,1,pre1_or_1_deferred
hostile,hostile,word,敵意のある，反感を持つ，敵対視する,敵意のある，反感を持つ，敵対視する,exam,3,pre1,pre1;1,形容詞,pre1:1022;1:266,2,pre1_or_1_deferred
hover,hover,word,空中停止する,空中停止する,exam,3,pre1,pre1,動詞,pre1:2491,1,pre1_or_1_deferred
howl,howl,word,遠吠えする,遠吠えする,exam,3,pre1,pre1,動詞,pre1:810,1,pre1_or_1_deferred
hug,hug,word,抱擁/を抱きしめる,抱擁/を抱きしめる,exam,3,pre1,pre1,名詞,pre1:575,1,pre1_or_1_deferred
humane,humane,word,人道的な，人道に基づく,人道的な，人道に基づく,exam,3,pre1,pre1,形容詞,pre1:2906,1,pre1_or_1_deferred
humiliate,humiliate,word,に恥をかかせる,に恥をかかせる,exam,3,pre1,pre1,動詞,pre1:2346,1,pre1_or_1_deferred
hurdle,hurdle,word,課題，困難,課題，困難,exam,3,pre1,pre1,名詞,pre1:3356,1,pre1_or_1_deferred
hydrogen,hydrogen,word,水素,水素,exam,3,pre1,pre1,名詞,pre1:1870,1,pre1_or_1_deferred
hygiene,hygiene,word,衛生,衛生 / 衛生，清潔,exam,3,pre1,pre1;1,名詞,pre1:2463;1:1131,2,pre1_or_1_deferred
hymn,hymn,word,賛美歌,賛美歌,exam,3,pre1,pre1,名詞,pre1:1321,1,pre1_or_1_deferred
hypocrite,hypocrite,word,偽善者,偽善者 / 偽善者，偽善行為をする人,exam,3,pre1,pre1;1,名詞,pre1:2637;1:1227,2,pre1_or_1_deferred
hypothesis,hypothesis,word,仮説，推論,仮説，推論 / 仮説，推測,exam,3,pre1,pre1;1,名詞,pre1:1893;1:9,2,pre1_or_1_deferred
ideally,ideally,word,理想的には，申し分なく,理想的には，申し分なく,exam,3,pre1,pre1,副詞,pre1:769,1,pre1_or_1_deferred
identification,identification,word,身分証明書，身元確認,身分証明書，身元確認,exam,3,pre1,pre1,名詞,pre1:1007,1,pre1_or_1_deferred
idiom,idiom,word,熟語,熟語,exam,3,pre1,pre1,名詞,pre1:1286,1,pre1_or_1_deferred
idiot,idiot,word,馬鹿,馬鹿,exam,3,pre1,pre1,名詞,pre1:916,1,pre1_or_1_deferred
idle,idle,word,停止状態,停止状態,exam,3,pre1,pre1,形容詞,pre1:3297,1,pre1_or_1_deferred
idly,idly,word,何もしないで，怠けて,何もしないで，怠けて,exam,3,pre1,pre1,副詞,pre1:2774,1,pre1_or_1_deferred
ignition,ignition,word,点火，発火,点火，発火,exam,3,pre1,pre1,名詞,pre1:2181,1,pre1_or_1_deferred
illegitimate,illegitimate,word,違法の，非合法の,違法の，非合法の,exam,3,pre1,pre1,形容詞,pre1:2787,1,pre1_or_1_deferred
illogical,illogical,word,非論理的な,非論理的な,exam,3,pre1,pre1,形容詞,pre1:2813,1,pre1_or_1_deferred
illusion,illusion,word,幻覚，思い込み,幻覚，思い込み,exam,3,pre1,pre1,名詞,pre1:542,1,pre1_or_1_deferred
imitation,imitation,word,模倣,模倣,exam,3,pre1,pre1,名詞,pre1:595,1,pre1_or_1_deferred
immature,immature,word,未熟な，未成熟の,未熟な，未成熟の,exam,3,pre1,pre1,形容詞,pre1:1223,1,pre1_or_1_deferred
immeasurable,immeasurable,word,計り知れない，無限の,計り知れない，無限の,exam,3,pre1,pre1,形容詞,pre1:2700,1,pre1_or_1_deferred
immense,immense,word,巨大な，莫大な,巨大な，莫大な,exam,3,pre1,pre1,形容詞,pre1:409,1,pre1_or_1_deferred
immensely,immensely,word,莫大に，広大に,莫大に，広大に,exam,3,pre1,pre1,副詞,pre1:702,1,pre1_or_1_deferred
immerse,immerse,word,浸す，没入する,浸す，没入する,exam,3,pre1,pre1,動詞,pre1:3375,1,pre1_or_1_deferred
immortal,immortal,word,不滅の，不死の,不滅の，不死の,exam,3,pre1,pre1,形容詞,pre1:1272,1,pre1_or_1_deferred
impair,impair,word,を損なう，弱める,を損なう，弱める,exam,3,pre1,pre1,動詞,pre1:2595,1,pre1_or_1_deferred
impatient,impatient,word,せっかちな，性急な,せっかちな，性急な,exam,3,pre1,pre1,形容詞,pre1:870,1,pre1_or_1_deferred
impeach,impeach,word,を責める，弾劾する,を責める，弾劾する / 弾劾する，告発する,exam,3,pre1,pre1;1,動詞,pre1:2634;1:1585,2,pre1_or_1_deferred
impede,impede,word,を妨げる,を妨げる / 妨げる，邪魔する,exam,3,pre1,pre1;1,動詞,pre1:2974;1:4230,2,pre1_or_1_deferred
imperfect,imperfect,word,不完全な，未完成の,不完全な，未完成の / 不完全，未完成,exam,3,pre1,pre1;1,形容詞,pre1:672;1:377,2,pre1_or_1_deferred
implicit,implicit,word,暗黙の,暗黙の,exam,3,pre1,pre1,形容詞,pre1:3087,1,pre1_or_1_deferred
implore,implore,word,を懇願する,を懇願する / 懇願する，お願いする,exam,3,pre1,pre1;1,動詞,pre1:1525;1:85,2,pre1_or_1_deferred
impolite,impolite,word,失礼な，無礼な,失礼な，無礼な,exam,3,pre1,pre1,形容詞,pre1:942,1,pre1_or_1_deferred
impotent,impotent,word,無力な，無気力な,無力な，無気力な,exam,3,pre1,pre1,形容詞,pre1:2824,1,pre1_or_1_deferred
impractical,impractical,word,非実用的な，実行不可能な,非実用的な，実行不可能な,exam,3,pre1,pre1,形容詞,pre1:53,1,pre1_or_1_deferred
imprison,imprison,word,刑務所に入れる,刑務所に入れる,exam,3,pre1,pre1,動詞,pre1:1390,1,pre1_or_1_deferred
imprisonment,imprisonment,word,投獄，監禁,投獄，監禁,exam,3,pre1,pre1,名詞,pre1:1731,1,pre1_or_1_deferred
improper,improper,word,不適切な，誤った,不適切な，誤った,exam,3,pre1,pre1,形容詞,pre1:1450,1,pre1_or_1_deferred
improved,improved,word,改善した,改善した,exam,3,pre1,pre1,形容詞,pre1:2982,1,pre1_or_1_deferred
improvise,improvise,word,即興で作る,即興で作る / 即興で作る，その場で作り出す,exam,3,pre1,pre1;1,動詞,pre1:2922;1:842,2,pre1_or_1_deferred
imprudent,imprudent,word,軽率な，無謀な,軽率な，無謀な,exam,3,pre1,pre1,形容詞,pre1:2837,1,pre1_or_1_deferred
inadequate,inadequate,word,不十分な，不適切な,不十分な，不適切な,exam,3,pre1,pre1;1,形容詞,pre1:1124;1:133,2,pre1_or_1_deferred
inborn,inborn,word,生まれつきの，先天的な,生まれつきの，先天的な,exam,3,pre1,pre1,形容詞,pre1:2815,1,pre1_or_1_deferred
incentive,incentive,word,動機,動機,exam,3,pre1,pre1,名詞,pre1:1729,1,pre1_or_1_deferred
inception,inception,word,始まり，発端,始まり，発端 / 始まり，開始,exam,3,pre1,pre1;1,名詞,pre1:1168;1:1243,2,pre1_or_1_deferred
inclination,inclination,word,傾斜,傾斜,exam,3,pre1,pre1,名詞,pre1:1424,1,pre1_or_1_deferred
incoherent,incoherent,word,一貫性のない,一貫性のない,exam,3,pre1,pre1,形容詞,pre1:2497,1,pre1_or_1_deferred
inconceivable,inconceivable,word,想像もつかない，信じられない,想像もつかない，信じられない,exam,3,pre1,pre1,形容詞,pre1:2440,1,pre1_or_1_deferred
incredibly,incredibly,word,信じられないほど,信じられないほど,exam,3,pre1,pre1,副詞,pre1:2991,1,pre1_or_1_deferred
incur,incur,word,負う，招く,負う，招く,exam,3,pre1,pre1,動詞,pre1:2766,1,pre1_or_1_deferred
indecent,indecent,word,わいせつな，みだらな,わいせつな，みだらな,exam,3,pre1,pre1,形容詞,pre1:2570,1,pre1_or_1_deferred
indication,indication,word,指示，指し示すこと,指示，指し示すこと,exam,3,pre1,pre1,名詞,pre1:1042,1,pre1_or_1_deferred
indicator,indicator,word,指示者,指示者,exam,3,pre1,pre1,名詞,pre1:1666,1,pre1_or_1_deferred
inevitably,inevitably,word,必然的に,必然的に,exam,3,pre1,pre1,副詞,pre1:931,1,pre1_or_1_deferred
inexplicable,inexplicable,word,不可解な，説明できない,不可解な，説明できない,exam,3,pre1,pre1,形容詞,pre1:2635,1,pre1_or_1_deferred
infectious,infectious,word,伝染性の，感染する,伝染性の，感染する,exam,3,pre1,pre1;1,形容詞,pre1:1037;1:187,2,pre1_or_1_deferred
infer,infer,word,を推論する，推量する,を推論する，推量する,exam,3,pre1,pre1,動詞,pre1:2565,1,pre1_or_1_deferred
infinite,infinite,word,無限の，限りない,無限の，限りない,exam,3,pre1,pre1,形容詞,pre1:1281,1,pre1_or_1_deferred
inflame,inflame,word,を興奮させる，燃え上がらせる,を興奮させる，燃え上がらせる / 燃え上がらせる，炎上させる,exam,3,pre1,pre1;1,動詞,pre1:2978;1:873,2,pre1_or_1_deferred
inflammation,inflammation,word,炎症，発火,炎症，発火,exam,3,pre1,pre1,名詞,pre1:2585,1,pre1_or_1_deferred
inflict,inflict,word,を与える，加える,を与える，加える,exam,3,pre1,pre1,動詞,pre1:1427,1,pre1_or_1_deferred
influential,influential,word,影響力のある，有力な,影響力のある，有力な,exam,3,pre1,pre1,形容詞,pre1:846,1,pre1_or_1_deferred
influx,influx,word,流入,流入,exam,3,pre1,pre1,名詞,pre1:2961,1,pre1_or_1_deferred
informal,informal,word,非公式な，略式の,非公式な，略式の,exam,3,pre1,pre1,形容詞,pre1:29,1,pre1_or_1_deferred
infuriate,infuriate,word,を激怒させる,を激怒させる,exam,3,pre1,pre1,動詞,pre1:2626,1,pre1_or_1_deferred
infuse,infuse,word,注入する,注入する,exam,3,pre1,pre1,動詞,pre1:2478,1,pre1_or_1_deferred
ingenuity,ingenuity,word,工夫，創意工夫,工夫，創意工夫,exam,3,pre1,pre1,名詞,pre1:2403,1,pre1_or_1_deferred
inhabit,inhabit,word,に生息する，住む,に生息する，住む,exam,3,pre1,pre1,動詞,pre1:816,1,pre1_or_1_deferred
inherent,inherent,word,本来の，固有の,本来の，固有の,exam,3,pre1,pre1;1,形容詞,pre1:1530;1:82,2,pre1_or_1_deferred
inherit,inherit,word,を受け継ぐ，相続する,を受け継ぐ，相続する,exam,3,pre1,pre1,動詞,pre1:277,1,pre1_or_1_deferred
inheritance,inheritance,word,継承，相続,継承，相続,exam,3,pre1,pre1;1,名詞,pre1:1027;1:161,2,pre1_or_1_deferred
initiate,initiate,word,始める，開始する,始める，開始する,exam,3,pre1,pre1;1,動詞,pre1:1367;1:92,2,pre1_or_1_deferred
inject,inject,word,注入する,注入する,exam,3,pre1,pre1,動詞,pre1:3200,1,pre1_or_1_deferred
inmate,inmate,word,収容者，被収容者,収容者，被収容者,exam,3,pre1,pre1;1,名詞,pre1:2940;1:381,2,pre1_or_1_deferred
innovative,innovative,word,革新的な,革新的な,exam,3,pre1,pre1,形容詞,pre1:2997,1,pre1_or_1_deferred
inopportune,inopportune,word,間の悪い，都合の悪い,間の悪い，都合の悪い,exam,3,pre1,pre1,形容詞,pre1:250,1,pre1_or_1_deferred
inquire,inquire,word,を問い合わせる，尋ねる,を問い合わせる，尋ねる,exam,3,pre1,pre1,動詞,pre1:871,1,pre1_or_1_deferred
insane,insane,word,正気でない，狂気の,正気でない，狂気の,exam,3,pre1,pre1,形容詞,pre1:1725,1,pre1_or_1_deferred
insert,insert,word,を差し込む，挿入する,を差し込む，挿入する,exam,3,pre1,pre1,動詞,pre1:1170,1,pre1_or_1_deferred
insincere,insincere,word,誠意のない，不誠実な,誠意のない，不誠実な,exam,3,pre1,pre1,形容詞,pre1:2552,1,pre1_or_1_deferred
insistence,insistence,word,主張，信条，主義,主張，信条，主義,exam,3,pre1,pre1;1,名詞,pre1:1024;1:333,2,pre1_or_1_deferred
insistent,insistent,word,しつこい,しつこい,exam,3,pre1,pre1,形容詞,pre1:1426,1,pre1_or_1_deferred
inspect,inspect,word,検査する,検査する,exam,3,pre1,pre1,動詞,pre1:3038,1,pre1_or_1_deferred
inspection,inspection,word,検査，点検,検査，点検,exam,3,pre1,pre1,名詞,pre1:1141,1,pre1_or_1_deferred
inspiration,inspiration,word,ひらめき，思い付き,ひらめき，思い付き,exam,3,pre1,pre1;1,名詞,pre1:697;1:294,2,pre1_or_1_deferred
instance,instance,word,衝動，例,衝動，例,exam,3,pre1,pre1,名詞,pre1:218,1,pre1_or_1_deferred
instantaneous,instantaneous,word,即時の，瞬間の,即時の，瞬間の / 瞬時の,exam,3,pre1,pre1;1,形容詞,pre1:2468;1:3979,2,pre1_or_1_deferred
instantly,instantly,word,すぐに，直ちに，即座に,すぐに，直ちに，即座に,exam,3,pre1,pre1;1,副詞,pre1:496;1:531,2,pre1_or_1_deferred
instigate,instigate,word,扇動する,扇動する,exam,3,pre1,pre1;1,動詞,pre1:3024;1:2143,2,pre1_or_1_deferred
instill,instill,word,注入する，打ち込む,注入する，打ち込む,exam,3,pre1,pre1;1,動詞,pre1:3244;1:1269,2,pre1_or_1_deferred
institutional,institutional,word,制度の，制度上の,制度の，制度上の,exam,3,pre1,pre1,形容詞,pre1:1164,1,pre1_or_1_deferred
instructional,instructional,word,教育の，指導的な,教育の，指導的な,exam,3,pre1,pre1,形容詞,pre1:2987,1,pre1_or_1_deferred
insure,insure,word,を保証する,を保証する,exam,3,pre1,pre1,動詞,pre1:635,1,pre1_or_1_deferred
intact,intact,word,そのままの，手をつけない,そのままの，手をつけない / そのままの,exam,3,pre1,pre1;1,形容詞,pre1:1436;1:4011,2,pre1_or_1_deferred
intangible,intangible,word,触れられない,触れられない,exam,3,pre1,pre1;1,形容詞,pre1:3220;1:3673,2,pre1_or_1_deferred
integrated,integrated,word,統合された,統合された,exam,3,pre1,pre1,形容詞,pre1:2136,1,pre1_or_1_deferred
integration,integration,word,統合，結合,統合，結合,exam,3,pre1,pre1,名詞,pre1:2328,1,pre1_or_1_deferred
integrity,integrity,word,誠実さ，誠意,誠実さ，誠意,exam,3,pre1,pre1;1,名詞,pre1:2263;1:250,2,pre1_or_1_deferred
intellect,intellect,word,知性，知力,知性，知力,exam,3,pre1,pre1,名詞,pre1:1294,1,pre1_or_1_deferred
intensity,intensity,word,強度，強烈さ,強度，強烈さ,exam,3,pre1,pre1,名詞,pre1:952,1,pre1_or_1_deferred
intent,intent,word,意図，目的,意図，目的,exam,3,pre1,pre1,名詞,pre1:15,1,pre1_or_1_deferred
interact,interact,word,相互作用する，互いに影響を与える,相互作用する，互いに影響を与える,exam,3,pre1,pre1;1,動詞,pre1:2179;1:345,2,pre1_or_1_deferred
interaction,interaction,word,相互作用,相互作用,exam,3,pre1,pre1,名詞,pre1:1949,1,pre1_or_1_deferred
interim,interim,word,暫定，中間,暫定，中間,exam,3,pre1,pre1,名詞,pre1:2769,1,pre1_or_1_deferred
intermediate,intermediate,word,中間の,中間の,exam,3,pre1,pre1,形容詞,pre1:1403,1,pre1_or_1_deferred
intermission,intermission,word,休止，休憩,休止，休憩,exam,3,pre1,pre1,名詞,pre1:2603,1,pre1_or_1_deferred
interpreter,interpreter,word,解説者，通訳者,解説者，通訳者,exam,3,pre1,pre1,名詞,pre1:449,1,pre1_or_1_deferred
interrogate,interrogate,word,を尋問する,を尋問する / 尋問する，質問攻めにする,exam,3,pre1,pre1;1,動詞,pre1:2450;1:643,2,pre1_or_1_deferred
interruption,interruption,word,妨害，中断,妨害，中断,exam,3,pre1,pre1,名詞,pre1:1287,1,pre1_or_1_deferred
interval,interval,word,間隔，合い間,間隔，合い間,exam,3,pre1,pre1,名詞,pre1:73,1,pre1_or_1_deferred
intimacy,intimacy,word,親密さ，親交関係,親密さ，親交関係,exam,3,pre1,pre1,名詞,pre1:246,1,pre1_or_1_deferred
intimidate,intimidate,word,をおびえさせる，脅す,をおびえさせる，脅す,exam,3,pre1,pre1,動詞,pre1:2551,1,pre1_or_1_deferred
intricacy,intricacy,word,複雑さ,複雑さ,exam,3,pre1,pre1,名詞,pre1:2892,1,pre1_or_1_deferred
intrigue,intrigue,word,陰謀,陰謀,exam,3,pre1,pre1,名詞,pre1:2735,1,pre1_or_1_deferred
intrinsic,intrinsic,word,本質的な，基本的な,本質的な，基本的な,exam,3,pre1,pre1;1,形容詞,pre1:2866;1:244,2,pre1_or_1_deferred
intruder,intruder,word,侵入者,侵入者,exam,3,pre1,pre1,名詞,pre1:3324,1,pre1_or_1_deferred
intuitive,intuitive,word,直感的な,直感的な / 直感的な，直感力の,exam,3,pre1,pre1;1,形容詞,pre1:2524;1:665,2,pre1_or_1_deferred
invasion,invasion,word,侵入，侵略,侵入，侵略,exam,3,pre1,pre1,名詞,pre1:876,1,pre1_or_1_deferred
inventory,inventory,word,在庫,在庫,exam,3,pre1,pre1,名詞,pre1:2373,1,pre1_or_1_deferred
invitation,invitation,word,招待，案内,招待，案内,exam,3,pre1,pre1,名詞,pre1:114,1,pre1_or_1_deferred
ironic,ironic,word,皮肉な,皮肉な,exam,3,pre1,pre1,形容詞,pre1:2281,1,pre1_or_1_deferred
ironically,ironically,word,皮肉なことに，逆説的に,皮肉なことに，逆説的に,exam,3,pre1,pre1;1,副詞,pre1:2999;1:185,2,pre1_or_1_deferred
irony,irony,word,皮肉,皮肉,exam,3,pre1,pre1,名詞,pre1:620,1,pre1_or_1_deferred
irrational,irrational,word,理性のない,理性のない,exam,3,pre1,pre1,形容詞,pre1:2075,1,pre1_or_1_deferred
irrelevance,irrelevance,word,無関係，見当違い,無関係，見当違い,exam,3,pre1,pre1,名詞,pre1:2656,1,pre1_or_1_deferred
irresistible,irresistible,word,抵抗できない，抑えられない,抵抗できない，抑えられない / 抵抗できない，無力な,exam,3,pre1,pre1;1,形容詞,pre1:2493;1:1260,2,pre1_or_1_deferred
irresponsible,irresponsible,word,責任を負えない，無責任な,責任を負えない，無責任な,exam,3,pre1,pre1,形容詞,pre1:1091,1,pre1_or_1_deferred
irrigate,irrigate,word,を灌漑する，水を引く,を灌漑する，水を引く,exam,3,pre1,pre1,動詞,pre1:2836,1,pre1_or_1_deferred
irritating,irritating,word,腹立たしい,腹立たしい,exam,3,pre1,pre1,形容詞,pre1:1379,1,pre1_or_1_deferred
itch,itch,word,かゆみ，そう痒,かゆみ，そう痒,exam,3,pre1,pre1,名詞,pre1:1824,1,pre1_or_1_deferred
itinerary,itinerary,word,旅程,旅程,exam,3,pre1,pre1;1,名詞,pre1:3118;1:2486,2,pre1_or_1_deferred
ivory,ivory,word,象牙，象牙質の,象牙，象牙質の,exam,3,pre1,pre1;1,名詞,pre1:749;1:200,2,pre1_or_1_deferred
janitor,janitor,word,用務員，建物のメンテナンス等を担当する人,用務員，建物のメンテナンス等を担当する人,exam,3,pre1,pre1;1,名詞,pre1:2539;1:1654,2,pre1_or_1_deferred
jealous,jealous,word,うらやましい，嫉妬している,うらやましい，嫉妬している,exam,3,pre1,pre1,形容詞,pre1:116,1,pre1_or_1_deferred
jerk,jerk,word,急な動き,急な動き,exam,3,pre1,pre1,名詞,pre1:1045,1,pre1_or_1_deferred
jest,jest,word,冗談,冗談,exam,3,pre1,pre1,名詞,pre1:2710,1,pre1_or_1_deferred
jolly,jolly,word,陽気な，愉快な,陽気な，愉快な,exam,3,pre1,pre1,形容詞,pre1:1357,1,pre1_or_1_deferred
jot,jot,word,わずか，微量,わずか，微量,exam,3,pre1,pre1,名詞,pre1:2546,1,pre1_or_1_deferred
jovial,jovial,word,陽気な,陽気な,exam,3,pre1,pre1;1,形容詞,pre1:3156;1:3010,2,pre1_or_1_deferred
judicial,judicial,word,司法の，裁判の,司法の，裁判の,exam,3,pre1,pre1,形容詞,pre1:2055,1,pre1_or_1_deferred
judicious,judicious,word,賢明な,賢明な,exam,3,pre1,pre1;1,形容詞,pre1:3064;1:2797,2,pre1_or_1_deferred
jumble,jumble,word,乱雑にする，乱す,乱雑にする，乱す,exam,3,pre1,pre1;1,動詞,pre1:3164;1:893,2,pre1_or_1_deferred
jurisdiction,jurisdiction,word,司法権，裁判権,司法権，裁判権,exam,3,pre1,pre1,名詞,pre1:2169,1,pre1_or_1_deferred
juvenile,juvenile,word,少年の,少年の,exam,3,pre1,pre1;1,形容詞,pre1:2338;1:4022,2,pre1_or_1_deferred
kernel,kernel,word,核心,核心,exam,3,pre1,pre1,名詞,pre1:1912,1,pre1_or_1_deferred
kettle,kettle,word,やかん，湯沸かし,やかん，湯沸かし / やかん,exam,3,pre1,pre1;1,名詞,pre1:78;1:1953,2,pre1_or_1_deferred
kidnap,kidnap,word,を誘拐する,を誘拐する,exam,3,pre1,pre1,動詞,pre1:360,1,pre1_or_1_deferred
kidney,kidney,word,腎臓,腎臓,exam,3,pre1,pre1,名詞,pre1:2873,1,pre1_or_1_deferred
kin,kin,word,親族，親類,親族，親類,exam,3,pre1,pre1,名詞,pre1:1488,1,pre1_or_1_deferred
kingdom,kingdom,word,王国,王国,exam,3,pre1,pre1,名詞,pre1:139,1,pre1_or_1_deferred
kinship,kinship,word,親族，家族,親族，家族,exam,3,pre1,pre1;1,名詞,pre1:3104;1:1236,2,pre1_or_1_deferred
kneel,kneel,word,に膝まづく，ひざをつく,に膝まづく，ひざをつく,exam,3,pre1,pre1,動詞,pre1:534,1,pre1_or_1_deferred
labyrinth,labyrinth,word,迷宮，迷路,迷宮，迷路,exam,3,pre1,pre1;1,名詞,pre1:1203;1:1830,2,pre1_or_1_deferred
lad,lad,word,若者，少年,若者，少年,exam,3,pre1,pre1,名詞,pre1:1241,1,pre1_or_1_deferred
ladder,ladder,word,はしご，踏み台,はしご，踏み台,exam,3,pre1,pre1,名詞,pre1:201,1,pre1_or_1_deferred
lame,lame,word,不十分な,不十分な,exam,3,pre1,pre1,形容詞,pre1:729,1,pre1_or_1_deferred
lament,lament,word,を嘆く，嘆き悲しむ,を嘆く，嘆き悲しむ / 嘆く，悲しむ,exam,3,pre1,pre1;1,動詞,pre1:1694;1:4123,2,pre1_or_1_deferred
landlord,landlord,word,家主,家主,exam,3,pre1,pre1,名詞,pre1:1838,1,pre1_or_1_deferred
lapse,lapse,word,間違い,間違い,exam,3,pre1,pre1,名詞,pre1:1759,1,pre1_or_1_deferred
lark,lark,word,戯れ,戯れ,exam,3,pre1,pre1,名詞,pre1:762,1,pre1_or_1_deferred
lasting,lasting,word,永続的な，長持ちする,永続的な，長持ちする,exam,3,pre1,pre1,形容詞,pre1:1415,1,pre1_or_1_deferred
latitude,latitude,word,緯度，緯線,緯度，緯線,exam,3,pre1,pre1;1,名詞,pre1:1721;1:317,2,pre1_or_1_deferred
lavatory,lavatory,word,洗面所,洗面所,exam,3,pre1,pre1,名詞,pre1:1839,1,pre1_or_1_deferred
lawsuit,lawsuit,word,訴訟,訴訟,exam,3,pre1,pre1,名詞,pre1:1976,1,pre1_or_1_deferred
layman,layman,word,俗人,俗人,exam,3,pre1,pre1,名詞,pre1:2591,1,pre1_or_1_deferred
layoff,layoff,word,一時解雇,一時解雇,exam,3,pre1,pre1,名詞,pre1:2784,1,pre1_or_1_deferred
legacy,legacy,word,遺産,遺産,exam,3,pre1,pre1,名詞,pre1:1984,1,pre1_or_1_deferred
legally,legally,word,合法的に，法律上,合法的に，法律上,exam,3,pre1,pre1,副詞,pre1:730,1,pre1_or_1_deferred
legible,legible,word,読みやすい,読みやすい,exam,3,pre1,pre1;1,形容詞,pre1:2976;1:2773,2,pre1_or_1_deferred
legislative,legislative,word,立法上の,立法上の,exam,3,pre1,pre1,形容詞,pre1:1854,1,pre1_or_1_deferred
legislator,legislator,word,議員,議員,exam,3,pre1,pre1,名詞,pre1:2944,1,pre1_or_1_deferred
legislature,legislature,word,立法府,立法府,exam,3,pre1,pre1,名詞,pre1:2383,1,pre1_or_1_deferred
legitimacy,legitimacy,word,合法，正当性,合法，正当性,exam,3,pre1,pre1,名詞,pre1:2679,1,pre1_or_1_deferred
legitimate,legitimate,word,正当な,正当な,exam,3,pre1,pre1,形容詞,pre1:1768,1,pre1_or_1_deferred
lengthen,lengthen,word,を長くする,を長くする,exam,3,pre1,pre1,動詞,pre1:1936,1,pre1_or_1_deferred
lengthy,lengthy,word,長い,長い,exam,3,pre1,pre1,形容詞,pre1:2794,1,pre1_or_1_deferred
lest,lest,word,しないように,しないように,exam,3,pre1,pre1,接続詞,pre1:1387,1,pre1_or_1_deferred
lethal,lethal,word,致命的な,致命的な,exam,3,pre1,pre1,形容詞,pre1:2789,1,pre1_or_1_deferred
liability,liability,word,責任，責務，義務,責任，責務，義務 / 責任，責務,exam,3,pre1,pre1;1,名詞,pre1:1678;1:492,2,pre1_or_1_deferred
librarian,librarian,word,図書館員,図書館員,exam,3,pre1,pre1,名詞,pre1:1213,1,pre1_or_1_deferred
lick,lick,word,をなめる，をなめてかかる,をなめる，をなめてかかる,exam,3,pre1,pre1,動詞,pre1:622,1,pre1_or_1_deferred
lieutenant,lieutenant,word,副官,副官,exam,3,pre1,pre1,名詞,pre1:1454,1,pre1_or_1_deferred
lifelike,lifelike,word,生きてるような，生き写しの,生きてるような，生き写しの,exam,3,pre1,pre1,形容詞,pre1:2424,1,pre1_or_1_deferred
lighthearted,lighthearted,word,気軽な，気楽な,気軽な，気楽な,exam,3,pre1,pre1,形容詞,pre1:2665,1,pre1_or_1_deferred
likelihood,likelihood,word,可能性，見込み,可能性，見込み,exam,3,pre1,pre1,名詞,pre1:2114,1,pre1_or_1_deferred
likewise,likewise,word,同様に,同様に,exam,3,pre1,pre1,副詞,pre1:645,1,pre1_or_1_deferred
limp,limp,word,のろのろ進む,のろのろ進む,exam,3,pre1,pre1,動詞,pre1:1491,1,pre1_or_1_deferred
liner,liner,word,定期船,定期船,exam,3,pre1,pre1,名詞,pre1:1030,1,pre1_or_1_deferred
linguistic,linguistic,word,言語学の，言語の,言語学の，言語の / 言語学，語学,exam,3,pre1,pre1;1,形容詞,pre1:1812;1:315,2,pre1_or_1_deferred
linguistics,linguistics,word,言語学,言語学,exam,3,pre1,pre1,名詞,pre1:2619,1,pre1_or_1_deferred
lipstick,lipstick,word,口紅,口紅,exam,3,pre1,pre1,名詞,pre1:462,1,pre1_or_1_deferred
liver,liver,word,肝臓，肝,肝臓，肝,exam,3,pre1,pre1;1,名詞,pre1:492;1:270,2,pre1_or_1_deferred
localize,localize,word,地方化する,地方化する,exam,3,pre1,pre1,動詞,pre1:2854,1,pre1_or_1_deferred
lodging,lodging,word,宿泊,宿泊,exam,3,pre1,pre1,名詞,pre1:1421,1,pre1_or_1_deferred
longevity,longevity,word,寿命，長寿,寿命，長寿,exam,3,pre1,pre1,名詞,pre1:2639,1,pre1_or_1_deferred
loophole,loophole,word,抜け穴、例外や逃げ道,抜け穴、例外や逃げ道 / 抜け穴，例外や逃げ道,exam,3,pre1,pre1;1,名詞,pre1:3001;1:1638,2,pre1_or_1_deferred
loosen,loosen,word,を緩める,を緩める,exam,3,pre1,pre1,動詞,pre1:1242,1,pre1_or_1_deferred
loyal,loyal,word,忠実な，信念の厳格な,忠実な，信念の厳格な,exam,3,pre1,pre1,形容詞,pre1:261,1,pre1_or_1_deferred
loyalty,loyalty,word,忠誠，誠実,忠誠，誠実,exam,3,pre1,pre1;1,名詞,pre1:14;1:157,2,pre1_or_1_deferred
lucrative,lucrative,word,利益が上がる，儲かる,利益が上がる，儲かる,exam,3,pre1,pre1,形容詞,pre1:2812,1,pre1_or_1_deferred
luggage,luggage,word,荷物，手荷物,荷物，手荷物,exam,3,pre1,pre1,名詞,pre1:76,1,pre1_or_1_deferred
lukewarm,lukewarm,word,なまぬるい，微温の,なまぬるい，微温の,exam,3,pre1,pre1,形容詞,pre1:2676,1,pre1_or_1_deferred
lumber,lumber,word,木材,木材,exam,3,pre1,pre1,名詞,pre1:1021,1,pre1_or_1_deferred
luminous,luminous,word,光っている，輝く,光っている，輝く,exam,3,pre1,pre1,形容詞,pre1:2205,1,pre1_or_1_deferred
lunar,lunar,word,月の,月の,exam,3,pre1,pre1,形容詞,pre1:2025,1,pre1_or_1_deferred
lure,lure,word,疑似餌,疑似餌,exam,3,pre1,pre1,名詞,pre1:1988,1,pre1_or_1_deferred
lurk,lurk,word,待ち伏せる,待ち伏せる / 潜む,exam,3,pre1,pre1;1,動詞,pre1:2184;1:3420,2,pre1_or_1_deferred
lust,lust,word,切望，渇望,切望，渇望,exam,3,pre1,pre1,名詞,pre1:2242,1,pre1_or_1_deferred
lyric,lyric,word,歌詞/叙情的な,歌詞/叙情的な,exam,3,pre1,pre1,名詞,pre1:2282,1,pre1_or_1_deferred
madden,madden,word,を発狂させる，激怒させる,を発狂させる，激怒させる,exam,3,pre1,pre1,動詞,pre1:2674,1,pre1_or_1_deferred
magnify,magnify,word,拡大する，増大する,拡大する，増大する,exam,3,pre1,pre1;1,動詞,pre1:3043;1:750,2,pre1_or_1_deferred
magnitude,magnitude,word,大きさ，規模,大きさ，規模,exam,3,pre1,pre1;1,名詞,pre1:1489;1:167,2,pre1_or_1_deferred
maiden,maiden,word,未婚の,未婚の / 乙女,exam,3,pre1,pre1;1,名詞,pre1:1313;1:4000,2,pre1_or_1_deferred
majesty,majesty,word,威厳,威厳,exam,3,pre1,pre1,名詞,pre1:537,1,pre1_or_1_deferred
makeup,makeup,word,化粧,化粧,exam,3,pre1,pre1,名詞,pre1:764,1,pre1_or_1_deferred
malice,malice,word,悪意，敵意,悪意，敵意 / 悪意，恨み,exam,3,pre1,pre1;1,名詞,pre1:1890;1:4134,2,pre1_or_1_deferred
malicious,malicious,word,悪意のある，意地の悪い,悪意のある，意地の悪い / 悪意のある，敵意を持つ,exam,3,pre1,pre1;1,形容詞,pre1:2488;1:1578,2,pre1_or_1_deferred
mandate,mandate,word,権限，指令,権限，指令,exam,3,pre1,pre1,名詞,pre1:2948,1,pre1_or_1_deferred
manipulation,manipulation,word,巧妙な扱い，操作,巧妙な扱い，操作,exam,3,pre1,pre1,名詞,pre1:2761,1,pre1_or_1_deferred
manly,manly,word,男らしい,男らしい,exam,3,pre1,pre1,形容詞,pre1:1418,1,pre1_or_1_deferred
manuscript,manuscript,word,原稿,原稿,exam,3,pre1,pre1,名詞,pre1:1225,1,pre1_or_1_deferred
marble,marble,word,大理石，大理石模様,大理石，大理石模様,exam,3,pre1,pre1,名詞,pre1:117,1,pre1_or_1_deferred
margin,margin,word,余白，へり,余白，へり,exam,3,pre1,pre1,名詞,pre1:468,1,pre1_or_1_deferred
marsh,marsh,word,沼地，湿地,沼地，湿地,exam,3,pre1,pre1,名詞,pre1:1888,1,pre1_or_1_deferred
marshal,marshal,word,元帥,元帥,exam,3,pre1,pre1,名詞,pre1:1773,1,pre1_or_1_deferred
marvel,marvel,word,驚異，驚き,驚異，驚き,exam,3,pre1,pre1,名詞,pre1:1216,1,pre1_or_1_deferred
marvelous,marvelous,word,素晴らしい,素晴らしい,exam,3,pre1,pre1,形容詞,pre1:456,1,pre1_or_1_deferred
massacre,massacre,word,皆殺し，大虐殺,皆殺し，大虐殺,exam,3,pre1,pre1,名詞,pre1:2808,1,pre1_or_1_deferred
maternal,maternal,word,母の,母の,exam,3,pre1,pre1,形容詞,pre1:2843,1,pre1_or_1_deferred
maternity,maternity,word,妊娠,妊娠,exam,3,pre1,pre1,名詞,pre1:3018,1,pre1_or_1_deferred
matrix,matrix,word,母体，原盤,母体，原盤,exam,3,pre1,pre1,名詞,pre1:2527,1,pre1_or_1_deferred
maze,maze,word,迷路,迷路,exam,3,pre1,pre1,名詞,pre1:2321,1,pre1_or_1_deferred
meadow,meadow,word,牧草地，草原,牧草地，草原,exam,3,pre1,pre1,名詞,pre1:105,1,pre1_or_1_deferred
meager,meager,word,貧弱な,貧弱な,exam,3,pre1,pre1;1,形容詞,pre1:2754;1:2162,2,pre1_or_1_deferred
meantime,meantime,word,合間に，その間に,合間に，その間に,exam,3,pre1,pre1,名詞/副詞,pre1:52,1,pre1_or_1_deferred
measurement,measurement,word,測定，計測,測定，計測,exam,3,pre1,pre1;1,名詞,pre1:296;1:378,2,pre1_or_1_deferred
median,median,word,中央値,中央値 / 中央の，中心的な,exam,3,pre1,pre1;1,名詞,pre1:2791;1:1087,2,pre1_or_1_deferred
mediator,mediator,word,調停者，仲裁者,調停者，仲裁者,exam,3,pre1,pre1,名詞,pre1:1920,1,pre1_or_1_deferred
medication,medication,word,投薬，薬剤,投薬，薬剤,exam,3,pre1,pre1,名詞,pre1:2225,1,pre1_or_1_deferred
mediocre,mediocre,word,平凡な，月並みの,平凡な，月並みの / 平凡な，普通の,exam,3,pre1,pre1;1,形容詞,pre1:2890;1:871,2,pre1_or_1_deferred
meditate,meditate,word,瞑想する，熟考する,瞑想する，熟考する,exam,3,pre1,pre1,動詞,pre1:1680,1,pre1_or_1_deferred
meek,meek,word,おとなしい，温和な,おとなしい，温和な / おとなしい,exam,3,pre1,pre1;1,形容詞,pre1:2782;1:3940,2,pre1_or_1_deferred
melancholy,melancholy,word,憂うつ，哀愁,憂うつ，哀愁 / 憂鬱,exam,3,pre1,pre1;1,名詞,pre1:1617;1:3765,2,pre1_or_1_deferred
mellow,mellow,word,豊潤な，熟した,豊潤な，熟した,exam,3,pre1,pre1,形容詞,pre1:1061,1,pre1_or_1_deferred
memento,memento,word,記念品,記念品,exam,3,pre1,pre1;1,名詞,pre1:3278;1:3757,2,pre1_or_1_deferred
menace,menace,word,脅威,脅威,exam,3,pre1,pre1,名詞,pre1:1744,1,pre1_or_1_deferred
mend,mend,word,を直す，修繕する,を直す，修繕する / 繕う，修理する,exam,3,pre1,pre1;1,動詞,pre1:38;1:1600,2,pre1_or_1_deferred
mentor,mentor,word,指導者，リーダー,指導者，リーダー,exam,3,pre1,pre1;1,名詞,pre1:2951;1:428,2,pre1_or_1_deferred
merchandise,merchandise,word,商品,商品,exam,3,pre1,pre1,名詞,pre1:1544,1,pre1_or_1_deferred
merciful,merciful,word,慈悲深い,慈悲深い,exam,3,pre1,pre1,形容詞,pre1:1667,1,pre1_or_1_deferred
mercury,mercury,word,水星，水星の,水星，水星の,exam,3,pre1,pre1,名詞,pre1:1830,1,pre1_or_1_deferred
mercy,mercy,word,慈悲，あわれみ,慈悲，あわれみ,exam,3,pre1,pre1,名詞,pre1:307,1,pre1_or_1_deferred
merge,merge,word,合併する，合体する,合併する，合体する,exam,3,pre1,pre1,動詞,pre1:2350,1,pre1_or_1_deferred
merger,merger,word,合併,合併,exam,3,pre1,pre1,名詞,pre1:2757,1,pre1_or_1_deferred
merrily,merrily,word,陽気に，楽しそうに,陽気に，楽しそうに,exam,3,pre1,pre1,副詞,pre1:463,1,pre1_or_1_deferred
messy,messy,word,乱雑な,乱雑な,exam,3,pre1,pre1,形容詞,pre1:1775,1,pre1_or_1_deferred
metaphor,metaphor,word,比喩，隠喩,比喩，隠喩,exam,3,pre1,pre1,名詞,pre1:940,1,pre1_or_1_deferred
metro,metro,word,地下鉄,地下鉄,exam,3,pre1,pre1,名詞,pre1:2490,1,pre1_or_1_deferred
microscope,microscope,word,顕微鏡,顕微鏡 / 顕微鏡，測微鏡,exam,3,pre1,pre1;1,名詞,pre1:957;1:251,2,pre1_or_1_deferred
microwave,microwave,word,電子レンジ,電子レンジ,exam,3,pre1,pre1,名詞,pre1:671,1,pre1_or_1_deferred
midday,midday,word,真昼，正午,真昼，正午 / 正午，真昼,exam,3,pre1,pre1;1,名詞,pre1:850;1:1126,2,pre1_or_1_deferred
midst,midst,word,真ん中，中央,真ん中，中央,exam,3,pre1,pre1,名詞,pre1:1238,1,pre1_or_1_deferred
midweek,midweek,word,週半ば,週半ば,exam,3,pre1,pre1,名詞,pre1:2670,1,pre1_or_1_deferred
mighty,mighty,word,強力な，精力のある,強力な，精力のある,exam,3,pre1,pre1,形容詞,pre1:399,1,pre1_or_1_deferred
migration,migration,word,移住,移住,exam,3,pre1,pre1,名詞,pre1:2069,1,pre1_or_1_deferred
militant,militant,word,好戦的な，攻撃的な,好戦的な，攻撃的な,exam,3,pre1,pre1,形容詞,pre1:2438,1,pre1_or_1_deferred
mimic,mimic,word,を模倣する，真似る,を模倣する，真似る,exam,3,pre1,pre1,動詞,pre1:2752,1,pre1_or_1_deferred
mingle,mingle,word,を混ぜる，一緒にする,を混ぜる，一緒にする,exam,3,pre1,pre1,動詞,pre1:1409,1,pre1_or_1_deferred
minute,minute,word,分，議事録,分，議事録,exam,3,pre1,pre1,名詞,pre1:3068,1,pre1_or_1_deferred
miscellaneous,miscellaneous,word,雑多な,雑多な,exam,3,pre1,pre1;1,形容詞,pre1:3135;1:2892,2,pre1_or_1_deferred
mischief,mischief,word,いたずら,いたずら,exam,3,pre1,pre1;1,名詞,pre1:881;1:2558,2,pre1_or_1_deferred
miser,miser,word,守銭奴，欲張り,守銭奴，欲張り,exam,3,pre1,pre1,名詞,pre1:2399,1,pre1_or_1_deferred
miserable,miserable,word,悲惨な，みじめな,悲惨な，みじめな,exam,3,pre1,pre1,形容詞,pre1:373,1,pre1_or_1_deferred
miserly,miserly,word,しみったれた，欲深い,しみったれた，欲深い,exam,3,pre1,pre1,形容詞,pre1:220,1,pre1_or_1_deferred
misfortune,misfortune,word,不幸，災厄,不幸，災厄,exam,3,pre1,pre1;1,名詞,pre1:695;1:107,2,pre1_or_1_deferred
mislead,mislead,word,迷わせる,迷わせる,exam,3,pre1,pre1,動詞,pre1:1266,1,pre1_or_1_deferred
missionary,missionary,word,宣教師，使節,宣教師，使節,exam,3,pre1,pre1,名詞,pre1:1977,1,pre1_or_1_deferred
moan,moan,word,うめき声,うめき声,exam,3,pre1,pre1,名詞,pre1:728,1,pre1_or_1_deferred
mobilize,mobilize,word,動員する,動員する,exam,3,pre1,pre1,動詞,pre1:2586,1,pre1_or_1_deferred
mock,mock,word,をあざ笑う，ばかにする,をあざ笑う，ばかにする,exam,3,pre1,pre1,動詞,pre1:1004,1,pre1_or_1_deferred
mockingly,mockingly,word,あざけるように，からかって,あざけるように，からかって,exam,3,pre1,pre1,副詞,pre1:247,1,pre1_or_1_deferred
moderate,moderate,word,適度な，適切な，ほどよい,適度な，適切な，ほどよい,exam,3,pre1,pre1;1,形容詞,pre1:670;1:340,2,pre1_or_1_deferred
moderately,moderately,word,適度に，適切に,適度に，適切に,exam,3,pre1,pre1;1,副詞,pre1:1356;1:164,2,pre1_or_1_deferred
mold,mold,word,鋳型，型造り/型どる,鋳型，型造り/型どる / 鋳型，型作り/型どる,exam,3,pre1,pre1;1,動詞,pre1:1307;1:329,2,pre1_or_1_deferred
momentum,momentum,word,運動量，運動エネルギー,運動量，運動エネルギー,exam,3,pre1,pre1;1,名詞,pre1:2361;1:443,2,pre1_or_1_deferred
monarch,monarch,word,君主，王,君主，王,exam,3,pre1,pre1;1,名詞,pre1:829;1:487,2,pre1_or_1_deferred
monarchy,monarchy,word,君主制,君主制,exam,3,pre1,pre1,名詞,pre1:1615,1,pre1_or_1_deferred
monastery,monastery,word,修道院,修道院,exam,3,pre1,pre1,名詞,pre1:235,1,pre1_or_1_deferred
monopolize,monopolize,word,を独占する,を独占する,exam,3,pre1,pre1,動詞,pre1:2452,1,pre1_or_1_deferred
monopoly,monopoly,word,独占，専売,独占，専売,exam,3,pre1,pre1,名詞,pre1:1104,1,pre1_or_1_deferred
monotony,monotony,word,単調，一本調子,単調，一本調子,exam,3,pre1,pre1,名詞,pre1:2618,1,pre1_or_1_deferred
monument,monument,word,記念碑,記念碑,exam,3,pre1,pre1,名詞,pre1:430,1,pre1_or_1_deferred
moor,moor,word,つなぐ,つなぐ,exam,3,pre1,pre1,動詞,pre1:2508,1,pre1_or_1_deferred
morale,morale,word,士気，風紀,士気，風紀,exam,3,pre1,pre1,名詞,pre1:2560,1,pre1_or_1_deferred
mortal,mortal,word,死を伴う,死を伴う,exam,3,pre1,pre1,形容詞,pre1:1029,1,pre1_or_1_deferred
mortality,mortality,word,死亡者数，死亡率,死亡者数，死亡率,exam,3,pre1,pre1;1,名詞,pre1:1711;1:216,2,pre1_or_1_deferred
mother-in-law,mother-in-law,word,義理の母，義母,義理の母，義母,exam,3,pre1,pre1;1,名詞,pre1:2002;1:120,2,pre1_or_1_deferred
mourn,mourn,word,を悲しむ，嘆く,を悲しむ，嘆く,exam,3,pre1,pre1,動詞,pre1:545,1,pre1_or_1_deferred
moustache,moustache,word,口ひげ,口ひげ,exam,3,pre1,pre1,名詞,pre1:258,1,pre1_or_1_deferred
mow,mow,word,を刈る,を刈る,exam,3,pre1,pre1,動詞,pre1:2106,1,pre1_or_1_deferred
muddy,muddy,word,泥の，泥まみれの,泥の，泥まみれの,exam,3,pre1,pre1,形容詞,pre1:1285,1,pre1_or_1_deferred
multiply,multiply,word,掛け算する，乗算する,掛け算する，乗算する,exam,3,pre1,pre1;1,動詞,pre1:394;1:243,2,pre1_or_1_deferred
multitude,multitude,word,大勢，多く,大勢，多く,exam,3,pre1,pre1;1,名詞,pre1:1020;1:117,2,pre1_or_1_deferred
mumble,mumble,word,つぶやく,つぶやく,exam,3,pre1,pre1,動詞,pre1:3149,1,pre1_or_1_deferred
mundane,mundane,word,平凡な，普通の,平凡な，普通の,exam,3,pre1,pre1;1,形容詞,pre1:3088;1:305,2,pre1_or_1_deferred
municipal,municipal,word,市政の，地方自治の,市政の，地方自治の,exam,3,pre1,pre1,形容詞,pre1:1795,1,pre1_or_1_deferred
mural,mural,word,壁画，天井画,壁画，天井画 / 壁の,exam,3,pre1,pre1;1,名詞,pre1:3311;1:1979,2,pre1_or_1_deferred
murderer,murderer,word,殺人者,殺人者,exam,3,pre1,pre1,名詞,pre1:1315,1,pre1_or_1_deferred
murmur,murmur,word,つぶやく,つぶやく / ささやき,exam,3,pre1,pre1;1,動詞,pre1:872;1:2684,2,pre1_or_1_deferred
muscular,muscular,word,筋肉質の,筋肉質の,exam,3,pre1,pre1,形容詞,pre1:2715,1,pre1_or_1_deferred
mutter,mutter,word,つぶやく,つぶやく,exam,3,pre1,pre1,動詞,pre1:1198,1,pre1_or_1_deferred
myriad,myriad,word,無数の,無数の,exam,3,pre1,pre1,名詞,pre1:2838,1,pre1_or_1_deferred
mythology,mythology,word,神話,神話,exam,3,pre1,pre1,名詞,pre1:2870,1,pre1_or_1_deferred
namely,namely,word,すなわち，つまり,すなわち，つまり,exam,3,pre1,pre1,副詞,pre1:398,1,pre1_or_1_deferred
narrative,narrative,word,物語，話,物語，話,exam,3,pre1,pre1;1,名詞,pre1:1345;1:3,2,pre1_or_1_deferred
nasty,nasty,word,不快な，不愉快な,不快な，不愉快な,exam,3,pre1,pre1;1,形容詞,pre1:58;1:367,2,pre1_or_1_deferred
nationwide,nationwide,word,全国の,全国の,exam,3,pre1,pre1,形容詞,pre1:1983,1,pre1_or_1_deferred
naughty,naughty,word,わんぱくな，いたずらな,わんぱくな，いたずらな,exam,3,pre1,pre1,形容詞,pre1:1053,1,pre1_or_1_deferred
nausea,nausea,word,吐き気，嘔吐感,吐き気，嘔吐感 / 吐き気，むかつき,exam,3,pre1,pre1;1,名詞,pre1:1361;1:1008,2,pre1_or_1_deferred
nauseous,nauseous,word,吐き気がする,吐き気がする,exam,3,pre1,pre1,形容詞,pre1:3303,1,pre1_or_1_deferred
naval,naval,word,海軍の，海軍のもの,海軍の，海軍のもの,exam,3,pre1,pre1;1,形容詞,pre1:955;1:281,2,pre1_or_1_deferred
negligent,negligent,word,怠慢な,怠慢な,exam,3,pre1,pre1;1,形容詞,pre1:2222;1:3865,2,pre1_or_1_deferred
negligible,negligible,word,取るに足らない,取るに足らない,exam,3,pre1,pre1,形容詞,pre1:2290,1,pre1_or_1_deferred
neutral,neutral,word,中立の，公平な,中立の，公平な,exam,3,pre1,pre1;1,形容詞,pre1:844;1:435,2,pre1_or_1_deferred
neutralize,neutralize,word,中和する,中和する / 中和する，中立化する,exam,3,pre1,pre1;1,動詞,pre1:2702;1:783,2,pre1_or_1_deferred
nick,nick,word,刻み目,刻み目,exam,3,pre1,pre1,名詞,pre1:2909,1,pre1_or_1_deferred
nip,nip,word,をつねる，はさむ,をつねる，はさむ,exam,3,pre1,pre1,動詞,pre1:2457,1,pre1_or_1_deferred
nobility,nobility,word,尊さ，高貴さ,尊さ，高貴さ,exam,3,pre1,pre1;1,名詞,pre1:966;1:81,2,pre1_or_1_deferred
noble,noble,word,気高い，高貴な,気高い，高貴な,exam,3,pre1,pre1,形容詞,pre1:67,1,pre1_or_1_deferred
nobleman,nobleman,word,貴族,貴族,exam,3,pre1,pre1,名詞,pre1:1188,1,pre1_or_1_deferred
nominal,nominal,word,名目上の、形式上の,名目上の、形式上の / 名目上の，形式上の,exam,3,pre1,pre1;1,形容詞,pre1:3060;1:1433,2,pre1_or_1_deferred
nomination,nomination,word,指名，任命,指名，任命,exam,3,pre1,pre1,名詞,pre1:1311,1,pre1_or_1_deferred
nominee,nominee,word,候補者,候補者,exam,3,pre1,pre1,名詞,pre1:2958,1,pre1_or_1_deferred
norm,norm,word,規範，基準,規範，基準,exam,3,pre1,pre1;1,名詞,pre1:2357;1:280,2,pre1_or_1_deferred
nostalgic,nostalgic,word,懐かしい,懐かしい,exam,3,pre1,pre1;1,形容詞,pre1:3124;1:2291,2,pre1_or_1_deferred
nosy,nosy,word,詮索好きな,詮索好きな,exam,3,pre1,pre1,形容詞,pre1:3313,1,pre1_or_1_deferred
notable,notable,word,注目すべき，重要な,注目すべき，重要な,exam,3,pre1,pre1;1,形容詞,pre1:1521;1:449,2,pre1_or_1_deferred
notation,notation,word,表記，注釈,表記，注釈 / 表記，書き表示すこと,exam,3,pre1,pre1;1,名詞,pre1:2755;1:1707,2,pre1_or_1_deferred
noteworthy,noteworthy,word,注目に値する，著しい,注目に値する，著しい / 注目に値する，見逃せない,exam,3,pre1,pre1;1,形容詞,pre1:2481;1:1524,2,pre1_or_1_deferred
noticeable,noticeable,word,目立つ，際立つ,目立つ，際立つ,exam,3,pre1,pre1;1,形容詞,pre1:561;1:364,2,pre1_or_1_deferred
notify,notify,word,知らせる，通報する,知らせる，通報する,exam,3,pre1,pre1,動詞,pre1:2105,1,pre1_or_1_deferred
notional,notional,word,概念的な，抽象的な,概念的な，抽象的な,exam,3,pre1,pre1,形容詞,pre1:2437,1,pre1_or_1_deferred
notorious,notorious,word,悪名高い，有名な,悪名高い，有名な,exam,3,pre1,pre1;1,形容詞,pre1:2879;1:486,2,pre1_or_1_deferred
noun,noun,word,名詞,名詞 / 名詞，単語,exam,3,pre1,pre1;1,名詞,pre1:855;1:1142,2,pre1_or_1_deferred
nourish,nourish,word,養う、育てる、支える,養う、育てる、支える / 養う，育てる，支える,exam,3,pre1,pre1;1,動詞,pre1:3359;1:1436,2,pre1_or_1_deferred
nourishment,nourishment,word,栄養，滋養,栄養，滋養,exam,3,pre1,pre1;1,名詞,pre1:2341;1:19,2,pre1_or_1_deferred
novelty,novelty,word,斬新さ，珍しさ,斬新さ，珍しさ,exam,3,pre1,pre1,名詞,pre1:1954,1,pre1_or_1_deferred
novice,novice,word,初心者，新米,初心者，新米,exam,3,pre1,pre1,名詞,pre1:1993,1,pre1_or_1_deferred
nuisance,nuisance,word,迷惑なもの,迷惑なもの,exam,3,pre1,pre1,名詞,pre1:1371,1,pre1_or_1_deferred
numb,numb,word,麻痺した、しびれた,麻痺した、しびれた / 麻痺した，しびれた，無感覚な,exam,3,pre1,pre1;1,形容詞,pre1:2183;1:1555,2,pre1_or_1_deferred
nun,nun,word,修道女,修道女,exam,3,pre1,pre1,名詞,pre1:994,1,pre1_or_1_deferred
nurture,nurture,word,を養う，養育する,を養う，養育する,exam,3,pre1,pre1,動詞,pre1:2325,1,pre1_or_1_deferred
nutrient,nutrient,word,栄養素，栄養分,栄養素，栄養分,exam,3,pre1,pre1;1,名詞,pre1:2379;1:445,2,pre1_or_1_deferred
oath,oath,word,誓い，誓約,誓い，誓約,exam,3,pre1,pre1,名詞,pre1:1734,1,pre1_or_1_deferred
obedience,obedience,word,従順，服従,従順，服従,exam,3,pre1,pre1,名詞,pre1:554,1,pre1_or_1_deferred
obedient,obedient,word,従順な，素直な,従順な，素直な,exam,3,pre1,pre1,形容詞,pre1:359,1,pre1_or_1_deferred
oblige,oblige,word,義務づける，強制する,義務づける，強制する,exam,3,pre1,pre1,動詞,pre1:772,1,pre1_or_1_deferred
oblivion,oblivion,word,忘却,忘却,exam,3,pre1,pre1,名詞,pre1:2627,1,pre1_or_1_deferred
oblivious,oblivious,word,忘れっぽい，物忘れの激しい,忘れっぽい，物忘れの激しい,exam,3,pre1,pre1;1,形容詞,pre1:3082;1:632,2,pre1_or_1_deferred
observatory,observatory,word,観測所,観測所,exam,3,pre1,pre1,名詞,pre1:2536,1,pre1_or_1_deferred
obsess,obsess,word,執着する，とりつく,執着する，とりつく,exam,3,pre1,pre1,動詞,pre1:2218,1,pre1_or_1_deferred
obsolete,obsolete,word,時代遅れの,時代遅れの / 時代遅れの，古臭い,exam,3,pre1,pre1;1,形容詞,pre1:2556;1:778,2,pre1_or_1_deferred
obstruct,obstruct,word,をふさぐ，遮断する,をふさぐ，遮断する / 邪魔する，妨害する,exam,3,pre1,pre1;1,動詞,pre1:2553;1:802,2,pre1_or_1_deferred
occasional,occasional,word,時折の,時折の,exam,3,pre1,pre1,形容詞,pre1:379,1,pre1_or_1_deferred
occidental,occidental,word,西洋の,西洋の,exam,3,pre1,pre1,形容詞,pre1:2529,1,pre1_or_1_deferred
occupant,occupant,word,占有者，居住者,占有者，居住者,exam,3,pre1,pre1,名詞,pre1:2432,1,pre1_or_1_deferred
occurrence,occurrence,word,発生,発生,exam,3,pre1,pre1,名詞,pre1:1837,1,pre1_or_1_deferred
odor,odor,word,臭い，悪臭,臭い，悪臭,exam,3,pre1,pre1,名詞,pre1:1038,1,pre1_or_1_deferred
offspring,offspring,word,子孫,子孫,exam,3,pre1,pre1,名詞,pre1:1047,1,pre1_or_1_deferred
ominous,ominous,word,不吉な，不運な,不吉な，不運な,exam,3,pre1,pre1;1,形容詞,pre1:3126;1:809,2,pre1_or_1_deferred
omission,omission,word,省略,省略,exam,3,pre1,pre1,名詞,pre1:1581,1,pre1_or_1_deferred
omit,omit,word,を省略する，省く,を省略する，省く,exam,3,pre1,pre1,動詞,pre1:551,1,pre1_or_1_deferred
ongoing,ongoing,word,進行中の,進行中の,exam,3,pre1,pre1,形容詞,pre1:2254,1,pre1_or_1_deferred
onward,onward,word,前進の，前進的な,前進の，前進的な,exam,3,pre1,pre1,形容詞,pre1:700,1,pre1_or_1_deferred
opposed,opposed,word,反対した,反対した,exam,3,pre1,pre1,形容詞,pre1:2981,1,pre1_or_1_deferred
oppress,oppress,word,を抑圧する，虐げる,を抑圧する，虐げる,exam,3,pre1,pre1,動詞,pre1:1471,1,pre1_or_1_deferred
oppressive,oppressive,word,抑圧的な，横暴な,抑圧的な，横暴な,exam,3,pre1,pre1,形容詞,pre1:2129,1,pre1_or_1_deferred
opt,opt,word,を選ぶ，選定する,を選ぶ，選定する,exam,3,pre1,pre1,動詞,pre1:2362,1,pre1_or_1_deferred
optimism,optimism,word,楽観主義,楽観主義,exam,3,pre1,pre1,名詞,pre1:1863,1,pre1_or_1_deferred
oral,oral,word,口頭の，口述の,口頭の，口述の,exam,3,pre1,pre1,形容詞,pre1:471,1,pre1_or_1_deferred
orchard,orchard,word,果樹園,果樹園,exam,3,pre1,pre1,名詞,pre1:974,1,pre1_or_1_deferred
ordeal,ordeal,word,試練，試金石,試練，試金石,exam,3,pre1,pre1,名詞,pre1:2413,1,pre1_or_1_deferred
ore,ore,word,鉱石,鉱石,exam,3,pre1,pre1,名詞,pre1:2401,1,pre1_or_1_deferred
organism,organism,word,生命体，生物,生命体，生物,exam,3,pre1,pre1;1,名詞,pre1:530;1:60,2,pre1_or_1_deferred
orient,orient,word,東洋,東洋,exam,3,pre1,pre1,名詞,pre1:1046,1,pre1_or_1_deferred
oriental,oriental,word,東洋の,東洋の,exam,3,pre1,pre1,形容詞,pre1:667,1,pre1_or_1_deferred
ornament,ornament,word,装飾品，飾り,装飾品，飾り,exam,3,pre1,pre1,名詞,pre1:914,1,pre1_or_1_deferred
ornamental,ornamental,word,装飾用の,装飾用の,exam,3,pre1,pre1,形容詞,pre1:1040,1,pre1_or_1_deferred
orphan,orphan,word,孤児,孤児,exam,3,pre1,pre1,名詞,pre1:1348,1,pre1_or_1_deferred
orthodox,orthodox,word,正統派の,正統派の,exam,3,pre1,pre1,形容詞,pre1:1305,1,pre1_or_1_deferred
outbreak,outbreak,word,突発，ぼっ発,突発，ぼっ発,exam,3,pre1,pre1,名詞,pre1:1224,1,pre1_or_1_deferred
outburst,outburst,word,爆発，爆破,爆発，爆破,exam,3,pre1,pre1;1,名詞,pre1:3125;1:1116,2,pre1_or_1_deferred
outcast,outcast,word,追放された，追い出された,追放された，追い出された,exam,3,pre1,pre1;1,名詞,pre1:3379;1:627,2,pre1_or_1_deferred
outdated,outdated,word,時代遅れの,時代遅れの,exam,3,pre1,pre1,形容詞,pre1:3076,1,pre1_or_1_deferred
outer,outer,word,外に，外部の,外に，外部の,exam,3,pre1,pre1,形容詞,pre1:405,1,pre1_or_1_deferred
outfit,outfit,word,衣装,衣装,exam,3,pre1,pre1,名詞,pre1:1668,1,pre1_or_1_deferred
outgoing,outgoing,word,社交的な，外交的な,社交的な，外交的な,exam,3,pre1,pre1,形容詞,pre1:1718,1,pre1_or_1_deferred
outlet,outlet,word,出口,出口,exam,3,pre1,pre1,名詞,pre1:750,1,pre1_or_1_deferred
outlook,outlook,word,見通し,見通し,exam,3,pre1,pre1,名詞,pre1:3251,1,pre1_or_1_deferred
outnumber,outnumber,word,数で勝る,数で勝る,exam,3,pre1,pre1,動詞,pre1:2416,1,pre1_or_1_deferred
outrage,outrage,word,乱暴，暴行,乱暴，暴行,exam,3,pre1,pre1,名詞,pre1:1726,1,pre1_or_1_deferred
outrageous,outrageous,word,無法な，法律を無視した,無法な，法律を無視した,exam,3,pre1,pre1;1,形容詞,pre1:2578;1:366,2,pre1_or_1_deferred
outskirt,outskirt,word,郊外,郊外 / 郊外，外れ,exam,3,pre1,pre1;1,名詞,pre1:1058;1:944,2,pre1_or_1_deferred
outsmart,outsmart,word,裏をかく，出し抜ける,裏をかく，出し抜ける,exam,3,pre1,pre1,動詞,pre1:2701,1,pre1_or_1_deferred
oval,oval,word,楕円形の，卵形の,楕円形の，卵形の,exam,3,pre1,pre1,形容詞,pre1:1304,1,pre1_or_1_deferred
overcast,overcast,word,曇った，陰気な,曇った，陰気な / 曇った,exam,3,pre1,pre1;1,形容詞,pre1:2601;1:3954,2,pre1_or_1_deferred
overdue,overdue,word,延滞した，期限の過ぎた,延滞した，期限の過ぎた / 延滞した,exam,3,pre1,pre1;1,形容詞,pre1:2686;1:2189,2,pre1_or_1_deferred
overhaul,overhaul,word,分解検査する，分析検査する,分解検査する，分析検査する,exam,3,pre1,pre1;1,動詞,pre1:3142;1:732,2,pre1_or_1_deferred
overhead,overhead,word,間接の,間接の,exam,3,pre1,pre1,形容詞,pre1:614,1,pre1_or_1_deferred
oversee,oversee,word,を監督する,を監督する,exam,3,pre1,pre1,動詞,pre1:2817,1,pre1_or_1_deferred
oversight,oversight,word,見落とし，過失,見落とし，過失,exam,3,pre1,pre1,名詞,pre1:2699,1,pre1_or_1_deferred
overstate,overstate,word,を誇張する,を誇張する / 誇張する，過大評価する,exam,3,pre1,pre1;1,動詞,pre1:2965;1:1439,2,pre1_or_1_deferred
overt,overt,word,明白な，公然の,明白な，公然の / 明白な，明確な,exam,3,pre1,pre1;1,形容詞,pre1:2412;1:1283,2,pre1_or_1_deferred
overthrow,overthrow,word,を打倒する，転覆する,を打倒する，転覆する,exam,3,pre1,pre1,動詞,pre1:1193,1,pre1_or_1_deferred
owing,owing,word,借りている，未払いの,借りている，未払いの,exam,3,pre1,pre1,形容詞,pre1:1381,1,pre1_or_1_deferred
ownership,ownership,word,所有権,所有権,exam,3,pre1,pre1,名詞,pre1:980,1,pre1_or_1_deferred
pact,pact,word,協定，条約,協定，条約,exam,3,pre1,pre1,名詞,pre1:2418,1,pre1_or_1_deferred
pageant,pageant,word,壮観,壮観,exam,3,pre1,pre1,名詞,pre1:2962,1,pre1_or_1_deferred
painstaking,painstaking,word,骨を折る，苦心する,骨を折る，苦心する / 骨の折れる,exam,3,pre1,pre1;1,形容詞,pre1:2675;1:3808,2,pre1_or_1_deferred
palatial,palatial,word,宮殿のような，豪華な,宮殿のような，豪華な,exam,3,pre1,pre1,形容詞,pre1:2990,1,pre1_or_1_deferred
pane,pane,word,鏡板,鏡板,exam,3,pre1,pre1,名詞,pre1:2714,1,pre1_or_1_deferred
pang,pang,word,激痛,激痛,exam,3,pre1,pre1;1,名詞,pre1:2506;1:2382,2,pre1_or_1_deferred
par,par,word,同等，等価,同等，等価,exam,3,pre1,pre1;1,名詞,pre1:2302;1:466,2,pre1_or_1_deferred
parable,parable,word,比喩，たとえ話,比喩，たとえ話,exam,3,pre1,pre1,名詞,pre1:2161,1,pre1_or_1_deferred
paradox,paradox,word,逆説,逆説,exam,3,pre1,pre1,名詞,pre1:1320,1,pre1_or_1_deferred
paragraph,paragraph,word,段落，区切り,段落，区切り,exam,3,pre1,pre1,名詞,pre1:453,1,pre1_or_1_deferred
paralyze,paralyze,word,麻痺させる,麻痺させる,exam,3,pre1,pre1,動詞,pre1:1832,1,pre1_or_1_deferred
paraphrase,paraphrase,word,言い換え,言い換え / 言い換え，再表現,exam,3,pre1,pre1;1,名詞,pre1:2296;1:1757,2,pre1_or_1_deferred
parasite,parasite,word,寄生虫，寄生生物,寄生虫，寄生生物,exam,3,pre1,pre1;1,名詞,pre1:2690;1:231,2,pre1_or_1_deferred
parcel,parcel,word,小包，包み,小包，包み,exam,3,pre1,pre1,名詞,pre1:191,1,pre1_or_1_deferred
parental,parental,word,親の,親の,exam,3,pre1,pre1,形容詞,pre1:2176,1,pre1_or_1_deferred
parish,parish,word,教区,教区,exam,3,pre1,pre1,名詞,pre1:2353,1,pre1_or_1_deferred
parliamentary,parliamentary,word,議会の,議会の,exam,3,pre1,pre1,形容詞,pre1:1352,1,pre1_or_1_deferred
partake,partake,word,参加する,参加する,exam,3,pre1,pre1,動詞,pre1:1763,1,pre1_or_1_deferred
partial,partial,word,部分的な，一部の,部分的な，一部の,exam,3,pre1,pre1,形容詞,pre1:386,1,pre1_or_1_deferred
participation,participation,word,参加，加入,参加，加入,exam,3,pre1,pre1,名詞,pre1:1234,1,pre1_or_1_deferred
participle,participle,word,分詞,分詞,exam,3,pre1,pre1,名詞,pre1:2646,1,pre1_or_1_deferred
partition,partition,word,仕切り，分割,仕切り，分割,exam,3,pre1,pre1,名詞,pre1:2733,1,pre1_or_1_deferred
passionate,passionate,word,情熱的な，熱情的な,情熱的な，熱情的な,exam,3,pre1,pre1;1,形容詞,pre1:738;1:400,2,pre1_or_1_deferred
pastor,pastor,word,牧師,牧師,exam,3,pre1,pre1,名詞,pre1:1451,1,pre1_or_1_deferred
pastry,pastry,word,パン菓子,パン菓子,exam,3,pre1,pre1,名詞,pre1:943,1,pre1_or_1_deferred
pasture,pasture,word,牧草，牧草地,牧草，牧草地,exam,3,pre1,pre1,名詞,pre1:723,1,pre1_or_1_deferred
pat,pat,word,軽くたたく，軽く打つ,軽くたたく，軽く打つ,exam,3,pre1,pre1;1,動詞,pre1:35;1:371,2,pre1_or_1_deferred
patent,patent,word,特許,特許,exam,3,pre1,pre1,名詞,pre1:1142,1,pre1_or_1_deferred
pathetic,pathetic,word,哀れな,哀れな,exam,3,pre1,pre1,形容詞,pre1:1526,1,pre1_or_1_deferred
patiently,patiently,word,辛抱強く，根気よく,辛抱強く，根気よく,exam,3,pre1,pre1,副詞,pre1:488,1,pre1_or_1_deferred
patriot,patriot,word,愛国者，愛国主義者,愛国者，愛国主義者,exam,3,pre1,pre1,名詞,pre1:1440,1,pre1_or_1_deferred
patron,patron,word,常連客，保護者,常連客，保護者,exam,3,pre1,pre1,名詞,pre1:657,1,pre1_or_1_deferred
pave,pave,word,を舗装する,を舗装する,exam,3,pre1,pre1,動詞,pre1:1536,1,pre1_or_1_deferred
pavement,pavement,word,舗装路,舗装路,exam,3,pre1,pre1,名詞,pre1:349,1,pre1_or_1_deferred
paw,paw,word,動物の足,動物の足,exam,3,pre1,pre1,名詞,pre1:1062,1,pre1_or_1_deferred
peasant,peasant,word,農民，農夫,農民，農夫,exam,3,pre1,pre1,名詞,pre1:209,1,pre1_or_1_deferred
peat,peat,word,泥炭,泥炭,exam,3,pre1,pre1,名詞,pre1:2696,1,pre1_or_1_deferred
pebble,pebble,word,小石，石ころ,小石，石ころ,exam,3,pre1,pre1,名詞,pre1:1909,1,pre1_or_1_deferred
peck,peck,word,をついばむ，つつく,をついばむ，つつく,exam,3,pre1,pre1,動詞,pre1:1158,1,pre1_or_1_deferred
pedestal,pedestal,word,台座，基礎,台座，基礎 / 台座,exam,3,pre1,pre1;1,名詞,pre1:2589;1:2680,2,pre1_or_1_deferred
peek,peek,word,のぞき見る，ちらっとのぞく,のぞき見る，ちらっとのぞく / ちらっと覗く，一瞥する,exam,3,pre1,pre1;1,動詞,pre1:2823;1:777,2,pre1_or_1_deferred
peep,peep,word,のぞき見る,のぞき見る,exam,3,pre1,pre1,動詞,pre1:1219,1,pre1_or_1_deferred
peninsula,peninsula,word,半島,半島,exam,3,pre1,pre1,名詞,pre1:1892,1,pre1_or_1_deferred
penniless,penniless,word,無一文の,無一文の,exam,3,pre1,pre1,形容詞,pre1:1317,1,pre1_or_1_deferred
per,per,word,につき，ごとに,につき，ごとに,exam,3,pre1,pre1,前置詞,pre1:99,1,pre1_or_1_deferred
perch,perch,word,止まり木,止まり木,exam,3,pre1,pre1,名詞,pre1:3058,1,pre1_or_1_deferred
perfume,perfume,word,香水，芳香,香水，芳香,exam,3,pre1,pre1,名詞,pre1:878,1,pre1_or_1_deferred
peril,peril,word,危険，危機,危険，危機,exam,3,pre1,pre1,名詞,pre1:1401,1,pre1_or_1_deferred
perilous,perilous,word,危険な,危険な,exam,3,pre1,pre1,形容詞,pre1:3176,1,pre1_or_1_deferred
periodic,periodic,word,定期的な，周期的な,定期的な，周期的な,exam,3,pre1,pre1,形容詞,pre1:2658,1,pre1_or_1_deferred
perish,perish,word,滅びる，死ぬ,滅びる，死ぬ,exam,3,pre1,pre1;1,動詞,pre1:773;1:75,2,pre1_or_1_deferred
permeate,permeate,word,浸透する、染み込む、広がる,浸透する、染み込む、広がる / 浸透する，染み込む，広がる,exam,3,pre1,pre1;1,動詞,pre1:3180;1:1678,2,pre1_or_1_deferred
perpetual,perpetual,word,永久の,永久の,exam,3,pre1,pre1,形容詞,pre1:1490,1,pre1_or_1_deferred
perpetuate,perpetuate,word,を永続させる,を永続させる,exam,3,pre1,pre1,動詞,pre1:2758,1,pre1_or_1_deferred
perplex,perplex,word,を困らせる，混乱させる,を困らせる，混乱させる,exam,3,pre1,pre1,動詞,pre1:1532,1,pre1_or_1_deferred
persevere,persevere,word,を辛抱する，我慢する,を辛抱する，我慢する,exam,3,pre1,pre1,動詞,pre1:2630,1,pre1_or_1_deferred
persist,persist,word,固執する,固執する,exam,3,pre1,pre1,動詞,pre1:1358,1,pre1_or_1_deferred
persistent,persistent,word,根気強い，粘り強い,根気強い，粘り強い,exam,3,pre1,pre1,形容詞,pre1:946,1,pre1_or_1_deferred
pervade,pervade,word,浸透する,浸透する / 染み込む,exam,3,pre1,pre1;1,動詞,pre1:2460;1:3358,2,pre1_or_1_deferred
perverse,perverse,word,ひねくれた，強情な,ひねくれた，強情な / ひねくれた,exam,3,pre1,pre1;1,形容詞,pre1:2857;1:2018,2,pre1_or_1_deferred
pessimism,pessimism,word,悲観的，悲観主義,悲観的，悲観主義,exam,3,pre1,pre1,名詞,pre1:214,1,pre1_or_1_deferred
pessimistic,pessimistic,word,悲観的な,悲観的な,exam,3,pre1,pre1;1,形容詞,pre1:893;1:2085,2,pre1_or_1_deferred
pester,pester,word,を悩ませる，困らせる,を悩ませる，困らせる,exam,3,pre1,pre1,動詞,pre1:2503,1,pre1_or_1_deferred
petition,petition,word,嘆願，請願,嘆願，請願,exam,3,pre1,pre1;1,名詞,pre1:1633;1:86,2,pre1_or_1_deferred
petroleum,petroleum,word,石油,石油,exam,3,pre1,pre1,名詞,pre1:2617,1,pre1_or_1_deferred
petty,petty,word,取るに足らない，ささいな,取るに足らない，ささいな,exam,3,pre1,pre1,形容詞,pre1:2821,1,pre1_or_1_deferred
pharmacist,pharmacist,word,薬剤師,薬剤師,exam,3,pre1,pre1,名詞,pre1:1545,1,pre1_or_1_deferred
pharmacy,pharmacy,word,薬局,薬局,exam,3,pre1,pre1,名詞,pre1:2235,1,pre1_or_1_deferred
philosophical,philosophical,word,哲学的な，思索的な,哲学的な，思索的な,exam,3,pre1,pre1;1,形容詞,pre1:1963;1:99,2,pre1_or_1_deferred
phobia,phobia,word,恐怖症,恐怖症,exam,3,pre1,pre1,名詞,pre1:3281,1,pre1_or_1_deferred
phonetic,phonetic,word,音声の,音声の,exam,3,pre1,pre1,形容詞,pre1:2711,1,pre1_or_1_deferred
physically,physically,word,肉体的に，身体的に,肉体的に，身体的に,exam,3,pre1,pre1,副詞,pre1:599,1,pre1_or_1_deferred
physicist,physicist,word,物理学者,物理学者,exam,3,pre1,pre1,名詞,pre1:1222,1,pre1_or_1_deferred
pickpocket,pickpocket,word,すり,すり,exam,3,pre1,pre1,名詞,pre1:2085,1,pre1_or_1_deferred
picturesque,picturesque,word,絵のような，絵の様に美しい,絵のような，絵の様に美しい,exam,3,pre1,pre1,形容詞,pre1:1800,1,pre1_or_1_deferred
pier,pier,word,桟橋,桟橋,exam,3,pre1,pre1,名詞,pre1:2334,1,pre1_or_1_deferred
piety,piety,word,信仰心,信仰心,exam,3,pre1,pre1;1,名詞,pre1:2564;1:3832,2,pre1_or_1_deferred
pilgrim,pilgrim,word,巡礼者,巡礼者,exam,3,pre1,pre1,名詞,pre1:2103,1,pre1_or_1_deferred
pill,pill,word,丸薬，錠剤,丸薬，錠剤,exam,3,pre1,pre1;1,名詞,pre1:267;1:290,2,pre1_or_1_deferred
pinch,pinch,word,をつねる，つまむ,をつねる，つまむ,exam,3,pre1,pre1,動詞,pre1:506,1,pre1_or_1_deferred
pinnacle,pinnacle,word,頂点,頂点,exam,3,pre1,pre1;1,名詞,pre1:2840;1:3985,2,pre1_or_1_deferred
pious,pious,word,信心深い,信心深い,exam,3,pre1,pre1,形容詞,pre1:1935,1,pre1_or_1_deferred
pitiful,pitiful,word,哀れな，かわいそうな,哀れな，かわいそうな,exam,3,pre1,pre1,形容詞,pre1:1637,1,pre1_or_1_deferred
pity,pity,word,同情，あわれみ,同情，あわれみ / 同情,exam,3,pre1,pre1;1,名詞,pre1:3;1:2707,2,pre1_or_1_deferred
pivot,pivot,word,回転軸，中心,回転軸，中心,exam,3,pre1,pre1,名詞,pre1:3204,1,pre1_or_1_deferred
placid,placid,word,穏やかな，温和な,穏やかな，温和な,exam,3,pre1,pre1;1,形容詞,pre1:2629;1:394,2,pre1_or_1_deferred
plague,plague,word,伝染病,伝染病,exam,3,pre1,pre1,名詞,pre1:1165,1,pre1_or_1_deferred
plainly,plainly,word,明白に，はっきりと,明白に，はっきりと,exam,3,pre1,pre1,副詞,pre1:886,1,pre1_or_1_deferred
plaintiff,plaintiff,word,原告,原告,exam,3,pre1,pre1,名詞,pre1:2127,1,pre1_or_1_deferred
planetary,planetary,word,惑星の,惑星の,exam,3,pre1,pre1,形容詞,pre1:1789,1,pre1_or_1_deferred
plaque,plaque,word,額，歯垢,額，歯垢,exam,3,pre1,pre1,名詞,pre1:2487,1,pre1_or_1_deferred
plaster,plaster,word,石膏，ギプス,石膏，ギプス,exam,3,pre1,pre1;1,名詞,pre1:1825;1:1246,2,pre1_or_1_deferred
plateau,plateau,word,高原，台地,高原，台地,exam,3,pre1,pre1,名詞,pre1:2818,1,pre1_or_1_deferred
plea,plea,word,嘆願，懇願,嘆願，懇願,exam,3,pre1,pre1,名詞,pre1:2034,1,pre1_or_1_deferred
plead,plead,word,懇願する，お願いする,懇願する，お願いする,exam,3,pre1,pre1;1,動詞,pre1:659;1:194,2,pre1_or_1_deferred
pledge,pledge,word,誓約，固い約束,誓約，固い約束,exam,3,pre1,pre1,名詞,pre1:926,1,pre1_or_1_deferred
plentiful,plentiful,word,たっぷりの，たくさんの,たっぷりの，たくさんの,exam,3,pre1,pre1,形容詞,pre1:972,1,pre1_or_1_deferred
plow,plow,word,耕作用すき，すきに似たもの,耕作用すき，すきに似たもの,exam,3,pre1,pre1,名詞,pre1:516,1,pre1_or_1_deferred
pluck,pluck,word,を引き抜く，摘む,を引き抜く，摘む,exam,3,pre1,pre1,動詞,pre1:1660,1,pre1_or_1_deferred
plumber,plumber,word,配管工,配管工,exam,3,pre1,pre1,名詞,pre1:1857,1,pre1_or_1_deferred
plume,plume,word,羽根飾り,羽根飾り / 飾り羽根，装飾用の羽,exam,3,pre1,pre1;1,名詞,pre1:2683;1:990,2,pre1_or_1_deferred
plummet,plummet,word,おもり,おもり,exam,3,pre1,pre1,名詞,pre1:2877,1,pre1_or_1_deferred
plunge,plunge,word,突入する，侵入する,突入する，侵入する,exam,3,pre1,pre1;1,動詞,pre1:877;1:502,2,pre1_or_1_deferred
plural,plural,word,複数の,複数の,exam,3,pre1,pre1,形容詞,pre1:917,1,pre1_or_1_deferred
ply,ply,word,精を出す，努力する,精を出す，努力する,exam,3,pre1,pre1;1,動詞,pre1:2429;1:260,2,pre1_or_1_deferred
poach,poach,word,密漁する,密漁する,exam,3,pre1,pre1,動詞,pre1:2295,1,pre1_or_1_deferred
poke,poke,word,を突つく,を突つく,exam,3,pre1,pre1,動詞,pre1:2369,1,pre1_or_1_deferred
polar,polar,word,極地の,極地の,exam,3,pre1,pre1,形容詞,pre1:1846,1,pre1_or_1_deferred
polarize,polarize,word,分極化する,分極化する,exam,3,pre1,pre1,動詞,pre1:3227,1,pre1_or_1_deferred
politically,politically,word,政治的に,政治的に,exam,3,pre1,pre1,副詞,pre1:2989,1,pre1_or_1_deferred
pollutant,pollutant,word,汚染物質,汚染物質,exam,3,pre1,pre1,名詞,pre1:2653,1,pre1_or_1_deferred
pollute,pollute,word,汚染する,汚染する / 汚染する，汚す,exam,3,pre1,pre1;1,動詞,pre1:1952;1:592,2,pre1_or_1_deferred
ponder,ponder,word,を熟考する，じっくり考える,を熟考する，じっくり考える,exam,3,pre1,pre1,動詞,pre1:2811,1,pre1_or_1_deferred
populous,populous,word,人口の多い,人口の多い,exam,3,pre1,pre1,形容詞,pre1:2537,1,pre1_or_1_deferred
porridge,porridge,word,おかゆ,おかゆ,exam,3,pre1,pre1,名詞,pre1:2692,1,pre1_or_1_deferred
porter,porter,word,運搬人,運搬人,exam,3,pre1,pre1,名詞,pre1:363,1,pre1_or_1_deferred
portfolio,portfolio,word,人物像,人物像,exam,3,pre1,pre1,名詞,pre1:2117,1,pre1_or_1_deferred
portray,portray,word,描く，表現する,描く，表現する,exam,3,pre1,pre1;1,動詞,pre1:902;1:152,2,pre1_or_1_deferred
posterity,posterity,word,子孫,子孫,exam,3,pre1,pre1,名詞,pre1:2684,1,pre1_or_1_deferred
potent,potent,word,効能のある，効果的な,効能のある，効果的な,exam,3,pre1,pre1;1,形容詞,pre1:2594;1:291,2,pre1_or_1_deferred
pottery,pottery,word,陶器,陶器,exam,3,pre1,pre1,名詞,pre1:1636,1,pre1_or_1_deferred
pouch,pouch,word,小袋,小袋,exam,3,pre1,pre1,名詞,pre1:1872,1,pre1_or_1_deferred
poultry,poultry,word,家禽,家禽,exam,3,pre1,pre1,名詞,pre1:2541,1,pre1_or_1_deferred
practitioner,practitioner,word,開業医，専門家,開業医，専門家,exam,3,pre1,pre1,名詞,pre1:2192,1,pre1_or_1_deferred
prank,prank,word,いたずら，悪ふざけ,いたずら，悪ふざけ,exam,3,pre1,pre1;1,名詞,pre1:2725;1:961,2,pre1_or_1_deferred
preach,preach,word,説教する，説く,説教する，説く,exam,3,pre1,pre1,動詞,pre1:300,1,pre1_or_1_deferred
precarious,precarious,word,不安定な，不確かな,不安定な，不確かな / 不安定な,exam,3,pre1,pre1;1,形容詞,pre1:2501;1:1975,2,pre1_or_1_deferred
precaution,precaution,word,用心，予防策,用心，予防策,exam,3,pre1,pre1,名詞,pre1:1334,1,pre1_or_1_deferred
precedent,precedent,word,先例，前提,先例，前提,exam,3,pre1,pre1,名詞,pre1:2479,1,pre1_or_1_deferred
precision,precision,word,正確さ，精度,正確さ，精度,exam,3,pre1,pre1;1,名詞,pre1:1797;1:347,2,pre1_or_1_deferred
predecessor,predecessor,word,前任者，先任者,前任者，先任者,exam,3,pre1,pre1;1,名詞,pre1:1733;1:387,2,pre1_or_1_deferred
predicate,predicate,word,述語,述語,exam,3,pre1,pre1,名詞,pre1:2495,1,pre1_or_1_deferred
prediction,prediction,word,予測，予想,予測，予想,exam,3,pre1,pre1;1,名詞,pre1:979;1:287,2,pre1_or_1_deferred
predominant,predominant,word,優勢な，有力な,優勢な，有力な,exam,3,pre1,pre1,形容詞,pre1:2768,1,pre1_or_1_deferred
preface,preface,word,まえがき，序文,まえがき，序文,exam,3,pre1,pre1,名詞,pre1:1554,1,pre1_or_1_deferred
pregnancy,pregnancy,word,妊娠,妊娠,exam,3,pre1,pre1,名詞,pre1:1054,1,pre1_or_1_deferred
preliminary,preliminary,word,予備的な，予備の,予備的な，予備の,exam,3,pre1,pre1,形容詞,pre1:984,1,pre1_or_1_deferred
premature,premature,word,時期尚早の，早まった,時期尚早の，早まった,exam,3,pre1,pre1;1,形容詞,pre1:2867;1:229,2,pre1_or_1_deferred
premise,premise,word,前提，根拠,前提，根拠,exam,3,pre1,pre1,名詞,pre1:1290,1,pre1_or_1_deferred
preoccupation,preoccupation,word,没頭，夢中,没頭，夢中 / 没頭，集中すること，夢中,exam,3,pre1,pre1;1,名詞,pre1:2566;1:1705,2,pre1_or_1_deferred
preparatory,preparatory,word,準備の,準備の,exam,3,pre1,pre1,形容詞,pre1:2663,1,pre1_or_1_deferred
prescribe,prescribe,word,処方する，指示する,処方する，指示する,exam,3,pre1,pre1,動詞,pre1:1910,1,pre1_or_1_deferred
preservation,preservation,word,保存，保護,保存，保護,exam,3,pre1,pre1,名詞,pre1:1179,1,pre1_or_1_deferred
preside,preside,word,主宰する，司会する,主宰する，司会する,exam,3,pre1,pre1,動詞,pre1:1778,1,pre1_or_1_deferred
presidency,presidency,word,大統領職，首相職,大統領職，首相職,exam,3,pre1,pre1;1,名詞,pre1:2233;1:430,2,pre1_or_1_deferred
prestige,prestige,word,名声，評判,名声，評判,exam,3,pre1,pre1;1,名詞,pre1:1484;1:269,2,pre1_or_1_deferred
prestigious,prestigious,word,著名な，名声のある,著名な，名声のある,exam,3,pre1,pre1,形容詞,pre1:97,1,pre1_or_1_deferred
presumably,presumably,word,たぶん，おそらく,たぶん，おそらく,exam,3,pre1,pre1,副詞,pre1:1921,1,pre1_or_1_deferred
presume,presume,word,を推定する，仮定する,を推定する，仮定する,exam,3,pre1,pre1,動詞,pre1:1693,1,pre1_or_1_deferred
pretense,pretense,word,見せかけ,見せかけ,exam,3,pre1,pre1,名詞,pre1:1171,1,pre1_or_1_deferred
pretext,pretext,word,口実，弁解,口実，弁解,exam,3,pre1,pre1,名詞,pre1:2773,1,pre1_or_1_deferred
prevail,prevail,word,打ち勝つ,打ち勝つ,exam,3,pre1,pre1,動詞,pre1:655,1,pre1_or_1_deferred
prevention,prevention,word,防止，予防,防止，予防,exam,3,pre1,pre1,名詞,pre1:838,1,pre1_or_1_deferred
prick,prick,word,をちくりと刺す,をちくりと刺す,exam,3,pre1,pre1,動詞,pre1:1330,1,pre1_or_1_deferred
prickly,prickly,word,とげのある,とげのある,exam,3,pre1,pre1,形容詞,pre1:2080,1,pre1_or_1_deferred
probability,probability,word,確率,確率,exam,3,pre1,pre1,名詞,pre1:978,1,pre1_or_1_deferred
probe,probe,word,探り針,探り針,exam,3,pre1,pre1,名詞,pre1:958,1,pre1_or_1_deferred
procession,procession,word,行列,行列,exam,3,pre1,pre1,名詞,pre1:535,1,pre1_or_1_deferred
proclaim,proclaim,word,を宣言する，公表する,を宣言する，公表する,exam,3,pre1,pre1,動詞,pre1:745,1,pre1_or_1_deferred
productive,productive,word,生産的な,生産的な,exam,3,pre1,pre1,形容詞,pre1:631,1,pre1_or_1_deferred
productivity,productivity,word,生産性，生産力,生産性，生産力,exam,3,pre1,pre1,名詞,pre1:527,1,pre1_or_1_deferred
profess,profess,word,を公言する，明言する,を公言する，明言する,exam,3,pre1,pre1,動詞,pre1:1517,1,pre1_or_1_deferred
proficient,proficient,word,熟練した，堪能な,熟練した，堪能な,exam,3,pre1,pre1,形容詞,pre1:1149,1,pre1_or_1_deferred
profitable,profitable,word,利益のある，収益性の高い,利益のある，収益性の高い,exam,3,pre1,pre1;1,形容詞,pre1:331;1:208,2,pre1_or_1_deferred
progression,progression,word,前進，進歩,前進，進歩,exam,3,pre1,pre1,名詞,pre1:177,1,pre1_or_1_deferred
progressive,progressive,word,進歩的な，革新的な,進歩的な，革新的な,exam,3,pre1,pre1;1,形容詞,pre1:543;1:247,2,pre1_or_1_deferred
projection,projection,word,投影,投影,exam,3,pre1,pre1,名詞,pre1:1670,1,pre1_or_1_deferred
prologue,prologue,word,序章,序章,exam,3,pre1,pre1,名詞,pre1:2210,1,pre1_or_1_deferred
prominence,prominence,word,卓越、傑出,卓越、傑出,exam,3,pre1,pre1,名詞,pre1:1251,1,pre1_or_1_deferred
prominent,prominent,word,目立つ，突き出た,目立つ，突き出た,exam,3,pre1,pre1,形容詞,pre1:639,1,pre1_or_1_deferred
promptly,promptly,word,早速，即座に,早速，即座に,exam,3,pre1,pre1,副詞,pre1:704,1,pre1_or_1_deferred
prone,prone,word,しがちで，傾向がある,しがちで，傾向がある,exam,3,pre1,pre1,形容詞,pre1:2739,1,pre1_or_1_deferred
pronoun,pronoun,word,代名詞,代名詞,exam,3,pre1,pre1,名詞,pre1:1691,1,pre1_or_1_deferred
pronounce,pronounce,word,を発音する,を発音する,exam,3,pre1,pre1,動詞,pre1:402,1,pre1_or_1_deferred
prop,prop,word,支柱，支え,支柱，支え,exam,3,pre1,pre1,名詞,pre1:1819,1,pre1_or_1_deferred
propel,propel,word,を推し進める，前進させる,を推し進める，前進させる,exam,3,pre1,pre1,動詞,pre1:2198,1,pre1_or_1_deferred
prophecy,prophecy,word,予言,予言,exam,3,pre1,pre1,名詞,pre1:2299,1,pre1_or_1_deferred
prophet,prophet,word,預言者,預言者,exam,3,pre1,pre1,名詞,pre1:1631,1,pre1_or_1_deferred
proportional,proportional,word,均整の取れた，比例の,均整の取れた，比例の,exam,3,pre1,pre1,形容詞,pre1:1980,1,pre1_or_1_deferred
propriety,propriety,word,礼儀，可否,礼儀，可否,exam,3,pre1,pre1,名詞,pre1:3113,1,pre1_or_1_deferred
prosecute,prosecute,word,を起訴する，告訴する,を起訴する，告訴する,exam,3,pre1,pre1,動詞,pre1:2156,1,pre1_or_1_deferred
prospective,prospective,word,予測される，期待される,予測される，期待される,exam,3,pre1,pre1;1,形容詞,pre1:1853;1:42,2,pre1_or_1_deferred
prosper,prosper,word,繁栄する，発展する,繁栄する，発展する,exam,3,pre1,pre1;1,動詞,pre1:559;1:327,2,pre1_or_1_deferred
prosperity,prosperity,word,繁栄，成功,繁栄，成功,exam,3,pre1,pre1,名詞,pre1:370,1,pre1_or_1_deferred
prostitute,prostitute,word,売春婦,売春婦,exam,3,pre1,pre1,名詞,pre1:2245,1,pre1_or_1_deferred
protective,protective,word,保護的な，保護する,保護的な，保護する,exam,3,pre1,pre1;1,形容詞,pre1:699;1:91,2,pre1_or_1_deferred
proven,proven,word,証明された,証明された,exam,3,pre1,pre1,形容詞,pre1:781,1,pre1_or_1_deferred
providence,providence,word,摂理,摂理,exam,3,pre1,pre1,名詞,pre1:2579,1,pre1_or_1_deferred
provider,provider,word,生産者，製造者,生産者，製造者,exam,3,pre1,pre1;1,名詞,pre1:880;1:268,2,pre1_or_1_deferred
provincial,provincial,word,地方の,地方の,exam,3,pre1,pre1,形容詞,pre1:918,1,pre1_or_1_deferred
prudent,prudent,word,用心深い，慎重な,用心深い，慎重な,exam,3,pre1,pre1;1,形容詞,pre1:820;1:628,2,pre1_or_1_deferred
psychic,psychic,word,超能力のある,超能力のある,exam,3,pre1,pre1,形容詞,pre1:2671,1,pre1_or_1_deferred
puff,puff,word,軽く吹くこと，一吹き,軽く吹くこと，一吹き,exam,3,pre1,pre1,名詞,pre1:1094,1,pre1_or_1_deferred
pullover,pullover,word,路肩に寄せる,路肩に寄せる,exam,3,pre1,pre1,動詞,pre1:864,1,pre1_or_1_deferred
pulse,pulse,word,脈動，脈拍,脈動，脈拍,exam,3,pre1,pre1,名詞,pre1:1447,1,pre1_or_1_deferred
punctuality,punctuality,word,時間厳守,時間厳守,exam,3,pre1,pre1,名詞,pre1:1541,1,pre1_or_1_deferred
puppet,puppet,word,操り人形，指人形,操り人形，指人形,exam,3,pre1,pre1,名詞,pre1:1113,1,pre1_or_1_deferred
puppy,puppy,word,子犬，幼犬,子犬，幼犬,exam,3,pre1,pre1;1,名詞,pre1:381;1:35,2,pre1_or_1_deferred
purge,purge,word,粛清する，浄化する,粛清する，浄化する,exam,3,pre1,pre1;1,動詞,pre1:2420;1:432,2,pre1_or_1_deferred
purify,purify,word,を清める，浄化する,を清める，浄化する,exam,3,pre1,pre1,動詞,pre1:2783,1,pre1_or_1_deferred
purity,purity,word,純粋,純粋,exam,3,pre1,pre1,名詞,pre1:1413,1,pre1_or_1_deferred
purse,purse,word,財布，ハンドバッグ,財布，ハンドバッグ,exam,3,pre1,pre1,名詞,pre1:180,1,pre1_or_1_deferred
quaint,quaint,word,趣のある,趣のある / 風変わりな，古風な,exam,3,pre1,pre1;1,形容詞,pre1:1659;1:4179,2,pre1_or_1_deferred
qualification,qualification,word,資格，能力,資格，能力,exam,3,pre1,pre1,名詞,pre1:1353,1,pre1_or_1_deferred
queer,queer,word,風変わりな，変な,風変わりな，変な,exam,3,pre1,pre1,形容詞,pre1:1470,1,pre1_or_1_deferred
query,query,word,疑問，質問,疑問，質問,exam,3,pre1,pre1,名詞,pre1:2131,1,pre1_or_1_deferred
quest,quest,word,探求，探究,探求，探究,exam,3,pre1,pre1;1,名詞,pre1:1192;1:303,2,pre1_or_1_deferred
questionnaire,questionnaire,word,質問表,質問表,exam,3,pre1,pre1,名詞,pre1:2020,1,pre1_or_1_deferred
quiver,quiver,word,小刻みに揺れる，震える,小刻みに揺れる，震える,exam,3,pre1,pre1,動詞,pre1:2322,1,pre1_or_1_deferred
quota,quota,word,割り当て，分け前,割り当て，分け前,exam,3,pre1,pre1,名詞,pre1:2012,1,pre1_or_1_deferred
quote,quote,word,見積り/見積る,見積り/見積る,exam,3,pre1,pre1,名詞,pre1:2185,1,pre1_or_1_deferred
racism,racism,word,人種差別,人種差別,exam,3,pre1,pre1,名詞,pre1:2388,1,pre1_or_1_deferred
rack,rack,word,置き棚,置き棚,exam,3,pre1,pre1,名詞,pre1:1078,1,pre1_or_1_deferred
radiant,radiant,word,輝く，光を放つ,輝く，光を放つ / 輝く，ぎらぎら輝く,exam,3,pre1,pre1;1,形容詞,pre1:2814;1:2004,2,pre1_or_1_deferred
radiation,radiation,word,放射線，放射,放射線，放射,exam,3,pre1,pre1,名詞,pre1:2019,1,pre1_or_1_deferred
radioactive,radioactive,word,放射性の,放射性の,exam,3,pre1,pre1,形容詞,pre1:2780,1,pre1_or_1_deferred
radius,radius,word,半径,半径,exam,3,pre1,pre1,名詞,pre1:2597,1,pre1_or_1_deferred
raft,raft,word,いかだ,いかだ,exam,3,pre1,pre1,名詞,pre1:2208,1,pre1_or_1_deferred
rag,rag,word,ぼろきれ，布切れ,ぼろきれ，布切れ,exam,3,pre1,pre1,名詞,pre1:680,1,pre1_or_1_deferred
rage,rage,word,激怒，憤慨,激怒，憤慨,exam,3,pre1,pre1,名詞,pre1:157,1,pre1_or_1_deferred
raid,raid,word,襲撃,襲撃,exam,3,pre1,pre1,名詞,pre1:1847,1,pre1_or_1_deferred
rainfall,rainfall,word,降雨量,降雨量 / 降雨量，雨量,exam,3,pre1,pre1;1,名詞,pre1:1297;1:320,2,pre1_or_1_deferred
rake,rake,word,くま手,くま手,exam,3,pre1,pre1,名詞,pre1:1928,1,pre1_or_1_deferred
rally,rally,word,を結集する，呼び集める,を結集する，呼び集める,exam,3,pre1,pre1,動詞,pre1:1150,1,pre1_or_1_deferred
ramp,ramp,word,傾斜路,傾斜路,exam,3,pre1,pre1,名詞,pre1:2400,1,pre1_or_1_deferred
rampage,rampage,word,大暴れ，乱闘,大暴れ，乱闘 / 大暴れ，乱闘，乱戦,exam,3,pre1,pre1;1,名詞,pre1:2970;1:427,2,pre1_or_1_deferred
ranch,ranch,word,牧場,牧場,exam,3,pre1,pre1,名詞,pre1:1705,1,pre1_or_1_deferred
ransom,ransom,word,身代金，解放金,身代金，解放金,exam,3,pre1,pre1;1,名詞,pre1:3219;1:1210,2,pre1_or_1_deferred
rapture,rapture,word,有頂天，大喜び,有頂天，大喜び,exam,3,pre1,pre1,名詞,pre1:2238,1,pre1_or_1_deferred
rarity,rarity,word,希少さ，珍しさ,希少さ，珍しさ,exam,3,pre1,pre1,名詞,pre1:2347,1,pre1_or_1_deferred
rascal,rascal,word,ならず者，ごろつき,ならず者，ごろつき,exam,3,pre1,pre1,名詞,pre1:2563,1,pre1_or_1_deferred
ratio,ratio,word,比率,比率,exam,3,pre1,pre1,名詞,pre1:3201,1,pre1_or_1_deferred
rattle,rattle,word,ガタガタ鳴る,ガタガタ鳴る,exam,3,pre1,pre1,動詞,pre1:444,1,pre1_or_1_deferred
ravage,ravage,word,破壊,破壊,exam,3,pre1,pre1;1,動詞,pre1:2871;1:3692,2,pre1_or_1_deferred
rave,rave,word,夢中で話す,夢中で話す,exam,3,pre1,pre1,動詞,pre1:2207,1,pre1_or_1_deferred
razor,razor,word,かみそり,かみそり,exam,3,pre1,pre1,名詞,pre1:389,1,pre1_or_1_deferred
realism,realism,word,現実主義,現実主義,exam,3,pre1,pre1,名詞,pre1:2021,1,pre1_or_1_deferred
realm,realm,word,領域,領域,exam,3,pre1,pre1,名詞,pre1:1300,1,pre1_or_1_deferred
reap,reap,word,を収穫する，刈る,を収穫する，刈る,exam,3,pre1,pre1,動詞,pre1:1402,1,pre1_or_1_deferred
reassure,reassure,word,安心させる,安心させる,exam,3,pre1,pre1,動詞,pre1:1319,1,pre1_or_1_deferred
rebellion,rebellion,word,反乱，暴動,反乱，暴動,exam,3,pre1,pre1;1,名詞,pre1:963;1:93,2,pre1_or_1_deferred
rebellious,rebellious,word,反抗的な，抵抗的な,反抗的な，抵抗的な,exam,3,pre1,pre1;1,形容詞,pre1:1551;1:365,2,pre1_or_1_deferred
rebuild,rebuild,word,を再建する，改築する,を再建する，改築する,exam,3,pre1,pre1,動詞,pre1:1248,1,pre1_or_1_deferred
rebuke,rebuke,word,を注意する，しかる,を注意する，しかる / 注意する,exam,3,pre1,pre1;1,動詞,pre1:2760;1:3172,2,pre1_or_1_deferred
recede,recede,word,退く,退く,exam,3,pre1,pre1,動詞,pre1:2288,1,pre1_or_1_deferred
reception,reception,word,応接，歓迎,応接，歓迎,exam,3,pre1,pre1;1,名詞,pre1:66;1:87,2,pre1_or_1_deferred
receptionist,receptionist,word,受付係,受付係,exam,3,pre1,pre1,名詞,pre1:1006,1,pre1_or_1_deferred
recess,recess,word,休憩，休み,休憩，休み,exam,3,pre1,pre1,名詞,pre1:784,1,pre1_or_1_deferred
recipient,recipient,word,受取人,受取人,exam,3,pre1,pre1,名詞,pre1:2046,1,pre1_or_1_deferred
reciprocal,reciprocal,word,相互の,相互の,exam,3,pre1,pre1;1,形容詞,pre1:2848;1:2997,2,pre1_or_1_deferred
recite,recite,word,を朗読する，を暗唱する,を朗読する，を暗唱する,exam,3,pre1,pre1,動詞,pre1:1507,1,pre1_or_1_deferred
reckless,reckless,word,無謀な，向こう見ずな,無謀な，向こう見ずな,exam,3,pre1,pre1,形容詞,pre1:1105,1,pre1_or_1_deferred
reckon,reckon,word,を数える，計算する,を数える，計算する,exam,3,pre1,pre1,動詞,pre1:1782,1,pre1_or_1_deferred
reconcile,reconcile,word,仲直りさせる,仲直りさせる,exam,3,pre1,pre1,動詞,pre1:1684,1,pre1_or_1_deferred
rectify,rectify,word,を修正する,を修正する / 修正する，正す,exam,3,pre1,pre1;1,動詞,pre1:2466;1:3538,2,pre1_or_1_deferred
recur,recur,word,再発する，繰り返される,再発する，繰り返される,exam,3,pre1,pre1,動詞,pre1:2915,1,pre1_or_1_deferred
recurrence,recurrence,word,再発，反復,再発，反復,exam,3,pre1,pre1,名詞,pre1:2717,1,pre1_or_1_deferred
reddish,reddish,word,赤らんだ,赤らんだ,exam,3,pre1,pre1,形容詞,pre1:2348,1,pre1_or_1_deferred
redeem,redeem,word,を引き換える，買い戻す,を引き換える，買い戻す,exam,3,pre1,pre1,動詞,pre1:2620,1,pre1_or_1_deferred
redundant,redundant,word,冗長な，豊富な，余計な,冗長な，豊富な，余計な,exam,3,pre1,pre1,形容詞,pre1:2119,1,pre1_or_1_deferred
refine,refine,word,を精製する,を精製する,exam,3,pre1,pre1,動詞,pre1:709,1,pre1_or_1_deferred
refinement,refinement,word,精製，精錬,精製，精錬,exam,3,pre1,pre1,名詞,pre1:1880,1,pre1_or_1_deferred
refrain,refrain,word,控える，慎む,控える，慎む,exam,3,pre1,pre1,動詞,pre1:1585,1,pre1_or_1_deferred
refusal,refusal,word,拒否，拒絶,拒否，拒絶,exam,3,pre1,pre1;1,名詞,pre1:580;1:6,2,pre1_or_1_deferred
regain,regain,word,を取り戻す，回復する,を取り戻す，回復する,exam,3,pre1,pre1,動詞,pre1:1120,1,pre1_or_1_deferred
regiment,regiment,word,連隊,連隊,exam,3,pre1,pre1,名詞,pre1:2844,1,pre1_or_1_deferred
registration,registration,word,登録,登録,exam,3,pre1,pre1,名詞,pre1:1032,1,pre1_or_1_deferred
regulate,regulate,word,を規制する，統制する,を規制する，統制する,exam,3,pre1,pre1,動詞,pre1:694,1,pre1_or_1_deferred
regulator,regulator,word,規定者,規定者,exam,3,pre1,pre1,名詞,pre1:2949,1,pre1_or_1_deferred
regulatory,regulatory,word,規制，制限,規制，制限,exam,3,pre1,pre1;1,形容詞,pre1:2932;1:515,2,pre1_or_1_deferred
reign,reign,word,統治，治世,統治，治世,exam,3,pre1,pre1;1,名詞,pre1:1422;1:454,2,pre1_or_1_deferred
rein,rein,word,手綱，馬具,手綱，馬具,exam,3,pre1,pre1;1,名詞,pre1:1840;1:511,2,pre1_or_1_deferred
reinforcement,reinforcement,word,強化，増強,強化，増強,exam,3,pre1,pre1,名詞,pre1:2120,1,pre1_or_1_deferred
rejoice,rejoice,word,をうれしがる，喜ぶ,をうれしがる，喜ぶ,exam,3,pre1,pre1,動詞,pre1:391,1,pre1_or_1_deferred
relegate,relegate,word,左遷する，異動させる,左遷する，異動させる,exam,3,pre1,pre1;1,動詞,pre1:3238;1:868,2,pre1_or_1_deferred
relevance,relevance,word,関連性,関連性,exam,3,pre1,pre1,名詞,pre1:2054,1,pre1_or_1_deferred
reliability,reliability,word,信頼性,信頼性,exam,3,pre1,pre1,名詞,pre1:2995,1,pre1_or_1_deferred
relic,relic,word,遺物，遺跡,遺物，遺跡,exam,3,pre1,pre1,名詞,pre1:2335,1,pre1_or_1_deferred
religious,religious,word,宗教上の，信仰の,宗教上の，信仰の,exam,3,pre1,pre1,形容詞,pre1:71,1,pre1_or_1_deferred
relish,relish,word,風味,風味 / 風味，持ち味,exam,3,pre1,pre1;1,名詞,pre1:2067;1:4012,2,pre1_or_1_deferred
reluctant,reluctant,word,しぶしぶの，気が進まない,しぶしぶの，気が進まない,exam,3,pre1,pre1,形容詞,pre1:843,1,pre1_or_1_deferred
remainder,remainder,word,残り，残りもの,残り，残りもの,exam,3,pre1,pre1,名詞,pre1:944,1,pre1_or_1_deferred
remarkably,remarkably,word,著しく，非常に,著しく，非常に,exam,3,pre1,pre1;1,副詞,pre1:904;1:293,2,pre1_or_1_deferred
remedy,remedy,word,治療,治療 / 治療法，治療手段,exam,3,pre1,pre1;1,名詞,pre1:648;1:922,2,pre1_or_1_deferred
remembrance,remembrance,word,記憶，思い出,記憶，思い出,exam,3,pre1,pre1,名詞,pre1:1044,1,pre1_or_1_deferred
reminder,reminder,word,催促，注意喚起,催促，注意喚起,exam,3,pre1,pre1;1,名詞,pre1:2376;1:100,2,pre1_or_1_deferred
reminiscence,reminiscence,word,回想,回想,exam,3,pre1,pre1,名詞,pre1:2643,1,pre1_or_1_deferred
remnant,remnant,word,残り物，残存物,残り物，残存物,exam,3,pre1,pre1,名詞,pre1:2372,1,pre1_or_1_deferred
remorse,remorse,word,自責，良心の呵責,自責，良心の呵責 / 後悔，過ちを後悔する,exam,3,pre1,pre1;1,名詞,pre1:2422;1:1247,2,pre1_or_1_deferred
removal,removal,word,除去，取り除く,除去，取り除く,exam,3,pre1,pre1,名詞,pre1:919,1,pre1_or_1_deferred
render,render,word,与える,与える,exam,3,pre1,pre1,動詞,pre1:1310,1,pre1_or_1_deferred
renounce,renounce,word,を放棄する，中止する,を放棄する，中止する / 放棄する，断念する，諦める,exam,3,pre1,pre1;1,動詞,pre1:2691;1:1810,2,pre1_or_1_deferred
renovate,renovate,word,改修する，改装する,改修する，改装する,exam,3,pre1,pre1;1,動詞,pre1:3131;1:143,2,pre1_or_1_deferred
renown,renown,word,名声,名声,exam,3,pre1,pre1,名詞,pre1:2891,1,pre1_or_1_deferred
repay,repay,word,返済する，報いる,返済する，報いる,exam,3,pre1,pre1;1,動詞,pre1:417;1:132,2,pre1_or_1_deferred
repeal,repeal,word,廃止する，中止する,廃止する，中止する,exam,3,pre1,pre1;1,動詞,pre1:3287;1:639,2,pre1_or_1_deferred
repel,repel,word,追い払う,追い払う,exam,3,pre1,pre1,動詞,pre1:1965,1,pre1_or_1_deferred
repent,repent,word,を悔い改める，後悔する,を悔い改める，後悔する,exam,3,pre1,pre1,動詞,pre1:1601,1,pre1_or_1_deferred
repentance,repentance,word,後悔，懺悔,後悔，懺悔 / 懺悔,exam,3,pre1,pre1;1,名詞,pre1:2775;1:3600,2,pre1_or_1_deferred
replaceable,replaceable,word,置き換えられる，代わりのある,置き換えられる，代わりのある,exam,3,pre1,pre1,形容詞,pre1:1,1,pre1_or_1_deferred
replenish,replenish,word,補充する、足りないものを追加する,補充する、足りないものを追加する / 補充する，足りないものを追加する,exam,3,pre1,pre1;1,動詞,pre1:3355;1:1721,2,pre1_or_1_deferred
repress,repress,word,を抑圧する，鎮圧する,を抑圧する，鎮圧する,exam,3,pre1,pre1,動詞,pre1:2504,1,pre1_or_1_deferred
reprimand,reprimand,word,厳しく叱る，注意する,厳しく叱る，注意する / 懲戒，罰すること，訓練,exam,3,pre1,pre1;1,動詞,pre1:3137;1:1687,2,pre1_or_1_deferred
reproach,reproach,word,叱責/をしかる,叱責/をしかる,exam,3,pre1,pre1,名詞,pre1:1913,1,pre1_or_1_deferred
reptile,reptile,word,爬虫類,爬虫類,exam,3,pre1,pre1,名詞,pre1:1879,1,pre1_or_1_deferred
repute,repute,word,評判,評判,exam,3,pre1,pre1,名詞,pre1:2471,1,pre1_or_1_deferred
resemblance,resemblance,word,類似,類似,exam,3,pre1,pre1,名詞,pre1:1163,1,pre1_or_1_deferred
resemble,resemble,word,に似ている,に似ている,exam,3,pre1,pre1,動詞,pre1:335,1,pre1_or_1_deferred
resent,resent,word,憤る，怒る,憤る，怒る,exam,3,pre1,pre1;1,動詞,pre1:1239;1:273,2,pre1_or_1_deferred
reservoir,reservoir,word,貯水池,貯水池,exam,3,pre1,pre1,名詞,pre1:2648,1,pre1_or_1_deferred
reside,reside,word,住む，居住する,住む，居住する,exam,3,pre1,pre1;1,動詞,pre1:1373;1:162,2,pre1_or_1_deferred
residence,residence,word,住宅，居住地,住宅，居住地,exam,3,pre1,pre1;1,名詞,pre1:272;1:90,2,pre1_or_1_deferred
residential,residential,word,居住の，住居の,居住の，住居の,exam,3,pre1,pre1,形容詞,pre1:1136,1,pre1_or_1_deferred
residue,residue,word,残留物，残余,残留物，残余,exam,3,pre1,pre1,名詞,pre1:2835,1,pre1_or_1_deferred
resilient,resilient,word,弾力性のある、柔軟な,弾力性のある、柔軟な / 弾力性のある，柔軟な,exam,3,pre1,pre1;1,形容詞,pre1:3195;1:1389,2,pre1_or_1_deferred
resistant,resistant,word,抵抗する，反抗する,抵抗する，反抗する,exam,3,pre1,pre1;1,形容詞,pre1:1443;1:354,2,pre1_or_1_deferred
resolute,resolute,word,断固たる,断固たる,exam,3,pre1,pre1,形容詞,pre1:2340,1,pre1_or_1_deferred
respectively,respectively,word,それぞれ，別々に,それぞれ，別々に,exam,3,pre1,pre1,副詞,pre1:1692,1,pre1_or_1_deferred
respondent,respondent,word,被告，応答,被告，応答,exam,3,pre1,pre1,名詞,pre1:2386,1,pre1_or_1_deferred
resume,resume,word,再開する，続ける,再開する，続ける,exam,3,pre1,pre1;1,動詞,pre1:711;1:17,2,pre1_or_1_deferred
retailer,retailer,word,小売業者,小売業者,exam,3,pre1,pre1,名詞,pre1:2102,1,pre1_or_1_deferred
retention,retention,word,保持，維持,保持，維持,exam,3,pre1,pre1,名詞,pre1:2730,1,pre1_or_1_deferred
retort,retort,word,言い返す,言い返す,exam,3,pre1,pre1,動詞,pre1:2252,1,pre1_or_1_deferred
retrace,retrace,word,引き返す,引き返す,exam,3,pre1,pre1,動詞,pre1:2903,1,pre1_or_1_deferred
retreat,retreat,word,へ退却する/後退,へ退却する/後退,exam,3,pre1,pre1,動詞,pre1:526,1,pre1_or_1_deferred
retrospect,retrospect,word,回顧，回想,回顧，回想,exam,3,pre1,pre1,名詞,pre1:2886,1,pre1_or_1_deferred
reunion,reunion,word,同窓会,同窓会,exam,3,pre1,pre1,名詞,pre1:2779,1,pre1_or_1_deferred
revelation,revelation,word,啓示,啓示,exam,3,pre1,pre1,名詞,pre1:1539,1,pre1_or_1_deferred
revitalize,revitalize,word,活性化させる,活性化させる / 活性化させる，刺激する,exam,3,pre1,pre1;1,動詞,pre1:2971;1:618,2,pre1_or_1_deferred
revive,revive,word,生き返る,生き返る,exam,3,pre1,pre1,動詞,pre1:906,1,pre1_or_1_deferred
revoke,revoke,word,取り消す，無効にする,取り消す，無効にする / 取り消す，撤回する,exam,3,pre1,pre1;1,動詞,pre1:1834;1:849,2,pre1_or_1_deferred
revolt,revolt,word,反乱/反抗する,反乱/反抗する,exam,3,pre1,pre1,動詞,pre1:1396,1,pre1_or_1_deferred
revolve,revolve,word,を回る，回転する,を回る，回転する,exam,3,pre1,pre1,動詞,pre1:1289,1,pre1_or_1_deferred
rhetoric,rhetoric,word,美辞麗句,美辞麗句,exam,3,pre1,pre1,名詞,pre1:1862,1,pre1_or_1_deferred
rib,rib,word,肋骨，あばら骨,肋骨，あばら骨,exam,3,pre1,pre1,名詞,pre1:681,1,pre1_or_1_deferred
riddle,riddle,word,なぞ,なぞ,exam,3,pre1,pre1,名詞,pre1:1243,1,pre1_or_1_deferred
ridge,ridge,word,尾根,尾根,exam,3,pre1,pre1,名詞,pre1:1200,1,pre1_or_1_deferred
ridicule,ridicule,word,あざ笑う，嘲笑する,あざ笑う，嘲笑する,exam,3,pre1,pre1;1,動詞,pre1:1903;1:102,2,pre1_or_1_deferred
rigid,rigid,word,堅い,堅い,exam,3,pre1,pre1,形容詞,pre1:1214,1,pre1_or_1_deferred
rigorous,rigorous,word,厳格な,厳格な / 厳しい，厳格な,exam,1,pre1,pre1;1,形容詞,pre1:2461;pre1:2513;1:3682,3,pre1_or_1_deferred
riot,riot,word,暴動，騒動,暴動，騒動,exam,3,pre1,pre1,名詞,pre1:1714,1,pre1_or_1_deferred
rip,rip,word,を裂く，破る,を裂く，破る,exam,3,pre1,pre1,動詞,pre1:935,1,pre1_or_1_deferred
ripe,ripe,word,熟した，熟れた,熟した，熟れた,exam,3,pre1,pre1,形容詞,pre1:441,1,pre1_or_1_deferred
ripple,ripple,word,波紋,波紋,exam,3,pre1,pre1,名詞,pre1:2286,1,pre1_or_1_deferred
rite,rite,word,儀式,儀式,exam,3,pre1,pre1,名詞,pre1:2095,1,pre1_or_1_deferred
roam,roam,word,歩き回る,歩き回る,exam,3,pre1,pre1,動詞,pre1:1337,1,pre1_or_1_deferred
roar,roar,word,とどろく，吠える,とどろく，吠える,exam,3,pre1,pre1,動詞,pre1:883,1,pre1_or_1_deferred
rob,rob,word,から奪う，強奪する,から奪う，強奪する,exam,3,pre1,pre1,動詞,pre1:74,1,pre1_or_1_deferred
robber,robber,word,強盗，強盗罪,強盗，強盗罪,exam,3,pre1,pre1,名詞,pre1:26,1,pre1_or_1_deferred
robbery,robbery,word,強盗，強盗罪,強盗，強盗罪,exam,3,pre1,pre1,名詞,pre1:759,1,pre1_or_1_deferred
robust,robust,word,たくましい，強靭な,たくましい，強靭な,exam,3,pre1,pre1,形容詞,pre1:2896,1,pre1_or_1_deferred
rogue,rogue,word,悪党,悪党,exam,3,pre1,pre1;1,名詞,pre1:2662;1:4054,2,pre1_or_1_deferred
rosy,rosy,word,バラ色の,バラ色の,exam,3,pre1,pre1,形容詞,pre1:560,1,pre1_or_1_deferred
rot,rot,word,腐敗する，腐る,腐敗する，腐る,exam,3,pre1,pre1,動詞,pre1:1833,1,pre1_or_1_deferred
rotate,rotate,word,回転する,回転する,exam,3,pre1,pre1,動詞,pre1:2331,1,pre1_or_1_deferred
rotten,rotten,word,腐った，腐敗した,腐った，腐敗した,exam,3,pre1,pre1,形容詞,pre1:1843,1,pre1_or_1_deferred
rouge,rouge,word,口紅,口紅,exam,3,pre1,pre1,名詞,pre1:2283,1,pre1_or_1_deferred
roundabout,roundabout,word,迂回の，遠回りの,迂回の，遠回りの,exam,3,pre1,pre1,形容詞,pre1:1762,1,pre1_or_1_deferred
routinely,routinely,word,日常的に，いつものように,日常的に，いつものように,exam,3,pre1,pre1;1,副詞,pre1:2985;1:110,2,pre1_or_1_deferred
rubbish,rubbish,word,ごみ，がらくた,ごみ，がらくた,exam,3,pre1,pre1,名詞,pre1:947,1,pre1_or_1_deferred
ruling,ruling,word,支配的な，主要な，優勢な,支配的な，主要な，優勢な,exam,3,pre1,pre1;1,形容詞,pre1:451;1:127,2,pre1_or_1_deferred
rumble,rumble,word,ゴロゴロ鳴る,ゴロゴロ鳴る,exam,3,pre1,pre1;1,動詞,pre1:2215;1:3283,2,pre1_or_1_deferred
rust,rust,word,錆び，酸化,錆び，酸化,exam,3,pre1,pre1;1,名詞,pre1:1180;1:288,2,pre1_or_1_deferred
rustic,rustic,word,素朴な，田舎の,素朴な，田舎の / 田舎の,exam,3,pre1,pre1;1,形容詞,pre1:2533;1:2193,2,pre1_or_1_deferred
rustle,rustle,word,ざわめく,ざわめく / さらさら音を立てる,exam,3,pre1,pre1;1,動詞,pre1:1738;1:3424,2,pre1_or_1_deferred
rusty,rusty,word,さびた,さびた,exam,3,pre1,pre1,形容詞,pre1:2230,1,pre1_or_1_deferred
ruthless,ruthless,word,冷酷な，無慈悲な,冷酷な，無慈悲な,exam,3,pre1,pre1,形容詞,pre1:2543,1,pre1_or_1_deferred
sacred,sacred,word,神聖な，神の,神聖な，神の,exam,3,pre1,pre1,形容詞,pre1:687,1,pre1_or_1_deferred
sage,sage,word,賢明な,賢明な,exam,3,pre1,pre1,形容詞,pre1:2822,1,pre1_or_1_deferred
saloon,saloon,word,大広間,大広間,exam,3,pre1,pre1,名詞,pre1:1605,1,pre1_or_1_deferred
salute,salute,word,に敬礼する,に敬礼する,exam,3,pre1,pre1,動詞,pre1:1419,1,pre1_or_1_deferred
salvation,salvation,word,救済，救い,救済，救い,exam,3,pre1,pre1,名詞,pre1:2522,1,pre1_or_1_deferred
sanction,sanction,word,認可，許可,認可，許可,exam,3,pre1,pre1,名詞,pre1:2367,1,pre1_or_1_deferred
sanctuary,sanctuary,word,聖域，聖なる場所,聖域，聖なる場所,exam,3,pre1,pre1,名詞,pre1:2723,1,pre1_or_1_deferred
sane,sane,word,正気の，気の確かな,正気の，気の確かな,exam,3,pre1,pre1,形容詞,pre1:1868,1,pre1_or_1_deferred
sanitary,sanitary,word,衛生的な，公衆の,衛生的な，公衆の,exam,3,pre1,pre1,形容詞,pre1:1433,1,pre1_or_1_deferred
sanity,sanity,word,正気,正気,exam,3,pre1,pre1,名詞,pre1:1982,1,pre1_or_1_deferred
sap,sap,word,樹液,樹液,exam,3,pre1,pre1;1,名詞,pre1:2767;1:2988,2,pre1_or_1_deferred
sarcasm,sarcasm,word,皮肉，嘲笑，冷笑,皮肉，嘲笑，冷笑,exam,3,pre1,pre1;1,名詞,pre1:3392;1:1900,2,pre1_or_1_deferred
sarcastic,sarcastic,word,皮肉な，嫌みの,皮肉な，嫌みの,exam,3,pre1,pre1,形容詞,pre1:2256,1,pre1_or_1_deferred
satire,satire,word,風刺，皮肉,風刺，皮肉,exam,3,pre1,pre1,名詞,pre1:1588,1,pre1_or_1_deferred
saucer,saucer,word,受け皿,受け皿,exam,3,pre1,pre1,名詞,pre1:404,1,pre1_or_1_deferred
scam,scam,word,詐欺,詐欺,exam,3,pre1,pre1,名詞,pre1:3317,1,pre1_or_1_deferred
scanty,scanty,word,乏しい，不十分な,乏しい，不十分な,exam,3,pre1,pre1,形容詞,pre1:1894,1,pre1_or_1_deferred
scarcely,scarcely,word,ほとんどない,ほとんどない,exam,3,pre1,pre1,副詞,pre1:281,1,pre1_or_1_deferred
scenery,scenery,word,風景,風景,exam,3,pre1,pre1,名詞,pre1:301,1,pre1_or_1_deferred
scent,scent,word,香り，におい,香り，におい,exam,3,pre1,pre1,名詞,pre1:321,1,pre1_or_1_deferred
scold,scold,word,を叱る，に小言を言う,を叱る，に小言を言う,exam,3,pre1,pre1,動詞,pre1:450,1,pre1_or_1_deferred
scorn,scorn,word,軽蔑，さげずみ,軽蔑，さげずみ,exam,3,pre1,pre1,名詞,pre1:1347,1,pre1_or_1_deferred
scornful,scornful,word,さげずんだ，軽蔑する,さげずんだ，軽蔑する,exam,3,pre1,pre1,形容詞,pre1:1841,1,pre1_or_1_deferred
scramble,scramble,word,をかき混ぜる，素早く進む,をかき混ぜる，素早く進む,exam,3,pre1,pre1,動詞,pre1:1014,1,pre1_or_1_deferred
scrape,scrape,word,を削り取る,を削り取る,exam,3,pre1,pre1,動詞,pre1:1050,1,pre1_or_1_deferred
screw,screw,word,ねじ,ねじ,exam,3,pre1,pre1,名詞,pre1:256,1,pre1_or_1_deferred
script,script,word,台本，脚本,台本，脚本,exam,3,pre1,pre1,名詞,pre1:1036,1,pre1_or_1_deferred
scrub,scrub,word,をこすり洗う,をこすり洗う,exam,3,pre1,pre1,動詞,pre1:2089,1,pre1_or_1_deferred
scrutiny,scrutiny,word,精査,精査,exam,3,pre1,pre1,名詞,pre1:2685,1,pre1_or_1_deferred
sculptor,sculptor,word,彫刻家,彫刻家,exam,3,pre1,pre1,名詞,pre1:2077,1,pre1_or_1_deferred
seal,seal,word,密閉する，封鎖する,密閉する，封鎖する,exam,3,pre1,pre1;1,動詞,pre1:295;1:279,2,pre1_or_1_deferred
seam,seam,word,縫い目，継ぎ目,縫い目，継ぎ目,exam,3,pre1,pre1,名詞,pre1:1523,1,pre1_or_1_deferred
seasoning,seasoning,word,調味料，薬味,調味料，薬味,exam,3,pre1,pre1,名詞,pre1:1453,1,pre1_or_1_deferred
seaweed,seaweed,word,海藻，海草,海藻，海草,exam,3,pre1,pre1,名詞,pre1:1410,1,pre1_or_1_deferred
seclusion,seclusion,word,隔離，分離,隔離，分離,exam,3,pre1,pre1,名詞,pre1:175,1,pre1_or_1_deferred
secular,secular,word,世俗の，現世の,世俗の，現世の,exam,3,pre1,pre1,形容詞,pre1:2364,1,pre1_or_1_deferred
seduce,seduce,word,を誘惑する，そそのかす,を誘惑する，そそのかす,exam,3,pre1,pre1,動詞,pre1:2806,1,pre1_or_1_deferred
seemingly,seemingly,word,一見すると，表面上,一見すると，表面上,exam,3,pre1,pre1;1,副詞,pre1:732;1:71,2,pre1_or_1_deferred
segment,segment,word,区切り，部分,区切り，部分,exam,3,pre1,pre1;1,名詞,pre1:2182;1:50,2,pre1_or_1_deferred
segregate,segregate,word,を分離する，隔離する,を分離する，隔離する,exam,3,pre1,pre1,動詞,pre1:2727,1,pre1_or_1_deferred
self-esteem,self-esteem,word,自尊心,自尊心,exam,3,pre1,pre1,名詞,pre1:2994,1,pre1_or_1_deferred
sensory,sensory,word,感覚の,感覚の,exam,3,pre1,pre1,形容詞,pre1:2542,1,pre1_or_1_deferred
sentiment,sentiment,word,感情，心情,感情，心情,exam,3,pre1,pre1,名詞,pre1:605,1,pre1_or_1_deferred
sequel,sequel,word,続編，続き,続編，続き,exam,3,pre1,pre1,名詞,pre1:2799,1,pre1_or_1_deferred
serene,serene,word,穏やかな,穏やかな,exam,3,pre1,pre1;1,形容詞,pre1:3388;1:3090,2,pre1_or_1_deferred
sergeant,sergeant,word,軍曹,軍曹,exam,3,pre1,pre1,名詞,pre1:1582,1,pre1_or_1_deferred
sermon,sermon,word,説教，説法,説教，説法,exam,3,pre1,pre1,名詞,pre1:1907,1,pre1_or_1_deferred
severely,severely,word,厳しく，ひどく,厳しく，ひどく,exam,3,pre1,pre1,副詞,pre1:607,1,pre1_or_1_deferred
sew,sew,word,縫う，繕う,縫う，繕う,exam,3,pre1,pre1,動詞,pre1:312,1,pre1_or_1_deferred
sewer,sewer,word,下水道,下水道,exam,3,pre1,pre1,名詞,pre1:2713,1,pre1_or_1_deferred
shabby,shabby,word,みすぼらしい,みすぼらしい,exam,3,pre1,pre1,形容詞,pre1:1538,1,pre1_or_1_deferred
shady,shady,word,陰になった，日陰になった,陰になった，日陰になった,exam,3,pre1,pre1;1,形容詞,pre1:1178;1:422,2,pre1_or_1_deferred
shaft,shaft,word,軸,軸,exam,3,pre1,pre1,名詞,pre1:3190,1,pre1_or_1_deferred
shallow,shallow,word,浅い,浅い,exam,3,pre1,pre1,形容詞,pre1:171,1,pre1_or_1_deferred
shameful,shameful,word,恥ずべき,恥ずべき,exam,3,pre1,pre1,形容詞,pre1:948,1,pre1_or_1_deferred
shareholder,shareholder,word,株主,株主,exam,3,pre1,pre1,名詞,pre1:2128,1,pre1_or_1_deferred
shatter,shatter,word,を粉砕する,を粉砕する,exam,3,pre1,pre1,動詞,pre1:983,1,pre1_or_1_deferred
shawl,shawl,word,肩掛け,肩掛け,exam,3,pre1,pre1,名詞,pre1:1945,1,pre1_or_1_deferred
sheer,sheer,word,本当の，透けるほど薄い,本当の，透けるほど薄い,exam,3,pre1,pre1,形容詞,pre1:1172,1,pre1_or_1_deferred
shell,shell,word,貝殻，貝,貝殻，貝,exam,3,pre1,pre1,名詞,pre1:86,1,pre1_or_1_deferred
shiny,shiny,word,輝いた，光沢のある,輝いた，光沢のある,exam,3,pre1,pre1,形容詞,pre1:529,1,pre1_or_1_deferred
shipping,shipping,word,輸送，発送,輸送，発送,exam,3,pre1,pre1,名詞,pre1:888,1,pre1_or_1_deferred
shiver,shiver,word,震える，おののく,震える，おののく,exam,3,pre1,pre1,動詞,pre1:1123,1,pre1_or_1_deferred
shoelace,shoelace,word,靴ひも,靴ひも,exam,3,pre1,pre1,名詞,pre1:2394,1,pre1_or_1_deferred
shoplift,shoplift,word,を万引きする,を万引きする,exam,3,pre1,pre1,動詞,pre1:2604,1,pre1_or_1_deferred
short-term,short-term,word,短期の,短期の,exam,3,pre1,pre1,形容詞,pre1:2998,1,pre1_or_1_deferred
shove,shove,word,を突き出す，押す,を突き出す，押す,exam,3,pre1,pre1,動詞,pre1:1985,1,pre1_or_1_deferred
shrewd,shrewd,word,鋭敏な，鋭い,鋭敏な，鋭い,exam,3,pre1,pre1,形容詞,pre1:2351,1,pre1_or_1_deferred
shriek,shriek,word,悲鳴を上げる/悲鳴,悲鳴を上げる/悲鳴,exam,3,pre1,pre1,動詞,pre1:1858,1,pre1_or_1_deferred
shrill,shrill,word,かん高い，金切り声の,かん高い，金切り声の,exam,3,pre1,pre1,形容詞,pre1:2311,1,pre1_or_1_deferred
shrine,shrine,word,神社，聖堂,神社，聖堂,exam,3,pre1,pre1,名詞,pre1:1009,1,pre1_or_1_deferred
shrub,shrub,word,低木，かん木,低木，かん木,exam,3,pre1,pre1,名詞,pre1:1620,1,pre1_or_1_deferred
shudder,shudder,word,身震いする,身震いする,exam,3,pre1,pre1,動詞,pre1:2268,1,pre1_or_1_deferred
shun,shun,word,を避ける,を避ける / 避ける，回避する,exam,3,pre1,pre1;1,動詞,pre1:2609;1:792,2,pre1_or_1_deferred
sibling,sibling,word,兄弟姉妹,兄弟姉妹,exam,3,pre1,pre1,名詞,pre1:2392,1,pre1_or_1_deferred
siege,siege,word,包囲,包囲,exam,3,pre1,pre1,名詞,pre1:2435,1,pre1_or_1_deferred
sift,sift,word,をふるいにかける,をふるいにかける,exam,3,pre1,pre1,動詞,pre1:2628,1,pre1_or_1_deferred
signify,signify,word,意味する，示す,意味する，示す,exam,3,pre1,pre1;1,動詞,pre1:1084;1:495,2,pre1_or_1_deferred
simmer,simmer,word,煮る,煮る,exam,3,pre1,pre1,動詞,pre1:3273,1,pre1_or_1_deferred
simultaneous,simultaneous,word,同時の，同時に起こる,同時の，同時に起こる,exam,3,pre1,pre1,形容詞,pre1:1589,1,pre1_or_1_deferred
simultaneously,simultaneously,word,同時に,同時に,exam,3,pre1,pre1,副詞,pre1:928,1,pre1_or_1_deferred
sincerity,sincerity,word,誠意，誠実,誠意，誠実,exam,3,pre1,pre1,名詞,pre1:1095,1,pre1_or_1_deferred
singular,singular,word,特異な，非凡な,特異な，非凡な / 特異な，特有の,exam,3,pre1,pre1;1,形容詞,pre1:733;1:759,2,pre1_or_1_deferred
sinister,sinister,word,不吉な，縁起の悪い,不吉な，縁起の悪い / 不吉な，縁起が悪い,exam,3,pre1,pre1;1,形容詞,pre1:2521;1:839,2,pre1_or_1_deferred
sinner,sinner,word,罪人,罪人,exam,3,pre1,pre1,名詞,pre1:2807,1,pre1_or_1_deferred
sip,sip,word,一口飲む,一口飲む,exam,3,pre1,pre1,動詞,pre1:1776,1,pre1_or_1_deferred
situate,situate,word,を置く，位置させる,を置く，位置させる,exam,3,pre1,pre1,動詞,pre1:1503,1,pre1_or_1_deferred
skeptical,skeptical,word,懐疑的な，疑い深い,懐疑的な，疑い深い,exam,3,pre1,pre1;1,形容詞,pre1:2718;1:14,2,pre1_or_1_deferred
skid,skid,word,滑り止め，横滑り,滑り止め，横滑り / 横滑り,exam,3,pre1,pre1;1,名詞,pre1:2239;1:4008,2,pre1_or_1_deferred
skim,skim,word,すくい取る,すくい取る,exam,3,pre1,pre1,動詞,pre1:1576,1,pre1_or_1_deferred
skinny,skinny,word,やせこけた,やせこけた,exam,3,pre1,pre1,形容詞,pre1:1919,1,pre1_or_1_deferred
skull,skull,word,頭蓋骨,頭蓋骨,exam,3,pre1,pre1,名詞,pre1:2957,1,pre1_or_1_deferred
skyscraper,skyscraper,word,超高層建築物，摩天楼,超高層建築物，摩天楼,exam,3,pre1,pre1,名詞,pre1:961,1,pre1_or_1_deferred
slack,slack,word,緩んだ，たるんだ,緩んだ，たるんだ,exam,3,pre1,pre1,形容詞,pre1:2499,1,pre1_or_1_deferred
slam,slam,word,強く閉める,強く閉める,exam,3,pre1,pre1,動詞,pre1:1227,1,pre1_or_1_deferred
slant,slant,word,傾斜/傾く,傾斜/傾く / 傾斜，傾き,exam,3,pre1,pre1;1,名詞,pre1:1793;1:497,2,pre1_or_1_deferred
slap,slap,word,平手打ち,平手打ち,exam,3,pre1,pre1,名詞,pre1:760,1,pre1_or_1_deferred
slaughter,slaughter,word,虐殺，大量殺戮,虐殺，大量殺戮,exam,3,pre1,pre1;1,名詞,pre1:2227;1:203,2,pre1_or_1_deferred
slave,slave,word,奴隷,奴隷,exam,3,pre1,pre1,名詞,pre1:47,1,pre1_or_1_deferred
slay,slay,word,を殺害する，計画的に殺す,を殺害する，計画的に殺す,exam,3,pre1,pre1,動詞,pre1:1510,1,pre1_or_1_deferred
sled,sled,word,そり,そり,exam,3,pre1,pre1,名詞,pre1:2694,1,pre1_or_1_deferred
sling,sling,word,投石器,投石器 / つり縄，つり紐,exam,3,pre1,pre1;1,名詞,pre1:2678;1:1157,2,pre1_or_1_deferred
slit,slit,word,を切り開く,を切り開く / 切り開く,exam,3,pre1,pre1;1,動詞,pre1:2969;1:3176,2,pre1_or_1_deferred
sloppy,sloppy,word,ずさんな，いい加減な,ずさんな，いい加減な,exam,3,pre1,pre1;1,形容詞,pre1:3384;1:640,2,pre1_or_1_deferred
sluggish,sluggish,word,鈍い，遅い,鈍い，遅い / 鈍い,exam,3,pre1,pre1;1,形容詞,pre1:2923;1:2294,2,pre1_or_1_deferred
slumber,slumber,word,まどろむ，心地よく眠る,まどろむ，心地よく眠る,exam,3,pre1,pre1,動詞,pre1:1766,1,pre1_or_1_deferred
sly,sly,word,ずるい，陰険な,ずるい，陰険な,exam,3,pre1,pre1,形容詞,pre1:1533,1,pre1_or_1_deferred
smudge,smudge,word,汚れ,汚れ,exam,3,pre1,pre1;1,名詞,pre1:3231;1:2809,2,pre1_or_1_deferred
smuggle,smuggle,word,を密輸する,を密輸する,exam,3,pre1,pre1,動詞,pre1:1990,1,pre1_or_1_deferred
snare,snare,word,わな,わな,exam,3,pre1,pre1,名詞,pre1:1861,1,pre1_or_1_deferred
snatch,snatch,word,をひったくる,をひったくる,exam,3,pre1,pre1,動詞,pre1:550,1,pre1_or_1_deferred
sneak,sneak,word,こっそり動く,こっそり動く,exam,3,pre1,pre1,動詞,pre1:2100,1,pre1_or_1_deferred
sneer,sneer,word,冷笑する，あざ笑う,冷笑する，あざ笑う,exam,3,pre1,pre1,動詞,pre1:2155,1,pre1_or_1_deferred
sniff,sniff,word,を嗅ぐ，におう,を嗅ぐ，におう,exam,3,pre1,pre1,動詞,pre1:2113,1,pre1_or_1_deferred
snore,snore,word,いびきをかく，睡眠中にうるさく呼吸する,いびきをかく，睡眠中にうるさく呼吸する,exam,3,pre1,pre1,動詞,pre1:1513,1,pre1_or_1_deferred
snort,snort,word,鼻を鳴らす,鼻を鳴らす,exam,3,pre1,pre1,動詞,pre1:2050,1,pre1_or_1_deferred
soap,soap,word,せっけん,せっけん,exam,3,pre1,pre1,名詞,pre1:64,1,pre1_or_1_deferred
sob,sob,word,すすり泣く，涙声で泣く,すすり泣く，涙声で泣く / すすり泣く，涙声で泣く，泣く音,exam,3,pre1,pre1;1,動詞,pre1:833;1:1679,2,pre1_or_1_deferred
sober,sober,word,酒を飲んでいない,酒を飲んでいない,exam,3,pre1,pre1,形容詞,pre1:1205,1,pre1_or_1_deferred
solely,solely,word,単独で，専ら,単独で，専ら,exam,3,pre1,pre1;1,副詞,pre1:547;1:119,2,pre1_or_1_deferred
solemnly,solemnly,word,粛々と，厳粛に,粛々と，厳粛に,exam,3,pre1,pre1,副詞,pre1:1303,1,pre1_or_1_deferred
solicit,solicit,word,を懇願する,を懇願する,exam,3,pre1,pre1,動詞,pre1:2672,1,pre1_or_1_deferred
solitary,solitary,word,独りの，独りぼっちの,独りの，独りぼっちの,exam,3,pre1,pre1,形容詞,pre1:1010,1,pre1_or_1_deferred
solitude,solitude,word,孤独,孤独,exam,3,pre1,pre1,名詞,pre1:3323,1,pre1_or_1_deferred
soothe,soothe,word,落ち着かせる，安定させる,落ち着かせる，安定させる,exam,3,pre1,pre1;1,動詞,pre1:3067;1:1233,2,pre1_or_1_deferred
sovereign,sovereign,word,主権者，君主,主権者，君主,exam,3,pre1,pre1,名詞,pre1:2316,1,pre1_or_1_deferred
sovereignty,sovereignty,word,主権，統治権,主権，統治権,exam,3,pre1,pre1,名詞,pre1:2390,1,pre1_or_1_deferred
sow,sow,word,の種をまく,の種をまく,exam,3,pre1,pre1,動詞,pre1:531,1,pre1_or_1_deferred
spacecraft,spacecraft,word,宇宙船,宇宙船,exam,3,pre1,pre1,名詞,pre1:1159,1,pre1_or_1_deferred
spank,spank,word,尻を叩く,尻を叩く,exam,3,pre1,pre1,動詞,pre1:2898,1,pre1_or_1_deferred
spark,spark,word,火花，きらめき,火花，きらめき,exam,3,pre1,pre1,名詞,pre1:2,1,pre1_or_1_deferred
specimen,specimen,word,検体，見本,検体，見本,exam,3,pre1,pre1,名詞,pre1:1923,1,pre1_or_1_deferred
spectacle,spectacle,word,光景，ありさま,光景，ありさま,exam,3,pre1,pre1,名詞,pre1:125,1,pre1_or_1_deferred
spectacular,spectacular,word,壮観な，見事な,壮観な，見事な,exam,3,pre1,pre1;1,形容詞,pre1:1065;1:181,2,pre1_or_1_deferred
spectrum,spectrum,word,波長分布，波長の分布，光の分布,波長分布，波長の分布，光の分布 / 波長分布，光の分布，波長の分布,exam,3,pre1,pre1;1,名詞,pre1:2512;1:337,2,pre1_or_1_deferred
speculate,speculate,word,推測する,推測する,exam,3,pre1,pre1,動詞,pre1:2167,1,pre1_or_1_deferred
speculation,speculation,word,憶測，推測,憶測，推測,exam,3,pre1,pre1,名詞,pre1:990,1,pre1_or_1_deferred
spine,spine,word,脊椎，背骨,脊椎，背骨,exam,3,pre1,pre1,名詞,pre1:1975,1,pre1_or_1_deferred
spiral,spiral,word,螺旋の,螺旋の,exam,3,pre1,pre1,形容詞,pre1:2614,1,pre1_or_1_deferred
spit,spit,word,唾を吐く,唾を吐く,exam,3,pre1,pre1,動詞,pre1:967,1,pre1_or_1_deferred
spite,spite,word,悪意，恨み,悪意，恨み,exam,3,pre1,pre1;1,名詞,pre1:65;1:147,2,pre1_or_1_deferred
splendid,splendid,word,素晴らしい，華やかな,素晴らしい，華やかな,exam,3,pre1,pre1,形容詞,pre1:438,1,pre1_or_1_deferred
splendor,splendor,word,輝き,輝き,exam,3,pre1,pre1,名詞,pre1:1752,1,pre1_or_1_deferred
spontaneous,spontaneous,word,自発的な，任意の,自発的な，任意の,exam,3,pre1,pre1,形容詞,pre1:20,1,pre1_or_1_deferred
sporadically,sporadically,word,散発的に，まばらに,散発的に，まばらに,exam,3,pre1,pre1,副詞,pre1:2980,1,pre1_or_1_deferred
sprain,sprain,word,をくじく，捻挫する,をくじく，捻挫する,exam,3,pre1,pre1,動詞,pre1:2984,1,pre1_or_1_deferred
sprawl,sprawl,word,寝そべる,寝そべる,exam,3,pre1,pre1,動詞,pre1:2070,1,pre1_or_1_deferred
sprinkle,sprinkle,word,を振りかける,を振りかける,exam,3,pre1,pre1,動詞,pre1:654,1,pre1_or_1_deferred
sprout,sprout,word,芽，新芽,芽，新芽,exam,3,pre1,pre1;1,名詞,pre1:3050;1:840,2,pre1_or_1_deferred
squad,squad,word,分隊,分隊,exam,3,pre1,pre1,名詞,pre1:2381,1,pre1_or_1_deferred
squeak,squeak,word,きしむ,きしむ,exam,3,pre1,pre1;1,動詞,pre1:2902;1:2541,2,pre1_or_1_deferred
stab,stab,word,刺す，突き刺す,刺す，突き刺す,exam,3,pre1,pre1;1,動詞,pre1:1654;1:237,2,pre1_or_1_deferred
stability,stability,word,安定，平穏，均衡,安定，平穏，均衡,exam,3,pre1,pre1;1,名詞,pre1:1350;1:332,2,pre1_or_1_deferred
stabilize,stabilize,word,固定させる，安定させる,固定させる，安定させる,exam,3,pre1,pre1,動詞,pre1:104,1,pre1_or_1_deferred
stack,stack,word,積み重ねる，累積する,積み重ねる，累積する,exam,3,pre1,pre1,動詞,pre1:1100,1,pre1_or_1_deferred
stagger,stagger,word,よろめく，よろよろ歩く,よろめく，よろよろ歩く,exam,3,pre1,pre1,動詞,pre1:1226,1,pre1_or_1_deferred
stagnant,stagnant,word,停滞している,停滞している / 停滞している，静止している,exam,3,pre1,pre1;1,形容詞,pre1:1865;1:1311,2,pre1_or_1_deferred
stain,stain,word,よごれ,よごれ,exam,3,pre1,pre1,名詞,pre1:665,1,pre1_or_1_deferred
staircase,staircase,word,階段,階段,exam,3,pre1,pre1,名詞,pre1:1026,1,pre1_or_1_deferred
stairs,stairs,word,階段,階段,exam,3,pre1,pre1,名詞,pre1:164,1,pre1_or_1_deferred
stale,stale,word,古くさい，新鮮でない,古くさい，新鮮でない,exam,3,pre1,pre1,形容詞,pre1:1189,1,pre1_or_1_deferred
stammer,stammer,word,どもる，口ごもる,どもる，口ごもる,exam,3,pre1,pre1,動詞,pre1:2016,1,pre1_or_1_deferred
standstill,standstill,word,停止,停止,exam,3,pre1,pre1,名詞,pre1:3100,1,pre1_or_1_deferred
stapler,stapler,word,ホッチキス,ホッチキス,exam,3,pre1,pre1,名詞,pre1:1535,1,pre1_or_1_deferred
startle,startle,word,驚愕させる,驚愕させる,exam,3,pre1,pre1,動詞,pre1:540,1,pre1_or_1_deferred
starvation,starvation,word,飢餓，餓死,飢餓，餓死,exam,3,pre1,pre1,名詞,pre1:1098,1,pre1_or_1_deferred
statesman,statesman,word,政治家,政治家 / 政治家，政府の役人,exam,3,pre1,pre1;1,名詞,pre1:640;1:1200,2,pre1_or_1_deferred
statistical,statistical,word,統計的な,統計的な,exam,3,pre1,pre1,形容詞,pre1:1567,1,pre1_or_1_deferred
stature,stature,word,身長，身の丈,身長，身の丈,exam,3,pre1,pre1;1,名詞,pre1:3302;1:803,2,pre1_or_1_deferred
statute,statute,word,法令,法令,exam,3,pre1,pre1,名詞,pre1:2162,1,pre1_or_1_deferred
steadfast,steadfast,word,固定した，確固とした,固定した，確固とした,exam,3,pre1,pre1,形容詞,pre1:1501,1,pre1_or_1_deferred
steep,steep,word,急勾配の，傾斜の急な,急勾配の，傾斜の急な,exam,3,pre1,pre1,形容詞,pre1:255,1,pre1_or_1_deferred
steer,steer,word,を操縦する，かじを取る,を操縦する，かじを取る,exam,3,pre1,pre1,動詞,pre1:752,1,pre1_or_1_deferred
stepfather,stepfather,word,継父，義父,継父，義父,exam,3,pre1,pre1;1,名詞,pre1:2864;1:1108,2,pre1_or_1_deferred
sterile,sterile,word,殺菌した，不妊の,殺菌した，不妊の,exam,3,pre1,pre1,形容詞,pre1:2306,1,pre1_or_1_deferred
steward,steward,word,給仕，執事,給仕，執事,exam,3,pre1,pre1,名詞,pre1:1592,1,pre1_or_1_deferred
sticky,sticky,word,べたつく，ねばねばした,べたつく，ねばねばした,exam,3,pre1,pre1,形容詞,pre1:283,1,pre1_or_1_deferred
stiffen,stiffen,word,を堅くする，硬化する,を堅くする，硬化する,exam,3,pre1,pre1,動詞,pre1:1740,1,pre1_or_1_deferred
stillness,stillness,word,静寂，静けさ,静寂，静けさ,exam,3,pre1,pre1,名詞,pre1:1339,1,pre1_or_1_deferred
stimulus,stimulus,word,刺激,刺激,exam,3,pre1,pre1,名詞,pre1:1064,1,pre1_or_1_deferred
sting,sting,word,刺す，突く,刺す，突く,exam,3,pre1,pre1;1,動詞,pre1:314;1:532,2,pre1_or_1_deferred
stink,stink,word,悪臭を放つ,悪臭を放つ,exam,3,pre1,pre1,動詞,pre1:2748,1,pre1_or_1_deferred
stitch,stitch,word,縫い目,縫い目 / 一編み，一つ編み,exam,3,pre1,pre1;1,名詞,pre1:722;1:1019,2,pre1_or_1_deferred
stony,stony,word,石の，石の多い,石の，石の多い,exam,3,pre1,pre1,形容詞,pre1:1116,1,pre1_or_1_deferred
stool,stool,word,腰かけ椅子,腰かけ椅子,exam,3,pre1,pre1,名詞,pre1:1265,1,pre1_or_1_deferred
stoop,stoop,word,かがむ,かがむ,exam,3,pre1,pre1,動詞,pre1:1119,1,pre1_or_1_deferred
stout,stout,word,頑丈な，太った,頑丈な，太った,exam,3,pre1,pre1,形容詞,pre1:1786,1,pre1_or_1_deferred
straddle,straddle,word,またがる，乗り越える,またがる，乗り越える,exam,3,pre1,pre1;1,動詞,pre1:3112;1:1875,2,pre1_or_1_deferred
strand,strand,word,行き詰らせる，座礁させる,行き詰らせる，座礁させる,exam,3,pre1,pre1,動詞,pre1:1720,1,pre1_or_1_deferred
strangle,strangle,word,を絞め殺す，窒息させる,を絞め殺す，窒息させる,exam,3,pre1,pre1,動詞,pre1:2320,1,pre1_or_1_deferred
strategic,strategic,word,戦略的な,戦略的な,exam,3,pre1,pre1,形容詞,pre1:2154,1,pre1_or_1_deferred
stray,stray,word,迷い込む,迷い込む,exam,3,pre1,pre1,動詞,pre1:1162,1,pre1_or_1_deferred
strictly,strictly,word,厳密に，厳しく,厳密に，厳しく,exam,3,pre1,pre1;1,副詞,pre1:4;1:249,2,pre1_or_1_deferred
stride,stride,word,大きく歩く，元気よく歩く,大きく歩く，元気よく歩く,exam,3,pre1,pre1,動詞,pre1:867,1,pre1_or_1_deferred
strife,strife,word,闘争，争い,闘争，争い,exam,3,pre1,pre1,名詞,pre1:1398,1,pre1_or_1_deferred
striking,striking,word,印象的な，目立つ,印象的な，目立つ,exam,3,pre1,pre1,形容詞,pre1:146,1,pre1_or_1_deferred
strive,strive,word,努力する，励む,努力する，励む,exam,3,pre1,pre1,動詞,pre1:549,1,pre1_or_1_deferred
stroll,stroll,word,散歩する,散歩する,exam,3,pre1,pre1,動詞,pre1:2076,1,pre1_or_1_deferred
structural,structural,word,構造上の，構成上の,構造上の，構成上の,exam,3,pre1,pre1,形容詞,pre1:1212,1,pre1_or_1_deferred
stumble,stumble,word,につまずく,につまずく,exam,3,pre1,pre1,動詞,pre1:755,1,pre1_or_1_deferred
stump,stump,word,切り株,切り株,exam,3,pre1,pre1,名詞,pre1:1130,1,pre1_or_1_deferred
stun,stun,word,を気絶させる,を気絶させる,exam,3,pre1,pre1,動詞,pre1:2561,1,pre1_or_1_deferred
stupidity,stupidity,word,愚かさ，愚鈍,愚かさ，愚鈍,exam,3,pre1,pre1,名詞,pre1:1074,1,pre1_or_1_deferred
sturdy,sturdy,word,たくましい，頑強な,たくましい，頑強な,exam,3,pre1,pre1,形容詞,pre1:54,1,pre1_or_1_deferred
subconscious,subconscious,word,潜在意識の,潜在意識の,exam,3,pre1,pre1,名詞,pre1:2159,1,pre1_or_1_deferred
subdue,subdue,word,鎮圧する，抑制する,鎮圧する，抑制する,exam,3,pre1,pre1;1,動詞,pre1:1806;1:418,2,pre1_or_1_deferred
sublime,sublime,word,高尚な，気品のある,高尚な，気品のある,exam,3,pre1,pre1,形容詞,pre1:1661,1,pre1_or_1_deferred
submarine,submarine,word,潜水艦，水中艇,潜水艦，水中艇,exam,3,pre1,pre1;1,名詞,pre1:1685;1:285,2,pre1_or_1_deferred
submerge,submerge,word,を水中に入れる，浸す,を水中に入れる，浸す,exam,3,pre1,pre1,動詞,pre1:2172,1,pre1_or_1_deferred
submission,submission,word,提出，降伏,提出，降伏,exam,3,pre1,pre1,名詞,pre1:1906,1,pre1_or_1_deferred
subordinate,subordinate,word,下位の,下位の,exam,3,pre1,pre1,形容詞,pre1:1979,1,pre1_or_1_deferred
subscription,subscription,word,購読，定期購読,購読，定期購読,exam,3,pre1,pre1,名詞,pre1:1497,1,pre1_or_1_deferred
subside,subside,word,低下する，沈む,低下する，沈む,exam,3,pre1,pre1,動詞,pre1:2099,1,pre1_or_1_deferred
subsidiary,subsidiary,word,子会社,子会社,exam,3,pre1,pre1,名詞,pre1:1462,1,pre1_or_1_deferred
subsidy,subsidy,word,補助金,補助金,exam,3,pre1,pre1,名詞,pre1:1461,1,pre1_or_1_deferred
substantially,substantially,word,実質的に，本質的に,実質的に，本質的に,exam,3,pre1,pre1;1,副詞,pre1:2199;1:379,2,pre1_or_1_deferred
subtract,subtract,word,差し引く,差し引く,exam,3,pre1,pre1,動詞,pre1:1477,1,pre1_or_1_deferred
suburban,suburban,word,郊外の，郊外型の,郊外の，郊外型の,exam,3,pre1,pre1;1,形容詞,pre1:2206;1:393,2,pre1_or_1_deferred
successor,successor,word,後継，次代,後継，次代,exam,3,pre1,pre1;1,名詞,pre1:1261;1:493,2,pre1_or_1_deferred
suck,suck,word,を吸う，すする,を吸う，すする,exam,3,pre1,pre1,動詞,pre1:231,1,pre1_or_1_deferred
suction,suction,word,吸引,吸引,exam,3,pre1,pre1,名詞,pre1:3157,1,pre1_or_1_deferred
suffice,suffice,word,満足させる，足りる,満足させる，足りる,exam,3,pre1,pre1,動詞,pre1:2177,1,pre1_or_1_deferred
sulfur,sulfur,word,硫黄,硫黄,exam,3,pre1,pre1;1,名詞,pre1:2284;1:2203,2,pre1_or_1_deferred
sullen,sullen,word,不機嫌な，不機嫌そうな,不機嫌な，不機嫌そうな / 不機嫌な,exam,3,pre1,pre1;1,形容詞,pre1:1816;1:3899,2,pre1_or_1_deferred
sunken,sunken,word,沈んだ,沈んだ,exam,3,pre1,pre1,形容詞,pre1:2698,1,pre1_or_1_deferred
superb,superb,word,見事な，立派な,見事な，立派な,exam,3,pre1,pre1,形容詞,pre1:1810,1,pre1_or_1_deferred
superficial,superficial,word,表面的な,表面的な,exam,3,pre1,pre1,形容詞,pre1:3070,1,pre1_or_1_deferred
superintendent,superintendent,word,監督者,監督者,exam,3,pre1,pre1,名詞,pre1:2514,1,pre1_or_1_deferred
supernatural,supernatural,word,超自然的な,超自然的な,exam,3,pre1,pre1,形容詞,pre1:1689,1,pre1_or_1_deferred
supersonic,supersonic,word,超音速の,超音速の,exam,3,pre1,pre1,形容詞,pre1:2538,1,pre1_or_1_deferred
superstition,superstition,word,迷信,迷信,exam,3,pre1,pre1,名詞,pre1:1493,1,pre1_or_1_deferred
superstitious,superstitious,word,迷信的な,迷信的な,exam,3,pre1,pre1,形容詞,pre1:2073,1,pre1_or_1_deferred
supervise,supervise,word,監督する，管理する,監督する，管理する,exam,3,pre1,pre1,動詞,pre1:1566,1,pre1_or_1_deferred
supervision,supervision,word,監督，指導者,監督，指導者,exam,3,pre1,pre1;1,名詞,pre1:936;1:360,2,pre1_or_1_deferred
supplier,supplier,word,供給者，供給元，仕入先,供給者，供給元，仕入先 / 供給者，供給元,exam,3,pre1,pre1;1,名詞,pre1:1804;1:296,2,pre1_or_1_deferred
supposedly,supposedly,word,たぶん，おそらく,たぶん，おそらく,exam,3,pre1,pre1;1,副詞,pre1:2001;1:26,2,pre1_or_1_deferred
suppression,suppression,word,抑制，鎮圧,抑制，鎮圧,exam,3,pre1,pre1,名詞,pre1:1783,1,pre1_or_1_deferred
supremacy,supremacy,word,至高，覇権,至高，覇権 / 最高，至高,exam,3,pre1,pre1;1,名詞,pre1:2703;1:1112,2,pre1_or_1_deferred
surge,surge,word,波打つ，急に上がる,波打つ，急に上がる,exam,3,pre1,pre1;1,動詞,pre1:2645;1:507,2,pre1_or_1_deferred
surgeon,surgeon,word,外科医，手術医,外科医，手術医,exam,3,pre1,pre1;1,名詞,pre1:621;1:135,2,pre1_or_1_deferred
surgical,surgical,word,外科の，外科的な,外科の，外科的な,exam,3,pre1,pre1;1,形容詞,pre1:2584;1:529,2,pre1_or_1_deferred
surmise,surmise,word,を推測する,を推測する / 推測する,exam,3,pre1,pre1;1,動詞,pre1:2480;1:3134,2,pre1_or_1_deferred
surmount,surmount,word,乗り越える,乗り越える,exam,3,pre1,pre1,動詞,pre1:3080,1,pre1_or_1_deferred
surpass,surpass,word,超える，勝る,超える，勝る,exam,3,pre1,pre1;1,動詞,pre1:1600;1:173,2,pre1_or_1_deferred
surplus,surplus,word,余剰，余り,余剰，余り,exam,3,pre1,pre1,名詞,pre1:1850,1,pre1_or_1_deferred
surrender,surrender,word,降伏する，投降する,降伏する，投降する,exam,3,pre1,pre1;1,動詞,pre1:372;1:137,2,pre1_or_1_deferred
surrounding,surrounding,word,周囲，付近,周囲，付近,exam,3,pre1,pre1,名詞,pre1:291,1,pre1_or_1_deferred
surveillance,surveillance,word,監視，見守り,監視，見守り,exam,3,pre1,pre1;1,名詞,pre1:2966;1:284,2,pre1_or_1_deferred
suspension,suspension,word,停止,停止,exam,3,pre1,pre1,名詞,pre1:1924,1,pre1_or_1_deferred
suspicion,suspicion,word,疑い，疑惑,疑い，疑惑,exam,3,pre1,pre1,名詞,pre1:538,1,pre1_or_1_deferred
swamp,swamp,word,沼地，湿地,沼地，湿地,exam,3,pre1,pre1,名詞,pre1:1229,1,pre1_or_1_deferred
swap,swap,word,交換する，取り換える,交換する，取り換える,exam,3,pre1,pre1,動詞,pre1:2404,1,pre1_or_1_deferred
swarm,swarm,word,群れ,群れ,exam,3,pre1,pre1,名詞,pre1:1629,1,pre1_or_1_deferred
sway,sway,word,揺さぶる,揺さぶる,exam,3,pre1,pre1,動詞,pre1:956,1,pre1_or_1_deferred
swell,swell,word,膨れる，大きくなる,膨れる，大きくなる,exam,3,pre1,pre1,動詞,pre1:766,1,pre1_or_1_deferred
swift,swift,word,迅速な，速い,迅速な，速い,exam,3,pre1,pre1,形容詞,pre1:470,1,pre1_or_1_deferred
swipe,swipe,word,拭く,拭く,exam,3,pre1,pre1,動詞,pre1:3377,1,pre1_or_1_deferred
swirl,swirl,word,渦巻く，旋回する,渦巻く，旋回する,exam,3,pre1,pre1,動詞,pre1:2197,1,pre1_or_1_deferred
swoop,swoop,word,急襲する,急襲する / 急降下する，急落する,exam,3,pre1,pre1;1,動詞,pre1:2874;1:1183,2,pre1_or_1_deferred
syllable,syllable,word,音節,音節,exam,3,pre1,pre1,名詞,pre1:1288,1,pre1_or_1_deferred
sympathetic,sympathetic,word,思いやりのある，共感的な,思いやりのある，共感的な,exam,3,pre1,pre1;1,形容詞,pre1:8;1:24,2,pre1_or_1_deferred
sympathize,sympathize,word,同情する，共感する,同情する，共感する,exam,3,pre1,pre1;1,動詞,pre1:1332;1:96,2,pre1_or_1_deferred
symphony,symphony,word,交響曲,交響曲,exam,3,pre1,pre1,名詞,pre1:477,1,pre1_or_1_deferred
synchronize,synchronize,word,同期する,同期する,exam,3,pre1,pre1,動詞,pre1:3285,1,pre1_or_1_deferred
syndrome,syndrome,word,症候群,症候群,exam,3,pre1,pre1,名詞,pre1:2380,1,pre1_or_1_deferred
synonym,synonym,word,同意語，類語,同意語，類語,exam,3,pre1,pre1,名詞,pre1:2393,1,pre1_or_1_deferred
synthesize,synthesize,word,統合する、まとめる,統合する、まとめる / 統合する，まとめる,exam,3,pre1,pre1;1,動詞,pre1:3188;1:1609,2,pre1_or_1_deferred
tact,tact,word,機転,機転,exam,3,pre1,pre1,名詞,pre1:2861,1,pre1_or_1_deferred
tactic,tactic,word,戦術,戦術,exam,3,pre1,pre1,名詞,pre1:2952,1,pre1_or_1_deferred
tactical,tactical,word,戦術的な,戦術的な,exam,3,pre1,pre1,形容詞,pre1:3261,1,pre1_or_1_deferred
taint,taint,word,腐敗，汚染,腐敗，汚染 / 腐敗，汚点,exam,3,pre1,pre1;1,名詞,pre1:2587;1:2158,2,pre1_or_1_deferred
tan,tan,word,肌を焼く，日焼けする,肌を焼く，日焼けする,exam,3,pre1,pre1,動詞,pre1:1565,1,pre1_or_1_deferred
tangible,tangible,word,有形の，手で触れる,有形の，手で触れる / 具体的な，実体のある,exam,3,pre1,pre1;1,形容詞,pre1:2802;1:4274,2,pre1_or_1_deferred
tangle,tangle,word,もつれさせる，絡ませる，混乱させる,もつれさせる，絡ませる，混乱させる,exam,3,pre1,pre1;1,動詞,pre1:3271;1:1796,2,pre1_or_1_deferred
tariff,tariff,word,関税,関税,exam,3,pre1,pre1,名詞,pre1:1875,1,pre1_or_1_deferred
tavern,tavern,word,居酒屋,居酒屋,exam,3,pre1,pre1,名詞,pre1:2229,1,pre1_or_1_deferred
tease,tease,word,からかう,からかう,exam,3,pre1,pre1,動詞,pre1:3011,1,pre1_or_1_deferred
tedious,tedious,word,退屈な,退屈な,exam,3,pre1,pre1,形容詞,pre1:1624,1,pre1_or_1_deferred
temperament,temperament,word,気質,気質 / 気質，性質,exam,3,pre1,pre1;1,名詞,pre1:1951;1:683,2,pre1_or_1_deferred
temperance,temperance,word,節制，禁酒,節制，禁酒,exam,3,pre1,pre1,名詞,pre1:2525,1,pre1_or_1_deferred
temperate,temperate,word,控えめな，節度のある,控えめな，節度のある,exam,3,pre1,pre1,形容詞,pre1:1754,1,pre1_or_1_deferred
tempt,tempt,word,を誘惑する,を誘惑する,exam,3,pre1,pre1,動詞,pre1:801,1,pre1_or_1_deferred
tenant,tenant,word,店子,店子,exam,3,pre1,pre1,名詞,pre1:3224,1,pre1_or_1_deferred
tendency,tendency,word,傾向,傾向,exam,3,pre1,pre1,名詞,pre1:239,1,pre1_or_1_deferred
tender,tender,word,優しい/世話人,優しい/世話人,exam,3,pre1,pre1,形容詞/名詞,pre1:18,1,pre1_or_1_deferred
tenderness,tenderness,word,優しさ,優しさ,exam,3,pre1,pre1,名詞,pre1:1355,1,pre1_or_1_deferred
tension,tension,word,緊張,緊張,exam,3,pre1,pre1,名詞,pre1:3360,1,pre1_or_1_deferred
tentative,tentative,word,暫定の，仮の,暫定の，仮の / 暫定の，一時的な,exam,3,pre1,pre1;1,形容詞,pre1:2659;1:611,2,pre1_or_1_deferred
terminate,terminate,word,を終了する，終わらせる,を終了する，終わらせる,exam,3,pre1,pre1,動詞,pre1:2616,1,pre1_or_1_deferred
termination,termination,word,終了，終わり,終了，終わり,exam,3,pre1,pre1;1,名詞,pre1:3222;1:730,2,pre1_or_1_deferred
terrain,terrain,word,地形,地形,exam,3,pre1,pre1,名詞,pre1:2992,1,pre1_or_1_deferred
terrific,terrific,word,すごい，ものすごい,すごい，ものすごい,exam,3,pre1,pre1,形容詞,pre1:721,1,pre1_or_1_deferred
testify,testify,word,証言する,証言する,exam,3,pre1,pre1,動詞,pre1:1448,1,pre1_or_1_deferred
testimony,testimony,word,証言，申し立て,証言，申し立て,exam,3,pre1,pre1;1,名詞,pre1:2287;1:409,2,pre1_or_1_deferred
textile,textile,word,織物の,織物の,exam,3,pre1,pre1,形容詞,pre1:1611,1,pre1_or_1_deferred
texture,texture,word,生地,生地,exam,3,pre1,pre1,名詞,pre1:1622,1,pre1_or_1_deferred
thaw,thaw,word,雪が解ける，雪解けの陽気になる,雪が解ける，雪解けの陽気になる,exam,3,pre1,pre1,動詞,pre1:1518,1,pre1_or_1_deferred
theft,theft,word,盗み，窃盗,盗み，窃盗,exam,3,pre1,pre1,名詞,pre1:2024,1,pre1_or_1_deferred
theology,theology,word,神学,神学,exam,3,pre1,pre1,名詞,pre1:2946,1,pre1_or_1_deferred
theoretical,theoretical,word,理論上の，理論に基づいた,理論上の，理論に基づいた,exam,3,pre1,pre1,形容詞,pre1:1742,1,pre1_or_1_deferred
thereafter,thereafter,word,その後は,その後は,exam,3,pre1,pre1,副詞,pre1:1540,1,pre1_or_1_deferred
thereby,thereby,word,それによって,それによって,exam,3,pre1,pre1,副詞,pre1:2354,1,pre1_or_1_deferred
thermal,thermal,word,熱の，温度に関する,熱の，温度に関する,exam,3,pre1,pre1;1,形容詞,pre1:2749;1:183,2,pre1_or_1_deferred
thesis,thesis,word,論文，論題,論文，論題,exam,3,pre1,pre1,名詞,pre1:1798,1,pre1_or_1_deferred
thief,thief,word,泥棒,泥棒,exam,3,pre1,pre1,名詞,pre1:3282,1,pre1_or_1_deferred
thigh,thigh,word,ふともも,ふともも,exam,3,pre1,pre1,名詞,pre1:1639,1,pre1_or_1_deferred
thin,thin,word,薄い，痩せた,薄い，痩せた,exam,3,pre1,pre1,形容詞,pre1:109,1,pre1_or_1_deferred
thong,thong,word,ひも,ひも,exam,3,pre1,pre1,名詞,pre1:2805,1,pre1_or_1_deferred
thorn,thorn,word,とげ，茨,とげ，茨 / とげ,exam,3,pre1,pre1;1,名詞,pre1:726;1:2068,2,pre1_or_1_deferred
thoroughly,thoroughly,word,徹底的に，完全に,徹底的に，完全に,exam,3,pre1,pre1;1,副詞,pre1:452;1:516,2,pre1_or_1_deferred
thread,thread,word,糸,糸,exam,3,pre1,pre1,名詞,pre1:3165,1,pre1_or_1_deferred
threshold,threshold,word,敷居，入り口,敷居，入り口 / 閾，閾値,exam,3,pre1,pre1;1,名詞,pre1:1446;1:474,2,pre1_or_1_deferred
thrift,thrift,word,倹約，節約,倹約，節約,exam,3,pre1,pre1,名詞,pre1:2146,1,pre1_or_1_deferred
thrifty,thrifty,word,倹約な,倹約な,exam,3,pre1,pre1;1,形容詞,pre1:3258;1:3270,2,pre1_or_1_deferred
thrive,thrive,word,繁栄する，隆盛する,繁栄する，隆盛する,exam,3,pre1,pre1;1,動詞,pre1:1468;1:448,2,pre1_or_1_deferred
throne,throne,word,王位，王座,王位，王座,exam,3,pre1,pre1,名詞,pre1:863,1,pre1_or_1_deferred
throng,throng,word,群衆，群れ,群衆，群れ,exam,3,pre1,pre1;1,名詞,pre1:2668;1:3780,2,pre1_or_1_deferred
thumb,thumb,word,親指,親指,exam,3,pre1,pre1,名詞,pre1:25,1,pre1_or_1_deferred
thump,thump,word,を殴る，たたく,を殴る，たたく / ゴツンと叩く，強く打つ,exam,3,pre1,pre1;1,動詞,pre1:2751;1:1628,2,pre1_or_1_deferred
tickle,tickle,word,をくすぐる,をくすぐる,exam,3,pre1,pre1,動詞,pre1:2273,1,pre1_or_1_deferred
tidal,tidal,word,潮の，潮に乗った,潮の，潮に乗った,exam,3,pre1,pre1,形容詞,pre1:1619,1,pre1_or_1_deferred
tighten,tighten,word,締める，絞る,締める，絞る,exam,3,pre1,pre1;1,動詞,pre1:589;1:300,2,pre1_or_1_deferred
tilt,tilt,word,を傾ける，を斜めにする,を傾ける，を斜めにする,exam,3,pre1,pre1,動詞,pre1:2326,1,pre1_or_1_deferred
timber,timber,word,木材,木材,exam,3,pre1,pre1,名詞,pre1:1700,1,pre1_or_1_deferred
timid,timid,word,臆病な,臆病な,exam,3,pre1,pre1,形容詞,pre1:1278,1,pre1_or_1_deferred
toil,toil,word,苦労して働く，懸命に働く,苦労して働く，懸命に働く,exam,3,pre1,pre1,動詞,pre1:1835,1,pre1_or_1_deferred
token,token,word,しるし，象徴,しるし，象徴,exam,3,pre1,pre1,名詞,pre1:282,1,pre1_or_1_deferred
tolerance,tolerance,word,寛容さ，忍耐力,寛容さ，忍耐力,exam,3,pre1,pre1,名詞,pre1:1505,1,pre1_or_1_deferred
tonic,tonic,word,強壮剤，健康促進剤,強壮剤，健康促進剤,exam,3,pre1,pre1;1,名詞,pre1:2327;1:176,2,pre1_or_1_deferred
toothpick,toothpick,word,爪楊枝,爪楊枝,exam,3,pre1,pre1,名詞,pre1:2833,1,pre1_or_1_deferred
topple,topple,word,倒れる,倒れる,exam,3,pre1,pre1,動詞,pre1:3146,1,pre1_or_1_deferred
torch,torch,word,たいまつ,たいまつ,exam,3,pre1,pre1,名詞,pre1:673,1,pre1_or_1_deferred
torrent,torrent,word,急流,急流,exam,3,pre1,pre1;1,名詞,pre1:2756;1:2173,2,pre1_or_1_deferred
torture,torture,word,を拷問にかける,を拷問にかける,exam,3,pre1,pre1,動詞,pre1:1342,1,pre1_or_1_deferred
tow,tow,word,をけん引する，引く,をけん引する，引く,exam,3,pre1,pre1,動詞,pre1:1960,1,pre1_or_1_deferred
tragic,tragic,word,悲劇的な，悲劇的,悲劇的な，悲劇的,exam,3,pre1,pre1;1,形容詞,pre1:585;1:29,2,pre1_or_1_deferred
traitor,traitor,word,裏切り者，反逆者,裏切り者，反逆者,exam,3,pre1,pre1,名詞,pre1:1561,1,pre1_or_1_deferred
tram,tram,word,市街電車，路面電車,市街電車，路面電車,exam,3,pre1,pre1,名詞,pre1:1515,1,pre1_or_1_deferred
trance,trance,word,恍惚，夢中,恍惚，夢中,exam,3,pre1,pre1,名詞,pre1:2937,1,pre1_or_1_deferred
tranquil,tranquil,word,静かな，平穏な,静かな，平穏な,exam,3,pre1,pre1,形容詞,pre1:1842,1,pre1_or_1_deferred
transcribe,transcribe,word,を筆記する，複写する,を筆記する，複写する / 複写する，複製する,exam,3,pre1,pre1;1,動詞,pre1:2562;1:906,2,pre1_or_1_deferred
transcript,transcript,word,写し，写本,写し，写本,exam,3,pre1,pre1,名詞,pre1:2308,1,pre1_or_1_deferred
transformation,transformation,word,変形，変身,変形，変身,exam,3,pre1,pre1,名詞,pre1:1271,1,pre1_or_1_deferred
transfusion,transfusion,word,輸血,輸血,exam,3,pre1,pre1,名詞,pre1:2462,1,pre1_or_1_deferred
transient,transient,word,一時的な,一時的な,exam,3,pre1,pre1;1,形容詞,pre1:3175;1:2217,2,pre1_or_1_deferred
transit,transit,word,乗り継ぎ,乗り継ぎ,exam,3,pre1,pre1,名詞,pre1:2425,1,pre1_or_1_deferred
translucent,translucent,word,半透明の、透けて見える,半透明の、透けて見える / 半透明の，透けて見える,exam,3,pre1,pre1;1,形容詞,pre1:3063;1:1405,2,pre1_or_1_deferred
transmission,transmission,word,伝送,伝送,exam,3,pre1,pre1,名詞,pre1:1218,1,pre1_or_1_deferred
transmit,transmit,word,送信する,送信する,exam,3,pre1,pre1,動詞,pre1:1185,1,pre1_or_1_deferred
transparency,transparency,word,透明性,透明性,exam,3,pre1,pre1,名詞,pre1:2028,1,pre1_or_1_deferred
transparent,transparent,word,透明な，光を通す,透明な，光を通す,exam,3,pre1,pre1,形容詞,pre1:1257,1,pre1_or_1_deferred
transplant,transplant,word,を移植する,を移植する,exam,3,pre1,pre1,動詞,pre1:2084,1,pre1_or_1_deferred
trash,trash,word,ごみ，価値のないもの,ごみ，価値のないもの,exam,3,pre1,pre1,名詞,pre1:1057,1,pre1_or_1_deferred
traverse,traverse,word,を横切る，横断する,を横切る，横断する,exam,3,pre1,pre1,動詞,pre1:2228,1,pre1_or_1_deferred
treacherous,treacherous,word,裏切った，反逆の,裏切った，反逆の / 背いた,exam,3,pre1,pre1;1,形容詞,pre1:2202;1:4048,2,pre1_or_1_deferred
tread,tread,word,足を踏み入れる,足を踏み入れる,exam,3,pre1,pre1,動詞,pre1:478,1,pre1_or_1_deferred
treasury,treasury,word,宝庫，基金,宝庫，基金,exam,3,pre1,pre1,名詞,pre1:1335,1,pre1_or_1_deferred
trespass,trespass,word,侵害する，つけ込む,侵害する，つけ込む,exam,3,pre1,pre1,動詞,pre1:2928,1,pre1_or_1_deferred
tribal,tribal,word,部族の,部族の,exam,3,pre1,pre1,形容詞,pre1:2332,1,pre1_or_1_deferred
tribunal,tribunal,word,裁判所,裁判所,exam,3,pre1,pre1,名詞,pre1:2912,1,pre1_or_1_deferred
tribute,tribute,word,貢ぎ物，感謝,貢ぎ物，感謝,exam,3,pre1,pre1,名詞,pre1:1618,1,pre1_or_1_deferred
trickle,trickle,word,したたる,したたる,exam,3,pre1,pre1,動詞,pre1:2651,1,pre1_or_1_deferred
trifle,trifle,word,ささいなこと,ささいなこと,exam,3,pre1,pre1,名詞,pre1:1435,1,pre1_or_1_deferred
trim,trim,word,を整える，手入れする,を整える，手入れする,exam,3,pre1,pre1,動詞,pre1:675,1,pre1_or_1_deferred
triumph,triumph,word,大勝利,大勝利,exam,3,pre1,pre1,名詞,pre1:324,1,pre1_or_1_deferred
triumphant,triumphant,word,成功した，勝利した,成功した，勝利した,exam,3,pre1,pre1,形容詞,pre1:2132,1,pre1_or_1_deferred
trot,trot,word,急ぎ足，駆け足,急ぎ足，駆け足,exam,3,pre1,pre1,名詞,pre1:2000,1,pre1_or_1_deferred
trustee,trustee,word,受託者，保管人,受託者，保管人,exam,3,pre1,pre1,名詞,pre1:1663,1,pre1_or_1_deferred
tuck,tuck,word,を押し込む，つめ込む,を押し込む，つめ込む,exam,3,pre1,pre1,動詞,pre1:1076,1,pre1_or_1_deferred
tug,tug,word,をぐいと引く，強く引っ張る,をぐいと引く，強く引っ張る,exam,3,pre1,pre1,動詞,pre1:2280,1,pre1_or_1_deferred
tumble,tumble,word,転落する，倒れる,転落する，倒れる,exam,3,pre1,pre1,動詞,pre1:1557,1,pre1_or_1_deferred
tumult,tumult,word,騒動，暴動,騒動，暴動,exam,3,pre1,pre1,名詞,pre1:2884,1,pre1_or_1_deferred
turmoil,turmoil,word,騒動，混乱，騒ぎ,騒動，混乱，騒ぎ,exam,3,pre1,pre1;1,名詞,pre1:2107;1:325,2,pre1_or_1_deferred
tutor,tutor,word,家庭教師，個別指導者,家庭教師，個別指導者,exam,3,pre1,pre1;1,名詞,pre1:118;1:136,2,pre1_or_1_deferred
twig,twig,word,小枝,小枝,exam,3,pre1,pre1,名詞,pre1:1495,1,pre1_or_1_deferred
twilight,twilight,word,黄昏時,黄昏時,exam,3,pre1,pre1,名詞,pre1:727,1,pre1_or_1_deferred
twinkle,twinkle,word,きらきら光る,きらきら光る,exam,3,pre1,pre1,動詞,pre1:808,1,pre1_or_1_deferred
tyranny,tyranny,word,専制政治，圧政,専制政治，圧政,exam,3,pre1,pre1;1,名詞,pre1:1772;1:158,2,pre1_or_1_deferred
ultimately,ultimately,word,最後に，ついに,最後に，ついに,exam,3,pre1,pre1,副詞,pre1:131,1,pre1_or_1_deferred
umpire,umpire,word,審判，審判員,審判，審判員,exam,3,pre1,pre1,名詞,pre1:951,1,pre1_or_1_deferred
unanimous,unanimous,word,満場一致の，同意見の,満場一致の，同意見の,exam,3,pre1,pre1,形容詞,pre1:1649,1,pre1_or_1_deferred
unaware,unaware,word,気づいていない,気づいていない,exam,3,pre1,pre1,形容詞,pre1:686,1,pre1_or_1_deferred
uncertain,uncertain,word,不確実な，確信を持てない,不確実な，確信を持てない,exam,3,pre1,pre1,形容詞,pre1:280,1,pre1_or_1_deferred
uncertainty,uncertainty,word,不確実性，不明確さ,不確実性，不明確さ,exam,3,pre1,pre1,名詞,pre1:581,1,pre1_or_1_deferred
uncommon,uncommon,word,珍しい，滅多にない,珍しい，滅多にない,exam,3,pre1,pre1,形容詞,pre1:802,1,pre1_or_1_deferred
unconscious,unconscious,word,無意識の，潜在意識の,無意識の，潜在意識の,exam,3,pre1,pre1;1,形容詞,pre1:1247;1:262,2,pre1_or_1_deferred
uncover,uncover,word,を明らかにする，ふたを取る,を明らかにする，ふたを取る,exam,3,pre1,pre1,動詞,pre1:891,1,pre1_or_1_deferred
undergraduate,undergraduate,word,大学生，学部生,大学生，学部生,exam,3,pre1,pre1;1,名詞,pre1:874;1:138,2,pre1_or_1_deferred
underlying,underlying,word,根底にある,根底にある,exam,3,pre1,pre1,形容詞,pre1:2344,1,pre1_or_1_deferred
undermine,undermine,word,弱体化させる，衰退させる,弱体化させる，衰退させる,exam,3,pre1,pre1;1,動詞,pre1:2600;1:490,2,pre1_or_1_deferred
undo,undo,word,元通りにする,元通りにする,exam,3,pre1,pre1,動詞,pre1:1240,1,pre1_or_1_deferred
unfold,unfold,word,を展開する，広げる,を展開する，広げる,exam,3,pre1,pre1,動詞,pre1:1132,1,pre1_or_1_deferred
unified,unified,word,統一された,統一された,exam,3,pre1,pre1,形容詞,pre1:3187,1,pre1_or_1_deferred
unify,unify,word,を一つにする，統一する,を一つにする，統一する,exam,3,pre1,pre1,動詞,pre1:2223,1,pre1_or_1_deferred
unite,unite,word,を結合させる，団結する,を結合させる，団結する,exam,3,pre1,pre1,動詞,pre1:119,1,pre1_or_1_deferred
unity,unity,word,団結，単一,団結，単一,exam,3,pre1,pre1,名詞,pre1:782,1,pre1_or_1_deferred
unjust,unjust,word,不当な，不公平な,不当な，不公平な / 不当な，不適切な,exam,3,pre1,pre1;1,形容詞,pre1:584;1:1333,2,pre1_or_1_deferred
unkind,unkind,word,不親切な，薄情な,不親切な，薄情な,exam,3,pre1,pre1,形容詞,pre1:348,1,pre1_or_1_deferred
unprecedented,unprecedented,word,前例のない,前例のない,exam,3,pre1,pre1,形容詞,pre1:2355,1,pre1_or_1_deferred
unstable,unstable,word,不安定な，ゆらぎやすい,不安定な，ゆらぎやすい,exam,3,pre1,pre1;1,形容詞,pre1:2248;1:190,2,pre1_or_1_deferred
untidy,untidy,word,だらしない，乱雑な,だらしない，乱雑な,exam,3,pre1,pre1,形容詞,pre1:1255,1,pre1_or_1_deferred
unveil,unveil,word,明らかにする,明らかにする,exam,3,pre1,pre1,動詞,pre1:3029,1,pre1_or_1_deferred
uplift,uplift,word,隆起,隆起,exam,3,pre1,pre1,名詞,pre1:3229,1,pre1_or_1_deferred
uproar,uproar,word,大騒ぎ，騒動,大騒ぎ，騒動 / 大騒ぎ,exam,3,pre1,pre1;1,名詞,pre1:2613;1:2150,2,pre1_or_1_deferred
upscale,upscale,word,高級な,高級な,exam,3,pre1,pre1,形容詞,pre1:3203,1,pre1_or_1_deferred
uptight,uptight,word,きつい,きつい,exam,3,pre1,pre1,形容詞,pre1:3270,1,pre1_or_1_deferred
utensil,utensil,word,用具，器具,用具，器具 / 器具,exam,3,pre1,pre1;1,名詞,pre1:1886;1:3648,2,pre1_or_1_deferred
utility,utility,word,効用,効用,exam,3,pre1,pre1,名詞,pre1:1081,1,pre1_or_1_deferred
utmost,utmost,word,最大限の，最高の,最大限の，最高の,exam,3,pre1,pre1,形容詞,pre1:1324,1,pre1_or_1_deferred
utterance,utterance,word,発言，発声,発言，発声,exam,3,pre1,pre1,名詞,pre1:1449,1,pre1_or_1_deferred
vacancy,vacancy,word,空っぽ，空いた場所,空っぽ，空いた場所,exam,3,pre1,pre1,名詞,pre1:1813,1,pre1_or_1_deferred
vacant,vacant,word,空っぽの，無人の,空っぽの，無人の,exam,3,pre1,pre1,形容詞,pre1:1134,1,pre1_or_1_deferred
valid,valid,word,有効な，根拠のある,有効な，根拠のある,exam,3,pre1,pre1,形容詞,pre1:1059,1,pre1_or_1_deferred
validity,validity,word,有効性，効果性,有効性，効果性,exam,3,pre1,pre1;1,名詞,pre1:2356;1:440,2,pre1_or_1_deferred
vandalize,vandalize,word,わざと壊す，故意に破壊する,わざと壊す，故意に破壊する,exam,3,pre1,pre1,動詞,pre1:148,1,pre1_or_1_deferred
vanity,vanity,word,虚栄心，うぬぼれ,虚栄心，うぬぼれ,exam,3,pre1,pre1,名詞,pre1:950,1,pre1_or_1_deferred
vapor,vapor,word,蒸気，水蒸気,蒸気，水蒸気,exam,3,pre1,pre1,名詞,pre1:1681,1,pre1_or_1_deferred
vase,vase,word,花瓶，つぼ,花瓶，つぼ,exam,3,pre1,pre1,名詞,pre1:264,1,pre1_or_1_deferred
vast,vast,word,広大な，莫大な,広大な，莫大な,exam,3,pre1,pre1,形容詞,pre1:75,1,pre1_or_1_deferred
vault,vault,word,丸天井，ドーム型の天井,丸天井，ドーム型の天井,exam,3,pre1,pre1;1,名詞,pre1:3232;1:539,2,pre1_or_1_deferred
veil,veil,word,覆うもの，口実,覆うもの，口実,exam,3,pre1,pre1,名詞,pre1:3241,1,pre1_or_1_deferred
vein,vein,word,静脈,静脈,exam,3,pre1,pre1,名詞,pre1:1570,1,pre1_or_1_deferred
velocity,velocity,word,速度,速度,exam,3,pre1,pre1,名詞,pre1:1959,1,pre1_or_1_deferred
vendor,vendor,word,行商人,行商人,exam,3,pre1,pre1,名詞,pre1:2358,1,pre1_or_1_deferred
vent,vent,word,排出口，通風孔,排出口，通風孔,exam,3,pre1,pre1,名詞,pre1:2125,1,pre1_or_1_deferred
ventilate,ventilate,word,換気する,換気する,exam,3,pre1,pre1,動詞,pre1:3172,1,pre1_or_1_deferred
venue,venue,word,会場，場所,会場，場所 / 現場，場所,exam,3,pre1,pre1;1,名詞,pre1:185;1:678,2,pre1_or_1_deferred
verb,verb,word,動詞,動詞,exam,3,pre1,pre1,名詞,pre1:598,1,pre1_or_1_deferred
verdict,verdict,word,評決,評決,exam,3,pre1,pre1,名詞,pre1:2378,1,pre1_or_1_deferred
verge,verge,word,寸前，境界,寸前，境界,exam,3,pre1,pre1,名詞,pre1:3155,1,pre1_or_1_deferred
verify,verify,word,を確認する，立証する,を確認する，立証する,exam,3,pre1,pre1,動詞,pre1:2395,1,pre1_or_1_deferred
vertical,vertical,word,垂直の，縦の,垂直の，縦の,exam,3,pre1,pre1,形容詞,pre1:1481,1,pre1_or_1_deferred
viable,viable,word,生存できる，生き抜く,生存できる，生き抜く,exam,3,pre1,pre1;1,形容詞,pre1:3173;1:780,2,pre1_or_1_deferred
vibrant,vibrant,word,活気のある,活気のある,exam,3,pre1,pre1,形容詞,pre1:3400,1,pre1_or_1_deferred
vicinity,vicinity,word,近所，近隣,近所，近隣,exam,3,pre1,pre1;1,名詞,pre1:2975;1:308,2,pre1_or_1_deferred
vicious,vicious,word,悪意のある，意地悪な,悪意のある，意地悪な,exam,3,pre1,pre1,形容詞,pre1:1097,1,pre1_or_1_deferred
vigor,vigor,word,活力,活力,exam,3,pre1,pre1;1,名詞,pre1:501;1:2288,2,pre1_or_1_deferred
vigorous,vigorous,word,精力的な，元気な,精力的な，元気な,exam,3,pre1,pre1,形容詞,pre1:1375,1,pre1_or_1_deferred
villa,villa,word,別荘,別荘,exam,3,pre1,pre1,名詞,pre1:1066,1,pre1_or_1_deferred
villain,villain,word,悪党，悪者,悪党，悪者,exam,3,pre1,pre1,名詞,pre1:219,1,pre1_or_1_deferred
villainous,villainous,word,極悪人の，悪役の,極悪人の，悪役の,exam,3,pre1,pre1,形容詞,pre1:3340,1,pre1_or_1_deferred
violation,violation,word,違反，侵害,違反，侵害,exam,3,pre1,pre1;1,名詞,pre1:1366;1:172,2,pre1_or_1_deferred
virgin,virgin,word,処女,処女,exam,3,pre1,pre1,名詞,pre1:1183,1,pre1_or_1_deferred
vitality,vitality,word,生命力，活気,生命力，活気,exam,3,pre1,pre1,名詞,pre1:1423,1,pre1_or_1_deferred
vocal,vocal,word,音声の，声の,音声の，声の,exam,3,pre1,pre1,形容詞,pre1:1088,1,pre1_or_1_deferred
vocation,vocation,word,天職，職業,天職，職業,exam,3,pre1,pre1,名詞,pre1:1580,1,pre1_or_1_deferred
vocational,vocational,word,職業の，職業上の,職業の，職業上の / 職業の，仕事の,exam,3,pre1,pre1;1,形容詞,pre1:2549;1:887,2,pre1_or_1_deferred
vogue,vogue,word,流行,流行,exam,3,pre1,pre1;1,名詞,pre1:2456;1:2019,2,pre1_or_1_deferred
void,void,word,無効の,無効の,exam,3,pre1,pre1,形容詞,pre1:2640,1,pre1_or_1_deferred
volcanic,volcanic,word,火山の,火山の,exam,3,pre1,pre1,形容詞,pre1:2104,1,pre1_or_1_deferred
volcano,volcano,word,火山，噴火口,火山，噴火口,exam,3,pre1,pre1;1,名詞,pre1:604;1:522,2,pre1_or_1_deferred
vomit,vomit,word,吐く/嘔吐,吐く/嘔吐,exam,3,pre1,pre1,動詞,pre1:2217,1,pre1_or_1_deferred
voucher,voucher,word,引換券,引換券,exam,3,pre1,pre1,名詞,pre1:2115,1,pre1_or_1_deferred
vowel,vowel,word,母音,母音,exam,3,pre1,pre1,名詞,pre1:1306,1,pre1_or_1_deferred
vulgar,vulgar,word,下品な,下品な,exam,3,pre1,pre1,形容詞,pre1:1796,1,pre1_or_1_deferred
wag,wag,word,を振る，揺り動かす,を振る，揺り動かす,exam,3,pre1,pre1,動詞,pre1:2061,1,pre1_or_1_deferred
wail,wail,word,泣き叫ぶ,泣き叫ぶ,exam,3,pre1,pre1,動詞,pre1:2557,1,pre1_or_1_deferred
wander,wander,word,放浪する,放浪する,exam,3,pre1,pre1,動詞,pre1:3325,1,pre1_or_1_deferred
ward,ward,word,区画，病室,区画，病室,exam,3,pre1,pre1,名詞,pre1:707,1,pre1_or_1_deferred
warehouse,warehouse,word,倉庫,倉庫,exam,3,pre1,pre1,名詞,pre1:2188,1,pre1_or_1_deferred
warmth,warmth,word,暖かさ，温もり,暖かさ，温もり,exam,3,pre1,pre1,名詞,pre1:103,1,pre1_or_1_deferred
warrant,warrant,word,証明書，保証書,証明書，保証書,exam,3,pre1,pre1;1,名詞,pre1:1312;1:116,2,pre1_or_1_deferred
warranty,warranty,word,保証，保障,保証，保障,exam,3,pre1,pre1;1,名詞,pre1:2899;1:210,2,pre1_or_1_deferred
warrior,warrior,word,戦士,戦士,exam,3,pre1,pre1,名詞,pre1:597,1,pre1_or_1_deferred
watchdog,watchdog,word,番犬,番犬,exam,3,pre1,pre1,名詞,pre1:1196,1,pre1_or_1_deferred
waver,waver,word,揺らぐ、安定していない、ぐらつく,揺らぐ、安定していない、ぐらつく / 揺らぐ，安定していない，ぐらつく,exam,3,pre1,pre1;1,動詞,pre1:3079;1:1650,2,pre1_or_1_deferred
weaken,weaken,word,弱める，力を失う,弱める，力を失う,exam,3,pre1,pre1;1,動詞,pre1:333;1:189,2,pre1_or_1_deferred
weary,weary,word,疲れた，疲弊した,疲れた，疲弊した,exam,3,pre1,pre1,形容詞,pre1:179,1,pre1_or_1_deferred
weave,weave,word,織物を織る,織物を織る,exam,3,pre1,pre1,動詞,pre1:87,1,pre1_or_1_deferred
weed,weed,word,雑草，草取り,雑草，草取り,exam,3,pre1,pre1;1,名詞,pre1:195;1:77,2,pre1_or_1_deferred
weep,weep,word,泣く，涙を流す,泣く，涙を流す,exam,3,pre1,pre1,動詞,pre1:208,1,pre1_or_1_deferred
weird,weird,word,変な，気味の悪い,変な，気味の悪い,exam,3,pre1,pre1,形容詞,pre1:1456,1,pre1_or_1_deferred
whatsoever,whatsoever,word,なんでも,なんでも,exam,3,pre1,pre1,副詞,pre1:2875,1,pre1_or_1_deferred
wheat,wheat,word,小麦,小麦,exam,3,pre1,pre1,名詞,pre1:178,1,pre1_or_1_deferred
whereby,whereby,word,それによって，それに従って,それによって，それに従って,exam,3,pre1,pre1,接続詞,pre1:2732,1,pre1_or_1_deferred
wholesome,wholesome,word,健全な，健康的な,健全な，健康的な,exam,3,pre1,pre1,形容詞,pre1:3004,1,pre1_or_1_deferred
wicked,wicked,word,邪悪な，悪い,邪悪な，悪い,exam,3,pre1,pre1,形容詞,pre1:322,1,pre1_or_1_deferred
wicket,wicket,word,窓口,窓口,exam,3,pre1,pre1,名詞,pre1:2237,1,pre1_or_1_deferred
widow,widow,word,未亡人，夫を亡くした女性,未亡人，夫を亡くした女性,exam,3,pre1,pre1,名詞,pre1:741,1,pre1_or_1_deferred
wilderness,wilderness,word,荒野，未開の地,荒野，未開の地,exam,3,pre1,pre1;1,名詞,pre1:293;1:197,2,pre1_or_1_deferred
willingness,willingness,word,意欲，意志,意欲，意志,exam,3,pre1,pre1;1,名詞,pre1:2377;1:248,2,pre1_or_1_deferred
windmill,windmill,word,風車,風車,exam,3,pre1,pre1,名詞,pre1:2191,1,pre1_or_1_deferred
wit,wit,word,機転,機転,exam,3,pre1,pre1,名詞,pre1:684,1,pre1_or_1_deferred
witch,witch,word,魔女，魔法使い,魔女，魔法使い,exam,3,pre1,pre1;1,名詞,pre1:788;1:416,2,pre1_or_1_deferred
withdrawal,withdrawal,word,撤回，撤退,撤回，撤退,exam,3,pre1,pre1,名詞,pre1:1110,1,pre1_or_1_deferred
wither,wither,word,枯れる，しおれる,枯れる，しおれる,exam,3,pre1,pre1,動詞,pre1:1674,1,pre1_or_1_deferred
withhold,withhold,word,差し控える,差し控える,exam,3,pre1,pre1,動詞,pre1:2004,1,pre1_or_1_deferred
witty,witty,word,気の利いた,気の利いた,exam,3,pre1,pre1,形容詞,pre1:1444,1,pre1_or_1_deferred
woe,woe,word,悲痛，苦悩,悲痛，苦悩,exam,3,pre1,pre1,名詞,pre1:2810,1,pre1_or_1_deferred
worship,worship,word,礼拝，崇拝,礼拝，崇拝,exam,3,pre1,pre1,名詞,pre1:2133,1,pre1_or_1_deferred
worthwhile,worthwhile,word,価値のある,価値のある,exam,3,pre1,pre1,形容詞,pre1:3129,1,pre1_or_1_deferred
wound,wound,word,傷,傷,exam,3,pre1,pre1,名詞,pre1:3136,1,pre1_or_1_deferred
wreath,wreath,word,花輪，花冠,花輪，花冠,exam,3,pre1,pre1,名詞,pre1:1719,1,pre1_or_1_deferred
wreck,wreck,word,難破，衝突,難破，衝突,exam,3,pre1,pre1,名詞,pre1:1696,1,pre1_or_1_deferred
wrinkle,wrinkle,word,しわ,しわ,exam,3,pre1,pre1,名詞,pre1:1277,1,pre1_or_1_deferred
wrist,wrist,word,手首，そで口,手首，そで口,exam,3,pre1,pre1,名詞,pre1:226,1,pre1_or_1_deferred
yarn,yarn,word,編み糸,編み糸,exam,3,pre1,pre1,名詞,pre1:1546,1,pre1_or_1_deferred
yawn,yawn,word,欠伸をする，あくびをする,欠伸をする，あくびをする,exam,3,pre1,pre1;1,動詞,pre1:287;1:1773,2,pre1_or_1_deferred
yearn,yearn,word,憧れる，慕う,憧れる，慕う / 切望する，強く望む,exam,3,pre1,pre1;1,動詞,pre1:2098;1:4172,2,pre1_or_1_deferred
yolk,yolk,word,卵黄，黄身,卵黄，黄身 / 卵黄,exam,3,pre1,pre1;1,名詞,pre1:2615;1:4016,2,pre1_or_1_deferred
zeal,zeal,word,熱心，熱意,熱心，熱意 / 熱意，情熱,exam,3,pre1,pre1;1,名詞,pre1:1653;1:4183,2,pre1_or_1_deferred
abate,abate,word,減少する，和らげる,減少する，和らげる,exam,3,1,1,,1:4160,1,pre1_or_1_deferred
abbey,abbey,word,修道院，僧院,修道院，僧院,exam,3,1,1,,1:983,1,pre1_or_1_deferred
abdicate,abdicate,word,退位する，辞める,退位する，辞める,exam,3,1,1,,1:4173,1,pre1_or_1_deferred
abdomen,abdomen,word,腹部，腹の部分,腹部，腹の部分,exam,3,1,1,,1:1011,1,pre1_or_1_deferred
abdominal,abdominal,word,腹部の，腹の,腹部の，腹の,exam,3,1,1,,1:1363,1,pre1_or_1_deferred
abduct,abduct,word,拉致する，誘拐する,拉致する，誘拐する,exam,3,1,1,,1:599,1,pre1_or_1_deferred
abduction,abduction,word,拉致，誘拐,拉致，誘拐,exam,3,1,1,,1:1234,1,pre1_or_1_deferred
aberrant,aberrant,word,異常な，変わった,異常な，変わった,exam,3,1,1,,1:4203,1,pre1_or_1_deferred
aberration,aberration,word,脱線行為，妨害行為,脱線行為，妨害行為,exam,3,1,1,,1:1858,1,pre1_or_1_deferred
abet,abet,word,扇動する，煽る,扇動する，煽る,exam,3,1,1,,1:1307,1,pre1_or_1_deferred
abhor,abhor,word,嫌悪する,嫌悪する,exam,3,1,1,,1:2176,1,pre1_or_1_deferred
abhorrent,abhorrent,word,忌まわしい,忌まわしい,exam,3,1,1,,1:2902,1,pre1_or_1_deferred
abiding,abiding,word,永続的な，永久の,永続的な，永久の,exam,3,1,1,,1:2283,1,pre1_or_1_deferred
abject,abject,word,卑劣な,卑劣な,exam,3,1,1,,1:3091,1,pre1_or_1_deferred
ablaze,ablaze,word,燃え立っている,燃え立っている,exam,3,1,1,,1:2190,1,pre1_or_1_deferred
abnegation,abnegation,word,自己否定，自己犠牲,自己否定，自己犠牲,exam,3,1,1,,1:4122,1,pre1_or_1_deferred
abominable,abominable,word,忌まわしい，憎むべき,忌まわしい，憎むべき,exam,3,1,1,,1:436,1,pre1_or_1_deferred
abomination,abomination,word,憎悪,憎悪,exam,3,1,1,,1:3131,1,pre1_or_1_deferred
aboveboard,aboveboard,word,公明正大な,公明正大な,exam,3,1,1,,1:3685,1,pre1_or_1_deferred
abrasive,abrasive,word,すり減らす，減らす，摩耗させる,すり減らす，減らす，摩耗させる,exam,3,1,1,,1:1594,1,pre1_or_1_deferred
abreast,abreast,word,横に並んで,横に並んで,exam,3,1,1,,1:3916,1,pre1_or_1_deferred
abridged,abridged,word,要約された,要約された,exam,3,1,1,,1:3697,1,pre1_or_1_deferred
abscond,abscond,word,逃亡する，忍び去る,逃亡する，忍び去る,exam,3,1,1,,1:4259,1,pre1_or_1_deferred
absentee,absentee,word,欠席者，不参加者,欠席者，不参加者,exam,3,1,1,,1:1945,1,pre1_or_1_deferred
absolve,absolve,word,免除する，免許する,免除する，免許する,exam,3,1,1,,1:3371,1,pre1_or_1_deferred
absorption,absorption,word,吸収，吸取,吸収，吸取,exam,3,1,1,,1:446,1,pre1_or_1_deferred
abstinence,abstinence,word,禁欲,禁欲,exam,3,1,1,,1:2329,1,pre1_or_1_deferred
absurdity,absurdity,word,不条理，不合理，矛盾,不条理，不合理，矛盾,exam,3,1,1,,1:1790,1,pre1_or_1_deferred
abysmal,abysmal,word,奈落のような，ひどい,奈落のような，ひどい,exam,3,1,1,,1:4254,1,pre1_or_1_deferred
abyss,abyss,word,深淵，非常に深いところ，底なし,深淵，非常に深いところ，底なし,exam,3,1,1,,1:1660,1,pre1_or_1_deferred
accede,accede,word,同意する,同意する,exam,3,1,1,,1:2112,1,pre1_or_1_deferred
accentuate,accentuate,word,強調する,強調する,exam,3,1,1,,1:2095,1,pre1_or_1_deferred
accolade,accolade,word,栄誉,栄誉,exam,3,1,1,,1:2694,1,pre1_or_1_deferred
accomplice,accomplice,word,共犯者,共犯者,exam,3,1,1,,1:2537,1,pre1_or_1_deferred
accreditation,accreditation,word,認定，承認,認定，承認,exam,3,1,1,,1:969,1,pre1_or_1_deferred
accrue,accrue,word,発生する，起こる,発生する，起こる,exam,3,1,1,,1:1451,1,pre1_or_1_deferred
acknowledgement,acknowledgement,word,承認，認可,承認，認可,exam,3,1,1,,1:1874,1,pre1_or_1_deferred
acne,acne,word,にきび,にきび,exam,3,1,1,,1:2368,1,pre1_or_1_deferred
acquiescence,acquiescence,word,黙認,黙認,exam,3,1,1,,1:3561,1,pre1_or_1_deferred
acquittal,acquittal,word,無罪放免，無罪を宣告する,無罪放免，無罪を宣告する,exam,3,1,1,,1:1191,1,pre1_or_1_deferred
acrid,acrid,word,刺激的な,刺激的な,exam,3,1,1,,1:2863,1,pre1_or_1_deferred
acrimony,acrimony,word,辛辣さ,辛辣さ,exam,3,1,1,,1:3581,1,pre1_or_1_deferred
acronym,acronym,word,頭字語，初めの文字で作られる単語,頭字語，初めの文字で作られる単語,exam,3,1,1,,1:1715,1,pre1_or_1_deferred
acumen,acumen,word,洞察力，識見,洞察力，識見,exam,3,1,1,,1:1826,1,pre1_or_1_deferred
acupuncture,acupuncture,word,鍼,鍼,exam,3,1,1,,1:3461,1,pre1_or_1_deferred
adage,adage,word,格言,格言,exam,3,1,1,,1:2751,1,pre1_or_1_deferred
adamant,adamant,word,断固たる，固定的な,断固たる，固定的な,exam,3,1,1,,1:508,1,pre1_or_1_deferred
adept,adept,word,熟達した,熟達した,exam,3,1,1,,1:2152,1,pre1_or_1_deferred
adjoining,adjoining,word,隣の，隣接する,隣の，隣接する,exam,3,1,1,,1:1309,1,pre1_or_1_deferred
adjunct,adjunct,word,付属物，付加物,付属物，付加物,exam,3,1,1,,1:1906,1,pre1_or_1_deferred
admonition,admonition,word,訓戒,訓戒,exam,3,1,1,,1:3145,1,pre1_or_1_deferred
adrift,adrift,word,漂流して，漂う，流されている,漂流して，漂う，流されている,exam,3,1,1,,1:1357,1,pre1_or_1_deferred
adroit,adroit,word,器用な,器用な,exam,3,1,1,,1:3826,1,pre1_or_1_deferred
adulation,adulation,word,お世辞，過剰な賞賛,お世辞，過剰な賞賛,exam,3,1,1,,1:4276,1,pre1_or_1_deferred
adultery,adultery,word,姦通，不倫,姦通，不倫,exam,3,1,1,,1:1192,1,pre1_or_1_deferred
adversity,adversity,word,逆境，困難，窮地,逆境，困難，窮地,exam,3,1,1,,1:1879,1,pre1_or_1_deferred
aegis,aegis,word,保護,保護,exam,3,1,1,,1:3369,1,pre1_or_1_deferred
affable,affable,word,親しみの持てる,親しみの持てる,exam,3,1,1,,1:2145,1,pre1_or_1_deferred
affective,affective,word,優しい，親切な,優しい，親切な,exam,3,1,1,,1:1353,1,pre1_or_1_deferred
affiliated,affiliated,word,提携した，連携した,提携した，連携した,exam,3,1,1,,1:1479,1,pre1_or_1_deferred
affirmation,affirmation,word,断言，明言,断言，明言,exam,3,1,1,,1:998,1,pre1_or_1_deferred
affliction,affliction,word,苦痛,苦痛,exam,3,1,1,,1:3483,1,pre1_or_1_deferred
aforementioned,aforementioned,word,前述の，先に述べた,前述の，先に述べた,exam,3,1,1,,1:1359,1,pre1_or_1_deferred
aggregate,aggregate,word,集める，収集する,集める，収集する,exam,3,1,1,,1:1559,1,pre1_or_1_deferred
aggrieved,aggrieved,word,感情を害した,感情を害した,exam,3,1,1,,1:2191,1,pre1_or_1_deferred
agile,agile,word,機敏な,機敏な,exam,3,1,1,,1:2766,1,pre1_or_1_deferred
agrarian,agrarian,word,農地の,農地の,exam,3,1,1,,1:4042,1,pre1_or_1_deferred
ail,ail,word,苦しめる，苦痛を与える,苦しめる，苦痛を与える,exam,3,1,1,,1:425,1,pre1_or_1_deferred
ailing,ailing,word,病んでいる,病んでいる,exam,3,1,1,,1:2017,1,pre1_or_1_deferred
ailment,ailment,word,病気，疾患,病気，疾患,exam,3,1,1,,1:1097,1,pre1_or_1_deferred
airborne,airborne,word,空輸の,空輸の,exam,3,1,1,,1:2099,1,pre1_or_1_deferred
alias,alias,word,別名は，別称は,別名は，別称は,exam,3,1,1,,1:1329,1,pre1_or_1_deferred
alienation,alienation,word,疎外，遠ざける，孤立させる,疎外，遠ざける，孤立させる,exam,3,1,1,,1:1892,1,pre1_or_1_deferred
align,align,word,揃える，整える,揃える，整える,exam,3,1,1,,1:1477,1,pre1_or_1_deferred
allay,allay,word,和らげる，軽減する,和らげる，軽減する,exam,3,1,1,,1:356,1,pre1_or_1_deferred
allegiance,allegiance,word,忠誠,忠誠,exam,3,1,1,,1:3248,1,pre1_or_1_deferred
allegory,allegory,word,たとえ話，比喩,たとえ話，比喩,exam,3,1,1,,1:3393,1,pre1_or_1_deferred
allele,allele,word,対立遺伝子,対立遺伝子,exam,3,1,1,,1:3408,1,pre1_or_1_deferred
alloy,alloy,word,合金,合金,exam,3,1,1,,1:3579,1,pre1_or_1_deferred
alluring,alluring,word,魅惑的な,魅惑的な,exam,3,1,1,,1:2267,1,pre1_or_1_deferred
allusion,allusion,word,暗示，示唆,暗示，示唆,exam,3,1,1,,1:1856,1,pre1_or_1_deferred
altercation,altercation,word,口論,口論,exam,3,1,1,,1:2460,1,pre1_or_1_deferred
altruism,altruism,word,利他主義，無私無欲,利他主義，無私無欲,exam,3,1,1,,1:1774,1,pre1_or_1_deferred
altruistic,altruistic,word,利他的な,利他的な,exam,3,1,1,,1:3929,1,pre1_or_1_deferred
alumnus,alumnus,word,卒業生，卒業した人,卒業生，卒業した人,exam,3,1,1,,1:1655,1,pre1_or_1_deferred
amass,amass,word,蓄える，保存する,蓄える，保存する,exam,3,1,1,,1:571,1,pre1_or_1_deferred
ambient,ambient,word,周囲の,周囲の,exam,3,1,1,,1:2859,1,pre1_or_1_deferred
ambivalent,ambivalent,word,相反する感情のある，矛盾した感情の,相反する感情のある，矛盾した感情の,exam,3,1,1,,1:1459,1,pre1_or_1_deferred
ambush,ambush,word,待ち伏せ，待ち構え，伏兵,待ち伏せ，待ち構え，伏兵,exam,3,1,1,,1:1803,1,pre1_or_1_deferred
amenable,amenable,word,従順な,従順な,exam,3,1,1,,1:3084,1,pre1_or_1_deferred
amends,amends,word,償い,償い,exam,3,1,1,,1:2632,1,pre1_or_1_deferred
amidst,amidst,word,の中で，内部で,の中で，内部で,exam,3,1,1,,1:1487,1,pre1_or_1_deferred
amity,amity,word,親善,親善,exam,3,1,1,,1:2590,1,pre1_or_1_deferred
amnesia,amnesia,word,健忘症,健忘症,exam,3,1,1,,1:3513,1,pre1_or_1_deferred
amphibian,amphibian,word,両生類の,両生類の,exam,3,1,1,,1:4030,1,pre1_or_1_deferred
amplitude,amplitude,word,広さ，振幅,広さ，振幅,exam,3,1,1,,1:3339,1,pre1_or_1_deferred
amply,amply,word,広々と，広大に,広々と，広大に,exam,3,1,1,,1:1336,1,pre1_or_1_deferred
amputation,amputation,word,切断,切断,exam,3,1,1,,1:3303,1,pre1_or_1_deferred
ancestral,ancestral,word,先祖の，祖先の,先祖の，祖先の,exam,3,1,1,,1:125,1,pre1_or_1_deferred
ancillary,ancillary,word,付属の,付属の,exam,3,1,1,,1:2963,1,pre1_or_1_deferred
anecdotal,anecdotal,word,逸話の，物語性のある,逸話の，物語性のある,exam,3,1,1,,1:238,1,pre1_or_1_deferred
anemia,anemia,word,貧血症，赤血球不足,貧血症，赤血球不足,exam,3,1,1,,1:1013,1,pre1_or_1_deferred
anesthesia,anesthesia,word,麻酔，麻酔薬,麻酔，麻酔薬,exam,3,1,1,,1:1054,1,pre1_or_1_deferred
anew,anew,word,新たに,新たに,exam,3,1,1,,1:2163,1,pre1_or_1_deferred
angst,angst,word,不安,不安,exam,3,1,1,,1:2411,1,pre1_or_1_deferred
animosity,animosity,word,敵意，敵対心,敵意，敵対心,exam,3,1,1,,1:489,1,pre1_or_1_deferred
annex,annex,word,添付する，別館,添付する，別館,exam,3,1,1,,1:1368,1,pre1_or_1_deferred
annexation,annexation,word,付加,付加,exam,3,1,1,,1:3539,1,pre1_or_1_deferred
annihilate,annihilate,word,全滅させる,全滅させる,exam,3,1,1,,1:1973,1,pre1_or_1_deferred
annotate,annotate,word,注釈を付ける,注釈を付ける,exam,3,1,1,,1:3577,1,pre1_or_1_deferred
annuity,annuity,word,年金，退職金,年金，退職金,exam,3,1,1,,1:1102,1,pre1_or_1_deferred
annul,annul,word,無効にする，無効化する,無効にする，無効化する,exam,3,1,1,,1:1366,1,pre1_or_1_deferred
anorexia,anorexia,word,拒食症,拒食症,exam,3,1,1,,1:2610,1,pre1_or_1_deferred
antagonize,antagonize,word,敵に回す,敵に回す,exam,3,1,1,,1:2049,1,pre1_or_1_deferred
antarctic,antarctic,word,南極の,南極の,exam,3,1,1,,1:2928,1,pre1_or_1_deferred
antecedent,antecedent,word,先行する,先行する,exam,3,1,1,,1:2088,1,pre1_or_1_deferred
anterior,anterior,word,前部の,前部の,exam,3,1,1,,1:2771,1,pre1_or_1_deferred
anteroom,anteroom,word,控え室,控え室,exam,3,1,1,,1:2371,1,pre1_or_1_deferred
anthropological,anthropological,word,人類学,人類学,exam,3,1,1,,1:2935,1,pre1_or_1_deferred
antic,antic,word,ふざけた,ふざけた,exam,3,1,1,,1:2372,1,pre1_or_1_deferred
antidote,antidote,word,解毒剤，毒を中和する物質，解毒薬,解毒剤，毒を中和する物質，解毒薬,exam,3,1,1,,1:1656,1,pre1_or_1_deferred
antigen,antigen,word,抗原,抗原,exam,3,1,1,,1:3394,1,pre1_or_1_deferred
antipathy,antipathy,word,反感，嫌悪,反感，嫌悪,exam,3,1,1,,1:965,1,pre1_or_1_deferred
antiquated,antiquated,word,時代遅れの，古い,時代遅れの，古い,exam,3,1,1,,1:1388,1,pre1_or_1_deferred
antiseptic,antiseptic,word,殺菌の,殺菌の,exam,3,1,1,,1:3085,1,pre1_or_1_deferred
apathetic,apathetic,word,無関心な,無関心な,exam,3,1,1,,1:3598,1,pre1_or_1_deferred
aperture,aperture,word,隙間、開口部,隙間、開口部,exam,3,1,1,,1:2627,1,pre1_or_1_deferred
apex,apex,word,頂上,頂上,exam,3,1,1,,1:2649,1,pre1_or_1_deferred
appall,appall,word,ぞっとさせる,ぞっとさせる,exam,3,1,1,,1:3216,1,pre1_or_1_deferred
appalled,appalled,word,不安でいっぱいの,不安でいっぱいの,exam,3,1,1,,1:3654,1,pre1_or_1_deferred
appalling,appalling,word,ぞっとするような，気味の悪い,ぞっとするような，気味の悪い,exam,3,1,1,,1:240,1,pre1_or_1_deferred
apparition,apparition,word,亡霊,亡霊,exam,3,1,1,,1:3575,1,pre1_or_1_deferred
appease,appease,word,なだめる，鎮める,なだめる，鎮める,exam,3,1,1,,1:753,1,pre1_or_1_deferred
appellate,appellate,word,上訴の,上訴の,exam,3,1,1,,1:2028,1,pre1_or_1_deferred
apprehensive,apprehensive,word,心配した，気になる,心配した，気になる,exam,3,1,1,,1:1567,1,pre1_or_1_deferred
apprenticeship,apprenticeship,word,見習い,見習い,exam,3,1,1,,1:3252,1,pre1_or_1_deferred
approximation,approximation,word,近似,近似,exam,3,1,1,,1:2321,1,pre1_or_1_deferred
aptly,aptly,word,適切に，適当に,適切に，適当に,exam,3,1,1,,1:228,1,pre1_or_1_deferred
aquifer,aquifer,word,帯水層,帯水層,exam,3,1,1,,1:3430,1,pre1_or_1_deferred
arable,arable,word,耕作可能な,耕作可能な,exam,3,1,1,,1:3029,1,pre1_or_1_deferred
arbitration,arbitration,word,仲裁,仲裁,exam,3,1,1,,1:2722,1,pre1_or_1_deferred
arcane,arcane,word,不可思議な，神秘的な,不可思議な，神秘的な,exam,3,1,1,,1:1401,1,pre1_or_1_deferred
archipelago,archipelago,word,群島，諸島,群島，諸島,exam,3,1,1,,1:1031,1,pre1_or_1_deferred
ardent,ardent,word,熱心な，情熱的な,熱心な，情熱的な,exam,3,1,1,,1:735,1,pre1_or_1_deferred
ardor,ardor,word,情熱，熱意,情熱，熱意,exam,3,1,1,,1:4120,1,pre1_or_1_deferred
arid,arid,word,乾燥した，乾いている,乾燥した，乾いている,exam,3,1,1,,1:1447,1,pre1_or_1_deferred
ark,ark,word,箱舟，ノアの方舟,箱舟，ノアの方舟,exam,3,1,1,,1:1095,1,pre1_or_1_deferred
armistice,armistice,word,休戦,休戦,exam,3,1,1,,1:2761,1,pre1_or_1_deferred
armpit,armpit,word,脇の下,脇の下,exam,3,1,1,,1:2346,1,pre1_or_1_deferred
arousal,arousal,word,覚醒,覚醒,exam,3,1,1,,1:3360,1,pre1_or_1_deferred
arson,arson,word,放火，火をつける,放火，火をつける,exam,3,1,1,,1:1770,1,pre1_or_1_deferred
arthritis,arthritis,word,関節炎，関節の炎症,関節炎，関節の炎症,exam,3,1,1,,1:1163,1,pre1_or_1_deferred
articulation,articulation,word,調音,調音,exam,3,1,1,,1:2454,1,pre1_or_1_deferred
artifice,artifice,word,巧みさ，狡猾,巧みさ，狡猾,exam,3,1,1,,1:3473,1,pre1_or_1_deferred
ascend,ascend,word,昇る，上昇する,昇る，上昇する,exam,3,1,1,,1:560,1,pre1_or_1_deferred
ashore,ashore,word,岸へ,岸へ,exam,3,1,1,,1:2207,1,pre1_or_1_deferred
assail,assail,word,暴行する,暴行する,exam,3,1,1,,1:2098,1,pre1_or_1_deferred
assailant,assailant,word,加害者,加害者,exam,3,1,1,,1:2394,1,pre1_or_1_deferred
assiduous,assiduous,word,勤勉な,勤勉な,exam,3,1,1,,1:4018,1,pre1_or_1_deferred
assimilation,assimilation,word,同化，吸収,同化，吸収,exam,3,1,1,,1:84,1,pre1_or_1_deferred
assortment,assortment,word,詰め合わせ，詰め物,詰め合わせ，詰め物,exam,3,1,1,,1:1079,1,pre1_or_1_deferred
astute,astute,word,鋭い，鋭敏な,鋭い，鋭敏な,exam,3,1,1,,1:1326,1,pre1_or_1_deferred
asunder,asunder,word,バラバラに,バラバラに,exam,3,1,1,,1:2802,1,pre1_or_1_deferred
asylum,asylum,word,亡命，亡命者，亡命生活,亡命，亡命者，亡命生活,exam,3,1,1,,1:1797,1,pre1_or_1_deferred
atheism,atheism,word,無神論，神を信じない考え,無神論，神を信じない考え,exam,3,1,1,,1:1209,1,pre1_or_1_deferred
atheist,atheist,word,無神論者,無神論者,exam,3,1,1,,1:2338,1,pre1_or_1_deferred
atone,atone,word,償う,償う,exam,3,1,1,,1:2032,1,pre1_or_1_deferred
attire,attire,word,服装,服装,exam,3,1,1,,1:2729,1,pre1_or_1_deferred
attrition,attrition,word,消耗，使い果たす，減少,消耗，使い果たす，減少,exam,3,1,1,,1:1674,1,pre1_or_1_deferred
audacious,audacious,word,大胆な，勇敢な,大胆な，勇敢な,exam,3,1,1,,1:1390,1,pre1_or_1_deferred
auditory,auditory,word,聴覚の，聞く力,聴覚の，聞く力,exam,3,1,1,,1:1450,1,pre1_or_1_deferred
augment,augment,word,増やす，強化する,増やす，強化する,exam,3,1,1,,1:4154,1,pre1_or_1_deferred
auspicious,auspicious,word,縁起の良い,縁起の良い,exam,3,1,1,,1:3605,1,pre1_or_1_deferred
authoritative,authoritative,word,権威ある，権力のある,権威ある，権力のある,exam,3,1,1,,1:608,1,pre1_or_1_deferred
autism,autism,word,自閉症,自閉症,exam,3,1,1,,1:2519,1,pre1_or_1_deferred
autistic,autistic,word,自閉症の,自閉症の,exam,3,1,1,,1:2009,1,pre1_or_1_deferred
autonomous,autonomous,word,自律的な，独立的な,自律的な，独立的な,exam,3,1,1,,1:817,1,pre1_or_1_deferred
auxiliary,auxiliary,word,補助の,補助の,exam,3,1,1,,1:3683,1,pre1_or_1_deferred
avarice,avarice,word,貪欲,貪欲,exam,3,1,1,,1:2710,1,pre1_or_1_deferred
avatar,avatar,word,権化，象徴,権化，象徴,exam,3,1,1,,1:1851,1,pre1_or_1_deferred
avenge,avenge,word,仇を討つ，復讐する,仇を討つ，復讐する,exam,3,1,1,,1:856,1,pre1_or_1_deferred
avenger,avenger,word,復讐者,復讐者,exam,3,1,1,,1:3207,1,pre1_or_1_deferred
averse,averse,word,嫌っている,嫌っている,exam,3,1,1,,1:3910,1,pre1_or_1_deferred
aviary,aviary,word,鳥小屋,鳥小屋,exam,3,1,1,,1:2612,1,pre1_or_1_deferred
avid,avid,word,熱心な,熱心な,exam,3,1,1,,1:2236,1,pre1_or_1_deferred
awry,awry,word,歪んで,歪んで,exam,3,1,1,,1:3726,1,pre1_or_1_deferred
axe,axe,word,斧，戦斧,斧，戦斧,exam,3,1,1,,1:1198,1,pre1_or_1_deferred
back-to-back,back-to-back,word,背中合わせに,背中合わせに,exam,3,1,1,,1:2284,1,pre1_or_1_deferred
backdrop,backdrop,word,背景幕,背景幕,exam,3,1,1,,1:3426,1,pre1_or_1_deferred
backlash,backlash,word,激しい反発，強い反響,激しい反発，強い反響,exam,3,1,1,,1:1859,1,pre1_or_1_deferred
ballistic,ballistic,word,弾道の，飛ぶ方向,弾道の，飛ぶ方向,exam,3,1,1,,1:1547,1,pre1_or_1_deferred
ballpark,ballpark,word,概算，おおよその計算,概算，おおよその計算,exam,3,1,1,,1:1046,1,pre1_or_1_deferred
balm,balm,word,香油,香油,exam,3,1,1,,1:3237,1,pre1_or_1_deferred
baloney,baloney,word,たわ言,たわ言,exam,3,1,1,,1:3580,1,pre1_or_1_deferred
banal,banal,word,平凡な,平凡な,exam,3,1,1,,1:4002,1,pre1_or_1_deferred
bandit,bandit,word,盗賊，盗みを働く人,盗賊，盗みを働く人,exam,3,1,1,,1:1717,1,pre1_or_1_deferred
bane,bane,word,悩みの種，問題点,悩みの種，問題点,exam,3,1,1,,1:981,1,pre1_or_1_deferred
banquet,banquet,word,宴会，祝宴,宴会，祝宴,exam,3,1,1,,1:1117,1,pre1_or_1_deferred
banter,banter,word,冗談，笑い話，おどけ,冗談，笑い話，おどけ,exam,3,1,1,,1:1795,1,pre1_or_1_deferred
bard,bard,word,吟遊詩人,吟遊詩人,exam,3,1,1,,1:3484,1,pre1_or_1_deferred
barley,barley,word,大麦，麦,大麦，麦,exam,3,1,1,,1:2650,1,pre1_or_1_deferred
barracks,barracks,word,兵舎，兵営,兵舎，兵営,exam,3,1,1,,1:1056,1,pre1_or_1_deferred
barrage,barrage,word,弾幕，多数の弾丸や意見,弾幕，多数の弾丸や意見,exam,3,1,1,,1:1623,1,pre1_or_1_deferred
barrow,barrow,word,手押し車,手押し車,exam,3,1,1,,1:2499,1,pre1_or_1_deferred
bashful,bashful,word,内気な,内気な,exam,3,1,1,,1:3002,1,pre1_or_1_deferred
bask,bask,word,日向ぼっこする，日光浴する,日向ぼっこする，日光浴する,exam,3,1,1,,1:768,1,pre1_or_1_deferred
bastion,bastion,word,要塞，城塞，砦,要塞，城塞，砦,exam,3,1,1,,1:1807,1,pre1_or_1_deferred
battalion,battalion,word,大隊，部隊,大隊，部隊,exam,3,1,1,,1:1228,1,pre1_or_1_deferred
beacon,beacon,word,のろし，目印，合図,のろし，目印，合図,exam,3,1,1,,1:1759,1,pre1_or_1_deferred
bedraggled,bedraggled,word,ぼろぼろの，汚れた,ぼろぼろの，汚れた,exam,3,1,1,,1:4237,1,pre1_or_1_deferred
bedrock,bedrock,word,岩盤，硬層,岩盤，硬層,exam,3,1,1,,1:1867,1,pre1_or_1_deferred
beget,beget,word,子供を授かる,子供を授かる,exam,3,1,1,,1:2239,1,pre1_or_1_deferred
beguile,beguile,word,惑わす，混乱させる,惑わす，混乱させる,exam,3,1,1,,1:739,1,pre1_or_1_deferred
belabor,belabor,word,冗長に述べる，くどくど言う,冗長に述べる，くどくど言う,exam,3,1,1,,1:4184,1,pre1_or_1_deferred
beleaguer,beleaguer,word,包囲する，困らせる,包囲する，困らせる,exam,3,1,1,,1:4094,1,pre1_or_1_deferred
belie,belie,word,食い違う,食い違う,exam,3,1,1,,1:3385,1,pre1_or_1_deferred
belittle,belittle,word,見くびる,見くびる,exam,3,1,1,,1:3383,1,pre1_or_1_deferred
bellicose,bellicose,word,好戦的な，攻撃的な,好戦的な，攻撃的な,exam,3,1,1,,1:4103,1,pre1_or_1_deferred
belligerent,belligerent,word,好戦的な,好戦的な,exam,3,1,1,,1:2051,1,pre1_or_1_deferred
bemoan,bemoan,word,嘆く，嘆き悲しむ,嘆く，嘆き悲しむ,exam,3,1,1,,1:587,1,pre1_or_1_deferred
benefactor,benefactor,word,恩人，恩を受けた人,恩人，恩を受けた人,exam,3,1,1,,1:1077,1,pre1_or_1_deferred
benevolence,benevolence,word,慈悲,慈悲,exam,3,1,1,,1:3487,1,pre1_or_1_deferred
benevolent,benevolent,word,慈悲深い，親切な,慈悲深い，親切な,exam,3,1,1,,1:103,1,pre1_or_1_deferred
benign,benign,word,良性の，善良な,良性の，善良な,exam,3,1,1,,1:829,1,pre1_or_1_deferred
bequeath,bequeath,word,遺言で譲る,遺言で譲る,exam,3,1,1,,1:2247,1,pre1_or_1_deferred
berate,berate,word,叱りつける,叱りつける,exam,3,1,1,,1:3480,1,pre1_or_1_deferred
bereaved,bereaved,word,先立たれた，遺族,先立たれた，遺族,exam,3,1,1,,1:4025,1,pre1_or_1_deferred
bereft,bereft,word,奪われた，失った,奪われた，失った,exam,3,1,1,,1:4260,1,pre1_or_1_deferred
berth,berth,word,寝台，寝る場所,寝台，寝る場所,exam,3,1,1,,1:1646,1,pre1_or_1_deferred
beseech,beseech,word,懇願する，嘆願する,懇願する，嘆願する,exam,3,1,1,,1:3272,1,pre1_or_1_deferred
biceps,biceps,word,上腕二頭筋,上腕二頭筋,exam,3,1,1,,1:2505,1,pre1_or_1_deferred
bigotry,bigotry,word,偏屈，頑固,偏屈，頑固,exam,3,1,1,,1:898,1,pre1_or_1_deferred
bilateral,bilateral,word,両側の,両側の,exam,3,1,1,,1:4003,1,pre1_or_1_deferred
bile,bile,word,胆汁,胆汁,exam,3,1,1,,1:2663,1,pre1_or_1_deferred
bilk,bilk,word,だます，欺く,だます，欺く,exam,3,1,1,,1:4128,1,pre1_or_1_deferred
billow,billow,word,うねり,うねり,exam,3,1,1,,1:2633,1,pre1_or_1_deferred
binary,binary,word,二の，二番目の,二の，二番目の,exam,3,1,1,,1:593,1,pre1_or_1_deferred
binge,binge,word,どんちゃん騒ぎ,どんちゃん騒ぎ,exam,3,1,1,,1:3543,1,pre1_or_1_deferred
biopsy,biopsy,word,生体組織検査，生体サンプル検査,生体組織検査，生体サンプル検査,exam,3,1,1,,1:1185,1,pre1_or_1_deferred
bipolar,bipolar,word,二極ある，二極性がある,二極ある，二極性がある,exam,3,1,1,,1:1355,1,pre1_or_1_deferred
blackout,blackout,word,停電，電源断,停電，電源断,exam,3,1,1,,1:1136,1,pre1_or_1_deferred
blanch,blanch,word,漂白する,漂白する,exam,3,1,1,,1:3265,1,pre1_or_1_deferred
blare,blare,word,鳴り響かせる,鳴り響かせる,exam,3,1,1,,1:2282,1,pre1_or_1_deferred
blasphemy,blasphemy,word,冒涜,冒涜,exam,3,1,1,,1:2739,1,pre1_or_1_deferred
blatantly,blatantly,word,露骨に,露骨に,exam,3,1,1,,1:3263,1,pre1_or_1_deferred
blemish,blemish,word,傷,傷,exam,3,1,1,,1:3402,1,pre1_or_1_deferred
blight,blight,word,疫病，感染症,疫病，感染症,exam,3,1,1,,1:1834,1,pre1_or_1_deferred
blithe,blithe,word,軽快な,軽快な,exam,3,1,1,,1:3776,1,pre1_or_1_deferred
bloated,bloated,word,むくんだ,むくんだ,exam,3,1,1,,1:1982,1,pre1_or_1_deferred
blob,blob,word,柔らかく小さい塊,柔らかく小さい塊,exam,3,1,1,,1:3240,1,pre1_or_1_deferred
blunder,blunder,word,大失敗,大失敗,exam,3,1,1,,1:3154,1,pre1_or_1_deferred
blurb,blurb,word,推薦広告,推薦広告,exam,3,1,1,,1:3243,1,pre1_or_1_deferred
blurt,blurt,word,うっかり話す,うっかり話す,exam,3,1,1,,1:2072,1,pre1_or_1_deferred
bluster,bluster,word,大ぼらを吹く，威嚇する,大ぼらを吹く，威嚇する,exam,3,1,1,,1:4247,1,pre1_or_1_deferred
bode,bode,word,予言する,予言する,exam,3,1,1,,1:2058,1,pre1_or_1_deferred
bogus,bogus,word,偽の，詐欺的な,偽の，詐欺的な,exam,3,1,1,,1:582,1,pre1_or_1_deferred
boisterous,boisterous,word,騒々しい,騒々しい,exam,3,1,1,,1:2198,1,pre1_or_1_deferred
boldly,boldly,word,大胆に,大胆に,exam,3,1,1,,1:2030,1,pre1_or_1_deferred
booty,booty,word,戦利品，略奪物，盗品,戦利品，略奪物，盗品,exam,3,1,1,,1:1659,1,pre1_or_1_deferred
borough,borough,word,自治区，自治体,自治区，自治体,exam,3,1,1,,1:1161,1,pre1_or_1_deferred
bountiful,bountiful,word,気前の良い,気前の良い,exam,3,1,1,,1:3888,1,pre1_or_1_deferred
bounty,bounty,word,寛大，寛容,寛大，寛容,exam,3,1,1,,1:1849,1,pre1_or_1_deferred
bower,bower,word,木陰，樹下,木陰，樹下,exam,3,1,1,,1:941,1,pre1_or_1_deferred
braille,braille,word,点字，視覚障害者用の読み書きシステム,点字，視覚障害者用の読み書きシステム,exam,3,1,1,,1:1639,1,pre1_or_1_deferred
brandish,brandish,word,振り回す，使う，利用する,振り回す，使う，利用する,exam,3,1,1,,1:1362,1,pre1_or_1_deferred
brash,brash,word,せっかちな，急かせる,せっかちな，急かせる,exam,3,1,1,,1:1293,1,pre1_or_1_deferred
brat,brat,word,小僧，若者,小僧，若者,exam,3,1,1,,1:1852,1,pre1_or_1_deferred
bravado,bravado,word,虚勢，見せかけ,虚勢，見せかけ,exam,3,1,1,,1:1105,1,pre1_or_1_deferred
brawl,brawl,word,乱闘，乱打，暴行,乱闘，乱打，暴行,exam,3,1,1,,1:1812,1,pre1_or_1_deferred
brazen,brazen,word,厚かましい，無礼な,厚かましい，無礼な,exam,3,1,1,,1:1410,1,pre1_or_1_deferred
breadth,breadth,word,幅，横幅,幅，横幅,exam,3,1,1,,1:1187,1,pre1_or_1_deferred
brethren,brethren,word,義兄弟，誓いで結ばれた兄弟,義兄弟，誓いで結ばれた兄弟,exam,3,1,1,,1:1626,1,pre1_or_1_deferred
brevity,brevity,word,簡潔さ，時間の短さ,簡潔さ，時間の短さ,exam,3,1,1,,1:2352,1,pre1_or_1_deferred
bridle,bridle,word,手綱,手綱,exam,3,1,1,,1:3208,1,pre1_or_1_deferred
briskly,briskly,word,活発に，元気に,活発に，元気に,exam,3,1,1,,1:854,1,pre1_or_1_deferred
brittle,brittle,word,壊れやすい,壊れやすい,exam,3,1,1,,1:2803,1,pre1_or_1_deferred
broach,broach,word,先の尖ったもの,先の尖ったもの,exam,3,1,1,,1:3418,1,pre1_or_1_deferred
bromide,bromide,word,臭化物,臭化物,exam,3,1,1,,1:2445,1,pre1_or_1_deferred
bronchitis,bronchitis,word,気管支炎,気管支炎,exam,3,1,1,,1:2448,1,pre1_or_1_deferred
brook,brook,word,小川,小川,exam,3,1,1,,1:3451,1,pre1_or_1_deferred
brothel,brothel,word,売春宿，遊廓,売春宿，遊廓,exam,3,1,1,,1:3249,1,pre1_or_1_deferred
bruise,bruise,word,あざ,あざ,exam,3,1,1,,1:2437,1,pre1_or_1_deferred
brunt,brunt,word,矛先,矛先,exam,3,1,1,,1:2356,1,pre1_or_1_deferred
brusque,brusque,word,無愛想な,無愛想な,exam,3,1,1,,1:3003,1,pre1_or_1_deferred
brutality,brutality,word,残忍性，冷酷さ，非情さ,残忍性，冷酷さ，非情さ,exam,3,1,1,,1:326,1,pre1_or_1_deferred
brutally,brutally,word,残酷に，無慈悲に,残酷に，無慈悲に,exam,3,1,1,,1:1526,1,pre1_or_1_deferred
brute,brute,word,畜生,畜生,exam,3,1,1,,1:2666,1,pre1_or_1_deferred
budge,budge,word,少し動く,少し動く,exam,3,1,1,,1:3342,1,pre1_or_1_deferred
bullish,bullish,word,頑固な，固執する,頑固な，固執する,exam,3,1,1,,1:1356,1,pre1_or_1_deferred
buoyant,buoyant,word,浮力のある,浮力のある,exam,3,1,1,,1:2184,1,pre1_or_1_deferred
bureaucratic,bureaucratic,word,官僚的な，形式的な,官僚的な，形式的な,exam,3,1,1,,1:746,1,pre1_or_1_deferred
burglar,burglar,word,強盗，泥棒,強盗，泥棒,exam,3,1,1,,1:215,1,pre1_or_1_deferred
burly,burly,word,たくましい，強靭な，頑強な,たくましい，強靭な，頑強な,exam,3,1,1,,1:1576,1,pre1_or_1_deferred
burrow,burrow,word,隠れ場所，隠れ家,隠れ場所，隠れ家,exam,3,1,1,,1:1166,1,pre1_or_1_deferred
buttock,buttock,word,臀部，お尻,臀部，お尻,exam,3,1,1,,1:3377,1,pre1_or_1_deferred
buttocks,buttocks,word,臀部,臀部,exam,3,1,1,,1:2408,1,pre1_or_1_deferred
buyout,buyout,word,買占め，大量に買い占める行為，買い集め,買占め，大量に買い占める行為，買い集め,exam,3,1,1,,1:1632,1,pre1_or_1_deferred
cache,cache,word,貯蔵庫，保存場所,貯蔵庫，保存場所,exam,3,1,1,,1:1220,1,pre1_or_1_deferred
cacophony,cacophony,word,不協和音，騒音,不協和音，騒音,exam,3,1,1,,1:4163,1,pre1_or_1_deferred
cadence,cadence,word,韻律,韻律,exam,3,1,1,,1:2333,1,pre1_or_1_deferred
cadre,cadre,word,幹部集団,幹部集団,exam,3,1,1,,1:2413,1,pre1_or_1_deferred
cajole,cajole,word,なだめる，ごまかす,なだめる，ごまかす,exam,3,1,1,,1:4238,1,pre1_or_1_deferred
calamitous,calamitous,word,災害の，悲惨な,災害の，悲惨な,exam,3,1,1,,1:4175,1,pre1_or_1_deferred
calamity,calamity,word,災害,災害,exam,3,1,1,,1:2407,1,pre1_or_1_deferred
calculus,calculus,word,結石，微分，積分,結石，微分，積分,exam,3,1,1,,1:1960,1,pre1_or_1_deferred
caliber,caliber,word,口径，直径,口径，直径,exam,3,1,1,,1:971,1,pre1_or_1_deferred
callous,callous,word,硬くなった,硬くなった,exam,3,1,1,,1:2816,1,pre1_or_1_deferred
calumny,calumny,word,誹謗，中傷,誹謗，中傷,exam,3,1,1,,1:4102,1,pre1_or_1_deferred
camaraderie,camaraderie,word,仲間意識,仲間意識,exam,3,1,1,,1:3457,1,pre1_or_1_deferred
canister,canister,word,金属容器,金属容器,exam,3,1,1,,1:2705,1,pre1_or_1_deferred
canny,canny,word,抜け目のない,抜け目のない,exam,3,1,1,,1:1460,1,pre1_or_1_deferred
canonical,canonical,word,正規の,正規の,exam,3,1,1,,1:2973,1,pre1_or_1_deferred
canopy,canopy,word,天蓋，張り出し屋根,天蓋，張り出し屋根,exam,3,1,1,,1:3466,1,pre1_or_1_deferred
cant,cant,word,うわべの言葉,うわべの言葉,exam,3,1,1,,1:2392,1,pre1_or_1_deferred
canteen,canteen,word,売店,売店,exam,3,1,1,,1:2491,1,pre1_or_1_deferred
capitalize,capitalize,word,大文字にする，大型化する,大文字にする，大型化する,exam,3,1,1,,1:666,1,pre1_or_1_deferred
capitulate,capitulate,word,降伏する，投降する,降伏する，投降する,exam,3,1,1,,1:1468,1,pre1_or_1_deferred
caprice,caprice,word,気まぐれ,気まぐれ,exam,3,1,1,,1:2595,1,pre1_or_1_deferred
capricious,capricious,word,気まぐれな,気まぐれな,exam,3,1,1,,1:2836,1,pre1_or_1_deferred
caravan,caravan,word,隊，部隊,隊，部隊,exam,3,1,1,,1:1202,1,pre1_or_1_deferred
carcass,carcass,word,死骸，遺体,死骸，遺体,exam,3,1,1,,1:1093,1,pre1_or_1_deferred
carcinogen,carcinogen,word,発がん物質，発癌性の物質,発がん物質，発癌性の物質,exam,3,1,1,,1:471,1,pre1_or_1_deferred
carcinoma,carcinoma,word,がん,がん,exam,3,1,1,,1:3224,1,pre1_or_1_deferred
cardiac,cardiac,word,心臓の,心臓の,exam,3,1,1,,1:2025,1,pre1_or_1_deferred
cardinal,cardinal,word,主要な，中心的な,主要な，中心的な,exam,3,1,1,,1:679,1,pre1_or_1_deferred
cardiovascular,cardiovascular,word,心血管の,心血管の,exam,3,1,1,,1:1966,1,pre1_or_1_deferred
carnage,carnage,word,虐殺,虐殺,exam,3,1,1,,1:2402,1,pre1_or_1_deferred
carousel,carousel,word,メリーゴーランド,メリーゴーランド,exam,3,1,1,,1:2344,1,pre1_or_1_deferred
cartilage,cartilage,word,軟骨,軟骨,exam,3,1,1,,1:3431,1,pre1_or_1_deferred
cascade,cascade,word,小滝，小さな滝,小滝，小さな滝,exam,3,1,1,,1:406,1,pre1_or_1_deferred
casket,casket,word,小箱，小さな容器,小箱，小さな容器,exam,3,1,1,,1:1068,1,pre1_or_1_deferred
cataclysm,cataclysm,word,激変,激変,exam,3,1,1,,1:2734,1,pre1_or_1_deferred
catalyst,catalyst,word,触媒，刺激物,触媒，刺激物,exam,3,1,1,,1:68,1,pre1_or_1_deferred
cataract,cataract,word,瀑布,瀑布,exam,3,1,1,,1:2757,1,pre1_or_1_deferred
catastrophic,catastrophic,word,破滅的な，壊滅的な,破滅的な，壊滅的な,exam,3,1,1,,1:697,1,pre1_or_1_deferred
caustic,caustic,word,腐食性の,腐食性の,exam,3,1,1,,1:4046,1,pre1_or_1_deferred
cavalcade,cavalcade,word,馬車の行列，大行進,馬車の行列，大行進,exam,3,1,1,,1:4132,1,pre1_or_1_deferred
cavalier,cavalier,word,騎士,騎士,exam,3,1,1,,1:3185,1,pre1_or_1_deferred
caveat,caveat,word,警告，警戒,警告，警戒,exam,3,1,1,,1:1025,1,pre1_or_1_deferred
cavern,cavern,word,洞窟,洞窟,exam,3,1,1,,1:2498,1,pre1_or_1_deferred
cavort,cavort,word,はね回る，跳ねる,はね回る，跳ねる,exam,3,1,1,,1:4227,1,pre1_or_1_deferred
cede,cede,word,譲る,譲る,exam,3,1,1,,1:2271,1,pre1_or_1_deferred
centennial,centennial,word,100年祭，百年祭,100年祭，百年祭,exam,3,1,1,,1:1869,1,pre1_or_1_deferred
centerpiece,centerpiece,word,最重要，最も重要,最重要，最も重要,exam,3,1,1,,1:1240,1,pre1_or_1_deferred
cerebral,cerebral,word,脳の，神経の,脳の，神経の,exam,3,1,1,,1:1306,1,pre1_or_1_deferred
ceremonial,ceremonial,word,儀式上の，儀式的な,儀式上の，儀式的な,exam,3,1,1,,1:1551,1,pre1_or_1_deferred
cervical,cervical,word,頸部の,頸部の,exam,3,1,1,,1:1976,1,pre1_or_1_deferred
cessation,cessation,word,中止,中止,exam,3,1,1,,1:3246,1,pre1_or_1_deferred
chaff,chaff,word,もみ殻,もみ殻,exam,3,1,1,,1:2461,1,pre1_or_1_deferred
charred,charred,word,黒焦げになった，焦げた,黒焦げになった，焦げた,exam,3,1,1,,1:1462,1,pre1_or_1_deferred
chasm,chasm,word,裂け目，割れ目,裂け目，割れ目,exam,3,1,1,,1:1876,1,pre1_or_1_deferred
chaste,chaste,word,純潔な,純潔な,exam,3,1,1,,1:2933,1,pre1_or_1_deferred
chasten,chasten,word,懲らしめる，罰する,懲らしめる，罰する,exam,3,1,1,,1:661,1,pre1_or_1_deferred
chastise,chastise,word,懲らしめる,懲らしめる,exam,3,1,1,,1:3344,1,pre1_or_1_deferred
chauvinism,chauvinism,word,愛国心,愛国心,exam,3,1,1,,1:2477,1,pre1_or_1_deferred
chide,chide,word,叱る，怒る,叱る，怒る,exam,3,1,1,,1:775,1,pre1_or_1_deferred
chivalry,chivalry,word,騎士道,騎士道,exam,3,1,1,,1:2744,1,pre1_or_1_deferred
chlorine,chlorine,word,塩素,塩素,exam,3,1,1,,1:2695,1,pre1_or_1_deferred
choreographer,choreographer,word,振付師，ダンスや動きを設計する人，振付家,振付師，ダンスや動きを設計する人，振付家,exam,3,1,1,,1:1666,1,pre1_or_1_deferred
chronically,chronically,word,慢性的に,慢性的に,exam,3,1,1,,1:4043,1,pre1_or_1_deferred
chronology,chronology,word,年表,年表,exam,3,1,1,,1:3274,1,pre1_or_1_deferred
chubby,chubby,word,ぽっちゃりした,ぽっちゃりした,exam,3,1,1,,1:3877,1,pre1_or_1_deferred
chum,chum,word,仲良し，親友,仲良し，親友,exam,3,1,1,,1:3515,1,pre1_or_1_deferred
cinch,cinch,word,有力候補,有力候補,exam,3,1,1,,1:3157,1,pre1_or_1_deferred
circumference,circumference,word,外周,外周,exam,3,1,1,,1:2579,1,pre1_or_1_deferred
circumscribe,circumscribe,word,取り巻く,取り巻く,exam,3,1,1,,1:2280,1,pre1_or_1_deferred
circumspect,circumspect,word,慎重な,慎重な,exam,3,1,1,,1:3990,1,pre1_or_1_deferred
circumvent,circumvent,word,出し抜く，回避する,出し抜く，回避する,exam,3,1,1,,1:63,1,pre1_or_1_deferred
cistern,cistern,word,貯水槽,貯水槽,exam,3,1,1,,1:2618,1,pre1_or_1_deferred
citadel,citadel,word,城塞,城塞,exam,3,1,1,,1:2635,1,pre1_or_1_deferred
civility,civility,word,礼儀正しさ，マナーの良さ,礼儀正しさ，マナーの良さ,exam,3,1,1,,1:1629,1,pre1_or_1_deferred
claimant,claimant,word,申立人,申立人,exam,3,1,1,,1:3501,1,pre1_or_1_deferred
clairvoyant,clairvoyant,word,千里眼の,千里眼の,exam,3,1,1,,1:3842,1,pre1_or_1_deferred
clamor,clamor,word,喧噪，うるさい雑踏や騒音,喧噪，うるさい雑踏や騒音,exam,3,1,1,,1:1714,1,pre1_or_1_deferred
clandestine,clandestine,word,内密の，秘密の,内密の，秘密の,exam,3,1,1,,1:1602,1,pre1_or_1_deferred
classy,classy,word,上品な，優雅な,上品な，優雅な,exam,3,1,1,,1:1569,1,pre1_or_1_deferred
claustrophobia,claustrophobia,word,閉所恐怖症,閉所恐怖症,exam,3,1,1,,1:2651,1,pre1_or_1_deferred
cleave,cleave,word,割る,割る,exam,3,1,1,,1:3298,1,pre1_or_1_deferred
clerical,clerical,word,事務職の,事務職の,exam,3,1,1,,1:3022,1,pre1_or_1_deferred
cliche,cliche,word,決まり文句，決まった言葉,決まり文句，決まった言葉,exam,3,1,1,,1:1235,1,pre1_or_1_deferred
clientele,clientele,word,依頼人，依頼者,依頼人，依頼者,exam,3,1,1,,1:1813,1,pre1_or_1_deferred
clinch,clinch,word,折り曲げて留める，折って固定する,折り曲げて留める，折って固定する,exam,3,1,1,,1:1500,1,pre1_or_1_deferred
clockwise,clockwise,word,時計回りに，右回りに,時計回りに，右回りに,exam,3,1,1,,1:694,1,pre1_or_1_deferred
clot,clot,word,固まり，凝固塊,固まり，凝固塊,exam,3,1,1,,1:65,1,pre1_or_1_deferred
clout,clout,word,影響力，影響,影響力，影響,exam,3,1,1,,1:1048,1,pre1_or_1_deferred
clump,clump,word,木立ち，木々,木立ち，木々,exam,3,1,1,,1:953,1,pre1_or_1_deferred
clutter,clutter,word,乱雑，無秩序，混乱,乱雑，無秩序，混乱,exam,3,1,1,,1:1627,1,pre1_or_1_deferred
coalesce,coalesce,word,合体する，結合する,合体する，結合する,exam,3,1,1,,1:669,1,pre1_or_1_deferred
coarsely,coarsely,word,粗雑に,粗雑に,exam,3,1,1,,1:3728,1,pre1_or_1_deferred
coax,coax,word,説き伏せる，説得する,説き伏せる，説得する,exam,3,1,1,,1:851,1,pre1_or_1_deferred
cobble,cobble,word,修繕する，修理する,修繕する，修理する,exam,3,1,1,,1:1603,1,pre1_or_1_deferred
coddle,coddle,word,甘やかす,甘やかす,exam,3,1,1,,1:3135,1,pre1_or_1_deferred
coerce,coerce,word,強制する，強いる,強制する，強いる,exam,3,1,1,,1:419,1,pre1_or_1_deferred
coercion,coercion,word,強制，強要,強制，強要,exam,3,1,1,,1:1090,1,pre1_or_1_deferred
coffer,coffer,word,金庫，金箱,金庫，金箱,exam,3,1,1,,1:937,1,pre1_or_1_deferred
cognition,cognition,word,認知，認識,認知，認識,exam,3,1,1,,1:1138,1,pre1_or_1_deferred
cohort,cohort,word,軍隊，仲間，部隊,軍隊，仲間，部隊,exam,3,1,1,,1:938,1,pre1_or_1_deferred
colitis,colitis,word,大腸炎,大腸炎,exam,3,1,1,,1:2427,1,pre1_or_1_deferred
collate,collate,word,照合する,照合する,exam,3,1,1,,1:450,1,pre1_or_1_deferred
collateral,collateral,word,並び合った，横に並んだ,並び合った，横に並んだ,exam,3,1,1,,1:812,1,pre1_or_1_deferred
collegiate,collegiate,word,大学の，大学に関する,大学の，大学に関する,exam,3,1,1,,1:1519,1,pre1_or_1_deferred
colloquial,colloquial,word,口語の，話し言葉の,口語の，話し言葉の,exam,3,1,1,,1:598,1,pre1_or_1_deferred
collusion,collusion,word,共謀，共同で犯罪を行う行為，陰謀,共謀，共同で犯罪を行う行為，陰謀,exam,3,1,1,,1:1667,1,pre1_or_1_deferred
colossal,colossal,word,巨大な，大きな,巨大な，大きな,exam,3,1,1,,1:617,1,pre1_or_1_deferred
colt,colt,word,子馬,子馬,exam,3,1,1,,1:3398,1,pre1_or_1_deferred
comatose,comatose,word,昏睡状態の,昏睡状態の,exam,3,1,1,,1:2118,1,pre1_or_1_deferred
combustion,combustion,word,燃焼，火を燃やす，酸化反応,燃焼，火を燃やす，酸化反応,exam,3,1,1,,1:1677,1,pre1_or_1_deferred
commandment,commandment,word,命令，指示，指令,命令，指示，指令,exam,3,1,1,,1:1657,1,pre1_or_1_deferred
communal,communal,word,共同の，共有の,共同の，共有の,exam,3,1,1,,1:104,1,pre1_or_1_deferred
communique,communique,word,公式発表，公式通知，公表,公式発表，公式通知，公表,exam,3,1,1,,1:1041,1,pre1_or_1_deferred
compilation,compilation,word,編集，修正，校正,編集，修正，校正,exam,3,1,1,,1:1912,1,pre1_or_1_deferred
complacency,complacency,word,自己満足，自己陶酔,自己満足，自己陶酔,exam,3,1,1,,1:1877,1,pre1_or_1_deferred
complementary,complementary,word,補完的な，補足的な,補完的な，補足的な,exam,3,1,1,,1:703,1,pre1_or_1_deferred
complexion,complexion,word,顔色，肌の色調,顔色，肌の色調,exam,3,1,1,,1:1732,1,pre1_or_1_deferred
compliant,compliant,word,従順な，応じる,従順な，応じる,exam,3,1,1,,1:89,1,pre1_or_1_deferred
complicit,complicit,word,共犯の,共犯の,exam,3,1,1,,1:3835,1,pre1_or_1_deferred
complicity,complicity,word,共犯，共謀者，仲間,共犯，共謀者，仲間,exam,3,1,1,,1:1809,1,pre1_or_1_deferred
complimentary,complimentary,word,無料の，賞賛の，敬意を表する,無料の，賞賛の，敬意を表する,exam,3,1,1,,1:1984,1,pre1_or_1_deferred
compost,compost,word,混合物,混合物,exam,3,1,1,,1:3133,1,pre1_or_1_deferred
comptroller,comptroller,word,会計監査官，会計をチェックする専門家，財務諸表を確認する専門家,会計監査官，会計をチェックする専門家，財務諸表を確認する専門家,exam,3,1,1,,1:1738,1,pre1_or_1_deferred
compunction,compunction,word,良心の呵責,良心の呵責,exam,3,1,1,,1:3479,1,pre1_or_1_deferred
concave,concave,word,凹面の,凹面の,exam,3,1,1,,1:3874,1,pre1_or_1_deferred
conceivable,conceivable,word,考えられる,考えられる,exam,3,1,1,,1:2164,1,pre1_or_1_deferred
concerted,concerted,word,申し合わせた,申し合わせた,exam,3,1,1,,1:2209,1,pre1_or_1_deferred
conciliate,conciliate,word,調停する,調停する,exam,3,1,1,,1:2202,1,pre1_or_1_deferred
conciliatory,conciliatory,word,調停的な,調停的な,exam,3,1,1,,1:3110,1,pre1_or_1_deferred
concoct,concoct,word,練る，混ぜ合わせる,練る，混ぜ合わせる,exam,3,1,1,,1:648,1,pre1_or_1_deferred
concomitant,concomitant,word,付随する,付随する,exam,3,1,1,,1:3497,1,pre1_or_1_deferred
concordance,concordance,word,一致,一致,exam,3,1,1,,1:3314,1,pre1_or_1_deferred
concussion,concussion,word,脳震盪,脳震盪,exam,3,1,1,,1:3489,1,pre1_or_1_deferred
condescend,condescend,word,謙遜する,謙遜する,exam,3,1,1,,1:2076,1,pre1_or_1_deferred
condescending,condescending,word,恩着せがましい,恩着せがましい,exam,3,1,1,,1:2813,1,pre1_or_1_deferred
condolence,condolence,word,お悔み,お悔み,exam,3,1,1,,1:2387,1,pre1_or_1_deferred
condone,condone,word,大目に見る，寛大に扱う,大目に見る，寛大に扱う,exam,3,1,1,,1:1446,1,pre1_or_1_deferred
conduit,conduit,word,導管,導管,exam,3,1,1,,1:2317,1,pre1_or_1_deferred
confederate,confederate,word,連合した,連合した,exam,3,1,1,,1:2251,1,pre1_or_1_deferred
confederation,confederation,word,連合,連合,exam,3,1,1,,1:2653,1,pre1_or_1_deferred
confetti,confetti,word,紙吹雪,紙吹雪,exam,3,1,1,,1:2453,1,pre1_or_1_deferred
configure,configure,word,構成，設定，配置,構成，設定，配置,exam,3,1,1,,1:966,1,pre1_or_1_deferred
confiscate,confiscate,word,没収する，押収する,没収する，押収する,exam,3,1,1,,1:725,1,pre1_or_1_deferred
conflagration,conflagration,word,大火災，大規模な火事,大火災，大規模な火事,exam,3,1,1,,1:1765,1,pre1_or_1_deferred
confluence,confluence,word,合流,合流,exam,3,1,1,,1:3523,1,pre1_or_1_deferred
conformity,conformity,word,適合,適合,exam,3,1,1,,1:2735,1,pre1_or_1_deferred
conglomerate,conglomerate,word,密集した,密集した,exam,3,1,1,,1:1969,1,pre1_or_1_deferred
conjure,conjure,word,唱えて呼ぶ，呼びかける,唱えて呼ぶ，呼びかける,exam,3,1,1,,1:1286,1,pre1_or_1_deferred
connoisseur,connoisseur,word,鑑定家，評価家,鑑定家，評価家,exam,3,1,1,,1:977,1,pre1_or_1_deferred
connotation,connotation,word,言外の意味,言外の意味,exam,3,1,1,,1:2732,1,pre1_or_1_deferred
consecrate,consecrate,word,奉献する,奉献する,exam,3,1,1,,1:1981,1,pre1_or_1_deferred
conservatory,conservatory,word,温室,温室,exam,3,1,1,,1:2668,1,pre1_or_1_deferred
consignment,consignment,word,委託，委託品,委託，委託品 / 委託,exam,3,1,1,,1:346;1:2443,2,pre1_or_1_deferred
consistently,consistently,word,一貫して，常に,一貫して，常に,exam,3,1,1,,1:47,1,pre1_or_1_deferred
consternation,consternation,word,驚き,驚き,exam,3,1,1,,1:2688,1,pre1_or_1_deferred
constipation,constipation,word,便秘,便秘,exam,3,1,1,,1:3137,1,pre1_or_1_deferred
constrict,constrict,word,狭める，締め付ける,狭める，締め付ける,exam,3,1,1,,1:2279,1,pre1_or_1_deferred
construe,construe,word,解釈する，解明する,解釈する，解明する,exam,3,1,1,,1:747,1,pre1_or_1_deferred
consummate,consummate,word,完ぺきな，完全な,完ぺきな，完全な,exam,3,1,1,,1:1570,1,pre1_or_1_deferred
consummation,consummation,word,完結,完結,exam,3,1,1,,1:3392,1,pre1_or_1_deferred
contagion,contagion,word,伝染,伝染,exam,3,1,1,,1:3171,1,pre1_or_1_deferred
contaminant,contaminant,word,汚染物質，環境に害を与える物質,汚染物質，環境に害を与える物質,exam,3,1,1,,1:1615,1,pre1_or_1_deferred
contemplative,contemplative,word,瞑想的な，沈黙思考の,瞑想的な，沈黙思考の,exam,3,1,1,,1:1483,1,pre1_or_1_deferred
contemptible,contemptible,word,軽蔑的な,軽蔑的な,exam,3,1,1,,1:3825,1,pre1_or_1_deferred
contentious,contentious,word,論争好きな，争い好きな,論争好きな，争い好きな,exam,3,1,1,,1:844,1,pre1_or_1_deferred
contextual,contextual,word,文脈上の,文脈上の,exam,3,1,1,,1:2160,1,pre1_or_1_deferred
contingency,contingency,word,不測の事態，突発的な事態,不測の事態，突発的な事態,exam,3,1,1,,1:1824,1,pre1_or_1_deferred
contingent,contingent,word,起こりうる，発生可能な,起こりうる，発生可能な,exam,3,1,1,,1:1312,1,pre1_or_1_deferred
continuation,continuation,word,継続，持続,継続，持続,exam,3,1,1,,1:171,1,pre1_or_1_deferred
continuum,continuum,word,連続体，途切れることなく続くもの,連続体，途切れることなく続くもの,exam,3,1,1,,1:1743,1,pre1_or_1_deferred
contraceptive,contraceptive,word,避妊の，出産を防ぐ,避妊の，出産を防ぐ,exam,3,1,1,,1:1598,1,pre1_or_1_deferred
contractual,contractual,word,契約上の,契約上の,exam,3,1,1,,1:3746,1,pre1_or_1_deferred
contravene,contravene,word,違反する,違反する,exam,3,1,1,,1:2123,1,pre1_or_1_deferred
contrition,contrition,word,悔み，後悔,悔み，後悔,exam,3,1,1,,1:1016,1,pre1_or_1_deferred
contrivance,contrivance,word,工夫,工夫,exam,3,1,1,,1:3179,1,pre1_or_1_deferred
contrived,contrived,word,わざとらしい、不自然な,わざとらしい、不自然な,exam,3,1,1,,1:3982,1,pre1_or_1_deferred
conundrum,conundrum,word,難問，難題,難問，難題,exam,3,1,1,,1:1146,1,pre1_or_1_deferred
convalescence,convalescence,word,回復期,回復期,exam,3,1,1,,1:2360,1,pre1_or_1_deferred
convent,convent,word,修道院，僧院,修道院，僧院,exam,3,1,1,,1:94,1,pre1_or_1_deferred
convergence,convergence,word,収束，集約，集中,収束，集約，集中,exam,3,1,1,,1:935,1,pre1_or_1_deferred
convertible,convertible,word,形を変えられる，形状を変化させる,形を変えられる，形状を変化させる,exam,3,1,1,,1:615,1,pre1_or_1_deferred
convoluted,convoluted,word,複雑な，入り組んだ,複雑な，入り組んだ,exam,3,1,1,,1:4192,1,pre1_or_1_deferred
convulsion,convulsion,word,けいれん,けいれん,exam,3,1,1,,1:3228,1,pre1_or_1_deferred
coop,coop,word,鳥かご,鳥かご,exam,3,1,1,,1:3390,1,pre1_or_1_deferred
copious,copious,word,豊富な,豊富な,exam,3,1,1,,1:2814,1,pre1_or_1_deferred
cordon,cordon,word,非常線,非常線,exam,3,1,1,,1:2339,1,pre1_or_1_deferred
cornerstone,cornerstone,word,礎石，基礎,礎石，基礎,exam,3,1,1,,1:992,1,pre1_or_1_deferred
coronary,coronary,word,冠状動脈の，心臓に関連した,冠状動脈の，心臓に関連した,exam,3,1,1,,1:1533,1,pre1_or_1_deferred
coroner,coroner,word,検死官，法医,検死官，法医,exam,3,1,1,,1:1168,1,pre1_or_1_deferred
corporal,corporal,word,伍長，軍曹，下士官,伍長，軍曹，下士官,exam,3,1,1,,1:1893,1,pre1_or_1_deferred
corpus,corpus,word,文書資料の集成，文献集積,文書資料の集成，文献集積,exam,3,1,1,,1:1086,1,pre1_or_1_deferred
corroborate,corroborate,word,裏付ける，裏を取る,裏付ける，裏を取る,exam,3,1,1,,1:1378,1,pre1_or_1_deferred
corroboration,corroboration,word,確証,確証,exam,3,1,1,,1:2490,1,pre1_or_1_deferred
corrode,corrode,word,腐食する,腐食する,exam,3,1,1,,1:2132,1,pre1_or_1_deferred
corrosive,corrosive,word,腐食性の,腐食性の,exam,3,1,1,,1:1985,1,pre1_or_1_deferred
cot,cot,word,小屋,小屋,exam,3,1,1,,1:2643,1,pre1_or_1_deferred
counterclockwise,counterclockwise,word,反時計回りの，逆回り,反時計回りの，逆回り,exam,3,1,1,,1:577,1,pre1_or_1_deferred
counterfeit,counterfeit,word,偽造する，偽造品を作る,偽造する，偽造品を作る,exam,3,1,1,,1:74,1,pre1_or_1_deferred
courtship,courtship,word,求愛，愛の告白,求愛，愛の告白,exam,3,1,1,,1:957,1,pre1_or_1_deferred
cove,cove,word,入り江，湾,入り江，湾,exam,3,1,1,,1:1113,1,pre1_or_1_deferred
cower,cower,word,縮み上がる,縮み上がる,exam,3,1,1,,1:2172,1,pre1_or_1_deferred
coy,coy,word,恥ずかしいふりをした，照れくさいふりをした,恥ずかしいふりをした，照れくさいふりをした,exam,3,1,1,,1:1350,1,pre1_or_1_deferred
crackdown,crackdown,word,取り締まり，監視,取り締まり，監視,exam,3,1,1,,1:896,1,pre1_or_1_deferred
crackle,crackle,word,パチパチと音をたてる，クリックする,パチパチと音をたてる，クリックする,exam,3,1,1,,1:776,1,pre1_or_1_deferred
crafty,crafty,word,狡猾な，ずるい,狡猾な，ずるい,exam,3,1,1,,1:744,1,pre1_or_1_deferred
cramped,cramped,word,狭苦しい，窮屈な,狭苦しい，窮屈な,exam,3,1,1,,1:221,1,pre1_or_1_deferred
cranky,cranky,word,気難しい,気難しい,exam,3,1,1,,1:2844,1,pre1_or_1_deferred
crap,crap,word,くだらないもの，つまらないもの,くだらないもの，つまらないもの,exam,3,1,1,,1:1257,1,pre1_or_1_deferred
crappy,crappy,word,安っぽい，安価な,安っぽい，安価な,exam,3,1,1,,1:1437,1,pre1_or_1_deferred
crass,crass,word,鈍感な，無神経な,鈍感な，無神経な,exam,3,1,1,,1:4066,1,pre1_or_1_deferred
crate,crate,word,箱，容器,箱，容器,exam,3,1,1,,1:946,1,pre1_or_1_deferred
creak,creak,word,キーキー鳴る,キーキー鳴る,exam,3,1,1,,1:3291,1,pre1_or_1_deferred
crease,crease,word,折り目,折り目,exam,3,1,1,,1:3452,1,pre1_or_1_deferred
creepy,creepy,word,気味悪い，不快な,気味悪い，不快な,exam,3,1,1,,1:884,1,pre1_or_1_deferred
crevice,crevice,word,隙間,隙間,exam,3,1,1,,1:2614,1,pre1_or_1_deferred
cringe,cringe,word,すくむ，怯える,すくむ，怯える,exam,3,1,1,,1:826,1,pre1_or_1_deferred
critter,critter,word,生き物,生き物,exam,3,1,1,,1:3262,1,pre1_or_1_deferred
crony,crony,word,旧友,旧友,exam,3,1,1,,1:2547,1,pre1_or_1_deferred
crotch,crotch,word,股,股,exam,3,1,1,,1:3254,1,pre1_or_1_deferred
crucifixion,crucifixion,word,はりつけ,はりつけ,exam,3,1,1,,1:3333,1,pre1_or_1_deferred
crumple,crumple,word,くしゃくしゃにする，よれる,くしゃくしゃにする，よれる,exam,3,1,1,,1:708,1,pre1_or_1_deferred
crusade,crusade,word,聖戦，聖なる戦争,聖戦，聖なる戦争,exam,3,1,1,,1:420,1,pre1_or_1_deferred
crusader,crusader,word,十字軍，聖戦，聖戦運動,十字軍，聖戦，聖戦運動,exam,3,1,1,,1:1907,1,pre1_or_1_deferred
crux,crux,word,核心,核心,exam,3,1,1,,1:2703,1,pre1_or_1_deferred
crypt,crypt,word,地下室,地下室,exam,3,1,1,,1:3334,1,pre1_or_1_deferred
cryptic,cryptic,word,秘密の,秘密の,exam,3,1,1,,1:2764,1,pre1_or_1_deferred
cubicle,cubicle,word,小部屋,小部屋,exam,3,1,1,,1:2366,1,pre1_or_1_deferred
culinary,culinary,word,料理の,料理の,exam,3,1,1,,1:2093,1,pre1_or_1_deferred
cull,cull,word,摘む，間引く，取り除く,摘む，間引く，取り除く,exam,3,1,1,,1:1469,1,pre1_or_1_deferred
culminate,culminate,word,最高潮に達する,最高潮に達する,exam,3,1,1,,1:3121,1,pre1_or_1_deferred
culmination,culmination,word,絶頂，最高点，頂点,絶頂，最高点，頂点,exam,3,1,1,,1:1673,1,pre1_or_1_deferred
culpable,culpable,word,過失のある,過失のある,exam,3,1,1,,1:3752,1,pre1_or_1_deferred
cultivation,cultivation,word,栽培，耕作,栽培，耕作,exam,3,1,1,,1:1205,1,pre1_or_1_deferred
cumbersome,cumbersome,word,面倒な，扱いづらい,面倒な，扱いづらい,exam,3,1,1,,1:2147,1,pre1_or_1_deferred
cupboard,cupboard,word,食器棚，食器収納,食器棚，食器収納,exam,3,1,1,,1:1248,1,pre1_or_1_deferred
curator,curator,word,学芸員，学芸スタッフ,学芸員，学芸スタッフ,exam,3,1,1,,1:1250,1,pre1_or_1_deferred
curio,curio,word,骨董品,骨董品,exam,3,1,1,,1:2523,1,pre1_or_1_deferred
cursory,cursory,word,大ざっぱな,大ざっぱな,exam,3,1,1,,1:2874,1,pre1_or_1_deferred
curt,curt,word,そっけない，無愛想な,そっけない，無愛想な,exam,3,1,1,,1:1364,1,pre1_or_1_deferred
curtail,curtail,word,削減する，減少させる,削減する，減少させる,exam,3,1,1,,1:695,1,pre1_or_1_deferred
customary,customary,word,慣習的な，伝統的な,慣習的な，伝統的な,exam,3,1,1,,1:796,1,pre1_or_1_deferred
cutback,cutback,word,削減,削減,exam,3,1,1,,1:2608,1,pre1_or_1_deferred
cynic,cynic,word,皮肉屋，皮肉を言う人，ひねくれた人,皮肉屋，皮肉を言う人，ひねくれた人,exam,3,1,1,,1:1662,1,pre1_or_1_deferred
cynicism,cynicism,word,皮肉，冷嘲,皮肉，冷嘲,exam,3,1,1,,1:1887,1,pre1_or_1_deferred
dab,dab,word,軽くたたく,軽くたたく,exam,3,1,1,,1:3554,1,pre1_or_1_deferred
daft,daft,word,まぬけの,まぬけの,exam,3,1,1,,1:3706,1,pre1_or_1_deferred
dainty,dainty,word,上品な，洗練された,上品な，洗練された,exam,3,1,1,,1:646,1,pre1_or_1_deferred
dally,dally,word,弄ぶ,弄ぶ,exam,3,1,1,,1:3488,1,pre1_or_1_deferred
dame,dame,word,貴婦人,貴婦人,exam,3,1,1,,1:2357,1,pre1_or_1_deferred
daub,daub,word,塗りつぶす,塗りつぶす,exam,3,1,1,,1:3477,1,pre1_or_1_deferred
daunt,daunt,word,脅す,脅す,exam,3,1,1,,1:2238,1,pre1_or_1_deferred
daunting,daunting,word,ひるんでいる,ひるんでいる,exam,3,1,1,,1:3767,1,pre1_or_1_deferred
dauntless,dauntless,word,恐れ知らず，大胆な,恐れ知らず，大胆な,exam,3,1,1,,1:4176,1,pre1_or_1_deferred
dawdle,dawdle,word,ぐずぐずする，ぶらぶらする,ぐずぐずする，ぶらぶらする,exam,3,1,1,,1:4080,1,pre1_or_1_deferred
dazzling,dazzling,word,眩しい，明るい,眩しい，明るい,exam,3,1,1,,1:1493,1,pre1_or_1_deferred
deadlock,deadlock,word,行き詰まり,行き詰まり,exam,3,1,1,,1:3403,1,pre1_or_1_deferred
dearly,dearly,word,心から，真心で,心から，真心で,exam,3,1,1,,1:1452,1,pre1_or_1_deferred
dearth,dearth,word,欠乏，不足,欠乏，不足,exam,3,1,1,,1:1171,1,pre1_or_1_deferred
debacle,debacle,word,総崩れ，崩壊,総崩れ，崩壊,exam,3,1,1,,1:1147,1,pre1_or_1_deferred
debase,debase,word,堕落させる，道を踏み外させる,堕落させる，道を踏み外させる,exam,3,1,1,,1:1595,1,pre1_or_1_deferred
debilitate,debilitate,word,衰弱させる，弱める,衰弱させる，弱める,exam,3,1,1,,1:629,1,pre1_or_1_deferred
debit,debit,word,借り方,借り方,exam,3,1,1,,1:2456,1,pre1_or_1_deferred
debtor,debtor,word,債務者，借金者,債務者，借金者,exam,3,1,1,,1:1115,1,pre1_or_1_deferred
debunk,debunk,word,正体を暴露する,正体を暴露する,exam,3,1,1,,1:3456,1,pre1_or_1_deferred
decadence,decadence,word,退廃,退廃,exam,3,1,1,,1:2423,1,pre1_or_1_deferred
decadent,decadent,word,堕落した，衰退した,堕落した，衰退した,exam,3,1,1,,1:4261,1,pre1_or_1_deferred
decency,decency,word,良識，良知,良識，良知,exam,3,1,1,,1:1119,1,pre1_or_1_deferred
decimate,decimate,word,殺す,殺す,exam,3,1,1,,1:3443,1,pre1_or_1_deferred
decipher,decipher,word,解読する，暗号を解く,解読する，暗号を解く,exam,3,1,1,,1:1263,1,pre1_or_1_deferred
decor,decor,word,装飾，装飾品,装飾，装飾品,exam,3,1,1,,1:1173,1,pre1_or_1_deferred
decorum,decorum,word,礼儀正しさ,礼儀正しさ,exam,3,1,1,,1:2464,1,pre1_or_1_deferred
decrepit,decrepit,word,老朽化した,老朽化した,exam,3,1,1,,1:4013,1,pre1_or_1_deferred
defamation,defamation,word,名誉毀損，中傷,名誉毀損，中傷,exam,3,1,1,,1:1180,1,pre1_or_1_deferred
defection,defection,word,離反，背いた,離反，背いた,exam,3,1,1,,1:1624,1,pre1_or_1_deferred
deference,deference,word,尊敬,尊敬,exam,3,1,1,,1:3124,1,pre1_or_1_deferred
defiance,defiance,word,反抗，反発,反抗，反発,exam,3,1,1,,1:1762,1,pre1_or_1_deferred
deficient,deficient,word,欠乏した，不足した,欠乏した，不足した,exam,3,1,1,,1:757,1,pre1_or_1_deferred
definitive,definitive,word,決定的な，断定的な,決定的な，断定的な,exam,3,1,1,,1:770,1,pre1_or_1_deferred
deflect,deflect,word,そらせる，ゆがめる,そらせる，ゆがめる,exam,3,1,1,,1:588,1,pre1_or_1_deferred
deft,deft,word,器用な，巧妙な,器用な，巧妙な,exam,3,1,1,,1:1448,1,pre1_or_1_deferred
defunct,defunct,word,消滅した,消滅した,exam,3,1,1,,1:2035,1,pre1_or_1_deferred
degenerate,degenerate,word,退化する，後退する,退化する，後退する,exam,3,1,1,,1:1406,1,pre1_or_1_deferred
deity,deity,word,神,神,exam,3,1,1,,1:3544,1,pre1_or_1_deferred
deleterious,deleterious,word,有害な，害を及ぼす,有害な，害を及ぼす,exam,3,1,1,,1:4204,1,pre1_or_1_deferred
delineation,delineation,word,輪郭の描写,輪郭の描写,exam,3,1,1,,1:2706,1,pre1_or_1_deferred
delirious,delirious,word,錯乱した,錯乱した,exam,3,1,1,,1:3804,1,pre1_or_1_deferred
deluge,deluge,word,大洪水，大水害，氾濫,大洪水，大水害，氾濫,exam,3,1,1,,1:1896,1,pre1_or_1_deferred
delusional,delusional,word,妄想的な,妄想的な,exam,3,1,1,,1:2246,1,pre1_or_1_deferred
delve,delve,word,掘り下げる，深く調べる,掘り下げる，深く調べる,exam,3,1,1,,1:567,1,pre1_or_1_deferred
demarcation,demarcation,word,境界,境界,exam,3,1,1,,1:3118,1,pre1_or_1_deferred
dementia,dementia,word,認知症，記憶障害,認知症，記憶障害,exam,3,1,1,,1:1611,1,pre1_or_1_deferred
demolish,demolish,word,取り壊す，壊す,取り壊す，壊す,exam,3,1,1,,1:718,1,pre1_or_1_deferred
demolition,demolition,word,解体，崩壊，解散,解体，崩壊，解散,exam,3,1,1,,1:1902,1,pre1_or_1_deferred
demur,demur,word,異議を唱える，反対する,異議を唱える，反対する,exam,3,1,1,,1:1574,1,pre1_or_1_deferred
demure,demure,word,控えめな,控えめな,exam,3,1,1,,1:2795,1,pre1_or_1_deferred
denigrate,denigrate,word,侮辱する,侮辱する,exam,3,1,1,,1:3335,1,pre1_or_1_deferred
dent,dent,word,へこみ，凹み,へこみ，凹み,exam,3,1,1,,1:363,1,pre1_or_1_deferred
denunciation,denunciation,word,非難,非難,exam,3,1,1,,1:2644,1,pre1_or_1_deferred
deplete,deplete,word,枯渇させる，使い尽くす,枯渇させる，使い尽くす,exam,3,1,1,,1:1461,1,pre1_or_1_deferred
depletion,depletion,word,枯渇，涸れる,枯渇，涸れる,exam,3,1,1,,1:513,1,pre1_or_1_deferred
deplorable,deplorable,word,嘆かわしい,嘆かわしい,exam,3,1,1,,1:2915,1,pre1_or_1_deferred
depose,depose,word,免職する，解雇する,免職する，解雇する,exam,3,1,1,,1:1582,1,pre1_or_1_deferred
depraved,depraved,word,堕落した,堕落した,exam,3,1,1,,1:2894,1,pre1_or_1_deferred
derail,derail,word,脱線させる，乱す,脱線させる，乱す,exam,3,1,1,,1:872,1,pre1_or_1_deferred
derelict,derelict,word,浮浪者,浮浪者,exam,3,1,1,,1:3560,1,pre1_or_1_deferred
deride,deride,word,あざ笑う，嘲笑する,あざ笑う，嘲笑する,exam,3,1,1,,1:1421,1,pre1_or_1_deferred
derisive,derisive,word,嘲笑的な,嘲笑的な,exam,3,1,1,,1:3086,1,pre1_or_1_deferred
derivative,derivative,word,派生した，派生する,派生した，派生する,exam,3,1,1,,1:748,1,pre1_or_1_deferred
derogatory,derogatory,word,軽蔑的な,軽蔑的な,exam,3,1,1,,1:4047,1,pre1_or_1_deferred
deserving,deserving,word,値する，価値がある,値する，価値がある,exam,3,1,1,,1:1542,1,pre1_or_1_deferred
despicable,despicable,word,卑劣な，下劣な,卑劣な，下劣な,exam,3,1,1,,1:236,1,pre1_or_1_deferred
despondent,despondent,word,落胆した,落胆した,exam,3,1,1,,1:3045,1,pre1_or_1_deferred
despotic,despotic,word,専制的な,専制的な,exam,3,1,1,,1:2999,1,pre1_or_1_deferred
destitute,destitute,word,貧困の，困窮した,貧困の，困窮した,exam,3,1,1,,1:106,1,pre1_or_1_deferred
destitution,destitution,word,貧困,貧困,exam,3,1,1,,1:2380,1,pre1_or_1_deferred
detach,detach,word,切り離す，分断する,切り離す，分断する,exam,3,1,1,,1:1332,1,pre1_or_1_deferred
deterioration,deterioration,word,悪化，劣化,悪化，劣化,exam,3,1,1,,1:1094,1,pre1_or_1_deferred
deterrence,deterrence,word,抑止,抑止,exam,3,1,1,,1:2315,1,pre1_or_1_deferred
deterrent,deterrent,word,抑止する，制止する,抑止する，制止する,exam,3,1,1,,1:1297,1,pre1_or_1_deferred
detest,detest,word,忌み嫌う,忌み嫌う,exam,3,1,1,,1:3365,1,pre1_or_1_deferred
detract,detract,word,損なう,損なう,exam,3,1,1,,1:2081,1,pre1_or_1_deferred
devastation,devastation,word,荒廃，壊滅,荒廃，壊滅,exam,3,1,1,,1:150,1,pre1_or_1_deferred
deviate,deviate,word,逸脱する,逸脱する,exam,3,1,1,,1:3234,1,pre1_or_1_deferred
devious,devious,word,遠回りの，回り道の,遠回りの，回り道の,exam,3,1,1,,1:1374,1,pre1_or_1_deferred
devolution,devolution,word,委譲,委譲,exam,3,1,1,,1:2678,1,pre1_or_1_deferred
devolve,devolve,word,譲り渡す，移譲する,譲り渡す，移譲する,exam,3,1,1,,1:761,1,pre1_or_1_deferred
devout,devout,word,信心深い,信心深い,exam,3,1,1,,1:2298,1,pre1_or_1_deferred
dexterous,dexterous,word,器用な，巧妙な,器用な，巧妙な,exam,3,1,1,,1:4194,1,pre1_or_1_deferred
diabetic,diabetic,word,糖尿病の，高血糖の,糖尿病の，高血糖の,exam,3,1,1,,1:1427,1,pre1_or_1_deferred
diabolic,diabolic,word,悪魔のような,悪魔のような,exam,3,1,1,,1:3978,1,pre1_or_1_deferred
diagonal,diagonal,word,対角線の,対角線の,exam,3,1,1,,1:2779,1,pre1_or_1_deferred
diaper,diaper,word,おむつ，おしめ,おむつ，おしめ,exam,3,1,1,,1:1745,1,pre1_or_1_deferred
diaphanous,diaphanous,word,透明な，薄っぺらい,透明な，薄っぺらい,exam,3,1,1,,1:4215,1,pre1_or_1_deferred
diatribe,diatribe,word,痛烈な非難,痛烈な非難,exam,3,1,1,,1:3146,1,pre1_or_1_deferred
dichotomy,dichotomy,word,二分法，両方,二分法，両方,exam,3,1,1,,1:2591,1,pre1_or_1_deferred
diction,diction,word,言い回し,言い回し,exam,3,1,1,,1:2524,1,pre1_or_1_deferred
dictum,dictum,word,意見，格言,意見，格言,exam,3,1,1,,1:1864,1,pre1_or_1_deferred
dietary,dietary,word,食事の，食事関連の,食事の，食事関連の,exam,3,1,1,,1:706,1,pre1_or_1_deferred
differently,differently,word,異なって，異なる,異なって，異なる,exam,3,1,1,,1:382,1,pre1_or_1_deferred
diffident,diffident,word,自信のない,自信のない,exam,3,1,1,,1:2783,1,pre1_or_1_deferred
diffusion,diffusion,word,拡散，広がり,拡散，広がり,exam,3,1,1,,1:1833,1,pre1_or_1_deferred
dignified,dignified,word,威厳のある,威厳のある,exam,3,1,1,,1:3074,1,pre1_or_1_deferred
digression,digression,word,脱線，脱輪,脱線，脱輪,exam,3,1,1,,1:469,1,pre1_or_1_deferred
dike,dike,word,堤防,堤防,exam,3,1,1,,1:2593,1,pre1_or_1_deferred
dilapidated,dilapidated,word,老朽化した,老朽化した,exam,3,1,1,,1:2881,1,pre1_or_1_deferred
dilate,dilate,word,膨張する,膨張する,exam,3,1,1,,1:2210,1,pre1_or_1_deferred
diligently,diligently,word,精を出して,精を出して,exam,3,1,1,,1:3996,1,pre1_or_1_deferred
diminutive,diminutive,word,とても小さな，極小の,とても小さな，極小の,exam,3,1,1,,1:858,1,pre1_or_1_deferred
dingy,dingy,word,薄汚い,薄汚い,exam,3,1,1,,1:2903,1,pre1_or_1_deferred
dire,dire,word,悲惨な，哀れな,悲惨な，哀れな,exam,3,1,1,,1:433,1,pre1_or_1_deferred
discernible,discernible,word,識別できる，区別できる,識別できる，区別できる,exam,3,1,1,,1:794,1,pre1_or_1_deferred
discerning,discerning,word,洞察力のある，鋭い理解力,洞察力のある，鋭い理解力,exam,3,1,1,,1:3884,1,pre1_or_1_deferred
discomfiture,discomfiture,word,挫折,挫折,exam,3,1,1,,1:3362,1,pre1_or_1_deferred
discontent,discontent,word,不満，満足していない状態,不満，満足していない状態,exam,3,1,1,,1:1719,1,pre1_or_1_deferred
discrepancy,discrepancy,word,不一致，食い違い,不一致，食い違い,exam,3,1,1,,1:441,1,pre1_or_1_deferred
discrete,discrete,word,個別の，独自の,個別の，独自の,exam,3,1,1,,1:729,1,pre1_or_1_deferred
discretionary,discretionary,word,任意の,任意の,exam,3,1,1,,1:2084,1,pre1_or_1_deferred
disgraceful,disgraceful,word,恥ずかしい，恥じらいの,恥ずかしい，恥じらいの,exam,3,1,1,,1:837,1,pre1_or_1_deferred
disgruntled,disgruntled,word,不満な，不機嫌な,不満な，不機嫌な,exam,3,1,1,,1:1276,1,pre1_or_1_deferred
dishevel,dishevel,word,振り乱す,振り乱す,exam,3,1,1,,1:3163,1,pre1_or_1_deferred
disheveled,disheveled,word,乱れた,乱れた,exam,3,1,1,,1:2847,1,pre1_or_1_deferred
disintegration,disintegration,word,崩壊，崩壊状態,崩壊，崩壊状態,exam,3,1,1,,1:1845,1,pre1_or_1_deferred
dislodge,dislodge,word,無理に押しのける,無理に押しのける,exam,3,1,1,,1:2255,1,pre1_or_1_deferred
disparage,disparage,word,見下す，軽視する，軽蔑する,見下す，軽視する，軽蔑する,exam,3,1,1,,1:1590,1,pre1_or_1_deferred
disparate,disparate,word,異なる，違う,異なる，違う,exam,3,1,1,,1:1463,1,pre1_or_1_deferred
disparity,disparity,word,相違，違い，不一致,相違，違い，不一致,exam,3,1,1,,1:1676,1,pre1_or_1_deferred
dispensary,dispensary,word,診療所,診療所,exam,3,1,1,,1:3155,1,pre1_or_1_deferred
disposable,disposable,word,使い捨ての，一回きりの,使い捨ての，一回きりの,exam,3,1,1,,1:1517,1,pre1_or_1_deferred
disproportionate,disproportionate,word,不均衡な,不均衡な,exam,3,1,1,,1:2307,1,pre1_or_1_deferred
disquiet,disquiet,word,不穏な，不安定な,不穏な，不安定な,exam,3,1,1,,1:814,1,pre1_or_1_deferred
dissect,dissect,word,解剖する,解剖する,exam,3,1,1,,1:2186,1,pre1_or_1_deferred
dissident,dissident,word,反体制派の,反体制派の,exam,3,1,1,,1:2263,1,pre1_or_1_deferred
dissipate,dissipate,word,散らす，ばらまく,散らす，ばらまく,exam,3,1,1,,1:1484,1,pre1_or_1_deferred
distal,distal,word,末端の,末端の,exam,3,1,1,,1:3998,1,pre1_or_1_deferred
distorted,distorted,word,歪んだ,歪んだ,exam,3,1,1,,1:2109,1,pre1_or_1_deferred
distraught,distraught,word,取り乱した,取り乱した,exam,3,1,1,,1:2054,1,pre1_or_1_deferred
ditto,ditto,word,同上,同上,exam,3,1,1,,1:3772,1,pre1_or_1_deferred
diva,diva,word,女性歌手，歌姫,女性歌手，歌姫,exam,3,1,1,,1:3119,1,pre1_or_1_deferred
divergence,divergence,word,分岐,分岐,exam,3,1,1,,1:2754,1,pre1_or_1_deferred
divergent,divergent,word,分岐した,分岐した,exam,3,1,1,,1:2233,1,pre1_or_1_deferred
divisive,divisive,word,不和の生じた，対立している,不和の生じた，対立している,exam,3,1,1,,1:857,1,pre1_or_1_deferred
divulge,divulge,word,漏らす，暴露する,漏らす，暴露する,exam,3,1,1,,1:623,1,pre1_or_1_deferred
doctorate,doctorate,word,博士号，博士の学位,博士号，博士の学位,exam,3,1,1,,1:1124,1,pre1_or_1_deferred
dogged,dogged,word,頑固な,頑固な,exam,3,1,1,,1:2060,1,pre1_or_1_deferred
doldrums,doldrums,word,無風地帯,無風地帯,exam,3,1,1,,1:2439,1,pre1_or_1_deferred
domicile,domicile,word,住居,住居,exam,3,1,1,,1:2442,1,pre1_or_1_deferred
dormant,dormant,word,休眠中の，休止中の,休眠中の，休止中の,exam,3,1,1,,1:894,1,pre1_or_1_deferred
dosage,dosage,word,投与量，服用量,投与量，服用量,exam,3,1,1,,1:45,1,pre1_or_1_deferred
dour,dour,word,陰気な,陰気な,exam,3,1,1,,1:2128,1,pre1_or_1_deferred
douse,douse,word,ずぶぬれにする,ずぶぬれにする,exam,3,1,1,,1:2258,1,pre1_or_1_deferred
downright,downright,word,真っすぐな，徹底的な，一貫した,真っすぐな，徹底的な，一貫した,exam,3,1,1,,1:341,1,pre1_or_1_deferred
drab,drab,word,単調な,単調な,exam,3,1,1,,1:2249,1,pre1_or_1_deferred
drawback,drawback,word,欠点，短所,欠点，短所,exam,3,1,1,,1:41,1,pre1_or_1_deferred
drawl,drawl,word,ゆっくり話す，遅く話す,ゆっくり話す，遅く話す,exam,3,1,1,,1:705,1,pre1_or_1_deferred
drench,drench,word,ずぶぬれにする，水浸しにする,ずぶぬれにする，水浸しにする,exam,3,1,1,,1:1438,1,pre1_or_1_deferred
dribble,dribble,word,滴る,滴る,exam,3,1,1,,1:3569,1,pre1_or_1_deferred
drizzle,drizzle,word,霧雨が降る，細かい雨が降る,霧雨が降る，細かい雨が降る,exam,3,1,1,,1:1397,1,pre1_or_1_deferred
drool,drool,word,よだれを垂らす,よだれを垂らす,exam,3,1,1,,1:3302,1,pre1_or_1_deferred
drudgery,drudgery,word,骨折り仕事,骨折り仕事,exam,3,1,1,,1:2334,1,pre1_or_1_deferred
duchy,duchy,word,公国,公国,exam,3,1,1,,1:2659,1,pre1_or_1_deferred
duly,duly,word,正当に,正当に,exam,3,1,1,,1:3735,1,pre1_or_1_deferred
dune,dune,word,砂丘,砂丘,exam,3,1,1,,1:2578,1,pre1_or_1_deferred
dung,dung,word,糞,糞,exam,3,1,1,,1:2602,1,pre1_or_1_deferred
dupe,dupe,word,複製品，複製品,複製品，複製品,exam,3,1,1,,1:505,1,pre1_or_1_deferred
dusky,dusky,word,薄暗い，昏い,薄暗い，昏い,exam,3,1,1,,1:789,1,pre1_or_1_deferred
eavesdrop,eavesdrop,word,盗聴する,盗聴する,exam,3,1,1,,1:3478,1,pre1_or_1_deferred
ebriate,ebriate,word,興奮させる,興奮させる,exam,3,1,1,,1:3624,1,pre1_or_1_deferred
ebullient,ebullient,word,沸き立つような，元気いっぱいの,沸き立つような，元気いっぱいの,exam,3,1,1,,1:4083,1,pre1_or_1_deferred
ecclesiastical,ecclesiastical,word,教会の,教会の,exam,3,1,1,,1:3627,1,pre1_or_1_deferred
echelon,echelon,word,梯形編成,梯形編成,exam,3,1,1,,1:3447,1,pre1_or_1_deferred
eclectic,eclectic,word,折衷の,折衷の,exam,3,1,1,,1:2103,1,pre1_or_1_deferred
eddy,eddy,word,渦,渦,exam,3,1,1,,1:2335,1,pre1_or_1_deferred
edifice,edifice,word,建築物，構造物,建築物，構造物,exam,3,1,1,,1:910,1,pre1_or_1_deferred
edify,edify,word,啓発する,啓発する,exam,3,1,1,,1:2308,1,pre1_or_1_deferred
efface,efface,word,拭い去る,拭い去る,exam,3,1,1,,1:2309,1,pre1_or_1_deferred
effervescent,effervescent,word,発泡性の,発泡性の,exam,3,1,1,,1:3016,1,pre1_or_1_deferred
effigy,effigy,word,肖像，像,肖像，像,exam,3,1,1,,1:4164,1,pre1_or_1_deferred
effulgent,effulgent,word,輝かしい，明るい,輝かしい，明るい,exam,3,1,1,,1:4248,1,pre1_or_1_deferred
effusive,effusive,word,感情むき出しの,感情むき出しの,exam,3,1,1,,1:3827,1,pre1_or_1_deferred
egalitarian,egalitarian,word,平等主義者,平等主義者,exam,3,1,1,,1:2494,1,pre1_or_1_deferred
egregious,egregious,word,悪質な,悪質な,exam,3,1,1,,1:2866,1,pre1_or_1_deferred
elation,elation,word,得意げ,得意げ,exam,3,1,1,,1:2571,1,pre1_or_1_deferred
electrode,electrode,word,電極，電流を通す部品，電流を通す部品,電極，電流を通す部品，電流を通す部品,exam,3,1,1,,1:1663,1,pre1_or_1_deferred
elicit,elicit,word,引き出す，取り出す,引き出す，取り出す,exam,3,1,1,,1:403,1,pre1_or_1_deferred
eligibility,eligibility,word,適格性，妥当性,適格性，妥当性,exam,3,1,1,,1:1862,1,pre1_or_1_deferred
ellipse,ellipse,word,楕円,楕円,exam,3,1,1,,1:3260,1,pre1_or_1_deferred
elucidate,elucidate,word,解明する,解明する,exam,3,1,1,,1:2015,1,pre1_or_1_deferred
elucidation,elucidation,word,解明,解明,exam,3,1,1,,1:3571,1,pre1_or_1_deferred
elude,elude,word,逃げる，逃走する,逃げる，逃走する,exam,3,1,1,,1:860,1,pre1_or_1_deferred
elusive,elusive,word,捉えどころのない，不確定な,捉えどころのない，不確定な,exam,3,1,1,,1:686,1,pre1_or_1_deferred
emaciated,emaciated,word,やつれた，痩せ衰えた,やつれた，痩せ衰えた,exam,3,1,1,,1:4141,1,pre1_or_1_deferred
emanate,emanate,word,発する，出す,発する，出す,exam,3,1,1,,1:762,1,pre1_or_1_deferred
emancipate,emancipate,word,解放する,解放する,exam,3,1,1,,1:3281,1,pre1_or_1_deferred
emancipation,emancipation,word,解放,解放,exam,3,1,1,,1:3315,1,pre1_or_1_deferred
embankment,embankment,word,堤防,堤防,exam,3,1,1,,1:2481,1,pre1_or_1_deferred
embellish,embellish,word,飾る,飾る,exam,3,1,1,,1:3152,1,pre1_or_1_deferred
embezzle,embezzle,word,横領する,横領する,exam,3,1,1,,1:3259,1,pre1_or_1_deferred
emblem,emblem,word,象徴，何かを代表するものや事象，権化,象徴，何かを代表するものや事象，権化,exam,3,1,1,,1:1781,1,pre1_or_1_deferred
embroidery,embroidery,word,刺繍,刺繍,exam,3,1,1,,1:2716,1,pre1_or_1_deferred
embroil,embroil,word,巻き込む，関与させる,巻き込む，関与させる,exam,3,1,1,,1:1352,1,pre1_or_1_deferred
emeritus,emeritus,word,名誉の，名誉退職の,名誉の，名誉退職の,exam,3,1,1,,1:2972,1,pre1_or_1_deferred
emissary,emissary,word,密偵,密偵,exam,3,1,1,,1:2550,1,pre1_or_1_deferred
empirical,empirical,word,経験に基づいた，実績からの,経験に基づいた，実績からの,exam,3,1,1,,1:724,1,pre1_or_1_deferred
enactment,enactment,word,立法，法制定,立法，法制定,exam,3,1,1,,1:968,1,pre1_or_1_deferred
enclave,enclave,word,飛び地，飛地,飛び地，飛地,exam,3,1,1,,1:1775,1,pre1_or_1_deferred
enclosure,enclosure,word,包囲，囲い,包囲，囲い,exam,3,1,1,,1:1949,1,pre1_or_1_deferred
encroach,encroach,word,侵入する,侵入する,exam,3,1,1,,1:2073,1,pre1_or_1_deferred
encryption,encryption,word,暗号化,暗号化,exam,3,1,1,,1:2516,1,pre1_or_1_deferred
endear,endear,word,慕わせる，愛される,慕わせる，愛される,exam,3,1,1,,1:545,1,pre1_or_1_deferred
endemic,endemic,word,風土病，地域病，特定の地域で多く見られる病気,風土病，地域病，特定の地域で多く見られる病気,exam,3,1,1,,1:1777,1,pre1_or_1_deferred
enervate,enervate,word,弱める，奪う,弱める，奪う,exam,3,1,1,,1:4144,1,pre1_or_1_deferred
engender,engender,word,醸し出す,醸し出す,exam,3,1,1,,1:2075,1,pre1_or_1_deferred
engross,engross,word,注意を向け集中させる,注意を向け集中させる,exam,3,1,1,,1:4026,1,pre1_or_1_deferred
engulf,engulf,word,飲み込む，ゴクリと飲む,飲み込む，ゴクリと飲む,exam,3,1,1,,1:1550,1,pre1_or_1_deferred
enigma,enigma,word,不可解なこと，理解不能なこと,不可解なこと，理解不能なこと,exam,3,1,1,,1:1061,1,pre1_or_1_deferred
enigmatic,enigmatic,word,謎めいた，神秘的な,謎めいた，神秘的な,exam,3,1,1,,1:673,1,pre1_or_1_deferred
enjoin,enjoin,word,命じる,命じる,exam,3,1,1,,1:3512,1,pre1_or_1_deferred
ensconce,ensconce,word,快適に座る,快適に座る,exam,3,1,1,,1:3350,1,pre1_or_1_deferred
ensemble,ensemble,word,全体的効果，全般的な影響，全体の影響,全体的効果，全般的な影響，全体の影響,exam,3,1,1,,1:921,1,pre1_or_1_deferred
enshrine,enshrine,word,祀る,祀る,exam,3,1,1,,1:3182,1,pre1_or_1_deferred
enthrall,enthrall,word,魅了する,魅了する,exam,3,1,1,,1:3332,1,pre1_or_1_deferred
entourage,entourage,word,側近，近侍,側近，近侍,exam,3,1,1,,1:1002,1,pre1_or_1_deferred
entreat,entreat,word,懇願する，頼む,懇願する，頼む,exam,3,1,1,,1:847,1,pre1_or_1_deferred
entrench,entrench,word,塹壕に入れる，防御する,塹壕に入れる，防御する,exam,3,1,1,,1:1420,1,pre1_or_1_deferred
entrenched,entrenched,word,定着した,定着した,exam,3,1,1,,1:3587,1,pre1_or_1_deferred
entrepreneurship,entrepreneurship,word,起業家精神，創業者の心,起業家精神，創業者の心,exam,3,1,1,,1:1001,1,pre1_or_1_deferred
enumerate,enumerate,word,列挙する,列挙する,exam,3,1,1,,1:3318,1,pre1_or_1_deferred
enunciate,enunciate,word,明瞭に発音する,明瞭に発音する,exam,3,1,1,,1:2201,1,pre1_or_1_deferred
environs,environs,word,周辺,周辺,exam,3,1,1,,1:2696,1,pre1_or_1_deferred
enzyme,enzyme,word,酵素，生化学的触媒,酵素，生化学的触媒,exam,3,1,1,,1:62,1,pre1_or_1_deferred
ephemeral,ephemeral,word,はかない,はかない,exam,3,1,1,,1:3052,1,pre1_or_1_deferred
epicenter,epicenter,word,震源地,震源地,exam,3,1,1,,1:1919,1,pre1_or_1_deferred
epilepsy,epilepsy,word,てんかん,てんかん,exam,3,1,1,,1:3160,1,pre1_or_1_deferred
epiphany,epiphany,word,悟り,悟り,exam,3,1,1,,1:3449,1,pre1_or_1_deferred
episcopal,episcopal,word,監督の，司教の,監督の，司教の,exam,3,1,1,,1:644,1,pre1_or_1_deferred
epitome,epitome,word,典型，縮図,典型，縮図,exam,3,1,1,,1:2534,1,pre1_or_1_deferred
epitomize,epitomize,word,縮める,縮める,exam,3,1,1,,1:3376,1,pre1_or_1_deferred
equestrian,equestrian,word,馬術の,馬術の,exam,3,1,1,,1:2937,1,pre1_or_1_deferred
equitable,equitable,word,公平な，平等な,公平な，平等な,exam,3,1,1,,1:1597,1,pre1_or_1_deferred
equivocate,equivocate,word,あいまいに言う，二枚舌,あいまいに言う，二枚舌,exam,3,1,1,,1:4239,1,pre1_or_1_deferred
eradicate,eradicate,word,根絶する，撲滅する,根絶する，撲滅する,exam,3,1,1,,1:358,1,pre1_or_1_deferred
err,err,word,誤る，間違える,誤る，間違える,exam,3,1,1,,1:1521,1,pre1_or_1_deferred
erratic,erratic,word,不安定な,不安定な,exam,3,1,1,,1:2169,1,pre1_or_1_deferred
escapade,escapade,word,いたずら,いたずら,exam,3,1,1,,1:2557,1,pre1_or_1_deferred
eschew,eschew,word,避ける,避ける,exam,3,1,1,,1:889,1,pre1_or_1_deferred
esophagus,esophagus,word,食道,食道,exam,3,1,1,,1:2527,1,pre1_or_1_deferred
esoteric,esoteric,word,秘儀の，神秘的な,秘儀の，神秘的な,exam,3,1,1,,1:292,1,pre1_or_1_deferred
espionage,espionage,word,スパイ活動，情報を秘密裏に収集する活動，陰謀活動,スパイ活動，情報を秘密裏に収集する活動，陰謀活動,exam,3,1,1,,1:1652,1,pre1_or_1_deferred
espouse,espouse,word,支持する，後援する,支持する，後援する / 信念や主張を支持する,exam,3,1,1,,1:862;1:3313,2,pre1_or_1_deferred
estranged,estranged,word,疎遠になった,疎遠になった,exam,3,1,1,,1:3635,1,pre1_or_1_deferred
ethereal,ethereal,word,空気の様に軽やかな,空気の様に軽やかな,exam,3,1,1,,1:2021,1,pre1_or_1_deferred
ethos,ethos,word,気風,気風,exam,3,1,1,,1:2600,1,pre1_or_1_deferred
eulogy,eulogy,word,賛辞,賛辞,exam,3,1,1,,1:3188,1,pre1_or_1_deferred
euphemism,euphemism,word,婉曲表現，遠回しの表現,婉曲表現，遠回しの表現,exam,3,1,1,,1:1771,1,pre1_or_1_deferred
euphoria,euphoria,word,陶酔，夢中,陶酔，夢中,exam,3,1,1,,1:1860,1,pre1_or_1_deferred
euphoric,euphoric,word,陶酔している,陶酔している,exam,3,1,1,,1:3989,1,pre1_or_1_deferred
euthanasia,euthanasia,word,安楽死,安楽死,exam,3,1,1,,1:1941,1,pre1_or_1_deferred
eviction,eviction,word,立ち退き，明け渡し,立ち退き，明け渡し,exam,3,1,1,,1:3117,1,pre1_or_1_deferred
evocative,evocative,word,呼び起こした,呼び起こした,exam,3,1,1,,1:2241,1,pre1_or_1_deferred
evolutionary,evolutionary,word,進化的な，進化論の,進化的な，進化論の,exam,3,1,1,,1:10,1,pre1_or_1_deferred
ex-husband,ex-husband,word,元夫，以前の配偶者,元夫，以前の配偶者,exam,3,1,1,,1:1703,1,pre1_or_1_deferred
exacerbate,exacerbate,word,悪化させる，悪くする,悪化させる，悪くする,exam,3,1,1,,1:1534,1,pre1_or_1_deferred
exacting,exacting,word,厳しい,厳しい,exam,3,1,1,,1:1992,1,pre1_or_1_deferred
exasperate,exasperate,word,いら立たせる，怒らせる,いら立たせる，怒らせる,exam,3,1,1,,1:4205,1,pre1_or_1_deferred
exasperation,exasperation,word,憤慨,憤慨,exam,3,1,1,,1:2327,1,pre1_or_1_deferred
excavation,excavation,word,発掘，探し出す,発掘，探し出す,exam,3,1,1,,1:1063,1,pre1_or_1_deferred
exchequer,exchequer,word,国庫,国庫,exam,3,1,1,,1:3406,1,pre1_or_1_deferred
excise,excise,word,物品税，商品にかかる税金,物品税，商品にかかる税金,exam,3,1,1,,1:1740,1,pre1_or_1_deferred
excruciate,excruciate,word,苦しめる,苦しめる,exam,3,1,1,,1:3219,1,pre1_or_1_deferred
exemplar,exemplar,word,模範,模範,exam,3,1,1,,1:3442,1,pre1_or_1_deferred
exhale,exhale,word,吐き出す，放出する,吐き出す，放出する,exam,3,1,1,,1:671,1,pre1_or_1_deferred
exhilarate,exhilarate,word,陽気にさせる，楽しくさせる,陽気にさせる，楽しくさせる,exam,3,1,1,,1:795,1,pre1_or_1_deferred
exhilarating,exhilarating,word,爽快にさせる,爽快にさせる,exam,3,1,1,,1:3482,1,pre1_or_1_deferred
exhort,exhort,word,勧める，推薦する,勧める，推薦する,exam,3,1,1,,1:1264,1,pre1_or_1_deferred
exhortation,exhortation,word,勧め,勧め,exam,3,1,1,,1:3459,1,pre1_or_1_deferred
existential,existential,word,実存の，存在する,実存の，存在する,exam,3,1,1,,1:1289,1,pre1_or_1_deferred
exonerate,exonerate,word,無罪放免する,無罪放免する,exam,3,1,1,,1:3410,1,pre1_or_1_deferred
exorbitant,exorbitant,word,法外な，途方もない,法外な，途方もない,exam,3,1,1,,1:512,1,pre1_or_1_deferred
exorcise,exorcise,word,厄払いする,厄払いする,exam,3,1,1,,1:2055,1,pre1_or_1_deferred
expatriate,expatriate,word,自国を離れる，出国する,自国を離れる，出国する,exam,3,1,1,,1:1346,1,pre1_or_1_deferred
expedient,expedient,word,都合の良い,都合の良い,exam,3,1,1,,1:3647,1,pre1_or_1_deferred
expedite,expedite,word,促進する，迅速化する,促進する，迅速化する,exam,3,1,1,,1:129,1,pre1_or_1_deferred
exploratory,exploratory,word,探検の,探検の,exam,3,1,1,,1:2245,1,pre1_or_1_deferred
exponent,exponent,word,解説者,解説者,exam,3,1,1,,1:2539,1,pre1_or_1_deferred
exponential,exponential,word,指数関数的な,指数関数的な,exam,3,1,1,,1:3724,1,pre1_or_1_deferred
exponentially,exponentially,word,指数関数的に,指数関数的に,exam,3,1,1,,1:3475,1,pre1_or_1_deferred
exposition,exposition,word,展示会,展示会,exam,3,1,1,,1:1940,1,pre1_or_1_deferred
expound,expound,word,解説する,解説する,exam,3,1,1,,1:2266,1,pre1_or_1_deferred
expropriate,expropriate,word,没収する,没収する,exam,3,1,1,,1:3178,1,pre1_or_1_deferred
expulsion,expulsion,word,排除，除名,排除，除名,exam,3,1,1,,1:76,1,pre1_or_1_deferred
extant,extant,word,現存の,現存の,exam,3,1,1,,1:4031,1,pre1_or_1_deferred
extemporaneous,extemporaneous,word,即席の，その場しのぎの,即席の，その場しのぎの,exam,3,1,1,,1:3649,1,pre1_or_1_deferred
extol,extol,word,絶賛する，高く評価する,絶賛する，高く評価する,exam,3,1,1,,1:1396,1,pre1_or_1_deferred
extoll,extoll,word,称える,称える,exam,3,1,1,,1:3533,1,pre1_or_1_deferred
extortion,extortion,word,恐喝,恐喝,exam,3,1,1,,1:3495,1,pre1_or_1_deferred
extradite,extradite,word,引き渡す,引き渡す,exam,3,1,1,,1:1983,1,pre1_or_1_deferred
extradition,extradition,word,引き渡し，渡す，提供する,引き渡し，渡す，提供する,exam,3,1,1,,1:1811,1,pre1_or_1_deferred
extrapolate,extrapolate,word,推定する，外挿する,推定する，外挿する,exam,3,1,1,,1:3563,1,pre1_or_1_deferred
extremist,extremist,word,過激派，極端な,過激派，極端な,exam,3,1,1,,1:1554,1,pre1_or_1_deferred
extricate,extricate,word,救い出す,救い出す,exam,3,1,1,,1:2261,1,pre1_or_1_deferred
extrovert,extrovert,word,外向的な,外向的な,exam,3,1,1,,1:3799,1,pre1_or_1_deferred
exuberant,exuberant,word,あふれんばかりの,あふれんばかりの,exam,3,1,1,,1:2014,1,pre1_or_1_deferred
exude,exude,word,滲み出させる,滲み出させる,exam,3,1,1,,1:2067,1,pre1_or_1_deferred
exult,exult,word,喜ぶ，うれしく思う,喜ぶ，うれしく思う,exam,3,1,1,,1:1349,1,pre1_or_1_deferred
fabrication,fabrication,word,製作,製作,exam,3,1,1,,1:3300,1,pre1_or_1_deferred
facetious,facetious,word,ふざけた,ふざけた,exam,3,1,1,,1:2919,1,pre1_or_1_deferred
faded,faded,word,色あせた，退色した,色あせた，退色した,exam,3,1,1,,1:1412,1,pre1_or_1_deferred
fallacious,fallacious,word,誤った，不正確な,誤った，不正確な,exam,3,1,1,,1:4075,1,pre1_or_1_deferred
fallacy,fallacy,word,誤信，誤解,誤信，誤解,exam,3,1,1,,1:932,1,pre1_or_1_deferred
fallible,fallible,word,誤りやすい，欠点がある,誤りやすい，欠点がある,exam,3,1,1,,1:4165,1,pre1_or_1_deferred
falter,falter,word,ためらう，躊躇する,ためらう，躊躇する,exam,3,1,1,,1:1408,1,pre1_or_1_deferred
faltered,faltered,word,行き詰まった,行き詰まった,exam,3,1,1,,1:3740,1,pre1_or_1_deferred
fanatic,fanatic,word,狂信者，過激派,狂信者，過激派,exam,3,1,1,,1:899,1,pre1_or_1_deferred
fang,fang,word,牙，犬歯,牙，犬歯,exam,3,1,1,,1:1026,1,pre1_or_1_deferred
farce,farce,word,茶番，喜劇，茶番劇,茶番，喜劇，茶番劇,exam,3,1,1,,1:1782,1,pre1_or_1_deferred
fart,fart,word,おならをする,おならをする,exam,3,1,1,,1:3345,1,pre1_or_1_deferred
fastidious,fastidious,word,気難しい,気難しい,exam,3,1,1,,1:2869,1,pre1_or_1_deferred
fatality,fatality,word,死者，災害，犠牲者,死者，災害，犠牲者,exam,3,1,1,,1:928,1,pre1_or_1_deferred
faucet,faucet,word,蛇口,蛇口,exam,3,1,1,,1:2714,1,pre1_or_1_deferred
faulty,faulty,word,欠点のある，不完全な,欠点のある，不完全な,exam,3,1,1,,1:1272,1,pre1_or_1_deferred
faze,faze,word,心を騒がせる,心を騒がせる,exam,3,1,1,,1:3373,1,pre1_or_1_deferred
feckless,feckless,word,無気力な，責任感のない,無気力な，責任感のない,exam,3,1,1,,1:4262,1,pre1_or_1_deferred
feign,feign,word,偽る，装う,偽る，装う,exam,3,1,1,,1:4111,1,pre1_or_1_deferred
felon,felon,word,重罪犯人，凶悪犯,重罪犯人，凶悪犯,exam,3,1,1,,1:1130,1,pre1_or_1_deferred
fend,fend,word,避ける，回避する,避ける，回避する,exam,3,1,1,,1:668,1,pre1_or_1_deferred
feral,feral,word,野生の，人嫌いの,野生の，人嫌いの,exam,3,1,1,,1:4228,1,pre1_or_1_deferred
ferment,ferment,word,発酵体，発酵を引き起こす物質,発酵体，発酵を引き起こす物質,exam,3,1,1,,1:1747,1,pre1_or_1_deferred
ferocity,ferocity,word,凶暴性，獰猛さ,凶暴性，獰猛さ,exam,3,1,1,,1:1018,1,pre1_or_1_deferred
fervent,fervent,word,熱烈な，情熱的な,熱烈な，情熱的な,exam,3,1,1,,1:1511,1,pre1_or_1_deferred
fetal,fetal,word,胎児の，胎児に関する，胎内の,胎児の，胎児に関する，胎内の,exam,3,1,1,,1:1580,1,pre1_or_1_deferred
fetus,fetus,word,胎児，胎子,胎児，胎子,exam,3,1,1,,1:1152,1,pre1_or_1_deferred
feud,feud,word,確執，対立,確執，対立,exam,3,1,1,,1:991,1,pre1_or_1_deferred
fiasco,fiasco,word,大失態,大失態,exam,3,1,1,,1:2331,1,pre1_or_1_deferred
fiat,fiat,word,命令，指令や要求,命令，指令や要求,exam,3,1,1,,1:1734,1,pre1_or_1_deferred
fickle,fickle,word,気まぐれな，不安定な,気まぐれな，不安定な,exam,3,1,1,,1:1457,1,pre1_or_1_deferred
fiddle,fiddle,word,バイオリン,バイオリン,exam,3,1,1,,1:2465,1,pre1_or_1_deferred
fiduciary,fiduciary,word,受託者,受託者,exam,3,1,1,,1:3535,1,pre1_or_1_deferred
fiend,fiend,word,悪魔,悪魔,exam,3,1,1,,1:2741,1,pre1_or_1_deferred
figment,figment,word,作りごと,作りごと,exam,3,1,1,,1:3444,1,pre1_or_1_deferred
filial,filial,word,子の,子の,exam,3,1,1,,1:3664,1,pre1_or_1_deferred
filibuster,filibuster,word,議事妨害,議事妨害,exam,3,1,1,,1:2497,1,pre1_or_1_deferred
filth,filth,word,汚物,汚物,exam,3,1,1,,1:3343,1,pre1_or_1_deferred
finery,finery,word,華美な装飾,華美な装飾,exam,3,1,1,,1:3296,1,pre1_or_1_deferred
finesse,finesse,word,巧妙な処理，うまい対処，手腕,巧妙な処理，うまい対処，手腕,exam,3,1,1,,1:1786,1,pre1_or_1_deferred
firearm,firearm,word,銃器，火器,銃器，火器,exam,3,1,1,,1:1188,1,pre1_or_1_deferred
fission,fission,word,分裂,分裂,exam,3,1,1,,1:2605,1,pre1_or_1_deferred
fissure,fissure,word,亀裂,亀裂,exam,3,1,1,,1:3545,1,pre1_or_1_deferred
fitful,fitful,word,気まぐれな,気まぐれな,exam,3,1,1,,1:4057,1,pre1_or_1_deferred
fixate,fixate,word,定着させる,定着させる,exam,3,1,1,,1:3558,1,pre1_or_1_deferred
flabbergast,flabbergast,word,驚かせる，仰天させる,驚かせる，仰天させる,exam,3,1,1,,1:4146,1,pre1_or_1_deferred
flabby,flabby,word,たるんだ,たるんだ,exam,3,1,1,,1:2953,1,pre1_or_1_deferred
flagrant,flagrant,word,極悪非道の,極悪非道の,exam,3,1,1,,1:1994,1,pre1_or_1_deferred
flagship,flagship,word,旗艦，主力艦,旗艦，主力艦,exam,3,1,1,,1:1225,1,pre1_or_1_deferred
flamboyant,flamboyant,word,色鮮やかな,色鮮やかな,exam,3,1,1,,1:2289,1,pre1_or_1_deferred
flaunt,flaunt,word,誇示する，見せびらかす,誇示する，見せびらかす,exam,3,1,1,,1:572,1,pre1_or_1_deferred
flawless,flawless,word,完璧な,完璧な,exam,3,1,1,,1:2151,1,pre1_or_1_deferred
fledgling,fledgling,word,駆け出し，初心者,駆け出し，初心者,exam,3,1,1,,1:1751,1,pre1_or_1_deferred
fleeting,fleeting,word,つかの間の,つかの間の,exam,3,1,1,,1:2089,1,pre1_or_1_deferred
flex,flex,word,曲げる，湾曲させる,曲げる，湾曲させる,exam,3,1,1,,1:613,1,pre1_or_1_deferred
flimsy,flimsy,word,薄っぺらな,薄っぺらな,exam,3,1,1,,1:2195,1,pre1_or_1_deferred
flinch,flinch,word,尻込みする，躊躇する,尻込みする，躊躇する,exam,3,1,1,,1:1424,1,pre1_or_1_deferred
flip-flop,flip-flop,word,サンダル，パタパタ鳴る音,サンダル，パタパタ鳴る音,exam,3,1,1,,1:3266,1,pre1_or_1_deferred
flippant,flippant,word,軽薄な,軽薄な,exam,3,1,1,,1:3613,1,pre1_or_1_deferred
flit,flit,word,すいすい飛ぶ,すいすい飛ぶ,exam,3,1,1,,1:2010,1,pre1_or_1_deferred
flop,flop,word,ばったり倒れる，突然倒れる,ばったり倒れる，突然倒れる,exam,3,1,1,,1:1319,1,pre1_or_1_deferred
flora,flora,word,植物群,植物群,exam,3,1,1,,1:3128,1,pre1_or_1_deferred
flounder,flounder,word,もがく，足掻く,もがく，足掻く,exam,3,1,1,,1:1475,1,pre1_or_1_deferred
fluctuate,fluctuate,word,変動する,変動する,exam,3,1,1,,1:2034,1,pre1_or_1_deferred
fluff,fluff,word,綿毛,綿毛,exam,3,1,1,,1:2673,1,pre1_or_1_deferred
fluffy,fluffy,word,綿毛の，フワフワした,綿毛の，フワフワした,exam,3,1,1,,1:1411,1,pre1_or_1_deferred
fluke,fluke,word,まぐれ当たり，まぐれで,まぐれ当たり，まぐれで,exam,3,1,1,,1:1212,1,pre1_or_1_deferred
fluorescent,fluorescent,word,蛍光の，発光する,蛍光の，発光する,exam,3,1,1,,1:1392,1,pre1_or_1_deferred
flurry,flurry,word,突風，突然の風,突風，突然の風,exam,3,1,1,,1:913,1,pre1_or_1_deferred
focal,focal,word,焦点の，中心の,焦点の，中心の,exam,3,1,1,,1:791,1,pre1_or_1_deferred
fodder,fodder,word,飼料，動物のエサ,飼料，動物のエサ,exam,3,1,1,,1:1737,1,pre1_or_1_deferred
foolhardy,foolhardy,word,無鉄砲な,無鉄砲な,exam,3,1,1,,1:3709,1,pre1_or_1_deferred
foolproof,foolproof,word,誰にでも理解できる,誰にでも理解できる,exam,3,1,1,,1:4038,1,pre1_or_1_deferred
footing,footing,word,足場，基盤,足場，基盤,exam,3,1,1,,1:455,1,pre1_or_1_deferred
forage,forage,word,飼料,飼料,exam,3,1,1,,1:2683,1,pre1_or_1_deferred
foray,foray,word,不意打ち，突撃，急襲,不意打ち，突撃，急襲,exam,3,1,1,,1:1783,1,pre1_or_1_deferred
forbidden,forbidden,word,禁じられた，禁止された,禁じられた，禁止された,exam,3,1,1,,1:464,1,pre1_or_1_deferred
foreclose,foreclose,word,除外する,除外する,exam,3,1,1,,1:3205,1,pre1_or_1_deferred
forefront,forefront,word,最前部，前線,最前部，前線,exam,3,1,1,,1:261,1,pre1_or_1_deferred
foreground,foreground,word,前景，背景,前景，背景,exam,3,1,1,,1:1189,1,pre1_or_1_deferred
foreman,foreman,word,親方,親方,exam,3,1,1,,1:1924,1,pre1_or_1_deferred
foremost,foremost,word,主要な，最も重要な,主要な，最も重要な,exam,3,1,1,,1:67,1,pre1_or_1_deferred
forensic,forensic,word,法廷の，裁判所の,法廷の，裁判所の,exam,3,1,1,,1:258,1,pre1_or_1_deferred
forestall,forestall,word,先んずる，先駆ける,先んずる，先駆ける,exam,3,1,1,,1:1383,1,pre1_or_1_deferred
forfeit,forfeit,word,没収,没収,exam,3,1,1,,1:2609,1,pre1_or_1_deferred
forgo,forgo,word,差し控える，遠慮する,差し控える，遠慮する,exam,3,1,1,,1:1384,1,pre1_or_1_deferred
forlorn,forlorn,word,孤独な，寂しい,孤独な，寂しい,exam,3,1,1,,1:1367,1,pre1_or_1_deferred
forte,forte,word,十八番,十八番,exam,3,1,1,,1:2318,1,pre1_or_1_deferred
forthright,forthright,word,単刀直入の,単刀直入の,exam,3,1,1,,1:2304,1,pre1_or_1_deferred
fortitude,fortitude,word,不屈の精神,不屈の精神,exam,3,1,1,,1:3566,1,pre1_or_1_deferred
fortress,fortress,word,要塞,要塞,exam,3,1,1,,1:3496,1,pre1_or_1_deferred
foundry,foundry,word,鋳造所,鋳造所,exam,3,1,1,,1:3573,1,pre1_or_1_deferred
foyer,foyer,word,休憩室，待合室,休憩室，待合室,exam,3,1,1,,1:1835,1,pre1_or_1_deferred
fragmentary,fragmentary,word,断片的な，部分的な,断片的な，部分的な,exam,3,1,1,,1:885,1,pre1_or_1_deferred
fragmentation,fragmentation,word,断片化，分断,断片化，分断,exam,3,1,1,,1:1060,1,pre1_or_1_deferred
fraternal,fraternal,word,兄弟の，兄妹の関係,兄弟の，兄妹の関係,exam,3,1,1,,1:1282,1,pre1_or_1_deferred
fraternity,fraternity,word,友愛，友情,友愛，友情,exam,3,1,1,,1:241,1,pre1_or_1_deferred
fraudulent,fraudulent,word,詐欺，欺騙,詐欺，欺騙,exam,3,1,1,,1:841,1,pre1_or_1_deferred
fraught,fraught,word,いっぱいの、緊張をはらんだ,いっぱいの、緊張をはらんだ,exam,3,1,1,,1:2950,1,pre1_or_1_deferred
fret,fret,word,いらいらする，怒る,いらいらする，怒る,exam,3,1,1,,1:1509,1,pre1_or_1_deferred
fretting,fretting,word,イライラしている,イライラしている,exam,3,1,1,,1:3591,1,pre1_or_1_deferred
frigid,frigid,word,極寒の，極寒地の,極寒の，極寒地の,exam,3,1,1,,1:1473,1,pre1_or_1_deferred
frolic,frolic,word,戯れる，遊ぶ,戯れる，遊ぶ,exam,3,1,1,,1:574,1,pre1_or_1_deferred
frost,frost,word,霜，霜降り,霜，霜降り,exam,3,1,1,,1:926,1,pre1_or_1_deferred
frosty,frosty,word,凍えるような，氷点下の,凍えるような，氷点下の,exam,3,1,1,,1:578,1,pre1_or_1_deferred
froth,froth,word,あぶく,あぶく,exam,3,1,1,,1:2369,1,pre1_or_1_deferred
frugality,frugality,word,倹約,倹約,exam,3,1,1,,1:2395,1,pre1_or_1_deferred
fruition,fruition,word,結実，実現,結実，実現,exam,3,1,1,,1:3375,1,pre1_or_1_deferred
fumble,fumble,word,手探りする，取り損ねる，手間取る,手探りする，取り損ねる，手間取る,exam,3,1,1,,1:1330,1,pre1_or_1_deferred
fume,fume,word,臭い煙，臭気，悪臭,臭い煙，臭気，悪臭,exam,3,1,1,,1:1787,1,pre1_or_1_deferred
funk,funk,word,臆病，怯える，気が小さい,臆病，怯える，気が小さい,exam,3,1,1,,1:1895,1,pre1_or_1_deferred
funnel,funnel,word,漏斗,漏斗,exam,3,1,1,,1:1952,1,pre1_or_1_deferred
furlough,furlough,word,休暇,休暇,exam,3,1,1,,1:2492,1,pre1_or_1_deferred
furor,furor,word,激怒，怒り狂う,激怒，怒り狂う,exam,3,1,1,,1:1132,1,pre1_or_1_deferred
furrow,furrow,word,溝，水路,溝，水路,exam,3,1,1,,1:1122,1,pre1_or_1_deferred
furry,furry,word,毛皮の,毛皮の,exam,3,1,1,,1:2808,1,pre1_or_1_deferred
furtive,furtive,word,こそこそした,こそこそした,exam,3,1,1,,1:3062,1,pre1_or_1_deferred
futility,futility,word,無益,無益,exam,3,1,1,,1:3129,1,pre1_or_1_deferred
gaffe,gaffe,word,失策,失策,exam,3,1,1,,1:3317,1,pre1_or_1_deferred
gait,gait,word,歩行,歩行,exam,3,1,1,,1:2535,1,pre1_or_1_deferred
gala,gala,word,祭り，祭典,祭り，祭典,exam,3,1,1,,1:950,1,pre1_or_1_deferred
gall,gall,word,憎しみ，胆汁,憎しみ，胆汁,exam,3,1,1,,1:1024,1,pre1_or_1_deferred
gallant,gallant,word,勇敢な，勇気のある,勇敢な，勇気のある,exam,3,1,1,,1:752,1,pre1_or_1_deferred
galvanize,galvanize,word,電流を流す，通電する,電流を流す，通電する,exam,3,1,1,,1:1287,1,pre1_or_1_deferred
garish,garish,word,飾り立てた,飾り立てた,exam,3,1,1,,1:2996,1,pre1_or_1_deferred
garland,garland,word,花飾り，栄冠,花飾り，栄冠,exam,3,1,1,,1:1080,1,pre1_or_1_deferred
garner,garner,word,集める，収集する,集める，収集する,exam,3,1,1,,1:579,1,pre1_or_1_deferred
garrison,garrison,word,駐屯地，兵士が居住する場所,駐屯地，兵士が居住する場所,exam,3,1,1,,1:1612,1,pre1_or_1_deferred
garrulous,garrulous,word,おしゃべりな，話好きな,おしゃべりな，話好きな,exam,3,1,1,,1:4126,1,pre1_or_1_deferred
gastric,gastric,word,胃の，胃部の,胃の，胃部の,exam,3,1,1,,1:848,1,pre1_or_1_deferred
gauche,gauche,word,ぎこちない，不器用な,ぎこちない，不器用な,exam,3,1,1,,1:4143,1,pre1_or_1_deferred
gaunt,gaunt,word,やせこけた，荒涼とした,やせこけた，荒涼とした,exam,3,1,1,,1:2467,1,pre1_or_1_deferred
gazette,gazette,word,官報，公報,官報，公報,exam,3,1,1,,1:1067,1,pre1_or_1_deferred
genealogy,genealogy,word,系譜，家系,系譜，家系,exam,3,1,1,,1:1244,1,pre1_or_1_deferred
generalized,generalized,word,一般化された,一般化された,exam,3,1,1,,1:1989,1,pre1_or_1_deferred
genesis,genesis,word,起源，始まり，出発点,起源，始まり，出発点,exam,3,1,1,,1:1653,1,pre1_or_1_deferred
genial,genial,word,親切で愛想のよい，親しみやすい,親切で愛想のよい，親しみやすい,exam,3,1,1,,1:637,1,pre1_or_1_deferred
genially,genially,word,和やかに,和やかに,exam,3,1,1,,1:3639,1,pre1_or_1_deferred
genital,genital,word,生殖の,生殖の,exam,3,1,1,,1:2248,1,pre1_or_1_deferred
genotype,genotype,word,遺伝子型,遺伝子型,exam,3,1,1,,1:2518,1,pre1_or_1_deferred
genteel,genteel,word,上品な，優雅な,上品な，優雅な,exam,3,1,1,,1:1497,1,pre1_or_1_deferred
genus,genus,word,属，分類や所属,属，分類や所属,exam,3,1,1,,1:1694,1,pre1_or_1_deferred
germinate,germinate,word,発芽する,発芽する,exam,3,1,1,,1:2139,1,pre1_or_1_deferred
gerrymander,gerrymander,word,選挙区を操作する，不正に変更する,選挙区を操作する，不正に変更する,exam,3,1,1,,1:4098,1,pre1_or_1_deferred
gesticulate,gesticulate,word,身振り手振りで話す,身振り手振りで話す,exam,3,1,1,,1:4241,1,pre1_or_1_deferred
ghastly,ghastly,word,恐ろしい，怖い，恐ろしいほど,恐ろしい，怖い，恐ろしいほど,exam,3,1,1,,1:1494,1,pre1_or_1_deferred
giddy,giddy,word,めまいがする，頭が回る,めまいがする，頭が回る,exam,3,1,1,,1:714,1,pre1_or_1_deferred
gild,gild,word,金を塗る，金箔を貼る,金を塗る，金箔を貼る,exam,3,1,1,,1:1480,1,pre1_or_1_deferred
gill,gill,word,えら,えら,exam,3,1,1,,1:3502,1,pre1_or_1_deferred
gingerly,gingerly,word,極めて慎重に，非常に注意深く,極めて慎重に，非常に注意深く,exam,3,1,1,,1:713,1,pre1_or_1_deferred
gird,gird,word,締める,締める,exam,3,1,1,,1:3368,1,pre1_or_1_deferred
gist,gist,word,要旨,要旨,exam,3,1,1,,1:3388,1,pre1_or_1_deferred
glacial,glacial,word,氷河の,氷河の,exam,3,1,1,,1:3769,1,pre1_or_1_deferred
glaring,glaring,word,ぎらぎら輝く,ぎらぎら輝く,exam,3,1,1,,1:2858,1,pre1_or_1_deferred
glean,glean,word,集める，収集する,集める，収集する,exam,3,1,1,,1:1361,1,pre1_or_1_deferred
glee,glee,word,歓喜，喜び,歓喜，喜び,exam,3,1,1,,1:979,1,pre1_or_1_deferred
glib,glib,word,口達者な，話が得意な,口達者な，話が得意な,exam,3,1,1,,1:1572,1,pre1_or_1_deferred
glimmer,glimmer,word,かすかな光，微かな光,かすかな光，微かな光,exam,3,1,1,,1:1767,1,pre1_or_1_deferred
glint,glint,word,きらめく,きらめく,exam,3,1,1,,1:2005,1,pre1_or_1_deferred
glitch,glitch,word,小さな欠陥，小さい不備，微小な欠点,小さな欠陥，小さい不備，微小な欠点,exam,3,1,1,,1:1680,1,pre1_or_1_deferred
glitter,glitter,word,きらきら輝く,きらきら輝く,exam,3,1,1,,1:2154,1,pre1_or_1_deferred
gloat,gloat,word,満足げに眺める，得意に見る,満足げに眺める，得意に見る,exam,3,1,1,,1:819,1,pre1_or_1_deferred
gloom,gloom,word,暗がり，憂鬱,暗がり，憂鬱,exam,3,1,1,,1:1239,1,pre1_or_1_deferred
glowing,glowing,word,白熱した，熱狂的な,白熱した，熱狂的な,exam,3,1,1,,1:1304,1,pre1_or_1_deferred
glum,glum,word,ふさぎ込んだ,ふさぎ込んだ,exam,3,1,1,,1:2237,1,pre1_or_1_deferred
glut,glut,word,満たす，充足させる,満たす，充足させる,exam,3,1,1,,1:1592,1,pre1_or_1_deferred
glutton,glutton,word,食いしん坊,食いしん坊,exam,3,1,1,,1:3551,1,pre1_or_1_deferred
gluttonous,gluttonous,word,食いしん坊の,食いしん坊の,exam,3,1,1,,1:3689,1,pre1_or_1_deferred
gnaw,gnaw,word,かじる，噛む,かじる，噛む,exam,3,1,1,,1:674,1,pre1_or_1_deferred
goad,goad,word,つき棒，棒,つき棒，棒,exam,3,1,1,,1:982,1,pre1_or_1_deferred
gobble,gobble,word,がつがつ食べる,がつがつ食べる,exam,3,1,1,,1:2050,1,pre1_or_1_deferred
goofy,goofy,word,間抜けな，馬鹿げた,間抜けな，馬鹿げた,exam,3,1,1,,1:1294,1,pre1_or_1_deferred
gradient,gradient,word,勾配，斜面，傾斜,勾配，斜面，傾斜,exam,3,1,1,,1:1668,1,pre1_or_1_deferred
graft,graft,word,接ぎ木，挿し木,接ぎ木，挿し木,exam,3,1,1,,1:1141,1,pre1_or_1_deferred
grail,grail,word,聖杯,聖杯,exam,3,1,1,,1:3336,1,pre1_or_1_deferred
grandiose,grandiose,word,壮大な,壮大な,exam,3,1,1,,1:2161,1,pre1_or_1_deferred
graveyard,graveyard,word,墓地，霊園,墓地，霊園,exam,3,1,1,,1:1137,1,pre1_or_1_deferred
greasy,greasy,word,脂っこい，油っぽい,脂っこい，油っぽい,exam,3,1,1,,1:1548,1,pre1_or_1_deferred
gregarious,gregarious,word,群生した,群生した,exam,3,1,1,,1:2011,1,pre1_or_1_deferred
grid,grid,word,格子，格子状,格子，格子状,exam,3,1,1,,1:1081,1,pre1_or_1_deferred
gritty,gritty,word,砂の入った,砂の入った,exam,3,1,1,,1:2194,1,pre1_or_1_deferred
groin,groin,word,鼠径部,鼠径部,exam,3,1,1,,1:3250,1,pre1_or_1_deferred
grope,grope,word,模索する，探求する,模索する，探求する,exam,3,1,1,,1:1518,1,pre1_or_1_deferred
groundless,groundless,word,根拠のない，無根拠の,根拠のない，無根拠の,exam,3,1,1,,1:755,1,pre1_or_1_deferred
grudge,grudge,word,恨み，悪意，憎しみ,恨み，悪意，憎しみ,exam,3,1,1,,1:1799,1,pre1_or_1_deferred
grueling,grueling,word,厳しい,厳しい,exam,3,1,1,,1:2038,1,pre1_or_1_deferred
gruesome,gruesome,word,ぞっとする,ぞっとする,exam,3,1,1,,1:1974,1,pre1_or_1_deferred
gubernatorial,gubernatorial,word,総督の,総督の,exam,3,1,1,,1:3588,1,pre1_or_1_deferred
guffaw,guffaw,word,大笑いする，ヒヒンと笑う,大笑いする，ヒヒンと笑う,exam,3,1,1,,1:4149,1,pre1_or_1_deferred
guise,guise,word,外観，見た目,外観，見た目,exam,3,1,1,,1:1213,1,pre1_or_1_deferred
gullible,gullible,word,騙されやすい,騙されやすい,exam,3,1,1,,1:2918,1,pre1_or_1_deferred
gusto,gusto,word,大きな喜び,大きな喜び,exam,3,1,1,,1:2328,1,pre1_or_1_deferred
gut,gut,word,腸，大腸，小腸,腸，大腸，小腸,exam,3,1,1,,1:1914,1,pre1_or_1_deferred
hackneyed,hackneyed,word,使い古した,使い古した,exam,3,1,1,,1:3585,1,pre1_or_1_deferred
haggard,haggard,word,やつれた,やつれた,exam,3,1,1,,1:2785,1,pre1_or_1_deferred
halcyon,halcyon,word,穏やかな，平穏な,穏やかな，平穏な,exam,3,1,1,,1:4186,1,pre1_or_1_deferred
hale,hale,word,元気な，活発な,元気な，活発な,exam,3,1,1,,1:815,1,pre1_or_1_deferred
hallucination,hallucination,word,幻覚,幻覚,exam,3,1,1,,1:1931,1,pre1_or_1_deferred
hamper,hamper,word,妨げる，邪魔する,妨げる，邪魔する,exam,3,1,1,,1:772,1,pre1_or_1_deferred
handcuff,handcuff,word,手錠，人を拘束する装置,手錠，人を拘束する装置,exam,3,1,1,,1:1727,1,pre1_or_1_deferred
haphazard,haphazard,word,偶然,偶然,exam,3,1,1,,1:2406,1,pre1_or_1_deferred
haphazardly,haphazardly,word,偶然に,偶然に,exam,3,1,1,,1:3840,1,pre1_or_1_deferred
hapless,hapless,word,不運な,不運な,exam,3,1,1,,1:2242,1,pre1_or_1_deferred
harangue,harangue,word,長い演説をする，説教する,長い演説をする，説教する,exam,3,1,1,,1:4060,1,pre1_or_1_deferred
hark,hark,word,聞く,聞く,exam,3,1,1,,1:2137,1,pre1_or_1_deferred
harrowing,harrowing,word,悲惨な,悲惨な,exam,3,1,1,,1:2090,1,pre1_or_1_deferred
harry,harry,word,うるさく悩ます，蹂躙する，苦しめる,うるさく悩ます，蹂躙する，苦しめる,exam,3,1,1,,1:463,1,pre1_or_1_deferred
hatchet,hatchet,word,手斧,手斧,exam,3,1,1,,1:2572,1,pre1_or_1_deferred
haughty,haughty,word,高慢な，傲慢な,高慢な，傲慢な,exam,3,1,1,,1:656,1,pre1_or_1_deferred
hazy,hazy,word,霞んだ,霞んだ,exam,3,1,1,,1:3009,1,pre1_or_1_deferred
headlong,headlong,word,真っ逆さまに,真っ逆さまに,exam,3,1,1,,1:2131,1,pre1_or_1_deferred
heady,heady,word,せっかちな，急かせる,せっかちな，急かせる,exam,3,1,1,,1:1351,1,pre1_or_1_deferred
hearsay,hearsay,word,伝聞,伝聞,exam,3,1,1,,1:2637,1,pre1_or_1_deferred
hearten,hearten,word,元気づける，励ます,元気づける，励ます,exam,3,1,1,,1:1265,1,pre1_or_1_deferred
heartfelt,heartfelt,word,心からの，本心からの,心からの，本心からの,exam,3,1,1,,1:2196,1,pre1_or_1_deferred
heave,heave,word,盛り上がる，興奮する,盛り上がる，興奮する,exam,3,1,1,,1:711,1,pre1_or_1_deferred
hedonism,hedonism,word,快楽主義,快楽主義,exam,3,1,1,,1:2640,1,pre1_or_1_deferred
hedonistic,hedonistic,word,快楽主義的，享楽的な,快楽主義的，享楽的な,exam,3,1,1,,1:4166,1,pre1_or_1_deferred
hefty,hefty,word,重い，沈重な,重い，沈重な,exam,3,1,1,,1:658,1,pre1_or_1_deferred
hegemony,hegemony,word,覇権,覇権,exam,3,1,1,,1:2502,1,pre1_or_1_deferred
heinous,heinous,word,凶悪な,凶悪な,exam,3,1,1,,1:4032,1,pre1_or_1_deferred
heirloom,heirloom,word,家宝,家宝,exam,3,1,1,,1:3508,1,pre1_or_1_deferred
hemorrhage,hemorrhage,word,出血,出血,exam,3,1,1,,1:2311,1,pre1_or_1_deferred
hemp,hemp,word,麻，大麻,麻，大麻,exam,3,1,1,,1:2444,1,pre1_or_1_deferred
hepatitis,hepatitis,word,肝炎,肝炎,exam,3,1,1,,1:1927,1,pre1_or_1_deferred
herbicide,herbicide,word,除草剤,除草剤,exam,3,1,1,,1:3226,1,pre1_or_1_deferred
hereby,hereby,word,ここに,ここに,exam,3,1,1,,1:3532,1,pre1_or_1_deferred
herein,herein,word,この場所で,この場所で,exam,3,1,1,,1:3434,1,pre1_or_1_deferred
heresy,heresy,word,異説，違う意見,異説，違う意見,exam,3,1,1,,1:1003,1,pre1_or_1_deferred
heretic,heretic,word,異端者,異端者,exam,3,1,1,,1:3555,1,pre1_or_1_deferred
hermetic,hermetic,word,密封された，秘密主義の,密封された，秘密主義の,exam,3,1,1,,1:4268,1,pre1_or_1_deferred
hermit,hermit,word,世捨て人,世捨て人,exam,3,1,1,,1:2530,1,pre1_or_1_deferred
hesitant,hesitant,word,ためらった，躊躇した,ためらった，躊躇した,exam,3,1,1,,1:1341,1,pre1_or_1_deferred
heterogeneity,heterogeneity,word,異種,異種,exam,3,1,1,,1:3542,1,pre1_or_1_deferred
heterosexual,heterosexual,word,異性愛の,異性愛の,exam,3,1,1,,1:1348,1,pre1_or_1_deferred
hew,hew,word,切り倒す，切断する,切り倒す，切断する,exam,3,1,1,,1:4229,1,pre1_or_1_deferred
heyday,heyday,word,全盛期，最盛期,全盛期，最盛期,exam,3,1,1,,1:1167,1,pre1_or_1_deferred
hiatus,hiatus,word,隙間，割れ目，ひび,隙間，割れ目，ひび,exam,3,1,1,,1:934,1,pre1_or_1_deferred
hiccup,hiccup,word,しゃっくり,しゃっくり,exam,3,1,1,,1:3147,1,pre1_or_1_deferred
hideous,hideous,word,恐ろしい，恐怖な,恐ろしい，恐怖な,exam,3,1,1,,1:1466,1,pre1_or_1_deferred
hierarchical,hierarchical,word,階層的な，階級制の,階層的な，階級制の,exam,3,1,1,,1:18,1,pre1_or_1_deferred
hilarious,hilarious,word,滑稽な,滑稽な,exam,3,1,1,,1:2115,1,pre1_or_1_deferred
hindsight,hindsight,word,後知恵，振り返り,後知恵，振り返り,exam,3,1,1,,1:1850,1,pre1_or_1_deferred
histrionic,histrionic,word,演技が過剰な，大げさな,演技が過剰な，大げさな,exam,3,1,1,,1:4207,1,pre1_or_1_deferred
hive,hive,word,ミツバチの巣箱，巣箱のミツバチの群れ,ミツバチの巣箱，巣箱のミツバチの群れ,exam,3,1,1,,1:1258,1,pre1_or_1_deferred
hoarse,hoarse,word,しわがれ声の,しわがれ声の,exam,3,1,1,,1:2968,1,pre1_or_1_deferred
hoax,hoax,word,悪ふざけ，いたずら,悪ふざけ，いたずら,exam,3,1,1,,1:1051,1,pre1_or_1_deferred
hobnob,hobnob,word,親しく交際する，つるむ,親しく交際する，つるむ,exam,3,1,1,,1:4242,1,pre1_or_1_deferred
hoist,hoist,word,揚げる，巻き上げる,揚げる，巻き上げる,exam,3,1,1,,1:596,1,pre1_or_1_deferred
homage,homage,word,敬意，尊敬,敬意，尊敬,exam,3,1,1,,1:1043,1,pre1_or_1_deferred
homicide,homicide,word,殺人，人を殺す行為,殺人，人を殺す行為,exam,3,1,1,,1:1216,1,pre1_or_1_deferred
hone,hone,word,砥石,砥石,exam,3,1,1,,1:3382,1,pre1_or_1_deferred
honk,honk,word,警笛,警笛,exam,3,1,1,,1:3413,1,pre1_or_1_deferred
hoof,hoof,word,蹄，馬や牛などの足の一部,蹄，馬や牛などの足の一部,exam,3,1,1,,1:1728,1,pre1_or_1_deferred
horde,horde,word,遊牧民族，移動する民,遊牧民族，移動する民,exam,3,1,1,,1:1104,1,pre1_or_1_deferred
horrendous,horrendous,word,恐ろしい,恐ろしい,exam,3,1,1,,1:2275,1,pre1_or_1_deferred
horribly,horribly,word,恐ろしく，怖いほど,恐ろしく，怖いほど,exam,3,1,1,,1:1535,1,pre1_or_1_deferred
horrify,horrify,word,怖がらせる，恐れさせる,怖がらせる，恐れさせる,exam,3,1,1,,1:583,1,pre1_or_1_deferred
horticulture,horticulture,word,園芸，庭園作り,園芸，庭園作り,exam,3,1,1,,1:4100,1,pre1_or_1_deferred
hub,hub,word,中心部，核心,中心部，核心,exam,3,1,1,,1:989,1,pre1_or_1_deferred
hubris,hubris,word,傲慢，尊大,傲慢，尊大,exam,3,1,1,,1:4133,1,pre1_or_1_deferred
hull,hull,word,外皮，船体,外皮，船体,exam,3,1,1,,1:1939,1,pre1_or_1_deferred
hum,hum,word,鼻歌を歌う，ブーンと鳴る,鼻歌を歌う，ブーンと鳴る,exam,3,1,1,,1:1394,1,pre1_or_1_deferred
humdrum,humdrum,word,平凡な,平凡な,exam,3,1,1,,1:3655,1,pre1_or_1_deferred
humiliating,humiliating,word,屈辱的な，恥ずかしい,屈辱的な，恥ずかしい,exam,3,1,1,,1:1514,1,pre1_or_1_deferred
hump,hump,word,こぶ，隆起,こぶ，隆起,exam,3,1,1,,1:1044,1,pre1_or_1_deferred
hunch,hunch,word,直感，本能,直感，本能,exam,3,1,1,,1:256,1,pre1_or_1_deferred
hurtle,hurtle,word,急いで行く，急ぐ,急いで行く，急ぐ,exam,3,1,1,,1:1606,1,pre1_or_1_deferred
husk,husk,word,殻,殻,exam,3,1,1,,1:2745,1,pre1_or_1_deferred
hydraulic,hydraulic,word,油圧の,油圧の,exam,3,1,1,,1:2183,1,pre1_or_1_deferred
hyperbole,hyperbole,word,誇張，過大評価,誇張，過大評価,exam,3,1,1,,1:940,1,pre1_or_1_deferred
hypertension,hypertension,word,高血圧，高血圧症,高血圧，高血圧症,exam,3,1,1,,1:1174,1,pre1_or_1_deferred
hypnosis,hypnosis,word,催眠，催眠術,催眠，催眠術,exam,3,1,1,,1:3557,1,pre1_or_1_deferred
iceberg,iceberg,word,氷山，巨大な氷の塊,氷山，巨大な氷の塊,exam,3,1,1,,1:1254,1,pre1_or_1_deferred
iconoclast,iconoclast,word,偶像破壊者，伝統に反抗する人,偶像破壊者，伝統に反抗する人,exam,3,1,1,,1:4072,1,pre1_or_1_deferred
iconoclastic,iconoclastic,word,偶像破壊的な，慣習を打破する,偶像破壊的な，慣習を打破する,exam,3,1,1,,1:4099,1,pre1_or_1_deferred
idealization,idealization,word,理想化，理想の実現,理想化，理想の実現,exam,3,1,1,,1:144,1,pre1_or_1_deferred
idiosyncrasy,idiosyncrasy,word,特異性，個人的な特徴,特異性，個人的な特徴,exam,3,1,1,,1:4177,1,pre1_or_1_deferred
idiosyncratic,idiosyncratic,word,特異な,特異な,exam,3,1,1,,1:2041,1,pre1_or_1_deferred
idiotic,idiotic,word,ばかげた,ばかげた,exam,3,1,1,,1:2262,1,pre1_or_1_deferred
idyllic,idyllic,word,のどかな，穏やかな,のどかな，穏やかな,exam,3,1,1,,1:1277,1,pre1_or_1_deferred
ignite,ignite,word,点火する，火をつける,点火する，火をつける,exam,3,1,1,,1:806,1,pre1_or_1_deferred
ignoble,ignoble,word,下劣な,下劣な,exam,3,1,1,,1:4005,1,pre1_or_1_deferred
ignominious,ignominious,word,恥ずべき，不名誉な,恥ずべき，不名誉な,exam,3,1,1,,1:4222,1,pre1_or_1_deferred
ignominy,ignominy,word,恥辱，不名誉,恥辱，不名誉,exam,3,1,1,,1:4195,1,pre1_or_1_deferred
illegible,illegible,word,判読不能の,判読不能の,exam,3,1,1,,1:3969,1,pre1_or_1_deferred
illicit,illicit,word,不法の，違法な,不法の，違法な,exam,3,1,1,,1:852,1,pre1_or_1_deferred
imbibe,imbibe,word,飲む，吸収する,飲む，吸収する,exam,3,1,1,,1:4243,1,pre1_or_1_deferred
imbue,imbue,word,吹き込む,吹き込む,exam,3,1,1,,1:3414,1,pre1_or_1_deferred
immaculate,immaculate,word,真っ白な，汚れのない,真っ白な，汚れのない,exam,3,1,1,,1:3999,1,pre1_or_1_deferred
immaterial,immaterial,word,重要でない,重要でない,exam,3,1,1,,1:2959,1,pre1_or_1_deferred
immersion,immersion,word,没入，熱中,没入，熱中,exam,3,1,1,,1:2475,1,pre1_or_1_deferred
imminent,imminent,word,差し迫った，切迫した,差し迫った，切迫した,exam,3,1,1,,1:863,1,pre1_or_1_deferred
immutable,immutable,word,不変の，永遠の,不変の，永遠の,exam,3,1,1,,1:4216,1,pre1_or_1_deferred
impaired,impaired,word,障害のある，障害がある,障害のある，障害がある,exam,3,1,1,,1:1998,1,pre1_or_1_deferred
impart,impart,word,与える，授ける,与える，授ける,exam,3,1,1,,1:609,1,pre1_or_1_deferred
impasse,impasse,word,行き詰まり，進行不能,行き詰まり，進行不能,exam,3,1,1,,1:1846,1,pre1_or_1_deferred
impassive,impassive,word,無表情の,無表情の,exam,3,1,1,,1:2831,1,pre1_or_1_deferred
impeccable,impeccable,word,申し分のない,申し分のない,exam,3,1,1,,1:2125,1,pre1_or_1_deferred
impediment,impediment,word,障害，障害物,障害，障害物,exam,3,1,1,,1:1837,1,pre1_or_1_deferred
impel,impel,word,駆り立てる,駆り立てる,exam,3,1,1,,1:3242,1,pre1_or_1_deferred
impend,impend,word,差し迫った,差し迫った,exam,3,1,1,,1:3906,1,pre1_or_1_deferred
impending,impending,word,起こりそうな，可能性がある,起こりそうな，可能性がある,exam,3,1,1,,1:751,1,pre1_or_1_deferred
imperative,imperative,word,命令的な，指令的な,命令的な，指令的な,exam,3,1,1,,1:552,1,pre1_or_1_deferred
impersonate,impersonate,word,役を演じる,役を演じる,exam,3,1,1,,1:2156,1,pre1_or_1_deferred
impertinent,impertinent,word,生意気な,生意気な,exam,3,1,1,,1:2837,1,pre1_or_1_deferred
impervious,impervious,word,通さない,通さない,exam,3,1,1,,1:3798,1,pre1_or_1_deferred
impetuous,impetuous,word,猛烈な,猛烈な,exam,3,1,1,,1:2910,1,pre1_or_1_deferred
impetus,impetus,word,運動力，活力，動力,運動力，活力，動力,exam,3,1,1,,1:1911,1,pre1_or_1_deferred
impinge,impinge,word,衝突する,衝突する,exam,3,1,1,,1:2272,1,pre1_or_1_deferred
implacable,implacable,word,和解しにくい，対立しやすい,和解しにくい，対立しやすい,exam,3,1,1,,1:1295,1,pre1_or_1_deferred
implant,implant,word,植え付ける，移植する,植え付ける，移植する,exam,3,1,1,,1:30,1,pre1_or_1_deferred
implode,implode,word,内部破壊する,内部破壊する,exam,3,1,1,,1:3203,1,pre1_or_1_deferred
imposition,imposition,word,課税,課税,exam,3,1,1,,1:3193,1,pre1_or_1_deferred
impoverished,impoverished,word,貧しい，貧弱な,貧しい，貧弱な,exam,3,1,1,,1:741,1,pre1_or_1_deferred
improbable,improbable,word,ありそうもない,ありそうもない,exam,3,1,1,,1:2277,1,pre1_or_1_deferred
impromptu,impromptu,word,即座に，すぐに,即座に，すぐに,exam,3,1,1,,1:1543,1,pre1_or_1_deferred
improvisation,improvisation,word,即興，アドリブ，即席にやること,即興，アドリブ，即席にやること,exam,3,1,1,,1:1920,1,pre1_or_1_deferred
impudent,impudent,word,厚かましい,厚かましい,exam,3,1,1,,1:3863,1,pre1_or_1_deferred
impunity,impunity,word,免責，免除,免責，免除,exam,3,1,1,,1:1109,1,pre1_or_1_deferred
inadvertent,inadvertent,word,不注意な,不注意な,exam,3,1,1,,1:3987,1,pre1_or_1_deferred
inadvertently,inadvertently,word,うっかりと，不注意にも,うっかりと，不注意にも,exam,3,1,1,,1:1575,1,pre1_or_1_deferred
inanimate,inanimate,word,無生物の，生命のない,無生物の，生命のない,exam,3,1,1,,1:4277,1,pre1_or_1_deferred
inaugural,inaugural,word,就任の，着任の,就任の，着任の,exam,3,1,1,,1:600,1,pre1_or_1_deferred
incandescent,incandescent,word,白熱の,白熱の,exam,3,1,1,,1:2817,1,pre1_or_1_deferred
incarcerate,incarcerate,word,投獄する,投獄する,exam,3,1,1,,1:2036,1,pre1_or_1_deferred
incarceration,incarceration,word,投獄，監獄送り,投獄，監獄送り,exam,3,1,1,,1:1155,1,pre1_or_1_deferred
incendiary,incendiary,word,放火の，火災を引き起こす,放火の，火災を引き起こす,exam,3,1,1,,1:1428,1,pre1_or_1_deferred
incest,incest,word,近親相姦，近親関係,近親相姦，近親関係,exam,3,1,1,,1:1181,1,pre1_or_1_deferred
incinerator,incinerator,word,焼却炉,焼却炉,exam,3,1,1,,1:2312,1,pre1_or_1_deferred
incision,incision,word,切開,切開,exam,3,1,1,,1:3729,1,pre1_or_1_deferred
incite,incite,word,扇動する，煽る,扇動する，煽る,exam,3,1,1,,1:1320,1,pre1_or_1_deferred
incompatible,incompatible,word,非互換の，不適合な,非互換の，不適合な,exam,3,1,1,,1:1454,1,pre1_or_1_deferred
incompetence,incompetence,word,無能，無力,無能，無力,exam,3,1,1,,1:1033,1,pre1_or_1_deferred
incompetent,incompetent,word,無能な，劣る,無能な，劣る,exam,3,1,1,,1:767,1,pre1_or_1_deferred
incongruity,incongruity,word,違和感,違和感,exam,3,1,1,,1:2425,1,pre1_or_1_deferred
incongruous,incongruous,word,一致しない,一致しない,exam,3,1,1,,1:3676,1,pre1_or_1_deferred
inconspicuous,inconspicuous,word,目立たない，控えめな,目立たない，控えめな,exam,3,1,1,,1:763,1,pre1_or_1_deferred
incorrigible,incorrigible,word,非常に悪い，改善できない,非常に悪い，改善できない,exam,3,1,1,,1:4278,1,pre1_or_1_deferred
incredulous,incredulous,word,疑い深い,疑い深い,exam,3,1,1,,1:2989,1,pre1_or_1_deferred
incremental,incremental,word,増加の，増大の,増加の，増大の,exam,3,1,1,,1:439,1,pre1_or_1_deferred
incubation,incubation,word,ふ化,ふ化,exam,3,1,1,,1:3815,1,pre1_or_1_deferred
inculcate,inculcate,word,教え込む,教え込む,exam,3,1,1,,1:3204,1,pre1_or_1_deferred
incumbent,incumbent,word,責務がある，義務がある,責務がある，義務がある,exam,3,1,1,,1:835,1,pre1_or_1_deferred
incursion,incursion,word,侵入,侵入,exam,3,1,1,,1:2763,1,pre1_or_1_deferred
indelible,indelible,word,消えない，永続する,消えない，永続する,exam,3,1,1,,1:1583,1,pre1_or_1_deferred
indemnity,indemnity,word,補償,補償,exam,3,1,1,,1:3583,1,pre1_or_1_deferred
indicative,indicative,word,表示する，示す,表示する，示す,exam,3,1,1,,1:540,1,pre1_or_1_deferred
indifferent,indifferent,word,無関心な，冷淡な,無関心な，冷淡な,exam,3,1,1,,1:760,1,pre1_or_1_deferred
indignation,indignation,word,憤慨,憤慨,exam,3,1,1,,1:4004,1,pre1_or_1_deferred
indispensable,indispensable,word,欠かせない，必須の,欠かせない，必須の,exam,3,1,1,,1:1587,1,pre1_or_1_deferred
indistinct,indistinct,word,不明瞭な，ぼやけた,不明瞭な，ぼやけた,exam,3,1,1,,1:622,1,pre1_or_1_deferred
indolent,indolent,word,怠惰な,怠惰な,exam,3,1,1,,1:3650,1,pre1_or_1_deferred
indomitable,indomitable,word,屈しない，不屈の,屈しない，不屈の,exam,3,1,1,,1:4153,1,pre1_or_1_deferred
indulgent,indulgent,word,寛大な,寛大な,exam,3,1,1,,1:3861,1,pre1_or_1_deferred
ineffable,ineffable,word,言葉で言い表せない，言葉では言い尽くせない,言葉で言い表せない，言葉では言い尽くせない,exam,3,1,1,,1:4208,1,pre1_or_1_deferred
inept,inept,word,不適当な,不適当な,exam,3,1,1,,1:2061,1,pre1_or_1_deferred
inert,inert,word,不活性の,不活性の,exam,3,1,1,,1:2776,1,pre1_or_1_deferred
inexorable,inexorable,word,容赦ない,容赦ない,exam,3,1,1,,1:2220,1,pre1_or_1_deferred
infallible,infallible,word,間違いのない，確実な,間違いのない，確実な,exam,3,1,1,,1:2822,1,pre1_or_1_deferred
infatuate,infatuate,word,夢中にする,夢中にする,exam,3,1,1,,1:3528,1,pre1_or_1_deferred
infatuation,infatuation,word,夢中,夢中,exam,3,1,1,,1:2581,1,pre1_or_1_deferred
infertility,infertility,word,不妊,不妊,exam,3,1,1,,1:2573,1,pre1_or_1_deferred
infest,infest,word,横行する，はびこる,横行する，はびこる,exam,3,1,1,,1:1531,1,pre1_or_1_deferred
infirm,infirm,word,虚弱な,虚弱な,exam,3,1,1,,1:3714,1,pre1_or_1_deferred
inflammatory,inflammatory,word,炎症性の，炎症を引き起こす,炎症性の，炎症を引き起こす,exam,3,1,1,,1:831,1,pre1_or_1_deferred
informant,informant,word,通報者，情報提供者,通報者，情報提供者,exam,3,1,1,,1:1230,1,pre1_or_1_deferred
infrared,infrared,word,赤外線の,赤外線の,exam,3,1,1,,1:2006,1,pre1_or_1_deferred
infringe,infringe,word,侵害する，侵犯する,侵害する，侵犯する,exam,3,1,1,,1:1490,1,pre1_or_1_deferred
infringement,infringement,word,侵害，侵犯,侵害，侵犯,exam,3,1,1,,1:1162,1,pre1_or_1_deferred
infusion,infusion,word,注入，注ぎ込む,注入，注ぎ込む,exam,3,1,1,,1:1619,1,pre1_or_1_deferred
ingenious,ingenious,word,器用な，創造性のある,器用な，創造性のある,exam,3,1,1,,1:2846,1,pre1_or_1_deferred
ingest,ingest,word,摂取する,摂取する,exam,3,1,1,,1:3504,1,pre1_or_1_deferred
inhibition,inhibition,word,禁止,禁止,exam,3,1,1,,1:1936,1,pre1_or_1_deferred
inhibitor,inhibitor,word,抑制する人，制御者,抑制する人，制御者,exam,3,1,1,,1:903,1,pre1_or_1_deferred
iniquity,iniquity,word,不正,不正,exam,3,1,1,,1:2506,1,pre1_or_1_deferred
injunction,injunction,word,差し止め，停止命令,差し止め，停止命令,exam,3,1,1,,1:1614,1,pre1_or_1_deferred
injurious,injurious,word,有害な，危害を及ぼす,有害な，危害を及ぼす,exam,3,1,1,,1:700,1,pre1_or_1_deferred
inlet,inlet,word,入り江,入り江,exam,3,1,1,,1:3991,1,pre1_or_1_deferred
innate,innate,word,生まれつきの，先天的な,生まれつきの，先天的な,exam,3,1,1,,1:597,1,pre1_or_1_deferred
innermost,innermost,word,奥底の，深層の,奥底の，深層の,exam,3,1,1,,1:737,1,pre1_or_1_deferred
innocuous,innocuous,word,無害の,無害の,exam,3,1,1,,1:2102,1,pre1_or_1_deferred
innuendo,innuendo,word,暗示,暗示,exam,3,1,1,,1:2621,1,pre1_or_1_deferred
inoculation,inoculation,word,予防接種,予防接種,exam,3,1,1,,1:1961,1,pre1_or_1_deferred
inquisitive,inquisitive,word,詮索好きの,詮索好きの,exam,3,1,1,,1:4055,1,pre1_or_1_deferred
insatiable,insatiable,word,強欲な，貪欲な,強欲な，貪欲な,exam,3,1,1,,1:1520,1,pre1_or_1_deferred
inscribe,inscribe,word,刻む，彫る,刻む，彫る,exam,3,1,1,,1:1458,1,pre1_or_1_deferred
inscrutable,inscrutable,word,不可解な,不可解な,exam,3,1,1,,1:3620,1,pre1_or_1_deferred
insecticide,insecticide,word,殺虫剤,殺虫剤,exam,3,1,1,,1:2363,1,pre1_or_1_deferred
insidious,insidious,word,陰湿な，卑劣な,陰湿な，卑劣な,exam,3,1,1,,1:1441,1,pre1_or_1_deferred
insinuate,insinuate,word,ほのめかす，示唆する,ほのめかす，示唆する,exam,3,1,1,,1:630,1,pre1_or_1_deferred
insipid,insipid,word,味のない,味のない,exam,3,1,1,,1:2767,1,pre1_or_1_deferred
insofar,insofar,word,その範囲で，その限りで,その範囲で，その限りで,exam,3,1,1,,1:1545,1,pre1_or_1_deferred
insolent,insolent,word,横柄な,横柄な,exam,3,1,1,,1:2781,1,pre1_or_1_deferred
insolvent,insolvent,word,支払い不能の,支払い不能の,exam,3,1,1,,1:2302,1,pre1_or_1_deferred
insomnia,insomnia,word,不眠症,不眠症,exam,3,1,1,,1:2420,1,pre1_or_1_deferred
instructive,instructive,word,有益な，教育的な,有益な，教育的な,exam,3,1,1,,1:186,1,pre1_or_1_deferred
insufferable,insufferable,word,我慢できない,我慢できない,exam,3,1,1,,1:3794,1,pre1_or_1_deferred
insulate,insulate,word,絶縁する,絶縁する,exam,3,1,1,,1:2208,1,pre1_or_1_deferred
insurgency,insurgency,word,反乱，反乱軍,反乱，反乱軍,exam,3,1,1,,1:1245,1,pre1_or_1_deferred
insurgent,insurgent,word,暴動を起こした，乱れた,暴動を起こした，乱れた,exam,3,1,1,,1:1605,1,pre1_or_1_deferred
insurmountable,insurmountable,word,乗り越えられない,乗り越えられない,exam,3,1,1,,1:3044,1,pre1_or_1_deferred
insurrection,insurrection,word,暴動,暴動,exam,3,1,1,,1:1948,1,pre1_or_1_deferred
intently,intently,word,熱心に,熱心に,exam,3,1,1,,1:2221,1,pre1_or_1_deferred
inter,inter,word,埋葬する，埋める,埋葬する，埋める,exam,3,1,1,,1:675,1,pre1_or_1_deferred
interdisciplinary,interdisciplinary,word,学際的な，多分野の,学際的な，多分野の,exam,3,1,1,,1:1323,1,pre1_or_1_deferred
interlude,interlude,word,間奏,間奏,exam,3,1,1,,1:2433,1,pre1_or_1_deferred
intermediary,intermediary,word,仲介の，調停の,仲介の，調停の,exam,3,1,1,,1:876,1,pre1_or_1_deferred
interminable,interminable,word,果てしない,果てしない,exam,3,1,1,,1:2770,1,pre1_or_1_deferred
intermittent,intermittent,word,間欠的な，断続の,間欠的な，断続の,exam,3,1,1,,1:3070,1,pre1_or_1_deferred
interpretive,interpretive,word,解釈の,解釈の,exam,3,1,1,,1:2022,1,pre1_or_1_deferred
interstellar,interstellar,word,星間の,星間の,exam,3,1,1,,1:3721,1,pre1_or_1_deferred
intertwine,intertwine,word,絡み合わせる,絡み合わせる,exam,3,1,1,,1:2297,1,pre1_or_1_deferred
intestinal,intestinal,word,腸の，腸管の,腸の，腸管の,exam,3,1,1,,1:1380,1,pre1_or_1_deferred
intestine,intestine,word,腸，腸管，はらわた,腸，腸管，はらわた,exam,3,1,1,,1:1897,1,pre1_or_1_deferred
intimately,intimately,word,親密に，密接に,親密に，密接に,exam,3,1,1,,1:1495,1,pre1_or_1_deferred
intimidation,intimidation,word,脅迫，威嚇,脅迫，威嚇,exam,3,1,1,,1:423,1,pre1_or_1_deferred
intolerance,intolerance,word,不寛容，偏見,不寛容，偏見,exam,3,1,1,,1:1197,1,pre1_or_1_deferred
intractable,intractable,word,手に負えない，コントロールできない,手に負えない，コントロールできない,exam,3,1,1,,1:1270,1,pre1_or_1_deferred
intravenous,intravenous,word,静脈内の，静脈の範囲内で,静脈内の，静脈の範囲内で,exam,3,1,1,,1:2231,1,pre1_or_1_deferred
intrepid,intrepid,word,勇敢な,勇敢な,exam,3,1,1,,1:2155,1,pre1_or_1_deferred
introspection,introspection,word,内省,内省,exam,3,1,1,,1:2543,1,pre1_or_1_deferred
introspective,introspective,word,内省的な，反省的な,内省的な，反省的な,exam,3,1,1,,1:1342,1,pre1_or_1_deferred
intrude,intrude,word,侵入する，侵害する,侵入する，侵害する,exam,3,1,1,,1:1528,1,pre1_or_1_deferred
intrusive,intrusive,word,煩わしい,煩わしい,exam,3,1,1,,1:2860,1,pre1_or_1_deferred
inundate,inundate,word,水浸しにする，水没させる,水浸しにする，水没させる,exam,3,1,1,,1:1414,1,pre1_or_1_deferred
invader,invader,word,侵略者，侵入者,侵略者，侵入者,exam,3,1,1,,1:970,1,pre1_or_1_deferred
invaluable,invaluable,word,貴重な，価値のある,貴重な，価値のある,exam,3,1,1,,1:475,1,pre1_or_1_deferred
inveterate,inveterate,word,常習的な,常習的な,exam,3,1,1,,1:3932,1,pre1_or_1_deferred
invigorate,invigorate,word,活気づける，元気づける,活気づける，元気づける,exam,3,1,1,,1:4086,1,pre1_or_1_deferred
invincible,invincible,word,無敵の，無敵な,無敵の，無敵な,exam,3,1,1,,1:756,1,pre1_or_1_deferred
irate,irate,word,怒った，怒る,怒った，怒る,exam,3,1,1,,1:1467,1,pre1_or_1_deferred
iris,iris,word,虹彩,虹彩,exam,3,1,1,,1:2737,1,pre1_or_1_deferred
irk,irk,word,いらいらさせる,いらいらさせる,exam,3,1,1,,1:3269,1,pre1_or_1_deferred
irksome,irksome,word,退屈な,退屈な,exam,3,1,1,,1:3855,1,pre1_or_1_deferred
irrepressible,irrepressible,word,抑えきれない,抑えきれない,exam,3,1,1,,1:3638,1,pre1_or_1_deferred
isotope,isotope,word,同位元素,同位元素,exam,3,1,1,,1:3807,1,pre1_or_1_deferred
iteration,iteration,word,反復，繰り返し,反復，繰り返し,exam,3,1,1,,1:1756,1,pre1_or_1_deferred
jab,jab,word,突き刺す，突き立てる,突き刺す，突き立てる,exam,3,1,1,,1:788,1,pre1_or_1_deferred
jagged,jagged,word,角立った,角立った,exam,3,1,1,,1:2192,1,pre1_or_1_deferred
jargon,jargon,word,専門用語，隠語,専門用語，隠語,exam,3,1,1,,1:4155,1,pre1_or_1_deferred
javelin,javelin,word,投げやり,投げやり,exam,3,1,1,,1:2313,1,pre1_or_1_deferred
jeer,jeer,word,冷やかす,冷やかす,exam,3,1,1,,1:2117,1,pre1_or_1_deferred
jeJune,jejune,word,子供っぽい，稚拙な,子供っぽい，稚拙な,exam,3,1,1,,1:4255,1,pre1_or_1_deferred
jeopardy,jeopardy,word,危機，窮地,危機，窮地,exam,3,1,1,,1:1151,1,pre1_or_1_deferred
jettison,jettison,word,放棄，断念,放棄，断念,exam,3,1,1,,1:1853,1,pre1_or_1_deferred
jihad,jihad,word,聖戦，宗教的な戦争,聖戦，宗教的な戦争,exam,3,1,1,,1:1099,1,pre1_or_1_deferred
jilt,jilt,word,恋人を見捨てる，突然別れる,恋人を見捨てる，突然別れる,exam,3,1,1,,1:846,1,pre1_or_1_deferred
jingle,jingle,word,リンリン鳴らす,リンリン鳴らす,exam,3,1,1,,1:3287,1,pre1_or_1_deferred
jocose,jocose,word,ふざけた，冗談めいた,ふざけた，冗談めいた,exam,3,1,1,,1:4129,1,pre1_or_1_deferred
jocular,jocular,word,冗談好きな，陽気な,冗談好きな，陽気な,exam,3,1,1,,1:4223,1,pre1_or_1_deferred
jostle,jostle,word,押し合う,押し合う,exam,3,1,1,,1:2065,1,pre1_or_1_deferred
jubilant,jubilant,word,歓喜に満ちた，大喜びの,歓喜に満ちた，大喜びの,exam,3,1,1,,1:4076,1,pre1_or_1_deferred
jubilee,jubilee,word,記念祭,記念祭,exam,3,1,1,,1:2622,1,pre1_or_1_deferred
jug,jug,word,水差し，じょうろ,水差し，じょうろ,exam,3,1,1,,1:1196,1,pre1_or_1_deferred
juggernaut,juggernaut,word,押し寄せる大勢力，圧倒的な力,押し寄せる大勢力，圧倒的な力,exam,3,1,1,,1:4167,1,pre1_or_1_deferred
jut,jut,word,突き出す，突出する,突き出す，突出する,exam,3,1,1,,1:2105,1,pre1_or_1_deferred
juxtapose,juxtapose,word,並置する，並べる,並置する，並べる,exam,3,1,1,,1:4065,1,pre1_or_1_deferred
juxtaposition,juxtaposition,word,並置，並列,並置，並列,exam,3,1,1,,1:3853,1,pre1_or_1_deferred
kerosene,kerosene,word,灯油,灯油,exam,3,1,1,,1:3738,1,pre1_or_1_deferred
kiln,kiln,word,窯,窯,exam,3,1,1,,1:3695,1,pre1_or_1_deferred
kindle,kindle,word,着火する，興奮させる,着火する，興奮させる,exam,3,1,1,,1:4209,1,pre1_or_1_deferred
kindred,kindred,word,親族，家族,親族，家族,exam,3,1,1,,1:3595,1,pre1_or_1_deferred
kinetic,kinetic,word,運動の,運動の,exam,3,1,1,,1:2873,1,pre1_or_1_deferred
kiosk,kiosk,word,売店,売店,exam,3,1,1,,1:3789,1,pre1_or_1_deferred
kitty,kitty,word,子猫,子猫,exam,3,1,1,,1:3758,1,pre1_or_1_deferred
knack,knack,word,こつ，要領,こつ，要領,exam,3,1,1,,1:1821,1,pre1_or_1_deferred
knave,knave,word,悪党，いたずら者,悪党，いたずら者,exam,3,1,1,,1:4082,1,pre1_or_1_deferred
knell,knell,word,鐘の音,鐘の音,exam,3,1,1,,1:3913,1,pre1_or_1_deferred
knoll,knoll,word,小丘，小山,小丘，小山,exam,3,1,1,,1:4097,1,pre1_or_1_deferred
kudos,kudos,word,称賛,称賛,exam,3,1,1,,1:2322,1,pre1_or_1_deferred
labyrinthine,labyrinthine,word,迷路のような，複雑な,迷路のような，複雑な,exam,3,1,1,,1:4217,1,pre1_or_1_deferred
lackadaisical,lackadaisical,word,元気のない，無気力な,元気のない，無気力な,exam,3,1,1,,1:4196,1,pre1_or_1_deferred
lackluster,lackluster,word,無気力な，平凡な,無気力な，平凡な,exam,3,1,1,,1:4071,1,pre1_or_1_deferred
laconic,laconic,word,簡潔な，寡黙な,簡潔な，寡黙な,exam,3,1,1,,1:4168,1,pre1_or_1_deferred
lag,lag,word,遅れる，遅延する,遅れる，遅延する,exam,3,1,1,,1:604,1,pre1_or_1_deferred
lagoon,lagoon,word,環礁,環礁,exam,3,1,1,,1:2623,1,pre1_or_1_deferred
lair,lair,word,隠れ家,隠れ家,exam,3,1,1,,1:2719,1,pre1_or_1_deferred
laity,laity,word,信徒たち,信徒たち,exam,3,1,1,,1:3669,1,pre1_or_1_deferred
lamentable,lamentable,word,哀れな，悲しい,哀れな，悲しい,exam,3,1,1,,1:642,1,pre1_or_1_deferred
languid,languid,word,だるい,だるい,exam,3,1,1,,1:2998,1,pre1_or_1_deferred
languish,languish,word,弱る，衰える,弱る，衰える,exam,3,1,1,,1:855,1,pre1_or_1_deferred
larva,larva,word,幼虫，子虫,幼虫，子虫,exam,3,1,1,,1:1199,1,pre1_or_1_deferred
latent,latent,word,潜在している，隠れている,潜在している，隠れている,exam,3,1,1,,1:1313,1,pre1_or_1_deferred
lateral,lateral,word,側面の,側面の,exam,3,1,1,,1:2838,1,pre1_or_1_deferred
lathe,lathe,word,旋盤,旋盤,exam,3,1,1,,1:2531,1,pre1_or_1_deferred
lattice,lattice,word,格子,格子,exam,3,1,1,,1:3720,1,pre1_or_1_deferred
laud,laud,word,称賛する，賞賛する,称賛する，賞賛する,exam,3,1,1,,1:1279,1,pre1_or_1_deferred
laudable,laudable,word,称賛に値する,称賛に値する,exam,3,1,1,,1:2126,1,pre1_or_1_deferred
laughable,laughable,word,失笑を買った，笑われた,失笑を買った，笑われた,exam,3,1,1,,1:691,1,pre1_or_1_deferred
launder,launder,word,洗濯する，洗う,洗濯する，洗う,exam,3,1,1,,1:607,1,pre1_or_1_deferred
laureate,laureate,word,受賞者，授賞者,受賞者，授賞者,exam,3,1,1,,1:1100,1,pre1_or_1_deferred
lava,lava,word,溶岩，マグマ,溶岩，マグマ,exam,3,1,1,,1:503,1,pre1_or_1_deferred
lavish,lavish,word,気前の良い，寛大な,気前の良い，寛大な,exam,3,1,1,,1:1515,1,pre1_or_1_deferred
lax,lax,word,手ぬるい,手ぬるい,exam,3,1,1,,1:2037,1,pre1_or_1_deferred
leach,leach,word,ろ過する，濾す,ろ過する，濾す,exam,3,1,1,,1:1589,1,pre1_or_1_deferred
leaden,leaden,word,鉛の,鉛の,exam,3,1,1,,1:3762,1,pre1_or_1_deferred
leash,leash,word,ひも，くさり,ひも，くさり,exam,3,1,1,,1:1207,1,pre1_or_1_deferred
ledger,ledger,word,原簿,原簿,exam,3,1,1,,1:2655,1,pre1_or_1_deferred
leer,leer,word,横目，流し目,横目，流し目,exam,3,1,1,,1:3582,1,pre1_or_1_deferred
leeway,leeway,word,進路のずれ,進路のずれ,exam,3,1,1,,1:3608,1,pre1_or_1_deferred
legitimize,legitimize,word,正当化する,正当化する,exam,3,1,1,,1:3229,1,pre1_or_1_deferred
lenient,lenient,word,寛大な，寛容な,寛大な，寛容な,exam,3,1,1,,1:3628,1,pre1_or_1_deferred
lesion,lesion,word,傷害,傷害,exam,3,1,1,,1:2721,1,pre1_or_1_deferred
lethargic,lethargic,word,無気力な,無気力な,exam,3,1,1,,1:3109,1,pre1_or_1_deferred
leukemia,leukemia,word,白血病，血液のがん，白血球症,白血病，血液のがん，白血球症,exam,3,1,1,,1:1633,1,pre1_or_1_deferred
levee,levee,word,堤防，水害防止のための壁，防波堤,堤防，水害防止のための壁，防波堤,exam,3,1,1,,1:1681,1,pre1_or_1_deferred
levity,levity,word,軽率，軽薄さ,軽率，軽薄さ,exam,3,1,1,,1:498,1,pre1_or_1_deferred
lewd,lewd,word,淫らな,淫らな,exam,3,1,1,,1:2119,1,pre1_or_1_deferred
lexicon,lexicon,word,語彙，言葉の集まり，単語群,語彙，言葉の集まり，単語群,exam,3,1,1,,1:1642,1,pre1_or_1_deferred
liaison,liaison,word,連絡，連携係,連絡，連携係,exam,3,1,1,,1:496,1,pre1_or_1_deferred
libel,libel,word,名誉毀損，中傷,名誉毀損，中傷,exam,3,1,1,,1:967,1,pre1_or_1_deferred
ligament,ligament,word,靱帯,靱帯,exam,3,1,1,,1:2698,1,pre1_or_1_deferred
lighthouse,lighthouse,word,灯台，燈台,灯台，燈台,exam,3,1,1,,1:974,1,pre1_or_1_deferred
liken,liken,word,例える，比較する,例える，比較する,exam,3,1,1,,1:662,1,pre1_or_1_deferred
lilt,lilt,word,軽快なリズム，メロディ,軽快なリズム，メロディ,exam,3,1,1,,1:4232,1,pre1_or_1_deferred
lineage,lineage,word,系統，体系，系列,系統，体系，系列,exam,3,1,1,,1:1921,1,pre1_or_1_deferred
lisp,lisp,word,舌足らずに発音する,舌足らずに発音する,exam,3,1,1,,1:2157,1,pre1_or_1_deferred
lithe,lithe,word,しなやかな,しなやかな,exam,3,1,1,,1:3625,1,pre1_or_1_deferred
litigant,litigant,word,係争中の,係争中の,exam,3,1,1,,1:3040,1,pre1_or_1_deferred
litigate,litigate,word,訴訟する，裁判にかける,訴訟する，裁判にかける,exam,3,1,1,,1:4087,1,pre1_or_1_deferred
litigation,litigation,word,訴訟,訴訟,exam,3,1,1,,1:1938,1,pre1_or_1_deferred
liturgy,liturgy,word,典礼，儀式，式典,典礼，儀式，式典,exam,3,1,1,,1:1899,1,pre1_or_1_deferred
loathe,loathe,word,嫌う，嫌悪する,嫌う，嫌悪する,exam,3,1,1,,1:676,1,pre1_or_1_deferred
lobe,lobe,word,耳たぶ，耳垂，耳たぼ,耳たぶ，耳垂，耳たぼ,exam,3,1,1,,1:1793,1,pre1_or_1_deferred
locale,locale,word,現場,現場,exam,3,1,1,,1:1946,1,pre1_or_1_deferred
locomotive,locomotive,word,機関車,機関車,exam,3,1,1,,1:3640,1,pre1_or_1_deferred
locus,locus,word,座標，位置情報,座標，位置情報,exam,3,1,1,,1:927,1,pre1_or_1_deferred
lofty,lofty,word,高尚な，高潔な,高尚な，高潔な,exam,3,1,1,,1:1303,1,pre1_or_1_deferred
logistics,logistics,word,調達路，供給路,調達路，供給路,exam,3,1,1,,1:307,1,pre1_or_1_deferred
loiter,loiter,word,ぶらぶら歩く,ぶらぶら歩く,exam,3,1,1,,1:3356,1,pre1_or_1_deferred
longitude,longitude,word,経度,経度,exam,3,1,1,,1:2362,1,pre1_or_1_deferred
lookout,lookout,word,警戒，眺望,警戒，眺望,exam,3,1,1,,1:1169,1,pre1_or_1_deferred
loom,loom,word,ぼんやり現れる，織機，霧の中に,ぼんやり現れる，織機，霧の中に,exam,3,1,1,,1:1538,1,pre1_or_1_deferred
loose,loose,word,緩い，緩んだ,緩い，緩んだ,exam,3,1,1,,1:651,1,pre1_or_1_deferred
loot,loot,word,戦利品，略奪物,戦利品，略奪物,exam,3,1,1,,1:1503,1,pre1_or_1_deferred
loquacious,loquacious,word,おしゃべりな，多弁な,おしゃべりな，多弁な,exam,3,1,1,,1:4104,1,pre1_or_1_deferred
lore,lore,word,伝承，口頭や文書で伝えられる習慣や話，口承,伝承，口頭や文書で伝えられる習慣や話，口承,exam,3,1,1,,1:1671,1,pre1_or_1_deferred
lousy,lousy,word,ひどい，悪い,ひどい，悪い,exam,3,1,1,,1:680,1,pre1_or_1_deferred
lubricate,lubricate,word,潤滑させる,潤滑させる,exam,3,1,1,,1:2052,1,pre1_or_1_deferred
lucid,lucid,word,明快な,明快な,exam,3,1,1,,1:2852,1,pre1_or_1_deferred
ludicrous,ludicrous,word,ばかげた,ばかげた,exam,3,1,1,,1:2229,1,pre1_or_1_deferred
lug,lug,word,力を込めて引く,力を込めて引く,exam,3,1,1,,1:3165,1,pre1_or_1_deferred
lunatic,lunatic,word,精神異常者,精神異常者,exam,3,1,1,,1:1942,1,pre1_or_1_deferred
luncheon,luncheon,word,昼食，正午頃に食べる食事,昼食，正午頃に食べる食事,exam,3,1,1,,1:1651,1,pre1_or_1_deferred
lunge,lunge,word,突進，急進,突進，急進,exam,3,1,1,,1:1525,1,pre1_or_1_deferred
lurch,lurch,word,よろめき，ふらつき,よろめき，ふらつき,exam,3,1,1,,1:1565,1,pre1_or_1_deferred
lurid,lurid,word,赤く輝いた，毒々しい,赤く輝いた，毒々しい,exam,3,1,1,,1:2293,1,pre1_or_1_deferred
lush,lush,word,青々とした，生い茂った，新緑の,青々とした，生い茂った，新緑の,exam,3,1,1,,1:1442,1,pre1_or_1_deferred
luster,luster,word,光沢，艶，輝き,光沢，艶，輝き,exam,3,1,1,,1:1706,1,pre1_or_1_deferred
lusty,lusty,word,元気な,元気な,exam,3,1,1,,1:2942,1,pre1_or_1_deferred
luxurious,luxurious,word,豪華な，贅沢な,豪華な，贅沢な,exam,3,1,1,,1:1417,1,pre1_or_1_deferred
macabre,macabre,word,恐ろしい，気味の悪い,恐ろしい，気味の悪い,exam,3,1,1,,1:4249,1,pre1_or_1_deferred
maelstrom,maelstrom,word,大渦，混沌,大渦，混沌,exam,3,1,1,,1:4244,1,pre1_or_1_deferred
magistrate,magistrate,word,行政長官，行政官,行政長官，行政官,exam,3,1,1,,1:1159,1,pre1_or_1_deferred
magnanimous,magnanimous,word,寛大な,寛大な,exam,3,1,1,,1:3847,1,pre1_or_1_deferred
magnate,magnate,word,有力者,有力者,exam,3,1,1,,1:2742,1,pre1_or_1_deferred
majestic,majestic,word,雄大な,雄大な,exam,3,1,1,,1:2013,1,pre1_or_1_deferred
makeshift,makeshift,word,その場しのぎの，仮の,その場しのぎの，仮の,exam,3,1,1,,1:1337,1,pre1_or_1_deferred
malady,malady,word,病気,病気,exam,3,1,1,,1:2586,1,pre1_or_1_deferred
malaise,malaise,word,不快感，違和感,不快感，違和感,exam,3,1,1,,1:897,1,pre1_or_1_deferred
malevolent,malevolent,word,悪意のある，意地悪な,悪意のある，意地悪な,exam,3,1,1,,1:2883,1,pre1_or_1_deferred
malign,malign,word,有害な，有毒な,有害な，有毒な,exam,3,1,1,,1:1501,1,pre1_or_1_deferred
malignant,malignant,word,悪意のある，悪意を持った,悪意のある，悪意を持った,exam,3,1,1,,1:470,1,pre1_or_1_deferred
malleable,malleable,word,可鍛性の，柔軟な,可鍛性の，柔軟な,exam,3,1,1,,1:4119,1,pre1_or_1_deferred
malpractice,malpractice,word,不正行為,不正行為,exam,3,1,1,,1:1955,1,pre1_or_1_deferred
manageable,manageable,word,扱いやすい,扱いやすい,exam,3,1,1,,1:2268,1,pre1_or_1_deferred
mandatory,mandatory,word,強制的な，強制力のある,強制的な，強制力のある,exam,3,1,1,,1:311,1,pre1_or_1_deferred
mane,mane,word,たてがみ,たてがみ,exam,3,1,1,,1:2320,1,pre1_or_1_deferred
manic,manic,word,躁病の,躁病の,exam,3,1,1,,1:3974,1,pre1_or_1_deferred
manifest,manifest,word,明白な,明白な,exam,3,1,1,,1:2175,1,pre1_or_1_deferred
manifesto,manifesto,word,宣言書，声明書,宣言書，声明書,exam,3,1,1,,1:1944,1,pre1_or_1_deferred
manipulator,manipulator,word,操縦者,操縦者,exam,3,1,1,,1:2597,1,pre1_or_1_deferred
manslaughter,manslaughter,word,過失致死,過失致死,exam,3,1,1,,1:1947,1,pre1_or_1_deferred
manure,manure,word,肥料，施肥物,肥料，施肥物,exam,3,1,1,,1:1865,1,pre1_or_1_deferred
maritime,maritime,word,海事の，海洋に関する,海事の，海洋に関する,exam,3,1,1,,1:558,1,pre1_or_1_deferred
markedly,markedly,word,著しく,著しく,exam,3,1,1,,1:2114,1,pre1_or_1_deferred
marquee,marquee,word,テント，ひさし,テント，ひさし,exam,3,1,1,,1:3944,1,pre1_or_1_deferred
marrow,marrow,word,骨髄，髄,骨髄，髄,exam,3,1,1,,1:933,1,pre1_or_1_deferred
martian,martian,word,火星の，火星に関する,火星の，火星に関する,exam,3,1,1,,1:1504,1,pre1_or_1_deferred
masculinity,masculinity,word,男らしさ，男性らしさ,男らしさ，男性らしさ,exam,3,1,1,,1:978,1,pre1_or_1_deferred
mashed,mashed,word,つぶした,つぶした,exam,3,1,1,,1:2204,1,pre1_or_1_deferred
mason,mason,word,石工，石匠,石工，石匠,exam,3,1,1,,1:1028,1,pre1_or_1_deferred
materialism,materialism,word,唯物論,唯物論,exam,3,1,1,,1:4034,1,pre1_or_1_deferred
matrimony,matrimony,word,結婚,結婚,exam,3,1,1,,1:2747,1,pre1_or_1_deferred
matron,matron,word,既婚の人，既婚の女性,既婚の人，既婚の女性,exam,3,1,1,,1:2752,1,pre1_or_1_deferred
maverick,maverick,word,異端者，外道,異端者，外道,exam,3,1,1,,1:1005,1,pre1_or_1_deferred
mawkish,mawkish,word,感傷的な，過剰に感動する,感傷的な，過剰に感動する,exam,3,1,1,,1:4147,1,pre1_or_1_deferred
mayhem,mayhem,word,大混乱，身体傷害,大混乱，身体傷害,exam,3,1,1,,1:3753,1,pre1_or_1_deferred
meander,meander,word,蛇行する，曲がりくねる,蛇行する，曲がりくねる,exam,3,1,1,,1:1415,1,pre1_or_1_deferred
measles,measles,word,麻疹，発疹，斑疹,麻疹，発疹，斑疹,exam,3,1,1,,1:1915,1,pre1_or_1_deferred
meddle,meddle,word,お節介を焼く,お節介を焼く,exam,3,1,1,,1:3168,1,pre1_or_1_deferred
membrane,membrane,word,膜,膜,exam,3,1,1,,1:3966,1,pre1_or_1_deferred
memorabilia,memorabilia,word,記憶に値する事柄,記憶に値する事柄,exam,3,1,1,,1:3711,1,pre1_or_1_deferred
mendacious,mendacious,word,嘘つきの，不誠実な,嘘つきの，不誠実な,exam,3,1,1,,1:4198,1,pre1_or_1_deferred
menial,menial,word,くだらない,くだらない,exam,3,1,1,,1:3775,1,pre1_or_1_deferred
menopause,menopause,word,閉経，更年期，停止,閉経，更年期，停止,exam,3,1,1,,1:1935,1,pre1_or_1_deferred
mentally,mentally,word,精神的に，心理的に,精神的に，心理的に,exam,3,1,1,,1:362,1,pre1_or_1_deferred
mercenary,mercenary,word,金目当ての,金目当ての,exam,3,1,1,,1:3869,1,pre1_or_1_deferred
merriment,merriment,word,陽気な騒ぎ,陽気な騒ぎ,exam,3,1,1,,1:2332,1,pre1_or_1_deferred
mesmerize,mesmerize,word,魅了する,魅了する,exam,3,1,1,,1:3380,1,pre1_or_1_deferred
metabolism,metabolism,word,代謝，生体の化学反応,代謝，生体の化学反応,exam,3,1,1,,1:188,1,pre1_or_1_deferred
meteor,meteor,word,流星，流れ星,流星，流れ星,exam,3,1,1,,1:1229,1,pre1_or_1_deferred
meticulous,meticulous,word,細心の，慎重な,細心の，慎重な,exam,3,1,1,,1:720,1,pre1_or_1_deferred
meticulously,meticulously,word,細心の注意を払って,細心の注意を払って,exam,3,1,1,,1:3983,1,pre1_or_1_deferred
microbial,microbial,word,微生物の，細菌の,微生物の，細菌の,exam,3,1,1,,1:199,1,pre1_or_1_deferred
midwife,midwife,word,助産婦，産婆,助産婦，産婆,exam,3,1,1,,1:386,1,pre1_or_1_deferred
migraine,migraine,word,偏頭痛,偏頭痛,exam,3,1,1,,1:2613,1,pre1_or_1_deferred
milieu,milieu,word,環境，周りの状況,環境，周りの状況,exam,3,1,1,,1:1040,1,pre1_or_1_deferred
militantly,militantly,word,好戦的に,好戦的に,exam,3,1,1,,1:3763,1,pre1_or_1_deferred
mince,mince,word,刻む，細かく切る,刻む，細かく切る,exam,3,1,1,,1:799,1,pre1_or_1_deferred
minimal,minimal,word,最小限の，最低限の,最小限の，最低限の,exam,3,1,1,,1:159,1,pre1_or_1_deferred
minion,minion,word,子分,子分,exam,3,1,1,,1:3730,1,pre1_or_1_deferred
mint,mint,word,造幣局，貨幣製造,造幣局，貨幣製造,exam,3,1,1,,1:3713,1,pre1_or_1_deferred
mirage,mirage,word,蜃気楼，海市,蜃気楼，海市,exam,3,1,1,,1:1070,1,pre1_or_1_deferred
mire,mire,word,湿原,湿原,exam,3,1,1,,1:4023,1,pre1_or_1_deferred
mirth,mirth,word,陽気,陽気,exam,3,1,1,,1:3805,1,pre1_or_1_deferred
miscarriage,miscarriage,word,失敗，流産,失敗，流産,exam,3,1,1,,1:1917,1,pre1_or_1_deferred
misgiving,misgiving,word,懸念，心配,懸念，心配,exam,3,1,1,,1:1006,1,pre1_or_1_deferred
mitigate,mitigate,word,和らげる，柔らかくする,和らげる，柔らかくする,exam,3,1,1,,1:810,1,pre1_or_1_deferred
mitigation,mitigation,word,緩和，和らげる,緩和，和らげる,exam,3,1,1,,1:1888,1,pre1_or_1_deferred
moat,moat,word,堀,堀,exam,3,1,1,,1:3823,1,pre1_or_1_deferred
mockery,mockery,word,嘲り,嘲り,exam,3,1,1,,1:3816,1,pre1_or_1_deferred
modality,modality,word,法性,法性,exam,3,1,1,,1:3975,1,pre1_or_1_deferred
moderation,moderation,word,節度，節制,節度，節制,exam,3,1,1,,1:1222,1,pre1_or_1_deferred
modulate,modulate,word,調整する，微調整する，整合する,調整する，微調整する，整合する,exam,3,1,1,,1:339,1,pre1_or_1_deferred
molecular,molecular,word,分子の，微小な,分子の，微小な,exam,3,1,1,,1:712,1,pre1_or_1_deferred
molest,molest,word,悩ます，困らせる,悩ます，困らせる,exam,3,1,1,,1:556,1,pre1_or_1_deferred
molten,molten,word,溶けた,溶けた,exam,3,1,1,,1:3994,1,pre1_or_1_deferred
momentarily,momentarily,word,瞬時に，一瞬で,瞬時に，一瞬で,exam,3,1,1,,1:1537,1,pre1_or_1_deferred
momentous,momentous,word,重大な，深刻な,重大な，深刻な,exam,3,1,1,,1:576,1,pre1_or_1_deferred
monastic,monastic,word,修道院の,修道院の,exam,3,1,1,,1:3699,1,pre1_or_1_deferred
moniker,moniker,word,名前，あだ名,名前，あだ名,exam,3,1,1,,1:3833,1,pre1_or_1_deferred
monoxide,monoxide,word,一酸化物,一酸化物,exam,3,1,1,,1:3819,1,pre1_or_1_deferred
montage,montage,word,合成写真,合成写真,exam,3,1,1,,1:3946,1,pre1_or_1_deferred
moot,moot,word,議論する,議論する,exam,3,1,1,,1:2178,1,pre1_or_1_deferred
moratorium,moratorium,word,猶予,猶予,exam,3,1,1,,1:2661,1,pre1_or_1_deferred
morbid,morbid,word,病的な，病気の,病的な，病気の,exam,3,1,1,,1:257,1,pre1_or_1_deferred
morgue,morgue,word,遺体安置所，遺体保管所,遺体安置所，遺体保管所,exam,3,1,1,,1:1889,1,pre1_or_1_deferred
moribund,moribund,word,瀕死の,瀕死の,exam,3,1,1,,1:2228,1,pre1_or_1_deferred
morose,morose,word,不機嫌な,不機嫌な,exam,3,1,1,,1:3890,1,pre1_or_1_deferred
morsel,morsel,word,一口,一口,exam,3,1,1,,1:3862,1,pre1_or_1_deferred
mortify,mortify,word,悔しがらせる，抑制する，嫌がらせる,悔しがらせる，抑制する，嫌がらせる,exam,3,1,1,,1:1530,1,pre1_or_1_deferred
mortuary,mortuary,word,遺体,遺体,exam,3,1,1,,1:2345,1,pre1_or_1_deferred
moss,moss,word,苔，藻類，苔の塊,苔，藻類，苔の塊,exam,3,1,1,,1:1630,1,pre1_or_1_deferred
moth,moth,word,蛾，衣蛾,蛾，衣蛾,exam,3,1,1,,1:1154,1,pre1_or_1_deferred
motley,motley,word,雑多な，多様な,雑多な，多様な,exam,3,1,1,,1:1523,1,pre1_or_1_deferred
mounting,mounting,word,取り付け，取り付けること,取り付け，取り付けること,exam,3,1,1,,1:1177,1,pre1_or_1_deferred
mourning,mourning,word,喪中，服喪中,喪中，服喪中,exam,3,1,1,,1:1055,1,pre1_or_1_deferred
mower,mower,word,芝刈り機，草刈り機,芝刈り機，草刈り機,exam,3,1,1,,1:1754,1,pre1_or_1_deferred
muck,muck,word,肥やし,肥やし,exam,3,1,1,,1:2359,1,pre1_or_1_deferred
muffle,muffle,word,包む,包む,exam,3,1,1,,1:1988,1,pre1_or_1_deferred
muffled,muffled,word,音を殺した,音を殺した,exam,3,1,1,,1:3822,1,pre1_or_1_deferred
mulch,mulch,word,根覆い,根覆い,exam,3,1,1,,1:2582,1,pre1_or_1_deferred
mull,mull,word,良く考える，砂糖を入れて温める,良く考える，砂糖を入れて温める,exam,3,1,1,,1:731,1,pre1_or_1_deferred
multinational,multinational,word,多国籍の，複数の国籍からなる,多国籍の，複数の国籍からなる,exam,3,1,1,,1:195,1,pre1_or_1_deferred
mumps,mumps,word,おたふく風邪,おたふく風邪,exam,3,1,1,,1:3768,1,pre1_or_1_deferred
munch,munch,word,むしゃむしゃ食べる,むしゃむしゃ食べる,exam,3,1,1,,1:2211,1,pre1_or_1_deferred
municipality,municipality,word,自治体,自治体,exam,3,1,1,,1:2657,1,pre1_or_1_deferred
murky,murky,word,陰気な，暗い,陰気な，暗い,exam,3,1,1,,1:1273,1,pre1_or_1_deferred
muse,muse,word,深く考える，熟考する,深く考える，熟考する,exam,3,1,1,,1:816,1,pre1_or_1_deferred
mutilate,mutilate,word,切断する,切断する,exam,3,1,1,,1:3322,1,pre1_or_1_deferred
mutiny,mutiny,word,反乱,反乱,exam,3,1,1,,1:2625,1,pre1_or_1_deferred
muzzle,muzzle,word,鼻口部,鼻口部,exam,3,1,1,,1:2743,1,pre1_or_1_deferred
mystic,mystic,word,神秘的な，不可解な,神秘的な，不可解な,exam,3,1,1,,1:749,1,pre1_or_1_deferred
nag,nag,word,小言を言う,小言を言う,exam,3,1,1,,1:3411,1,pre1_or_1_deferred
narcissistic,narcissistic,word,自己愛的な，自己中心的,自己愛的な，自己中心的,exam,3,1,1,,1:4178,1,pre1_or_1_deferred
nasal,nasal,word,鼻の，鼻関連の,鼻の，鼻関連の,exam,3,1,1,,1:704,1,pre1_or_1_deferred
nascent,nascent,word,初期の,初期の,exam,3,1,1,,1:3656,1,pre1_or_1_deferred
naught,naught,word,無価値,無価値,exam,3,1,1,,1:2404,1,pre1_or_1_deferred
nebula,nebula,word,星雲，霧のような,星雲，霧のような,exam,3,1,1,,1:4137,1,pre1_or_1_deferred
nebulous,nebulous,word,漠然とした,漠然とした,exam,3,1,1,,1:4006,1,pre1_or_1_deferred
nefarious,nefarious,word,邪悪な，極悪な,邪悪な，極悪な,exam,3,1,1,,1:4074,1,pre1_or_1_deferred
negate,negate,word,無効にする，取り消す,無効にする，取り消す,exam,3,1,1,,1:1271,1,pre1_or_1_deferred
negligence,negligence,word,怠慢，怠ける，やる気がない,怠慢，怠ける，やる気がない,exam,3,1,1,,1:1637,1,pre1_or_1_deferred
neophyte,neophyte,word,初心者，新参者,初心者，新参者,exam,3,1,1,,1:4105,1,pre1_or_1_deferred
nepotism,nepotism,word,縁故主義,縁故主義,exam,3,1,1,,1:3967,1,pre1_or_1_deferred
nestle,nestle,word,寄り添う，側にいる,寄り添う，側にいる,exam,3,1,1,,1:682,1,pre1_or_1_deferred
neural,neural,word,神経の，神経系の,神経の，神経系の,exam,3,1,1,,1:1402,1,pre1_or_1_deferred
neurosis,neurosis,word,神経症,神経症,exam,3,1,1,,1:2501,1,pre1_or_1_deferred
neurotic,neurotic,word,神経症の，神経質な,神経症の，神経質な,exam,3,1,1,,1:687,1,pre1_or_1_deferred
neutron,neutron,word,中性子，原子核の一部,中性子，原子核の一部,exam,3,1,1,,1:947,1,pre1_or_1_deferred
nibble,nibble,word,少しずつ食べる，つまむ，少量ずつ摂取する,少しずつ食べる，つまむ，少量ずつ摂取する,exam,3,1,1,,1:1539,1,pre1_or_1_deferred
nightly,nightly,word,夜間の，夜の,夜間の，夜の,exam,3,1,1,,1:1560,1,pre1_or_1_deferred
nil,nil,word,無,無,exam,3,1,1,,1:3646,1,pre1_or_1_deferred
nimble,nimble,word,機敏な，敏捷な,機敏な，敏捷な,exam,3,1,1,,1:1449,1,pre1_or_1_deferred
nitrogen,nitrogen,word,窒素，化学元素,窒素，化学元素,exam,3,1,1,,1:180,1,pre1_or_1_deferred
nocturnal,nocturnal,word,夜行性の,夜行性の,exam,3,1,1,,1:3693,1,pre1_or_1_deferred
node,node,word,節,節,exam,3,1,1,,1:2577,1,pre1_or_1_deferred
nomad,nomad,word,遊牧民,遊牧民,exam,3,1,1,,1:2594,1,pre1_or_1_deferred
nomadic,nomadic,word,遊牧の，移動する,遊牧の，移動する,exam,3,1,1,,1:715,1,pre1_or_1_deferred
nonchalant,nonchalant,word,無関心な,無関心な,exam,3,1,1,,1:3001,1,pre1_or_1_deferred
nonpartisan,nonpartisan,word,無所属の,無所属の,exam,3,1,1,,1:2219,1,pre1_or_1_deferred
nook,nook,word,隅，角や端,隅，角や端,exam,3,1,1,,1:1693,1,pre1_or_1_deferred
notoriously,notoriously,word,悪名高く,悪名高く,exam,3,1,1,,1:2080,1,pre1_or_1_deferred
noxious,noxious,word,有害な,有害な,exam,3,1,1,,1:2912,1,pre1_or_1_deferred
nudge,nudge,word,軽くつつく，ちょんと突く,軽くつつく，ちょんと突く,exam,3,1,1,,1:882,1,pre1_or_1_deferred
null,null,word,無効の,無効の,exam,3,1,1,,1:2300,1,pre1_or_1_deferred
nullify,nullify,word,無効にする,無効にする,exam,3,1,1,,1:3268,1,pre1_or_1_deferred
nuptial,nuptial,word,婚礼の,婚礼の,exam,3,1,1,,1:1995,1,pre1_or_1_deferred
nutty,nutty,word,木の実の多い,木の実の多い,exam,3,1,1,,1:3875,1,pre1_or_1_deferred
obdurate,obdurate,word,頑固な,頑固な,exam,3,1,1,,1:3629,1,pre1_or_1_deferred
obese,obese,word,肥満体の,肥満体の,exam,3,1,1,,1:2033,1,pre1_or_1_deferred
obfuscate,obfuscate,word,わかりにくくする，混乱させる,わかりにくくする，混乱させる,exam,3,1,1,,1:4068,1,pre1_or_1_deferred
obituary,obituary,word,死亡記事，訃報，死亡通知,死亡記事，訃報，死亡通知,exam,3,1,1,,1:1905,1,pre1_or_1_deferred
obligate,obligate,word,義務づける，強制する,義務づける，強制する,exam,3,1,1,,1:733,1,pre1_or_1_deferred
oblique,oblique,word,斜めの,斜めの,exam,3,1,1,,1:3058,1,pre1_or_1_deferred
obliterate,obliterate,word,抹消する，消去する，線を引いて消す,抹消する，消去する，線を引いて消す,exam,3,1,1,,1:1407,1,pre1_or_1_deferred
obnoxious,obnoxious,word,不愉快な,不愉快な,exam,3,1,1,,1:1999,1,pre1_or_1_deferred
obscene,obscene,word,卑猥な，下劣な,卑猥な，下劣な,exam,3,1,1,,1:1343,1,pre1_or_1_deferred
obscenity,obscenity,word,わいせつ,わいせつ,exam,3,1,1,,1:1943,1,pre1_or_1_deferred
obsequious,obsequious,word,へつらいの，こびへつらう,へつらいの，こびへつらう,exam,3,1,1,,1:4250,1,pre1_or_1_deferred
obsessive,obsessive,word,強迫観念のある，妄想的な,強迫観念のある，妄想的な,exam,3,1,1,,1:1455,1,pre1_or_1_deferred
obstetrician,obstetrician,word,産科医,産科医,exam,3,1,1,,1:3923,1,pre1_or_1_deferred
obstinate,obstinate,word,頑固な，しつこい,頑固な，しつこい,exam,3,1,1,,1:4089,1,pre1_or_1_deferred
obstreperous,obstreperous,word,騒々しい，手に負えない,騒々しい，手に負えない,exam,3,1,1,,1:4210,1,pre1_or_1_deferred
obtrusive,obtrusive,word,押しつけがましい,押しつけがましい,exam,3,1,1,,1:2798,1,pre1_or_1_deferred
obtuse,obtuse,word,鈍感な，理解が遅い,鈍感な，理解が遅い,exam,3,1,1,,1:4187,1,pre1_or_1_deferred
obviate,obviate,word,取り除く，防ぐ,取り除く，防ぐ,exam,3,1,1,,1:4127,1,pre1_or_1_deferred
offshoot,offshoot,word,支流,支流,exam,3,1,1,,1:2373,1,pre1_or_1_deferred
oftentimes,oftentimes,word,しばしば,しばしば,exam,3,1,1,,1:3518,1,pre1_or_1_deferred
ointment,ointment,word,軟膏,軟膏,exam,3,1,1,,1:2388,1,pre1_or_1_deferred
omen,omen,word,前兆，予兆,前兆，予兆,exam,3,1,1,,1:1871,1,pre1_or_1_deferred
omnipotent,omnipotent,word,全能の,全能の,exam,3,1,1,,1:3035,1,pre1_or_1_deferred
omniscient,omniscient,word,全知の,全知の,exam,3,1,1,,1:2938,1,pre1_or_1_deferred
omnivorous,omnivorous,word,雑食の,雑食の,exam,3,1,1,,1:2870,1,pre1_or_1_deferred
oneness,oneness,word,一体感,一体感,exam,3,1,1,,1:2479,1,pre1_or_1_deferred
onerous,onerous,word,厄介な,厄介な,exam,3,1,1,,1:3056,1,pre1_or_1_deferred
onslaught,onslaught,word,猛攻撃，激しい攻撃,猛攻撃，激しい攻撃,exam,3,1,1,,1:1768,1,pre1_or_1_deferred
onus,onus,word,重荷,重荷,exam,3,1,1,,1:3733,1,pre1_or_1_deferred
ooze,ooze,word,にじみ出る，漏れ出る,にじみ出る，漏れ出る,exam,3,1,1,,1:1546,1,pre1_or_1_deferred
opaque,opaque,word,不透明な，明瞭でない,不透明な，明瞭でない,exam,3,1,1,,1:1434,1,pre1_or_1_deferred
opinionated,opinionated,word,頑固な，意固地な,頑固な，意固地な,exam,3,1,1,,1:2970,1,pre1_or_1_deferred
opportune,opportune,word,好機の，絶好の機会,好機の，絶好の機会,exam,3,1,1,,1:546,1,pre1_or_1_deferred
optic,optic,word,目の，視力の，視覚の,目の，視力の，視覚の,exam,3,1,1,,1:1607,1,pre1_or_1_deferred
optics,optics,word,光学，光の学問,光学，光の学問,exam,3,1,1,,1:1078,1,pre1_or_1_deferred
opulence,opulence,word,富裕，豊かさ,富裕，豊かさ,exam,3,1,1,,1:4115,1,pre1_or_1_deferred
opulent,opulent,word,豊富な,豊富な,exam,3,1,1,,1:3995,1,pre1_or_1_deferred
opus,opus,word,作品，制作物,作品，制作物,exam,3,1,1,,1:985,1,pre1_or_1_deferred
oracle,oracle,word,神のお告げ，神託,神のお告げ，神託,exam,3,1,1,,1:1084,1,pre1_or_1_deferred
orator,orator,word,講演者,講演者,exam,3,1,1,,1:2604,1,pre1_or_1_deferred
orbital,orbital,word,軌道の，軌道に関する,軌道の，軌道に関する,exam,3,1,1,,1:1328,1,pre1_or_1_deferred
ordinance,ordinance,word,条例，地方自治体が制定する法律，法令,条例，地方自治体が制定する法律，法令,exam,3,1,1,,1:1631,1,pre1_or_1_deferred
ornate,ornate,word,華やかな，豪華な,華やかな，豪華な,exam,3,1,1,,1:554,1,pre1_or_1_deferred
orphanage,orphanage,word,孤児院，孤児の家,孤児院，孤児の家,exam,3,1,1,,1:1106,1,pre1_or_1_deferred
oscillate,oscillate,word,振動する,振動する,exam,3,1,1,,1:2257,1,pre1_or_1_deferred
oscillation,oscillation,word,発振,発振,exam,3,1,1,,1:3900,1,pre1_or_1_deferred
ostensible,ostensible,word,表向きの,表向きの,exam,3,1,1,,1:2923,1,pre1_or_1_deferred
ostensibly,ostensibly,word,表向きは，外面的に,表向きは，外面的に,exam,3,1,1,,1:1453,1,pre1_or_1_deferred
ostentatious,ostentatious,word,派手な,派手な,exam,3,1,1,,1:2888,1,pre1_or_1_deferred
osteoporosis,osteoporosis,word,骨粗鬆症,骨粗鬆症,exam,3,1,1,,1:2449,1,pre1_or_1_deferred
ostracism,ostracism,word,排斥,排斥,exam,3,1,1,,1:2441,1,pre1_or_1_deferred
oust,oust,word,追い払う，追い出す,追い払う，追い出す,exam,3,1,1,,1:723,1,pre1_or_1_deferred
outage,outage,word,停電，電力断,停電，電力断,exam,3,1,1,,1:1120,1,pre1_or_1_deferred
outlay,outlay,word,支出,支出,exam,3,1,1,,1:2314,1,pre1_or_1_deferred
outpatient,outpatient,word,外来患者,外来患者,exam,3,1,1,,1:1957,1,pre1_or_1_deferred
outspoken,outspoken,word,率直な,率直な,exam,3,1,1,,1:2136,1,pre1_or_1_deferred
outstrip,outstrip,word,追い越す，先行する,追い越す，先行する,exam,3,1,1,,1:1393,1,pre1_or_1_deferred
outwit,outwit,word,出し抜く,出し抜く,exam,3,1,1,,1:2071,1,pre1_or_1_deferred
ovary,ovary,word,卵巣,卵巣,exam,3,1,1,,1:2375,1,pre1_or_1_deferred
ovation,ovation,word,熱烈な歓迎，熱心な歓迎,熱烈な歓迎，熱心な歓迎,exam,3,1,1,,1:1096,1,pre1_or_1_deferred
overblown,overblown,word,誇張された，過大評価された,誇張された，過大評価された,exam,3,1,1,,1:1358,1,pre1_or_1_deferred
overdose,overdose,word,過剰摂取，過食,過剰摂取，過食,exam,3,1,1,,1:1772,1,pre1_or_1_deferred
overshadow,overshadow,word,暗くする，暗にする,暗くする，暗にする,exam,3,1,1,,1:1561,1,pre1_or_1_deferred
overtly,overtly,word,あからさまに,あからさまに,exam,3,1,1,,1:3701,1,pre1_or_1_deferred
overture,overture,word,序曲，前奏曲,序曲，前奏曲,exam,3,1,1,,1:1009,1,pre1_or_1_deferred
oxide,oxide,word,酸化物，酸と反応した物質，酸化化合物,酸化物，酸と反応した物質，酸化化合物,exam,3,1,1,,1:1634,1,pre1_or_1_deferred
pacify,pacify,word,なだめる,なだめる,exam,3,1,1,,1:2166,1,pre1_or_1_deferred
padlock,padlock,word,南京錠,南京錠,exam,3,1,1,,1:3951,1,pre1_or_1_deferred
pagan,pagan,word,異教の,異教の,exam,3,1,1,,1:2854,1,pre1_or_1_deferred
palatable,palatable,word,美味しい,美味しい,exam,3,1,1,,1:1970,1,pre1_or_1_deferred
palliate,palliate,word,緩和する，軽減する,緩和する，軽減する,exam,3,1,1,,1:4245,1,pre1_or_1_deferred
palliative,palliative,word,緩和的な,緩和的な,exam,3,1,1,,1:3882,1,pre1_or_1_deferred
pallid,pallid,word,蒼白な,蒼白な,exam,3,1,1,,1:4051,1,pre1_or_1_deferred
palpable,palpable,word,さわれる,さわれる,exam,3,1,1,,1:1987,1,pre1_or_1_deferred
palpitate,palpitate,word,動悸する，鼓動する,動悸する，鼓動する,exam,3,1,1,,1:4218,1,pre1_or_1_deferred
paltry,paltry,word,取るに足らない，価値のない,取るに足らない，価値のない,exam,3,1,1,,1:4233,1,pre1_or_1_deferred
pamper,pamper,word,甘やかす，ひねくれる,甘やかす，ひねくれる,exam,3,1,1,,1:1842,1,pre1_or_1_deferred
panacea,panacea,word,万能薬,万能薬,exam,3,1,1,,1:2685,1,pre1_or_1_deferred
pancreatic,pancreatic,word,膵臓の,膵臓の,exam,3,1,1,,1:3590,1,pre1_or_1_deferred
pantry,pantry,word,食料品室，食品庫,食料品室，食品庫,exam,3,1,1,,1:1075,1,pre1_or_1_deferred
paradigm,paradigm,word,規範,規範,exam,3,1,1,,1:3820,1,pre1_or_1_deferred
paralysis,paralysis,word,麻痺，感覚，動きの喪失,麻痺，感覚，動きの喪失,exam,3,1,1,,1:1685,1,pre1_or_1_deferred
paramedic,paramedic,word,救急救命士，救命士,救急救命士，救命士,exam,3,1,1,,1:1186,1,pre1_or_1_deferred
paramount,paramount,word,最高の，最重要の,最高の，最重要の,exam,3,1,1,,1:169,1,pre1_or_1_deferred
paranoia,paranoia,word,妄想症，幻想症,妄想症，幻想症,exam,3,1,1,,1:410,1,pre1_or_1_deferred
parchment,parchment,word,羊皮紙,羊皮紙,exam,3,1,1,,1:2350,1,pre1_or_1_deferred
parity,parity,word,同等，等価，相当,同等，等価，相当,exam,3,1,1,,1:1804,1,pre1_or_1_deferred
parochial,parochial,word,狭い,狭い,exam,3,1,1,,1:3956,1,pre1_or_1_deferred
parsimonious,parsimonious,word,けちな，吝嗇な,けちな，吝嗇な,exam,3,1,1,,1:4170,1,pre1_or_1_deferred
parson,parson,word,牧師,牧師,exam,3,1,1,,1:2584,1,pre1_or_1_deferred
passbook,passbook,word,通帳,通帳,exam,3,1,1,,1:4049,1,pre1_or_1_deferred
paste,paste,word,のり，接着剤,のり，接着剤,exam,3,1,1,,1:1251,1,pre1_or_1_deferred
pastoral,pastoral,word,羊飼いの，牧羊人の,羊飼いの，牧羊人の,exam,3,1,1,,1:606,1,pre1_or_1_deferred
pathological,pathological,word,病理学の,病理学の,exam,3,1,1,,1:3988,1,pre1_or_1_deferred
pathology,pathology,word,病理学，疾病学,病理学，疾病学,exam,3,1,1,,1:929,1,pre1_or_1_deferred
patriarch,patriarch,word,家長，家族の主,家長，家族の主,exam,3,1,1,,1:1752,1,pre1_or_1_deferred
patriarchal,patriarchal,word,家長の,家長の,exam,3,1,1,,1:2127,1,pre1_or_1_deferred
patrician,patrician,word,貴族，貴人,貴族，貴人,exam,3,1,1,,1:1111,1,pre1_or_1_deferred
patriotism,patriotism,word,愛国心，忠誠心,愛国心，忠誠心,exam,3,1,1,,1:27,1,pre1_or_1_deferred
patronage,patronage,word,後援，支援，援助,後援，支援，援助,exam,3,1,1,,1:1708,1,pre1_or_1_deferred
paucity,paucity,word,少なさ，不足,少なさ，不足,exam,3,1,1,,1:4199,1,pre1_or_1_deferred
pawn,pawn,word,抵当，抵抗,抵当，抵抗,exam,3,1,1,,1:1838,1,pre1_or_1_deferred
payload,payload,word,有効荷重,有効荷重,exam,3,1,1,,1:3810,1,pre1_or_1_deferred
payroll,payroll,word,給与，給料,給与，給料,exam,3,1,1,,1:1839,1,pre1_or_1_deferred
peal,peal,word,鐘の響き,鐘の響き,exam,3,1,1,,1:2711,1,pre1_or_1_deferred
pedagogy,pedagogy,word,教育学,教育学,exam,3,1,1,,1:2351,1,pre1_or_1_deferred
pedantic,pedantic,word,学者ぶった,学者ぶった,exam,3,1,1,,1:2945,1,pre1_or_1_deferred
peddle,peddle,word,行商する，売り歩く,行商する，売り歩く,exam,3,1,1,,1:867,1,pre1_or_1_deferred
peddler,peddler,word,行商人,行商人,exam,3,1,1,,1:4014,1,pre1_or_1_deferred
pediatric,pediatric,word,小児科の，子供の病気の,小児科の，子供の病気の,exam,3,1,1,,1:764,1,pre1_or_1_deferred
pediatrician,pediatrician,word,小児科医，子供の医者,小児科医，子供の医者,exam,3,1,1,,1:1259,1,pre1_or_1_deferred
pedigree,pedigree,word,血統，家系,血統，家系,exam,3,1,1,,1:1878,1,pre1_or_1_deferred
peevish,peevish,word,気難しい,気難しい,exam,3,1,1,,1:2868,1,pre1_or_1_deferred
peg,peg,word,くぎ，くい,くぎ，くい,exam,3,1,1,,1:298,1,pre1_or_1_deferred
pellet,pellet,word,小粒,小粒,exam,3,1,1,,1:2587,1,pre1_or_1_deferred
pelt,pelt,word,投げて攻撃する,投げて攻撃する,exam,3,1,1,,1:3470,1,pre1_or_1_deferred
pelvis,pelvis,word,骨盤,骨盤,exam,3,1,1,,1:3790,1,pre1_or_1_deferred
penance,penance,word,苦行,苦行,exam,3,1,1,,1:3886,1,pre1_or_1_deferred
penchant,penchant,word,強い好み，強い趣味,強い好み，強い趣味,exam,3,1,1,,1:917,1,pre1_or_1_deferred
pendulum,pendulum,word,振り子,振り子,exam,3,1,1,,1:2383,1,pre1_or_1_deferred
penetration,penetration,word,貫通，一方から他方まで通過する,貫通，一方から他方まで通過する,exam,3,1,1,,1:1710,1,pre1_or_1_deferred
penitence,penitence,word,懺悔,懺悔,exam,3,1,1,,1:3885,1,pre1_or_1_deferred
pensive,pensive,word,物思いに沈んだ,物思いに沈んだ,exam,3,1,1,,1:2956,1,pre1_or_1_deferred
pentagon,pentagon,word,五角形,五角形,exam,3,1,1,,1:2500,1,pre1_or_1_deferred
perceptual,perceptual,word,知覚の,知覚の,exam,3,1,1,,1:2042,1,pre1_or_1_deferred
percolate,percolate,word,浸透する，染みる,浸透する，染みる,exam,3,1,1,,1:452,1,pre1_or_1_deferred
perennial,perennial,word,一年中続く，年間を通じて,一年中続く，年間を通じて,exam,3,1,1,,1:1281,1,pre1_or_1_deferred
perforate,perforate,word,穴を空ける,穴を空ける,exam,3,1,1,,1:3326,1,pre1_or_1_deferred
perfunctory,perfunctory,word,形式的な（形だけの),形式的な（形だけの),exam,3,1,1,,1:2782,1,pre1_or_1_deferred
perimeter,perimeter,word,周囲，環境，周囲の状況,周囲，環境，周囲の状況,exam,3,1,1,,1:954,1,pre1_or_1_deferred
peripheral,peripheral,word,周辺の，近隣の,周辺の，近隣の,exam,3,1,1,,1:707,1,pre1_or_1_deferred
periphery,periphery,word,周辺,周辺,exam,3,1,1,,1:3962,1,pre1_or_1_deferred
periscope,periscope,word,潜望鏡,潜望鏡,exam,3,1,1,,1:2468,1,pre1_or_1_deferred
perjury,perjury,word,偽証，虚偽の証言，偽り,偽証，虚偽の証言，偽り,exam,3,1,1,,1:1643,1,pre1_or_1_deferred
pernicious,pernicious,word,有害な,有害な,exam,3,1,1,,1:2278,1,pre1_or_1_deferred
perpendicular,perpendicular,word,直立した,直立した,exam,3,1,1,,1:3018,1,pre1_or_1_deferred
perpetrate,perpetrate,word,犯す，違反する，犯罪を犯す,犯す，違反する，犯罪を犯す,exam,3,1,1,,1:1647,1,pre1_or_1_deferred
persecute,persecute,word,迫害する，圧迫する,迫害する，圧迫する,exam,3,1,1,,1:1848,1,pre1_or_1_deferred
pert,pert,word,生意気な,生意気な,exam,3,1,1,,1:2765,1,pre1_or_1_deferred
pertain,pertain,word,関係する,関係する,exam,3,1,1,,1:1954,1,pre1_or_1_deferred
pertinent,pertinent,word,関係がある，関連する,関係がある，関連する,exam,3,1,1,,1:1300,1,pre1_or_1_deferred
peruse,peruse,word,熟読する,熟読する,exam,3,1,1,,1:2168,1,pre1_or_1_deferred
petal,petal,word,花弁，花びら,花弁，花びら,exam,3,1,1,,1:993,1,pre1_or_1_deferred
peter,peter,word,細くなる，狭くなる,細くなる，狭くなる,exam,3,1,1,,1:1696,1,pre1_or_1_deferred
petite,petite,word,小柄な，華奢な,小柄な，華奢な,exam,3,1,1,,1:2896,1,pre1_or_1_deferred
petulant,petulant,word,拗ねた,拗ねた,exam,3,1,1,,1:2984,1,pre1_or_1_deferred
phantom,phantom,word,幻影，幽霊,幻影，幽霊,exam,3,1,1,,1:1149,1,pre1_or_1_deferred
pharmaceutical,pharmaceutical,word,医薬品の,医薬品の,exam,3,1,1,,1:2979,1,pre1_or_1_deferred
philanthropy,philanthropy,word,博愛，普遍愛,博愛，普遍愛,exam,3,1,1,,1:1885,1,pre1_or_1_deferred
phony,phony,word,偽物の，模造の,偽物の，模造の,exam,3,1,1,,1:594,1,pre1_or_1_deferred
physiology,physiology,word,生理学,生理学,exam,3,1,1,,1:2365,1,pre1_or_1_deferred
picket,picket,word,くい，柵,くい，柵,exam,3,1,1,,1:1873,1,pre1_or_1_deferred
piecemeal,piecemeal,word,少しずつ,少しずつ,exam,3,1,1,,1:3793,1,pre1_or_1_deferred
pigment,pigment,word,顔料，色素,顔料，色素,exam,3,1,1,,1:1133,1,pre1_or_1_deferred
pilfer,pilfer,word,くすねる,くすねる,exam,3,1,1,,1:2097,1,pre1_or_1_deferred
pilgrimage,pilgrimage,word,巡礼，巡り参り,巡礼，巡り参り,exam,3,1,1,,1:943,1,pre1_or_1_deferred
pillage,pillage,word,略奪,略奪,exam,3,1,1,,1:2347,1,pre1_or_1_deferred
pique,pique,word,憤慨させる,憤慨させる,exam,3,1,1,,1:2555,1,pre1_or_1_deferred
piracy,piracy,word,海賊行為，著作権侵害,海賊行為，著作権侵害,exam,3,1,1,,1:1963,1,pre1_or_1_deferred
pissed,pissed,word,腹を立てた，怒った,腹を立てた，怒った,exam,3,1,1,,1:827,1,pre1_or_1_deferred
pitfall,pitfall,word,落とし穴，罠，隠れた危険,落とし穴，罠，隠れた危険,exam,3,1,1,,1:1933,1,pre1_or_1_deferred
placate,placate,word,なだめる,なだめる,exam,3,1,1,,1:1951,1,pre1_or_1_deferred
plagiarism,plagiarism,word,盗用，窃取,盗用，窃取,exam,3,1,1,,1:1088,1,pre1_or_1_deferred
plaid,plaid,word,格子柄,格子柄,exam,3,1,1,,1:2647,1,pre1_or_1_deferred
plaintive,plaintive,word,哀れな，かわいそうな,哀れな，かわいそうな,exam,3,1,1,,1:3047,1,pre1_or_1_deferred
platoon,platoon,word,小隊，部隊,小隊，部隊,exam,3,1,1,,1:1241,1,pre1_or_1_deferred
plausible,plausible,word,もっともらしい，信用できる,もっともらしい，信用できる,exam,3,1,1,,1:565,1,pre1_or_1_deferred
plaza,plaza,word,大広場，広場,大広場，広場,exam,3,1,1,,1:1047,1,pre1_or_1_deferred
pleading,pleading,word,嘆願，懇願，請願,嘆願，懇願，請願,exam,3,1,1,,1:1748,1,pre1_or_1_deferred
plebiscite,plebiscite,word,国民投票，普通選挙,国民投票，普通選挙,exam,3,1,1,,1:51,1,pre1_or_1_deferred
plenary,plenary,word,最大限の，完全な,最大限の，完全な,exam,3,1,1,,1:2929,1,pre1_or_1_deferred
plethora,plethora,word,過多,過多,exam,3,1,1,,1:2471,1,pre1_or_1_deferred
pliant,pliant,word,しなやかな,しなやかな,exam,3,1,1,,1:3939,1,pre1_or_1_deferred
plod,plod,word,とぼとぼ歩く,とぼとぼ歩く,exam,3,1,1,,1:2470,1,pre1_or_1_deferred
plop,plop,word,ボチャンと落ちる,ボチャンと落ちる,exam,3,1,1,,1:3126,1,pre1_or_1_deferred
ploy,ploy,word,策略,策略,exam,3,1,1,,1:2378,1,pre1_or_1_deferred
plumage,plumage,word,羽毛,羽毛,exam,3,1,1,,1:3773,1,pre1_or_1_deferred
plumb,plumb,word,おもり,おもり,exam,3,1,1,,1:2478,1,pre1_or_1_deferred
plump,plump,word,ふっくらした,ふっくらした,exam,3,1,1,,1:2310,1,pre1_or_1_deferred
plywood,plywood,word,合板，数枚の板を貼り合わせた材料，積層板,合板，数枚の板を貼り合わせた材料，積層板,exam,3,1,1,,1:1690,1,pre1_or_1_deferred
pod,pod,word,さや，刃物の保管用ケース，植物の部分,さや，刃物の保管用ケース，植物の部分,exam,3,1,1,,1:1890,1,pre1_or_1_deferred
poignant,poignant,word,強烈な，極端な,強烈な，極端な,exam,3,1,1,,1:1296,1,pre1_or_1_deferred
polemic,polemic,word,論争の,論争の,exam,3,1,1,,1:2806,1,pre1_or_1_deferred
pollen,pollen,word,花粉，植物の粉,花粉，植物の粉,exam,3,1,1,,1:1242,1,pre1_or_1_deferred
polyglot,polyglot,word,数ヶ国語に通じている人や物,数ヶ国語に通じている人や物,exam,3,1,1,,1:3909,1,pre1_or_1_deferred
pomp,pomp,word,華やかさ,華やかさ,exam,3,1,1,,1:2319,1,pre1_or_1_deferred
pompous,pompous,word,尊大な,尊大な,exam,3,1,1,,1:3959,1,pre1_or_1_deferred
ponderous,ponderous,word,重々しい,重々しい,exam,3,1,1,,1:2825,1,pre1_or_1_deferred
populace,populace,word,民衆，大衆,民衆，大衆,exam,3,1,1,,1:1866,1,pre1_or_1_deferred
porcelain,porcelain,word,磁器，陶磁器,磁器，陶磁器,exam,3,1,1,,1:1036,1,pre1_or_1_deferred
pore,pore,word,細孔，小さい穴,細孔，小さい穴,exam,3,1,1,,1:1636,1,pre1_or_1_deferred
porous,porous,word,穴の多い,穴の多い,exam,3,1,1,,1:2861,1,pre1_or_1_deferred
portal,portal,word,正門，入り口，門口,正門，入り口，門口,exam,3,1,1,,1:461,1,pre1_or_1_deferred
posh,posh,word,豪華な,豪華な,exam,3,1,1,,1:2027,1,pre1_or_1_deferred
posterior,posterior,word,後部の,後部の,exam,3,1,1,,1:3801,1,pre1_or_1_deferred
posthumous,posthumous,word,死後の,死後の,exam,3,1,1,,1:3108,1,pre1_or_1_deferred
postulate,postulate,word,仮定する,仮定する,exam,3,1,1,,1:3217,1,pre1_or_1_deferred
potency,potency,word,効力,効力,exam,3,1,1,,1:3898,1,pre1_or_1_deferred
pounce,pounce,word,飛び掛かる,飛び掛かる,exam,3,1,1,,1:2435,1,pre1_or_1_deferred
pout,pout,word,口をとがらせる,口をとがらせる,exam,3,1,1,,1:3195,1,pre1_or_1_deferred
precedence,precedence,word,優先,優先,exam,3,1,1,,1:3903,1,pre1_or_1_deferred
precept,precept,word,戒律,戒律,exam,3,1,1,,1:3824,1,pre1_or_1_deferred
precipice,precipice,word,絶壁,絶壁,exam,3,1,1,,1:2532,1,pre1_or_1_deferred
precipitous,precipitous,word,切り立った,切り立った,exam,3,1,1,,1:2792,1,pre1_or_1_deferred
precocious,precocious,word,早熟の，早く成熟する,早熟の，早く成熟する,exam,3,1,1,,1:1284,1,pre1_or_1_deferred
precursor,precursor,word,前触れ，予告,前触れ，予告,exam,3,1,1,,1:1004,1,pre1_or_1_deferred
predatory,predatory,word,肉食の,肉食の,exam,3,1,1,,1:1997,1,pre1_or_1_deferred
predicament,predicament,word,苦境，困難,苦境，困難,exam,3,1,1,,1:1158,1,pre1_or_1_deferred
predisposition,predisposition,word,素因,素因,exam,3,1,1,,1:3972,1,pre1_or_1_deferred
preemptive,preemptive,word,先制の,先制の,exam,3,1,1,,1:3666,1,pre1_or_1_deferred
prelude,prelude,word,前触れ，予兆,前触れ，予兆,exam,3,1,1,,1:916,1,pre1_or_1_deferred
premonition,premonition,word,予感,予感,exam,3,1,1,,1:2436,1,pre1_or_1_deferred
prenatal,prenatal,word,出生前の,出生前の,exam,3,1,1,,1:2234,1,pre1_or_1_deferred
preponderance,preponderance,word,優勢,優勢,exam,3,1,1,,1:3651,1,pre1_or_1_deferred
preposterous,preposterous,word,途方もない,途方もない,exam,3,1,1,,1:2223,1,pre1_or_1_deferred
prerequisite,prerequisite,word,前提条件,前提条件,exam,3,1,1,,1:2693,1,pre1_or_1_deferred
prerogative,prerogative,word,特権,特権,exam,3,1,1,,1:3607,1,pre1_or_1_deferred
presage,presage,word,予兆,予兆,exam,3,1,1,,1:2691,1,pre1_or_1_deferred
prescribed,prescribed,word,所定の，指定された,所定の，指定された,exam,3,1,1,,1:1314,1,pre1_or_1_deferred
prim,prim,word,きちんとした,きちんとした,exam,3,1,1,,1:3621,1,pre1_or_1_deferred
primacy,primacy,word,優位性,優位性,exam,3,1,1,,1:3612,1,pre1_or_1_deferred
primate,primate,word,霊長類，霊長動物,霊長類，霊長動物,exam,3,1,1,,1:1726,1,pre1_or_1_deferred
primordial,primordial,word,原始的な,原始的な,exam,3,1,1,,1:2957,1,pre1_or_1_deferred
pristine,pristine,word,元の，以前の,元の，以前の,exam,3,1,1,,1:766,1,pre1_or_1_deferred
privy,privy,word,内情に通じた,内情に通じた,exam,3,1,1,,1:2985,1,pre1_or_1_deferred
probation,probation,word,試用期間，試験期間,試用期間，試験期間,exam,3,1,1,,1:1129,1,pre1_or_1_deferred
procedural,procedural,word,手続きの，手順の,手続きの，手順の,exam,3,1,1,,1:575,1,pre1_or_1_deferred
proclamation,proclamation,word,宣言，公言,宣言，公言,exam,3,1,1,,1:902,1,pre1_or_1_deferred
procrastinate,procrastinate,word,先延ばしにする,先延ばしにする,exam,3,1,1,,1:3127,1,pre1_or_1_deferred
procurement,procurement,word,調達，供給,調達，供給,exam,3,1,1,,1:1857,1,pre1_or_1_deferred
prod,prod,word,突く，呼び起こす,突く，呼び起こす,exam,3,1,1,,1:40,1,pre1_or_1_deferred
prodigal,prodigal,word,浪費した,浪費した,exam,3,1,1,,1:2947,1,pre1_or_1_deferred
prodigious,prodigious,word,驚異的な，素晴らしい,驚異的な，素晴らしい,exam,3,1,1,,1:1456,1,pre1_or_1_deferred
prodigy,prodigy,word,天才，神童,天才，神童,exam,3,1,1,,1:1552,1,pre1_or_1_deferred
profane,profane,word,不敬の,不敬の,exam,3,1,1,,1:2296,1,pre1_or_1_deferred
profanity,profanity,word,冒涜,冒涜,exam,3,1,1,,1:3744,1,pre1_or_1_deferred
proffer,proffer,word,差し出す，提供する，出す,差し出す，提供する，出す,exam,3,1,1,,1:1669,1,pre1_or_1_deferred
profuse,profuse,word,豊富な，たっぷりの,豊富な，たっぷりの,exam,3,1,1,,1:4151,1,pre1_or_1_deferred
profusion,profusion,word,豊富,豊富,exam,3,1,1,,1:2463,1,pre1_or_1_deferred
prognosis,prognosis,word,予後,予後,exam,3,1,1,,1:2472,1,pre1_or_1_deferred
projectile,projectile,word,発射される,発射される,exam,3,1,1,,1:3400,1,pre1_or_1_deferred
proliferate,proliferate,word,増殖する，数を増やす,増殖する，数を増やす,exam,3,1,1,,1:1640,1,pre1_or_1_deferred
proliferation,proliferation,word,拡散，増殖,拡散，増殖,exam,3,1,1,,1:22,1,pre1_or_1_deferred
prolific,prolific,word,多産の,多産の,exam,3,1,1,,1:2206,1,pre1_or_1_deferred
promiscuous,promiscuous,word,乱雑な,乱雑な,exam,3,1,1,,1:4019,1,pre1_or_1_deferred
promontory,promontory,word,岬,岬,exam,3,1,1,,1:2522,1,pre1_or_1_deferred
promulgate,promulgate,word,公布する,公布する,exam,3,1,1,,1:3519,1,pre1_or_1_deferred
propagate,propagate,word,広める，拡大する,広める，拡大する,exam,3,1,1,,1:1903,1,pre1_or_1_deferred
propensity,propensity,word,傾向，流れ,傾向，流れ,exam,3,1,1,,1:1214,1,pre1_or_1_deferred
proportionate,proportionate,word,比例した，均等な,比例した，均等な,exam,3,1,1,,1:779,1,pre1_or_1_deferred
proprietary,proprietary,word,所有者の，独占の,所有者の，独占の,exam,3,1,1,,1:1584,1,pre1_or_1_deferred
proprietor,proprietor,word,所有者，何らかの物や権利を持っている人,所有者，何らかの物や権利を持っている人,exam,3,1,1,,1:1711,1,pre1_or_1_deferred
propulsion,propulsion,word,推進,推進,exam,3,1,1,,1:2503,1,pre1_or_1_deferred
prosaic,prosaic,word,散文の,散文の,exam,3,1,1,,1:3593,1,pre1_or_1_deferred
proscribe,proscribe,word,禁ずる,禁ずる,exam,3,1,1,,1:2599,1,pre1_or_1_deferred
prospectus,prospectus,word,目論見書,目論見書,exam,3,1,1,,1:3806,1,pre1_or_1_deferred
prostitution,prostitution,word,売春，売身,売春，売身,exam,3,1,1,,1:1256,1,pre1_or_1_deferred
prostrate,prostrate,word,腹ばいになった,腹ばいになった,exam,3,1,1,,1:2748,1,pre1_or_1_deferred
protagonist,protagonist,word,主人公，主役,主人公，主役,exam,3,1,1,,1:1140,1,pre1_or_1_deferred
protrude,protrude,word,突き出る,突き出る,exam,3,1,1,,1:2429,1,pre1_or_1_deferred
proverbial,proverbial,word,ことわざの，格言の,ことわざの，格言の,exam,3,1,1,,1:547,1,pre1_or_1_deferred
provisional,provisional,word,暫定的な，仮の,暫定的な，仮の,exam,3,1,1,,1:1553,1,pre1_or_1_deferred
proviso,proviso,word,但し書き,但し書き,exam,3,1,1,,1:4050,1,pre1_or_1_deferred
provocation,provocation,word,挑発,挑発,exam,3,1,1,,1:2574,1,pre1_or_1_deferred
provocative,provocative,word,挑発的な，挑戦的な,挑発的な，挑戦的な,exam,3,1,1,,1:399,1,pre1_or_1_deferred
prowess,prowess,word,武勇,武勇,exam,3,1,1,,1:2316,1,pre1_or_1_deferred
prowl,prowl,word,うろつく,うろつく,exam,3,1,1,,1:3310,1,pre1_or_1_deferred
pseudo,pseudo,word,偽りの,偽りの,exam,3,1,1,,1:2087,1,pre1_or_1_deferred
pseudonym,pseudonym,word,偽名，偽の名前，仮名,偽名，偽の名前，仮名,exam,3,1,1,,1:980,1,pre1_or_1_deferred
psycho,psycho,word,精神病患者，精神障害者,精神病患者，精神障害者,exam,3,1,1,,1:1076,1,pre1_or_1_deferred
puberty,puberty,word,思春期,思春期,exam,3,1,1,,1:2540,1,pre1_or_1_deferred
puddle,puddle,word,水たまり，溜水,水たまり，溜水,exam,3,1,1,,1:912,1,pre1_or_1_deferred
pugnacious,pugnacious,word,好戦的な，争い好きな,好戦的な，争い好きな,exam,3,1,1,,1:4084,1,pre1_or_1_deferred
puke,puke,word,吐く,吐く,exam,3,1,1,,1:3230,1,pre1_or_1_deferred
pulmonary,pulmonary,word,肺の,肺の,exam,3,1,1,,1:2079,1,pre1_or_1_deferred
pulp,pulp,word,果肉，果実の肉,果肉，果実の肉,exam,3,1,1,,1:1114,1,pre1_or_1_deferred
pulverize,pulverize,word,粉砕する，破砕する,粉砕する，破砕する,exam,3,1,1,,1:3235,1,pre1_or_1_deferred
pun,pun,word,駄じゃれ,駄じゃれ,exam,3,1,1,,1:1929,1,pre1_or_1_deferred
punctuate,punctuate,word,句読点をつける，文章に区切りを入れる,句読点をつける，文章に区切りを入れる,exam,3,1,1,,1:1742,1,pre1_or_1_deferred
puncture,puncture,word,穴を空ける，穴を開ける,穴を空ける，穴を開ける,exam,3,1,1,,1:1750,1,pre1_or_1_deferred
pungent,pungent,word,舌や鼻を刺激する,舌や鼻を刺激する,exam,3,1,1,,1:2991,1,pre1_or_1_deferred
punitive,punitive,word,懲罰的な，罰するような,懲罰的な，罰するような,exam,3,1,1,,1:1301,1,pre1_or_1_deferred
purport,purport,word,趣旨，目的，意図,趣旨，目的，意図,exam,3,1,1,,1:1649,1,pre1_or_1_deferred
purr,purr,word,のどを鳴らす,のどを鳴らす,exam,3,1,1,,1:3175,1,pre1_or_1_deferred
pursuant,pursuant,word,に従って，従い,に従って，従い,exam,3,1,1,,1:1321,1,pre1_or_1_deferred
putative,putative,word,推定の，予測の,推定の，予測の,exam,3,1,1,,1:1418,1,pre1_or_1_deferred
quadrant,quadrant,word,四分円,四分円,exam,3,1,1,,1:3986,1,pre1_or_1_deferred
quadruple,quadruple,word,4倍の,4倍の,exam,3,1,1,,1:2141,1,pre1_or_1_deferred
quagmire,quagmire,word,泥沼，泥の沼,泥沼，泥の沼,exam,3,1,1,,1:1089,1,pre1_or_1_deferred
quandary,quandary,word,難局,難局,exam,3,1,1,,1:3761,1,pre1_or_1_deferred
quantum,quantum,word,量子，量子単位,量子，量子単位,exam,3,1,1,,1:1153,1,pre1_or_1_deferred
quarantine,quarantine,word,隔離,隔離,exam,3,1,1,,1:2615,1,pre1_or_1_deferred
quarrelsome,quarrelsome,word,議論好きな，論争好きな,議論好きな，論争好きな,exam,3,1,1,,1:883,1,pre1_or_1_deferred
quarry,quarry,word,採石場，石を採る場所，鉱山,採石場，石を採る場所，鉱山,exam,3,1,1,,1:1617,1,pre1_or_1_deferred
quartet,quartet,word,四人組，4人組み,四人組，4人組み,exam,3,1,1,,1:915,1,pre1_or_1_deferred
quash,quash,word,鎮圧する，破棄する,鎮圧する，破棄する,exam,3,1,1,,1:864,1,pre1_or_1_deferred
quaver,quaver,word,震える,震える,exam,3,1,1,,1:3460,1,pre1_or_1_deferred
quay,quay,word,ふ頭,ふ頭,exam,3,1,1,,1:2405,1,pre1_or_1_deferred
queasy,queasy,word,吐き気のする,吐き気のする,exam,3,1,1,,1:3731,1,pre1_or_1_deferred
quell,quell,word,鎮める，落ち着かせる,鎮める，落ち着かせる,exam,3,1,1,,1:1735,1,pre1_or_1_deferred
quench,quench,word,渇きをいやす，抑制する,渇きをいやす，抑制する,exam,3,1,1,,1:3292,1,pre1_or_1_deferred
querulous,querulous,word,不平を言う，文句が多い,不平を言う，文句が多い,exam,3,1,1,,1:4088,1,pre1_or_1_deferred
questionable,questionable,word,疑わしい，疑念を抱く,疑わしい，疑念を抱く,exam,3,1,1,,1:655,1,pre1_or_1_deferred
queue,queue,word,列を作る，並ぶ,列を作る，並ぶ,exam,3,1,1,,1:4150,1,pre1_or_1_deferred
quibble,quibble,word,あら探し，些細な異議,あら探し，些細な異議,exam,3,1,1,,1:4096,1,pre1_or_1_deferred
quintessential,quintessential,word,典型的な，一般的な,典型的な，一般的な,exam,3,1,1,,1:1502,1,pre1_or_1_deferred
quip,quip,word,警句，警告の言葉,警句，警告の言葉,exam,3,1,1,,1:986,1,pre1_or_1_deferred
quirk,quirk,word,変な癖，特異な癖,変な癖，特異な癖,exam,3,1,1,,1:1840,1,pre1_or_1_deferred
quirky,quirky,word,風変わりな，奇抜な,風変わりな，奇抜な,exam,3,1,1,,1:1375,1,pre1_or_1_deferred
quixotic,quixotic,word,非現実的な，夢想的な,非現実的な，夢想的な,exam,3,1,1,,1:4106,1,pre1_or_1_deferred
quizzical,quizzical,word,訝しげな,訝しげな,exam,3,1,1,,1:3881,1,pre1_or_1_deferred
quorum,quorum,word,定数,定数,exam,3,1,1,,1:3836,1,pre1_or_1_deferred
rabid,rabid,word,狂った，狂気の,狂った，狂気の,exam,3,1,1,,1:1499,1,pre1_or_1_deferred
rabies,rabies,word,狂犬病,狂犬病,exam,3,1,1,,1:3717,1,pre1_or_1_deferred
rafter,rafter,word,垂木,垂木,exam,3,1,1,,1:3602,1,pre1_or_1_deferred
ragged,ragged,word,ぼろぼろの，古びた,ぼろぼろの，古びた,exam,3,1,1,,1:1577,1,pre1_or_1_deferred
raider,raider,word,急襲者，突然攻撃を仕掛ける人,急襲者，突然攻撃を仕掛ける人,exam,3,1,1,,1:1692,1,pre1_or_1_deferred
rambunctious,rambunctious,word,やかましい，騒がしい,やかましい，騒がしい,exam,3,1,1,,1:4091,1,pre1_or_1_deferred
ramification,ramification,word,分岐，分岐点,分岐，分岐点,exam,3,1,1,,1:999,1,pre1_or_1_deferred
rampant,rampant,word,自由奔放な，はびこった，無節操な,自由奔放な，はびこった，無節操な,exam,3,1,1,,1:1373,1,pre1_or_1_deferred
rampart,rampart,word,城壁，城の壁,城壁，城の壁,exam,3,1,1,,1:1194,1,pre1_or_1_deferred
rancor,rancor,word,怨恨，憎しみ,怨恨，憎しみ,exam,3,1,1,,1:905,1,pre1_or_1_deferred
ransack,ransack,word,捜しまわる,捜しまわる,exam,3,1,1,,1:2508,1,pre1_or_1_deferred
rant,rant,word,怒鳴り立てる，大声で叫ぶ,怒鳴り立てる，大声で叫ぶ,exam,3,1,1,,1:562,1,pre1_or_1_deferred
rapacious,rapacious,word,強欲な，貪欲な,強欲な，貪欲な,exam,3,1,1,,1:4257,1,pre1_or_1_deferred
rapport,rapport,word,信頼関係，信用と信頼に基づく関係,信頼関係，信用と信頼に基づく関係,exam,3,1,1,,1:1689,1,pre1_or_1_deferred
rapprochement,rapprochement,word,和睦，平和の協定,和睦，平和の協定,exam,3,1,1,,1:1052,1,pre1_or_1_deferred
rapt,rapt,word,没頭した,没頭した,exam,3,1,1,,1:2876,1,pre1_or_1_deferred
rasp,rasp,word,やすり,やすり,exam,3,1,1,,1:4039,1,pre1_or_1_deferred
ratification,ratification,word,批准,批准,exam,3,1,1,,1:2552,1,pre1_or_1_deferred
rationale,rationale,word,理論的根拠，理論的基盤,理論的根拠，理論的基盤,exam,3,1,1,,1:1175,1,pre1_or_1_deferred
rationality,rationality,word,合理性，合理主義,合理性，合理主義,exam,3,1,1,,1:1882,1,pre1_or_1_deferred
raucous,raucous,word,耳障りな，騒々しい，うるさい,耳障りな，騒々しい，うるさい,exam,3,1,1,,1:1529,1,pre1_or_1_deferred
ravenous,ravenous,word,飢えた，極度に空腹な,飢えた，極度に空腹な,exam,3,1,1,,1:4135,1,pre1_or_1_deferred
ravine,ravine,word,渓谷,渓谷,exam,3,1,1,,1:3800,1,pre1_or_1_deferred
raze,raze,word,跡形もなく破壊する,跡形もなく破壊する,exam,3,1,1,,1:2616,1,pre1_or_1_deferred
reaffirm,reaffirm,word,再確認する，再度チェックする,再確認する，再度チェックする,exam,3,1,1,,1:566,1,pre1_or_1_deferred
realistic,realistic,word,現実的な，現実に即した,現実的な，現実に即した,exam,3,1,1,,1:519,1,pre1_or_1_deferred
realtor,realtor,word,不動産業者，土地や建物の売買を仲介する人,不動産業者，土地や建物の売買を仲介する人,exam,3,1,1,,1:1620,1,pre1_or_1_deferred
rebuff,rebuff,word,拒絶，拒否,拒絶，拒否,exam,3,1,1,,1:936,1,pre1_or_1_deferred
rebuttal,rebuttal,word,反論,反論,exam,3,1,1,,1:2564,1,pre1_or_1_deferred
recalcitrant,recalcitrant,word,反抗的な,反抗的な,exam,3,1,1,,1:2235,1,pre1_or_1_deferred
receptive,receptive,word,受容性のある，受け入れ可能な,受容性のある，受け入れ可能な,exam,3,1,1,,1:1278,1,pre1_or_1_deferred
reckoning,reckoning,word,計算，清算,計算，清算,exam,3,1,1,,1:3759,1,pre1_or_1_deferred
recluse,recluse,word,世捨て人,世捨て人,exam,3,1,1,,1:2733,1,pre1_or_1_deferred
recoil,recoil,word,後ずさりする,後ずさりする,exam,3,1,1,,1:2715,1,pre1_or_1_deferred
recompense,recompense,word,報いる,報いる,exam,3,1,1,,1:2459,1,pre1_or_1_deferred
reconnaissance,reconnaissance,word,偵察，偵查,偵察，偵查,exam,3,1,1,,1:901,1,pre1_or_1_deferred
recoup,recoup,word,取り戻す，回収する,取り戻す，回収する,exam,3,1,1,,1:716,1,pre1_or_1_deferred
recourse,recourse,word,依頼,依頼,exam,3,1,1,,1:1922,1,pre1_or_1_deferred
recrimination,recrimination,word,非難し返す,非難し返す,exam,3,1,1,,1:2515,1,pre1_or_1_deferred
rectangle,rectangle,word,長方形，四角形,長方形，四角形,exam,3,1,1,,1:1760,1,pre1_or_1_deferred
rectangular,rectangular,word,長方形の,長方形の,exam,3,1,1,,1:2224,1,pre1_or_1_deferred
rectitude,rectitude,word,実直さ，誠実さ,実直さ，誠実さ,exam,3,1,1,,1:911,1,pre1_or_1_deferred
recumbent,recumbent,word,横たわる，寝そべる,横たわる，寝そべる,exam,3,1,1,,1:4264,1,pre1_or_1_deferred
recuperate,recuperate,word,回復する,回復する,exam,3,1,1,,1:2596,1,pre1_or_1_deferred
recurring,recurring,word,繰り返し，再三,繰り返し，再三,exam,3,1,1,,1:805,1,pre1_or_1_deferred
redress,redress,word,矯正する,矯正する,exam,3,1,1,,1:3423,1,pre1_or_1_deferred
refinery,refinery,word,精製所，精練工場,精製所，精練工場,exam,3,1,1,,1:1253,1,pre1_or_1_deferred
reflex,reflex,word,反射，反射作用,反射，反射作用,exam,3,1,1,,1:1176,1,pre1_or_1_deferred
regal,regal,word,王者らしい，堂々とした,王者らしい，堂々とした,exam,3,1,1,,1:2285,1,pre1_or_1_deferred
registry,registry,word,登記，記載,登記，記載,exam,3,1,1,,1:1825,1,pre1_or_1_deferred
regurgitate,regurgitate,word,吐き戻す,吐き戻す,exam,3,1,1,,1:3284,1,pre1_or_1_deferred
reimburse,reimburse,word,弁償する,弁償する,exam,3,1,1,,1:2415,1,pre1_or_1_deferred
reimbursement,reimbursement,word,返済，返金,返済，返金,exam,3,1,1,,1:272,1,pre1_or_1_deferred
reinstate,reinstate,word,復帰させる，復元する,復帰させる，復元する,exam,3,1,1,,1:1814,1,pre1_or_1_deferred
reiterate,reiterate,word,繰り返し言う,繰り返し言う,exam,3,1,1,,1:2410,1,pre1_or_1_deferred
rejoinder,rejoinder,word,返答，言い返し,返答，言い返し,exam,3,1,1,,1:3751,1,pre1_or_1_deferred
rejuvenate,rejuvenate,word,若返らせる,若返らせる,exam,3,1,1,,1:2341,1,pre1_or_1_deferred
relapse,relapse,word,再発，再度の発生,再発，再度の発生,exam,3,1,1,,1:1144,1,pre1_or_1_deferred
relentlessly,relentlessly,word,容赦なく,容赦なく,exam,3,1,1,,1:2107,1,pre1_or_1_deferred
reliant,reliant,word,頼っている，信頼している,頼っている，信頼している,exam,3,1,1,,1:591,1,pre1_or_1_deferred
relinquish,relinquish,word,放棄する，捨てる,放棄する，捨てる,exam,3,1,1,,1:821,1,pre1_or_1_deferred
relive,relive,word,追体験する，再び体験する,追体験する，再び体験する,exam,3,1,1,,1:1697,1,pre1_or_1_deferred
remedial,remedial,word,治療する，療養する,治療する，療養する,exam,3,1,1,,1:2082,1,pre1_or_1_deferred
reminisce,reminisce,word,思い出話をする,思い出話をする,exam,3,1,1,,1:3432,1,pre1_or_1_deferred
reminiscent,reminiscent,word,思い出させる,思い出させる,exam,3,1,1,,1:3379,1,pre1_or_1_deferred
remission,remission,word,免除，除外,免除，除外,exam,3,1,1,,1:2639,1,pre1_or_1_deferred
remuneration,remuneration,word,報酬,報酬,exam,3,1,1,,1:3997,1,pre1_or_1_deferred
renal,renal,word,腎臓の,腎臓の,exam,3,1,1,,1:2848,1,pre1_or_1_deferred
rendezvous,rendezvous,word,待ち合わせ，会合,待ち合わせ，会合,exam,3,1,1,,1:1201,1,pre1_or_1_deferred
rendition,rendition,word,演出，舞台監督,演出，舞台監督,exam,3,1,1,,1:1847,1,pre1_or_1_deferred
renegade,renegade,word,反逆者，反乱者,反逆者，反乱者,exam,3,1,1,,1:1179,1,pre1_or_1_deferred
renege,renege,word,誓いに背く,誓いに背く,exam,3,1,1,,1:3438,1,pre1_or_1_deferred
renunciation,renunciation,word,放棄，棄却,放棄，棄却,exam,3,1,1,,1:4007,1,pre1_or_1_deferred
reparation,reparation,word,賠償,賠償,exam,3,1,1,,1:3901,1,pre1_or_1_deferred
repatriate,repatriate,word,送還する,送還する,exam,3,1,1,,1:3331,1,pre1_or_1_deferred
repeatedly,repeatedly,word,繰り返し，反復,繰り返し，反復,exam,3,1,1,,1:462,1,pre1_or_1_deferred
repellent,repellent,word,虫よけ,虫よけ,exam,3,1,1,,1:2398,1,pre1_or_1_deferred
repercussion,repercussion,word,反響，反応，反射,反響，反応，反射,exam,3,1,1,,1:1038,1,pre1_or_1_deferred
replete,replete,word,堪能した,堪能した,exam,3,1,1,,1:4021,1,pre1_or_1_deferred
replicate,replicate,word,複製する，再現する,複製する，再現する,exam,3,1,1,,1:213,1,pre1_or_1_deferred
repository,repository,word,倉庫，蔵,倉庫，蔵,exam,3,1,1,,1:955,1,pre1_or_1_deferred
repressive,repressive,word,抑圧的な,抑圧的な,exam,3,1,1,,1:3867,1,pre1_or_1_deferred
reprieve,reprieve,word,猶予する,猶予する,exam,3,1,1,,1:2689,1,pre1_or_1_deferred
repudiate,repudiate,word,否認する,否認する,exam,3,1,1,,1:2638,1,pre1_or_1_deferred
repulse,repulse,word,追い払う,追い払う,exam,3,1,1,,1:2736,1,pre1_or_1_deferred
requisite,requisite,word,必要な,必要な,exam,3,1,1,,1:2007,1,pre1_or_1_deferred
rescind,rescind,word,取り消す,取り消す,exam,3,1,1,,1:3417,1,pre1_or_1_deferred
residual,residual,word,残りの,残りの,exam,3,1,1,,1:3678,1,pre1_or_1_deferred
resonant,resonant,word,共鳴する，感じ合う，同調する,共鳴する，感じ合う，同調する,exam,3,1,1,,1:1716,1,pre1_or_1_deferred
resonate,resonate,word,反響する,反響する,exam,3,1,1,,1:3428,1,pre1_or_1_deferred
respiratory,respiratory,word,呼吸の，呼吸に関する,呼吸の，呼吸に関する,exam,3,1,1,,1:1485,1,pre1_or_1_deferred
respite,respite,word,一休み，休憩,一休み，休憩,exam,3,1,1,,1:1237,1,pre1_or_1_deferred
resplendent,resplendent,word,華やかな,華やかな,exam,3,1,1,,1:4009,1,pre1_or_1_deferred
restitution,restitution,word,返却,返却,exam,3,1,1,,1:2361,1,pre1_or_1_deferred
resurgence,resurgence,word,復活,復活,exam,3,1,1,,1:2607,1,pre1_or_1_deferred
resurgent,resurgent,word,再び盛り返す，復活の,再び盛り返す，復活の,exam,3,1,1,,1:4059,1,pre1_or_1_deferred
resurrect,resurrect,word,復活させる，再生する,復活させる，再生する,exam,3,1,1,,1:681,1,pre1_or_1_deferred
resurrection,resurrection,word,復活，再生,復活，再生,exam,3,1,1,,1:925,1,pre1_or_1_deferred
resuscitate,resuscitate,word,蘇生させる,蘇生させる,exam,3,1,1,,1:3312,1,pre1_or_1_deferred
retaliate,retaliate,word,報復する，仕返しする,報復する，仕返しする,exam,3,1,1,,1:820,1,pre1_or_1_deferred
retaliation,retaliation,word,報復，仕返し,報復，仕返し,exam,3,1,1,,1:939,1,pre1_or_1_deferred
retarded,retarded,word,発達の遅れた，遅滞している,発達の遅れた，遅滞している,exam,3,1,1,,1:1399,1,pre1_or_1_deferred
retina,retina,word,網膜，眼の内部の膜,網膜，眼の内部の膜,exam,3,1,1,,1:1231,1,pre1_or_1_deferred
retorted,retorted,word,言い返した,言い返した,exam,3,1,1,,1:3644,1,pre1_or_1_deferred
retract,retract,word,撤回する,撤回する,exam,3,1,1,,1:2567,1,pre1_or_1_deferred
retribution,retribution,word,報復，復讐,報復，復讐,exam,3,1,1,,1:1822,1,pre1_or_1_deferred
retrospective,retrospective,word,回顧的な，振り返る,回顧的な，振り返る,exam,3,1,1,,1:1381,1,pre1_or_1_deferred
revamp,revamp,word,改修する，修復する,改修する，修復する,exam,3,1,1,,1:612,1,pre1_or_1_deferred
revel,revel,word,楽しむ，何かを心から喜ぶ,楽しむ，何かを心から喜ぶ,exam,3,1,1,,1:1729,1,pre1_or_1_deferred
reverberate,reverberate,word,反響する，反応する,反響する，反応する,exam,3,1,1,,1:754,1,pre1_or_1_deferred
revere,revere,word,尊敬する,尊敬する,exam,3,1,1,,1:2634,1,pre1_or_1_deferred
reverence,reverence,word,敬意，尊敬，尊重,敬意，尊敬，尊重,exam,3,1,1,,1:1701,1,pre1_or_1_deferred
reverie,reverie,word,夢想,夢想,exam,3,1,1,,1:2681,1,pre1_or_1_deferred
revile,revile,word,悪口を言う，中傷する，非難する,悪口を言う，中傷する，非難する,exam,3,1,1,,1:1802,1,pre1_or_1_deferred
revulsion,revulsion,word,嫌悪，反感,嫌悪，反感,exam,3,1,1,,1:1758,1,pre1_or_1_deferred
rhapsodize,rhapsodize,word,熱狂的に語る，賛美する,熱狂的に語る，賛美する,exam,3,1,1,,1:4219,1,pre1_or_1_deferred
rife,rife,word,流行して，人気がある,流行して，人気がある,exam,3,1,1,,1:1581,1,pre1_or_1_deferred
rift,rift,word,切れ目，切り口，断ち切り,切れ目，切り口，断ち切り,exam,3,1,1,,1:908,1,pre1_or_1_deferred
rigor,rigor,word,厳格，厳重,厳格，厳重,exam,3,1,1,,1:1021,1,pre1_or_1_deferred
rind,rind,word,外皮,外皮,exam,3,1,1,,1:3778,1,pre1_or_1_deferred
rodent,rodent,word,齧歯類，小型哺乳動物,齧歯類，小型哺乳動物,exam,3,1,1,,1:1143,1,pre1_or_1_deferred
romp,romp,word,ふざけ回る，遊び回る，馬鹿騒ぎする,ふざけ回る，遊び回る，馬鹿騒ぎする,exam,3,1,1,,1:1904,1,pre1_or_1_deferred
roost,roost,word,ねぐら,ねぐら,exam,3,1,1,,1:2370,1,pre1_or_1_deferred
roster,roster,word,当番表，シフト表,当番表，シフト表,exam,3,1,1,,1:1184,1,pre1_or_1_deferred
rostrum,rostrum,word,演壇,演壇,exam,3,1,1,,1:2325,1,pre1_or_1_deferred
roundup,roundup,word,切り上げる，駆り集める,切り上げる，駆り集める,exam,3,1,1,,1:3267,1,pre1_or_1_deferred
rouse,rouse,word,目を覚まさせる,目を覚まさせる,exam,3,1,1,,1:2730,1,pre1_or_1_deferred
rout,rout,word,敗走，撤退,敗走，撤退,exam,3,1,1,,1:923,1,pre1_or_1_deferred
rowdy,rowdy,word,乱暴な,乱暴な,exam,3,1,1,,1:2269,1,pre1_or_1_deferred
rubric,rubric,word,注釈，題目,注釈，題目,exam,3,1,1,,1:3904,1,pre1_or_1_deferred
ruckus,ruckus,word,大騒ぎ，騒乱,大騒ぎ，騒乱,exam,3,1,1,,1:1965,1,pre1_or_1_deferred
rudder,rudder,word,舵,舵,exam,3,1,1,,1:2348,1,pre1_or_1_deferred
ruddy,ruddy,word,血色の良い,血色の良い,exam,3,1,1,,1:2890,1,pre1_or_1_deferred
rudimentary,rudimentary,word,初歩的な,初歩的な,exam,3,1,1,,1:3935,1,pre1_or_1_deferred
rue,rue,word,後悔する，悔いる,後悔する，悔いる,exam,3,1,1,,1:444,1,pre1_or_1_deferred
rueful,rueful,word,悔んでいる,悔んでいる,exam,3,1,1,,1:2301,1,pre1_or_1_deferred
ruefully,ruefully,word,悲しそうに,悲しそうに,exam,3,1,1,,1:4053,1,pre1_or_1_deferred
ruffle,ruffle,word,波立たせる,波立たせる,exam,3,1,1,,1:2326,1,pre1_or_1_deferred
ruminate,ruminate,word,反芻する,反芻する,exam,3,1,1,,1:2358,1,pre1_or_1_deferred
rummage,rummage,word,かき回して探す,かき回して探す,exam,3,1,1,,1:2626,1,pre1_or_1_deferred
rump,rump,word,臀部,臀部,exam,3,1,1,,1:2536,1,pre1_or_1_deferred
rupture,rupture,word,破裂，割れる，爆破,破裂，割れる，爆破,exam,3,1,1,,1:1925,1,pre1_or_1_deferred
rut,rut,word,轍,轍,exam,3,1,1,,1:2529,1,pre1_or_1_deferred
ruthlessly,ruthlessly,word,冷酷に，冷徹に,冷酷に，冷徹に,exam,3,1,1,,1:635,1,pre1_or_1_deferred
sabbath,sabbath,word,安息日，休息の日,安息日，休息の日,exam,3,1,1,,1:1082,1,pre1_or_1_deferred
sabotage,sabotage,word,妨害行為，邪魔,妨害行為，邪魔,exam,3,1,1,,1:1062,1,pre1_or_1_deferred
sacrilegious,sacrilegious,word,罰当たりの,罰当たりの,exam,3,1,1,,1:3051,1,pre1_or_1_deferred
sacrosanct,sacrosanct,word,神聖視される，絶対的な,神聖視される，絶対的な,exam,3,1,1,,1:4070,1,pre1_or_1_deferred
sag,sag,word,たるむ，弛む,たるむ，弛む,exam,3,1,1,,1:845,1,pre1_or_1_deferred
sagacious,sagacious,word,賢い,賢い,exam,3,1,1,,1:3858,1,pre1_or_1_deferred
salient,salient,word,顕著な，明らかな，明白な,顕著な，明らかな，明白な,exam,3,1,1,,1:1599,1,pre1_or_1_deferred
saline,saline,word,塩気のある,塩気のある,exam,3,1,1,,1:3927,1,pre1_or_1_deferred
saliva,saliva,word,唾液,唾液,exam,3,1,1,,1:2353,1,pre1_or_1_deferred
sanctimonious,sanctimonious,word,偽善的な，うぬぼれた,偽善的な，うぬぼれた,exam,3,1,1,,1:4090,1,pre1_or_1_deferred
sanctity,sanctity,word,尊厳，威厳，尊重される資質,尊厳，威厳，尊重される資質,exam,3,1,1,,1:1682,1,pre1_or_1_deferred
sanguine,sanguine,word,楽天的な，楽観的な,楽天的な，楽観的な,exam,3,1,1,,1:1419,1,pre1_or_1_deferred
sardonic,sardonic,word,冷笑的な，皮肉な,冷笑的な，皮肉な,exam,3,1,1,,1:1376,1,pre1_or_1_deferred
satchel,satchel,word,学生かばん,学生かばん,exam,3,1,1,,1:3792,1,pre1_or_1_deferred
saturation,saturation,word,飽和,飽和,exam,3,1,1,,1:2777,1,pre1_or_1_deferred
saunter,saunter,word,ぶらつく,ぶらつく,exam,3,1,1,,1:3351,1,pre1_or_1_deferred
savior,savior,word,救い主，救済者,救い主，救済者,exam,3,1,1,,1:1255,1,pre1_or_1_deferred
savvy,savvy,word,分かる，理解する,分かる，理解する,exam,3,1,1,,1:1387,1,pre1_or_1_deferred
scamper,scamper,word,ふざけ回る，あわてて逃げる,ふざけ回る，あわてて逃げる,exam,3,1,1,,1:3328,1,pre1_or_1_deferred
scant,scant,word,乏しい，不足している,乏しい，不足している,exam,3,1,1,,1:2142,1,pre1_or_1_deferred
scarcity,scarcity,word,不足，欠乏，欠如,不足，欠乏，欠如,exam,3,1,1,,1:73,1,pre1_or_1_deferred
scathing,scathing,word,痛烈な，厳しい,痛烈な，厳しい,exam,3,1,1,,1:1324,1,pre1_or_1_deferred
scattered,scattered,word,散らばった，散在した,散らばった，散在した,exam,3,1,1,,1:892,1,pre1_or_1_deferred
schema,schema,word,図解,図解,exam,3,1,1,,1:3914,1,pre1_or_1_deferred
schematic,schematic,word,概略図の,概略図の,exam,3,1,1,,1:3063,1,pre1_or_1_deferred
schism,schism,word,分裂,分裂,exam,3,1,1,,1:3857,1,pre1_or_1_deferred
sclerosis,sclerosis,word,硬化,硬化,exam,3,1,1,,1:3883,1,pre1_or_1_deferred
scoff,scoff,word,嘲笑する，あざ笑う,嘲笑する，あざ笑う,exam,3,1,1,,1:825,1,pre1_or_1_deferred
scour,scour,word,こすり洗う,こすり洗う,exam,3,1,1,,1:636,1,pre1_or_1_deferred
scourge,scourge,word,むち，天罰,むち，天罰,exam,3,1,1,,1:1125,1,pre1_or_1_deferred
scowl,scowl,word,顔をしかめる,顔をしかめる,exam,3,1,1,,1:2731,1,pre1_or_1_deferred
screech,screech,word,金切り声，高い叫び声,金切り声，高い叫び声,exam,3,1,1,,1:995,1,pre1_or_1_deferred
scribble,scribble,word,落書きする，書き散らす，いたずら書きをする,落書きする，書き散らす，いたずら書きをする,exam,3,1,1,,1:1794,1,pre1_or_1_deferred
scribe,scribe,word,書記,書記,exam,3,1,1,,1:3973,1,pre1_or_1_deferred
scruffy,scruffy,word,みすぼらしい,みすぼらしい,exam,3,1,1,,1:2871,1,pre1_or_1_deferred
scruple,scruple,word,良心の呵責,良心の呵責,exam,3,1,1,,1:2955,1,pre1_or_1_deferred
scrupulous,scrupulous,word,良心的な，誠実な,良心的な，誠実な,exam,3,1,1,,1:1435,1,pre1_or_1_deferred
scuffle,scuffle,word,乱闘,乱闘,exam,3,1,1,,1:2992,1,pre1_or_1_deferred
scum,scum,word,薄皮，上皮,薄皮，上皮,exam,3,1,1,,1:1749,1,pre1_or_1_deferred
scurry,scurry,word,せかせか動く，忙しなく動く,せかせか動く，忙しなく動く,exam,3,1,1,,1:1700,1,pre1_or_1_deferred
scuttle,scuttle,word,急いで行く，速く走る,急いで行く，速く走る,exam,3,1,1,,1:650,1,pre1_or_1_deferred
secede,secede,word,離脱する,離脱する,exam,3,1,1,,1:1958,1,pre1_or_1_deferred
secession,secession,word,離脱，退出すること,離脱，退出すること,exam,3,1,1,,1:1695,1,pre1_or_1_deferred
seclude,seclude,word,引きこもらせる、隠とんさせる,引きこもらせる、隠とんさせる,exam,3,1,1,,1:3087,1,pre1_or_1_deferred
secrete,secrete,word,分泌する,分泌する,exam,3,1,1,,1:2355,1,pre1_or_1_deferred
sectarian,sectarian,word,宗派の,宗派の,exam,3,1,1,,1:2044,1,pre1_or_1_deferred
sedate,sedate,word,落ち着いた,落ち着いた,exam,3,1,1,,1:3017,1,pre1_or_1_deferred
sedative,sedative,word,鎮静効果のある,鎮静効果のある,exam,3,1,1,,1:2232,1,pre1_or_1_deferred
sedentary,sedentary,word,座りがちな,座りがちな,exam,3,1,1,,1:2930,1,pre1_or_1_deferred
sediment,sediment,word,堆積物,堆積物,exam,3,1,1,,1:2960,1,pre1_or_1_deferred
seductive,seductive,word,魅惑的な,魅惑的な,exam,3,1,1,,1:2187,1,pre1_or_1_deferred
seedling,seedling,word,苗木,苗木,exam,3,1,1,,1:3103,1,pre1_or_1_deferred
seethe,seethe,word,沸騰する,沸騰する,exam,3,1,1,,1:2759,1,pre1_or_1_deferred
seismic,seismic,word,地震の,地震の,exam,3,1,1,,1:2983,1,pre1_or_1_deferred
semantic,semantic,word,意味論の，意味学の,意味論の，意味学の,exam,3,1,1,,1:813,1,pre1_or_1_deferred
semen,semen,word,精液,精液,exam,3,1,1,,1:4056,1,pre1_or_1_deferred
semester,semester,word,学期，学期間,学期，学期間,exam,3,1,1,,1:36,1,pre1_or_1_deferred
semiconductor,semiconductor,word,半導体，電子部品，半導体素子,半導体，電子部品，半導体素子,exam,3,1,1,,1:1913,1,pre1_or_1_deferred
seminary,seminary,word,神学校，神学院,神学校，神学院,exam,3,1,1,,1:1908,1,pre1_or_1_deferred
senile,senile,word,老年の,老年の,exam,3,1,1,,1:2976,1,pre1_or_1_deferred
sentry,sentry,word,衛兵,衛兵,exam,3,1,1,,1:3777,1,pre1_or_1_deferred
sequester,sequester,word,隔離する,隔離する,exam,3,1,1,,1:2342,1,pre1_or_1_deferred
serendipity,serendipity,word,思わぬ物を偶然に発見すること,思わぬ物を偶然に発見すること,exam,3,1,1,,1:3870,1,pre1_or_1_deferred
serpent,serpent,word,蛇，蛇のような人,蛇，蛇のような人,exam,3,1,1,,1:1608,1,pre1_or_1_deferred
serrated,serrated,word,ギザギザの，鋸状の,ギザギザの，鋸状の,exam,3,1,1,,1:4159,1,pre1_or_1_deferred
serum,serum,word,リンパ液，血清,リンパ液，血清,exam,3,1,1,,1:3005,1,pre1_or_1_deferred
serviceman,serviceman,word,軍人,軍人,exam,3,1,1,,1:3670,1,pre1_or_1_deferred
servile,servile,word,奴隷の,奴隷の,exam,3,1,1,,1:3928,1,pre1_or_1_deferred
sewerage,sewerage,word,下水,下水,exam,3,1,1,,1:3098,1,pre1_or_1_deferred
sexist,sexist,word,男女差別主義者，男女間で不平等を支持する人，性差別主義者,男女差別主義者，男女間で不平等を支持する人，性差別主義者,exam,3,1,1,,1:1665,1,pre1_or_1_deferred
sexuality,sexuality,word,性的関心,性的関心,exam,3,1,1,,1:168,1,pre1_or_1_deferred
shackle,shackle,word,手錠，手枷,手錠，手枷,exam,3,1,1,,1:960,1,pre1_or_1_deferred
shaggy,shaggy,word,毛深い，毛むくじゃらの,毛深い，毛むくじゃらの,exam,3,1,1,,1:550,1,pre1_or_1_deferred
sham,sham,word,見せかけ，仮装,見せかけ，仮装,exam,3,1,1,,1:1766,1,pre1_or_1_deferred
shank,shank,word,すね,すね,exam,3,1,1,,1:3812,1,pre1_or_1_deferred
shard,shard,word,破片,破片,exam,3,1,1,,1:2907,1,pre1_or_1_deferred
shear,shear,word,刈り取る，収穫する,刈り取る，収穫する,exam,3,1,1,,1:834,1,pre1_or_1_deferred
sheath,sheath,word,鞘,鞘,exam,3,1,1,,1:2805,1,pre1_or_1_deferred
sheen,sheen,word,光沢，輝き,光沢，輝き,exam,3,1,1,,1:1029,1,pre1_or_1_deferred
sheepishly,sheepishly,word,気弱な手段で,気弱な手段で,exam,3,1,1,,1:4033,1,pre1_or_1_deferred
shin,shin,word,すね,すね,exam,3,1,1,,1:2800,1,pre1_or_1_deferred
shingle,shingle,word,こけら板，屋根板,こけら板，屋根板,exam,3,1,1,,1:3918,1,pre1_or_1_deferred
shitty,shitty,word,くだらない，ばかばかしい,くだらない，ばかばかしい,exam,3,1,1,,1:1266,1,pre1_or_1_deferred
shoal,shoal,word,浅瀬,浅瀬,exam,3,1,1,,1:2826,1,pre1_or_1_deferred
shoddy,shoddy,word,見掛け倒しの,見掛け倒しの,exam,3,1,1,,1:2003,1,pre1_or_1_deferred
shortfall,shortfall,word,不足，足りないこと,不足，足りないこと,exam,3,1,1,,1:1702,1,pre1_or_1_deferred
shrivel,shrivel,word,萎ませる,萎ませる,exam,3,1,1,,1:3550,1,pre1_or_1_deferred
shroud,shroud,word,経帷子，覆い,経帷子，覆い,exam,3,1,1,,1:3617,1,pre1_or_1_deferred
sidekick,sidekick,word,相棒,相棒,exam,3,1,1,,1:3774,1,pre1_or_1_deferred
sieve,sieve,word,ふるい,ふるい,exam,3,1,1,,1:2840,1,pre1_or_1_deferred
sinew,sinew,word,腱，筋,腱，筋,exam,3,1,1,,1:3653,1,pre1_or_1_deferred
sinful,sinful,word,罪深い，悪い,罪深い，悪い,exam,3,1,1,,1:109,1,pre1_or_1_deferred
sinus,sinus,word,湾曲，曲がっていること,湾曲，曲がっていること,exam,3,1,1,,1:1713,1,pre1_or_1_deferred
sire,sire,word,雄親，父親,雄親，父親,exam,3,1,1,,1:1195,1,pre1_or_1_deferred
skew,skew,word,斜めの，傾いた,斜めの，傾いた,exam,3,1,1,,1:918,1,pre1_or_1_deferred
skirmish,skirmish,word,小競り合い，小さな争いや戦い,小競り合い，小さな争いや戦い,exam,3,1,1,,1:1722,1,pre1_or_1_deferred
slacken,slacken,word,速度を落とす,速度を落とす,exam,3,1,1,,1:2725,1,pre1_or_1_deferred
slander,slander,word,中傷,中傷,exam,3,1,1,,1:2821,1,pre1_or_1_deferred
slapstick,slapstick,word,ドタバタ喜劇,ドタバタ喜劇,exam,3,1,1,,1:2878,1,pre1_or_1_deferred
sleazy,sleazy,word,低級な，薄っぺらな，下品な,低級な，薄っぺらな，下品な,exam,3,1,1,,1:1382,1,pre1_or_1_deferred
sleek,sleek,word,滑らかな，艶やかな,滑らかな，艶やかな,exam,3,1,1,,1:1335,1,pre1_or_1_deferred
sleigh,sleigh,word,そり,そり,exam,3,1,1,,1:3082,1,pre1_or_1_deferred
slick,slick,word,滑らかな，艶やかな，平滑な,滑らかな，艶やかな，平滑な,exam,3,1,1,,1:1800,1,pre1_or_1_deferred
slither,slither,word,するする滑る,するする滑る,exam,3,1,1,,1:3476,1,pre1_or_1_deferred
slouch,slouch,word,前かがみ，前を向く,前かがみ，前を向く,exam,3,1,1,,1:1039,1,pre1_or_1_deferred
slough,slough,word,ぬかるみ,ぬかるみ,exam,3,1,1,,1:2775,1,pre1_or_1_deferred
slovenly,slovenly,word,だらしない,だらしない,exam,3,1,1,,1:3033,1,pre1_or_1_deferred
sludge,sludge,word,汚泥，泥沼,汚泥，泥沼,exam,3,1,1,,1:1823,1,pre1_or_1_deferred
sluice,sluice,word,水門,水門,exam,3,1,1,,1:3007,1,pre1_or_1_deferred
smack,smack,word,ピシャリと打つこと，風味,ピシャリと打つこと，風味,exam,3,1,1,,1:2917,1,pre1_or_1_deferred
smallpox,smallpox,word,天然痘,天然痘,exam,3,1,1,,1:3036,1,pre1_or_1_deferred
smear,smear,word,塗る，塗布する,塗る，塗布する,exam,3,1,1,,1:234,1,pre1_or_1_deferred
smirk,smirk,word,にやにや笑う，微笑む,にやにや笑う，微笑む,exam,3,1,1,,1:1092,1,pre1_or_1_deferred
smite,smite,word,強打する，激打する，ぶん殴る,強打する，激打する，ぶん殴る,exam,3,1,1,,1:1792,1,pre1_or_1_deferred
smolder,smolder,word,燻る,燻る,exam,3,1,1,,1:3526,1,pre1_or_1_deferred
smother,smother,word,窒息させる，息を止める,窒息させる，息を止める,exam,3,1,1,,1:1832,1,pre1_or_1_deferred
smug,smug,word,独り善がり,独り善がり,exam,3,1,1,,1:2170,1,pre1_or_1_deferred
smuggler,smuggler,word,密輸業者，密輸人，運び屋,密輸業者，密輸人，運び屋,exam,3,1,1,,1:1916,1,pre1_or_1_deferred
snag,snag,word,突起，隆起,突起，隆起,exam,3,1,1,,1:1121,1,pre1_or_1_deferred
snarl,snarl,word,唸る，吠る,唸る，吠る,exam,3,1,1,,1:1238,1,pre1_or_1_deferred
snip,snip,word,はさみで切る,はさみで切る,exam,3,1,1,,1:2377,1,pre1_or_1_deferred
snippet,snippet,word,切れ端,切れ端,exam,3,1,1,,1:4045,1,pre1_or_1_deferred
soaring,soaring,word,舞い上がる,舞い上がる,exam,3,1,1,,1:2124,1,pre1_or_1_deferred
sod,sod,word,芝,芝,exam,3,1,1,,1:3893,1,pre1_or_1_deferred
soggy,soggy,word,水浸しの,水浸しの,exam,3,1,1,,1:2830,1,pre1_or_1_deferred
sojourn,sojourn,word,短期滞在する,短期滞在する,exam,3,1,1,,1:3395,1,pre1_or_1_deferred
solace,solace,word,慰め，安堵,慰め，安堵,exam,3,1,1,,1:1819,1,pre1_or_1_deferred
solemn,solemn,word,厳粛な，真剣な,厳粛な，真剣な,exam,3,1,1,,1:1404,1,pre1_or_1_deferred
solemnity,solemnity,word,厳粛，荘重,厳粛，荘重,exam,3,1,1,,1:4085,1,pre1_or_1_deferred
solstice,solstice,word,至点,至点,exam,3,1,1,,1:3743,1,pre1_or_1_deferred
solvent,solvent,word,溶媒，溶剤,溶媒，溶剤,exam,3,1,1,,1:2939,1,pre1_or_1_deferred
somber,somber,word,憂鬱な,憂鬱な,exam,3,1,1,,1:2952,1,pre1_or_1_deferred
sonic,sonic,word,音の,音の,exam,3,1,1,,1:2965,1,pre1_or_1_deferred
soothing,soothing,word,和らげる，軽減する,和らげる，軽減する,exam,3,1,1,,1:659,1,pre1_or_1_deferred
sorcerer,sorcerer,word,魔術師,魔術師,exam,3,1,1,,1:3089,1,pre1_or_1_deferred
sordid,sordid,word,むさ苦しい,むさ苦しい,exam,3,1,1,,1:2096,1,pre1_or_1_deferred
sorely,sorely,word,ひどく，非常に,ひどく，非常に,exam,3,1,1,,1:886,1,pre1_or_1_deferred
sortie,sortie,word,出撃,出撃,exam,3,1,1,,1:3069,1,pre1_or_1_deferred
sparse,sparse,word,希薄な,希薄な,exam,3,1,1,,1:2043,1,pre1_or_1_deferred
spasm,spasm,word,けいれん,けいれん,exam,3,1,1,,1:3958,1,pre1_or_1_deferred
spate,spate,word,多数，大部分，大勢,多数，大部分，大勢,exam,3,1,1,,1:1625,1,pre1_or_1_deferred
spatula,spatula,word,へら,へら,exam,3,1,1,,1:3663,1,pre1_or_1_deferred
spearhead,spearhead,word,先陣,先陣,exam,3,1,1,,1:3633,1,pre1_or_1_deferred
specious,specious,word,見掛け倒しの，尤もらしい,見掛け倒しの，尤もらしい,exam,3,1,1,,1:2804,1,pre1_or_1_deferred
speck,speck,word,斑点,斑点,exam,3,1,1,,1:2133,1,pre1_or_1_deferred
specter,specter,word,妖怪，妖精,妖怪，妖精,exam,3,1,1,,1:1017,1,pre1_or_1_deferred
speculative,speculative,word,思索的な，考察的な，思考に関する,思索的な，考察的な，思考に関する,exam,3,1,1,,1:1471,1,pre1_or_1_deferred
spire,spire,word,尖塔,尖塔,exam,3,1,1,,1:3028,1,pre1_or_1_deferred
splice,splice,word,組み継ぎする，繋ぐ，接合する,組み継ぎする，繋ぐ，接合する,exam,3,1,1,,1:1780,1,pre1_or_1_deferred
spontaneously,spontaneously,word,自発的に,自発的に,exam,3,1,1,,1:2121,1,pre1_or_1_deferred
spooky,spooky,word,不気味な，怖い,不気味な，怖い,exam,3,1,1,,1:1566,1,pre1_or_1_deferred
sporadic,sporadic,word,散発的な,散発的な,exam,3,1,1,,1:2057,1,pre1_or_1_deferred
spore,spore,word,胞子,胞子,exam,3,1,1,,1:2856,1,pre1_or_1_deferred
spree,spree,word,酒宴,酒宴,exam,3,1,1,,1:2135,1,pre1_or_1_deferred
sprig,sprig,word,小枝,小枝,exam,3,1,1,,1:2790,1,pre1_or_1_deferred
sprightly,sprightly,word,快活な,快活な,exam,3,1,1,,1:2916,1,pre1_or_1_deferred
sprite,sprite,word,妖精,妖精,exam,3,1,1,,1:2909,1,pre1_or_1_deferred
spruce,spruce,word,気の利いた,気の利いた,exam,3,1,1,,1:2977,1,pre1_or_1_deferred
spurious,spurious,word,偽の,偽の,exam,3,1,1,,1:2958,1,pre1_or_1_deferred
spurn,spurn,word,追い払う，排除する，締め出す,追い払う，排除する，締め出す,exam,3,1,1,,1:1926,1,pre1_or_1_deferred
sputter,sputter,word,唾を飛ばして喋る,唾を飛ばして喋る,exam,3,1,1,,1:3347,1,pre1_or_1_deferred
squabble,squabble,word,つまらない口論,つまらない口論,exam,3,1,1,,1:2181,1,pre1_or_1_deferred
squadron,squadron,word,戦隊，部隊,戦隊，部隊,exam,3,1,1,,1:1164,1,pre1_or_1_deferred
squalid,squalid,word,むさ苦しい,むさ苦しい,exam,3,1,1,,1:3891,1,pre1_or_1_deferred
squalor,squalor,word,不潔，汚さ,不潔，汚さ,exam,3,1,1,,1:220,1,pre1_or_1_deferred
squander,squander,word,浪費する，無駄遣いする，散財する,浪費する，無駄遣いする，散財する,exam,3,1,1,,1:1788,1,pre1_or_1_deferred
squeal,squeal,word,悲鳴を上げる,悲鳴を上げる,exam,3,1,1,,1:1215,1,pre1_or_1_deferred
squint,squint,word,斜視,斜視,exam,3,1,1,,1:2230,1,pre1_or_1_deferred
squirm,squirm,word,身もだえる,身もだえる,exam,3,1,1,,1:2704,1,pre1_or_1_deferred
squirt,squirt,word,噴出する,噴出する,exam,3,1,1,,1:2432,1,pre1_or_1_deferred
staggering,staggering,word,千鳥足の，ふらふらの,千鳥足の，ふらふらの,exam,3,1,1,,1:1315,1,pre1_or_1_deferred
stagnation,stagnation,word,停滞，滞止,停滞，滞止,exam,3,1,1,,1:1150,1,pre1_or_1_deferred
stained,stained,word,汚れた,汚れた,exam,3,1,1,,1:2274,1,pre1_or_1_deferred
stalemate,stalemate,word,行き詰まり,行き詰まり,exam,3,1,1,,1:2047,1,pre1_or_1_deferred
stallion,stallion,word,種馬,種馬,exam,3,1,1,,1:2824,1,pre1_or_1_deferred
stalwart,stalwart,word,堅固な,堅固な,exam,3,1,1,,1:2000,1,pre1_or_1_deferred
starch,starch,word,でんぷん,でんぷん,exam,3,1,1,,1:3905,1,pre1_or_1_deferred
stark,stark,word,正真正銘の，純粋な,正真正銘の，純粋な,exam,3,1,1,,1:5,1,pre1_or_1_deferred
startling,startling,word,驚くべき，驚異的な,驚くべき，驚異的な,exam,3,1,1,,1:727,1,pre1_or_1_deferred
stash,stash,word,隠しておく，秘密にする,隠しておく，秘密にする,exam,3,1,1,,1:900,1,pre1_or_1_deferred
stately,stately,word,風格のある,風格のある,exam,3,1,1,,1:2002,1,pre1_or_1_deferred
statistic,statistic,word,統計，統計学,統計，統計学,exam,3,1,1,,1:693,1,pre1_or_1_deferred
statutory,statutory,word,法定の，法的な,法定の，法的な,exam,3,1,1,,1:800,1,pre1_or_1_deferred
staunch,staunch,word,堅い，堅固な,堅い，堅固な,exam,3,1,1,,1:263,1,pre1_or_1_deferred
stead,stead,word,代わり,代わり,exam,3,1,1,,1:3718,1,pre1_or_1_deferred
stealth,stealth,word,内密，秘密,内密，秘密,exam,3,1,1,,1:1160,1,pre1_or_1_deferred
stellar,stellar,word,星の,星の,exam,3,1,1,,1:2066,1,pre1_or_1_deferred
stench,stench,word,悪臭,悪臭,exam,3,1,1,,1:2774,1,pre1_or_1_deferred
stenographer,stenographer,word,速記者,速記者,exam,3,1,1,,1:2966,1,pre1_or_1_deferred
sterilize,sterilize,word,殺菌する,殺菌する,exam,3,1,1,,1:2727,1,pre1_or_1_deferred
stigma,stigma,word,汚名,汚名,exam,3,1,1,,1:2243,1,pre1_or_1_deferred
stigmatize,stigmatize,word,汚名を着せる,汚名を着せる,exam,3,1,1,,1:3213,1,pre1_or_1_deferred
stingy,stingy,word,けちな，節約好きの,けちな，節約好きの,exam,3,1,1,,1:787,1,pre1_or_1_deferred
stint,stint,word,切り詰める，節約する,切り詰める，節約する,exam,3,1,1,,1:1870,1,pre1_or_1_deferred
stockpile,stockpile,word,備蓄，保存物,備蓄，保存物,exam,3,1,1,,1:1224,1,pre1_or_1_deferred
stoke,stoke,word,燃料をくべる，火力を増す,燃料をくべる，火力を増す,exam,3,1,1,,1:1843,1,pre1_or_1_deferred
stow,stow,word,詰め込む,詰め込む,exam,3,1,1,,1:2455,1,pre1_or_1_deferred
stratum,stratum,word,地層,地層,exam,3,1,1,,1:3095,1,pre1_or_1_deferred
strenuous,strenuous,word,努力を要する，骨の折れる,努力を要する，骨の折れる,exam,3,1,1,,1:717,1,pre1_or_1_deferred
strew,strew,word,ばらまく，散布する，拡散する,ばらまく，散布する，拡散する,exam,3,1,1,,1:1805,1,pre1_or_1_deferred
stricture,stricture,word,非難,非難,exam,3,1,1,,1:2893,1,pre1_or_1_deferred
strident,strident,word,かん高い,かん高い,exam,3,1,1,,1:2149,1,pre1_or_1_deferred
stringent,stringent,word,厳格な,厳格な,exam,3,1,1,,1:2188,1,pre1_or_1_deferred
stronghold,stronghold,word,拠点，基地,拠点，基地,exam,3,1,1,,1:1206,1,pre1_or_1_deferred
stub,stub,word,使い残り，残り物,使い残り，残り物,exam,3,1,1,,1:620,1,pre1_or_1_deferred
stubble,stubble,word,無精ひげ,無精ひげ,exam,3,1,1,,1:3116,1,pre1_or_1_deferred
stud,stud,word,種馬，繁殖馬,種馬，繁殖馬,exam,3,1,1,,1:1101,1,pre1_or_1_deferred
stuffed,stuffed,word,詰め込んだ，充填した,詰め込んだ，充填した,exam,3,1,1,,1:798,1,pre1_or_1_deferred
stunned,stunned,word,驚いた，びっくりした,驚いた，びっくりした,exam,3,1,1,,1:1596,1,pre1_or_1_deferred
stunning,stunning,word,驚くような，驚異的な,驚くような，驚異的な,exam,3,1,1,,1:603,1,pre1_or_1_deferred
stunt,stunt,word,発育を妨げる，成長を阻害する,発育を妨げる，成長を阻害する,exam,3,1,1,,1:1934,1,pre1_or_1_deferred
stupendous,stupendous,word,途方もない,途方もない,exam,3,1,1,,1:3359,1,pre1_or_1_deferred
stupor,stupor,word,昏迷,昏迷,exam,3,1,1,,1:3101,1,pre1_or_1_deferred
stutter,stutter,word,口ごもる，話すのをためらう，言葉に詰まる,口ごもる，話すのをためらう，言葉に詰まる,exam,3,1,1,,1:1670,1,pre1_or_1_deferred
stymie,stymie,word,妨害する，阻止する,妨害する，阻止する,exam,3,1,1,,1:4200,1,pre1_or_1_deferred
subdivision,subdivision,word,細分化，分割,細分化，分割,exam,3,1,1,,1:790,1,pre1_or_1_deferred
subjugate,subjugate,word,征服する,征服する,exam,3,1,1,,1:2504,1,pre1_or_1_deferred
submissive,submissive,word,従順な,従順な,exam,3,1,1,,1:3631,1,pre1_or_1_deferred
subservient,subservient,word,役立って，へつらって,役立って，へつらって,exam,3,1,1,,1:3992,1,pre1_or_1_deferred
subsistence,subsistence,word,生計,生計,exam,3,1,1,,1:3079,1,pre1_or_1_deferred
substantive,substantive,word,実質的な，具体的な,実質的な，具体的な,exam,3,1,1,,1:638,1,pre1_or_1_deferred
subterranean,subterranean,word,地下の,地下の,exam,3,1,1,,1:3467,1,pre1_or_1_deferred
subversive,subversive,word,破壊する，壊す,破壊する，壊す,exam,3,1,1,,1:1836,1,pre1_or_1_deferred
subvert,subvert,word,覆す，覆い隠す，逆転させる,覆す，覆い隠す，逆転させる,exam,3,1,1,,1:1661,1,pre1_or_1_deferred
successive,successive,word,連続する，続ける，つづく,連続する，続ける，つづく,exam,3,1,1,,1:328,1,pre1_or_1_deferred
succinct,succinct,word,簡潔な,簡潔な,exam,3,1,1,,1:3486,1,pre1_or_1_deferred
succulent,succulent,word,多液の,多液の,exam,3,1,1,,1:3433,1,pre1_or_1_deferred
succumb,succumb,word,屈する，服する,屈する，服する,exam,3,1,1,,1:1030,1,pre1_or_1_deferred
suffrage,suffrage,word,投票，参政権,投票，参政権,exam,3,1,1,,1:4017,1,pre1_or_1_deferred
suitor,suitor,word,求婚者，プロポーザルする人,求婚者，プロポーザルする人,exam,3,1,1,,1:544,1,pre1_or_1_deferred
sulk,sulk,word,拗ねる,拗ねる,exam,3,1,1,,1:3567,1,pre1_or_1_deferred
sully,sully,word,汚す，名誉を傷つける,汚す，名誉を傷つける,exam,3,1,1,,1:4148,1,pre1_or_1_deferred
sultry,sultry,word,蒸し暑い,蒸し暑い,exam,3,1,1,,1:3791,1,pre1_or_1_deferred
sumptuous,sumptuous,word,贅沢な，豪華な，高級な,贅沢な，豪華な，高級な,exam,3,1,1,,1:1593,1,pre1_or_1_deferred
sunburn,sunburn,word,日焼け，日焼け跡,日焼け，日焼け跡,exam,3,1,1,,1:533,1,pre1_or_1_deferred
sundry,sundry,word,雑多な,雑多な,exam,3,1,1,,1:3455,1,pre1_or_1_deferred
superfluous,superfluous,word,余計な，過剰な,余計な，過剰な,exam,3,1,1,,1:822,1,pre1_or_1_deferred
superimpose,superimpose,word,重ね合わせる,重ね合わせる,exam,3,1,1,,1:2340,1,pre1_or_1_deferred
supernova,supernova,word,超新星,超新星,exam,3,1,1,,1:2299,1,pre1_or_1_deferred
supersede,supersede,word,取って代わる,取って代わる,exam,3,1,1,,1:2671,1,pre1_or_1_deferred
supplant,supplant,word,取って代わる，置き換える,取って代わる，置き換える,exam,3,1,1,,1:242,1,pre1_or_1_deferred
supple,supple,word,柔軟な,柔軟な,exam,3,1,1,,1:2039,1,pre1_or_1_deferred
surcharge,surcharge,word,追加料金，追加費用,追加料金，追加費用,exam,3,1,1,,1:1107,1,pre1_or_1_deferred
surly,surly,word,不機嫌な,不機嫌な,exam,3,1,1,,1:3469,1,pre1_or_1_deferred
surreptitious,surreptitious,word,秘密裏の，ひそかな,秘密裏の，ひそかな,exam,3,1,1,,1:4171,1,pre1_or_1_deferred
surrogate,surrogate,word,代理人,代理人,exam,3,1,1,,1:1967,1,pre1_or_1_deferred
susceptibility,susceptibility,word,感受性,感受性,exam,3,1,1,,1:2901,1,pre1_or_1_deferred
suspense,suspense,word,不確かな状態,不確かな状態,exam,3,1,1,,1:2244,1,pre1_or_1_deferred
sustenance,sustenance,word,食糧，食料,食糧，食料,exam,3,1,1,,1:227,1,pre1_or_1_deferred
swagger,swagger,word,いばって歩く，得意げに歩く,いばって歩く，得意げに歩く,exam,3,1,1,,1:1134,1,pre1_or_1_deferred
swindle,swindle,word,騙す,騙す,exam,3,1,1,,1:2324,1,pre1_or_1_deferred
swine,swine,word,豚,豚,exam,3,1,1,,1:2872,1,pre1_or_1_deferred
swollen,swollen,word,腫れた,腫れた,exam,3,1,1,,1:2281,1,pre1_or_1_deferred
swoon,swoon,word,気絶，失神,気絶，失神,exam,3,1,1,,1:987,1,pre1_or_1_deferred
sycophantic,sycophantic,word,おべっか使いの，ごますりの,おべっか使いの，ごますりの,exam,3,1,1,,1:4212,1,pre1_or_1_deferred
syndicate,syndicate,word,企業連合,企業連合,exam,3,1,1,,1:2884,1,pre1_or_1_deferred
synonymous,synonymous,word,同義の,同義の,exam,3,1,1,,1:2056,1,pre1_or_1_deferred
synopsis,synopsis,word,あらすじ,あらすじ,exam,3,1,1,,1:3038,1,pre1_or_1_deferred
syntax,syntax,word,構文,構文,exam,3,1,1,,1:3065,1,pre1_or_1_deferred
synthesis,synthesis,word,統合，統一,統合，統一,exam,3,1,1,,1:348,1,pre1_or_1_deferred
syringe,syringe,word,注射器,注射器,exam,3,1,1,,1:3114,1,pre1_or_1_deferred
tableau,tableau,word,心を打つ描写,心を打つ描写,exam,3,1,1,,1:3100,1,pre1_or_1_deferred
tacit,tacit,word,暗黙の，言わずと知れた,暗黙の，言わずと知れた,exam,3,1,1,,1:414,1,pre1_or_1_deferred
taciturn,taciturn,word,無口の,無口の,exam,3,1,1,,1:3942,1,pre1_or_1_deferred
tacky,tacky,word,べとついた,べとついた,exam,3,1,1,,1:3947,1,pre1_or_1_deferred
tactful,tactful,word,機転の利く,機転の利く,exam,3,1,1,,1:4044,1,pre1_or_1_deferred
tactile,tactile,word,触角の,触角の,exam,3,1,1,,1:3971,1,pre1_or_1_deferred
tad,tad,word,ちびっ子，子供,ちびっ子，子供,exam,3,1,1,,1:1022,1,pre1_or_1_deferred
talisman,talisman,word,お守り,お守り,exam,3,1,1,,1:3748,1,pre1_or_1_deferred
tally,tally,word,集計,集計,exam,3,1,1,,1:2287,1,pre1_or_1_deferred
talon,talon,word,爪,爪,exam,3,1,1,,1:2842,1,pre1_or_1_deferred
tamper,tamper,word,改ざんする，偽装する,改ざんする，偽装する,exam,3,1,1,,1:1641,1,pre1_or_1_deferred
tandem,tandem,word,縦に並んで,縦に並んで,exam,3,1,1,,1:3041,1,pre1_or_1_deferred
tang,tang,word,ぴりっとした味,ぴりっとした味,exam,3,1,1,,1:3025,1,pre1_or_1_deferred
tangled,tangled,word,もつれた,もつれた,exam,3,1,1,,1:2130,1,pre1_or_1_deferred
tantalize,tantalize,word,じらす,じらす,exam,3,1,1,,1:2675,1,pre1_or_1_deferred
tantalizing,tantalizing,word,じれったい，もどかしい,じれったい，もどかしい,exam,3,1,1,,1:2091,1,pre1_or_1_deferred
tantamount,tantamount,word,同等の，等価の,同等の，等価の,exam,3,1,1,,1:4188,1,pre1_or_1_deferred
tantrum,tantrum,word,かんしゃく,かんしゃく,exam,3,1,1,,1:2819,1,pre1_or_1_deferred
tardy,tardy,word,遅れた,遅れた,exam,3,1,1,,1:3329,1,pre1_or_1_deferred
tarnish,tarnish,word,曇らせる，濁らせる,曇らせる，濁らせる,exam,3,1,1,,1:1761,1,pre1_or_1_deferred
tarp,tarp,word,防水シート,防水シート,exam,3,1,1,,1:2138,1,pre1_or_1_deferred
taunt,taunt,word,罵倒する，侮辱する,罵倒する，侮辱する,exam,3,1,1,,1:1854,1,pre1_or_1_deferred
taut,taut,word,ぴんと張ってある,ぴんと張ってある,exam,3,1,1,,1:2064,1,pre1_or_1_deferred
tawdry,tawdry,word,安っぽい，安易な,安っぽい，安易な,exam,3,1,1,,1:1369,1,pre1_or_1_deferred
teem,teem,word,群がる，集まる,群がる，集まる,exam,3,1,1,,1:1872,1,pre1_or_1_deferred
teeter,teeter,word,ぶらぶらする,ぶらぶらする,exam,3,1,1,,1:3295,1,pre1_or_1_deferred
tempestuous,tempestuous,word,大嵐の，激しい,大嵐の，激しい,exam,3,1,1,,1:3802,1,pre1_or_1_deferred
tenacious,tenacious,word,粘り強い,粘り強い,exam,3,1,1,,1:2292,1,pre1_or_1_deferred
tenancy,tenancy,word,借地権,借地権,exam,3,1,1,,1:2921,1,pre1_or_1_deferred
tenement,tenement,word,長屋,長屋,exam,3,1,1,,1:2832,1,pre1_or_1_deferred
tenet,tenet,word,主義,主義,exam,3,1,1,,1:2226,1,pre1_or_1_deferred
tenor,tenor,word,進路，趣旨,進路，趣旨,exam,3,1,1,,1:1128,1,pre1_or_1_deferred
tense,tense,word,時制，時間体系,時制，時間体系,exam,3,1,1,,1:1139,1,pre1_or_1_deferred
tentacle,tentacle,word,触手,触手,exam,3,1,1,,1:3013,1,pre1_or_1_deferred
tenuous,tenuous,word,薄い,薄い,exam,3,1,1,,1:2046,1,pre1_or_1_deferred
tenure,tenure,word,任期，期間,任期，期間,exam,3,1,1,,1:690,1,pre1_or_1_deferred
tepid,tepid,word,生ぬるい,生ぬるい,exam,3,1,1,,1:1972,1,pre1_or_1_deferred
terminology,terminology,word,用語，専門用語,用語，専門用語,exam,3,1,1,,1:538,1,pre1_or_1_deferred
terrestrial,terrestrial,word,地球上の，地上の,地球上の，地上の,exam,3,1,1,,1:1370,1,pre1_or_1_deferred
terse,terse,word,簡潔な,簡潔な,exam,3,1,1,,1:2213,1,pre1_or_1_deferred
testimonial,testimonial,word,証明書，表彰状，認定書,証明書，表彰状，認定書,exam,3,1,1,,1:948,1,pre1_or_1_deferred
tetanus,tetanus,word,破傷風,破傷風,exam,3,1,1,,1:3981,1,pre1_or_1_deferred
tether,tether,word,綱,綱,exam,3,1,1,,1:2885,1,pre1_or_1_deferred
textual,textual,word,本文の，正文の，原本の,本文の，正文の，原本の,exam,3,1,1,,1:1334,1,pre1_or_1_deferred
thatch,thatch,word,わら,わら,exam,3,1,1,,1:2827,1,pre1_or_1_deferred
thee,thee,word,汝を，あなたを,汝を，あなたを,exam,3,1,1,,1:619,1,pre1_or_1_deferred
therein,therein,word,その中に，内部に,その中に，内部に,exam,3,1,1,,1:1305,1,pre1_or_1_deferred
thesaurus,thesaurus,word,知識の宝庫,知識の宝庫,exam,3,1,1,,1:3060,1,pre1_or_1_deferred
thimble,thimble,word,指ぬき,指ぬき,exam,3,1,1,,1:3021,1,pre1_or_1_deferred
thirst,thirst,word,渇き，のどの渇き,渇き，のどの渇き,exam,3,1,1,,1:2286,1,pre1_or_1_deferred
thoroughfare,thoroughfare,word,幹線道路,幹線道路,exam,3,1,1,,1:3111,1,pre1_or_1_deferred
thrash,thrash,word,打ち据える,打ち据える,exam,3,1,1,,1:2399,1,pre1_or_1_deferred
threadbare,threadbare,word,着古した,着古した,exam,3,1,1,,1:3848,1,pre1_or_1_deferred
thug,thug,word,刺客，暗殺者,刺客，暗殺者,exam,3,1,1,,1:1203,1,pre1_or_1_deferred
thwart,thwart,word,妨害する，阻止する,妨害する，阻止する,exam,3,1,1,,1:79,1,pre1_or_1_deferred
thyroid,thyroid,word,甲状腺，頸部の腺,甲状腺，頸部の腺,exam,3,1,1,,1:1218,1,pre1_or_1_deferred
tier,tier,word,段，階層,段，階層,exam,3,1,1,,1:2227,1,pre1_or_1_deferred
timidity,timidity,word,臆病，怯える,臆病，怯える,exam,3,1,1,,1:569,1,pre1_or_1_deferred
tinge,tinge,word,色合い,色合い,exam,3,1,1,,1:1990,1,pre1_or_1_deferred
tint,tint,word,色合い，色調,色合い，色調,exam,3,1,1,,1:881,1,pre1_or_1_deferred
toddler,toddler,word,幼児，小児,幼児，小児,exam,3,1,1,,1:866,1,pre1_or_1_deferred
tolerant,tolerant,word,寛容な，容認する,寛容な，容認する,exam,3,1,1,,1:196,1,pre1_or_1_deferred
topography,topography,word,地形学,地形学,exam,3,1,1,,1:2940,1,pre1_or_1_deferred
torment,torment,word,苦しめる,苦しめる,exam,3,1,1,,1:2389,1,pre1_or_1_deferred
torpedo,torpedo,word,魚雷,魚雷,exam,3,1,1,,1:3071,1,pre1_or_1_deferred
torpid,torpid,word,不活発な，鈍い,不活発な，鈍い,exam,3,1,1,,1:4116,1,pre1_or_1_deferred
torso,torso,word,胴体，胴部,胴体，胴部,exam,3,1,1,,1:1037,1,pre1_or_1_deferred
tort,tort,word,不法行為,不法行為,exam,3,1,1,,1:2914,1,pre1_or_1_deferred
totter,totter,word,よろめく,よろめく,exam,3,1,1,,1:2336,1,pre1_or_1_deferred
touchy,touchy,word,過敏な，敏感な,過敏な，敏感な,exam,3,1,1,,1:1512,1,pre1_or_1_deferred
tout,tout,word,うるさく勧誘する，しつこく誘う,うるさく勧誘する，しつこく誘う,exam,3,1,1,,1:1733,1,pre1_or_1_deferred
traction,traction,word,牽引，引っ張る,牽引，引っ張る,exam,3,1,1,,1:633,1,pre1_or_1_deferred
trajectory,trajectory,word,軌道,軌道,exam,3,1,1,,1:2104,1,pre1_or_1_deferred
trample,trample,word,踏み付ける,踏み付ける,exam,3,1,1,,1:2374,1,pre1_or_1_deferred
tranquilize,tranquilize,word,静める,静める,exam,3,1,1,,1:3141,1,pre1_or_1_deferred
transcendent,transcendent,word,卓越した,卓越した,exam,3,1,1,,1:4037,1,pre1_or_1_deferred
transcription,transcription,word,転写，写す,転写，写す,exam,3,1,1,,1:614,1,pre1_or_1_deferred
transgression,transgression,word,違反,違反,exam,3,1,1,,1:2886,1,pre1_or_1_deferred
transitory,transitory,word,一時的な,一時的な,exam,3,1,1,,1:3308,1,pre1_or_1_deferred
transmitter,transmitter,word,送信機,送信機,exam,3,1,1,,1:2134,1,pre1_or_1_deferred
transpire,transpire,word,蒸発する,蒸発する,exam,3,1,1,,1:2589,1,pre1_or_1_deferred
treachery,treachery,word,裏切り，背信,裏切り，背信,exam,3,1,1,,1:771,1,pre1_or_1_deferred
treadmill,treadmill,word,踏み車，ルームランナー,踏み車，ルームランナー,exam,3,1,1,,1:16,1,pre1_or_1_deferred
treason,treason,word,反逆，反乱,反逆，反乱,exam,3,1,1,,1:645,1,pre1_or_1_deferred
treasurer,treasurer,word,会計係,会計係,exam,3,1,1,,1:1978,1,pre1_or_1_deferred
treatise,treatise,word,論文，論説,論文，論説,exam,3,1,1,,1:722,1,pre1_or_1_deferred
tremor,tremor,word,震動,震動,exam,3,1,1,,1:2180,1,pre1_or_1_deferred
tremulous,tremulous,word,震えた,震えた,exam,3,1,1,,1:3492,1,pre1_or_1_deferred
trepidation,trepidation,word,恐れ，不安,恐れ，不安,exam,3,1,1,,1:4161,1,pre1_or_1_deferred
triad,triad,word,三人組,三人組,exam,3,1,1,,1:3642,1,pre1_or_1_deferred
trident,trident,word,三つ又の鉾,三つ又の鉾,exam,3,1,1,,1:3667,1,pre1_or_1_deferred
trilogy,trilogy,word,三部作，三連作,三部作，三連作,exam,3,1,1,,1:585,1,pre1_or_1_deferred
trinity,trinity,word,三位一体，三つ,三位一体，三つ,exam,3,1,1,,1:1489,1,pre1_or_1_deferred
tripod,tripod,word,三脚,三脚,exam,3,1,1,,1:4010,1,pre1_or_1_deferred
trite,trite,word,ありふれた,ありふれた,exam,3,1,1,,1:3536,1,pre1_or_1_deferred
trivia,trivia,word,些細な事,些細な事,exam,3,1,1,,1:2083,1,pre1_or_1_deferred
trough,trough,word,水桶,水桶,exam,3,1,1,,1:2855,1,pre1_or_1_deferred
truant,truant,word,不登校,不登校,exam,3,1,1,,1:3703,1,pre1_or_1_deferred
truce,truce,word,休戦,休戦,exam,3,1,1,,1:1964,1,pre1_or_1_deferred
trudge,trudge,word,とぼとぼ歩く，のろのろ歩く,とぼとぼ歩く，のろのろ歩く,exam,3,1,1,,1:1032,1,pre1_or_1_deferred
truncate,truncate,word,切り詰める，短縮する,切り詰める，短縮する,exam,3,1,1,,1:4061,1,pre1_or_1_deferred
tuberculosis,tuberculosis,word,結核，肺結核,結核，肺結核,exam,3,1,1,,1:1532,1,pre1_or_1_deferred
tuft,tuft,word,ふさ,ふさ,exam,3,1,1,,1:3925,1,pre1_or_1_deferred
tummy,tummy,word,おなか,おなか,exam,3,1,1,,1:2982,1,pre1_or_1_deferred
tumultuous,tumultuous,word,騒然とした,騒然とした,exam,3,1,1,,1:2110,1,pre1_or_1_deferred
turbulence,turbulence,word,乱気流，渦,乱気流，渦,exam,3,1,1,,1:589,1,pre1_or_1_deferred
turbulent,turbulent,word,荒れ狂った,荒れ狂った,exam,3,1,1,,1:2167,1,pre1_or_1_deferred
turnaround,turnaround,word,方向転換，方向変更,方向転換，方向変更,exam,3,1,1,,1:843,1,pre1_or_1_deferred
turnpike,turnpike,word,有料高速道路,有料高速道路,exam,3,1,1,,1:3039,1,pre1_or_1_deferred
twirl,twirl,word,くるくる回る,くるくる回る,exam,3,1,1,,1:2418,1,pre1_or_1_deferred
twitch,twitch,word,ぐいと引く，強く引っ張る,ぐいと引く，強く引っ張る,exam,3,1,1,,1:997,1,pre1_or_1_deferred
twitter,twitter,word,さえずる,さえずる,exam,3,1,1,,1:2630,1,pre1_or_1_deferred
tycoon,tycoon,word,大物,大物,exam,3,1,1,,1:3846,1,pre1_or_1_deferred
typhoid,typhoid,word,腸チフス,腸チフス,exam,3,1,1,,1:3113,1,pre1_or_1_deferred
tyrant,tyrant,word,暴君，専制君主,暴君，専制君主,exam,3,1,1,,1:1325,1,pre1_or_1_deferred
ubiquitous,ubiquitous,word,至る所に存在する，遍在する,至る所に存在する，遍在する,exam,3,1,1,,1:477,1,pre1_or_1_deferred
ulcer,ulcer,word,潰瘍，出来物,潰瘍，出来物,exam,3,1,1,,1:621,1,pre1_or_1_deferred
ulterior,ulterior,word,隠された,隠された,exam,3,1,1,,1:3754,1,pre1_or_1_deferred
ultimatum,ultimatum,word,最終通告,最終通告,exam,3,1,1,,1:2024,1,pre1_or_1_deferred
ultraviolet,ultraviolet,word,紫外線の，UVの,紫外線の，UVの,exam,3,1,1,,1:877,1,pre1_or_1_deferred
umbrage,umbrage,word,立腹，不機嫌,立腹，不機嫌,exam,3,1,1,,1:4189,1,pre1_or_1_deferred
unanimously,unanimously,word,全会一致で,全会一致で,exam,3,1,1,,1:2225,1,pre1_or_1_deferred
uncanny,uncanny,word,不気味な,不気味な,exam,3,1,1,,1:2174,1,pre1_or_1_deferred
unconventional,unconventional,word,型破りな，非凡な,型破りな，非凡な,exam,3,1,1,,1:1339,1,pre1_or_1_deferred
uncouth,uncouth,word,粗野な,粗野な,exam,3,1,1,,1:3378,1,pre1_or_1_deferred
unctuous,unctuous,word,へつらう，おせじの,へつらう，おせじの,exam,3,1,1,,1:4201,1,pre1_or_1_deferred
underhand,underhand,word,秘密の,秘密の,exam,3,1,1,,1:3872,1,pre1_or_1_deferred
underpin,underpin,word,下から支える,下から支える,exam,3,1,1,,1:3153,1,pre1_or_1_deferred
undue,undue,word,過度の,過度の,exam,3,1,1,,1:4028,1,pre1_or_1_deferred
unearth,unearth,word,発掘する，掘り出す，新たに見つけ出す,発掘する，掘り出す，新たに見つけ出す,exam,3,1,1,,1:1720,1,pre1_or_1_deferred
unequivocal,unequivocal,word,明確な,明確な,exam,3,1,1,,1:3354,1,pre1_or_1_deferred
unethical,unethical,word,非倫理的な，不道徳な,非倫理的な，不道徳な,exam,3,1,1,,1:434,1,pre1_or_1_deferred
unflappable,unflappable,word,動じない，冷静な,動じない，冷静な,exam,3,1,1,,1:4092,1,pre1_or_1_deferred
unfurl,unfurl,word,広げる,広げる,exam,3,1,1,,1:2476,1,pre1_or_1_deferred
unilateral,unilateral,word,片側の,片側の,exam,3,1,1,,1:2260,1,pre1_or_1_deferred
unintended,unintended,word,意図しない，計画しない,意図しない，計画しない,exam,3,1,1,,1:359,1,pre1_or_1_deferred
unison,unison,word,一致，合致,一致，合致,exam,3,1,1,,1:605,1,pre1_or_1_deferred
unkempt,unkempt,word,もじゃもじゃの,もじゃもじゃの,exam,3,1,1,,1:3183,1,pre1_or_1_deferred
unscathed,unscathed,word,無傷の,無傷の,exam,3,1,1,,1:3976,1,pre1_or_1_deferred
unscrupulous,unscrupulous,word,悪質な，実にひどい,悪質な，実にひどい,exam,3,1,1,,1:3435,1,pre1_or_1_deferred
untenable,untenable,word,耐えられない,耐えられない,exam,3,1,1,,1:4040,1,pre1_or_1_deferred
up-to-date,up-to-date,word,最新の,最新の,exam,3,1,1,,1:3547,1,pre1_or_1_deferred
upheaval,upheaval,word,隆起，突起,隆起，突起,exam,3,1,1,,1:1482,1,pre1_or_1_deferred
upholstery,upholstery,word,室内装飾,室内装飾,exam,3,1,1,,1:2986,1,pre1_or_1_deferred
upshot,upshot,word,結果,結果,exam,3,1,1,,1:3896,1,pre1_or_1_deferred
urbane,urbane,word,洗練された,洗練された,exam,3,1,1,,1:3707,1,pre1_or_1_deferred
urine,urine,word,尿，尿液,尿，尿液,exam,3,1,1,,1:874,1,pre1_or_1_deferred
urn,urn,word,骨壷,骨壷,exam,3,1,1,,1:3053,1,pre1_or_1_deferred
usher,usher,word,案内係，ガイド,案内係，ガイド,exam,3,1,1,,1:891,1,pre1_or_1_deferred
usurp,usurp,word,奪う,奪う,exam,3,1,1,,1:3276,1,pre1_or_1_deferred
uterus,uterus,word,子宮,子宮,exam,3,1,1,,1:3032,1,pre1_or_1_deferred
utilization,utilization,word,利用，使用,利用，使用,exam,3,1,1,,1:1285,1,pre1_or_1_deferred
vacillate,vacillate,word,ためらう，迷う,ためらう，迷う,exam,3,1,1,,1:4113,1,pre1_or_1_deferred
vacuous,vacuous,word,空虚な，中身のない,空虚な，中身のない,exam,3,1,1,,1:4058,1,pre1_or_1_deferred
vagabond,vagabond,word,放浪者,放浪者,exam,3,1,1,,1:3096,1,pre1_or_1_deferred
vainglorious,vainglorious,word,自己過剰な，うぬぼれの強い,自己過剰な，うぬぼれの強い,exam,3,1,1,,1:4220,1,pre1_or_1_deferred
vale,vale,word,谷,谷,exam,3,1,1,,1:3977,1,pre1_or_1_deferred
valet,valet,word,係員,係員,exam,3,1,1,,1:3622,1,pre1_or_1_deferred
valiant,valiant,word,勇敢な，勇ましい,勇敢な，勇ましい,exam,3,1,1,,1:3672,1,pre1_or_1_deferred
valor,valor,word,武勇,武勇,exam,3,1,1,,1:3615,1,pre1_or_1_deferred
vandalism,vandalism,word,破壊行為，破壊的な行い,破壊行為，破壊的な行い,exam,3,1,1,,1:1398,1,pre1_or_1_deferred
vanguard,vanguard,word,前衛，先駆者,前衛，先駆者,exam,3,1,1,,1:1308,1,pre1_or_1_deferred
vanquish,vanquish,word,征服する,征服する,exam,3,1,1,,1:3440,1,pre1_or_1_deferred
vantage,vantage,word,有利，得する,有利，得する,exam,3,1,1,,1:1601,1,pre1_or_1_deferred
vapid,vapid,word,抜けた，風味のない,抜けた，風味のない,exam,3,1,1,,1:4279,1,pre1_or_1_deferred
variegated,variegated,word,まだら模様の,まだら模様の,exam,3,1,1,,1:3852,1,pre1_or_1_deferred
varsity,varsity,word,代表，大学,代表，大学,exam,3,1,1,,1:2273,1,pre1_or_1_deferred
vascular,vascular,word,管の,管の,exam,3,1,1,,1:3305,1,pre1_or_1_deferred
vat,vat,word,おけ,おけ,exam,3,1,1,,1:3643,1,pre1_or_1_deferred
veal,veal,word,子牛の肉,子牛の肉,exam,3,1,1,,1:3781,1,pre1_or_1_deferred
vector,vector,word,ベクトル,ベクトル,exam,3,1,1,,1:2849,1,pre1_or_1_deferred
veer,veer,word,方向を変える,方向を変える,exam,3,1,1,,1:3464,1,pre1_or_1_deferred
vehement,vehement,word,猛烈な,猛烈な,exam,3,1,1,,1:3961,1,pre1_or_1_deferred
vehemently,vehemently,word,激しく，熱烈に,激しく，熱烈に,exam,3,1,1,,1:4162,1,pre1_or_1_deferred
venerable,venerable,word,由緒ある，歴史ある,由緒ある，歴史ある,exam,3,1,1,,1:535,1,pre1_or_1_deferred
venerate,venerate,word,崇拝する,崇拝する,exam,3,1,1,,1:3529,1,pre1_or_1_deferred
vengeance,vengeance,word,復讐，報復,復讐，報復,exam,3,1,1,,1:1292,1,pre1_or_1_deferred
venom,venom,word,毒,毒,exam,3,1,1,,1:2020,1,pre1_or_1_deferred
ventilation,ventilation,word,換気,換気,exam,3,1,1,,1:2062,1,pre1_or_1_deferred
veracity,veracity,word,真実，正直,真実，正直,exam,3,1,1,,1:4077,1,pre1_or_1_deferred
verbally,verbally,word,口頭で,口頭で,exam,3,1,1,,1:2165,1,pre1_or_1_deferred
verbose,verbose,word,冗長な，言葉遣いが多い,冗長な，言葉遣いが多い,exam,3,1,1,,1:4093,1,pre1_or_1_deferred
verification,verification,word,立証，証明,立証，証明,exam,3,1,1,,1:1541,1,pre1_or_1_deferred
veritable,veritable,word,真実の，本当の,真実の，本当の,exam,3,1,1,,1:2116,1,pre1_or_1_deferred
vernacular,vernacular,word,固有の，独自の，特有の,固有の，独自の，特有の,exam,3,1,1,,1:1431,1,pre1_or_1_deferred
versatile,versatile,word,多才な，多能な,多才な，多能な,exam,3,1,1,,1:283,1,pre1_or_1_deferred
vested,vested,word,既得の,既得の,exam,3,1,1,,1:3887,1,pre1_or_1_deferred
vestige,vestige,word,痕跡,痕跡,exam,3,1,1,,1:3675,1,pre1_or_1_deferred
vet,vet,word,獣医，動物医師,獣医，動物医師,exam,3,1,1,,1:1472,1,pre1_or_1_deferred
veterinarian,veterinarian,word,獣医,獣医,exam,3,1,1,,1:3006,1,pre1_or_1_deferred
veto,veto,word,拒否権，拒絶権,拒否権，拒絶権,exam,3,1,1,,1:742,1,pre1_or_1_deferred
vex,vex,word,困惑させる，いらいらさせる,困惑させる，いらいらさせる,exam,3,1,1,,1:4234,1,pre1_or_1_deferred
vexation,vexation,word,悔しさ，苛立ち,悔しさ，苛立ち,exam,3,1,1,,1:4110,1,pre1_or_1_deferred
vial,vial,word,ガラス瓶,ガラス瓶,exam,3,1,1,,1:1968,1,pre1_or_1_deferred
vicar,vicar,word,牧師，神父,牧師，神父,exam,3,1,1,,1:811,1,pre1_or_1_deferred
vicarious,vicarious,word,想像して感じた,想像して感じた,exam,3,1,1,,1:3660,1,pre1_or_1_deferred
vigil,vigil,word,寝ずの番,寝ずの番,exam,3,1,1,,1:2122,1,pre1_or_1_deferred
vigilant,vigilant,word,警戒した,警戒した,exam,3,1,1,,1:2053,1,pre1_or_1_deferred
vigilante,vigilante,word,自警団員,自警団員,exam,3,1,1,,1:3708,1,pre1_or_1_deferred
vignette,vignette,word,飾り模様,飾り模様,exam,3,1,1,,1:3623,1,pre1_or_1_deferred
vigorously,vigorously,word,精力的に，エネルギッシュに,精力的に，エネルギッシュに,exam,3,1,1,,1:880,1,pre1_or_1_deferred
vile,vile,word,下劣な，卑猥な,下劣な，卑猥な,exam,3,1,1,,1:1403,1,pre1_or_1_deferred
vindicate,vindicate,word,疑いを晴らす，疑念を取り除く,疑いを晴らす，疑念を取り除く,exam,3,1,1,,1:1053,1,pre1_or_1_deferred
vindication,vindication,word,弁護，防御，弁明,弁護，防御，弁明,exam,3,1,1,,1:1425,1,pre1_or_1_deferred
vindictive,vindictive,word,執念深い,執念深い,exam,3,1,1,,1:4052,1,pre1_or_1_deferred
virile,virile,word,男らしい,男らしい,exam,3,1,1,,1:3341,1,pre1_or_1_deferred
virtuoso,virtuoso,word,名人，達人,名人，達人,exam,3,1,1,,1:4079,1,pre1_or_1_deferred
visage,visage,word,顔,顔,exam,3,1,1,,1:3922,1,pre1_or_1_deferred
visceral,visceral,word,内臓の,内臓の,exam,3,1,1,,1:3285,1,pre1_or_1_deferred
vista,vista,word,眺望，景色,眺望，景色,exam,3,1,1,,1:590,1,pre1_or_1_deferred
vituperate,vituperate,word,激しく非難する，罵倒する,激しく非難する，罵倒する,exam,3,1,1,,1:4158,1,pre1_or_1_deferred
vivacious,vivacious,word,快活な,快活な,exam,3,1,1,,1:3688,1,pre1_or_1_deferred
vociferous,vociferous,word,騒々しい,騒々しい,exam,3,1,1,,1:3949,1,pre1_or_1_deferred
volatile,volatile,word,揮発性の，揮発する,揮発性の，揮発する,exam,3,1,1,,1:738,1,pre1_or_1_deferred
volatility,volatility,word,揮発性，揮発しやすい,揮発性，揮発しやすい,exam,3,1,1,,1:1423,1,pre1_or_1_deferred
volition,volition,word,意志,意志,exam,3,1,1,,1:3048,1,pre1_or_1_deferred
voluble,voluble,word,おしゃべりな,おしゃべりな,exam,3,1,1,,1:3197,1,pre1_or_1_deferred
voluptuous,voluptuous,word,官能的な,官能的な,exam,3,1,1,,1:3151,1,pre1_or_1_deferred
voracious,voracious,word,貪欲な，がつがつした,貪欲な，がつがつした,exam,3,1,1,,1:4269,1,pre1_or_1_deferred
vouch,vouch,word,保証する,保証する,exam,3,1,1,,1:2400,1,pre1_or_1_deferred
vulgarity,vulgarity,word,下品,下品,exam,3,1,1,,1:2944,1,pre1_or_1_deferred
wacky,wacky,word,突飛な,突飛な,exam,3,1,1,,1:3194,1,pre1_or_1_deferred
wad,wad,word,柔らかい塊,柔らかい塊,exam,3,1,1,,1:2949,1,pre1_or_1_deferred
waft,waft,word,漂わせる，ふわりと運ぶ,漂わせる，ふわりと運ぶ,exam,3,1,1,,1:2386,1,pre1_or_1_deferred
waiver,waiver,word,免除，除外,免除，除外,exam,3,1,1,,1:2016,1,pre1_or_1_deferred
wand,wand,word,杖,杖,exam,3,1,1,,1:2182,1,pre1_or_1_deferred
wane,wane,word,欠ける，不足している，欠損している,欠ける，不足している，欠損している,exam,3,1,1,,1:1658,1,pre1_or_1_deferred
wanton,wanton,word,理由のない，多情な,理由のない，多情な,exam,3,1,1,,1:3737,1,pre1_or_1_deferred
warble,warble,word,さえずる,さえずる,exam,3,1,1,,1:3149,1,pre1_or_1_deferred
warden,warden,word,監視員，見張り,監視員，見張り,exam,3,1,1,,1:870,1,pre1_or_1_deferred
warhead,warhead,word,弾頭，弾丸,弾頭，弾丸,exam,3,1,1,,1:1322,1,pre1_or_1_deferred
warren,warren,word,飼育場，飼育施設,飼育場，飼育施設,exam,3,1,1,,1:1564,1,pre1_or_1_deferred
wart,wart,word,いぼ,いぼ,exam,3,1,1,,1:3083,1,pre1_or_1_deferred
wartime,wartime,word,戦時，戦争時,戦時，戦争時,exam,3,1,1,,1:765,1,pre1_or_1_deferred
wary,wary,word,警戒している，注意している,警戒している，注意している,exam,3,1,1,,1:878,1,pre1_or_1_deferred
waterfall,waterfall,word,滝，瀑布,滝，瀑布,exam,3,1,1,,1:869,1,pre1_or_1_deferred
watershed,watershed,word,分水領，分岐点,分水領，分岐点,exam,3,1,1,,1:875,1,pre1_or_1_deferred
wavelength,wavelength,word,波長，波動の周期的な長さ,波長，波動の周期的な長さ,exam,3,1,1,,1:3838,1,pre1_or_1_deferred
wayward,wayward,word,わがままな,わがままな,exam,3,1,1,,1:2214,1,pre1_or_1_deferred
wean,wean,word,離乳させる,離乳させる,exam,3,1,1,,1:3549,1,pre1_or_1_deferred
wedge,wedge,word,くさび，楔形体,くさび，楔形体,exam,3,1,1,,1:235,1,pre1_or_1_deferred
wee,wee,word,ちっぽけな，小さい,ちっぽけな，小さい,exam,3,1,1,,1:1557,1,pre1_or_1_deferred
wellness,wellness,word,健康,健康,exam,3,1,1,,1:2306,1,pre1_or_1_deferred
welsh,welsh,word,踏み倒す,踏み倒す,exam,3,1,1,,1:2489,1,pre1_or_1_deferred
welter,welter,word,転がりまわる,転がりまわる,exam,3,1,1,,1:2686,1,pre1_or_1_deferred
whack,whack,word,打つ,打つ,exam,3,1,1,,1:1959,1,pre1_or_1_deferred
wharf,wharf,word,波止場，埠頭,波止場，埠頭,exam,3,1,1,,1:832,1,pre1_or_1_deferred
wheedle,wheedle,word,上手い言葉で誘う,上手い言葉で誘う,exam,3,1,1,,1:3201,1,pre1_or_1_deferred
wheeze,wheeze,word,息を切らす,息を切らす,exam,3,1,1,,1:3244,1,pre1_or_1_deferred
whereabouts,whereabouts,word,どの辺りに,どの辺りに,exam,3,1,1,,1:2048,1,pre1_or_1_deferred
whet,whet,word,研ぐ,研ぐ,exam,3,1,1,,1:2700,1,pre1_or_1_deferred
whiff,whiff,word,ほのかな匂い，薄い香り,ほのかな匂い，薄い香り,exam,3,1,1,,1:1274,1,pre1_or_1_deferred
whim,whim,word,気まぐれ，移り気な,気まぐれ，移り気な,exam,3,1,1,,1:1371,1,pre1_or_1_deferred
whimper,whimper,word,しくしく泣く,しくしく泣く,exam,3,1,1,,1:2563,1,pre1_or_1_deferred
whimsical,whimsical,word,気まぐれな，移り気な,気まぐれな，移り気な,exam,3,1,1,,1:1395,1,pre1_or_1_deferred
whine,whine,word,鼻を鳴らす声，すすり泣く声,鼻を鳴らす声，すすり泣く声,exam,3,1,1,,1:2303,1,pre1_or_1_deferred
whirl,whirl,word,渦巻く，旋回する,渦巻く，旋回する,exam,3,1,1,,1:930,1,pre1_or_1_deferred
whirlpool,whirlpool,word,渦巻,渦巻,exam,3,1,1,,1:4001,1,pre1_or_1_deferred
whirlwind,whirlwind,word,旋風，つむじ風，竜巻,旋風，つむじ風，竜巻,exam,3,1,1,,1:1331,1,pre1_or_1_deferred
whisker,whisker,word,頬ひげ,頬ひげ,exam,3,1,1,,1:2789,1,pre1_or_1_deferred
whitewash,whitewash,word,しっくい，モルタル,しっくい，モルタル,exam,3,1,1,,1:239,1,pre1_or_1_deferred
whittle,whittle,word,削ぐ,削ぐ,exam,3,1,1,,1:3139,1,pre1_or_1_deferred
whore,whore,word,売春婦，娼婦,売春婦，娼婦,exam,3,1,1,,1:2200,1,pre1_or_1_deferred
wicker,wicker,word,小枝,小枝,exam,3,1,1,,1:3075,1,pre1_or_1_deferred
widget,widget,word,機械装置，部品,機械装置，部品,exam,3,1,1,,1:4020,1,pre1_or_1_deferred
wield,wield,word,振り回す，使う,振り回す，使う,exam,3,1,1,,1:1057,1,pre1_or_1_deferred
wig,wig,word,カツラ，人工の髪,カツラ，人工の髪,exam,3,1,1,,1:793,1,pre1_or_1_deferred
wiggle,wiggle,word,ぴくぴく動かす，ひくつかせる,ぴくぴく動かす，ひくつかせる,exam,3,1,1,,1:1855,1,pre1_or_1_deferred
wilt,wilt,word,しおれる，萎む，元気をなくす,しおれる，萎む，元気をなくす,exam,3,1,1,,1:1684,1,pre1_or_1_deferred
wily,wily,word,ずる賢い，策略のある,ずる賢い，策略のある,exam,3,1,1,,1:4225,1,pre1_or_1_deferred
wince,wince,word,ひるむ，後退する,ひるむ，後退する,exam,3,1,1,,1:945,1,pre1_or_1_deferred
winsome,winsome,word,魅力的な，愛らしい,魅力的な，愛らしい,exam,3,1,1,,1:4108,1,pre1_or_1_deferred
wistful,wistful,word,もの悲しい，哀しい,もの悲しい，哀しい,exam,3,1,1,,1:836,1,pre1_or_1_deferred
wobble,wobble,word,ぐらぐらする，揺れる,ぐらぐらする，揺れる,exam,3,1,1,,1:984,1,pre1_or_1_deferred
womb,womb,word,子宮，母胎,子宮，母胎,exam,3,1,1,,1:1505,1,pre1_or_1_deferred
worthy,worthy,word,価値のある，貴重な,価値のある，貴重な,exam,3,1,1,,1:1558,1,pre1_or_1_deferred
wrangle,wrangle,word,口論する，議論する,口論する，議論する,exam,3,1,1,,1:1827,1,pre1_or_1_deferred
wrath,wrath,word,激怒，怒り狂う,激怒，怒り狂う,exam,3,1,1,,1:1492,1,pre1_or_1_deferred
wreak,wreak,word,浴びせる，たくさんかける，振りかける,浴びせる，たくさんかける，振りかける,exam,3,1,1,,1:1683,1,pre1_or_1_deferred
wreckage,wreckage,word,残骸，遺骸，がれき,残骸，遺骸，がれき,exam,3,1,1,,1:1318,1,pre1_or_1_deferred
wrest,wrest,word,もぎ取る,もぎ取る,exam,3,1,1,,1:2619,1,pre1_or_1_deferred
wretch,wretch,word,みじめな人，不運な人,みじめな人，不運な人,exam,3,1,1,,1:734,1,pre1_or_1_deferred
wriggle,wriggle,word,体をくねらせる,体をくねらせる,exam,3,1,1,,1:3450,1,pre1_or_1_deferred
wring,wring,word,絞る,絞る,exam,3,1,1,,1:2750,1,pre1_or_1_deferred
writ,writ,word,令状，逮捕令,令状，逮捕令,exam,3,1,1,,1:1340,1,pre1_or_1_deferred
writhe,writhe,word,身もだえる,身もだえる,exam,3,1,1,,1:3143,1,pre1_or_1_deferred
wry,wry,word,ゆがんだ，歪んだ,ゆがんだ，歪んだ,exam,3,1,1,,1:549,1,pre1_or_1_deferred
xenial,xenial,word,接待上の，主客関係の,接待上の，主客関係の,exam,3,1,1,,1:4280,1,pre1_or_1_deferred
xenolith,xenolith,word,岩石中の異質鉱物，捕獲岩,岩石中の異質鉱物，捕獲岩,exam,3,1,1,,1:4267,1,pre1_or_1_deferred
xenophile,xenophile,word,外国人愛好者，異文化愛好者,外国人愛好者，異文化愛好者,exam,3,1,1,,1:4073,1,pre1_or_1_deferred
xenophobia,xenophobia,word,外国人恐怖症,外国人恐怖症,exam,3,1,1,,1:2975,1,pre1_or_1_deferred
xenophobic,xenophobic,word,外国人恐怖症，排外的な,外国人恐怖症，排外的な,exam,3,1,1,,1:4180,1,pre1_or_1_deferred
xylophone,xylophone,word,木琴，楽器,木琴，楽器,exam,3,1,1,,1:4236,1,pre1_or_1_deferred
yawp,yawp,word,大声で叫ぶ，どなる,大声で叫ぶ，どなる,exam,3,1,1,,1:4191,1,pre1_or_1_deferred
yeast,yeast,word,酵母，きっかけ,酵母，きっかけ,exam,3,1,1,,1:573,1,pre1_or_1_deferred
yeasty,yeasty,word,発酵する，活発な,発酵する，活発な,exam,3,1,1,,1:4081,1,pre1_or_1_deferred
yelp,yelp,word,高い鳴き声，悲鳴,高い鳴き声，悲鳴,exam,3,1,1,,1:4246,1,pre1_or_1_deferred
yeoman,yeoman,word,忠実な働き手，農夫,忠実な働き手，農夫,exam,3,1,1,,1:4124,1,pre1_or_1_deferred
yoke,yoke,word,くびき，束縛,くびき，束縛,exam,3,1,1,,1:4202,1,pre1_or_1_deferred
yonder,yonder,word,向こう側の，遠くの,向こう側の，遠くの,exam,3,1,1,,1:4130,1,pre1_or_1_deferred
yore,yore,word,昔，過去,昔，過去,exam,3,1,1,,1:4221,1,pre1_or_1_deferred
zealot,zealot,word,熱狂者,熱狂者,exam,3,1,1,,1:2222,1,pre1_or_1_deferred
zealous,zealous,word,熱心な，情熱的な,熱心な，情熱的な,exam,3,1,1,,1:4214,1,pre1_or_1_deferred
zenith,zenith,word,頂点,頂点,exam,3,1,1,,1:2879,1,pre1_or_1_deferred
zephyr,zephyr,word,そよ風，軽い風,そよ風，軽い風,exam,3,1,1,,1:4063,1,pre1_or_1_deferred
zeppelin,zeppelin,word,飛行船，ジェット,飛行船，ジェット,exam,3,1,1,,1:4157,1,pre1_or_1_deferred
zest,zest,word,熱意,熱意,exam,3,1,1,,1:2026,1,pre1_or_1_deferred
zestful,zestful,word,精力的な，元気いっぱいの,精力的な，元気いっぱいの,exam,3,1,1,,1:4118,1,pre1_or_1_deferred
zinc,zinc,word,亜鉛,亜鉛,exam,3,1,1,,1:2059,1,pre1_or_1_deferred
zodiac,zodiac,word,干支,干支,exam,3,1,1,,1:4029,1,pre1_or_1_deferred
