expression,normalized_expression,entry_kind,meaning_ja_primary,meaning_ja_all,parari_level,importance,min_eiken_level,eiken_levels,label_raw_all,source_refs,row_count
about,about,word,について、に関かんする,について、に関かんする,junior_high,1,5,5;4,,5:378;4:469,2
afternoon,afternoon,word,午後ごご,午後ごご,junior_high,1,5,5;4;3,名詞,5:561;4:422;3:632,3
again,again,word,もう一度いちど、再ふたたび、また,もう一度いちど、再ふたたび、また,junior_high,1,5,5;4;3,副詞,5:294;4:438;3:142,3
airplane,airplane,word,飛行機ひこうき,飛行機ひこうき,junior_high,1,5,5;4;3,名詞,5:543;4:380;3:524,3
all,all,word,全部ぜんぶ、全員ぜんいん、全すべて、みな,全部ぜんぶ、全員ぜんいん、全すべて、みな,junior_high,1,5,5;4,,5:33;4:370,2
always,always,word,いつも,いつも,junior_high,1,5,5;4;3,副詞,5:392;4:593;3:457,3
am,am,word,いる、ある,いる、ある,junior_high,1,5,5;4,,5:21;4:376,2
and,and,word,～と,～と,junior_high,1,5,5;4,,5:87;4:413,2
animal,animal,word,動物どうぶつ,動物どうぶつ,junior_high,1,5,5;4,,5:447;4:30,2
apple,apple,word,リンゴ,リンゴ,junior_high,1,5,5;4,,5:317;4:705,2
April,april,word,4月がつ,4月がつ,junior_high,1,5,5;4;3,名詞,5:302;4:621;3:639,3
at,at,word,～で,～で / で、に,junior_high,1,5,5;4;3,前置詞,5:18;4:671;3:1163,3
August,august,word,8月がつ,8月がつ,junior_high,1,5,5;4,,5:407;4:307,2
autumn,autumn,word,秋あき,秋あき,junior_high,1,5,5;4,,5:405;4:554,2
bag,bag,word,カバン,カバン,junior_high,1,5,5;4,,5:48;4:429,2
baseball,baseball,word,野球やきゅう,野球やきゅう,junior_high,1,5,5;4,,5:507;4:467,2
bath,bath,word,風呂ふろ,風呂ふろ,junior_high,1,5,5;4,,5:198;4:560,2
be,be,word,である,である,junior_high,1,5,5;4,,5:24;4:551,2
beach,beach,word,砂浜すなはま,砂浜すなはま,junior_high,1,5,5;4,,5:363;4:561,2
bean,bean,word,豆まめ,豆まめ,junior_high,1,5,5;4,,5:254;4:703,2
bear,bear,word,クマ,クマ / 我慢する，を圧迫する,junior_high,1,5,5;4;pre2;2,動詞,5:208;4:411;pre2:271;2:1738,4
beautiful,beautiful,word,美うつくしい,美うつくしい,junior_high,1,5,5;4,,5:558;4:293,2
beef,beef,word,牛肉ぎゅうにく,牛肉ぎゅうにく,junior_high,1,5,5;4,,5:222;4:633,2
best,best,word,一番いちばん良よい,一番いちばん良よい,junior_high,1,5,5;4,,5:179;4:439,2
bicycle,bicycle,word,自転車じてんしゃ,自転車じてんしゃ,junior_high,1,5,5;4,,5:490;4:650,2
big,big,word,大おおきい,大おおきい,junior_high,1,5,5;4,,5:84;4:450,2
bike,bike,word,自転車じてんしゃ,自転車じてんしゃ,junior_high,1,5,5;4,,5:256;4:579,2
bird,bird,word,鳥とり,鳥とり,junior_high,1,5,5;4,,5:176;4:445,2
birthday,birthday,word,誕生日たんじょうび,誕生日たんじょうび,junior_high,1,5,5;4,,5:536;4:555,2
black,black,word,黒くろい,黒くろい,junior_high,1,5,5;4,,5:307;4:479,2
blue,blue,word,青あおい,青あおい,junior_high,1,5,5;4,,5:168;4:478,2
body,body,word,身体からだ,身体からだ,junior_high,1,5,5;4,,5:204;4:523,2
book,book,word,本ほん,本ほん,junior_high,1,5,5;4,,5:142;4:599,2
bookstore,bookstore,word,本屋ほんや,本屋ほんや,junior_high,1,5,5;4,,5:578;4:420,2
box,box,word,箱はこ,箱はこ,junior_high,1,5,5;4,,5:61;4:507,2
boy,boy,word,少年しょうねん,少年しょうねん,junior_high,1,5,5;4,,5:60;4:534,2
bread,bread,word,パン,パン,junior_high,1,5,5;4;3,名詞,5:299;4:489;3:596,3
breakfast,breakfast,word,朝食ちょうしょく,朝食ちょうしょく,junior_high,1,5,5;4;3,名詞,5:562;4:681;3:477,3
bridge,bridge,word,橋はし,橋はし,junior_high,1,5,5;4;3,名詞,5:437;4:367;3:771,3
brother,brother,word,兄弟きょうだい,兄弟きょうだい,junior_high,1,5,5;4,,5:480;4:437,2
brown,brown,word,茶色ちゃいろの,茶色ちゃいろの,junior_high,1,5,5;4,,5:320;4:690,2
brush,brush,word,をみがく,をみがく / を磨みがく,junior_high,1,5,5;4;3,動詞,5:353;4:576;3:475,3
busy,busy,word,忙いそがしい,忙いそがしい,junior_high,1,5,5;4;3,形容詞,5:169;4:644;3:320,3
buy,buy,word,買かう,買かう,junior_high,1,5,5;4;3,動詞,5:66;4:283;3:343,3
by,by,word,のそばに、によって,のそばに、によって,junior_high,1,5,5;4;3,前置詞,5:23;4:237;3:61,3
cake,cake,word,ケーキ,ケーキ,junior_high,1,5,5;4,,5:153;4:220,2
can,can,word,～できる,～できる,junior_high,1,5,5;4,,5:100;4:407,2
cap,cap,word,帽子ぼうし,帽子ぼうし,junior_high,1,5,5;4,,5:64;4:583,2
car,car,word,自動車じどうしゃ,自動車じどうしゃ,junior_high,1,5,5;4,,5:54;4:399,2
cat,cat,word,猫ねこ,猫ねこ,junior_high,1,5,5;4,,5:74;4:494,2
chair,chair,word,椅子いす,椅子いす,junior_high,1,5,5;4,,5:263;4:492,2
chicken,chicken,word,鶏肉とりにく,鶏肉とりにく,junior_high,1,5,5;4,,5:494;4:622,2
city,city,word,市し,市し,junior_high,1,5,5;4,,5:164;4:713,2
classmate,classmate,word,同級生どうきゅうせい,同級生どうきゅうせい,junior_high,1,5,5;4,,5:579;4:556,2
classroom,classroom,word,教室きょうしつ,教室きょうしつ,junior_high,1,5,5;4,,5:571;4:608,2
clean,clean,word,きれいな,きれいな,junior_high,1,5,5;4;3,形容詞,5:343;4:563;3:265,3
clock,clock,word,置おき時計どけい,置おき時計どけい,junior_high,1,5,5;4;3,名詞,5:335;4:532;3:138,3
clothes,clothes,word,服ふく,服ふく,junior_high,1,5,5;4;3,名詞,5:493;4:400;3:204,3
cloudy,cloudy,word,曇くもった,曇くもった,junior_high,1,5,5;4;3,形容詞,5:430;4:207;3:323,3
cold,cold,word,冷つめたい,冷つめたい,junior_high,1,5,5;4;3,形容詞,5:132;4:456;3:260,3
color,color,word,色いろ,色いろ,junior_high,1,5,5;4;3,名詞,5:267;4:605;3:631,3
cook,cook,word,料理りょうりする,料理りょうりする,junior_high,1,5,5;4;3,動詞,5:155;4:546;3:147,3
cool,cool,word,かっこいい，すずしい,かっこいい，すずしい / かっこいい、すずしい,junior_high,1,5,5;4,,5:159;4:651,2
country,country,word,国くに,国くに,junior_high,1,5,5;4;3,名詞,5:477;4:418;3:392,3
cow,cow,word,ウシ,ウシ,junior_high,1,5,5;4,,5:73;4:419,2
cup,cup,word,カップ,カップ,junior_high,1,5,5;4,,5:51;4:692,2
cute,cute,word,可愛かわいい,可愛かわいい,junior_high,1,5,5;4,,5:246;4:597,2
date,date,word,日付ひづけ,日付ひづけ,junior_high,1,5,5;4;3,名詞,5:211;4:590;3:446,3
day,day,word,日ひ,日ひ,junior_high,1,5,5;4,,5:56;4:577,2
December,december,word,１２月がつ,１２月がつ,junior_high,1,5,5;4,,5:522;4:368,2
delicious,delicious,word,おいしい,おいしい / 美味おいしい,junior_high,1,5,5;4;3,形容詞,5:576;4:276;3:65,3
desk,desk,word,机つくえ,机つくえ,junior_high,1,5,5;4,,5:185;4:296,2
dictionary,dictionary,word,辞書じしょ,辞書じしょ,junior_high,1,5,5;4;3,名詞,5:589;4:673;3:120,3
different,different,word,違ちがった,違ちがった,junior_high,1,5,5;4;3,形容詞,5:574;4:61;3:28,3
difficult,difficult,word,難むずかしい,難むずかしい,junior_high,1,5,5;4;3,形容詞,5:568;4:521;3:125,3
dinner,dinner,word,夕食ゆうしょく,夕食ゆうしょく,junior_high,1,5,5;4;3,名詞,5:398;4:421;3:480,3
dish,dish,word,皿さら,皿さら,junior_high,1,5,5;4,,5:197;4:501,2
do,do,word,する,する,junior_high,1,5,5;4,,5:4;4:252,2
doctor,doctor,word,医者いしゃ,医者いしゃ,junior_high,1,5,5;4;3,名詞,5:411;4:364;3:518,3
dog,dog,word,イヌ,イヌ,junior_high,1,5,5;4,,5:67;4:652,2
down,down,word,下したに,下したに,junior_high,1,5,5;4,,5:247;4:433,2
drama,drama,word,劇げき,劇げき,junior_high,1,5,5;4,,5:376;4:685,2
draw,draw,word,描えがく,描えがく / 描く，引っ張る,junior_high,1,5,5;4;3;pre2;2,動詞,5:202;4:106;3:315;pre2:521;2:897,5
dream,dream,word,夢ゆめ,夢ゆめ,junior_high,1,5,5;4,,5:328;4:424,2
drink,drink,word,飲のむ,飲のむ,junior_high,1,5,5;4,,5:271;4:217,2
drum,drum,word,太鼓たいこ,太鼓たいこ,junior_high,1,5,5;4,,5:251;4:392,2
ear,ear,word,耳みみ,耳みみ,junior_high,1,5,5;4,,5:94;4:515,2
easy,easy,word,簡単かんたんな,簡単かんたんな,junior_high,1,5,5;4,,5:175;4:480,2
eat,eat,word,食たべる,食たべる,junior_high,1,5,5;4,,5:44;4:477,2
egg,egg,word,卵たまご,卵たまご,junior_high,1,5,5;4,,5:80;4:527,2
eight,eight,word,8,8,junior_high,1,5,5;4,,5:315;4:371,2
eighteen,eighteen,word,18,18,junior_high,1,5,5;4,,5:516;4:257,2
eighty,eighty,word,80,80,junior_high,1,5,5;4,,5:410;4:449,2
eleven,eleven,word,11,11,junior_high,1,5,5;4,,5:395;4:655,2
English,english,word,英語えいご,英語えいご,junior_high,1,5,5;4,,5:492;4:569,2
enjoy,enjoy,word,楽たのしむ,楽たのしむ,junior_high,1,5,5;4;3,動詞,5:289;4:369;3:12,3
evening,evening,word,夕方ゆうがた,夕方ゆうがた,junior_high,1,5,5;4,,5:489;4:401,2
event,event,word,出来事できごと,出来事できごと,junior_high,1,5,5;4,,5:351;4:211,2
everyone,everyone,word,みんな,みんな,junior_high,1,5,5;4;3,代名詞,5:525;4:278;3:459,3
exciting,exciting,word,興奮こうふんさせる,興奮こうふんさせる,junior_high,1,5,5;4;3,形容詞,5:539;4:42;3:160,3
excuse,excuse,word,許ゆるす,許ゆるす / 言い訳，弁解/を許す,junior_high,1,5,5;4;3;pre2;2,動詞;名詞,5:445;4:612;3:1209;pre2:340;2:175,5
eye,eye,word,目め,目め,junior_high,1,5,5;4,,5:102;4:706,2
face,face,word,顔かお,顔かお / 直面する/顔,junior_high,1,5,5;4;3;pre2;2,名詞;動詞,5:217;4:55;3:150;pre2:994;2:1172,5
fall,fall,word,落おちる，降おりる,落おちる，降おりる / 落おちる,junior_high,1,5,5;4;3,動詞,5:205;4:83;3:1023,3
family,family,word,家族かぞく,家族かぞく,junior_high,1,5,5;4,,5:402;4:241,2
famous,famous,word,有名ゆうめいな,有名ゆうめいな / 有名な，著名な,junior_high,1,5,5;4;3;pre2;2,形容詞,5:427;4:272;3:1;pre2:811;2:1885,5
farmer,farmer,word,農家のうか,農家のうか,junior_high,1,5,5;4;3,名詞,5:438;4:126;3:605,3
fast,fast,word,速はやい,速はやい,junior_high,1,5,5;4;3,形容詞,5:161;4:263;3:505,3
father,father,word,父親ちちおや,父親ちちおや,junior_high,1,5,5;4,,5:381;4:28,2
favorite,favorite,word,お気きに入いりの,お気きに入いりの / 特に好きな，お気に入りの,junior_high,1,5,5;4;3;pre2;2,形容詞,5:529;4:289;3:13;pre2:205;2:1928,5
February,february,word,2月がつ,2月がつ,junior_high,1,5,5;4;3,名詞,5:517;4:310;3:447,3
festival,festival,word,祭まつり,祭まつり,junior_high,1,5,5;4;3,名詞,5:538;4:247;3:72,3
fifteen,fifteen,word,15,15,junior_high,1,5,5;4,,5:481;4:295,2
fifty,fifty,word,50,50,junior_high,1,5,5;4,,5:280;4:273,2
fine,fine,word,元気げんきな、晴はれた,元気げんきな、晴はれた,junior_high,1,5,5;4,,5:125;4:431,2
first,first,word,1番目ばんめ,1番目ばんめ,junior_high,1,5,5;4,,5:346;4:153,2
fish,fish,word,魚さかな,魚さかな,junior_high,1,5,5;4,,5:138;4:29,2
five,five,word,5,5,junior_high,1,5,5;4,,5:156;4:27,2
flower,flower,word,花はな,花はな,junior_high,1,5,5;4,,5:399;4:306,2
food,food,word,食べ物たべもの,食べ物たべもの / 食たべ物もの,junior_high,1,5,5;4;3,名詞,5:231;4:242;3:261,3
for,for,word,のために,のために,junior_high,1,5,5;4,,5:106;4:298,2
forty,forty,word,40,40,junior_high,1,5,5;4,,5:312;4:250,2
four,four,word,4,4,junior_high,1,5,5;4,,5:149;4:299,2
fourteen,fourteen,word,14,14,junior_high,1,5,5;4,,5:513;4:214,2
Friday,friday,word,金曜日きんようび,金曜日きんようび,junior_high,1,5,5;4;3,名詞,5:401;4:284;3:413,3
friend,friend,word,友達ともだち,友達ともだち,junior_high,1,5,5;4,,5:412;4:224,2
frog,frog,word,カエル,カエル,junior_high,1,5,5;4,,5:237;4:227,2
from,from,word,～から,～から,junior_high,1,5,5;4,,5:250;4:281,2
fruit,fruit,word,果物くだもの,果物くだもの,junior_high,1,5,5;4,,5:257;4:213,2
fun,fun,word,楽たのしみ,楽たのしみ,junior_high,1,5,5;4;3,名詞,5:89;4:300;3:276,3
funny,funny,word,可笑おかしい,可笑おかしい,junior_high,1,5,5;4,,5:361;4:246,2
future,future,word,未来みらい,未来みらい,junior_high,1,5,5;4;3,名詞,5:448;4:35;3:610,3
garbage,garbage,word,ゴミ,ゴミ / 生ゴミ，くず,junior_high,1,5,5;4;pre2;2,名詞,5:473;4:236;pre2:1420;2:392,4
get,get,word,得える,得える,junior_high,1,5,5;4;3,動詞,5:57;4:308;3:151,3
girl,girl,word,少女しょうじょ,少女しょうじょ,junior_high,1,5,5;4,,5:191;4:287,2
go,go,word,行いく,行いく,junior_high,1,5,5;4,,5:15;4:253,2
good,good,word,良よい,良よい,junior_high,1,5,5;4,,5:192;4:239,2
grandfather,grandfather,word,祖父そふ,祖父そふ,junior_high,1,5,5;4;3,名詞,5:599;4:549;3:277,3
grandmother,grandmother,word,祖母そぼ,祖母そぼ,junior_high,1,5,5;4;3,名詞,5:597;4:102;3:516,3
grape,grape,word,ブドウ,ブドウ,junior_high,1,5,5;4,,5:356;4:297,2
great,great,word,素晴すばらしい、広大こうだいな,素晴すばらしい、広大こうだいな,junior_high,1,5,5;4,,5:333;4:244,2
green,green,word,緑みどり,緑みどり,junior_high,1,5,5;4,,5:279;4:234,2
guess,guess,word,推測すいそくする,推測すいそくする / 推測する，予想する,junior_high,1,5,5;4;3;pre2;2,動詞,5:355;4:210;3:166;pre2:721;2:1743,5
hand,hand,word,手て,手て,junior_high,1,5,5;4;3,名詞,5:158;4:304;3:387,3
happy,happy,word,幸福こうふくな,幸福こうふくな,junior_high,1,5,5;4,,5:281;4:282,2
hard,hard,word,一生懸命いっしょうけんめいに,一生懸命いっしょうけんめいに / 固かたい,junior_high,1,5,5;4;3,副詞,5:243;5:244;4:465;3:310,4
hat,hat,word,帽子ぼうし,帽子ぼうし,junior_high,1,5,5;4;3,名詞,5:99;4:405;3:479,3
have,have,word,持もっている,持もっている,junior_high,1,5,5;4,,5:139;4:285,2
he,he,word,彼かれは,彼かれは / 彼は,junior_high,1,5,5;4,,5:7;4:205,2
head,head,word,頭あたま,頭あたま,junior_high,1,5,5;4;3,名詞,5:230;4:256;3:386,3
heart,heart,word,心こころ,心こころ,junior_high,1,5,5;4;3,名詞,5:323;4:91;3:1124,3
help,help,word,助たすける,助たすける,junior_high,1,5,5;4,,5:172;4:233,2
here,here,word,ここに,ここに,junior_high,1,5,5;4;3,副詞,5:129;4:235;3:468,3
homework,homework,word,宿題しゅくだい,宿題しゅくだい,junior_high,1,5,5;4,,5:519;4:260,2
horse,horse,word,馬うま,馬うま,junior_high,1,5,5;4;3,名詞,5:340;4:642;3:637,3
hospital,hospital,word,病院びょういん,病院びょういん,junior_high,1,5,5;4;3,名詞,5:506;4:270;3:546,3
hot,hot,word,暑あつい,暑あつい,junior_high,1,5,5;4,,5:53;4:243,2
house,house,word,家いえ,家いえ,junior_high,1,5,5;4,,5:297;4:301,2
how,how,word,どのぐらい,どのぐらい,junior_high,1,5,5;4;3,副詞,5:31;4:198;3:238,3
hundred,hundred,word,百ひゃく,百ひゃく,junior_high,1,5,5;4;3,名詞,5:496;4:97;3:902,3
hungry,hungry,word,空腹くうふくの,空腹くうふくの,junior_high,1,5,5;4;3,形容詞,5:385;4:670;3:466,3
I,i,word,私わたしは,私わたしは,junior_high,1,5,5;4,,5:1;4:22,2
in,in,word,中なかに,中なかに,junior_high,1,5,5;4,,5:5;4:537,2
interesting,interesting,word,面白おもしろい,面白おもしろい,junior_high,1,5,5;4;3,形容詞,5:598;4:46;3:287,3
is,is,word,ある、いる,ある、いる,junior_high,1,5,5;4,,5:14;4:632,2
island,island,word,島しま,島しま / 島，島々,junior_high,1,5,5;4;3;2,名詞,5:444;4:103;3:666;2:888,4
it,it,word,それは,それは,junior_high,1,5,5;4,,5:8;4:171;4:204,3
January,january,word,1月がつ,1月がつ,junior_high,1,5,5;4,,5:463;4:389,2
Japan,japan,word,日本にほん,日本にほん,junior_high,1,5,5;4,,5:283;4:393,2
Japanese,japanese,word,日本人にほんじん,日本人にほんじん,junior_high,1,5,5;4,,5:546;4:487,2
job,job,word,仕事しごと,仕事しごと,junior_high,1,5,5;4,,5:90;4:414,2
join,join,word,参加さんかする,参加さんかする,junior_high,1,5,5;4;3,動詞,5:207;4:457;3:19,3
July,july,word,7月がつ,7月がつ,junior_high,1,5,5;4;3,名詞,5:130;4:498;3:169,3
jump,jump,word,跳とぶ,跳とぶ,junior_high,1,5,5;4,,5:220;4:658,2
June,june,word,6月がつ,6月がつ,junior_high,1,5,5;4;3,名詞,5:181;4:656;3:106,3
kind,kind,word,種類しゅるい,種類しゅるい,junior_high,1,5,5;4;3,名詞,5:195;4:71;3:593,3
king,king,word,王様おうさま,王様おうさま,junior_high,1,5,5,,5:233,1
knee,knee,word,ひざ,ひざ / 膝,junior_high,1,5,5;4;pre2;2,名詞,5:238;4:565;pre2:681;2:365,4
know,know,word,知しっている,知しっている,junior_high,1,5,5;4;3,動詞,5:140;4:500;3:630,3
lake,lake,word,湖みずうみ,湖みずうみ,junior_high,1,5,5;4;3,名詞,5:210;4:66;3:155,3
large,large,word,大おおきい、広ひろい,大おおきい、広ひろい,junior_high,1,5,5;4;3,形容詞,5:287;4:365;3:193,3
leave,leave,word,去さる，残のこす，置おいて行いく,去さる，残のこす，置おいて行いく / 去さる、残のこす、置おいて行いく,junior_high,1,5,5;4;3,動詞,5:284;4:435;3:23,3
left,left,word,左ひだり,左ひだり,junior_high,1,5,5;4,,5:194;4:701,2
leg,leg,word,脚あし,脚あし,junior_high,1,5,5;4;3,名詞,5:86;4:77;3:1068,3
library,library,word,図書館としょかん,図書館としょかん,junior_high,1,5,5;4;3,名詞,5:474;4:647;3:43,3
life,life,word,生活せいかつ,生活せいかつ,junior_high,1,5,5;4,,5:228;4:679,2
like,like,word,好このむ,好このむ,junior_high,1,5,5;4,,5:115;4:324,2
listen,listen,word,聴きく,聴きく,junior_high,1,5,5;4,,5:441;4:144,2
live,live,word,住すむ,住すむ,junior_high,1,5,5,,5:174,1
long,long,word,長ながい,長ながい,junior_high,1,5,5;4;3,形容詞,5:116;4:684;3:492,3
look,look,word,見みる,見みる,junior_high,1,5,5;4;3,動詞,5:135;4:417;3:83,3
luck,luck,word,運うん,運うん,junior_high,1,5,5;4;3,名詞,5:241;4:586;3:316,3
lunch,lunch,word,昼食ちゅうしょく,昼食ちゅうしょく,junior_high,1,5,5;4,,5:269;4:674,2
make,make,word,作つくる、～を～にするする,作つくる、～を～にするする / 作つくる、～を～にする,junior_high,1,5,5;4;3,動詞,5:184;4:682;3:162,3
many,many,word,多おおくの,多おおくの,junior_high,1,5,5;4;3,形容詞,5:136;4:362;3:689,3
map,map,word,地図ちず,地図ちず,junior_high,1,5,5;4;3,名詞,5:58;4:544;3:226,3
March,march,word,3月がつ,3月がつ,junior_high,1,5,5;4;3,名詞,5:293;4:423;3:180,3
math,math,word,数学すうがく,数学すうがく,junior_high,1,5,5;4;3,名詞,5:199;4:531;3:184,3
May,may,word,５月がつ,５月がつ,junior_high,1,5,5;4;3,名詞,5:46;4:520;3:444,3
me,me,word,私わたしを,私わたしを,junior_high,1,5,5;4,に,5:11;4:517,2
meet,meet,word,会あう,会あう,junior_high,1,5,5;4;3,動詞,5:146;4:394;3:57,3
memory,memory,word,記憶きおく,記憶きおく,junior_high,1,5,5;4;3,名詞,5:454;4:660;3:525,3
Monday,monday,word,月曜日げつようび,月曜日げつようび,junior_high,1,5,5;4,,5:404;4:610,2
monkey,monkey,word,サル,サル,junior_high,1,5,5;4,,5:434;4:529,2
month,month,word,月つき,月つき,junior_high,1,5,5;4,,5:300;4:630,2
morning,morning,word,朝あさ,朝あさ,junior_high,1,5,5;4,,5:467;4:683,2
mother,mother,word,母はは,母はは,junior_high,1,5,5;4,,5:382;4:707,2
mountain,mountain,word,山やま,山やま,junior_high,1,5,5;4;3,名詞,5:527;4:51;3:472,3
mouse,mouse,word,ネズミ,ネズミ,junior_high,1,5,5;4,,5:325;4:709,2
mouth,mouth,word,口くち,口くち,junior_high,1,5,5;4;3,名詞,5:336;4:518;3:1144,3
much,much,word,たくさん,たくさん,junior_high,1,5,5;4,,5:128;4:568,2
museum,museum,word,博物館はくぶつかん,博物館はくぶつかん,junior_high,1,5,5;4;3,名詞,5:443;4:675;3:205,3
musician,musician,word,音楽家おんがくか,音楽家おんがくか,junior_high,1,5,5;4,,5:526;4:526,2
my,my,word,私わたしの,私わたしの,junior_high,1,5,5;4,,5:2;4:320,2
name,name,word,名前なまえ,名前なまえ,junior_high,1,5,5;4,,5:113;4:540,2
nature,nature,word,自然しぜん,自然しぜん / 自然，天然,junior_high,1,5,5;4;3;pre2;2,名詞,5:435;4:133;3:488;pre2:988;2:1433,5
never,never,word,１度どもない,１度どもない,junior_high,1,5,5;4;3,副詞,5:352;4:695;3:612,3
new,new,word,新あたらしい,新あたらしい,junior_high,1,5,5;4,,5:79;4:525,2
newspaper,newspaper,word,新聞しんぶん,新聞しんぶん,junior_high,1,5,5;4,,5:566;4:615,2
nice,nice,word,良よい,良よい,junior_high,1,5,5;4,,5:122;4:691,2
night,night,word,夜よる,夜よる,junior_high,1,5,5;4,,5:290;4:557,2
nine,nine,word,9,9,junior_high,1,5,5;4,,5:189;4:373,2
nineteen,nineteen,word,19,19,junior_high,1,5,5;4,,5:515;4:522,2
ninety,ninety,word,90,90,junior_high,1,5,5;4,,5:422;4:430,2
nose,nose,word,鼻はな,鼻はな,junior_high,1,5,5;4,,5:224;4:578,2
not,not,word,～でない,～でない,junior_high,1,5,5;4,,5:70;4:377,2
November,november,word,11月がつ,11月がつ,junior_high,1,5,5;4;3,名詞,5:520;4:415;3:562,3
number,number,word,数かず,数かず,junior_high,1,5,5;4,,5:425;4:408,2
nurse,nurse,word,看護師かんごし,看護師かんごし,junior_high,1,5,5;4,,5:274;4:506,2
October,october,word,10月がつ,10月がつ,junior_high,1,5,5;4,,5:476;4:669,2
old,old,word,古ふるい,古ふるい,junior_high,1,5,5;4,,5:34;4:582,2
on,on,word,の上うえに,の上うえに,junior_high,1,5,5;4,,5:20;4:381,2
one,one,word,一ひとつの,一ひとつの / 1つの / 1,junior_high,1,5,5;4,,5:25;5:83;4:5;4:581,4
our,our,word,私わたしたちの,私わたしたちの,junior_high,1,5,5;4,,5:35;4:545,2
out,out,word,外そとに,外そとに,junior_high,1,5,5;4,,5:109;4:665,2
park,park,word,公園こうえん,公園こうえん,junior_high,1,5,5;4,,5:151;4:493,2
pencil,pencil,word,鉛筆えんぴつ,鉛筆えんぴつ,junior_high,1,5,5;4,,5:389;4:637,2
picture,picture,word,絵え、写真しゃしん,絵え、写真しゃしん,junior_high,1,5,5;4;3,名詞,5:471;4:495;3:510,3
pig,pig,word,ブタ,ブタ,junior_high,1,5,5;4,,5:96;4:134,2
place,place,word,場所ばしょ,場所ばしょ,junior_high,1,5,5;4;3,名詞,5:277;4:600;3:103,3
play,play,word,劇げき,劇げき,junior_high,1,5,5;4,,5:171;4:455,2
player,player,word,選手せんしゅ,選手せんしゅ,junior_high,1,5,5;4,,5:421;4:486,2
please,please,word,喜よろこばせる,喜よろこばせる,junior_high,1,5,5;4,,5:391;4:199,2
practice,practice,word,練習れんしゅうする,練習れんしゅうする,junior_high,1,5,5;4;3,動詞,5:533;4:482;3:8,3
purple,purple,word,紫色むらさきいろ,紫色むらさきいろ,junior_high,1,5,5;4,,5:453;4:446,2
put,put,word,置く,置く / 置おく,junior_high,1,5,5;4;3,動詞,5:63;4:142;3:122,3
queen,queen,word,女王じょおう,女王じょおう,junior_high,1,5,5;4,,5:349;4:533,2
rabbit,rabbit,word,ウサギ,ウサギ,junior_high,1,5,5;4,,5:431;4:135,2
rainy,rainy,word,雨降あめふりの,雨降あめふりの,junior_high,1,5,5;4;3,形容詞,5:332;4:181;3:359,3
read,read,word,読よむ,読よむ,junior_high,1,5,5;4,,5:112;4:587,2
reading,reading,word,読書どくしょ,読書どくしょ,junior_high,1,5,5;4,,5:499;4:397,2
really,really,word,本当ほんとうに,本当ほんとうに,junior_high,1,5,5;4;3,副詞,5:451;4:618;3:156,3
red,red,word,赤あかい,赤あかい,junior_high,1,5,5;4,,5:37;4:676,2
ride,ride,word,乗のる,乗のる,junior_high,1,5,5;4;3,動詞,5:148;4:698;3:354,3
right,right,word,右みぎに,右みぎに / 正ただしい / 正しい，正確な,junior_high,1,5,5;4;3;pre2;2,副詞;形容詞,5:264;4:33;4:41;3:305;pre2:236;2:1612,6
river,river,word,川かわ,川かわ,junior_high,1,5,5;4;3,名詞,5:345;4:53;3:579,3
room,room,word,部屋へや,部屋へや,junior_high,1,5,5;4,,5:165;4:378,2
ruler,ruler,word,定規じょうぎ,定規じょうぎ,junior_high,1,5,5;4,,5:368;4:616,2
run,run,word,を主催しゅさいする,を主催しゅさいする / 走はしる,junior_high,1,5,5;4;3,動詞,5:43;4:594;3:996,3
sad,sad,word,悲かなしい,悲かなしい,junior_high,1,5,5;4;3,形容詞,5:82;4:383;3:134,3
salad,salad,word,サラダ,サラダ,junior_high,1,5,5;4;3,名詞,5:339;4:631;3:485,3
same,same,word,同おなじ,同おなじ,junior_high,1,5,5;4;3,形容詞,5:201;4:64;3:433,3
Saturday,saturday,word,土曜日どようび,土曜日どようび,junior_high,1,5,5;4;3,名詞,5:510;4:667;3:411,3
school,school,word,学校がっこう,学校がっこう,junior_high,1,5,5;4,,5:384;4:265,2
science,science,word,科学かがく,科学かがく / 科学，自然科学,junior_high,1,5,5;4;3;pre2;2,名詞,5:484;4:216;3:41;pre2:1168;2:1731,5
scientist,scientist,word,科学者かがくしゃ,科学者かがくしゃ / 科学者，研究者,junior_high,1,5,5;4;3;2,名詞,5:575;4:286;3:358;2:48,4
sea,sea,word,海うみ,海うみ,junior_high,1,5,5;4,,5:92;4:38,2
season,season,word,季節きせつ,季節きせつ,junior_high,1,5,5;4;3,名詞,5:386;4:275;3:173,3
second,second,word,秒びょう,秒びょう / 2番目ばんめ,junior_high,1,5,5;4;3,名詞,5:450;4:259;3:869,3
see,see,word,見みる,見みる / 分わかる,junior_high,1,5,5;4;3,動詞,5:30;4:15;4:45;3:512,4
September,september,word,9月がつ,9月がつ,junior_high,1,5,5;4,,5:565;4:291,2
seven,seven,word,7,7,junior_high,1,5,5;4,,5:310;4:240,2
seventeen,seventeen,word,17,17,junior_high,1,5,5;4,,5:556;4:468,2
seventy,seventy,word,70,70,junior_high,1,5,5;4,,5:487;4:219,2
she,she,word,彼女かのじょは,彼女かのじょは,junior_high,1,5,5;4,,5:38;4:197,2
sheep,sheep,word,ヒツジ,ヒツジ,junior_high,1,5,5;4,,5:292;4:451,2
ship,ship,word,船ふね,船ふね,junior_high,1,5,5;4,,5:234;4:267,2
shop,shop,word,店みせ,店みせ,junior_high,1,5,5;4,,5:215;4:274,2
shopping,shopping,word,買かい物もの,買かい物もの,junior_high,1,5,5;4,,5:545;4:269,2
short,short,word,短みじかい,短みじかい,junior_high,1,5,5;4,,5:313;4:277,2
shoulder,shoulder,word,肩かた,肩かた,junior_high,1,5,5;4;3,名詞,5:535;4:119;3:882,3
sing,sing,word,歌うたう,歌うたう,junior_high,1,5,5;4,,5:123;4:271,2
sister,sister,word,姉妹しまい,姉妹しまい,junior_high,1,5,5;4,,5:394;4:238,2
sit,sit,word,着席ちゃくせきする,着席ちゃくせきする,junior_high,1,5,5;4,,5:93;4:16,2
six,six,word,6,6,junior_high,1,5,5;4,,5:47;4:264,2
sixteen,sixteen,word,16,16,junior_high,1,5,5;4,,5:479;4:491,2
sixty,sixty,word,60,60,junior_high,1,5,5;4,,5:309;4:566,2
sleep,sleep,word,眠ねむる,眠ねむる,junior_high,1,5,5;4,,5:303;4:499,2
small,small,word,小ちいさい,小ちいさい,junior_high,1,5,5;4,,5:306;4:229,2
snake,snake,word,蛇へび,蛇へび,junior_high,1,5,5;4,,5:359;4:426,2
snowy,snowy,word,雪ゆきの降ふる,雪ゆきの降ふる,junior_high,1,5,5;4,,5:348;4:305,2
soft,soft,word,柔やわらかい,柔やわらかい,junior_high,1,5,5;4,,5:253;4:280,2
sometimes,sometimes,word,時々ときどき,時々ときどき,junior_high,1,5,5;4;3,副詞,5:563;4:226;3:158,3
sorry,sorry,word,ごめんなさい,ごめんなさい,junior_high,1,5,5;4,,5:286;4:649,2
soup,soup,word,スープ,スープ,junior_high,1,5,5;4,,5:235;4:215,2
speak,speak,word,話はなす,話はなす,junior_high,1,5,5;4;3,動詞,5:258;4:266;3:620,3
spell,spell,word,を綴つづる,を綴つづる,junior_high,1,5,5;4,,5:372;4:290,2
sport,sport,word,スポーツ,スポーツ,junior_high,1,5,5;4,,5:319;4:251,2
spring,spring,word,春はる,春はる,junior_high,1,5,5;4,,5:417;4:626,2
stand,stand,word,立たつ,立たつ / を我慢がまんする,junior_high,1,5,5;4;3,動詞,5:304;4:221;3:972,3
star,star,word,星ほし、スター,星ほし、スター / 星ほし,junior_high,1,5,5;4;3,名詞,5:221;4:279;3:255,3
station,station,word,駅えき,駅えき,junior_high,1,5,5;4;3,名詞,5:464;4:218;3:521,3
stop,stop,word,止とめる,止とめる,junior_high,1,5,5;4,,5:143;4:231,2
straight,straight,word,まっすぐに,まっすぐに,junior_high,1,5,5;4,,5:542;4:248,2
street,street,word,通とおり,通とおり,junior_high,1,5,5;4,,5:433;4:223,2
strong,strong,word,強つよい,強つよい,junior_high,1,5,5;4;3,形容詞,5:428;4:254;3:131,3
study,study,word,勉強べんきょうする,勉強べんきょうする,junior_high,1,5,5;4,,5:261;4:303,2
subject,subject,word,科目かもく、題目だいもく,科目かもく、題目だいもく / 教科，主題,junior_high,1,5,5;4;3;pre2;2,名詞,5:486;4:232;3:327;pre2:934;2:1069,5
subway,subway,word,地下鉄ちかてつ,地下鉄ちかてつ,junior_high,1,5,5;4,,5:456;4:309,2
summer,summer,word,夏なつ,夏なつ,junior_high,1,5,5;4;3,名詞,5:408;4:230;3:634,3
Sunday,sunday,word,日曜日にちようび,日曜日にちようび,junior_high,1,5,5;4,,5:414;4:292,2
sunny,sunny,word,晴はれた,晴はれた,junior_high,1,5,5;4,,5:369;4:687,2
supermarket,supermarket,word,スーパー,スーパー,junior_high,1,5,5;4,,5:601;4:228,2
sweet,sweet,word,甘あまい,甘あまい,junior_high,1,5,5;4,,5:374;4:212,2
swim,swim,word,泳およぐ,泳およぐ,junior_high,1,5,5;4,,5:162;4:262,2
table,table,word,机つくえ,机つくえ,junior_high,1,5,5;4,,5:276;4:294,2
take,take,word,取とる,取とる / 連つれて行いく / 撮影さつえいする,junior_high,1,5,5;4;3,動詞,5:227;4:18;4:19;4:75;3:652,5
talk,talk,word,話はなす,話はなす,junior_high,1,5,5;4,,5:218;4:8,2
tea,tea,word,お茶ちゃ,お茶ちゃ,junior_high,1,5,5;4,,5:97;4:14,2
teach,teach,word,教おしえる,教おしえる,junior_high,1,5,5;4;3,動詞,5:322;4:34;3:519,3
teacher,teacher,word,先生せんせい,先生せんせい,junior_high,1,5,5;4,,5:466;4:255,2
telephone,telephone,word,電話でんわ,電話でんわ,junior_high,1,5,5;4,,5:581;4:249,2
temple,temple,word,お寺てら,お寺てら / お寺，寺院,junior_high,1,5,5;4;3;pre2;2,名詞,5:457;4:302;3:667;pre2:1417;2:385,5
ten,ten,word,10,10,junior_high,1,5,5;4,,5:69;4:268,2
textbook,textbook,word,教科書きょうかしょ,教科書きょうかしょ,junior_high,1,5,5;4,,5:532;4:122,2
that,that,word,あれ,あれ,junior_high,1,5,5;4,,5:188;4:461,2
the,the,word,その,その,junior_high,1,5,5;4,,5:27;4:314,2
think,think,word,考かんがえる,考かんがえる / 思おもう,junior_high,1,5,5;4;3,動詞,5:342;4:11;4:26;3:326,4
third,third,word,3番目ばんめ,3番目ばんめ,junior_high,1,5,5;4,,5:362;4:342,2
thirteen,thirteen,word,13,13,junior_high,1,5,5;4,,5:512;4:316,2
thirty,thirty,word,30,30,junior_high,1,5,5;4,,5:397;4:347,2
this,this,word,この,この,junior_high,1,5,5;4,,5:133;4:340,2
three,three,word,3,3,junior_high,1,5,5;4,,5:270;4:338,2
Thursday,thursday,word,木曜日もくようび,木曜日もくようび,junior_high,1,5,5;4,,5:509;4:490,2
tiger,tiger,word,トラ,トラ,junior_high,1,5,5;4,,5:375;4:321,2
time,time,word,時とき、～回かい,時とき、～回かい,junior_high,1,5,5;4,,5:178;4:570,2
tired,tired,word,疲つかれて,疲つかれて,junior_high,1,5,5;4;3,形容詞,5:330;4:72;3:953,3
to,to,word,～へ,～へ,junior_high,1,5,5;4,,5:17;4:348,2
together,together,word,一緒いっしょに,一緒いっしょに,junior_high,1,5,5;4;3,副詞,5:523;4:312;3:67,3
too,too,word,～もまた,～もまた,junior_high,1,5,5;4;3,副詞,5:77;4:689;3:514,3
tooth,tooth,word,歯は,歯は,junior_high,1,5,5;4;3,名詞,5:326;4:105;3:573,3
tower,tower,word,塔とう,塔とう,junior_high,1,5,5;4,,5:358;4:341,2
town,town,word,街まち,街まち,junior_high,1,5,5;4,,5:187;4:345,2
train,train,word,列車れっしゃ,列車れっしゃ,junior_high,1,5,5;4,,5:338;4:327,2
travel,travel,word,旅行りょこう,旅行りょこう,junior_high,1,5,5;4;3,動詞,5:440;4:325;3:279,3
tree,tree,word,木き,木き,junior_high,1,5,5;4,,5:182;4:336,2
trip,trip,word,旅行りょこう,旅行りょこう,junior_high,1,5,5;4;3,名詞,5:225;4:349;3:268,3
try,try,word,試ためす,試ためす,junior_high,1,5,5;4;3,動詞,5:50;4:329;3:215,3
Tuesday,tuesday,word,火曜日かようび,火曜日かようび,junior_high,1,5,5;4,,5:470;4:339,2
turn,turn,word,曲まがる、回まわる、変化へんかする,曲まがる、回まわる、変化へんかする,junior_high,1,5,5;4;3,動詞,5:212;4:331;3:294,3
twelve,twelve,word,12,12,junior_high,1,5,5;4,,5:418;4:334,2
twenty,twenty,word,20,20,junior_high,1,5,5;4,,5:424;4:346,2
two,two,word,2,2,junior_high,1,5,5;4,,5:40;4:332,2
umbrella,umbrella,word,傘かさ,傘かさ,junior_high,1,5,5;4;3,名詞,5:540;4:313;3:507,3
under,under,word,下したの,下したの,junior_high,1,5,5;4,,5:365;4:328,2
up,up,word,上うえへ,上うえへ,junior_high,1,5,5;4,,5:12;4:333,2
use,use,word,使つかう,使つかう,junior_high,1,5,5;4,,5:41;4:173,2
usually,usually,word,普通ふつうは,普通ふつうは,junior_high,1,5,5;4;3,副詞,5:468;4:317;3:107,3
vacation,vacation,word,休暇きゅうか,休暇きゅうか,junior_high,1,5,5;4;3,名詞,5:530;4:98;3:73;3:809,4
vegetable,vegetable,word,野菜やさい,野菜やさい,junior_high,1,5,5;4;3,名詞,5:572;4:101;3:442,3
very,very,word,非常ひじょうに,非常ひじょうに,junior_high,1,5,5;4;3,副詞,5:117;4:319;3:626,3
visit,visit,word,訪問ほうもんする,訪問ほうもんする,junior_high,1,5,5;4;3,動詞,5:316;4:337;3:45,3
walk,walk,word,散歩さんぽ,散歩さんぽ,junior_high,1,5,5;4;3,名詞,5:166;4:311;3:653,3
wall,wall,word,壁かべ,壁かべ,junior_high,1,5,5;4,,5:145;4:322,2
want,want,word,欲ほしい,欲ほしい,junior_high,1,5,5;4,,5:126;4:351,2
was,was,word,でした,でした,junior_high,1,5,5;4,,5:107;4:330,2
wash,wash,word,洗あらう,洗あらう,junior_high,1,5,5;4;3,動詞,5:152;4:361;3:272,3
watch,watch,word,見みる,見みる / 見みる、視聴しちょうする,junior_high,1,5,5;4;3,動詞,5:273;4:62;3:481,3
water,water,word,水みず,水みず,junior_high,1,5,5;4,,5:329;4:89,2
way,way,word,道みち、方法ほうほう,道みち、方法ほうほう,junior_high,1,5,5;4,,5:71;4:402,2
we,we,word,私わたしたちは,私わたしたちは,junior_high,1,5,5;4,,5:10;4:693,2
weather,weather,word,天気てんき,天気てんき / 天候，天気,junior_high,1,5,5;4;3;pre2;2,名詞,5:497;4:184;3:84;pre2:376;2:1777,5
Wednesday,wednesday,word,水曜日すいようび,水曜日すいようび,junior_high,1,5,5;4;3,名詞,5:559;4:344;3:415,3
welcome,welcome,word,歓迎かんげいする,歓迎かんげいする / 歓迎される，迎えられる,junior_high,1,5,5;4;2,動詞,5:483;4:352;2:1019,3
well,well,word,健康けんこうな,健康けんこうな,junior_high,1,5,5;4;3,形容詞,5:214;4:95;3:700,3
what,what,word,何なに,何なに / なに,junior_high,1,5,5;4;3,代名詞,5:248;4:59;3:237,3
when,when,word,～するとき,～するとき,junior_high,1,5,5;4;3,接続詞,5:120;4:166;3:128,3
where,where,word,どこに,どこに,junior_high,1,5,5;4;3,疑問詞,5:260;4:350;3:649,3
white,white,word,白しろ,白しろ,junior_high,1,5,5;4,,5:296;4:353,2
who,who,word,だれ,だれ,junior_high,1,5,5;4;3,代名詞,5:105;4:318;3:235,3
why,why,word,なぜ,なぜ,junior_high,1,5,5;4;3,副詞,5:76;4:355;3:409,3
window,window,word,窓まど,窓まど,junior_high,1,5,5;4,,5:420;4:335,2
winter,winter,word,冬ふゆ,冬ふゆ,junior_high,1,5,5;4,,5:388;4:326,2
with,with,word,～と一緒いっしょに,～と一緒いっしょに,junior_high,1,5,5;4,,5:240;4:315,2
wonderful,wonderful,word,すばらしい,すばらしい,junior_high,1,5,5;4,,5:569;4:354,2
world,world,word,世界せかい、地球ちきゅう,世界せかい、地球ちきゅう,junior_high,1,5,5;4,,5:371;4:323,2
write,write,word,書かく、手紙てがみを書かく,書かく、手紙てがみを書かく,junior_high,1,5,5;4;3,動詞,5:266;4:343;3:161,3
year,year,word,年ねん,年ねん,junior_high,1,5,5;4,,5:119;4:356,2
yellow,yellow,word,黄色きいろ,黄色きいろ,junior_high,1,5,5;4,,5:415;4:357,2
you,you,word,あなたは,あなたは,junior_high,1,5,5;4,,5:28;4:40;4:192,3
your,your,word,あなたの,あなたの,junior_high,1,5,5;4,,5:110;4:194,2
zoo,zoo,word,動物園どうぶつえん,動物園どうぶつえん,junior_high,1,5,5;4;3,名詞,5:103;4:163;3:271,3
absent,absent,word,欠席けっせきの,欠席けっせきの,junior_high,1,4,4;3,形容詞,4:375;3:826,2
add,add,word,加くわえる,加くわえる / 足し算する，合計する,junior_high,1,4,4;pre2;2,動詞,4:432;pre2:43;2:1988,3
advice,advice,word,忠告ちゅうこく,忠告ちゅうこく / 助言，忠告,junior_high,1,4,4;3;pre2;2,名詞,4:609;3:414;pre2:619;2:1500,4
afraid,afraid,word,恐おそれて,恐おそれて / 心配して，恐れて,junior_high,1,4,4;3;pre2;2,形容詞,4:488;3:928;pre2:668;2:1208,4
after,after,word,～の後あとで,～の後あとで,junior_high,1,4,4;3,前置詞,4:476;3:523,2
airport,airport,word,空港くうこう,空港くうこう,junior_high,1,4,4;3,名詞,4:454;3:1033,2
another,another,word,もう一ひとつの,もう一ひとつの,junior_high,1,4,4;3,形容詞,4:513;3:217,2
answer,answer,word,答こたえる,答こたえる,junior_high,1,4,4;3,動詞,4:32;3:529,2
arm,arm,word,腕うで,腕うで,junior_high,1,4,4;3,名詞,4:143;3:1159,2
art,art,word,美術びじゅつ，芸術げいじゅつ,美術びじゅつ，芸術げいじゅつ / 芸術げいじゅつ,junior_high,1,4,4;3,名詞,4:17;3:513,2
ask,ask,word,尋たずねる,尋たずねる / たずねる,junior_high,1,4,4;3,動詞,4:129;3:34,2
ate,ate,word,食たべた,食たべた,junior_high,1,4,4,,4:509,1
away,away,word,離はなれて,離はなれて,junior_high,1,4,4;3,副詞,4:541;3:1202,2
because,because,word,なぜなら,なぜなら,junior_high,1,4,4;3,接続詞,4:657;3:664,2
become,become,word,～になる,～になる,junior_high,1,4,4;3,動詞,4:416;3:329,2
beer,beer,word,ビール,ビール,junior_high,1,4,4;3,名詞,4:363;3:727,2
begin,begin,word,始はじまる,始はじまる,junior_high,1,4,4;3,動詞,4:366;3:1004,2
believe,believe,word,信しんじる,信しんじる,junior_high,1,4,4;3,動詞,4:625;3:133,2
between,between,word,～と～の間あいだ,～と～の間あいだ,junior_high,1,4,4;3,前置詞,4:161;3:731,2
borrow,borrow,word,借かりる,借かりる / を借りる，を借用する,junior_high,1,4,4;3;pre2;2,動詞,4:460;3:101;pre2:78;2:236,4
bought,bought,word,買かった,買かった,junior_high,1,4,4,,4:179,1
bright,bright,word,明あかるい,明あかるい,junior_high,1,4,4;3,形容詞,4:680;3:140,2
bring,bring,word,持もって来くる,持もって来くる / 持って来る，連れてくる,junior_high,1,4,4;3;pre2;2,動詞,4:623;3:17;pre2:1418;2:389,4
brought,brought,word,持もって来きた,持もって来きた,junior_high,1,4,4,,4:542,1
build,build,word,建たてる,建たてる,junior_high,1,4,4;3,動詞,4:111;3:609,2
but,but,word,しかし,しかし,junior_high,1,4,4,,4:187,1
came,came,word,来きた,来きた,junior_high,1,4,4,,4:603,1
capital,capital,word,首都しゅと,首都しゅと / 資本，首都,junior_high,1,4,4;3;pre2;2,名詞,4:536;3:994;pre2:180;2:1950,4
carefully,carefully,word,注意ちゅうい深ぶかく,注意ちゅうい深ぶかく,junior_high,1,4,4;3,副詞,4:659;3:952,2
carry,carry,word,運はこぶ,運はこぶ,junior_high,1,4,4;3,動詞,4:664;3:90,2
change,change,word,変かわる,変かわる,junior_high,1,4,4,,4:559,1
child,child,word,子供こども,子供こども,junior_high,1,4,4,,4:627,1
choose,choose,word,選えらぶ,選えらぶ,junior_high,1,4,4;3,動詞,4:571;3:208,2
clever,clever,word,利口りこうな,利口りこうな,junior_high,1,4,4;3,形容詞,4:448;3:625,2
climb,climb,word,登のぼる,登のぼる / 登る，よじ登る,junior_high,1,4,4;3;2,動詞,4:382;3:859;2:827,3
cloth,cloth,word,服ふく,服ふく,junior_high,1,4,4;3,名詞,4:74;3:1153,2
cloud,cloud,word,雲くも,雲くも,junior_high,1,4,4;3,名詞,4:127;3:643,2
college,college,word,大学だいがく,大学だいがく / 大学，高等教育機関,junior_high,1,4,4;3;2,名詞,4:661;3:1117;2:958,3
cried,cried,word,泣ないた,泣ないた,junior_high,1,4,4,,4:694,1
culture,culture,word,文化ぶんか,文化ぶんか / 文化，教養,junior_high,1,4,4;3;pre2;2,名詞,4:258;3:611;pre2:334;2:870,4
decide,decide,word,決心けっしんする,決心けっしんする / 決心する，決定する,junior_high,1,4,4;3;pre2;2,動詞,4:39;3:68;pre2:1294;2:185,4
did,did,word,した,した,junior_high,1,4,4,,4:475,1
die,die,word,死しぬ,死しぬ / 死ぬ，亡くなる,junior_high,1,4,4;3;2,動詞,4:519;3:502;2:1833,3
discover,discover,word,発見はっけんする,発見はっけんする / を発見する，見つける,junior_high,1,4,4;3;pre2;2,動詞,4:575;3:786;pre2:157;2:13,4
dislike,dislike,word,嫌きらう,嫌きらう / 嫌がる，嫌い,junior_high,1,4,4;3;pre2;2,動詞,4:203;3:1207;pre2:819;2:1264,4
dry,dry,word,乾かわいた,乾かわいた,junior_high,1,4,4,,4:601,1
during,during,word,～の間あいだ,～の間あいだ / ～の間，～の間ずっと,junior_high,1,4,4;3;2,前置詞;接続詞,4:524;3:10;2:887,3
each,each,word,各々おのおのの,各々おのおのの,junior_high,1,4,4;3,形容詞,4:6;3:303,2
earth,earth,word,地球ちきゅう,地球ちきゅう,junior_high,1,4,4;3,名詞,4:596;3:756,2
east,east,word,東ひがし,東ひがし,junior_high,1,4,4;3,名詞,4:196;3:825,2
end,end,word,終おわる,終おわる,junior_high,1,4,4,,4:3,1
enjoyed,enjoyed,word,楽たのしんだ,楽たのしんだ,junior_high,1,4,4,,4:145,1
enough,enough,word,十分じゅうぶんな,十分じゅうぶんな,junior_high,1,4,4;3,形容詞,4:23;3:24,2
enter,enter,word,入はいる,入はいる / 入る，入場する,junior_high,1,4,4;3;pre2;2,動詞,4:78;3:331;pre2:325;2:1132,4
eraser,eraser,word,消けしゴム,消けしゴム,junior_high,1,4,4;3,名詞,4:702;3:1065,2
even,even,word,～さえ,～さえ,junior_high,1,4,4;3,副詞,4:663;3:1046,2
ever,ever,word,今いままで,今いままで,junior_high,1,4,4;3,副詞,4:462;3:373,2
exam,exam,word,試験しけん,試験しけん,junior_high,1,4,4,,4:666,1
example,example,word,例れい,例れい,junior_high,1,4,4;3,名詞,4:699;3:530,2
explain,explain,word,説明せつめいする,説明せつめいする / を説明する，を解説する,junior_high,1,4,4;3;pre2;2,動詞,4:585;3:382;pre2:163;2:1310,4
factory,factory,word,工場こうじょう,工場こうじょう / 工場，製造所,junior_high,1,4,4;3;2,名詞,4:114;3:1098;2:898,3
fail,fail,word,失敗しっぱいする,失敗しっぱいする / 失敗する，うまくいかない,junior_high,1,4,4;3;pre2;2,動詞,4:141;3:695;pre2:54;2:996,4
farm,farm,word,農場のうじょう,農場のうじょう,junior_high,1,4,4,,4:580,1
fat,fat,word,太ふとった,太ふとった / 太った，肥満した,junior_high,1,4,4;pre2;2,形容詞,4:202;pre2:932;2:1850,3
feel,feel,word,感かんじる,感かんじる,junior_high,1,4,4;3,動詞,4:711;3:370,2
find,find,word,見みつける,見みつける,junior_high,1,4,4;3,動詞,4:700;3:153,2
finish,finish,word,終おえる,終おえる,junior_high,1,4,4;3,動詞,4:86;3:540,2
fool,fool,word,馬鹿ばか,馬鹿ばか,junior_high,1,4,4;3,名詞,4:483;3:672,2
foolish,foolish,word,愚かおろかな,愚かおろかな / 愚おろかな,junior_high,1,4,4;3,形容詞,4:151;3:933,2
foot,foot,word,足あし,足あし,junior_high,1,4,4;3,名詞,4:21;3:888,2
forget,forget,word,忘わすれる,忘わすれる / を忘れる，忘れ去る,junior_high,1,4,4;3;2,動詞,4:87;3:569;2:757,3
fourth,fourth,word,4番目ばんめ,4番目ばんめ,junior_high,1,4,4,,4:158,1
front,front,word,前まえ,前まえ,junior_high,1,4,4;3,名詞,4:48;3:1119,2
gave,gave,word,与あたえた,与あたえた,junior_high,1,4,4;3,動詞,4:427;3:651,2
got,got,word,得えた,得えた,junior_high,1,4,4,,4:167,1
grass,grass,word,草くさ,草くさ / 草,junior_high,1,4,4;3;2,名詞,4:588;3:1121;2:960,3
grow,grow,word,育そだてる,育そだてる,junior_high,1,4,4;3,動詞,4:359;3:89,2
had,had,word,食たべた,食たべた,junior_high,1,4,4,,4:177,1
hall,hall,word,廊下ろうか,廊下ろうか,junior_high,1,4,4;3,名詞,4:558;3:990,2
happen,happen,word,起おこる,起おこる / 起こる，発生する,junior_high,1,4,4;3;2,動詞,4:634;3:26;2:853,3
happiness,happiness,word,幸福こうふく,幸福こうふく,junior_high,1,4,4;3,名詞,4:471;3:1107,2
health,health,word,健康けんこう,健康けんこう,junior_high,1,4,4;3,名詞,4:79;3:607,2
hear,hear,word,聞きく,聞きく,junior_high,1,4,4;3,動詞,4:245;3:144,2
her,her,word,彼女かのじょの,彼女かのじょの,junior_high,1,4,4,,4:182;4:188,2
hers,hers,word,彼女かのじょのもの,彼女かのじょのもの,junior_high,1,4,4,,4:159,1
hill,hill,word,丘おか,丘おか,junior_high,1,4,4;3,名詞,4:104;3:582,2
him,him,word,彼かれを,彼かれを,junior_high,1,4,4,に,4:496,1
his,his,word,彼かれの,彼かれの,junior_high,1,4,4,,4:190,1
history,history,word,歴史れきし,歴史れきし / 歴史，過去,junior_high,1,4,4;3;2,名詞,4:360;3:403;2:979,3
hold,hold,word,握にぎる,握にぎる,junior_high,1,4,4;3,動詞,4:49;4:82;3:975,3
honest,honest,word,正直しょうじきな,正直しょうじきな / 正直な,junior_high,1,4,4;3;pre2,形容詞,4:160;3:1116;pre2:574,3
hope,hope,word,望のぞむ,望のぞむ,junior_high,1,4,4;3,動詞,4:222;3:63,2
host,host,word,主人しゅじん,主人しゅじん,junior_high,1,4,4,,4:403,1
hurry,hurry,word,急いそぐ,急いそぐ,junior_high,1,4,4;3,動詞,4:459;3:715,2
ice,ice,word,氷こおり,氷こおり,junior_high,1,4,4,,4:76,1
if,if,word,もし～なら,もし～なら,junior_high,1,4,4;3,接続詞,4:379;3:216,2
important,important,word,重要じゅうような,重要じゅうような,junior_high,1,4,4;3,形容詞,4:157;3:78,2
inside,inside,word,内側うちがわ,内側うちがわ / 中身，内部,junior_high,1,4,4;2,副詞,4:113;2:640,2
introduce,introduce,word,紹介しょうかいする,紹介しょうかいする / 紹介する，引き合わす,junior_high,1,4,4;3;pre2;2,動詞,4:617;3:832;pre2:705;2:469,4
invite,invite,word,招待しょうたいする,招待しょうたいする,junior_high,1,4,4;3,動詞,4:80;3:29,2
its,its,word,その,その,junior_high,1,4,4,,4:183,1
joy,joy,word,喜よろこび,喜よろこび / 喜び，歓喜,junior_high,1,4,4;pre2;2,名詞,4:169;pre2:1002;2:1545,3
just,just,word,ちょうど,ちょうど / たった今いま,junior_high,1,4,4;3,副詞,4:137;3:1162,2
land,land,word,土地とち,土地とち,junior_high,1,4,4;3,名詞,4:130;3:834,2
language,language,word,言語げんご,言語げんご / 言語，言葉,junior_high,1,4,4;3;pre2;2,名詞,4:261;3:1071;pre2:279;2:1212,4
last,last,word,この前まえの，最後さいごの,この前まえの，最後さいごの / 最後さいご / ひとつ前ひとつまえの、最後さいごの,junior_high,1,4,4;3,形容詞,4:4;4:12;3:469,3
laugh,laugh,word,笑わらう,笑わらう,junior_high,1,4,4;3,動詞,4:136;3:762,2
law,law,word,法律ほうりつ,法律ほうりつ / 法律，制度,junior_high,1,4,4;3;pre2;2,名詞,4:697;3:960;pre2:741;2:1014,4
leaf,leaf,word,葉は,葉は,junior_high,1,4,4;3,名詞,4:99;3:857,2
lend,lend,word,貸かす,貸かす,junior_high,1,4,4;3,動詞,4:528;3:378,2
lie,lie,word,嘘うそ,嘘うそ / 横よこたわる / うそ / 横たわる，寝転ぶ,junior_high,1,4,4;3;pre2;2,名詞;動詞,4:67;4:646;3:676;3:1203;pre2:221;pre2:1093;2:1110,7
light,light,word,光ひかり,光ひかり,junior_high,1,4,4,,4:497,1
lived,lived,word,住すんだ,住すんだ,junior_high,1,4,4,,4:543,1
lose,lose,word,失うしなう,失うしなう / 失う，無くす,junior_high,1,4,4;3;pre2;2,動詞,4:178;3:557;pre2:623;2:1893,4
loud,loud,word,騒さわがしい,騒さわがしい / 騒がしさわがしい,junior_high,1,4,4;3,形容詞,4:81;3:298,2
low,low,word,低ひくい,低ひくい,junior_high,1,4,4;3,形容詞,4:358;3:780,2
made,made,word,作つくった,作つくった,junior_high,1,4,4;3,動詞,4:209;3:660,2
magazine,magazine,word,雑誌ざっし,雑誌ざっし,junior_high,1,4,4;3,名詞,4:567;3:919,2
market,market,word,市場しじょう,市場しじょう / 市場いちば / 市場，市場経済,junior_high,1,4,4;3;2,名詞,4:58;3:606;2:717,3
mean,mean,word,意味いみする,意味いみする / を意味する，を示す,junior_high,1,4,4;3;pre2;2,動詞,4:65;3:1063;pre2:175;2:1290,4
meaning,meaning,word,意味いみ,意味いみ,junior_high,1,4,4;3,名詞,4:464;3:221,2
meat,meat,word,肉にく,肉にく,junior_high,1,4,4;3,名詞,4:94;3:592,2
medicine,medicine,word,薬くすり,薬くすり / 薬，医薬品,junior_high,1,4,4;3;pre2;2,名詞,4:447;3:822;pre2:1317;2:233,4
million,million,word,100万まん,100万まん / 100万,junior_high,1,4,4;3;pre2;2,名詞,4:539;3:139;pre2:261;2:46,4
mine,mine,word,私わたしのもの,私わたしのもの / 鉱山，地雷,junior_high,1,4,4;pre1,名詞,4:640;pre1:1274,2
neck,neck,word,首くび,首くび,junior_high,1,4,4,,4:508,1
nest,nest,word,巣す,巣す,junior_high,1,4,4;3,名詞,4:409;3:1005,2
net,net,word,網あみ,網あみ,junior_high,1,4,4,,4:176,1
north,north,word,北きた,北きた,junior_high,1,4,4;3,名詞,4:589;3:1147,2
once,once,word,かつて,かつて / かつて，1度,junior_high,1,4,4;3;2,副詞,4:189;3:241;2:500,3
or,or,word,それとも,それとも,junior_high,1,4,4,,4:372,1
other,other,word,他ほかの,他ほかの / ほかの,junior_high,1,4,4;3,形容詞,4:1;3:281,2
own,own,word,自分じぶんの,自分じぶんの / 自身の，自分自身の,junior_high,1,4,4;3;pre2;2,形容詞,4:10;3:74;pre2:1023;2:1418,4
past,past,word,過去かこの,過去かこの / 過去の，終わった,junior_high,1,4,4;3;pre2;2,名詞;形容詞,4:116;3:1034;pre2:235;2:1755,4
pay,pay,word,支払しはらう,支払しはらう,junior_high,1,4,4;3,動詞,4:124;3:172,2
people,people,word,人々ひとびと,人々ひとびと,junior_high,1,4,4;3,名詞,4:2;3:186,2
person,person,word,人ひと,人ひと,junior_high,1,4,4;3,名詞,4:90;3:995,2
pick,pick,word,選えらぶ,選えらぶ,junior_high,1,4,4;3,動詞,4:112;3:425,2
plan,plan,word,計画けいかくする,計画けいかくする,junior_high,1,4,4;3,動詞,4:704;3:32,2
planet,planet,word,惑星わくせい,惑星わくせい / 惑星，天体,junior_high,1,4,4;3;pre2;2,名詞,4:131;3:1148;pre2:1436;2:417,4
played,played,word,演奏えんそうした,演奏えんそうした,junior_high,1,4,4,,4:155,1
poem,poem,word,詩し,詩し,junior_high,1,4,4;3,名詞,4:503;3:1001,2
police,police,word,警察けいさつ,警察けいさつ,junior_high,1,4,4,,4:584,1
pond,pond,word,池いけ,池いけ,junior_high,1,4,4;3,名詞,4:132;3:580,2
poor,poor,word,貧乏びんぼうな,貧乏びんぼうな,junior_high,1,4,4;3,形容詞,4:180;3:650,2
popular,popular,word,人気にんきの,人気にんきの / 人気のある，評判の良い,junior_high,1,4,4;3;pre2;2,形容詞,4:54;3:7;pre2:448;2:1493,4
pork,pork,word,豚肉ぶたにく,豚肉ぶたにく,junior_high,1,4,4,,4:110,1
port,port,word,港みなと,港みなと,junior_high,1,4,4;3,名詞,4:47;3:848,2
problem,problem,word,問題もんだい,問題もんだい,junior_high,1,4,4;3,名詞,4:466;3:233,2
question,question,word,質問しつもん,質問しつもん,junior_high,1,4,4,,4:9,1
quiet,quiet,word,静しずかな,静しずかな,junior_high,1,4,4;3,形容詞,4:164;3:1090,2
rain,rain,word,雨あめ,雨あめ,junior_high,1,4,4,,4:20,1
real,real,word,ほんとうの,ほんとうの,junior_high,1,4,4,,4:138,1
realize,realize,word,実現じつげんする,実現じつげんする / だとわかる，実現する,junior_high,1,4,4;3;pre2;2,動詞,4:156;3:1186;pre2:418;2:1054,4
remember,remember,word,思おもい出だす,思おもい出だす / 覚おぼえている / 覚えている，を思い出す,junior_high,1,4,4;3;pre2;2,動詞,4:50;4:60;3:79;pre2:746;2:1390,5
rest,rest,word,休息きゅうそくする,休息きゅうそくする,junior_high,1,4,4;3,動詞,4:13;3:574,2
rise,rise,word,昇のぼる,昇のぼる / 上がる，昇る,junior_high,1,4,4;3;pre2;2,動詞,4:37;4:225;3:360;pre2:1090;2:1890,5
roof,roof,word,屋根やね,屋根やね,junior_high,1,4,4;3,名詞,4:115;3:820,2
row,row,word,こぐ,こぐ,junior_high,1,4,4;3,動詞,4:611;3:778,2
sailor,sailor,word,船員せんいん,船員せんいん,junior_high,1,4,4;3,名詞,4:117;3:740,2
salt,salt,word,塩しお,塩しお,junior_high,1,4,4;3,名詞,4:125;3:244,2
sang,sang,word,歌うたった,歌うたった,junior_high,1,4,4,,4:638,1
sat,sat,word,座すわった,座すわった,junior_high,1,4,4,,4:441,1
save,save,word,節約せつやくする,節約せつやくする,junior_high,1,4,4;3,動詞,4:147;3:200,2
saw,saw,word,見みた,見みた,junior_high,1,4,4,,4:595,1
say,say,word,言いう,言いう,junior_high,1,4,4,,4:7,1
seem,seem,word,～の様ように見みえる,～の様ように見みえる / の様に見える，思われる,junior_high,1,4,4;3;pre2;2,動詞,4:121;3:1146;pre2:483;2:1539,4
senior,senior,word,年上としうえの,年上としうえの / 年上としうえの，上級じょうきゅうの / ポストが上の/年上の人,junior_high,1,4,4;3;pre2;2,形容詞,4:174;3:819;pre2:1395;2:355,4
sent,sent,word,送おくった,送おくった,junior_high,1,4,4;3,動詞,4:708;3:710,2
set,set,word,置おく,置おく,junior_high,1,4,4,,4:57,1
shout,shout,word,叫さけぶ,叫さけぶ,junior_high,1,4,4;3,動詞,4:25;3:686,2
show,show,word,見みせる,見みせる,junior_high,1,4,4;3,動詞,4:36;3:50,2
snow,snow,word,雪ゆき,雪ゆき,junior_high,1,4,4,,4:88,1
sold,sold,word,売うった,売うった,junior_high,1,4,4;3,動詞,4:150;3:657,2
south,south,word,南みなみ,南みなみ,junior_high,1,4,4;3,名詞,4:474;3:891,2
spend,spend,word,費ついやす,費ついやす / を費やす，使う,junior_high,1,4,4;3;pre2;2,動詞,4:68;3:397;pre2:156;2:168,4
spoke,spoke,word,話はなした,話はなした,junior_high,1,4,4;3,動詞,4:146;3:659,2
stay,stay,word,滞在たいざい,滞在たいざい / 滞在たいざいする,junior_high,1,4,4;3,動詞,4:191;3:62,2
still,still,word,まだ,まだ,junior_high,1,4,4;3,副詞,4:149;3:6,2
stone,stone,word,石いし,石いし,junior_high,1,4,4,,4:109,1
stood,stood,word,立たった,立たった,junior_high,1,4,4,,4:139,1
stopped,stopped,word,止とまった,止とまった,junior_high,1,4,4,,4:384,1
strange,strange,word,奇妙きみょうな,奇妙きみょうな / 奇妙な，異常な,junior_high,1,4,4;3;pre2;2,形容詞,4:548;3:951;pre2:967;2:1185,4
studied,studied,word,勉強べんきょうした,勉強べんきょうした,junior_high,1,4,4;3,動詞,4:206;3:656,2
success,success,word,成功せいこう,成功せいこう / 成功，達成,junior_high,1,4,4;3;pre2;2,名詞,4:107;3:1195;pre2:564;2:1112,4
such,such,word,そのような,そのような,junior_high,1,4,4;3,形容詞,4:31;3:448,2
sugar,sugar,word,砂糖さとう,砂糖さとう,junior_high,1,4,4,,4:118,1
sun,sun,word,太陽たいよう,太陽たいよう,junior_high,1,4,4;3,名詞,4:43;3:633,2
sure,sure,word,確信かくしんして,確信かくしんして / 確信して，自信をもって,junior_high,1,4,4;3;2,形容詞,4:63;3:96;2:1984,3
tell,tell,word,伝つたえる,伝つたえる,junior_high,1,4,4;3,動詞,4:24;4:85;3:641,3
their,their,word,彼かれらの,彼かれらの,junior_high,1,4,4,,4:193,1
theirs,theirs,word,彼かれらのもの,彼かれらのもの,junior_high,1,4,4,,4:288,1
them,them,word,彼かれらを,彼かれらを,junior_high,1,4,4,に,4:613,1
then,then,word,そのとき,そのとき,junior_high,1,4,4;3,副詞,4:165;3:48,2
they,they,word,彼かれらは,彼かれらは,junior_high,1,4,4,,4:154,1
though,though,word,～だけれど,～だけれど / だけれども / だけれども，しかし,junior_high,1,4,4;3;2,接続詞,4:458;3:899;2:777,3
thought,thought,word,考かんがえ,考かんがえ / 考えること，意見,junior_high,1,4,4;3;pre2;2,名詞,4:172;3:796;pre2:201;2:1919,4
thousand,thousand,word,千せん、千せんの,千せん、千せんの / 千せん,junior_high,1,4,4;3,名詞,4:128;3:636,2
throw,throw,word,投なげる,投なげる,junior_high,1,4,4,,4:84,1
took,took,word,取とった,取とった,junior_high,1,4,4,,4:162,1
toy,toy,word,玩具おもちゃ,玩具おもちゃ,junior_high,1,4,4;3,名詞,4:200;3:560,2
tried,tried,word,試ためした,試ためした,junior_high,1,4,4,,4:148,1
understand,understand,word,理解りかいする,理解りかいする,junior_high,1,4,4;3,動詞,4:52;3:422,2
understood,understood,word,理解りかいした,理解りかいした,junior_high,1,4,4,,4:620,1
used,used,word,使つかった,使つかった,junior_high,1,4,4,,4:201,1
useful,useful,word,役やくに立たつ,役やくに立たつ / 役に立つ，有用な,junior_high,1,4,4;3;pre2;2,形容詞,4:73;3:642;pre2:931;2:1443,4
usual,usual,word,通常つうじょうの,通常つうじょうの,junior_high,1,4,4;3,形容詞,4:56;3:750,2
wake,wake,word,目めが覚さめる,目めが覚さめる,junior_high,1,4,4;3,動詞,4:123;3:980,2
war,war,word,戦争せんそう,戦争せんそう / 戦争，衝突,junior_high,1,4,4;3;pre2;2,名詞,4:69;3:818;pre2:686;2:1297,4
waste,waste,word,浪費ろうひ,浪費ろうひ / を浪費する/浪費，廃棄物,junior_high,1,4,4;3;pre2;2,動詞;名詞,4:175;3:914;pre2:39;2:137,4
watched,watched,word,見みた,見みた,junior_high,1,4,4,,4:152,1
wave,wave,word,波なみ,波なみ,junior_high,1,4,4;3,名詞,4:185;3:1015,2
weak,weak,word,弱よわい,弱よわい / 弱よわい，かすかな,junior_high,1,4,4;3,形容詞,4:170;3:1129,2
wear,wear,word,着きる,着きる / 身につけている，着用している,junior_high,1,4,4;3;pre2;2,動詞,4:70;3:182;pre2:605;2:1867,4
went,went,word,行いった,行いった,junior_high,1,4,4;3,動詞,4:186;3:420,2
while,while,word,～する間あいだ,～する間あいだ / 一方で,junior_high,1,4,4;3;pre2,接続詞,4:140;3:367;pre2:959,3
wife,wife,word,妻つま,妻つま,junior_high,1,4,4;3,名詞,4:93;3:452,2
wind,wind,word,風かぜ,風かぜ,junior_high,1,4,4;3,名詞,4:108;3:793,2
wish,wish,word,望のぞむ,望のぞむ,junior_high,1,4,4;3,動詞,4:100;3:527,2
wood,wood,word,木材もくざい,木材もくざい,junior_high,1,4,4;3,名詞,4:120;3:1084,2
word,word,word,言葉ことば,言葉ことば,junior_high,1,4,4;3,名詞,4:44;3:600,2
worried,worried,word,心配しんぱいした,心配しんぱいした,junior_high,1,4,4,,4:208,1
worry,worry,word,心配しんぱいさせる,心配しんぱいさせる / 心配させる，心配する,junior_high,1,4,4;3;pre2;2,動詞,4:92;3:309;pre2:1074;2:1004,4
yesterday,yesterday,word,昨日きのう,昨日きのう,junior_high,1,4,4;3,副詞,4:195;3:663,2
yours,yours,word,あなたのもの,あなたのもの,junior_high,1,4,4,,4:168,1
above,above,word,上うえに，上記じょうきの,上うえに，上記じょうきの,junior_high,2,3,3,副詞,3:971,1
abroad,abroad,word,外国がいこくへ,外国がいこくへ / 外国で，外国へ,junior_high,1,3,3;pre2;2,副詞,3:604;pre2:64;2:387,3
accept,accept,word,を受うけ入いれる,を受うけ入いれる / 受け入れる，受け取る,junior_high,1,3,3;pre2;2,動詞,3:957;pre2:696;2:1994,3
accident,accident,word,事故じこ,事故じこ,junior_high,2,3,3,名詞,3:250,1
actually,actually,word,実じつは、本当ほんとうは,実じつは、本当ほんとうは / 実際に，現実に,junior_high,1,3,3;pre2;2,副詞,3:541;pre2:1004;2:378,3
address,address,word,住所じゅうしょ,住所じゅうしょ / 住所，居住地,junior_high,1,3,3;pre2;2,名詞,3:674;pre2:695;2:1346,3
affect,affect,word,に影響えいきょうを与あたえる,に影響えいきょうを与あたえる / に影響を与える，に作用する,junior_high,1,3,3;pre2;2,動詞,3:1041;pre2:1244;2:80,3
agree,agree,word,賛成さんせいする,賛成さんせいする / 同意する，承認する,junior_high,2,3,3;pre2,動詞,3:647;pre2:404,2
ahead,ahead,word,前方ぜんぽうに,前方ぜんぽうに,junior_high,2,3,3,副詞,3:1208,1
airline,airline,word,航空会社こうくうがいしゃ,航空会社こうくうがいしゃ / 航空会社，航空業者,junior_high,1,3,3;pre2;2,名詞,3:576;pre2:1190;2:1339,3
almost,almost,word,ほとんど,ほとんど / ほとんど，たいてい,junior_high,1,3,3;pre2;2,副詞,3:37;pre2:1369;2:314,3
already,already,word,すでに、もう,すでに、もう,junior_high,2,3,3,副詞,3:175,1
although,although,word,であるけれど,であるけれど / だけれども，しかし,junior_high,1,3,3;pre2;2,接続詞,3:871;pre2:67;2:1456,3
amaze,amaze,word,をびっくりさせる,をびっくりさせる / をびっくりさせる，驚かせる,junior_high,2,3,3;pre1,動詞,3:860;pre1:434,2
amazing,amazing,word,驚おどろくべき,驚おどろくべき,junior_high,2,3,3,形容詞,3:299,1
amount,amount,word,量りょう，額がく,量りょう，額がく / 量，額,junior_high,1,3,3;pre2;2,名詞,3:906;pre2:40;2:187,3
angry,angry,word,怒おこった、腹はらを立たてた,怒おこった、腹はらを立たてた,junior_high,2,3,3,形容詞,3:224,1
announce,announce,word,を発表はっぴょうする,を発表はっぴょうする,junior_high,2,3,3,動詞,3:711,1
anyway,anyway,word,ともかく,ともかく,junior_high,2,3,3;pre2,副詞,3:307;pre2:100,2
anywhere,anywhere,word,どこでも,どこでも,junior_high,2,3,3,副詞,3:474,1
apply,apply,word,当あてはまる,当あてはまる / 適用する，応用する,junior_high,1,3,3;pre2;2,動詞,3:978;pre2:682;2:1221,3
army,army,word,陸軍りくぐん,陸軍りくぐん,junior_high,2,3,3,名詞,3:1070,1
around,around,word,のまわりに,のまわりに,junior_high,2,3,3,前置詞,3:483,1
arrest,arrest,word,を逮捕たいほする,を逮捕たいほする / を逮捕する，捕まえる,junior_high,1,3,3;pre2;2;pre1,動詞,3:946;pre2:1242;2:77;pre1:95,4
arrive,arrive,word,到着とうちゃくする,到着とうちゃくする,junior_high,2,3,3,動詞,3:98,1
arrow,arrow,word,矢や,矢や,junior_high,2,3,3,名詞,3:705,1
artistic,artistic,word,芸術的げいじゅつてきな,芸術的げいじゅつてきな,junior_high,2,3,3,形容詞,3:813,1
ashamed,ashamed,word,恥はじて,恥はじて / 恥じて，恥ずかしくて,junior_high,1,3,3;2;pre1,形容詞,3:1141;2:2272;pre1:3015,3
attend,attend,word,に通かよう、に出席しゅっせきする,に通かよう、に出席しゅっせきする / 出席する，付き添う,junior_high,1,3,3;pre2;2,動詞,3:501;pre2:450;2:1379,3
attention,attention,word,注意ちゅうい,注意ちゅうい,junior_high,2,3,3,名詞,3:282,1
audience,audience,word,聴衆ちょうしゅう，観客かんきゃく,聴衆ちょうしゅう，観客かんきゃく / 聴衆，観客,junior_high,1,3,3;pre2;2,名詞,3:984;pre2:274;2:839,3
awake,awake,word,目めが覚さめる,目めが覚さめる / 目を覚ましている，覚醒している,junior_high,1,3,3;pre2;2,形容詞,3:1022;pre2:1013;2:1442,3
award,award,word,賞しょう,賞しょう / 賞,junior_high,1,3,3;pre2;2,名詞,3:312;pre2:660;2:2270,3
awesome,awesome,word,すばらしい,すばらしい,junior_high,2,3,3,形容詞,3:702,1
bake,bake,word,焼やく,焼やく / 焼く，焼成する,junior_high,2,3,3;2,動詞,3:739;2:2146,2
bakery,bakery,word,パン屋ぱんや,パン屋ぱんや,junior_high,2,3,3,名詞,3:318,1
ban,ban,word,を禁止きんしする,を禁止きんしする / を禁止する/禁止 / を禁止する，を禁制する,junior_high,1,3,3;pre2;2;pre1,動詞,3:833;pre2:648;2:403;pre1:510,4
bank,bank,word,銀行ぎんこう,銀行ぎんこう,junior_high,2,3,3,名詞,3:197,1
barber,barber,word,散髪屋さんぱつや,散髪屋さんぱつや,junior_high,2,3,3,名詞,3:757,1
beginning,beginning,word,最初さいしょ,最初さいしょ,junior_high,2,3,3,名詞,3:668,1
behavior,behavior,word,ふるまい,ふるまい / 振る舞い，態度,junior_high,1,3,3;pre2;2,名詞,3:1136;pre2:322;2:1037,3
behind,behind,word,背後はいごに,背後はいごに / 背後に，後方に,junior_high,1,3,3;pre2;2,前置詞;副詞,3:563;pre2:36;2:1083,3
belong,belong,word,のものである,のものである / に属する，所属する,junior_high,1,3,3;pre2;2,動詞,3:851;pre2:535;2:1772,3
below,below,word,下したに、下記かきの,下したに、下記かきの,junior_high,2,3,3,副詞,3:293,1
beside,beside,word,横よこに,横よこに / の横に，隣に,junior_high,2,3,3;2,前置詞,3:129;2:1154,2
besides,besides,word,その上うえ，さらに,その上うえ，さらに,junior_high,2,3,3,接続詞,3:1099,1
beyond,beyond,word,を超こえた所ところに,を超こえた所ところに / ～を越えたところに，～を超えた場所に,junior_high,1,3,3;pre2;2,前置詞,3:1043;pre2:432;2:529,3
billion,billion,word,10億おく,10億おく / 10億,junior_high,2,3,3;2,名詞,3:1091;2:2271,2
bit,bit,word,少すこし,少すこし,junior_high,2,3,3,名詞,3:929,1
blind,blind,word,目めの見みえない,目めの見みえない,junior_high,2,3,3,形容詞,3:1178,1
blood,blood,word,血ち,血ち / 血，血液,junior_high,1,3,3;pre2;2,名詞,3:1051;pre2:1159;2:1582,3
blow,blow,word,吹ふく,吹ふく / 吹く，吹き飛ばす,junior_high,1,3,3;pre2;2,動詞,3:866;pre2:185;2:978,3
boil,boil,word,ゆでる、煮にる,ゆでる、煮にる,junior_high,2,3,3,動詞,3:402,1
bomb,bomb,word,爆弾ばくだん,爆弾ばくだん,junior_high,2,3,3,名詞,3:982,1
border,border,word,国境こっきょう,国境こっきょう / 国境，境界,junior_high,1,3,3;2;pre1,名詞,3:746;2:664;pre1:2716,3
boring,boring,word,つまらない,つまらない,junior_high,2,3,3,形容詞,3:290,1
born,born,word,生うまれる,生うまれる,junior_high,2,3,3,形容詞,3:754,1
both,both,word,両方りょうほうの,両方りょうほうの,junior_high,2,3,3,形容詞,3:654,1
bother,bother,word,面倒めんどう,面倒めんどう / 面倒，迷惑をかける / 面倒/迷惑をかける,junior_high,1,3,3;pre2;2,動詞,3:706;pre2:37;2:930,3
brain,brain,word,頭脳ずのう,頭脳ずのう / 頭脳，脳,junior_high,1,3,3;pre2;2,名詞,3:742;pre2:229;2:110,3
branch,branch,word,枝えだ,枝えだ,junior_high,2,3,3,名詞,3:782,1
brave,brave,word,勇敢ゆうかんな,勇敢ゆうかんな,junior_high,2,3,3,形容詞,3:985,1
break,break,word,壊こわれる，破やぶる,壊こわれる，破やぶる,junior_high,2,3,3,動詞,3:105,1
breed,breed,word,を飼育しいくする，繁殖はんしょくする,を飼育しいくする，繁殖はんしょくする / を飼育する，繁殖する,junior_high,1,3,3;2;pre1,動詞,3:877;2:2036;pre1:232,3
burden,burden,word,負担ふたん，重荷おもに,負担ふたん，重荷おもに / 負担，重荷,junior_high,1,3,3;2;pre1,名詞,3:1083;2:594;2:2208;pre1:3127,4
burn,burn,word,を燃もやす,を燃もやす,junior_high,2,3,3,動詞,3:598,1
calligraphy,calligraphy,word,書道しょどう,書道しょどう,junior_high,2,3,3,名詞,3:693,1
calm,calm,word,落おち着ついた,落おち着ついた / 穏やかな，静かな,junior_high,2,3,3;2,形容詞,3:694;2:1883,2
cancer,cancer,word,がん,がん,junior_high,2,3,3,名詞,3:721,1
capture,capture,word,を捕つかまえる,を捕つかまえる / を捕まえる，捉える,junior_high,2,3,3;2,動詞,3:939;2:782,2
care,care,word,注意ちゅういする、世話せわする,注意ちゅういする、世話せわする,junior_high,2,3,3,動詞,3:189,1
celebrate,celebrate,word,祝いわう,祝いわう / 祝う，祝福する,junior_high,1,3,3;pre2;2,動詞,3:345;pre2:1305;2:212,3
century,century,word,世紀せいき,世紀せいき,junior_high,2,3,3,名詞,3:534,1
certain,certain,word,確たしかな,確たしかな / ある，確信している,junior_high,1,3,3;pre2;2,形容詞,3:1037;pre2:320;2:111,3
certainly,certainly,word,確たしかに,確たしかに / 確かに，間違いなく,junior_high,1,3,3;pre2;2,副詞,3:1154;pre2:23;2:216,3
charge,charge,word,を充電じゅうでんする,を充電じゅうでんする / 非難，料金，管理/に請求する,junior_high,1,3,3;pre2;2,動詞;名詞,3:1134;pre2:813;2:375,3
cheap,cheap,word,安やすい,安やすい,junior_high,2,3,3,形容詞,3:46,1
chemical,chemical,word,化学物質かがくぶっしつ,化学物質かがくぶっしつ / 化学物質/化学の,junior_high,1,3,3;pre2;2,名詞,3:936;pre2:190;2:199,3
climate,climate,word,気候きこう,気候きこう / 気候，天候,junior_high,1,3,3;pre2;2,名詞,3:908;pre2:68;2:31,3
coal,coal,word,石炭せきたん,石炭せきたん / 石炭，炭,junior_high,1,3,3;pre2;2,名詞,3:788;pre2:673;2:1979,3
collect,collect,word,集あつめる,集あつめる / 集める，収集する,junior_high,1,3,3;pre2;2,動詞,3:249;pre2:14;2:1736,3
colony,colony,word,植民地しょくみんち,植民地しょくみんち / 植民地，入植地,junior_high,2,3,3;2,名詞,3:1032;2:1494,2
comfortable,comfortable,word,心地ここちの良よい,心地ここちの良よい / 心地の良い，快適な,junior_high,1,3,3;pre2;2,形容詞,3:590;pre2:17;2:1383,3
common,common,word,共通きょうつうの,共通きょうつうの / 共通の，共同の,junior_high,1,3,3;pre2;2,形容詞,3:785;pre2:174;2:14,3
company,company,word,会社かいしゃ,会社かいしゃ / 会社,junior_high,2,3,3;pre2,名詞,3:393;pre2:27,2
complain,complain,word,不満ふまんを言いう,不満ふまんを言いう / 不満を言う，不平を言う,junior_high,1,3,3;pre2;2,動詞,3:554;pre2:204;2:1502,3
condition,condition,word,状況じょうきょう,状況じょうきょう / 状態，条件，情勢,junior_high,1,3,3;pre2;2,名詞,3:1082;pre2:69;2:263,3
consumer,consumer,word,消費者しょうひしゃ,消費者しょうひしゃ / 消費者，利用者,junior_high,1,3,3;pre2;2,名詞,3:1110;pre2:677;2:1301,3
continue,continue,word,続つづく,続つづく / をし続ける，続ける,junior_high,1,3,3;pre2;2,動詞,3:601;pre2:47;2:1827,3
convenient,convenient,word,便利べんりな,便利べんりな / 都合がよい，便利な,junior_high,1,3,3;pre2;2,形容詞,3:874;pre2:1101;2:1463,3
correct,correct,word,正解せいかい,正解せいかい / 正確な/を訂正する,junior_high,1,3,3;pre2;2,形容詞,3:624;pre2:49;2:334,3
cost,cost,word,費用ひよう,費用ひよう,junior_high,2,3,3,名詞,3:254,1
could,could,word,できた,できた,junior_high,2,3,3,助動詞,3:1131,1
countryside,countryside,word,田舎いなか,田舎いなか / 田舎，地方,junior_high,2,3,3;pre1,名詞,3:905;pre1:153,2
courage,courage,word,勇気ゆうき,勇気ゆうき / 勇気，勇猛,junior_high,2,3,3;2,名詞,3:1064;2:1272,2
cousin,cousin,word,いとこ,いとこ,junior_high,2,3,3,名詞,3:210,1
crazy,crazy,word,気きの狂くるった,気きの狂くるった,junior_high,2,3,3,形容詞,3:1024,1
creative,creative,word,創造力そうぞうりょくのある,創造力そうぞうりょくのある / 創造的な，独創的な,junior_high,2,3,3;2,形容詞,3:836;2:1053,2
crowd,crowd,word,群衆ぐんしゅう,群衆ぐんしゅう / 群衆，大衆,junior_high,1,3,3;pre2;2,名詞,3:717;pre2:987;2:1385,3
cry,cry,word,泣なく,泣なく,junior_high,2,3,3,動詞,3:584,1
curious,curious,word,好奇心こうきしんの強つよい,好奇心こうきしんの強つよい / 好奇心が強い，探究心が強い,junior_high,1,3,3;pre2;2,形容詞,3:947;pre2:478;2:1294,3
custom,custom,word,習慣しゅうかん,習慣しゅうかん / 習慣，慣例 / 習慣，慣習,junior_high,1,3,3;pre2;2,名詞,3:709;pre2:582;2:1281;2:2269,4
customer,customer,word,顧客こきゃく,顧客こきゃく / 顧客，お客様,junior_high,1,3,3;pre2;2,名詞,3:239;pre2:1177;2:11,3
daily,daily,word,日常にちじょうの,日常にちじょうの,junior_high,2,3,3,形容詞,3:840,1
dangerous,dangerous,word,危険きけんな,危険きけんな,junior_high,2,3,3,形容詞,3:665,1
daughter,daughter,word,娘むすめ,娘むすめ,junior_high,2,3,3,名詞,3:455,1
dead,dead,word,死しんだ,死しんだ,junior_high,2,3,3,形容詞,3:901,1
death,death,word,死し,死し,junior_high,2,3,3,名詞,3:752,1
debate,debate,word,討論とうろん,討論とうろん / 討論，議論,junior_high,1,3,3;pre2;2,名詞,3:1017;pre2:592;2:1594,3
decision,decision,word,決定けってい,決定けってい / 決定，結論,junior_high,1,3,3;pre2;2,名詞,3:966;pre2:186;2:1422,3
definitely,definitely,word,もちろん、確たしかに,もちろん、確たしかに / 絶対に，確実に / もちろん，確かに,junior_high,1,3,3;pre2;2,副詞,3:802;pre2:363;2:2273,3
depend,depend,word,頼たよる,頼たよる / 依存する，頼る,junior_high,1,3,3;pre2;2,動詞,3:1112;pre2:641;2:1086,3
desert,desert,word,砂漠さばく,砂漠さばく / 砂漠，乾燥地帯,junior_high,1,3,3;pre2;2,名詞,3:846;pre2:1037;2:812,3
design,design,word,を設計せっけいする,を設計せっけいする,junior_high,2,3,3,動詞,3:490,1
destroy,destroy,word,を破壊はかいする,を破壊はかいする / を破壊する，を壊す,junior_high,1,3,3;pre2;2,動詞,3:734;pre2:45;2:1700,3
development,development,word,開発かいはつ,開発かいはつ / 発展，発達，開発,junior_high,1,3,3;pre2;2,名詞,3:931;pre2:501;2:65,3
device,device,word,装置そうち,装置そうち / 装置，仕掛け,junior_high,1,3,3;pre2;2,名詞,3:1158;pre2:578;2:29,3
difference,difference,word,違ちがい,違ちがい / 違い，差分,junior_high,1,3,3;pre2;2,名詞,3:538;pre2:1021;2:1978,3
dirty,dirty,word,汚きたない,汚きたない,junior_high,2,3,3,形容詞,3:228,1
disagree,disagree,word,意見いけんが合あわない,意見いけんが合あわない / 反対する，拒否する,junior_high,2,3,3;2,動詞,3:733;2:1914,2
disaster,disaster,word,災害さいがい,災害さいがい / 災害，災難,junior_high,1,3,3;pre2;2;pre1,名詞,3:1125;pre2:181;2:1196;pre1:2257,4
discrimination,discrimination,word,差別さべつ,差別さべつ / 差別/差別的な,junior_high,1,3,3;2;pre1,名詞,3:924;2:2144;pre1:996,3
discuss,discuss,word,話はなし合あう,話はなし合あう / について議論する，検討する,junior_high,1,3,3;pre2;2,動詞,3:838;pre2:97;2:1853,3
discussion,discussion,word,討論とうろん,討論とうろん / 議論，討論,junior_high,1,3,3;pre2;2,名詞,3:1027;pre2:1113;2:1008,3
disease,disease,word,病気びょうき,病気びょうき / 病気，疾患,junior_high,1,3,3;pre2;2,名詞,3:1128;pre2:358;2:26,3
domestic,domestic,word,国内こくないの,国内こくないの / 国内の，家庭の / 国内の，自国の,junior_high,1,3,3;pre2;2;pre1,形容詞,3:806;pre2:1132;2:951;2:2143;pre1:3358,5
donate,donate,word,を寄付きふする,を寄付きふする / を寄付する，を寄贈する,junior_high,1,3,3;2;pre1,動詞,3:1003;2:2139;pre1:1895,3
drive,drive,word,運転うんてんする,運転うんてんする,junior_high,2,3,3,動詞,3:149,1
drop,drop,word,落おちる,落おちる,junior_high,2,3,3,動詞,3:823,1
drove,drove,word,運転うんてんした,運転うんてんした,junior_high,2,3,3,動詞,3:779,1
earthquake,earthquake,word,地震じしん,地震じしん / 地震,junior_high,2,3,3;pre1,名詞,3:760;pre1:84,2
ecosystem,ecosystem,word,生態系せいたいけい,生態系せいたいけい,junior_high,2,3,3,名詞,3:827,1
effective,effective,word,効果的こうかてきな,効果的こうかてきな / 効果的な，有用な,junior_high,1,3,3;pre2;2,形容詞,3:1076;pre2:1117;2:650,3
electricity,electricity,word,電力でんりょく,電力でんりょく / 電力，電気,junior_high,1,3,3;pre2;2;pre1,名詞,3:855;pre2:1314;2:227;pre1:200,4
electronic,electronic,word,電子でんしの,電子でんしの / 電子の，電子式の,junior_high,1,3,3;pre2;2,形容詞,3:713;pre2:588;2:1460,3
else,else,word,その他たに,その他たに,junior_high,2,3,3,副詞,3:959,1
emergency,emergency,word,緊急事態きんきゅうじたい,緊急事態きんきゅうじたい / 緊急，急ぎ / 緊急事態，緊急,junior_high,1,3,3;pre2;2,名詞,3:758;pre2:38;2:2191,3
employee,employee,word,従業員じゅうぎょういん,従業員じゅうぎょういん / 従業員，社員,junior_high,1,3,3;pre2;2,名詞,3:1183;pre2:462;2:1959,3
encourage,encourage,word,を勇気ゆうきづける,を勇気ゆうきづける / を勇気づける，励ます,junior_high,1,3,3;pre2;2;pre1,動詞,3:749;pre2:689;2:699;pre1:3116,4
endangered,endangered,word,絶滅ぜつめつの危機ききにさらされている,絶滅ぜつめつの危機ききにさらされている / 絶滅の危機にさらされている,junior_high,2,3,3;pre1,形容詞,3:873;pre1:3372,2
enemy,enemy,word,敵てき,敵てき,junior_high,2,3,3,名詞,3:703,1
environment,environment,word,環境かんきょう、状況じょうきょう,環境かんきょう、状況じょうきょう / 環境，状況,junior_high,1,3,3;pre2;2,名詞,3:380;pre2:820;2:3,3
establish,establish,word,を設立せつりつする,を設立せつりつする / を設立する，創設する,junior_high,1,3,3;pre2;2,動詞,3:858;pre2:164;2:253,3
evacuation,evacuation,word,避難ひなん,避難ひなん,junior_high,2,3,3,名詞,3:677,1
everywhere,everywhere,word,どこでも,どこでも,junior_high,2,3,3,副詞,3:211,1
exception,exception,word,例外れいがい,例外れいがい / 例外，特例,junior_high,1,3,3;pre2;2,名詞,3:1152;pre2:1467;2:463,3
exchange,exchange,word,交換こうかん,交換こうかん,junior_high,2,3,3,動詞,3:644,1
excited,excited,word,興奮こうふんした,興奮こうふんした,junior_high,2,3,3,形容詞,3:40,1
expensive,expensive,word,高価こうかな，費用ひようのかかる,高価こうかな，費用ひようのかかる / 高価な，費用のかかる,junior_high,1,3,3;pre2;2,形容詞,3:18;pre2:1020;2:920,3
extend,extend,word,を広ひろげる,を広ひろげる / 延びる，延長する,junior_high,1,3,3;pre2;2,動詞,3:1106;pre2:872;2:1958,3
extinction,extinction,word,絶滅ぜつめつ,絶滅ぜつめつ / 絶滅，消失,junior_high,2,3,3;2,名詞,3:1056;2:1285,2
extinguisher,extinguisher,word,消火器しょうかき,消火器しょうかき,junior_high,2,3,3,名詞,3:986,1
fact,fact,word,事実じじつ、現実げんじつ,事実じじつ、現実げんじつ,junior_high,2,3,3,名詞,3:549,1
fantastic,fantastic,word,素晴すばらしい,素晴すばらしい / 素晴らしい,junior_high,2,3,3;pre1,形容詞,3:1057;pre1:562,2
feather,feather,word,羽はね,羽はね / 羽根，羽毛,junior_high,2,3,3;pre1,名詞,3:1019;pre1:199,2
few,few,word,いくつかの,いくつかの,junior_high,2,3,3,形容詞,3:417,1
fight,fight,word,戦たたかう,戦たたかう,junior_high,2,3,3,動詞,3:707,1
fill,fill,word,いっぱいにする,いっぱいにする,junior_high,2,3,3,動詞,3:723,1
film,film,word,映画えいが,映画えいが,junior_high,2,3,3,名詞,3:1115,1
finally,finally,word,ついに、やっと,ついに、やっと / ついに，やっと,junior_high,2,3,3;2,副詞,3:578;2:868,2
finger,finger,word,指ゆび,指ゆび,junior_high,2,3,3,名詞,3:384,1
fire,fire,word,火事かじ,火事かじ / を首くびにする，解雇かいこする / 首にする，火をつける/火，火事,junior_high,1,3,3;pre2;2,名詞;動詞,3:1175;3:1197;pre2:336;2:1858,4
fix,fix,word,固定こていする,固定こていする / 固定する，固める / 固定する，修理する,junior_high,1,3,3;pre2;2,動詞,3:463;pre2:757;2:1168,3
flat,flat,word,平たいらな,平たいらな,junior_high,2,3,3,形容詞,3:839,1
flavor,flavor,word,風味ふうみ,風味ふうみ / 風味，味,junior_high,1,3,3;pre2;2,名詞,3:591;pre2:76;2:1899,3
flight,flight,word,飛行ひこう,飛行ひこう,junior_high,2,3,3,名詞,3:997,1
focus,focus,word,集中しゅうちゅうする,集中しゅうちゅうする / 焦点，中心,junior_high,1,3,3;pre2;2,動詞;名詞,3:1170;pre2:995;2:1559,3
fold,fold,word,を折おる，折おりたたむ,を折おる，折おりたたむ / 折りたたむ，畳む,junior_high,1,3,3;2;pre1,動詞,3:926;2:1933;pre1:3348,3
foreign,foreign,word,外国がいこくの,外国がいこくの / 外国の，海外の,junior_high,1,3,3;pre2;2,形容詞,3:617;pre2:871;2:1260,3
fortunately,fortunately,word,幸運こううんにも,幸運こううんにも / 運よく，幸いにも,junior_high,2,3,3;pre1,副詞,3:1151;pre1:152,2
forward,forward,word,前まえへ,前まえへ / 前方へ，前に,junior_high,1,3,3;pre2;2,副詞,3:1181;pre2:691;2:1665,3
found,found,word,を見みつけた,を見みつけた / 設立する，創立する,junior_high,2,3,3;2,動詞,3:678;2:1797,2
fresh,fresh,word,新鮮しんせんな,新鮮しんせんな,junior_high,2,3,3,形容詞,3:608,1
functional,functional,word,実用的じつようてきな,実用的じつようてきな / 機能的な，機能上の,junior_high,2,3,3;pre1,形容詞,3:853;pre1:1475,2
garden,garden,word,庭にわ,庭にわ,junior_high,2,3,3,名詞,3:54,1
gas,gas,word,ガソリン,ガソリン,junior_high,2,3,3,名詞,3:728,1
gentle,gentle,word,優やさしい,優やさしい / 穏やかな，物柔らかな,junior_high,1,3,3;pre2;2,形容詞,3:684;pre2:566;2:997,3
given,given,word,与あたえた,与あたえた / 与えられた，授与された,junior_high,1,3,3;pre2;2,形容詞,3:1009;pre2:981;2:1813,3
glad,glad,word,うれしい,うれしい,junior_high,2,3,3,形容詞,3:292,1
god,god,word,神かみ,神かみ,junior_high,2,3,3,名詞,3:1177,1
government,government,word,政府せいふ,政府せいふ / 政府，行政府，内閣,junior_high,1,3,3;pre2;2,名詞,3:904;pre2:50;2:44,3
grade,grade,word,評価ひょうか,評価ひょうか,junior_high,2,3,3,名詞,3:587,1
graduate,graduate,word,卒業そつぎょうする,卒業そつぎょうする / を卒業する，を修了する,junior_high,1,3,3;pre2;2,動詞,3:661;pre2:985;2:231,3
graduation,graduation,word,卒業そつぎょう,卒業そつぎょう,junior_high,2,3,3,名詞,3:1092,1
grew,grew,word,育そだった,育そだった,junior_high,2,3,3,動詞,3:404,1
growth,growth,word,増加ぞうか,増加ぞうか,junior_high,2,3,3,名詞,3:969,1
gym,gym,word,体育館たいいくかん,体育館たいいくかん,junior_high,2,3,3,名詞,3:875,1
habit,habit,word,習慣しゅうかん,習慣しゅうかん / 習慣，慣行 / 習慣，慣習,junior_high,1,3,3;pre2;2,名詞,3:755;pre2:638;2:665;2:2124,4
handle,handle,word,を処理しょりする,を処理しょりする / を手で扱う，に対処する/取っ手,junior_high,1,3,3;pre2;2,動詞,3:428;pre2:628;2:262,3
headache,headache,word,頭痛ずつう,頭痛ずつう / 頭痛,junior_high,2,3,3;pre1,名詞,3:470;pre1:198,2
healthy,healthy,word,健康けんこうな,健康けんこうな,junior_high,2,3,3,形容詞,3:111,1
heard,heard,word,聞きいた,聞きいた,junior_high,2,3,3,動詞,3:1088,1
heat,heat,word,熱ねつ,熱ねつ,junior_high,2,3,3,名詞,3:1095,1
heaven,heaven,word,天国てんごく,天国てんごく,junior_high,2,3,3,名詞,3:671,1
heavy,heavy,word,重おもい,重おもい,junior_high,2,3,3,形容詞,3:92,1
held,held,word,握にぎった,握にぎった,junior_high,2,3,3,動詞,3:628,1
himself,himself,word,彼自身かれじしんを,彼自身かれじしんを,junior_high,2,3,3,代名詞,3:1199,1
hit,hit,word,打うつ,打うつ,junior_high,2,3,3,動詞,3:222,1
hole,hole,word,穴あな,穴あな,junior_high,2,3,3,名詞,3:381,1
holy,holy,word,神聖しんせいな,神聖しんせいな / 神聖な，聖なる,junior_high,2,3,3;2,形容詞,3:912;2:2226,2
honey,honey,word,蜂蜜はちみつ,蜂蜜はちみつ,junior_high,2,3,3,名詞,3:1120,1
hopeful,hopeful,word,希望きぼうを持もっている,希望きぼうを持もっている,junior_high,2,3,3,形容詞,3:842,1
horizon,horizon,word,地平線ちへいせん、水平線すいへいせん,地平線ちへいせん、水平線すいへいせん / 地平線，水平線,junior_high,2,3,3;pre1,名詞,3:338;pre1:94,2
horror,horror,word,恐怖きょうふ,恐怖きょうふ / 恐怖，怖さ,junior_high,1,3,3;pre2;2,名詞,3:499;pre2:401;2:1070,3
however,however,word,しかし,しかし / しかしながら，どんなに～でも,junior_high,1,3,3;pre2;2,接続詞;副詞,3:616;pre2:13;2:2,3
hurt,hurt,word,を傷きずつける,を傷きずつける / を傷つける,junior_high,2,3,3;pre2,動詞,3:118;pre2:52,2
husband,husband,word,夫おっと,夫おっと,junior_high,2,3,3,名詞,3:283,1
illegal,illegal,word,違法いほうな,違法いほうな / 違法の，不正な / 違法な，不法な,junior_high,1,3,3;pre2;2;pre1,形容詞,3:712;pre2:1179;2:1147;pre1:1152,4
illiterate,illiterate,word,読よみ書かきのできない,読よみ書かきのできない / 読み書きのできない / 文盲の,junior_high,1,3,3;pre1;1,形容詞,3:828;pre1:3318;1:3080,3
image,image,word,画像がぞう，印象いんしょう,画像がぞう，印象いんしょう,junior_high,2,3,3,名詞,3:1143,1
imagine,imagine,word,を想像そうぞうする,を想像そうぞうする,junior_high,2,3,3,動詞,3:332,1
import,import,word,を輸入ゆにゅうする,を輸入ゆにゅうする / 輸入する，直輸入する,junior_high,1,3,3;pre2;2,動詞,3:1007;pre2:194;2:1869,3
include,include,word,を含ふくむ,を含ふくむ / を含む，内包する,junior_high,1,3,3;pre2;2,動詞,3:974;pre2:555;2:789,3
increase,increase,word,を増ふやす，増大ぞうだいさせる,を増ふやす，増大ぞうだいさせる / を増やす，増大させる,junior_high,1,3,3;pre2;2,動詞,3:879;pre2:697;2:203,3
indeed,indeed,word,実じつに,実じつに / 実に，全く,junior_high,1,3,3;pre2;2,副詞,3:903;pre2:216;2:847,3
independence,independence,word,独立どくりつ,独立どくりつ / 独立，自立,junior_high,2,3,3;pre2,名詞,3:683;pre2:755,2
information,information,word,情報じょうほう,情報じょうほう / 情報,junior_high,2,3,3;pre2,名詞,3:171;pre2:7,2
injure,injure,word,を傷きずつける,を傷きずつける / を傷つける,junior_high,2,3,3;pre1,動詞,3:496;pre1:206,2
instead,instead,word,そのかわりに,そのかわりに / 代わりに，その代わり,junior_high,1,3,3;pre2;2;pre1,副詞,3:51;pre2:19;2:5;pre1:145,4
instruction,instruction,word,指示しじ,指示しじ / 指示，指導,junior_high,1,3,3;pre2;2,名詞,3:913;pre2:737;2:425,3
interest,interest,word,興味きょうみ,興味きょうみ,junior_high,2,3,3,名詞,3:618,1
international,international,word,国際的こくさいてきな,国際的こくさいてきな / 国際的な，国際レベルの,junior_high,1,3,3;pre2;2,形容詞,3:285;pre2:424;2:1140,3
invent,invent,word,を発明はつめいする,を発明はつめいする / を発明する，創造する,junior_high,1,3,3;pre2;2,動詞,3:191;pre2:734;2:698,3
inventor,inventor,word,発明家はつめいか,発明家はつめいか,junior_high,2,3,3,名詞,3:753,1
iron,iron,word,鉄てつ,鉄てつ,junior_high,2,3,3,名詞,3:987,1
jewel,jewel,word,宝石ほうせき,宝石ほうせき,junior_high,2,3,3,名詞,3:897,1
joined,joined,word,参加さんかした,参加さんかした,junior_high,2,3,3,動詞,3:406,1
judge,judge,word,審判員しんぱんいん,審判員しんぱんいん / を判断する/裁判官,junior_high,1,3,3;pre2;2,名詞;動詞,3:552;pre2:87;2:1913,3
keep,keep,word,を保たもつ,を保たもつ,junior_high,2,3,3,動詞,3:257,1
late,late,word,遅おそい,遅おそい,junior_high,2,3,3,形容詞,3:259,1
later,later,word,後のちに,後のちに / 後に，以後,junior_high,1,3,3;pre2;2,副詞,3:70;pre2:386;2:1017,3
latest,latest,word,最新さいしんの,最新さいしんの / 最新の，最先端の,junior_high,2,3,3;2,形容詞,3:714;2:1488,2
lawyer,lawyer,word,弁護士べんごし,弁護士べんごし / 弁護士，法律家,junior_high,2,3,3;2,名詞,3:1190;2:2112,2
lazy,lazy,word,怠なまけ者ものの,怠なまけ者ものの / 怠け者の，ぐうたらの,junior_high,2,3,3;2,形容詞,3:923;2:747,2
lead,lead,word,を導みちびく,を導みちびく,junior_high,2,3,3,動詞,3:885,1
let,let,word,～に～をさせる,～に～をさせる,junior_high,2,3,3,動詞,3:892,1
letter,letter,word,手紙てがみ,手紙てがみ,junior_high,2,3,3,名詞,3:408,1
limited,limited,word,限かぎられた,限かぎられた,junior_high,2,3,3,形容詞,3:907,1
lip,lip,word,唇くちびる,唇くちびる,junior_high,2,3,3,名詞,3:769,1
little,little,word,ほとんど～ない,ほとんど～ない / 小ちいさい，かわいい,junior_high,2,3,3,形容詞,3:816;3:1103,2
local,local,word,地元じもとの,地元じもとの,junior_high,2,3,3,形容詞,3:376,1
loss,loss,word,失うしなうこと，喪失そうしつ,失うしなうこと，喪失そうしつ,junior_high,2,3,3,名詞,3:1118,1
lost,lost,word,失うしなった,失うしなった,junior_high,2,3,3,動詞,3:638,1
lullaby,lullaby,word,子守歌こもりうた,子守歌こもりうた,junior_high,2,3,3,名詞,3:1018,1
manager,manager,word,部長ぶちょう,部長ぶちょう / 部長，支配人,junior_high,1,3,3;pre2;2,名詞,3:602;pre2:792;2:983,3
match,match,word,試合しあい,試合しあい / 試合，競技,junior_high,1,3,3;pre2;2,名詞,3:1042;pre2:756;2:1776,3
matter,matter,word,問題もんだい、困こまったこと,問題もんだい、困こまったこと / 問題，困ったこと,junior_high,1,3,3;pre2;2,名詞,3:568;pre2:1182;2:605,3
maybe,maybe,word,たぶん,たぶん / たぶん，おそらく,junior_high,1,3,3;pre2;2,副詞,3:116;pre2:1079;2:1917,3
meant,meant,word,意味いみした,意味いみした,junior_high,2,3,3,動詞,3:1135,1
merchant,merchant,word,商人しょうにん,商人しょうにん / 商人，販売者,junior_high,1,3,3;pre2;2,名詞,3:1086;pre2:380;2:1557,3
metal,metal,word,金属きんぞく,金属きんぞく / 金属，合金,junior_high,1,3,3;pre2;2,名詞,3:1030;pre2:1250;2:94,3
midnight,midnight,word,真夜中まよなか,真夜中まよなか,junior_high,2,3,3,名詞,3:1109,1
mind,mind,word,精神せいしん,精神せいしん,junior_high,2,3,3,名詞,3:1174,1
mirror,mirror,word,鏡かがみ,鏡かがみ,junior_high,2,3,3,名詞,3:364,1
modern,modern,word,現代的げんだいてきな,現代的げんだいてきな / 現代的な，現代の,junior_high,1,3,3;pre2;2,形容詞,3:1039;pre2:59;2:45,3
moment,moment,word,瞬間しゅんかん,瞬間しゅんかん / 瞬間，瞬時,junior_high,1,3,3;pre2;2,名詞,3:535;pre2:653;2:1957,3
monthly,monthly,word,月つきに1回かいの,月つきに1回かいの,junior_high,2,3,3,形容詞,3:868,1
more,more,word,もっと,もっと,junior_high,2,3,3,副詞,3:436,1
most,most,word,たいていの，大部分だいぶぶんの,たいていの，大部分だいぶぶんの,junior_high,2,3,3,形容詞,3:808,1
move,move,word,動うごく、引ひっ越こす,動うごく、引ひっ越こす,junior_high,2,3,3,動詞,3:453,1
narrow,narrow,word,狭せまい,狭せまい / 幅が狭い，細い,junior_high,1,3,3;pre2;2,形容詞,3:655;pre2:90;2:1666,3
national,national,word,国家こっかの,国家こっかの / 国の，国民の,junior_high,1,3,3;pre2;2,形容詞,3:886;pre2:750;2:1470,3
necessary,necessary,word,必要ひつような,必要ひつような / 必要な,junior_high,2,3,3;pre2,形容詞,3:1104;pre2:1167,2
neighbor,neighbor,word,隣人りんじん,隣人りんじん / 隣人，近隣住民,junior_high,2,3,3;2,名詞,3:1062;2:1371,2
neither,neither,word,～も～もない,～も～もない,junior_high,2,3,3,副詞,3:1012,1
nervous,nervous,word,あがっている,あがっている / 神経質な，びくびくして,junior_high,1,3,3;pre2;2,形容詞,3:81;pre2:96;2:1628,3
noisy,noisy,word,騒がしいさわがしい,騒がしいさわがしい,junior_high,2,3,3,形容詞,3:545,1
noon,noon,word,正午しょうご,正午しょうご,junior_high,2,3,3,名詞,3:76,1
note,note,word,紙幣しへい,紙幣しへい,junior_high,2,3,3,名詞,3:1021,1
notice,notice,word,気きづく,気きづく / 気づく/通知,junior_high,1,3,3;pre2;2,動詞,3:248;pre2:79;2:1115,3
nuclear,nuclear,word,核かくの、原子力げんしりょくの,核かくの、原子力げんしりょくの / 核の，中心の,junior_high,1,3,3;pre2;2,形容詞,3:730;pre2:899;2:1785,3
ocean,ocean,word,大洋たいよう、海うみ,大洋たいよう、海うみ,junior_high,2,3,3,名詞,3:314,1
often,often,word,しばしば、よく,しばしば、よく,junior_high,2,3,3,副詞,3:288,1
opinion,opinion,word,意見いけん，考かんがえ,意見いけん，考かんがえ / 意見，考え,junior_high,1,3,3;pre2;2,名詞,3:921;pre2:858;2:867,3
order,order,word,注文ちゅうもんする,注文ちゅうもんする / 命令，指令,junior_high,1,3,3;pre2;2,動詞;名詞,3:263;pre2:892;2:1397,3
ordinary,ordinary,word,普通ふつうの,普通ふつうの / ふつうの，いつもの,junior_high,1,3,3;pre2;2,形容詞,3:687;pre2:364;2:914,3
outside,outside,word,の外側そとがわに,の外側そとがわに,junior_high,2,3,3,前置詞,3:567,1
overseas,overseas,word,外国がいこくへ,外国がいこくへ,junior_high,2,3,3,副詞,3:837,1
pain,pain,word,痛いたみ,痛いたみ / 痛み，苦痛,junior_high,1,3,3;pre2;2,名詞,3:934;pre2:374;2:112,3
palace,palace,word,宮殿きゅうでん,宮殿きゅうでん,junior_high,2,3,3,名詞,3:738,1
peace,peace,word,平和へいわ,平和へいわ,junior_high,2,3,3,名詞,3:798,1
peaceful,peaceful,word,平和へいわな,平和へいわな / 平和な，安らかな,junior_high,2,3,3;2,形容詞,3:426;2:518,2
perhaps,perhaps,word,多分たぶん,多分たぶん,junior_high,2,3,3,副詞,3:1097,1
period,period,word,時代じだい,時代じだい / 期間，周期,junior_high,1,3,3;pre2;2,名詞,3:1210;pre2:318;2:1535,3
personal,personal,word,個人こじんの,個人こじんの,junior_high,2,3,3,形容詞,3:680,1
piece,piece,word,欠片かけら、一部いちぶ,欠片かけら、一部いちぶ,junior_high,2,3,3,名詞,3:419,1
plant,plant,word,植物しょくぶつ,植物しょくぶつ / 植物，草木,junior_high,2,3,3;2,名詞,3:213;2:1312,2
pleased,pleased,word,喜よろこんで,喜よろこんで,junior_high,2,3,3,形容詞,3:1059,1
pleasure,pleasure,word,楽しみたのしみ,楽しみたのしみ / 楽しみ，喜び,junior_high,1,3,3;pre2;2,名詞,3:508;pre2:818;2:1035,3
poet,poet,word,詩人しじん,詩人しじん / 詩人，作詩者,junior_high,1,3,3;pre2;2,名詞,3:799;pre2:712;2:1323,3
possible,possible,word,可能かのうな,可能かのうな / 可能な，実現可能な,junior_high,1,3,3;pre2;2,形容詞,3:830;pre2:1142;2:1059,3
president,president,word,大統領だいとうりょう,大統領だいとうりょう / 社長しゃちょう / 社長，大統領,junior_high,1,3,3;pre2;2,名詞,3:774;3:1044;pre2:243;2:1342,4
pretty,pretty,word,かなり,かなり / かなり，相当に,junior_high,1,3,3;pre2;2,副詞,3:1194;pre2:1213;2:1518,3
price,price,word,値段ねだん,値段ねだん / 値段，価格,junior_high,2,3,3;2,名詞,3:301;2:1451,2
prize,prize,word,賞しょう,賞しょう / 賞，報酬,junior_high,2,3,3;2,名詞,3:199;2:874,2
probably,probably,word,多分たぶん,多分たぶん / おそらく，大抵,junior_high,1,3,3;pre2;2,副詞,3:627;pre2:503;2:104,3
progress,progress,word,進歩しんぽ,進歩しんぽ / 進歩，前進,junior_high,1,3,3;pre2;2,名詞,3:1010;pre2:367;2:578,3
promise,promise,word,約束やくそく,約束やくそく,junior_high,2,3,3,名詞,3:232,1
protect,protect,word,を守まもる、保護ほごする,を守まもる、保護ほごする / を守る，保護する,junior_high,1,3,3;pre2;2,動詞,3:532;pre2:34;2:1513,3
protest,protest,word,抗議こうぎする,抗議こうぎする / 抗議する，主張する,junior_high,2,3,3;2,動詞,3:1055;2:588,2
purpose,purpose,word,目的もくてき,目的もくてき / 目的，目標,junior_high,1,3,3;pre2;2,名詞,3:437;pre2:661;2:484,3
pursue,pursue,word,を追おい求もとめる,を追おい求もとめる / 追い求める，追跡する,junior_high,1,3,3;pre2;2;pre1,動詞,3:1077;pre2:679;2:1773;pre1:3210,4
quarter,quarter,word,4分ぶんの1,4分ぶんの1 / 四半期，四分期,junior_high,1,3,3;pre2;2,名詞,3:1066;pre2:1203;2:1273,3
quick,quick,word,速はやい,速はやい,junior_high,2,3,3,形容詞,3:371,1
quickly,quickly,word,素早すばやく,素早すばやく,junior_high,2,3,3,副詞,3:597,1
quietly,quietly,word,静しずかに，落おち着ついて,静しずかに，落おち着ついて,junior_high,2,3,3,副詞,3:1048,1
quite,quite,word,かなり，相当そうとう,かなり，相当そうとう / かなり，相当に,junior_high,1,3,3;pre2;2,副詞,3:1201;pre2:393;2:1063,3
railway,railway,word,鉄道てつどう,鉄道てつどう,junior_high,2,3,3,名詞,3:880,1
raise,raise,word,手てなどを挙あげる,手てなどを挙あげる / を上げる，持ち上げる,junior_high,1,3,3;pre2;2,動詞,3:646;pre2:51;2:143,3
rapidly,rapidly,word,速はやく，急速きゅうそくに,速はやく，急速きゅうそくに / 素早く，迅速に,junior_high,1,3,3;pre2;2,副詞,3:1133;pre2:332;2:1530,3
raw,raw,word,生なまの,生なまの / 生の，未加工の,junior_high,2,3,3;2,形容詞,3:1184;2:1251,2
reach,reach,word,届とどく,届とどく / 到着する，辿り着く,junior_high,1,3,3;pre2;2,動詞,3:556;pre2:667;2:1355,3
reason,reason,word,理由りゆう,理由りゆう,junior_high,2,3,3,名詞,3:424,1
receive,receive,word,を受うけ取とる,を受うけ取とる / を受理する，受け取る,junior_high,1,3,3;pre2;2,動詞,3:494;pre2:807;2:293,3
recently,recently,word,最近さいきん,最近さいきん / 最近，このごろ,junior_high,1,3,3;pre2;2,副詞,3:547;pre2:56;2:10,3
relation,relation,word,関係かんけい,関係かんけい / 関係性，相互作用,junior_high,1,3,3;pre2;2,名詞,3:1031;pre2:385;2:1013,3
relatively,relatively,word,比較的ひかくてき,比較的ひかくてき / 比較的，相対的に,junior_high,2,3,3;2,副詞,3:776;2:671,2
release,release,word,を放出ほうしゅつする,を放出ほうしゅつする / 解き放つ，解放する,junior_high,1,3,3;pre2;2,動詞,3:1094;pre2:197;2:1915,3
renewable,renewable,word,再生可能さいせいかのうな,再生可能さいせいかのうな,junior_high,2,3,3,形容詞,3:999,1
researcher,researcher,word,研究者けんきゅうしゃ,研究者けんきゅうしゃ / 研究者，調査員,junior_high,2,3,3;2,名詞,3:849;2:804,2
resident,resident,word,住民じゅうみん，居住者きょじゅうしゃ,住民じゅうみん，居住者きょじゅうしゃ / 住民，居住者,junior_high,1,3,3;pre2;2,名詞,3:983;pre2:1248;2:92,3
resource,resource,word,資源しげん,資源しげん / 資源，資産,junior_high,1,3,3;pre2;2,名詞,3:1139;pre2:294;2:950,3
respect,respect,word,を尊敬そんけいする,を尊敬そんけいする / 尊敬，敬意,junior_high,1,3,3;pre2;2,動詞;名詞,3:1172;pre2:663;2:1415,3
road,road,word,道路どうろ,道路どうろ,junior_high,2,3,3,名詞,3:1188,1
root,root,word,根ね,根ね,junior_high,2,3,3,名詞,3:925,1
rose,rose,word,昇のぼった,昇のぼった,junior_high,2,3,3,動詞,3:803,1
round,round,word,まわりに,まわりに,junior_high,2,3,3,前置詞,3:430,1
rule,rule,word,支配しはい、統治とうち,支配しはい、統治とうち,junior_high,2,3,3,名詞,3:348,1
said,said,word,言いった,言いった,junior_high,2,3,3,動詞,3:938,1
satisfy,satisfy,word,を満足まんぞくさせる,を満足まんぞくさせる / を満足させる，を喜ばせる,junior_high,1,3,3;pre2;2,動詞,3:863;pre2:1300;2:197,3
scared,scared,word,怖こわがって,怖こわがって,junior_high,2,3,3,形容詞,3:1206,1
secret,secret,word,秘密ひみつ,秘密ひみつ,junior_high,2,3,3,名詞,3:1008,1
sell,sell,word,を売うる,を売うる,junior_high,2,3,3,動詞,3:15,1
sentence,sentence,word,文ぶん,文ぶん,junior_high,2,3,3,名詞,3:690,1
several,several,word,幾いくつかの,幾いくつかの / 幾つかの，いくらかの,junior_high,1,3,3;pre2;2,形容詞,3:615;pre2:425;2:12,3
shade,shade,word,陰かげ，日陰ひかげ,陰かげ，日陰ひかげ,junior_high,2,3,3,名詞,3:1085,1
shake,shake,word,震ふるえる,震ふるえる,junior_high,2,3,3,動詞,3:645,1
shape,shape,word,形かたち,形かたち,junior_high,2,3,3,名詞,3:389,1
share,share,word,分わかち合あう,分わかち合あう / 分かち合う/分け前,junior_high,1,3,3;pre2;2,動詞,3:491;pre2:1110;2:1015,3
shelter,shelter,word,避難所ひなんじょ,避難所ひなんじょ,junior_high,2,3,3,名詞,3:716,1
should,should,word,～すべきである,～すべきである,junior_high,2,3,3,助動詞,3:136,1
sick,sick,word,病気びょうきの,病気びょうきの,junior_high,2,3,3,形容詞,3:39,1
side,side,word,側がわ、面めん,側がわ、面めん,junior_high,2,3,3,名詞,3:464,1
sidewalk,sidewalk,word,歩道ほどう,歩道ほどう / 歩道，歩行者道,junior_high,2,3,3;pre1,名詞,3:1089;pre1:446,2
sight,sight,word,見みること,見みること / 見ること，視力,junior_high,1,3,3;pre2;2,名詞,3:551;pre2:611;2:291,3
sign,sign,word,標識ひょうしき,標識ひょうしき / 標識，印，合図,junior_high,1,3,3;pre2;2,名詞,3:112;pre2:415;2:576,3
signal,signal,word,信号しんごう,信号しんごう,junior_high,2,3,3,名詞,3:1053,1
silent,silent,word,静しずかな,静しずかな,junior_high,2,3,3,形容詞,3:613,1
silk,silk,word,絹きぬ,絹きぬ,junior_high,2,3,3,名詞,3:872,1
since,since,word,～以来いらい,～以来いらい,junior_high,2,3,3,前置詞,3:337,1
site,site,word,場所ばしょ,場所ばしょ / 場所，地点,junior_high,2,3,3;2,名詞,3:963;2:1432,2
sleepy,sleepy,word,眠ねむい,眠ねむい,junior_high,2,3,3,形容詞,3:1200,1
smell,smell,word,においがする,においがする / においがする，臭いがする,junior_high,1,3,3;pre2;2,動詞,3:648;pre2:580;2:613,3
so,so,word,とても,とても,junior_high,2,3,3,副詞,3:21,1
soil,soil,word,土つち,土つち,junior_high,2,3,3,名詞,3:635,1
solve,solve,word,を解決かいけつする,を解決かいけつする / を解決する，解消する,junior_high,1,3,3;pre2;2,動詞,3:1074;pre2:342;2:442,3
somehow,somehow,word,何なんらかの形かたちで,何なんらかの形かたちで / どうにか，何とか,junior_high,1,3,3;pre2;2,副詞,3:1173;pre2:861;2:1454,3
someone,someone,word,だれか、ある人ひと,だれか、ある人ひと,junior_high,2,3,3,代名詞,3:704,1
somewhere,somewhere,word,どこかに,どこかに,junior_high,2,3,3,副詞,3:621,1
son,son,word,息子むすこ,息子むすこ,junior_high,2,3,3,名詞,3:1087,1
soon,soon,word,まもなく，すぐに,まもなく，すぐに,junior_high,2,3,3,副詞,3:4,1
sort,sort,word,種類しゅるい,種類しゅるい / 種類，類,junior_high,1,3,3;pre2;2,名詞,3:894;pre2:1103;2:1579,3
species,species,word,種たね,種たね / 種，種族,junior_high,2,3,3;2,名詞,3:1189;2:1872,2
spelling,spelling,word,綴つづり,綴つづり,junior_high,2,3,3,名詞,3:726,1
spread,spread,word,広ひろがる、広ひろまる,広ひろがる、広ひろまる / を広げる，広がる,junior_high,1,3,3;pre2;2,動詞,3:764;pre2:57;2:278,3
square,square,word,正方形せいほうけいの,正方形せいほうけいの,junior_high,2,3,3,形容詞,3:594,1
stationery,stationery,word,文房具ぶんぼうぐ,文房具ぶんぼうぐ,junior_high,2,3,3,名詞,3:970,1
statue,statue,word,像ぞう,像ぞう,junior_high,2,3,3,名詞,3:958,1
steal,steal,word,盗ぬすむ,盗ぬすむ,junior_high,2,3,3,動詞,3:362,1
steam,steam,word,蒸気じょうき,蒸気じょうき / 蒸気，湯気 / 蒸気，水蒸気,junior_high,1,3,3;pre2;2,名詞,3:932;pre2:649;2:1935,3
step,step,word,足元あしもと，階段かいだん,足元あしもと，階段かいだん,junior_high,2,3,3,名詞,3:1078,1
store,store,word,を蓄たくわえる,を蓄たくわえる,junior_high,2,3,3,動詞,3:920,1
stranger,stranger,word,他人たにん,他人たにん / 他人，他者,junior_high,1,3,3;pre2;2,名詞,3:1061;pre2:1019;2:758,3
strict,strict,word,厳きびしい,厳きびしい / 厳しい，厳格な,junior_high,2,3,3;2,形容詞,3:812;2:1576,2
succeed,succeed,word,成功せいこうする,成功せいこうする / 成功する，達成する,junior_high,2,3,3;2,動詞,3:1036;2:525,2
successful,successful,word,成功せいこうした,成功せいこうした,junior_high,2,3,3,形容詞,3:1100,1
suddenly,suddenly,word,突然とつぜんに,突然とつぜんに,junior_high,2,3,3,副詞,3:1123,1
supply,supply,word,供給きょうきゅう,供給きょうきゅう / 供給,junior_high,2,3,3;pre2,名詞,3:883;pre2:1045,2
support,support,word,を支援しえんする、応援おうえんする,を支援しえんする、応援おうえんする,junior_high,2,3,3,動詞,3:565,1
surely,surely,word,確たしかに,確たしかに / 確かに,junior_high,2,3,3;pre2,副詞,3:1156;pre2:1156,2
surprisingly,surprisingly,word,驚おどろいたことには,驚おどろいたことには,junior_high,2,3,3,副詞,3:718,1
surround,surround,word,を囲かこむ,を囲かこむ / を取り囲む，を包囲する,junior_high,1,3,3;pre2;2,動詞,3:911;pre2:419;2:332,3
survey,survey,word,調査ちょうさ,調査ちょうさ / 調査/を見渡す,junior_high,1,3,3;pre2;2,名詞;名詞/動詞,3:890;pre2:73;2:79,3
survival,survival,word,存続そんぞく，生いき残のこること,存続そんぞく，生いき残のこること / 生存/生き延びる / 生存，生き残ること,junior_high,1,3,3;pre2;2,名詞,3:1185;pre2:607;2:1778,3
survive,survive,word,生いき残のこる,生いき残のこる / 生き残る，存続する,junior_high,2,3,3;2,動詞,3:915;2:811,2
sustainable,sustainable,word,存続可能そんぞくかのうな,存続可能そんぞくかのうな / 存続可能な，持続可能な,junior_high,1,3,3;pre2;2;pre1,形容詞,3:748;pre2:1457;2:445;pre1:2580,4
tall,tall,word,高たかい,高たかい,junior_high,2,3,3,形容詞,3:164,1
taste,taste,word,味あじ,味あじ / 味，風味/な味がする,junior_high,1,3,3;pre2;2,名詞,3:395;pre2:441;2:286,3
tax,tax,word,税ぜい，税金ぜいきん,税ぜい，税金ぜいきん / 税金，税収,junior_high,1,3,3;pre2;2,名詞,3:821;pre2:165;2:1784,3
tear,tear,word,涙なみだ,涙なみだ / を引き裂く，を裂く,junior_high,1,3,3;pre2;2,名詞;動詞,3:1182;pre2:226;2:1051,3
terrible,terrible,word,ひどい,ひどい / ひどい，恐ろしい,junior_high,1,3,3;pre2;2,形容詞,3:955;pre2:372;2:1930,3
theater,theater,word,劇場げきじょう,劇場げきじょう,junior_high,2,3,3,名詞,3:497,1
thirsty,thirsty,word,のどの乾かわいた,のどの乾かわいた,junior_high,2,3,3,形容詞,3:431,1
through,through,word,を通とおり抜ぬけて,を通とおり抜ぬけて,junior_high,2,3,3,前置詞,3:336,1
tie,tie,word,ネクタイ,ネクタイ,junior_high,2,3,3,名詞,3:787,1
tightly,tightly,word,しっかりと,しっかりと / しっかりと，きつく,junior_high,2,3,3;pre1,副詞,3:770;pre1:40,2
tiny,tiny,word,小ちいさな,小ちいさな / ごく小さい，微小な,junior_high,1,3,3;pre2;2,形容詞,3:943;pre2:207;2:1286,3
title,title,word,題名だいめい，表題ひょうだい,題名だいめい，表題ひょうだい,junior_high,2,3,3,名詞,3:1138,1
tonight,tonight,word,今夜こんやは,今夜こんやは,junior_high,2,3,3,副詞,3:321,1
tough,tough,word,困難な，難むずかしい,困難な，難むずかしい / 頑強な，丈夫な,junior_high,2,3,3;2,形容詞,3:768;2:1489,2
trade,trade,word,貿易ぼうえき,貿易ぼうえき,junior_high,2,3,3,名詞,3:989,1
tradition,tradition,word,伝統でんとう,伝統でんとう / 伝統，慣習,junior_high,1,3,3;pre2;2,名詞,3:629;pre2:657;2:1836,3
traditional,traditional,word,伝統的でんとうてきな,伝統的でんとうてきな / 伝統的な，慣習的な,junior_high,1,3,3;pre2;2,形容詞,3:669;pre2:10;2:1267,3
transport,transport,word,を輸送ゆそうする,を輸送ゆそうする / を輸送する，を運搬する,junior_high,1,3,3;pre2;2,動詞,3:864;pre2:1147;2:547,3
treasure,treasure,word,宝物たからもの,宝物たからもの / 宝，財産,junior_high,2,3,3;2,名詞,3:1161;2:1602,2
trust,trust,word,を信用しんようする,を信用しんようする / 信頼，信用,junior_high,1,3,3;pre2;2,動詞;名詞,3:1114;pre2:736;2:1365,3
twice,twice,word,2回にかい,2回にかい,junior_high,2,3,3,副詞,3:243,1
uncomfortable,uncomfortable,word,心地ここちの悪わるい,心地ここちの悪わるい / 心地の悪い，不快な,junior_high,2,3,3;2,形容詞,3:1137;2:1425,2
unfair,unfair,word,不公平ふこうへいな，不当ふとうな,不公平ふこうへいな，不当ふとうな,junior_high,2,3,3,形容詞,3:950,1
unhappy,unhappy,word,不幸ふこうな,不幸ふこうな,junior_high,2,3,3,形容詞,3:699,1
uniform,uniform,word,制服せいふく,制服せいふく,junior_high,2,3,3,名詞,3:1060,1
universe,universe,word,宇宙うちゅう,宇宙うちゅう / 宇宙，宙域,junior_high,1,3,3;pre2;2,名詞,3:1072;pre2:855;2:1561,3
university,university,word,大学だいがく,大学だいがく / 大学，大学校,junior_high,1,3,3;pre2;2,名詞,3:183;pre2:835;2:1753,3
until,until,word,まで，までは,まで，までは / までに，まで,junior_high,1,3,3;pre2;2,前置詞;接続詞/前置詞,3:35;pre2:1240;2:75,3
unused,unused,word,未使用みしようの,未使用みしようの,junior_high,2,3,3,形容詞,3:1011,1
valley,valley,word,谷たに,谷たに,junior_high,2,3,3,名詞,3:861,1
violence,violence,word,暴力ぼうりょく,暴力ぼうりょく / 暴力，乱暴,junior_high,1,3,3;pre2;2,名詞,3:701;pre2:1127;2:764,3
visitor,visitor,word,観光客かんこうきゃく,観光客かんこうきゃく,junior_high,2,3,3,名詞,3:400,1
wallet,wallet,word,さいふ,さいふ,junior_high,2,3,3,名詞,3:351,1
warn,warn,word,警告けいこくする,警告けいこくする / 警告する，警戒する,junior_high,1,3,3;pre2;2,動詞,3:589;pre2:199;2:992,3
weapon,weapon,word,武器ぶき,武器ぶき,junior_high,2,3,3,名詞,3:1101,1
weekend,weekend,word,週末しゅうまつに,週末しゅうまつに,junior_high,2,3,3,名詞,3:2,1
weekly,weekly,word,週刊しゅうかんの,週刊しゅうかんの,junior_high,2,3,3,形容詞,3:916,1
well-known,well-known,word,有名ゆうめいな,有名ゆうめいな / よく知られた，有名な,junior_high,1,3,3;pre2;2,形容詞,3:1081;pre2:500;2:1236,3
wet,wet,word,濡ぬれている,濡ぬれている,junior_high,2,3,3,形容詞,3:944,1
whole,whole,word,全すべての,全すべての / 全部の，すべての,junior_high,1,3,3;pre2;2,形容詞,3:692;pre2:1063;2:1905,3
wide,wide,word,幅はばの広ひろい,幅はばの広ひろい,junior_high,2,3,3,形容詞,3:296,1
win,win,word,勝かつ,勝かつ,junior_high,2,3,3,動詞,3:109,1
within,within,word,以内いないで,以内いないで / 以内で，内部で,junior_high,1,3,3;pre2;2,前置詞,3:662;pre2:440;2:1414,3
without,without,word,～なしに,～なしに,junior_high,2,3,3,前置詞,3:334,1
won,won,word,勝かった,勝かった,junior_high,2,3,3,動詞,3:640,1
wonder,wonder,word,不思議ふしぎに思おもう,不思議ふしぎに思おもう / かなと思う,junior_high,2,3,3;pre2,動詞,3:817;pre2:1160,2
worth,worth,word,の価値かちがある,の価値かちがある / の価値がある，（～するに）値する,junior_high,1,3,3;pre2;2,形容詞,3:708;pre2:384;2:276,3
wrap,wrap,word,を包つつむ,を包つつむ / を包む，巻きつける,junior_high,1,3,3;2;pre1,動詞,3:878;2:491;pre1:170,3
wrong,wrong,word,間違まちがった,間違まちがった / 間違い，誤った,junior_high,1,3,3;pre2;2,形容詞,3:325;pre2:437;2:1866,3
yen,yen,word,円えん,円えん,junior_high,2,3,3,名詞,3:1016,1
yet,yet,word,まだ，今いまのところは,まだ，今いまのところは / もう，すでに,junior_high,2,3,3,副詞,3:973;3:1142,2
abandon,abandon,word,を捨て去る，放棄する,を捨て去る，放棄する,high_school,1,pre2,pre2;2;pre1,動詞,pre2:796;2:655;pre1:3051,3
ability,ability,word,能力，力量,能力，力量,high_school,2,pre2,pre2;2,名詞,pre2:1106;2:84,2
absolutely,absolutely,word,絶対に，必ず,絶対に，必ず,high_school,2,pre2,pre2;2,副詞,pre2:739;2:1729,2
absorb,absorb,word,を吸収する，吸い取る,を吸収する，吸い取る,high_school,1,pre2,pre2;2;pre1,動詞,pre2:675;2:648;pre1:3143,3
academic,academic,word,学術の，大学の,学術の，大学の,high_school,2,pre2,pre2;2,形容詞,pre2:298;2:1381,2
accidentally,accidentally,word,誤って，知らずに,誤って，知らずに,high_school,2,pre2,pre2;2,副詞,pre2:1299;2:196,2
accompany,accompany,word,に付き添う，に同行する,に付き添う，に同行する,high_school,1,pre2,pre2;2;pre1,動詞,pre2:568;2:100;pre1:3102,3
accomplish,accomplish,word,を成し遂げる，完成する,を成し遂げる，完成する,high_school,2,pre2,pre2;2,動詞,pre2:202;2:468,2
according,according,word,による，準じて,による，準じて,high_school,2,pre2,pre2;2,前置詞;副詞,pre2:846;2:1023,2
account,account,word,銀行口座,銀行口座,high_school,2,pre2,pre2;2,名詞,pre2:1214;2:2001,2
accurate,accurate,word,正確な，的確な,正確な，的確な,high_school,2,pre2,pre2;2,形容詞,pre2:965;2:119,2
accuse,accuse,word,告発する，告発,告発する，告発,high_school,1,pre2,pre2;2;pre1,動詞,pre2:263;2:1909;pre1:420,3
achieve,achieve,word,を達成する，到達する,を達成する，到達する,high_school,2,pre2,pre2;2,動詞,pre2:161;2:147,2
achievement,achievement,word,達成，成就,達成，成就,high_school,2,pre2,pre2;2,名詞,pre2:992;2:1537,2
active,active,word,活動的な，活気のある,活動的な，活気のある,high_school,2,pre2,pre2;2,形容詞,pre2:1360;2:297,2
activist,activist,word,行動主義者，活動家,行動主義者，活動家,high_school,2,pre2,pre2;2,名詞,pre2:1000;2:1721,2
activity,activity,word,活動,活動,high_school,2,pre2,pre2,名詞,pre2:63,1
actual,actual,word,現実の，事実の,現実の，事実の,high_school,2,pre2,pre2;2,形容詞,pre2:1140;2:1560,2
adapt,adapt,word,に適合させる，調整する,に適合させる，調整する,high_school,2,pre2,pre2;2,動詞,pre2:533;2:1320,2
addition,addition,word,追加，付加,追加，付加,high_school,2,pre2,pre2;2,名詞,pre2:856;2:1187,2
additionally,additionally,word,加えて，さらに，追加で,加えて，さらに，追加で,high_school,2,pre2,pre2;2,副詞,pre2:1255;2:107,2
administration,administration,word,機関，運営,機関，運営,high_school,2,pre2,pre2;2,名詞,pre2:273;2:1832,2
admire,admire,word,を賞賛する，を賛美する,を賞賛する，を賛美する,high_school,2,pre2,pre2;2,動詞,pre2:1068;2:1314,2
admission,admission,word,入場，入場料,入場，入場料,high_school,1,pre2,pre2;2;pre1,名詞,pre2:717;2:894;pre1:3357,3
admit,admit,word,を認める，入ることを許す,を認める，入ることを許す,high_school,2,pre2,pre2;2,動詞,pre2:530;2:523,2
adopt,adopt,word,を自分のものにする，を取り入れる,を自分のものにする，を取り入れる,high_school,2,pre2,pre2;2,動詞,pre2:937;2:142,2
advantage,advantage,word,有利，利点,有利，利点,high_school,2,pre2,pre2;2,名詞,pre2:41;2:364,2
advertise,advertise,word,宣伝する，広告する,宣伝する，広告する,high_school,2,pre2,pre2;2,動詞,pre2:664;2:1291,2
advertising,advertising,word,広告，宣伝,広告，宣伝,high_school,2,pre2,pre2;2,名詞,pre2:853;2:1292,2
advocate,advocate,word,提唱する，主張する,提唱する，主張する,high_school,1,pre2,pre2;2;pre1,動詞,pre2:1038;2:1457;pre1:3128,3
affair,affair,word,事柄，問題,事柄，問題,high_school,2,pre2,pre2;2,名詞,pre2:658;2:1274,2
afford,afford,word,余裕がある，ゆとりがある,余裕がある，ゆとりがある,high_school,2,pre2,pre2;2,動詞,pre2:897;2:1182,2
agenda,agenda,word,議題,議題,high_school,2,pre2,pre2,名詞,pre2:1164,1
agent,agent,word,代理人，代表者,代理人，代表者,high_school,2,pre2,pre2;2,名詞,pre2:187;2:1410,2
agreement,agreement,word,同意，賛成,同意，賛成,high_school,2,pre2,pre2;2,名詞,pre2:825;2:1455,2
agriculture,agriculture,word,農業，耕作,農業，耕作,high_school,2,pre2,pre2;2,名詞,pre2:731;2:1744,2
aid,aid,word,援助/助ける,援助/助ける,high_school,1,pre2,pre2;2;pre1,名詞;名詞/動詞,pre2:815;2:729;pre1:3366,3
aim,aim,word,ねらいをつける，狙う,ねらいをつける，狙う,high_school,2,pre2,pre2;2,動詞,pre2:998;2:1900,2
aircraft,aircraft,word,航空機，飛行機,航空機，飛行機,high_school,2,pre2,pre2;2,名詞,pre2:1171;2:1781,2
alike,alike,word,よく似た，類似の,よく似た，類似の,high_school,2,pre2,pre2;2,形容詞,pre2:924;2:1952,2
alliance,alliance,word,同盟，協定,同盟，協定,high_school,1,pre2,pre2;2;pre1,名詞,pre2:740;2:1918;pre1:3202,3
allow,allow,word,を許可する，許す,を許可する，許す,high_school,2,pre2,pre2;2,動詞,pre2:170;2:85,2
ally,ally,word,と同盟する，連合する,と同盟する，連合する / と同盟する，手を結ぶ,high_school,1,pre2,pre2;2;pre1,動詞,pre2:544;2:1095;pre1:459,3
alter,alter,word,を変える，を改変する,を変える，を改変する,high_school,2,pre2,pre2;2,動詞,pre2:762;2:1877,2
alternative,alternative,word,代替物，代案,代替物，代案,high_school,2,pre2,pre2;2,名詞,pre2:878;2:694,2
amendment,amendment,word,修正，改訂,修正，改訂,high_school,2,pre2,pre2;2,名詞,pre2:1219;2:1403,2
analysis,analysis,word,分析，解析,分析，解析,high_school,2,pre2,pre2;2,名詞,pre2:406;2:1855,2
analyst,analyst,word,分析者,分析者,high_school,2,pre2,pre2,名詞,pre2:414,1
analyze,analyze,word,を分析する，分解する,を分析する，分解する,high_school,2,pre2,pre2;2,動詞,pre2:1260;2:120,2
ancestor,ancestor,word,祖先，先祖,祖先，先祖,high_school,1,pre2,pre2;2;pre1,名詞,pre2:179;2:742;2:2164;pre1:3298,4
ancient,ancient,word,古代の，大昔の,古代の，大昔の,high_school,2,pre2,pre2;2,形容詞,pre2:168;2:458,2
ankle,ankle,word,足首，くるぶし,足首，くるぶし,high_school,1,pre2,pre2;2;pre1,名詞,pre2:1358;2:294;pre1:144,3
anniversary,anniversary,word,～周年，記念日,～周年，記念日,high_school,2,pre2,pre2;2,名詞,pre2:1173;2:329,2
annoy,annoy,word,いらだたせる，怒らせる,いらだたせる，怒らせる,high_school,1,pre2,pre2;2;pre1,動詞,pre2:329;2:1028;pre1:3003,3
annually,annually,word,毎年の，年一回ずつ,毎年の，年一回ずつ,high_school,2,pre2,pre2;2,副詞,pre2:1285;2:156,2
anxiety,anxiety,word,心配，不安,心配，不安,high_school,2,pre2,pre2;2,名詞,pre2:789;2:108,2
anxious,anxious,word,心配した，不安な,心配した，不安な,high_school,2,pre2,pre2;2,形容詞,pre2:460;2:457,2
apart,apart,word,離れて，遠くに,離れて，遠くに,high_school,2,pre2,pre2;2,副詞,pre2:1188;2:1668,2
apologize,apologize,word,謝る，謝罪する,謝る，謝罪する,high_school,1,pre2,pre2;2;pre1,動詞,pre2:132;2:2134;pre1:284,3
apology,apology,word,謝罪，お詫び,謝罪，お詫び,high_school,1,pre2,pre2;2;pre1,名詞,pre2:1329;2:251;pre1:228,3
apparently,apparently,word,見たらわかる、一見すると,見たらわかる、一見すると,high_school,2,pre2,pre2;2,副詞,pre2:155;2:1298,2
appeal,appeal,word,訴える，告発する，告訴する,訴える，告発する，告訴する,high_school,2,pre2,pre2;2,動詞,pre2:1009;2:714,2
appear,appear,word,現れる，出現する,現れる，出現する,high_school,2,pre2,pre2;2,動詞,pre2:467;2:690,2
appearance,appearance,word,出現，外見,出現，外見,high_school,2,pre2,pre2;2,名詞,pre2:865;2:737,2
appoint,appoint,word,任命する，指定する,任命する，指定する,high_school,1,pre2,pre2;2;pre1,動詞,pre2:1095;2:1271;pre1:3111,3
appointment,appointment,word,予定，約束,予定，約束,high_school,2,pre2,pre2;2,名詞,pre2:1301;2:198,2
appreciate,appreciate,word,感謝する，ありがたがる,感謝する，ありがたがる,high_school,2,pre2,pre2;2,動詞,pre2:1193;2:1031,2
approach,approach,word,に近づく，接近する,に近づく，接近する,high_school,2,pre2,pre2;2,動詞,pre2:270;2:125,2
appropriate,appropriate,word,適当な,適当な / 適当な，充当する,high_school,1,pre2,pre2;2;pre1,形容詞,pre2:700;2:2181;pre1:3277,3
approval,approval,word,承認，認可,承認，認可,high_school,2,pre2,pre2;2,名詞,pre2:666;2:1719,2
architect,architect,word,建築家,建築家,high_school,1,pre2,pre2;2;pre1,名詞,pre2:821;2:2043;pre1:866,3
argue,argue,word,だと主張する，感情的に論じる,だと主張する，感情的に論じる,high_school,2,pre2,pre2;2,動詞,pre2:644;2:35,2
argument,argument,word,議論，口論,議論，口論,high_school,2,pre2,pre2;2,名詞,pre2:178;2:854,2
arise,arise,word,起こる，現れる,起こる，現れる,high_school,2,pre2,pre2;2,動詞,pre2:1161;2:1567,2
armed,armed,word,武装した，装備した,武装した，装備した,high_school,2,pre2,pre2;2,形容詞,pre2:482;2:1229,2
arms,arms,word,武器，兵器,武器，兵器,high_school,2,pre2,pre2;2,名詞,pre2:952;2:1142,2
arrange,arrange,word,整える，を配置する,整える，を配置する,high_school,2,pre2,pre2;2,動詞,pre2:1310;2:221,2
arrangement,arrangement,word,配置，配列,配置，配列,high_school,2,pre2,pre2;2,名詞,pre2:1462;2:451,2
arrival,arrival,word,到着，到達,到着，到達,high_school,2,pre2,pre2;2,名詞,pre2:159;2:1101,2
arrogant,arrogant,word,傲慢な，横柄な,傲慢な，横柄な,high_school,1,pre2,pre2;2;pre1,形容詞,pre2:1430;2:408;pre1:1658,3
article,article,word,記事，論文,記事，論文,high_school,2,pre2,pre2;2,名詞,pre2:171;2:740,2
artificial,artificial,word,人工的な，人造の,人工的な，人造の,high_school,2,pre2,pre2;2,形容詞,pre2:1269;2:131,2
asleep,asleep,word,眠っている，寝ている,眠っている，寝ている,high_school,2,pre2,pre2;2,形容詞,pre2:95;2:1726,2
aspect,aspect,word,局面，側面，表情,局面，側面，表情,high_school,2,pre2,pre2;2,名詞,pre2:618;2:454,2
assault,assault,word,暴行，攻撃,暴行，攻撃,high_school,1,pre2,pre2;2;pre1,名詞,pre2:370;2:1199;pre1:2157,3
assessment,assessment,word,評価，査定,評価，査定,high_school,2,pre2,pre2;2,名詞,pre2:337;2:1997,2
asset,asset,word,資産，財産,資産，財産,high_school,1,pre2,pre2;2;pre1,名詞,pre2:349;2:1491;pre1:3041,3
assignment,assignment,word,割り当て，配分,割り当て，配分,high_school,1,pre2,pre2;2;pre1,名詞,pre2:1307;2:215;pre1:869,3
assistance,assistance,word,支援，手伝い,支援，手伝い,high_school,2,pre2,pre2;2,名詞,pre2:724;2:415,2
associate,associate,word,結びつけて考える，賛同する,結びつけて考える，賛同する,high_school,1,pre2,pre2;2;pre1,動詞,pre2:997;2:1237;pre1:3274,3
association,association,word,協会，連合,協会，連合,high_school,2,pre2,pre2;2,名詞,pre2:524;2:1252,2
assumption,assumption,word,想定，仮説,想定，仮説,high_school,1,pre2,pre2;2;pre1,名詞,pre2:812;2:1690;pre1:3161,3
astronaut,astronaut,word,宇宙飛行士,宇宙飛行士,high_school,2,pre2,pre2;pre1,名詞,pre2:830;pre1:1052,2
atmosphere,atmosphere,word,雰囲気，気候,雰囲気，気候,high_school,2,pre2,pre2;2,名詞,pre2:1099;2:1255,2
attach,attach,word,を貼り付ける，を貼る,を貼り付ける，を貼る,high_school,1,pre2,pre2;2;pre1,動詞,pre2:772;2:200;pre1:3320,3
attempt,attempt,word,試み，試練,試み，試練,high_school,2,pre2,pre2;2,名詞,pre2:536;2:1924,2
attitude,attitude,word,態度，姿勢,態度，姿勢,high_school,2,pre2,pre2;2,名詞,pre2:162;2:235,2
attorney,attorney,word,弁護士，代理人,弁護士，代理人,high_school,2,pre2,pre2;2,名詞,pre2:708;2:1097,2
attract,attract,word,引きつける，魅了する,引きつける，魅了する,high_school,2,pre2,pre2;2,動詞,pre2:91;2:1614,2
attractive,attractive,word,魅力的な，興味をそそる,魅力的な，興味をそそる,high_school,2,pre2,pre2;2,形容詞,pre2:608;2:30,2
attribute,attribute,word,に帰する,に帰する,high_school,1,pre2,pre2;2;pre1,動詞,pre2:257;2:2081;pre1:3150,3
author,author,word,著者，作者,著者，作者,high_school,2,pre2,pre2;2,名詞,pre2:983;2:1358,2
authority,authority,word,権威，権力,権威，権力,high_school,2,pre2,pre2;2,名詞,pre2:603;2:1318,2
automobile,automobile,word,自動車，乗用車,自動車，乗用車,high_school,2,pre2,pre2;2,名詞,pre2:283;2:1752,2
available,available,word,利用できる，使用可能な,利用できる，使用可能な,high_school,2,pre2,pre2;2,形容詞,pre2:3;2:190,2
avoid,avoid,word,を避ける，を回避する,を避ける，を回避する,high_school,2,pre2,pre2;2,動詞,pre2:1124;2:144,2
aware,aware,word,気づいている，知っている,気づいている，知っている,high_school,2,pre2,pre2;2,形容詞,pre2:577;2:1423,2
awareness,awareness,word,気づき，認識,気づき，認識,high_school,2,pre2,pre2;2,名詞,pre2:955;2:1062,2
awful,awful,word,ひどい，恐ろしい,ひどい，恐ろしい,high_school,2,pre2,pre2;2,形容詞,pre2:560;2:1226,2
bare,bare,word,裸の，露出の,裸の，露出の,high_school,2,pre2,pre2;2,形容詞,pre2:1012;2:1528,2
barely,barely,word,かろうじて，やっと,かろうじて，やっと,high_school,1,pre2,pre2;2;pre1,副詞,pre2:1320;2:241;pre1:3182,3
basis,basis,word,土台，根拠,土台，根拠,high_school,2,pre2,pre2;2,名詞,pre2:1119;2:1512,2
battery,battery,word,電池，蓄電池,電池，蓄電池,high_school,2,pre2,pre2;2,名詞,pre2:1015;2:1193,2
behave,behave,word,振る舞う，立ち振舞う,振る舞う，立ち振舞う,high_school,2,pre2,pre2;2,動詞,pre2:83;2:217,2
belief,belief,word,信念，信条,信念，信条,high_school,2,pre2,pre2;2,名詞,pre2:166;2:1216,2
bend,bend,word,曲げる,曲げる / 曲げる，湾曲させる,high_school,2,pre2,pre2;2,動詞,pre2:911;2:744,2
benefit,benefit,word,利益/に利益をもたらす,利益/に利益をもたらす,high_school,2,pre2,pre2;2,名詞;名詞/動詞,pre2:928;2:21,2
bet,bet,word,賭ける，博打をする,賭ける，博打をする,high_school,2,pre2,pre2;2,動詞,pre2:1039;2:1311,2
betray,betray,word,を裏切る，をだます,を裏切る，をだます,high_school,1,pre2,pre2;2;pre1,動詞,pre2:1243;2:78;pre1:357,3
bill,bill,word,請求書，勘定書,請求書，勘定書,high_school,2,pre2,pre2;2,名詞,pre2:373;2:1082,2
bind,bind,word,縛りつける，束ねる,縛りつける，束ねる,high_school,2,pre2,pre2;2,動詞,pre2:319;2:1189,2
biological,biological,word,生物学上の，生物的な,生物学上の，生物的な,high_school,2,pre2,pre2;2,形容詞,pre2:650;2:1282,2
bishop,bishop,word,司教，教会の指導者,司教，教会の指導者,high_school,1,pre2,pre2;2;pre1,名詞,pre2:719;2:1241;pre1:2031,3
bite,bite,word,を噛む，かじる,を噛む，かじる,high_school,2,pre2,pre2;2,動詞,pre2:152;2:1606,2
bitter,bitter,word,苦い，えぐい,苦い，えぐい,high_school,2,pre2,pre2;2,形容詞,pre2:634;2:1005,2
blame,blame,word,を非難する，批判する,を非難する，批判する,high_school,1,pre2,pre2;2;pre1,動詞,pre2:1377;2:328;pre1:181,3
block,block,word,を妨げる，を阻害する,を妨げる，を阻害する,high_school,2,pre2,pre2;2,動詞,pre2:943;2:1177,2
bloody,bloody,word,血の，血液の,血の，血液の,high_school,2,pre2,pre2;2,形容詞,pre2:1187;2:1175,2
bond,bond,word,拘束，束縛,拘束，束縛,high_school,1,pre2,pre2;2;pre1,名詞,pre2:493;2:1317;pre1:616,3
bored,bored,word,退屈した，つまらない,退屈した，つまらない,high_school,2,pre2,pre2;2,形容詞,pre2:539;2:1036,2
boundary,boundary,word,境界，限界,境界，限界,high_school,2,pre2,pre2;2,名詞,pre2:936;2:1299,2
bravely,bravely,word,勇気をもって,勇気をもって / 勇敢に，りっぱに,high_school,2,pre2,pre2;2,副詞,pre2:693;2:670,2
breast,breast,word,胸部，胸,胸部，胸,high_school,2,pre2,pre2;2,名詞,pre2:1139;2:1897,2
breath,breath,word,息，呼吸,息，呼吸,high_school,2,pre2,pre2;2,名詞,pre2:851;2:626,2
breathe,breathe,word,呼吸をする,呼吸をする,high_school,2,pre2,pre2,動詞,pre2:92,1
brick,brick,word,れんが，れんが状のもの,れんが，れんが状のもの,high_school,2,pre2,pre2;2,名詞,pre2:940;2:1511,2
brief,brief,word,短い，短時間の,短い，短時間の,high_school,2,pre2,pre2;2,形容詞,pre2:1024;2:1759,2
briefly,briefly,word,簡単に，手短に,簡単に，手短に,high_school,1,pre2,pre2;2;pre1,副詞,pre2:264;2:1431;pre1:3095,3
brightness,brightness,word,輝度，明るさ,輝度，明るさ,high_school,2,pre2,pre2;2,名詞,pre2:1392;2:352,2
brilliant,brilliant,word,優れた，光り輝く,優れた，光り輝く,high_school,2,pre2,pre2;2,形容詞,pre2:1289;2:170,2
broad,broad,word,広い，拡大する,広い，拡大する,high_school,2,pre2,pre2;2,形容詞,pre2:989;2:1515,2
broadcast,broadcast,word,放送する,放送する / 放送する，発信する,high_school,2,pre2,pre2;2,動詞,pre2:921;2:1200,2
bullet,bullet,word,弾丸,弾丸,high_school,2,pre2,pre2,名詞,pre2:1135,1
calculate,calculate,word,計算する，算出する,計算する，算出する,high_school,2,pre2,pre2;2,動詞,pre2:1080;2:1542,2
capable,capable,word,可能性がある，才能のある,可能性がある，才能のある,high_school,2,pre2,pre2;2,形容詞,pre2:637;2:1601,2
carbon,carbon,word,炭素，炭素素子,炭素，炭素素子,high_school,2,pre2,pre2;2,名詞,pre2:930;2:1483,2
cast,cast,word,投げる，放る,投げる，放る,high_school,2,pre2,pre2;2,動詞,pre2:1189;2:1643,2
cause,cause,word,原因/の原因となる,原因/の原因となる,high_school,2,pre2,pre2;2,名詞;動詞,pre2:1043;2:301,2
ceiling,ceiling,word,天井，屋根,天井，屋根,high_school,2,pre2,pre2;2,名詞,pre2:515;2:632,2
celebration,celebration,word,お祝い，祝典,お祝い，祝典,high_school,2,pre2,pre2;2,名詞,pre2:1325;2:246,2
cell,cell,word,細胞，マス目,細胞，マス目,high_school,2,pre2,pre2;2,名詞,pre2:1283;2:153,2
chairman,chairman,word,会長,会長,high_school,2,pre2,pre2,名詞,pre2:508,1
chamber,chamber,word,小部屋，個室,小部屋，個室,high_school,2,pre2,pre2;2,名詞,pre2:743;2:989,2
chapter,chapter,word,章，区切り,章，区切り,high_school,2,pre2,pre2;2,名詞,pre2:867;2:1549,2
characteristic,characteristic,word,特有の，独特の,特有の，独特の,high_school,2,pre2,pre2;2,形容詞,pre2:1040;2:315,2
chase,chase,word,を追跡する，追いかける/追跡,を追跡する，追いかける/追跡,high_school,2,pre2,pre2;2,動詞,pre2:1383;2:340,2
chest,chest,word,たんす，チェスト,たんす，チェスト,high_school,2,pre2,pre2;2,名詞,pre2:602;2:1605,2
chew,chew,word,嚙む,嚙む / を噛む,high_school,2,pre2,pre2;pre1,動詞,pre2:966;pre1:413,2
childhood,childhood,word,子供時代，幼少期,子供時代，幼少期,high_school,2,pre2,pre2;2,名詞,pre2:200;2:444,2
circumstance,circumstance,word,状況，環境,状況，環境,high_school,2,pre2,pre2;2,名詞,pre2:710;2:1148,2
citizen,citizen,word,市民，国民,市民，国民,high_school,2,pre2,pre2;2,名詞,pre2:351;2:1191,2
civilian,civilian,word,民間人，一般市民,民間人，一般市民,high_school,2,pre2,pre2;2,名詞,pre2:920;2:1029,2
civilization,civilization,word,文明，文明社会,文明，文明社会,high_school,2,pre2,pre2;2,名詞,pre2:814;2:318,2
civilized,civilized,word,発達した文明をもつ，教養の高い,発達した文明をもつ，教養の高い,high_school,2,pre2,pre2;2,形容詞,pre2:541;2:1426,2
clerk,clerk,word,事務員，社員,事務員，社員,high_school,2,pre2,pre2;2,名詞,pre2:915;2:1257,2
client,client,word,顧客,顧客,high_school,2,pre2,pre2,名詞,pre2:252,1
closely,closely,word,綿密に，詳細に,綿密に，詳細に,high_school,2,pre2,pre2;2,副詞,pre2:1211;2:1955,2
clothing,clothing,word,衣料品，服,衣料品，服,high_school,2,pre2,pre2;2,名詞,pre2:16;2:1676,2
clue,clue,word,手がかり，糸口,手がかり，糸口,high_school,2,pre2,pre2;2,名詞,pre2:416;2:1099,2
coalition,coalition,word,連立，連合,連立，連合,high_school,1,pre2,pre2;2;pre1,名詞,pre2:759;2:1874;pre1:2026,3
coast,coast,word,海岸，沿岸地域,海岸，沿岸地域,high_school,2,pre2,pre2;2,名詞,pre2:822;2:1465,2
collaboration,collaboration,word,共同，共作，協力,共同，共作，協力,high_school,1,pre2,pre2;2;pre1,名詞,pre2:1473;2:472;pre1:2385,3
collapse,collapse,word,崩壊する，つぶれる,崩壊する，つぶれる,high_school,1,pre2,pre2;2;pre1,動詞,pre2:1371;2:320;pre1:3257,3
combat,combat,word,戦闘，闘争,戦闘，闘争,high_school,1,pre2,pre2;2;pre1,名詞,pre2:542;2:1350;pre1:3181,3
combine,combine,word,を結合させる，合同する,を結合させる，合同する,high_school,2,pre2,pre2;2,動詞,pre2:203;2:841,2
comedy,comedy,word,喜劇，茶番,喜劇，茶番,high_school,2,pre2,pre2;2,名詞,pre2:738;2:1920,2
comfort,comfort,word,快適さ/慰める,快適さ/慰める,high_school,2,pre2,pre2;2,名詞,pre2:798;2:1197,2
commander,commander,word,司令官，指揮官,司令官，指揮官,high_school,2,pre2,pre2;2,名詞,pre2:1120;2:1889,2
commercial,commercial,word,商業の，商取引の,商業の，商取引の,high_school,2,pre2,pre2;2,形容詞,pre2:669;2:1507,2
commission,commission,word,手数料，委任状,手数料，委任状,high_school,1,pre2,pre2;2;pre1,名詞,pre2:420;2:1925;pre1:3096,3
commitment,commitment,word,約束，委託,約束，委託,high_school,2,pre2,pre2;2,名詞,pre2:1044;2:1003,2
community,community,word,共同社会，共同体,共同社会，共同体,high_school,2,pre2,pre2;2,名詞,pre2:233;2:1209,2
compare,compare,word,を比較する，をたとえる,を比較する，をたとえる,high_school,2,pre2,pre2;2,動詞,pre2:1233;2:52,2
compete,compete,word,競争する，争う,競争する，争う,high_school,2,pre2,pre2;2,動詞,pre2:369;2:1049,2
competition,competition,word,競争,競争,high_school,2,pre2,pre2,名詞,pre2:316,1
competitive,competitive,word,競争力のある，競争による,競争力のある，競争による,high_school,2,pre2,pre2;2,形容詞,pre2:366;2:1675,2
competitor,competitor,word,競合他社，競争相手,競合他社，競争相手,high_school,1,pre2,pre2;2;pre1,名詞,pre2:1443;2:427;pre1:305,3
complete,complete,word,完全な，全部の,完全な，全部の,high_school,2,pre2,pre2;2,形容詞,pre2:546;2:155,2
completely,completely,word,完全に，全く,完全に，全く,high_school,2,pre2,pre2;2,副詞,pre2:1076;2:646,2
complex,complex,word,複雑な，複合の,複雑な，複合の,high_school,2,pre2,pre2;2,形容詞,pre2:326;2:705,2
complicated,complicated,word,複雑な，繁雑な,複雑な，繁雑な,high_school,1,pre2,pre2;2;pre1,形容詞,pre2:547;2:74;pre1:224,3
component,component,word,成分,成分,high_school,2,pre2,pre2;pre1,名詞,pre2:629;pre1:3264,2
compose,compose,word,を構成する，作曲する,を構成する，作曲する,high_school,1,pre2,pre2;2;pre1,動詞,pre2:596;2:379;pre1:3026,3
composer,composer,word,作曲，楽曲制作,作曲，楽曲制作,high_school,1,pre2,pre2;2;pre1,名詞,pre2:1315;2:228;pre1:426,3
compound,compound,word,調合する，調合品を作る,調合する，調合品を作る,high_school,2,pre2,pre2;2,動詞,pre2:953;2:1688,2
comprehensive,comprehensive,word,包括的な，理解力のある,包括的な，理解力のある,high_school,2,pre2,pre2;2,形容詞,pre2:472;2:1536,2
compromise,compromise,word,妥協，和解,妥協，和解,high_school,2,pre2,pre2;2,名詞,pre2:788;2:257,2
concentrate,concentrate,word,に集中する,に集中する / 集中する,high_school,2,pre2,pre2;2,動詞,pre2:917;2:2135,2
concentration,concentration,word,集中，専念,集中，専念,high_school,2,pre2,pre2;2,名詞,pre2:591;2:922,2
concept,concept,word,概念，観念,概念，観念,high_school,2,pre2,pre2;2,名詞,pre2:255;2:248,2
concern,concern,word,心配する，に関係する,心配する，に関係する,high_school,2,pre2,pre2;2,動詞,pre2:300;2:1389,2
conclude,conclude,word,を締めくくる，終える,を締めくくる，終える,high_school,2,pre2,pre2;2,動詞,pre2:499;2:763,2
conclusion,conclusion,word,結論，最終的な判断,結論，最終的な判断,high_school,2,pre2,pre2;2,名詞,pre2:876;2:1279,2
concrete,concrete,word,具体的な，明確な,具体的な，明確な,high_school,2,pre2,pre2;2,形容詞,pre2:639;2:1599,2
conduct,conduct,word,行為，行動,行為，行動,high_school,2,pre2,pre2;2,名詞,pre2:986;2:1436,2
conference,conference,word,会議，対話,会議，対話,high_school,2,pre2,pre2;2,名詞,pre2:1097;2:1592,2
confidence,confidence,word,自信，信頼,自信，信頼,high_school,2,pre2,pre2;2,名詞,pre2:749;2:1695,2
confident,confident,word,自信のある，確信している,自信のある，確信している,high_school,2,pre2,pre2;2,形容詞,pre2:599;2:288,2
conflict,conflict,word,対立，争い,対立，争い,high_school,1,pre2,pre2;2;pre1,名詞,pre2:407;2:416;pre1:3385,3
confuse,confuse,word,を混乱させる，区別がつかない,を混乱させる，区別がつかない,high_school,2,pre2,pre2;2,動詞,pre2:93;2:209,2
congress,congress,word,会議，集会,会議，集会,high_school,2,pre2,pre2;2,名詞,pre2:898;2:1812,2
conscious,conscious,word,意識して，気をつけて,意識して，気をつけて,high_school,2,pre2,pre2;2,形容詞,pre2:394;2:1038,2
consequence,consequence,word,結果，影響,結果，影響,high_school,2,pre2,pre2;2,名詞,pre2:645;2:1517,2
consider,consider,word,について考える，だと見なす,について考える，だと見なす,high_school,2,pre2,pre2;2,動詞,pre2:976;2:81,2
considerable,considerable,word,かなりの，相当な,かなりの，相当な,high_school,2,pre2,pre2;2,形容詞,pre2:984;2:1309,2
consideration,consideration,word,考慮，考察,考慮，考察,high_school,2,pre2,pre2;2,名詞,pre2:399;2:1792,2
consist,consist,word,成り立つ，構成する,成り立つ，構成する,high_school,2,pre2,pre2;2,動詞,pre2:192;2:1533,2
consistent,consistent,word,一貫した，矛盾のない,一貫した，矛盾のない,high_school,2,pre2,pre2;2,形容詞,pre2:496;2:1165,2
constant,constant,word,絶え間ない，一定の,絶え間ない，一定の,high_school,2,pre2,pre2;2,形容詞,pre2:688;2:188,2
constantly,constantly,word,常に，いつも,常に，いつも,high_school,2,pre2,pre2;2,副詞,pre2:451;2:1884,2
construct,construct,word,を組み立てる，建設する,を組み立てる，建設する,high_school,2,pre2,pre2;2,動詞,pre2:723;2:749,2
construction,construction,word,建設，構造，建造物,建設，構造，建造物,high_school,2,pre2,pre2;2,名詞,pre2:1246;2:87,2
consume,consume,word,を消費する，消耗する,を消費する，消耗する,high_school,1,pre2,pre2;2;pre1,動詞,pre2:1237;2:64;pre1:796,3
consumption,consumption,word,消費，消費高,消費，消費高,high_school,2,pre2,pre2;2,名詞,pre2:718;2:802,2
contain,contain,word,を含む，が入っている,を含む，が入っている,high_school,2,pre2,pre2;2,動詞,pre2:172;2:42,2
contemporary,contemporary,word,現在の，現代の,現在の，現代の,high_school,1,pre2,pre2;2;pre1,形容詞,pre2:557;2:1119;pre1:3253,3
content,content,word,中身，内容，目次,中身，内容，目次,high_school,2,pre2,pre2;2,名詞,pre2:891;2:455,2
context,context,word,文脈，背景,文脈，背景,high_school,2,pre2,pre2;2,名詞,pre2:810;2:1932,2
continent,continent,word,大陸，陸地,大陸，陸地,high_school,2,pre2,pre2;2,名詞,pre2:951;2:512,2
contrary,contrary,word,反対の，逆の,反対の，逆の,high_school,2,pre2,pre2;2,形容詞,pre2:1196;2:1684,2
contrast,contrast,word,対照，比較,対照，比較,high_school,2,pre2,pre2;2,名詞,pre2:672;2:1756,2
contribute,contribute,word,に寄付する，捧げる,に寄付する，捧げる,high_school,2,pre2,pre2;2,動詞,pre2:870;2:1881,2
contribution,contribution,word,寄付，貢献,寄付，貢献,high_school,2,pre2,pre2;2,名詞,pre2:1055;2:826,2
controversial,controversial,word,議論の的になる，論争上の,議論の的になる，論争上の,high_school,2,pre2,pre2;2,形容詞,pre2:417;2:1042,2
conventional,conventional,word,従来の，伝統的な,従来の，伝統的な,high_school,1,pre2,pre2;2;pre1,形容詞,pre2:968;2:967;pre1:3021,3
conversation,conversation,word,会話，対話,会話，対話,high_school,2,pre2,pre2;2,名詞,pre2:711;2:913,2
convert,convert,word,を変える，転換する,を変える，転換する,high_school,2,pre2,pre2;2,動詞,pre2:1247;2:91,2
convey,convey,word,伝える，運ぶ,伝える，運ぶ,high_school,1,pre2,pre2;2;pre1,動詞,pre2:706;2:1596;pre1:3209,3
conviction,conviction,word,信念，確信,信念，確信,high_school,1,pre2,pre2;2;pre1,名詞,pre2:371;2:1409;pre1:3387,3
convince,convince,word,を納得させる，説得する,を納得させる，説得する,high_school,2,pre2,pre2;2,動詞,pre2:485;2:947,2
cooperation,cooperation,word,協力，共同作業,協力，共同作業,high_school,2,pre2,pre2;2,名詞,pre2:758;2:1075,2
cope,cope,word,対処する，処理する,対処する，処理する,high_school,2,pre2,pre2;2,動詞,pre2:874;2:1911,2
copyright,copyright,word,著作権，版権,著作権，版権,high_school,2,pre2,pre2;2,名詞,pre2:1410;2:374,2
correspondent,correspondent,word,特派員,特派員,high_school,2,pre2,pre2,名詞,pre2:770,1
corridor,corridor,word,廊下，通路,廊下，通路,high_school,1,pre2,pre2;2;pre1,名詞,pre2:910;2:1032;pre1:3382,3
council,council,word,議会，会議,議会，会議,high_school,2,pre2,pre2;2,名詞,pre2:960;2:395,2
county,county,word,州，郡,州，郡,high_school,2,pre2,pre2;2,名詞,pre2:826;2:1503,2
court,court,word,裁判所，法廷,裁判所，法廷,high_school,2,pre2,pre2;2,名詞,pre2:341;2:1854,2
crack,crack,word,裂け目，ひび,裂け目，ひび,high_school,2,pre2,pre2;2,名詞,pre2:1194;2:1011,2
craft,craft,word,工芸，技能,工芸，技能,high_school,2,pre2,pre2;2,名詞,pre2:713;2:1030,2
creation,creation,word,創造，創作,創造，創作,high_school,2,pre2,pre2;2,名詞,pre2:941;2:1123,2
creature,creature,word,生き物，生物,生き物，生物,high_school,2,pre2,pre2;2,名詞,pre2:604;2:229,2
credit,credit,word,信用，信頼,信用，信頼,high_school,2,pre2,pre2;2,名詞,pre2:292;2:797,2
crime,crime,word,犯罪，罪行,犯罪，罪行,high_school,2,pre2,pre2;2,名詞,pre2:1201;2:793,2
criminal,criminal,word,犯罪の，違法の,犯罪の，違法の,high_school,2,pre2,pre2;2,名詞;形容詞,pre2:486;2:1564,2
crisis,crisis,word,危機，困難,危機，困難,high_school,2,pre2,pre2;2,名詞,pre2:797;2:1863,2
critical,critical,word,極めて重要な，非常に大事な,極めて重要な，非常に大事な,high_school,2,pre2,pre2;2,形容詞,pre2:531;2:1862,2
criticism,criticism,word,批判，評価,批判，評価,high_school,2,pre2,pre2;2,名詞,pre2:466;2:1450,2
criticize,criticize,word,を批評する，を評価する,を批評する，を評価する,high_school,2,pre2,pre2;2,動詞,pre2:193;2:1248,2
crop,crop,word,収穫物，作物,収穫物，作物,high_school,2,pre2,pre2;2,名詞,pre2:1083;2:1627,2
crucial,crucial,word,重要な，決定的な,重要な，決定的な,high_school,2,pre2,pre2;2,形容詞,pre2:225;2:1052,2
cruel,cruel,word,残酷な，ひどい,残酷な，ひどい,high_school,1,pre2,pre2;2;pre1,形容詞,pre2:1324;2:245;pre1:41,3
curiosity,curiosity,word,好奇心，探究心,好奇心，探究心,high_school,2,pre2,pre2;2,名詞,pre2:1089;2:938,2
currency,currency,word,通貨，流通,通貨，流通,high_school,1,pre2,pre2;2;pre1,名詞,pre2:1251;2:98;pre1:718,3
current,current,word,現在の，現行の,現在の，現行の,high_school,2,pre2,pre2;2,形容詞,pre2:513;2:619,2
deadline,deadline,word,締め切り，期限,締め切り，期限,high_school,1,pre2,pre2;2;pre1,名詞,pre2:1466;2:462;pre1:743,3
deal,deal,word,を扱う，分配する,を扱う，分配する,high_school,2,pre2,pre2;2,動詞,pre2:239;2:831,2
dealer,dealer,word,販売業者，売り手,販売業者，売り手,high_school,2,pre2,pre2;2,名詞,pre2:732;2:1703,2
debt,debt,word,借金，負債,借金，負債,high_school,1,pre2,pre2;2;pre1,名詞,pre2:293;2:925;pre1:48,3
decade,decade,word,10年間,10年間,high_school,2,pre2,pre2;2,名詞,pre2:481;2:205,2
deceive,deceive,word,を欺く，をだます,を欺く，をだます,high_school,1,pre2,pre2;2;pre1,動詞,pre2:1330;2:252;pre1:418,3
declare,declare,word,を宣言する，公表する,を宣言する，公表する,high_school,2,pre2,pre2;2,動詞,pre2:630;2:948,2
decline,decline,word,断る，拒否する,断る，拒否する,high_school,2,pre2,pre2;2,動詞,pre2:859;2:1635,2
decrease,decrease,word,減少する，を減らす/減少,減少する，を減らす/減少,high_school,2,pre2,pre2;2,動詞,pre2:84;2:178,2
defeat,defeat,word,負かす，打ち破る,負かす，打ち破る,high_school,2,pre2,pre2;2,動詞,pre2:793;2:1689,2
defendant,defendant,word,被告人，告発される人,被告人，告発される人,high_school,2,pre2,pre2;2,名詞,pre2:627;2:1170,2
deficit,deficit,word,赤字，欠損,赤字，欠損,high_school,2,pre2,pre2;2,名詞,pre2:999;2:1000,2
definition,definition,word,定義，明確な説明,定義，明確な説明,high_school,1,pre2,pre2;2;pre1,名詞,pre2:703;2:984;pre1:3234,3
degree,degree,word,程度，度,程度，度,high_school,2,pre2,pre2;2,名詞,pre2:160;2:299,2
delay,delay,word,を遅らせる，先延ばしにする,を遅らせる，先延ばしにする,high_school,2,pre2,pre2;2,動詞,pre2:1379;2:331,2
delete,delete,word,を削除する，消す,を削除する，消す,high_school,2,pre2,pre2;2,動詞,pre2:1321;2:242,2
delight,delight,word,喜び，歓喜,喜び，歓喜,high_school,2,pre2,pre2;2,名詞,pre2:1153;2:1162,2
delivery,delivery,word,配達，送付,配達，送付,high_school,2,pre2,pre2;2,名詞,pre2:459;2:1027,2
demand,demand,word,要求，需要/を要求する,要求，需要/を要求する,high_school,2,pre2,pre2;2,名詞,pre2:980;2:159,2
democracy,democracy,word,民主主義，民主制度,民主主義，民主制度,high_school,2,pre2,pre2;2,名詞,pre2:1137;2:474,2
democrat,democrat,word,民主主義者，民主派,民主主義者，民主派,high_school,2,pre2,pre2;2,名詞,pre2:442;2:1548,2
demonstrate,demonstrate,word,実証する，証明する,実証する，証明する,high_school,2,pre2,pre2;2,動詞,pre2:167;2:1438,2
deny,deny,word,を否定する，拒否する,を否定する，拒否する,high_school,2,pre2,pre2;2,動詞,pre2:470;2:1803,2
department,department,word,部門，課,部門，課,high_school,2,pre2,pre2;2,名詞,pre2:527;2:1709,2
dependent,dependent,word,依存している，頼っている,依存している，頼っている,high_school,2,pre2,pre2;2,形容詞,pre2:642;2:1065,2
depending,depending,word,依存している，依存状態,依存している，依存状態,high_school,2,pre2,pre2;2,動詞（現在分詞）;動詞,pre2:1197;2:1992,2
deposit,deposit,word,お金を預ける，を預金する,お金を預ける，を預金する,high_school,2,pre2,pre2;2,動詞,pre2:1328;2:250,2
depression,depression,word,落ち込み，不景気,落ち込み，不景気,high_school,2,pre2,pre2;2,名詞,pre2:1181;2:695,2
depth,depth,word,深さ,深さ,high_school,2,pre2,pre2,名詞,pre2:829,1
deputy,deputy,word,代理，代わり,代理，代わり,high_school,2,pre2,pre2;2,名詞,pre2:579;2:1067,2
derive,derive,word,を引き出す，取り出す,を引き出す，取り出す,high_school,2,pre2,pre2;2,動詞,pre2:594;2:1090,2
describe,describe,word,を述べる，描写する,を述べる，描写する,high_school,2,pre2,pre2;2,動詞,pre2:905;2:865,2
deserve,deserve,word,値する，価値がある,値する，価値がある,high_school,2,pre2,pre2;2,動詞,pre2:701;2:1880,2
desire,desire,word,願望/切望する,願望/切望する,high_school,2,pre2,pre2;2,名詞;動詞,pre2:502;2:990,2
desperate,desperate,word,やけくその，軽率な,やけくその，軽率な,high_school,2,pre2,pre2;2,形容詞,pre2:970;2:1578,2
despite,despite,word,にも関わらず，けれども,にも関わらず，けれども / にも関わらず，とはいえ,high_school,1,pre2,pre2;2;pre1;1,前置詞;接続詞,pre2:781;2:275;pre1:1878;1:828,4
destruction,destruction,word,破壊，壊滅,破壊，壊滅,high_school,2,pre2,pre2;2,名詞,pre2:543;2:1623,2
detail,detail,word,詳細，具体的な情報,詳細，具体的な情報,high_school,2,pre2,pre2;2,名詞,pre2:333;2:1325,2
detailed,detailed,word,詳細の，具体的な,詳細の，具体的な,high_school,2,pre2,pre2;2,形容詞,pre2:287;2:1205,2
details,details,word,詳細，詳しく説明する,詳細，詳しく説明する,high_school,2,pre2,pre2,名詞,pre2:28,1
detect,detect,word,を検出する，を感知する,を検出する，を感知する,high_school,2,pre2,pre2;2,動詞,pre2:760;2:66,2
detective,detective,word,探偵，刑事，捜査官,探偵，刑事，捜査官,high_school,1,pre2,pre2;2;pre1,名詞,pre2:1474;2:473;pre1:294,3
determine,determine,word,を決める，を定める,を決める，を定める,high_school,2,pre2,pre2;2,動詞,pre2:1081;2:566,2
develop,develop,word,を発達させる，を開発する,を発達させる，を開発する,high_school,2,pre2,pre2;2,動詞,pre2:745;2:88,2
diet,diet,word,食事，食事療法,食事，食事療法,high_school,2,pre2,pre2;2,名詞,pre2:400;2:573,2
dig,dig,word,を掘る，採掘する,を掘る，採掘する,high_school,2,pre2,pre2;2,動詞,pre2:150;2:492,2
direction,direction,word,方向，方角,方向，方角,high_school,1,pre2,pre2;2,名詞,pre2:30;pre2:330;2:859,3
directly,directly,word,直接，直接的に,直接，直接的に,high_school,2,pre2,pre2;2,副詞,pre2:476;2:239,2
director,director,word,監督，指導者，役員,監督，指導者，役員,high_school,2,pre2,pre2;2,名詞,pre2:1411;2:376,2
disappear,disappear,word,消える，見えなくなる,消える，見えなくなる,high_school,2,pre2,pre2;2,動詞,pre2:1077;2:526,2
disappoint,disappoint,word,がっかりさせる，失望させる,がっかりさせる，失望させる,high_school,2,pre2,pre2;2,動詞,pre2:18;2:1419,2
discipline,discipline,word,しつけ，規律,しつけ，規律,high_school,2,pre2,pre2,名詞,pre2:1109,1
discovery,discovery,word,発見，見つけること,発見，見つけること,high_school,2,pre2,pre2;2,名詞,pre2:158;2:955,2
dismiss,dismiss,word,を退出させる,を退出させる,high_school,2,pre2,pre2,動詞,pre2:684,1
disorder,disorder,word,無秩序，混乱,無秩序，混乱,high_school,2,pre2,pre2;2,名詞,pre2:1363;2:305,2
disposal,disposal,word,処理，処分,処理，処分 / 廃棄,high_school,1,pre2,pre2;2;pre1,動詞;名詞,pre2:1332;2:255;pre1:1599,3
distance,distance,word,距離，間隔,距離，間隔,high_school,2,pre2,pre2;2,名詞,pre2:61;2:1630,2
distant,distant,word,"遠く離れた, 遠隔の","遠く離れた, 遠隔の",high_school,2,pre2,pre2;2,形容詞,pre2:458;2:488,2
distinction,distinction,word,区別，相違,区別，相違,high_school,1,pre2,pre2;2;pre1,名詞,pre2:882;2:1394;pre1:3196,3
distinguish,distinguish,word,を区別する，識別する,を区別する，識別する,high_school,2,pre2,pre2;2,動詞,pre2:306;2:991,2
distribution,distribution,word,分布，配分,分布，配分,high_school,2,pre2,pre2;2,名詞,pre2:949;2:1495,2
district,district,word,地域，地区,地域，地区,high_school,2,pre2,pre2;2,名詞,pre2:1131;2:483,2
disturb,disturb,word,を阻害する，(人の)邪魔をする,を阻害する，(人の)邪魔をする,high_school,2,pre2,pre2;2,動詞,pre2:309;2:16,2
divide,divide,word,を分割する，分ける,を分割する，分ける,high_school,2,pre2,pre2;2,動詞,pre2:85;2:862,2
doubt,doubt,word,疑い，疑問,疑い，疑問,high_school,2,pre2,pre2;2,名詞,pre2:1150;2:1181,2
dozen,dozen,word,12の,12の,high_school,2,pre2,pre2;2,名詞,pre2:909;2:1338,2
drain,drain,word,排出させる，排水をする,排出させる，排水をする,high_school,1,pre2,pre2;2;pre1,動詞,pre2:1033;2:1980;pre1:3337,3
dramatic,dramatic,word,劇的な，感動的な,劇的な，感動的な,high_school,2,pre2,pre2;2,形容詞,pre2:785;2:1717,2
drift,drift,word,漂流，流れる,漂流，流れる,high_school,1,pre2,pre2;2;pre1,名詞,pre2:452;2:1009;pre1:3032,3
due,due,word,期限の，納期の,期限の，納期の,high_school,2,pre2,pre2;2,形容詞,pre2:434;2:1464,2
dull,dull,word,面白みのない，鈍い,面白みのない，鈍い,high_school,1,pre2,pre2;2;pre1,形容詞,pre2:617;2:1931;pre1:259,3
dump,dump,word,投げ捨てる，捨てる,投げ捨てる，捨てる,high_school,2,pre2,pre2;2,動詞,pre2:350;2:1977,2
dust,dust,word,ほこり，塵,ほこり，塵,high_school,2,pre2,pre2;2,名詞,pre2:284;2:1058,2
duty,duty,word,職務，関税,職務，関税,high_school,2,pre2,pre2;2,名詞,pre2:771;2:1534,2
eager,eager,word,強く望んでいる，切望している,強く望んでいる，切望している,high_school,2,pre2,pre2;2,形容詞,pre2:1141;2:1761,2
earn,earn,word,稼ぐ，得る,稼ぐ，得る,high_school,2,pre2,pre2;2,動詞,pre2:324;2:1868,2
earnings,earnings,word,収益，稼ぎ,収益，稼ぎ,high_school,2,pre2,pre2,名詞,pre2:357,1
ease,ease,word,容易さ，気楽さ,容易さ，気楽さ,high_school,2,pre2,pre2;2,名詞,pre2:218;2:1401,2
echo,echo,word,こだま，反響,こだま，反響,high_school,2,pre2,pre2;2,名詞,pre2:286;2:1303,2
economic,economic,word,経済の，財政の,経済の，財政の,high_school,2,pre2,pre2;2,形容詞,pre2:704;2:625,2
economy,economy,word,経済，節約,経済，節約,high_school,2,pre2,pre2;2,名詞,pre2:722;2:211,2
edge,edge,word,端，縁,端，縁,high_school,2,pre2,pre2;2,名詞,pre2:1216;2:1468,2
educate,educate,word,教育する，訓練する,教育する，訓練する,high_school,2,pre2,pre2;2,動詞,pre2:913;2:1954,2
education,education,word,教育，指導,教育，指導,high_school,2,pre2,pre2;2,名詞,pre2:1041;2:1040,2
educational,educational,word,教育の，教授の,教育の，教授の,high_school,2,pre2,pre2;2,形容詞,pre2:222;2:1277,2
effect,effect,word,効果，影響，結果,効果，影響，結果,high_school,2,pre2,pre2;2,名詞,pre2:260;2:300,2
efficiency,efficiency,word,効率，能率,効率，能率,high_school,1,pre2,pre2;2;pre1,名詞,pre2:1461;2:450;pre1:302,3
efficient,efficient,word,効率のいい，効率的な,効率のいい，効率的な,high_school,2,pre2,pre2;2,形容詞,pre2:843;2:189,2
elderly,elderly,word,年配の，高齢の,年配の，高齢の,high_school,2,pre2,pre2;2,形容詞,pre2:428;2:351,2
elect,elect,word,を選出する,を選出する,high_school,2,pre2,pre2,動詞,pre2:219,1
election,election,word,選挙，投票,選挙，投票,high_school,2,pre2,pre2;2,名詞,pre2:780;2:1287,2
electric,electric,word,電気の，電力の,電気の，電力の,high_school,2,pre2,pre2;2,形容詞,pre2:540;2:292,2
element,element,word,要素，元素,要素，元素,high_school,2,pre2,pre2;2,名詞,pre2:562;2:1702,2
embarrass,embarrass,word,を恥ずかしがらせる，を恥じさせる,を恥ずかしがらせる，を恥じさせる,high_school,1,pre2,pre2;2;pre1,動詞,pre2:1287;2:164;pre1:3008,3
embrace,embrace,word,を抱きしめる，擁する,を抱きしめる，擁する,high_school,1,pre2,pre2;2;pre1,動詞,pre2:907;2:422;pre1:3290,3
emerge,emerge,word,現れる,現れる,high_school,2,pre2,pre2;pre1,動詞,pre2:837;pre1:3144,2
emotional,emotional,word,感情の，情緒の,感情の，情緒の,high_school,2,pre2,pre2;2,形容詞,pre2:977;2:1386,2
emotionally,emotionally,word,"感情的に, 情緒的に","感情的に, 情緒的に",high_school,2,pre2,pre2;2,副詞,pre2:1478;2:480,2
emphasis,emphasis,word,強調，重視,強調，重視,high_school,2,pre2,pre2;2,名詞,pre2:973;2:1669,2
emphasize,emphasize,word,を強調する，力説する,を強調する，力説する,high_school,2,pre2,pre2;2,動詞,pre2:375;2:61,2
employ,employ,word,雇う，採用する,雇う，採用する,high_school,2,pre2,pre2;2,動詞,pre2:808;2:1487,2
employer,employer,word,雇用者，雇い主,雇用者，雇い主,high_school,2,pre2,pre2;2,名詞,pre2:852;2:1626,2
employment,employment,word,雇用，採用,雇用，採用,high_school,1,pre2,pre2;2;pre1,名詞,pre2:1238;2:68;pre1:182,3
enable,enable,word,に可能にさせる,に可能にさせる,high_school,2,pre2,pre2,動詞,pre2:344,1
encounter,encounter,word,遭遇する，出会う,遭遇する，出会う,high_school,1,pre2,pre2;2;pre1,動詞,pre2:262;2:1570;pre1:3267,3
endure,endure,word,を我慢する，耐える,を我慢する，耐える,high_school,2,pre2,pre2;2,動詞,pre2:1331;2:254,2
enforcement,enforcement,word,執行，実施,執行，実施,high_school,2,pre2,pre2;2,名詞,pre2:228;2:998,2
engaged,engaged,word,に従事して，忙しくして,に従事して，忙しくして,high_school,2,pre2,pre2;2,形容詞,pre2:338;2:1698,2
enhance,enhance,word,強調する，(さらに)高める,強調する，(さらに)高める,high_school,2,pre2,pre2;2,動詞,pre2:431;2:1169,2
enlarge,enlarge,word,を拡大する，を広げる,を拡大する，を広げる,high_school,1,pre2,pre2;2;pre1,動詞,pre2:1288;2:165;pre1:746,3
enormous,enormous,word,非常に大きい，極端に大きい,非常に大きい，極端に大きい,high_school,2,pre2,pre2;2,形容詞,pre2:1115;2:206,2
entertain,entertain,word,を楽しませる,を楽しませる,high_school,2,pre2,pre2,動詞,pre2:315,1
entertainment,entertainment,word,娯楽，楽しみ,娯楽，楽しみ,high_school,2,pre2,pre2;2,名詞,pre2:1129;2:1444,2
entire,entire,word,全体の，全部の,全体の，全部の,high_school,2,pre2,pre2;2,形容詞,pre2:1158;2:1509,2
entirely,entirely,word,完全に，全く,完全に，全く,high_school,2,pre2,pre2;2,副詞,pre2:803;2:38,2
entitle,entitle,word,と題する，と名づける,と題する，と名づける,high_school,1,pre2,pre2;2;pre1,動詞,pre2:747;2:1859;pre1:3211,3
envelope,envelope,word,封筒，封書,封筒，封書,high_school,1,pre2,pre2;2;pre1,名詞,pre2:1336;2:260;pre1:59,3
environmental,environmental,word,環境の，自然環境の,環境の，自然環境の,high_school,2,pre2,pre2;2,形容詞,pre2:1217;2:390,2
environmentally,environmentally,word,環境的に，情勢的に,環境的に，情勢的に,high_school,2,pre2,pre2;2,副詞,pre2:1421;2:394,2
equal,equal,word,同等，等しい,同等，等しい,high_school,2,pre2,pre2;2,形容詞,pre2:1452;2:438,2
equipment,equipment,word,装置，設備,装置，設備,high_school,2,pre2,pre2;2,名詞,pre2:854;2:183,2
escape,escape,word,逃れる，脱走する,逃れる，脱走する,high_school,2,pre2,pre2;2,動詞,pre2:944;2:879,2
especially,especially,word,特に，格段に,特に，格段に,high_school,2,pre2,pre2;2,副詞,pre2:251;2:1066,2
essay,essay,word,論文，随筆,論文，随筆,high_school,2,pre2,pre2;2,名詞,pre2:269;2:1304,2
establishment,establishment,word,設立，創立,設立，創立,high_school,2,pre2,pre2;2,名詞,pre2:702;2:1824,2
estate,estate,word,財産，資産,財産，資産,high_school,1,pre2,pre2;2;pre1,名詞,pre2:246;2:1186;pre1:3027,3
estimate,estimate,word,を推定する，評価する,を推定する，評価する,high_school,2,pre2,pre2;2,動詞,pre2:841;2:34,2
ethnic,ethnic,word,民族の，民族特有の,民族の，民族特有の,high_school,1,pre2,pre2;2;pre1,形容詞,pre2:509;2:974;pre1:1122,3
evaluate,evaluate,word,評価する，見積もる,評価する，見積もる,high_school,1,pre2,pre2;2;pre1,動詞,pre2:1479;2:481;pre1:895,3
eventually,eventually,word,結局は，やがて,結局は，やがて,high_school,2,pre2,pre2;2,副詞,pre2:665;2:779,2
evidence,evidence,word,証拠，証明,証拠，証明 / 証拠,high_school,1,pre2,pre2;2,名詞,pre2:916;2:33;2:2040,3
evil,evil,word,邪悪な，悪しき,邪悪な，悪しき,high_school,2,pre2,pre2;2,形容詞,pre2:742;2:1750,2
evolution,evolution,word,進化，発展,進化，発展,high_school,2,pre2,pre2;2,名詞,pre2:823;2:1472,2
exactly,exactly,word,正確に，正確で,正確に，正確で,high_school,2,pre2,pre2;2,副詞,pre2:950;2:1956,2
examination,examination,word,試験，実験,試験，実験,high_school,2,pre2,pre2;2,名詞,pre2:1102;2:1694,2
examine,examine,word,を検査する，調査する,を検査する，調査する,high_school,2,pre2,pre2;2,動詞,pre2:561;2:668,2
except,except,word,を除いて，除外して,を除いて，除外して,high_school,2,pre2,pre2;2,前置詞,pre2:1092;2:1926,2
exceptionally,exceptionally,word,例外的に，非常に,例外的に，非常に,high_school,2,pre2,pre2;2,副詞,pre2:1368;2:313,2
exclude,exclude,word,除く，排除する,除く，排除する,high_school,2,pre2,pre2;2,動詞,pre2:1108;2:1986,2
exhibition,exhibition,word,展示，展覧,展示，展覧,high_school,2,pre2,pre2;2,名詞,pre2:787;2:1520,2
exist,exist,word,存在する，実在する,存在する，実在する,high_school,2,pre2,pre2;2,動詞,pre2:565;2:1554,2
existence,existence,word,存在，実在,存在，実在,high_school,2,pre2,pre2;2,名詞,pre2:683;2:1574,2
existing,existing,word,既存の，現存の,既存の，現存の,high_school,2,pre2,pre2;2,形容詞,pre2:435;2:1907,2
expand,expand,word,拡大する，広がる,拡大する，広がる,high_school,1,pre2,pre2;2;pre1,動詞,pre2:436;2:1685;pre1:3073,3
expansion,expansion,word,拡張，拡大，増幅,拡張，拡大，増幅,high_school,2,pre2,pre2;2,名詞,pre2:214;2:1573,2
expectation,expectation,word,期待，予想,期待，予想,high_school,2,pre2,pre2;2,名詞,pre2:348;2:1793,2
expense,expense,word,費用，出費，犠牲,費用，出費，犠牲,high_school,1,pre2,pre2;2;pre1,名詞,pre2:1229;2:41;pre1:260,3
experiment,experiment,word,実験，試み,実験，試み,high_school,2,pre2,pre2;2,名詞,pre2:53;2:63,2
expert,expert,word,専門家,専門家,high_school,2,pre2,pre2,名詞,pre2:77,1
explanation,explanation,word,説明，解説,説明，解説,high_school,2,pre2,pre2;2,名詞,pre2:1098;2:1710,2
explore,explore,word,探索する，調査する,探索する，調査する,high_school,2,pre2,pre2;2,動詞,pre2:1208;2:1713,2
explorer,explorer,word,冒険者，探検家,冒険者，探検家,high_school,2,pre2,pre2;2,名詞,pre2:1445;2:429,2
export,export,word,を輸出する，輸送する,を輸出する，輸送する,high_school,2,pre2,pre2;2,動詞,pre2:767;2:784,2
expose,expose,word,明らかにする，明示する,明らかにする，明示する,high_school,2,pre2,pre2;2,動詞,pre2:612;2:1708,2
exposure,exposure,word,暴露，さらすこと,暴露，さらすこと,high_school,1,pre2,pre2;2;pre1,名詞,pre2:584;2:1941;pre1:3107,3
express,express,word,表現する，を言い表す,表現する，を言い表す,high_school,2,pre2,pre2;2,動詞,pre2:939;2:1445,2
expression,expression,word,表現，言い回し,表現，言い回し,high_school,2,pre2,pre2;2,名詞,pre2:1050;2:1682,2
extension,extension,word,拡張，展開,拡張，展開,high_school,2,pre2,pre2;2,名詞,pre2:429;2:1305,2
extensive,extensive,word,広範な，広い範囲の,広範な，広い範囲の,high_school,2,pre2,pre2;2,形容詞,pre2:805;2:1936,2
extent,extent,word,程度，大きさ,程度，大きさ,high_school,2,pre2,pre2;2,名詞,pre2:1112;2:1068,2
extra,extra,word,余分の，特別の,余分の，特別の,high_school,2,pre2,pre2;2,形容詞,pre2:15;2:1830,2
extraordinary,extraordinary,word,普通でない，異常な,普通でない，異常な,high_school,2,pre2,pre2;2,形容詞,pre2:919;2:1522,2
extreme,extreme,word,極端な，過激な,極端な，過激な,high_school,2,pre2,pre2;2,形容詞,pre2:408;2:1466,2
extremely,extremely,word,極端に，過度に,極端に，過度に,high_school,2,pre2,pre2;2,副詞,pre2:285;2:67,2
fabric,fabric,word,織物，布地,織物，布地,high_school,2,pre2,pre2;2,名詞,pre2:914;2:1801,2
factor,factor,word,要因，原因,要因，原因,high_school,2,pre2,pre2;2,名詞,pre2:687;2:1293,2
failure,failure,word,失敗，挫折,失敗，挫折,high_school,2,pre2,pre2;2,名詞,pre2:356;2:1222,2
fair,fair,word,公平な，平等な,公平な，平等な,high_school,2,pre2,pre2;2,形容詞,pre2:620;2:1081,2
fairly,fairly,word,かなり，公平に,かなり，公平に,high_school,2,pre2,pre2;2,副詞,pre2:866;2:412,2
faith,faith,word,信頼，信用,信頼，信用,high_school,1,pre2,pre2;2;pre1,名詞,pre2:923;2:1408;pre1:3259,3
false,false,word,誤った，間違った,誤った，間違った,high_school,2,pre2,pre2;2,形容詞,pre2:839;2:1327,2
fate,fate,word,運命，宿命,運命，宿命,high_school,2,pre2,pre2;2,名詞,pre2:484;2:1908,2
fault,fault,word,欠点，短所,欠点，短所,high_school,2,pre2,pre2;2,名詞,pre2:1017;2:1258,2
favor,favor,word,親切な行為，好意,親切な行為，好意,high_school,2,pre2,pre2;2,名詞,pre2:1169;2:772,2
fear,fear,word,を恐れる，恐がる/恐れ,を恐れる，恐がる/恐れ,high_school,2,pre2,pre2;2,名詞,pre2:1105;2:296,2
feature,feature,word,特徴，特性/を目玉とする,特徴，特性/を目玉とする,high_school,1,pre2,pre2;2;pre1,名詞;名詞／動詞,pre2:398;2:174;pre1:3033,3
federal,federal,word,連邦の，連邦制の,連邦の，連邦制の,high_school,1,pre2,pre2;2;pre1,形容詞,pre2:996;2:1505;pre1:3178,3
fee,fee,word,料金，手数料,料金，手数料,high_school,2,pre2,pre2;2,名詞,pre2:280;2:618,2
feed,feed,word,えさを与える,えさを与える / 餌を与える，育てる,high_school,2,pre2,pre2;2,名詞;動詞,pre2:885;2:649,2
fellow,fellow,word,仲間，友人,仲間，友人,high_school,2,pre2,pre2;2,名詞,pre2:427;2:1779,2
female,female,word,雌の，女性の,雌の，女性の,high_school,2,pre2,pre2;2,形容詞;名詞,pre2:753;2:1991,2
fertilizer,fertilizer,word,肥料，育成剤,肥料，育成剤,high_school,1,pre2,pre2;2;pre1,名詞,pre2:1276;2:140;pre1:31,3
fiber,fiber,word,繊維，糸,繊維，糸,high_school,2,pre2,pre2;2,名詞,pre2:1220;2:1121,2
finance,finance,word,財政，財務,財政，財務,high_school,2,pre2,pre2;2,名詞,pre2:902;2:1642,2
financial,financial,word,財政の，財務に関する,財政の，財務に関する,high_school,2,pre2,pre2;2,形容詞,pre2:903;2:1947,2
firm,firm,word,しっかりした，堅い,しっかりした，堅い,high_school,2,pre2,pre2;2,形容詞,pre2:232;2:1577,2
flee,flee,word,逃げる，逃走する,逃げる，逃走する,high_school,2,pre2,pre2;2,動詞,pre2:1032;2:1831,2
flexibility,flexibility,word,しなやかさ，弾力性，柔軟性,しなやかさ，弾力性，柔軟性,high_school,1,pre2,pre2;2;pre1,名詞,pre2:1263;2:124;pre1:1181,3
flood,flood,word,洪水，氾濫,洪水，氾濫,high_school,2,pre2,pre2;2,名詞,pre2:778;2:1864,2
flow,flow,word,流れる，流す,流れる，流す,high_school,2,pre2,pre2;2,動詞,pre2:355;2:1340,2
folk,folk,word,人々，群衆,人々，群衆,high_school,2,pre2,pre2;2,名詞,pre2:779;2:1322,2
force,force,word,力，勢い,力，勢い,high_school,2,pre2,pre2;2,名詞,pre2:234;2:730,2
forever,forever,word,永遠に，ずっと,永遠に，ずっと,high_school,2,pre2,pre2;2,副詞,pre2:888;2:970,2
formal,formal,word,正式な，公式の,正式な，公式の,high_school,2,pre2,pre2;2,形容詞,pre2:169;2:818,2
formation,formation,word,形成，構成,形成，構成,high_school,1,pre2,pre2;2;pre1,名詞,pre2:1335;2:259;pre1:397,3
former,former,word,前の，以前の,前の，以前の,high_school,2,pre2,pre2;2,形容詞,pre2:880;2:1146,2
foundation,foundation,word,土台，根拠，設立,土台，根拠，設立,high_school,1,pre2,pre2;2;pre1,名詞,pre2:1232;2:50;pre1:3399,3
founder,founder,word,創設者，創立者,創設者，創立者,high_school,2,pre2,pre2;2,名詞,pre2:975;2:1198,2
freeze,freeze,word,凍る，氷結,凍る，氷結,high_school,2,pre2,pre2;2,動詞,pre2:1210;2:1593,2
frequent,frequent,word,頻繁な，しばしば起こる,頻繁な，しばしば起こる,high_school,2,pre2,pre2;2,形容詞,pre2:1291;2:179,2
frequently,frequently,word,"頻繁に, たびたび","頻繁に, たびたび",high_school,2,pre2,pre2;2,副詞,pre2:1056;2:479,2
frighten,frighten,word,怖がらせる，恐れさせる,怖がらせる，恐れさせる,high_school,2,pre2,pre2;2,動詞,pre2:1202;2:1404,2
frightened,frightened,word,恐ろしかった，怖かった,恐ろしかった，怖かった,high_school,2,pre2,pre2;2,形容詞,pre2:1375;2:326,2
fuel,fuel,word,燃料，燃えやすいもの,燃料，燃えやすいもの,high_school,2,pre2,pre2;2,名詞,pre2:720;2:397,2
fully,fully,word,十分に，完全に,十分に，完全に,high_school,2,pre2,pre2;2,副詞,pre2:774;2:1104,2
fund,fund,word,基金，資金,基金，資金,high_school,1,pre2,pre2;2;pre1,名詞,pre2:1470;2:466;pre1:268,3
fundamental,fundamental,word,基本的な，基礎の,基本的な，基礎の,high_school,2,pre2,pre2;2,形容詞,pre2:523;2:1806,2
funding,funding,word,資金調達，資本集め,資金調達，資本集め,high_school,2,pre2,pre2;2,名詞,pre2:918;2:1938,2
furniture,furniture,word,家具，調度品,家具，調度品,high_school,2,pre2,pre2;2,名詞,pre2:1316;2:232,2
furthermore,furthermore,word,さらに，その上,さらに，その上,high_school,1,pre2,pre2;2;pre1,副詞,pre2:1235;2:55;pre1:1082,3
gain,gain,word,得る，獲得する,得る，獲得する,high_school,2,pre2,pre2;2,動詞,pre2:9;2:1891,2
gather,gather,word,を集める，収集する,を集める，収集する,high_school,2,pre2,pre2;2,動詞,pre2:662;2:678,2
generous,generous,word,気前のよい，寛容な,気前のよい，寛容な,high_school,2,pre2,pre2;2,形容詞,pre2:1323;2:244,2
generously,generously,word,惜しみなく，気前よく,惜しみなく，気前よく,high_school,2,pre2,pre2;2,副詞,pre2:1464;2:459,2
genius,genius,word,天才，才人,天才，才人,high_school,2,pre2,pre2;2,名詞,pre2:291;2:1435,2
glance,glance,word,一目見る/一目,一目見る/一目,high_school,1,pre2,pre2;2;pre1,名詞;名詞/動詞;名詞／動詞,pre2:296;2:728;pre1:3167,3
global,global,word,地球の，世界の,地球の，世界の,high_school,2,pre2,pre2;2,形容詞,pre2:266;2:1261,2
govern,govern,word,統治する，支配する,統治する，支配する,high_school,2,pre2,pre2;2,動詞,pre2:227;2:1459,2
governor,governor,word,知事，州知事,知事，州知事,high_school,2,pre2,pre2;2,名詞,pre2:1088;2:1239,2
gradually,gradually,word,次第に，だんだんに,次第に，だんだんに,high_school,2,pre2,pre2;2,副詞,pre2:946;2:631,2
grammar,grammar,word,文法，文法規則,文法，文法規則,high_school,2,pre2,pre2;2,名詞,pre2:925;2:1949,2
grant,grant,word,給付金,給付金,high_school,2,pre2,pre2,名詞,pre2:249,1
gravity,gravity,word,重力，引力,重力，引力,high_school,1,pre2,pre2;2;pre1,名詞,pre2:1292;2:181;pre1:924,3
greet,greet,word,を出迎える，に挨拶する,を出迎える，に挨拶する,high_school,2,pre2,pre2;2,動詞,pre2:942;2:380,2
guarantee,guarantee,word,を保証する/保証,を保証する/保証,high_school,1,pre2,pre2;2;pre1,動詞,pre2:1376;2:327;pre1:1143,3
hang,hang,word,つるす，掛ける,つるす，掛ける,high_school,2,pre2,pre2;2,動詞,pre2:809;2:1420,2
harbor,harbor,word,港，港湾,港，港湾,high_school,2,pre2,pre2;2,名詞,pre2:1431;2:409,2
hardly,hardly,word,ほとんどない，少ない,ほとんどない，少ない,high_school,2,pre2,pre2;2,副詞,pre2:176;2:1278,2
harm,harm,word,害，危害/を害する,害，危害/を害する,high_school,2,pre2,pre2;2,名詞,pre2:1428;2:405,2
harmful,harmful,word,有害な，害のある,有害な，害のある,high_school,2,pre2,pre2;2,形容詞,pre2:670;2:1929,2
harvest,harvest,word,収穫/を収穫する,収穫/を収穫する,high_school,2,pre2,pre2;2,動詞,pre2:1435;2:414,2
hate,hate,word,ひどく嫌う，深く憎む,ひどく嫌う，深く憎む,high_school,2,pre2,pre2;2,動詞,pre2:549;2:1114,2
headline,headline,word,見出し，表題,見出し，表題,high_school,2,pre2,pre2;2,名詞,pre2:413;2:1943,2
headquarters,headquarters,word,本部，中心,本部，中心,high_school,2,pre2,pre2;2,名詞,pre2:674;2:1615,2
heel,heel,word,かかと，きびす,かかと，きびす,high_school,2,pre2,pre2;2,名詞,pre2:362;2:1405,2
height,height,word,高さ，高度,高さ，高度,high_school,2,pre2,pre2;2,名詞,pre2:182;2:1927,2
hell,hell,word,地獄，奈落,地獄，奈落,high_school,2,pre2,pre2;2,名詞,pre2:1066;2:1550,2
heritage,heritage,word,遺産，相続財産,遺産，相続財産,high_school,1,pre2,pre2;2;pre1,名詞,pre2:647;2:386;pre1:3226,3
hesitate,hesitate,word,ためらう，躊躇する,ためらう，躊躇する,high_school,1,pre2,pre2;2;pre1,動詞,pre2:1195;2:691;pre1:3025,3
hide,hide,word,隠す，隠れる,隠す，隠れる,high_school,2,pre2,pre2;2,動詞,pre2:491;2:1398,2
highlight,highlight,word,目立たせる，最も明るい部分,目立たせる，最も明るい部分,high_school,2,pre2,pre2;2,動詞,pre2:840;2:1616,2
hire,hire,word,雇う，採用する,雇う，採用する,high_school,2,pre2,pre2;2,動詞,pre2:801;2:1262,2
historic,historic,word,由緒のある，歴史に残る,由緒のある，歴史に残る,high_school,2,pre2,pre2;2,形容詞,pre2:678;2:240,2
historical,historical,word,歴史上の，過去の,歴史上の，過去の,high_school,2,pre2,pre2;2,形容詞,pre2:1134;2:1128,2
household,household,word,家族，世帯,家族，世帯,high_school,2,pre2,pre2;2,名詞,pre2:1198;2:1143,2
huge,huge,word,巨大な，広大な,巨大な，広大な,high_school,2,pre2,pre2;2,形容詞,pre2:559;2:820,2
humanity,humanity,word,人間，人間性,人間，人間性,high_school,2,pre2,pre2;2,名詞,pre2:1052;2:1413,2
ideal,ideal,word,理想，目指すべき状態,理想，目指すべき状態,high_school,2,pre2,pre2;2,名詞,pre2:183;2:1345,2
identify,identify,word,を見分ける，識別する,を見分ける，識別する,high_school,2,pre2,pre2;2,動詞,pre2:979;2:471,2
identity,identity,word,同一性，一致性,同一性，一致性,high_school,2,pre2,pre2;2,名詞,pre2:754;2:786,2
ignore,ignore,word,を無視する，見逃す,を無視する，見逃す,high_school,2,pre2,pre2;2,動詞,pre2:86;2:845,2
illness,illness,word,病気，疾患,病気，疾患,high_school,2,pre2,pre2;2,名詞,pre2:75;2:557,2
imagination,imagination,word,想像，仮想,想像，仮想,high_school,2,pre2,pre2;2,名詞,pre2:1087;2:1547,2
imitate,imitate,word,模倣する，真似る,模倣する，真似る,high_school,2,pre2,pre2;2,動詞,pre2:1306;2:214,2
immediate,immediate,word,即座の，瞬時の,即座の，瞬時の,high_school,2,pre2,pre2;2,形容詞,pre2:680;2:1173,2
immediately,immediately,word,即座に，直ちに,即座に，直ちに,high_school,2,pre2,pre2;2,副詞,pre2:48;2:95,2
immigrant,immigrant,word,移民，移住者,移民，移住者,high_school,2,pre2,pre2;2,名詞,pre2:377;2:1757,2
immigrate,immigrate,word,移住する，移転する,移住する，移転する,high_school,1,pre2,pre2;2;pre1,動詞,pre2:1380;2:333;pre1:3334,3
immune,immune,word,免疫の，免疫のある,免疫の，免疫のある,high_school,1,pre2,pre2;2;pre1,形容詞,pre2:1362;2:304;pre1:2371,3
implement,implement,word,実施する/道具，手段,実施する/道具，手段,high_school,2,pre2,pre2;2,動詞,pre2:725;2:1540,2
implication,implication,word,含み，裏の意味,含み，裏の意味,high_school,2,pre2,pre2;2,名詞,pre2:847;2:1882,2
imply,imply,word,をほのめかす，暗示する,をほのめかす，暗示する,high_school,1,pre2,pre2;2;pre1,動詞,pre2:575;2:842;pre1:3215,3
impress,impress,word,感銘を与える，感動させる,感銘を与える，感動させる,high_school,2,pre2,pre2;2,動詞,pre2:537;2:1232,2
impression,impression,word,印象，感じ,印象，感じ,high_school,2,pre2,pre2;2,名詞,pre2:70;2:1631,2
impressive,impressive,word,印象的な，鮮烈な,印象的な，鮮烈な,high_school,2,pre2,pre2;2,形容詞,pre2:237;2:1655,2
improve,improve,word,を改善する，改良する,を改善する，改良する,high_school,2,pre2,pre2;2,動詞,pre2:12;2:9,2
improvement,improvement,word,改善，改良,改善，改良,high_school,2,pre2,pre2;2,名詞,pre2:290;2:792,2
income,income,word,所得，収入,所得，収入,high_school,2,pre2,pre2;2,名詞,pre2:1016;2:1653,2
incorporate,incorporate,word,合体させる，統合する,合体させる，統合する,high_school,2,pre2,pre2;2,動詞,pre2:1162;2:1361,2
independent,independent,word,独立した，自立した,独立した，自立した,high_school,2,pre2,pre2;2,形容詞,pre2:422;2:1341,2
index,index,word,索引，目次,索引，目次,high_school,2,pre2,pre2;2,名詞,pre2:709;2:1586,2
indicate,indicate,word,を指し示す,を指し示す / 指し示す,high_school,2,pre2,pre2;2,動詞,pre2:1205;2:2292,2
individual,individual,word,個人の，個々の,個人の，個々の,high_school,2,pre2,pre2;2,形容詞,pre2:1122;2:609,2
indoor,indoor,word,室内/屋内の,室内/屋内の,high_school,2,pre2,pre2;2,形容詞,pre2:1394;2:354,2
industrial,industrial,word,産業の，工業の,産業の，工業の,high_school,2,pre2,pre2;2,形容詞,pre2:784;2:1556,2
industry,industry,word,産業，工業,産業，工業,high_school,2,pre2,pre2;2,名詞,pre2:586;2:513,2
infection,infection,word,感染,感染,high_school,2,pre2,pre2,名詞,pre2:978,1
inflation,inflation,word,膨張，拡大,膨張，拡大,high_school,2,pre2,pre2;2,名詞,pre2:1078;2:1217,2
influence,influence,word,影響，影響力，波及/影響を及ぼす,影響，影響力，波及/影響を及ぼす,high_school,2,pre2,pre2;2,名詞,pre2:331;2:510,2
inform,inform,word,情報を与える，に知らせる,情報を与える，に知らせる,high_school,2,pre2,pre2;2,動詞,pre2:1178;2:24,2
ingredient,ingredient,word,材料，原料，成分,材料，原料，成分,high_school,2,pre2,pre2;2,名詞,pre2:777;2:166,2
initially,initially,word,最初は，初めて,最初は，初めて,high_school,2,pre2,pre2;2,副詞,pre2:1149;2:1648,2
initiative,initiative,word,主導権，自発性,主導権，自発性,high_school,2,pre2,pre2;2,名詞,pre2:844;2:1692,2
injury,injury,word,怪我，負傷,怪我，負傷,high_school,2,pre2,pre2;2,名詞,pre2:31;2:1624,2
innocent,innocent,word,罪のない，無罪の,罪のない，無罪の,high_school,2,pre2,pre2;2,形容詞,pre2:948;2:407,2
inquiry,inquiry,word,問い合わせ，質問,問い合わせ，質問,high_school,2,pre2,pre2;2,名詞,pre2:317;2:1220,2
inspector,inspector,word,検査官，監査人,検査官，監査人,high_school,2,pre2,pre2;2,名詞,pre2:1003;2:1480,2
install,install,word,導入する，導く,導入する，導く,high_school,2,pre2,pre2;2,動詞,pre2:776;2:1133,2
instinct,instinct,word,直感，本能，勘,直感，本能，勘,high_school,1,pre2,pre2;2;pre1,名詞,pre2:1381;2:336;pre1:3393,3
instrument,instrument,word,楽器，音楽器具,楽器，音楽器具,high_school,2,pre2,pre2;2,名詞,pre2:1308;2:218,2
insult,insult,word,を侮辱する，を罵る,を侮辱する，を罵る,high_school,1,pre2,pre2;2;pre1,動詞,pre2:1372;2:321;pre1:411,3
intellectual,intellectual,word,知的な，知識に関する,知的な，知識に関する,high_school,2,pre2,pre2;2,形容詞,pre2:972;2:1637,2
intelligent,intelligent,word,かしこい，知能の高い,かしこい，知能の高い,high_school,2,pre2,pre2,形容詞,pre2:446,1
intelligently,intelligently,word,かしこく,かしこく,high_school,2,pre2,pre2,副詞,pre2:904,1
intend,intend,word,意図する，意図して,意図する，意図して,high_school,2,pre2,pre2;2,動詞,pre2:395;2:1951,2
intense,intense,word,激しい，熱心な,激しい，熱心な,high_school,2,pre2,pre2;2,形容詞,pre2:311;2:935,2
intention,intention,word,意図，目的,意図，目的,high_school,2,pre2,pre2;2,名詞,pre2:277;2:1730,2
interior,interior,word,内部の，内側の,内部の，内側の,high_school,2,pre2,pre2;2,形容詞,pre2:761;2:1541,2
internal,internal,word,内部の，内側の,内部の，内側の,high_school,2,pre2,pre2;2,形容詞,pre2:1215;2:1786,2
interpret,interpret,word,を解釈する，受け取る,を解釈する，受け取る,high_school,2,pre2,pre2;2,動詞,pre2:378;2:824,2
interpretation,interpretation,word,解釈，通訳,解釈，通訳,high_school,2,pre2,pre2;2,名詞,pre2:1060;2:1968,2
intervention,intervention,word,介在，仲裁,介在，仲裁,high_school,2,pre2,pre2;2,名詞,pre2:495;2:971,2
invest,invest,word,に投資する，資本をつぎ込む,に投資する，資本をつぎ込む,high_school,2,pre2,pre2;2,動詞,pre2:310;2:1056,2
investigation,investigation,word,調査，研究,調査，研究,high_school,1,pre2,pre2;2;pre1,名詞,pre2:1180;2:1902;pre1:3098,3
investigator,investigator,word,捜査官，探偵,捜査官，探偵,high_school,2,pre2,pre2;2,名詞,pre2:497;2:1043,2
investor,investor,word,投資家，投資者,投資家，投資者,high_school,2,pre2,pre2;2,名詞,pre2:1051;2:1904,2
involve,involve,word,を含む，を巻き込む,を含む，を巻き込む,high_school,2,pre2,pre2;2,動詞,pre2:1047;2:115,2
involvement,involvement,word,関与，関わり合い,関与，関わり合い,high_school,2,pre2,pre2;2,名詞,pre2:505;2:1384,2
isolate,isolate,word,を孤立させる，隔離する,を孤立させる，隔離する,high_school,2,pre2,pre2;2,動詞,pre2:365;2:1711,2
isolated,isolated,word,孤立した，隔離された,孤立した，隔離された,high_school,1,pre2,pre2;2;pre1,形容詞,pre2:1373;2:323;pre1:643,3
issue,issue,word,問題，（雑誌などの）号,問題，（雑誌などの）号,high_school,2,pre2,pre2;2,名詞,pre2:1070;2:350,2
item,item,word,項目，要点,項目，要点,high_school,2,pre2,pre2;2,名詞,pre2:71;2:1263,2
jail,jail,word,刑務所，拘置所,刑務所，拘置所,high_school,2,pre2,pre2;2,名詞,pre2:834;2:1638,2
Jewish,jewish,word,ユダヤ人，ユダヤ教徒,ユダヤ人，ユダヤ教徒,high_school,2,pre2,pre2;2,形容詞,pre2:489;2:1124,2
joint,joint,word,継目，関節,継目，関節,high_school,2,pre2,pre2;2,名詞,pre2:455;2:1996,2
journal,journal,word,日誌，日記,日誌，日記,high_school,2,pre2,pre2,名詞,pre2:1123,1
journey,journey,word,旅，旅行,旅，旅行,high_school,2,pre2,pre2;2,名詞,pre2:1280;2:149,2
judgement,judgement,word,判断,判断,high_school,2,pre2,pre2,名詞,pre2:624,1
jury,jury,word,陪審員，審査員,陪審員，審査員,high_school,2,pre2,pre2;2,名詞,pre2:558;2:1145,2
knowledge,knowledge,word,知識，学識,知識，学識,high_school,2,pre2,pre2;2,名詞,pre2:46;2:734,2
lab,lab,word,研究室，研究所,研究室，研究所,high_school,2,pre2,pre2;2,名詞,pre2:883;2:1330,2
labor,labor,word,労働，労働者,労働，労働者,high_school,2,pre2,pre2;2,名詞,pre2:1157;2:1139,2
laboratory,laboratory,word,実験室，研究所,実験室，研究所,high_school,2,pre2,pre2;2,名詞,pre2:1152;2:1600,2
lack,lack,word,不足，欠乏,不足，欠乏,high_school,2,pre2,pre2;2,名詞,pre2:268;2:1758,2
landscape,landscape,word,風景，眺め,風景，眺め,high_school,2,pre2,pre2;2,名詞,pre2:652;2:335,2
lap,lap,word,ひざ，膝小僧,ひざ，膝小僧,high_school,2,pre2,pre2;2,名詞,pre2:510;2:1256,2
largely,largely,word,主として，主に,主として，主に,high_school,2,pre2,pre2;2,副詞,pre2:534;2:1315,2
latter,latter,word,後者の，後半の,後者の，後半の,high_school,2,pre2,pre2;2,形容詞,pre2:863;2:1728,2
laughter,laughter,word,笑い，笑顔,笑い，笑顔,high_school,2,pre2,pre2;2,名詞,pre2:1199;2:1796,2
launch,launch,word,発売する，船をおろす,発売する，船をおろす,high_school,1,pre2,pre2;2;pre1,動詞,pre2:1438;2:419;pre1:278,3
lawn,lawn,word,芝生，草地,芝生，草地,high_school,2,pre2,pre2;2,名詞,pre2:595;2:1532,2
lean,lean,word,傾く，寄りかかる,傾く，寄りかかる,high_school,1,pre2,pre2;2;pre1,動詞,pre2:786;2:1551;pre1:3247,3
lecture,lecture,word,講義,講義,high_school,2,pre2,pre2,名詞,pre2:1035,1
leftover,leftover,word,残り物，食べ残し,残り物，食べ残し,high_school,1,pre2,pre2;2;pre1,名詞,pre2:1458;2:446;pre1:1791,3
legend,legend,word,伝説，言い伝え,伝説，言い伝え,high_school,1,pre2,pre2;2;pre1,名詞,pre2:1433;2:411;pre1:909,3
legislation,legislation,word,立法，法制定,立法，法制定,high_school,2,pre2,pre2;2,名詞,pre2:1138;2:1782,2
leisure,leisure,word,余暇，自由時間,余暇，自由時間,high_school,2,pre2,pre2;2,名詞,pre2:571;2:1523,2
length,length,word,長さ，延長,長さ，延長,high_school,2,pre2,pre2;2,名詞,pre2:929;2:1802,2
lesser,lesser,word,より少ない，いっそう少ない,より少ない，いっそう少ない,high_school,2,pre2,pre2;2,形容詞,pre2:1361;2:298,2
likely,likely,word,起こりそうな，可能性がある,起こりそうな，可能性がある,high_school,2,pre2,pre2;2,形容詞,pre2:1128;2:1945,2
literary,literary,word,文学の，文芸の,文学の，文芸の,high_school,2,pre2,pre2;2,形容詞,pre2:884;2:1916,2
literature,literature,word,文学，文芸,文学，文芸,high_school,2,pre2,pre2;2,名詞,pre2:1069;2:460,2
locate,locate,word,見つける，位置を突きとめる,見つける，位置を突きとめる,high_school,2,pre2,pre2;2,動詞,pre2:1296;2:192,2
luckily,luckily,word,幸いなことに，幸運にも,幸いなことに，幸運にも,high_school,2,pre2,pre2;2,副詞,pre2:1352;2:282,2
luxury,luxury,word,贅沢な/贅沢,贅沢な/贅沢,high_school,2,pre2,pre2;2,名詞,pre2:1302;2:204,2
mad,mad,word,狂った，狂気じみた,狂った，狂気じみた,high_school,2,pre2,pre2;2,形容詞,pre2:548;2:1620,2
mainly,mainly,word,主に，もっぱら,主に，もっぱら,high_school,2,pre2,pre2;2,副詞,pre2:563;2:1815,2
maintain,maintain,word,を維持する，保つ,を維持する，保つ,high_school,2,pre2,pre2;2,動詞,pre2:632;2:771,2
maintenance,maintenance,word,持続，保全,持続，保全,high_school,2,pre2,pre2;2,名詞,pre2:922;2:1971,2
majority,majority,word,大多数，多数派,大多数，多数派,high_school,2,pre2,pre2;2,名詞,pre2:1053;2:1153,2
male,male,word,男性，雄,男性，雄,high_school,2,pre2,pre2;2,名詞,pre2:860;2:908,2
manage,manage,word,何とかうまくやる，管理を行う,何とかうまくやる，管理を行う,high_school,2,pre2,pre2;2,動詞,pre2:1264;2:126,2
manner,manner,word,やり方，方法,やり方，方法,high_school,2,pre2,pre2;2,名詞,pre2:223;2:1047,2
manufacturer,manufacturer,word,製造元，製造業者,製造元，製造業者,high_school,2,pre2,pre2;2,名詞,pre2:259;2:1519,2
manufacturing,manufacturing,word,製造している,製造している,high_school,2,pre2,pre2,動詞,pre2:600,1
mass,mass,word,塊，大部分,塊，大部分,high_school,2,pre2,pre2;2,名詞,pre2:573;2:1727,2
mate,mate,word,友達，仲間,友達，仲間,high_school,2,pre2,pre2;2,名詞,pre2:305;2:1227,2
material,material,word,材料，原料,材料，原料,high_school,2,pre2,pre2;2,名詞,pre2:55;2:1896,2
maximum,maximum,word,最大，最大の,最大，最大の,high_school,2,pre2,pre2;2,形容詞;名詞,pre2:288;2:718,2
mayor,mayor,word,市長，町長,市長，町長,high_school,2,pre2,pre2;2,名詞,pre2:622;2:1937,2
meal,meal,word,食事，食事療法,食事，食事療法,high_school,2,pre2,pre2;2,名詞,pre2:1048;2:1370,2
meanwhile,meanwhile,word,一方で，他方で,一方で，他方で,high_school,2,pre2,pre2;2,副詞,pre2:323;2:37,2
measure,measure,word,措置，測るもの/を測る,措置，測るもの/を測る,high_school,2,pre2,pre2;2,動詞,pre2:1272;2:135,2
medium,medium,word,中間の，中央の,中間の，中央の,high_school,2,pre2,pre2;2,形容詞,pre2:556;2:1319,2
melt,melt,word,溶ける，を溶かす,溶ける，を溶かす,high_school,2,pre2,pre2;2,動詞,pre2:29;2:40,2
mental,mental,word,精神の，心の,精神の，心の,high_school,2,pre2,pre2;2,形容詞,pre2:1364;2:306,2
mention,mention,word,言及する，参照する,言及する，参照する,high_school,2,pre2,pre2;2,動詞,pre2:66;2:2000,2
mere,mere,word,単なる，ただの,単なる，ただの,high_school,2,pre2,pre2;2,形容詞,pre2:1163;2:1771,2
merely,merely,word,単に，ただ,単に，ただ,high_school,2,pre2,pre2;2,副詞,pre2:864;2:1022,2
mess,mess,word,混乱，錯乱，無秩序,混乱，錯乱，無秩序,high_school,2,pre2,pre2;2,名詞,pre2:1031;2:90,2
method,method,word,方法，手段,方法，手段,high_school,2,pre2,pre2;2,名詞,pre2:833;2:1823,2
Mexican,mexican,word,メキシコの，メキシコ系の,メキシコの，メキシコ系の,high_school,2,pre2,pre2;2,形容詞,pre2:1082;2:1233,2
military,military,word,軍隊，兵力,軍隊，兵力,high_school,2,pre2,pre2;2,名詞,pre2:1096;2:1228,2
minister,minister,word,大臣，牧師,大臣，牧師,high_school,1,pre2,pre2;2;pre1,名詞,pre2:506;2:1100;pre1:288,3
mixture,mixture,word,混合物，複合体,混合物，複合体,high_school,2,pre2,pre2;2,名詞,pre2:576;2:322,2
modify,modify,word,を変更する，を修正する,を変更する，を修正する,high_school,1,pre2,pre2;2;pre1,動詞,pre2:1475;2:475;pre1:615,3
moral,moral,word,道徳の，道徳的な,道徳の，道徳的な,high_school,2,pre2,pre2;2,形容詞,pre2:971;2:1768,2
moreover,moreover,word,さらに，その上,さらに，その上,high_school,2,pre2,pre2;2,副詞,pre2:327;2:17,2
mortgage,mortgage,word,抵当，担保,抵当，担保,high_school,2,pre2,pre2;2,名詞,pre2:1204;2:1497,2
mostly,mostly,word,主に，ほとんど,主に，ほとんど,high_school,2,pre2,pre2;2,副詞,pre2:149;2:1563,2
multiple,multiple,word,掛け算する，乗算する,掛け算する，乗算する,high_school,2,pre2,pre2;2,動詞,pre2:601;2:1524,2
murder,murder,word,殺人，凶行,殺人，凶行,high_school,2,pre2,pre2;2,名詞,pre2:449;2:724,2
muscle,muscle,word,筋肉，筋力,筋肉，筋力,high_school,2,pre2,pre2;2,名詞,pre2:151;2:453,2
mysterious,mysterious,word,不可解な，不思議な,不可解な，不思議な,high_school,2,pre2,pre2;2,形容詞,pre2:253;2:1704,2
naked,naked,word,裸の，無防備な,裸の，無防備な,high_school,2,pre2,pre2;2,形容詞,pre2:488;2:1249,2
nation,nation,word,国家，国土,国家，国土,high_school,2,pre2,pre2;2,名詞,pre2:827;2:1144,2
natural,natural,word,当然の，自然の,当然の，自然の,high_school,2,pre2,pre2;2,形容詞,pre2:272;2:356,2
nearby,nearby,word,近くの，隣近所の,近くの，隣近所の,high_school,2,pre2,pre2;2,形容詞,pre2:868;2:1266,2
necessarily,necessarily,word,必然的に，必ず,必然的に，必ず,high_school,2,pre2,pre2;2,副詞,pre2:403;2:1461,2
necessity,necessity,word,必要性，必須,必要性，必須,high_school,2,pre2,pre2;2,名詞,pre2:1184;2:1946,2
negative,negative,word,否定の，拒否,否定の，拒否,high_school,2,pre2,pre2;2,形容詞,pre2:191;2:1961,2
negotiate,negotiate,word,交渉する，協議する,交渉する，協議する,high_school,2,pre2,pre2;2,動詞,pre2:828;2:1180,2
negotiation,negotiation,word,交渉，話し合い,交渉，話し合い,high_school,2,pre2,pre2;2,名詞,pre2:282;2:1171,2
neighborhood,neighborhood,word,近所，近隣,近所，近隣,high_school,2,pre2,pre2;2,名詞,pre2:958;2:1388,2
nevertheless,nevertheless,word,にも関わらず，けれども,にも関わらず，けれども,high_school,1,pre2,pre2;2,副詞;接続詞,pre2:256;2:103;2:556,3
nor,nor,word,もない,もない,high_school,2,pre2,pre2,接続詞,pre2:281,1
normally,normally,word,通常は，普通に,通常は，普通に,high_school,2,pre2,pre2;2,副詞,pre2:498;2:1841,2
notion,notion,word,考え，意見,考え，意見,high_school,1,pre2,pre2;2;pre1,名詞,pre2:1148;2:987;pre1:3028,3
nowadays,nowadays,word,最近，近頃,最近，近頃,high_school,2,pre2,pre2,副詞,pre2:6,1
nowhere,nowhere,word,どこにも，どこにでも,どこにも，どこにでも,high_school,2,pre2,pre2;2,副詞,pre2:303;2:1105,2
object,object,word,物体，実体,物体，実体,high_school,2,pre2,pre2;2,名詞,pre2:42;2:1910,2
objective,objective,word,目標，目的,目標，目的,high_school,2,pre2,pre2;2,名詞,pre2:411;2:1039,2
observation,observation,word,観察，観測,観察，観測,high_school,1,pre2,pre2;2;pre1,名詞,pre2:791;2:1337;pre1:3186,3
observe,observe,word,を観察する，を監視する,を観察する，を監視する,high_school,2,pre2,pre2;2,動詞,pre2:390;2:537,2
observer,observer,word,観察者，傍観者,観察者，傍観者,high_school,2,pre2,pre2;2,名詞,pre2:625;2:1763,2
obtain,obtain,word,を手に入れる，を獲得する,を手に入れる，を獲得する,high_school,2,pre2,pre2;2,動詞,pre2:945;2:122,2
obvious,obvious,word,明白な，明瞭な,明白な，明瞭な,high_school,2,pre2,pre2;2,形容詞,pre2:947;2:850,2
obviously,obviously,word,明らかに，明白に,明らかに，明白に,high_school,2,pre2,pre2;2,副詞,pre2:514;2:338,2
occasion,occasion,word,特定の時，行事，祭典,特定の時，行事，祭典,high_school,2,pre2,pre2;2,名詞,pre2:567;2:222,2
occasionally,occasionally,word,時折，稀に,時折，稀に,high_school,2,pre2,pre2;2,副詞,pre2:654;2:838,2
occupation,occupation,word,職業，仕事,職業，仕事,high_school,2,pre2,pre2;2,名詞,pre2:352;2:1024,2
occupy,occupy,word,占める，取る,占める，取る,high_school,2,pre2,pre2;2,動詞,pre2:477;2:1999,2
occur,occur,word,発生する，起こる,発生する，起こる,high_school,2,pre2,pre2;2,動詞,pre2:215;2:745,2
operate,operate,word,操作する，操る,操作する，操る,high_school,2,pre2,pre2;2,動詞,pre2:906;2:1164,2
operation,operation,word,操作，作用,操作，作用,high_school,2,pre2,pre2;2,名詞,pre2:396;2:1155,2
operator,operator,word,操作者，操縦者,操作者，操縦者,high_school,2,pre2,pre2;2,名詞,pre2:1058;2:1939,2
opponent,opponent,word,相手，対象,相手，対象,high_school,1,pre2,pre2;2;pre1,名詞,pre2:957;2:977;pre1:3254,3
opportunity,opportunity,word,機会，好機,機会，好機,high_school,2,pre2,pre2;2,名詞,pre2:62;2:311,2
oppose,oppose,word,反対する，抵抗する,反対する，抵抗する,high_school,2,pre2,pre2;2,動詞,pre2:392;2:1122,2
opposite,opposite,word,反対の，向こう側の,反対の，向こう側の,high_school,2,pre2,pre2;2,形容詞,pre2:1130;2:709,2
opposition,opposition,word,反対，対立,反対，対立,high_school,2,pre2,pre2;2,名詞,pre2:766;2:1129,2
orbit,orbit,word,"軌道, 軌跡","軌道, 軌跡",high_school,1,pre2,pre2;2;pre1,名詞,pre2:1477;2:478;pre1:3037,3
organization,organization,word,組織，団体，協会,組織，団体，協会,high_school,2,pre2,pre2;2,名詞,pre2:969;2:939,2
organize,organize,word,を組織する，を編成する,を組織する，を編成する,high_school,2,pre2,pre2;2,動詞,pre2:88;2:59,2
origin,origin,word,起源，由来,起源，由来,high_school,2,pre2,pre2;2,名詞,pre2:1146;2:1492,2
originally,originally,word,はじめは，元々は,はじめは，元々は,high_school,2,pre2,pre2,副詞,pre2:20,1
otherwise,otherwise,word,さもなければ,さもなければ,high_school,2,pre2,pre2;2,副詞,pre2:587;2:2041,2
outcome,outcome,word,結果，成果,結果，成果 / 結果,high_school,1,pre2,pre2;2;pre1,名詞,pre2:646;2:2211;pre1:319,3
overall,overall,word,全体的な，全部の,全体的な，全部の,high_school,2,pre2,pre2;2,形容詞,pre2:581;2:167,2
overcome,overcome,word,を克服する，乗り越える,を克服する，乗り越える,high_school,2,pre2,pre2;2,動詞,pre2:89;2:871,2
overlap,overlap,word,重ねる，積む,重ねる，積む,high_school,2,pre2,pre2;2,動詞,pre2:1472;2:470,2
overtake,overtake,word,追い越す，追いつく,追い越す，追いつく,high_school,1,pre2,pre2;2;pre1,動詞,pre2:1440;2:423;pre1:911,3
palm,palm,word,手のひら，（動物の）前足の裏,手のひら，（動物の）前足の裏,high_school,2,pre2,pre2;2,名詞,pre2:528;2:1289,2
pan,pan,word,フライパン,フライパン,high_school,2,pre2,pre2;2,名詞,pre2:289;2:1552,2
participate,participate,word,参加する，出席する,参加する，出席する,high_school,2,pre2,pre2;2,動詞,pre2:963;2:787,2
particular,particular,word,特定の，明確な,特定の，明確な,high_school,2,pre2,pre2;2,形容詞,pre2:464;2:191,2
particularly,particularly,word,特に，とりわけ,特に，とりわけ,high_school,2,pre2,pre2;2,副詞,pre2:974;2:302,2
partly,partly,word,部分的に，一部分,部分的に，一部分,high_school,2,pre2,pre2;2,副詞,pre2:389;2:1809,2
partnership,partnership,word,共同，提携,共同，提携,high_school,2,pre2,pre2;2,名詞,pre2:707;2:1681,2
party,party,word,政党，党派,政党，党派,high_school,2,pre2,pre2;2,名詞,pre2:901;2:1367,2
passage,passage,word,一節，節分,一節，節分,high_school,2,pre2,pre2;2,名詞,pre2:633;2:1565,2
passenger,passenger,word,乗客，客,乗客，客,high_school,2,pre2,pre2;2,名詞,pre2:321;2:1972,2
patch,patch,word,当て布，布切れ,当て布，布切れ,high_school,2,pre2,pre2;2,名詞,pre2:507;2:1336,2
path,path,word,小道，細道,小道，細道,high_school,2,pre2,pre2;2,名詞,pre2:1192;2:1633,2
patient,patient,word,我慢強い，患者,我慢強い，患者,high_school,2,pre2,pre2;2,名詞,pre2:886;2:1775,2
peak,peak,word,頂上，頂点,頂上，頂点,high_school,2,pre2,pre2;2,名詞,pre2:726;2:1953,2
peer,peer,word,同僚，仲間,同僚，仲間,high_school,2,pre2,pre2;2,名詞,pre2:359;2:1876,2
pension,pension,word,年金，老後の資金,年金，老後の資金 / 年金,high_school,1,pre2,pre2;2;pre1,名詞,pre2:769;2:1333;pre1:1275,3
perceive,perceive,word,知覚する，感じる,知覚する，感じる,high_school,2,pre2,pre2;2,動詞,pre2:250;2:1406,2
percentage,percentage,word,割合，比率,割合，比率,high_school,2,pre2,pre2;2,名詞,pre2:1022;2:1131,2
permission,permission,word,許可，認可,許可，認可,high_school,2,pre2,pre2;2,名詞,pre2:468;2:89,2
permit,permit,word,を許可する，を認める,を許可する，を認める,high_school,2,pre2,pre2;2,動詞,pre2:299;2:201,2
personality,personality,word,人格，性格,人格，性格,high_school,2,pre2,pre2;2,名詞,pre2:773;2:1661,2
personally,personally,word,個人的に，本人自ら,個人的に，本人自ら,high_school,2,pre2,pre2;2,副詞,pre2:443;2:1580,2
personnel,personnel,word,人事，職員,人事，職員,high_school,2,pre2,pre2,名詞,pre2:1027,1
persuade,persuade,word,を説得する，口説き落とす,を説得する，口説き落とす,high_school,2,pre2,pre2;2,動詞,pre2:991;2:667,2
phase,phase,word,段階，レベル,段階，レベル,high_school,2,pre2,pre2;2,名詞,pre2:552;2:1253,2
phenomenon,phenomenon,word,現象，事象,現象，事象 / 現象,high_school,1,pre2,pre2;2,名詞,pre2:529;2:1604;2:2053,3
philosopher,philosopher,word,哲学者,哲学者,high_school,2,pre2,pre2,名詞,pre2:516,1
philosophy,philosophy,word,哲学,哲学,high_school,2,pre2,pre2,名詞,pre2:553,1
physical,physical,word,身体の，肉体の,身体の，肉体の,high_school,2,pre2,pre2;2,形容詞,pre2:838;2:307,2
physician,physician,word,医師，内科医,医師，内科医,high_school,1,pre2,pre2;2;pre1,名詞,pre2:990;2:1138;pre1:3235,3
physics,physics,word,物理学，物理科学,物理学，物理科学,high_school,2,pre2,pre2;2,名詞,pre2:381;2:1055,2
pitch,pitch,word,投げる，放る,投げる，放る,high_school,2,pre2,pre2;2,動詞,pre2:1133;2:1295,2
pleasant,pleasant,word,楽しい，愉快な,楽しい，愉快な,high_school,2,pre2,pre2;2,形容詞,pre2:890;2:1157,2
plenty,plenty,word,たくさん，多く,たくさん，多く,high_school,2,pre2,pre2;2,名詞,pre2:1218;2:1033,2
policy,policy,word,政策，方針,政策，方針,high_school,2,pre2,pre2;2,名詞,pre2:873;2:337,2
polite,polite,word,礼儀正しい，丁寧な,礼儀正しい，丁寧な,high_school,2,pre2,pre2;2,形容詞,pre2:314;2:1656,2
politely,politely,word,丁寧に，礼儀正しく,丁寧に，礼儀正しく,high_school,2,pre2,pre2;2,副詞,pre2:1298;2:195,2
political,political,word,政治の,政治の,high_school,2,pre2,pre2,形容詞,pre2:387,1
politician,politician,word,政治家，政府要人,政治家，政府要人,high_school,2,pre2,pre2;2,名詞,pre2:526;2:1555,2
politics,politics,word,政治，政策,政治，政策,high_school,2,pre2,pre2;2,名詞,pre2:964;2:1254,2
poll,poll,word,投票，選挙,投票，選挙,high_school,2,pre2,pre2;2,名詞,pre2:816;2:1376,2
pollution,pollution,word,汚染，汚れ，汚染物,汚染，汚れ，汚染物,high_school,1,pre2,pre2;2;pre1,名詞,pre2:1231;2:49;pre1:39,3
popularity,popularity,word,人気，流行,人気，流行,high_school,2,pre2,pre2;2,名詞,pre2:184;2:660,2
population,population,word,人口，国民,人口，国民,high_school,2,pre2,pre2;2,名詞,pre2:402;2:388,2
portable,portable,word,持ち運べる，携帯用の,持ち運べる，携帯用の,high_school,2,pre2,pre2;2,形容詞,pre2:1245;2:82,2
portrait,portrait,word,肖像画，顔の絵,肖像画，顔の絵,high_school,2,pre2,pre2;2,名詞,pre2:494;2:1963,2
possess,possess,word,を所有する,を所有する,high_school,2,pre2,pre2,動詞,pre2:1054,1
possibility,possibility,word,可能性，実現性,可能性，実現性,high_school,2,pre2,pre2;2,名詞,pre2:1174;2:1964,2
possibly,possibly,word,ひょっとすると，もしかしたら,ひょっとすると，もしかしたら,high_school,2,pre2,pre2;2,副詞,pre2:1126;2:1499,2
potential,potential,word,潜在的な，潜伏している,潜在的な，潜伏している,high_school,2,pre2,pre2;2,形容詞,pre2:519;2:1718,2
potentially,potentially,word,潜在的に，可能性として,潜在的に，可能性として,high_school,2,pre2,pre2;2,副詞,pre2:1111;2:1224,2
pour,pour,word,を注ぐ，激しく降る,を注ぐ，激しく降る,high_school,2,pre2,pre2;2,動詞,pre2:1384;2:341,2
poverty,poverty,word,貧困，貧乏，困窮,貧困，貧乏，困窮,high_school,2,pre2,pre2;2,名詞,pre2:1008;2:163,2
practical,practical,word,実用的な，有用な,実用的な，有用な,high_school,2,pre2,pre2;2,形容詞,pre2:655;2:1742,2
praise,praise,word,をほめる/賞賛,をほめる/賞賛,high_school,2,pre2,pre2;2,動詞,pre2:188;2:961,2
prayer,prayer,word,祈り，礼拝,祈り，礼拝,high_school,2,pre2,pre2;2,名詞,pre2:690;2:485,2
predict,predict,word,を予想する，を予測する,を予想する，を予測する,high_school,1,pre2,pre2;2;pre1,動詞,pre2:1026;2:96;pre1:3342,3
prefer,prefer,word,より好む，好む,より好む，好む,high_school,2,pre2,pre2;2,動詞,pre2:65;2:1651,2
pregnant,pregnant,word,妊娠している，妊娠中の,妊娠している，妊娠中の,high_school,2,pre2,pre2;2,形容詞,pre2:849;2:1089,2
preparation,preparation,word,準備，用意,準備，用意,high_school,2,pre2,pre2;2,名詞,pre2:896;2:1901,2
prescription,prescription,word,処方，処方箋,処方，処方箋,high_school,1,pre2,pre2;2;pre1,名詞,pre2:1463;2:456;pre1:573,3
presence,presence,word,存在，存在感,存在，存在感,high_school,2,pre2,pre2;2,名詞,pre2:1116;2:1360,2
present,present,word,現在の，出席して,現在の，出席して,high_school,2,pre2,pre2;2,形容詞,pre2:615;2:1453,2
preserve,preserve,word,保存/を保存する,保存/を保存する,high_school,2,pre2,pre2;2,動詞,pre2:445;2:829,2
preserved,preserved,word,保存された，保管された,保存された，保管された,high_school,2,pre2,pre2;2,形容詞,pre2:1258;2:117,2
pretend,pretend,word,のふりをする，に成りすます,のふりをする，に成りすます,high_school,2,pre2,pre2;2,動詞,pre2:894;2:1107,2
prevent,prevent,word,を妨げる，予防する,を妨げる，予防する,high_school,2,pre2,pre2;2,動詞,pre2:258;2:202,2
previous,previous,word,前の，以前の,前の，以前の,high_school,2,pre2,pre2;2,形容詞,pre2:1005;2:1120,2
previously,previously,word,以前は，前もって,以前は，前もって,high_school,2,pre2,pre2;2,副詞,pre2:278;2:173,2
primary,primary,word,最初の，初めての,最初の，初めての,high_school,2,pre2,pre2;2,形容詞,pre2:1001;2:1966,2
primitive,primitive,word,原始的な，先史的な,原始的な，先史的な,high_school,1,pre2,pre2;2;pre1,形容詞,pre2:836;2:1206;pre1:3364,3
principle,principle,word,原理,原理,high_school,2,pre2,pre2;pre1,名詞,pre2:692;pre1:3256,2
prior,prior,word,優先の，前の,優先の，前の,high_school,1,pre2,pre2;2;pre1,形容詞,pre2:335;2:1516;pre1:3341,3
priority,priority,word,優先度，優越性,優先度，優越性,high_school,2,pre2,pre2;2,名詞,pre2:454;2:1326,2
prison,prison,word,刑務所,刑務所,high_school,2,pre2,pre2,名詞,pre2:1172,1
prisoner,prisoner,word,囚人，受刑者,囚人，受刑者,high_school,2,pre2,pre2;2,名詞,pre2:610;2:1328,2
procedure,procedure,word,手続き，手順,手続き，手順,high_school,2,pre2,pre2;2,名詞,pre2:347;2:1300,2
process,process,word,過程，手順/を加工処理する,過程，手順/を加工処理する,high_school,2,pre2,pre2;2,名詞,pre2:1422;2:398,2
production,production,word,生産，製造,生産，製造,high_school,2,pre2,pre2;2,名詞,pre2:275;2:152,2
profit,profit,word,利益，もうけ,利益，もうけ,high_school,2,pre2,pre2;2,名詞,pre2:72;2:57,2
promote,promote,word,を促進する，を推進する,を促進する，を推進する,high_school,2,pre2,pre2;2,動詞,pre2:195;2:226,2
promotion,promotion,word,昇進，進級,昇進，進級,high_school,2,pre2,pre2;2,名詞,pre2:783;2:1844,2
prompt,prompt,word,即座の，直ちに,即座の，直ちに,high_school,1,pre2,pre2;2;pre1,形容詞,pre2:240;2:1477;pre1:3217,3
proof,proof,word,証拠,証拠,high_school,2,pre2,pre2,名詞,pre2:699,1
proper,proper,word,適切な，ふさわしい,適切な，ふさわしい,high_school,1,pre2,pre2;2;pre1,形容詞,pre2:430;2:1607;pre1:3020,3
properly,properly,word,適切に，適当に,適切に，適当に,high_school,2,pre2,pre2;2,副詞,pre2:474;2:71,2
property,property,word,財産，所有物,財産，所有物,high_school,2,pre2,pre2;2,名詞,pre2:1209;2:889,2
proportion,proportion,word,比率，割合,比率，割合,high_school,2,pre2,pre2;2,名詞,pre2:598;2:1025,2
proposal,proposal,word,提案，勧告,提案，勧告,high_school,2,pre2,pre2;2,名詞,pre2:676;2:795,2
propose,propose,word,を提案する，申し出る,を提案する，申し出る,high_school,2,pre2,pre2;2,動詞,pre2:889;2:932,2
proposed,proposed,word,提案した，提供した,提案した，提供した,high_school,2,pre2,pre2;2,形容詞,pre2:423;2:1659,2
prosecution,prosecution,word,起訴，告訴,起訴，告訴,high_school,2,pre2,pre2;2,名詞,pre2:1084;2:1007,2
prosecutor,prosecutor,word,検察官，検事,検察官，検事,high_school,2,pre2,pre2;2,名詞,pre2:614;2:1646,2
prospect,prospect,word,見込み，眺め,見込み，眺め,high_school,2,pre2,pre2;2,名詞,pre2:1480;2:486,2
proud,proud,word,自慢に思って，誇らしげな,自慢に思って，誇らしげな,high_school,2,pre2,pre2;2,形容詞,pre2:589;2:1892,2
proverb,proverb,word,ことわざ,ことわざ / ことわざ，格言,high_school,1,pre2,pre2;2;pre1,名詞,pre2:1143;2:1887;pre1:1817,3
provide,provide,word,を供給する，提供する,を供給する，提供する,high_school,2,pre2,pre2;2,動詞,pre2:1249;2:93,2
province,province,word,州，地方,州，地方,high_school,2,pre2,pre2;2,名詞,pre2:716;2:1660,2
provision,provision,word,供給，支給,供給，支給,high_school,2,pre2,pre2;2,名詞,pre2:933;2:1085,2
psychological,psychological,word,心理的な，精神的な,心理的な，精神的な,high_school,2,pre2,pre2;2,形容詞,pre2:1144;2:1611,2
psychologist,psychologist,word,心理学者，精神科学者,心理学者，精神科学者,high_school,2,pre2,pre2;2,名詞,pre2:768;2:157,2
public,public,word,公共の，共有の,公共の，共有の,high_school,2,pre2,pre2;2,形容詞,pre2:954;2:1354,2
publication,publication,word,出版物，刊行物,出版物，刊行物,high_school,2,pre2,pre2;2,名詞,pre2:616;2:1754,2
publish,publish,word,を出版する，発行する,を出版する，発行する,high_school,2,pre2,pre2;2,動詞,pre2:1228;2:39,2
punctual,punctual,word,規則正しい，時間通りの,規則正しい，時間通りの,high_school,1,pre2,pre2;2;pre1,形容詞,pre2:1374;2:324;pre1:804,3
punish,punish,word,を罰する，懲らしめる,を罰する，懲らしめる,high_school,2,pre2,pre2;2,動詞,pre2:189;2:264,2
purchase,purchase,word,を購入する/購入,を購入する/購入,high_school,2,pre2,pre2;2,動詞,pre2:1064;2:169,2
qualify,qualify,word,に資格を与える，認可する,に資格を与える，認可する,high_school,2,pre2,pre2;2,動詞,pre2:276;2:715,2
quality,quality,word,質，特性,質，特性,high_school,2,pre2,pre2;2,名詞,pre2:11;2:86,2
quarrel,quarrel,word,喧嘩，口論，言い争い,喧嘩，口論，言い争い,high_school,1,pre2,pre2;2;pre1,名詞,pre2:1337;2:261;pre1:12,3
quit,quit,word,やめる，中止する,やめる，中止する,high_school,2,pre2,pre2;2,動詞,pre2:80;2:47,2
radical,radical,word,急進的な，抜本的な,急進的な，抜本的な,high_school,1,pre2,pre2;2;pre1,形容詞,pre2:1121;2:1363;pre1:3248,3
range,range,word,範囲，幅,範囲，幅,high_school,2,pre2,pre2;2,名詞,pre2:244;2:657,2
rapid,rapid,word,急速な，急激な,急速な，急激な,high_school,2,pre2,pre2;2,形容詞,pre2:1118;2:1479,2
rare,rare,word,まれな，珍しい,まれな，珍しい,high_school,2,pre2,pre2;2,形容詞,pre2:1293;2:184,2
rarely,rarely,word,めったに～ない，稀に,めったに～ない，稀に,high_school,2,pre2,pre2;2,副詞,pre2:98;2:700,2
rather,rather,word,むしろ，どちらかといえば,むしろ，どちらかといえば,high_school,2,pre2,pre2;2,副詞,pre2:154;2:900,2
rational,rational,word,理性のある,理性のある / 理性的な，合理的な,high_school,1,pre2,pre2;2;pre1,形容詞,pre2:842;2:1407;pre1:3398,3
react,react,word,反応する，返答する,反応する，返答する,high_school,2,pre2,pre2;2,動詞,pre2:597;2:524,2
reaction,reaction,word,反応，反響,反応，反響,high_school,2,pre2,pre2;2,名詞,pre2:795;2:966,2
rebel,rebel,word,反逆者，造反者,反逆者，造反者,high_school,2,pre2,pre2;2,名詞,pre2:438;2:1569,2
recall,recall,word,呼び戻す，思い出す,呼び戻す，思い出す,high_school,1,pre2,pre2;2;pre1,動詞,pre2:824;2:1077;pre1:3266,3
recent,recent,word,最近の，新しい,最近の，新しい,high_school,2,pre2,pre2;2,形容詞,pre2:304;2:954,2
recession,recession,word,不況，後退,不況，後退,high_school,2,pre2,pre2;2,名詞,pre2:1170;2:1672,2
recommend,recommend,word,を推薦する，を勧める,を推薦する，を勧める,high_school,2,pre2,pre2;2,動詞,pre2:397;2:8,2
recommendation,recommendation,word,推薦，推奨,推薦，推奨,high_school,2,pre2,pre2;2,名詞,pre2:845;2:193,2
recover,recover,word,回復する，元に戻る,回復する，元に戻る,high_school,2,pre2,pre2;2,動詞,pre2:196;2:986,2
recovery,recovery,word,回復，復元,回復，復元,high_school,2,pre2,pre2;2,名詞,pre2:492;2:1873,2
reduce,reduce,word,を減らす，縮小する,を減らす，縮小する,high_school,2,pre2,pre2;2,動詞,pre2:60;2:4,2
reduction,reduction,word,削減，減少,削減，減少,high_school,2,pre2,pre2;2,名詞,pre2:1062;2:1195,2
refer,refer,word,を参考にする，参照する,を参考にする，参照する / 言及する,high_school,2,pre2,pre2;2,動詞,pre2:511;2:2117,2
reflection,reflection,word,反響，反射,反響，反射,high_school,2,pre2,pre2;2,名詞,pre2:1326;2:247,2
refrigerator,refrigerator,word,冷蔵庫,冷蔵庫 / 冷蔵庫，冷却装置,high_school,2,pre2,pre2;pre1,名詞,pre2:107;pre1:229,2
refugee,refugee,word,難民，避難者,難民，避難者,high_school,2,pre2,pre2;2,名詞,pre2:1145;2:1093,2
refuse,refuse,word,を拒否する，拒む,を拒否する，拒む,high_school,2,pre2,pre2;2,動詞,pre2:1439;2:421,2
regarding,regarding,word,に関して，について,に関して，について,high_school,2,pre2,pre2;2,前置詞,pre2:900;2:1714,2
region,region,word,地域，領域,地域，領域,high_school,2,pre2,pre2;2,名詞,pre2:935;2:1650,2
regional,regional,word,地方の，地域の,地方の，地域の,high_school,2,pre2,pre2;2,形容詞,pre2:685;2:1041,2
regret,regret,word,後悔する/後悔，遺憾,後悔する/後悔，遺憾,high_school,2,pre2,pre2;2,動詞,pre2:339;2:1380,2
regulation,regulation,word,規制，規定,規制，規定,high_school,2,pre2,pre2;2,名詞,pre2:1011;2:1906,2
reject,reject,word,拒絶する，断る,拒絶する，断る,high_school,2,pre2,pre2;2,動詞,pre2:715;2:988,2
relevant,relevant,word,関連のある，適切な,関連のある，適切な,high_school,1,pre2,pre2;2;pre1,形容詞,pre2:790;2:1244;pre1:3055,3
religion,religion,word,宗教，信仰,宗教，信仰,high_school,2,pre2,pre2;2,名詞,pre2:875;2:97,2
rely,rely,word,頼る，依存する,頼る，依存する,high_school,2,pre2,pre2;2,動詞,pre2:1061;2:1474,2
remain,remain,word,のままである，残る,のままである，残る,high_school,1,pre2,pre2;2,動詞,pre2:927;2:58;2:2189,3
remaining,remaining,word,残りの，残余の,残りの，残余の,high_school,2,pre2,pre2;2,形容詞,pre2:640;2:1960,2
remark,remark,word,ことば,ことば,high_school,2,pre2,pre2,名詞,pre2:1034,1
remarkable,remarkable,word,目立った，際立った,目立った，際立った,high_school,2,pre2,pre2;2,形容詞,pre2:361;2:1770,2
remind,remind,word,に思い出させる，に気付かせる,に思い出させる，に気付かせる,high_school,2,pre2,pre2;2,動詞,pre2:698;2:83,2
remove,remove,word,を取り除く，を除去する,を取り除く，を除去する,high_school,2,pre2,pre2;2,動詞,pre2:956;2:51,2
rent,rent,word,家賃，賃料,家賃，賃料,high_school,2,pre2,pre2;2,名詞,pre2:1071;2:1362,2
repair,repair,word,を修理する，修繕する,を修理する，修繕する,high_school,2,pre2,pre2;2,動詞,pre2:512;2:72,2
replace,replace,word,を取り換える，を交換する,を取り換える，を交換する,high_school,2,pre2,pre2;2,動詞,pre2:1049;2:53,2
replacement,replacement,word,置換，代替,置換，代替,high_school,1,pre2,pre2;2;pre1,名詞,pre2:1303;2:207;pre1:110,3
reply,reply,word,返答する，応答する,返答する，応答する,high_school,2,pre2,pre2;2,動詞,pre2:765;2:1921,2
represent,represent,word,を表す，を代表する,を表す，を代表する,high_school,2,pre2,pre2;2,動詞,pre2:806;2:319,2
representation,representation,word,表現，表示,表現，表示,high_school,2,pre2,pre2;2,名詞,pre2:346;2:1050,2
representative,representative,word,代表者，代理人,代表者，代理人,high_school,2,pre2,pre2;2,名詞,pre2:572;2:1002,2
reputation,reputation,word,評判，評価,評判，評価,high_school,2,pre2,pre2;2,名詞,pre2:551;2:1125,2
research,research,word,研究/研究する,研究/研究する,high_school,2,pre2,pre2;2,名詞,pre2:231;2:643,2
reserve,reserve,word,を取っておく，を保管する,を取っておく，を保管する,high_school,2,pre2,pre2;2,動詞,pre2:94;2:1603,2
resistance,resistance,word,抵抗，反対,抵抗，反対,high_school,2,pre2,pre2;2,名詞,pre2:908;2:1948,2
resolution,resolution,word,解決，決意,解決，決意,high_school,2,pre2,pre2;2,名詞,pre2:1036;2:1018,2
respond,respond,word,反応する，と返答する,反応する，と返答する,high_school,2,pre2,pre2;2,動詞,pre2:504;2:160,2
responsibility,responsibility,word,責任，義務,責任，義務,high_school,2,pre2,pre2;2,名詞,pre2:247;2:976,2
responsible,responsible,word,責任がある，責任が伴う,責任がある，責任が伴う,high_school,2,pre2,pre2;2,形容詞,pre2:206;2:325,2
restore,restore,word,を元に戻す，を修復する,を元に戻す，を修復する,high_school,2,pre2,pre2;2,動詞,pre2:353;2:99,2
restrict,restrict,word,を制限する，を限定する,を制限する，を限定する,high_school,2,pre2,pre2;2,動詞,pre2:1441;2:424,2
restriction,restriction,word,制限，限定,制限，限定,high_school,2,pre2,pre2;2,名詞,pre2:1222;2:1478,2
result,result,word,結果,結果,high_school,2,pre2,pre2,名詞,pre2:453,1
retire,retire,word,退職する，引退する,退職する，引退する,high_school,2,pre2,pre2;2,動詞,pre2:312;2:895,2
retirement,retirement,word,退職，引退,退職，引退,high_school,2,pre2,pre2;2,名詞,pre2:763;2:1870,2
revenue,revenue,word,収益，所得,収益，所得,high_school,1,pre2,pre2;2;pre1,名詞,pre2:1136;2:1387;pre1:2221,3
reverse,reverse,word,反対の，裏側の,反対の，裏側の,high_school,2,pre2,pre2;2,形容詞,pre2:879;2:712,2
revolution,revolution,word,革命，変革,革命，変革,high_school,2,pre2,pre2;2,名詞,pre2:782;2:171,2
reward,reward,word,褒美，報酬,褒美，報酬,high_school,2,pre2,pre2;2,名詞,pre2:659;2:1424,2
role,role,word,役割，職務,役割，職務,high_school,2,pre2,pre2;2,名詞,pre2:302;2:731,2
roll,roll,word,"転がる, 転ぶ","転がる, 転ぶ",high_school,2,pre2,pre2;2,動詞,pre2:583;2:477,2
rough,rough,word,ごつごつした，粗い,ごつごつした，粗い,high_school,2,pre2,pre2;2,形容詞,pre2:522;2:1658,2
rub,rub,word,こする，さする,こする，さする,high_school,2,pre2,pre2;2,動詞,pre2:1075;2:1608,2
ruin,ruin,word,を台無しにする，破滅する/破滅,を台無しにする，破滅する/破滅,high_school,2,pre2,pre2;2,動詞,pre2:1437;2:418,2
rural,rural,word,田舎の，農村の,田舎の，農村の,high_school,2,pre2,pre2;2,形容詞,pre2:412;2:1411,2
rush,rush,word,突進する，急ぐ，急ぎ,突進する，急ぐ，急ぎ,high_school,2,pre2,pre2,動詞,pre2:752,1
salary,salary,word,給与，報酬,給与，報酬,high_school,2,pre2,pre2;2,名詞,pre2:238;2:1071,2
satellite,satellite,word,衛星，人工衛星,衛星，人工衛星,high_school,2,pre2,pre2;2,名詞,pre2:457;2:1804,2
satisfaction,satisfaction,word,満足，充足,満足，充足,high_school,2,pre2,pre2;2,名詞,pre2:1073;2:1057,2
scheme,scheme,word,計画，企画,計画，企画 / 計画，案,high_school,1,pre2,pre2;2;pre1,名詞,pre2:775;2:1211;pre1:1864,3
scientific,scientific,word,科学の，理科の,科学の，理科の,high_school,2,pre2,pre2;2,形容詞,pre2:817;2:1766,2
sculpture,sculpture,word,彫刻，彫像,彫刻，彫像,high_school,1,pre2,pre2;2;pre1,名詞,pre2:727;2:634;pre1:326,3
secretary,secretary,word,秘書，秘書官,秘書，秘書官,high_school,2,pre2,pre2;2,名詞,pre2:962;2:1879,2
seek,seek,word,求める，捜し出す,求める，捜し出す,high_school,2,pre2,pre2;2,動詞,pre2:421;2:969,2
seize,seize,word,つかむ，把握する,つかむ，把握する,high_school,1,pre2,pre2;2;pre1,動詞,pre2:1086;2:1680;pre1:3289,3
seldom,seldom,word,めったに～しない，稀に,めったに～しない，稀に,high_school,2,pre2,pre2;2,副詞,pre2:848;2:1449,2
senate,senate,word,上院，上院議会,上院，上院議会,high_school,2,pre2,pre2;2,名詞,pre2:490;2:1118,2
sensitive,sensitive,word,敏感な，感じやすい,敏感な，感じやすい,high_school,2,pre2,pre2;2,形容詞,pre2:764;2:517,2
sequence,sequence,word,連続，継続,連続，継続,high_school,2,pre2,pre2;2,名詞,pre2:1175;2:1231,2
settle,settle,word,決着させる，解決する,決着させる，解決する,high_school,2,pre2,pre2;2,動詞,pre2:869;2:1344,2
settlement,settlement,word,移住，定住,移住，定住,high_school,2,pre2,pre2;2,名詞,pre2:1114;2:1679,2
severe,severe,word,厳しい，厳格な,厳しい，厳格な,high_school,2,pre2,pre2;2,形容詞,pre2:1186;2:1462,2
sharp,sharp,word,鋭い，先鋭的な,鋭い，先鋭的な,high_school,2,pre2,pre2;2,形容詞,pre2:35;2:1246,2
shooting,shooting,word,撮影，射撃,撮影，射撃,high_school,2,pre2,pre2;2,名詞,pre2:554;2:1670,2
shortage,shortage,word,不足，欠乏,不足，欠乏,high_school,2,pre2,pre2;2,名詞,pre2:1207;2:1687,2
shortly,shortly,word,まもなく，近々,まもなく，近々,high_school,2,pre2,pre2;2,副詞,pre2:1154;2:1609,2
shrug,shrug,word,肩をすくめる，無視する,肩をすくめる，無視する,high_school,1,pre2,pre2;2;pre1,動詞,pre2:1057;2:1825;pre1:3193,3
sigh,sigh,word,ため息をつく，溜め息をつく,ため息をつく，溜め息をつく / ため息をつく，ため息を出す,high_school,2,pre2,pre2;2,動詞,pre2:1151;2:1307,2
significance,significance,word,重要性，意義,重要性，意義,high_school,2,pre2,pre2;2,名詞,pre2:354;2:1741,2
significant,significant,word,重要な，大切な,重要な，大切な,high_school,2,pre2,pre2;2,形容詞,pre2:463;2:1486,2
significantly,significantly,word,かなり，相当に,かなり，相当に,high_school,2,pre2,pre2;2,副詞,pre2:748;2:1974,2
silence,silence,word,沈黙,沈黙 / 沈黙，静けさ,high_school,2,pre2,pre2;pre1,名詞,pre2:32;pre1:56,2
silly,silly,word,馬鹿な，愚かな,馬鹿な，愚かな,high_school,2,pre2,pre2;2,形容詞,pre2:81;2:1510,2
similar,similar,word,似ている，類似の,似ている，類似の,high_school,2,pre2,pre2;2,形容詞,pre2:1230;2:43,2
similarly,similarly,word,同様に，一様に,同様に，一様に,high_school,2,pre2,pre2;2,副詞,pre2:545;2:707,2
sink,sink,word,沈む，沈没する,沈む，沈没する,high_school,2,pre2,pre2;2,動詞,pre2:74;2:1088,2
slide,slide,word,滑る，滑走する,滑る，滑走する,high_school,2,pre2,pre2;2,動詞,pre2:447;2:1044,2
slight,slight,word,かすかな，わずかの,かすかな，わずかの,high_school,2,pre2,pre2;2,形容詞,pre2:1176;2:1473,2
slightly,slightly,word,わずかに，少し,わずかに，少し,high_school,2,pre2,pre2;2,副詞,pre2:1059;2:134,2
slip,slip,word,滑る,滑る,high_school,2,pre2,pre2,動詞,pre2:802,1
so-called,so-called,word,いわゆる，通称,いわゆる，通称,high_school,2,pre2,pre2;2,形容詞,pre2:265;2:1993,2
social,social,word,社会の，共同体の,社会の，共同体の,high_school,2,pre2,pre2;2,形容詞,pre2:518;2:543,2
society,society,word,社会，共同体,社会，共同体,high_school,2,pre2,pre2;2,名詞,pre2:850;2:980,2
solid,solid,word,固い，固形の,固い，固形の,high_school,2,pre2,pre2;2,形容詞,pre2:1030;2:1399,2
solution,solution,word,解決法，解明,解決法，解明,high_school,2,pre2,pre2;2,名詞,pre2:217;2:23,2
somewhat,somewhat,word,いくぶん，いくらか,いくぶん，いくらか,high_school,2,pre2,pre2,副詞,pre2:1221,1
sophisticated,sophisticated,word,洗練された，高雅な,洗練された，高雅な,high_school,1,pre2,pre2;2;pre1,形容詞,pre2:307;2:1308;pre1:3045,3
source,source,word,情報源，原因,情報源，原因,high_school,2,pre2,pre2;2,名詞,pre2:410;2:1001,2
specific,specific,word,具体的な，特定の,具体的な，特定の,high_school,2,pre2,pre2;2,形容詞,pre2:1397;2:358,2
spectator,spectator,word,観客，見物人,観客，見物人,high_school,1,pre2,pre2;2;pre1,名詞,pre2:1444;2:428;pre1:45,3
spill,spill,word,をこぼす，溢れる,をこぼす，溢れる,high_school,2,pre2,pre2;2,動詞,pre2:714;2:785,2
split,split,word,割る，裂く,割る，裂く,high_school,2,pre2,pre2;2,動詞,pre2:636;2:1732,2
squeeze,squeeze,word,絞る，押しつぶす,絞る，押しつぶす,high_school,1,pre2,pre2;2;pre1,動詞,pre2:631;2:1331;pre1:3072,3
stable,stable,word,安定した，安泰な,安定した，安泰な,high_school,2,pre2,pre2;2,形容詞,pre2:487;2:546,2
stake,stake,word,くい，掛け金,くい，掛け金,high_school,2,pre2,pre2;2,名詞,pre2:1125;2:1662,2
stare,stare,word,じっと見つめる，しきりに観察する,じっと見つめる，しきりに観察する,high_school,2,pre2,pre2;2,動詞,pre2:480;2:1847,2
state,state,word,状態，状況,状態，状況,high_school,2,pre2,pre2;2,名詞,pre2:887;2:1136,2
statistics,statistics,word,統計，数字,統計，数字,high_school,2,pre2,pre2;2,名詞,pre2:1333;2:256,2
status,status,word,状態，身分,状態，身分,high_school,2,pre2,pre2;2,名詞,pre2:383;2:1332,2
steel,steel,word,鋼鉄，鉄,鋼鉄，鉄,high_school,2,pre2,pre2;2,名詞,pre2:254;2:1985,2
stimulate,stimulate,word,を刺激する，元気づける,を刺激する，元気づける,high_school,2,pre2,pre2;2,動詞,pre2:694;2:957,2
stir,stir,word,"をかき混ぜる, 混ぜる","をかき混ぜる, 混ぜる",high_school,1,pre2,pre2;2;pre1,動詞,pre2:1476;2:476;pre1:340,3
stock,stock,word,株，在庫/を在庫に持つ,株，在庫/を在庫に持つ,high_school,1,pre2,pre2;2;pre1,名詞,pre2:1442;2:426;pre1:341,3
stomach,stomach,word,腹,腹,high_school,2,pre2,pre2,名詞,pre2:212,1
storage,storage,word,保管場所，倉庫,保管場所，倉庫 / 倉庫，保管場所,high_school,2,pre2,pre2;2,名詞,pre2:297;2:1903,2
strain,strain,word,張る，伸ばす,張る，伸ばす / 引っ張る,high_school,1,pre2,pre2;2;pre1;1,動詞,pre2:301;2:1723;pre1:3322;1:3214,4
strangely,strangely,word,不思議なことに，奇妙に,不思議なことに，奇妙に,high_school,2,pre2,pre2;2,副詞,pre2:1382;2:339,2
strategy,strategy,word,戦略，戦術,戦略，戦術,high_school,2,pre2,pre2;2,名詞,pre2:360;2:1807,2
stream,stream,word,流れ，水流,流れ，水流,high_school,2,pre2,pre2;2,名詞,pre2:391;2:1871,2
strike,strike,word,叩く，打つ,叩く，打つ,high_school,2,pre2,pre2;2,動詞,pre2:912;2:587,2
string,string,word,紐，糸,紐，糸,high_school,2,pre2,pre2,名詞,pre2:1094,1
stroke,stroke,word,打撃，衝撃,打撃，衝撃,high_school,2,pre2,pre2;2,名詞,pre2:1206;2:1214,2
strongly,strongly,word,強く，激しく,強く，激しく,high_school,2,pre2,pre2;2,副詞,pre2:1104;2:1141,2
structure,structure,word,構造，建造物,構造，建造物,high_school,2,pre2,pre2;2,名詞,pre2:328;2:1130,2
stupid,stupid,word,馬鹿な，愚かな,馬鹿な，愚かな,high_school,2,pre2,pre2;2,形容詞,pre2:1007;2:1715,2
submit,submit,word,を提出する，に服従する,を提出する，に服従する,high_school,2,pre2,pre2;2,動詞,pre2:538;2:945,2
substance,substance,word,物質，実態,物質，実態,high_school,2,pre2,pre2;2,名詞,pre2:1010;2:230,2
sudden,sudden,word,突然の，急な,突然の，急な,high_school,2,pre2,pre2;2,形容詞,pre2:1028;2:1484,2
suffer,suffer,word,を患う，苦しむ,を患う，苦しむ,high_school,2,pre2,pre2;2,動詞,pre2:439;2:303,2
suffering,suffering,word,苦しみ，悩み,苦しみ，悩み,high_school,2,pre2,pre2;2,名詞,pre2:224;2:1234,2
sufficient,sufficient,word,十分な，足りている,十分な，足りている,high_school,2,pre2,pre2;2,形容詞,pre2:1319;2:237,2
suggest,suggest,word,を提案する，勧める,を提案する，勧める,high_school,2,pre2,pre2;2,動詞,pre2:593;2:780,2
suggestion,suggestion,word,提案，案,提案，案,high_school,2,pre2,pre2;2,名詞,pre2:671;2:1934,2
suicide,suicide,word,自殺，自害,自殺，自害,high_school,2,pre2,pre2;2,名詞,pre2:517;2:1374,2
suit,suit,word,適合する，合致する,適合する，合致する,high_school,2,pre2,pre2;2,動詞,pre2:862;2:1526,2
suitable,suitable,word,適した，好都合な,適した，好都合な,high_school,2,pre2,pre2;2,形容詞,pre2:961;2:1799,2
sum,sum,word,合計，総計,合計，総計,high_school,2,pre2,pre2;2,名詞,pre2:520;2:1538,2
summit,summit,word,頂上，山頂,頂上，山頂,high_school,1,pre2,pre2;2;pre1,名詞,pre2:1065;2:1192;pre1:3205,3
superior,superior,word,より優れた，優越な,より優れた，優越な,high_school,2,pre2,pre2;2,形容詞,pre2:893;2:733,2
suppose,suppose,word,だと思う，と仮定する,だと思う，と仮定する,high_school,2,pre2,pre2;2,動詞,pre2:744;2:1084,2
supreme,supreme,word,最高の，至高の,最高の，至高の,high_school,1,pre2,pre2;2;pre1,形容詞,pre2:1185;2:1382;pre1:1874,3
surface,surface,word,表面，水面,表面，水面,high_school,2,pre2,pre2;2,名詞,pre2:44;2:514,2
surgery,surgery,word,手術，外科,手術，外科,high_school,2,pre2,pre2;2,名詞,pre2:794;2:1987,2
suspect,suspect,word,疑う，だと思う,疑う，だと思う,high_school,2,pre2,pre2;2,動詞,pre2:1014;2:1982,2
sustain,sustain,word,保持する，維持する,保持する，維持する,high_school,1,pre2,pre2;2;pre1,動詞,pre2:800;2:1691;pre1:3346,3
swear,swear,word,誓う，宣誓する,誓う，宣誓する,high_school,2,pre2,pre2;2,動詞,pre2:606;2:975,2
symmetry,symmetry,word,対称，左右対称,対称，左右対称 / 対称,high_school,1,pre2,pre2;2;1,名詞,pre2:1401;2:362;1:1977,3
sympathy,sympathy,word,同情，思いやり,同情，思いやり,high_school,1,pre2,pre2;2;pre1,名詞,pre2:1262;2:123;pre1:34,3
symptom,symptom,word,症状，兆候,症状，兆候,high_school,2,pre2,pre2;2,名詞,pre2:729;2:1250,2
tail,tail,word,尾，尾部,尾，尾部,high_school,2,pre2,pre2;2,名詞,pre2:1091;2:1152,2
talented,talented,word,才能のある,才能のある,high_school,2,pre2,pre2,形容詞,pre2:230,1
task,task,word,仕事，職業,仕事，職業,high_school,2,pre2,pre2;2,名詞,pre2:590;2:1647,2
teenager,teenager,word,十代，少年期,十代，少年期,high_school,2,pre2,pre2;2,名詞,pre2:1200;2:1527,2
temper,temper,word,気性，かんしゃく,気性，かんしゃく / 気性,high_school,1,pre2,pre2;2;pre1;1,名詞,pre2:1432;2:410;pre1:11;1:2254,4
temperature,temperature,word,温度，気温,温度，気温,high_school,2,pre2,pre2;2,名詞,pre2:173;2:560,2
temporarily,temporarily,word,一時的に，仮に,一時的に，仮に,high_school,2,pre2,pre2;2,副詞,pre2:1468;2:464,2
temporary,temporary,word,一時的な，短期的な,一時的な，短期的な,high_school,2,pre2,pre2;2,形容詞,pre2:1046;2:219,2
term,term,word,期間，専門用語,期間，専門用語,high_school,2,pre2,pre2;2,名詞,pre2:585;2:1610,2
terminal,terminal,word,終りの，末端の,終りの，末端の,high_school,2,pre2,pre2;2,形容詞,pre2:1334;2:258,2
terror,terror,word,恐怖，恐れ,恐怖，恐れ,high_school,2,pre2,pre2;2,名詞,pre2:1165;2:1798,2
theory,theory,word,理論，学説,理論，学説,high_school,2,pre2,pre2;2,名詞,pre2:426;2:180,2
therapy,therapy,word,治療，療法,治療，療法,high_school,2,pre2,pre2;2,名詞,pre2:295;2:1048,2
therefore,therefore,word,それゆえ，だから,それゆえ，だから,high_school,2,pre2,pre2;2,副詞,pre2:613;2:27,2
thick,thick,word,厚い，肥厚な,厚い，肥厚な,high_school,2,pre2,pre2;2,形容詞,pre2:379;2:1359,2
threat,threat,word,脅威，危機,脅威，危機,high_school,2,pre2,pre2;2,名詞,pre2:831;2:901,2
threaten,threaten,word,を脅かす,を脅かす,high_school,2,pre2,pre2,動詞,pre2:343,1
throat,throat,word,のど，咽喉,のど，咽喉,high_school,2,pre2,pre2;2,名詞,pre2:532;2:1546,2
throughout,throughout,word,至るところに，終始,至るところに，終始,high_school,2,pre2,pre2;2,前置詞,pre2:444;2:1834,2
tight,tight,word,狭い，締まった,狭い，締まった,high_school,2,pre2,pre2;2,形容詞,pre2:33;2:541,2
till,till,word,まで，至る,まで，至る,high_school,2,pre2,pre2;2,接続詞;前置詞,pre2:473;2:1622,2
tissue,tissue,word,組織,組織 / 細胞組織，薄い織物,high_school,2,pre2,pre2;2,名詞,pre2:1018;2:2257,2
toe,toe,word,つま先，足の指,つま先，足の指,high_school,2,pre2,pre2;2,名詞,pre2:1085;2:1269,2
tolerate,tolerate,word,に耐える，寛大に取り扱う,に耐える，寛大に取り扱う,high_school,1,pre2,pre2;2;pre1,動詞,pre2:1279;2:148;pre1:591,3
tongue,tongue,word,言葉，舌,言葉，舌,high_school,2,pre2,pre2;2,名詞,pre2:626;2:1111,2
totally,totally,word,完全に，全く,完全に，全く,high_school,2,pre2,pre2;2,副詞,pre2:804;2:1774,2
toward,toward,word,向かって，のほうへ,向かって，のほうへ,high_school,2,pre2,pre2;2,前置詞,pre2:1100;2:1259,2
towards,towards,word,の方へ，向かって,の方へ，向かって,high_school,2,pre2,pre2;2,前置詞,pre2:461;2:1780,2
trading,trading,word,取引,取引,high_school,2,pre2,pre2,名詞,pre2:1191,1
traffic,traffic,word,交通，運輸,交通，運輸,high_school,2,pre2,pre2;2,名詞,pre2:58;2:1814,2
transfer,transfer,word,を移す，を転送する,を移す，を転送する,high_school,2,pre2,pre2;2,動詞,pre2:1029;2:1396,2
transform,transform,word,を変える，を改変する,を変える，を改変する,high_school,2,pre2,pre2;2,動詞,pre2:832;2:1395,2
transition,transition,word,遷移，変遷,遷移，変遷,high_school,2,pre2,pre2;2,名詞,pre2:982;2:1421,2
translate,translate,word,を翻訳する，通訳する,を翻訳する，通訳する,high_school,2,pre2,pre2;2,動詞,pre2:198;2:182,2
treat,treat,word,を扱う，待遇する,を扱う，待遇する,high_school,2,pre2,pre2;2,動詞,pre2:153;2:452,2
treatment,treatment,word,扱い，処理,扱い，処理,high_school,2,pre2,pre2;2,名詞,pre2:877;2:616,2
treaty,treaty,word,条約,条約,high_school,2,pre2,pre2;pre1,名詞,pre2:735;pre1:3138,2
tribe,tribe,word,部族，種族,部族，種族,high_school,2,pre2,pre2;2,名詞,pre2:730;2:1970,2
trigger,trigger,word,引き金，誘因,引き金，誘因,high_school,2,pre2,pre2;2,名詞,pre2:382;2:1393,2
truly,truly,word,真に，正確に,真に，正確に,high_school,2,pre2,pre2;2,副詞,pre2:1166;2:963,2
truth,truth,word,真実，事実,真実，事実,high_school,2,pre2,pre2;2,名詞,pre2:388;2:1636,2
typical,typical,word,典型的な，代表的な,典型的な，代表的な,high_school,2,pre2,pre2;2,形容詞,pre2:368;2:1837,2
typically,typically,word,典型的に，一般的に,典型的に，一般的に,high_school,2,pre2,pre2;2,副詞,pre2:1067;2:1061,2
unable,unable,word,できない，不能である,できない，不能である,high_school,2,pre2,pre2;2,形容詞,pre2:177;2:25,2
unbelievable,unbelievable,word,信じられない，信じがたい,信じられない，信じがたい,high_school,2,pre2,pre2;2,形容詞,pre2:1429;2:406,2
unfortunately,unfortunately,word,残念なことに，不幸にも,残念なことに，不幸にも,high_school,2,pre2,pre2;2,副詞,pre2:345;2:28,2
union,union,word,統合，一致,統合，一致,high_school,2,pre2,pre2;2,名詞,pre2:609;2:1357,2
unique,unique,word,他に類を見ない，唯一の,他に類を見ない，唯一の,high_school,2,pre2,pre2;2,形容詞,pre2:895;2:1334,2
unit,unit,word,単位，員数,単位，員数,high_school,2,pre2,pre2;2,名詞,pre2:220;2:1749,2
universal,universal,word,普遍的な，万能の,普遍的な，万能の,high_school,2,pre2,pre2;2,形容詞,pre2:1155;2:1940,2
unknown,unknown,word,未知の，未明らかな,未知の，未明らかな / 未知の，分からない,high_school,2,pre2,pre2;2,形容詞,pre2:248;2:1265,2
unless,unless,word,でない限り，除いて,でない限り，除いて,high_school,2,pre2,pre2;2,接続詞,pre2:1183;2:1178,2
unlike,unlike,word,と異なって，とは違って,と異なって，とは違って,high_school,2,pre2,pre2;2,前置詞,pre2:733;2:70,2
upset,upset,word,気持ちが動揺した，ひっくり返す,気持ちが動揺した，ひっくり返す,high_school,2,pre2,pre2;2,形容詞,pre2:308;2:1219,2
urban,urban,word,都会の，市内の,都会の，市内の,high_school,2,pre2,pre2;2,形容詞,pre2:550;2:1204,2
urgent,urgent,word,緊急の，急を要する,緊急の，急を要する,high_school,1,pre2,pre2;2;pre1,形容詞,pre2:1322;2:243;pre1:161,3
useless,useless,word,役に立たない，むだな,役に立たない，むだな,high_school,2,pre2,pre2;2,形容詞,pre2:1025;2:1430,2
vague,vague,word,漠然とした，あいまいな,漠然とした，あいまいな,high_school,1,pre2,pre2;2;pre1,形容詞,pre2:1434;2:413;pre1:142,3
valuable,valuable,word,貴重な，価値のある,貴重な，価値のある,high_school,2,pre2,pre2;2,形容詞,pre2:471;2:161,2
variation,variation,word,変化，変動,変化，変動,high_school,2,pre2,pre2;2,名詞,pre2:1006;2:1525,2
various,various,word,様々な，多様な,様々な，多様な,high_school,2,pre2,pre2;2,形容詞,pre2:728;2:489,2
vary,vary,word,多様化する，異なる,多様化する，異なる,high_school,2,pre2,pre2;pre1,動詞,pre2:479;pre1:3174,2
vehicle,vehicle,word,乗り物，車,乗り物，車,high_school,2,pre2,pre2;2,名詞,pre2:926;2:7,2
venture,venture,word,冒険的事業，投機的事業,冒険的事業，投機的事業,high_school,1,pre2,pre2;2;pre1,名詞,pre2:1212;2:1079;pre1:3268,3
via,via,word,～経由で,～経由で,high_school,2,pre2,pre2,前置詞,pre2:621,1
victim,victim,word,犠牲者，被害者,犠牲者，被害者,high_school,2,pre2,pre2;2,名詞,pre2:881;2:487,2
viewer,viewer,word,観察者，視聴者，監視人,観察者，視聴者，監視人,high_school,2,pre2,pre2;2,名詞,pre2:456;2:1590,2
violate,violate,word,違反する，破る,違反する，破る,high_school,1,pre2,pre2;2;pre1,動詞,pre2:1378;2:330;pre1:797,3
virtually,virtually,word,実質的に，事実上,実質的に，事実上,high_school,2,pre2,pre2;2,副詞,pre2:569;2:1808,2
virus,virus,word,ウイルス，病原体,ウイルス，病原体,high_school,2,pre2,pre2;2,名詞,pre2:469;2:1366,2
visible,visible,word,"目に見える, 可視的","目に見える, 可視的",high_school,2,pre2,pre2;2,形容詞,pre2:857;2:490,2
vision,vision,word,未来像,未来像,high_school,2,pre2,pre2,名詞,pre2:213,1
vital,vital,word,極めて重要な，生命の,極めて重要な，生命の,high_school,1,pre2,pre2;2;pre1,形容詞,pre2:245;2:904;pre1:3245,3
vote,vote,word,投票する/投票権,投票する/投票権,high_school,2,pre2,pre2;2,動詞,pre2:242;2:1378,2
voter,voter,word,投票者，選挙人,投票者，選挙人,high_school,2,pre2,pre2;2,名詞,pre2:651;2:1769,2
vulnerable,vulnerable,word,傷つきやすい，繊細,傷つきやすい，繊細,high_school,1,pre2,pre2;2;pre1,形容詞,pre2:475;2:1471;pre1:2130,3
wealthy,wealthy,word,裕福な，豊かな,裕福な，豊かな,high_school,2,pre2,pre2;2,形容詞,pre2:82;2:755,2
weight,weight,word,重さ，体重,重さ，体重,high_school,2,pre2,pre2;2,名詞,pre2:1107;2:1840,2
whatever,whatever,word,なんでも，何もかも,なんでも，何もかも,high_school,2,pre2,pre2;2,代名詞,pre2:1042;2:1568,2
whenever,whenever,word,する時はいつでも，する際は常に,する時はいつでも，する際は常に,high_school,2,pre2,pre2;2,接続詞,pre2:751;2:1163,2
wherever,wherever,word,どこでも，どの場所でも,どこでも，どの場所でも,high_school,2,pre2,pre2;2,接続詞,pre2:409;2:1783,2
whether,whether,word,どちらか，いずれか,どちらか，いずれか,high_school,2,pre2,pre2;2,接続詞,pre2:405;2:973,2
whisper,whisper,word,ささやく，を耳打ちする,ささやく，を耳打ちする,high_school,1,pre2,pre2;2;pre1,動詞,pre2:1327;2:249;pre1:3012,3
whom,whom,word,誰を,誰を,high_school,2,pre2,pre2,代名詞,pre2:635,1
widely,widely,word,広範囲に，多くの範囲に,広範囲に，多くの範囲に,high_school,2,pre2,pre2;2,副詞,pre2:1072;2:1572,2
wildlife,wildlife,word,野生動物，野生生物,野生動物，野生生物,high_school,2,pre2,pre2;2,名詞,pre2:313;2:1865,2
wipe,wipe,word,を拭く，拭き取る,を拭く，拭き取る,high_school,2,pre2,pre2;2,動詞,pre2:656;2:721,2
wisdom,wisdom,word,知恵，賢明さ,知恵，賢明さ,high_school,2,pre2,pre2;2,名詞,pre2:938;2:1818,2
wise,wise,word,賢い，賢明な,賢い，賢明な,high_school,2,pre2,pre2;2,形容詞,pre2:799;2:1677,2
withdraw,withdraw,word,を撤回する，引き下がる/引き出す,を撤回する，引き下がる/引き出す,high_school,2,pre2,pre2;2,動詞,pre2:570;2:420,2
witness,witness,word,目撃者，証人/を目撃する,目撃者，証人/を目撃する,high_school,1,pre2,pre2;2;pre1,名詞,pre2:993;2:162;pre1:3363,3
yield,yield,word,産出する，生ずる,産出する，生ずる / 産出する，与える,high_school,1,pre2,pre2;2;1,動詞,pre2:525;2:1696;1:4182,3
abolish,abolish,word,廃止する,廃止する,high_school,3,2,2;pre1,動詞,2:2221;pre1:898,2
abortion,abortion,word,中絶，妊娠中絶,中絶，妊娠中絶,high_school,3,2,2,名詞,2:1184,1
abrupt,abrupt,word,突然の，不意の,突然の，不意の / 突然の，急な,high_school,1,2,2;pre1;1,形容詞,2:581;pre1:1031;1:1400,3
absence,absence,word,不在，欠席,不在，欠席,high_school,3,2,2,名詞,2:1965,1
absolute,absolute,word,絶対的な，完全な,絶対的な，完全な,high_school,3,2,2;pre1,形容詞,2:1878;pre1:3328,2
abstract,abstract,word,抽象的な，非具体的な,抽象的な，非具体的な,high_school,3,2,2;pre1,形容詞,2:985;pre1:3252,2
academically,academically,word,学問的に，知識的に,学問的に，知識的に,high_school,3,2,2,副詞,2:959,1
accommodate,accommodate,word,収容する,収容する,high_school,3,2,2;pre1,動詞,2:2054;pre1:1157,2
accommodation,accommodation,word,宿泊施設,宿泊施設,high_school,3,2,2;pre1,名詞,2:2138;pre1:865,2
accomplishment,accomplishment,word,完成，成果,完成，成果,high_school,3,2,2;pre1,名詞,2:875;pre1:690,2
accumulate,accumulate,word,蓄積する,蓄積する / 蓄積する，貯蔵する,high_school,1,2,2;pre1;1,動詞,2:2296;pre1:1293;1:472,3
accuracy,accuracy,word,正確さ，精密,正確さ，精密,high_school,3,2,2;pre1,名詞,2:825;pre1:1028,2
accustomed,accustomed,word,慣れている，いつもの,慣れている，いつもの,high_school,3,2,2,形容詞,2:1618,1
acknowledge,acknowledge,word,を認める，認める,を認める，認める,high_school,3,2,2;pre1,動詞,2:1981;pre1:3365,2
acquaint,acquaint,word,知らせる,知らせる / に知らせる / 知らせる，通知する,high_school,1,2,2;pre1;1,動詞,2:732;pre1:851;1:721,3
acquaintance,acquaintance,word,知人，友人,知人，友人,high_school,3,2,2;pre1,名詞,2:1875;pre1:3194,2
acquire,acquire,word,を身につける,を身につける,high_school,3,2,2,動詞,2:2298,1
acute,acute,word,鋭角の,鋭角の,high_school,3,2,2;pre1,形容詞,2:2245;pre1:873,2
ad,ad,word,広告，宣伝,広告，宣伝,high_school,3,2,2,名詞,2:1888,1
addicted,addicted,word,癖になった,癖になった,high_school,3,2,2,形容詞,2:2050,1
adequate,adequate,word,適切で，十分な,適切で，十分な,high_school,3,2,2;pre1,形容詞,2:750;pre1:3198,2
adjust,adjust,word,を調節する，調整する,を調節する，調整する,high_school,3,2,2,動詞,2:1137,1
adolescent,adolescent,word,思春期の,思春期の,high_school,3,2,2;pre1,名詞,2:2183;pre1:2123,2
advertisement,advertisement,word,広告，宣伝,広告，宣伝,high_school,3,2,2;pre1,名詞,2:924;pre1:355,2
affection,affection,word,愛情，好意,愛情，好意,high_school,3,2,2,名詞,2:953,1
afterwards,afterwards,word,その後,その後,high_school,3,2,2,副詞,2:2218,1
aggression,aggression,word,攻撃性，侵略,攻撃性，侵略,high_school,3,2,2,名詞,2:1508,1
aggressive,aggressive,word,攻撃的な，侵略的な,攻撃的な，侵略的な,high_school,3,2,2,形容詞,2:1427,1
agricultural,agricultural,word,農業の，農作物の,農業の，農作物の,high_school,3,2,2;pre1,形容詞,2:905;pre1:328,2
aisle,aisle,word,通路,通路,high_school,3,2,2;pre1,名詞,2:2056;pre1:632,2
alive,alive,word,生きている，存命の,生きている，存命の,high_school,3,2,2,形容詞,2:1716,1
aloud,aloud,word,声に出して，大声で,声に出して，大声で,high_school,3,2,2,副詞,2:1826,1
altitude,altitude,word,高度,高度,high_school,3,2,2;pre1,名詞,2:2265;pre1:1578,2
altogether,altogether,word,完全に，まったく,完全に，まったく,high_school,3,2,2,副詞,2:906,1
ambiguous,ambiguous,word,あいまいな,あいまいな / 曖昧な，多義的な,high_school,1,2,2;pre1;1,形容詞,2:2147;pre1:2313;1:4273,3
ambition,ambition,word,野望,野望,high_school,3,2,2,名詞,2:2185,1
ambulance,ambulance,word,救急車，救援車,救急車，救援車,high_school,3,2,2,名詞,2:934,1
amuse,amuse,word,楽しませる，娯楽を提供する,楽しませる，娯楽を提供する,high_school,3,2,2;pre1,動詞,2:656;pre1:3039,2
anger,anger,word,怒り，憤り,怒り，憤り,high_school,3,2,2,名詞,2:1026,1
angle,angle,word,"角度, 角","角度, 角",high_school,3,2,2,名詞,2:495,1
annual,annual,word,毎年の，年毎の,毎年の，年毎の,high_school,3,2,2,形容詞,2:1080,1
apparent,apparent,word,外見上の，明白な,外見上の，明白な,high_school,3,2,2;pre1,形容詞,2:1329;pre1:3197,2
appetite,appetite,word,食欲，食い気,食欲，食い気,high_school,3,2,2,名詞,2:1898,1
applause,applause,word,拍手かっさい，称賛,拍手かっさい，称賛,high_school,3,2,2;pre1,名詞,2:843;pre1:44,2
application,application,word,適用，応用,適用，応用,high_school,3,2,2,名詞,2:1848,1
approve,approve,word,承認する,承認する,high_school,3,2,2,動詞,2:2170,1
approximately,approximately,word,約，おおよそ,約，おおよそ,high_school,3,2,2;pre1,副詞,2:592;pre1:491,2
architecture,architecture,word,建築,建築,high_school,3,2,2;pre1,名詞,2:2228;pre1:889,2
Arctic,arctic,word,北極地方,北極地方,high_school,3,2,2;pre1,名詞,2:2006;pre1:3349,2
assemble,assemble,word,組み立てる,組み立てる,high_school,3,2,2;pre1,動詞,2:2200;pre1:578,2
assembly,assembly,word,集合，群集,集合，群集,high_school,3,2,2,名詞,2:1558,1
assess,assess,word,評価する，査定する,評価する，査定する,high_school,3,2,2;pre1,動詞,2:1006;pre1:3221,2
assign,assign,word,割り当てる,割り当てる,high_school,3,2,2;pre1,動詞,2:2227;pre1:511,2
assist,assist,word,手伝う，促進する,手伝う，促進する,high_school,3,2,2,動詞,2:1016,1
assure,assure,word,保証する，確証する,保証する，確証する,high_school,3,2,2;pre1,動詞,2:1976;pre1:3284,2
astonish,astonish,word,ひどく驚かす，驚かせる,ひどく驚かす，驚かせる,high_school,3,2,2,動詞,2:861,1
atomic,atomic,word,原子の，素粒子の,原子の，素粒子の,high_school,3,2,2,形容詞,2:1306,1
avenue,avenue,word,大通り,大通り,high_school,3,2,2,名詞,2:2020,1
awkward,awkward,word,ぎこちない,ぎこちない / ぎこちない，不器用な,high_school,1,2,2;pre1;1,形容詞,2:2179;pre1:761;1:193,3
background,background,word,背景，背後,背景，背後,high_school,3,2,2,名詞,2:1242,1
bang,bang,word,ドンドン叩く/ズドンという音,ドンドン叩く/ズドンという音,high_school,3,2,2,動詞,2:1944,1
basin,basin,word,盆地,盆地,high_school,3,2,2;pre1,名詞,2:2203;pre1:439,2
beat,beat,word,打ち負かす,打ち負かす,high_school,3,2,2,動詞,2:2278,1
beg,beg,word,懇願する，願い出る,懇願する，願い出る,high_school,3,2,2,動詞,2:1243,1
behalf,behalf,word,代わって，の代わりに,代わって，の代わりに,high_school,3,2,2,名詞,2:1649,1
beneath,beneath,word,の下に，以下に,の下に，以下に,high_school,3,2,2,前置詞,2:1284,1
beverage,beverage,word,飲料,飲料,high_school,3,2,2;pre1,名詞,2:2095;pre1:1908,2
biology,biology,word,生物学,生物学,high_school,3,2,2;pre1,名詞,2:2073;pre1:497,2
blast,blast,word,爆風，突風,爆風，突風,high_school,3,2,2;pre1,名詞,2:1553;pre1:3154,2
bleed,bleed,word,出血する,出血する,high_school,3,2,2;pre1,動詞,2:2132;pre1:440,2
blink,blink,word,瞬きをする，瞬間を過ごす,瞬きをする，瞬間を過ごす,high_school,3,2,2;pre1,動詞,2:1819;pre1:3085,2
bloom,bloom,word,咲く,咲く,high_school,3,2,2,動詞,2:2225,1
bold,bold,word,勇敢な,勇敢な,high_school,3,2,2;pre1,形容詞,2:2288;pre1:130,2
bow,bow,word,お辞儀する，頭を下げる,お辞儀する，頭を下げる,high_school,3,2,2,動詞,2:1693,1
breeze,breeze,word,そよ風,そよ風,high_school,3,2,2;pre1,名詞,2:2289;pre1:190,2
Buddhist,buddhist,word,仏教,仏教,high_school,3,2,2,名詞,2:2013,1
budget,budget,word,予算，経費,予算，経費,high_school,3,2,2,名詞,2:835,1
bully,bully,word,いじめっ子,いじめっ子,high_school,3,2,2;pre1,名詞,2:2145;pre1:2068,2
bureau,bureau,word,事務局，たんす,事務局，たんす,high_school,3,2,2;pre1,名詞,2:2102;pre1:3046,2
burst,burst,word,破裂する，破れる,破裂する，破れる,high_school,3,2,2,動詞,2:1962,1
bury,bury,word,埋める，充填する,埋める，充填する,high_school,3,2,2,動詞,2:1860,1
buyer,buyer,word,買い手，購入者,買い手，購入者,high_school,3,2,2,名詞,2:1621,1
candidate,candidate,word,候補者，志願者,候補者，志願者,high_school,3,2,2,名詞,2:1113,1
capacity,capacity,word,容量，容積,容量，容積,high_school,3,2,2;pre1,名詞,2:511;pre1:68,2
cash,cash,word,現金，手元資金,現金，手元資金,high_school,3,2,2,名詞,2:1725,1
cave,cave,word,ほら穴，洞窟,ほら穴，洞窟,high_school,3,2,2,名詞,2:1816,1
cease,cease,word,やめる，中止する,やめる，中止する,high_school,3,2,2,動詞,2:1639,1
charm,charm,word,魅力，引力,魅力，引力,high_school,3,2,2;pre1,名詞,2:1288;pre1:3040,2
checkup,checkup,word,健康診断，照合,健康診断，照合,high_school,3,2,2;pre1,名詞,2:559;pre1:1175,2
chemistry,chemistry,word,化学,化学,high_school,3,2,2,名詞,2:2123,1
circuit,circuit,word,回路，巡回,回路，巡回,high_school,3,2,2,名詞,2:1440,1
civil,civil,word,市民の，住民の,市民の，住民の,high_school,3,2,2,形容詞,2:1372,1
civilize,civilize,word,文明化する，開化させる,文明化する，開化させる,high_school,3,2,2,動詞,2:723,1
classical,classical,word,古典の，古代の,古典の，古代の,high_school,3,2,2,形容詞,2:1021,1
cling,cling,word,くっつく，接着する,くっつく，接着する,high_school,3,2,2,動詞,2:964,1
clip,clip,word,切る，切り取る/クリップ,切る，切り取る/クリップ,high_school,3,2,2,動詞,2:965,1
colleague,colleague,word,同僚，仲間,同僚，仲間,high_school,3,2,2;pre1,名詞,2:1213;pre1:737,2
commissioner,commissioner,word,委員，理事,委員，理事,high_school,3,2,2,名詞,2:1098,1
commit,commit,word,専念，ゆだねる,専念，ゆだねる,high_school,3,2,2;pre1,動詞,2:769;pre1:3057,2
committee,committee,word,委員会，会議,委員会，会議,high_school,3,2,2,名詞,2:1064,1
commodity,commodity,word,商品,商品,high_school,3,2,2;pre1,名詞,2:2003;pre1:1135,2
communist,communist,word,共産主義者，共産党員,共産主義者，共産党員,high_school,3,2,2,名詞,2:1706,1
commute,commute,word,通勤する，取り替える,通勤する，取り替える,high_school,3,2,2;pre1,動詞,2:713;pre1:3084,2
companion,companion,word,仲間，同志,仲間，同志,high_school,3,2,2,名詞,2:1629,1
comparison,comparison,word,比較，対照,比較，対照,high_school,3,2,2,名詞,2:1705,1
compassion,compassion,word,思いやり,思いやり,high_school,3,2,2;pre1,名詞,2:2163;pre1:2045,2
compile,compile,word,編集する,編集する,high_school,3,2,2;pre1,動詞,2:2162;pre1:2036,2
complexity,complexity,word,複雑さ，錯綜さ,複雑さ，錯綜さ,high_school,3,2,2;pre1,名詞,2:1194;pre1:910,2
compliment,compliment,word,褒め言葉,褒め言葉 / 褒め言葉，賞賛，称賛,high_school,1,2,2;pre1;1,名詞,2:2172;pre1:3343;1:1785,3
composition,composition,word,構成，制作,構成，制作,high_school,3,2,2,名詞,2:1151,1
comprehend,comprehend,word,理解する,理解する / 理解する，把握する,high_school,1,2,2;pre1;1,動詞,2:2295;pre1:1276;1:165,3
conceal,conceal,word,隠す,隠す / 隠す，秘密にする,high_school,1,2,2;pre1;1,動詞,2:2069;pre1:582;1:88,3
confess,confess,word,を打ち明ける，白状する,を打ち明ける，白状する,high_school,1,2,2;pre1,動詞,2:796;2:2175;pre1:55,3
confine,confine,word,制限する，限定する,制限する，限定する,high_school,3,2,2;pre1,動詞,2:1283;pre1:3300,2
confirm,confirm,word,確認する，確かめる,確認する，確かめる,high_school,3,2,2,動詞,2:1514,1
conform,conform,word,従う,従う,high_school,3,2,2;pre1,動詞,2:2088;pre1:1882,2
confront,confront,word,直面させる，に立ち向かう,直面させる，に立ち向かう,high_school,3,2,2,動詞,2:1632,1
confusion,confusion,word,混乱，無秩序,混乱，無秩序,high_school,3,2,2,名詞,2:1625,1
connect,connect,word,つなげる，接続する,つなげる，接続する,high_school,3,2,2,動詞,2:1210,1
conquer,conquer,word,征服する,征服する,high_school,3,2,2;pre1,動詞,2:2108;pre1:457,2
consciously,consciously,word,意識的に，故意に,意識的に，故意に,high_school,3,2,2,副詞,2:591,1
consequently,consequently,word,その結果として，それゆえに,その結果として，それゆえに,high_school,3,2,2;pre1,副詞,2:1203;pre1:183,2
conservation,conservation,word,保全，保護,保全，保護,high_school,3,2,2,名詞,2:1645,1
constitute,constitute,word,構成する，組み立てる,構成する，組み立てる,high_school,3,2,2;pre1,動詞,2:1767;pre1:3230,2
constitution,constitution,word,憲法，構成，組織,憲法，構成，組織,high_school,3,2,2,名詞,2:1476,1
container,container,word,容器，入れ物,容器，入れ物,high_school,3,2,2;pre1,名詞,2:651;pre1:115,2
contract,contract,word,契約，協定,契約，協定,high_school,3,2,2;pre1,名詞,2:1852;pre1:3353,2
converse,converse,word,逆の,逆の / 話す,high_school,1,2,2;pre1;1,形容詞,2:2110;pre1:2545;1:2106,3
convict,convict,word,有罪とする,有罪とする / 有罪とする，罪を宣告する,high_school,1,2,2;pre1;1,動詞,2:2028;pre1:1301;1:259,3
cop,cop,word,警官，警察官,警官，警察官,high_school,3,2,2,名詞,2:1760,1
cough,cough,word,咳払いする/咳,咳払いする/咳,high_school,3,2,2,名詞/動詞,2:788,1
counter,counter,word,に対抗する，に立ち向かう,に対抗する，に立ち向かう,high_school,3,2,2,動詞,2:1373,1
cover,cover,word,を覆う，隠す,を覆う，隠す,high_school,3,2,2,動詞,2:1641,1
create,create,word,創造する，考案する,創造する，考案する,high_school,3,2,2,動詞,2:899,1
crew,crew,word,乗組員，船員,乗組員，船員,high_school,3,2,2,名詞,2:1585,1
critic,critic,word,批評家，評論家,批評家，評論家,high_school,3,2,2,名詞,2:1201,1
critics,critics,word,評論家，批評家,評論家，批評家,high_school,3,2,2,名詞,2:520,1
crown,crown,word,王冠，王座,王冠，王座,high_school,3,2,2,名詞,2:1762,1
cruise,cruise,word,巡航する，航行する,巡航する，航行する,high_school,3,2,2,動詞,2:1521,1
cultivate,cultivate,word,耕作する，耕す,耕作する，耕す,high_school,3,2,2;pre1,動詞,2:1225;pre1:3119,2
cure,cure,word,治療する，療養する,治療する，療養する,high_school,3,2,2,動詞,2:1353,1
dare,dare,word,思い切ってする，断行する,思い切ってする，断行する,high_school,3,2,2,動詞,2:1720,1
deaf,deaf,word,耳が不自由な，耳が聞こえない,耳が不自由な，耳が聞こえない,high_school,3,2,2,形容詞,2:890,1
decent,decent,word,まともな,まともな,high_school,3,2,2;pre1,形容詞,2:2032;pre1:1146,2
dedicate,dedicate,word,に専念する，奉納する,に専念する，奉納する,high_school,3,2,2;pre1,動詞,2:654;pre1:1051,2
defend,defend,word,を守る，保護する,を守る，保護する,high_school,3,2,2,動詞,2:482,1
definite,definite,word,明確な，限定的な,明確な，限定的な,high_school,3,2,2,形容詞,2:1923,1
deliberately,deliberately,word,故意に，慎重に,故意に，慎重に,high_school,3,2,2;pre1,副詞,2:1485;pre1:1128,2
delicate,delicate,word,繊細な，きめ細かい,繊細な，きめ細かい,high_school,3,2,2,形容詞,2:662,1
deliver,deliver,word,配達する，届ける,配達する，届ける,high_school,3,2,2,動詞,2:896,1
democratic,democratic,word,民主主義の，民主政治の,民主主義の，民主政治の,high_school,3,2,2,形容詞,2:982,1
dentist,dentist,word,歯医者，歯科医,歯医者，歯科医,high_school,3,2,2,名詞,2:962,1
depress,depress,word,落胆させる，失望させる,落胆させる，失望させる,high_school,3,2,2,動詞,2:1571,1
descend,descend,word,下降する,下降する,high_school,3,2,2;pre1,動詞,2:2157;pre1:393,2
description,description,word,説明書，記述,説明書，記述,high_school,3,2,2,名詞,2:928,1
designate,designate,word,選定する,選定する,high_school,3,2,2;pre1,動詞,2:2022;pre1:2150,2
desirable,desirable,word,望ましい，理想的な,望ましい，理想的な,high_school,3,2,2,形容詞,2:1846,1
destination,destination,word,目的地，行き先,目的地，行き先,high_school,3,2,2;pre1,名詞,2:2021;pre1:271,2
devastate,devastate,word,荒廃させる,荒廃させる,high_school,3,2,2;pre1,動詞,2:2235;pre1:2165,2
devise,devise,word,考え出す，工夫する,考え出す，工夫する,high_school,3,2,2,動詞,2:1447,1
dialect,dialect,word,方言，地域言語,方言，地域言語 / 方言,high_school,3,2,2;pre1,名詞,2:1434;pre1:837,2
differ,differ,word,異なる，違う,異なる，違う,high_school,3,2,2;pre1,動詞,2:774;pre1:308,2
digest,digest,word,要約/消化する,要約/消化する,high_school,3,2,2;pre1,名詞/動詞;名詞,2:701;pre1:443,2
dignity,dignity,word,威厳，尊厳,威厳，尊厳,high_school,3,2,2,名詞,2:1117,1
diminish,diminish,word,減らす，小さくする,減らす，小さくする / 減らす,high_school,3,2,2;pre1,動詞,2:1733;pre1:1012,2
dip,dip,word,少し浸す,少し浸す,high_school,3,2,2;pre1,動詞,2:2113;pre1:637,2
disadvantage,disadvantage,word,不利益，不利な立場，損失,不利益，不利な立場，損失,high_school,3,2,2,名詞,2:800,1
display,display,word,展示する，陳列する,展示する，陳列する,high_school,3,2,2,動詞,2:1417,1
dispute,dispute,word,争議/論争する,争議/論争する,high_school,3,2,2;pre1,名詞;名詞／動詞,2:1683;pre1:3048,2
distinct,distinct,word,他と違った，別の,他と違った，別の,high_school,3,2,2,形容詞,2:1644,1
distort,distort,word,歪める,歪める,high_school,3,2,2;pre1,動詞,2:2005;pre1:1771,2
distract,distract,word,気を散らす，気をそらす,気を散らす，気をそらす,high_school,3,2,2;pre1,動詞,2:864;pre1:1651,2
distributor,distributor,word,卸売業者，問屋,卸売業者，問屋,high_school,3,2,2,名詞,2:583,1
division,division,word,分割，割り当て,分割，割り当て,high_school,3,2,2,名詞,2:1789,1
divorce,divorce,word,離婚/離婚する,離婚/離婚する,high_school,3,2,2,名詞,2:1667,1
dizziness,dizziness,word,めまい，立ち眩み,めまい，立ち眩み,high_school,3,2,2,名詞,2:837,1
dizzy,dizzy,word,めまいがする，ふらふらする,めまいがする，ふらふらする / めまいがする，目が回る,high_school,1,2,2;pre1;1,形容詞,2:504;pre1:1264;1:647,3
document,document,word,書類,書類,high_school,3,2,2,名詞,2:2197,1
documentary,documentary,word,事実を記録した,事実を記録した,high_school,3,2,2;pre1,形容詞,2:2244;pre1:1049,2
domain,domain,word,領地,領地,high_school,3,2,2;pre1,名詞,2:2023;pre1:1464,2
dominate,dominate,word,を支配する，を統制する,を支配する，を統制する,high_school,3,2,2,動詞,2:1543,1
donation,donation,word,寄贈，寄付,寄贈，寄付,high_school,3,2,2;pre1,名詞,2:813;pre1:1210,2
dormitory,dormitory,word,寮，大部屋,寮，大部屋,high_school,3,2,2;pre1,名詞,2:2046;pre1:3321,2
doubtfully,doubtfully,word,疑わしく，怪しい,疑わしく，怪しい,high_school,3,2,2,副詞,2:515,1
drag,drag,word,引っ張る，引きずる,引っ張る，引きずる,high_school,3,2,2,動詞,2:877,1
drought,drought,word,干ばつ,干ばつ,high_school,3,2,2;pre1,名詞,2:2085;pre1:2897,2
drug,drug,word,麻薬，薬,麻薬，薬,high_school,3,2,2,名詞,2:1498,1
earnest,earnest,word,真剣な,真剣な,high_school,3,2,2,形容詞,2:2127,1
economics,economics,word,経済学，財政学,経済学，財政学,high_school,3,2,2,名詞,2:1364,1
editor,editor,word,編集者，論客,編集者，論客,high_school,3,2,2,名詞,2:1894,1
effectively,effectively,word,効果的に，事実上,効果的に，事実上,high_school,3,2,2,副詞,2:1722,1
elaborate,elaborate,word,手の込んだ，複雑な,手の込んだ，複雑な,high_school,3,2,2,形容詞,2:1092,1
electrical,electrical,word,電気の，電気を用いた,電気の，電気を用いた,high_school,3,2,2,形容詞,2:1207,1
elementary,elementary,word,初級の，入門の,初級の，入門の,high_school,3,2,2,形容詞,2:1589,1
eliminate,eliminate,word,を取り除く，を排除する,を取り除く，を排除する,high_school,3,2,2;pre1,動詞,2:1335;pre1:3330,2
embarrassed,embarrassed,word,恥ずかしい,恥ずかしい / 恥ずかしい，照れる,high_school,1,2,2;pre1;1,形容詞,2:2098;pre1:971;1:391,3
emperor,emperor,word,皇帝，天皇,皇帝，天皇,high_school,3,2,2,名詞,2:2096,1
empire,empire,word,帝国，王国,帝国，王国,high_school,3,2,2,名詞,2:1739,1
empty,empty,word,何も入っていない，空っぽの,何も入っていない，空っぽの,high_school,3,2,2,形容詞,2:1746,1
endanger,endanger,word,危険にさらす,危険にさらす,high_school,3,2,2;pre1,動詞,2:2202;pre1:2094,2
endow,endow,word,寄付する,寄付する,high_school,3,2,2;pre1,動詞,2:2159;pre1:2015,2
enrich,enrich,word,豊かにする,豊かにする,high_school,3,2,2;pre1,動詞,2:2152;pre1:1512,2
ensure,ensure,word,を確実にする，を保証する,を確実にする，を保証する,high_school,3,2,2,動詞,2:1020,1
enterprise,enterprise,word,会社，事業,会社，事業,high_school,3,2,2,名詞,2:1787,1
enthusiasm,enthusiasm,word,情熱，熱狂,情熱，熱狂,high_school,3,2,2,名詞,2:1995,1
envy,envy,word,妬み，羨望,妬み，羨望,high_school,3,2,2;pre1,名詞,2:597;pre1:385,2
equality,equality,word,平等さ,平等さ,high_school,3,2,2,名詞,2:2247,1
equivalent,equivalent,word,等しい，同等の,等しい，同等の,high_school,3,2,2;pre1,形容詞,2:1737;pre1:3159,2
era,era,word,時代，世代,時代，世代,high_school,3,2,2;pre1,名詞,2:1158;pre1:213,2
erosion,erosion,word,侵食,侵食,high_school,3,2,2,名詞,2:2121,1
essentially,essentially,word,本質的に，根本的に,本質的に，根本的に,high_school,3,2,2,副詞,2:1481,1
etc,etc,word,等々，などなど,等々，などなど,high_school,3,2,2,名詞,2:1588,1
evident,evident,word,明らかな，明白な,明らかな，明白な,high_school,3,2,2,形容詞,2:1969,1
evoke,evoke,word,呼び起こす,呼び起こす / 呼び起こす，引き起こす,high_school,1,2,2;pre1;1,動詞,2:2122;pre1:2511;1:154,3
evolve,evolve,word,進化する，発展する,進化する，発展する,high_school,3,2,2;pre1,動詞,2:1998;pre1:3314,2
exact,exact,word,ちょうど，正確な,ちょうど，正確な,high_school,3,2,2,形容詞,2:635,1
exaggerate,exaggerate,word,を誇張する，大げさに言う,を誇張する，大げさに言う,high_school,3,2,2;pre1,動詞,2:598;pre1:777,2
excess,excess,word,過剰，超過,過剰，超過,high_school,3,2,2;pre1,名詞,2:993;pre1:3237,2
excessive,excessive,word,過度の，極端な,過度の，極端な,high_school,3,2,2,形容詞,2:1296,1
exclusive,exclusive,word,閉鎖的な,閉鎖的な / 閉鎖的な，内向的な,high_school,1,2,2;pre1;1,形容詞,2:2250;pre1:1083;1:223,3
executive,executive,word,幹部，重役,幹部，重役,high_school,3,2,2,名詞,2:1657,1
exert,exert,word,行使する,行使する,high_school,3,2,2;pre1,動詞,2:2241;pre1:1710,2
exhaust,exhaust,word,疲れ果てさせる，消耗させる,疲れ果てさせる，消耗させる,high_school,3,2,2;pre1,動詞,2:1166;pre1:3299,2
exhibit,exhibit,word,示す，表示する,示す，表示する,high_school,3,2,2,動詞,2:814,1
expect,expect,word,予期する，予想する,予期する，予想する,high_school,3,2,2,動詞,2:921,1
expire,expire,word,期限切れの,期限切れの,high_school,3,2,2;pre1,動詞,2:2118;pre1:2140,2
expired,expired,word,期限切れの，契約の切れた,期限切れの，契約の切れた,high_school,3,2,2,形容詞,2:617,1
explode,explode,word,爆発する，破裂する，激増する,爆発する，破裂する，激増する,high_school,3,2,2,動詞,2:2261,1
explorers,explorers,word,探検家，冒険家,探検家，冒険家,high_school,3,2,2,名詞,2:521,1
explosion,explosion,word,爆発，爆裂,爆発，爆裂,high_school,3,2,2,名詞,2:1352,1
extinct,extinct,word,絶滅した,絶滅した,high_school,3,2,2;pre1,形容詞,2:2103;pre1:2056,2
extract,extract,word,抜き取る,抜き取る / 抜き取る，取り除く,high_school,1,2,2;pre1;1,動詞,2:2016;pre1:1245;1:402,3
eyesight,eyesight,word,視界,視界 / 視界，視野，視力,high_school,3,2,2;pre1,名詞,2:2133;pre1:1779,2
facility,facility,word,施設，手洗い，便利さ,施設，手洗い，便利さ,high_school,3,2,2,名詞,2:1584,1
fame,fame,word,名声,名声,high_school,3,2,2;pre1,名詞,2:2137;pre1:23,2
familiar,familiar,word,見慣れた，よく知られた,見慣れた，よく知られた,high_school,3,2,2,形容詞,2:582,1
famine,famine,word,食料不足,食料不足,high_school,3,2,2;pre1,名詞,2:2100;pre1:803,2
fancy,fancy,word,空想，想像,空想，想像,high_school,3,2,2,名詞,2:1817,1
fare,fare,word,運賃,運賃,high_school,3,2,2;pre1,名詞,2:2233;pre1:184,2
fascinate,fascinate,word,魅了する，魅惑する,魅了する，魅惑する,high_school,3,2,2,動詞,2:1392,1
fatigue,fatigue,word,疲労,疲労,high_school,3,2,2;pre1,名詞,2:2030;pre1:975,2
figure,figure,word,形，姿,形，姿,high_school,3,2,2,名詞,2:872,1
fingerprint,fingerprint,word,指紋,指紋,high_school,3,2,2;pre1,名詞,2:2160;pre1:1682,2
firmly,firmly,word,堅く，確固として,堅く，確固として,high_school,3,2,2,副詞,2:1697,1
flame,flame,word,火炎，炎,火炎，炎,high_school,3,2,2,名詞,2:933,1
forecast,forecast,word,予測する,予測する,high_school,3,2,2;pre1,動詞,2:2039;pre1:412,2
formula,formula,word,式,式,high_school,3,2,2,名詞,2:2249,1
fossil,fossil,word,化石，遺跡,化石，遺跡,high_school,3,2,2;pre1,名詞,2:849;pre1:1363,2
fraction,fraction,word,分数,分数 / 分数，小数,high_school,1,2,2;pre1;1,名詞,2:2068;pre1:1400;1:277,3
fragile,fragile,word,もろい,もろい,high_school,3,2,2;pre1,形容詞,2:2285;pre1:1981,2
fragment,fragment,word,断片,断片,high_school,3,2,2;pre1,名詞,2:2232;pre1:1195,2
friendly,friendly,word,友好的な，親切な,友好的な，親切な,high_school,3,2,2,形容詞,2:1202,1
frown,frown,word,しかめっ面，顔をしかめる,しかめっ面，顔をしかめる,high_school,3,2,2;pre1,名詞/動詞;動詞,2:869;pre1:817,2
fulfill,fulfill,word,満たす，充足する,満たす，充足する,high_school,3,2,2,動詞,2:509,1
fur,fur,word,毛皮，皮毛,毛皮，皮毛,high_school,3,2,2,名詞,2:1506,1
gay,gay,word,同性愛の，同性愛者の,同性愛の，同性愛者の,high_school,3,2,2,形容詞,2:1922,1
gaze,gaze,word,凝視する，じっと見る,凝視する，じっと見る,high_school,3,2,2,動詞,2:1983,1
gear,gear,word,伝動装置，動力伝達装置,伝動装置，動力伝達装置,high_school,3,2,2,名詞,2:1176,1
gene,gene,word,遺伝子，遺因,遺伝子，遺因,high_school,3,2,2,名詞,2:1851,1
generate,generate,word,発生させる，起こす,発生させる，起こす,high_school,3,2,2;pre1,動詞,2:1856;pre1:3383,2
generation,generation,word,世代，年代,世代，年代,high_school,3,2,2,名詞,2:761,1
genetically,genetically,word,遺伝的に，生まれながら,遺伝的に，生まれながら,high_school,3,2,2,副詞,2:572,1
genuine,genuine,word,本物の，純粋な,本物の，純粋な,high_school,3,2,2;pre1,形容詞,2:883;pre1:823,2
germ,germ,word,細菌,細菌,high_school,3,2,2;pre1,名詞,2:2154;pre1:2796,2
girlfriend,girlfriend,word,女友達，女の友人,女友達，女の友人,high_school,3,2,2,名詞,2:1664,1
globe,globe,word,地球，地球体,地球，地球体,high_school,3,2,2,名詞,2:1475,1
goal,goal,word,目標，目的,目標，目的,high_school,3,2,2,名詞,2:1663,1
grace,grace,word,恵み,恵み,high_school,3,2,2;pre1,名詞,2:2004;pre1:85,2
grand,grand,word,壮大な，雄大な,壮大な，雄大な,high_school,3,2,2,形容詞,2:1072,1
grasp,grasp,word,つかむ，把握する,つかむ，把握する,high_school,3,2,2;pre1,動詞,2:1849;pre1:3192,2
grave,grave,word,墓，墓地,墓，墓地,high_school,3,2,2,名詞,2:1795,1
grocery,grocery,word,食料品,食料品,high_school,3,2,2;pre1,名詞,2:2059;pre1:862,2
guide,guide,word,案内人/案内する,案内人/案内する,high_school,3,2,2,名詞,2:1073,1
guilty,guilty,word,有罪の，罪のある,有罪の，罪のある,high_school,3,2,2,形容詞,2:1391,1
handout,handout,word,配布物,配布物 / 配布物，配布資料,high_school,1,2,2;pre1;1,名詞,2:2049;pre1:1827;1:1072,3
harmony,harmony,word,調和，一致,調和，一致,high_school,3,2,2,名詞,2:995,1
harsh,harsh,word,厳しい,厳しい / 厳しい，過酷な,high_school,1,2,2;pre1;1,形容詞,2:2281;pre1:147;1:131,3
hemisphere,hemisphere,word,半球,半球,high_school,3,2,2;pre1,名詞,2:2267;pre1:2186,2
hesitantly,hesitantly,word,躊躇して，もじもじして,躊躇して，もじもじして,high_school,3,2,2,副詞,2:754,1
hesitation,hesitation,word,ためらい，躊躇,ためらい，躊躇,high_school,3,2,2;pre1,名詞,2:911;pre1:1080,2
hierarchy,hierarchy,word,階層,階層 / 階層，階級,high_school,1,2,2;pre1;1,名詞,2:2120;pre1:2300;1:217,3
historian,historian,word,歴史家，史学者,歴史家，史学者,high_school,3,2,2,名詞,2:972,1
honor,honor,word,名誉，特権，栄誉,名誉，特権，栄誉,high_school,3,2,2,名詞,2:1597,1
hospitality,hospitality,word,おもてなし，歓待,おもてなし，歓待,high_school,3,2,2;pre1,名詞,2:674;pre1:1380,2
humble,humble,word,謙虚な,謙虚な,high_school,3,2,2;pre1,形容詞,2:2283;pre1:339,2
humid,humid,word,湿っぽい、湿度の高い,湿っぽい、湿度の高い,high_school,3,2,2;pre1,形容詞,2:2266;pre1:1604,2
humidity,humidity,word,湿度，湿気,湿度，湿気,high_school,3,2,2;pre1,名詞,2:628;pre1:2053,2
hunger,hunger,word,飢え，空腹,飢え，空腹,high_school,3,2,2,名詞,2:1106,1
identical,identical,word,同一の，全く同じの,同一の，全く同じの / 同一の,high_school,3,2,2;pre1,形容詞,2:1654;pre1:1147,2
ignorance,ignorance,word,無知，無学,無知，無学,high_school,3,2,2;pre1,名詞,2:708;pre1:343,2
ill,ill,word,病気で，気分の悪い,病気で，気分の悪い,high_school,3,2,2,形容詞,2:641,1
illustrate,illustrate,word,を説明する，を例示する,を説明する，を例示する,high_school,3,2,2,動詞,2:589,1
illustration,illustration,word,図解，実例,図解，実例,high_school,3,2,2,名詞,2:919,1
immigration,immigration,word,移住，入国管理,移住，入国管理,high_school,3,2,2,名詞,2:946,1
impact,impact,word,影響，衝撃,影響，衝撃,high_school,3,2,2,名詞,2:1356,1
imperial,imperial,word,帝国の,帝国の,high_school,3,2,2;pre1,形容詞,2:2119;pre1:353,2
impose,impose,word,を課す，負わせる,を課す，負わせる,high_school,3,2,2;pre1,動詞,2:725;pre1:3327,2
impossible,impossible,word,不可能な，実現不可能な,不可能な，実現不可能な,high_school,3,2,2,形容詞,2:936,1
impulse,impulse,word,衝動，衝力,衝動，衝力,high_school,3,2,2;pre1,名詞,2:1699;pre1:3017,2
incident,incident,word,出来事，事件,出来事，事件,high_school,3,2,2,名詞,2:716,1
inclined,inclined,word,傾いた，(し)がちで,傾いた，(し)がちで,high_school,3,2,2,形容詞,2:1613,1
inconvenience,inconvenience,word,不便，不自由,不便，不自由,high_school,3,2,2,名詞,2:563,1
increasingly,increasingly,word,ますます，更に,ますます，更に,high_school,3,2,2,副詞,2:1458,1
incredible,incredible,word,信じられない，信じがたい,信じられない，信じがたい,high_school,3,2,2;pre1,形容詞,2:738;pre1:57,2
indigenous,indigenous,word,原産の,原産の / 原産の，原生の,high_school,1,2,2;pre1;1,形容詞,2:2018;pre1:2960;1:518,3
induce,induce,word,誘発する,誘発する,high_school,3,2,2,動詞,2:2065,1
industrialize,industrialize,word,産業化する，工業化する,産業化する，工業化する,high_school,3,2,2,動詞,2:1501,1
inevitable,inevitable,word,避けられない，必然的,避けられない，必然的,high_school,3,2,2,形容詞,2:1990,1
infant,infant,word,乳児，赤ちゃん,乳児，赤ちゃん,high_school,3,2,2;pre1,名詞,2:1428;pre1:276,2
inferior,inferior,word,劣った，劣る,劣った，劣る,high_school,3,2,2,形容詞,2:1967,1
infrastructure,infrastructure,word,基盤,基盤,high_school,3,2,2;pre1,名詞,2:2025;pre1:2389,2
inhabitant,inhabitant,word,居住者，住人,居住者，住人,high_school,3,2,2,名詞,2:1671,1
initial,initial,word,当初の，最初の,当初の，最初の,high_school,3,2,2,形容詞,2:1788,1
injection,injection,word,注射，注入,注射，注入,high_school,3,2,2,名詞,2:2201,1
innocently,innocently,word,無邪気に，素直に,無邪気に，素直に,high_school,3,2,2,副詞,2:803,1
insect,insect,word,昆虫，虫,昆虫，虫,high_school,3,2,2,名詞,2:1437,1
insight,insight,word,洞察，洞察力,洞察，洞察力,high_school,3,2,2,名詞,2:1747,1
insist,insist,word,強く主張する，断言する,強く主張する，断言する,high_school,3,2,2,動詞,2:910,1
inspire,inspire,word,鼓舞する，励ます,鼓舞する，励ます,high_school,3,2,2,動詞,2:873,1
instant,instant,word,瞬間，瞬時,瞬間，瞬時,high_school,3,2,2,名詞,2:1174,1
institution,institution,word,制度，設立,制度，設立,high_school,3,2,2,名詞,2:1583,1
instruct,instruct,word,指示する，教える,指示する，教える,high_school,3,2,2;pre1,動詞,2:677;pre1:92,2
insurance,insurance,word,保険，保障,保険，保障,high_school,3,2,2,名詞,2:760,1
integrate,integrate,word,統合する,統合する / 統合する，一体化する,high_school,1,2,2;pre1;1,動詞,2:2148;pre1:2058;1:145,3
intelligence,intelligence,word,知能，知性,知能，知性,high_school,3,2,2,名詞,2:1686,1
intensive,intensive,word,集中的な，強調の,集中的な，強調の,high_school,3,2,2,形容詞,2:833,1
interfere,interfere,word,に干渉する，介入する,に干渉する，介入する,high_school,3,2,2,動詞,2:1076,1
interrupt,interrupt,word,割り込む，中断する,割り込む，中断する,high_school,3,2,2,動詞,2:666,1
intimate,intimate,word,親密な，密接な,親密な，密接な,high_school,3,2,2,形容詞,2:1448,1
intuition,intuition,word,直感,直感,high_school,3,2,2;pre1,名詞,2:2254;pre1:3225,2
invade,invade,word,侵略する,侵略する,high_school,3,2,2;pre1,動詞,2:2277;pre1:17,2
invention,invention,word,発明，創造,発明，創造,high_school,3,2,2;pre1,名詞,2:711;pre1:166,2
investigate,investigate,word,調査する，研究する,調査する，研究する,high_school,3,2,2,動詞,2:927,1
investment,investment,word,投資，出資,投資，出資,high_school,3,2,2,名詞,2:1765,1
invisible,invisible,word,見えない，不可視な,見えない，不可視な,high_school,3,2,2;pre1,形容詞,2:1452;pre1:3123,2
irrelevant,irrelevant,word,無関係な,無関係な,high_school,3,2,2;pre1,形容詞,2:2158;pre1:2017,2
irrigation,irrigation,word,灌漑,灌漑,high_school,3,2,2;pre1,名詞,2:2262;pre1:2832,2
irritate,irritate,word,イライラさせる，怒らせる,イライラさせる，怒らせる,high_school,3,2,2;pre1,動詞,2:765;pre1:3009,2
isolation,isolation,word,隔離,隔離,high_school,3,2,2;pre1,名詞,2:2071;pre1:964,2
jealously,jealously,word,嫉妬深く，妬み深く,嫉妬深く，妬み深く,high_school,3,2,2,副詞,2:544,1
justify,justify,word,正当化する，合理化する,正当化する，合理化する,high_school,3,2,2;pre1,動詞,2:508;pre1:3354,2
kindergarten,kindergarten,word,幼稚園,幼稚園,high_school,3,2,2,名詞,2:2051,1
laptop,laptop,word,ノートパソコン,ノートパソコン,high_school,3,2,2;pre1,名詞,2:2255;pre1:2303,2
lately,lately,word,最近,最近,high_school,3,2,2;pre1,副詞,2:2290;pre1:16,2
laundry,laundry,word,洗濯物，クリーニング店,洗濯物，クリーニング店 / 洗濯物，洗濯,high_school,3,2,2;pre1,名詞,2:830;pre1:72,2
layer,layer,word,層,層,high_school,3,2,2,名詞,2:2259,1
leak,leak,word,漏れる,漏れる,high_school,3,2,2;pre1,動詞,2:2240;pre1:1075,2
leap,leap,word,飛び跳ねる，飛び越える,飛び跳ねる，飛び越える / 跳ぶ，はねる,high_school,3,2,2,動詞,2:1109;2:1745,2
legal,legal,word,法律の，法的な,法律の，法的な,high_school,3,2,2,形容詞,2:1247,1
leisurely,leisurely,word,のんびりした，気の長い,のんびりした，気の長い / のんびりした，ゆったりした,high_school,3,2,2;1,形容詞,2:669;1:1476,2
lessen,lessen,word,減らす,減らす / 減らす，減少させる,high_school,1,2,2;pre1;1,動詞,2:2044;pre1:1934;1:460,3
liberty,liberty,word,自由，独立,自由，独立,high_school,3,2,2,名詞,2:1268,1
limb,limb,word,手足，四肢,手足，四肢,high_school,3,2,2;pre1,名詞,2:778;pre1:368,2
liquid,liquid,word,液体，流体,液体，流体,high_school,3,2,2,名詞,2:840,1
literally,literally,word,文字通りに，直訳で,文字通りに，直訳で,high_school,3,2,2,副詞,2:1794,1
litter,litter,word,ごみ,ごみ,high_school,3,2,2;pre1,名詞,2:2275;pre1:1955,2
load,load,word,積む/積み荷,積む/積み荷,high_school,3,2,2,動詞,2:1989,1
location,location,word,位置，場所,位置，場所,high_school,3,2,2,名詞,2:805,1
log,log,word,丸太，円木,丸太，円木,high_school,3,2,2,名詞,2:1270,1
logic,logic,word,論理，理論,論理，理論,high_school,3,2,2,名詞,2:1566,1
logical,logical,word,論理的な，論理上の,論理的な，論理上の,high_school,3,2,2,形容詞,2:822,1
lord,lord,word,領主，支配者,領主，支配者,high_school,3,2,2,名詞,2:1238,1
low-income,low-income,word,低収入の,低収入の,high_school,3,2,2,形容詞,2:2239,1
lung,lung,word,肺,肺,high_school,3,2,2,名詞,2:1230,1
magnificent,magnificent,word,壮大な,壮大な,high_school,3,2,2;pre1,形容詞,2:2150;pre1:481,2
major,major,word,専攻科目，主要科目,専攻科目，主要科目,high_school,3,2,2,名詞,2:575,1
maker,maker,word,製造元，製作者,製造元，製作者,high_school,3,2,2,名詞,2:1349,1
mammal,mammal,word,哺乳類,哺乳類,high_school,3,2,2,名詞,2:846,1
manipulate,manipulate,word,操る,操る,high_school,3,2,2;pre1,動詞,2:2010;pre1:2366,2
massive,massive,word,巨大な，大規模な,巨大な，大規模な,high_school,3,2,2,形容詞,2:1845,1
master,master,word,主人，支配人,主人，支配人,high_school,3,2,2,名詞,2:1828,1
masterpiece,masterpiece,word,傑作，名作,傑作，名作,high_school,3,2,2;pre1,名詞,2:891;pre1:993,2
mature,mature,word,成熟した，大人の,成熟した，大人の,high_school,3,2,2,形容詞,2:981,1
means,means,word,手段，方法,手段，方法,high_school,3,2,2,名詞,2:1429,1
medical,medical,word,医学の，医療の,医学の，医療の,high_school,3,2,2,形容詞,2:519,1
medieval,medieval,word,中世の,中世の / 中世の，時代遅れの,high_school,1,2,2;pre1;1,形容詞,2:2126;pre1:521;1:111,3
migrate,migrate,word,移行する，移住する,移行する，移住する,high_school,3,2,2,動詞,2:821,1
mildly,mildly,word,穏やかに，静かに,穏やかに，静かに,high_school,3,2,2,副詞,2:752,1
mindful,mindful,word,気をつけて，注意深く,気をつけて，注意深く,high_school,3,2,2,形容詞,2:735,1
mineral,mineral,word,無機物，非生物,無機物，非生物,high_school,3,2,2,名詞,2:878,1
minimum,minimum,word,最小の，最も小さな,最小の，最も小さな,high_school,3,2,2,形容詞,2:1096,1
ministry,ministry,word,省庁，官庁,省庁，官庁,high_school,3,2,2;pre1,名詞,2:1351;pre1:318,2
minority,minority,word,少数派，少数群,少数派，少数群,high_school,3,2,2,名詞,2:1529,1
modest,modest,word,控えめな,控えめな,high_school,3,2,2;pre1,形容詞,2:2224;pre1:24,2
molecule,molecule,word,分子,分子,high_school,3,2,2;pre1,名詞,2:2196;pre1:1232,2
motive,motive,word,動機，意欲,動機，意欲,high_school,3,2,2,名詞,2:1094,1
mummy,mummy,word,ミイラ，乾燥死体,ミイラ，乾燥死体,high_school,3,2,2;pre1,名詞,2:836;pre1:868,2
Muslim,muslim,word,イスラム教徒，ムスリム,イスラム教徒，ムスリム,high_school,3,2,2,名詞,2:1218,1
mutual,mutual,word,相互の，互いの,相互の，互いの,high_school,3,2,2;pre1,形容詞,2:1377;pre1:3140,2
mystery,mystery,word,神秘的な/神秘,神秘的な/神秘,high_school,3,2,2,名詞,2:1116,1
myth,myth,word,神話，神話伝説,神話，神話伝説,high_school,3,2,2,名詞,2:1087,1
nap,nap,word,昼寝,昼寝,high_school,3,2,2;pre1,名詞,2:2198;pre1:390,2
navy,navy,word,海軍，水軍,海軍，水軍,high_school,3,2,2,名詞,2:1740,1
neat,neat,word,きちんとした,きちんとした / きちんとした，整った,high_school,1,2,2;pre1;1,形容詞,2:2116;pre1:134;1:525,3
needlessly,needlessly,word,不必要に，無用に,不必要に，無用に,high_school,3,2,2,副詞,2:885,1
neglect,neglect,word,を無視する，放っておく,を無視する，放っておく,high_school,3,2,2;pre1,動詞,2:809;pre1:3077,2
nerve,nerve,word,神経，神経線,神経，神経線,high_school,3,2,2,名詞,2:1562,1
newly,newly,word,新たに，最近,新たに，最近,high_school,3,2,2,副詞,2:1751,1
nod,nod,word,うなずく，会釈する,うなずく，会釈する,high_school,3,2,2,動詞,2:1764,1
numerous,numerous,word,多数の，多くの,多数の，多くの,high_school,3,2,2,形容詞,2:994,1
nutrition,nutrition,word,栄養，栄養素,栄養，栄養素,high_school,3,2,2;pre1,名詞,2:2238;pre1:1393,2
obey,obey,word,従う,従う,high_school,3,2,2;pre1,動詞,2:2008;pre1:458,2
objection,objection,word,異議，反対,異議，反対,high_school,3,2,2;pre1,名詞,2:746;pre1:1428,2
objectively,objectively,word,客観的に，冷静に,客観的に，冷静に,high_school,3,2,2,副詞,2:801,1
obligation,obligation,word,義務，責任,義務，責任,high_school,3,2,2,名詞,2:1544,1
obscure,obscure,word,不明瞭な,不明瞭な,high_school,3,2,2;pre1,形容詞,2:2055;pre1:1425,2
obsession,obsession,word,強迫観念,強迫観念,high_school,3,2,2,名詞,2:2007,1
obstacle,obstacle,word,障害，妨害,障害，妨害,high_school,3,2,2;pre1,名詞,2:522;pre1:969,2
odd,odd,word,変な，奇妙な,変な，奇妙な,high_school,3,2,2,形容詞,2:1531,1
offensive,offensive,word,攻撃的な，無礼な,攻撃的な，無礼な,high_school,3,2,2;pre1,形容詞,2:580;pre1:249,2
optimistic,optimistic,word,楽観的な,楽観的な / 楽観的な，前向きな,high_school,1,2,2;pre1;1,形容詞,2:2115;pre1:677;1:352,3
organ,organ,word,臓器,臓器 / 臓器，器官,high_school,1,2,2;pre1;1,名詞,2:2142;pre1:138;1:39,3
organic,organic,word,無農薬の,無農薬の / 無農薬の，有機の,high_school,1,2,2;pre1;1,形容詞,2:2248;pre1:768;1:8,3
originate,originate,word,始まる，起こす,始まる，起こす,high_school,3,2,2,動詞,2:1161,1
output,output,word,生産量，製造量,生産量，製造量,high_school,3,2,2,名詞,2:1012,1
outstanding,outstanding,word,並外れた，目立った,並外れた，目立った,high_school,1,2,2;pre1,形容詞,2:748;2:2256;pre1:140,3
overwhelm,overwhelm,word,圧倒する,圧倒する / 圧倒する，制圧する,high_school,1,2,2;pre1;1,動詞,2:2174;pre1:1211;1:255,3
overwhelming,overwhelming,word,圧倒的な，支配的な,圧倒的な，支配的な,high_school,3,2,2,形容詞,2:1843,1
owe,owe,word,を借りている，借用する,を借りている，借用する,high_school,3,2,2,動詞,2:1617,1
oxygen,oxygen,word,酸素,酸素,high_school,3,2,2;pre1,名詞,2:806;pre1:42,2
painful,painful,word,苦痛な，痛い,苦痛な，痛い,high_school,3,2,2,形容詞,2:1439,1
parallel,parallel,word,平行の，並行の,平行の，並行の,high_school,3,2,2,形容詞,2:1790,1
parliament,parliament,word,議会，国会,議会，国会,high_school,3,2,2,名詞,2:726,1
participant,participant,word,参加者，出席者,参加者，出席者,high_school,3,2,2,名詞,2:538,1
particle,particle,word,分子,分子,high_school,3,2,2;pre1,名詞,2:2149;pre1:574,2
passive,passive,word,受身の，消極的な,受身の，消極的な,high_school,3,2,2;pre1,形容詞,2:1673;pre1:3305,2
pastime,pastime,word,娯楽,娯楽 / 気晴らし,high_school,1,2,2;pre1;1,名詞,2:2151;pre1:480;1:3829,3
patience,patience,word,辛抱強さ，忍耐力,辛抱強さ，忍耐力,high_school,3,2,2,名詞,2:1078,1
payment,payment,word,支払い，支出,支払い，支出,high_school,3,2,2,名詞,2:496,1
peacefully,peacefully,word,平和的に，穏やかに,平和的に，穏やかに,high_school,3,2,2,副詞,2:593,1
peculiar,peculiar,word,奇妙な，変わった,奇妙な，変わった,high_school,3,2,2;pre1,形容詞,2:1575;pre1:3071,2
pedestrian,pedestrian,word,歩行者,歩行者,high_school,3,2,2;pre1,名詞,2:2299;pre1:1785,2
peel,peel,word,皮，表皮,皮，表皮,high_school,3,2,2;pre1,名詞,2:673;pre1:626,2
penetrate,penetrate,word,貫く,貫く,high_school,3,2,2;pre1,動詞,2:2087;pre1:1155,2
perception,perception,word,知覚，認知,知覚，認知,high_school,3,2,2;pre1,名詞,2:1108;pre1:1018,2
permanent,permanent,word,永久の，永遠の,永久の，永遠の,high_school,3,2,2;pre1,形容詞,2:1240;pre1:3283,2
permanently,permanently,word,恒久的に，永遠に,恒久的に，永遠に,high_school,3,2,2,副詞,2:516,1
perspective,perspective,word,見解，見通し,見解，見通し,high_school,3,2,2;pre1,名詞,2:1652;pre1:3122,2
persuasion,persuasion,word,説得，口説き,説得，口説き,high_school,3,2,2;pre1,名詞,2:819;pre1:1431,2
pile,pile,word,積み重ね，累積,積み重ね，累積,high_school,3,2,2,名詞,2:1640,1
pioneer,pioneer,word,開拓者，先駆者,開拓者，先駆者,high_school,3,2,2;pre1,名詞,2:1412;pre1:37,2
pit,pit,word,くぼみ，凹み,くぼみ，凹み,high_school,3,2,2,名詞,2:1861,1
plain,plain,word,簡素な，わかりやすい,簡素な，わかりやすい,high_school,3,2,2,形容詞,2:1400,1
plot,plot,word,話の筋，物語の筋,話の筋，物語の筋,high_school,3,2,2,名詞,2:1496,1
poison,poison,word,毒，毒物,毒，毒物,high_school,3,2,2,名詞,2:645,1
portion,portion,word,部分，一部分,部分，一部分,high_school,3,2,2,名詞,2:1619,1
pose,pose,word,姿勢，体勢,姿勢，体勢,high_school,3,2,2,名詞,2:1942,1
positive,positive,word,自信のある，確信している,自信のある，確信している,high_school,3,2,2,形容詞,2:1734,1
postpone,postpone,word,を延期する，を先送りする,を延期する，を先送りする,high_school,3,2,2;pre1,動詞,2:507;pre1:427,2
practically,practically,word,実質的に，実用的に,実質的に，実用的に,high_school,3,2,2,副詞,2:1091,1
pray,pray,word,祈る，願う,祈る，願う,high_school,3,2,2,動詞,2:1347,1
precede,precede,word,先行する,先行する,high_school,3,2,2;pre1,動詞,2:2031;pre1:1805,2
precious,precious,word,貴重な，大切な,貴重な，大切な,high_school,3,2,2,形容詞,2:553,1
precise,precise,word,正確な，的確な,正確な，的確な,high_school,3,2,2,形容詞,2:851,1
precisely,precisely,word,正確に，精密に,正確に，精密に,high_school,3,2,2,副詞,2:1886,1
predator,predator,word,捕食者,捕食者,high_school,3,2,2;pre1,名詞,2:2094;pre1:2931,2
preference,preference,word,好み，好き,好み，好き,high_school,3,2,2,名詞,2:1791,1
prejudice,prejudice,word,先入観,先入観,high_school,3,2,2;pre1,名詞,2:2076;pre1:3189,2
prey,prey,word,獲物,獲物 / 獲物，捕食対象,high_school,1,2,2;pre1;1,名詞,2:2234;pre1:1008;1:80,3
principal,principal,word,主要な，基本的な,主要な，基本的な,high_school,3,2,2,形容詞,2:815,1
privilege,privilege,word,特権，特典,特権，特典,high_school,3,2,2,名詞,2:1822,1
proceed,proceed,word,進む，始める,進む，始める,high_school,3,2,2,動詞,2:1712,1
produce,produce,word,を生産する，産出する,を生産する，産出する / を生産する，作り出す,high_school,3,2,2,動詞,2:210;2:637,2
product,product,word,製品，商品,製品，商品,high_school,3,2,2,名詞,2:816,1
profession,profession,word,職業，仕事,職業，仕事,high_school,3,2,2,名詞,2:1810,1
profound,profound,word,深い，心からの,深い，心からの / 深い，深遠な,high_school,3,2,2;pre1,形容詞,2:1973;pre1:1577,2
prohibit,prohibit,word,禁じる,禁じる / 禁じる，禁止する,high_school,1,2,2;pre1;1,動詞,2:2246;pre1:517;1:202,3
prolong,prolong,word,延長する,延長する / 延ばす，伸ばす,high_school,1,2,2;pre1;1,動詞,2:2282;pre1:435;1:709,3
pronunciation,pronunciation,word,発音，発声,発音，発声,high_school,3,2,2,名詞,2:710,1
protein,protein,word,タンパク質，タンパク物質,タンパク質，タンパク物質,high_school,3,2,2,名詞,2:1375,1
protocol,protocol,word,儀礼,儀礼 / 外交儀礼,high_school,1,2,2;pre1;1,名詞,2:2242;pre1:2880;1:3770,3
prove,prove,word,を証明する，立証する,を証明する，立証する / を証明する,high_school,3,2,2;pre1,動詞,2:759;pre1:1683,2
provoke,provoke,word,挑発する,挑発する / 挑発する，引き起こす,high_school,1,2,2;pre1;1,動詞,2:2026;pre1:1115;1:97,3
psychology,psychology,word,心理学，精神科学,心理学，精神科学,high_school,3,2,2;pre1,名詞,2:783;pre1:818,2
publicity,publicity,word,宣伝，周知,宣伝，周知,high_school,3,2,2,名詞,2:584,1
publisher,publisher,word,出版社，出版会社,出版社，出版会社,high_school,3,2,2;pre1,名詞,2:502;pre1:827,2
punishment,punishment,word,罰，罰則,罰，罰則,high_school,3,2,2,名詞,2:931,1
pupil,pupil,word,生徒，学生,生徒，学生,high_school,3,2,2,名詞,2:1368,1
pursuit,pursuit,word,追跡，追跡行為,追跡，追跡行為,high_school,3,2,2,名詞,2:1678,1
quantity,quantity,word,量，数値,量，数値,high_school,3,2,2,名詞,2:907,1
racial,racial,word,人種の，民族の,人種の，民族の,high_school,3,2,2,形容詞,2:1912,1
rating,rating,word,評価，鑑定,評価，鑑定,high_school,3,2,2,名詞,2:1829,1
ray,ray,word,光線，放射線,光線，放射線,high_school,3,2,2,名詞,2:1348,1
rear,rear,word,後部の，背後の,後部の，背後の,high_school,3,2,2,形容詞,2:1316,1
reasonable,reasonable,word,理性のある，分別のある,理性のある，分別のある,high_school,3,2,2,形容詞,2:2052,1
recognition,recognition,word,認識，認知,認識，認知,high_school,3,2,2,名詞,2:1245,1
recognize,recognize,word,を認識する，はっきりと知る,を認識する，はっきりと知る,high_school,3,2,2,動詞,2:614,1
reference,reference,word,参照，参考,参照，参考,high_school,3,2,2,名詞,2:1800,1
refuge,refuge,word,避難,避難,high_school,3,2,2;pre1,名詞,2:2286;pre1:623,2
refund,refund,word,払い戻す,払い戻す / 払い戻す，返金する,high_school,3,2,2;1,動詞,2:2153;1:37,2
regardless,regardless,word,にも関わらず，不注意で,にも関わらず，不注意で,high_school,3,2,2,副詞,2:1857,1
regime,regime,word,政権，政府,政権，政府,high_school,3,2,2,名詞,2:1441,1
reinforce,reinforce,word,強化する,強化する,high_school,3,2,2;pre1,動詞,2:2284;pre1:1555,2
relative,relative,word,相対的な，比較上の，親戚,相対的な，比較上の，親戚,high_school,3,2,2,形容詞,2:644,1
reliable,reliable,word,信頼性のある，あてになる,信頼性のある，あてになる,high_school,3,2,2,形容詞,2:545,1
relief,relief,word,安堵，軽減,安堵，軽減,high_school,3,2,2,名詞,2:1467,1
relieve,relieve,word,和らげる，軽減する,和らげる，軽減する,high_school,3,2,2;pre1,動詞,2:968;pre1:3103,2
remote,remote,word,遠い，遠隔の,遠い，遠隔の,high_school,3,2,2,形容詞,2:1735,1
renew,renew,word,を更新する，新しくする,を更新する，新しくする,high_school,3,2,2,動詞,2:620,1
republic,republic,word,共和国，共和制国家,共和国，共和制国家,high_school,3,2,2,名詞,2:1707,1
require,require,word,を必要とする，を要求する,を必要とする，を要求する,high_school,3,2,2,動詞,2:2042,1
reservation,reservation,word,予約，確保,予約，確保,high_school,3,2,2,名詞,2:798,1
resign,resign,word,辞任する,辞任する,high_school,3,2,2;pre1,動詞,2:2057;pre1:664,2
resist,resist,word,抵抗する，反発する,抵抗する，反発する,high_school,3,2,2,動詞,2:1321,1
resolve,resolve,word,解決する，を決心する,解決する，を決心する,high_school,3,2,2;pre1,動詞,2:1324;pre1:3152,2
restrain,restrain,word,抑える,抑える,high_school,3,2,2;pre1,動詞,2:2300;pre1:352,2
retail,retail,word,小売り,小売り,high_school,3,2,2;pre1,名詞,2:2070;pre1:1107,2
retain,retain,word,保持する，持ち続ける,保持する，持ち続ける,high_school,3,2,2,動詞,2:1842,1
retrieve,retrieve,word,取り戻す,取り戻す,high_school,3,2,2;pre1,動詞,2:2212;pre1:2914,2
reuse,reuse,word,を再利用する，再使用する,を再利用する，再使用する,high_school,3,2,2,動詞,2:586,1
reveal,reveal,word,明らかにする,明らかにする,high_school,3,2,2,動詞,2:2216,1
revenge,revenge,word,に復讐する/復讐,に復讐する/復讐,high_school,3,2,2,名詞,2:659,1
revise,revise,word,改訂する,改訂する,high_school,3,2,2;pre1,動詞,2:2111;pre1:1148,2
rid,rid,word,を取り除く，除去する,を取り除く，除去する,high_school,3,2,2,動詞,2:1821,1
ridiculous,ridiculous,word,ばかげている，不合理な,ばかげている，不合理な,high_school,3,2,2;pre1,形容詞,2:844;pre1:719,2
ritual,ritual,word,儀式，式典,儀式，式典,high_school,3,2,2;pre1,名詞,2:1127;pre1:3147,2
roast,roast,word,あぶり焼きにする,あぶり焼きにする,high_school,3,2,2;pre1,動詞,2:2105;pre1:133,2
rude,rude,word,失礼な，無礼な,失礼な，無礼な,high_school,3,2,2,形容詞,2:1126,1
rug,rug,word,じゅうたん，敷き物,じゅうたん，敷き物,high_school,3,2,2;pre1,名詞,2:697;pre1:1780,2
rumor,rumor,word,うわさ,うわさ,high_school,3,2,2,名詞,2:2155,1
sacrifice,sacrifice,word,犠牲，捧げ物,犠牲，捧げ物,high_school,3,2,2;pre1,名詞,2:1446;pre1:3239,2
salty,salty,word,塩辛い,塩辛い,high_school,3,2,2,形容詞,2:2268,1
sanitation,sanitation,word,衛生,衛生 / 衛生，清潔さ,high_school,3,2,2;1,名詞,2:2067;1:942,2
satisfactory,satisfactory,word,満足のいく，充足する,満足のいく，充足する,high_school,3,2,2,形容詞,2:1302,1
savage,savage,word,獰猛な,獰猛な,high_school,3,2,2;pre1,形容詞,2:2130;pre1:1341,2
scar,scar,word,傷跡，痕跡,傷跡，痕跡,high_school,1,2,2;pre1;1,名詞,2:753;pre1:859;1:1190,3
scarce,scarce,word,乏しい,乏しい / 乏しい，不足している,high_school,1,2,2;pre1;1,形容詞,2:2090;pre1:499;1:177,3
scatter,scatter,word,まき散らす，ばらまく,まき散らす，ばらまく,high_school,3,2,2;pre1,動詞,2:1313;pre1:3255,2
scholar,scholar,word,学者，研究者,学者，研究者,high_school,3,2,2,名詞,2:1820,1
scholarship,scholarship,word,奨学金,奨学金,high_school,3,2,2;pre1,名詞,2:2186;pre1:415,2
seat,seat,word,を着席させる/座席,を着席させる/座席,high_school,3,2,2,動詞,2:1045,1
secondhand,secondhand,word,中古の,中古の,high_school,3,2,2;pre1,形容詞,2:2101;pre1:1405,2
seed,seed,word,種子，種,種子，種,high_school,3,2,2,名詞,2:1223,1
select,select,word,を選び出す，を選ぶ,を選び出す，を選ぶ,high_school,3,2,2,動詞,2:1482,1
separation,separation,word,分離，区分,分離，区分,high_school,3,2,2;pre1,名詞,2:585;pre1:763,2
servant,servant,word,使用人，召使,使用人，召使,high_school,3,2,2,名詞,2:1215,1
sewage,sewage,word,下水,下水 / 下水，排水,high_school,3,2,2;1,名詞,2:2220;1:1863,2
shame,shame,word,恥，羞恥,恥，羞恥,high_school,3,2,2,名詞,2:1724,1
shed,shed,word,流す，排出する,流す，排出する,high_school,3,2,2,動詞,2:1190,1
shit,shit,word,大便，便,大便，便,high_school,3,2,2,名詞,2:1835,1
shrink,shrink,word,縮小する,縮小する,high_school,3,2,2;pre1,動詞,2:2195;pre1:495,2
similarity,similarity,word,類似点，相似,類似点，相似,high_school,3,2,2,名詞,2:1103,1
sincere,sincere,word,誠実な,誠実な / 誠実な，真剣な,high_school,1,2,2;pre1;1,形容詞,2:2251;pre1:158;1:192,3
sincerely,sincerely,word,心から，真心こめて,心から，真心こめて,high_school,3,2,2;pre1,副詞,2:790;pre1:33,2
slavery,slavery,word,奴隷制度,奴隷制度,high_school,3,2,2;pre1,名詞,2:2019;pre1:1397,2
smart,smart,word,頭の良い，きちんとした,頭の良い，きちんとした,high_school,3,2,2,形容詞,2:1188,1
snap,snap,word,パチンと鳴らす，カチンと鳴らす,パチンと鳴らす，カチンと鳴らす,high_school,3,2,2,動詞,2:1275,1
sneeze,sneeze,word,くしゃみ/くしゃみをする,くしゃみ/くしゃみをする,high_school,3,2,2;pre1,名詞/動詞;動詞,2:720;pre1:882,2
soak,soak,word,浸す,浸す / 浸す，浸漬する,high_school,1,2,2;pre1;1,動詞,2:2083;pre1:929;1:372,3
soar,soar,word,舞い上がる,舞い上がる,high_school,3,2,2;pre1,動詞,2:2097;pre1:611,2
socially,socially,word,社会的に，社会的観点から,社会的に，社会的観点から,high_school,3,2,2,副詞,2:1343,1
sole,sole,word,単独の,単独の / 単独の，単一の,high_school,1,2,2;pre1;1,形容詞,2:2027;pre1:552;1:509,3
sorrow,sorrow,word,悲しみ,悲しみ,high_school,3,2,2;pre1,名詞,2:2169;pre1:464,2
souvenir,souvenir,word,お土産,お土産,high_school,3,2,2;pre1,名詞,2:2077;pre1:1727,2
sparkle,sparkle,word,閃光,閃光,high_school,3,2,2;pre1,動詞;名詞,2:2229;pre1:504,2
sphere,sphere,word,球，球体,球，球体,high_school,3,2,2;pre1,名詞,2:658;pre1:633,2
spiritual,spiritual,word,精神の，心の,精神の，心の,high_school,3,2,2,形容詞,2:1591,1
spiritually,spiritually,word,精神的に，心の中で,精神的に，心の中で,high_school,3,2,2,副詞,2:794,1
spoil,spoil,word,台無しにする，損なう,台無しにする，損なう,high_school,3,2,2;pre1,動詞,2:1150;pre1:1946,2
spouse,spouse,word,配偶者,配偶者,high_school,3,2,2;pre1,名詞,2:2192;pre1:2007,2
spur,spur,word,刺激,刺激 / 刺激，触発,high_school,1,2,2;pre1;1,名詞,2:2131;pre1:1632;1:142,3
starve,starve,word,飢える,飢える,high_school,3,2,2;pre1,動詞,2:2140;pre1:93,2
steadily,steadily,word,着実に，確実に,着実に，確実に,high_school,3,2,2,副詞,2:1805,1
steady,steady,word,着実な，安定した,着実な，安定した,high_school,3,2,2,形容詞,2:1701,1
stem,stem,word,幹,幹,high_school,3,2,2;pre1,名詞,2:2205;pre1:3062,2
stern,stern,word,厳格な,厳格な / 厳しい，厳格な,high_school,1,2,2;pre1;1,形容詞,2:2035;pre1:748;1:774,3
stiff,stiff,word,硬い,硬い,high_school,3,2,2;pre1,形容詞,2:2062;pre1:173,2
strengthen,strengthen,word,強化する，増強する,強化する，増強する,high_school,3,2,2,動詞,2:706,1
stretch,stretch,word,広がる，拡大する,広がる，拡大する,high_school,3,2,2,動詞,2:1402,1
struggle,struggle,word,もがき苦しむ,もがき苦しむ,high_school,3,2,2,動詞,2:2080,1
stubborn,stubborn,word,頑固な,頑固な / 頑固な，固執する,high_school,1,2,2;pre1;1,形容詞,2:2279;pre1:812;1:524,3
subsequent,subsequent,word,その後の,その後の / その後の，次の,high_school,1,2,2;pre1;1,形容詞,2:2082;pre1:1753;1:12,3
substitute,substitute,word,代用品/代わりに用いる,代用品/代わりに用いる,high_school,3,2,2,名詞,2:672,1
subtle,subtle,word,微妙な，繊細な,微妙な，繊細な,high_school,3,2,2;pre1,形容詞,2:1674;pre1:3110,2
suburb,suburb,word,郊外，近郊,郊外，近郊,high_school,3,2,2,名詞,2:876,1
sue,sue,word,訴える,訴える / 訴える，訴訟を起こす,high_school,1,2,2;pre1;1,動詞,2:2011;pre1:647;1:214,3
summon,summon,word,召喚する,召喚する,high_school,3,2,2;pre1,動詞,2:2297;pre1:807,2
supervisor,supervisor,word,上司,上司 / 上司，長上,high_school,1,2,2;pre1;1,名詞,2:2079;pre1:2323;1:297,3
supplement,supplement,word,補足，追加,補足，追加,high_school,3,2,2;pre1,名詞,2:2084;pre1:930,2
supporter,supporter,word,支援者，後援者,支援者，後援者,high_school,3,2,2,名詞,2:1504,1
suppress,suppress,word,抑える，抑圧する,抑える，抑圧する,high_school,3,2,2;pre1,動詞,2:1634;pre1:3061,2
suspend,suspend,word,つるす,つるす,high_school,3,2,2;pre1,動詞,2:2204;pre1:594,2
suspicious,suspicious,word,疑わしい，怪しい,疑わしい，怪しい,high_school,3,2,2;pre1,形容詞,2:661;pre1:661,2
swallow,swallow,word,を飲み込む，嚥下する,を飲み込む，嚥下する,high_school,3,2,2,動詞,2:1595,1
sweep,sweep,word,掃く，払う,掃く，払う,high_school,3,2,2,動詞,2:1416,1
tale,tale,word,お話，物語,お話，物語,high_school,3,2,2,名詞,2:1276,1
talent,talent,word,才能，能力,才能，能力,high_school,3,2,2,名詞,2:1156,1
tame,tame,word,飼いならす,飼いならす / 飼い慣らされた，家畜化された，馴染む,high_school,1,2,2;pre1;1,動詞,2:2180;pre1:49;1:1789,3
tap,tap,word,軽くたたく，軽く打つ,軽くたたく，軽く打つ,high_school,3,2,2,動詞,2:1046,1
technical,technical,word,技術上の，専門的な,技術上の，専門的な,high_school,3,2,2,形容詞,2:1102,1
telescope,telescope,word,望遠鏡，遠望鏡,望遠鏡，遠望鏡,high_school,3,2,2,名詞,2:1160,1
terribly,terribly,word,ひどく，ものすごく,ひどく，ものすごく,high_school,3,2,2;pre1,副詞,2:856;pre1:27,2
thermometer,thermometer,word,温度計，気温計,温度計，気温計 / 温度計，体温計,high_school,1,2,2;pre1;1,名詞,2:923;pre1:794;1:1193,3
thorough,thorough,word,徹底した,徹底した,high_school,3,2,2;pre1,形容詞,2:2092;pre1:442,2
thrust,thrust,word,突き上げる,突き上げる,high_school,3,2,2;pre1,動詞,2:2048;pre1:3288,2
tide,tide,word,潮，潮流,潮，潮流,high_school,3,2,2,名詞,2:1490,1
tidy,tidy,word,きちんとした,きちんとした / きちんとした，整った,high_school,1,2,2;pre1;1,形容詞,2:2215;pre1:279;1:527,3
tip,tip,word,先，前方,先，前方,high_school,3,2,2,名詞,2:1134,1
toll,toll,word,料金,料金,high_school,3,2,2;pre1,名詞,2:2060;pre1:1770,2
tourism,tourism,word,観光，観覧,観光，観覧,high_school,3,2,2,名詞,2:768,1
toxic,toxic,word,有毒な,有毒な / 有毒な，毒性の，毒のある,high_school,1,2,2;pre1;1,形容詞,2:2243;pre1:2149;1:334,3
tragedy,tragedy,word,悲劇，悲惨な出来事,悲劇，悲惨な出来事,high_school,3,2,2,名詞,2:675,1
trait,trait,word,特性，特色,特性，特色,high_school,3,2,2,名詞,2:999,1
transaction,transaction,word,取引,取引,high_school,3,2,2;pre1,名詞,2:2061;pre1:1073,2
translation,translation,word,翻訳，訳文,翻訳，訳文,high_school,3,2,2,名詞,2:799,1
transportation,transportation,word,交通，輸送,交通，輸送,high_school,3,2,2,名詞,2:611,1
tremble,tremble,word,震える，おののく,震える，おののく,high_school,3,2,2;pre1,動詞,2:881;pre1:1386,2
tremendous,tremendous,word,非常に大きな，極めて大きい,非常に大きな，極めて大きい,high_school,3,2,2,形容詞,2:1060,1
trivial,trivial,word,取るに足らない,取るに足らない,high_school,3,2,2;pre1,形容詞,2:2091;pre1:1302,2
troop,troop,word,群れ，集団,群れ，集団,high_school,3,2,2;pre1,名詞,2:1010;pre1:3105,2
tropical,tropical,word,熱帯の，熱帯気候の,熱帯の，熱帯気候の,high_school,3,2,2,形容詞,2:902,1
tuition,tuition,word,授業料，学費,授業料，学費,high_school,3,2,2;pre1,名詞,2:2291;pre1:2592,2
tumor,tumor,word,腫瘍,腫瘍,high_school,3,2,2;pre1,名詞,2:2045;pre1:2862,2
twin,twin,word,双子，二卵性双生児,双子，二卵性双生児,high_school,3,2,2,名詞,2:1167,1
twist,twist,word,ねじれ，より合わせる,ねじれ，より合わせる,high_school,3,2,2;pre1,名詞/動詞;名詞,2:722;pre1:3162,2
ugly,ugly,word,醜い,醜い / 醜い，見苦しい,high_school,1,2,2;pre1;1,形容詞,2:2222;pre1:60;1:232,3
ultimate,ultimate,word,究極の，最後の,究極の，最後の,high_school,3,2,2,形容詞,2:1159,1
undergo,undergo,word,経験する，体験する,経験する，体験する,high_school,3,2,2;pre1,動詞,2:1811;pre1:3249,2
undertake,undertake,word,引き受ける,引き受ける,high_school,3,2,2;pre1,動詞,2:2171;pre1:840,2
unexpected,unexpected,word,意外な，突然の,意外な，突然の,high_school,3,2,2,形容詞,2:624,1
unlikely,unlikely,word,起こりそうにない，ありそうもない,起こりそうにない，ありそうもない,high_school,3,2,2,形容詞,2:1839,1
unpleasant,unpleasant,word,不愉快な，不快な,不愉快な，不快な,high_school,3,2,2,形容詞,2:1587,1
unusual,unusual,word,珍しい，異常な,珍しい，異常な,high_school,3,2,2,形容詞,2:1369,1
unusually,unusually,word,異常に，めったにないほど,異常に，めったにないほど,high_school,3,2,2,副詞,2:564,1
urge,urge,word,強く促す，早める,強く促す，早める,high_school,3,2,2,動詞,2:1581;2:2093,2
utilize,utilize,word,利用する,利用する,high_school,3,2,2;pre1,動詞,2:2136;pre1:1108,2
utter,utter,word,完全な,完全な,high_school,3,2,2;pre1,形容詞,2:2033;pre1:544,2
vaccine,vaccine,word,ワクチン，予防接種,ワクチン，予防接種,high_school,3,2,2,名詞,2:555,1
vain,vain,word,うぬぼれの強い，自惚れた,うぬぼれの強い，自惚れた / うぬぼれが強い，自惚れた,high_school,1,2,2;pre1;1,形容詞,2:949;pre1:455;1:1261,3
vanish,vanish,word,消える,消える,high_school,3,2,2;pre1,動詞,2:2125;pre1:154,2
verbal,verbal,word,言葉の，語句の,言葉の，語句の,high_school,3,2,2;pre1,形容詞,2:1748;pre1:3310,2
vessel,vessel,word,容器，器,容器，器,high_school,3,2,2;pre1,名詞,2:1074;pre1:3218,2
vice,vice,word,副担当の，代理の,副担当の，代理の / 副,high_school,3,2,2;pre1,形容詞;名詞,2:1469;pre1:2934,2
virtue,virtue,word,徳，道徳,徳，道徳 / 美徳，徳,high_school,3,2,2;pre1,名詞,2:1034;pre1:2942,2
visually,visually,word,視覚的に，目で見て,視覚的に，目で見て,high_school,3,2,2,副詞,2:855,1
vivid,vivid,word,鮮やかな,鮮やかな,high_school,3,2,2;pre1,形容詞,2:2293;pre1:564,2
vocabulary,vocabulary,word,単語，語彙,単語，語彙,high_school,3,2,2,名詞,2:704,1
voluntarily,voluntarily,word,自発的に，自ら進んで,自発的に，自ら進んで,high_school,3,2,2,副詞,2:590,1
vow,vow,word,誓い,誓い,high_school,3,2,2;pre1,名詞,2:2252;pre1:588,2
voyage,voyage,word,航海，航行,航海，航行,high_school,3,2,2,名詞,2:596,1
wage,wage,word,賃金，報酬,賃金，報酬,high_school,3,2,2,名詞,2:1183,1
wan,wan,word,青ざめた，蒼白な,青ざめた，蒼白な / 青白い，元気ない,high_school,3,2,2;1,形容詞,2:1149;1:4252,2
warm,warm,word,暖かい，温暖な,暖かい，温暖な,high_school,3,2,2,形容詞,2:639,1
weigh,weigh,word,重さがある，の重さを量る,重さがある，の重さを量る,high_school,3,2,2,動詞,2:1838,1
welfare,welfare,word,福祉，幸福,福祉，幸福,high_school,3,2,2,名詞,2:663,1
whereas,whereas,word,である一方で，だが一方で,である一方で，だが一方で,high_school,3,2,2,接続詞,2:1280,1
whistle,whistle,word,口笛を吹く，口笛をする,口笛を吹く，口笛をする,high_school,3,2,2,動詞,2:595,1
willing,willing,word,いとわない，快諾する,いとわない，快諾する,high_school,3,2,2,形容詞,2:1179,1
withstand,withstand,word,耐える,耐える,high_school,3,2,2;pre1,動詞,2:2066;pre1:1767,2
yell,yell,word,大声で叫ぶ，大声を出す,大声で叫ぶ，大声を出す,high_school,3,2,2,動詞,2:719,1
abandonment,abandonment,word,放棄，遺棄,放棄，遺棄,exam,3,pre1,pre1,名詞,pre1:1823,1
abbreviate,abbreviate,word,を略する，短縮する,を略する，短縮する,exam,3,pre1,pre1,動詞,pre1:2402,1
abbreviation,abbreviation,word,省略，略語,省略，略語,exam,3,pre1,pre1,名詞,pre1:1743,1
abolition,abolition,word,廃止，撤廃,廃止，撤廃,exam,3,pre1,pre1,名詞,pre1:1866,1
aboriginal,aboriginal,word,先住民の，土着の,先住民の，土着の,exam,3,pre1,pre1,形容詞,pre1:2292,1
abort,abort,word,中絶する，流産する,中絶する，流産する / 中絶する，挫折する,exam,3,pre1,pre1;1,動詞,pre1:2526;1:685,2
abound,abound,word,たくさんいる，多い,たくさんいる，多い,exam,3,pre1,pre1,動詞,pre1:2244,1
abstain,abstain,word,控える，慎む,控える，慎む,exam,3,pre1,pre1;1,動詞,pre1:3005;1:4226,2
abstraction,abstraction,word,抽象的,抽象的,exam,3,pre1,pre1,名詞,pre1:2865,1
absurd,absurd,word,ばかげた，道理に合わない,ばかげた，道理に合わない,exam,3,pre1,pre1,形容詞,pre1:576,1
abundance,abundance,word,豊富,豊富,exam,3,pre1,pre1,名詞,pre1:786,1
abuse,abuse,word,乱用，悪用,乱用，悪用,exam,3,pre1,pre1,名詞,pre1:270,1
abusive,abusive,word,虐待的な，乱用の,虐待的な，乱用の,exam,3,pre1,pre1,形容詞,pre1:1498,1
accelerate,accelerate,word,加速する,加速する,exam,3,pre1,pre1,動詞,pre1:2164,1
accessible,accessible,word,行きやすい，便利な,行きやすい，便利な,exam,3,pre1,pre1;1,形容詞,pre1:1153;1:349,2
acclaim,acclaim,word,称賛する,称賛する,exam,3,pre1,pre1;1,動詞,pre1:2925;1:2240,2
accord,accord,word,一致する，調和する,一致する，調和する,exam,3,pre1,pre1,動詞,pre1:3208,1
accountability,accountability,word,説明責任,説明責任,exam,3,pre1,pre1,名詞,pre1:2941,1
accountant,accountant,word,会計士，会計係,会計士，会計係,exam,3,pre1,pre1,名詞,pre1:1138,1
accounting,accounting,word,会計，計算,会計，計算,exam,3,pre1,pre1;1,名詞,pre1:982;1:31,2
accumulation,accumulation,word,蓄積,蓄積,exam,3,pre1,pre1,名詞,pre1:2066,1
accurately,accurately,word,正確に，綿密に,正確に，綿密に,exam,3,pre1,pre1,副詞,pre1:662,1
accusation,accusation,word,非難，告発,非難，告発,exam,3,pre1,pre1,名詞,pre1:1072,1
accustom,accustom,word,慣れる,慣れる,exam,3,pre1,pre1,動詞,pre1:3306,1
ache,ache,word,痛み,痛み,exam,3,pre1,pre1,名詞,pre1:424,1
acid,acid,word,酸の，酸性の,酸の，酸性の,exam,3,pre1,pre1,形容詞,pre1:3396,1
acoustic,acoustic,word,音響の，聴覚の,音響の，聴覚の,exam,3,pre1,pre1,形容詞,pre1:2664,1
acquisition,acquisition,word,取得,取得,exam,3,pre1,pre1,名詞,pre1:596,1
acquit,acquit,word,無罪宣告する、無罪を証明する,無罪宣告する、無罪を証明する / 無罪宣告する，無罪を証明する,exam,3,pre1,pre1;1,動詞,pre1:3056;1:1507,2
activate,activate,word,作動させる,作動させる,exam,3,pre1,pre1,動詞,pre1:425,1
addiction,addiction,word,中毒性,中毒性,exam,3,pre1,pre1,名詞,pre1:2317,1
addictive,addictive,word,中毒性の、依存性の,中毒性の、依存性の / 中毒性の，依存性の,exam,3,pre1,pre1;1,形容詞,pre1:3016;1:1498,2
adhere,adhere,word,遵守する,遵守する,exam,3,pre1,pre1,動詞,pre1:3371,1
adjacent,adjacent,word,隣接している,隣接している / 隣接している，近接する,exam,3,pre1,pre1;1,形容詞,pre1:2623;1:1432,2
adjective,adjective,word,形容詞，形容する言葉,形容詞，形容する言葉,exam,3,pre1,pre1;1,名詞,pre1:1201;1:1211,2
adjustable,adjustable,word,調整可能な，順応できる,調整可能な，順応できる,exam,3,pre1,pre1,形容詞,pre1:1986,1
adjustment,adjustment,word,調整，調節,調整，調節,exam,3,pre1,pre1,名詞,pre1:316,1
administer,administer,word,を管理する，治める,を管理する，治める,exam,3,pre1,pre1,動詞,pre1:1482,1
administrative,administrative,word,運営の，管理の,運営の，管理の,exam,3,pre1,pre1;1,形容詞,pre1:1025;1:212,2
administrator,administrator,word,管理者，行政官,管理者，行政官,exam,3,pre1,pre1,名詞,pre1:1408,1
admirable,admirable,word,見事な，立派な,見事な，立派な / 見事な，素晴らしい,exam,3,pre1,pre1;1,形容詞,pre1:1411;1:1506,2
admiral,admiral,word,提督，司令官,提督，司令官,exam,3,pre1,pre1,名詞,pre1:1856,1
admiration,admiration,word,感心，賞賛,感心，賞賛,exam,3,pre1,pre1,名詞,pre1:369,1
admonish,admonish,word,訓戒する，警告する,訓戒する，警告する,exam,3,pre1,pre1;1,動詞,pre1:3090;1:653,2
adolescence,adolescence,word,青春期，思春期,青春期，思春期,exam,3,pre1,pre1,名詞,pre1:2216,1
adoption,adoption,word,採用，受け入れ,採用，受け入れ,exam,3,pre1,pre1;1,名詞,pre1:1598;1:160,2
adorable,adorable,word,愛らしい,愛らしい,exam,3,pre1,pre1,形容詞,pre1:3108,1
adore,adore,word,崇拝する，敬愛する,崇拝する，敬愛する,exam,3,pre1,pre1,動詞,pre1:1568,1
adorn,adorn,word,を飾る,を飾る,exam,3,pre1,pre1,動詞,pre1:1662,1
adornment,adornment,word,装飾品,装飾品,exam,3,pre1,pre1,名詞,pre1:2436,1
adventure,adventure,word,冒険,冒険,exam,3,pre1,pre1,名詞,pre1:82,1
adverb,adverb,word,副詞,副詞,exam,3,pre1,pre1,名詞,pre1:1267,1
adverse,adverse,word,反対の，逆の,反対の，逆の,exam,3,pre1,pre1;1,形容詞,pre1:2023;1:222,2
aerial,aerial,word,大気の，空気の,大気の，空気の,exam,3,pre1,pre1,形容詞,pre1:2337,1
aerospace,aerospace,word,航空宇宙,航空宇宙,exam,3,pre1,pre1,名詞,pre1:1961,1
aesthetic,aesthetic,word,美的な,美的な,exam,3,pre1,pre1,形容詞,pre1:2194,1
afar,afar,word,はるか遠くに,はるか遠くに,exam,3,pre1,pre1,副詞,pre1:2405,1
affectionate,affectionate,word,愛情深い，優しい,愛情深い，優しい,exam,3,pre1,pre1,形容詞,pre1:1950,1
affiliate,affiliate,word,連携させる，合併する,連携させる，合併する,exam,3,pre1,pre1,動詞,pre1:2917,1
affirm,affirm,word,を断言する，明言する,を断言する，明言する,exam,3,pre1,pre1,動詞,pre1:1938,1
affirmative,affirmative,word,断定的な，肯定的な,断定的な，肯定的な,exam,3,pre1,pre1,形容詞,pre1:2006,1
afflict,afflict,word,を苦しめる，悩ます,を苦しめる，悩ます,exam,3,pre1,pre1,動詞,pre1:2030,1
affluent,affluent,word,裕福な，富裕な,裕福な，富裕な,exam,3,pre1,pre1;1,形容詞,pre1:2770;1:376,2
afterward,afterward,word,その後,その後,exam,3,pre1,pre1,副詞,pre1:91,1
aggravate,aggravate,word,悪化させる，劣化させる,悪化させる，劣化させる,exam,3,pre1,pre1;1,動詞,pre1:2905;1:494,2
aging,aging,word,老化,老化,exam,3,pre1,pre1,名詞,pre1:2074,1
agitate,agitate,word,を扇動する，揺り動かす,を扇動する，揺り動かす / かき立てる,exam,3,pre1,pre1;1,動詞,pre1:2800;1:3277,2
agitation,agitation,word,動揺,動揺,exam,3,pre1,pre1,名詞,pre1:2168,1
agonize,agonize,word,苦しむ,苦しむ,exam,3,pre1,pre1,動詞,pre1:2232,1
agony,agony,word,激しい苦痛，苦悶,激しい苦痛，苦悶,exam,3,pre1,pre1,名詞,pre1:799,1
aide,aide,word,助力者,助力者,exam,3,pre1,pre1,名詞,pre1:1472,1
aimless,aimless,word,目的のない,目的のない,exam,3,pre1,pre1,形容詞,pre1:3333,1
akin,akin,word,同族の，血族の,同族の，血族の,exam,3,pre1,pre1,形容詞,pre1:2781,1
algebra,algebra,word,代数,代数,exam,3,pre1,pre1,名詞,pre1:1749,1
alienate,alienate,word,を遠ざける,を遠ざける,exam,3,pre1,pre1,動詞,pre1:2881,1
allegation,allegation,word,主張，申し立て,主張，申し立て,exam,3,pre1,pre1,名詞,pre1:2274,1
allege,allege,word,を申し立てる，主張する,を申し立てる，主張する,exam,3,pre1,pre1,動詞,pre1:1836,1
alleged,alleged,word,容疑のある,容疑のある,exam,3,pre1,pre1,形容詞,pre1:2144,1
allegedly,allegedly,word,申し立てによると，主張によると,申し立てによると，主張によると,exam,3,pre1,pre1;1,副詞,pre1:2170;1:421,2
alleviate,alleviate,word,和らげる，軽減する,和らげる，軽減する,exam,3,pre1,pre1;1,動詞,pre1:3030;1:670,2
alleviated,alleviated,word,軽減された,軽減された,exam,3,pre1,pre1,形容詞,pre1:3233,1
alley,alley,word,路地,路地,exam,3,pre1,pre1,名詞,pre1:1121,1
allied,allied,word,同盟を結んでいる，連携している,同盟を結んでいる，連携している,exam,3,pre1,pre1;1,形容詞,pre1:1943;1:520,2
allocate,allocate,word,割り当てる,割り当てる,exam,3,pre1,pre1,動詞,pre1:3309,1
allocation,allocation,word,割り当て，配置,割り当て，配置,exam,3,pre1,pre1,名詞,pre1:2636,1
allot,allot,word,を割り当てる，充当する,を割り当てる，充当する / 割り当てる,exam,3,pre1,pre1;1,動詞,pre1:2408;1:3409,2
almighty,almighty,word,全能の,全能の,exam,3,pre1,pre1,形容詞,pre1:1259,1
alongside,alongside,word,と一緒に，並行して,と一緒に，並行して,exam,3,pre1,pre1;1,副詞,pre1:1102;1:2,2
aloof,aloof,word,離れて，遠ざかって,離れて，遠ざかって,exam,3,pre1,pre1,副詞,pre1:2569,1
altar,altar,word,祭壇,祭壇,exam,3,pre1,pre1,名詞,pre1:1574,1
alteration,alteration,word,変更,変更,exam,3,pre1,pre1,名詞,pre1:3035,1
alternate,alternate,word,代わりの,代わりの,exam,3,pre1,pre1,形容詞,pre1:3121,1
ambassador,ambassador,word,大使,大使,exam,3,pre1,pre1,名詞,pre1:473,1
ambitious,ambitious,word,野心的な，大志を抱く,野心的な，大志を抱く,exam,3,pre1,pre1;1,形容詞,pre1:376;1:302,2
ameliorate,ameliorate,word,改善する,改善する,exam,3,pre1,pre1,動詞,pre1:3272,1
amend,amend,word,を修正する，改良する,を修正する，改良する,exam,3,pre1,pre1,動詞,pre1:1884,1
amiable,amiable,word,愛想が良い，感じが良い,愛想が良い，感じが良い,exam,3,pre1,pre1,形容詞,pre1:2477,1
amicable,amicable,word,友好的な,友好的な,exam,3,pre1,pre1,形容詞,pre1:3049,1
amid,amid,word,真ん中に，の中に,真ん中に，の中に,exam,3,pre1,pre1,前置詞,pre1:2052,1
ammunition,ammunition,word,弾薬,弾薬,exam,3,pre1,pre1,名詞,pre1:3101,1
amnesty,amnesty,word,恩赦,恩赦,exam,3,pre1,pre1,名詞,pre1:3319,1
ample,ample,word,広大な，広い,広大な，広い,exam,3,pre1,pre1,形容詞,pre1:1039,1
amplify,amplify,word,を拡大する，増大する,を拡大する，増大する,exam,3,pre1,pre1,動詞,pre1:2631,1
analogous,analogous,word,類似している,類似している / 類似の，似ている,exam,3,pre1,pre1;1,形容詞,pre1:2407;1:1275,2
analogy,analogy,word,類似,類似,exam,3,pre1,pre1,名詞,pre1:2259,1
anarchy,anarchy,word,無秩序，無政府状態,無秩序，無政府状態 / 無秩序，混沌,exam,3,pre1,pre1;1,名詞,pre1:2829;1:1829,2
anatomy,anatomy,word,解剖学,解剖学,exam,3,pre1,pre1,名詞,pre1:2110,1
anecdote,anecdote,word,逸話,逸話,exam,3,pre1,pre1,名詞,pre1:2476,1
anguish,anguish,word,苦悩，苦悶,苦悩，苦悶,exam,3,pre1,pre1,名詞,pre1:1962,1
annotation,annotation,word,注釈,注釈,exam,3,pre1,pre1;1,名詞,pre1:3391;1:3271,2
anonymous,anonymous,word,匿名の，不明の,匿名の，不明の,exam,3,pre1,pre1,形容詞,pre1:1676,1
anthem,anthem,word,賛歌，賛美歌,賛歌，賛美歌,exam,3,pre1,pre1;1,名詞,pre1:3069;1:1901,2
anticipate,anticipate,word,を期待する，予想する,を期待する，予想する,exam,3,pre1,pre1,動詞,pre1:602,1
anticipation,anticipation,word,期待，予想,期待，予想,exam,3,pre1,pre1,名詞,pre1:927,1
antique,antique,word,骨董の，古風な,骨董の，古風な,exam,3,pre1,pre1,形容詞,pre1:407,1
anyhow,anyhow,word,どうしても，なんとしても,どうしても，なんとしても,exam,3,pre1,pre1,副詞,pre1:234,1
apathy,apathy,word,無関心，無感動,無関心，無感動 / 無関心,exam,3,pre1,pre1;1,名詞,pre1:2423;1:3238,2
ape,ape,word,類人猿，大猿,類人猿，大猿,exam,3,pre1,pre1;1,名詞,pre1:1354;1:174,2
apiece,apiece,word,各自で,各自で / 一つに付き,exam,3,pre1,pre1;1,副詞,pre1:2888;1:2252,2
apparatus,apparatus,word,器具，装置,器具，装置,exam,3,pre1,pre1,名詞,pre1:853,1
appetizer,appetizer,word,前菜,前菜,exam,3,pre1,pre1,名詞,pre1:1706,1
applaud,applaud,word,拍手する,拍手する,exam,3,pre1,pre1,動詞,pre1:1176,1
appliance,appliance,word,家電，電化製品,家電，電化製品,exam,3,pre1,pre1,名詞,pre1:3243,1
applicable,applicable,word,該当する,該当する,exam,3,pre1,pre1,形容詞,pre1:1736,1
appreciation,appreciation,word,感謝，称賛,感謝，称賛,exam,3,pre1,pre1;1,名詞,pre1:558;1:112,2
apprehend,apprehend,word,を逮捕する,を逮捕する / 捕らえる，捕獲する,exam,3,pre1,pre1;1,動詞,pre1:2911;1:1344,2
apprehension,apprehension,word,気遣い、不安、配慮や心配,気遣い、不安、配慮や心配 / 気遣い，不安，配慮や心配,exam,3,pre1,pre1;1,名詞,pre1:3240;1:1691,2
apprentice,apprentice,word,見習い,見習い,exam,3,pre1,pre1,名詞,pre1:1756,1
approximate,approximate,word,およその,およその,exam,3,pre1,pre1,形容詞,pre1:1790,1
aptitude,aptitude,word,素質，才能,素質，才能 / 適性,exam,3,pre1,pre1;1,名詞,pre1:2398;1:3384,2
aquatic,aquatic,word,水生の，水の,水生の，水の / 水生の，水中の,exam,3,pre1,pre1;1,形容詞,pre1:2534;1:602,2
arc,arc,word,円弧，孤,円弧，孤,exam,3,pre1,pre1,名詞,pre1:460,1
archaeological,archaeological,word,考古学の，古典的な,考古学の，古典的な / 考古学の,exam,3,pre1,pre1;1,形容詞,pre1:186;1:11,2
archaic,archaic,word,古風な，すたれた,古風な，すたれた,exam,3,pre1,pre1,形容詞,pre1:2250,1
architectural,architectural,word,建築の,建築の,exam,3,pre1,pre1,形容詞,pre1:1140,1
archive,archive,word,書庫，保存場所,書庫，保存場所,exam,3,pre1,pre1,名詞,pre1:3335,1
arduous,arduous,word,骨の折れる，困難な,骨の折れる，困難な,exam,3,pre1,pre1;1,形容詞,pre1:3216;1:743,2
arena,arena,word,舞台，闘技場,舞台，闘技場,exam,3,pre1,pre1,名詞,pre1:505,1
aristocrat,aristocrat,word,貴族,貴族,exam,3,pre1,pre1,名詞,pre1:3166,1
aristocratic,aristocratic,word,貴族の,貴族の,exam,3,pre1,pre1,形容詞,pre1:2145,1
arithmetic,arithmetic,word,算数,算数 / 算数，算術，計算,exam,3,pre1,pre1;1,名詞,pre1:716;1:1932,2
armament,armament,word,武装,武装,exam,3,pre1,pre1,名詞,pre1:3179,1
arouse,arouse,word,を起こす，喚起する,を起こす，喚起する,exam,3,pre1,pre1,動詞,pre1:1656,1
array,array,word,整列させる，並べる,整列させる，並べる,exam,3,pre1,pre1;1,動詞,pre1:2111;1:252,2
arrogance,arrogance,word,傲慢,傲慢,exam,3,pre1,pre1,名詞,pre1:2330,1
articulate,articulate,word,明確にする,明確にする,exam,3,pre1,pre1,動詞,pre1:2955,1
artifact,artifact,word,遺物，工芸品,遺物，工芸品,exam,3,pre1,pre1,名詞,pre1:3344,1
artisan,artisan,word,職人,職人,exam,3,pre1,pre1,名詞,pre1:2175,1
ascent,ascent,word,上昇,上昇 / 上昇，昇格,exam,3,pre1,pre1;1,名詞,pre1:1325;1:1817,2
ascertain,ascertain,word,を確かめる,を確かめる,exam,3,pre1,pre1,動詞,pre1:2289,1
ascribe,ascribe,word,のせいにする，責任を転嫁する,のせいにする，責任を転嫁する,exam,3,pre1,pre1;1,動詞,pre1:3091;1:1291,2
ashtray,ashtray,word,灰皿,灰皿,exam,3,pre1,pre1,名詞,pre1:361,1
aspire,aspire,word,熱望する，憧れる,熱望する，憧れる,exam,3,pre1,pre1,動詞,pre1:2047,1
assassin,assassin,word,暗殺者，刺客,暗殺者，刺客,exam,3,pre1,pre1,名詞,pre1:2682,1
assassinate,assassinate,word,を暗殺する,を暗殺する,exam,3,pre1,pre1,動詞,pre1:2240,1
assert,assert,word,主張する，主意を表す,主張する，主意を表す,exam,3,pre1,pre1;1,動詞,pre1:289;1:426,2
assertive,assertive,word,断定的な,断定的な,exam,3,pre1,pre1;1,形容詞,pre1:2588;1:3077,2
assimilate,assimilate,word,吸収する，同化する，取り込む,吸収する，同化する，取り込む,exam,3,pre1,pre1;1,動詞,pre1:2454;1:537,2
assorted,assorted,word,盛り合わせの,盛り合わせの,exam,3,pre1,pre1,形容詞,pre1:2260,1
assurance,assurance,word,保証，請け合い,保証，請け合い,exam,3,pre1,pre1,名詞,pre1:894,1
asteroid,asteroid,word,小惑星,小惑星 / 小惑星，アステロイド,exam,3,pre1,pre1;1,名詞,pre1:3262;1:1034,2
astray,astray,word,道に迷って,道に迷って,exam,3,pre1,pre1,副詞,pre1:2554,1
astronomer,astronomer,word,天文学者,天文学者,exam,3,pre1,pre1,名詞,pre1:1019,1
astronomy,astronomy,word,天文学,天文学,exam,3,pre1,pre1,名詞,pre1:1382,1
athletic,athletic,word,競技の，運動家の,競技の，運動家の,exam,3,pre1,pre1,形容詞,pre1:445,1
atlas,atlas,word,地図帳,地図帳,exam,3,pre1,pre1,名詞,pre1:165,1
atom,atom,word,原子，微小分子,原子，微小分子,exam,3,pre1,pre1,名詞,pre1:156,1
atop,atop,word,頂上に，の上に,頂上に，の上に,exam,3,pre1,pre1,副詞,pre1:2983,1
attain,attain,word,を達成する，獲得する,を達成する，獲得する,exam,3,pre1,pre1,動詞,pre1:508,1
attainment,attainment,word,達成，到達,達成，到達,exam,3,pre1,pre1,名詞,pre1:2266,1
attendance,attendance,word,出席，参列,出席，参列,exam,3,pre1,pre1,名詞,pre1:976,1
attendant,attendant,word,付き添い，付随,付き添い，付随,exam,3,pre1,pre1,名詞,pre1:679,1
attentive,attentive,word,注意深い,注意深い,exam,3,pre1,pre1;1,形容詞,pre1:1002;1:2070,2
attest,attest,word,を証明する,を証明する,exam,3,pre1,pre1,動詞,pre1:2900,1
attic,attic,word,屋根裏,屋根裏,exam,3,pre1,pre1,名詞,pre1:2010,1
audacity,audacity,word,大胆さ,大胆さ,exam,3,pre1,pre1;1,名詞,pre1:3280;1:3258,2
audible,audible,word,聞くことのできる,聞くことのできる,exam,3,pre1,pre1,形容詞,pre1:3185,1
audit,audit,word,監査，会計検査,監査，会計検査,exam,3,pre1,pre1,名詞,pre1:2092,1
auditor,auditor,word,監査人,監査人,exam,3,pre1,pre1,名詞,pre1:3114,1
auditorium,auditorium,word,講堂,講堂,exam,3,pre1,pre1,名詞,pre1:3373,1
austere,austere,word,厳格な、厳重な,厳格な、厳重な / 厳格な，厳重な,exam,3,pre1,pre1;1,形容詞,pre1:3223;1:1391,2
authentic,authentic,word,本物の，信頼できる,本物の，信頼できる,exam,3,pre1,pre1,形容詞,pre1:2082,1
authorize,authorize,word,許可する,許可する,exam,3,pre1,pre1,動詞,pre1:1215,1
autograph,autograph,word,署名，サイン,署名，サイン,exam,3,pre1,pre1,名詞,pre1:3213,1
autonomy,autonomy,word,自治，自主性,自治，自主性,exam,3,pre1,pre1,名詞,pre1:2135,1
avail,avail,word,利用する,利用する,exam,3,pre1,pre1,動詞,pre1:1765,1
availability,availability,word,可用性，利用可能性,可用性，利用可能性,exam,3,pre1,pre1;1,名詞,pre1:2993;1:316,2
avalanche,avalanche,word,雪崩,雪崩,exam,3,pre1,pre1,名詞,pre1:2834,1
avert,avert,word,を逸らす，避ける,を逸らす，避ける,exam,3,pre1,pre1,動詞,pre1:2745,1
aviation,aviation,word,航空，飛行,航空，飛行,exam,3,pre1,pre1,名詞,pre1:2304,1
await,await,word,を待つ,を待つ,exam,3,pre1,pre1,動詞,pre1:327,1
awfully,awfully,word,ひどく，恐ろしく,ひどく，恐ろしく,exam,3,pre1,pre1,副詞,pre1:387,1
axis,axis,word,軸,軸,exam,3,pre1,pre1,名詞,pre1:3065,1
bachelor,bachelor,word,独身男性，未婚男性,独身男性，未婚男性,exam,3,pre1,pre1,名詞,pre1:1944,1
backyard,backyard,word,裏庭,裏庭,exam,3,pre1,pre1,名詞,pre1:132,1
bacteria,bacteria,word,細菌,細菌,exam,3,pre1,pre1,名詞,pre1:1351,1
baggage,baggage,word,荷物，手荷物,荷物，手荷物,exam,3,pre1,pre1,名詞,pre1:210,1
bail,bail,word,保釈，保釈金,保釈，保釈金,exam,3,pre1,pre1,名詞,pre1:2212,1
bait,bait,word,えさ,えさ,exam,3,pre1,pre1,名詞,pre1:1745,1
bald,bald,word,禿げた,禿げた,exam,3,pre1,pre1,形容詞,pre1:1197,1
ballot,ballot,word,投票用紙，選挙票,投票用紙，選挙票,exam,3,pre1,pre1;1,名詞,pre1:1699;1:491,2
bandage,bandage,word,包帯，絆創膏，ガーゼ,包帯，絆創膏，ガーゼ,exam,3,pre1,pre1;1,名詞,pre1:90;1:370,2
banish,banish,word,を流刑にする，追放する,を流刑にする，追放する,exam,3,pre1,pre1,動詞,pre1:1228,1
bankrupt,bankrupt,word,破産,破産,exam,3,pre1,pre1,形容詞,pre1:3352,1
barbarian,barbarian,word,野蛮人，未開の人々,野蛮人，未開の人々,exam,3,pre1,pre1,名詞,pre1:1809,1
bark,bark,word,吠える/木の皮,吠える/木の皮,exam,3,pre1,pre1,動詞/名詞,pre1:13,1
barn,barn,word,物置，納屋,物置，納屋,exam,3,pre1,pre1,名詞,pre1:774,1
baron,baron,word,男爵,男爵,exam,3,pre1,pre1,名詞,pre1:1999,1
barrel,barrel,word,樽,樽,exam,3,pre1,pre1,名詞,pre1:3093,1
barren,barren,word,実を結ばない，結果を出さない,実を結ばない，結果を出さない,exam,3,pre1,pre1;1,形容詞,pre1:2027;1:322,2
barter,barter,word,物々交換する,物々交換する,exam,3,pre1,pre1,動詞,pre1:2568,1
batch,batch,word,ひとまとめ,ひとまとめ,exam,3,pre1,pre1,名詞,pre1:600,1
beak,beak,word,くちばし,くちばし,exam,3,pre1,pre1,名詞,pre1:1284,1
beard,beard,word,ひげ，あごひげ,ひげ，あごひげ,exam,3,pre1,pre1,名詞,pre1:244,1
beckon,beckon,word,手招きする,手招きする / 手招きする，招く,exam,3,pre1,pre1;1,動詞,pre1:3276;1:859,2
beggar,beggar,word,乞食，物乞い,乞食，物乞い / 乞食,exam,3,pre1,pre1;1,名詞,pre1:102;1:2488,2
behavioral,behavioral,word,行動上の，行動の,行動上の，行動の,exam,3,pre1,pre1;1,形容詞,pre1:2391;1:66,2
bellybutton,bellybutton,word,へそ，へその緒がついていた傷痕,へそ，へその緒がついていた傷痕,exam,3,pre1,pre1,名詞,pre1:1439,1
bestow,bestow,word,を授ける，与える,を授ける，与える,exam,3,pre1,pre1,動詞,pre1:1695,1
betrayal,betrayal,word,裏切り，密告,裏切り，密告,exam,3,pre1,pre1,名詞,pre1:1336,1
beware,beware,word,用心する，気を付ける,用心する，気を付ける,exam,3,pre1,pre1,動詞,pre1:1781,1
bewilder,bewilder,word,当惑させる,当惑させる,exam,3,pre1,pre1,動詞,pre1:1974,1
bias,bias,word,偏見，先入観,偏見，先入観,exam,3,pre1,pre1;1,名詞,pre1:1587;1:59,2
bid,bid,word,入札する,入札する,exam,3,pre1,pre1,動詞,pre1:3308,1
bilingual,bilingual,word,二ヶ国語話者,二ヶ国語話者,exam,3,pre1,pre1,名詞,pre1:1023,1
bimonthly,bimonthly,word,隔月の,隔月の,exam,3,pre1,pre1,形容詞,pre1:1672,1
bin,bin,word,容器,容器,exam,3,pre1,pre1,名詞,pre1:2439,1
biography,biography,word,伝記,伝記,exam,3,pre1,pre1,名詞,pre1:945,1
bizarre,bizarre,word,奇妙な，異様な,奇妙な，異様な,exam,3,pre1,pre1,形容詞,pre1:2777,1
blank,blank,word,白紙の，空白の,白紙の，空白の,exam,3,pre1,pre1,形容詞,pre1:50,1
blatant,blatant,word,露骨な，あからさまな,露骨な，あからさまな,exam,3,pre1,pre1;1,形容詞,pre1:3378;1:563,2
blaze,blaze,word,火炎，炎,火炎，炎,exam,3,pre1,pre1,名詞,pre1:830,1
bleach,bleach,word,を漂白する,を漂白する,exam,3,pre1,pre1,動詞,pre1:1406,1
bleak,bleak,word,吹きさらしの，荒涼とした,吹きさらしの，荒涼とした,exam,3,pre1,pre1;1,形容詞,pre1:2022;1:149,2
blend,blend,word,を混ぜ合わせる，を混ぜる,を混ぜ合わせる，を混ぜる,exam,3,pre1,pre1,動詞,pre1:69,1
bless,bless,word,を祝福する，に授ける,を祝福する，に授ける,exam,3,pre1,pre1,動詞,pre1:196,1
bliss,bliss,word,至福，極楽,至福，極楽,exam,3,pre1,pre1;1,名詞,pre1:1716;1:396,2
blister,blister,word,水膨れ、水疱,水膨れ、水疱 / 水膨れ，水疱,exam,3,pre1,pre1;1,名詞,pre1:3153;1:1763,2
blizzard,blizzard,word,猛吹雪,猛吹雪,exam,3,pre1,pre1,名詞,pre1:2638,1
blot,blot,word,しみ，汚れ,しみ，汚れ,exam,3,pre1,pre1,名詞,pre1:1392,1
blueprint,blueprint,word,青写真,青写真,exam,3,pre1,pre1,名詞,pre1:999,1
blunt,blunt,word,鈍い,鈍い,exam,3,pre1,pre1,形容詞,pre1:1455,1
blur,blur,word,しみ，汚れ,しみ，汚れ,exam,3,pre1,pre1,名詞,pre1:2298,1
blurry,blurry,word,ぼやけた,ぼやけた,exam,3,pre1,pre1;1,形容詞,pre1:2972;1:3787,2
boast,boast,word,自慢する，誇示する,自慢する，誇示する,exam,3,pre1,pre1;1,動詞,pre1:88;1:319,2
boastful,boastful,word,自慢の，高慢な,自慢の，高慢な,exam,3,pre1,pre1,形容詞,pre1:1900,1
bog,bog,word,沼地,沼地,exam,3,pre1,pre1;1,名詞,pre1:2475;1:3221,2
bondage,bondage,word,緊縛，縛り,緊縛，縛り,exam,3,pre1,pre1,名詞,pre1:2625,1
bonfire,bonfire,word,たき火,たき火,exam,3,pre1,pre1,名詞,pre1:2442,1
boon,boon,word,恩恵,恩恵,exam,3,pre1,pre1;1,名詞,pre1:2708;1:2451,2
bore,bore,word,退屈させる，うんざりさせる,退屈させる，うんざりさせる,exam,3,pre1,pre1,動詞,pre1:217,1
boredom,boredom,word,退屈,退屈,exam,3,pre1,pre1,名詞,pre1:555,1
bosom,bosom,word,乳房，胸,乳房，胸,exam,3,pre1,pre1,名詞,pre1:1777,1
botanical,botanical,word,植物の,植物の,exam,3,pre1,pre1,形容詞,pre1:1463,1
botanist,botanist,word,植物学者，植物研究者,植物学者，植物研究者,exam,3,pre1,pre1;1,名詞,pre1:2841;1:482,2
botany,botany,word,植物学,植物学,exam,3,pre1,pre1,名詞,pre1:2088,1
bough,bough,word,大きな枝,大きな枝,exam,3,pre1,pre1,名詞,pre1:1929,1
boulder,boulder,word,丸石,丸石,exam,3,pre1,pre1,名詞,pre1:2798,1
boulevard,boulevard,word,大通り,大通り,exam,3,pre1,pre1,名詞,pre1:2605,1
bounce,bounce,word,跳ねる，はずむ,跳ねる，はずむ,exam,3,pre1,pre1,動詞,pre1:998,1
bound,bound,word,跳ねる，跳ね返る,跳ねる，跳ね返る,exam,3,pre1,pre1,動詞,pre1:236,1
bout,bout,word,試合，競技,試合，競技,exam,3,pre1,pre1;1,名詞,pre1:3044;1:32,2
brace,brace,word,支える,支える,exam,3,pre1,pre1,動詞,pre1:1958,1
brag,brag,word,自慢,自慢,exam,3,pre1,pre1,動詞,pre1:3296,1
bran,bran,word,ぬか,ぬか / ふすま，ぬか,exam,3,pre1,pre1;1,名詞,pre1:2869;1:2393,2
breach,breach,word,違反,違反,exam,3,pre1,pre1,名詞,pre1:1996,1
breakthrough,breakthrough,word,突破口,突破口,exam,3,pre1,pre1,名詞,pre1:2307,1
brew,brew,word,醸造する,醸造する,exam,3,pre1,pre1,動詞,pre1:1957,1
bribe,bribe,word,賄賂,賄賂 / 賄賂，贈賄,exam,3,pre1,pre1;1,名詞,pre1:1254;1:1074,2
bribery,bribery,word,賄賂の授受，贈収賄,賄賂の授受，贈収賄,exam,3,pre1,pre1;1,名詞,pre1:1969;1:15,2
brightly,brightly,word,明るく，輝いて,明るく，輝いて,exam,3,pre1,pre1,副詞,pre1:5,1
brilliance,brilliance,word,明るさ，光沢,明るさ，光沢,exam,3,pre1,pre1,名詞,pre1:1331,1
brim,brim,word,へり，ふち,へり，ふち,exam,3,pre1,pre1,名詞,pre1:922,1
brink,brink,word,瀬戸際，切羽詰まった状態,瀬戸際，切羽詰まった状態,exam,3,pre1,pre1;1,名詞,pre1:2035;1:323,2
brisk,brisk,word,活発な，元気の良い,活発な，元気の良い,exam,3,pre1,pre1,形容詞,pre1:1915,1
brochure,brochure,word,小冊子,小冊子,exam,3,pre1,pre1,名詞,pre1:1584,1
broom,broom,word,ほうき,ほうき / ほうき，掃除道具,exam,3,pre1,pre1;1,名詞,pre1:1416;1:1035,2
browse,browse,word,拾い読みする，一部読む,拾い読みする，一部読む,exam,3,pre1,pre1;1,動詞,pre1:2910;1:278,2
brutal,brutal,word,残忍な，残酷な,残忍な，残酷な,exam,3,pre1,pre1,形容詞,pre1:566,1
bud,bud,word,つぼみ,つぼみ,exam,3,pre1,pre1,名詞,pre1:436,1
buddy,buddy,word,相棒，仲間,相棒，仲間,exam,3,pre1,pre1,名詞,pre1:2096,1
buffer,buffer,word,緩衝，緩和,緩衝，緩和,exam,3,pre1,pre1;1,名詞,pre1:3394;1:956,2
bug,bug,word,虫，故障,虫，故障,exam,3,pre1,pre1,名詞,pre1:756,1
bulk,bulk,word,大きさ，かさ,大きさ，かさ,exam,3,pre1,pre1,名詞,pre1:625,1
bulky,bulky,word,かさばった，嵩高な,かさばった，嵩高な,exam,3,pre1,pre1;1,形容詞,pre1:1953;1:2153,2
bump,bump,word,こぶ，衝突,こぶ，衝突,exam,3,pre1,pre1,名詞,pre1:705,1
bundle,bundle,word,束，一揃い,束，一揃い / 束，一揃い，一組,exam,3,pre1,pre1;1,名詞,pre1:3389;1:1784,2
bureaucracy,bureaucracy,word,官僚，官僚制度,官僚，官僚制度,exam,3,pre1,pre1,名詞,pre1:1628,1
burglary,burglary,word,強盗，住宅侵入,強盗，住宅侵入,exam,3,pre1,pre1;1,名詞,pre1:2178;1:1098,2
bush,bush,word,茂み，低木,茂み，低木,exam,3,pre1,pre1,名詞,pre1:172,1
butcher,butcher,word,肉屋,肉屋,exam,3,pre1,pre1,名詞,pre1:336,1
butler,butler,word,執事,執事,exam,3,pre1,pre1,名詞,pre1:2661,1
buzz,buzz,word,ざわめく,ざわめく,exam,3,pre1,pre1,動詞,pre1:1280,1
bystander,bystander,word,傍観者，見物人,傍観者，見物人 / 傍観者,exam,3,pre1,pre1;1,名詞,pre1:3094;1:1918,2
cactus,cactus,word,サボテン,サボテン,exam,3,pre1,pre1,名詞,pre1:627,1
cage,cage,word,かご，おり,かご，おり,exam,3,pre1,pre1,名詞,pre1:111,1
calculation,calculation,word,計算，算定,計算，算定,exam,3,pre1,pre1,名詞,pre1:720,1
calmly,calmly,word,落ち着いて，静かに,落ち着いて，静かに,exam,3,pre1,pre1,副詞,pre1:151,1
camel,camel,word,ラクダ,ラクダ,exam,3,pre1,pre1,名詞,pre1:2747,1
canal,canal,word,運河,運河,exam,3,pre1,pre1,名詞,pre1:433,1
candid,candid,word,率直な、正直な,率直な、正直な / 率直な，正直な,exam,3,pre1,pre1;1,形容詞,pre1:3092;1:1604,2
canine,canine,word,イヌの，イヌ科の,イヌの，イヌ科の / 犬の，犬用の,exam,3,pre1,pre1;1,形容詞,pre1:656;1:1385,2
canyon,canyon,word,峡谷,峡谷,exam,3,pre1,pre1,名詞,pre1:1326,1
capability,capability,word,容量，能力,容量，能力,exam,3,pre1,pre1,名詞,pre1:1231,1
capitalism,capitalism,word,資本主義,資本主義,exam,3,pre1,pre1,名詞,pre1:502,1
captivate,captivate,word,を魅了する,を魅了する,exam,3,pre1,pre1,動詞,pre1:2736,1
captivity,captivity,word,監禁，囚禁,監禁，囚禁,exam,3,pre1,pre1;1,名詞,pre1:2305;1:121,2
carbohydrate,carbohydrate,word,炭水化物,炭水化物,exam,3,pre1,pre1,名詞,pre1:2943,1
caricature,caricature,word,風刺画,風刺画,exam,3,pre1,pre1;1,名詞,pre1:3074;1:2755,2
cart,cart,word,荷車，荷馬車,荷車，荷馬車,exam,3,pre1,pre1,名詞,pre1:83,1
cartoon,cartoon,word,漫画,漫画,exam,3,pre1,pre1,名詞,pre1:1368,1
carve,carve,word,を彫る,を彫る,exam,3,pre1,pre1,動詞,pre1:900,1
casualty,casualty,word,犠牲者，被害者,犠牲者，被害者,exam,3,pre1,pre1,名詞,pre1:2126,1
catastrophe,catastrophe,word,大惨事,大惨事,exam,3,pre1,pre1,名詞,pre1:735;pre1:3269,2
cathedral,cathedral,word,大聖堂,大聖堂,exam,3,pre1,pre1,名詞,pre1:758,1
ceaseless,ceaseless,word,絶え間ない,絶え間ない,exam,3,pre1,pre1,形容詞,pre1:2776,1
celestial,celestial,word,天体の，天国の,天体の，天国の / 天体の，星座の,exam,3,pre1,pre1;1,形容詞,pre1:2473;1:1372,2
cemetery,cemetery,word,お墓，墓地,お墓，墓地,exam,3,pre1,pre1,名詞,pre1:1391,1
censor,censor,word,検閲官,検閲官,exam,3,pre1,pre1,名詞,pre1:2510,1
census,census,word,国勢調査，人口調査,国勢調査，人口調査,exam,3,pre1,pre1,名詞,pre1:1534,1
certificate,certificate,word,証書，証券,証書，証券,exam,3,pre1,pre1,名詞,pre1:1043,1
certify,certify,word,証明する,証明する,exam,3,pre1,pre1,動詞,pre1:3106,1
chairperson,chairperson,word,議長,議長,exam,3,pre1,pre1,名詞,pre1:970,1
chant,chant,word,聖歌，歌,聖歌，歌 / 単調な歌，一本調子の歌,exam,3,pre1,pre1;1,名詞,pre1:2532;1:909,2
chaos,chaos,word,混沌,混沌,exam,3,pre1,pre1,名詞,pre1:834,1
chaotic,chaotic,word,混沌とした,混沌とした,exam,3,pre1,pre1,形容詞,pre1:3265,1
chatter,chatter,word,おしゃべり,おしゃべり,exam,3,pre1,pre1,名詞,pre1:3053,1
chauffeur,chauffeur,word,運転手,運転手,exam,3,pre1,pre1,名詞,pre1:2669,1
cheeky,cheeky,word,生意気な，ずうずうしい,生意気な，ずうずうしい,exam,3,pre1,pre1,形容詞,pre1:2724,1
cheery,cheery,word,陽気な，明るい,陽気な，明るい,exam,3,pre1,pre1,形容詞,pre1:2547,1
cherish,cherish,word,大切にする，希望を抱く,大切にする，希望を抱く,exam,3,pre1,pre1,動詞,pre1:1802,1
childbirth,childbirth,word,出産，分娩,出産，分娩,exam,3,pre1,pre1;1,名詞,pre1:2859;1:384,2
chill,chill,word,冷たさ，寒気,冷たさ，寒気,exam,3,pre1,pre1,名詞,pre1:188,1
chilly,chilly,word,肌寒い,肌寒い,exam,3,pre1,pre1,形容詞,pre1:1067,1
chimney,chimney,word,煙突,煙突,exam,3,pre1,pre1,名詞,pre1:10,1
choke,choke,word,のどに詰まらせる,のどに詰まらせる,exam,3,pre1,pre1,動詞,pre1:3380,1
chore,chore,word,雑用,雑用,exam,3,pre1,pre1,名詞,pre1:3148,1
chronic,chronic,word,慢性的な,慢性的な,exam,3,pre1,pre1,形容詞,pre1:2448,1
chronological,chronological,word,年代順の,年代順の,exam,3,pre1,pre1,形容詞,pre1:3081,1
chuckle,chuckle,word,含み笑い、ほくそ笑い,含み笑い、ほくそ笑い / 含み笑い，ほくそ笑い,exam,3,pre1,pre1;1,名詞,pre1:3291;1:1764,2
chunk,chunk,word,厚切り，かたまり,厚切り，かたまり,exam,3,pre1,pre1,名詞,pre1:2363,1
citation,citation,word,引用/他人の言葉や文章を取り上げる,引用/他人の言葉や文章を取り上げる / 引用，他人の言葉や文章を取り上げる,exam,3,pre1,pre1;1,名詞,pre1:3171;1:1731,2
citizenship,citizenship,word,市民権，公民権,市民権，公民権,exam,3,pre1,pre1,名詞,pre1:1750,1
civic,civic,word,市民の,市民の,exam,3,pre1,pre1,形容詞,pre1:1476,1
clap,clap,word,手をたたく,手をたたく,exam,3,pre1,pre1,動詞,pre1:346,1
clarity,clarity,word,明快さ，明瞭,明快さ，明瞭,exam,3,pre1,pre1,名詞,pre1:2032,1
clasp,clasp,word,留め金,留め金,exam,3,pre1,pre1,名詞,pre1:2038,1
classify,classify,word,に分類する，類別する,に分類する，類別する,exam,3,pre1,pre1,動詞,pre1:1202,1
clause,clause,word,条項，節,条項，節,exam,3,pre1,pre1,名詞,pre1:1184,1
clay,clay,word,粘土,粘土,exam,3,pre1,pre1,名詞,pre1:693,1
clench,clench,word,食いしばる，固く握る,食いしばる，固く握る,exam,3,pre1,pre1,動詞,pre1:2057,1
clueless,clueless,word,無知な、知識のない,無知な、知識のない / 無知な，知識のない,exam,3,pre1,pre1;1,形容詞,pre1:3134;1:1579,2
clumsy,clumsy,word,不器用な，ぎこちない,不器用な，ぎこちない,exam,3,pre1,pre1,形容詞,pre1:1869,1
cluster,cluster,word,集団,集団,exam,3,pre1,pre1,名詞,pre1:1035,1
clutch,clutch,word,をしっかり握る,をしっかり握る,exam,3,pre1,pre1,動詞,pre1:1467,1
coarse,coarse,word,粗末な，下等な,粗末な，下等な / 粗末な，質素な,exam,3,pre1,pre1;1,形容詞,pre1:1070;1:570,2
coastal,coastal,word,湾岸の，海岸の,湾岸の，海岸の,exam,3,pre1,pre1,形容詞,pre1:1519,1
coffin,coffin,word,棺桶,棺桶,exam,3,pre1,pre1,名詞,pre1:1896,1
cognitive,cognitive,word,認識の,認識の,exam,3,pre1,pre1,形容詞,pre1:2963,1
coherence,coherence,word,一貫性，結合,一貫性，結合,exam,3,pre1,pre1,名詞,pre1:2520,1
coherent,coherent,word,首尾一貫した,首尾一貫した,exam,3,pre1,pre1,形容詞,pre1:2143,1
coincidence,coincidence,word,同時発生,同時発生,exam,3,pre1,pre1,名詞,pre1:2059,1
collide,collide,word,衝突する，ぶつかる,衝突する，ぶつかる,exam,3,pre1,pre1,動詞,pre1:2147,1
collision,collision,word,衝突，対立,衝突，対立,exam,3,pre1,pre1;1,名詞,pre1:1877;1:499,2
colonel,colonel,word,大佐,大佐,exam,3,pre1,pre1,名詞,pre1:1887,1
colonial,colonial,word,植民地の,植民地の,exam,3,pre1,pre1,形容詞,pre1:715,1
coma,coma,word,こん睡状態,こん睡状態,exam,3,pre1,pre1,名詞,pre1:2927,1
comb,comb,word,くし,くし,exam,3,pre1,pre1,名詞,pre1:121,1
comet,comet,word,彗星,彗星,exam,3,pre1,pre1,名詞,pre1:988,1
comical,comical,word,おどけた，滑稽な,おどけた，滑稽な,exam,3,pre1,pre1,形容詞,pre1:937,1
commemorate,commemorate,word,を祝う，記念する,を祝う，記念する,exam,3,pre1,pre1,動詞,pre1:2469,1
commemoration,commemoration,word,記念,記念,exam,3,pre1,pre1,名詞,pre1:3301,1
commencement,commencement,word,開始,開始,exam,3,pre1,pre1,名詞,pre1:2926,1
commend,commend,word,褒める，賞賛する,褒める，賞賛する,exam,3,pre1,pre1;1,動詞,pre1:3109;1:660,2
commerce,commerce,word,商業，商売,商業，商売,exam,3,pre1,pre1;1,名詞,pre1:345;1:49,2
commotion,commotion,word,騒動,騒動,exam,3,pre1,pre1;1,名詞,pre1:793;1:3279,2
communion,communion,word,親交,親交,exam,3,pre1,pre1,名詞,pre1:2211,1
comparable,comparable,word,比較できる，比べられる,比較できる，比べられる,exam,3,pre1,pre1;1,形容詞,pre1:1055;1:295,2
compartment,compartment,word,区画,区画,exam,3,pre1,pre1,名詞,pre1:3089,1
compassionate,compassionate,word,思いやりのある，情け深い,思いやりのある，情け深い,exam,3,pre1,pre1,形容詞,pre1:2573,1
compatible,compatible,word,互換性のある，両立できる,互換性のある，両立できる,exam,3,pre1,pre1,形容詞,pre1:2291,1
compel,compel,word,無理にさせる,無理にさせる,exam,3,pre1,pre1,動詞,pre1:1139,1
compelling,compelling,word,説得力のある，有力な,説得力のある，有力な,exam,3,pre1,pre1;1,形容詞,pre1:1997;1:500,2
compensate,compensate,word,補償する，償う,補償する，償う,exam,3,pre1,pre1,動詞,pre1:1709,1
compensation,compensation,word,補償，賠償,補償，賠償,exam,3,pre1,pre1;1,名詞,pre1:941;1:105,2
competent,competent,word,有能な,有能な,exam,3,pre1,pre1,形容詞,pre1:3315,1
complacent,complacent,word,自己満足の，独りよがりの,自己満足の，独りよがりの / 自己満足の,exam,3,pre1,pre1;1,形容詞,pre1:2856;1:3964,2
complement,complement,word,補足物,補足物,exam,3,pre1,pre1,名詞,pre1:1746,1
compliance,compliance,word,社会規範,社会規範,exam,3,pre1,pre1,名詞,pre1:2959,1
comply,comply,word,準拠する,準拠する,exam,3,pre1,pre1,動詞,pre1:1966,1
composite,composite,word,混成の，合成の,混成の，合成の,exam,3,pre1,pre1,形容詞,pre1:2137,1
comprehension,comprehension,word,理解,理解,exam,3,pre1,pre1,名詞,pre1:618,1
compress,compress,word,圧縮する,圧縮する,exam,3,pre1,pre1,動詞,pre1:2071,1
compression,compression,word,圧縮，ようやく,圧縮，ようやく,exam,3,pre1,pre1,名詞,pre1:2918,1
comprise,comprise,word,含む，構成する,含む，構成する,exam,3,pre1,pre1;1,動詞,pre1:1486;1:140,2
compulsion,compulsion,word,脅迫，強制,脅迫，強制,exam,3,pre1,pre1,名詞,pre1:2797,1
compulsory,compulsory,word,強制的な，強制力のある,強制的な，強制力のある,exam,3,pre1,pre1;1,形容詞,pre1:1370;1:3104,2
comrade,comrade,word,同志，仲間,同志，仲間,exam,3,pre1,pre1,名詞,pre1:1442,1
concede,concede,word,認める，譲歩する,認める，譲歩する,exam,3,pre1,pre1,動詞,pre1:1717,1
conceited,conceited,word,うぬぼれた,うぬぼれた,exam,3,pre1,pre1,形容詞,pre1:2558,1
conceive,conceive,word,を心に抱く，思う,を心に抱く，思う,exam,3,pre1,pre1,動詞,pre1:518,1
concentrated,concentrated,word,濃縮された，集中した,濃縮された，集中した,exam,3,pre1,pre1,形容詞,pre1:474,1
conception,conception,word,概念，考え,概念，考え,exam,3,pre1,pre1;1,名詞,pre1:1296;1:55,2
conceptual,conceptual,word,概念的な，概念の,概念的な，概念の,exam,3,pre1,pre1,形容詞,pre1:1556,1
concession,concession,word,譲歩，容認,譲歩，容認,exam,3,pre1,pre1,名詞,pre1:1460,1
concise,concise,word,簡潔な,簡潔な,exam,3,pre1,pre1,形容詞,pre1:1496,1
conclusive,conclusive,word,決定的な，結論的な,決定的な，結論的な,exam,3,pre1,pre1,形容詞,pre1:30,1
condemn,condemn,word,を責める，非難する,を責める，非難する,exam,3,pre1,pre1,動詞,pre1:734,1
condemnation,condemnation,word,非難,非難,exam,3,pre1,pre1,名詞,pre1:2792,1
condense,condense,word,を凝縮する，濃縮する,を凝縮する，濃縮する,exam,3,pre1,pre1,動詞,pre1:682,1
condiment,condiment,word,調味料,調味料,exam,3,pre1,pre1,名詞,pre1:3151,1
conductor,conductor,word,導体，指導者,導体，指導者,exam,3,pre1,pre1,名詞,pre1:824,1
confer,confer,word,授与する,授与する,exam,3,pre1,pre1,動詞,pre1:1751,1
confession,confession,word,告白，自白,告白，自白,exam,3,pre1,pre1;1,名詞,pre1:317;1:405,2
confide,confide,word,を打ち明ける，信用する,を打ち明ける，信用する,exam,3,pre1,pre1,動詞,pre1:1641,1
confidential,confidential,word,機密の，内々の,機密の，内々の,exam,3,pre1,pre1,形容詞,pre1:1465,1
configuration,configuration,word,構成,構成,exam,3,pre1,pre1,名詞,pre1:3292,1
confinement,confinement,word,制限，監禁,制限，監禁,exam,3,pre1,pre1,名詞,pre1:2037,1
confirmation,confirmation,word,確証，確認,確証，確認,exam,3,pre1,pre1,名詞,pre1:1603,1
confound,confound,word,を困惑させる，混乱させる,を困惑させる，混乱させる / 混乱させる，乱す,exam,3,pre1,pre1;1,動詞,pre1:2828;1:688,2
confrontation,confrontation,word,対決，対戦,対決，対戦,exam,3,pre1,pre1;1,名詞,pre1:1947;1:429,2
congestion,congestion,word,密集，充満,密集，充満,exam,3,pre1,pre1,名詞,pre1:2845,1
congregate,congregate,word,集まる,集まる,exam,3,pre1,pre1;1,動詞,pre1:3279;1:2171,2
congregation,congregation,word,会合,会合,exam,3,pre1,pre1,名詞,pre1:2065,1
congressional,congressional,word,会議の,会議の,exam,3,pre1,pre1,形容詞,pre1:2078,1
conjecture,conjecture,word,推測，憶測,推測，憶測 / 推測,exam,3,pre1,pre1;1,名詞,pre1:2517;1:3537,2
conquest,conquest,word,征服，克服,征服，克服,exam,3,pre1,pre1,名詞,pre1:503,1
conscience,conscience,word,良心，道徳心,良心，道徳心,exam,3,pre1,pre1;1,名詞,pre1:329;1:58,2
consciousness,consciousness,word,意識，知覚,意識，知覚,exam,3,pre1,pre1,名詞,pre1:290,1
consecutive,consecutive,word,連続した,連続した,exam,3,pre1,pre1,形容詞,pre1:2938,1
consensus,consensus,word,同意，同調,同意，同調,exam,3,pre1,pre1;1,名詞,pre1:660;1:510,2
consent,consent,word,同意する，賛成する,同意する，賛成する,exam,3,pre1,pre1;1,動詞,pre1:913;1:415,2
conserve,conserve,word,を保存する，保護する,を保存する，保護する,exam,3,pre1,pre1,動詞,pre1:2324,1
considerably,considerably,word,かなり，相当に,かなり，相当に,exam,3,pre1,pre1,副詞,pre1:1161,1
considerate,considerate,word,思いやりのある,思いやりのある,exam,3,pre1,pre1,形容詞,pre1:2189,1
consistency,consistency,word,一貫性，一致,一貫性，一致,exam,3,pre1,pre1,名詞,pre1:2122,1
consolation,consolation,word,慰め，慰安,慰め，慰安 / 慰め，励まし,exam,3,pre1,pre1;1,名詞,pre1:2419;1:996,2
consolidate,consolidate,word,を固める，統合する,を固める，統合する,exam,3,pre1,pre1,動詞,pre1:2009,1
conspicuous,conspicuous,word,目立った，顕著な,目立った，顕著な,exam,3,pre1,pre1;1,形容詞,pre1:1998;1:139,2
conspiracy,conspiracy,word,陰謀,陰謀,exam,3,pre1,pre1,名詞,pre1:1473,1
conspire,conspire,word,陰謀を企てる,陰謀を企てる,exam,3,pre1,pre1,動詞,pre1:2062,1
constable,constable,word,巡査，公務員,巡査，公務員,exam,3,pre1,pre1,名詞,pre1:2444,1
constellation,constellation,word,星座,星座,exam,3,pre1,pre1;1,名詞,pre1:3312;1:3506,2
constitutional,constitutional,word,構成上の,構成上の,exam,3,pre1,pre1,形容詞,pre1:1748,1
constraint,constraint,word,拘束，強制,拘束，強制,exam,3,pre1,pre1,名詞,pre1:2195,1
consult,consult,word,相談する，話し合う,相談する，話し合う,exam,3,pre1,pre1;1,動詞,pre1:568;1:289,2
contagious,contagious,word,伝染性の,伝染性の,exam,3,pre1,pre1,形容詞,pre1:2312,1
contaminate,contaminate,word,を汚染する，汚す,を汚染する，汚す,exam,3,pre1,pre1,動詞,pre1:2247,1
contamination,contamination,word,汚染，汚染物質,汚染，汚染物質,exam,3,pre1,pre1;1,名詞,pre1:2518;1:4,2
contemplate,contemplate,word,を熟考する，よく考える,を熟考する，よく考える,exam,3,pre1,pre1,動詞,pre1:1559,1
contemptuous,contemptuous,word,軽蔑的な,軽蔑的な,exam,3,pre1,pre1,形容詞,pre1:2492,1
contend,contend,word,争う，戦う,争う，戦う,exam,3,pre1,pre1,動詞,pre1:1527,1
contention,contention,word,争い，競争,争い，競争 / 争い,exam,3,pre1,pre1;1,名詞,pre1:2483;1:3288,2
contentment,contentment,word,満足,満足,exam,3,pre1,pre1,名詞,pre1:1376,1
continental,continental,word,大陸の,大陸の,exam,3,pre1,pre1,形容詞,pre1:1314,1
continuous,continuous,word,継続的な，持続的な,継続的な，持続的な,exam,3,pre1,pre1;1,形容詞,pre1:780;1:456,2
contour,contour,word,輪郭,輪郭,exam,3,pre1,pre1,名詞,pre1:2654,1
contractor,contractor,word,請負業者，契約者,請負業者，契約者,exam,3,pre1,pre1;1,名詞,pre1:1788;1:13,2
contradict,contradict,word,を否定する，矛盾する,を否定する，矛盾する,exam,3,pre1,pre1,動詞,pre1:1634,1
contradictory,contradictory,word,矛盾した，正反対の,矛盾した，正反対の,exam,3,pre1,pre1,形容詞,pre1:2581,1
contributor,contributor,word,貢献者，寄付者,貢献者，寄付者,exam,3,pre1,pre1,名詞,pre1:2086,1
controversy,controversy,word,論争，議論,論争，議論,exam,3,pre1,pre1;1,名詞,pre1:1291;1:23,2
convene,convene,word,を召集する,を召集する,exam,3,pre1,pre1,動詞,pre1:2929,1
convention,convention,word,大会，会議,大会，会議,exam,3,pre1,pre1,名詞,pre1:160,1
conversion,conversion,word,転換，変換,転換，変換,exam,3,pre1,pre1,名詞,pre1:1590,1
cooperate,cooperate,word,協力する，共同する,協力する，共同する,exam,3,pre1,pre1,動詞,pre1:1204,1
cooperative,cooperative,word,協力的な,協力的な,exam,3,pre1,pre1,形容詞,pre1:1209,1
coordinate,coordinate,word,座標の，同等の/整合する,座標の，同等の/整合する,exam,3,pre1,pre1,動詞,pre1:1174,1
cordial,cordial,word,心のこもった，本心からの,心のこもった，本心からの / 心のこもった,exam,3,pre1,pre1;1,形容詞,pre1:1430;1:3755,2
correlation,correlation,word,相関性,相関性,exam,3,pre1,pre1,名詞,pre1:2200,1
correspond,correspond,word,対応する，反応する,対応する，反応する,exam,3,pre1,pre1,動詞,pre1:3361,1
corrupt,corrupt,word,腐敗した,腐敗した / 不正行為をする，カンニングする,exam,3,pre1,pre1;1,形容詞,pre1:1269;1:895,2
corruption,corruption,word,不正行為，腐敗,不正行為，腐敗,exam,3,pre1,pre1,名詞,pre1:1244,1
cosmic,cosmic,word,宇宙の，宙域の,宇宙の，宙域の,exam,3,pre1,pre1;1,形容詞,pre1:2882;1:246,2
costly,costly,word,高価な，費用のかかる,高価な，費用のかかる,exam,3,pre1,pre1,形容詞,pre1:1069,1
councilor,councilor,word,評議員,評議員,exam,3,pre1,pre1,名詞,pre1:1015,1
counsel,counsel,word,弁護士，協議,弁護士，協議,exam,3,pre1,pre1,名詞,pre1:938,1
counterpart,counterpart,word,相手,相手,exam,3,pre1,pre1,名詞,pre1:1048,1
coup,coup,word,大当たり,大当たり / クーデーター,exam,3,pre1,pre1;1,名詞,pre1:2343;1:369,2
courageous,courageous,word,勇気のある，勇敢な,勇気のある，勇敢な,exam,3,pre1,pre1,形容詞,pre1:533,1
courteous,courteous,word,丁寧な,丁寧な,exam,3,pre1,pre1,形容詞,pre1:3086,1
courtesy,courtesy,word,礼儀，丁重さ,礼儀，丁重さ,exam,3,pre1,pre1,名詞,pre1:1237,1
courtroom,courtroom,word,法廷,法廷,exam,3,pre1,pre1,名詞,pre1:2967,1
coward,coward,word,腰抜け，臆病者,腰抜け，臆病者,exam,3,pre1,pre1,名詞,pre1:358,1
cowardly,cowardly,word,臆病な,臆病な,exam,3,pre1,pre1,形容詞,pre1:3099,1
cozy,cozy,word,居心地の良い，快適な,居心地の良い，快適な,exam,3,pre1,pre1;1,形容詞,pre1:989;1:523,2
cradle,cradle,word,ゆりかご,ゆりかご,exam,3,pre1,pre1,名詞,pre1:854,1
cram,cram,word,詰め込む,詰め込む,exam,3,pre1,pre1,動詞,pre1:3214,1
cramp,cramp,word,けいれん,けいれん / けいれん，引きつれ,exam,3,pre1,pre1;1,名詞,pre1:2271;1:3541,2
crave,crave,word,を欲する，切望する,を欲する，切望する,exam,3,pre1,pre1,動詞,pre1:2474,1
crawl,crawl,word,這う，這って進む,這う，這って進む,exam,3,pre1,pre1,動詞,pre1:292,1
craze,craze,word,発狂させる,発狂させる,exam,3,pre1,pre1,動詞,pre1:2333,1
credibility,credibility,word,信頼性，信用,信頼性，信用,exam,3,pre1,pre1;1,名詞,pre1:2382;1:20,2
creed,creed,word,信条,信条,exam,3,pre1,pre1,名詞,pre1:2014,1
crescent,crescent,word,三日月,三日月 / 三日月，新月,exam,3,pre1,pre1;1,名詞,pre1:2414;1:1059,2
crest,crest,word,とさか,とさか,exam,3,pre1,pre1,名詞,pre1:2652,1
crimson,crimson,word,真紅の,真紅の,exam,3,pre1,pre1,形容詞,pre1:2660,1
cripple,cripple,word,身体障がい者,身体障がい者,exam,3,pre1,pre1,名詞,pre1:1579,1
crisp,crisp,word,新鮮な，さっぱりした,新鮮な，さっぱりした,exam,3,pre1,pre1;1,形容詞,pre1:3381;1:156,2
critique,critique,word,批評，評論,批評，評論,exam,3,pre1,pre1,名詞,pre1:1978,1
crook,crook,word,湾曲させる,湾曲させる,exam,3,pre1,pre1,動詞,pre1:1068,1
crouch,crouch,word,しゃがむ，かがむ,しゃがむ，かがむ,exam,3,pre1,pre1,動詞,pre1:932,1
crude,crude,word,原油の，天然の,原油の，天然の,exam,3,pre1,pre1,形容詞,pre1:1457,1
cruelty,cruelty,word,残酷さ，残虐性,残酷さ，残虐性,exam,3,pre1,pre1,名詞,pre1:431,1
crumb,crumb,word,パンくず,パンくず,exam,3,pre1,pre1,名詞,pre1:1593,1
crumble,crumble,word,を粉々にする,を粉々にする,exam,3,pre1,pre1,動詞,pre1:2847,1
crunch,crunch,word,を噛み砕く,を噛み砕く / 噛み砕く，消化する,exam,3,pre1,pre1;1,動詞,pre1:2907;1:610,2
crunchy,crunchy,word,カリカリの，カタい,カリカリの，カタい,exam,3,pre1,pre1,形容詞,pre1:3130,1
crush,crush,word,を押しつぶす,を押しつぶす,exam,3,pre1,pre1,動詞,pre1:266,1
crust,crust,word,外皮,外皮,exam,3,pre1,pre1,名詞,pre1:1686,1
cuddle,cuddle,word,を抱きしめる,を抱きしめる / 抱きしめる,exam,3,pre1,pre1;1,動詞,pre1:2484;1:3511,2
cue,cue,word,合図，きっかけ,合図，きっかけ,exam,3,pre1,pre1,名詞,pre1:1013,1
cuisine,cuisine,word,料理,料理,exam,3,pre1,pre1,名詞,pre1:2728,1
cult,cult,word,儀式，信仰,儀式，信仰,exam,3,pre1,pre1,名詞,pre1:2397,1
cumulative,cumulative,word,累積的な,累積的な,exam,3,pre1,pre1,形容詞,pre1:3250,1
cunning,cunning,word,ずる賢い,ずる賢い / 狡猾な，ずるい,exam,3,pre1,pre1;1,形容詞,pre1:570;1:4275,2
curfew,curfew,word,門限,門限 / 門限，帰宅制限,exam,3,pre1,pre1;1,名詞,pre1:2612;1:1841,2
curse,curse,word,を呪う，悪口を言う,を呪う，悪口を言う,exam,3,pre1,pre1,動詞,pre1:1250,1
custody,custody,word,親権，管理,親権，管理,exam,3,pre1,pre1,名詞,pre1:2101,1
cynical,cynical,word,皮肉な，冷笑的な,皮肉な，冷笑的な,exam,3,pre1,pre1;1,形容詞,pre1:2575;1:148,2
damned,damned,word,のろわれた,のろわれた,exam,3,pre1,pre1,形容詞,pre1:2610,1
damp,damp,word,湿った,湿った,exam,3,pre1,pre1,形容詞,pre1:791,1
daring,daring,word,大胆な，図太い,大胆な，図太い / 大胆な，果敢な,exam,3,pre1,pre1;1,形容詞,pre1:557;1:1317,2
dawn,dawn,word,夜明け，暁,夜明け，暁,exam,3,pre1,pre1,名詞,pre1:203,1
daze,daze,word,目をくらます,目をくらます,exam,3,pre1,pre1,動詞,pre1:2720,1
dazzle,dazzle,word,まぶしくする，目をくらませる,まぶしくする，目をくらませる,exam,3,pre1,pre1,動詞,pre1:1687,1
deadly,deadly,word,致命的な，命にかかわる,致命的な，命にかかわる,exam,3,pre1,pre1,形容詞,pre1:269,1
deathbed,deathbed,word,臨終,臨終,exam,3,pre1,pre1,名詞,pre1:2087,1
debris,debris,word,破片，残骸,破片，残骸,exam,3,pre1,pre1,名詞,pre1:2930,1
decay,decay,word,腐る，朽ちる,腐る，朽ちる,exam,3,pre1,pre1;1,動詞,pre1:374;1:146,2
deceit,deceit,word,詐欺，騙し,詐欺，騙し,exam,3,pre1,pre1;1,名詞,pre1:962;1:424,2
deceptive,deceptive,word,だまそうとする，当てにならない,だまそうとする，当てにならない,exam,3,pre1,pre1;1,形容詞,pre1:2741;1:2159,2
decimal,decimal,word,小数,小数,exam,3,pre1,pre1,名詞,pre1:2301,1
decisive,decisive,word,決定的な，結論的な,決定的な，結論的な,exam,3,pre1,pre1,形容詞,pre1:1808,1
declaration,declaration,word,宣言，発表,宣言，発表,exam,3,pre1,pre1,名詞,pre1:587,1
decree,decree,word,法令,法令,exam,3,pre1,pre1,名詞,pre1:2509,1
deduct,deduct,word,を差し引く，控除する,を差し引く，控除する,exam,3,pre1,pre1,動詞,pre1:2831,1
deem,deem,word,考える,考える,exam,3,pre1,pre1,動詞,pre1:1761,1
defect,defect,word,欠陥，欠点,欠陥，欠点,exam,3,pre1,pre1,名詞,pre1:676,1
defective,defective,word,欠点のある,欠点のある,exam,3,pre1,pre1,形容詞,pre1:2264,1
defiant,defiant,word,反抗的な，挑戦的な,反抗的な，挑戦的な / 反抗的な,exam,3,pre1,pre1;1,形容詞,pre1:2920;1:1986,2
deficiency,deficiency,word,不足，欠乏,不足，欠乏,exam,3,pre1,pre1,名詞,pre1:1650,1
deflate,deflate,word,空気を抜く，しぼませる,空気を抜く，しぼませる,exam,3,pre1,pre1,動詞,pre1:202,1
defy,defy,word,を無視する，に挑む,を無視する，に挑む,exam,3,pre1,pre1,動詞,pre1:1329,1
degradation,degradation,word,降格，格下げ,降格，格下げ,exam,3,pre1,pre1,名詞,pre1:2081,1
dehydrate,dehydrate,word,脱水する，水を抜く,脱水する，水を抜く,exam,3,pre1,pre1,動詞,pre1:3002,1
delegate,delegate,word,委任する,委任する,exam,3,pre1,pre1,動詞,pre1:1638,1
deliberate,deliberate,word,故意の，意図的な,故意の，意図的な,exam,3,pre1,pre1;1,形容詞,pre1:211;1:233,2
delicacy,delicacy,word,優美さ，精巧さ,優美さ，精巧さ,exam,3,pre1,pre1,名詞,pre1:2275,1
delicately,delicately,word,繊細に，微妙に,繊細に，微妙に,exam,3,pre1,pre1,副詞,pre1:1292,1
delighted,delighted,word,うれしい，喜んだ,うれしい，喜んだ,exam,3,pre1,pre1,形容詞,pre1:168,1
delightful,delightful,word,楽しい，うれしい,楽しい，うれしい,exam,3,pre1,pre1,形容詞,pre1:776,1
delusion,delusion,word,妄想,妄想,exam,3,pre1,pre1,名詞,pre1:3158,1
demographic,demographic,word,人口統計の，人口統計学の,人口統計の，人口統計学の,exam,3,pre1,pre1;1,形容詞,pre1:2988;1:457,2
demote,demote,word,降格する,降格する,exam,3,pre1,pre1,動詞,pre1:3367,1
demotion,demotion,word,降格,降格,exam,3,pre1,pre1,名詞,pre1:3184,1
den,den,word,ねぐら，巣穴,ねぐら，巣穴,exam,3,pre1,pre1,名詞,pre1:1514,1
denial,denial,word,拒否，否認,拒否，否認,exam,3,pre1,pre1,名詞,pre1:1187,1
denote,denote,word,表示する，示す,表示する，示す,exam,3,pre1,pre1;1,動詞,pre1:2904;1:485,2
denounce,denounce,word,非難する，批判する,非難する，批判する,exam,3,pre1,pre1;1,動詞,pre1:2765;1:413,2
dense,dense,word,密な，密集した,密な，密集した,exam,3,pre1,pre1,形容詞,pre1:636,1
density,density,word,密度，濃度,密度，濃度,exam,3,pre1,pre1;1,名詞,pre1:1529;1:219,2
deodorant,deodorant,word,防臭剤,防臭剤,exam,3,pre1,pre1,名詞,pre1:2309,1
depart,depart,word,出発する，立ち去る,出発する，立ち去る,exam,3,pre1,pre1,動詞,pre1:297,1
departure,departure,word,出発,出発,exam,3,pre1,pre1,名詞,pre1:241,1
depict,depict,word,を描写する，描く,を描写する，描く,exam,3,pre1,pre1,動詞,pre1:2193,1
deploy,deploy,word,を展開する，配置する,を展開する，配置する,exam,3,pre1,pre1,動詞,pre1:2935,1
depot,depot,word,停車場,停車場,exam,3,pre1,pre1,名詞,pre1:2852,1
depressed,depressed,word,落ち込んだ，憂鬱な,落ち込んだ，憂鬱な,exam,3,pre1,pre1,形容詞,pre1:1191,1
deprivation,deprivation,word,剥奪，取り上げ,剥奪，取り上げ,exam,3,pre1,pre1;1,名詞,pre1:1994;1:404,2
deprive,deprive,word,から奪う，略奪する,から奪う，略奪する,exam,3,pre1,pre1,動詞,pre1:907,1
designation,designation,word,指定，選定,指定，選定,exam,3,pre1,pre1;1,名詞,pre1:2744;1:118,2
desolate,desolate,word,荒れ果てた,荒れ果てた / 荒涼とした,exam,3,pre1,pre1;1,形容詞,pre1:1671;1:3844,2
despair,despair,word,絶望，失望,絶望，失望,exam,3,pre1,pre1,名詞,pre1:406,1
desperately,desperately,word,必死に,必死に,exam,3,pre1,pre1,副詞,pre1:539,1
desperation,desperation,word,自暴自棄，絶望,自暴自棄，絶望,exam,3,pre1,pre1,名詞,pre1:2310,1
despise,despise,word,を軽蔑する，さげすむ,を軽蔑する，さげすむ,exam,3,pre1,pre1,動詞,pre1:553,1
destiny,destiny,word,運命，使命,運命，使命,exam,3,pre1,pre1,名詞,pre1:783,1
detain,detain,word,を引き留める，留め置く,を引き留める，留め置く,exam,3,pre1,pre1,動詞,pre1:2819,1
detection,detection,word,発見，探知,発見，探知,exam,3,pre1,pre1,名詞,pre1:2583,1
deter,deter,word,をやめさせる，躊躇させる,をやめさせる，躊躇させる,exam,3,pre1,pre1,動詞,pre1:2544,1
detergent,detergent,word,洗剤,洗剤,exam,3,pre1,pre1,名詞,pre1:1552,1
deteriorate,deteriorate,word,を悪化させる,を悪化させる,exam,3,pre1,pre1,動詞,pre1:2688,1
determination,determination,word,決定，決断,決定，決断,exam,3,pre1,pre1;1,名詞,pre1:298;1:453,2
detonate,detonate,word,爆発させる、破裂させる,爆発させる、破裂させる / 爆発させる，破裂させる,exam,3,pre1,pre1;1,動詞,pre1:3331;1:1527,2
detour,detour,word,迂回する,迂回する,exam,3,pre1,pre1,動詞,pre1:813,1
detrimental,detrimental,word,有害な,有害な / 有害な，害のある，悪影響の,exam,3,pre1,pre1;1,形容詞,pre1:836;1:338,2
devastating,devastating,word,壊滅的な，破壊的な,壊滅的な，破壊的な,exam,3,pre1,pre1;1,形容詞,pre1:2939;1:504,2
devoid,devoid,word,欠けている，欠如している,欠けている，欠如している / 欠けている，不足している,exam,3,pre1,pre1;1,形容詞,pre1:2750;1:1445,2
devote,devote,word,に捧げる，ゆだねる,に捧げる，ゆだねる,exam,3,pre1,pre1,動詞,pre1:242,1
devotee,devotee,word,信者,信者,exam,3,pre1,pre1,名詞,pre1:2771,1
devour,devour,word,をむさぼり食う，がつがつ食う,をむさぼり食う，がつがつ食う,exam,3,pre1,pre1,動詞,pre1:1560,1
diabetes,diabetes,word,糖尿病，高血糖症,糖尿病，高血糖症,exam,3,pre1,pre1;1,名詞,pre1:2360;1:38,2
diagnose,diagnose,word,を診断する,を診断する,exam,3,pre1,pre1,動詞,pre1:2933,1
diagnosis,diagnosis,word,診断，判断,診断，判断,exam,3,pre1,pre1;1,名詞,pre1:1925;1:245,2
diagram,diagram,word,図,図,exam,3,pre1,pre1,名詞,pre1:3120,1
dialogue,dialogue,word,対話,対話,exam,3,pre1,pre1,名詞,pre1:1133,1
diameter,diameter,word,直径,直径,exam,3,pre1,pre1,名詞,pre1:1573,1
diarrhea,diarrhea,word,下痢,下痢 / 下痢，便が液状になる状態,exam,3,pre1,pre1;1,名詞,pre1:920;1:1644,2
dictate,dictate,word,を書きとらせる,を書きとらせる,exam,3,pre1,pre1,動詞,pre1:1606,1
dictation,dictation,word,書き取り,書き取り,exam,3,pre1,pre1,名詞,pre1:1741,1
dictatorship,dictatorship,word,独裁,独裁,exam,3,pre1,pre1,名詞,pre1:2827,1
differential,differential,word,差分の，差別的な,差分の，差別的な,exam,3,pre1,pre1,形容詞,pre1:2516,1
differentiate,differentiate,word,を区別する,を区別する,exam,3,pre1,pre1,動詞,pre1:1644,1
diffuse,diffuse,word,を散らす，拡散する,を散らす，拡散する,exam,3,pre1,pre1,動詞,pre1:2687,1
digestion,digestion,word,消化,消化,exam,3,pre1,pre1,名詞,pre1:1378,1
dignify,dignify,word,威厳をつける,威厳をつける,exam,3,pre1,pre1,動詞,pre1:2201,1
dilemma,dilemma,word,板挟み，窮地,板挟み，窮地,exam,3,pre1,pre1;1,名詞,pre1:2158;1:72,2
diligence,diligence,word,勤勉,勤勉,exam,3,pre1,pre1,名詞,pre1:1459,1
diligent,diligent,word,勤勉な,勤勉な,exam,3,pre1,pre1,形容詞,pre1:692,1
dilute,dilute,word,薄める，希釈する,薄める，希釈する,exam,3,pre1,pre1;1,動詞,pre1:2846;1:542,2
dim,dim,word,薄暗い，ほの暗い,薄暗い，ほの暗い / 薄暗い,exam,3,pre1,pre1;1,形容詞,pre1:710;1:1347,2
dimension,dimension,word,寸法,寸法,exam,3,pre1,pre1,名詞,pre1:1322,1
din,din,word,騒音,騒音 / 騒音，喧噪,exam,3,pre1,pre1;1,名詞,pre1:2550;1:3156,2
dioxide,dioxide,word,二酸化物,二酸化物,exam,3,pre1,pre1,名詞,pre1:2853,1
diploma,diploma,word,卒業証書，学位証書,卒業証書，学位証書,exam,3,pre1,pre1,名詞,pre1:1437,1
diplomat,diplomat,word,外交官，外交官僚,外交官，外交官僚,exam,3,pre1,pre1;1,名詞,pre1:953;1:483,2
diplomatic,diplomatic,word,外交の，外交上の,外交の，外交上の,exam,3,pre1,pre1;1,形容詞,pre1:740;1:1,2
directive,directive,word,指示的な,指示的な,exam,3,pre1,pre1,形容詞,pre1:1571,1
disability,disability,word,障害，無力,障害，無力,exam,3,pre1,pre1,名詞,pre1:2033,1
disabled,disabled,word,障害のある,障害のある,exam,3,pre1,pre1,形容詞,pre1:1987,1
disappearance,disappearance,word,失踪，消滅,失踪，消滅,exam,3,pre1,pre1;1,名詞,pre1:1911;1:28,2
disappointed,disappointed,word,がっかりした，当ての外れた,がっかりした，当ての外れた,exam,3,pre1,pre1,形容詞,pre1:860,1
disappointment,disappointment,word,失望，期待外れ,失望，期待外れ,exam,3,pre1,pre1;1,名詞,pre1:221;1:101,2
disarmament,disarmament,word,軍縮,軍縮,exam,3,pre1,pre1,名詞,pre1:1474,1
disastrous,disastrous,word,悲惨な，惨事の,悲惨な，惨事の,exam,3,pre1,pre1;1,形容詞,pre1:1648;1:204,2
disband,disband,word,を解散する,を解散する / 解散する，ばらばらにする,exam,3,pre1,pre1;1,動詞,pre1:2973;1:1302,2
discard,discard,word,を捨てる，廃棄する,を捨てる，廃棄する,exam,3,pre1,pre1,動詞,pre1:1737,1
discern,discern,word,はっきり分かる，認める,はっきり分かる，認める,exam,3,pre1,pre1,動詞,pre1:174,1
discharge,discharge,word,排出，放電/荷を降ろす,排出，放電/荷を降ろす,exam,3,pre1,pre1,動詞,pre1:176,1
disciple,disciple,word,弟子,弟子,exam,3,pre1,pre1,名詞,pre1:1698,1
disclose,disclose,word,を開示する，見せる,を開示する，見せる,exam,3,pre1,pre1,動詞,pre1:1111,1
disclosure,disclosure,word,開示,開示,exam,3,pre1,pre1,名詞,pre1:3006,1
discomfort,discomfort,word,不快感，違和感,不快感，違和感,exam,3,pre1,pre1;1,名詞,pre1:1652;1:388,2
discord,discord,word,不一致，不和,不一致，不和,exam,3,pre1,pre1;1,名詞,pre1:2666;1:170,2
discourage,discourage,word,落胆させる,落胆させる,exam,3,pre1,pre1,動詞,pre1:3326,1
discouragement,discouragement,word,落胆，失意,落胆，失意,exam,3,pre1,pre1,名詞,pre1:1712,1
discourse,discourse,word,言説，講演,言説，講演,exam,3,pre1,pre1,名詞,pre1:2375,1
discreet,discreet,word,慎重な，分別のある,慎重な，分別のある,exam,3,pre1,pre1,形容詞,pre1:2842,1
discriminate,discriminate,word,差別する,差別する,exam,3,pre1,pre1,動詞,pre1:3397,1
disdain,disdain,word,を軽蔑する,を軽蔑する,exam,3,pre1,pre1,動詞,pre1:2293,1
disfigure,disfigure,word,醜くする,醜くする,exam,3,pre1,pre1,動詞,pre1:2839,1
disgrace,disgrace,word,不名誉,不名誉,exam,3,pre1,pre1,名詞,pre1:858,1
disguise,disguise,word,変装させる， 見せかける,変装させる， 見せかける,exam,3,pre1,pre1;1,動詞,pre1:567;1:890,2
disgusted,disgusted,word,むかついた,むかついた,exam,3,pre1,pre1,形容詞,pre1:1703,1
disgusting,disgusting,word,いやな，むかつくような,いやな，むかつくような,exam,3,pre1,pre1,形容詞,pre1:520,1
dismal,dismal,word,陰気な，暗い,陰気な，暗い,exam,3,pre1,pre1,形容詞,pre1:1815,1
dismay,dismay,word,がっかりさせる，失望させる,がっかりさせる，失望させる,exam,3,pre1,pre1;1,動詞,pre1:3160;1:684,2
dismissal,dismissal,word,解散，解任,解散，解任,exam,3,pre1,pre1;1,名詞,pre1:1677;1:211,2
dispatch,dispatch,word,を送る，発送する,を送る，発送する,exam,3,pre1,pre1,動詞,pre1:1829,1
dispense,dispense,word,分配する，排出する,分配する，排出する,exam,3,pre1,pre1,動詞,pre1:3212,1
displace,displace,word,ずらす，にとって代わる,ずらす，にとって代わる,exam,3,pre1,pre1,動詞,pre1:1480,1
disrupt,disrupt,word,混乱させる,混乱させる,exam,3,pre1,pre1,動詞,pre1:3047,1
disruptive,disruptive,word,破壊的な，破壊力のある,破壊的な，破壊力のある,exam,3,pre1,pre1;1,形容詞,pre1:2633;1:380,2
dissent,dissent,word,異議を唱える，反対する,異議を唱える，反対する,exam,3,pre1,pre1;1,動詞,pre1:2409;1:21,2
dissolution,dissolution,word,分離，溶解,分離，溶解,exam,3,pre1,pre1,名詞,pre1:2329,1
dissolve,dissolve,word,を溶かす,を溶かす,exam,3,pre1,pre1,動詞,pre1:669,1
distaste,distaste,word,嫌悪，いや気,嫌悪，いや気,exam,3,pre1,pre1,名詞,pre1:2411,1
distill,distill,word,蒸留する,蒸留する,exam,3,pre1,pre1,動詞,pre1:2649,1
distinctive,distinctive,word,特有の，独特の,特有の，独特の,exam,3,pre1,pre1,形容詞,pre1:1092,1
distortion,distortion,word,ねじれ，ゆがみ,ねじれ，ゆがみ,exam,3,pre1,pre1,名詞,pre1:2421,1
distracted,distracted,word,気の散った，注意をそらされた,気の散った，注意をそらされた,exam,3,pre1,pre1,形容詞,pre1:2498,1
distress,distress,word,苦痛，苦悩,苦痛，苦悩,exam,3,pre1,pre1,名詞,pre1:638,1
distribute,distribute,word,を配布する，分配する,を配布する，分配する,exam,3,pre1,pre1,動詞,pre1:189,1
disturbance,disturbance,word,騒動,騒動,exam,3,pre1,pre1,名詞,pre1:1372,1
disturbing,disturbing,word,邪魔な，迷惑な,邪魔な，迷惑な,exam,3,pre1,pre1;1,形容詞,pre1:1001;1:465,2
diverge,diverge,word,分岐する，分かれる,分岐する，分かれる / 分岐する,exam,3,pre1,pre1;1,動詞,pre1:2410;1:3499,2
diverse,diverse,word,多様な，多種多様な,多様な，多種多様な,exam,3,pre1,pre1;1,形容詞,pre1:925;1:321,2
diversity,diversity,word,多様性，多様化,多様性，多様化,exam,3,pre1,pre1;1,名詞,pre1:1087;1:312,2
dividend,dividend,word,配当，配当金,配当，配当金,exam,3,pre1,pre1,名詞,pre1:1553,1
divine,divine,word,神の,神の,exam,3,pre1,pre1,形容詞,pre1:1404,1
divinity,divinity,word,神格,神格,exam,3,pre1,pre1,名詞,pre1:2174,1
docile,docile,word,扱いやすい,扱いやすい,exam,3,pre1,pre1;1,形容詞,pre1:3206;1:3057,2
dock,dock,word,船着場，波止場,船着場，波止場,exam,3,pre1,pre1,名詞,pre1:524,1
doctrine,doctrine,word,教義，信条,教義，信条,exam,3,pre1,pre1;1,名詞,pre1:1445;1:7,2
dodge,dodge,word,かわす，よける,かわす，よける,exam,3,pre1,pre1,動詞,pre1:3351,1
dogma,dogma,word,教義，信条,教義，信条 / 教義，教理,exam,3,pre1,pre1;1,名詞,pre1:2431;1:1073,2
dogmatic,dogmatic,word,独断的な，教義上の,独断的な，教義上の / 教条的な，固執する,exam,3,pre1,pre1;1,形容詞,pre1:1438;1:4067,2
dominance,dominance,word,支配,支配,exam,3,pre1,pre1,名詞,pre1:3304,1
dominant,dominant,word,支配的な,支配的な,exam,3,pre1,pre1,形容詞,pre1:494,1
donor,donor,word,提供者，寄付者,提供者，寄付者,exam,3,pre1,pre1,名詞,pre1:2342,1
doom,doom,word,破滅，悪い運命,破滅，悪い運命,exam,3,pre1,pre1,名詞,pre1:1828,1
dose,dose,word,服用量,服用量,exam,3,pre1,pre1,名詞,pre1:1583,1
dough,dough,word,パン生地,パン生地,exam,3,pre1,pre1,名詞,pre1:2064,1
downcast,downcast,word,意気消沈した,意気消沈した,exam,3,pre1,pre1;1,形容詞,pre1:2977;1:3783,2
doze,doze,word,居眠りする,居眠りする / 居眠りをする,exam,3,pre1,pre1;1,動詞,pre1:2816;1:3509,2
drastic,drastic,word,抜本的な，思い切った,抜本的な，思い切った,exam,3,pre1,pre1,形容詞,pre1:1625,1
drawer,drawer,word,引き出し,引き出し,exam,3,pre1,pre1,名詞,pre1:28,1
dread,dread,word,ひどく怖がる，恐れる,ひどく怖がる，恐れる,exam,3,pre1,pre1;1,動詞,pre1:771;1:153,2
dreadful,dreadful,word,恐ろしい,恐ろしい / 恐ろしい，怖い,exam,3,pre1,pre1;1,形容詞,pre1:1417;1:586,2
dreary,dreary,word,退屈な,退屈な / 悲しくさせる,exam,3,pre1,pre1;1,形容詞,pre1:2746;1:3210,2
droop,droop,word,うなだれる,うなだれる,exam,3,pre1,pre1,動詞,pre1:2470,1
drowsy,drowsy,word,眠い，うとうとしている,眠い，うとうとしている,exam,3,pre1,pre1,形容詞,pre1:1799,1
dubious,dubious,word,疑っている，はっきりしない,疑っている，はっきりしない,exam,3,pre1,pre1,形容詞,pre1:2734,1
duchess,duchess,word,公爵夫人,公爵夫人 / 公爵夫人，女公爵,exam,3,pre1,pre1;1,名詞,pre1:2486;1:3453,2
dullness,dullness,word,鈍さ，鈍感,鈍さ，鈍感,exam,3,pre1,pre1,名詞,pre1:1041,1
duplicate,duplicate,word,を複製する,を複製する / 複製する，複写する,exam,3,pre1,pre1;1,動詞,pre1:2465;1:769,2
durable,durable,word,耐久性のある，長持ちする,耐久性のある，長持ちする,exam,3,pre1,pre1;1,形容詞,pre1:2251;1:209,2
duration,duration,word,持続時間，持続期間,持続時間，持続期間,exam,3,pre1,pre1,名詞,pre1:1855,1
dusk,dusk,word,夕暮れ，たそがれ,夕暮れ，たそがれ,exam,3,pre1,pre1,名詞,pre1:1614,1
dusty,dusty,word,ほこりっぽい,ほこりっぽい,exam,3,pre1,pre1,形容詞,pre1:347,1
dutiful,dutiful,word,忠実な，従順な,忠実な，従順な,exam,3,pre1,pre1,形容詞,pre1:1801,1
dweller,dweller,word,住人，住民,住人，住民,exam,3,pre1,pre1,名詞,pre1:2138,1
dwelling,dwelling,word,住居,住居,exam,3,pre1,pre1,名詞,pre1:923,1
dye,dye,word,染料,染料,exam,3,pre1,pre1,名詞,pre1:765,1
dynamics,dynamics,word,原動力,原動力,exam,3,pre1,pre1,名詞,pre1:2116,1
dynasty,dynasty,word,王朝，王家,王朝，王家,exam,3,pre1,pre1,名詞,pre1:2598,1
eagerly,eagerly,word,熱心に,熱心に,exam,3,pre1,pre1,副詞,pre1:610,1
earnestly,earnestly,word,真剣に,真剣に,exam,3,pre1,pre1,副詞,pre1:1365,1
easygoing,easygoing,word,楽観的な,楽観的な,exam,3,pre1,pre1,形容詞,pre1:1642,1
ebb,ebb,word,衰退，引き潮,衰退，引き潮,exam,3,pre1,pre1,名詞,pre1:2559,1
eccentric,eccentric,word,風変わりな，普通でない,風変わりな，普通でない,exam,3,pre1,pre1,形容詞,pre1:1494,1
eclipse,eclipse,word,日食,日食 / 日食，月食,exam,3,pre1,pre1;1,名詞,pre1:2706;1:2216,2
ecological,ecological,word,生態学の,生態学の,exam,3,pre1,pre1,形容詞,pre1:2278,1
economist,economist,word,経済学者,経済学者,exam,3,pre1,pre1,名詞,pre1:775,1
ecstatic,ecstatic,word,夢中の，有頂天の,夢中の，有頂天の / 夢中の,exam,3,pre1,pre1;1,形容詞,pre1:2467;1:2987,2
edible,edible,word,食べられる，摂取可能な,食べられる，摂取可能な,exam,3,pre1,pre1;1,形容詞,pre1:1537;1:225,2
edit,edit,word,を編集する,を編集する,exam,3,pre1,pre1,動詞,pre1:586,1
editorial,editorial,word,編集の/社説,編集の/社説,exam,3,pre1,pre1,名詞,pre1:1542,1
eerie,eerie,word,不気味な，気味が悪い,不気味な，気味が悪い,exam,3,pre1,pre1;1,形容詞,pre1:3019;1:1310,2
efficacy,efficacy,word,効能，効果,効能，効果,exam,3,pre1,pre1;1,名詞,pre1:3139;1:1045,2
effortless,effortless,word,楽な,楽な,exam,3,pre1,pre1,形容詞,pre1:2893,1
eject,eject,word,追い出す、排除する,追い出す、排除する / 追い出す，排除する,exam,3,pre1,pre1;1,動詞,pre1:3338;1:1563,2
elaboration,elaboration,word,精巧さ,精巧さ,exam,3,pre1,pre1,名詞,pre1:2574,1
elastic,elastic,word,弾力のある，伸縮自在の,弾力のある，伸縮自在の,exam,3,pre1,pre1,形容詞,pre1:1502,1
elasticity,elasticity,word,弾力，伸縮,弾力，伸縮,exam,3,pre1,pre1,名詞,pre1:2590,1
elder,elder,word,年上の，年長の,年上の，年長の,exam,3,pre1,pre1,形容詞,pre1:159,1
electrify,electrify,word,帯電させる,帯電させる,exam,3,pre1,pre1,動詞,pre1:2705,1
electron,electron,word,電子,電子,exam,3,pre1,pre1,名詞,pre1:1384,1
electronics,electronics,word,電気,電気,exam,3,pre1,pre1,名詞,pre1:649,1
elevate,elevate,word,上げる，昇進させる,上げる，昇進させる,exam,3,pre1,pre1;1,動詞,pre1:1547;1:178,2
eligible,eligible,word,資格のある，適格な,資格のある，適格な,exam,3,pre1,pre1,形容詞,pre1:2968,1
eloquence,eloquence,word,雄弁,雄弁,exam,3,pre1,pre1,名詞,pre1:2121,1
eloquent,eloquent,word,雄弁な，口達者な,雄弁な，口達者な,exam,3,pre1,pre1,形容詞,pre1:1679,1
embark,embark,word,積み込む，乗船する,積み込む，乗船する,exam,3,pre1,pre1,動詞,pre1:1469,1
embarrassment,embarrassment,word,困惑，当惑,困惑，当惑,exam,3,pre1,pre1,名詞,pre1:274,1
embassy,embassy,word,大使館,大使館,exam,3,pre1,pre1,名詞,pre1:892,1
embroider,embroider,word,刺繍する,刺繍する,exam,3,pre1,pre1,動詞,pre1:1973,1
emigrant,emigrant,word,移民，移住者,移民，移住者,exam,3,pre1,pre1,名詞,pre1:2722,1
emigration,emigration,word,移住,移住,exam,3,pre1,pre1,名詞,pre1:1972,1
eminent,eminent,word,著名な，身分の高い,著名な，身分の高い,exam,3,pre1,pre1,形容詞,pre1:1708,1
emission,emission,word,排出，放射,排出，放射,exam,3,pre1,pre1,名詞,pre1:1918,1
emit,emit,word,を放射する，発する,を放射する，発する,exam,3,pre1,pre1,動詞,pre1:2196,1
empathy,empathy,word,共感，感情移入,共感，感情移入,exam,3,pre1,pre1;1,名詞,pre1:3316;1:56,2
enact,enact,word,を制定する，法令化する,を制定する，法令化する,exam,3,pre1,pre1,動詞,pre1:2954,1
enchant,enchant,word,心を奪う,心を奪う,exam,3,pre1,pre1,動詞,pre1:1675,1
enclose,enclose,word,を囲む，同封する,を囲む，同封する / 囲む，同封する,exam,3,pre1,pre1;1,動詞,pre1:375;1:861,2
encyclopedia,encyclopedia,word,百科事典,百科事典,exam,3,pre1,pre1,名詞,pre1:2043,1
endeavor,endeavor,word,努力する,努力する,exam,3,pre1,pre1,動詞,pre1:1220,1
endorse,endorse,word,を支持する，裏書きする,を支持する，裏書きする,exam,3,pre1,pre1,動詞,pre1:1991,1
endurance,endurance,word,忍耐，がまん,忍耐，がまん,exam,3,pre1,pre1,名詞,pre1:985,1
enforce,enforce,word,を実行する，実施する,を実行する，実施する,exam,3,pre1,pre1,動詞,pre1:1811,1
engagement,engagement,word,約束，取り決め,約束，取り決め,exam,3,pre1,pre1,名詞,pre1:337,1
enlist,enlist,word,入隊する，参加する,入隊する，参加する,exam,3,pre1,pre1,動詞,pre1:3117,1
enmity,enmity,word,敵意，憎しみ,敵意，憎しみ,exam,3,pre1,pre1,名詞,pre1:2447,1
enrage,enrage,word,激怒させる,激怒させる,exam,3,pre1,pre1,動詞,pre1:2427,1
enrichment,enrichment,word,濃縮，豊かにすること,濃縮，豊かにすること,exam,3,pre1,pre1,名詞,pre1:2621,1
enroll,enroll,word,入学する,入学する,exam,3,pre1,pre1,動詞,pre1:2083,1
entangle,entangle,word,を絡ませる，もつれさせる,を絡ませる，もつれさせる,exam,3,pre1,pre1,動詞,pre1:2204,1
enthusiastic,enthusiastic,word,熱狂的な，熱烈な,熱狂的な，熱烈な,exam,3,pre1,pre1,形容詞,pre1:371,1
entice,entice,word,誘惑する，魅惑する,誘惑する，魅惑する,exam,3,pre1,pre1;1,動詞,pre1:2695;1:398,2
entity,entity,word,実在，実体,実在，実体,exam,3,pre1,pre1,名詞,pre1:2163,1
entrepreneur,entrepreneur,word,起業家,起業家,exam,3,pre1,pre1,名詞,pre1:2041,1
entrust,entrust,word,委託する,委託する / 委託する，依頼する,exam,3,pre1,pre1;1,動詞,pre1:2895;1:696,2
envelop,envelop,word,包む，包装する,包む，包装する,exam,3,pre1,pre1;1,動詞,pre1:1572;1:226,2
envious,envious,word,羨ましい，妬ましい,羨ましい，妬ましい,exam,3,pre1,pre1;1,形容詞,pre1:1207;1:275,2
envision,envision,word,想像する，思い描く,想像する，思い描く,exam,3,pre1,pre1;1,動詞,pre1:2945;1:353,2
envoy,envoy,word,使者、代理人や遣使,使者、代理人や遣使 / 使者，代理人や遣使,exam,3,pre1,pre1;1,名詞,pre1:3275;1:1736,2
epic,epic,word,大作，壮大な作品,大作，壮大な作品,exam,3,pre1,pre1;1,名詞,pre1:2709;1:46,2
epidemic,epidemic,word,流行性の，伝染性の,流行性の，伝染性の,exam,3,pre1,pre1,形容詞,pre1:2091,1
epoch,epoch,word,時代，歴史の節目,時代，歴史の節目,exam,3,pre1,pre1;1,名詞,pre1:1873;1:182,2
equation,equation,word,方程式,方程式,exam,3,pre1,pre1,名詞,pre1:981,1
equator,equator,word,赤道，赤道線，赤道面,赤道，赤道線，赤道面 / 赤道，赤道線,exam,3,pre1,pre1;1,名詞,pre1:1562;1:318,2
equilibrium,equilibrium,word,均衡，つり合い,均衡，つり合い,exam,3,pre1,pre1,名詞,pre1:2093,1
equity,equity,word,公平，公正,公平，公正,exam,3,pre1,pre1,名詞,pre1:2160,1
erect,erect,word,直立の，まっすぐな,直立の，まっすぐな,exam,3,pre1,pre1,形容詞,pre1:754,1
errand,errand,word,使い走り,使い走り,exam,3,pre1,pre1,名詞,pre1:482,1
erroneous,erroneous,word,誤った，間違えた,誤った，間違えた,exam,3,pre1,pre1;1,形容詞,pre1:2434;1:407,2
erupt,erupt,word,噴火する,噴火する,exam,3,pre1,pre1,動詞,pre1:2738,1
eruption,eruption,word,噴火，爆発,噴火，爆発,exam,3,pre1,pre1;1,名詞,pre1:1971;1:205,2
essence,essence,word,本質，真髄,本質，真髄,exam,3,pre1,pre1,名詞,pre1:149,1
essential,essential,word,不可欠な,不可欠な,exam,3,pre1,pre1,形容詞,pre1:3263,1
esteem,esteem,word,を尊重する，尊敬する,を尊重する，尊敬する / 尊重する，敬う,exam,3,pre1,pre1;1,動詞,pre1:717;1:1571,2
eternal,eternal,word,永遠の，永遠不変の,永遠の，永遠不変の,exam,3,pre1,pre1;1,形容詞,pre1:712;1:310,2
eternally,eternally,word,永遠に,永遠に,exam,3,pre1,pre1,副詞,pre1:1282,1
ethical,ethical,word,倫理的な,倫理的な,exam,3,pre1,pre1,形容詞,pre1:1177,1
ethics,ethics,word,倫理,倫理,exam,3,pre1,pre1,名詞,pre1:1117,1
evacuate,evacuate,word,避難する，逃避する,避難する，逃避する,exam,3,pre1,pre1;1,動詞,pre1:2650;1:473,2
evade,evade,word,避ける，避ける,避ける，避ける,exam,3,pre1,pre1;1,動詞,pre1:2804;1:253,2
evaluation,evaluation,word,評価，査定,評価，査定,exam,3,pre1,pre1,名詞,pre1:678,1
evaporate,evaporate,word,蒸発する,蒸発する,exam,3,pre1,pre1,動詞,pre1:2901,1
evasion,evasion,word,回避/避ける,回避/避ける / 回避，避ける,exam,3,pre1,pre1;1,名詞,pre1:3078;1:931,2
evenly,evenly,word,均等に，等しく,均等に，等しく,exam,3,pre1,pre1,副詞,pre1:1820,1
eventual,eventual,word,最終的な，究極的な,最終的な，究極的な,exam,3,pre1,pre1;1,形容詞,pre1:1831;1:373,2
evergreen,evergreen,word,常緑の,常緑の,exam,3,pre1,pre1,形容詞,pre1:2759,1
exaggeration,exaggeration,word,誇張,誇張 / 誇張，過大評価，過大視,exam,3,pre1,pre1;1,名詞,pre1:1308;1:1909,2
exalt,exalt,word,高揚する,高揚する,exam,3,pre1,pre1,動詞,pre1:2262,1
examiner,examiner,word,審査官，試験官,審査官，試験官,exam,3,pre1,pre1,名詞,pre1:1279,1
exceed,exceed,word,を超える，超過する,を超える，超過する,exam,3,pre1,pre1,動詞,pre1:905,1
excel,excel,word,勝る，優れる，上回る,勝る，優れる，上回る,exam,3,pre1,pre1;1,動詞,pre1:1704;1:336,2
exceptional,exceptional,word,例外の，まれな,例外の，まれな,exam,3,pre1,pre1,形容詞,pre1:1089,1
excerpt,excerpt,word,抜粋，引用句,抜粋，引用句 / 抜粋，引用,exam,3,pre1,pre1;1,名詞,pre1:2433;1:568,2
exclaim,exclaim,word,を叫ぶ，大声で言う,を叫ぶ，大声で言う,exam,3,pre1,pre1,動詞,pre1:832,1
exclamation,exclamation,word,感嘆，叫び,感嘆，叫び / 感嘆,exam,3,pre1,pre1;1,名詞,pre1:1492;1:3173,2
exclusion,exclusion,word,除外,除外,exam,3,pre1,pre1,名詞,pre1:1931,1
exclusively,exclusively,word,排他的に，限定して,排他的に，限定して,exam,3,pre1,pre1;1,副詞,pre1:1086;1:44,2
excursion,excursion,word,遠足,遠足 / 遠足，日帰り旅行,exam,3,pre1,pre1;1,名詞,pre1:1194;1:1050,2
execute,execute,word,を実行する，遂行する,を実行する，遂行する,exam,3,pre1,pre1,動詞,pre1:991,1
execution,execution,word,実行，遂行,実行，遂行,exam,3,pre1,pre1,名詞,pre1:1609,1
exempt,exempt,word,を免除する,を免除する,exam,3,pre1,pre1,動詞,pre1:2451,1
exertion,exertion,word,尽力，努力,尽力，努力,exam,3,pre1,pre1,名詞,pre1:2788,1
exhaustion,exhaustion,word,枯渇，疲労,枯渇，疲労,exam,3,pre1,pre1,名詞,pre1:1033,1
exile,exile,word,亡命，国外追放,亡命，国外追放,exam,3,pre1,pre1,名詞,pre1:1528,1
exotic,exotic,word,異国情緒の，外国の,異国情緒の，外国の,exam,3,pre1,pre1,形容詞,pre1:2124,1
expanse,expanse,word,広がり,広がり,exam,3,pre1,pre1,名詞,pre1:1989,1
expedition,expedition,word,遠征,遠征,exam,3,pre1,pre1,名詞,pre1:583,1
expel,expel,word,を追放する，除名する,を追放する，除名する,exam,3,pre1,pre1,動詞,pre1:2190,1
expend,expend,word,費やす，消費する,費やす，消費する,exam,3,pre1,pre1,動詞,pre1:1690,1
expenditure,expenditure,word,消費，経費,消費，経費,exam,3,pre1,pre1,名詞,pre1:1941,1
experimental,experimental,word,実験的な，実験の,実験的な，実験の,exam,3,pre1,pre1,形容詞,pre1:642,1
expertise,expertise,word,専門知識,専門知識,exam,3,pre1,pre1,名詞,pre1:1595,1
explicit,explicit,word,明らかな，はっきりとした,明らかな，はっきりとした,exam,3,pre1,pre1;1,形容詞,pre1:2141;1:458,2
exploit,exploit,word,偉業，業績,偉業，業績,exam,3,pre1,pre1;1,名詞,pre1:1127;1:115,2
exploration,exploration,word,探査，探索,探査，探索,exam,3,pre1,pre1;1,名詞,pre1:835;1:264,2
expressive,expressive,word,表現力豊かな，表現に富む,表現力豊かな，表現に富む,exam,3,pre1,pre1,形容詞,pre1:1432,1
exquisite,exquisite,word,絶妙な，見事な,絶妙な，見事な,exam,3,pre1,pre1;1,形容詞,pre1:1549;1:438,2
extinguish,extinguish,word,を消す,を消す,exam,3,pre1,pre1,動詞,pre1:2209,1
extravagance,extravagance,word,浪費,浪費,exam,3,pre1,pre1,名詞,pre1:2500,1
extravagant,extravagant,word,贅沢な，無駄遣いの,贅沢な，無駄遣いの,exam,3,pre1,pre1,形容詞,pre1:2109,1
eyelash,eyelash,word,まつげ,まつげ,exam,3,pre1,pre1,名詞,pre1:1774,1
eyelid,eyelid,word,まぶた,まぶた,exam,3,pre1,pre1,名詞,pre1:1645,1
fable,fable,word,作り話,作り話 / 寓話,exam,3,pre1,pre1;1,名詞,pre1:1252;1:2551,2
fabricate,fabricate,word,作り上げる，でっち上げる,作り上げる，でっち上げる,exam,3,pre1,pre1;1,動詞,pre1:3023;1:4185,2
fabulous,fabulous,word,素晴らしい,素晴らしい,exam,3,pre1,pre1,形容詞,pre1:2726,1
facade,facade,word,正面，真正面,正面，真正面,exam,3,pre1,pre1,名詞,pre1:3177,1
facile,facile,word,安易な，手軽な,安易な，手軽な,exam,3,pre1,pre1;1,形容詞,pre1:3207;1:664,2
facilitate,facilitate,word,を促進する，楽にする,を促進する，楽にする,exam,3,pre1,pre1,動詞,pre1:2315,1
faction,faction,word,派閥，党派,派閥，党派,exam,3,pre1,pre1;1,名詞,pre1:2203;1:488,2
faculty,faculty,word,学部,学部,exam,3,pre1,pre1,名詞,pre1:1235,1
fad,fad,word,流行,流行,exam,3,pre1,pre1,名詞,pre1:2258,1
faint,faint,word,かすかな，ぼんやりした,かすかな，ぼんやりした,exam,3,pre1,pre1,形容詞,pre1:410,1
fairness,fairness,word,公平さ,公平さ,exam,3,pre1,pre1,名詞,pre1:484,1
faithful,faithful,word,忠実な，誠実な,忠実な，誠実な,exam,3,pre1,pre1,形容詞,pre1:364,1
faithfully,faithfully,word,忠実に，誠実に,忠実に，誠実に,exam,3,pre1,pre1,副詞,pre1:688,1
faithless,faithless,word,不誠実な，不実な,不誠実な，不実な,exam,3,pre1,pre1,形容詞,pre1:2426,1
falsify,falsify,word,改ざんする,改ざんする,exam,3,pre1,pre1,動詞,pre1:3163,1
fanatical,fanatical,word,熱狂的な，熱烈な,熱狂的な，熱烈な,exam,3,pre1,pre1,形容詞,pre1:128,1
faraway,faraway,word,遠くの,遠くの,exam,3,pre1,pre1,形容詞,pre1:1093,1
farewell,farewell,word,別れ,別れ,exam,3,pre1,pre1,名詞,pre1:651,1
fascinating,fascinating,word,魅惑的な，うっとりさせる,魅惑的な，うっとりさせる,exam,3,pre1,pre1,形容詞,pre1:523,1
fascination,fascination,word,魅惑,魅惑,exam,3,pre1,pre1,名詞,pre1:1942,1
fasten,fasten,word,を固定する，締める,を固定する，締める,exam,3,pre1,pre1,動詞,pre1:447,1
fatal,fatal,word,致命的な，運命の,致命的な，運命の,exam,3,pre1,pre1,形容詞,pre1:416,1
fatherland,fatherland,word,祖国,祖国,exam,3,pre1,pre1,名詞,pre1:2641,1
favorable,favorable,word,好ましい，有利な,好ましい，有利な,exam,3,pre1,pre1;1,形容詞,pre1:311;1:128,2
feasible,feasible,word,実行可能な，可能性のある,実行可能な，可能性のある,exam,3,pre1,pre1;1,形容詞,pre1:3075;1:218,2
feast,feast,word,ごちそう，祝祭,ごちそう，祝祭,exam,3,pre1,pre1,名詞,pre1:609,1
feat,feat,word,偉業，功績,偉業，功績 / 偉業,exam,3,pre1,pre1;1,名詞,pre1:2851;1:3181,2
federation,federation,word,連合，連盟,連合，連盟,exam,3,pre1,pre1,名詞,pre1:1016,1
feeble,feeble,word,弱った，虚弱な,弱った，虚弱な / 弱々しい,exam,3,pre1,pre1;1,形容詞,pre1:1369;1:2964,2
feminine,feminine,word,女性らしい,女性らしい,exam,3,pre1,pre1,形容詞,pre1:1939,1
feminist,feminist,word,男女同権主義者,男女同権主義者,exam,3,pre1,pre1;1,名詞,pre1:1129;1:401,2
ferocious,ferocious,word,どう猛な，恐ろしい,どう猛な，恐ろしい / どう猛な，激しい,exam,3,pre1,pre1;1,形容詞,pre1:2964;1:745,2
fertile,fertile,word,肥沃な，多産の,肥沃な，多産の,exam,3,pre1,pre1;1,形容詞,pre1:612;1:83,2
fetch,fetch,word,を取ってくる,を取ってくる,exam,3,pre1,pre1,動詞,pre1:658,1
feudal,feudal,word,領地の，封建の,領地の，封建の,exam,3,pre1,pre1,形容詞,pre1:2602,1
feverish,feverish,word,熱っぽい,熱っぽい,exam,3,pre1,pre1,形容詞,pre1:1630,1
fiction,fiction,word,創作，作り話,創作，作り話,exam,3,pre1,pre1,名詞,pre1:122,1
fidelity,fidelity,word,忠実度,忠実度,exam,3,pre1,pre1,名詞,pre1:3141,1
fierce,fierce,word,激しい，凶暴な,激しい，凶暴な,exam,3,pre1,pre1,形容詞,pre1:653,1
fiery,fiery,word,燃え立つような,燃え立つような,exam,3,pre1,pre1,形容詞,pre1:1848,1
filament,filament,word,細糸，線条,細糸，線条,exam,3,pre1,pre1,名詞,pre1:204,1
fingertip,fingertip,word,指先,指先,exam,3,pre1,pre1,名詞,pre1:2472,1
finite,finite,word,有限の，限りある,有限の，限りある,exam,3,pre1,pre1,形容詞,pre1:2294,1
fiscal,fiscal,word,財政上の，国庫の,財政上の，国庫の,exam,3,pre1,pre1,形容詞,pre1:1564,1
fixture,fixture,word,備品,備品,exam,3,pre1,pre1,名詞,pre1:2632,1
flair,flair,word,才能，能力,才能，能力,exam,3,pre1,pre1,名詞,pre1:2673,1
flammable,flammable,word,可燃性,可燃性,exam,3,pre1,pre1,形容詞,pre1:3329,1
flap,flap,word,羽ばたく,羽ばたく,exam,3,pre1,pre1,動詞,pre1:1575,1
flash,flash,word,閃光,閃光,exam,3,pre1,pre1,名詞,pre1:137,1
flatter,flatter,word,にお世辞を言う,にお世辞を言う,exam,3,pre1,pre1,動詞,pre1:815,1
flattery,flattery,word,お世辞，おべっか,お世辞，おべっか,exam,3,pre1,pre1,名詞,pre1:1500,1
flaw,flaw,word,欠点,欠点,exam,3,pre1,pre1,名詞,pre1:2677,1
fleet,fleet,word,艦隊,艦隊,exam,3,pre1,pre1,名詞,pre1:986,1
flexible,flexible,word,柔軟な，しなやかな,柔軟な，しなやかな,exam,3,pre1,pre1,形容詞,pre1:608,1
fling,fling,word,を投げ飛ばす,を投げ飛ばす / 投げる,exam,3,pre1,pre1;1,動詞,pre1:1217;1:3293,2
flock,flock,word,群れ，集団,群れ，集団,exam,3,pre1,pre1,名詞,pre1:79,1
flour,flour,word,小麦粉,小麦粉,exam,3,pre1,pre1,名詞,pre1:263,1
flourish,flourish,word,繁栄する，栄える,繁栄する，栄える,exam,3,pre1,pre1,動詞,pre1:689,1
flu,flu,word,インフルエンザ,インフルエンザ,exam,3,pre1,pre1,名詞,pre1:475,1
fluent,fluent,word,流暢な,流暢な,exam,3,pre1,pre1,形容詞,pre1:650,1
fluid,fluid,word,液体，流動体,液体，流動体,exam,3,pre1,pre1,名詞,pre1:1145,1
flush,flush,word,流す,流す,exam,3,pre1,pre1,動詞,pre1:1844,1
foam,foam,word,小さな泡，微細な泡,小さな泡，微細な泡,exam,3,pre1,pre1;1,名詞,pre1:856;1:451,2
foe,foe,word,敵,敵,exam,3,pre1,pre1,名詞,pre1:3034,1
foggy,foggy,word,霧のかかった,霧のかかった,exam,3,pre1,pre1,形容詞,pre1:1852,1
foil,foil,word,箔，金属の箔,箔，金属の箔,exam,3,pre1,pre1,名詞,pre1:3368,1
folklore,folklore,word,民話,民話,exam,3,pre1,pre1,名詞,pre1:1713,1
folly,folly,word,愚かさ，愚劣,愚かさ，愚劣 / 愚かな，馬鹿な,exam,3,pre1,pre1;1,名詞,pre1:1412;1:667,2
footnote,footnote,word,脚注,脚注,exam,3,pre1,pre1,名詞,pre1:2576,1
forbid,forbid,word,を禁じる，禁止する,を禁じる，禁止する,exam,3,pre1,pre1,動詞,pre1:696,1
forceful,forceful,word,力強い，強い,力強い，強い,exam,3,pre1,pre1,形容詞,pre1:1814,1
forcible,forcible,word,強制的な，強い,強制的な，強い,exam,3,pre1,pre1;1,形容詞,pre1:2908;1:122,2
fore,fore,word,前方の，前部の,前方の，前部の,exam,3,pre1,pre1,形容詞,pre1:2667,1
forearm,forearm,word,前腕部,前腕部,exam,3,pre1,pre1,名詞,pre1:2449,1
forefather,forefather,word,先祖，祖先,先祖，祖先,exam,3,pre1,pre1,名詞,pre1:1904,1
forefinger,forefinger,word,人差し指,人差し指,exam,3,pre1,pre1,名詞,pre1:2868,1
forehead,forehead,word,おでこ，ひたい,おでこ，ひたい,exam,3,pre1,pre1,名詞,pre1:630,1
foresee,foresee,word,予見する，予測する,予見する，予測する,exam,3,pre1,pre1;1,動詞,pre1:1826;1:351,2
foretell,foretell,word,を予告する，予言する,を予告する，予言する,exam,3,pre1,pre1,動詞,pre1:2721,1
forgery,forgery,word,偽造,偽造,exam,3,pre1,pre1;1,名詞,pre1:3260;1:2559,2
forgetful,forgetful,word,忘れっぽい，忘れやすい,忘れっぽい，忘れやすい,exam,3,pre1,pre1,形容詞,pre1:857,1
forgive,forgive,word,を許す，大目に見る,を許す，大目に見る,exam,3,pre1,pre1,動詞,pre1:21,1
formerly,formerly,word,以前は，かつて,以前は，かつて,exam,3,pre1,pre1,副詞,pre1:310,1
formidable,formidable,word,恐ろしい，手ごわい,恐ろしい，手ごわい,exam,3,pre1,pre1;1,形容詞,pre1:1760;1:166,2
formulate,formulate,word,策定する，計画する,策定する，計画する,exam,3,pre1,pre1;1,動詞,pre1:1792;1:479,2
forsake,forsake,word,を見捨てる，突き放す,を見捨てる，突き放す,exam,3,pre1,pre1,動詞,pre1:1821,1
forthcoming,forthcoming,word,今後の,今後の,exam,3,pre1,pre1,形容詞,pre1:1867,1
fortnight,fortnight,word,二週間,二週間,exam,3,pre1,pre1,名詞,pre1:1338,1
fortunate,fortunate,word,幸運な，運の良い,幸運な，運の良い,exam,3,pre1,pre1,形容詞,pre1:248,1
forum,forum,word,公開討論会,公開討論会,exam,3,pre1,pre1,名詞,pre1:1669,1
foster,foster,word,を養育する，の世話をする,を養育する，の世話をする,exam,3,pre1,pre1,動詞,pre1:1359,1
fountain,fountain,word,噴水，泉,噴水，泉,exam,3,pre1,pre1,名詞,pre1:107,1
fragrant,fragrant,word,香りのよい，香り高い,香りのよい，香り高い / 香ばしい,exam,3,pre1,pre1;1,形容詞,pre1:2657;1:2101,2
frail,frail,word,もろい，か弱い,もろい，か弱い,exam,3,pre1,pre1,形容詞,pre1:2003,1
framework,framework,word,骨格,骨格,exam,3,pre1,pre1,名詞,pre1:1298,1
frank,frank,word,率直な，隠さない,率直な，隠さない,exam,3,pre1,pre1,形容詞,pre1:124,1
frankly,frankly,word,率直に，直接的に,率直に，直接的に,exam,3,pre1,pre1;1,副詞,pre1:422;1:274,2
frantic,frantic,word,半狂乱の，狂った,半狂乱の，狂った / 気が狂ったような,exam,3,pre1,pre1;1,形容詞,pre1:2272;1:3658,2
fraud,fraud,word,詐欺，ごまかし,詐欺，ごまかし,exam,3,pre1,pre1,名詞,pre1:1822,1
freight,freight,word,運賃，貨物運送,運賃，貨物運送,exam,3,pre1,pre1,名詞,pre1:1508,1
frequency,frequency,word,周波数，頻繁さ,周波数，頻繁さ,exam,3,pre1,pre1,名詞,pre1:798,1
freshman,freshman,word,新入生,新入生,exam,3,pre1,pre1,名詞,pre1:708,1
friction,friction,word,摩擦，不和,摩擦，不和,exam,3,pre1,pre1,名詞,pre1:1871,1
fright,fright,word,恐怖，驚き,恐怖，驚き,exam,3,pre1,pre1,名詞,pre1:1608,1
frightful,frightful,word,恐ろしい,恐ろしい,exam,3,pre1,pre1,形容詞,pre1:1702,1
frivolous,frivolous,word,軽薄な，いい加減な,軽薄な，いい加減な / 軽薄な,exam,3,pre1,pre1;1,形容詞,pre1:2795;1:2891,2
frugal,frugal,word,質素な，倹約な,質素な，倹約な / 質素な,exam,3,pre1,pre1;1,形容詞,pre1:2719;1:3803,2
frustrate,frustrate,word,挫折させる,挫折させる,exam,3,pre1,pre1,動詞,pre1:1206,1
frustration,frustration,word,欲求不満，落胆,欲求不満，落胆,exam,3,pre1,pre1,名詞,pre1:569,1
fulfillment,fulfillment,word,遂行,遂行,exam,3,pre1,pre1,名詞,pre1:1125,1
fumigate,fumigate,word,燻蒸する,燻蒸する,exam,3,pre1,pre1,動詞,pre1:3007,1
fungus,fungus,word,菌,菌,exam,3,pre1,pre1,名詞,pre1:2921,1
furious,furious,word,怒り狂った,怒り狂った,exam,3,pre1,pre1,形容詞,pre1:1613,1
furnace,furnace,word,かまど，暖炉,かまど，暖炉,exam,3,pre1,pre1,名詞,pre1:1646,1
furnish,furnish,word,家具を備える,家具を備える,exam,3,pre1,pre1,動詞,pre1:556,1
furnished,furnished,word,家具付きの,家具付きの,exam,3,pre1,pre1,形容詞,pre1:1889,1
fury,fury,word,激怒,激怒,exam,3,pre1,pre1,名詞,pre1:1483,1
fusion,fusion,word,融合,融合,exam,3,pre1,pre1,名詞,pre1:2494,1
fuss,fuss,word,空騒ぎ,空騒ぎ,exam,3,pre1,pre1,名詞,pre1:1167,1
fussy,fussy,word,小うるさい,小うるさい,exam,3,pre1,pre1;1,形容詞,pre1:3374;1:3920,2
futile,futile,word,無駄な,無駄な / 無駄な，非効率的な,exam,3,pre1,pre1;1,形容詞,pre1:2894;1:1522,2
fuzzy,fuzzy,word,ぼやけた,ぼやけた,exam,3,pre1,pre1,形容詞,pre1:960,1
gaily,gaily,word,陽気に,陽気に,exam,3,pre1,pre1,副詞,pre1:2913,1
galaxy,galaxy,word,銀河,銀河,exam,3,pre1,pre1,名詞,pre1:2049,1
gale,gale,word,疾風，強風,疾風，強風,exam,3,pre1,pre1,名詞,pre1:2112,1
garble,garble,word,文字化けする,文字化けする,exam,3,pre1,pre1,動詞,pre1:3369,1
gargle,gargle,word,うがいする,うがいする,exam,3,pre1,pre1,動詞,pre1:1548,1
garment,garment,word,衣服,衣服,exam,3,pre1,pre1,名詞,pre1:1126,1
garnish,garnish,word,飾る，装飾する,飾る，装飾する,exam,3,pre1,pre1;1,動詞,pre1:3242;1:1288,2
gasp,gasp,word,あえぎ,あえぎ / 息をのむ,exam,3,pre1,pre1;1,動詞,pre1:1395;1:1345,2
gaudy,gaudy,word,派手,派手,exam,3,pre1,pre1,形容詞,pre1:3228,1
gauge,gauge,word,規格,規格,exam,3,pre1,pre1,名詞,pre1:2226,1
gem,gem,word,宝石,宝石,exam,3,pre1,pre1,名詞,pre1:1273,1
gender,gender,word,性別，性,性別，性,exam,3,pre1,pre1,名詞,pre1:2253,1
genetic,genetic,word,遺伝的な，遺伝による,遺伝的な，遺伝による,exam,3,pre1,pre1;1,形容詞,pre1:1063;1:517,2
geographical,geographical,word,地理的な,地理的な,exam,3,pre1,pre1,形容詞,pre1:1612,1
geography,geography,word,地理，地理学,地理，地理学,exam,3,pre1,pre1,名詞,pre1:98,1
geology,geology,word,地質学,地質学 / 地質学，岩石の科学,exam,3,pre1,pre1;1,名詞,pre1:1899;1:175,2
geometry,geometry,word,幾何学,幾何学,exam,3,pre1,pre1,名詞,pre1:959,1
giggle,giggle,word,くすくす笑う,くすくす笑う,exam,3,pre1,pre1,動詞,pre1:1602,1
glacier,glacier,word,氷河，ゆっくりと動く氷塊,氷河，ゆっくりと動く氷塊,exam,3,pre1,pre1,名詞,pre1:1715,1
glare,glare,word,まぶしい光,まぶしい光,exam,3,pre1,pre1,名詞,pre1:1597,1
glaze,glaze,word,上塗りする,上塗りする,exam,3,pre1,pre1,動詞,pre1:2352,1
gleam,gleam,word,きらめき，薄明かり,きらめき，薄明かり / きらめく,exam,3,pre1,pre1;1,名詞,pre1:698;1:2305,2
glide,glide,word,滑る,滑る,exam,3,pre1,pre1;1,動詞,pre1:3168;1:3521,2
glimpse,glimpse,word,ひと目見ること,ひと目見ること,exam,3,pre1,pre1,名詞,pre1:1166,1
glisten,glisten,word,きらめく，光る,きらめく，光る / 輝く，きらめく,exam,3,pre1,pre1;1,動詞,pre1:2507;1:1991,2
gloomy,gloomy,word,憂鬱な，暗い,憂鬱な，暗い / 暗い,exam,3,pre1,pre1;1,形容詞,pre1:592;1:2120,2
glorify,glorify,word,栄光をたたえる，賛美する,栄光をたたえる，賛美する,exam,3,pre1,pre1,動詞,pre1:163,1
glorious,glorious,word,栄光のある，名誉ある,栄光のある，名誉ある,exam,3,pre1,pre1,形容詞,pre1:790,1
glory,glory,word,栄光，名誉,栄光，名誉,exam,3,pre1,pre1,名詞,pre1:408,1
glossary,glossary,word,用語集,用語集,exam,3,pre1,pre1,名詞,pre1:2916,1
glossy,glossy,word,光沢のある，つやのある,光沢のある，つやのある / 光沢のある，つややかな,exam,3,pre1,pre1;1,形容詞,pre1:2924;1:1588,2
glue,glue,word,接着剤,接着剤,exam,3,pre1,pre1,名詞,pre1:129,1
gorge,gorge,word,峡谷，谷間,峡谷，谷間 / 峡谷，渓谷,exam,3,pre1,pre1;1,名詞,pre1:2396;1:1818,2
graceful,graceful,word,優雅な，上品な,優雅な，上品な / 優雅な，洗練された,exam,3,pre1,pre1;1,形容詞,pre1:897;1:784,2
gracious,gracious,word,優雅な,優雅な,exam,3,pre1,pre1,形容詞,pre1:1849,1
grain,grain,word,穀物，穀類,穀物，穀類,exam,3,pre1,pre1;1,名詞,pre1:265;1:286,2
grammatical,grammatical,word,文法の,文法の,exam,3,pre1,pre1,形容詞,pre1:1318,1
grandeur,grandeur,word,雄大さ，壮大さ,雄大さ，壮大さ,exam,3,pre1,pre1,名詞,pre1:2689,1
grate,grate,word,格子，格子状,格子，格子状,exam,3,pre1,pre1;1,名詞,pre1:3293;1:781,2
gratification,gratification,word,満足，喜び,満足，喜び,exam,3,pre1,pre1,名詞,pre1:2778,1
gratify,gratify,word,を満足させる,を満足させる,exam,3,pre1,pre1,動詞,pre1:1885,1
gratitude,gratitude,word,感謝，謝意,感謝，謝意,exam,3,pre1,pre1,名詞,pre1:1429,1
gratuity,gratuity,word,心付け,心付け,exam,3,pre1,pre1;1,名詞,pre1:3390;1:3289,2
gravel,gravel,word,砂利,砂利,exam,3,pre1,pre1,名詞,pre1:2572,1
gravestone,gravestone,word,墓石,墓石,exam,3,pre1,pre1,名詞,pre1:2445,1
graze,graze,word,軽く食べる,軽く食べる,exam,3,pre1,pre1,動詞,pre1:1394,1
greed,greed,word,貪欲，強欲,貪欲，強欲,exam,3,pre1,pre1,名詞,pre1:1616,1
greedy,greedy,word,貪欲な，欲張りの,貪欲な，欲張りの,exam,3,pre1,pre1,形容詞,pre1:382,1
grief,grief,word,悲しみ，深い悲しみ,悲しみ，深い悲しみ,exam,3,pre1,pre1,名詞,pre1:77,1
grieve,grieve,word,深く悲しむ，嘆く,深く悲しむ，嘆く,exam,3,pre1,pre1,動詞,pre1:628,1
grim,grim,word,厳格な，険しい,厳格な，険しい / 険しい,exam,3,pre1,pre1;1,形容詞,pre1:757;1:3879,2
grind,grind,word,をひく，細かく砕く,をひく，細かく砕く,exam,3,pre1,pre1,動詞,pre1:515,1
groan,groan,word,うめき声，うなり声,うめき声，うなり声,exam,3,pre1,pre1,名詞,pre1:795,1
groom,groom,word,新郎,新郎,exam,3,pre1,pre1,名詞,pre1:3370,1
gross,gross,word,全体の，総体的な,全体の，総体的な,exam,3,pre1,pre1;1,形容詞,pre1:51;1:375,2
grotesque,grotesque,word,怪奇な，異様な,怪奇な，異様な / 奇怪な，異様な,exam,3,pre1,pre1;1,形容詞,pre1:2374;1:4263,2
grouchy,grouchy,word,不機嫌な,不機嫌な,exam,3,pre1,pre1,形容詞,pre1:3054,1
growl,growl,word,うなり声,うなり声,exam,3,pre1,pre1,動詞,pre1:1876,1
grumble,grumble,word,不平，不満,不平，不満,exam,3,pre1,pre1,名詞,pre1:1948,1
grumpy,grumpy,word,気難しい,気難しい,exam,3,pre1,pre1,形容詞,pre1:3052,1
guilt,guilt,word,罪悪感，有罪,罪悪感，有罪,exam,3,pre1,pre1;1,名詞,pre1:378;1:69,2
gulf,gulf,word,湾,湾,exam,3,pre1,pre1,名詞,pre1:3336,1
gulp,gulp,word,急いで飲み込む,急いで飲み込む,exam,3,pre1,pre1,動詞,pre1:2118,1
gush,gush,word,吹き出る,吹き出る / 湧き出る,exam,3,pre1,pre1;1,動詞,pre1:2220;1:2253,2
gust,gust,word,突風,突風 / 突風，突然の風,exam,3,pre1,pre1;1,名詞,pre1:2596;1:1723,2
gutter,gutter,word,側溝，排水溝,側溝，排水溝,exam,3,pre1,pre1;1,名詞,pre1:2535;1:411,2
habitat,habitat,word,生息地,生息地,exam,3,pre1,pre1,名詞,pre1:1967,1
habitual,habitual,word,習慣的な，常習的な,習慣的な，常習的な,exam,3,pre1,pre1,形容詞,pre1:1414,1
halfway,halfway,word,途中の，中間の,途中の，中間の,exam,3,pre1,pre1,形容詞,pre1:285,1
halt,halt,word,立ち止まる，停止,立ち止まる，停止,exam,3,pre1,pre1,動詞,pre1:879,1
halve,halve,word,2等分する，半分に分ける,2等分する，半分に分ける,exam,3,pre1,pre1,動詞,pre1:1458,1
handful,handful,word,一握りの,一握りの,exam,3,pre1,pre1,形容詞,pre1:401,1
hangover,hangover,word,二日酔い,二日酔い,exam,3,pre1,pre1,名詞,pre1:2234,1
hardy,hardy,word,丈夫な,丈夫な,exam,3,pre1,pre1;1,形容詞,pre1:3083;1:2882,2
harmless,harmless,word,無害な,無害な,exam,3,pre1,pre1,形容詞,pre1:912,1
harmonious,harmonious,word,調和のとれた,調和のとれた,exam,3,pre1,pre1,形容詞,pre1:1479,1
haste,haste,word,急ぐ/急ぎ,急ぐ/急ぎ,exam,3,pre1,pre1,名詞,pre1:332,1
hasten,hasten,word,急ぐ,急ぐ / 急がせる，焦らせる,exam,3,pre1,pre1;1,動詞,pre1:479;1:1486,2
hasty,hasty,word,急ぐ，急ぎ足で,急ぐ，急ぎ足で,exam,3,pre1,pre1;1,形容詞,pre1:467;1:265,2
hatch,hatch,word,ふ化する,ふ化する,exam,3,pre1,pre1,動詞,pre1:1891,1
hatred,hatred,word,憎しみ，憎悪,憎しみ，憎悪,exam,3,pre1,pre1,名詞,pre1:437,1
haul,haul,word,を運搬する，引っ張る,を運搬する，引っ張る,exam,3,pre1,pre1,動詞,pre1:1701,1
haunt,haunt,word,にたびたび行く,にたびたび行く,exam,3,pre1,pre1,動詞,pre1:1056,1
haven,haven,word,避難所,避難所,exam,3,pre1,pre1,名詞,pre1:2531,1
hay,hay,word,干し草,干し草,exam,3,pre1,pre1,名詞,pre1:753,1
hazard,hazard,word,危険,危険,exam,3,pre1,pre1,名詞,pre1:1927,1
haze,haze,word,もや，かすみ,もや，かすみ,exam,3,pre1,pre1,名詞,pre1:2809,1
heal,heal,word,癒す，治す,癒す，治す,exam,3,pre1,pre1;1,動詞,pre1:330;1:390,2
heap,heap,word,かたまり,かたまり / 塊，山盛り,exam,3,pre1,pre1;1,名詞,pre1:831;1:1881,2
hearth,hearth,word,囲炉裏,囲炉裏,exam,3,pre1,pre1,名詞,pre1:1940,1
heath,heath,word,荒野，野原,荒野，野原,exam,3,pre1,pre1;1,名詞,pre1:2707;1:468,2
hectic,hectic,word,興奮した,興奮した,exam,3,pre1,pre1,形容詞,pre1:2763,1
hedge,hedge,word,垣根，障壁，障害物,垣根，障壁，障害物,exam,3,pre1,pre1;1,名詞,pre1:486;1:343,2
heed,heed,word,注意する，気を付ける,注意する，気を付ける,exam,3,pre1,pre1,動詞,pre1:1917,1
heir,heir,word,相続人，跡取り,相続人，跡取り,exam,3,pre1,pre1,名詞,pre1:541,1
hence,hence,word,したがって，結果として,したがって，結果として,exam,3,pre1,pre1,副詞,pre1:1263,1
herald,herald,word,報道者，使者,報道者，使者 / 使者，使い，代表者,exam,3,pre1,pre1;1,名詞,pre1:2878;1:1801,2
herb,herb,word,薬草,薬草,exam,3,pre1,pre1,名詞,pre1:1360,1
herd,herd,word,群れ，集団,群れ，集団,exam,3,pre1,pre1;1,名詞,pre1:489;1:392,2
heredity,heredity,word,遺伝，相続,遺伝，相続,exam,3,pre1,pre1,名詞,pre1:2567,1
heroic,heroic,word,英雄的な，勇ましい,英雄的な，勇ましい,exam,3,pre1,pre1,形容詞,pre1:392,1
hibernate,hibernate,word,冬眠する,冬眠する,exam,3,pre1,pre1,動詞,pre1:3307,1
hidden,hidden,word,隠された，隠秘の,隠された，隠秘の,exam,3,pre1,pre1;1,形容詞,pre1:367;1:481,2
highness,highness,word,高度，殿下,高度，殿下,exam,3,pre1,pre1,名詞,pre1:2519,1
hillside,hillside,word,山腹，斜面,山腹，斜面,exam,3,pre1,pre1,名詞,pre1:466,1
hinder,hinder,word,妨げる,妨げる,exam,3,pre1,pre1,動詞,pre1:3145,1
hinge,hinge,word,要点，蝶番,要点，蝶番,exam,3,pre1,pre1,名詞,pre1:2011,1
hitch,hitch,word,引っかける,引っかける,exam,3,pre1,pre1,動詞,pre1:2152,1
hitherto,hitherto,word,従来，今まで,従来，今まで,exam,3,pre1,pre1,副詞,pre1:2319,1
holistic,holistic,word,全体論の，総体的な,全体論の，総体的な / 全体論的な，総体的な,exam,3,pre1,pre1;1,形容詞,pre1:32;1:4271,2
hollow,hollow,word,くぼみ/空洞のある,くぼみ/空洞のある / 空洞のある，中が空の,exam,3,pre1,pre1;1,名詞,pre1:365;1:625,2
holocaust,holocaust,word,大虐殺,大虐殺,exam,3,pre1,pre1,名詞,pre1:2762,1
honorable,honorable,word,尊敬できる,尊敬できる,exam,3,pre1,pre1,形容詞,pre1:601,1
horrible,horrible,word,恐ろしい,恐ろしい,exam,3,pre1,pre1,形容詞,pre1:62,1
hostage,hostage,word,人質,人質,exam,3,pre1,pre1,名詞,pre1:2314,1
hostile,hostile,word,敵意のある，反感を持つ，敵対視する,敵意のある，反感を持つ，敵対視する,exam,3,pre1,pre1;1,形容詞,pre1:1022;1:266,2
hover,hover,word,空中停止する,空中停止する,exam,3,pre1,pre1,動詞,pre1:2491,1
howl,howl,word,遠吠えする,遠吠えする,exam,3,pre1,pre1,動詞,pre1:810,1
hug,hug,word,抱擁/を抱きしめる,抱擁/を抱きしめる,exam,3,pre1,pre1,名詞,pre1:575,1
humane,humane,word,人道的な，人道に基づく,人道的な，人道に基づく,exam,3,pre1,pre1,形容詞,pre1:2906,1
humiliate,humiliate,word,に恥をかかせる,に恥をかかせる,exam,3,pre1,pre1,動詞,pre1:2346,1
hurdle,hurdle,word,課題，困難,課題，困難,exam,3,pre1,pre1,名詞,pre1:3356,1
hydrogen,hydrogen,word,水素,水素,exam,3,pre1,pre1,名詞,pre1:1870,1
hygiene,hygiene,word,衛生,衛生 / 衛生，清潔,exam,3,pre1,pre1;1,名詞,pre1:2463;1:1131,2
hymn,hymn,word,賛美歌,賛美歌,exam,3,pre1,pre1,名詞,pre1:1321,1
hypocrite,hypocrite,word,偽善者,偽善者 / 偽善者，偽善行為をする人,exam,3,pre1,pre1;1,名詞,pre1:2637;1:1227,2
hypothesis,hypothesis,word,仮説，推論,仮説，推論 / 仮説，推測,exam,3,pre1,pre1;1,名詞,pre1:1893;1:9,2
ideally,ideally,word,理想的には，申し分なく,理想的には，申し分なく,exam,3,pre1,pre1,副詞,pre1:769,1
identification,identification,word,身分証明書，身元確認,身分証明書，身元確認,exam,3,pre1,pre1,名詞,pre1:1007,1
idiom,idiom,word,熟語,熟語,exam,3,pre1,pre1,名詞,pre1:1286,1
idiot,idiot,word,馬鹿,馬鹿,exam,3,pre1,pre1,名詞,pre1:916,1
idle,idle,word,停止状態,停止状態,exam,3,pre1,pre1,形容詞,pre1:3297,1
idly,idly,word,何もしないで，怠けて,何もしないで，怠けて,exam,3,pre1,pre1,副詞,pre1:2774,1
ignition,ignition,word,点火，発火,点火，発火,exam,3,pre1,pre1,名詞,pre1:2181,1
illegitimate,illegitimate,word,違法の，非合法の,違法の，非合法の,exam,3,pre1,pre1,形容詞,pre1:2787,1
illogical,illogical,word,非論理的な,非論理的な,exam,3,pre1,pre1,形容詞,pre1:2813,1
illusion,illusion,word,幻覚，思い込み,幻覚，思い込み,exam,3,pre1,pre1,名詞,pre1:542,1
imitation,imitation,word,模倣,模倣,exam,3,pre1,pre1,名詞,pre1:595,1
immature,immature,word,未熟な，未成熟の,未熟な，未成熟の,exam,3,pre1,pre1,形容詞,pre1:1223,1
immeasurable,immeasurable,word,計り知れない，無限の,計り知れない，無限の,exam,3,pre1,pre1,形容詞,pre1:2700,1
immense,immense,word,巨大な，莫大な,巨大な，莫大な,exam,3,pre1,pre1,形容詞,pre1:409,1
immensely,immensely,word,莫大に，広大に,莫大に，広大に,exam,3,pre1,pre1,副詞,pre1:702,1
immerse,immerse,word,浸す，没入する,浸す，没入する,exam,3,pre1,pre1,動詞,pre1:3375,1
immortal,immortal,word,不滅の，不死の,不滅の，不死の,exam,3,pre1,pre1,形容詞,pre1:1272,1
impair,impair,word,を損なう，弱める,を損なう，弱める,exam,3,pre1,pre1,動詞,pre1:2595,1
impatient,impatient,word,せっかちな，性急な,せっかちな，性急な,exam,3,pre1,pre1,形容詞,pre1:870,1
impeach,impeach,word,を責める，弾劾する,を責める，弾劾する / 弾劾する，告発する,exam,3,pre1,pre1;1,動詞,pre1:2634;1:1585,2
impede,impede,word,を妨げる,を妨げる / 妨げる，邪魔する,exam,3,pre1,pre1;1,動詞,pre1:2974;1:4230,2
imperfect,imperfect,word,不完全な，未完成の,不完全な，未完成の / 不完全，未完成,exam,3,pre1,pre1;1,形容詞,pre1:672;1:377,2
implicit,implicit,word,暗黙の,暗黙の,exam,3,pre1,pre1,形容詞,pre1:3087,1
implore,implore,word,を懇願する,を懇願する / 懇願する，お願いする,exam,3,pre1,pre1;1,動詞,pre1:1525;1:85,2
impolite,impolite,word,失礼な，無礼な,失礼な，無礼な,exam,3,pre1,pre1,形容詞,pre1:942,1
impotent,impotent,word,無力な，無気力な,無力な，無気力な,exam,3,pre1,pre1,形容詞,pre1:2824,1
impractical,impractical,word,非実用的な，実行不可能な,非実用的な，実行不可能な,exam,3,pre1,pre1,形容詞,pre1:53,1
imprison,imprison,word,刑務所に入れる,刑務所に入れる,exam,3,pre1,pre1,動詞,pre1:1390,1
imprisonment,imprisonment,word,投獄，監禁,投獄，監禁,exam,3,pre1,pre1,名詞,pre1:1731,1
improper,improper,word,不適切な，誤った,不適切な，誤った,exam,3,pre1,pre1,形容詞,pre1:1450,1
improved,improved,word,改善した,改善した,exam,3,pre1,pre1,形容詞,pre1:2982,1
improvise,improvise,word,即興で作る,即興で作る / 即興で作る，その場で作り出す,exam,3,pre1,pre1;1,動詞,pre1:2922;1:842,2
imprudent,imprudent,word,軽率な，無謀な,軽率な，無謀な,exam,3,pre1,pre1,形容詞,pre1:2837,1
inadequate,inadequate,word,不十分な，不適切な,不十分な，不適切な,exam,3,pre1,pre1;1,形容詞,pre1:1124;1:133,2
inborn,inborn,word,生まれつきの，先天的な,生まれつきの，先天的な,exam,3,pre1,pre1,形容詞,pre1:2815,1
incentive,incentive,word,動機,動機,exam,3,pre1,pre1,名詞,pre1:1729,1
inception,inception,word,始まり，発端,始まり，発端 / 始まり，開始,exam,3,pre1,pre1;1,名詞,pre1:1168;1:1243,2
inclination,inclination,word,傾斜,傾斜,exam,3,pre1,pre1,名詞,pre1:1424,1
incoherent,incoherent,word,一貫性のない,一貫性のない,exam,3,pre1,pre1,形容詞,pre1:2497,1
inconceivable,inconceivable,word,想像もつかない，信じられない,想像もつかない，信じられない,exam,3,pre1,pre1,形容詞,pre1:2440,1
incredibly,incredibly,word,信じられないほど,信じられないほど,exam,3,pre1,pre1,副詞,pre1:2991,1
incur,incur,word,負う，招く,負う，招く,exam,3,pre1,pre1,動詞,pre1:2766,1
indecent,indecent,word,わいせつな，みだらな,わいせつな，みだらな,exam,3,pre1,pre1,形容詞,pre1:2570,1
indication,indication,word,指示，指し示すこと,指示，指し示すこと,exam,3,pre1,pre1,名詞,pre1:1042,1
indicator,indicator,word,指示者,指示者,exam,3,pre1,pre1,名詞,pre1:1666,1
inevitably,inevitably,word,必然的に,必然的に,exam,3,pre1,pre1,副詞,pre1:931,1
inexplicable,inexplicable,word,不可解な，説明できない,不可解な，説明できない,exam,3,pre1,pre1,形容詞,pre1:2635,1
infectious,infectious,word,伝染性の，感染する,伝染性の，感染する,exam,3,pre1,pre1;1,形容詞,pre1:1037;1:187,2
infer,infer,word,を推論する，推量する,を推論する，推量する,exam,3,pre1,pre1,動詞,pre1:2565,1
infinite,infinite,word,無限の，限りない,無限の，限りない,exam,3,pre1,pre1,形容詞,pre1:1281,1
inflame,inflame,word,を興奮させる，燃え上がらせる,を興奮させる，燃え上がらせる / 燃え上がらせる，炎上させる,exam,3,pre1,pre1;1,動詞,pre1:2978;1:873,2
inflammation,inflammation,word,炎症，発火,炎症，発火,exam,3,pre1,pre1,名詞,pre1:2585,1
inflict,inflict,word,を与える，加える,を与える，加える,exam,3,pre1,pre1,動詞,pre1:1427,1
influential,influential,word,影響力のある，有力な,影響力のある，有力な,exam,3,pre1,pre1,形容詞,pre1:846,1
influx,influx,word,流入,流入,exam,3,pre1,pre1,名詞,pre1:2961,1
informal,informal,word,非公式な，略式の,非公式な，略式の,exam,3,pre1,pre1,形容詞,pre1:29,1
infuriate,infuriate,word,を激怒させる,を激怒させる,exam,3,pre1,pre1,動詞,pre1:2626,1
infuse,infuse,word,注入する,注入する,exam,3,pre1,pre1,動詞,pre1:2478,1
ingenuity,ingenuity,word,工夫，創意工夫,工夫，創意工夫,exam,3,pre1,pre1,名詞,pre1:2403,1
inhabit,inhabit,word,に生息する，住む,に生息する，住む,exam,3,pre1,pre1,動詞,pre1:816,1
inherent,inherent,word,本来の，固有の,本来の，固有の,exam,3,pre1,pre1;1,形容詞,pre1:1530;1:82,2
inherit,inherit,word,を受け継ぐ，相続する,を受け継ぐ，相続する,exam,3,pre1,pre1,動詞,pre1:277,1
inheritance,inheritance,word,継承，相続,継承，相続,exam,3,pre1,pre1;1,名詞,pre1:1027;1:161,2
initiate,initiate,word,始める，開始する,始める，開始する,exam,3,pre1,pre1;1,動詞,pre1:1367;1:92,2
inject,inject,word,注入する,注入する,exam,3,pre1,pre1,動詞,pre1:3200,1
inmate,inmate,word,収容者，被収容者,収容者，被収容者,exam,3,pre1,pre1;1,名詞,pre1:2940;1:381,2
innovative,innovative,word,革新的な,革新的な,exam,3,pre1,pre1,形容詞,pre1:2997,1
inopportune,inopportune,word,間の悪い，都合の悪い,間の悪い，都合の悪い,exam,3,pre1,pre1,形容詞,pre1:250,1
inquire,inquire,word,を問い合わせる，尋ねる,を問い合わせる，尋ねる,exam,3,pre1,pre1,動詞,pre1:871,1
insane,insane,word,正気でない，狂気の,正気でない，狂気の,exam,3,pre1,pre1,形容詞,pre1:1725,1
insert,insert,word,を差し込む，挿入する,を差し込む，挿入する,exam,3,pre1,pre1,動詞,pre1:1170,1
insincere,insincere,word,誠意のない，不誠実な,誠意のない，不誠実な,exam,3,pre1,pre1,形容詞,pre1:2552,1
insistence,insistence,word,主張，信条，主義,主張，信条，主義,exam,3,pre1,pre1;1,名詞,pre1:1024;1:333,2
insistent,insistent,word,しつこい,しつこい,exam,3,pre1,pre1,形容詞,pre1:1426,1
inspect,inspect,word,検査する,検査する,exam,3,pre1,pre1,動詞,pre1:3038,1
inspection,inspection,word,検査，点検,検査，点検,exam,3,pre1,pre1,名詞,pre1:1141,1
inspiration,inspiration,word,ひらめき，思い付き,ひらめき，思い付き,exam,3,pre1,pre1;1,名詞,pre1:697;1:294,2
instance,instance,word,衝動，例,衝動，例,exam,3,pre1,pre1,名詞,pre1:218,1
instantaneous,instantaneous,word,即時の，瞬間の,即時の，瞬間の / 瞬時の,exam,3,pre1,pre1;1,形容詞,pre1:2468;1:3979,2
instantly,instantly,word,すぐに，直ちに，即座に,すぐに，直ちに，即座に,exam,3,pre1,pre1;1,副詞,pre1:496;1:531,2
instigate,instigate,word,扇動する,扇動する,exam,3,pre1,pre1;1,動詞,pre1:3024;1:2143,2
instill,instill,word,注入する，打ち込む,注入する，打ち込む,exam,3,pre1,pre1;1,動詞,pre1:3244;1:1269,2
institutional,institutional,word,制度の，制度上の,制度の，制度上の,exam,3,pre1,pre1,形容詞,pre1:1164,1
instructional,instructional,word,教育の，指導的な,教育の，指導的な,exam,3,pre1,pre1,形容詞,pre1:2987,1
insure,insure,word,を保証する,を保証する,exam,3,pre1,pre1,動詞,pre1:635,1
intact,intact,word,そのままの，手をつけない,そのままの，手をつけない / そのままの,exam,3,pre1,pre1;1,形容詞,pre1:1436;1:4011,2
intangible,intangible,word,触れられない,触れられない,exam,3,pre1,pre1;1,形容詞,pre1:3220;1:3673,2
integrated,integrated,word,統合された,統合された,exam,3,pre1,pre1,形容詞,pre1:2136,1
integration,integration,word,統合，結合,統合，結合,exam,3,pre1,pre1,名詞,pre1:2328,1
integrity,integrity,word,誠実さ，誠意,誠実さ，誠意,exam,3,pre1,pre1;1,名詞,pre1:2263;1:250,2
intellect,intellect,word,知性，知力,知性，知力,exam,3,pre1,pre1,名詞,pre1:1294,1
intensity,intensity,word,強度，強烈さ,強度，強烈さ,exam,3,pre1,pre1,名詞,pre1:952,1
intent,intent,word,意図，目的,意図，目的,exam,3,pre1,pre1,名詞,pre1:15,1
interact,interact,word,相互作用する，互いに影響を与える,相互作用する，互いに影響を与える,exam,3,pre1,pre1;1,動詞,pre1:2179;1:345,2
interaction,interaction,word,相互作用,相互作用,exam,3,pre1,pre1,名詞,pre1:1949,1
interim,interim,word,暫定，中間,暫定，中間,exam,3,pre1,pre1,名詞,pre1:2769,1
intermediate,intermediate,word,中間の,中間の,exam,3,pre1,pre1,形容詞,pre1:1403,1
intermission,intermission,word,休止，休憩,休止，休憩,exam,3,pre1,pre1,名詞,pre1:2603,1
interpreter,interpreter,word,解説者，通訳者,解説者，通訳者,exam,3,pre1,pre1,名詞,pre1:449,1
interrogate,interrogate,word,を尋問する,を尋問する / 尋問する，質問攻めにする,exam,3,pre1,pre1;1,動詞,pre1:2450;1:643,2
interruption,interruption,word,妨害，中断,妨害，中断,exam,3,pre1,pre1,名詞,pre1:1287,1
interval,interval,word,間隔，合い間,間隔，合い間,exam,3,pre1,pre1,名詞,pre1:73,1
intimacy,intimacy,word,親密さ，親交関係,親密さ，親交関係,exam,3,pre1,pre1,名詞,pre1:246,1
intimidate,intimidate,word,をおびえさせる，脅す,をおびえさせる，脅す,exam,3,pre1,pre1,動詞,pre1:2551,1
intricacy,intricacy,word,複雑さ,複雑さ,exam,3,pre1,pre1,名詞,pre1:2892,1
intrigue,intrigue,word,陰謀,陰謀,exam,3,pre1,pre1,名詞,pre1:2735,1
intrinsic,intrinsic,word,本質的な，基本的な,本質的な，基本的な,exam,3,pre1,pre1;1,形容詞,pre1:2866;1:244,2
intruder,intruder,word,侵入者,侵入者,exam,3,pre1,pre1,名詞,pre1:3324,1
intuitive,intuitive,word,直感的な,直感的な / 直感的な，直感力の,exam,3,pre1,pre1;1,形容詞,pre1:2524;1:665,2
invasion,invasion,word,侵入，侵略,侵入，侵略,exam,3,pre1,pre1,名詞,pre1:876,1
inventory,inventory,word,在庫,在庫,exam,3,pre1,pre1,名詞,pre1:2373,1
invitation,invitation,word,招待，案内,招待，案内,exam,3,pre1,pre1,名詞,pre1:114,1
ironic,ironic,word,皮肉な,皮肉な,exam,3,pre1,pre1,形容詞,pre1:2281,1
ironically,ironically,word,皮肉なことに，逆説的に,皮肉なことに，逆説的に,exam,3,pre1,pre1;1,副詞,pre1:2999;1:185,2
irony,irony,word,皮肉,皮肉,exam,3,pre1,pre1,名詞,pre1:620,1
irrational,irrational,word,理性のない,理性のない,exam,3,pre1,pre1,形容詞,pre1:2075,1
irrelevance,irrelevance,word,無関係，見当違い,無関係，見当違い,exam,3,pre1,pre1,名詞,pre1:2656,1
irresistible,irresistible,word,抵抗できない，抑えられない,抵抗できない，抑えられない / 抵抗できない，無力な,exam,3,pre1,pre1;1,形容詞,pre1:2493;1:1260,2
irresponsible,irresponsible,word,責任を負えない，無責任な,責任を負えない，無責任な,exam,3,pre1,pre1,形容詞,pre1:1091,1
irrigate,irrigate,word,を灌漑する，水を引く,を灌漑する，水を引く,exam,3,pre1,pre1,動詞,pre1:2836,1
irritating,irritating,word,腹立たしい,腹立たしい,exam,3,pre1,pre1,形容詞,pre1:1379,1
itch,itch,word,かゆみ，そう痒,かゆみ，そう痒,exam,3,pre1,pre1,名詞,pre1:1824,1
itinerary,itinerary,word,旅程,旅程,exam,3,pre1,pre1;1,名詞,pre1:3118;1:2486,2
ivory,ivory,word,象牙，象牙質の,象牙，象牙質の,exam,3,pre1,pre1;1,名詞,pre1:749;1:200,2
janitor,janitor,word,用務員，建物のメンテナンス等を担当する人,用務員，建物のメンテナンス等を担当する人,exam,3,pre1,pre1;1,名詞,pre1:2539;1:1654,2
jealous,jealous,word,うらやましい，嫉妬している,うらやましい，嫉妬している,exam,3,pre1,pre1,形容詞,pre1:116,1
jerk,jerk,word,急な動き,急な動き,exam,3,pre1,pre1,名詞,pre1:1045,1
jest,jest,word,冗談,冗談,exam,3,pre1,pre1,名詞,pre1:2710,1
jolly,jolly,word,陽気な，愉快な,陽気な，愉快な,exam,3,pre1,pre1,形容詞,pre1:1357,1
jot,jot,word,わずか，微量,わずか，微量,exam,3,pre1,pre1,名詞,pre1:2546,1
jovial,jovial,word,陽気な,陽気な,exam,3,pre1,pre1;1,形容詞,pre1:3156;1:3010,2
judicial,judicial,word,司法の，裁判の,司法の，裁判の,exam,3,pre1,pre1,形容詞,pre1:2055,1
judicious,judicious,word,賢明な,賢明な,exam,3,pre1,pre1;1,形容詞,pre1:3064;1:2797,2
jumble,jumble,word,乱雑にする，乱す,乱雑にする，乱す,exam,3,pre1,pre1;1,動詞,pre1:3164;1:893,2
jurisdiction,jurisdiction,word,司法権，裁判権,司法権，裁判権,exam,3,pre1,pre1,名詞,pre1:2169,1
juvenile,juvenile,word,少年の,少年の,exam,3,pre1,pre1;1,形容詞,pre1:2338;1:4022,2
kernel,kernel,word,核心,核心,exam,3,pre1,pre1,名詞,pre1:1912,1
kettle,kettle,word,やかん，湯沸かし,やかん，湯沸かし / やかん,exam,3,pre1,pre1;1,名詞,pre1:78;1:1953,2
kidnap,kidnap,word,を誘拐する,を誘拐する,exam,3,pre1,pre1,動詞,pre1:360,1
kidney,kidney,word,腎臓,腎臓,exam,3,pre1,pre1,名詞,pre1:2873,1
kin,kin,word,親族，親類,親族，親類,exam,3,pre1,pre1,名詞,pre1:1488,1
kingdom,kingdom,word,王国,王国,exam,3,pre1,pre1,名詞,pre1:139,1
kinship,kinship,word,親族，家族,親族，家族,exam,3,pre1,pre1;1,名詞,pre1:3104;1:1236,2
kneel,kneel,word,に膝まづく，ひざをつく,に膝まづく，ひざをつく,exam,3,pre1,pre1,動詞,pre1:534,1
labyrinth,labyrinth,word,迷宮，迷路,迷宮，迷路,exam,3,pre1,pre1;1,名詞,pre1:1203;1:1830,2
lad,lad,word,若者，少年,若者，少年,exam,3,pre1,pre1,名詞,pre1:1241,1
ladder,ladder,word,はしご，踏み台,はしご，踏み台,exam,3,pre1,pre1,名詞,pre1:201,1
lame,lame,word,不十分な,不十分な,exam,3,pre1,pre1,形容詞,pre1:729,1
lament,lament,word,を嘆く，嘆き悲しむ,を嘆く，嘆き悲しむ / 嘆く，悲しむ,exam,3,pre1,pre1;1,動詞,pre1:1694;1:4123,2
landlord,landlord,word,家主,家主,exam,3,pre1,pre1,名詞,pre1:1838,1
lapse,lapse,word,間違い,間違い,exam,3,pre1,pre1,名詞,pre1:1759,1
lark,lark,word,戯れ,戯れ,exam,3,pre1,pre1,名詞,pre1:762,1
lasting,lasting,word,永続的な，長持ちする,永続的な，長持ちする,exam,3,pre1,pre1,形容詞,pre1:1415,1
latitude,latitude,word,緯度，緯線,緯度，緯線,exam,3,pre1,pre1;1,名詞,pre1:1721;1:317,2
lavatory,lavatory,word,洗面所,洗面所,exam,3,pre1,pre1,名詞,pre1:1839,1
lawsuit,lawsuit,word,訴訟,訴訟,exam,3,pre1,pre1,名詞,pre1:1976,1
layman,layman,word,俗人,俗人,exam,3,pre1,pre1,名詞,pre1:2591,1
layoff,layoff,word,一時解雇,一時解雇,exam,3,pre1,pre1,名詞,pre1:2784,1
legacy,legacy,word,遺産,遺産,exam,3,pre1,pre1,名詞,pre1:1984,1
legally,legally,word,合法的に，法律上,合法的に，法律上,exam,3,pre1,pre1,副詞,pre1:730,1
legible,legible,word,読みやすい,読みやすい,exam,3,pre1,pre1;1,形容詞,pre1:2976;1:2773,2
legislative,legislative,word,立法上の,立法上の,exam,3,pre1,pre1,形容詞,pre1:1854,1
legislator,legislator,word,議員,議員,exam,3,pre1,pre1,名詞,pre1:2944,1
legislature,legislature,word,立法府,立法府,exam,3,pre1,pre1,名詞,pre1:2383,1
legitimacy,legitimacy,word,合法，正当性,合法，正当性,exam,3,pre1,pre1,名詞,pre1:2679,1
legitimate,legitimate,word,正当な,正当な,exam,3,pre1,pre1,形容詞,pre1:1768,1
lengthen,lengthen,word,を長くする,を長くする,exam,3,pre1,pre1,動詞,pre1:1936,1
lengthy,lengthy,word,長い,長い,exam,3,pre1,pre1,形容詞,pre1:2794,1
lest,lest,word,しないように,しないように,exam,3,pre1,pre1,接続詞,pre1:1387,1
lethal,lethal,word,致命的な,致命的な,exam,3,pre1,pre1,形容詞,pre1:2789,1
liability,liability,word,責任，責務，義務,責任，責務，義務 / 責任，責務,exam,3,pre1,pre1;1,名詞,pre1:1678;1:492,2
librarian,librarian,word,図書館員,図書館員,exam,3,pre1,pre1,名詞,pre1:1213,1
lick,lick,word,をなめる，をなめてかかる,をなめる，をなめてかかる,exam,3,pre1,pre1,動詞,pre1:622,1
lieutenant,lieutenant,word,副官,副官,exam,3,pre1,pre1,名詞,pre1:1454,1
lifelike,lifelike,word,生きてるような，生き写しの,生きてるような，生き写しの,exam,3,pre1,pre1,形容詞,pre1:2424,1
lighthearted,lighthearted,word,気軽な，気楽な,気軽な，気楽な,exam,3,pre1,pre1,形容詞,pre1:2665,1
likelihood,likelihood,word,可能性，見込み,可能性，見込み,exam,3,pre1,pre1,名詞,pre1:2114,1
likewise,likewise,word,同様に,同様に,exam,3,pre1,pre1,副詞,pre1:645,1
limp,limp,word,のろのろ進む,のろのろ進む,exam,3,pre1,pre1,動詞,pre1:1491,1
liner,liner,word,定期船,定期船,exam,3,pre1,pre1,名詞,pre1:1030,1
linguistic,linguistic,word,言語学の，言語の,言語学の，言語の / 言語学，語学,exam,3,pre1,pre1;1,形容詞,pre1:1812;1:315,2
linguistics,linguistics,word,言語学,言語学,exam,3,pre1,pre1,名詞,pre1:2619,1
lipstick,lipstick,word,口紅,口紅,exam,3,pre1,pre1,名詞,pre1:462,1
liver,liver,word,肝臓，肝,肝臓，肝,exam,3,pre1,pre1;1,名詞,pre1:492;1:270,2
localize,localize,word,地方化する,地方化する,exam,3,pre1,pre1,動詞,pre1:2854,1
lodging,lodging,word,宿泊,宿泊,exam,3,pre1,pre1,名詞,pre1:1421,1
longevity,longevity,word,寿命，長寿,寿命，長寿,exam,3,pre1,pre1,名詞,pre1:2639,1
loophole,loophole,word,抜け穴、例外や逃げ道,抜け穴、例外や逃げ道 / 抜け穴，例外や逃げ道,exam,3,pre1,pre1;1,名詞,pre1:3001;1:1638,2
loosen,loosen,word,を緩める,を緩める,exam,3,pre1,pre1,動詞,pre1:1242,1
loyal,loyal,word,忠実な，信念の厳格な,忠実な，信念の厳格な,exam,3,pre1,pre1,形容詞,pre1:261,1
loyalty,loyalty,word,忠誠，誠実,忠誠，誠実,exam,3,pre1,pre1;1,名詞,pre1:14;1:157,2
lucrative,lucrative,word,利益が上がる，儲かる,利益が上がる，儲かる,exam,3,pre1,pre1,形容詞,pre1:2812,1
luggage,luggage,word,荷物，手荷物,荷物，手荷物,exam,3,pre1,pre1,名詞,pre1:76,1
lukewarm,lukewarm,word,なまぬるい，微温の,なまぬるい，微温の,exam,3,pre1,pre1,形容詞,pre1:2676,1
lumber,lumber,word,木材,木材,exam,3,pre1,pre1,名詞,pre1:1021,1
luminous,luminous,word,光っている，輝く,光っている，輝く,exam,3,pre1,pre1,形容詞,pre1:2205,1
lunar,lunar,word,月の,月の,exam,3,pre1,pre1,形容詞,pre1:2025,1
lure,lure,word,疑似餌,疑似餌,exam,3,pre1,pre1,名詞,pre1:1988,1
lurk,lurk,word,待ち伏せる,待ち伏せる / 潜む,exam,3,pre1,pre1;1,動詞,pre1:2184;1:3420,2
lust,lust,word,切望，渇望,切望，渇望,exam,3,pre1,pre1,名詞,pre1:2242,1
lyric,lyric,word,歌詞/叙情的な,歌詞/叙情的な,exam,3,pre1,pre1,名詞,pre1:2282,1
madden,madden,word,を発狂させる，激怒させる,を発狂させる，激怒させる,exam,3,pre1,pre1,動詞,pre1:2674,1
magnify,magnify,word,拡大する，増大する,拡大する，増大する,exam,3,pre1,pre1;1,動詞,pre1:3043;1:750,2
magnitude,magnitude,word,大きさ，規模,大きさ，規模,exam,3,pre1,pre1;1,名詞,pre1:1489;1:167,2
maiden,maiden,word,未婚の,未婚の / 乙女,exam,3,pre1,pre1;1,名詞,pre1:1313;1:4000,2
majesty,majesty,word,威厳,威厳,exam,3,pre1,pre1,名詞,pre1:537,1
makeup,makeup,word,化粧,化粧,exam,3,pre1,pre1,名詞,pre1:764,1
malice,malice,word,悪意，敵意,悪意，敵意 / 悪意，恨み,exam,3,pre1,pre1;1,名詞,pre1:1890;1:4134,2
malicious,malicious,word,悪意のある，意地の悪い,悪意のある，意地の悪い / 悪意のある，敵意を持つ,exam,3,pre1,pre1;1,形容詞,pre1:2488;1:1578,2
mandate,mandate,word,権限，指令,権限，指令,exam,3,pre1,pre1,名詞,pre1:2948,1
manipulation,manipulation,word,巧妙な扱い，操作,巧妙な扱い，操作,exam,3,pre1,pre1,名詞,pre1:2761,1
manly,manly,word,男らしい,男らしい,exam,3,pre1,pre1,形容詞,pre1:1418,1
manuscript,manuscript,word,原稿,原稿,exam,3,pre1,pre1,名詞,pre1:1225,1
marble,marble,word,大理石，大理石模様,大理石，大理石模様,exam,3,pre1,pre1,名詞,pre1:117,1
margin,margin,word,余白，へり,余白，へり,exam,3,pre1,pre1,名詞,pre1:468,1
marsh,marsh,word,沼地，湿地,沼地，湿地,exam,3,pre1,pre1,名詞,pre1:1888,1
marshal,marshal,word,元帥,元帥,exam,3,pre1,pre1,名詞,pre1:1773,1
marvel,marvel,word,驚異，驚き,驚異，驚き,exam,3,pre1,pre1,名詞,pre1:1216,1
marvelous,marvelous,word,素晴らしい,素晴らしい,exam,3,pre1,pre1,形容詞,pre1:456,1
massacre,massacre,word,皆殺し，大虐殺,皆殺し，大虐殺,exam,3,pre1,pre1,名詞,pre1:2808,1
maternal,maternal,word,母の,母の,exam,3,pre1,pre1,形容詞,pre1:2843,1
maternity,maternity,word,妊娠,妊娠,exam,3,pre1,pre1,名詞,pre1:3018,1
matrix,matrix,word,母体，原盤,母体，原盤,exam,3,pre1,pre1,名詞,pre1:2527,1
maze,maze,word,迷路,迷路,exam,3,pre1,pre1,名詞,pre1:2321,1
meadow,meadow,word,牧草地，草原,牧草地，草原,exam,3,pre1,pre1,名詞,pre1:105,1
meager,meager,word,貧弱な,貧弱な,exam,3,pre1,pre1;1,形容詞,pre1:2754;1:2162,2
meantime,meantime,word,合間に，その間に,合間に，その間に,exam,3,pre1,pre1,名詞/副詞,pre1:52,1
measurement,measurement,word,測定，計測,測定，計測,exam,3,pre1,pre1;1,名詞,pre1:296;1:378,2
median,median,word,中央値,中央値 / 中央の，中心的な,exam,3,pre1,pre1;1,名詞,pre1:2791;1:1087,2
mediator,mediator,word,調停者，仲裁者,調停者，仲裁者,exam,3,pre1,pre1,名詞,pre1:1920,1
medication,medication,word,投薬，薬剤,投薬，薬剤,exam,3,pre1,pre1,名詞,pre1:2225,1
mediocre,mediocre,word,平凡な，月並みの,平凡な，月並みの / 平凡な，普通の,exam,3,pre1,pre1;1,形容詞,pre1:2890;1:871,2
meditate,meditate,word,瞑想する，熟考する,瞑想する，熟考する,exam,3,pre1,pre1,動詞,pre1:1680,1
meek,meek,word,おとなしい，温和な,おとなしい，温和な / おとなしい,exam,3,pre1,pre1;1,形容詞,pre1:2782;1:3940,2
melancholy,melancholy,word,憂うつ，哀愁,憂うつ，哀愁 / 憂鬱,exam,3,pre1,pre1;1,名詞,pre1:1617;1:3765,2
mellow,mellow,word,豊潤な，熟した,豊潤な，熟した,exam,3,pre1,pre1,形容詞,pre1:1061,1
memento,memento,word,記念品,記念品,exam,3,pre1,pre1;1,名詞,pre1:3278;1:3757,2
menace,menace,word,脅威,脅威,exam,3,pre1,pre1,名詞,pre1:1744,1
mend,mend,word,を直す，修繕する,を直す，修繕する / 繕う，修理する,exam,3,pre1,pre1;1,動詞,pre1:38;1:1600,2
mentor,mentor,word,指導者，リーダー,指導者，リーダー,exam,3,pre1,pre1;1,名詞,pre1:2951;1:428,2
merchandise,merchandise,word,商品,商品,exam,3,pre1,pre1,名詞,pre1:1544,1
merciful,merciful,word,慈悲深い,慈悲深い,exam,3,pre1,pre1,形容詞,pre1:1667,1
mercury,mercury,word,水星，水星の,水星，水星の,exam,3,pre1,pre1,名詞,pre1:1830,1
mercy,mercy,word,慈悲，あわれみ,慈悲，あわれみ,exam,3,pre1,pre1,名詞,pre1:307,1
merge,merge,word,合併する，合体する,合併する，合体する,exam,3,pre1,pre1,動詞,pre1:2350,1
merger,merger,word,合併,合併,exam,3,pre1,pre1,名詞,pre1:2757,1
merrily,merrily,word,陽気に，楽しそうに,陽気に，楽しそうに,exam,3,pre1,pre1,副詞,pre1:463,1
messy,messy,word,乱雑な,乱雑な,exam,3,pre1,pre1,形容詞,pre1:1775,1
metaphor,metaphor,word,比喩，隠喩,比喩，隠喩,exam,3,pre1,pre1,名詞,pre1:940,1
metro,metro,word,地下鉄,地下鉄,exam,3,pre1,pre1,名詞,pre1:2490,1
microscope,microscope,word,顕微鏡,顕微鏡 / 顕微鏡，測微鏡,exam,3,pre1,pre1;1,名詞,pre1:957;1:251,2
microwave,microwave,word,電子レンジ,電子レンジ,exam,3,pre1,pre1,名詞,pre1:671,1
midday,midday,word,真昼，正午,真昼，正午 / 正午，真昼,exam,3,pre1,pre1;1,名詞,pre1:850;1:1126,2
midst,midst,word,真ん中，中央,真ん中，中央,exam,3,pre1,pre1,名詞,pre1:1238,1
midweek,midweek,word,週半ば,週半ば,exam,3,pre1,pre1,名詞,pre1:2670,1
mighty,mighty,word,強力な，精力のある,強力な，精力のある,exam,3,pre1,pre1,形容詞,pre1:399,1
migration,migration,word,移住,移住,exam,3,pre1,pre1,名詞,pre1:2069,1
militant,militant,word,好戦的な，攻撃的な,好戦的な，攻撃的な,exam,3,pre1,pre1,形容詞,pre1:2438,1
mimic,mimic,word,を模倣する，真似る,を模倣する，真似る,exam,3,pre1,pre1,動詞,pre1:2752,1
mingle,mingle,word,を混ぜる，一緒にする,を混ぜる，一緒にする,exam,3,pre1,pre1,動詞,pre1:1409,1
minute,minute,word,分，議事録,分，議事録,exam,3,pre1,pre1,名詞,pre1:3068,1
miscellaneous,miscellaneous,word,雑多な,雑多な,exam,3,pre1,pre1;1,形容詞,pre1:3135;1:2892,2
mischief,mischief,word,いたずら,いたずら,exam,3,pre1,pre1;1,名詞,pre1:881;1:2558,2
miser,miser,word,守銭奴，欲張り,守銭奴，欲張り,exam,3,pre1,pre1,名詞,pre1:2399,1
miserable,miserable,word,悲惨な，みじめな,悲惨な，みじめな,exam,3,pre1,pre1,形容詞,pre1:373,1
miserly,miserly,word,しみったれた，欲深い,しみったれた，欲深い,exam,3,pre1,pre1,形容詞,pre1:220,1
misfortune,misfortune,word,不幸，災厄,不幸，災厄,exam,3,pre1,pre1;1,名詞,pre1:695;1:107,2
mislead,mislead,word,迷わせる,迷わせる,exam,3,pre1,pre1,動詞,pre1:1266,1
missionary,missionary,word,宣教師，使節,宣教師，使節,exam,3,pre1,pre1,名詞,pre1:1977,1
moan,moan,word,うめき声,うめき声,exam,3,pre1,pre1,名詞,pre1:728,1
mobilize,mobilize,word,動員する,動員する,exam,3,pre1,pre1,動詞,pre1:2586,1
mock,mock,word,をあざ笑う，ばかにする,をあざ笑う，ばかにする,exam,3,pre1,pre1,動詞,pre1:1004,1
mockingly,mockingly,word,あざけるように，からかって,あざけるように，からかって,exam,3,pre1,pre1,副詞,pre1:247,1
moderate,moderate,word,適度な，適切な，ほどよい,適度な，適切な，ほどよい,exam,3,pre1,pre1;1,形容詞,pre1:670;1:340,2
moderately,moderately,word,適度に，適切に,適度に，適切に,exam,3,pre1,pre1;1,副詞,pre1:1356;1:164,2
mold,mold,word,鋳型，型造り/型どる,鋳型，型造り/型どる / 鋳型，型作り/型どる,exam,3,pre1,pre1;1,動詞,pre1:1307;1:329,2
momentum,momentum,word,運動量，運動エネルギー,運動量，運動エネルギー,exam,3,pre1,pre1;1,名詞,pre1:2361;1:443,2
monarch,monarch,word,君主，王,君主，王,exam,3,pre1,pre1;1,名詞,pre1:829;1:487,2
monarchy,monarchy,word,君主制,君主制,exam,3,pre1,pre1,名詞,pre1:1615,1
monastery,monastery,word,修道院,修道院,exam,3,pre1,pre1,名詞,pre1:235,1
monopolize,monopolize,word,を独占する,を独占する,exam,3,pre1,pre1,動詞,pre1:2452,1
monopoly,monopoly,word,独占，専売,独占，専売,exam,3,pre1,pre1,名詞,pre1:1104,1
monotony,monotony,word,単調，一本調子,単調，一本調子,exam,3,pre1,pre1,名詞,pre1:2618,1
monument,monument,word,記念碑,記念碑,exam,3,pre1,pre1,名詞,pre1:430,1
moor,moor,word,つなぐ,つなぐ,exam,3,pre1,pre1,動詞,pre1:2508,1
morale,morale,word,士気，風紀,士気，風紀,exam,3,pre1,pre1,名詞,pre1:2560,1
mortal,mortal,word,死を伴う,死を伴う,exam,3,pre1,pre1,形容詞,pre1:1029,1
mortality,mortality,word,死亡者数，死亡率,死亡者数，死亡率,exam,3,pre1,pre1;1,名詞,pre1:1711;1:216,2
mother-in-law,mother-in-law,word,義理の母，義母,義理の母，義母,exam,3,pre1,pre1;1,名詞,pre1:2002;1:120,2
mourn,mourn,word,を悲しむ，嘆く,を悲しむ，嘆く,exam,3,pre1,pre1,動詞,pre1:545,1
moustache,moustache,word,口ひげ,口ひげ,exam,3,pre1,pre1,名詞,pre1:258,1
mow,mow,word,を刈る,を刈る,exam,3,pre1,pre1,動詞,pre1:2106,1
muddy,muddy,word,泥の，泥まみれの,泥の，泥まみれの,exam,3,pre1,pre1,形容詞,pre1:1285,1
multiply,multiply,word,掛け算する，乗算する,掛け算する，乗算する,exam,3,pre1,pre1;1,動詞,pre1:394;1:243,2
multitude,multitude,word,大勢，多く,大勢，多く,exam,3,pre1,pre1;1,名詞,pre1:1020;1:117,2
mumble,mumble,word,つぶやく,つぶやく,exam,3,pre1,pre1,動詞,pre1:3149,1
mundane,mundane,word,平凡な，普通の,平凡な，普通の,exam,3,pre1,pre1;1,形容詞,pre1:3088;1:305,2
municipal,municipal,word,市政の，地方自治の,市政の，地方自治の,exam,3,pre1,pre1,形容詞,pre1:1795,1
mural,mural,word,壁画，天井画,壁画，天井画 / 壁の,exam,3,pre1,pre1;1,名詞,pre1:3311;1:1979,2
murderer,murderer,word,殺人者,殺人者,exam,3,pre1,pre1,名詞,pre1:1315,1
murmur,murmur,word,つぶやく,つぶやく / ささやき,exam,3,pre1,pre1;1,動詞,pre1:872;1:2684,2
muscular,muscular,word,筋肉質の,筋肉質の,exam,3,pre1,pre1,形容詞,pre1:2715,1
mutter,mutter,word,つぶやく,つぶやく,exam,3,pre1,pre1,動詞,pre1:1198,1
myriad,myriad,word,無数の,無数の,exam,3,pre1,pre1,名詞,pre1:2838,1
mythology,mythology,word,神話,神話,exam,3,pre1,pre1,名詞,pre1:2870,1
namely,namely,word,すなわち，つまり,すなわち，つまり,exam,3,pre1,pre1,副詞,pre1:398,1
narrative,narrative,word,物語，話,物語，話,exam,3,pre1,pre1;1,名詞,pre1:1345;1:3,2
nasty,nasty,word,不快な，不愉快な,不快な，不愉快な,exam,3,pre1,pre1;1,形容詞,pre1:58;1:367,2
nationwide,nationwide,word,全国の,全国の,exam,3,pre1,pre1,形容詞,pre1:1983,1
naughty,naughty,word,わんぱくな，いたずらな,わんぱくな，いたずらな,exam,3,pre1,pre1,形容詞,pre1:1053,1
nausea,nausea,word,吐き気，嘔吐感,吐き気，嘔吐感 / 吐き気，むかつき,exam,3,pre1,pre1;1,名詞,pre1:1361;1:1008,2
nauseous,nauseous,word,吐き気がする,吐き気がする,exam,3,pre1,pre1,形容詞,pre1:3303,1
naval,naval,word,海軍の，海軍のもの,海軍の，海軍のもの,exam,3,pre1,pre1;1,形容詞,pre1:955;1:281,2
negligent,negligent,word,怠慢な,怠慢な,exam,3,pre1,pre1;1,形容詞,pre1:2222;1:3865,2
negligible,negligible,word,取るに足らない,取るに足らない,exam,3,pre1,pre1,形容詞,pre1:2290,1
neutral,neutral,word,中立の，公平な,中立の，公平な,exam,3,pre1,pre1;1,形容詞,pre1:844;1:435,2
neutralize,neutralize,word,中和する,中和する / 中和する，中立化する,exam,3,pre1,pre1;1,動詞,pre1:2702;1:783,2
nick,nick,word,刻み目,刻み目,exam,3,pre1,pre1,名詞,pre1:2909,1
nip,nip,word,をつねる，はさむ,をつねる，はさむ,exam,3,pre1,pre1,動詞,pre1:2457,1
nobility,nobility,word,尊さ，高貴さ,尊さ，高貴さ,exam,3,pre1,pre1;1,名詞,pre1:966;1:81,2
noble,noble,word,気高い，高貴な,気高い，高貴な,exam,3,pre1,pre1,形容詞,pre1:67,1
nobleman,nobleman,word,貴族,貴族,exam,3,pre1,pre1,名詞,pre1:1188,1
nominal,nominal,word,名目上の、形式上の,名目上の、形式上の / 名目上の，形式上の,exam,3,pre1,pre1;1,形容詞,pre1:3060;1:1433,2
nomination,nomination,word,指名，任命,指名，任命,exam,3,pre1,pre1,名詞,pre1:1311,1
nominee,nominee,word,候補者,候補者,exam,3,pre1,pre1,名詞,pre1:2958,1
norm,norm,word,規範，基準,規範，基準,exam,3,pre1,pre1;1,名詞,pre1:2357;1:280,2
nostalgic,nostalgic,word,懐かしい,懐かしい,exam,3,pre1,pre1;1,形容詞,pre1:3124;1:2291,2
nosy,nosy,word,詮索好きな,詮索好きな,exam,3,pre1,pre1,形容詞,pre1:3313,1
notable,notable,word,注目すべき，重要な,注目すべき，重要な,exam,3,pre1,pre1;1,形容詞,pre1:1521;1:449,2
notation,notation,word,表記，注釈,表記，注釈 / 表記，書き表示すこと,exam,3,pre1,pre1;1,名詞,pre1:2755;1:1707,2
noteworthy,noteworthy,word,注目に値する，著しい,注目に値する，著しい / 注目に値する，見逃せない,exam,3,pre1,pre1;1,形容詞,pre1:2481;1:1524,2
noticeable,noticeable,word,目立つ，際立つ,目立つ，際立つ,exam,3,pre1,pre1;1,形容詞,pre1:561;1:364,2
notify,notify,word,知らせる，通報する,知らせる，通報する,exam,3,pre1,pre1,動詞,pre1:2105,1
notional,notional,word,概念的な，抽象的な,概念的な，抽象的な,exam,3,pre1,pre1,形容詞,pre1:2437,1
notorious,notorious,word,悪名高い，有名な,悪名高い，有名な,exam,3,pre1,pre1;1,形容詞,pre1:2879;1:486,2
noun,noun,word,名詞,名詞 / 名詞，単語,exam,3,pre1,pre1;1,名詞,pre1:855;1:1142,2
nourish,nourish,word,養う、育てる、支える,養う、育てる、支える / 養う，育てる，支える,exam,3,pre1,pre1;1,動詞,pre1:3359;1:1436,2
nourishment,nourishment,word,栄養，滋養,栄養，滋養,exam,3,pre1,pre1;1,名詞,pre1:2341;1:19,2
novelty,novelty,word,斬新さ，珍しさ,斬新さ，珍しさ,exam,3,pre1,pre1,名詞,pre1:1954,1
novice,novice,word,初心者，新米,初心者，新米,exam,3,pre1,pre1,名詞,pre1:1993,1
nuisance,nuisance,word,迷惑なもの,迷惑なもの,exam,3,pre1,pre1,名詞,pre1:1371,1
numb,numb,word,麻痺した、しびれた,麻痺した、しびれた / 麻痺した，しびれた，無感覚な,exam,3,pre1,pre1;1,形容詞,pre1:2183;1:1555,2
nun,nun,word,修道女,修道女,exam,3,pre1,pre1,名詞,pre1:994,1
nurture,nurture,word,を養う，養育する,を養う，養育する,exam,3,pre1,pre1,動詞,pre1:2325,1
nutrient,nutrient,word,栄養素，栄養分,栄養素，栄養分,exam,3,pre1,pre1;1,名詞,pre1:2379;1:445,2
oath,oath,word,誓い，誓約,誓い，誓約,exam,3,pre1,pre1,名詞,pre1:1734,1
obedience,obedience,word,従順，服従,従順，服従,exam,3,pre1,pre1,名詞,pre1:554,1
obedient,obedient,word,従順な，素直な,従順な，素直な,exam,3,pre1,pre1,形容詞,pre1:359,1
oblige,oblige,word,義務づける，強制する,義務づける，強制する,exam,3,pre1,pre1,動詞,pre1:772,1
oblivion,oblivion,word,忘却,忘却,exam,3,pre1,pre1,名詞,pre1:2627,1
oblivious,oblivious,word,忘れっぽい，物忘れの激しい,忘れっぽい，物忘れの激しい,exam,3,pre1,pre1;1,形容詞,pre1:3082;1:632,2
observatory,observatory,word,観測所,観測所,exam,3,pre1,pre1,名詞,pre1:2536,1
obsess,obsess,word,執着する，とりつく,執着する，とりつく,exam,3,pre1,pre1,動詞,pre1:2218,1
obsolete,obsolete,word,時代遅れの,時代遅れの / 時代遅れの，古臭い,exam,3,pre1,pre1;1,形容詞,pre1:2556;1:778,2
obstruct,obstruct,word,をふさぐ，遮断する,をふさぐ，遮断する / 邪魔する，妨害する,exam,3,pre1,pre1;1,動詞,pre1:2553;1:802,2
occasional,occasional,word,時折の,時折の,exam,3,pre1,pre1,形容詞,pre1:379,1
occidental,occidental,word,西洋の,西洋の,exam,3,pre1,pre1,形容詞,pre1:2529,1
occupant,occupant,word,占有者，居住者,占有者，居住者,exam,3,pre1,pre1,名詞,pre1:2432,1
occurrence,occurrence,word,発生,発生,exam,3,pre1,pre1,名詞,pre1:1837,1
odor,odor,word,臭い，悪臭,臭い，悪臭,exam,3,pre1,pre1,名詞,pre1:1038,1
offspring,offspring,word,子孫,子孫,exam,3,pre1,pre1,名詞,pre1:1047,1
ominous,ominous,word,不吉な，不運な,不吉な，不運な,exam,3,pre1,pre1;1,形容詞,pre1:3126;1:809,2
omission,omission,word,省略,省略,exam,3,pre1,pre1,名詞,pre1:1581,1
omit,omit,word,を省略する，省く,を省略する，省く,exam,3,pre1,pre1,動詞,pre1:551,1
ongoing,ongoing,word,進行中の,進行中の,exam,3,pre1,pre1,形容詞,pre1:2254,1
onward,onward,word,前進の，前進的な,前進の，前進的な,exam,3,pre1,pre1,形容詞,pre1:700,1
opposed,opposed,word,反対した,反対した,exam,3,pre1,pre1,形容詞,pre1:2981,1
oppress,oppress,word,を抑圧する，虐げる,を抑圧する，虐げる,exam,3,pre1,pre1,動詞,pre1:1471,1
oppressive,oppressive,word,抑圧的な，横暴な,抑圧的な，横暴な,exam,3,pre1,pre1,形容詞,pre1:2129,1
opt,opt,word,を選ぶ，選定する,を選ぶ，選定する,exam,3,pre1,pre1,動詞,pre1:2362,1
optimism,optimism,word,楽観主義,楽観主義,exam,3,pre1,pre1,名詞,pre1:1863,1
oral,oral,word,口頭の，口述の,口頭の，口述の,exam,3,pre1,pre1,形容詞,pre1:471,1
orchard,orchard,word,果樹園,果樹園,exam,3,pre1,pre1,名詞,pre1:974,1
ordeal,ordeal,word,試練，試金石,試練，試金石,exam,3,pre1,pre1,名詞,pre1:2413,1
ore,ore,word,鉱石,鉱石,exam,3,pre1,pre1,名詞,pre1:2401,1
organism,organism,word,生命体，生物,生命体，生物,exam,3,pre1,pre1;1,名詞,pre1:530;1:60,2
orient,orient,word,東洋,東洋,exam,3,pre1,pre1,名詞,pre1:1046,1
oriental,oriental,word,東洋の,東洋の,exam,3,pre1,pre1,形容詞,pre1:667,1
ornament,ornament,word,装飾品，飾り,装飾品，飾り,exam,3,pre1,pre1,名詞,pre1:914,1
ornamental,ornamental,word,装飾用の,装飾用の,exam,3,pre1,pre1,形容詞,pre1:1040,1
orphan,orphan,word,孤児,孤児,exam,3,pre1,pre1,名詞,pre1:1348,1
orthodox,orthodox,word,正統派の,正統派の,exam,3,pre1,pre1,形容詞,pre1:1305,1
outbreak,outbreak,word,突発，ぼっ発,突発，ぼっ発,exam,3,pre1,pre1,名詞,pre1:1224,1
outburst,outburst,word,爆発，爆破,爆発，爆破,exam,3,pre1,pre1;1,名詞,pre1:3125;1:1116,2
outcast,outcast,word,追放された，追い出された,追放された，追い出された,exam,3,pre1,pre1;1,名詞,pre1:3379;1:627,2
outdated,outdated,word,時代遅れの,時代遅れの,exam,3,pre1,pre1,形容詞,pre1:3076,1
outer,outer,word,外に，外部の,外に，外部の,exam,3,pre1,pre1,形容詞,pre1:405,1
outfit,outfit,word,衣装,衣装,exam,3,pre1,pre1,名詞,pre1:1668,1
outgoing,outgoing,word,社交的な，外交的な,社交的な，外交的な,exam,3,pre1,pre1,形容詞,pre1:1718,1
outlet,outlet,word,出口,出口,exam,3,pre1,pre1,名詞,pre1:750,1
outlook,outlook,word,見通し,見通し,exam,3,pre1,pre1,名詞,pre1:3251,1
outnumber,outnumber,word,数で勝る,数で勝る,exam,3,pre1,pre1,動詞,pre1:2416,1
outrage,outrage,word,乱暴，暴行,乱暴，暴行,exam,3,pre1,pre1,名詞,pre1:1726,1
outrageous,outrageous,word,無法な，法律を無視した,無法な，法律を無視した,exam,3,pre1,pre1;1,形容詞,pre1:2578;1:366,2
outskirt,outskirt,word,郊外,郊外 / 郊外，外れ,exam,3,pre1,pre1;1,名詞,pre1:1058;1:944,2
outsmart,outsmart,word,裏をかく，出し抜ける,裏をかく，出し抜ける,exam,3,pre1,pre1,動詞,pre1:2701,1
oval,oval,word,楕円形の，卵形の,楕円形の，卵形の,exam,3,pre1,pre1,形容詞,pre1:1304,1
overcast,overcast,word,曇った，陰気な,曇った，陰気な / 曇った,exam,3,pre1,pre1;1,形容詞,pre1:2601;1:3954,2
overdue,overdue,word,延滞した，期限の過ぎた,延滞した，期限の過ぎた / 延滞した,exam,3,pre1,pre1;1,形容詞,pre1:2686;1:2189,2
overhaul,overhaul,word,分解検査する，分析検査する,分解検査する，分析検査する,exam,3,pre1,pre1;1,動詞,pre1:3142;1:732,2
overhead,overhead,word,間接の,間接の,exam,3,pre1,pre1,形容詞,pre1:614,1
oversee,oversee,word,を監督する,を監督する,exam,3,pre1,pre1,動詞,pre1:2817,1
oversight,oversight,word,見落とし，過失,見落とし，過失,exam,3,pre1,pre1,名詞,pre1:2699,1
overstate,overstate,word,を誇張する,を誇張する / 誇張する，過大評価する,exam,3,pre1,pre1;1,動詞,pre1:2965;1:1439,2
overt,overt,word,明白な，公然の,明白な，公然の / 明白な，明確な,exam,3,pre1,pre1;1,形容詞,pre1:2412;1:1283,2
overthrow,overthrow,word,を打倒する，転覆する,を打倒する，転覆する,exam,3,pre1,pre1,動詞,pre1:1193,1
owing,owing,word,借りている，未払いの,借りている，未払いの,exam,3,pre1,pre1,形容詞,pre1:1381,1
ownership,ownership,word,所有権,所有権,exam,3,pre1,pre1,名詞,pre1:980,1
pact,pact,word,協定，条約,協定，条約,exam,3,pre1,pre1,名詞,pre1:2418,1
pageant,pageant,word,壮観,壮観,exam,3,pre1,pre1,名詞,pre1:2962,1
painstaking,painstaking,word,骨を折る，苦心する,骨を折る，苦心する / 骨の折れる,exam,3,pre1,pre1;1,形容詞,pre1:2675;1:3808,2
palatial,palatial,word,宮殿のような，豪華な,宮殿のような，豪華な,exam,3,pre1,pre1,形容詞,pre1:2990,1
pane,pane,word,鏡板,鏡板,exam,3,pre1,pre1,名詞,pre1:2714,1
pang,pang,word,激痛,激痛,exam,3,pre1,pre1;1,名詞,pre1:2506;1:2382,2
par,par,word,同等，等価,同等，等価,exam,3,pre1,pre1;1,名詞,pre1:2302;1:466,2
parable,parable,word,比喩，たとえ話,比喩，たとえ話,exam,3,pre1,pre1,名詞,pre1:2161,1
paradox,paradox,word,逆説,逆説,exam,3,pre1,pre1,名詞,pre1:1320,1
paragraph,paragraph,word,段落，区切り,段落，区切り,exam,3,pre1,pre1,名詞,pre1:453,1
paralyze,paralyze,word,麻痺させる,麻痺させる,exam,3,pre1,pre1,動詞,pre1:1832,1
paraphrase,paraphrase,word,言い換え,言い換え / 言い換え，再表現,exam,3,pre1,pre1;1,名詞,pre1:2296;1:1757,2
parasite,parasite,word,寄生虫，寄生生物,寄生虫，寄生生物,exam,3,pre1,pre1;1,名詞,pre1:2690;1:231,2
parcel,parcel,word,小包，包み,小包，包み,exam,3,pre1,pre1,名詞,pre1:191,1
parental,parental,word,親の,親の,exam,3,pre1,pre1,形容詞,pre1:2176,1
parish,parish,word,教区,教区,exam,3,pre1,pre1,名詞,pre1:2353,1
parliamentary,parliamentary,word,議会の,議会の,exam,3,pre1,pre1,形容詞,pre1:1352,1
partake,partake,word,参加する,参加する,exam,3,pre1,pre1,動詞,pre1:1763,1
partial,partial,word,部分的な，一部の,部分的な，一部の,exam,3,pre1,pre1,形容詞,pre1:386,1
participation,participation,word,参加，加入,参加，加入,exam,3,pre1,pre1,名詞,pre1:1234,1
participle,participle,word,分詞,分詞,exam,3,pre1,pre1,名詞,pre1:2646,1
partition,partition,word,仕切り，分割,仕切り，分割,exam,3,pre1,pre1,名詞,pre1:2733,1
passionate,passionate,word,情熱的な，熱情的な,情熱的な，熱情的な,exam,3,pre1,pre1;1,形容詞,pre1:738;1:400,2
pastor,pastor,word,牧師,牧師,exam,3,pre1,pre1,名詞,pre1:1451,1
pastry,pastry,word,パン菓子,パン菓子,exam,3,pre1,pre1,名詞,pre1:943,1
pasture,pasture,word,牧草，牧草地,牧草，牧草地,exam,3,pre1,pre1,名詞,pre1:723,1
pat,pat,word,軽くたたく，軽く打つ,軽くたたく，軽く打つ,exam,3,pre1,pre1;1,動詞,pre1:35;1:371,2
patent,patent,word,特許,特許,exam,3,pre1,pre1,名詞,pre1:1142,1
pathetic,pathetic,word,哀れな,哀れな,exam,3,pre1,pre1,形容詞,pre1:1526,1
patiently,patiently,word,辛抱強く，根気よく,辛抱強く，根気よく,exam,3,pre1,pre1,副詞,pre1:488,1
patriot,patriot,word,愛国者，愛国主義者,愛国者，愛国主義者,exam,3,pre1,pre1,名詞,pre1:1440,1
patron,patron,word,常連客，保護者,常連客，保護者,exam,3,pre1,pre1,名詞,pre1:657,1
pave,pave,word,を舗装する,を舗装する,exam,3,pre1,pre1,動詞,pre1:1536,1
pavement,pavement,word,舗装路,舗装路,exam,3,pre1,pre1,名詞,pre1:349,1
paw,paw,word,動物の足,動物の足,exam,3,pre1,pre1,名詞,pre1:1062,1
peasant,peasant,word,農民，農夫,農民，農夫,exam,3,pre1,pre1,名詞,pre1:209,1
peat,peat,word,泥炭,泥炭,exam,3,pre1,pre1,名詞,pre1:2696,1
pebble,pebble,word,小石，石ころ,小石，石ころ,exam,3,pre1,pre1,名詞,pre1:1909,1
peck,peck,word,をついばむ，つつく,をついばむ，つつく,exam,3,pre1,pre1,動詞,pre1:1158,1
pedestal,pedestal,word,台座，基礎,台座，基礎 / 台座,exam,3,pre1,pre1;1,名詞,pre1:2589;1:2680,2
peek,peek,word,のぞき見る，ちらっとのぞく,のぞき見る，ちらっとのぞく / ちらっと覗く，一瞥する,exam,3,pre1,pre1;1,動詞,pre1:2823;1:777,2
peep,peep,word,のぞき見る,のぞき見る,exam,3,pre1,pre1,動詞,pre1:1219,1
peninsula,peninsula,word,半島,半島,exam,3,pre1,pre1,名詞,pre1:1892,1
penniless,penniless,word,無一文の,無一文の,exam,3,pre1,pre1,形容詞,pre1:1317,1
per,per,word,につき，ごとに,につき，ごとに,exam,3,pre1,pre1,前置詞,pre1:99,1
perch,perch,word,止まり木,止まり木,exam,3,pre1,pre1,名詞,pre1:3058,1
perfume,perfume,word,香水，芳香,香水，芳香,exam,3,pre1,pre1,名詞,pre1:878,1
peril,peril,word,危険，危機,危険，危機,exam,3,pre1,pre1,名詞,pre1:1401,1
perilous,perilous,word,危険な,危険な,exam,3,pre1,pre1,形容詞,pre1:3176,1
periodic,periodic,word,定期的な，周期的な,定期的な，周期的な,exam,3,pre1,pre1,形容詞,pre1:2658,1
perish,perish,word,滅びる，死ぬ,滅びる，死ぬ,exam,3,pre1,pre1;1,動詞,pre1:773;1:75,2
permeate,permeate,word,浸透する、染み込む、広がる,浸透する、染み込む、広がる / 浸透する，染み込む，広がる,exam,3,pre1,pre1;1,動詞,pre1:3180;1:1678,2
perpetual,perpetual,word,永久の,永久の,exam,3,pre1,pre1,形容詞,pre1:1490,1
perpetuate,perpetuate,word,を永続させる,を永続させる,exam,3,pre1,pre1,動詞,pre1:2758,1
perplex,perplex,word,を困らせる，混乱させる,を困らせる，混乱させる,exam,3,pre1,pre1,動詞,pre1:1532,1
persevere,persevere,word,を辛抱する，我慢する,を辛抱する，我慢する,exam,3,pre1,pre1,動詞,pre1:2630,1
persist,persist,word,固執する,固執する,exam,3,pre1,pre1,動詞,pre1:1358,1
persistent,persistent,word,根気強い，粘り強い,根気強い，粘り強い,exam,3,pre1,pre1,形容詞,pre1:946,1
pervade,pervade,word,浸透する,浸透する / 染み込む,exam,3,pre1,pre1;1,動詞,pre1:2460;1:3358,2
perverse,perverse,word,ひねくれた，強情な,ひねくれた，強情な / ひねくれた,exam,3,pre1,pre1;1,形容詞,pre1:2857;1:2018,2
pessimism,pessimism,word,悲観的，悲観主義,悲観的，悲観主義,exam,3,pre1,pre1,名詞,pre1:214,1
pessimistic,pessimistic,word,悲観的な,悲観的な,exam,3,pre1,pre1;1,形容詞,pre1:893;1:2085,2
pester,pester,word,を悩ませる，困らせる,を悩ませる，困らせる,exam,3,pre1,pre1,動詞,pre1:2503,1
petition,petition,word,嘆願，請願,嘆願，請願,exam,3,pre1,pre1;1,名詞,pre1:1633;1:86,2
petroleum,petroleum,word,石油,石油,exam,3,pre1,pre1,名詞,pre1:2617,1
petty,petty,word,取るに足らない，ささいな,取るに足らない，ささいな,exam,3,pre1,pre1,形容詞,pre1:2821,1
pharmacist,pharmacist,word,薬剤師,薬剤師,exam,3,pre1,pre1,名詞,pre1:1545,1
pharmacy,pharmacy,word,薬局,薬局,exam,3,pre1,pre1,名詞,pre1:2235,1
philosophical,philosophical,word,哲学的な，思索的な,哲学的な，思索的な,exam,3,pre1,pre1;1,形容詞,pre1:1963;1:99,2
phobia,phobia,word,恐怖症,恐怖症,exam,3,pre1,pre1,名詞,pre1:3281,1
phonetic,phonetic,word,音声の,音声の,exam,3,pre1,pre1,形容詞,pre1:2711,1
physically,physically,word,肉体的に，身体的に,肉体的に，身体的に,exam,3,pre1,pre1,副詞,pre1:599,1
physicist,physicist,word,物理学者,物理学者,exam,3,pre1,pre1,名詞,pre1:1222,1
pickpocket,pickpocket,word,すり,すり,exam,3,pre1,pre1,名詞,pre1:2085,1
picturesque,picturesque,word,絵のような，絵の様に美しい,絵のような，絵の様に美しい,exam,3,pre1,pre1,形容詞,pre1:1800,1
pier,pier,word,桟橋,桟橋,exam,3,pre1,pre1,名詞,pre1:2334,1
piety,piety,word,信仰心,信仰心,exam,3,pre1,pre1;1,名詞,pre1:2564;1:3832,2
pilgrim,pilgrim,word,巡礼者,巡礼者,exam,3,pre1,pre1,名詞,pre1:2103,1
pill,pill,word,丸薬，錠剤,丸薬，錠剤,exam,3,pre1,pre1;1,名詞,pre1:267;1:290,2
pinch,pinch,word,をつねる，つまむ,をつねる，つまむ,exam,3,pre1,pre1,動詞,pre1:506,1
pinnacle,pinnacle,word,頂点,頂点,exam,3,pre1,pre1;1,名詞,pre1:2840;1:3985,2
pious,pious,word,信心深い,信心深い,exam,3,pre1,pre1,形容詞,pre1:1935,1
pitiful,pitiful,word,哀れな，かわいそうな,哀れな，かわいそうな,exam,3,pre1,pre1,形容詞,pre1:1637,1
pity,pity,word,同情，あわれみ,同情，あわれみ / 同情,exam,3,pre1,pre1;1,名詞,pre1:3;1:2707,2
pivot,pivot,word,回転軸，中心,回転軸，中心,exam,3,pre1,pre1,名詞,pre1:3204,1
placid,placid,word,穏やかな，温和な,穏やかな，温和な,exam,3,pre1,pre1;1,形容詞,pre1:2629;1:394,2
plague,plague,word,伝染病,伝染病,exam,3,pre1,pre1,名詞,pre1:1165,1
plainly,plainly,word,明白に，はっきりと,明白に，はっきりと,exam,3,pre1,pre1,副詞,pre1:886,1
plaintiff,plaintiff,word,原告,原告,exam,3,pre1,pre1,名詞,pre1:2127,1
planetary,planetary,word,惑星の,惑星の,exam,3,pre1,pre1,形容詞,pre1:1789,1
plaque,plaque,word,額，歯垢,額，歯垢,exam,3,pre1,pre1,名詞,pre1:2487,1
plaster,plaster,word,石膏，ギプス,石膏，ギプス,exam,3,pre1,pre1;1,名詞,pre1:1825;1:1246,2
plateau,plateau,word,高原，台地,高原，台地,exam,3,pre1,pre1,名詞,pre1:2818,1
plea,plea,word,嘆願，懇願,嘆願，懇願,exam,3,pre1,pre1,名詞,pre1:2034,1
plead,plead,word,懇願する，お願いする,懇願する，お願いする,exam,3,pre1,pre1;1,動詞,pre1:659;1:194,2
pledge,pledge,word,誓約，固い約束,誓約，固い約束,exam,3,pre1,pre1,名詞,pre1:926,1
plentiful,plentiful,word,たっぷりの，たくさんの,たっぷりの，たくさんの,exam,3,pre1,pre1,形容詞,pre1:972,1
plow,plow,word,耕作用すき，すきに似たもの,耕作用すき，すきに似たもの,exam,3,pre1,pre1,名詞,pre1:516,1
pluck,pluck,word,を引き抜く，摘む,を引き抜く，摘む,exam,3,pre1,pre1,動詞,pre1:1660,1
plumber,plumber,word,配管工,配管工,exam,3,pre1,pre1,名詞,pre1:1857,1
plume,plume,word,羽根飾り,羽根飾り / 飾り羽根，装飾用の羽,exam,3,pre1,pre1;1,名詞,pre1:2683;1:990,2
plummet,plummet,word,おもり,おもり,exam,3,pre1,pre1,名詞,pre1:2877,1
plunge,plunge,word,突入する，侵入する,突入する，侵入する,exam,3,pre1,pre1;1,動詞,pre1:877;1:502,2
plural,plural,word,複数の,複数の,exam,3,pre1,pre1,形容詞,pre1:917,1
ply,ply,word,精を出す，努力する,精を出す，努力する,exam,3,pre1,pre1;1,動詞,pre1:2429;1:260,2
poach,poach,word,密漁する,密漁する,exam,3,pre1,pre1,動詞,pre1:2295,1
poke,poke,word,を突つく,を突つく,exam,3,pre1,pre1,動詞,pre1:2369,1
polar,polar,word,極地の,極地の,exam,3,pre1,pre1,形容詞,pre1:1846,1
polarize,polarize,word,分極化する,分極化する,exam,3,pre1,pre1,動詞,pre1:3227,1
politically,politically,word,政治的に,政治的に,exam,3,pre1,pre1,副詞,pre1:2989,1
pollutant,pollutant,word,汚染物質,汚染物質,exam,3,pre1,pre1,名詞,pre1:2653,1
pollute,pollute,word,汚染する,汚染する / 汚染する，汚す,exam,3,pre1,pre1;1,動詞,pre1:1952;1:592,2
ponder,ponder,word,を熟考する，じっくり考える,を熟考する，じっくり考える,exam,3,pre1,pre1,動詞,pre1:2811,1
populous,populous,word,人口の多い,人口の多い,exam,3,pre1,pre1,形容詞,pre1:2537,1
porridge,porridge,word,おかゆ,おかゆ,exam,3,pre1,pre1,名詞,pre1:2692,1
porter,porter,word,運搬人,運搬人,exam,3,pre1,pre1,名詞,pre1:363,1
portfolio,portfolio,word,人物像,人物像,exam,3,pre1,pre1,名詞,pre1:2117,1
portray,portray,word,描く，表現する,描く，表現する,exam,3,pre1,pre1;1,動詞,pre1:902;1:152,2
posterity,posterity,word,子孫,子孫,exam,3,pre1,pre1,名詞,pre1:2684,1
potent,potent,word,効能のある，効果的な,効能のある，効果的な,exam,3,pre1,pre1;1,形容詞,pre1:2594;1:291,2
pottery,pottery,word,陶器,陶器,exam,3,pre1,pre1,名詞,pre1:1636,1
pouch,pouch,word,小袋,小袋,exam,3,pre1,pre1,名詞,pre1:1872,1
poultry,poultry,word,家禽,家禽,exam,3,pre1,pre1,名詞,pre1:2541,1
practitioner,practitioner,word,開業医，専門家,開業医，専門家,exam,3,pre1,pre1,名詞,pre1:2192,1
prank,prank,word,いたずら，悪ふざけ,いたずら，悪ふざけ,exam,3,pre1,pre1;1,名詞,pre1:2725;1:961,2
preach,preach,word,説教する，説く,説教する，説く,exam,3,pre1,pre1,動詞,pre1:300,1
precarious,precarious,word,不安定な，不確かな,不安定な，不確かな / 不安定な,exam,3,pre1,pre1;1,形容詞,pre1:2501;1:1975,2
precaution,precaution,word,用心，予防策,用心，予防策,exam,3,pre1,pre1,名詞,pre1:1334,1
precedent,precedent,word,先例，前提,先例，前提,exam,3,pre1,pre1,名詞,pre1:2479,1
precision,precision,word,正確さ，精度,正確さ，精度,exam,3,pre1,pre1;1,名詞,pre1:1797;1:347,2
predecessor,predecessor,word,前任者，先任者,前任者，先任者,exam,3,pre1,pre1;1,名詞,pre1:1733;1:387,2
predicate,predicate,word,述語,述語,exam,3,pre1,pre1,名詞,pre1:2495,1
prediction,prediction,word,予測，予想,予測，予想,exam,3,pre1,pre1;1,名詞,pre1:979;1:287,2
predominant,predominant,word,優勢な，有力な,優勢な，有力な,exam,3,pre1,pre1,形容詞,pre1:2768,1
preface,preface,word,まえがき，序文,まえがき，序文,exam,3,pre1,pre1,名詞,pre1:1554,1
pregnancy,pregnancy,word,妊娠,妊娠,exam,3,pre1,pre1,名詞,pre1:1054,1
preliminary,preliminary,word,予備的な，予備の,予備的な，予備の,exam,3,pre1,pre1,形容詞,pre1:984,1
premature,premature,word,時期尚早の，早まった,時期尚早の，早まった,exam,3,pre1,pre1;1,形容詞,pre1:2867;1:229,2
premise,premise,word,前提，根拠,前提，根拠,exam,3,pre1,pre1,名詞,pre1:1290,1
preoccupation,preoccupation,word,没頭，夢中,没頭，夢中 / 没頭，集中すること，夢中,exam,3,pre1,pre1;1,名詞,pre1:2566;1:1705,2
preparatory,preparatory,word,準備の,準備の,exam,3,pre1,pre1,形容詞,pre1:2663,1
prescribe,prescribe,word,処方する，指示する,処方する，指示する,exam,3,pre1,pre1,動詞,pre1:1910,1
preservation,preservation,word,保存，保護,保存，保護,exam,3,pre1,pre1,名詞,pre1:1179,1
preside,preside,word,主宰する，司会する,主宰する，司会する,exam,3,pre1,pre1,動詞,pre1:1778,1
presidency,presidency,word,大統領職，首相職,大統領職，首相職,exam,3,pre1,pre1;1,名詞,pre1:2233;1:430,2
prestige,prestige,word,名声，評判,名声，評判,exam,3,pre1,pre1;1,名詞,pre1:1484;1:269,2
prestigious,prestigious,word,著名な，名声のある,著名な，名声のある,exam,3,pre1,pre1,形容詞,pre1:97,1
presumably,presumably,word,たぶん，おそらく,たぶん，おそらく,exam,3,pre1,pre1,副詞,pre1:1921,1
presume,presume,word,を推定する，仮定する,を推定する，仮定する,exam,3,pre1,pre1,動詞,pre1:1693,1
pretense,pretense,word,見せかけ,見せかけ,exam,3,pre1,pre1,名詞,pre1:1171,1
pretext,pretext,word,口実，弁解,口実，弁解,exam,3,pre1,pre1,名詞,pre1:2773,1
prevail,prevail,word,打ち勝つ,打ち勝つ,exam,3,pre1,pre1,動詞,pre1:655,1
prevention,prevention,word,防止，予防,防止，予防,exam,3,pre1,pre1,名詞,pre1:838,1
prick,prick,word,をちくりと刺す,をちくりと刺す,exam,3,pre1,pre1,動詞,pre1:1330,1
prickly,prickly,word,とげのある,とげのある,exam,3,pre1,pre1,形容詞,pre1:2080,1
probability,probability,word,確率,確率,exam,3,pre1,pre1,名詞,pre1:978,1
probe,probe,word,探り針,探り針,exam,3,pre1,pre1,名詞,pre1:958,1
procession,procession,word,行列,行列,exam,3,pre1,pre1,名詞,pre1:535,1
proclaim,proclaim,word,を宣言する，公表する,を宣言する，公表する,exam,3,pre1,pre1,動詞,pre1:745,1
productive,productive,word,生産的な,生産的な,exam,3,pre1,pre1,形容詞,pre1:631,1
productivity,productivity,word,生産性，生産力,生産性，生産力,exam,3,pre1,pre1,名詞,pre1:527,1
profess,profess,word,を公言する，明言する,を公言する，明言する,exam,3,pre1,pre1,動詞,pre1:1517,1
proficient,proficient,word,熟練した，堪能な,熟練した，堪能な,exam,3,pre1,pre1,形容詞,pre1:1149,1
profitable,profitable,word,利益のある，収益性の高い,利益のある，収益性の高い,exam,3,pre1,pre1;1,形容詞,pre1:331;1:208,2
progression,progression,word,前進，進歩,前進，進歩,exam,3,pre1,pre1,名詞,pre1:177,1
progressive,progressive,word,進歩的な，革新的な,進歩的な，革新的な,exam,3,pre1,pre1;1,形容詞,pre1:543;1:247,2
projection,projection,word,投影,投影,exam,3,pre1,pre1,名詞,pre1:1670,1
prologue,prologue,word,序章,序章,exam,3,pre1,pre1,名詞,pre1:2210,1
prominence,prominence,word,卓越、傑出,卓越、傑出,exam,3,pre1,pre1,名詞,pre1:1251,1
prominent,prominent,word,目立つ，突き出た,目立つ，突き出た,exam,3,pre1,pre1,形容詞,pre1:639,1
promptly,promptly,word,早速，即座に,早速，即座に,exam,3,pre1,pre1,副詞,pre1:704,1
prone,prone,word,しがちで，傾向がある,しがちで，傾向がある,exam,3,pre1,pre1,形容詞,pre1:2739,1
pronoun,pronoun,word,代名詞,代名詞,exam,3,pre1,pre1,名詞,pre1:1691,1
pronounce,pronounce,word,を発音する,を発音する,exam,3,pre1,pre1,動詞,pre1:402,1
prop,prop,word,支柱，支え,支柱，支え,exam,3,pre1,pre1,名詞,pre1:1819,1
propel,propel,word,を推し進める，前進させる,を推し進める，前進させる,exam,3,pre1,pre1,動詞,pre1:2198,1
prophecy,prophecy,word,予言,予言,exam,3,pre1,pre1,名詞,pre1:2299,1
prophet,prophet,word,預言者,預言者,exam,3,pre1,pre1,名詞,pre1:1631,1
proportional,proportional,word,均整の取れた，比例の,均整の取れた，比例の,exam,3,pre1,pre1,形容詞,pre1:1980,1
propriety,propriety,word,礼儀，可否,礼儀，可否,exam,3,pre1,pre1,名詞,pre1:3113,1
prosecute,prosecute,word,を起訴する，告訴する,を起訴する，告訴する,exam,3,pre1,pre1,動詞,pre1:2156,1
prospective,prospective,word,予測される，期待される,予測される，期待される,exam,3,pre1,pre1;1,形容詞,pre1:1853;1:42,2
prosper,prosper,word,繁栄する，発展する,繁栄する，発展する,exam,3,pre1,pre1;1,動詞,pre1:559;1:327,2
prosperity,prosperity,word,繁栄，成功,繁栄，成功,exam,3,pre1,pre1,名詞,pre1:370,1
prostitute,prostitute,word,売春婦,売春婦,exam,3,pre1,pre1,名詞,pre1:2245,1
protective,protective,word,保護的な，保護する,保護的な，保護する,exam,3,pre1,pre1;1,形容詞,pre1:699;1:91,2
proven,proven,word,証明された,証明された,exam,3,pre1,pre1,形容詞,pre1:781,1
providence,providence,word,摂理,摂理,exam,3,pre1,pre1,名詞,pre1:2579,1
provider,provider,word,生産者，製造者,生産者，製造者,exam,3,pre1,pre1;1,名詞,pre1:880;1:268,2
provincial,provincial,word,地方の,地方の,exam,3,pre1,pre1,形容詞,pre1:918,1
prudent,prudent,word,用心深い，慎重な,用心深い，慎重な,exam,3,pre1,pre1;1,形容詞,pre1:820;1:628,2
psychic,psychic,word,超能力のある,超能力のある,exam,3,pre1,pre1,形容詞,pre1:2671,1
puff,puff,word,軽く吹くこと，一吹き,軽く吹くこと，一吹き,exam,3,pre1,pre1,名詞,pre1:1094,1
pullover,pullover,word,路肩に寄せる,路肩に寄せる,exam,3,pre1,pre1,動詞,pre1:864,1
pulse,pulse,word,脈動，脈拍,脈動，脈拍,exam,3,pre1,pre1,名詞,pre1:1447,1
punctuality,punctuality,word,時間厳守,時間厳守,exam,3,pre1,pre1,名詞,pre1:1541,1
puppet,puppet,word,操り人形，指人形,操り人形，指人形,exam,3,pre1,pre1,名詞,pre1:1113,1
puppy,puppy,word,子犬，幼犬,子犬，幼犬,exam,3,pre1,pre1;1,名詞,pre1:381;1:35,2
purge,purge,word,粛清する，浄化する,粛清する，浄化する,exam,3,pre1,pre1;1,動詞,pre1:2420;1:432,2
purify,purify,word,を清める，浄化する,を清める，浄化する,exam,3,pre1,pre1,動詞,pre1:2783,1
purity,purity,word,純粋,純粋,exam,3,pre1,pre1,名詞,pre1:1413,1
purse,purse,word,財布，ハンドバッグ,財布，ハンドバッグ,exam,3,pre1,pre1,名詞,pre1:180,1
quaint,quaint,word,趣のある,趣のある / 風変わりな，古風な,exam,3,pre1,pre1;1,形容詞,pre1:1659;1:4179,2
qualification,qualification,word,資格，能力,資格，能力,exam,3,pre1,pre1,名詞,pre1:1353,1
queer,queer,word,風変わりな，変な,風変わりな，変な,exam,3,pre1,pre1,形容詞,pre1:1470,1
query,query,word,疑問，質問,疑問，質問,exam,3,pre1,pre1,名詞,pre1:2131,1
quest,quest,word,探求，探究,探求，探究,exam,3,pre1,pre1;1,名詞,pre1:1192;1:303,2
questionnaire,questionnaire,word,質問表,質問表,exam,3,pre1,pre1,名詞,pre1:2020,1
quiver,quiver,word,小刻みに揺れる，震える,小刻みに揺れる，震える,exam,3,pre1,pre1,動詞,pre1:2322,1
quota,quota,word,割り当て，分け前,割り当て，分け前,exam,3,pre1,pre1,名詞,pre1:2012,1
quote,quote,word,見積り/見積る,見積り/見積る,exam,3,pre1,pre1,名詞,pre1:2185,1
racism,racism,word,人種差別,人種差別,exam,3,pre1,pre1,名詞,pre1:2388,1
rack,rack,word,置き棚,置き棚,exam,3,pre1,pre1,名詞,pre1:1078,1
radiant,radiant,word,輝く，光を放つ,輝く，光を放つ / 輝く，ぎらぎら輝く,exam,3,pre1,pre1;1,形容詞,pre1:2814;1:2004,2
radiation,radiation,word,放射線，放射,放射線，放射,exam,3,pre1,pre1,名詞,pre1:2019,1
radioactive,radioactive,word,放射性の,放射性の,exam,3,pre1,pre1,形容詞,pre1:2780,1
radius,radius,word,半径,半径,exam,3,pre1,pre1,名詞,pre1:2597,1
raft,raft,word,いかだ,いかだ,exam,3,pre1,pre1,名詞,pre1:2208,1
rag,rag,word,ぼろきれ，布切れ,ぼろきれ，布切れ,exam,3,pre1,pre1,名詞,pre1:680,1
rage,rage,word,激怒，憤慨,激怒，憤慨,exam,3,pre1,pre1,名詞,pre1:157,1
raid,raid,word,襲撃,襲撃,exam,3,pre1,pre1,名詞,pre1:1847,1
rainfall,rainfall,word,降雨量,降雨量 / 降雨量，雨量,exam,3,pre1,pre1;1,名詞,pre1:1297;1:320,2
rake,rake,word,くま手,くま手,exam,3,pre1,pre1,名詞,pre1:1928,1
rally,rally,word,を結集する，呼び集める,を結集する，呼び集める,exam,3,pre1,pre1,動詞,pre1:1150,1
ramp,ramp,word,傾斜路,傾斜路,exam,3,pre1,pre1,名詞,pre1:2400,1
rampage,rampage,word,大暴れ，乱闘,大暴れ，乱闘 / 大暴れ，乱闘，乱戦,exam,3,pre1,pre1;1,名詞,pre1:2970;1:427,2
ranch,ranch,word,牧場,牧場,exam,3,pre1,pre1,名詞,pre1:1705,1
ransom,ransom,word,身代金，解放金,身代金，解放金,exam,3,pre1,pre1;1,名詞,pre1:3219;1:1210,2
rapture,rapture,word,有頂天，大喜び,有頂天，大喜び,exam,3,pre1,pre1,名詞,pre1:2238,1
rarity,rarity,word,希少さ，珍しさ,希少さ，珍しさ,exam,3,pre1,pre1,名詞,pre1:2347,1
rascal,rascal,word,ならず者，ごろつき,ならず者，ごろつき,exam,3,pre1,pre1,名詞,pre1:2563,1
ratio,ratio,word,比率,比率,exam,3,pre1,pre1,名詞,pre1:3201,1
rattle,rattle,word,ガタガタ鳴る,ガタガタ鳴る,exam,3,pre1,pre1,動詞,pre1:444,1
ravage,ravage,word,破壊,破壊,exam,3,pre1,pre1;1,動詞,pre1:2871;1:3692,2
rave,rave,word,夢中で話す,夢中で話す,exam,3,pre1,pre1,動詞,pre1:2207,1
razor,razor,word,かみそり,かみそり,exam,3,pre1,pre1,名詞,pre1:389,1
realism,realism,word,現実主義,現実主義,exam,3,pre1,pre1,名詞,pre1:2021,1
realm,realm,word,領域,領域,exam,3,pre1,pre1,名詞,pre1:1300,1
reap,reap,word,を収穫する，刈る,を収穫する，刈る,exam,3,pre1,pre1,動詞,pre1:1402,1
reassure,reassure,word,安心させる,安心させる,exam,3,pre1,pre1,動詞,pre1:1319,1
rebellion,rebellion,word,反乱，暴動,反乱，暴動,exam,3,pre1,pre1;1,名詞,pre1:963;1:93,2
rebellious,rebellious,word,反抗的な，抵抗的な,反抗的な，抵抗的な,exam,3,pre1,pre1;1,形容詞,pre1:1551;1:365,2
rebuild,rebuild,word,を再建する，改築する,を再建する，改築する,exam,3,pre1,pre1,動詞,pre1:1248,1
rebuke,rebuke,word,を注意する，しかる,を注意する，しかる / 注意する,exam,3,pre1,pre1;1,動詞,pre1:2760;1:3172,2
recede,recede,word,退く,退く,exam,3,pre1,pre1,動詞,pre1:2288,1
reception,reception,word,応接，歓迎,応接，歓迎,exam,3,pre1,pre1;1,名詞,pre1:66;1:87,2
receptionist,receptionist,word,受付係,受付係,exam,3,pre1,pre1,名詞,pre1:1006,1
recess,recess,word,休憩，休み,休憩，休み,exam,3,pre1,pre1,名詞,pre1:784,1
recipient,recipient,word,受取人,受取人,exam,3,pre1,pre1,名詞,pre1:2046,1
reciprocal,reciprocal,word,相互の,相互の,exam,3,pre1,pre1;1,形容詞,pre1:2848;1:2997,2
recite,recite,word,を朗読する，を暗唱する,を朗読する，を暗唱する,exam,3,pre1,pre1,動詞,pre1:1507,1
reckless,reckless,word,無謀な，向こう見ずな,無謀な，向こう見ずな,exam,3,pre1,pre1,形容詞,pre1:1105,1
reckon,reckon,word,を数える，計算する,を数える，計算する,exam,3,pre1,pre1,動詞,pre1:1782,1
reconcile,reconcile,word,仲直りさせる,仲直りさせる,exam,3,pre1,pre1,動詞,pre1:1684,1
rectify,rectify,word,を修正する,を修正する / 修正する，正す,exam,3,pre1,pre1;1,動詞,pre1:2466;1:3538,2
recur,recur,word,再発する，繰り返される,再発する，繰り返される,exam,3,pre1,pre1,動詞,pre1:2915,1
recurrence,recurrence,word,再発，反復,再発，反復,exam,3,pre1,pre1,名詞,pre1:2717,1
reddish,reddish,word,赤らんだ,赤らんだ,exam,3,pre1,pre1,形容詞,pre1:2348,1
redeem,redeem,word,を引き換える，買い戻す,を引き換える，買い戻す,exam,3,pre1,pre1,動詞,pre1:2620,1
redundant,redundant,word,冗長な，豊富な，余計な,冗長な，豊富な，余計な,exam,3,pre1,pre1,形容詞,pre1:2119,1
refine,refine,word,を精製する,を精製する,exam,3,pre1,pre1,動詞,pre1:709,1
refinement,refinement,word,精製，精錬,精製，精錬,exam,3,pre1,pre1,名詞,pre1:1880,1
refrain,refrain,word,控える，慎む,控える，慎む,exam,3,pre1,pre1,動詞,pre1:1585,1
refusal,refusal,word,拒否，拒絶,拒否，拒絶,exam,3,pre1,pre1;1,名詞,pre1:580;1:6,2
regain,regain,word,を取り戻す，回復する,を取り戻す，回復する,exam,3,pre1,pre1,動詞,pre1:1120,1
regiment,regiment,word,連隊,連隊,exam,3,pre1,pre1,名詞,pre1:2844,1
registration,registration,word,登録,登録,exam,3,pre1,pre1,名詞,pre1:1032,1
regulate,regulate,word,を規制する，統制する,を規制する，統制する,exam,3,pre1,pre1,動詞,pre1:694,1
regulator,regulator,word,規定者,規定者,exam,3,pre1,pre1,名詞,pre1:2949,1
regulatory,regulatory,word,規制，制限,規制，制限,exam,3,pre1,pre1;1,形容詞,pre1:2932;1:515,2
reign,reign,word,統治，治世,統治，治世,exam,3,pre1,pre1;1,名詞,pre1:1422;1:454,2
rein,rein,word,手綱，馬具,手綱，馬具,exam,3,pre1,pre1;1,名詞,pre1:1840;1:511,2
reinforcement,reinforcement,word,強化，増強,強化，増強,exam,3,pre1,pre1,名詞,pre1:2120,1
rejoice,rejoice,word,をうれしがる，喜ぶ,をうれしがる，喜ぶ,exam,3,pre1,pre1,動詞,pre1:391,1
relegate,relegate,word,左遷する，異動させる,左遷する，異動させる,exam,3,pre1,pre1;1,動詞,pre1:3238;1:868,2
relevance,relevance,word,関連性,関連性,exam,3,pre1,pre1,名詞,pre1:2054,1
reliability,reliability,word,信頼性,信頼性,exam,3,pre1,pre1,名詞,pre1:2995,1
relic,relic,word,遺物，遺跡,遺物，遺跡,exam,3,pre1,pre1,名詞,pre1:2335,1
religious,religious,word,宗教上の，信仰の,宗教上の，信仰の,exam,3,pre1,pre1,形容詞,pre1:71,1
relish,relish,word,風味,風味 / 風味，持ち味,exam,3,pre1,pre1;1,名詞,pre1:2067;1:4012,2
reluctant,reluctant,word,しぶしぶの，気が進まない,しぶしぶの，気が進まない,exam,3,pre1,pre1,形容詞,pre1:843,1
remainder,remainder,word,残り，残りもの,残り，残りもの,exam,3,pre1,pre1,名詞,pre1:944,1
remarkably,remarkably,word,著しく，非常に,著しく，非常に,exam,3,pre1,pre1;1,副詞,pre1:904;1:293,2
remedy,remedy,word,治療,治療 / 治療法，治療手段,exam,3,pre1,pre1;1,名詞,pre1:648;1:922,2
remembrance,remembrance,word,記憶，思い出,記憶，思い出,exam,3,pre1,pre1,名詞,pre1:1044,1
reminder,reminder,word,催促，注意喚起,催促，注意喚起,exam,3,pre1,pre1;1,名詞,pre1:2376;1:100,2
reminiscence,reminiscence,word,回想,回想,exam,3,pre1,pre1,名詞,pre1:2643,1
remnant,remnant,word,残り物，残存物,残り物，残存物,exam,3,pre1,pre1,名詞,pre1:2372,1
remorse,remorse,word,自責，良心の呵責,自責，良心の呵責 / 後悔，過ちを後悔する,exam,3,pre1,pre1;1,名詞,pre1:2422;1:1247,2
removal,removal,word,除去，取り除く,除去，取り除く,exam,3,pre1,pre1,名詞,pre1:919,1
render,render,word,与える,与える,exam,3,pre1,pre1,動詞,pre1:1310,1
renounce,renounce,word,を放棄する，中止する,を放棄する，中止する / 放棄する，断念する，諦める,exam,3,pre1,pre1;1,動詞,pre1:2691;1:1810,2
renovate,renovate,word,改修する，改装する,改修する，改装する,exam,3,pre1,pre1;1,動詞,pre1:3131;1:143,2
renown,renown,word,名声,名声,exam,3,pre1,pre1,名詞,pre1:2891,1
repay,repay,word,返済する，報いる,返済する，報いる,exam,3,pre1,pre1;1,動詞,pre1:417;1:132,2
repeal,repeal,word,廃止する，中止する,廃止する，中止する,exam,3,pre1,pre1;1,動詞,pre1:3287;1:639,2
repel,repel,word,追い払う,追い払う,exam,3,pre1,pre1,動詞,pre1:1965,1
repent,repent,word,を悔い改める，後悔する,を悔い改める，後悔する,exam,3,pre1,pre1,動詞,pre1:1601,1
repentance,repentance,word,後悔，懺悔,後悔，懺悔 / 懺悔,exam,3,pre1,pre1;1,名詞,pre1:2775;1:3600,2
replaceable,replaceable,word,置き換えられる，代わりのある,置き換えられる，代わりのある,exam,3,pre1,pre1,形容詞,pre1:1,1
replenish,replenish,word,補充する、足りないものを追加する,補充する、足りないものを追加する / 補充する，足りないものを追加する,exam,3,pre1,pre1;1,動詞,pre1:3355;1:1721,2
repress,repress,word,を抑圧する，鎮圧する,を抑圧する，鎮圧する,exam,3,pre1,pre1,動詞,pre1:2504,1
reprimand,reprimand,word,厳しく叱る，注意する,厳しく叱る，注意する / 懲戒，罰すること，訓練,exam,3,pre1,pre1;1,動詞,pre1:3137;1:1687,2
reproach,reproach,word,叱責/をしかる,叱責/をしかる,exam,3,pre1,pre1,名詞,pre1:1913,1
reptile,reptile,word,爬虫類,爬虫類,exam,3,pre1,pre1,名詞,pre1:1879,1
repute,repute,word,評判,評判,exam,3,pre1,pre1,名詞,pre1:2471,1
resemblance,resemblance,word,類似,類似,exam,3,pre1,pre1,名詞,pre1:1163,1
resemble,resemble,word,に似ている,に似ている,exam,3,pre1,pre1,動詞,pre1:335,1
resent,resent,word,憤る，怒る,憤る，怒る,exam,3,pre1,pre1;1,動詞,pre1:1239;1:273,2
reservoir,reservoir,word,貯水池,貯水池,exam,3,pre1,pre1,名詞,pre1:2648,1
reside,reside,word,住む，居住する,住む，居住する,exam,3,pre1,pre1;1,動詞,pre1:1373;1:162,2
residence,residence,word,住宅，居住地,住宅，居住地,exam,3,pre1,pre1;1,名詞,pre1:272;1:90,2
residential,residential,word,居住の，住居の,居住の，住居の,exam,3,pre1,pre1,形容詞,pre1:1136,1
residue,residue,word,残留物，残余,残留物，残余,exam,3,pre1,pre1,名詞,pre1:2835,1
resilient,resilient,word,弾力性のある、柔軟な,弾力性のある、柔軟な / 弾力性のある，柔軟な,exam,3,pre1,pre1;1,形容詞,pre1:3195;1:1389,2
resistant,resistant,word,抵抗する，反抗する,抵抗する，反抗する,exam,3,pre1,pre1;1,形容詞,pre1:1443;1:354,2
resolute,resolute,word,断固たる,断固たる,exam,3,pre1,pre1,形容詞,pre1:2340,1
respectively,respectively,word,それぞれ，別々に,それぞれ，別々に,exam,3,pre1,pre1,副詞,pre1:1692,1
respondent,respondent,word,被告，応答,被告，応答,exam,3,pre1,pre1,名詞,pre1:2386,1
resume,resume,word,再開する，続ける,再開する，続ける,exam,3,pre1,pre1;1,動詞,pre1:711;1:17,2
retailer,retailer,word,小売業者,小売業者,exam,3,pre1,pre1,名詞,pre1:2102,1
retention,retention,word,保持，維持,保持，維持,exam,3,pre1,pre1,名詞,pre1:2730,1
retort,retort,word,言い返す,言い返す,exam,3,pre1,pre1,動詞,pre1:2252,1
retrace,retrace,word,引き返す,引き返す,exam,3,pre1,pre1,動詞,pre1:2903,1
retreat,retreat,word,へ退却する/後退,へ退却する/後退,exam,3,pre1,pre1,動詞,pre1:526,1
retrospect,retrospect,word,回顧，回想,回顧，回想,exam,3,pre1,pre1,名詞,pre1:2886,1
reunion,reunion,word,同窓会,同窓会,exam,3,pre1,pre1,名詞,pre1:2779,1
revelation,revelation,word,啓示,啓示,exam,3,pre1,pre1,名詞,pre1:1539,1
revitalize,revitalize,word,活性化させる,活性化させる / 活性化させる，刺激する,exam,3,pre1,pre1;1,動詞,pre1:2971;1:618,2
revive,revive,word,生き返る,生き返る,exam,3,pre1,pre1,動詞,pre1:906,1
revoke,revoke,word,取り消す，無効にする,取り消す，無効にする / 取り消す，撤回する,exam,3,pre1,pre1;1,動詞,pre1:1834;1:849,2
revolt,revolt,word,反乱/反抗する,反乱/反抗する,exam,3,pre1,pre1,動詞,pre1:1396,1
revolve,revolve,word,を回る，回転する,を回る，回転する,exam,3,pre1,pre1,動詞,pre1:1289,1
rhetoric,rhetoric,word,美辞麗句,美辞麗句,exam,3,pre1,pre1,名詞,pre1:1862,1
rib,rib,word,肋骨，あばら骨,肋骨，あばら骨,exam,3,pre1,pre1,名詞,pre1:681,1
riddle,riddle,word,なぞ,なぞ,exam,3,pre1,pre1,名詞,pre1:1243,1
ridge,ridge,word,尾根,尾根,exam,3,pre1,pre1,名詞,pre1:1200,1
ridicule,ridicule,word,あざ笑う，嘲笑する,あざ笑う，嘲笑する,exam,3,pre1,pre1;1,動詞,pre1:1903;1:102,2
rigid,rigid,word,堅い,堅い,exam,3,pre1,pre1,形容詞,pre1:1214,1
rigorous,rigorous,word,厳格な,厳格な / 厳しい，厳格な,exam,1,pre1,pre1;1,形容詞,pre1:2461;pre1:2513;1:3682,3
riot,riot,word,暴動，騒動,暴動，騒動,exam,3,pre1,pre1,名詞,pre1:1714,1
rip,rip,word,を裂く，破る,を裂く，破る,exam,3,pre1,pre1,動詞,pre1:935,1
ripe,ripe,word,熟した，熟れた,熟した，熟れた,exam,3,pre1,pre1,形容詞,pre1:441,1
ripple,ripple,word,波紋,波紋,exam,3,pre1,pre1,名詞,pre1:2286,1
rite,rite,word,儀式,儀式,exam,3,pre1,pre1,名詞,pre1:2095,1
roam,roam,word,歩き回る,歩き回る,exam,3,pre1,pre1,動詞,pre1:1337,1
roar,roar,word,とどろく，吠える,とどろく，吠える,exam,3,pre1,pre1,動詞,pre1:883,1
rob,rob,word,から奪う，強奪する,から奪う，強奪する,exam,3,pre1,pre1,動詞,pre1:74,1
robber,robber,word,強盗，強盗罪,強盗，強盗罪,exam,3,pre1,pre1,名詞,pre1:26,1
robbery,robbery,word,強盗，強盗罪,強盗，強盗罪,exam,3,pre1,pre1,名詞,pre1:759,1
robust,robust,word,たくましい，強靭な,たくましい，強靭な,exam,3,pre1,pre1,形容詞,pre1:2896,1
rogue,rogue,word,悪党,悪党,exam,3,pre1,pre1;1,名詞,pre1:2662;1:4054,2
rosy,rosy,word,バラ色の,バラ色の,exam,3,pre1,pre1,形容詞,pre1:560,1
rot,rot,word,腐敗する，腐る,腐敗する，腐る,exam,3,pre1,pre1,動詞,pre1:1833,1
rotate,rotate,word,回転する,回転する,exam,3,pre1,pre1,動詞,pre1:2331,1
rotten,rotten,word,腐った，腐敗した,腐った，腐敗した,exam,3,pre1,pre1,形容詞,pre1:1843,1
rouge,rouge,word,口紅,口紅,exam,3,pre1,pre1,名詞,pre1:2283,1
roundabout,roundabout,word,迂回の，遠回りの,迂回の，遠回りの,exam,3,pre1,pre1,形容詞,pre1:1762,1
routinely,routinely,word,日常的に，いつものように,日常的に，いつものように,exam,3,pre1,pre1;1,副詞,pre1:2985;1:110,2
rubbish,rubbish,word,ごみ，がらくた,ごみ，がらくた,exam,3,pre1,pre1,名詞,pre1:947,1
ruling,ruling,word,支配的な，主要な，優勢な,支配的な，主要な，優勢な,exam,3,pre1,pre1;1,形容詞,pre1:451;1:127,2
rumble,rumble,word,ゴロゴロ鳴る,ゴロゴロ鳴る,exam,3,pre1,pre1;1,動詞,pre1:2215;1:3283,2
rust,rust,word,錆び，酸化,錆び，酸化,exam,3,pre1,pre1;1,名詞,pre1:1180;1:288,2
rustic,rustic,word,素朴な，田舎の,素朴な，田舎の / 田舎の,exam,3,pre1,pre1;1,形容詞,pre1:2533;1:2193,2
rustle,rustle,word,ざわめく,ざわめく / さらさら音を立てる,exam,3,pre1,pre1;1,動詞,pre1:1738;1:3424,2
rusty,rusty,word,さびた,さびた,exam,3,pre1,pre1,形容詞,pre1:2230,1
ruthless,ruthless,word,冷酷な，無慈悲な,冷酷な，無慈悲な,exam,3,pre1,pre1,形容詞,pre1:2543,1
sacred,sacred,word,神聖な，神の,神聖な，神の,exam,3,pre1,pre1,形容詞,pre1:687,1
sage,sage,word,賢明な,賢明な,exam,3,pre1,pre1,形容詞,pre1:2822,1
saloon,saloon,word,大広間,大広間,exam,3,pre1,pre1,名詞,pre1:1605,1
salute,salute,word,に敬礼する,に敬礼する,exam,3,pre1,pre1,動詞,pre1:1419,1
salvation,salvation,word,救済，救い,救済，救い,exam,3,pre1,pre1,名詞,pre1:2522,1
sanction,sanction,word,認可，許可,認可，許可,exam,3,pre1,pre1,名詞,pre1:2367,1
sanctuary,sanctuary,word,聖域，聖なる場所,聖域，聖なる場所,exam,3,pre1,pre1,名詞,pre1:2723,1
sane,sane,word,正気の，気の確かな,正気の，気の確かな,exam,3,pre1,pre1,形容詞,pre1:1868,1
sanitary,sanitary,word,衛生的な，公衆の,衛生的な，公衆の,exam,3,pre1,pre1,形容詞,pre1:1433,1
sanity,sanity,word,正気,正気,exam,3,pre1,pre1,名詞,pre1:1982,1
sap,sap,word,樹液,樹液,exam,3,pre1,pre1;1,名詞,pre1:2767;1:2988,2
sarcasm,sarcasm,word,皮肉，嘲笑，冷笑,皮肉，嘲笑，冷笑,exam,3,pre1,pre1;1,名詞,pre1:3392;1:1900,2
sarcastic,sarcastic,word,皮肉な，嫌みの,皮肉な，嫌みの,exam,3,pre1,pre1,形容詞,pre1:2256,1
satire,satire,word,風刺，皮肉,風刺，皮肉,exam,3,pre1,pre1,名詞,pre1:1588,1
saucer,saucer,word,受け皿,受け皿,exam,3,pre1,pre1,名詞,pre1:404,1
scam,scam,word,詐欺,詐欺,exam,3,pre1,pre1,名詞,pre1:3317,1
scanty,scanty,word,乏しい，不十分な,乏しい，不十分な,exam,3,pre1,pre1,形容詞,pre1:1894,1
scarcely,scarcely,word,ほとんどない,ほとんどない,exam,3,pre1,pre1,副詞,pre1:281,1
scenery,scenery,word,風景,風景,exam,3,pre1,pre1,名詞,pre1:301,1
scent,scent,word,香り，におい,香り，におい,exam,3,pre1,pre1,名詞,pre1:321,1
scold,scold,word,を叱る，に小言を言う,を叱る，に小言を言う,exam,3,pre1,pre1,動詞,pre1:450,1
scorn,scorn,word,軽蔑，さげずみ,軽蔑，さげずみ,exam,3,pre1,pre1,名詞,pre1:1347,1
scornful,scornful,word,さげずんだ，軽蔑する,さげずんだ，軽蔑する,exam,3,pre1,pre1,形容詞,pre1:1841,1
scramble,scramble,word,をかき混ぜる，素早く進む,をかき混ぜる，素早く進む,exam,3,pre1,pre1,動詞,pre1:1014,1
scrape,scrape,word,を削り取る,を削り取る,exam,3,pre1,pre1,動詞,pre1:1050,1
screw,screw,word,ねじ,ねじ,exam,3,pre1,pre1,名詞,pre1:256,1
script,script,word,台本，脚本,台本，脚本,exam,3,pre1,pre1,名詞,pre1:1036,1
scrub,scrub,word,をこすり洗う,をこすり洗う,exam,3,pre1,pre1,動詞,pre1:2089,1
scrutiny,scrutiny,word,精査,精査,exam,3,pre1,pre1,名詞,pre1:2685,1
sculptor,sculptor,word,彫刻家,彫刻家,exam,3,pre1,pre1,名詞,pre1:2077,1
seal,seal,word,密閉する，封鎖する,密閉する，封鎖する,exam,3,pre1,pre1;1,動詞,pre1:295;1:279,2
seam,seam,word,縫い目，継ぎ目,縫い目，継ぎ目,exam,3,pre1,pre1,名詞,pre1:1523,1
seasoning,seasoning,word,調味料，薬味,調味料，薬味,exam,3,pre1,pre1,名詞,pre1:1453,1
seaweed,seaweed,word,海藻，海草,海藻，海草,exam,3,pre1,pre1,名詞,pre1:1410,1
seclusion,seclusion,word,隔離，分離,隔離，分離,exam,3,pre1,pre1,名詞,pre1:175,1
secular,secular,word,世俗の，現世の,世俗の，現世の,exam,3,pre1,pre1,形容詞,pre1:2364,1
seduce,seduce,word,を誘惑する，そそのかす,を誘惑する，そそのかす,exam,3,pre1,pre1,動詞,pre1:2806,1
seemingly,seemingly,word,一見すると，表面上,一見すると，表面上,exam,3,pre1,pre1;1,副詞,pre1:732;1:71,2
segment,segment,word,区切り，部分,区切り，部分,exam,3,pre1,pre1;1,名詞,pre1:2182;1:50,2
segregate,segregate,word,を分離する，隔離する,を分離する，隔離する,exam,3,pre1,pre1,動詞,pre1:2727,1
self-esteem,self-esteem,word,自尊心,自尊心,exam,3,pre1,pre1,名詞,pre1:2994,1
sensory,sensory,word,感覚の,感覚の,exam,3,pre1,pre1,形容詞,pre1:2542,1
sentiment,sentiment,word,感情，心情,感情，心情,exam,3,pre1,pre1,名詞,pre1:605,1
sequel,sequel,word,続編，続き,続編，続き,exam,3,pre1,pre1,名詞,pre1:2799,1
serene,serene,word,穏やかな,穏やかな,exam,3,pre1,pre1;1,形容詞,pre1:3388;1:3090,2
sergeant,sergeant,word,軍曹,軍曹,exam,3,pre1,pre1,名詞,pre1:1582,1
sermon,sermon,word,説教，説法,説教，説法,exam,3,pre1,pre1,名詞,pre1:1907,1
severely,severely,word,厳しく，ひどく,厳しく，ひどく,exam,3,pre1,pre1,副詞,pre1:607,1
sew,sew,word,縫う，繕う,縫う，繕う,exam,3,pre1,pre1,動詞,pre1:312,1
sewer,sewer,word,下水道,下水道,exam,3,pre1,pre1,名詞,pre1:2713,1
shabby,shabby,word,みすぼらしい,みすぼらしい,exam,3,pre1,pre1,形容詞,pre1:1538,1
shady,shady,word,陰になった，日陰になった,陰になった，日陰になった,exam,3,pre1,pre1;1,形容詞,pre1:1178;1:422,2
shaft,shaft,word,軸,軸,exam,3,pre1,pre1,名詞,pre1:3190,1
shallow,shallow,word,浅い,浅い,exam,3,pre1,pre1,形容詞,pre1:171,1
shameful,shameful,word,恥ずべき,恥ずべき,exam,3,pre1,pre1,形容詞,pre1:948,1
shareholder,shareholder,word,株主,株主,exam,3,pre1,pre1,名詞,pre1:2128,1
shatter,shatter,word,を粉砕する,を粉砕する,exam,3,pre1,pre1,動詞,pre1:983,1
shawl,shawl,word,肩掛け,肩掛け,exam,3,pre1,pre1,名詞,pre1:1945,1
sheer,sheer,word,本当の，透けるほど薄い,本当の，透けるほど薄い,exam,3,pre1,pre1,形容詞,pre1:1172,1
shell,shell,word,貝殻，貝,貝殻，貝,exam,3,pre1,pre1,名詞,pre1:86,1
shiny,shiny,word,輝いた，光沢のある,輝いた，光沢のある,exam,3,pre1,pre1,形容詞,pre1:529,1
shipping,shipping,word,輸送，発送,輸送，発送,exam,3,pre1,pre1,名詞,pre1:888,1
shiver,shiver,word,震える，おののく,震える，おののく,exam,3,pre1,pre1,動詞,pre1:1123,1
shoelace,shoelace,word,靴ひも,靴ひも,exam,3,pre1,pre1,名詞,pre1:2394,1
shoplift,shoplift,word,を万引きする,を万引きする,exam,3,pre1,pre1,動詞,pre1:2604,1
short-term,short-term,word,短期の,短期の,exam,3,pre1,pre1,形容詞,pre1:2998,1
shove,shove,word,を突き出す，押す,を突き出す，押す,exam,3,pre1,pre1,動詞,pre1:1985,1
shrewd,shrewd,word,鋭敏な，鋭い,鋭敏な，鋭い,exam,3,pre1,pre1,形容詞,pre1:2351,1
shriek,shriek,word,悲鳴を上げる/悲鳴,悲鳴を上げる/悲鳴,exam,3,pre1,pre1,動詞,pre1:1858,1
shrill,shrill,word,かん高い，金切り声の,かん高い，金切り声の,exam,3,pre1,pre1,形容詞,pre1:2311,1
shrine,shrine,word,神社，聖堂,神社，聖堂,exam,3,pre1,pre1,名詞,pre1:1009,1
shrub,shrub,word,低木，かん木,低木，かん木,exam,3,pre1,pre1,名詞,pre1:1620,1
shudder,shudder,word,身震いする,身震いする,exam,3,pre1,pre1,動詞,pre1:2268,1
shun,shun,word,を避ける,を避ける / 避ける，回避する,exam,3,pre1,pre1;1,動詞,pre1:2609;1:792,2
sibling,sibling,word,兄弟姉妹,兄弟姉妹,exam,3,pre1,pre1,名詞,pre1:2392,1
siege,siege,word,包囲,包囲,exam,3,pre1,pre1,名詞,pre1:2435,1
sift,sift,word,をふるいにかける,をふるいにかける,exam,3,pre1,pre1,動詞,pre1:2628,1
signify,signify,word,意味する，示す,意味する，示す,exam,3,pre1,pre1;1,動詞,pre1:1084;1:495,2
simmer,simmer,word,煮る,煮る,exam,3,pre1,pre1,動詞,pre1:3273,1
simultaneous,simultaneous,word,同時の，同時に起こる,同時の，同時に起こる,exam,3,pre1,pre1,形容詞,pre1:1589,1
simultaneously,simultaneously,word,同時に,同時に,exam,3,pre1,pre1,副詞,pre1:928,1
sincerity,sincerity,word,誠意，誠実,誠意，誠実,exam,3,pre1,pre1,名詞,pre1:1095,1
singular,singular,word,特異な，非凡な,特異な，非凡な / 特異な，特有の,exam,3,pre1,pre1;1,形容詞,pre1:733;1:759,2
sinister,sinister,word,不吉な，縁起の悪い,不吉な，縁起の悪い / 不吉な，縁起が悪い,exam,3,pre1,pre1;1,形容詞,pre1:2521;1:839,2
sinner,sinner,word,罪人,罪人,exam,3,pre1,pre1,名詞,pre1:2807,1
sip,sip,word,一口飲む,一口飲む,exam,3,pre1,pre1,動詞,pre1:1776,1
situate,situate,word,を置く，位置させる,を置く，位置させる,exam,3,pre1,pre1,動詞,pre1:1503,1
skeptical,skeptical,word,懐疑的な，疑い深い,懐疑的な，疑い深い,exam,3,pre1,pre1;1,形容詞,pre1:2718;1:14,2
skid,skid,word,滑り止め，横滑り,滑り止め，横滑り / 横滑り,exam,3,pre1,pre1;1,名詞,pre1:2239;1:4008,2
skim,skim,word,すくい取る,すくい取る,exam,3,pre1,pre1,動詞,pre1:1576,1
skinny,skinny,word,やせこけた,やせこけた,exam,3,pre1,pre1,形容詞,pre1:1919,1
skull,skull,word,頭蓋骨,頭蓋骨,exam,3,pre1,pre1,名詞,pre1:2957,1
skyscraper,skyscraper,word,超高層建築物，摩天楼,超高層建築物，摩天楼,exam,3,pre1,pre1,名詞,pre1:961,1
slack,slack,word,緩んだ，たるんだ,緩んだ，たるんだ,exam,3,pre1,pre1,形容詞,pre1:2499,1
slam,slam,word,強く閉める,強く閉める,exam,3,pre1,pre1,動詞,pre1:1227,1
slant,slant,word,傾斜/傾く,傾斜/傾く / 傾斜，傾き,exam,3,pre1,pre1;1,名詞,pre1:1793;1:497,2
slap,slap,word,平手打ち,平手打ち,exam,3,pre1,pre1,名詞,pre1:760,1
slaughter,slaughter,word,虐殺，大量殺戮,虐殺，大量殺戮,exam,3,pre1,pre1;1,名詞,pre1:2227;1:203,2
slave,slave,word,奴隷,奴隷,exam,3,pre1,pre1,名詞,pre1:47,1
slay,slay,word,を殺害する，計画的に殺す,を殺害する，計画的に殺す,exam,3,pre1,pre1,動詞,pre1:1510,1
sled,sled,word,そり,そり,exam,3,pre1,pre1,名詞,pre1:2694,1
sling,sling,word,投石器,投石器 / つり縄，つり紐,exam,3,pre1,pre1;1,名詞,pre1:2678;1:1157,2
slit,slit,word,を切り開く,を切り開く / 切り開く,exam,3,pre1,pre1;1,動詞,pre1:2969;1:3176,2
sloppy,sloppy,word,ずさんな，いい加減な,ずさんな，いい加減な,exam,3,pre1,pre1;1,形容詞,pre1:3384;1:640,2
sluggish,sluggish,word,鈍い，遅い,鈍い，遅い / 鈍い,exam,3,pre1,pre1;1,形容詞,pre1:2923;1:2294,2
slumber,slumber,word,まどろむ，心地よく眠る,まどろむ，心地よく眠る,exam,3,pre1,pre1,動詞,pre1:1766,1
sly,sly,word,ずるい，陰険な,ずるい，陰険な,exam,3,pre1,pre1,形容詞,pre1:1533,1
smudge,smudge,word,汚れ,汚れ,exam,3,pre1,pre1;1,名詞,pre1:3231;1:2809,2
smuggle,smuggle,word,を密輸する,を密輸する,exam,3,pre1,pre1,動詞,pre1:1990,1
snare,snare,word,わな,わな,exam,3,pre1,pre1,名詞,pre1:1861,1
snatch,snatch,word,をひったくる,をひったくる,exam,3,pre1,pre1,動詞,pre1:550,1
sneak,sneak,word,こっそり動く,こっそり動く,exam,3,pre1,pre1,動詞,pre1:2100,1
sneer,sneer,word,冷笑する，あざ笑う,冷笑する，あざ笑う,exam,3,pre1,pre1,動詞,pre1:2155,1
sniff,sniff,word,を嗅ぐ，におう,を嗅ぐ，におう,exam,3,pre1,pre1,動詞,pre1:2113,1
snore,snore,word,いびきをかく，睡眠中にうるさく呼吸する,いびきをかく，睡眠中にうるさく呼吸する,exam,3,pre1,pre1,動詞,pre1:1513,1
snort,snort,word,鼻を鳴らす,鼻を鳴らす,exam,3,pre1,pre1,動詞,pre1:2050,1
soap,soap,word,せっけん,せっけん,exam,3,pre1,pre1,名詞,pre1:64,1
sob,sob,word,すすり泣く，涙声で泣く,すすり泣く，涙声で泣く / すすり泣く，涙声で泣く，泣く音,exam,3,pre1,pre1;1,動詞,pre1:833;1:1679,2
sober,sober,word,酒を飲んでいない,酒を飲んでいない,exam,3,pre1,pre1,形容詞,pre1:1205,1
solely,solely,word,単独で，専ら,単独で，専ら,exam,3,pre1,pre1;1,副詞,pre1:547;1:119,2
solemnly,solemnly,word,粛々と，厳粛に,粛々と，厳粛に,exam,3,pre1,pre1,副詞,pre1:1303,1
solicit,solicit,word,を懇願する,を懇願する,exam,3,pre1,pre1,動詞,pre1:2672,1
solitary,solitary,word,独りの，独りぼっちの,独りの，独りぼっちの,exam,3,pre1,pre1,形容詞,pre1:1010,1
solitude,solitude,word,孤独,孤独,exam,3,pre1,pre1,名詞,pre1:3323,1
soothe,soothe,word,落ち着かせる，安定させる,落ち着かせる，安定させる,exam,3,pre1,pre1;1,動詞,pre1:3067;1:1233,2
sovereign,sovereign,word,主権者，君主,主権者，君主,exam,3,pre1,pre1,名詞,pre1:2316,1
sovereignty,sovereignty,word,主権，統治権,主権，統治権,exam,3,pre1,pre1,名詞,pre1:2390,1
sow,sow,word,の種をまく,の種をまく,exam,3,pre1,pre1,動詞,pre1:531,1
spacecraft,spacecraft,word,宇宙船,宇宙船,exam,3,pre1,pre1,名詞,pre1:1159,1
spank,spank,word,尻を叩く,尻を叩く,exam,3,pre1,pre1,動詞,pre1:2898,1
spark,spark,word,火花，きらめき,火花，きらめき,exam,3,pre1,pre1,名詞,pre1:2,1
specimen,specimen,word,検体，見本,検体，見本,exam,3,pre1,pre1,名詞,pre1:1923,1
spectacle,spectacle,word,光景，ありさま,光景，ありさま,exam,3,pre1,pre1,名詞,pre1:125,1
spectacular,spectacular,word,壮観な，見事な,壮観な，見事な,exam,3,pre1,pre1;1,形容詞,pre1:1065;1:181,2
spectrum,spectrum,word,波長分布，波長の分布，光の分布,波長分布，波長の分布，光の分布 / 波長分布，光の分布，波長の分布,exam,3,pre1,pre1;1,名詞,pre1:2512;1:337,2
speculate,speculate,word,推測する,推測する,exam,3,pre1,pre1,動詞,pre1:2167,1
speculation,speculation,word,憶測，推測,憶測，推測,exam,3,pre1,pre1,名詞,pre1:990,1
spine,spine,word,脊椎，背骨,脊椎，背骨,exam,3,pre1,pre1,名詞,pre1:1975,1
spiral,spiral,word,螺旋の,螺旋の,exam,3,pre1,pre1,形容詞,pre1:2614,1
spit,spit,word,唾を吐く,唾を吐く,exam,3,pre1,pre1,動詞,pre1:967,1
spite,spite,word,悪意，恨み,悪意，恨み,exam,3,pre1,pre1;1,名詞,pre1:65;1:147,2
splendid,splendid,word,素晴らしい，華やかな,素晴らしい，華やかな,exam,3,pre1,pre1,形容詞,pre1:438,1
splendor,splendor,word,輝き,輝き,exam,3,pre1,pre1,名詞,pre1:1752,1
spontaneous,spontaneous,word,自発的な，任意の,自発的な，任意の,exam,3,pre1,pre1,形容詞,pre1:20,1
sporadically,sporadically,word,散発的に，まばらに,散発的に，まばらに,exam,3,pre1,pre1,副詞,pre1:2980,1
sprain,sprain,word,をくじく，捻挫する,をくじく，捻挫する,exam,3,pre1,pre1,動詞,pre1:2984,1
sprawl,sprawl,word,寝そべる,寝そべる,exam,3,pre1,pre1,動詞,pre1:2070,1
sprinkle,sprinkle,word,を振りかける,を振りかける,exam,3,pre1,pre1,動詞,pre1:654,1
sprout,sprout,word,芽，新芽,芽，新芽,exam,3,pre1,pre1;1,名詞,pre1:3050;1:840,2
squad,squad,word,分隊,分隊,exam,3,pre1,pre1,名詞,pre1:2381,1
squeak,squeak,word,きしむ,きしむ,exam,3,pre1,pre1;1,動詞,pre1:2902;1:2541,2
stab,stab,word,刺す，突き刺す,刺す，突き刺す,exam,3,pre1,pre1;1,動詞,pre1:1654;1:237,2
stability,stability,word,安定，平穏，均衡,安定，平穏，均衡,exam,3,pre1,pre1;1,名詞,pre1:1350;1:332,2
stabilize,stabilize,word,固定させる，安定させる,固定させる，安定させる,exam,3,pre1,pre1,動詞,pre1:104,1
stack,stack,word,積み重ねる，累積する,積み重ねる，累積する,exam,3,pre1,pre1,動詞,pre1:1100,1
stagger,stagger,word,よろめく，よろよろ歩く,よろめく，よろよろ歩く,exam,3,pre1,pre1,動詞,pre1:1226,1
stagnant,stagnant,word,停滞している,停滞している / 停滞している，静止している,exam,3,pre1,pre1;1,形容詞,pre1:1865;1:1311,2
stain,stain,word,よごれ,よごれ,exam,3,pre1,pre1,名詞,pre1:665,1
staircase,staircase,word,階段,階段,exam,3,pre1,pre1,名詞,pre1:1026,1
stairs,stairs,word,階段,階段,exam,3,pre1,pre1,名詞,pre1:164,1
stale,stale,word,古くさい，新鮮でない,古くさい，新鮮でない,exam,3,pre1,pre1,形容詞,pre1:1189,1
stammer,stammer,word,どもる，口ごもる,どもる，口ごもる,exam,3,pre1,pre1,動詞,pre1:2016,1
standstill,standstill,word,停止,停止,exam,3,pre1,pre1,名詞,pre1:3100,1
stapler,stapler,word,ホッチキス,ホッチキス,exam,3,pre1,pre1,名詞,pre1:1535,1
startle,startle,word,驚愕させる,驚愕させる,exam,3,pre1,pre1,動詞,pre1:540,1
starvation,starvation,word,飢餓，餓死,飢餓，餓死,exam,3,pre1,pre1,名詞,pre1:1098,1
statesman,statesman,word,政治家,政治家 / 政治家，政府の役人,exam,3,pre1,pre1;1,名詞,pre1:640;1:1200,2
statistical,statistical,word,統計的な,統計的な,exam,3,pre1,pre1,形容詞,pre1:1567,1
stature,stature,word,身長，身の丈,身長，身の丈,exam,3,pre1,pre1;1,名詞,pre1:3302;1:803,2
statute,statute,word,法令,法令,exam,3,pre1,pre1,名詞,pre1:2162,1
steadfast,steadfast,word,固定した，確固とした,固定した，確固とした,exam,3,pre1,pre1,形容詞,pre1:1501,1
steep,steep,word,急勾配の，傾斜の急な,急勾配の，傾斜の急な,exam,3,pre1,pre1,形容詞,pre1:255,1
steer,steer,word,を操縦する，かじを取る,を操縦する，かじを取る,exam,3,pre1,pre1,動詞,pre1:752,1
stepfather,stepfather,word,継父，義父,継父，義父,exam,3,pre1,pre1;1,名詞,pre1:2864;1:1108,2
sterile,sterile,word,殺菌した，不妊の,殺菌した，不妊の,exam,3,pre1,pre1,形容詞,pre1:2306,1
steward,steward,word,給仕，執事,給仕，執事,exam,3,pre1,pre1,名詞,pre1:1592,1
sticky,sticky,word,べたつく，ねばねばした,べたつく，ねばねばした,exam,3,pre1,pre1,形容詞,pre1:283,1
stiffen,stiffen,word,を堅くする，硬化する,を堅くする，硬化する,exam,3,pre1,pre1,動詞,pre1:1740,1
stillness,stillness,word,静寂，静けさ,静寂，静けさ,exam,3,pre1,pre1,名詞,pre1:1339,1
stimulus,stimulus,word,刺激,刺激,exam,3,pre1,pre1,名詞,pre1:1064,1
sting,sting,word,刺す，突く,刺す，突く,exam,3,pre1,pre1;1,動詞,pre1:314;1:532,2
stink,stink,word,悪臭を放つ,悪臭を放つ,exam,3,pre1,pre1,動詞,pre1:2748,1
stitch,stitch,word,縫い目,縫い目 / 一編み，一つ編み,exam,3,pre1,pre1;1,名詞,pre1:722;1:1019,2
stony,stony,word,石の，石の多い,石の，石の多い,exam,3,pre1,pre1,形容詞,pre1:1116,1
stool,stool,word,腰かけ椅子,腰かけ椅子,exam,3,pre1,pre1,名詞,pre1:1265,1
stoop,stoop,word,かがむ,かがむ,exam,3,pre1,pre1,動詞,pre1:1119,1
stout,stout,word,頑丈な，太った,頑丈な，太った,exam,3,pre1,pre1,形容詞,pre1:1786,1
straddle,straddle,word,またがる，乗り越える,またがる，乗り越える,exam,3,pre1,pre1;1,動詞,pre1:3112;1:1875,2
strand,strand,word,行き詰らせる，座礁させる,行き詰らせる，座礁させる,exam,3,pre1,pre1,動詞,pre1:1720,1
strangle,strangle,word,を絞め殺す，窒息させる,を絞め殺す，窒息させる,exam,3,pre1,pre1,動詞,pre1:2320,1
strategic,strategic,word,戦略的な,戦略的な,exam,3,pre1,pre1,形容詞,pre1:2154,1
stray,stray,word,迷い込む,迷い込む,exam,3,pre1,pre1,動詞,pre1:1162,1
strictly,strictly,word,厳密に，厳しく,厳密に，厳しく,exam,3,pre1,pre1;1,副詞,pre1:4;1:249,2
stride,stride,word,大きく歩く，元気よく歩く,大きく歩く，元気よく歩く,exam,3,pre1,pre1,動詞,pre1:867,1
strife,strife,word,闘争，争い,闘争，争い,exam,3,pre1,pre1,名詞,pre1:1398,1
striking,striking,word,印象的な，目立つ,印象的な，目立つ,exam,3,pre1,pre1,形容詞,pre1:146,1
strive,strive,word,努力する，励む,努力する，励む,exam,3,pre1,pre1,動詞,pre1:549,1
stroll,stroll,word,散歩する,散歩する,exam,3,pre1,pre1,動詞,pre1:2076,1
structural,structural,word,構造上の，構成上の,構造上の，構成上の,exam,3,pre1,pre1,形容詞,pre1:1212,1
stumble,stumble,word,につまずく,につまずく,exam,3,pre1,pre1,動詞,pre1:755,1
stump,stump,word,切り株,切り株,exam,3,pre1,pre1,名詞,pre1:1130,1
stun,stun,word,を気絶させる,を気絶させる,exam,3,pre1,pre1,動詞,pre1:2561,1
stupidity,stupidity,word,愚かさ，愚鈍,愚かさ，愚鈍,exam,3,pre1,pre1,名詞,pre1:1074,1
sturdy,sturdy,word,たくましい，頑強な,たくましい，頑強な,exam,3,pre1,pre1,形容詞,pre1:54,1
subconscious,subconscious,word,潜在意識の,潜在意識の,exam,3,pre1,pre1,名詞,pre1:2159,1
subdue,subdue,word,鎮圧する，抑制する,鎮圧する，抑制する,exam,3,pre1,pre1;1,動詞,pre1:1806;1:418,2
sublime,sublime,word,高尚な，気品のある,高尚な，気品のある,exam,3,pre1,pre1,形容詞,pre1:1661,1
submarine,submarine,word,潜水艦，水中艇,潜水艦，水中艇,exam,3,pre1,pre1;1,名詞,pre1:1685;1:285,2
submerge,submerge,word,を水中に入れる，浸す,を水中に入れる，浸す,exam,3,pre1,pre1,動詞,pre1:2172,1
submission,submission,word,提出，降伏,提出，降伏,exam,3,pre1,pre1,名詞,pre1:1906,1
subordinate,subordinate,word,下位の,下位の,exam,3,pre1,pre1,形容詞,pre1:1979,1
subscription,subscription,word,購読，定期購読,購読，定期購読,exam,3,pre1,pre1,名詞,pre1:1497,1
subside,subside,word,低下する，沈む,低下する，沈む,exam,3,pre1,pre1,動詞,pre1:2099,1
subsidiary,subsidiary,word,子会社,子会社,exam,3,pre1,pre1,名詞,pre1:1462,1
subsidy,subsidy,word,補助金,補助金,exam,3,pre1,pre1,名詞,pre1:1461,1
substantially,substantially,word,実質的に，本質的に,実質的に，本質的に,exam,3,pre1,pre1;1,副詞,pre1:2199;1:379,2
subtract,subtract,word,差し引く,差し引く,exam,3,pre1,pre1,動詞,pre1:1477,1
suburban,suburban,word,郊外の，郊外型の,郊外の，郊外型の,exam,3,pre1,pre1;1,形容詞,pre1:2206;1:393,2
successor,successor,word,後継，次代,後継，次代,exam,3,pre1,pre1;1,名詞,pre1:1261;1:493,2
suck,suck,word,を吸う，すする,を吸う，すする,exam,3,pre1,pre1,動詞,pre1:231,1
suction,suction,word,吸引,吸引,exam,3,pre1,pre1,名詞,pre1:3157,1
suffice,suffice,word,満足させる，足りる,満足させる，足りる,exam,3,pre1,pre1,動詞,pre1:2177,1
sulfur,sulfur,word,硫黄,硫黄,exam,3,pre1,pre1;1,名詞,pre1:2284;1:2203,2
sullen,sullen,word,不機嫌な，不機嫌そうな,不機嫌な，不機嫌そうな / 不機嫌な,exam,3,pre1,pre1;1,形容詞,pre1:1816;1:3899,2
sunken,sunken,word,沈んだ,沈んだ,exam,3,pre1,pre1,形容詞,pre1:2698,1
superb,superb,word,見事な，立派な,見事な，立派な,exam,3,pre1,pre1,形容詞,pre1:1810,1
superficial,superficial,word,表面的な,表面的な,exam,3,pre1,pre1,形容詞,pre1:3070,1
superintendent,superintendent,word,監督者,監督者,exam,3,pre1,pre1,名詞,pre1:2514,1
supernatural,supernatural,word,超自然的な,超自然的な,exam,3,pre1,pre1,形容詞,pre1:1689,1
supersonic,supersonic,word,超音速の,超音速の,exam,3,pre1,pre1,形容詞,pre1:2538,1
superstition,superstition,word,迷信,迷信,exam,3,pre1,pre1,名詞,pre1:1493,1
superstitious,superstitious,word,迷信的な,迷信的な,exam,3,pre1,pre1,形容詞,pre1:2073,1
supervise,supervise,word,監督する，管理する,監督する，管理する,exam,3,pre1,pre1,動詞,pre1:1566,1
supervision,supervision,word,監督，指導者,監督，指導者,exam,3,pre1,pre1;1,名詞,pre1:936;1:360,2
supplier,supplier,word,供給者，供給元，仕入先,供給者，供給元，仕入先 / 供給者，供給元,exam,3,pre1,pre1;1,名詞,pre1:1804;1:296,2
supposedly,supposedly,word,たぶん，おそらく,たぶん，おそらく,exam,3,pre1,pre1;1,副詞,pre1:2001;1:26,2
suppression,suppression,word,抑制，鎮圧,抑制，鎮圧,exam,3,pre1,pre1,名詞,pre1:1783,1
supremacy,supremacy,word,至高，覇権,至高，覇権 / 最高，至高,exam,3,pre1,pre1;1,名詞,pre1:2703;1:1112,2
surge,surge,word,波打つ，急に上がる,波打つ，急に上がる,exam,3,pre1,pre1;1,動詞,pre1:2645;1:507,2
surgeon,surgeon,word,外科医，手術医,外科医，手術医,exam,3,pre1,pre1;1,名詞,pre1:621;1:135,2
surgical,surgical,word,外科の，外科的な,外科の，外科的な,exam,3,pre1,pre1;1,形容詞,pre1:2584;1:529,2
surmise,surmise,word,を推測する,を推測する / 推測する,exam,3,pre1,pre1;1,動詞,pre1:2480;1:3134,2
surmount,surmount,word,乗り越える,乗り越える,exam,3,pre1,pre1,動詞,pre1:3080,1
surpass,surpass,word,超える，勝る,超える，勝る,exam,3,pre1,pre1;1,動詞,pre1:1600;1:173,2
surplus,surplus,word,余剰，余り,余剰，余り,exam,3,pre1,pre1,名詞,pre1:1850,1
surrender,surrender,word,降伏する，投降する,降伏する，投降する,exam,3,pre1,pre1;1,動詞,pre1:372;1:137,2
surrounding,surrounding,word,周囲，付近,周囲，付近,exam,3,pre1,pre1,名詞,pre1:291,1
surveillance,surveillance,word,監視，見守り,監視，見守り,exam,3,pre1,pre1;1,名詞,pre1:2966;1:284,2
suspension,suspension,word,停止,停止,exam,3,pre1,pre1,名詞,pre1:1924,1
suspicion,suspicion,word,疑い，疑惑,疑い，疑惑,exam,3,pre1,pre1,名詞,pre1:538,1
swamp,swamp,word,沼地，湿地,沼地，湿地,exam,3,pre1,pre1,名詞,pre1:1229,1
swap,swap,word,交換する，取り換える,交換する，取り換える,exam,3,pre1,pre1,動詞,pre1:2404,1
swarm,swarm,word,群れ,群れ,exam,3,pre1,pre1,名詞,pre1:1629,1
sway,sway,word,揺さぶる,揺さぶる,exam,3,pre1,pre1,動詞,pre1:956,1
swell,swell,word,膨れる，大きくなる,膨れる，大きくなる,exam,3,pre1,pre1,動詞,pre1:766,1
swift,swift,word,迅速な，速い,迅速な，速い,exam,3,pre1,pre1,形容詞,pre1:470,1
swipe,swipe,word,拭く,拭く,exam,3,pre1,pre1,動詞,pre1:3377,1
swirl,swirl,word,渦巻く，旋回する,渦巻く，旋回する,exam,3,pre1,pre1,動詞,pre1:2197,1
swoop,swoop,word,急襲する,急襲する / 急降下する，急落する,exam,3,pre1,pre1;1,動詞,pre1:2874;1:1183,2
syllable,syllable,word,音節,音節,exam,3,pre1,pre1,名詞,pre1:1288,1
sympathetic,sympathetic,word,思いやりのある，共感的な,思いやりのある，共感的な,exam,3,pre1,pre1;1,形容詞,pre1:8;1:24,2
sympathize,sympathize,word,同情する，共感する,同情する，共感する,exam,3,pre1,pre1;1,動詞,pre1:1332;1:96,2
symphony,symphony,word,交響曲,交響曲,exam,3,pre1,pre1,名詞,pre1:477,1
synchronize,synchronize,word,同期する,同期する,exam,3,pre1,pre1,動詞,pre1:3285,1
syndrome,syndrome,word,症候群,症候群,exam,3,pre1,pre1,名詞,pre1:2380,1
synonym,synonym,word,同意語，類語,同意語，類語,exam,3,pre1,pre1,名詞,pre1:2393,1
synthesize,synthesize,word,統合する、まとめる,統合する、まとめる / 統合する，まとめる,exam,3,pre1,pre1;1,動詞,pre1:3188;1:1609,2
tact,tact,word,機転,機転,exam,3,pre1,pre1,名詞,pre1:2861,1
tactic,tactic,word,戦術,戦術,exam,3,pre1,pre1,名詞,pre1:2952,1
tactical,tactical,word,戦術的な,戦術的な,exam,3,pre1,pre1,形容詞,pre1:3261,1
taint,taint,word,腐敗，汚染,腐敗，汚染 / 腐敗，汚点,exam,3,pre1,pre1;1,名詞,pre1:2587;1:2158,2
tan,tan,word,肌を焼く，日焼けする,肌を焼く，日焼けする,exam,3,pre1,pre1,動詞,pre1:1565,1
tangible,tangible,word,有形の，手で触れる,有形の，手で触れる / 具体的な，実体のある,exam,3,pre1,pre1;1,形容詞,pre1:2802;1:4274,2
tangle,tangle,word,もつれさせる，絡ませる，混乱させる,もつれさせる，絡ませる，混乱させる,exam,3,pre1,pre1;1,動詞,pre1:3271;1:1796,2
tariff,tariff,word,関税,関税,exam,3,pre1,pre1,名詞,pre1:1875,1
tavern,tavern,word,居酒屋,居酒屋,exam,3,pre1,pre1,名詞,pre1:2229,1
tease,tease,word,からかう,からかう,exam,3,pre1,pre1,動詞,pre1:3011,1
tedious,tedious,word,退屈な,退屈な,exam,3,pre1,pre1,形容詞,pre1:1624,1
temperament,temperament,word,気質,気質 / 気質，性質,exam,3,pre1,pre1;1,名詞,pre1:1951;1:683,2
temperance,temperance,word,節制，禁酒,節制，禁酒,exam,3,pre1,pre1,名詞,pre1:2525,1
temperate,temperate,word,控えめな，節度のある,控えめな，節度のある,exam,3,pre1,pre1,形容詞,pre1:1754,1
tempt,tempt,word,を誘惑する,を誘惑する,exam,3,pre1,pre1,動詞,pre1:801,1
tenant,tenant,word,店子,店子,exam,3,pre1,pre1,名詞,pre1:3224,1
tendency,tendency,word,傾向,傾向,exam,3,pre1,pre1,名詞,pre1:239,1
tender,tender,word,優しい/世話人,優しい/世話人,exam,3,pre1,pre1,形容詞/名詞,pre1:18,1
tenderness,tenderness,word,優しさ,優しさ,exam,3,pre1,pre1,名詞,pre1:1355,1
tension,tension,word,緊張,緊張,exam,3,pre1,pre1,名詞,pre1:3360,1
tentative,tentative,word,暫定の，仮の,暫定の，仮の / 暫定の，一時的な,exam,3,pre1,pre1;1,形容詞,pre1:2659;1:611,2
terminate,terminate,word,を終了する，終わらせる,を終了する，終わらせる,exam,3,pre1,pre1,動詞,pre1:2616,1
termination,termination,word,終了，終わり,終了，終わり,exam,3,pre1,pre1;1,名詞,pre1:3222;1:730,2
terrain,terrain,word,地形,地形,exam,3,pre1,pre1,名詞,pre1:2992,1
terrific,terrific,word,すごい，ものすごい,すごい，ものすごい,exam,3,pre1,pre1,形容詞,pre1:721,1
testify,testify,word,証言する,証言する,exam,3,pre1,pre1,動詞,pre1:1448,1
testimony,testimony,word,証言，申し立て,証言，申し立て,exam,3,pre1,pre1;1,名詞,pre1:2287;1:409,2
textile,textile,word,織物の,織物の,exam,3,pre1,pre1,形容詞,pre1:1611,1
texture,texture,word,生地,生地,exam,3,pre1,pre1,名詞,pre1:1622,1
thaw,thaw,word,雪が解ける，雪解けの陽気になる,雪が解ける，雪解けの陽気になる,exam,3,pre1,pre1,動詞,pre1:1518,1
theft,theft,word,盗み，窃盗,盗み，窃盗,exam,3,pre1,pre1,名詞,pre1:2024,1
theology,theology,word,神学,神学,exam,3,pre1,pre1,名詞,pre1:2946,1
theoretical,theoretical,word,理論上の，理論に基づいた,理論上の，理論に基づいた,exam,3,pre1,pre1,形容詞,pre1:1742,1
thereafter,thereafter,word,その後は,その後は,exam,3,pre1,pre1,副詞,pre1:1540,1
thereby,thereby,word,それによって,それによって,exam,3,pre1,pre1,副詞,pre1:2354,1
thermal,thermal,word,熱の，温度に関する,熱の，温度に関する,exam,3,pre1,pre1;1,形容詞,pre1:2749;1:183,2
thesis,thesis,word,論文，論題,論文，論題,exam,3,pre1,pre1,名詞,pre1:1798,1
thief,thief,word,泥棒,泥棒,exam,3,pre1,pre1,名詞,pre1:3282,1
thigh,thigh,word,ふともも,ふともも,exam,3,pre1,pre1,名詞,pre1:1639,1
thin,thin,word,薄い，痩せた,薄い，痩せた,exam,3,pre1,pre1,形容詞,pre1:109,1
thong,thong,word,ひも,ひも,exam,3,pre1,pre1,名詞,pre1:2805,1
thorn,thorn,word,とげ，茨,とげ，茨 / とげ,exam,3,pre1,pre1;1,名詞,pre1:726;1:2068,2
thoroughly,thoroughly,word,徹底的に，完全に,徹底的に，完全に,exam,3,pre1,pre1;1,副詞,pre1:452;1:516,2
thread,thread,word,糸,糸,exam,3,pre1,pre1,名詞,pre1:3165,1
threshold,threshold,word,敷居，入り口,敷居，入り口 / 閾，閾値,exam,3,pre1,pre1;1,名詞,pre1:1446;1:474,2
thrift,thrift,word,倹約，節約,倹約，節約,exam,3,pre1,pre1,名詞,pre1:2146,1
thrifty,thrifty,word,倹約な,倹約な,exam,3,pre1,pre1;1,形容詞,pre1:3258;1:3270,2
thrive,thrive,word,繁栄する，隆盛する,繁栄する，隆盛する,exam,3,pre1,pre1;1,動詞,pre1:1468;1:448,2
throne,throne,word,王位，王座,王位，王座,exam,3,pre1,pre1,名詞,pre1:863,1
throng,throng,word,群衆，群れ,群衆，群れ,exam,3,pre1,pre1;1,名詞,pre1:2668;1:3780,2
thumb,thumb,word,親指,親指,exam,3,pre1,pre1,名詞,pre1:25,1
thump,thump,word,を殴る，たたく,を殴る，たたく / ゴツンと叩く，強く打つ,exam,3,pre1,pre1;1,動詞,pre1:2751;1:1628,2
tickle,tickle,word,をくすぐる,をくすぐる,exam,3,pre1,pre1,動詞,pre1:2273,1
tidal,tidal,word,潮の，潮に乗った,潮の，潮に乗った,exam,3,pre1,pre1,形容詞,pre1:1619,1
tighten,tighten,word,締める，絞る,締める，絞る,exam,3,pre1,pre1;1,動詞,pre1:589;1:300,2
tilt,tilt,word,を傾ける，を斜めにする,を傾ける，を斜めにする,exam,3,pre1,pre1,動詞,pre1:2326,1
timber,timber,word,木材,木材,exam,3,pre1,pre1,名詞,pre1:1700,1
timid,timid,word,臆病な,臆病な,exam,3,pre1,pre1,形容詞,pre1:1278,1
toil,toil,word,苦労して働く，懸命に働く,苦労して働く，懸命に働く,exam,3,pre1,pre1,動詞,pre1:1835,1
token,token,word,しるし，象徴,しるし，象徴,exam,3,pre1,pre1,名詞,pre1:282,1
tolerance,tolerance,word,寛容さ，忍耐力,寛容さ，忍耐力,exam,3,pre1,pre1,名詞,pre1:1505,1
tonic,tonic,word,強壮剤，健康促進剤,強壮剤，健康促進剤,exam,3,pre1,pre1;1,名詞,pre1:2327;1:176,2
toothpick,toothpick,word,爪楊枝,爪楊枝,exam,3,pre1,pre1,名詞,pre1:2833,1
topple,topple,word,倒れる,倒れる,exam,3,pre1,pre1,動詞,pre1:3146,1
torch,torch,word,たいまつ,たいまつ,exam,3,pre1,pre1,名詞,pre1:673,1
torrent,torrent,word,急流,急流,exam,3,pre1,pre1;1,名詞,pre1:2756;1:2173,2
torture,torture,word,を拷問にかける,を拷問にかける,exam,3,pre1,pre1,動詞,pre1:1342,1
tow,tow,word,をけん引する，引く,をけん引する，引く,exam,3,pre1,pre1,動詞,pre1:1960,1
tragic,tragic,word,悲劇的な，悲劇的,悲劇的な，悲劇的,exam,3,pre1,pre1;1,形容詞,pre1:585;1:29,2
traitor,traitor,word,裏切り者，反逆者,裏切り者，反逆者,exam,3,pre1,pre1,名詞,pre1:1561,1
tram,tram,word,市街電車，路面電車,市街電車，路面電車,exam,3,pre1,pre1,名詞,pre1:1515,1
trance,trance,word,恍惚，夢中,恍惚，夢中,exam,3,pre1,pre1,名詞,pre1:2937,1
tranquil,tranquil,word,静かな，平穏な,静かな，平穏な,exam,3,pre1,pre1,形容詞,pre1:1842,1
transcribe,transcribe,word,を筆記する，複写する,を筆記する，複写する / 複写する，複製する,exam,3,pre1,pre1;1,動詞,pre1:2562;1:906,2
transcript,transcript,word,写し，写本,写し，写本,exam,3,pre1,pre1,名詞,pre1:2308,1
transformation,transformation,word,変形，変身,変形，変身,exam,3,pre1,pre1,名詞,pre1:1271,1
transfusion,transfusion,word,輸血,輸血,exam,3,pre1,pre1,名詞,pre1:2462,1
transient,transient,word,一時的な,一時的な,exam,3,pre1,pre1;1,形容詞,pre1:3175;1:2217,2
transit,transit,word,乗り継ぎ,乗り継ぎ,exam,3,pre1,pre1,名詞,pre1:2425,1
translucent,translucent,word,半透明の、透けて見える,半透明の、透けて見える / 半透明の，透けて見える,exam,3,pre1,pre1;1,形容詞,pre1:3063;1:1405,2
transmission,transmission,word,伝送,伝送,exam,3,pre1,pre1,名詞,pre1:1218,1
transmit,transmit,word,送信する,送信する,exam,3,pre1,pre1,動詞,pre1:1185,1
transparency,transparency,word,透明性,透明性,exam,3,pre1,pre1,名詞,pre1:2028,1
transparent,transparent,word,透明な，光を通す,透明な，光を通す,exam,3,pre1,pre1,形容詞,pre1:1257,1
transplant,transplant,word,を移植する,を移植する,exam,3,pre1,pre1,動詞,pre1:2084,1
trash,trash,word,ごみ，価値のないもの,ごみ，価値のないもの,exam,3,pre1,pre1,名詞,pre1:1057,1
traverse,traverse,word,を横切る，横断する,を横切る，横断する,exam,3,pre1,pre1,動詞,pre1:2228,1
treacherous,treacherous,word,裏切った，反逆の,裏切った，反逆の / 背いた,exam,3,pre1,pre1;1,形容詞,pre1:2202;1:4048,2
tread,tread,word,足を踏み入れる,足を踏み入れる,exam,3,pre1,pre1,動詞,pre1:478,1
treasury,treasury,word,宝庫，基金,宝庫，基金,exam,3,pre1,pre1,名詞,pre1:1335,1
trespass,trespass,word,侵害する，つけ込む,侵害する，つけ込む,exam,3,pre1,pre1,動詞,pre1:2928,1
tribal,tribal,word,部族の,部族の,exam,3,pre1,pre1,形容詞,pre1:2332,1
tribunal,tribunal,word,裁判所,裁判所,exam,3,pre1,pre1,名詞,pre1:2912,1
tribute,tribute,word,貢ぎ物，感謝,貢ぎ物，感謝,exam,3,pre1,pre1,名詞,pre1:1618,1
trickle,trickle,word,したたる,したたる,exam,3,pre1,pre1,動詞,pre1:2651,1
trifle,trifle,word,ささいなこと,ささいなこと,exam,3,pre1,pre1,名詞,pre1:1435,1
trim,trim,word,を整える，手入れする,を整える，手入れする,exam,3,pre1,pre1,動詞,pre1:675,1
triumph,triumph,word,大勝利,大勝利,exam,3,pre1,pre1,名詞,pre1:324,1
triumphant,triumphant,word,成功した，勝利した,成功した，勝利した,exam,3,pre1,pre1,形容詞,pre1:2132,1
trot,trot,word,急ぎ足，駆け足,急ぎ足，駆け足,exam,3,pre1,pre1,名詞,pre1:2000,1
trustee,trustee,word,受託者，保管人,受託者，保管人,exam,3,pre1,pre1,名詞,pre1:1663,1
tuck,tuck,word,を押し込む，つめ込む,を押し込む，つめ込む,exam,3,pre1,pre1,動詞,pre1:1076,1
tug,tug,word,をぐいと引く，強く引っ張る,をぐいと引く，強く引っ張る,exam,3,pre1,pre1,動詞,pre1:2280,1
tumble,tumble,word,転落する，倒れる,転落する，倒れる,exam,3,pre1,pre1,動詞,pre1:1557,1
tumult,tumult,word,騒動，暴動,騒動，暴動,exam,3,pre1,pre1,名詞,pre1:2884,1
turmoil,turmoil,word,騒動，混乱，騒ぎ,騒動，混乱，騒ぎ,exam,3,pre1,pre1;1,名詞,pre1:2107;1:325,2
tutor,tutor,word,家庭教師，個別指導者,家庭教師，個別指導者,exam,3,pre1,pre1;1,名詞,pre1:118;1:136,2
twig,twig,word,小枝,小枝,exam,3,pre1,pre1,名詞,pre1:1495,1
twilight,twilight,word,黄昏時,黄昏時,exam,3,pre1,pre1,名詞,pre1:727,1
twinkle,twinkle,word,きらきら光る,きらきら光る,exam,3,pre1,pre1,動詞,pre1:808,1
tyranny,tyranny,word,専制政治，圧政,専制政治，圧政,exam,3,pre1,pre1;1,名詞,pre1:1772;1:158,2
ultimately,ultimately,word,最後に，ついに,最後に，ついに,exam,3,pre1,pre1,副詞,pre1:131,1
umpire,umpire,word,審判，審判員,審判，審判員,exam,3,pre1,pre1,名詞,pre1:951,1
unanimous,unanimous,word,満場一致の，同意見の,満場一致の，同意見の,exam,3,pre1,pre1,形容詞,pre1:1649,1
unaware,unaware,word,気づいていない,気づいていない,exam,3,pre1,pre1,形容詞,pre1:686,1
uncertain,uncertain,word,不確実な，確信を持てない,不確実な，確信を持てない,exam,3,pre1,pre1,形容詞,pre1:280,1
uncertainty,uncertainty,word,不確実性，不明確さ,不確実性，不明確さ,exam,3,pre1,pre1,名詞,pre1:581,1
uncommon,uncommon,word,珍しい，滅多にない,珍しい，滅多にない,exam,3,pre1,pre1,形容詞,pre1:802,1
unconscious,unconscious,word,無意識の，潜在意識の,無意識の，潜在意識の,exam,3,pre1,pre1;1,形容詞,pre1:1247;1:262,2
uncover,uncover,word,を明らかにする，ふたを取る,を明らかにする，ふたを取る,exam,3,pre1,pre1,動詞,pre1:891,1
undergraduate,undergraduate,word,大学生，学部生,大学生，学部生,exam,3,pre1,pre1;1,名詞,pre1:874;1:138,2
underlying,underlying,word,根底にある,根底にある,exam,3,pre1,pre1,形容詞,pre1:2344,1
undermine,undermine,word,弱体化させる，衰退させる,弱体化させる，衰退させる,exam,3,pre1,pre1;1,動詞,pre1:2600;1:490,2
undo,undo,word,元通りにする,元通りにする,exam,3,pre1,pre1,動詞,pre1:1240,1
unfold,unfold,word,を展開する，広げる,を展開する，広げる,exam,3,pre1,pre1,動詞,pre1:1132,1
unified,unified,word,統一された,統一された,exam,3,pre1,pre1,形容詞,pre1:3187,1
unify,unify,word,を一つにする，統一する,を一つにする，統一する,exam,3,pre1,pre1,動詞,pre1:2223,1
unite,unite,word,を結合させる，団結する,を結合させる，団結する,exam,3,pre1,pre1,動詞,pre1:119,1
unity,unity,word,団結，単一,団結，単一,exam,3,pre1,pre1,名詞,pre1:782,1
unjust,unjust,word,不当な，不公平な,不当な，不公平な / 不当な，不適切な,exam,3,pre1,pre1;1,形容詞,pre1:584;1:1333,2
unkind,unkind,word,不親切な，薄情な,不親切な，薄情な,exam,3,pre1,pre1,形容詞,pre1:348,1
unprecedented,unprecedented,word,前例のない,前例のない,exam,3,pre1,pre1,形容詞,pre1:2355,1
unstable,unstable,word,不安定な，ゆらぎやすい,不安定な，ゆらぎやすい,exam,3,pre1,pre1;1,形容詞,pre1:2248;1:190,2
untidy,untidy,word,だらしない，乱雑な,だらしない，乱雑な,exam,3,pre1,pre1,形容詞,pre1:1255,1
unveil,unveil,word,明らかにする,明らかにする,exam,3,pre1,pre1,動詞,pre1:3029,1
uplift,uplift,word,隆起,隆起,exam,3,pre1,pre1,名詞,pre1:3229,1
uproar,uproar,word,大騒ぎ，騒動,大騒ぎ，騒動 / 大騒ぎ,exam,3,pre1,pre1;1,名詞,pre1:2613;1:2150,2
upscale,upscale,word,高級な,高級な,exam,3,pre1,pre1,形容詞,pre1:3203,1
uptight,uptight,word,きつい,きつい,exam,3,pre1,pre1,形容詞,pre1:3270,1
utensil,utensil,word,用具，器具,用具，器具 / 器具,exam,3,pre1,pre1;1,名詞,pre1:1886;1:3648,2
utility,utility,word,効用,効用,exam,3,pre1,pre1,名詞,pre1:1081,1
utmost,utmost,word,最大限の，最高の,最大限の，最高の,exam,3,pre1,pre1,形容詞,pre1:1324,1
utterance,utterance,word,発言，発声,発言，発声,exam,3,pre1,pre1,名詞,pre1:1449,1
vacancy,vacancy,word,空っぽ，空いた場所,空っぽ，空いた場所,exam,3,pre1,pre1,名詞,pre1:1813,1
vacant,vacant,word,空っぽの，無人の,空っぽの，無人の,exam,3,pre1,pre1,形容詞,pre1:1134,1
valid,valid,word,有効な，根拠のある,有効な，根拠のある,exam,3,pre1,pre1,形容詞,pre1:1059,1
validity,validity,word,有効性，効果性,有効性，効果性,exam,3,pre1,pre1;1,名詞,pre1:2356;1:440,2
vandalize,vandalize,word,わざと壊す，故意に破壊する,わざと壊す，故意に破壊する,exam,3,pre1,pre1,動詞,pre1:148,1
vanity,vanity,word,虚栄心，うぬぼれ,虚栄心，うぬぼれ,exam,3,pre1,pre1,名詞,pre1:950,1
vapor,vapor,word,蒸気，水蒸気,蒸気，水蒸気,exam,3,pre1,pre1,名詞,pre1:1681,1
vase,vase,word,花瓶，つぼ,花瓶，つぼ,exam,3,pre1,pre1,名詞,pre1:264,1
vast,vast,word,広大な，莫大な,広大な，莫大な,exam,3,pre1,pre1,形容詞,pre1:75,1
vault,vault,word,丸天井，ドーム型の天井,丸天井，ドーム型の天井,exam,3,pre1,pre1;1,名詞,pre1:3232;1:539,2
veil,veil,word,覆うもの，口実,覆うもの，口実,exam,3,pre1,pre1,名詞,pre1:3241,1
vein,vein,word,静脈,静脈,exam,3,pre1,pre1,名詞,pre1:1570,1
velocity,velocity,word,速度,速度,exam,3,pre1,pre1,名詞,pre1:1959,1
vendor,vendor,word,行商人,行商人,exam,3,pre1,pre1,名詞,pre1:2358,1
vent,vent,word,排出口，通風孔,排出口，通風孔,exam,3,pre1,pre1,名詞,pre1:2125,1
ventilate,ventilate,word,換気する,換気する,exam,3,pre1,pre1,動詞,pre1:3172,1
venue,venue,word,会場，場所,会場，場所 / 現場，場所,exam,3,pre1,pre1;1,名詞,pre1:185;1:678,2
verb,verb,word,動詞,動詞,exam,3,pre1,pre1,名詞,pre1:598,1
verdict,verdict,word,評決,評決,exam,3,pre1,pre1,名詞,pre1:2378,1
verge,verge,word,寸前，境界,寸前，境界,exam,3,pre1,pre1,名詞,pre1:3155,1
verify,verify,word,を確認する，立証する,を確認する，立証する,exam,3,pre1,pre1,動詞,pre1:2395,1
vertical,vertical,word,垂直の，縦の,垂直の，縦の,exam,3,pre1,pre1,形容詞,pre1:1481,1
viable,viable,word,生存できる，生き抜く,生存できる，生き抜く,exam,3,pre1,pre1;1,形容詞,pre1:3173;1:780,2
vibrant,vibrant,word,活気のある,活気のある,exam,3,pre1,pre1,形容詞,pre1:3400,1
vicinity,vicinity,word,近所，近隣,近所，近隣,exam,3,pre1,pre1;1,名詞,pre1:2975;1:308,2
vicious,vicious,word,悪意のある，意地悪な,悪意のある，意地悪な,exam,3,pre1,pre1,形容詞,pre1:1097,1
vigor,vigor,word,活力,活力,exam,3,pre1,pre1;1,名詞,pre1:501;1:2288,2
vigorous,vigorous,word,精力的な，元気な,精力的な，元気な,exam,3,pre1,pre1,形容詞,pre1:1375,1
villa,villa,word,別荘,別荘,exam,3,pre1,pre1,名詞,pre1:1066,1
villain,villain,word,悪党，悪者,悪党，悪者,exam,3,pre1,pre1,名詞,pre1:219,1
villainous,villainous,word,極悪人の，悪役の,極悪人の，悪役の,exam,3,pre1,pre1,形容詞,pre1:3340,1
violation,violation,word,違反，侵害,違反，侵害,exam,3,pre1,pre1;1,名詞,pre1:1366;1:172,2
virgin,virgin,word,処女,処女,exam,3,pre1,pre1,名詞,pre1:1183,1
vitality,vitality,word,生命力，活気,生命力，活気,exam,3,pre1,pre1,名詞,pre1:1423,1
vocal,vocal,word,音声の，声の,音声の，声の,exam,3,pre1,pre1,形容詞,pre1:1088,1
vocation,vocation,word,天職，職業,天職，職業,exam,3,pre1,pre1,名詞,pre1:1580,1
vocational,vocational,word,職業の，職業上の,職業の，職業上の / 職業の，仕事の,exam,3,pre1,pre1;1,形容詞,pre1:2549;1:887,2
vogue,vogue,word,流行,流行,exam,3,pre1,pre1;1,名詞,pre1:2456;1:2019,2
void,void,word,無効の,無効の,exam,3,pre1,pre1,形容詞,pre1:2640,1
volcanic,volcanic,word,火山の,火山の,exam,3,pre1,pre1,形容詞,pre1:2104,1
volcano,volcano,word,火山，噴火口,火山，噴火口,exam,3,pre1,pre1;1,名詞,pre1:604;1:522,2
vomit,vomit,word,吐く/嘔吐,吐く/嘔吐,exam,3,pre1,pre1,動詞,pre1:2217,1
voucher,voucher,word,引換券,引換券,exam,3,pre1,pre1,名詞,pre1:2115,1
vowel,vowel,word,母音,母音,exam,3,pre1,pre1,名詞,pre1:1306,1
vulgar,vulgar,word,下品な,下品な,exam,3,pre1,pre1,形容詞,pre1:1796,1
wag,wag,word,を振る，揺り動かす,を振る，揺り動かす,exam,3,pre1,pre1,動詞,pre1:2061,1
wail,wail,word,泣き叫ぶ,泣き叫ぶ,exam,3,pre1,pre1,動詞,pre1:2557,1
wander,wander,word,放浪する,放浪する,exam,3,pre1,pre1,動詞,pre1:3325,1
ward,ward,word,区画，病室,区画，病室,exam,3,pre1,pre1,名詞,pre1:707,1
warehouse,warehouse,word,倉庫,倉庫,exam,3,pre1,pre1,名詞,pre1:2188,1
warmth,warmth,word,暖かさ，温もり,暖かさ，温もり,exam,3,pre1,pre1,名詞,pre1:103,1
warrant,warrant,word,証明書，保証書,証明書，保証書,exam,3,pre1,pre1;1,名詞,pre1:1312;1:116,2
warranty,warranty,word,保証，保障,保証，保障,exam,3,pre1,pre1;1,名詞,pre1:2899;1:210,2
warrior,warrior,word,戦士,戦士,exam,3,pre1,pre1,名詞,pre1:597,1
watchdog,watchdog,word,番犬,番犬,exam,3,pre1,pre1,名詞,pre1:1196,1
waver,waver,word,揺らぐ、安定していない、ぐらつく,揺らぐ、安定していない、ぐらつく / 揺らぐ，安定していない，ぐらつく,exam,3,pre1,pre1;1,動詞,pre1:3079;1:1650,2
weaken,weaken,word,弱める，力を失う,弱める，力を失う,exam,3,pre1,pre1;1,動詞,pre1:333;1:189,2
weary,weary,word,疲れた，疲弊した,疲れた，疲弊した,exam,3,pre1,pre1,形容詞,pre1:179,1
weave,weave,word,織物を織る,織物を織る,exam,3,pre1,pre1,動詞,pre1:87,1
weed,weed,word,雑草，草取り,雑草，草取り,exam,3,pre1,pre1;1,名詞,pre1:195;1:77,2
weep,weep,word,泣く，涙を流す,泣く，涙を流す,exam,3,pre1,pre1,動詞,pre1:208,1
weird,weird,word,変な，気味の悪い,変な，気味の悪い,exam,3,pre1,pre1,形容詞,pre1:1456,1
whatsoever,whatsoever,word,なんでも,なんでも,exam,3,pre1,pre1,副詞,pre1:2875,1
wheat,wheat,word,小麦,小麦,exam,3,pre1,pre1,名詞,pre1:178,1
whereby,whereby,word,それによって，それに従って,それによって，それに従って,exam,3,pre1,pre1,接続詞,pre1:2732,1
wholesome,wholesome,word,健全な，健康的な,健全な，健康的な,exam,3,pre1,pre1,形容詞,pre1:3004,1
wicked,wicked,word,邪悪な，悪い,邪悪な，悪い,exam,3,pre1,pre1,形容詞,pre1:322,1
wicket,wicket,word,窓口,窓口,exam,3,pre1,pre1,名詞,pre1:2237,1
widow,widow,word,未亡人，夫を亡くした女性,未亡人，夫を亡くした女性,exam,3,pre1,pre1,名詞,pre1:741,1
wilderness,wilderness,word,荒野，未開の地,荒野，未開の地,exam,3,pre1,pre1;1,名詞,pre1:293;1:197,2
willingness,willingness,word,意欲，意志,意欲，意志,exam,3,pre1,pre1;1,名詞,pre1:2377;1:248,2
windmill,windmill,word,風車,風車,exam,3,pre1,pre1,名詞,pre1:2191,1
wit,wit,word,機転,機転,exam,3,pre1,pre1,名詞,pre1:684,1
witch,witch,word,魔女，魔法使い,魔女，魔法使い,exam,3,pre1,pre1;1,名詞,pre1:788;1:416,2
withdrawal,withdrawal,word,撤回，撤退,撤回，撤退,exam,3,pre1,pre1,名詞,pre1:1110,1
wither,wither,word,枯れる，しおれる,枯れる，しおれる,exam,3,pre1,pre1,動詞,pre1:1674,1
withhold,withhold,word,差し控える,差し控える,exam,3,pre1,pre1,動詞,pre1:2004,1
witty,witty,word,気の利いた,気の利いた,exam,3,pre1,pre1,形容詞,pre1:1444,1
woe,woe,word,悲痛，苦悩,悲痛，苦悩,exam,3,pre1,pre1,名詞,pre1:2810,1
worship,worship,word,礼拝，崇拝,礼拝，崇拝,exam,3,pre1,pre1,名詞,pre1:2133,1
worthwhile,worthwhile,word,価値のある,価値のある,exam,3,pre1,pre1,形容詞,pre1:3129,1
wound,wound,word,傷,傷,exam,3,pre1,pre1,名詞,pre1:3136,1
wreath,wreath,word,花輪，花冠,花輪，花冠,exam,3,pre1,pre1,名詞,pre1:1719,1
wreck,wreck,word,難破，衝突,難破，衝突,exam,3,pre1,pre1,名詞,pre1:1696,1
wrinkle,wrinkle,word,しわ,しわ,exam,3,pre1,pre1,名詞,pre1:1277,1
wrist,wrist,word,手首，そで口,手首，そで口,exam,3,pre1,pre1,名詞,pre1:226,1
yarn,yarn,word,編み糸,編み糸,exam,3,pre1,pre1,名詞,pre1:1546,1
yawn,yawn,word,欠伸をする，あくびをする,欠伸をする，あくびをする,exam,3,pre1,pre1;1,動詞,pre1:287;1:1773,2
yearn,yearn,word,憧れる，慕う,憧れる，慕う / 切望する，強く望む,exam,3,pre1,pre1;1,動詞,pre1:2098;1:4172,2
yolk,yolk,word,卵黄，黄身,卵黄，黄身 / 卵黄,exam,3,pre1,pre1;1,名詞,pre1:2615;1:4016,2
zeal,zeal,word,熱心，熱意,熱心，熱意 / 熱意，情熱,exam,3,pre1,pre1;1,名詞,pre1:1653;1:4183,2
abate,abate,word,減少する，和らげる,減少する，和らげる,exam,3,1,1,,1:4160,1
abbey,abbey,word,修道院，僧院,修道院，僧院,exam,3,1,1,,1:983,1
abdicate,abdicate,word,退位する，辞める,退位する，辞める,exam,3,1,1,,1:4173,1
abdomen,abdomen,word,腹部，腹の部分,腹部，腹の部分,exam,3,1,1,,1:1011,1
abdominal,abdominal,word,腹部の，腹の,腹部の，腹の,exam,3,1,1,,1:1363,1
abduct,abduct,word,拉致する，誘拐する,拉致する，誘拐する,exam,3,1,1,,1:599,1
abduction,abduction,word,拉致，誘拐,拉致，誘拐,exam,3,1,1,,1:1234,1
aberrant,aberrant,word,異常な，変わった,異常な，変わった,exam,3,1,1,,1:4203,1
aberration,aberration,word,脱線行為，妨害行為,脱線行為，妨害行為,exam,3,1,1,,1:1858,1
abet,abet,word,扇動する，煽る,扇動する，煽る,exam,3,1,1,,1:1307,1
abhor,abhor,word,嫌悪する,嫌悪する,exam,3,1,1,,1:2176,1
abhorrent,abhorrent,word,忌まわしい,忌まわしい,exam,3,1,1,,1:2902,1
abiding,abiding,word,永続的な，永久の,永続的な，永久の,exam,3,1,1,,1:2283,1
abject,abject,word,卑劣な,卑劣な,exam,3,1,1,,1:3091,1
ablaze,ablaze,word,燃え立っている,燃え立っている,exam,3,1,1,,1:2190,1
abnegation,abnegation,word,自己否定，自己犠牲,自己否定，自己犠牲,exam,3,1,1,,1:4122,1
abominable,abominable,word,忌まわしい，憎むべき,忌まわしい，憎むべき,exam,3,1,1,,1:436,1
abomination,abomination,word,憎悪,憎悪,exam,3,1,1,,1:3131,1
aboveboard,aboveboard,word,公明正大な,公明正大な,exam,3,1,1,,1:3685,1
abrasive,abrasive,word,すり減らす，減らす，摩耗させる,すり減らす，減らす，摩耗させる,exam,3,1,1,,1:1594,1
abreast,abreast,word,横に並んで,横に並んで,exam,3,1,1,,1:3916,1
abridged,abridged,word,要約された,要約された,exam,3,1,1,,1:3697,1
abscond,abscond,word,逃亡する，忍び去る,逃亡する，忍び去る,exam,3,1,1,,1:4259,1
absentee,absentee,word,欠席者，不参加者,欠席者，不参加者,exam,3,1,1,,1:1945,1
absolve,absolve,word,免除する，免許する,免除する，免許する,exam,3,1,1,,1:3371,1
absorption,absorption,word,吸収，吸取,吸収，吸取,exam,3,1,1,,1:446,1
abstinence,abstinence,word,禁欲,禁欲,exam,3,1,1,,1:2329,1
absurdity,absurdity,word,不条理，不合理，矛盾,不条理，不合理，矛盾,exam,3,1,1,,1:1790,1
abysmal,abysmal,word,奈落のような，ひどい,奈落のような，ひどい,exam,3,1,1,,1:4254,1
abyss,abyss,word,深淵，非常に深いところ，底なし,深淵，非常に深いところ，底なし,exam,3,1,1,,1:1660,1
accede,accede,word,同意する,同意する,exam,3,1,1,,1:2112,1
accentuate,accentuate,word,強調する,強調する,exam,3,1,1,,1:2095,1
accolade,accolade,word,栄誉,栄誉,exam,3,1,1,,1:2694,1
accomplice,accomplice,word,共犯者,共犯者,exam,3,1,1,,1:2537,1
accreditation,accreditation,word,認定，承認,認定，承認,exam,3,1,1,,1:969,1
accrue,accrue,word,発生する，起こる,発生する，起こる,exam,3,1,1,,1:1451,1
acknowledgement,acknowledgement,word,承認，認可,承認，認可,exam,3,1,1,,1:1874,1
acne,acne,word,にきび,にきび,exam,3,1,1,,1:2368,1
acquiescence,acquiescence,word,黙認,黙認,exam,3,1,1,,1:3561,1
acquittal,acquittal,word,無罪放免，無罪を宣告する,無罪放免，無罪を宣告する,exam,3,1,1,,1:1191,1
acrid,acrid,word,刺激的な,刺激的な,exam,3,1,1,,1:2863,1
acrimony,acrimony,word,辛辣さ,辛辣さ,exam,3,1,1,,1:3581,1
acronym,acronym,word,頭字語，初めの文字で作られる単語,頭字語，初めの文字で作られる単語,exam,3,1,1,,1:1715,1
acumen,acumen,word,洞察力，識見,洞察力，識見,exam,3,1,1,,1:1826,1
acupuncture,acupuncture,word,鍼,鍼,exam,3,1,1,,1:3461,1
adage,adage,word,格言,格言,exam,3,1,1,,1:2751,1
adamant,adamant,word,断固たる，固定的な,断固たる，固定的な,exam,3,1,1,,1:508,1
adept,adept,word,熟達した,熟達した,exam,3,1,1,,1:2152,1
adjoining,adjoining,word,隣の，隣接する,隣の，隣接する,exam,3,1,1,,1:1309,1
adjunct,adjunct,word,付属物，付加物,付属物，付加物,exam,3,1,1,,1:1906,1
admonition,admonition,word,訓戒,訓戒,exam,3,1,1,,1:3145,1
adrift,adrift,word,漂流して，漂う，流されている,漂流して，漂う，流されている,exam,3,1,1,,1:1357,1
adroit,adroit,word,器用な,器用な,exam,3,1,1,,1:3826,1
adulation,adulation,word,お世辞，過剰な賞賛,お世辞，過剰な賞賛,exam,3,1,1,,1:4276,1
adultery,adultery,word,姦通，不倫,姦通，不倫,exam,3,1,1,,1:1192,1
adversity,adversity,word,逆境，困難，窮地,逆境，困難，窮地,exam,3,1,1,,1:1879,1
aegis,aegis,word,保護,保護,exam,3,1,1,,1:3369,1
affable,affable,word,親しみの持てる,親しみの持てる,exam,3,1,1,,1:2145,1
affective,affective,word,優しい，親切な,優しい，親切な,exam,3,1,1,,1:1353,1
affiliated,affiliated,word,提携した，連携した,提携した，連携した,exam,3,1,1,,1:1479,1
affirmation,affirmation,word,断言，明言,断言，明言,exam,3,1,1,,1:998,1
affliction,affliction,word,苦痛,苦痛,exam,3,1,1,,1:3483,1
aforementioned,aforementioned,word,前述の，先に述べた,前述の，先に述べた,exam,3,1,1,,1:1359,1
aggregate,aggregate,word,集める，収集する,集める，収集する,exam,3,1,1,,1:1559,1
aggrieved,aggrieved,word,感情を害した,感情を害した,exam,3,1,1,,1:2191,1
agile,agile,word,機敏な,機敏な,exam,3,1,1,,1:2766,1
agrarian,agrarian,word,農地の,農地の,exam,3,1,1,,1:4042,1
ail,ail,word,苦しめる，苦痛を与える,苦しめる，苦痛を与える,exam,3,1,1,,1:425,1
ailing,ailing,word,病んでいる,病んでいる,exam,3,1,1,,1:2017,1
ailment,ailment,word,病気，疾患,病気，疾患,exam,3,1,1,,1:1097,1
airborne,airborne,word,空輸の,空輸の,exam,3,1,1,,1:2099,1
alias,alias,word,別名は，別称は,別名は，別称は,exam,3,1,1,,1:1329,1
alienation,alienation,word,疎外，遠ざける，孤立させる,疎外，遠ざける，孤立させる,exam,3,1,1,,1:1892,1
align,align,word,揃える，整える,揃える，整える,exam,3,1,1,,1:1477,1
allay,allay,word,和らげる，軽減する,和らげる，軽減する,exam,3,1,1,,1:356,1
allegiance,allegiance,word,忠誠,忠誠,exam,3,1,1,,1:3248,1
allegory,allegory,word,たとえ話，比喩,たとえ話，比喩,exam,3,1,1,,1:3393,1
allele,allele,word,対立遺伝子,対立遺伝子,exam,3,1,1,,1:3408,1
alloy,alloy,word,合金,合金,exam,3,1,1,,1:3579,1
alluring,alluring,word,魅惑的な,魅惑的な,exam,3,1,1,,1:2267,1
allusion,allusion,word,暗示，示唆,暗示，示唆,exam,3,1,1,,1:1856,1
altercation,altercation,word,口論,口論,exam,3,1,1,,1:2460,1
altruism,altruism,word,利他主義，無私無欲,利他主義，無私無欲,exam,3,1,1,,1:1774,1
altruistic,altruistic,word,利他的な,利他的な,exam,3,1,1,,1:3929,1
alumnus,alumnus,word,卒業生，卒業した人,卒業生，卒業した人,exam,3,1,1,,1:1655,1
amass,amass,word,蓄える，保存する,蓄える，保存する,exam,3,1,1,,1:571,1
ambient,ambient,word,周囲の,周囲の,exam,3,1,1,,1:2859,1
ambivalent,ambivalent,word,相反する感情のある，矛盾した感情の,相反する感情のある，矛盾した感情の,exam,3,1,1,,1:1459,1
ambush,ambush,word,待ち伏せ，待ち構え，伏兵,待ち伏せ，待ち構え，伏兵,exam,3,1,1,,1:1803,1
amenable,amenable,word,従順な,従順な,exam,3,1,1,,1:3084,1
amends,amends,word,償い,償い,exam,3,1,1,,1:2632,1
amidst,amidst,word,の中で，内部で,の中で，内部で,exam,3,1,1,,1:1487,1
amity,amity,word,親善,親善,exam,3,1,1,,1:2590,1
amnesia,amnesia,word,健忘症,健忘症,exam,3,1,1,,1:3513,1
amphibian,amphibian,word,両生類の,両生類の,exam,3,1,1,,1:4030,1
amplitude,amplitude,word,広さ，振幅,広さ，振幅,exam,3,1,1,,1:3339,1
amply,amply,word,広々と，広大に,広々と，広大に,exam,3,1,1,,1:1336,1
amputation,amputation,word,切断,切断,exam,3,1,1,,1:3303,1
ancestral,ancestral,word,先祖の，祖先の,先祖の，祖先の,exam,3,1,1,,1:125,1
ancillary,ancillary,word,付属の,付属の,exam,3,1,1,,1:2963,1
anecdotal,anecdotal,word,逸話の，物語性のある,逸話の，物語性のある,exam,3,1,1,,1:238,1
anemia,anemia,word,貧血症，赤血球不足,貧血症，赤血球不足,exam,3,1,1,,1:1013,1
anesthesia,anesthesia,word,麻酔，麻酔薬,麻酔，麻酔薬,exam,3,1,1,,1:1054,1
anew,anew,word,新たに,新たに,exam,3,1,1,,1:2163,1
angst,angst,word,不安,不安,exam,3,1,1,,1:2411,1
animosity,animosity,word,敵意，敵対心,敵意，敵対心,exam,3,1,1,,1:489,1
annex,annex,word,添付する，別館,添付する，別館,exam,3,1,1,,1:1368,1
annexation,annexation,word,付加,付加,exam,3,1,1,,1:3539,1
annihilate,annihilate,word,全滅させる,全滅させる,exam,3,1,1,,1:1973,1
annotate,annotate,word,注釈を付ける,注釈を付ける,exam,3,1,1,,1:3577,1
annuity,annuity,word,年金，退職金,年金，退職金,exam,3,1,1,,1:1102,1
annul,annul,word,無効にする，無効化する,無効にする，無効化する,exam,3,1,1,,1:1366,1
anorexia,anorexia,word,拒食症,拒食症,exam,3,1,1,,1:2610,1
antagonize,antagonize,word,敵に回す,敵に回す,exam,3,1,1,,1:2049,1
antarctic,antarctic,word,南極の,南極の,exam,3,1,1,,1:2928,1
antecedent,antecedent,word,先行する,先行する,exam,3,1,1,,1:2088,1
anterior,anterior,word,前部の,前部の,exam,3,1,1,,1:2771,1
anteroom,anteroom,word,控え室,控え室,exam,3,1,1,,1:2371,1
anthropological,anthropological,word,人類学,人類学,exam,3,1,1,,1:2935,1
antic,antic,word,ふざけた,ふざけた,exam,3,1,1,,1:2372,1
antidote,antidote,word,解毒剤，毒を中和する物質，解毒薬,解毒剤，毒を中和する物質，解毒薬,exam,3,1,1,,1:1656,1
antigen,antigen,word,抗原,抗原,exam,3,1,1,,1:3394,1
antipathy,antipathy,word,反感，嫌悪,反感，嫌悪,exam,3,1,1,,1:965,1
antiquated,antiquated,word,時代遅れの，古い,時代遅れの，古い,exam,3,1,1,,1:1388,1
antiseptic,antiseptic,word,殺菌の,殺菌の,exam,3,1,1,,1:3085,1
apathetic,apathetic,word,無関心な,無関心な,exam,3,1,1,,1:3598,1
aperture,aperture,word,隙間、開口部,隙間、開口部,exam,3,1,1,,1:2627,1
apex,apex,word,頂上,頂上,exam,3,1,1,,1:2649,1
appall,appall,word,ぞっとさせる,ぞっとさせる,exam,3,1,1,,1:3216,1
appalled,appalled,word,不安でいっぱいの,不安でいっぱいの,exam,3,1,1,,1:3654,1
appalling,appalling,word,ぞっとするような，気味の悪い,ぞっとするような，気味の悪い,exam,3,1,1,,1:240,1
apparition,apparition,word,亡霊,亡霊,exam,3,1,1,,1:3575,1
appease,appease,word,なだめる，鎮める,なだめる，鎮める,exam,3,1,1,,1:753,1
appellate,appellate,word,上訴の,上訴の,exam,3,1,1,,1:2028,1
apprehensive,apprehensive,word,心配した，気になる,心配した，気になる,exam,3,1,1,,1:1567,1
apprenticeship,apprenticeship,word,見習い,見習い,exam,3,1,1,,1:3252,1
approximation,approximation,word,近似,近似,exam,3,1,1,,1:2321,1
aptly,aptly,word,適切に，適当に,適切に，適当に,exam,3,1,1,,1:228,1
aquifer,aquifer,word,帯水層,帯水層,exam,3,1,1,,1:3430,1
arable,arable,word,耕作可能な,耕作可能な,exam,3,1,1,,1:3029,1
arbitration,arbitration,word,仲裁,仲裁,exam,3,1,1,,1:2722,1
arcane,arcane,word,不可思議な，神秘的な,不可思議な，神秘的な,exam,3,1,1,,1:1401,1
archipelago,archipelago,word,群島，諸島,群島，諸島,exam,3,1,1,,1:1031,1
ardent,ardent,word,熱心な，情熱的な,熱心な，情熱的な,exam,3,1,1,,1:735,1
ardor,ardor,word,情熱，熱意,情熱，熱意,exam,3,1,1,,1:4120,1
arid,arid,word,乾燥した，乾いている,乾燥した，乾いている,exam,3,1,1,,1:1447,1
ark,ark,word,箱舟，ノアの方舟,箱舟，ノアの方舟,exam,3,1,1,,1:1095,1
armistice,armistice,word,休戦,休戦,exam,3,1,1,,1:2761,1
armpit,armpit,word,脇の下,脇の下,exam,3,1,1,,1:2346,1
arousal,arousal,word,覚醒,覚醒,exam,3,1,1,,1:3360,1
arson,arson,word,放火，火をつける,放火，火をつける,exam,3,1,1,,1:1770,1
arthritis,arthritis,word,関節炎，関節の炎症,関節炎，関節の炎症,exam,3,1,1,,1:1163,1
articulation,articulation,word,調音,調音,exam,3,1,1,,1:2454,1
artifice,artifice,word,巧みさ，狡猾,巧みさ，狡猾,exam,3,1,1,,1:3473,1
ascend,ascend,word,昇る，上昇する,昇る，上昇する,exam,3,1,1,,1:560,1
ashore,ashore,word,岸へ,岸へ,exam,3,1,1,,1:2207,1
assail,assail,word,暴行する,暴行する,exam,3,1,1,,1:2098,1
assailant,assailant,word,加害者,加害者,exam,3,1,1,,1:2394,1
assiduous,assiduous,word,勤勉な,勤勉な,exam,3,1,1,,1:4018,1
assimilation,assimilation,word,同化，吸収,同化，吸収,exam,3,1,1,,1:84,1
assortment,assortment,word,詰め合わせ，詰め物,詰め合わせ，詰め物,exam,3,1,1,,1:1079,1
astute,astute,word,鋭い，鋭敏な,鋭い，鋭敏な,exam,3,1,1,,1:1326,1
asunder,asunder,word,バラバラに,バラバラに,exam,3,1,1,,1:2802,1
asylum,asylum,word,亡命，亡命者，亡命生活,亡命，亡命者，亡命生活,exam,3,1,1,,1:1797,1
atheism,atheism,word,無神論，神を信じない考え,無神論，神を信じない考え,exam,3,1,1,,1:1209,1
atheist,atheist,word,無神論者,無神論者,exam,3,1,1,,1:2338,1
atone,atone,word,償う,償う,exam,3,1,1,,1:2032,1
attire,attire,word,服装,服装,exam,3,1,1,,1:2729,1
attrition,attrition,word,消耗，使い果たす，減少,消耗，使い果たす，減少,exam,3,1,1,,1:1674,1
audacious,audacious,word,大胆な，勇敢な,大胆な，勇敢な,exam,3,1,1,,1:1390,1
auditory,auditory,word,聴覚の，聞く力,聴覚の，聞く力,exam,3,1,1,,1:1450,1
augment,augment,word,増やす，強化する,増やす，強化する,exam,3,1,1,,1:4154,1
auspicious,auspicious,word,縁起の良い,縁起の良い,exam,3,1,1,,1:3605,1
authoritative,authoritative,word,権威ある，権力のある,権威ある，権力のある,exam,3,1,1,,1:608,1
autism,autism,word,自閉症,自閉症,exam,3,1,1,,1:2519,1
autistic,autistic,word,自閉症の,自閉症の,exam,3,1,1,,1:2009,1
autonomous,autonomous,word,自律的な，独立的な,自律的な，独立的な,exam,3,1,1,,1:817,1
auxiliary,auxiliary,word,補助の,補助の,exam,3,1,1,,1:3683,1
avarice,avarice,word,貪欲,貪欲,exam,3,1,1,,1:2710,1
avatar,avatar,word,権化，象徴,権化，象徴,exam,3,1,1,,1:1851,1
avenge,avenge,word,仇を討つ，復讐する,仇を討つ，復讐する,exam,3,1,1,,1:856,1
avenger,avenger,word,復讐者,復讐者,exam,3,1,1,,1:3207,1
averse,averse,word,嫌っている,嫌っている,exam,3,1,1,,1:3910,1
aviary,aviary,word,鳥小屋,鳥小屋,exam,3,1,1,,1:2612,1
avid,avid,word,熱心な,熱心な,exam,3,1,1,,1:2236,1
awry,awry,word,歪んで,歪んで,exam,3,1,1,,1:3726,1
axe,axe,word,斧，戦斧,斧，戦斧,exam,3,1,1,,1:1198,1
back-to-back,back-to-back,word,背中合わせに,背中合わせに,exam,3,1,1,,1:2284,1
backdrop,backdrop,word,背景幕,背景幕,exam,3,1,1,,1:3426,1
backlash,backlash,word,激しい反発，強い反響,激しい反発，強い反響,exam,3,1,1,,1:1859,1
ballistic,ballistic,word,弾道の，飛ぶ方向,弾道の，飛ぶ方向,exam,3,1,1,,1:1547,1
ballpark,ballpark,word,概算，おおよその計算,概算，おおよその計算,exam,3,1,1,,1:1046,1
balm,balm,word,香油,香油,exam,3,1,1,,1:3237,1
baloney,baloney,word,たわ言,たわ言,exam,3,1,1,,1:3580,1
banal,banal,word,平凡な,平凡な,exam,3,1,1,,1:4002,1
bandit,bandit,word,盗賊，盗みを働く人,盗賊，盗みを働く人,exam,3,1,1,,1:1717,1
bane,bane,word,悩みの種，問題点,悩みの種，問題点,exam,3,1,1,,1:981,1
banquet,banquet,word,宴会，祝宴,宴会，祝宴,exam,3,1,1,,1:1117,1
banter,banter,word,冗談，笑い話，おどけ,冗談，笑い話，おどけ,exam,3,1,1,,1:1795,1
bard,bard,word,吟遊詩人,吟遊詩人,exam,3,1,1,,1:3484,1
barley,barley,word,大麦，麦,大麦，麦,exam,3,1,1,,1:2650,1
barracks,barracks,word,兵舎，兵営,兵舎，兵営,exam,3,1,1,,1:1056,1
barrage,barrage,word,弾幕，多数の弾丸や意見,弾幕，多数の弾丸や意見,exam,3,1,1,,1:1623,1
barrow,barrow,word,手押し車,手押し車,exam,3,1,1,,1:2499,1
bashful,bashful,word,内気な,内気な,exam,3,1,1,,1:3002,1
bask,bask,word,日向ぼっこする，日光浴する,日向ぼっこする，日光浴する,exam,3,1,1,,1:768,1
bastion,bastion,word,要塞，城塞，砦,要塞，城塞，砦,exam,3,1,1,,1:1807,1
battalion,battalion,word,大隊，部隊,大隊，部隊,exam,3,1,1,,1:1228,1
beacon,beacon,word,のろし，目印，合図,のろし，目印，合図,exam,3,1,1,,1:1759,1
bedraggled,bedraggled,word,ぼろぼろの，汚れた,ぼろぼろの，汚れた,exam,3,1,1,,1:4237,1
bedrock,bedrock,word,岩盤，硬層,岩盤，硬層,exam,3,1,1,,1:1867,1
beget,beget,word,子供を授かる,子供を授かる,exam,3,1,1,,1:2239,1
beguile,beguile,word,惑わす，混乱させる,惑わす，混乱させる,exam,3,1,1,,1:739,1
belabor,belabor,word,冗長に述べる，くどくど言う,冗長に述べる，くどくど言う,exam,3,1,1,,1:4184,1
beleaguer,beleaguer,word,包囲する，困らせる,包囲する，困らせる,exam,3,1,1,,1:4094,1
belie,belie,word,食い違う,食い違う,exam,3,1,1,,1:3385,1
belittle,belittle,word,見くびる,見くびる,exam,3,1,1,,1:3383,1
bellicose,bellicose,word,好戦的な，攻撃的な,好戦的な，攻撃的な,exam,3,1,1,,1:4103,1
belligerent,belligerent,word,好戦的な,好戦的な,exam,3,1,1,,1:2051,1
bemoan,bemoan,word,嘆く，嘆き悲しむ,嘆く，嘆き悲しむ,exam,3,1,1,,1:587,1
benefactor,benefactor,word,恩人，恩を受けた人,恩人，恩を受けた人,exam,3,1,1,,1:1077,1
benevolence,benevolence,word,慈悲,慈悲,exam,3,1,1,,1:3487,1
benevolent,benevolent,word,慈悲深い，親切な,慈悲深い，親切な,exam,3,1,1,,1:103,1
benign,benign,word,良性の，善良な,良性の，善良な,exam,3,1,1,,1:829,1
bequeath,bequeath,word,遺言で譲る,遺言で譲る,exam,3,1,1,,1:2247,1
berate,berate,word,叱りつける,叱りつける,exam,3,1,1,,1:3480,1
bereaved,bereaved,word,先立たれた，遺族,先立たれた，遺族,exam,3,1,1,,1:4025,1
bereft,bereft,word,奪われた，失った,奪われた，失った,exam,3,1,1,,1:4260,1
berth,berth,word,寝台，寝る場所,寝台，寝る場所,exam,3,1,1,,1:1646,1
beseech,beseech,word,懇願する，嘆願する,懇願する，嘆願する,exam,3,1,1,,1:3272,1
biceps,biceps,word,上腕二頭筋,上腕二頭筋,exam,3,1,1,,1:2505,1
bigotry,bigotry,word,偏屈，頑固,偏屈，頑固,exam,3,1,1,,1:898,1
bilateral,bilateral,word,両側の,両側の,exam,3,1,1,,1:4003,1
bile,bile,word,胆汁,胆汁,exam,3,1,1,,1:2663,1
bilk,bilk,word,だます，欺く,だます，欺く,exam,3,1,1,,1:4128,1
billow,billow,word,うねり,うねり,exam,3,1,1,,1:2633,1
binary,binary,word,二の，二番目の,二の，二番目の,exam,3,1,1,,1:593,1
binge,binge,word,どんちゃん騒ぎ,どんちゃん騒ぎ,exam,3,1,1,,1:3543,1
biopsy,biopsy,word,生体組織検査，生体サンプル検査,生体組織検査，生体サンプル検査,exam,3,1,1,,1:1185,1
bipolar,bipolar,word,二極ある，二極性がある,二極ある，二極性がある,exam,3,1,1,,1:1355,1
blackout,blackout,word,停電，電源断,停電，電源断,exam,3,1,1,,1:1136,1
blanch,blanch,word,漂白する,漂白する,exam,3,1,1,,1:3265,1
blare,blare,word,鳴り響かせる,鳴り響かせる,exam,3,1,1,,1:2282,1
blasphemy,blasphemy,word,冒涜,冒涜,exam,3,1,1,,1:2739,1
blatantly,blatantly,word,露骨に,露骨に,exam,3,1,1,,1:3263,1
blemish,blemish,word,傷,傷,exam,3,1,1,,1:3402,1
blight,blight,word,疫病，感染症,疫病，感染症,exam,3,1,1,,1:1834,1
blithe,blithe,word,軽快な,軽快な,exam,3,1,1,,1:3776,1
bloated,bloated,word,むくんだ,むくんだ,exam,3,1,1,,1:1982,1
blob,blob,word,柔らかく小さい塊,柔らかく小さい塊,exam,3,1,1,,1:3240,1
blunder,blunder,word,大失敗,大失敗,exam,3,1,1,,1:3154,1
blurb,blurb,word,推薦広告,推薦広告,exam,3,1,1,,1:3243,1
blurt,blurt,word,うっかり話す,うっかり話す,exam,3,1,1,,1:2072,1
bluster,bluster,word,大ぼらを吹く，威嚇する,大ぼらを吹く，威嚇する,exam,3,1,1,,1:4247,1
bode,bode,word,予言する,予言する,exam,3,1,1,,1:2058,1
bogus,bogus,word,偽の，詐欺的な,偽の，詐欺的な,exam,3,1,1,,1:582,1
boisterous,boisterous,word,騒々しい,騒々しい,exam,3,1,1,,1:2198,1
boldly,boldly,word,大胆に,大胆に,exam,3,1,1,,1:2030,1
booty,booty,word,戦利品，略奪物，盗品,戦利品，略奪物，盗品,exam,3,1,1,,1:1659,1
borough,borough,word,自治区，自治体,自治区，自治体,exam,3,1,1,,1:1161,1
bountiful,bountiful,word,気前の良い,気前の良い,exam,3,1,1,,1:3888,1
bounty,bounty,word,寛大，寛容,寛大，寛容,exam,3,1,1,,1:1849,1
bower,bower,word,木陰，樹下,木陰，樹下,exam,3,1,1,,1:941,1
braille,braille,word,点字，視覚障害者用の読み書きシステム,点字，視覚障害者用の読み書きシステム,exam,3,1,1,,1:1639,1
brandish,brandish,word,振り回す，使う，利用する,振り回す，使う，利用する,exam,3,1,1,,1:1362,1
brash,brash,word,せっかちな，急かせる,せっかちな，急かせる,exam,3,1,1,,1:1293,1
brat,brat,word,小僧，若者,小僧，若者,exam,3,1,1,,1:1852,1
bravado,bravado,word,虚勢，見せかけ,虚勢，見せかけ,exam,3,1,1,,1:1105,1
brawl,brawl,word,乱闘，乱打，暴行,乱闘，乱打，暴行,exam,3,1,1,,1:1812,1
brazen,brazen,word,厚かましい，無礼な,厚かましい，無礼な,exam,3,1,1,,1:1410,1
breadth,breadth,word,幅，横幅,幅，横幅,exam,3,1,1,,1:1187,1
brethren,brethren,word,義兄弟，誓いで結ばれた兄弟,義兄弟，誓いで結ばれた兄弟,exam,3,1,1,,1:1626,1
brevity,brevity,word,簡潔さ，時間の短さ,簡潔さ，時間の短さ,exam,3,1,1,,1:2352,1
bridle,bridle,word,手綱,手綱,exam,3,1,1,,1:3208,1
briskly,briskly,word,活発に，元気に,活発に，元気に,exam,3,1,1,,1:854,1
brittle,brittle,word,壊れやすい,壊れやすい,exam,3,1,1,,1:2803,1
broach,broach,word,先の尖ったもの,先の尖ったもの,exam,3,1,1,,1:3418,1
bromide,bromide,word,臭化物,臭化物,exam,3,1,1,,1:2445,1
bronchitis,bronchitis,word,気管支炎,気管支炎,exam,3,1,1,,1:2448,1
brook,brook,word,小川,小川,exam,3,1,1,,1:3451,1
brothel,brothel,word,売春宿，遊廓,売春宿，遊廓,exam,3,1,1,,1:3249,1
bruise,bruise,word,あざ,あざ,exam,3,1,1,,1:2437,1
brunt,brunt,word,矛先,矛先,exam,3,1,1,,1:2356,1
brusque,brusque,word,無愛想な,無愛想な,exam,3,1,1,,1:3003,1
brutality,brutality,word,残忍性，冷酷さ，非情さ,残忍性，冷酷さ，非情さ,exam,3,1,1,,1:326,1
brutally,brutally,word,残酷に，無慈悲に,残酷に，無慈悲に,exam,3,1,1,,1:1526,1
brute,brute,word,畜生,畜生,exam,3,1,1,,1:2666,1
budge,budge,word,少し動く,少し動く,exam,3,1,1,,1:3342,1
bullish,bullish,word,頑固な，固執する,頑固な，固執する,exam,3,1,1,,1:1356,1
buoyant,buoyant,word,浮力のある,浮力のある,exam,3,1,1,,1:2184,1
bureaucratic,bureaucratic,word,官僚的な，形式的な,官僚的な，形式的な,exam,3,1,1,,1:746,1
burglar,burglar,word,強盗，泥棒,強盗，泥棒,exam,3,1,1,,1:215,1
burly,burly,word,たくましい，強靭な，頑強な,たくましい，強靭な，頑強な,exam,3,1,1,,1:1576,1
burrow,burrow,word,隠れ場所，隠れ家,隠れ場所，隠れ家,exam,3,1,1,,1:1166,1
buttock,buttock,word,臀部，お尻,臀部，お尻,exam,3,1,1,,1:3377,1
buttocks,buttocks,word,臀部,臀部,exam,3,1,1,,1:2408,1
buyout,buyout,word,買占め，大量に買い占める行為，買い集め,買占め，大量に買い占める行為，買い集め,exam,3,1,1,,1:1632,1
cache,cache,word,貯蔵庫，保存場所,貯蔵庫，保存場所,exam,3,1,1,,1:1220,1
cacophony,cacophony,word,不協和音，騒音,不協和音，騒音,exam,3,1,1,,1:4163,1
cadence,cadence,word,韻律,韻律,exam,3,1,1,,1:2333,1
cadre,cadre,word,幹部集団,幹部集団,exam,3,1,1,,1:2413,1
cajole,cajole,word,なだめる，ごまかす,なだめる，ごまかす,exam,3,1,1,,1:4238,1
calamitous,calamitous,word,災害の，悲惨な,災害の，悲惨な,exam,3,1,1,,1:4175,1
calamity,calamity,word,災害,災害,exam,3,1,1,,1:2407,1
calculus,calculus,word,結石，微分，積分,結石，微分，積分,exam,3,1,1,,1:1960,1
caliber,caliber,word,口径，直径,口径，直径,exam,3,1,1,,1:971,1
callous,callous,word,硬くなった,硬くなった,exam,3,1,1,,1:2816,1
calumny,calumny,word,誹謗，中傷,誹謗，中傷,exam,3,1,1,,1:4102,1
camaraderie,camaraderie,word,仲間意識,仲間意識,exam,3,1,1,,1:3457,1
canister,canister,word,金属容器,金属容器,exam,3,1,1,,1:2705,1
canny,canny,word,抜け目のない,抜け目のない,exam,3,1,1,,1:1460,1
canonical,canonical,word,正規の,正規の,exam,3,1,1,,1:2973,1
canopy,canopy,word,天蓋，張り出し屋根,天蓋，張り出し屋根,exam,3,1,1,,1:3466,1
cant,cant,word,うわべの言葉,うわべの言葉,exam,3,1,1,,1:2392,1
canteen,canteen,word,売店,売店,exam,3,1,1,,1:2491,1
capitalize,capitalize,word,大文字にする，大型化する,大文字にする，大型化する,exam,3,1,1,,1:666,1
capitulate,capitulate,word,降伏する，投降する,降伏する，投降する,exam,3,1,1,,1:1468,1
caprice,caprice,word,気まぐれ,気まぐれ,exam,3,1,1,,1:2595,1
capricious,capricious,word,気まぐれな,気まぐれな,exam,3,1,1,,1:2836,1
caravan,caravan,word,隊，部隊,隊，部隊,exam,3,1,1,,1:1202,1
carcass,carcass,word,死骸，遺体,死骸，遺体,exam,3,1,1,,1:1093,1
carcinogen,carcinogen,word,発がん物質，発癌性の物質,発がん物質，発癌性の物質,exam,3,1,1,,1:471,1
carcinoma,carcinoma,word,がん,がん,exam,3,1,1,,1:3224,1
cardiac,cardiac,word,心臓の,心臓の,exam,3,1,1,,1:2025,1
cardinal,cardinal,word,主要な，中心的な,主要な，中心的な,exam,3,1,1,,1:679,1
cardiovascular,cardiovascular,word,心血管の,心血管の,exam,3,1,1,,1:1966,1
carnage,carnage,word,虐殺,虐殺,exam,3,1,1,,1:2402,1
carousel,carousel,word,メリーゴーランド,メリーゴーランド,exam,3,1,1,,1:2344,1
cartilage,cartilage,word,軟骨,軟骨,exam,3,1,1,,1:3431,1
cascade,cascade,word,小滝，小さな滝,小滝，小さな滝,exam,3,1,1,,1:406,1
casket,casket,word,小箱，小さな容器,小箱，小さな容器,exam,3,1,1,,1:1068,1
cataclysm,cataclysm,word,激変,激変,exam,3,1,1,,1:2734,1
catalyst,catalyst,word,触媒，刺激物,触媒，刺激物,exam,3,1,1,,1:68,1
cataract,cataract,word,瀑布,瀑布,exam,3,1,1,,1:2757,1
catastrophic,catastrophic,word,破滅的な，壊滅的な,破滅的な，壊滅的な,exam,3,1,1,,1:697,1
caustic,caustic,word,腐食性の,腐食性の,exam,3,1,1,,1:4046,1
cavalcade,cavalcade,word,馬車の行列，大行進,馬車の行列，大行進,exam,3,1,1,,1:4132,1
cavalier,cavalier,word,騎士,騎士,exam,3,1,1,,1:3185,1
caveat,caveat,word,警告，警戒,警告，警戒,exam,3,1,1,,1:1025,1
cavern,cavern,word,洞窟,洞窟,exam,3,1,1,,1:2498,1
cavort,cavort,word,はね回る，跳ねる,はね回る，跳ねる,exam,3,1,1,,1:4227,1
cede,cede,word,譲る,譲る,exam,3,1,1,,1:2271,1
centennial,centennial,word,100年祭，百年祭,100年祭，百年祭,exam,3,1,1,,1:1869,1
centerpiece,centerpiece,word,最重要，最も重要,最重要，最も重要,exam,3,1,1,,1:1240,1
cerebral,cerebral,word,脳の，神経の,脳の，神経の,exam,3,1,1,,1:1306,1
ceremonial,ceremonial,word,儀式上の，儀式的な,儀式上の，儀式的な,exam,3,1,1,,1:1551,1
cervical,cervical,word,頸部の,頸部の,exam,3,1,1,,1:1976,1
cessation,cessation,word,中止,中止,exam,3,1,1,,1:3246,1
chaff,chaff,word,もみ殻,もみ殻,exam,3,1,1,,1:2461,1
charred,charred,word,黒焦げになった，焦げた,黒焦げになった，焦げた,exam,3,1,1,,1:1462,1
chasm,chasm,word,裂け目，割れ目,裂け目，割れ目,exam,3,1,1,,1:1876,1
chaste,chaste,word,純潔な,純潔な,exam,3,1,1,,1:2933,1
chasten,chasten,word,懲らしめる，罰する,懲らしめる，罰する,exam,3,1,1,,1:661,1
chastise,chastise,word,懲らしめる,懲らしめる,exam,3,1,1,,1:3344,1
chauvinism,chauvinism,word,愛国心,愛国心,exam,3,1,1,,1:2477,1
chide,chide,word,叱る，怒る,叱る，怒る,exam,3,1,1,,1:775,1
chivalry,chivalry,word,騎士道,騎士道,exam,3,1,1,,1:2744,1
chlorine,chlorine,word,塩素,塩素,exam,3,1,1,,1:2695,1
choreographer,choreographer,word,振付師，ダンスや動きを設計する人，振付家,振付師，ダンスや動きを設計する人，振付家,exam,3,1,1,,1:1666,1
chronically,chronically,word,慢性的に,慢性的に,exam,3,1,1,,1:4043,1
chronology,chronology,word,年表,年表,exam,3,1,1,,1:3274,1
chubby,chubby,word,ぽっちゃりした,ぽっちゃりした,exam,3,1,1,,1:3877,1
chum,chum,word,仲良し，親友,仲良し，親友,exam,3,1,1,,1:3515,1
cinch,cinch,word,有力候補,有力候補,exam,3,1,1,,1:3157,1
circumference,circumference,word,外周,外周,exam,3,1,1,,1:2579,1
circumscribe,circumscribe,word,取り巻く,取り巻く,exam,3,1,1,,1:2280,1
circumspect,circumspect,word,慎重な,慎重な,exam,3,1,1,,1:3990,1
circumvent,circumvent,word,出し抜く，回避する,出し抜く，回避する,exam,3,1,1,,1:63,1
cistern,cistern,word,貯水槽,貯水槽,exam,3,1,1,,1:2618,1
citadel,citadel,word,城塞,城塞,exam,3,1,1,,1:2635,1
civility,civility,word,礼儀正しさ，マナーの良さ,礼儀正しさ，マナーの良さ,exam,3,1,1,,1:1629,1
claimant,claimant,word,申立人,申立人,exam,3,1,1,,1:3501,1
clairvoyant,clairvoyant,word,千里眼の,千里眼の,exam,3,1,1,,1:3842,1
clamor,clamor,word,喧噪，うるさい雑踏や騒音,喧噪，うるさい雑踏や騒音,exam,3,1,1,,1:1714,1
clandestine,clandestine,word,内密の，秘密の,内密の，秘密の,exam,3,1,1,,1:1602,1
classy,classy,word,上品な，優雅な,上品な，優雅な,exam,3,1,1,,1:1569,1
claustrophobia,claustrophobia,word,閉所恐怖症,閉所恐怖症,exam,3,1,1,,1:2651,1
cleave,cleave,word,割る,割る,exam,3,1,1,,1:3298,1
clerical,clerical,word,事務職の,事務職の,exam,3,1,1,,1:3022,1
cliche,cliche,word,決まり文句，決まった言葉,決まり文句，決まった言葉,exam,3,1,1,,1:1235,1
clientele,clientele,word,依頼人，依頼者,依頼人，依頼者,exam,3,1,1,,1:1813,1
clinch,clinch,word,折り曲げて留める，折って固定する,折り曲げて留める，折って固定する,exam,3,1,1,,1:1500,1
clockwise,clockwise,word,時計回りに，右回りに,時計回りに，右回りに,exam,3,1,1,,1:694,1
clot,clot,word,固まり，凝固塊,固まり，凝固塊,exam,3,1,1,,1:65,1
clout,clout,word,影響力，影響,影響力，影響,exam,3,1,1,,1:1048,1
clump,clump,word,木立ち，木々,木立ち，木々,exam,3,1,1,,1:953,1
clutter,clutter,word,乱雑，無秩序，混乱,乱雑，無秩序，混乱,exam,3,1,1,,1:1627,1
coalesce,coalesce,word,合体する，結合する,合体する，結合する,exam,3,1,1,,1:669,1
coarsely,coarsely,word,粗雑に,粗雑に,exam,3,1,1,,1:3728,1
coax,coax,word,説き伏せる，説得する,説き伏せる，説得する,exam,3,1,1,,1:851,1
cobble,cobble,word,修繕する，修理する,修繕する，修理する,exam,3,1,1,,1:1603,1
coddle,coddle,word,甘やかす,甘やかす,exam,3,1,1,,1:3135,1
coerce,coerce,word,強制する，強いる,強制する，強いる,exam,3,1,1,,1:419,1
coercion,coercion,word,強制，強要,強制，強要,exam,3,1,1,,1:1090,1
coffer,coffer,word,金庫，金箱,金庫，金箱,exam,3,1,1,,1:937,1
cognition,cognition,word,認知，認識,認知，認識,exam,3,1,1,,1:1138,1
cohort,cohort,word,軍隊，仲間，部隊,軍隊，仲間，部隊,exam,3,1,1,,1:938,1
colitis,colitis,word,大腸炎,大腸炎,exam,3,1,1,,1:2427,1
collate,collate,word,照合する,照合する,exam,3,1,1,,1:450,1
collateral,collateral,word,並び合った，横に並んだ,並び合った，横に並んだ,exam,3,1,1,,1:812,1
collegiate,collegiate,word,大学の，大学に関する,大学の，大学に関する,exam,3,1,1,,1:1519,1
colloquial,colloquial,word,口語の，話し言葉の,口語の，話し言葉の,exam,3,1,1,,1:598,1
collusion,collusion,word,共謀，共同で犯罪を行う行為，陰謀,共謀，共同で犯罪を行う行為，陰謀,exam,3,1,1,,1:1667,1
colossal,colossal,word,巨大な，大きな,巨大な，大きな,exam,3,1,1,,1:617,1
colt,colt,word,子馬,子馬,exam,3,1,1,,1:3398,1
comatose,comatose,word,昏睡状態の,昏睡状態の,exam,3,1,1,,1:2118,1
combustion,combustion,word,燃焼，火を燃やす，酸化反応,燃焼，火を燃やす，酸化反応,exam,3,1,1,,1:1677,1
commandment,commandment,word,命令，指示，指令,命令，指示，指令,exam,3,1,1,,1:1657,1
communal,communal,word,共同の，共有の,共同の，共有の,exam,3,1,1,,1:104,1
communique,communique,word,公式発表，公式通知，公表,公式発表，公式通知，公表,exam,3,1,1,,1:1041,1
compilation,compilation,word,編集，修正，校正,編集，修正，校正,exam,3,1,1,,1:1912,1
complacency,complacency,word,自己満足，自己陶酔,自己満足，自己陶酔,exam,3,1,1,,1:1877,1
complementary,complementary,word,補完的な，補足的な,補完的な，補足的な,exam,3,1,1,,1:703,1
complexion,complexion,word,顔色，肌の色調,顔色，肌の色調,exam,3,1,1,,1:1732,1
compliant,compliant,word,従順な，応じる,従順な，応じる,exam,3,1,1,,1:89,1
complicit,complicit,word,共犯の,共犯の,exam,3,1,1,,1:3835,1
complicity,complicity,word,共犯，共謀者，仲間,共犯，共謀者，仲間,exam,3,1,1,,1:1809,1
complimentary,complimentary,word,無料の，賞賛の，敬意を表する,無料の，賞賛の，敬意を表する,exam,3,1,1,,1:1984,1
compost,compost,word,混合物,混合物,exam,3,1,1,,1:3133,1
comptroller,comptroller,word,会計監査官，会計をチェックする専門家，財務諸表を確認する専門家,会計監査官，会計をチェックする専門家，財務諸表を確認する専門家,exam,3,1,1,,1:1738,1
compunction,compunction,word,良心の呵責,良心の呵責,exam,3,1,1,,1:3479,1
concave,concave,word,凹面の,凹面の,exam,3,1,1,,1:3874,1
conceivable,conceivable,word,考えられる,考えられる,exam,3,1,1,,1:2164,1
concerted,concerted,word,申し合わせた,申し合わせた,exam,3,1,1,,1:2209,1
conciliate,conciliate,word,調停する,調停する,exam,3,1,1,,1:2202,1
conciliatory,conciliatory,word,調停的な,調停的な,exam,3,1,1,,1:3110,1
concoct,concoct,word,練る，混ぜ合わせる,練る，混ぜ合わせる,exam,3,1,1,,1:648,1
concomitant,concomitant,word,付随する,付随する,exam,3,1,1,,1:3497,1
concordance,concordance,word,一致,一致,exam,3,1,1,,1:3314,1
concussion,concussion,word,脳震盪,脳震盪,exam,3,1,1,,1:3489,1
condescend,condescend,word,謙遜する,謙遜する,exam,3,1,1,,1:2076,1
condescending,condescending,word,恩着せがましい,恩着せがましい,exam,3,1,1,,1:2813,1
condolence,condolence,word,お悔み,お悔み,exam,3,1,1,,1:2387,1
condone,condone,word,大目に見る，寛大に扱う,大目に見る，寛大に扱う,exam,3,1,1,,1:1446,1
conduit,conduit,word,導管,導管,exam,3,1,1,,1:2317,1
confederate,confederate,word,連合した,連合した,exam,3,1,1,,1:2251,1
confederation,confederation,word,連合,連合,exam,3,1,1,,1:2653,1
confetti,confetti,word,紙吹雪,紙吹雪,exam,3,1,1,,1:2453,1
configure,configure,word,構成，設定，配置,構成，設定，配置,exam,3,1,1,,1:966,1
confiscate,confiscate,word,没収する，押収する,没収する，押収する,exam,3,1,1,,1:725,1
conflagration,conflagration,word,大火災，大規模な火事,大火災，大規模な火事,exam,3,1,1,,1:1765,1
confluence,confluence,word,合流,合流,exam,3,1,1,,1:3523,1
conformity,conformity,word,適合,適合,exam,3,1,1,,1:2735,1
conglomerate,conglomerate,word,密集した,密集した,exam,3,1,1,,1:1969,1
conjure,conjure,word,唱えて呼ぶ，呼びかける,唱えて呼ぶ，呼びかける,exam,3,1,1,,1:1286,1
connoisseur,connoisseur,word,鑑定家，評価家,鑑定家，評価家,exam,3,1,1,,1:977,1
connotation,connotation,word,言外の意味,言外の意味,exam,3,1,1,,1:2732,1
consecrate,consecrate,word,奉献する,奉献する,exam,3,1,1,,1:1981,1
conservatory,conservatory,word,温室,温室,exam,3,1,1,,1:2668,1
consignment,consignment,word,委託，委託品,委託，委託品 / 委託,exam,3,1,1,,1:346;1:2443,2
consistently,consistently,word,一貫して，常に,一貫して，常に,exam,3,1,1,,1:47,1
consternation,consternation,word,驚き,驚き,exam,3,1,1,,1:2688,1
constipation,constipation,word,便秘,便秘,exam,3,1,1,,1:3137,1
constrict,constrict,word,狭める，締め付ける,狭める，締め付ける,exam,3,1,1,,1:2279,1
construe,construe,word,解釈する，解明する,解釈する，解明する,exam,3,1,1,,1:747,1
consummate,consummate,word,完ぺきな，完全な,完ぺきな，完全な,exam,3,1,1,,1:1570,1
consummation,consummation,word,完結,完結,exam,3,1,1,,1:3392,1
contagion,contagion,word,伝染,伝染,exam,3,1,1,,1:3171,1
contaminant,contaminant,word,汚染物質，環境に害を与える物質,汚染物質，環境に害を与える物質,exam,3,1,1,,1:1615,1
contemplative,contemplative,word,瞑想的な，沈黙思考の,瞑想的な，沈黙思考の,exam,3,1,1,,1:1483,1
contemptible,contemptible,word,軽蔑的な,軽蔑的な,exam,3,1,1,,1:3825,1
contentious,contentious,word,論争好きな，争い好きな,論争好きな，争い好きな,exam,3,1,1,,1:844,1
contextual,contextual,word,文脈上の,文脈上の,exam,3,1,1,,1:2160,1
contingency,contingency,word,不測の事態，突発的な事態,不測の事態，突発的な事態,exam,3,1,1,,1:1824,1
contingent,contingent,word,起こりうる，発生可能な,起こりうる，発生可能な,exam,3,1,1,,1:1312,1
continuation,continuation,word,継続，持続,継続，持続,exam,3,1,1,,1:171,1
continuum,continuum,word,連続体，途切れることなく続くもの,連続体，途切れることなく続くもの,exam,3,1,1,,1:1743,1
contraceptive,contraceptive,word,避妊の，出産を防ぐ,避妊の，出産を防ぐ,exam,3,1,1,,1:1598,1
contractual,contractual,word,契約上の,契約上の,exam,3,1,1,,1:3746,1
contravene,contravene,word,違反する,違反する,exam,3,1,1,,1:2123,1
contrition,contrition,word,悔み，後悔,悔み，後悔,exam,3,1,1,,1:1016,1
contrivance,contrivance,word,工夫,工夫,exam,3,1,1,,1:3179,1
contrived,contrived,word,わざとらしい、不自然な,わざとらしい、不自然な,exam,3,1,1,,1:3982,1
conundrum,conundrum,word,難問，難題,難問，難題,exam,3,1,1,,1:1146,1
convalescence,convalescence,word,回復期,回復期,exam,3,1,1,,1:2360,1
convent,convent,word,修道院，僧院,修道院，僧院,exam,3,1,1,,1:94,1
convergence,convergence,word,収束，集約，集中,収束，集約，集中,exam,3,1,1,,1:935,1
convertible,convertible,word,形を変えられる，形状を変化させる,形を変えられる，形状を変化させる,exam,3,1,1,,1:615,1
convoluted,convoluted,word,複雑な，入り組んだ,複雑な，入り組んだ,exam,3,1,1,,1:4192,1
convulsion,convulsion,word,けいれん,けいれん,exam,3,1,1,,1:3228,1
coop,coop,word,鳥かご,鳥かご,exam,3,1,1,,1:3390,1
copious,copious,word,豊富な,豊富な,exam,3,1,1,,1:2814,1
cordon,cordon,word,非常線,非常線,exam,3,1,1,,1:2339,1
cornerstone,cornerstone,word,礎石，基礎,礎石，基礎,exam,3,1,1,,1:992,1
coronary,coronary,word,冠状動脈の，心臓に関連した,冠状動脈の，心臓に関連した,exam,3,1,1,,1:1533,1
coroner,coroner,word,検死官，法医,検死官，法医,exam,3,1,1,,1:1168,1
corporal,corporal,word,伍長，軍曹，下士官,伍長，軍曹，下士官,exam,3,1,1,,1:1893,1
corpus,corpus,word,文書資料の集成，文献集積,文書資料の集成，文献集積,exam,3,1,1,,1:1086,1
corroborate,corroborate,word,裏付ける，裏を取る,裏付ける，裏を取る,exam,3,1,1,,1:1378,1
corroboration,corroboration,word,確証,確証,exam,3,1,1,,1:2490,1
corrode,corrode,word,腐食する,腐食する,exam,3,1,1,,1:2132,1
corrosive,corrosive,word,腐食性の,腐食性の,exam,3,1,1,,1:1985,1
cot,cot,word,小屋,小屋,exam,3,1,1,,1:2643,1
counterclockwise,counterclockwise,word,反時計回りの，逆回り,反時計回りの，逆回り,exam,3,1,1,,1:577,1
counterfeit,counterfeit,word,偽造する，偽造品を作る,偽造する，偽造品を作る,exam,3,1,1,,1:74,1
courtship,courtship,word,求愛，愛の告白,求愛，愛の告白,exam,3,1,1,,1:957,1
cove,cove,word,入り江，湾,入り江，湾,exam,3,1,1,,1:1113,1
cower,cower,word,縮み上がる,縮み上がる,exam,3,1,1,,1:2172,1
coy,coy,word,恥ずかしいふりをした，照れくさいふりをした,恥ずかしいふりをした，照れくさいふりをした,exam,3,1,1,,1:1350,1
crackdown,crackdown,word,取り締まり，監視,取り締まり，監視,exam,3,1,1,,1:896,1
crackle,crackle,word,パチパチと音をたてる，クリックする,パチパチと音をたてる，クリックする,exam,3,1,1,,1:776,1
crafty,crafty,word,狡猾な，ずるい,狡猾な，ずるい,exam,3,1,1,,1:744,1
cramped,cramped,word,狭苦しい，窮屈な,狭苦しい，窮屈な,exam,3,1,1,,1:221,1
cranky,cranky,word,気難しい,気難しい,exam,3,1,1,,1:2844,1
crap,crap,word,くだらないもの，つまらないもの,くだらないもの，つまらないもの,exam,3,1,1,,1:1257,1
crappy,crappy,word,安っぽい，安価な,安っぽい，安価な,exam,3,1,1,,1:1437,1
crass,crass,word,鈍感な，無神経な,鈍感な，無神経な,exam,3,1,1,,1:4066,1
crate,crate,word,箱，容器,箱，容器,exam,3,1,1,,1:946,1
creak,creak,word,キーキー鳴る,キーキー鳴る,exam,3,1,1,,1:3291,1
crease,crease,word,折り目,折り目,exam,3,1,1,,1:3452,1
creepy,creepy,word,気味悪い，不快な,気味悪い，不快な,exam,3,1,1,,1:884,1
crevice,crevice,word,隙間,隙間,exam,3,1,1,,1:2614,1
cringe,cringe,word,すくむ，怯える,すくむ，怯える,exam,3,1,1,,1:826,1
critter,critter,word,生き物,生き物,exam,3,1,1,,1:3262,1
crony,crony,word,旧友,旧友,exam,3,1,1,,1:2547,1
crotch,crotch,word,股,股,exam,3,1,1,,1:3254,1
crucifixion,crucifixion,word,はりつけ,はりつけ,exam,3,1,1,,1:3333,1
crumple,crumple,word,くしゃくしゃにする，よれる,くしゃくしゃにする，よれる,exam,3,1,1,,1:708,1
crusade,crusade,word,聖戦，聖なる戦争,聖戦，聖なる戦争,exam,3,1,1,,1:420,1
crusader,crusader,word,十字軍，聖戦，聖戦運動,十字軍，聖戦，聖戦運動,exam,3,1,1,,1:1907,1
crux,crux,word,核心,核心,exam,3,1,1,,1:2703,1
crypt,crypt,word,地下室,地下室,exam,3,1,1,,1:3334,1
cryptic,cryptic,word,秘密の,秘密の,exam,3,1,1,,1:2764,1
cubicle,cubicle,word,小部屋,小部屋,exam,3,1,1,,1:2366,1
culinary,culinary,word,料理の,料理の,exam,3,1,1,,1:2093,1
cull,cull,word,摘む，間引く，取り除く,摘む，間引く，取り除く,exam,3,1,1,,1:1469,1
culminate,culminate,word,最高潮に達する,最高潮に達する,exam,3,1,1,,1:3121,1
culmination,culmination,word,絶頂，最高点，頂点,絶頂，最高点，頂点,exam,3,1,1,,1:1673,1
culpable,culpable,word,過失のある,過失のある,exam,3,1,1,,1:3752,1
cultivation,cultivation,word,栽培，耕作,栽培，耕作,exam,3,1,1,,1:1205,1
cumbersome,cumbersome,word,面倒な，扱いづらい,面倒な，扱いづらい,exam,3,1,1,,1:2147,1
cupboard,cupboard,word,食器棚，食器収納,食器棚，食器収納,exam,3,1,1,,1:1248,1
curator,curator,word,学芸員，学芸スタッフ,学芸員，学芸スタッフ,exam,3,1,1,,1:1250,1
curio,curio,word,骨董品,骨董品,exam,3,1,1,,1:2523,1
cursory,cursory,word,大ざっぱな,大ざっぱな,exam,3,1,1,,1:2874,1
curt,curt,word,そっけない，無愛想な,そっけない，無愛想な,exam,3,1,1,,1:1364,1
curtail,curtail,word,削減する，減少させる,削減する，減少させる,exam,3,1,1,,1:695,1
customary,customary,word,慣習的な，伝統的な,慣習的な，伝統的な,exam,3,1,1,,1:796,1
cutback,cutback,word,削減,削減,exam,3,1,1,,1:2608,1
cynic,cynic,word,皮肉屋，皮肉を言う人，ひねくれた人,皮肉屋，皮肉を言う人，ひねくれた人,exam,3,1,1,,1:1662,1
cynicism,cynicism,word,皮肉，冷嘲,皮肉，冷嘲,exam,3,1,1,,1:1887,1
dab,dab,word,軽くたたく,軽くたたく,exam,3,1,1,,1:3554,1
daft,daft,word,まぬけの,まぬけの,exam,3,1,1,,1:3706,1
dainty,dainty,word,上品な，洗練された,上品な，洗練された,exam,3,1,1,,1:646,1
dally,dally,word,弄ぶ,弄ぶ,exam,3,1,1,,1:3488,1
dame,dame,word,貴婦人,貴婦人,exam,3,1,1,,1:2357,1
daub,daub,word,塗りつぶす,塗りつぶす,exam,3,1,1,,1:3477,1
daunt,daunt,word,脅す,脅す,exam,3,1,1,,1:2238,1
daunting,daunting,word,ひるんでいる,ひるんでいる,exam,3,1,1,,1:3767,1
dauntless,dauntless,word,恐れ知らず，大胆な,恐れ知らず，大胆な,exam,3,1,1,,1:4176,1
dawdle,dawdle,word,ぐずぐずする，ぶらぶらする,ぐずぐずする，ぶらぶらする,exam,3,1,1,,1:4080,1
dazzling,dazzling,word,眩しい，明るい,眩しい，明るい,exam,3,1,1,,1:1493,1
deadlock,deadlock,word,行き詰まり,行き詰まり,exam,3,1,1,,1:3403,1
dearly,dearly,word,心から，真心で,心から，真心で,exam,3,1,1,,1:1452,1
dearth,dearth,word,欠乏，不足,欠乏，不足,exam,3,1,1,,1:1171,1
debacle,debacle,word,総崩れ，崩壊,総崩れ，崩壊,exam,3,1,1,,1:1147,1
debase,debase,word,堕落させる，道を踏み外させる,堕落させる，道を踏み外させる,exam,3,1,1,,1:1595,1
debilitate,debilitate,word,衰弱させる，弱める,衰弱させる，弱める,exam,3,1,1,,1:629,1
debit,debit,word,借り方,借り方,exam,3,1,1,,1:2456,1
debtor,debtor,word,債務者，借金者,債務者，借金者,exam,3,1,1,,1:1115,1
debunk,debunk,word,正体を暴露する,正体を暴露する,exam,3,1,1,,1:3456,1
decadence,decadence,word,退廃,退廃,exam,3,1,1,,1:2423,1
decadent,decadent,word,堕落した，衰退した,堕落した，衰退した,exam,3,1,1,,1:4261,1
decency,decency,word,良識，良知,良識，良知,exam,3,1,1,,1:1119,1
decimate,decimate,word,殺す,殺す,exam,3,1,1,,1:3443,1
decipher,decipher,word,解読する，暗号を解く,解読する，暗号を解く,exam,3,1,1,,1:1263,1
decor,decor,word,装飾，装飾品,装飾，装飾品,exam,3,1,1,,1:1173,1
decorum,decorum,word,礼儀正しさ,礼儀正しさ,exam,3,1,1,,1:2464,1
decrepit,decrepit,word,老朽化した,老朽化した,exam,3,1,1,,1:4013,1
defamation,defamation,word,名誉毀損，中傷,名誉毀損，中傷,exam,3,1,1,,1:1180,1
defection,defection,word,離反，背いた,離反，背いた,exam,3,1,1,,1:1624,1
deference,deference,word,尊敬,尊敬,exam,3,1,1,,1:3124,1
defiance,defiance,word,反抗，反発,反抗，反発,exam,3,1,1,,1:1762,1
deficient,deficient,word,欠乏した，不足した,欠乏した，不足した,exam,3,1,1,,1:757,1
definitive,definitive,word,決定的な，断定的な,決定的な，断定的な,exam,3,1,1,,1:770,1
deflect,deflect,word,そらせる，ゆがめる,そらせる，ゆがめる,exam,3,1,1,,1:588,1
deft,deft,word,器用な，巧妙な,器用な，巧妙な,exam,3,1,1,,1:1448,1
defunct,defunct,word,消滅した,消滅した,exam,3,1,1,,1:2035,1
degenerate,degenerate,word,退化する，後退する,退化する，後退する,exam,3,1,1,,1:1406,1
deity,deity,word,神,神,exam,3,1,1,,1:3544,1
deleterious,deleterious,word,有害な，害を及ぼす,有害な，害を及ぼす,exam,3,1,1,,1:4204,1
delineation,delineation,word,輪郭の描写,輪郭の描写,exam,3,1,1,,1:2706,1
delirious,delirious,word,錯乱した,錯乱した,exam,3,1,1,,1:3804,1
deluge,deluge,word,大洪水，大水害，氾濫,大洪水，大水害，氾濫,exam,3,1,1,,1:1896,1
delusional,delusional,word,妄想的な,妄想的な,exam,3,1,1,,1:2246,1
delve,delve,word,掘り下げる，深く調べる,掘り下げる，深く調べる,exam,3,1,1,,1:567,1
demarcation,demarcation,word,境界,境界,exam,3,1,1,,1:3118,1
dementia,dementia,word,認知症，記憶障害,認知症，記憶障害,exam,3,1,1,,1:1611,1
demolish,demolish,word,取り壊す，壊す,取り壊す，壊す,exam,3,1,1,,1:718,1
demolition,demolition,word,解体，崩壊，解散,解体，崩壊，解散,exam,3,1,1,,1:1902,1
demur,demur,word,異議を唱える，反対する,異議を唱える，反対する,exam,3,1,1,,1:1574,1
demure,demure,word,控えめな,控えめな,exam,3,1,1,,1:2795,1
denigrate,denigrate,word,侮辱する,侮辱する,exam,3,1,1,,1:3335,1
dent,dent,word,へこみ，凹み,へこみ，凹み,exam,3,1,1,,1:363,1
denunciation,denunciation,word,非難,非難,exam,3,1,1,,1:2644,1
deplete,deplete,word,枯渇させる，使い尽くす,枯渇させる，使い尽くす,exam,3,1,1,,1:1461,1
depletion,depletion,word,枯渇，涸れる,枯渇，涸れる,exam,3,1,1,,1:513,1
deplorable,deplorable,word,嘆かわしい,嘆かわしい,exam,3,1,1,,1:2915,1
depose,depose,word,免職する，解雇する,免職する，解雇する,exam,3,1,1,,1:1582,1
depraved,depraved,word,堕落した,堕落した,exam,3,1,1,,1:2894,1
derail,derail,word,脱線させる，乱す,脱線させる，乱す,exam,3,1,1,,1:872,1
derelict,derelict,word,浮浪者,浮浪者,exam,3,1,1,,1:3560,1
deride,deride,word,あざ笑う，嘲笑する,あざ笑う，嘲笑する,exam,3,1,1,,1:1421,1
derisive,derisive,word,嘲笑的な,嘲笑的な,exam,3,1,1,,1:3086,1
derivative,derivative,word,派生した，派生する,派生した，派生する,exam,3,1,1,,1:748,1
derogatory,derogatory,word,軽蔑的な,軽蔑的な,exam,3,1,1,,1:4047,1
deserving,deserving,word,値する，価値がある,値する，価値がある,exam,3,1,1,,1:1542,1
despicable,despicable,word,卑劣な，下劣な,卑劣な，下劣な,exam,3,1,1,,1:236,1
despondent,despondent,word,落胆した,落胆した,exam,3,1,1,,1:3045,1
despotic,despotic,word,専制的な,専制的な,exam,3,1,1,,1:2999,1
destitute,destitute,word,貧困の，困窮した,貧困の，困窮した,exam,3,1,1,,1:106,1
destitution,destitution,word,貧困,貧困,exam,3,1,1,,1:2380,1
detach,detach,word,切り離す，分断する,切り離す，分断する,exam,3,1,1,,1:1332,1
deterioration,deterioration,word,悪化，劣化,悪化，劣化,exam,3,1,1,,1:1094,1
deterrence,deterrence,word,抑止,抑止,exam,3,1,1,,1:2315,1
deterrent,deterrent,word,抑止する，制止する,抑止する，制止する,exam,3,1,1,,1:1297,1
detest,detest,word,忌み嫌う,忌み嫌う,exam,3,1,1,,1:3365,1
detract,detract,word,損なう,損なう,exam,3,1,1,,1:2081,1
devastation,devastation,word,荒廃，壊滅,荒廃，壊滅,exam,3,1,1,,1:150,1
deviate,deviate,word,逸脱する,逸脱する,exam,3,1,1,,1:3234,1
devious,devious,word,遠回りの，回り道の,遠回りの，回り道の,exam,3,1,1,,1:1374,1
devolution,devolution,word,委譲,委譲,exam,3,1,1,,1:2678,1
devolve,devolve,word,譲り渡す，移譲する,譲り渡す，移譲する,exam,3,1,1,,1:761,1
devout,devout,word,信心深い,信心深い,exam,3,1,1,,1:2298,1
dexterous,dexterous,word,器用な，巧妙な,器用な，巧妙な,exam,3,1,1,,1:4194,1
diabetic,diabetic,word,糖尿病の，高血糖の,糖尿病の，高血糖の,exam,3,1,1,,1:1427,1
diabolic,diabolic,word,悪魔のような,悪魔のような,exam,3,1,1,,1:3978,1
diagonal,diagonal,word,対角線の,対角線の,exam,3,1,1,,1:2779,1
diaper,diaper,word,おむつ，おしめ,おむつ，おしめ,exam,3,1,1,,1:1745,1
diaphanous,diaphanous,word,透明な，薄っぺらい,透明な，薄っぺらい,exam,3,1,1,,1:4215,1
diatribe,diatribe,word,痛烈な非難,痛烈な非難,exam,3,1,1,,1:3146,1
dichotomy,dichotomy,word,二分法，両方,二分法，両方,exam,3,1,1,,1:2591,1
diction,diction,word,言い回し,言い回し,exam,3,1,1,,1:2524,1
dictum,dictum,word,意見，格言,意見，格言,exam,3,1,1,,1:1864,1
dietary,dietary,word,食事の，食事関連の,食事の，食事関連の,exam,3,1,1,,1:706,1
differently,differently,word,異なって，異なる,異なって，異なる,exam,3,1,1,,1:382,1
diffident,diffident,word,自信のない,自信のない,exam,3,1,1,,1:2783,1
diffusion,diffusion,word,拡散，広がり,拡散，広がり,exam,3,1,1,,1:1833,1
dignified,dignified,word,威厳のある,威厳のある,exam,3,1,1,,1:3074,1
digression,digression,word,脱線，脱輪,脱線，脱輪,exam,3,1,1,,1:469,1
dike,dike,word,堤防,堤防,exam,3,1,1,,1:2593,1
dilapidated,dilapidated,word,老朽化した,老朽化した,exam,3,1,1,,1:2881,1
dilate,dilate,word,膨張する,膨張する,exam,3,1,1,,1:2210,1
diligently,diligently,word,精を出して,精を出して,exam,3,1,1,,1:3996,1
diminutive,diminutive,word,とても小さな，極小の,とても小さな，極小の,exam,3,1,1,,1:858,1
dingy,dingy,word,薄汚い,薄汚い,exam,3,1,1,,1:2903,1
dire,dire,word,悲惨な，哀れな,悲惨な，哀れな,exam,3,1,1,,1:433,1
discernible,discernible,word,識別できる，区別できる,識別できる，区別できる,exam,3,1,1,,1:794,1
discerning,discerning,word,洞察力のある，鋭い理解力,洞察力のある，鋭い理解力,exam,3,1,1,,1:3884,1
discomfiture,discomfiture,word,挫折,挫折,exam,3,1,1,,1:3362,1
discontent,discontent,word,不満，満足していない状態,不満，満足していない状態,exam,3,1,1,,1:1719,1
discrepancy,discrepancy,word,不一致，食い違い,不一致，食い違い,exam,3,1,1,,1:441,1
discrete,discrete,word,個別の，独自の,個別の，独自の,exam,3,1,1,,1:729,1
discretionary,discretionary,word,任意の,任意の,exam,3,1,1,,1:2084,1
disgraceful,disgraceful,word,恥ずかしい，恥じらいの,恥ずかしい，恥じらいの,exam,3,1,1,,1:837,1
disgruntled,disgruntled,word,不満な，不機嫌な,不満な，不機嫌な,exam,3,1,1,,1:1276,1
dishevel,dishevel,word,振り乱す,振り乱す,exam,3,1,1,,1:3163,1
disheveled,disheveled,word,乱れた,乱れた,exam,3,1,1,,1:2847,1
disintegration,disintegration,word,崩壊，崩壊状態,崩壊，崩壊状態,exam,3,1,1,,1:1845,1
dislodge,dislodge,word,無理に押しのける,無理に押しのける,exam,3,1,1,,1:2255,1
disparage,disparage,word,見下す，軽視する，軽蔑する,見下す，軽視する，軽蔑する,exam,3,1,1,,1:1590,1
disparate,disparate,word,異なる，違う,異なる，違う,exam,3,1,1,,1:1463,1
disparity,disparity,word,相違，違い，不一致,相違，違い，不一致,exam,3,1,1,,1:1676,1
dispensary,dispensary,word,診療所,診療所,exam,3,1,1,,1:3155,1
disposable,disposable,word,使い捨ての，一回きりの,使い捨ての，一回きりの,exam,3,1,1,,1:1517,1
disproportionate,disproportionate,word,不均衡な,不均衡な,exam,3,1,1,,1:2307,1
disquiet,disquiet,word,不穏な，不安定な,不穏な，不安定な,exam,3,1,1,,1:814,1
dissect,dissect,word,解剖する,解剖する,exam,3,1,1,,1:2186,1
dissident,dissident,word,反体制派の,反体制派の,exam,3,1,1,,1:2263,1
dissipate,dissipate,word,散らす，ばらまく,散らす，ばらまく,exam,3,1,1,,1:1484,1
distal,distal,word,末端の,末端の,exam,3,1,1,,1:3998,1
distorted,distorted,word,歪んだ,歪んだ,exam,3,1,1,,1:2109,1
distraught,distraught,word,取り乱した,取り乱した,exam,3,1,1,,1:2054,1
ditto,ditto,word,同上,同上,exam,3,1,1,,1:3772,1
diva,diva,word,女性歌手，歌姫,女性歌手，歌姫,exam,3,1,1,,1:3119,1
divergence,divergence,word,分岐,分岐,exam,3,1,1,,1:2754,1
divergent,divergent,word,分岐した,分岐した,exam,3,1,1,,1:2233,1
divisive,divisive,word,不和の生じた，対立している,不和の生じた，対立している,exam,3,1,1,,1:857,1
divulge,divulge,word,漏らす，暴露する,漏らす，暴露する,exam,3,1,1,,1:623,1
doctorate,doctorate,word,博士号，博士の学位,博士号，博士の学位,exam,3,1,1,,1:1124,1
dogged,dogged,word,頑固な,頑固な,exam,3,1,1,,1:2060,1
doldrums,doldrums,word,無風地帯,無風地帯,exam,3,1,1,,1:2439,1
domicile,domicile,word,住居,住居,exam,3,1,1,,1:2442,1
dormant,dormant,word,休眠中の，休止中の,休眠中の，休止中の,exam,3,1,1,,1:894,1
dosage,dosage,word,投与量，服用量,投与量，服用量,exam,3,1,1,,1:45,1
dour,dour,word,陰気な,陰気な,exam,3,1,1,,1:2128,1
douse,douse,word,ずぶぬれにする,ずぶぬれにする,exam,3,1,1,,1:2258,1
downright,downright,word,真っすぐな，徹底的な，一貫した,真っすぐな，徹底的な，一貫した,exam,3,1,1,,1:341,1
drab,drab,word,単調な,単調な,exam,3,1,1,,1:2249,1
drawback,drawback,word,欠点，短所,欠点，短所,exam,3,1,1,,1:41,1
drawl,drawl,word,ゆっくり話す，遅く話す,ゆっくり話す，遅く話す,exam,3,1,1,,1:705,1
drench,drench,word,ずぶぬれにする，水浸しにする,ずぶぬれにする，水浸しにする,exam,3,1,1,,1:1438,1
dribble,dribble,word,滴る,滴る,exam,3,1,1,,1:3569,1
drizzle,drizzle,word,霧雨が降る，細かい雨が降る,霧雨が降る，細かい雨が降る,exam,3,1,1,,1:1397,1
drool,drool,word,よだれを垂らす,よだれを垂らす,exam,3,1,1,,1:3302,1
drudgery,drudgery,word,骨折り仕事,骨折り仕事,exam,3,1,1,,1:2334,1
duchy,duchy,word,公国,公国,exam,3,1,1,,1:2659,1
duly,duly,word,正当に,正当に,exam,3,1,1,,1:3735,1
dune,dune,word,砂丘,砂丘,exam,3,1,1,,1:2578,1
dung,dung,word,糞,糞,exam,3,1,1,,1:2602,1
dupe,dupe,word,複製品，複製品,複製品，複製品,exam,3,1,1,,1:505,1
dusky,dusky,word,薄暗い，昏い,薄暗い，昏い,exam,3,1,1,,1:789,1
eavesdrop,eavesdrop,word,盗聴する,盗聴する,exam,3,1,1,,1:3478,1
ebriate,ebriate,word,興奮させる,興奮させる,exam,3,1,1,,1:3624,1
ebullient,ebullient,word,沸き立つような，元気いっぱいの,沸き立つような，元気いっぱいの,exam,3,1,1,,1:4083,1
ecclesiastical,ecclesiastical,word,教会の,教会の,exam,3,1,1,,1:3627,1
echelon,echelon,word,梯形編成,梯形編成,exam,3,1,1,,1:3447,1
eclectic,eclectic,word,折衷の,折衷の,exam,3,1,1,,1:2103,1
eddy,eddy,word,渦,渦,exam,3,1,1,,1:2335,1
edifice,edifice,word,建築物，構造物,建築物，構造物,exam,3,1,1,,1:910,1
edify,edify,word,啓発する,啓発する,exam,3,1,1,,1:2308,1
efface,efface,word,拭い去る,拭い去る,exam,3,1,1,,1:2309,1
effervescent,effervescent,word,発泡性の,発泡性の,exam,3,1,1,,1:3016,1
effigy,effigy,word,肖像，像,肖像，像,exam,3,1,1,,1:4164,1
effulgent,effulgent,word,輝かしい，明るい,輝かしい，明るい,exam,3,1,1,,1:4248,1
effusive,effusive,word,感情むき出しの,感情むき出しの,exam,3,1,1,,1:3827,1
egalitarian,egalitarian,word,平等主義者,平等主義者,exam,3,1,1,,1:2494,1
egregious,egregious,word,悪質な,悪質な,exam,3,1,1,,1:2866,1
elation,elation,word,得意げ,得意げ,exam,3,1,1,,1:2571,1
electrode,electrode,word,電極，電流を通す部品，電流を通す部品,電極，電流を通す部品，電流を通す部品,exam,3,1,1,,1:1663,1
elicit,elicit,word,引き出す，取り出す,引き出す，取り出す,exam,3,1,1,,1:403,1
eligibility,eligibility,word,適格性，妥当性,適格性，妥当性,exam,3,1,1,,1:1862,1
ellipse,ellipse,word,楕円,楕円,exam,3,1,1,,1:3260,1
elucidate,elucidate,word,解明する,解明する,exam,3,1,1,,1:2015,1
elucidation,elucidation,word,解明,解明,exam,3,1,1,,1:3571,1
elude,elude,word,逃げる，逃走する,逃げる，逃走する,exam,3,1,1,,1:860,1
elusive,elusive,word,捉えどころのない，不確定な,捉えどころのない，不確定な,exam,3,1,1,,1:686,1
emaciated,emaciated,word,やつれた，痩せ衰えた,やつれた，痩せ衰えた,exam,3,1,1,,1:4141,1
emanate,emanate,word,発する，出す,発する，出す,exam,3,1,1,,1:762,1
emancipate,emancipate,word,解放する,解放する,exam,3,1,1,,1:3281,1
emancipation,emancipation,word,解放,解放,exam,3,1,1,,1:3315,1
embankment,embankment,word,堤防,堤防,exam,3,1,1,,1:2481,1
embellish,embellish,word,飾る,飾る,exam,3,1,1,,1:3152,1
embezzle,embezzle,word,横領する,横領する,exam,3,1,1,,1:3259,1
emblem,emblem,word,象徴，何かを代表するものや事象，権化,象徴，何かを代表するものや事象，権化,exam,3,1,1,,1:1781,1
embroidery,embroidery,word,刺繍,刺繍,exam,3,1,1,,1:2716,1
embroil,embroil,word,巻き込む，関与させる,巻き込む，関与させる,exam,3,1,1,,1:1352,1
emeritus,emeritus,word,名誉の，名誉退職の,名誉の，名誉退職の,exam,3,1,1,,1:2972,1
emissary,emissary,word,密偵,密偵,exam,3,1,1,,1:2550,1
empirical,empirical,word,経験に基づいた，実績からの,経験に基づいた，実績からの,exam,3,1,1,,1:724,1
enactment,enactment,word,立法，法制定,立法，法制定,exam,3,1,1,,1:968,1
enclave,enclave,word,飛び地，飛地,飛び地，飛地,exam,3,1,1,,1:1775,1
enclosure,enclosure,word,包囲，囲い,包囲，囲い,exam,3,1,1,,1:1949,1
encroach,encroach,word,侵入する,侵入する,exam,3,1,1,,1:2073,1
encryption,encryption,word,暗号化,暗号化,exam,3,1,1,,1:2516,1
endear,endear,word,慕わせる，愛される,慕わせる，愛される,exam,3,1,1,,1:545,1
endemic,endemic,word,風土病，地域病，特定の地域で多く見られる病気,風土病，地域病，特定の地域で多く見られる病気,exam,3,1,1,,1:1777,1
enervate,enervate,word,弱める，奪う,弱める，奪う,exam,3,1,1,,1:4144,1
engender,engender,word,醸し出す,醸し出す,exam,3,1,1,,1:2075,1
engross,engross,word,注意を向け集中させる,注意を向け集中させる,exam,3,1,1,,1:4026,1
engulf,engulf,word,飲み込む，ゴクリと飲む,飲み込む，ゴクリと飲む,exam,3,1,1,,1:1550,1
enigma,enigma,word,不可解なこと，理解不能なこと,不可解なこと，理解不能なこと,exam,3,1,1,,1:1061,1
enigmatic,enigmatic,word,謎めいた，神秘的な,謎めいた，神秘的な,exam,3,1,1,,1:673,1
enjoin,enjoin,word,命じる,命じる,exam,3,1,1,,1:3512,1
ensconce,ensconce,word,快適に座る,快適に座る,exam,3,1,1,,1:3350,1
ensemble,ensemble,word,全体的効果，全般的な影響，全体の影響,全体的効果，全般的な影響，全体の影響,exam,3,1,1,,1:921,1
enshrine,enshrine,word,祀る,祀る,exam,3,1,1,,1:3182,1
enthrall,enthrall,word,魅了する,魅了する,exam,3,1,1,,1:3332,1
entourage,entourage,word,側近，近侍,側近，近侍,exam,3,1,1,,1:1002,1
entreat,entreat,word,懇願する，頼む,懇願する，頼む,exam,3,1,1,,1:847,1
entrench,entrench,word,塹壕に入れる，防御する,塹壕に入れる，防御する,exam,3,1,1,,1:1420,1
entrenched,entrenched,word,定着した,定着した,exam,3,1,1,,1:3587,1
entrepreneurship,entrepreneurship,word,起業家精神，創業者の心,起業家精神，創業者の心,exam,3,1,1,,1:1001,1
enumerate,enumerate,word,列挙する,列挙する,exam,3,1,1,,1:3318,1
enunciate,enunciate,word,明瞭に発音する,明瞭に発音する,exam,3,1,1,,1:2201,1
environs,environs,word,周辺,周辺,exam,3,1,1,,1:2696,1
enzyme,enzyme,word,酵素，生化学的触媒,酵素，生化学的触媒,exam,3,1,1,,1:62,1
ephemeral,ephemeral,word,はかない,はかない,exam,3,1,1,,1:3052,1
epicenter,epicenter,word,震源地,震源地,exam,3,1,1,,1:1919,1
epilepsy,epilepsy,word,てんかん,てんかん,exam,3,1,1,,1:3160,1
epiphany,epiphany,word,悟り,悟り,exam,3,1,1,,1:3449,1
episcopal,episcopal,word,監督の，司教の,監督の，司教の,exam,3,1,1,,1:644,1
epitome,epitome,word,典型，縮図,典型，縮図,exam,3,1,1,,1:2534,1
epitomize,epitomize,word,縮める,縮める,exam,3,1,1,,1:3376,1
equestrian,equestrian,word,馬術の,馬術の,exam,3,1,1,,1:2937,1
equitable,equitable,word,公平な，平等な,公平な，平等な,exam,3,1,1,,1:1597,1
equivocate,equivocate,word,あいまいに言う，二枚舌,あいまいに言う，二枚舌,exam,3,1,1,,1:4239,1
eradicate,eradicate,word,根絶する，撲滅する,根絶する，撲滅する,exam,3,1,1,,1:358,1
err,err,word,誤る，間違える,誤る，間違える,exam,3,1,1,,1:1521,1
erratic,erratic,word,不安定な,不安定な,exam,3,1,1,,1:2169,1
escapade,escapade,word,いたずら,いたずら,exam,3,1,1,,1:2557,1
eschew,eschew,word,避ける,避ける,exam,3,1,1,,1:889,1
esophagus,esophagus,word,食道,食道,exam,3,1,1,,1:2527,1
esoteric,esoteric,word,秘儀の，神秘的な,秘儀の，神秘的な,exam,3,1,1,,1:292,1
espionage,espionage,word,スパイ活動，情報を秘密裏に収集する活動，陰謀活動,スパイ活動，情報を秘密裏に収集する活動，陰謀活動,exam,3,1,1,,1:1652,1
espouse,espouse,word,支持する，後援する,支持する，後援する / 信念や主張を支持する,exam,3,1,1,,1:862;1:3313,2
estranged,estranged,word,疎遠になった,疎遠になった,exam,3,1,1,,1:3635,1
ethereal,ethereal,word,空気の様に軽やかな,空気の様に軽やかな,exam,3,1,1,,1:2021,1
ethos,ethos,word,気風,気風,exam,3,1,1,,1:2600,1
eulogy,eulogy,word,賛辞,賛辞,exam,3,1,1,,1:3188,1
euphemism,euphemism,word,婉曲表現，遠回しの表現,婉曲表現，遠回しの表現,exam,3,1,1,,1:1771,1
euphoria,euphoria,word,陶酔，夢中,陶酔，夢中,exam,3,1,1,,1:1860,1
euphoric,euphoric,word,陶酔している,陶酔している,exam,3,1,1,,1:3989,1
euthanasia,euthanasia,word,安楽死,安楽死,exam,3,1,1,,1:1941,1
eviction,eviction,word,立ち退き，明け渡し,立ち退き，明け渡し,exam,3,1,1,,1:3117,1
evocative,evocative,word,呼び起こした,呼び起こした,exam,3,1,1,,1:2241,1
evolutionary,evolutionary,word,進化的な，進化論の,進化的な，進化論の,exam,3,1,1,,1:10,1
ex-husband,ex-husband,word,元夫，以前の配偶者,元夫，以前の配偶者,exam,3,1,1,,1:1703,1
exacerbate,exacerbate,word,悪化させる，悪くする,悪化させる，悪くする,exam,3,1,1,,1:1534,1
exacting,exacting,word,厳しい,厳しい,exam,3,1,1,,1:1992,1
exasperate,exasperate,word,いら立たせる，怒らせる,いら立たせる，怒らせる,exam,3,1,1,,1:4205,1
exasperation,exasperation,word,憤慨,憤慨,exam,3,1,1,,1:2327,1
excavation,excavation,word,発掘，探し出す,発掘，探し出す,exam,3,1,1,,1:1063,1
exchequer,exchequer,word,国庫,国庫,exam,3,1,1,,1:3406,1
excise,excise,word,物品税，商品にかかる税金,物品税，商品にかかる税金,exam,3,1,1,,1:1740,1
excruciate,excruciate,word,苦しめる,苦しめる,exam,3,1,1,,1:3219,1
exemplar,exemplar,word,模範,模範,exam,3,1,1,,1:3442,1
exhale,exhale,word,吐き出す，放出する,吐き出す，放出する,exam,3,1,1,,1:671,1
exhilarate,exhilarate,word,陽気にさせる，楽しくさせる,陽気にさせる，楽しくさせる,exam,3,1,1,,1:795,1
exhilarating,exhilarating,word,爽快にさせる,爽快にさせる,exam,3,1,1,,1:3482,1
exhort,exhort,word,勧める，推薦する,勧める，推薦する,exam,3,1,1,,1:1264,1
exhortation,exhortation,word,勧め,勧め,exam,3,1,1,,1:3459,1
existential,existential,word,実存の，存在する,実存の，存在する,exam,3,1,1,,1:1289,1
exonerate,exonerate,word,無罪放免する,無罪放免する,exam,3,1,1,,1:3410,1
exorbitant,exorbitant,word,法外な，途方もない,法外な，途方もない,exam,3,1,1,,1:512,1
exorcise,exorcise,word,厄払いする,厄払いする,exam,3,1,1,,1:2055,1
expatriate,expatriate,word,自国を離れる，出国する,自国を離れる，出国する,exam,3,1,1,,1:1346,1
expedient,expedient,word,都合の良い,都合の良い,exam,3,1,1,,1:3647,1
expedite,expedite,word,促進する，迅速化する,促進する，迅速化する,exam,3,1,1,,1:129,1
exploratory,exploratory,word,探検の,探検の,exam,3,1,1,,1:2245,1
exponent,exponent,word,解説者,解説者,exam,3,1,1,,1:2539,1
exponential,exponential,word,指数関数的な,指数関数的な,exam,3,1,1,,1:3724,1
exponentially,exponentially,word,指数関数的に,指数関数的に,exam,3,1,1,,1:3475,1
exposition,exposition,word,展示会,展示会,exam,3,1,1,,1:1940,1
expound,expound,word,解説する,解説する,exam,3,1,1,,1:2266,1
expropriate,expropriate,word,没収する,没収する,exam,3,1,1,,1:3178,1
expulsion,expulsion,word,排除，除名,排除，除名,exam,3,1,1,,1:76,1
extant,extant,word,現存の,現存の,exam,3,1,1,,1:4031,1
extemporaneous,extemporaneous,word,即席の，その場しのぎの,即席の，その場しのぎの,exam,3,1,1,,1:3649,1
extol,extol,word,絶賛する，高く評価する,絶賛する，高く評価する,exam,3,1,1,,1:1396,1
extoll,extoll,word,称える,称える,exam,3,1,1,,1:3533,1
extortion,extortion,word,恐喝,恐喝,exam,3,1,1,,1:3495,1
extradite,extradite,word,引き渡す,引き渡す,exam,3,1,1,,1:1983,1
extradition,extradition,word,引き渡し，渡す，提供する,引き渡し，渡す，提供する,exam,3,1,1,,1:1811,1
extrapolate,extrapolate,word,推定する，外挿する,推定する，外挿する,exam,3,1,1,,1:3563,1
extremist,extremist,word,過激派，極端な,過激派，極端な,exam,3,1,1,,1:1554,1
extricate,extricate,word,救い出す,救い出す,exam,3,1,1,,1:2261,1
extrovert,extrovert,word,外向的な,外向的な,exam,3,1,1,,1:3799,1
exuberant,exuberant,word,あふれんばかりの,あふれんばかりの,exam,3,1,1,,1:2014,1
exude,exude,word,滲み出させる,滲み出させる,exam,3,1,1,,1:2067,1
exult,exult,word,喜ぶ，うれしく思う,喜ぶ，うれしく思う,exam,3,1,1,,1:1349,1
fabrication,fabrication,word,製作,製作,exam,3,1,1,,1:3300,1
facetious,facetious,word,ふざけた,ふざけた,exam,3,1,1,,1:2919,1
faded,faded,word,色あせた，退色した,色あせた，退色した,exam,3,1,1,,1:1412,1
fallacious,fallacious,word,誤った，不正確な,誤った，不正確な,exam,3,1,1,,1:4075,1
fallacy,fallacy,word,誤信，誤解,誤信，誤解,exam,3,1,1,,1:932,1
fallible,fallible,word,誤りやすい，欠点がある,誤りやすい，欠点がある,exam,3,1,1,,1:4165,1
falter,falter,word,ためらう，躊躇する,ためらう，躊躇する,exam,3,1,1,,1:1408,1
faltered,faltered,word,行き詰まった,行き詰まった,exam,3,1,1,,1:3740,1
fanatic,fanatic,word,狂信者，過激派,狂信者，過激派,exam,3,1,1,,1:899,1
fang,fang,word,牙，犬歯,牙，犬歯,exam,3,1,1,,1:1026,1
farce,farce,word,茶番，喜劇，茶番劇,茶番，喜劇，茶番劇,exam,3,1,1,,1:1782,1
fart,fart,word,おならをする,おならをする,exam,3,1,1,,1:3345,1
fastidious,fastidious,word,気難しい,気難しい,exam,3,1,1,,1:2869,1
fatality,fatality,word,死者，災害，犠牲者,死者，災害，犠牲者,exam,3,1,1,,1:928,1
faucet,faucet,word,蛇口,蛇口,exam,3,1,1,,1:2714,1
faulty,faulty,word,欠点のある，不完全な,欠点のある，不完全な,exam,3,1,1,,1:1272,1
faze,faze,word,心を騒がせる,心を騒がせる,exam,3,1,1,,1:3373,1
feckless,feckless,word,無気力な，責任感のない,無気力な，責任感のない,exam,3,1,1,,1:4262,1
feign,feign,word,偽る，装う,偽る，装う,exam,3,1,1,,1:4111,1
felon,felon,word,重罪犯人，凶悪犯,重罪犯人，凶悪犯,exam,3,1,1,,1:1130,1
fend,fend,word,避ける，回避する,避ける，回避する,exam,3,1,1,,1:668,1
feral,feral,word,野生の，人嫌いの,野生の，人嫌いの,exam,3,1,1,,1:4228,1
ferment,ferment,word,発酵体，発酵を引き起こす物質,発酵体，発酵を引き起こす物質,exam,3,1,1,,1:1747,1
ferocity,ferocity,word,凶暴性，獰猛さ,凶暴性，獰猛さ,exam,3,1,1,,1:1018,1
fervent,fervent,word,熱烈な，情熱的な,熱烈な，情熱的な,exam,3,1,1,,1:1511,1
fetal,fetal,word,胎児の，胎児に関する，胎内の,胎児の，胎児に関する，胎内の,exam,3,1,1,,1:1580,1
fetus,fetus,word,胎児，胎子,胎児，胎子,exam,3,1,1,,1:1152,1
feud,feud,word,確執，対立,確執，対立,exam,3,1,1,,1:991,1
fiasco,fiasco,word,大失態,大失態,exam,3,1,1,,1:2331,1
fiat,fiat,word,命令，指令や要求,命令，指令や要求,exam,3,1,1,,1:1734,1
fickle,fickle,word,気まぐれな，不安定な,気まぐれな，不安定な,exam,3,1,1,,1:1457,1
fiddle,fiddle,word,バイオリン,バイオリン,exam,3,1,1,,1:2465,1
fiduciary,fiduciary,word,受託者,受託者,exam,3,1,1,,1:3535,1
fiend,fiend,word,悪魔,悪魔,exam,3,1,1,,1:2741,1
figment,figment,word,作りごと,作りごと,exam,3,1,1,,1:3444,1
filial,filial,word,子の,子の,exam,3,1,1,,1:3664,1
filibuster,filibuster,word,議事妨害,議事妨害,exam,3,1,1,,1:2497,1
filth,filth,word,汚物,汚物,exam,3,1,1,,1:3343,1
finery,finery,word,華美な装飾,華美な装飾,exam,3,1,1,,1:3296,1
finesse,finesse,word,巧妙な処理，うまい対処，手腕,巧妙な処理，うまい対処，手腕,exam,3,1,1,,1:1786,1
firearm,firearm,word,銃器，火器,銃器，火器,exam,3,1,1,,1:1188,1
fission,fission,word,分裂,分裂,exam,3,1,1,,1:2605,1
fissure,fissure,word,亀裂,亀裂,exam,3,1,1,,1:3545,1
fitful,fitful,word,気まぐれな,気まぐれな,exam,3,1,1,,1:4057,1
fixate,fixate,word,定着させる,定着させる,exam,3,1,1,,1:3558,1
flabbergast,flabbergast,word,驚かせる，仰天させる,驚かせる，仰天させる,exam,3,1,1,,1:4146,1
flabby,flabby,word,たるんだ,たるんだ,exam,3,1,1,,1:2953,1
flagrant,flagrant,word,極悪非道の,極悪非道の,exam,3,1,1,,1:1994,1
flagship,flagship,word,旗艦，主力艦,旗艦，主力艦,exam,3,1,1,,1:1225,1
flamboyant,flamboyant,word,色鮮やかな,色鮮やかな,exam,3,1,1,,1:2289,1
flaunt,flaunt,word,誇示する，見せびらかす,誇示する，見せびらかす,exam,3,1,1,,1:572,1
flawless,flawless,word,完璧な,完璧な,exam,3,1,1,,1:2151,1
fledgling,fledgling,word,駆け出し，初心者,駆け出し，初心者,exam,3,1,1,,1:1751,1
fleeting,fleeting,word,つかの間の,つかの間の,exam,3,1,1,,1:2089,1
flex,flex,word,曲げる，湾曲させる,曲げる，湾曲させる,exam,3,1,1,,1:613,1
flimsy,flimsy,word,薄っぺらな,薄っぺらな,exam,3,1,1,,1:2195,1
flinch,flinch,word,尻込みする，躊躇する,尻込みする，躊躇する,exam,3,1,1,,1:1424,1
flip-flop,flip-flop,word,サンダル，パタパタ鳴る音,サンダル，パタパタ鳴る音,exam,3,1,1,,1:3266,1
flippant,flippant,word,軽薄な,軽薄な,exam,3,1,1,,1:3613,1
flit,flit,word,すいすい飛ぶ,すいすい飛ぶ,exam,3,1,1,,1:2010,1
flop,flop,word,ばったり倒れる，突然倒れる,ばったり倒れる，突然倒れる,exam,3,1,1,,1:1319,1
flora,flora,word,植物群,植物群,exam,3,1,1,,1:3128,1
flounder,flounder,word,もがく，足掻く,もがく，足掻く,exam,3,1,1,,1:1475,1
fluctuate,fluctuate,word,変動する,変動する,exam,3,1,1,,1:2034,1
fluff,fluff,word,綿毛,綿毛,exam,3,1,1,,1:2673,1
fluffy,fluffy,word,綿毛の，フワフワした,綿毛の，フワフワした,exam,3,1,1,,1:1411,1
fluke,fluke,word,まぐれ当たり，まぐれで,まぐれ当たり，まぐれで,exam,3,1,1,,1:1212,1
fluorescent,fluorescent,word,蛍光の，発光する,蛍光の，発光する,exam,3,1,1,,1:1392,1
flurry,flurry,word,突風，突然の風,突風，突然の風,exam,3,1,1,,1:913,1
focal,focal,word,焦点の，中心の,焦点の，中心の,exam,3,1,1,,1:791,1
fodder,fodder,word,飼料，動物のエサ,飼料，動物のエサ,exam,3,1,1,,1:1737,1
foolhardy,foolhardy,word,無鉄砲な,無鉄砲な,exam,3,1,1,,1:3709,1
foolproof,foolproof,word,誰にでも理解できる,誰にでも理解できる,exam,3,1,1,,1:4038,1
footing,footing,word,足場，基盤,足場，基盤,exam,3,1,1,,1:455,1
forage,forage,word,飼料,飼料,exam,3,1,1,,1:2683,1
foray,foray,word,不意打ち，突撃，急襲,不意打ち，突撃，急襲,exam,3,1,1,,1:1783,1
forbidden,forbidden,word,禁じられた，禁止された,禁じられた，禁止された,exam,3,1,1,,1:464,1
foreclose,foreclose,word,除外する,除外する,exam,3,1,1,,1:3205,1
forefront,forefront,word,最前部，前線,最前部，前線,exam,3,1,1,,1:261,1
foreground,foreground,word,前景，背景,前景，背景,exam,3,1,1,,1:1189,1
foreman,foreman,word,親方,親方,exam,3,1,1,,1:1924,1
foremost,foremost,word,主要な，最も重要な,主要な，最も重要な,exam,3,1,1,,1:67,1
forensic,forensic,word,法廷の，裁判所の,法廷の，裁判所の,exam,3,1,1,,1:258,1
forestall,forestall,word,先んずる，先駆ける,先んずる，先駆ける,exam,3,1,1,,1:1383,1
forfeit,forfeit,word,没収,没収,exam,3,1,1,,1:2609,1
forgo,forgo,word,差し控える，遠慮する,差し控える，遠慮する,exam,3,1,1,,1:1384,1
forlorn,forlorn,word,孤独な，寂しい,孤独な，寂しい,exam,3,1,1,,1:1367,1
forte,forte,word,十八番,十八番,exam,3,1,1,,1:2318,1
forthright,forthright,word,単刀直入の,単刀直入の,exam,3,1,1,,1:2304,1
fortitude,fortitude,word,不屈の精神,不屈の精神,exam,3,1,1,,1:3566,1
fortress,fortress,word,要塞,要塞,exam,3,1,1,,1:3496,1
foundry,foundry,word,鋳造所,鋳造所,exam,3,1,1,,1:3573,1
foyer,foyer,word,休憩室，待合室,休憩室，待合室,exam,3,1,1,,1:1835,1
fragmentary,fragmentary,word,断片的な，部分的な,断片的な，部分的な,exam,3,1,1,,1:885,1
fragmentation,fragmentation,word,断片化，分断,断片化，分断,exam,3,1,1,,1:1060,1
fraternal,fraternal,word,兄弟の，兄妹の関係,兄弟の，兄妹の関係,exam,3,1,1,,1:1282,1
fraternity,fraternity,word,友愛，友情,友愛，友情,exam,3,1,1,,1:241,1
fraudulent,fraudulent,word,詐欺，欺騙,詐欺，欺騙,exam,3,1,1,,1:841,1
fraught,fraught,word,いっぱいの、緊張をはらんだ,いっぱいの、緊張をはらんだ,exam,3,1,1,,1:2950,1
fret,fret,word,いらいらする，怒る,いらいらする，怒る,exam,3,1,1,,1:1509,1
fretting,fretting,word,イライラしている,イライラしている,exam,3,1,1,,1:3591,1
frigid,frigid,word,極寒の，極寒地の,極寒の，極寒地の,exam,3,1,1,,1:1473,1
frolic,frolic,word,戯れる，遊ぶ,戯れる，遊ぶ,exam,3,1,1,,1:574,1
frost,frost,word,霜，霜降り,霜，霜降り,exam,3,1,1,,1:926,1
frosty,frosty,word,凍えるような，氷点下の,凍えるような，氷点下の,exam,3,1,1,,1:578,1
froth,froth,word,あぶく,あぶく,exam,3,1,1,,1:2369,1
frugality,frugality,word,倹約,倹約,exam,3,1,1,,1:2395,1
fruition,fruition,word,結実，実現,結実，実現,exam,3,1,1,,1:3375,1
fumble,fumble,word,手探りする，取り損ねる，手間取る,手探りする，取り損ねる，手間取る,exam,3,1,1,,1:1330,1
fume,fume,word,臭い煙，臭気，悪臭,臭い煙，臭気，悪臭,exam,3,1,1,,1:1787,1
funk,funk,word,臆病，怯える，気が小さい,臆病，怯える，気が小さい,exam,3,1,1,,1:1895,1
funnel,funnel,word,漏斗,漏斗,exam,3,1,1,,1:1952,1
furlough,furlough,word,休暇,休暇,exam,3,1,1,,1:2492,1
furor,furor,word,激怒，怒り狂う,激怒，怒り狂う,exam,3,1,1,,1:1132,1
furrow,furrow,word,溝，水路,溝，水路,exam,3,1,1,,1:1122,1
furry,furry,word,毛皮の,毛皮の,exam,3,1,1,,1:2808,1
furtive,furtive,word,こそこそした,こそこそした,exam,3,1,1,,1:3062,1
futility,futility,word,無益,無益,exam,3,1,1,,1:3129,1
gaffe,gaffe,word,失策,失策,exam,3,1,1,,1:3317,1
gait,gait,word,歩行,歩行,exam,3,1,1,,1:2535,1
gala,gala,word,祭り，祭典,祭り，祭典,exam,3,1,1,,1:950,1
gall,gall,word,憎しみ，胆汁,憎しみ，胆汁,exam,3,1,1,,1:1024,1
gallant,gallant,word,勇敢な，勇気のある,勇敢な，勇気のある,exam,3,1,1,,1:752,1
galvanize,galvanize,word,電流を流す，通電する,電流を流す，通電する,exam,3,1,1,,1:1287,1
garish,garish,word,飾り立てた,飾り立てた,exam,3,1,1,,1:2996,1
garland,garland,word,花飾り，栄冠,花飾り，栄冠,exam,3,1,1,,1:1080,1
garner,garner,word,集める，収集する,集める，収集する,exam,3,1,1,,1:579,1
garrison,garrison,word,駐屯地，兵士が居住する場所,駐屯地，兵士が居住する場所,exam,3,1,1,,1:1612,1
garrulous,garrulous,word,おしゃべりな，話好きな,おしゃべりな，話好きな,exam,3,1,1,,1:4126,1
gastric,gastric,word,胃の，胃部の,胃の，胃部の,exam,3,1,1,,1:848,1
gauche,gauche,word,ぎこちない，不器用な,ぎこちない，不器用な,exam,3,1,1,,1:4143,1
gaunt,gaunt,word,やせこけた，荒涼とした,やせこけた，荒涼とした,exam,3,1,1,,1:2467,1
gazette,gazette,word,官報，公報,官報，公報,exam,3,1,1,,1:1067,1
genealogy,genealogy,word,系譜，家系,系譜，家系,exam,3,1,1,,1:1244,1
generalized,generalized,word,一般化された,一般化された,exam,3,1,1,,1:1989,1
genesis,genesis,word,起源，始まり，出発点,起源，始まり，出発点,exam,3,1,1,,1:1653,1
genial,genial,word,親切で愛想のよい，親しみやすい,親切で愛想のよい，親しみやすい,exam,3,1,1,,1:637,1
genially,genially,word,和やかに,和やかに,exam,3,1,1,,1:3639,1
genital,genital,word,生殖の,生殖の,exam,3,1,1,,1:2248,1
genotype,genotype,word,遺伝子型,遺伝子型,exam,3,1,1,,1:2518,1
genteel,genteel,word,上品な，優雅な,上品な，優雅な,exam,3,1,1,,1:1497,1
genus,genus,word,属，分類や所属,属，分類や所属,exam,3,1,1,,1:1694,1
germinate,germinate,word,発芽する,発芽する,exam,3,1,1,,1:2139,1
gerrymander,gerrymander,word,選挙区を操作する，不正に変更する,選挙区を操作する，不正に変更する,exam,3,1,1,,1:4098,1
gesticulate,gesticulate,word,身振り手振りで話す,身振り手振りで話す,exam,3,1,1,,1:4241,1
ghastly,ghastly,word,恐ろしい，怖い，恐ろしいほど,恐ろしい，怖い，恐ろしいほど,exam,3,1,1,,1:1494,1
giddy,giddy,word,めまいがする，頭が回る,めまいがする，頭が回る,exam,3,1,1,,1:714,1
gild,gild,word,金を塗る，金箔を貼る,金を塗る，金箔を貼る,exam,3,1,1,,1:1480,1
gill,gill,word,えら,えら,exam,3,1,1,,1:3502,1
gingerly,gingerly,word,極めて慎重に，非常に注意深く,極めて慎重に，非常に注意深く,exam,3,1,1,,1:713,1
gird,gird,word,締める,締める,exam,3,1,1,,1:3368,1
gist,gist,word,要旨,要旨,exam,3,1,1,,1:3388,1
glacial,glacial,word,氷河の,氷河の,exam,3,1,1,,1:3769,1
glaring,glaring,word,ぎらぎら輝く,ぎらぎら輝く,exam,3,1,1,,1:2858,1
glean,glean,word,集める，収集する,集める，収集する,exam,3,1,1,,1:1361,1
glee,glee,word,歓喜，喜び,歓喜，喜び,exam,3,1,1,,1:979,1
glib,glib,word,口達者な，話が得意な,口達者な，話が得意な,exam,3,1,1,,1:1572,1
glimmer,glimmer,word,かすかな光，微かな光,かすかな光，微かな光,exam,3,1,1,,1:1767,1
glint,glint,word,きらめく,きらめく,exam,3,1,1,,1:2005,1
glitch,glitch,word,小さな欠陥，小さい不備，微小な欠点,小さな欠陥，小さい不備，微小な欠点,exam,3,1,1,,1:1680,1
glitter,glitter,word,きらきら輝く,きらきら輝く,exam,3,1,1,,1:2154,1
gloat,gloat,word,満足げに眺める，得意に見る,満足げに眺める，得意に見る,exam,3,1,1,,1:819,1
gloom,gloom,word,暗がり，憂鬱,暗がり，憂鬱,exam,3,1,1,,1:1239,1
glowing,glowing,word,白熱した，熱狂的な,白熱した，熱狂的な,exam,3,1,1,,1:1304,1
glum,glum,word,ふさぎ込んだ,ふさぎ込んだ,exam,3,1,1,,1:2237,1
glut,glut,word,満たす，充足させる,満たす，充足させる,exam,3,1,1,,1:1592,1
glutton,glutton,word,食いしん坊,食いしん坊,exam,3,1,1,,1:3551,1
gluttonous,gluttonous,word,食いしん坊の,食いしん坊の,exam,3,1,1,,1:3689,1
gnaw,gnaw,word,かじる，噛む,かじる，噛む,exam,3,1,1,,1:674,1
goad,goad,word,つき棒，棒,つき棒，棒,exam,3,1,1,,1:982,1
gobble,gobble,word,がつがつ食べる,がつがつ食べる,exam,3,1,1,,1:2050,1
goofy,goofy,word,間抜けな，馬鹿げた,間抜けな，馬鹿げた,exam,3,1,1,,1:1294,1
gradient,gradient,word,勾配，斜面，傾斜,勾配，斜面，傾斜,exam,3,1,1,,1:1668,1
graft,graft,word,接ぎ木，挿し木,接ぎ木，挿し木,exam,3,1,1,,1:1141,1
grail,grail,word,聖杯,聖杯,exam,3,1,1,,1:3336,1
grandiose,grandiose,word,壮大な,壮大な,exam,3,1,1,,1:2161,1
graveyard,graveyard,word,墓地，霊園,墓地，霊園,exam,3,1,1,,1:1137,1
greasy,greasy,word,脂っこい，油っぽい,脂っこい，油っぽい,exam,3,1,1,,1:1548,1
gregarious,gregarious,word,群生した,群生した,exam,3,1,1,,1:2011,1
grid,grid,word,格子，格子状,格子，格子状,exam,3,1,1,,1:1081,1
gritty,gritty,word,砂の入った,砂の入った,exam,3,1,1,,1:2194,1
groin,groin,word,鼠径部,鼠径部,exam,3,1,1,,1:3250,1
grope,grope,word,模索する，探求する,模索する，探求する,exam,3,1,1,,1:1518,1
groundless,groundless,word,根拠のない，無根拠の,根拠のない，無根拠の,exam,3,1,1,,1:755,1
grudge,grudge,word,恨み，悪意，憎しみ,恨み，悪意，憎しみ,exam,3,1,1,,1:1799,1
grueling,grueling,word,厳しい,厳しい,exam,3,1,1,,1:2038,1
gruesome,gruesome,word,ぞっとする,ぞっとする,exam,3,1,1,,1:1974,1
gubernatorial,gubernatorial,word,総督の,総督の,exam,3,1,1,,1:3588,1
guffaw,guffaw,word,大笑いする，ヒヒンと笑う,大笑いする，ヒヒンと笑う,exam,3,1,1,,1:4149,1
guise,guise,word,外観，見た目,外観，見た目,exam,3,1,1,,1:1213,1
gullible,gullible,word,騙されやすい,騙されやすい,exam,3,1,1,,1:2918,1
gusto,gusto,word,大きな喜び,大きな喜び,exam,3,1,1,,1:2328,1
gut,gut,word,腸，大腸，小腸,腸，大腸，小腸,exam,3,1,1,,1:1914,1
hackneyed,hackneyed,word,使い古した,使い古した,exam,3,1,1,,1:3585,1
haggard,haggard,word,やつれた,やつれた,exam,3,1,1,,1:2785,1
halcyon,halcyon,word,穏やかな，平穏な,穏やかな，平穏な,exam,3,1,1,,1:4186,1
hale,hale,word,元気な，活発な,元気な，活発な,exam,3,1,1,,1:815,1
hallucination,hallucination,word,幻覚,幻覚,exam,3,1,1,,1:1931,1
hamper,hamper,word,妨げる，邪魔する,妨げる，邪魔する,exam,3,1,1,,1:772,1
handcuff,handcuff,word,手錠，人を拘束する装置,手錠，人を拘束する装置,exam,3,1,1,,1:1727,1
haphazard,haphazard,word,偶然,偶然,exam,3,1,1,,1:2406,1
haphazardly,haphazardly,word,偶然に,偶然に,exam,3,1,1,,1:3840,1
hapless,hapless,word,不運な,不運な,exam,3,1,1,,1:2242,1
harangue,harangue,word,長い演説をする，説教する,長い演説をする，説教する,exam,3,1,1,,1:4060,1
hark,hark,word,聞く,聞く,exam,3,1,1,,1:2137,1
harrowing,harrowing,word,悲惨な,悲惨な,exam,3,1,1,,1:2090,1
harry,harry,word,うるさく悩ます，蹂躙する，苦しめる,うるさく悩ます，蹂躙する，苦しめる,exam,3,1,1,,1:463,1
hatchet,hatchet,word,手斧,手斧,exam,3,1,1,,1:2572,1
haughty,haughty,word,高慢な，傲慢な,高慢な，傲慢な,exam,3,1,1,,1:656,1
hazy,hazy,word,霞んだ,霞んだ,exam,3,1,1,,1:3009,1
headlong,headlong,word,真っ逆さまに,真っ逆さまに,exam,3,1,1,,1:2131,1
heady,heady,word,せっかちな，急かせる,せっかちな，急かせる,exam,3,1,1,,1:1351,1
hearsay,hearsay,word,伝聞,伝聞,exam,3,1,1,,1:2637,1
hearten,hearten,word,元気づける，励ます,元気づける，励ます,exam,3,1,1,,1:1265,1
heartfelt,heartfelt,word,心からの，本心からの,心からの，本心からの,exam,3,1,1,,1:2196,1
heave,heave,word,盛り上がる，興奮する,盛り上がる，興奮する,exam,3,1,1,,1:711,1
hedonism,hedonism,word,快楽主義,快楽主義,exam,3,1,1,,1:2640,1
hedonistic,hedonistic,word,快楽主義的，享楽的な,快楽主義的，享楽的な,exam,3,1,1,,1:4166,1
hefty,hefty,word,重い，沈重な,重い，沈重な,exam,3,1,1,,1:658,1
hegemony,hegemony,word,覇権,覇権,exam,3,1,1,,1:2502,1
heinous,heinous,word,凶悪な,凶悪な,exam,3,1,1,,1:4032,1
heirloom,heirloom,word,家宝,家宝,exam,3,1,1,,1:3508,1
hemorrhage,hemorrhage,word,出血,出血,exam,3,1,1,,1:2311,1
hemp,hemp,word,麻，大麻,麻，大麻,exam,3,1,1,,1:2444,1
hepatitis,hepatitis,word,肝炎,肝炎,exam,3,1,1,,1:1927,1
herbicide,herbicide,word,除草剤,除草剤,exam,3,1,1,,1:3226,1
hereby,hereby,word,ここに,ここに,exam,3,1,1,,1:3532,1
herein,herein,word,この場所で,この場所で,exam,3,1,1,,1:3434,1
heresy,heresy,word,異説，違う意見,異説，違う意見,exam,3,1,1,,1:1003,1
heretic,heretic,word,異端者,異端者,exam,3,1,1,,1:3555,1
hermetic,hermetic,word,密封された，秘密主義の,密封された，秘密主義の,exam,3,1,1,,1:4268,1
hermit,hermit,word,世捨て人,世捨て人,exam,3,1,1,,1:2530,1
hesitant,hesitant,word,ためらった，躊躇した,ためらった，躊躇した,exam,3,1,1,,1:1341,1
heterogeneity,heterogeneity,word,異種,異種,exam,3,1,1,,1:3542,1
heterosexual,heterosexual,word,異性愛の,異性愛の,exam,3,1,1,,1:1348,1
hew,hew,word,切り倒す，切断する,切り倒す，切断する,exam,3,1,1,,1:4229,1
heyday,heyday,word,全盛期，最盛期,全盛期，最盛期,exam,3,1,1,,1:1167,1
hiatus,hiatus,word,隙間，割れ目，ひび,隙間，割れ目，ひび,exam,3,1,1,,1:934,1
hiccup,hiccup,word,しゃっくり,しゃっくり,exam,3,1,1,,1:3147,1
hideous,hideous,word,恐ろしい，恐怖な,恐ろしい，恐怖な,exam,3,1,1,,1:1466,1
hierarchical,hierarchical,word,階層的な，階級制の,階層的な，階級制の,exam,3,1,1,,1:18,1
hilarious,hilarious,word,滑稽な,滑稽な,exam,3,1,1,,1:2115,1
hindsight,hindsight,word,後知恵，振り返り,後知恵，振り返り,exam,3,1,1,,1:1850,1
histrionic,histrionic,word,演技が過剰な，大げさな,演技が過剰な，大げさな,exam,3,1,1,,1:4207,1
hive,hive,word,ミツバチの巣箱，巣箱のミツバチの群れ,ミツバチの巣箱，巣箱のミツバチの群れ,exam,3,1,1,,1:1258,1
hoarse,hoarse,word,しわがれ声の,しわがれ声の,exam,3,1,1,,1:2968,1
hoax,hoax,word,悪ふざけ，いたずら,悪ふざけ，いたずら,exam,3,1,1,,1:1051,1
hobnob,hobnob,word,親しく交際する，つるむ,親しく交際する，つるむ,exam,3,1,1,,1:4242,1
hoist,hoist,word,揚げる，巻き上げる,揚げる，巻き上げる,exam,3,1,1,,1:596,1
homage,homage,word,敬意，尊敬,敬意，尊敬,exam,3,1,1,,1:1043,1
homicide,homicide,word,殺人，人を殺す行為,殺人，人を殺す行為,exam,3,1,1,,1:1216,1
hone,hone,word,砥石,砥石,exam,3,1,1,,1:3382,1
honk,honk,word,警笛,警笛,exam,3,1,1,,1:3413,1
hoof,hoof,word,蹄，馬や牛などの足の一部,蹄，馬や牛などの足の一部,exam,3,1,1,,1:1728,1
horde,horde,word,遊牧民族，移動する民,遊牧民族，移動する民,exam,3,1,1,,1:1104,1
horrendous,horrendous,word,恐ろしい,恐ろしい,exam,3,1,1,,1:2275,1
horribly,horribly,word,恐ろしく，怖いほど,恐ろしく，怖いほど,exam,3,1,1,,1:1535,1
horrify,horrify,word,怖がらせる，恐れさせる,怖がらせる，恐れさせる,exam,3,1,1,,1:583,1
horticulture,horticulture,word,園芸，庭園作り,園芸，庭園作り,exam,3,1,1,,1:4100,1
hub,hub,word,中心部，核心,中心部，核心,exam,3,1,1,,1:989,1
hubris,hubris,word,傲慢，尊大,傲慢，尊大,exam,3,1,1,,1:4133,1
hull,hull,word,外皮，船体,外皮，船体,exam,3,1,1,,1:1939,1
hum,hum,word,鼻歌を歌う，ブーンと鳴る,鼻歌を歌う，ブーンと鳴る,exam,3,1,1,,1:1394,1
humdrum,humdrum,word,平凡な,平凡な,exam,3,1,1,,1:3655,1
humiliating,humiliating,word,屈辱的な，恥ずかしい,屈辱的な，恥ずかしい,exam,3,1,1,,1:1514,1
hump,hump,word,こぶ，隆起,こぶ，隆起,exam,3,1,1,,1:1044,1
hunch,hunch,word,直感，本能,直感，本能,exam,3,1,1,,1:256,1
hurtle,hurtle,word,急いで行く，急ぐ,急いで行く，急ぐ,exam,3,1,1,,1:1606,1
husk,husk,word,殻,殻,exam,3,1,1,,1:2745,1
hydraulic,hydraulic,word,油圧の,油圧の,exam,3,1,1,,1:2183,1
hyperbole,hyperbole,word,誇張，過大評価,誇張，過大評価,exam,3,1,1,,1:940,1
hypertension,hypertension,word,高血圧，高血圧症,高血圧，高血圧症,exam,3,1,1,,1:1174,1
hypnosis,hypnosis,word,催眠，催眠術,催眠，催眠術,exam,3,1,1,,1:3557,1
iceberg,iceberg,word,氷山，巨大な氷の塊,氷山，巨大な氷の塊,exam,3,1,1,,1:1254,1
iconoclast,iconoclast,word,偶像破壊者，伝統に反抗する人,偶像破壊者，伝統に反抗する人,exam,3,1,1,,1:4072,1
iconoclastic,iconoclastic,word,偶像破壊的な，慣習を打破する,偶像破壊的な，慣習を打破する,exam,3,1,1,,1:4099,1
idealization,idealization,word,理想化，理想の実現,理想化，理想の実現,exam,3,1,1,,1:144,1
idiosyncrasy,idiosyncrasy,word,特異性，個人的な特徴,特異性，個人的な特徴,exam,3,1,1,,1:4177,1
idiosyncratic,idiosyncratic,word,特異な,特異な,exam,3,1,1,,1:2041,1
idiotic,idiotic,word,ばかげた,ばかげた,exam,3,1,1,,1:2262,1
idyllic,idyllic,word,のどかな，穏やかな,のどかな，穏やかな,exam,3,1,1,,1:1277,1
ignite,ignite,word,点火する，火をつける,点火する，火をつける,exam,3,1,1,,1:806,1
ignoble,ignoble,word,下劣な,下劣な,exam,3,1,1,,1:4005,1
ignominious,ignominious,word,恥ずべき，不名誉な,恥ずべき，不名誉な,exam,3,1,1,,1:4222,1
ignominy,ignominy,word,恥辱，不名誉,恥辱，不名誉,exam,3,1,1,,1:4195,1
illegible,illegible,word,判読不能の,判読不能の,exam,3,1,1,,1:3969,1
illicit,illicit,word,不法の，違法な,不法の，違法な,exam,3,1,1,,1:852,1
imbibe,imbibe,word,飲む，吸収する,飲む，吸収する,exam,3,1,1,,1:4243,1
imbue,imbue,word,吹き込む,吹き込む,exam,3,1,1,,1:3414,1
immaculate,immaculate,word,真っ白な，汚れのない,真っ白な，汚れのない,exam,3,1,1,,1:3999,1
immaterial,immaterial,word,重要でない,重要でない,exam,3,1,1,,1:2959,1
immersion,immersion,word,没入，熱中,没入，熱中,exam,3,1,1,,1:2475,1
imminent,imminent,word,差し迫った，切迫した,差し迫った，切迫した,exam,3,1,1,,1:863,1
immutable,immutable,word,不変の，永遠の,不変の，永遠の,exam,3,1,1,,1:4216,1
impaired,impaired,word,障害のある，障害がある,障害のある，障害がある,exam,3,1,1,,1:1998,1
impart,impart,word,与える，授ける,与える，授ける,exam,3,1,1,,1:609,1
impasse,impasse,word,行き詰まり，進行不能,行き詰まり，進行不能,exam,3,1,1,,1:1846,1
impassive,impassive,word,無表情の,無表情の,exam,3,1,1,,1:2831,1
impeccable,impeccable,word,申し分のない,申し分のない,exam,3,1,1,,1:2125,1
impediment,impediment,word,障害，障害物,障害，障害物,exam,3,1,1,,1:1837,1
impel,impel,word,駆り立てる,駆り立てる,exam,3,1,1,,1:3242,1
impend,impend,word,差し迫った,差し迫った,exam,3,1,1,,1:3906,1
impending,impending,word,起こりそうな，可能性がある,起こりそうな，可能性がある,exam,3,1,1,,1:751,1
imperative,imperative,word,命令的な，指令的な,命令的な，指令的な,exam,3,1,1,,1:552,1
impersonate,impersonate,word,役を演じる,役を演じる,exam,3,1,1,,1:2156,1
impertinent,impertinent,word,生意気な,生意気な,exam,3,1,1,,1:2837,1
impervious,impervious,word,通さない,通さない,exam,3,1,1,,1:3798,1
impetuous,impetuous,word,猛烈な,猛烈な,exam,3,1,1,,1:2910,1
impetus,impetus,word,運動力，活力，動力,運動力，活力，動力,exam,3,1,1,,1:1911,1
impinge,impinge,word,衝突する,衝突する,exam,3,1,1,,1:2272,1
implacable,implacable,word,和解しにくい，対立しやすい,和解しにくい，対立しやすい,exam,3,1,1,,1:1295,1
implant,implant,word,植え付ける，移植する,植え付ける，移植する,exam,3,1,1,,1:30,1
implode,implode,word,内部破壊する,内部破壊する,exam,3,1,1,,1:3203,1
imposition,imposition,word,課税,課税,exam,3,1,1,,1:3193,1
impoverished,impoverished,word,貧しい，貧弱な,貧しい，貧弱な,exam,3,1,1,,1:741,1
improbable,improbable,word,ありそうもない,ありそうもない,exam,3,1,1,,1:2277,1
impromptu,impromptu,word,即座に，すぐに,即座に，すぐに,exam,3,1,1,,1:1543,1
improvisation,improvisation,word,即興，アドリブ，即席にやること,即興，アドリブ，即席にやること,exam,3,1,1,,1:1920,1
impudent,impudent,word,厚かましい,厚かましい,exam,3,1,1,,1:3863,1
impunity,impunity,word,免責，免除,免責，免除,exam,3,1,1,,1:1109,1
inadvertent,inadvertent,word,不注意な,不注意な,exam,3,1,1,,1:3987,1
inadvertently,inadvertently,word,うっかりと，不注意にも,うっかりと，不注意にも,exam,3,1,1,,1:1575,1
inanimate,inanimate,word,無生物の，生命のない,無生物の，生命のない,exam,3,1,1,,1:4277,1
inaugural,inaugural,word,就任の，着任の,就任の，着任の,exam,3,1,1,,1:600,1
incandescent,incandescent,word,白熱の,白熱の,exam,3,1,1,,1:2817,1
incarcerate,incarcerate,word,投獄する,投獄する,exam,3,1,1,,1:2036,1
incarceration,incarceration,word,投獄，監獄送り,投獄，監獄送り,exam,3,1,1,,1:1155,1
incendiary,incendiary,word,放火の，火災を引き起こす,放火の，火災を引き起こす,exam,3,1,1,,1:1428,1
incest,incest,word,近親相姦，近親関係,近親相姦，近親関係,exam,3,1,1,,1:1181,1
incinerator,incinerator,word,焼却炉,焼却炉,exam,3,1,1,,1:2312,1
incision,incision,word,切開,切開,exam,3,1,1,,1:3729,1
incite,incite,word,扇動する，煽る,扇動する，煽る,exam,3,1,1,,1:1320,1
incompatible,incompatible,word,非互換の，不適合な,非互換の，不適合な,exam,3,1,1,,1:1454,1
incompetence,incompetence,word,無能，無力,無能，無力,exam,3,1,1,,1:1033,1
incompetent,incompetent,word,無能な，劣る,無能な，劣る,exam,3,1,1,,1:767,1
incongruity,incongruity,word,違和感,違和感,exam,3,1,1,,1:2425,1
incongruous,incongruous,word,一致しない,一致しない,exam,3,1,1,,1:3676,1
inconspicuous,inconspicuous,word,目立たない，控えめな,目立たない，控えめな,exam,3,1,1,,1:763,1
incorrigible,incorrigible,word,非常に悪い，改善できない,非常に悪い，改善できない,exam,3,1,1,,1:4278,1
incredulous,incredulous,word,疑い深い,疑い深い,exam,3,1,1,,1:2989,1
incremental,incremental,word,増加の，増大の,増加の，増大の,exam,3,1,1,,1:439,1
incubation,incubation,word,ふ化,ふ化,exam,3,1,1,,1:3815,1
inculcate,inculcate,word,教え込む,教え込む,exam,3,1,1,,1:3204,1
incumbent,incumbent,word,責務がある，義務がある,責務がある，義務がある,exam,3,1,1,,1:835,1
incursion,incursion,word,侵入,侵入,exam,3,1,1,,1:2763,1
indelible,indelible,word,消えない，永続する,消えない，永続する,exam,3,1,1,,1:1583,1
indemnity,indemnity,word,補償,補償,exam,3,1,1,,1:3583,1
indicative,indicative,word,表示する，示す,表示する，示す,exam,3,1,1,,1:540,1
indifferent,indifferent,word,無関心な，冷淡な,無関心な，冷淡な,exam,3,1,1,,1:760,1
indignation,indignation,word,憤慨,憤慨,exam,3,1,1,,1:4004,1
indispensable,indispensable,word,欠かせない，必須の,欠かせない，必須の,exam,3,1,1,,1:1587,1
indistinct,indistinct,word,不明瞭な，ぼやけた,不明瞭な，ぼやけた,exam,3,1,1,,1:622,1
indolent,indolent,word,怠惰な,怠惰な,exam,3,1,1,,1:3650,1
indomitable,indomitable,word,屈しない，不屈の,屈しない，不屈の,exam,3,1,1,,1:4153,1
indulgent,indulgent,word,寛大な,寛大な,exam,3,1,1,,1:3861,1
ineffable,ineffable,word,言葉で言い表せない，言葉では言い尽くせない,言葉で言い表せない，言葉では言い尽くせない,exam,3,1,1,,1:4208,1
inept,inept,word,不適当な,不適当な,exam,3,1,1,,1:2061,1
inert,inert,word,不活性の,不活性の,exam,3,1,1,,1:2776,1
inexorable,inexorable,word,容赦ない,容赦ない,exam,3,1,1,,1:2220,1
infallible,infallible,word,間違いのない，確実な,間違いのない，確実な,exam,3,1,1,,1:2822,1
infatuate,infatuate,word,夢中にする,夢中にする,exam,3,1,1,,1:3528,1
infatuation,infatuation,word,夢中,夢中,exam,3,1,1,,1:2581,1
infertility,infertility,word,不妊,不妊,exam,3,1,1,,1:2573,1
infest,infest,word,横行する，はびこる,横行する，はびこる,exam,3,1,1,,1:1531,1
infirm,infirm,word,虚弱な,虚弱な,exam,3,1,1,,1:3714,1
inflammatory,inflammatory,word,炎症性の，炎症を引き起こす,炎症性の，炎症を引き起こす,exam,3,1,1,,1:831,1
informant,informant,word,通報者，情報提供者,通報者，情報提供者,exam,3,1,1,,1:1230,1
infrared,infrared,word,赤外線の,赤外線の,exam,3,1,1,,1:2006,1
infringe,infringe,word,侵害する，侵犯する,侵害する，侵犯する,exam,3,1,1,,1:1490,1
infringement,infringement,word,侵害，侵犯,侵害，侵犯,exam,3,1,1,,1:1162,1
infusion,infusion,word,注入，注ぎ込む,注入，注ぎ込む,exam,3,1,1,,1:1619,1
ingenious,ingenious,word,器用な，創造性のある,器用な，創造性のある,exam,3,1,1,,1:2846,1
ingest,ingest,word,摂取する,摂取する,exam,3,1,1,,1:3504,1
inhibition,inhibition,word,禁止,禁止,exam,3,1,1,,1:1936,1
inhibitor,inhibitor,word,抑制する人，制御者,抑制する人，制御者,exam,3,1,1,,1:903,1
iniquity,iniquity,word,不正,不正,exam,3,1,1,,1:2506,1
injunction,injunction,word,差し止め，停止命令,差し止め，停止命令,exam,3,1,1,,1:1614,1
injurious,injurious,word,有害な，危害を及ぼす,有害な，危害を及ぼす,exam,3,1,1,,1:700,1
inlet,inlet,word,入り江,入り江,exam,3,1,1,,1:3991,1
innate,innate,word,生まれつきの，先天的な,生まれつきの，先天的な,exam,3,1,1,,1:597,1
innermost,innermost,word,奥底の，深層の,奥底の，深層の,exam,3,1,1,,1:737,1
innocuous,innocuous,word,無害の,無害の,exam,3,1,1,,1:2102,1
innuendo,innuendo,word,暗示,暗示,exam,3,1,1,,1:2621,1
inoculation,inoculation,word,予防接種,予防接種,exam,3,1,1,,1:1961,1
inquisitive,inquisitive,word,詮索好きの,詮索好きの,exam,3,1,1,,1:4055,1
insatiable,insatiable,word,強欲な，貪欲な,強欲な，貪欲な,exam,3,1,1,,1:1520,1
inscribe,inscribe,word,刻む，彫る,刻む，彫る,exam,3,1,1,,1:1458,1
inscrutable,inscrutable,word,不可解な,不可解な,exam,3,1,1,,1:3620,1
insecticide,insecticide,word,殺虫剤,殺虫剤,exam,3,1,1,,1:2363,1
insidious,insidious,word,陰湿な，卑劣な,陰湿な，卑劣な,exam,3,1,1,,1:1441,1
insinuate,insinuate,word,ほのめかす，示唆する,ほのめかす，示唆する,exam,3,1,1,,1:630,1
insipid,insipid,word,味のない,味のない,exam,3,1,1,,1:2767,1
insofar,insofar,word,その範囲で，その限りで,その範囲で，その限りで,exam,3,1,1,,1:1545,1
insolent,insolent,word,横柄な,横柄な,exam,3,1,1,,1:2781,1
insolvent,insolvent,word,支払い不能の,支払い不能の,exam,3,1,1,,1:2302,1
insomnia,insomnia,word,不眠症,不眠症,exam,3,1,1,,1:2420,1
instructive,instructive,word,有益な，教育的な,有益な，教育的な,exam,3,1,1,,1:186,1
insufferable,insufferable,word,我慢できない,我慢できない,exam,3,1,1,,1:3794,1
insulate,insulate,word,絶縁する,絶縁する,exam,3,1,1,,1:2208,1
insurgency,insurgency,word,反乱，反乱軍,反乱，反乱軍,exam,3,1,1,,1:1245,1
insurgent,insurgent,word,暴動を起こした，乱れた,暴動を起こした，乱れた,exam,3,1,1,,1:1605,1
insurmountable,insurmountable,word,乗り越えられない,乗り越えられない,exam,3,1,1,,1:3044,1
insurrection,insurrection,word,暴動,暴動,exam,3,1,1,,1:1948,1
intently,intently,word,熱心に,熱心に,exam,3,1,1,,1:2221,1
inter,inter,word,埋葬する，埋める,埋葬する，埋める,exam,3,1,1,,1:675,1
interdisciplinary,interdisciplinary,word,学際的な，多分野の,学際的な，多分野の,exam,3,1,1,,1:1323,1
interlude,interlude,word,間奏,間奏,exam,3,1,1,,1:2433,1
intermediary,intermediary,word,仲介の，調停の,仲介の，調停の,exam,3,1,1,,1:876,1
interminable,interminable,word,果てしない,果てしない,exam,3,1,1,,1:2770,1
intermittent,intermittent,word,間欠的な，断続の,間欠的な，断続の,exam,3,1,1,,1:3070,1
interpretive,interpretive,word,解釈の,解釈の,exam,3,1,1,,1:2022,1
interstellar,interstellar,word,星間の,星間の,exam,3,1,1,,1:3721,1
intertwine,intertwine,word,絡み合わせる,絡み合わせる,exam,3,1,1,,1:2297,1
intestinal,intestinal,word,腸の，腸管の,腸の，腸管の,exam,3,1,1,,1:1380,1
intestine,intestine,word,腸，腸管，はらわた,腸，腸管，はらわた,exam,3,1,1,,1:1897,1
intimately,intimately,word,親密に，密接に,親密に，密接に,exam,3,1,1,,1:1495,1
intimidation,intimidation,word,脅迫，威嚇,脅迫，威嚇,exam,3,1,1,,1:423,1
intolerance,intolerance,word,不寛容，偏見,不寛容，偏見,exam,3,1,1,,1:1197,1
intractable,intractable,word,手に負えない，コントロールできない,手に負えない，コントロールできない,exam,3,1,1,,1:1270,1
intravenous,intravenous,word,静脈内の，静脈の範囲内で,静脈内の，静脈の範囲内で,exam,3,1,1,,1:2231,1
intrepid,intrepid,word,勇敢な,勇敢な,exam,3,1,1,,1:2155,1
introspection,introspection,word,内省,内省,exam,3,1,1,,1:2543,1
introspective,introspective,word,内省的な，反省的な,内省的な，反省的な,exam,3,1,1,,1:1342,1
intrude,intrude,word,侵入する，侵害する,侵入する，侵害する,exam,3,1,1,,1:1528,1
intrusive,intrusive,word,煩わしい,煩わしい,exam,3,1,1,,1:2860,1
inundate,inundate,word,水浸しにする，水没させる,水浸しにする，水没させる,exam,3,1,1,,1:1414,1
invader,invader,word,侵略者，侵入者,侵略者，侵入者,exam,3,1,1,,1:970,1
invaluable,invaluable,word,貴重な，価値のある,貴重な，価値のある,exam,3,1,1,,1:475,1
inveterate,inveterate,word,常習的な,常習的な,exam,3,1,1,,1:3932,1
invigorate,invigorate,word,活気づける，元気づける,活気づける，元気づける,exam,3,1,1,,1:4086,1
invincible,invincible,word,無敵の，無敵な,無敵の，無敵な,exam,3,1,1,,1:756,1
irate,irate,word,怒った，怒る,怒った，怒る,exam,3,1,1,,1:1467,1
iris,iris,word,虹彩,虹彩,exam,3,1,1,,1:2737,1
irk,irk,word,いらいらさせる,いらいらさせる,exam,3,1,1,,1:3269,1
irksome,irksome,word,退屈な,退屈な,exam,3,1,1,,1:3855,1
irrepressible,irrepressible,word,抑えきれない,抑えきれない,exam,3,1,1,,1:3638,1
isotope,isotope,word,同位元素,同位元素,exam,3,1,1,,1:3807,1
iteration,iteration,word,反復，繰り返し,反復，繰り返し,exam,3,1,1,,1:1756,1
jab,jab,word,突き刺す，突き立てる,突き刺す，突き立てる,exam,3,1,1,,1:788,1
jagged,jagged,word,角立った,角立った,exam,3,1,1,,1:2192,1
jargon,jargon,word,専門用語，隠語,専門用語，隠語,exam,3,1,1,,1:4155,1
javelin,javelin,word,投げやり,投げやり,exam,3,1,1,,1:2313,1
jeer,jeer,word,冷やかす,冷やかす,exam,3,1,1,,1:2117,1
jeJune,jejune,word,子供っぽい，稚拙な,子供っぽい，稚拙な,exam,3,1,1,,1:4255,1
jeopardy,jeopardy,word,危機，窮地,危機，窮地,exam,3,1,1,,1:1151,1
jettison,jettison,word,放棄，断念,放棄，断念,exam,3,1,1,,1:1853,1
jihad,jihad,word,聖戦，宗教的な戦争,聖戦，宗教的な戦争,exam,3,1,1,,1:1099,1
jilt,jilt,word,恋人を見捨てる，突然別れる,恋人を見捨てる，突然別れる,exam,3,1,1,,1:846,1
jingle,jingle,word,リンリン鳴らす,リンリン鳴らす,exam,3,1,1,,1:3287,1
jocose,jocose,word,ふざけた，冗談めいた,ふざけた，冗談めいた,exam,3,1,1,,1:4129,1
jocular,jocular,word,冗談好きな，陽気な,冗談好きな，陽気な,exam,3,1,1,,1:4223,1
jostle,jostle,word,押し合う,押し合う,exam,3,1,1,,1:2065,1
jubilant,jubilant,word,歓喜に満ちた，大喜びの,歓喜に満ちた，大喜びの,exam,3,1,1,,1:4076,1
jubilee,jubilee,word,記念祭,記念祭,exam,3,1,1,,1:2622,1
jug,jug,word,水差し，じょうろ,水差し，じょうろ,exam,3,1,1,,1:1196,1
juggernaut,juggernaut,word,押し寄せる大勢力，圧倒的な力,押し寄せる大勢力，圧倒的な力,exam,3,1,1,,1:4167,1
jut,jut,word,突き出す，突出する,突き出す，突出する,exam,3,1,1,,1:2105,1
juxtapose,juxtapose,word,並置する，並べる,並置する，並べる,exam,3,1,1,,1:4065,1
juxtaposition,juxtaposition,word,並置，並列,並置，並列,exam,3,1,1,,1:3853,1
kerosene,kerosene,word,灯油,灯油,exam,3,1,1,,1:3738,1
kiln,kiln,word,窯,窯,exam,3,1,1,,1:3695,1
kindle,kindle,word,着火する，興奮させる,着火する，興奮させる,exam,3,1,1,,1:4209,1
kindred,kindred,word,親族，家族,親族，家族,exam,3,1,1,,1:3595,1
kinetic,kinetic,word,運動の,運動の,exam,3,1,1,,1:2873,1
kiosk,kiosk,word,売店,売店,exam,3,1,1,,1:3789,1
kitty,kitty,word,子猫,子猫,exam,3,1,1,,1:3758,1
knack,knack,word,こつ，要領,こつ，要領,exam,3,1,1,,1:1821,1
knave,knave,word,悪党，いたずら者,悪党，いたずら者,exam,3,1,1,,1:4082,1
knell,knell,word,鐘の音,鐘の音,exam,3,1,1,,1:3913,1
knoll,knoll,word,小丘，小山,小丘，小山,exam,3,1,1,,1:4097,1
kudos,kudos,word,称賛,称賛,exam,3,1,1,,1:2322,1
labyrinthine,labyrinthine,word,迷路のような，複雑な,迷路のような，複雑な,exam,3,1,1,,1:4217,1
lackadaisical,lackadaisical,word,元気のない，無気力な,元気のない，無気力な,exam,3,1,1,,1:4196,1
lackluster,lackluster,word,無気力な，平凡な,無気力な，平凡な,exam,3,1,1,,1:4071,1
laconic,laconic,word,簡潔な，寡黙な,簡潔な，寡黙な,exam,3,1,1,,1:4168,1
lag,lag,word,遅れる，遅延する,遅れる，遅延する,exam,3,1,1,,1:604,1
lagoon,lagoon,word,環礁,環礁,exam,3,1,1,,1:2623,1
lair,lair,word,隠れ家,隠れ家,exam,3,1,1,,1:2719,1
laity,laity,word,信徒たち,信徒たち,exam,3,1,1,,1:3669,1
lamentable,lamentable,word,哀れな，悲しい,哀れな，悲しい,exam,3,1,1,,1:642,1
languid,languid,word,だるい,だるい,exam,3,1,1,,1:2998,1
languish,languish,word,弱る，衰える,弱る，衰える,exam,3,1,1,,1:855,1
larva,larva,word,幼虫，子虫,幼虫，子虫,exam,3,1,1,,1:1199,1
latent,latent,word,潜在している，隠れている,潜在している，隠れている,exam,3,1,1,,1:1313,1
lateral,lateral,word,側面の,側面の,exam,3,1,1,,1:2838,1
lathe,lathe,word,旋盤,旋盤,exam,3,1,1,,1:2531,1
lattice,lattice,word,格子,格子,exam,3,1,1,,1:3720,1
laud,laud,word,称賛する，賞賛する,称賛する，賞賛する,exam,3,1,1,,1:1279,1
laudable,laudable,word,称賛に値する,称賛に値する,exam,3,1,1,,1:2126,1
laughable,laughable,word,失笑を買った，笑われた,失笑を買った，笑われた,exam,3,1,1,,1:691,1
launder,launder,word,洗濯する，洗う,洗濯する，洗う,exam,3,1,1,,1:607,1
laureate,laureate,word,受賞者，授賞者,受賞者，授賞者,exam,3,1,1,,1:1100,1
lava,lava,word,溶岩，マグマ,溶岩，マグマ,exam,3,1,1,,1:503,1
lavish,lavish,word,気前の良い，寛大な,気前の良い，寛大な,exam,3,1,1,,1:1515,1
lax,lax,word,手ぬるい,手ぬるい,exam,3,1,1,,1:2037,1
leach,leach,word,ろ過する，濾す,ろ過する，濾す,exam,3,1,1,,1:1589,1
leaden,leaden,word,鉛の,鉛の,exam,3,1,1,,1:3762,1
leash,leash,word,ひも，くさり,ひも，くさり,exam,3,1,1,,1:1207,1
ledger,ledger,word,原簿,原簿,exam,3,1,1,,1:2655,1
leer,leer,word,横目，流し目,横目，流し目,exam,3,1,1,,1:3582,1
leeway,leeway,word,進路のずれ,進路のずれ,exam,3,1,1,,1:3608,1
legitimize,legitimize,word,正当化する,正当化する,exam,3,1,1,,1:3229,1
lenient,lenient,word,寛大な，寛容な,寛大な，寛容な,exam,3,1,1,,1:3628,1
lesion,lesion,word,傷害,傷害,exam,3,1,1,,1:2721,1
lethargic,lethargic,word,無気力な,無気力な,exam,3,1,1,,1:3109,1
leukemia,leukemia,word,白血病，血液のがん，白血球症,白血病，血液のがん，白血球症,exam,3,1,1,,1:1633,1
levee,levee,word,堤防，水害防止のための壁，防波堤,堤防，水害防止のための壁，防波堤,exam,3,1,1,,1:1681,1
levity,levity,word,軽率，軽薄さ,軽率，軽薄さ,exam,3,1,1,,1:498,1
lewd,lewd,word,淫らな,淫らな,exam,3,1,1,,1:2119,1
lexicon,lexicon,word,語彙，言葉の集まり，単語群,語彙，言葉の集まり，単語群,exam,3,1,1,,1:1642,1
liaison,liaison,word,連絡，連携係,連絡，連携係,exam,3,1,1,,1:496,1
libel,libel,word,名誉毀損，中傷,名誉毀損，中傷,exam,3,1,1,,1:967,1
ligament,ligament,word,靱帯,靱帯,exam,3,1,1,,1:2698,1
lighthouse,lighthouse,word,灯台，燈台,灯台，燈台,exam,3,1,1,,1:974,1
liken,liken,word,例える，比較する,例える，比較する,exam,3,1,1,,1:662,1
lilt,lilt,word,軽快なリズム，メロディ,軽快なリズム，メロディ,exam,3,1,1,,1:4232,1
lineage,lineage,word,系統，体系，系列,系統，体系，系列,exam,3,1,1,,1:1921,1
lisp,lisp,word,舌足らずに発音する,舌足らずに発音する,exam,3,1,1,,1:2157,1
lithe,lithe,word,しなやかな,しなやかな,exam,3,1,1,,1:3625,1
litigant,litigant,word,係争中の,係争中の,exam,3,1,1,,1:3040,1
litigate,litigate,word,訴訟する，裁判にかける,訴訟する，裁判にかける,exam,3,1,1,,1:4087,1
litigation,litigation,word,訴訟,訴訟,exam,3,1,1,,1:1938,1
liturgy,liturgy,word,典礼，儀式，式典,典礼，儀式，式典,exam,3,1,1,,1:1899,1
loathe,loathe,word,嫌う，嫌悪する,嫌う，嫌悪する,exam,3,1,1,,1:676,1
lobe,lobe,word,耳たぶ，耳垂，耳たぼ,耳たぶ，耳垂，耳たぼ,exam,3,1,1,,1:1793,1
locale,locale,word,現場,現場,exam,3,1,1,,1:1946,1
locomotive,locomotive,word,機関車,機関車,exam,3,1,1,,1:3640,1
locus,locus,word,座標，位置情報,座標，位置情報,exam,3,1,1,,1:927,1
lofty,lofty,word,高尚な，高潔な,高尚な，高潔な,exam,3,1,1,,1:1303,1
logistics,logistics,word,調達路，供給路,調達路，供給路,exam,3,1,1,,1:307,1
loiter,loiter,word,ぶらぶら歩く,ぶらぶら歩く,exam,3,1,1,,1:3356,1
longitude,longitude,word,経度,経度,exam,3,1,1,,1:2362,1
lookout,lookout,word,警戒，眺望,警戒，眺望,exam,3,1,1,,1:1169,1
loom,loom,word,ぼんやり現れる，織機，霧の中に,ぼんやり現れる，織機，霧の中に,exam,3,1,1,,1:1538,1
loose,loose,word,緩い，緩んだ,緩い，緩んだ,exam,3,1,1,,1:651,1
loot,loot,word,戦利品，略奪物,戦利品，略奪物,exam,3,1,1,,1:1503,1
loquacious,loquacious,word,おしゃべりな，多弁な,おしゃべりな，多弁な,exam,3,1,1,,1:4104,1
lore,lore,word,伝承，口頭や文書で伝えられる習慣や話，口承,伝承，口頭や文書で伝えられる習慣や話，口承,exam,3,1,1,,1:1671,1
lousy,lousy,word,ひどい，悪い,ひどい，悪い,exam,3,1,1,,1:680,1
lubricate,lubricate,word,潤滑させる,潤滑させる,exam,3,1,1,,1:2052,1
lucid,lucid,word,明快な,明快な,exam,3,1,1,,1:2852,1
ludicrous,ludicrous,word,ばかげた,ばかげた,exam,3,1,1,,1:2229,1
lug,lug,word,力を込めて引く,力を込めて引く,exam,3,1,1,,1:3165,1
lunatic,lunatic,word,精神異常者,精神異常者,exam,3,1,1,,1:1942,1
luncheon,luncheon,word,昼食，正午頃に食べる食事,昼食，正午頃に食べる食事,exam,3,1,1,,1:1651,1
lunge,lunge,word,突進，急進,突進，急進,exam,3,1,1,,1:1525,1
lurch,lurch,word,よろめき，ふらつき,よろめき，ふらつき,exam,3,1,1,,1:1565,1
lurid,lurid,word,赤く輝いた，毒々しい,赤く輝いた，毒々しい,exam,3,1,1,,1:2293,1
lush,lush,word,青々とした，生い茂った，新緑の,青々とした，生い茂った，新緑の,exam,3,1,1,,1:1442,1
luster,luster,word,光沢，艶，輝き,光沢，艶，輝き,exam,3,1,1,,1:1706,1
lusty,lusty,word,元気な,元気な,exam,3,1,1,,1:2942,1
luxurious,luxurious,word,豪華な，贅沢な,豪華な，贅沢な,exam,3,1,1,,1:1417,1
macabre,macabre,word,恐ろしい，気味の悪い,恐ろしい，気味の悪い,exam,3,1,1,,1:4249,1
maelstrom,maelstrom,word,大渦，混沌,大渦，混沌,exam,3,1,1,,1:4244,1
magistrate,magistrate,word,行政長官，行政官,行政長官，行政官,exam,3,1,1,,1:1159,1
magnanimous,magnanimous,word,寛大な,寛大な,exam,3,1,1,,1:3847,1
magnate,magnate,word,有力者,有力者,exam,3,1,1,,1:2742,1
majestic,majestic,word,雄大な,雄大な,exam,3,1,1,,1:2013,1
makeshift,makeshift,word,その場しのぎの，仮の,その場しのぎの，仮の,exam,3,1,1,,1:1337,1
malady,malady,word,病気,病気,exam,3,1,1,,1:2586,1
malaise,malaise,word,不快感，違和感,不快感，違和感,exam,3,1,1,,1:897,1
malevolent,malevolent,word,悪意のある，意地悪な,悪意のある，意地悪な,exam,3,1,1,,1:2883,1
malign,malign,word,有害な，有毒な,有害な，有毒な,exam,3,1,1,,1:1501,1
malignant,malignant,word,悪意のある，悪意を持った,悪意のある，悪意を持った,exam,3,1,1,,1:470,1
malleable,malleable,word,可鍛性の，柔軟な,可鍛性の，柔軟な,exam,3,1,1,,1:4119,1
malpractice,malpractice,word,不正行為,不正行為,exam,3,1,1,,1:1955,1
manageable,manageable,word,扱いやすい,扱いやすい,exam,3,1,1,,1:2268,1
mandatory,mandatory,word,強制的な，強制力のある,強制的な，強制力のある,exam,3,1,1,,1:311,1
mane,mane,word,たてがみ,たてがみ,exam,3,1,1,,1:2320,1
manic,manic,word,躁病の,躁病の,exam,3,1,1,,1:3974,1
manifest,manifest,word,明白な,明白な,exam,3,1,1,,1:2175,1
manifesto,manifesto,word,宣言書，声明書,宣言書，声明書,exam,3,1,1,,1:1944,1
manipulator,manipulator,word,操縦者,操縦者,exam,3,1,1,,1:2597,1
manslaughter,manslaughter,word,過失致死,過失致死,exam,3,1,1,,1:1947,1
manure,manure,word,肥料，施肥物,肥料，施肥物,exam,3,1,1,,1:1865,1
maritime,maritime,word,海事の，海洋に関する,海事の，海洋に関する,exam,3,1,1,,1:558,1
markedly,markedly,word,著しく,著しく,exam,3,1,1,,1:2114,1
marquee,marquee,word,テント，ひさし,テント，ひさし,exam,3,1,1,,1:3944,1
marrow,marrow,word,骨髄，髄,骨髄，髄,exam,3,1,1,,1:933,1
martian,martian,word,火星の，火星に関する,火星の，火星に関する,exam,3,1,1,,1:1504,1
masculinity,masculinity,word,男らしさ，男性らしさ,男らしさ，男性らしさ,exam,3,1,1,,1:978,1
mashed,mashed,word,つぶした,つぶした,exam,3,1,1,,1:2204,1
mason,mason,word,石工，石匠,石工，石匠,exam,3,1,1,,1:1028,1
materialism,materialism,word,唯物論,唯物論,exam,3,1,1,,1:4034,1
matrimony,matrimony,word,結婚,結婚,exam,3,1,1,,1:2747,1
matron,matron,word,既婚の人，既婚の女性,既婚の人，既婚の女性,exam,3,1,1,,1:2752,1
maverick,maverick,word,異端者，外道,異端者，外道,exam,3,1,1,,1:1005,1
mawkish,mawkish,word,感傷的な，過剰に感動する,感傷的な，過剰に感動する,exam,3,1,1,,1:4147,1
mayhem,mayhem,word,大混乱，身体傷害,大混乱，身体傷害,exam,3,1,1,,1:3753,1
meander,meander,word,蛇行する，曲がりくねる,蛇行する，曲がりくねる,exam,3,1,1,,1:1415,1
measles,measles,word,麻疹，発疹，斑疹,麻疹，発疹，斑疹,exam,3,1,1,,1:1915,1
meddle,meddle,word,お節介を焼く,お節介を焼く,exam,3,1,1,,1:3168,1
membrane,membrane,word,膜,膜,exam,3,1,1,,1:3966,1
memorabilia,memorabilia,word,記憶に値する事柄,記憶に値する事柄,exam,3,1,1,,1:3711,1
mendacious,mendacious,word,嘘つきの，不誠実な,嘘つきの，不誠実な,exam,3,1,1,,1:4198,1
menial,menial,word,くだらない,くだらない,exam,3,1,1,,1:3775,1
menopause,menopause,word,閉経，更年期，停止,閉経，更年期，停止,exam,3,1,1,,1:1935,1
mentally,mentally,word,精神的に，心理的に,精神的に，心理的に,exam,3,1,1,,1:362,1
mercenary,mercenary,word,金目当ての,金目当ての,exam,3,1,1,,1:3869,1
merriment,merriment,word,陽気な騒ぎ,陽気な騒ぎ,exam,3,1,1,,1:2332,1
mesmerize,mesmerize,word,魅了する,魅了する,exam,3,1,1,,1:3380,1
metabolism,metabolism,word,代謝，生体の化学反応,代謝，生体の化学反応,exam,3,1,1,,1:188,1
meteor,meteor,word,流星，流れ星,流星，流れ星,exam,3,1,1,,1:1229,1
meticulous,meticulous,word,細心の，慎重な,細心の，慎重な,exam,3,1,1,,1:720,1
meticulously,meticulously,word,細心の注意を払って,細心の注意を払って,exam,3,1,1,,1:3983,1
microbial,microbial,word,微生物の，細菌の,微生物の，細菌の,exam,3,1,1,,1:199,1
midwife,midwife,word,助産婦，産婆,助産婦，産婆,exam,3,1,1,,1:386,1
migraine,migraine,word,偏頭痛,偏頭痛,exam,3,1,1,,1:2613,1
milieu,milieu,word,環境，周りの状況,環境，周りの状況,exam,3,1,1,,1:1040,1
militantly,militantly,word,好戦的に,好戦的に,exam,3,1,1,,1:3763,1
mince,mince,word,刻む，細かく切る,刻む，細かく切る,exam,3,1,1,,1:799,1
minimal,minimal,word,最小限の，最低限の,最小限の，最低限の,exam,3,1,1,,1:159,1
minion,minion,word,子分,子分,exam,3,1,1,,1:3730,1
mint,mint,word,造幣局，貨幣製造,造幣局，貨幣製造,exam,3,1,1,,1:3713,1
mirage,mirage,word,蜃気楼，海市,蜃気楼，海市,exam,3,1,1,,1:1070,1
mire,mire,word,湿原,湿原,exam,3,1,1,,1:4023,1
mirth,mirth,word,陽気,陽気,exam,3,1,1,,1:3805,1
miscarriage,miscarriage,word,失敗，流産,失敗，流産,exam,3,1,1,,1:1917,1
misgiving,misgiving,word,懸念，心配,懸念，心配,exam,3,1,1,,1:1006,1
mitigate,mitigate,word,和らげる，柔らかくする,和らげる，柔らかくする,exam,3,1,1,,1:810,1
mitigation,mitigation,word,緩和，和らげる,緩和，和らげる,exam,3,1,1,,1:1888,1
moat,moat,word,堀,堀,exam,3,1,1,,1:3823,1
mockery,mockery,word,嘲り,嘲り,exam,3,1,1,,1:3816,1
modality,modality,word,法性,法性,exam,3,1,1,,1:3975,1
moderation,moderation,word,節度，節制,節度，節制,exam,3,1,1,,1:1222,1
modulate,modulate,word,調整する，微調整する，整合する,調整する，微調整する，整合する,exam,3,1,1,,1:339,1
molecular,molecular,word,分子の，微小な,分子の，微小な,exam,3,1,1,,1:712,1
molest,molest,word,悩ます，困らせる,悩ます，困らせる,exam,3,1,1,,1:556,1
molten,molten,word,溶けた,溶けた,exam,3,1,1,,1:3994,1
momentarily,momentarily,word,瞬時に，一瞬で,瞬時に，一瞬で,exam,3,1,1,,1:1537,1
momentous,momentous,word,重大な，深刻な,重大な，深刻な,exam,3,1,1,,1:576,1
monastic,monastic,word,修道院の,修道院の,exam,3,1,1,,1:3699,1
moniker,moniker,word,名前，あだ名,名前，あだ名,exam,3,1,1,,1:3833,1
monoxide,monoxide,word,一酸化物,一酸化物,exam,3,1,1,,1:3819,1
montage,montage,word,合成写真,合成写真,exam,3,1,1,,1:3946,1
moot,moot,word,議論する,議論する,exam,3,1,1,,1:2178,1
moratorium,moratorium,word,猶予,猶予,exam,3,1,1,,1:2661,1
morbid,morbid,word,病的な，病気の,病的な，病気の,exam,3,1,1,,1:257,1
morgue,morgue,word,遺体安置所，遺体保管所,遺体安置所，遺体保管所,exam,3,1,1,,1:1889,1
moribund,moribund,word,瀕死の,瀕死の,exam,3,1,1,,1:2228,1
morose,morose,word,不機嫌な,不機嫌な,exam,3,1,1,,1:3890,1
morsel,morsel,word,一口,一口,exam,3,1,1,,1:3862,1
mortify,mortify,word,悔しがらせる，抑制する，嫌がらせる,悔しがらせる，抑制する，嫌がらせる,exam,3,1,1,,1:1530,1
mortuary,mortuary,word,遺体,遺体,exam,3,1,1,,1:2345,1
moss,moss,word,苔，藻類，苔の塊,苔，藻類，苔の塊,exam,3,1,1,,1:1630,1
moth,moth,word,蛾，衣蛾,蛾，衣蛾,exam,3,1,1,,1:1154,1
motley,motley,word,雑多な，多様な,雑多な，多様な,exam,3,1,1,,1:1523,1
mounting,mounting,word,取り付け，取り付けること,取り付け，取り付けること,exam,3,1,1,,1:1177,1
mourning,mourning,word,喪中，服喪中,喪中，服喪中,exam,3,1,1,,1:1055,1
mower,mower,word,芝刈り機，草刈り機,芝刈り機，草刈り機,exam,3,1,1,,1:1754,1
muck,muck,word,肥やし,肥やし,exam,3,1,1,,1:2359,1
muffle,muffle,word,包む,包む,exam,3,1,1,,1:1988,1
muffled,muffled,word,音を殺した,音を殺した,exam,3,1,1,,1:3822,1
mulch,mulch,word,根覆い,根覆い,exam,3,1,1,,1:2582,1
mull,mull,word,良く考える，砂糖を入れて温める,良く考える，砂糖を入れて温める,exam,3,1,1,,1:731,1
multinational,multinational,word,多国籍の，複数の国籍からなる,多国籍の，複数の国籍からなる,exam,3,1,1,,1:195,1
mumps,mumps,word,おたふく風邪,おたふく風邪,exam,3,1,1,,1:3768,1
munch,munch,word,むしゃむしゃ食べる,むしゃむしゃ食べる,exam,3,1,1,,1:2211,1
municipality,municipality,word,自治体,自治体,exam,3,1,1,,1:2657,1
murky,murky,word,陰気な，暗い,陰気な，暗い,exam,3,1,1,,1:1273,1
muse,muse,word,深く考える，熟考する,深く考える，熟考する,exam,3,1,1,,1:816,1
mutilate,mutilate,word,切断する,切断する,exam,3,1,1,,1:3322,1
mutiny,mutiny,word,反乱,反乱,exam,3,1,1,,1:2625,1
muzzle,muzzle,word,鼻口部,鼻口部,exam,3,1,1,,1:2743,1
mystic,mystic,word,神秘的な，不可解な,神秘的な，不可解な,exam,3,1,1,,1:749,1
nag,nag,word,小言を言う,小言を言う,exam,3,1,1,,1:3411,1
narcissistic,narcissistic,word,自己愛的な，自己中心的,自己愛的な，自己中心的,exam,3,1,1,,1:4178,1
nasal,nasal,word,鼻の，鼻関連の,鼻の，鼻関連の,exam,3,1,1,,1:704,1
nascent,nascent,word,初期の,初期の,exam,3,1,1,,1:3656,1
naught,naught,word,無価値,無価値,exam,3,1,1,,1:2404,1
nebula,nebula,word,星雲，霧のような,星雲，霧のような,exam,3,1,1,,1:4137,1
nebulous,nebulous,word,漠然とした,漠然とした,exam,3,1,1,,1:4006,1
nefarious,nefarious,word,邪悪な，極悪な,邪悪な，極悪な,exam,3,1,1,,1:4074,1
negate,negate,word,無効にする，取り消す,無効にする，取り消す,exam,3,1,1,,1:1271,1
negligence,negligence,word,怠慢，怠ける，やる気がない,怠慢，怠ける，やる気がない,exam,3,1,1,,1:1637,1
neophyte,neophyte,word,初心者，新参者,初心者，新参者,exam,3,1,1,,1:4105,1
nepotism,nepotism,word,縁故主義,縁故主義,exam,3,1,1,,1:3967,1
nestle,nestle,word,寄り添う，側にいる,寄り添う，側にいる,exam,3,1,1,,1:682,1
neural,neural,word,神経の，神経系の,神経の，神経系の,exam,3,1,1,,1:1402,1
neurosis,neurosis,word,神経症,神経症,exam,3,1,1,,1:2501,1
neurotic,neurotic,word,神経症の，神経質な,神経症の，神経質な,exam,3,1,1,,1:687,1
neutron,neutron,word,中性子，原子核の一部,中性子，原子核の一部,exam,3,1,1,,1:947,1
nibble,nibble,word,少しずつ食べる，つまむ，少量ずつ摂取する,少しずつ食べる，つまむ，少量ずつ摂取する,exam,3,1,1,,1:1539,1
nightly,nightly,word,夜間の，夜の,夜間の，夜の,exam,3,1,1,,1:1560,1
nil,nil,word,無,無,exam,3,1,1,,1:3646,1
nimble,nimble,word,機敏な，敏捷な,機敏な，敏捷な,exam,3,1,1,,1:1449,1
nitrogen,nitrogen,word,窒素，化学元素,窒素，化学元素,exam,3,1,1,,1:180,1
nocturnal,nocturnal,word,夜行性の,夜行性の,exam,3,1,1,,1:3693,1
node,node,word,節,節,exam,3,1,1,,1:2577,1
nomad,nomad,word,遊牧民,遊牧民,exam,3,1,1,,1:2594,1
nomadic,nomadic,word,遊牧の，移動する,遊牧の，移動する,exam,3,1,1,,1:715,1
nonchalant,nonchalant,word,無関心な,無関心な,exam,3,1,1,,1:3001,1
nonpartisan,nonpartisan,word,無所属の,無所属の,exam,3,1,1,,1:2219,1
nook,nook,word,隅，角や端,隅，角や端,exam,3,1,1,,1:1693,1
notoriously,notoriously,word,悪名高く,悪名高く,exam,3,1,1,,1:2080,1
noxious,noxious,word,有害な,有害な,exam,3,1,1,,1:2912,1
nudge,nudge,word,軽くつつく，ちょんと突く,軽くつつく，ちょんと突く,exam,3,1,1,,1:882,1
null,null,word,無効の,無効の,exam,3,1,1,,1:2300,1
nullify,nullify,word,無効にする,無効にする,exam,3,1,1,,1:3268,1
nuptial,nuptial,word,婚礼の,婚礼の,exam,3,1,1,,1:1995,1
nutty,nutty,word,木の実の多い,木の実の多い,exam,3,1,1,,1:3875,1
obdurate,obdurate,word,頑固な,頑固な,exam,3,1,1,,1:3629,1
obese,obese,word,肥満体の,肥満体の,exam,3,1,1,,1:2033,1
obfuscate,obfuscate,word,わかりにくくする，混乱させる,わかりにくくする，混乱させる,exam,3,1,1,,1:4068,1
obituary,obituary,word,死亡記事，訃報，死亡通知,死亡記事，訃報，死亡通知,exam,3,1,1,,1:1905,1
obligate,obligate,word,義務づける，強制する,義務づける，強制する,exam,3,1,1,,1:733,1
oblique,oblique,word,斜めの,斜めの,exam,3,1,1,,1:3058,1
obliterate,obliterate,word,抹消する，消去する，線を引いて消す,抹消する，消去する，線を引いて消す,exam,3,1,1,,1:1407,1
obnoxious,obnoxious,word,不愉快な,不愉快な,exam,3,1,1,,1:1999,1
obscene,obscene,word,卑猥な，下劣な,卑猥な，下劣な,exam,3,1,1,,1:1343,1
obscenity,obscenity,word,わいせつ,わいせつ,exam,3,1,1,,1:1943,1
obsequious,obsequious,word,へつらいの，こびへつらう,へつらいの，こびへつらう,exam,3,1,1,,1:4250,1
obsessive,obsessive,word,強迫観念のある，妄想的な,強迫観念のある，妄想的な,exam,3,1,1,,1:1455,1
obstetrician,obstetrician,word,産科医,産科医,exam,3,1,1,,1:3923,1
obstinate,obstinate,word,頑固な，しつこい,頑固な，しつこい,exam,3,1,1,,1:4089,1
obstreperous,obstreperous,word,騒々しい，手に負えない,騒々しい，手に負えない,exam,3,1,1,,1:4210,1
obtrusive,obtrusive,word,押しつけがましい,押しつけがましい,exam,3,1,1,,1:2798,1
obtuse,obtuse,word,鈍感な，理解が遅い,鈍感な，理解が遅い,exam,3,1,1,,1:4187,1
obviate,obviate,word,取り除く，防ぐ,取り除く，防ぐ,exam,3,1,1,,1:4127,1
offshoot,offshoot,word,支流,支流,exam,3,1,1,,1:2373,1
oftentimes,oftentimes,word,しばしば,しばしば,exam,3,1,1,,1:3518,1
ointment,ointment,word,軟膏,軟膏,exam,3,1,1,,1:2388,1
omen,omen,word,前兆，予兆,前兆，予兆,exam,3,1,1,,1:1871,1
omnipotent,omnipotent,word,全能の,全能の,exam,3,1,1,,1:3035,1
omniscient,omniscient,word,全知の,全知の,exam,3,1,1,,1:2938,1
omnivorous,omnivorous,word,雑食の,雑食の,exam,3,1,1,,1:2870,1
oneness,oneness,word,一体感,一体感,exam,3,1,1,,1:2479,1
onerous,onerous,word,厄介な,厄介な,exam,3,1,1,,1:3056,1
onslaught,onslaught,word,猛攻撃，激しい攻撃,猛攻撃，激しい攻撃,exam,3,1,1,,1:1768,1
onus,onus,word,重荷,重荷,exam,3,1,1,,1:3733,1
ooze,ooze,word,にじみ出る，漏れ出る,にじみ出る，漏れ出る,exam,3,1,1,,1:1546,1
opaque,opaque,word,不透明な，明瞭でない,不透明な，明瞭でない,exam,3,1,1,,1:1434,1
opinionated,opinionated,word,頑固な，意固地な,頑固な，意固地な,exam,3,1,1,,1:2970,1
opportune,opportune,word,好機の，絶好の機会,好機の，絶好の機会,exam,3,1,1,,1:546,1
optic,optic,word,目の，視力の，視覚の,目の，視力の，視覚の,exam,3,1,1,,1:1607,1
optics,optics,word,光学，光の学問,光学，光の学問,exam,3,1,1,,1:1078,1
opulence,opulence,word,富裕，豊かさ,富裕，豊かさ,exam,3,1,1,,1:4115,1
opulent,opulent,word,豊富な,豊富な,exam,3,1,1,,1:3995,1
opus,opus,word,作品，制作物,作品，制作物,exam,3,1,1,,1:985,1
oracle,oracle,word,神のお告げ，神託,神のお告げ，神託,exam,3,1,1,,1:1084,1
orator,orator,word,講演者,講演者,exam,3,1,1,,1:2604,1
orbital,orbital,word,軌道の，軌道に関する,軌道の，軌道に関する,exam,3,1,1,,1:1328,1
ordinance,ordinance,word,条例，地方自治体が制定する法律，法令,条例，地方自治体が制定する法律，法令,exam,3,1,1,,1:1631,1
ornate,ornate,word,華やかな，豪華な,華やかな，豪華な,exam,3,1,1,,1:554,1
orphanage,orphanage,word,孤児院，孤児の家,孤児院，孤児の家,exam,3,1,1,,1:1106,1
oscillate,oscillate,word,振動する,振動する,exam,3,1,1,,1:2257,1
oscillation,oscillation,word,発振,発振,exam,3,1,1,,1:3900,1
ostensible,ostensible,word,表向きの,表向きの,exam,3,1,1,,1:2923,1
ostensibly,ostensibly,word,表向きは，外面的に,表向きは，外面的に,exam,3,1,1,,1:1453,1
ostentatious,ostentatious,word,派手な,派手な,exam,3,1,1,,1:2888,1
osteoporosis,osteoporosis,word,骨粗鬆症,骨粗鬆症,exam,3,1,1,,1:2449,1
ostracism,ostracism,word,排斥,排斥,exam,3,1,1,,1:2441,1
oust,oust,word,追い払う，追い出す,追い払う，追い出す,exam,3,1,1,,1:723,1
outage,outage,word,停電，電力断,停電，電力断,exam,3,1,1,,1:1120,1
outlay,outlay,word,支出,支出,exam,3,1,1,,1:2314,1
outpatient,outpatient,word,外来患者,外来患者,exam,3,1,1,,1:1957,1
outspoken,outspoken,word,率直な,率直な,exam,3,1,1,,1:2136,1
outstrip,outstrip,word,追い越す，先行する,追い越す，先行する,exam,3,1,1,,1:1393,1
outwit,outwit,word,出し抜く,出し抜く,exam,3,1,1,,1:2071,1
ovary,ovary,word,卵巣,卵巣,exam,3,1,1,,1:2375,1
ovation,ovation,word,熱烈な歓迎，熱心な歓迎,熱烈な歓迎，熱心な歓迎,exam,3,1,1,,1:1096,1
overblown,overblown,word,誇張された，過大評価された,誇張された，過大評価された,exam,3,1,1,,1:1358,1
overdose,overdose,word,過剰摂取，過食,過剰摂取，過食,exam,3,1,1,,1:1772,1
overshadow,overshadow,word,暗くする，暗にする,暗くする，暗にする,exam,3,1,1,,1:1561,1
overtly,overtly,word,あからさまに,あからさまに,exam,3,1,1,,1:3701,1
overture,overture,word,序曲，前奏曲,序曲，前奏曲,exam,3,1,1,,1:1009,1
oxide,oxide,word,酸化物，酸と反応した物質，酸化化合物,酸化物，酸と反応した物質，酸化化合物,exam,3,1,1,,1:1634,1
pacify,pacify,word,なだめる,なだめる,exam,3,1,1,,1:2166,1
padlock,padlock,word,南京錠,南京錠,exam,3,1,1,,1:3951,1
pagan,pagan,word,異教の,異教の,exam,3,1,1,,1:2854,1
palatable,palatable,word,美味しい,美味しい,exam,3,1,1,,1:1970,1
palliate,palliate,word,緩和する，軽減する,緩和する，軽減する,exam,3,1,1,,1:4245,1
palliative,palliative,word,緩和的な,緩和的な,exam,3,1,1,,1:3882,1
pallid,pallid,word,蒼白な,蒼白な,exam,3,1,1,,1:4051,1
palpable,palpable,word,さわれる,さわれる,exam,3,1,1,,1:1987,1
palpitate,palpitate,word,動悸する，鼓動する,動悸する，鼓動する,exam,3,1,1,,1:4218,1
paltry,paltry,word,取るに足らない，価値のない,取るに足らない，価値のない,exam,3,1,1,,1:4233,1
pamper,pamper,word,甘やかす，ひねくれる,甘やかす，ひねくれる,exam,3,1,1,,1:1842,1
panacea,panacea,word,万能薬,万能薬,exam,3,1,1,,1:2685,1
pancreatic,pancreatic,word,膵臓の,膵臓の,exam,3,1,1,,1:3590,1
pantry,pantry,word,食料品室，食品庫,食料品室，食品庫,exam,3,1,1,,1:1075,1
paradigm,paradigm,word,規範,規範,exam,3,1,1,,1:3820,1
paralysis,paralysis,word,麻痺，感覚，動きの喪失,麻痺，感覚，動きの喪失,exam,3,1,1,,1:1685,1
paramedic,paramedic,word,救急救命士，救命士,救急救命士，救命士,exam,3,1,1,,1:1186,1
paramount,paramount,word,最高の，最重要の,最高の，最重要の,exam,3,1,1,,1:169,1
paranoia,paranoia,word,妄想症，幻想症,妄想症，幻想症,exam,3,1,1,,1:410,1
parchment,parchment,word,羊皮紙,羊皮紙,exam,3,1,1,,1:2350,1
parity,parity,word,同等，等価，相当,同等，等価，相当,exam,3,1,1,,1:1804,1
parochial,parochial,word,狭い,狭い,exam,3,1,1,,1:3956,1
parsimonious,parsimonious,word,けちな，吝嗇な,けちな，吝嗇な,exam,3,1,1,,1:4170,1
parson,parson,word,牧師,牧師,exam,3,1,1,,1:2584,1
passbook,passbook,word,通帳,通帳,exam,3,1,1,,1:4049,1
paste,paste,word,のり，接着剤,のり，接着剤,exam,3,1,1,,1:1251,1
pastoral,pastoral,word,羊飼いの，牧羊人の,羊飼いの，牧羊人の,exam,3,1,1,,1:606,1
pathological,pathological,word,病理学の,病理学の,exam,3,1,1,,1:3988,1
pathology,pathology,word,病理学，疾病学,病理学，疾病学,exam,3,1,1,,1:929,1
patriarch,patriarch,word,家長，家族の主,家長，家族の主,exam,3,1,1,,1:1752,1
patriarchal,patriarchal,word,家長の,家長の,exam,3,1,1,,1:2127,1
patrician,patrician,word,貴族，貴人,貴族，貴人,exam,3,1,1,,1:1111,1
patriotism,patriotism,word,愛国心，忠誠心,愛国心，忠誠心,exam,3,1,1,,1:27,1
patronage,patronage,word,後援，支援，援助,後援，支援，援助,exam,3,1,1,,1:1708,1
paucity,paucity,word,少なさ，不足,少なさ，不足,exam,3,1,1,,1:4199,1
pawn,pawn,word,抵当，抵抗,抵当，抵抗,exam,3,1,1,,1:1838,1
payload,payload,word,有効荷重,有効荷重,exam,3,1,1,,1:3810,1
payroll,payroll,word,給与，給料,給与，給料,exam,3,1,1,,1:1839,1
peal,peal,word,鐘の響き,鐘の響き,exam,3,1,1,,1:2711,1
pedagogy,pedagogy,word,教育学,教育学,exam,3,1,1,,1:2351,1
pedantic,pedantic,word,学者ぶった,学者ぶった,exam,3,1,1,,1:2945,1
peddle,peddle,word,行商する，売り歩く,行商する，売り歩く,exam,3,1,1,,1:867,1
peddler,peddler,word,行商人,行商人,exam,3,1,1,,1:4014,1
pediatric,pediatric,word,小児科の，子供の病気の,小児科の，子供の病気の,exam,3,1,1,,1:764,1
pediatrician,pediatrician,word,小児科医，子供の医者,小児科医，子供の医者,exam,3,1,1,,1:1259,1
pedigree,pedigree,word,血統，家系,血統，家系,exam,3,1,1,,1:1878,1
peevish,peevish,word,気難しい,気難しい,exam,3,1,1,,1:2868,1
peg,peg,word,くぎ，くい,くぎ，くい,exam,3,1,1,,1:298,1
pellet,pellet,word,小粒,小粒,exam,3,1,1,,1:2587,1
pelt,pelt,word,投げて攻撃する,投げて攻撃する,exam,3,1,1,,1:3470,1
pelvis,pelvis,word,骨盤,骨盤,exam,3,1,1,,1:3790,1
penance,penance,word,苦行,苦行,exam,3,1,1,,1:3886,1
penchant,penchant,word,強い好み，強い趣味,強い好み，強い趣味,exam,3,1,1,,1:917,1
pendulum,pendulum,word,振り子,振り子,exam,3,1,1,,1:2383,1
penetration,penetration,word,貫通，一方から他方まで通過する,貫通，一方から他方まで通過する,exam,3,1,1,,1:1710,1
penitence,penitence,word,懺悔,懺悔,exam,3,1,1,,1:3885,1
pensive,pensive,word,物思いに沈んだ,物思いに沈んだ,exam,3,1,1,,1:2956,1
pentagon,pentagon,word,五角形,五角形,exam,3,1,1,,1:2500,1
perceptual,perceptual,word,知覚の,知覚の,exam,3,1,1,,1:2042,1
percolate,percolate,word,浸透する，染みる,浸透する，染みる,exam,3,1,1,,1:452,1
perennial,perennial,word,一年中続く，年間を通じて,一年中続く，年間を通じて,exam,3,1,1,,1:1281,1
perforate,perforate,word,穴を空ける,穴を空ける,exam,3,1,1,,1:3326,1
perfunctory,perfunctory,word,形式的な（形だけの),形式的な（形だけの),exam,3,1,1,,1:2782,1
perimeter,perimeter,word,周囲，環境，周囲の状況,周囲，環境，周囲の状況,exam,3,1,1,,1:954,1
peripheral,peripheral,word,周辺の，近隣の,周辺の，近隣の,exam,3,1,1,,1:707,1
periphery,periphery,word,周辺,周辺,exam,3,1,1,,1:3962,1
periscope,periscope,word,潜望鏡,潜望鏡,exam,3,1,1,,1:2468,1
perjury,perjury,word,偽証，虚偽の証言，偽り,偽証，虚偽の証言，偽り,exam,3,1,1,,1:1643,1
pernicious,pernicious,word,有害な,有害な,exam,3,1,1,,1:2278,1
perpendicular,perpendicular,word,直立した,直立した,exam,3,1,1,,1:3018,1
perpetrate,perpetrate,word,犯す，違反する，犯罪を犯す,犯す，違反する，犯罪を犯す,exam,3,1,1,,1:1647,1
persecute,persecute,word,迫害する，圧迫する,迫害する，圧迫する,exam,3,1,1,,1:1848,1
pert,pert,word,生意気な,生意気な,exam,3,1,1,,1:2765,1
pertain,pertain,word,関係する,関係する,exam,3,1,1,,1:1954,1
pertinent,pertinent,word,関係がある，関連する,関係がある，関連する,exam,3,1,1,,1:1300,1
peruse,peruse,word,熟読する,熟読する,exam,3,1,1,,1:2168,1
petal,petal,word,花弁，花びら,花弁，花びら,exam,3,1,1,,1:993,1
peter,peter,word,細くなる，狭くなる,細くなる，狭くなる,exam,3,1,1,,1:1696,1
petite,petite,word,小柄な，華奢な,小柄な，華奢な,exam,3,1,1,,1:2896,1
petulant,petulant,word,拗ねた,拗ねた,exam,3,1,1,,1:2984,1
phantom,phantom,word,幻影，幽霊,幻影，幽霊,exam,3,1,1,,1:1149,1
pharmaceutical,pharmaceutical,word,医薬品の,医薬品の,exam,3,1,1,,1:2979,1
philanthropy,philanthropy,word,博愛，普遍愛,博愛，普遍愛,exam,3,1,1,,1:1885,1
phony,phony,word,偽物の，模造の,偽物の，模造の,exam,3,1,1,,1:594,1
physiology,physiology,word,生理学,生理学,exam,3,1,1,,1:2365,1
picket,picket,word,くい，柵,くい，柵,exam,3,1,1,,1:1873,1
piecemeal,piecemeal,word,少しずつ,少しずつ,exam,3,1,1,,1:3793,1
pigment,pigment,word,顔料，色素,顔料，色素,exam,3,1,1,,1:1133,1
pilfer,pilfer,word,くすねる,くすねる,exam,3,1,1,,1:2097,1
pilgrimage,pilgrimage,word,巡礼，巡り参り,巡礼，巡り参り,exam,3,1,1,,1:943,1
pillage,pillage,word,略奪,略奪,exam,3,1,1,,1:2347,1
pique,pique,word,憤慨させる,憤慨させる,exam,3,1,1,,1:2555,1
piracy,piracy,word,海賊行為，著作権侵害,海賊行為，著作権侵害,exam,3,1,1,,1:1963,1
pissed,pissed,word,腹を立てた，怒った,腹を立てた，怒った,exam,3,1,1,,1:827,1
pitfall,pitfall,word,落とし穴，罠，隠れた危険,落とし穴，罠，隠れた危険,exam,3,1,1,,1:1933,1
placate,placate,word,なだめる,なだめる,exam,3,1,1,,1:1951,1
plagiarism,plagiarism,word,盗用，窃取,盗用，窃取,exam,3,1,1,,1:1088,1
plaid,plaid,word,格子柄,格子柄,exam,3,1,1,,1:2647,1
plaintive,plaintive,word,哀れな，かわいそうな,哀れな，かわいそうな,exam,3,1,1,,1:3047,1
platoon,platoon,word,小隊，部隊,小隊，部隊,exam,3,1,1,,1:1241,1
plausible,plausible,word,もっともらしい，信用できる,もっともらしい，信用できる,exam,3,1,1,,1:565,1
plaza,plaza,word,大広場，広場,大広場，広場,exam,3,1,1,,1:1047,1
pleading,pleading,word,嘆願，懇願，請願,嘆願，懇願，請願,exam,3,1,1,,1:1748,1
plebiscite,plebiscite,word,国民投票，普通選挙,国民投票，普通選挙,exam,3,1,1,,1:51,1
plenary,plenary,word,最大限の，完全な,最大限の，完全な,exam,3,1,1,,1:2929,1
plethora,plethora,word,過多,過多,exam,3,1,1,,1:2471,1
pliant,pliant,word,しなやかな,しなやかな,exam,3,1,1,,1:3939,1
plod,plod,word,とぼとぼ歩く,とぼとぼ歩く,exam,3,1,1,,1:2470,1
plop,plop,word,ボチャンと落ちる,ボチャンと落ちる,exam,3,1,1,,1:3126,1
ploy,ploy,word,策略,策略,exam,3,1,1,,1:2378,1
plumage,plumage,word,羽毛,羽毛,exam,3,1,1,,1:3773,1
plumb,plumb,word,おもり,おもり,exam,3,1,1,,1:2478,1
plump,plump,word,ふっくらした,ふっくらした,exam,3,1,1,,1:2310,1
plywood,plywood,word,合板，数枚の板を貼り合わせた材料，積層板,合板，数枚の板を貼り合わせた材料，積層板,exam,3,1,1,,1:1690,1
pod,pod,word,さや，刃物の保管用ケース，植物の部分,さや，刃物の保管用ケース，植物の部分,exam,3,1,1,,1:1890,1
poignant,poignant,word,強烈な，極端な,強烈な，極端な,exam,3,1,1,,1:1296,1
polemic,polemic,word,論争の,論争の,exam,3,1,1,,1:2806,1
pollen,pollen,word,花粉，植物の粉,花粉，植物の粉,exam,3,1,1,,1:1242,1
polyglot,polyglot,word,数ヶ国語に通じている人や物,数ヶ国語に通じている人や物,exam,3,1,1,,1:3909,1
pomp,pomp,word,華やかさ,華やかさ,exam,3,1,1,,1:2319,1
pompous,pompous,word,尊大な,尊大な,exam,3,1,1,,1:3959,1
ponderous,ponderous,word,重々しい,重々しい,exam,3,1,1,,1:2825,1
populace,populace,word,民衆，大衆,民衆，大衆,exam,3,1,1,,1:1866,1
porcelain,porcelain,word,磁器，陶磁器,磁器，陶磁器,exam,3,1,1,,1:1036,1
pore,pore,word,細孔，小さい穴,細孔，小さい穴,exam,3,1,1,,1:1636,1
porous,porous,word,穴の多い,穴の多い,exam,3,1,1,,1:2861,1
portal,portal,word,正門，入り口，門口,正門，入り口，門口,exam,3,1,1,,1:461,1
posh,posh,word,豪華な,豪華な,exam,3,1,1,,1:2027,1
posterior,posterior,word,後部の,後部の,exam,3,1,1,,1:3801,1
posthumous,posthumous,word,死後の,死後の,exam,3,1,1,,1:3108,1
postulate,postulate,word,仮定する,仮定する,exam,3,1,1,,1:3217,1
potency,potency,word,効力,効力,exam,3,1,1,,1:3898,1
pounce,pounce,word,飛び掛かる,飛び掛かる,exam,3,1,1,,1:2435,1
pout,pout,word,口をとがらせる,口をとがらせる,exam,3,1,1,,1:3195,1
precedence,precedence,word,優先,優先,exam,3,1,1,,1:3903,1
precept,precept,word,戒律,戒律,exam,3,1,1,,1:3824,1
precipice,precipice,word,絶壁,絶壁,exam,3,1,1,,1:2532,1
precipitous,precipitous,word,切り立った,切り立った,exam,3,1,1,,1:2792,1
precocious,precocious,word,早熟の，早く成熟する,早熟の，早く成熟する,exam,3,1,1,,1:1284,1
precursor,precursor,word,前触れ，予告,前触れ，予告,exam,3,1,1,,1:1004,1
predatory,predatory,word,肉食の,肉食の,exam,3,1,1,,1:1997,1
predicament,predicament,word,苦境，困難,苦境，困難,exam,3,1,1,,1:1158,1
predisposition,predisposition,word,素因,素因,exam,3,1,1,,1:3972,1
preemptive,preemptive,word,先制の,先制の,exam,3,1,1,,1:3666,1
prelude,prelude,word,前触れ，予兆,前触れ，予兆,exam,3,1,1,,1:916,1
premonition,premonition,word,予感,予感,exam,3,1,1,,1:2436,1
prenatal,prenatal,word,出生前の,出生前の,exam,3,1,1,,1:2234,1
preponderance,preponderance,word,優勢,優勢,exam,3,1,1,,1:3651,1
preposterous,preposterous,word,途方もない,途方もない,exam,3,1,1,,1:2223,1
prerequisite,prerequisite,word,前提条件,前提条件,exam,3,1,1,,1:2693,1
prerogative,prerogative,word,特権,特権,exam,3,1,1,,1:3607,1
presage,presage,word,予兆,予兆,exam,3,1,1,,1:2691,1
prescribed,prescribed,word,所定の，指定された,所定の，指定された,exam,3,1,1,,1:1314,1
prim,prim,word,きちんとした,きちんとした,exam,3,1,1,,1:3621,1
primacy,primacy,word,優位性,優位性,exam,3,1,1,,1:3612,1
primate,primate,word,霊長類，霊長動物,霊長類，霊長動物,exam,3,1,1,,1:1726,1
primordial,primordial,word,原始的な,原始的な,exam,3,1,1,,1:2957,1
pristine,pristine,word,元の，以前の,元の，以前の,exam,3,1,1,,1:766,1
privy,privy,word,内情に通じた,内情に通じた,exam,3,1,1,,1:2985,1
probation,probation,word,試用期間，試験期間,試用期間，試験期間,exam,3,1,1,,1:1129,1
procedural,procedural,word,手続きの，手順の,手続きの，手順の,exam,3,1,1,,1:575,1
proclamation,proclamation,word,宣言，公言,宣言，公言,exam,3,1,1,,1:902,1
procrastinate,procrastinate,word,先延ばしにする,先延ばしにする,exam,3,1,1,,1:3127,1
procurement,procurement,word,調達，供給,調達，供給,exam,3,1,1,,1:1857,1
prod,prod,word,突く，呼び起こす,突く，呼び起こす,exam,3,1,1,,1:40,1
prodigal,prodigal,word,浪費した,浪費した,exam,3,1,1,,1:2947,1
prodigious,prodigious,word,驚異的な，素晴らしい,驚異的な，素晴らしい,exam,3,1,1,,1:1456,1
prodigy,prodigy,word,天才，神童,天才，神童,exam,3,1,1,,1:1552,1
profane,profane,word,不敬の,不敬の,exam,3,1,1,,1:2296,1
profanity,profanity,word,冒涜,冒涜,exam,3,1,1,,1:3744,1
proffer,proffer,word,差し出す，提供する，出す,差し出す，提供する，出す,exam,3,1,1,,1:1669,1
profuse,profuse,word,豊富な，たっぷりの,豊富な，たっぷりの,exam,3,1,1,,1:4151,1
profusion,profusion,word,豊富,豊富,exam,3,1,1,,1:2463,1
prognosis,prognosis,word,予後,予後,exam,3,1,1,,1:2472,1
projectile,projectile,word,発射される,発射される,exam,3,1,1,,1:3400,1
proliferate,proliferate,word,増殖する，数を増やす,増殖する，数を増やす,exam,3,1,1,,1:1640,1
proliferation,proliferation,word,拡散，増殖,拡散，増殖,exam,3,1,1,,1:22,1
prolific,prolific,word,多産の,多産の,exam,3,1,1,,1:2206,1
promiscuous,promiscuous,word,乱雑な,乱雑な,exam,3,1,1,,1:4019,1
promontory,promontory,word,岬,岬,exam,3,1,1,,1:2522,1
promulgate,promulgate,word,公布する,公布する,exam,3,1,1,,1:3519,1
propagate,propagate,word,広める，拡大する,広める，拡大する,exam,3,1,1,,1:1903,1
propensity,propensity,word,傾向，流れ,傾向，流れ,exam,3,1,1,,1:1214,1
proportionate,proportionate,word,比例した，均等な,比例した，均等な,exam,3,1,1,,1:779,1
proprietary,proprietary,word,所有者の，独占の,所有者の，独占の,exam,3,1,1,,1:1584,1
proprietor,proprietor,word,所有者，何らかの物や権利を持っている人,所有者，何らかの物や権利を持っている人,exam,3,1,1,,1:1711,1
propulsion,propulsion,word,推進,推進,exam,3,1,1,,1:2503,1
prosaic,prosaic,word,散文の,散文の,exam,3,1,1,,1:3593,1
proscribe,proscribe,word,禁ずる,禁ずる,exam,3,1,1,,1:2599,1
prospectus,prospectus,word,目論見書,目論見書,exam,3,1,1,,1:3806,1
prostitution,prostitution,word,売春，売身,売春，売身,exam,3,1,1,,1:1256,1
prostrate,prostrate,word,腹ばいになった,腹ばいになった,exam,3,1,1,,1:2748,1
protagonist,protagonist,word,主人公，主役,主人公，主役,exam,3,1,1,,1:1140,1
protrude,protrude,word,突き出る,突き出る,exam,3,1,1,,1:2429,1
proverbial,proverbial,word,ことわざの，格言の,ことわざの，格言の,exam,3,1,1,,1:547,1
provisional,provisional,word,暫定的な，仮の,暫定的な，仮の,exam,3,1,1,,1:1553,1
proviso,proviso,word,但し書き,但し書き,exam,3,1,1,,1:4050,1
provocation,provocation,word,挑発,挑発,exam,3,1,1,,1:2574,1
provocative,provocative,word,挑発的な，挑戦的な,挑発的な，挑戦的な,exam,3,1,1,,1:399,1
prowess,prowess,word,武勇,武勇,exam,3,1,1,,1:2316,1
prowl,prowl,word,うろつく,うろつく,exam,3,1,1,,1:3310,1
pseudo,pseudo,word,偽りの,偽りの,exam,3,1,1,,1:2087,1
pseudonym,pseudonym,word,偽名，偽の名前，仮名,偽名，偽の名前，仮名,exam,3,1,1,,1:980,1
psycho,psycho,word,精神病患者，精神障害者,精神病患者，精神障害者,exam,3,1,1,,1:1076,1
puberty,puberty,word,思春期,思春期,exam,3,1,1,,1:2540,1
puddle,puddle,word,水たまり，溜水,水たまり，溜水,exam,3,1,1,,1:912,1
pugnacious,pugnacious,word,好戦的な，争い好きな,好戦的な，争い好きな,exam,3,1,1,,1:4084,1
puke,puke,word,吐く,吐く,exam,3,1,1,,1:3230,1
pulmonary,pulmonary,word,肺の,肺の,exam,3,1,1,,1:2079,1
pulp,pulp,word,果肉，果実の肉,果肉，果実の肉,exam,3,1,1,,1:1114,1
pulverize,pulverize,word,粉砕する，破砕する,粉砕する，破砕する,exam,3,1,1,,1:3235,1
pun,pun,word,駄じゃれ,駄じゃれ,exam,3,1,1,,1:1929,1
punctuate,punctuate,word,句読点をつける，文章に区切りを入れる,句読点をつける，文章に区切りを入れる,exam,3,1,1,,1:1742,1
puncture,puncture,word,穴を空ける，穴を開ける,穴を空ける，穴を開ける,exam,3,1,1,,1:1750,1
pungent,pungent,word,舌や鼻を刺激する,舌や鼻を刺激する,exam,3,1,1,,1:2991,1
punitive,punitive,word,懲罰的な，罰するような,懲罰的な，罰するような,exam,3,1,1,,1:1301,1
purport,purport,word,趣旨，目的，意図,趣旨，目的，意図,exam,3,1,1,,1:1649,1
purr,purr,word,のどを鳴らす,のどを鳴らす,exam,3,1,1,,1:3175,1
pursuant,pursuant,word,に従って，従い,に従って，従い,exam,3,1,1,,1:1321,1
putative,putative,word,推定の，予測の,推定の，予測の,exam,3,1,1,,1:1418,1
quadrant,quadrant,word,四分円,四分円,exam,3,1,1,,1:3986,1
quadruple,quadruple,word,4倍の,4倍の,exam,3,1,1,,1:2141,1
quagmire,quagmire,word,泥沼，泥の沼,泥沼，泥の沼,exam,3,1,1,,1:1089,1
quandary,quandary,word,難局,難局,exam,3,1,1,,1:3761,1
quantum,quantum,word,量子，量子単位,量子，量子単位,exam,3,1,1,,1:1153,1
quarantine,quarantine,word,隔離,隔離,exam,3,1,1,,1:2615,1
quarrelsome,quarrelsome,word,議論好きな，論争好きな,議論好きな，論争好きな,exam,3,1,1,,1:883,1
quarry,quarry,word,採石場，石を採る場所，鉱山,採石場，石を採る場所，鉱山,exam,3,1,1,,1:1617,1
quartet,quartet,word,四人組，4人組み,四人組，4人組み,exam,3,1,1,,1:915,1
quash,quash,word,鎮圧する，破棄する,鎮圧する，破棄する,exam,3,1,1,,1:864,1
quaver,quaver,word,震える,震える,exam,3,1,1,,1:3460,1
quay,quay,word,ふ頭,ふ頭,exam,3,1,1,,1:2405,1
queasy,queasy,word,吐き気のする,吐き気のする,exam,3,1,1,,1:3731,1
quell,quell,word,鎮める，落ち着かせる,鎮める，落ち着かせる,exam,3,1,1,,1:1735,1
quench,quench,word,渇きをいやす，抑制する,渇きをいやす，抑制する,exam,3,1,1,,1:3292,1
querulous,querulous,word,不平を言う，文句が多い,不平を言う，文句が多い,exam,3,1,1,,1:4088,1
questionable,questionable,word,疑わしい，疑念を抱く,疑わしい，疑念を抱く,exam,3,1,1,,1:655,1
queue,queue,word,列を作る，並ぶ,列を作る，並ぶ,exam,3,1,1,,1:4150,1
quibble,quibble,word,あら探し，些細な異議,あら探し，些細な異議,exam,3,1,1,,1:4096,1
quintessential,quintessential,word,典型的な，一般的な,典型的な，一般的な,exam,3,1,1,,1:1502,1
quip,quip,word,警句，警告の言葉,警句，警告の言葉,exam,3,1,1,,1:986,1
quirk,quirk,word,変な癖，特異な癖,変な癖，特異な癖,exam,3,1,1,,1:1840,1
quirky,quirky,word,風変わりな，奇抜な,風変わりな，奇抜な,exam,3,1,1,,1:1375,1
quixotic,quixotic,word,非現実的な，夢想的な,非現実的な，夢想的な,exam,3,1,1,,1:4106,1
quizzical,quizzical,word,訝しげな,訝しげな,exam,3,1,1,,1:3881,1
quorum,quorum,word,定数,定数,exam,3,1,1,,1:3836,1
rabid,rabid,word,狂った，狂気の,狂った，狂気の,exam,3,1,1,,1:1499,1
rabies,rabies,word,狂犬病,狂犬病,exam,3,1,1,,1:3717,1
rafter,rafter,word,垂木,垂木,exam,3,1,1,,1:3602,1
ragged,ragged,word,ぼろぼろの，古びた,ぼろぼろの，古びた,exam,3,1,1,,1:1577,1
raider,raider,word,急襲者，突然攻撃を仕掛ける人,急襲者，突然攻撃を仕掛ける人,exam,3,1,1,,1:1692,1
rambunctious,rambunctious,word,やかましい，騒がしい,やかましい，騒がしい,exam,3,1,1,,1:4091,1
ramification,ramification,word,分岐，分岐点,分岐，分岐点,exam,3,1,1,,1:999,1
rampant,rampant,word,自由奔放な，はびこった，無節操な,自由奔放な，はびこった，無節操な,exam,3,1,1,,1:1373,1
rampart,rampart,word,城壁，城の壁,城壁，城の壁,exam,3,1,1,,1:1194,1
rancor,rancor,word,怨恨，憎しみ,怨恨，憎しみ,exam,3,1,1,,1:905,1
ransack,ransack,word,捜しまわる,捜しまわる,exam,3,1,1,,1:2508,1
rant,rant,word,怒鳴り立てる，大声で叫ぶ,怒鳴り立てる，大声で叫ぶ,exam,3,1,1,,1:562,1
rapacious,rapacious,word,強欲な，貪欲な,強欲な，貪欲な,exam,3,1,1,,1:4257,1
rapport,rapport,word,信頼関係，信用と信頼に基づく関係,信頼関係，信用と信頼に基づく関係,exam,3,1,1,,1:1689,1
rapprochement,rapprochement,word,和睦，平和の協定,和睦，平和の協定,exam,3,1,1,,1:1052,1
rapt,rapt,word,没頭した,没頭した,exam,3,1,1,,1:2876,1
rasp,rasp,word,やすり,やすり,exam,3,1,1,,1:4039,1
ratification,ratification,word,批准,批准,exam,3,1,1,,1:2552,1
rationale,rationale,word,理論的根拠，理論的基盤,理論的根拠，理論的基盤,exam,3,1,1,,1:1175,1
rationality,rationality,word,合理性，合理主義,合理性，合理主義,exam,3,1,1,,1:1882,1
raucous,raucous,word,耳障りな，騒々しい，うるさい,耳障りな，騒々しい，うるさい,exam,3,1,1,,1:1529,1
ravenous,ravenous,word,飢えた，極度に空腹な,飢えた，極度に空腹な,exam,3,1,1,,1:4135,1
ravine,ravine,word,渓谷,渓谷,exam,3,1,1,,1:3800,1
raze,raze,word,跡形もなく破壊する,跡形もなく破壊する,exam,3,1,1,,1:2616,1
reaffirm,reaffirm,word,再確認する，再度チェックする,再確認する，再度チェックする,exam,3,1,1,,1:566,1
realistic,realistic,word,現実的な，現実に即した,現実的な，現実に即した,exam,3,1,1,,1:519,1
realtor,realtor,word,不動産業者，土地や建物の売買を仲介する人,不動産業者，土地や建物の売買を仲介する人,exam,3,1,1,,1:1620,1
rebuff,rebuff,word,拒絶，拒否,拒絶，拒否,exam,3,1,1,,1:936,1
rebuttal,rebuttal,word,反論,反論,exam,3,1,1,,1:2564,1
recalcitrant,recalcitrant,word,反抗的な,反抗的な,exam,3,1,1,,1:2235,1
receptive,receptive,word,受容性のある，受け入れ可能な,受容性のある，受け入れ可能な,exam,3,1,1,,1:1278,1
reckoning,reckoning,word,計算，清算,計算，清算,exam,3,1,1,,1:3759,1
recluse,recluse,word,世捨て人,世捨て人,exam,3,1,1,,1:2733,1
recoil,recoil,word,後ずさりする,後ずさりする,exam,3,1,1,,1:2715,1
recompense,recompense,word,報いる,報いる,exam,3,1,1,,1:2459,1
reconnaissance,reconnaissance,word,偵察，偵查,偵察，偵查,exam,3,1,1,,1:901,1
recoup,recoup,word,取り戻す，回収する,取り戻す，回収する,exam,3,1,1,,1:716,1
recourse,recourse,word,依頼,依頼,exam,3,1,1,,1:1922,1
recrimination,recrimination,word,非難し返す,非難し返す,exam,3,1,1,,1:2515,1
rectangle,rectangle,word,長方形，四角形,長方形，四角形,exam,3,1,1,,1:1760,1
rectangular,rectangular,word,長方形の,長方形の,exam,3,1,1,,1:2224,1
rectitude,rectitude,word,実直さ，誠実さ,実直さ，誠実さ,exam,3,1,1,,1:911,1
recumbent,recumbent,word,横たわる，寝そべる,横たわる，寝そべる,exam,3,1,1,,1:4264,1
recuperate,recuperate,word,回復する,回復する,exam,3,1,1,,1:2596,1
recurring,recurring,word,繰り返し，再三,繰り返し，再三,exam,3,1,1,,1:805,1
redress,redress,word,矯正する,矯正する,exam,3,1,1,,1:3423,1
refinery,refinery,word,精製所，精練工場,精製所，精練工場,exam,3,1,1,,1:1253,1
reflex,reflex,word,反射，反射作用,反射，反射作用,exam,3,1,1,,1:1176,1
regal,regal,word,王者らしい，堂々とした,王者らしい，堂々とした,exam,3,1,1,,1:2285,1
registry,registry,word,登記，記載,登記，記載,exam,3,1,1,,1:1825,1
regurgitate,regurgitate,word,吐き戻す,吐き戻す,exam,3,1,1,,1:3284,1
reimburse,reimburse,word,弁償する,弁償する,exam,3,1,1,,1:2415,1
reimbursement,reimbursement,word,返済，返金,返済，返金,exam,3,1,1,,1:272,1
reinstate,reinstate,word,復帰させる，復元する,復帰させる，復元する,exam,3,1,1,,1:1814,1
reiterate,reiterate,word,繰り返し言う,繰り返し言う,exam,3,1,1,,1:2410,1
rejoinder,rejoinder,word,返答，言い返し,返答，言い返し,exam,3,1,1,,1:3751,1
rejuvenate,rejuvenate,word,若返らせる,若返らせる,exam,3,1,1,,1:2341,1
relapse,relapse,word,再発，再度の発生,再発，再度の発生,exam,3,1,1,,1:1144,1
relentlessly,relentlessly,word,容赦なく,容赦なく,exam,3,1,1,,1:2107,1
reliant,reliant,word,頼っている，信頼している,頼っている，信頼している,exam,3,1,1,,1:591,1
relinquish,relinquish,word,放棄する，捨てる,放棄する，捨てる,exam,3,1,1,,1:821,1
relive,relive,word,追体験する，再び体験する,追体験する，再び体験する,exam,3,1,1,,1:1697,1
remedial,remedial,word,治療する，療養する,治療する，療養する,exam,3,1,1,,1:2082,1
reminisce,reminisce,word,思い出話をする,思い出話をする,exam,3,1,1,,1:3432,1
reminiscent,reminiscent,word,思い出させる,思い出させる,exam,3,1,1,,1:3379,1
remission,remission,word,免除，除外,免除，除外,exam,3,1,1,,1:2639,1
remuneration,remuneration,word,報酬,報酬,exam,3,1,1,,1:3997,1
renal,renal,word,腎臓の,腎臓の,exam,3,1,1,,1:2848,1
rendezvous,rendezvous,word,待ち合わせ，会合,待ち合わせ，会合,exam,3,1,1,,1:1201,1
rendition,rendition,word,演出，舞台監督,演出，舞台監督,exam,3,1,1,,1:1847,1
renegade,renegade,word,反逆者，反乱者,反逆者，反乱者,exam,3,1,1,,1:1179,1
renege,renege,word,誓いに背く,誓いに背く,exam,3,1,1,,1:3438,1
renunciation,renunciation,word,放棄，棄却,放棄，棄却,exam,3,1,1,,1:4007,1
reparation,reparation,word,賠償,賠償,exam,3,1,1,,1:3901,1
repatriate,repatriate,word,送還する,送還する,exam,3,1,1,,1:3331,1
repeatedly,repeatedly,word,繰り返し，反復,繰り返し，反復,exam,3,1,1,,1:462,1
repellent,repellent,word,虫よけ,虫よけ,exam,3,1,1,,1:2398,1
repercussion,repercussion,word,反響，反応，反射,反響，反応，反射,exam,3,1,1,,1:1038,1
replete,replete,word,堪能した,堪能した,exam,3,1,1,,1:4021,1
replicate,replicate,word,複製する，再現する,複製する，再現する,exam,3,1,1,,1:213,1
repository,repository,word,倉庫，蔵,倉庫，蔵,exam,3,1,1,,1:955,1
repressive,repressive,word,抑圧的な,抑圧的な,exam,3,1,1,,1:3867,1
reprieve,reprieve,word,猶予する,猶予する,exam,3,1,1,,1:2689,1
repudiate,repudiate,word,否認する,否認する,exam,3,1,1,,1:2638,1
repulse,repulse,word,追い払う,追い払う,exam,3,1,1,,1:2736,1
requisite,requisite,word,必要な,必要な,exam,3,1,1,,1:2007,1
rescind,rescind,word,取り消す,取り消す,exam,3,1,1,,1:3417,1
residual,residual,word,残りの,残りの,exam,3,1,1,,1:3678,1
resonant,resonant,word,共鳴する，感じ合う，同調する,共鳴する，感じ合う，同調する,exam,3,1,1,,1:1716,1
resonate,resonate,word,反響する,反響する,exam,3,1,1,,1:3428,1
respiratory,respiratory,word,呼吸の，呼吸に関する,呼吸の，呼吸に関する,exam,3,1,1,,1:1485,1
respite,respite,word,一休み，休憩,一休み，休憩,exam,3,1,1,,1:1237,1
resplendent,resplendent,word,華やかな,華やかな,exam,3,1,1,,1:4009,1
restitution,restitution,word,返却,返却,exam,3,1,1,,1:2361,1
resurgence,resurgence,word,復活,復活,exam,3,1,1,,1:2607,1
resurgent,resurgent,word,再び盛り返す，復活の,再び盛り返す，復活の,exam,3,1,1,,1:4059,1
resurrect,resurrect,word,復活させる，再生する,復活させる，再生する,exam,3,1,1,,1:681,1
resurrection,resurrection,word,復活，再生,復活，再生,exam,3,1,1,,1:925,1
resuscitate,resuscitate,word,蘇生させる,蘇生させる,exam,3,1,1,,1:3312,1
retaliate,retaliate,word,報復する，仕返しする,報復する，仕返しする,exam,3,1,1,,1:820,1
retaliation,retaliation,word,報復，仕返し,報復，仕返し,exam,3,1,1,,1:939,1
retarded,retarded,word,発達の遅れた，遅滞している,発達の遅れた，遅滞している,exam,3,1,1,,1:1399,1
retina,retina,word,網膜，眼の内部の膜,網膜，眼の内部の膜,exam,3,1,1,,1:1231,1
retorted,retorted,word,言い返した,言い返した,exam,3,1,1,,1:3644,1
retract,retract,word,撤回する,撤回する,exam,3,1,1,,1:2567,1
retribution,retribution,word,報復，復讐,報復，復讐,exam,3,1,1,,1:1822,1
retrospective,retrospective,word,回顧的な，振り返る,回顧的な，振り返る,exam,3,1,1,,1:1381,1
revamp,revamp,word,改修する，修復する,改修する，修復する,exam,3,1,1,,1:612,1
revel,revel,word,楽しむ，何かを心から喜ぶ,楽しむ，何かを心から喜ぶ,exam,3,1,1,,1:1729,1
reverberate,reverberate,word,反響する，反応する,反響する，反応する,exam,3,1,1,,1:754,1
revere,revere,word,尊敬する,尊敬する,exam,3,1,1,,1:2634,1
reverence,reverence,word,敬意，尊敬，尊重,敬意，尊敬，尊重,exam,3,1,1,,1:1701,1
reverie,reverie,word,夢想,夢想,exam,3,1,1,,1:2681,1
revile,revile,word,悪口を言う，中傷する，非難する,悪口を言う，中傷する，非難する,exam,3,1,1,,1:1802,1
revulsion,revulsion,word,嫌悪，反感,嫌悪，反感,exam,3,1,1,,1:1758,1
rhapsodize,rhapsodize,word,熱狂的に語る，賛美する,熱狂的に語る，賛美する,exam,3,1,1,,1:4219,1
rife,rife,word,流行して，人気がある,流行して，人気がある,exam,3,1,1,,1:1581,1
rift,rift,word,切れ目，切り口，断ち切り,切れ目，切り口，断ち切り,exam,3,1,1,,1:908,1
rigor,rigor,word,厳格，厳重,厳格，厳重,exam,3,1,1,,1:1021,1
rind,rind,word,外皮,外皮,exam,3,1,1,,1:3778,1
rodent,rodent,word,齧歯類，小型哺乳動物,齧歯類，小型哺乳動物,exam,3,1,1,,1:1143,1
romp,romp,word,ふざけ回る，遊び回る，馬鹿騒ぎする,ふざけ回る，遊び回る，馬鹿騒ぎする,exam,3,1,1,,1:1904,1
roost,roost,word,ねぐら,ねぐら,exam,3,1,1,,1:2370,1
roster,roster,word,当番表，シフト表,当番表，シフト表,exam,3,1,1,,1:1184,1
rostrum,rostrum,word,演壇,演壇,exam,3,1,1,,1:2325,1
roundup,roundup,word,切り上げる，駆り集める,切り上げる，駆り集める,exam,3,1,1,,1:3267,1
rouse,rouse,word,目を覚まさせる,目を覚まさせる,exam,3,1,1,,1:2730,1
rout,rout,word,敗走，撤退,敗走，撤退,exam,3,1,1,,1:923,1
rowdy,rowdy,word,乱暴な,乱暴な,exam,3,1,1,,1:2269,1
rubric,rubric,word,注釈，題目,注釈，題目,exam,3,1,1,,1:3904,1
ruckus,ruckus,word,大騒ぎ，騒乱,大騒ぎ，騒乱,exam,3,1,1,,1:1965,1
rudder,rudder,word,舵,舵,exam,3,1,1,,1:2348,1
ruddy,ruddy,word,血色の良い,血色の良い,exam,3,1,1,,1:2890,1
rudimentary,rudimentary,word,初歩的な,初歩的な,exam,3,1,1,,1:3935,1
rue,rue,word,後悔する，悔いる,後悔する，悔いる,exam,3,1,1,,1:444,1
rueful,rueful,word,悔んでいる,悔んでいる,exam,3,1,1,,1:2301,1
ruefully,ruefully,word,悲しそうに,悲しそうに,exam,3,1,1,,1:4053,1
ruffle,ruffle,word,波立たせる,波立たせる,exam,3,1,1,,1:2326,1
ruminate,ruminate,word,反芻する,反芻する,exam,3,1,1,,1:2358,1
rummage,rummage,word,かき回して探す,かき回して探す,exam,3,1,1,,1:2626,1
rump,rump,word,臀部,臀部,exam,3,1,1,,1:2536,1
rupture,rupture,word,破裂，割れる，爆破,破裂，割れる，爆破,exam,3,1,1,,1:1925,1
rut,rut,word,轍,轍,exam,3,1,1,,1:2529,1
ruthlessly,ruthlessly,word,冷酷に，冷徹に,冷酷に，冷徹に,exam,3,1,1,,1:635,1
sabbath,sabbath,word,安息日，休息の日,安息日，休息の日,exam,3,1,1,,1:1082,1
sabotage,sabotage,word,妨害行為，邪魔,妨害行為，邪魔,exam,3,1,1,,1:1062,1
sacrilegious,sacrilegious,word,罰当たりの,罰当たりの,exam,3,1,1,,1:3051,1
sacrosanct,sacrosanct,word,神聖視される，絶対的な,神聖視される，絶対的な,exam,3,1,1,,1:4070,1
sag,sag,word,たるむ，弛む,たるむ，弛む,exam,3,1,1,,1:845,1
sagacious,sagacious,word,賢い,賢い,exam,3,1,1,,1:3858,1
salient,salient,word,顕著な，明らかな，明白な,顕著な，明らかな，明白な,exam,3,1,1,,1:1599,1
saline,saline,word,塩気のある,塩気のある,exam,3,1,1,,1:3927,1
saliva,saliva,word,唾液,唾液,exam,3,1,1,,1:2353,1
sanctimonious,sanctimonious,word,偽善的な，うぬぼれた,偽善的な，うぬぼれた,exam,3,1,1,,1:4090,1
sanctity,sanctity,word,尊厳，威厳，尊重される資質,尊厳，威厳，尊重される資質,exam,3,1,1,,1:1682,1
sanguine,sanguine,word,楽天的な，楽観的な,楽天的な，楽観的な,exam,3,1,1,,1:1419,1
sardonic,sardonic,word,冷笑的な，皮肉な,冷笑的な，皮肉な,exam,3,1,1,,1:1376,1
satchel,satchel,word,学生かばん,学生かばん,exam,3,1,1,,1:3792,1
saturation,saturation,word,飽和,飽和,exam,3,1,1,,1:2777,1
saunter,saunter,word,ぶらつく,ぶらつく,exam,3,1,1,,1:3351,1
savior,savior,word,救い主，救済者,救い主，救済者,exam,3,1,1,,1:1255,1
savvy,savvy,word,分かる，理解する,分かる，理解する,exam,3,1,1,,1:1387,1
scamper,scamper,word,ふざけ回る，あわてて逃げる,ふざけ回る，あわてて逃げる,exam,3,1,1,,1:3328,1
scant,scant,word,乏しい，不足している,乏しい，不足している,exam,3,1,1,,1:2142,1
scarcity,scarcity,word,不足，欠乏，欠如,不足，欠乏，欠如,exam,3,1,1,,1:73,1
scathing,scathing,word,痛烈な，厳しい,痛烈な，厳しい,exam,3,1,1,,1:1324,1
scattered,scattered,word,散らばった，散在した,散らばった，散在した,exam,3,1,1,,1:892,1
schema,schema,word,図解,図解,exam,3,1,1,,1:3914,1
schematic,schematic,word,概略図の,概略図の,exam,3,1,1,,1:3063,1
schism,schism,word,分裂,分裂,exam,3,1,1,,1:3857,1
sclerosis,sclerosis,word,硬化,硬化,exam,3,1,1,,1:3883,1
scoff,scoff,word,嘲笑する，あざ笑う,嘲笑する，あざ笑う,exam,3,1,1,,1:825,1
scour,scour,word,こすり洗う,こすり洗う,exam,3,1,1,,1:636,1
scourge,scourge,word,むち，天罰,むち，天罰,exam,3,1,1,,1:1125,1
scowl,scowl,word,顔をしかめる,顔をしかめる,exam,3,1,1,,1:2731,1
screech,screech,word,金切り声，高い叫び声,金切り声，高い叫び声,exam,3,1,1,,1:995,1
scribble,scribble,word,落書きする，書き散らす，いたずら書きをする,落書きする，書き散らす，いたずら書きをする,exam,3,1,1,,1:1794,1
scribe,scribe,word,書記,書記,exam,3,1,1,,1:3973,1
scruffy,scruffy,word,みすぼらしい,みすぼらしい,exam,3,1,1,,1:2871,1
scruple,scruple,word,良心の呵責,良心の呵責,exam,3,1,1,,1:2955,1
scrupulous,scrupulous,word,良心的な，誠実な,良心的な，誠実な,exam,3,1,1,,1:1435,1
scuffle,scuffle,word,乱闘,乱闘,exam,3,1,1,,1:2992,1
scum,scum,word,薄皮，上皮,薄皮，上皮,exam,3,1,1,,1:1749,1
scurry,scurry,word,せかせか動く，忙しなく動く,せかせか動く，忙しなく動く,exam,3,1,1,,1:1700,1
scuttle,scuttle,word,急いで行く，速く走る,急いで行く，速く走る,exam,3,1,1,,1:650,1
secede,secede,word,離脱する,離脱する,exam,3,1,1,,1:1958,1
secession,secession,word,離脱，退出すること,離脱，退出すること,exam,3,1,1,,1:1695,1
seclude,seclude,word,引きこもらせる、隠とんさせる,引きこもらせる、隠とんさせる,exam,3,1,1,,1:3087,1
secrete,secrete,word,分泌する,分泌する,exam,3,1,1,,1:2355,1
sectarian,sectarian,word,宗派の,宗派の,exam,3,1,1,,1:2044,1
sedate,sedate,word,落ち着いた,落ち着いた,exam,3,1,1,,1:3017,1
sedative,sedative,word,鎮静効果のある,鎮静効果のある,exam,3,1,1,,1:2232,1
sedentary,sedentary,word,座りがちな,座りがちな,exam,3,1,1,,1:2930,1
sediment,sediment,word,堆積物,堆積物,exam,3,1,1,,1:2960,1
seductive,seductive,word,魅惑的な,魅惑的な,exam,3,1,1,,1:2187,1
seedling,seedling,word,苗木,苗木,exam,3,1,1,,1:3103,1
seethe,seethe,word,沸騰する,沸騰する,exam,3,1,1,,1:2759,1
seismic,seismic,word,地震の,地震の,exam,3,1,1,,1:2983,1
semantic,semantic,word,意味論の，意味学の,意味論の，意味学の,exam,3,1,1,,1:813,1
semen,semen,word,精液,精液,exam,3,1,1,,1:4056,1
semester,semester,word,学期，学期間,学期，学期間,exam,3,1,1,,1:36,1
semiconductor,semiconductor,word,半導体，電子部品，半導体素子,半導体，電子部品，半導体素子,exam,3,1,1,,1:1913,1
seminary,seminary,word,神学校，神学院,神学校，神学院,exam,3,1,1,,1:1908,1
senile,senile,word,老年の,老年の,exam,3,1,1,,1:2976,1
sentry,sentry,word,衛兵,衛兵,exam,3,1,1,,1:3777,1
sequester,sequester,word,隔離する,隔離する,exam,3,1,1,,1:2342,1
serendipity,serendipity,word,思わぬ物を偶然に発見すること,思わぬ物を偶然に発見すること,exam,3,1,1,,1:3870,1
serpent,serpent,word,蛇，蛇のような人,蛇，蛇のような人,exam,3,1,1,,1:1608,1
serrated,serrated,word,ギザギザの，鋸状の,ギザギザの，鋸状の,exam,3,1,1,,1:4159,1
serum,serum,word,リンパ液，血清,リンパ液，血清,exam,3,1,1,,1:3005,1
serviceman,serviceman,word,軍人,軍人,exam,3,1,1,,1:3670,1
servile,servile,word,奴隷の,奴隷の,exam,3,1,1,,1:3928,1
sewerage,sewerage,word,下水,下水,exam,3,1,1,,1:3098,1
sexist,sexist,word,男女差別主義者，男女間で不平等を支持する人，性差別主義者,男女差別主義者，男女間で不平等を支持する人，性差別主義者,exam,3,1,1,,1:1665,1
sexuality,sexuality,word,性的関心,性的関心,exam,3,1,1,,1:168,1
shackle,shackle,word,手錠，手枷,手錠，手枷,exam,3,1,1,,1:960,1
shaggy,shaggy,word,毛深い，毛むくじゃらの,毛深い，毛むくじゃらの,exam,3,1,1,,1:550,1
sham,sham,word,見せかけ，仮装,見せかけ，仮装,exam,3,1,1,,1:1766,1
shank,shank,word,すね,すね,exam,3,1,1,,1:3812,1
shard,shard,word,破片,破片,exam,3,1,1,,1:2907,1
shear,shear,word,刈り取る，収穫する,刈り取る，収穫する,exam,3,1,1,,1:834,1
sheath,sheath,word,鞘,鞘,exam,3,1,1,,1:2805,1
sheen,sheen,word,光沢，輝き,光沢，輝き,exam,3,1,1,,1:1029,1
sheepishly,sheepishly,word,気弱な手段で,気弱な手段で,exam,3,1,1,,1:4033,1
shin,shin,word,すね,すね,exam,3,1,1,,1:2800,1
shingle,shingle,word,こけら板，屋根板,こけら板，屋根板,exam,3,1,1,,1:3918,1
shitty,shitty,word,くだらない，ばかばかしい,くだらない，ばかばかしい,exam,3,1,1,,1:1266,1
shoal,shoal,word,浅瀬,浅瀬,exam,3,1,1,,1:2826,1
shoddy,shoddy,word,見掛け倒しの,見掛け倒しの,exam,3,1,1,,1:2003,1
shortfall,shortfall,word,不足，足りないこと,不足，足りないこと,exam,3,1,1,,1:1702,1
shrivel,shrivel,word,萎ませる,萎ませる,exam,3,1,1,,1:3550,1
shroud,shroud,word,経帷子，覆い,経帷子，覆い,exam,3,1,1,,1:3617,1
sidekick,sidekick,word,相棒,相棒,exam,3,1,1,,1:3774,1
sieve,sieve,word,ふるい,ふるい,exam,3,1,1,,1:2840,1
sinew,sinew,word,腱，筋,腱，筋,exam,3,1,1,,1:3653,1
sinful,sinful,word,罪深い，悪い,罪深い，悪い,exam,3,1,1,,1:109,1
sinus,sinus,word,湾曲，曲がっていること,湾曲，曲がっていること,exam,3,1,1,,1:1713,1
sire,sire,word,雄親，父親,雄親，父親,exam,3,1,1,,1:1195,1
skew,skew,word,斜めの，傾いた,斜めの，傾いた,exam,3,1,1,,1:918,1
skirmish,skirmish,word,小競り合い，小さな争いや戦い,小競り合い，小さな争いや戦い,exam,3,1,1,,1:1722,1
slacken,slacken,word,速度を落とす,速度を落とす,exam,3,1,1,,1:2725,1
slander,slander,word,中傷,中傷,exam,3,1,1,,1:2821,1
slapstick,slapstick,word,ドタバタ喜劇,ドタバタ喜劇,exam,3,1,1,,1:2878,1
sleazy,sleazy,word,低級な，薄っぺらな，下品な,低級な，薄っぺらな，下品な,exam,3,1,1,,1:1382,1
sleek,sleek,word,滑らかな，艶やかな,滑らかな，艶やかな,exam,3,1,1,,1:1335,1
sleigh,sleigh,word,そり,そり,exam,3,1,1,,1:3082,1
slick,slick,word,滑らかな，艶やかな，平滑な,滑らかな，艶やかな，平滑な,exam,3,1,1,,1:1800,1
slither,slither,word,するする滑る,するする滑る,exam,3,1,1,,1:3476,1
slouch,slouch,word,前かがみ，前を向く,前かがみ，前を向く,exam,3,1,1,,1:1039,1
slough,slough,word,ぬかるみ,ぬかるみ,exam,3,1,1,,1:2775,1
slovenly,slovenly,word,だらしない,だらしない,exam,3,1,1,,1:3033,1
sludge,sludge,word,汚泥，泥沼,汚泥，泥沼,exam,3,1,1,,1:1823,1
sluice,sluice,word,水門,水門,exam,3,1,1,,1:3007,1
smack,smack,word,ピシャリと打つこと，風味,ピシャリと打つこと，風味,exam,3,1,1,,1:2917,1
smallpox,smallpox,word,天然痘,天然痘,exam,3,1,1,,1:3036,1
smear,smear,word,塗る，塗布する,塗る，塗布する,exam,3,1,1,,1:234,1
smirk,smirk,word,にやにや笑う，微笑む,にやにや笑う，微笑む,exam,3,1,1,,1:1092,1
smite,smite,word,強打する，激打する，ぶん殴る,強打する，激打する，ぶん殴る,exam,3,1,1,,1:1792,1
smolder,smolder,word,燻る,燻る,exam,3,1,1,,1:3526,1
smother,smother,word,窒息させる，息を止める,窒息させる，息を止める,exam,3,1,1,,1:1832,1
smug,smug,word,独り善がり,独り善がり,exam,3,1,1,,1:2170,1
smuggler,smuggler,word,密輸業者，密輸人，運び屋,密輸業者，密輸人，運び屋,exam,3,1,1,,1:1916,1
snag,snag,word,突起，隆起,突起，隆起,exam,3,1,1,,1:1121,1
snarl,snarl,word,唸る，吠る,唸る，吠る,exam,3,1,1,,1:1238,1
snip,snip,word,はさみで切る,はさみで切る,exam,3,1,1,,1:2377,1
snippet,snippet,word,切れ端,切れ端,exam,3,1,1,,1:4045,1
soaring,soaring,word,舞い上がる,舞い上がる,exam,3,1,1,,1:2124,1
sod,sod,word,芝,芝,exam,3,1,1,,1:3893,1
soggy,soggy,word,水浸しの,水浸しの,exam,3,1,1,,1:2830,1
sojourn,sojourn,word,短期滞在する,短期滞在する,exam,3,1,1,,1:3395,1
solace,solace,word,慰め，安堵,慰め，安堵,exam,3,1,1,,1:1819,1
solemn,solemn,word,厳粛な，真剣な,厳粛な，真剣な,exam,3,1,1,,1:1404,1
solemnity,solemnity,word,厳粛，荘重,厳粛，荘重,exam,3,1,1,,1:4085,1
solstice,solstice,word,至点,至点,exam,3,1,1,,1:3743,1
solvent,solvent,word,溶媒，溶剤,溶媒，溶剤,exam,3,1,1,,1:2939,1
somber,somber,word,憂鬱な,憂鬱な,exam,3,1,1,,1:2952,1
sonic,sonic,word,音の,音の,exam,3,1,1,,1:2965,1
soothing,soothing,word,和らげる，軽減する,和らげる，軽減する,exam,3,1,1,,1:659,1
sorcerer,sorcerer,word,魔術師,魔術師,exam,3,1,1,,1:3089,1
sordid,sordid,word,むさ苦しい,むさ苦しい,exam,3,1,1,,1:2096,1
sorely,sorely,word,ひどく，非常に,ひどく，非常に,exam,3,1,1,,1:886,1
sortie,sortie,word,出撃,出撃,exam,3,1,1,,1:3069,1
sparse,sparse,word,希薄な,希薄な,exam,3,1,1,,1:2043,1
spasm,spasm,word,けいれん,けいれん,exam,3,1,1,,1:3958,1
spate,spate,word,多数，大部分，大勢,多数，大部分，大勢,exam,3,1,1,,1:1625,1
spatula,spatula,word,へら,へら,exam,3,1,1,,1:3663,1
spearhead,spearhead,word,先陣,先陣,exam,3,1,1,,1:3633,1
specious,specious,word,見掛け倒しの，尤もらしい,見掛け倒しの，尤もらしい,exam,3,1,1,,1:2804,1
speck,speck,word,斑点,斑点,exam,3,1,1,,1:2133,1
specter,specter,word,妖怪，妖精,妖怪，妖精,exam,3,1,1,,1:1017,1
speculative,speculative,word,思索的な，考察的な，思考に関する,思索的な，考察的な，思考に関する,exam,3,1,1,,1:1471,1
spire,spire,word,尖塔,尖塔,exam,3,1,1,,1:3028,1
splice,splice,word,組み継ぎする，繋ぐ，接合する,組み継ぎする，繋ぐ，接合する,exam,3,1,1,,1:1780,1
spontaneously,spontaneously,word,自発的に,自発的に,exam,3,1,1,,1:2121,1
spooky,spooky,word,不気味な，怖い,不気味な，怖い,exam,3,1,1,,1:1566,1
sporadic,sporadic,word,散発的な,散発的な,exam,3,1,1,,1:2057,1
spore,spore,word,胞子,胞子,exam,3,1,1,,1:2856,1
spree,spree,word,酒宴,酒宴,exam,3,1,1,,1:2135,1
sprig,sprig,word,小枝,小枝,exam,3,1,1,,1:2790,1
sprightly,sprightly,word,快活な,快活な,exam,3,1,1,,1:2916,1
sprite,sprite,word,妖精,妖精,exam,3,1,1,,1:2909,1
spruce,spruce,word,気の利いた,気の利いた,exam,3,1,1,,1:2977,1
spurious,spurious,word,偽の,偽の,exam,3,1,1,,1:2958,1
spurn,spurn,word,追い払う，排除する，締め出す,追い払う，排除する，締め出す,exam,3,1,1,,1:1926,1
sputter,sputter,word,唾を飛ばして喋る,唾を飛ばして喋る,exam,3,1,1,,1:3347,1
squabble,squabble,word,つまらない口論,つまらない口論,exam,3,1,1,,1:2181,1
squadron,squadron,word,戦隊，部隊,戦隊，部隊,exam,3,1,1,,1:1164,1
squalid,squalid,word,むさ苦しい,むさ苦しい,exam,3,1,1,,1:3891,1
squalor,squalor,word,不潔，汚さ,不潔，汚さ,exam,3,1,1,,1:220,1
squander,squander,word,浪費する，無駄遣いする，散財する,浪費する，無駄遣いする，散財する,exam,3,1,1,,1:1788,1
squeal,squeal,word,悲鳴を上げる,悲鳴を上げる,exam,3,1,1,,1:1215,1
squint,squint,word,斜視,斜視,exam,3,1,1,,1:2230,1
squirm,squirm,word,身もだえる,身もだえる,exam,3,1,1,,1:2704,1
squirt,squirt,word,噴出する,噴出する,exam,3,1,1,,1:2432,1
staggering,staggering,word,千鳥足の，ふらふらの,千鳥足の，ふらふらの,exam,3,1,1,,1:1315,1
stagnation,stagnation,word,停滞，滞止,停滞，滞止,exam,3,1,1,,1:1150,1
stained,stained,word,汚れた,汚れた,exam,3,1,1,,1:2274,1
stalemate,stalemate,word,行き詰まり,行き詰まり,exam,3,1,1,,1:2047,1
stallion,stallion,word,種馬,種馬,exam,3,1,1,,1:2824,1
stalwart,stalwart,word,堅固な,堅固な,exam,3,1,1,,1:2000,1
starch,starch,word,でんぷん,でんぷん,exam,3,1,1,,1:3905,1
stark,stark,word,正真正銘の，純粋な,正真正銘の，純粋な,exam,3,1,1,,1:5,1
startling,startling,word,驚くべき，驚異的な,驚くべき，驚異的な,exam,3,1,1,,1:727,1
stash,stash,word,隠しておく，秘密にする,隠しておく，秘密にする,exam,3,1,1,,1:900,1
stately,stately,word,風格のある,風格のある,exam,3,1,1,,1:2002,1
statistic,statistic,word,統計，統計学,統計，統計学,exam,3,1,1,,1:693,1
statutory,statutory,word,法定の，法的な,法定の，法的な,exam,3,1,1,,1:800,1
staunch,staunch,word,堅い，堅固な,堅い，堅固な,exam,3,1,1,,1:263,1
stead,stead,word,代わり,代わり,exam,3,1,1,,1:3718,1
stealth,stealth,word,内密，秘密,内密，秘密,exam,3,1,1,,1:1160,1
stellar,stellar,word,星の,星の,exam,3,1,1,,1:2066,1
stench,stench,word,悪臭,悪臭,exam,3,1,1,,1:2774,1
stenographer,stenographer,word,速記者,速記者,exam,3,1,1,,1:2966,1
sterilize,sterilize,word,殺菌する,殺菌する,exam,3,1,1,,1:2727,1
stigma,stigma,word,汚名,汚名,exam,3,1,1,,1:2243,1
stigmatize,stigmatize,word,汚名を着せる,汚名を着せる,exam,3,1,1,,1:3213,1
stingy,stingy,word,けちな，節約好きの,けちな，節約好きの,exam,3,1,1,,1:787,1
stint,stint,word,切り詰める，節約する,切り詰める，節約する,exam,3,1,1,,1:1870,1
stockpile,stockpile,word,備蓄，保存物,備蓄，保存物,exam,3,1,1,,1:1224,1
stoke,stoke,word,燃料をくべる，火力を増す,燃料をくべる，火力を増す,exam,3,1,1,,1:1843,1
stow,stow,word,詰め込む,詰め込む,exam,3,1,1,,1:2455,1
stratum,stratum,word,地層,地層,exam,3,1,1,,1:3095,1
strenuous,strenuous,word,努力を要する，骨の折れる,努力を要する，骨の折れる,exam,3,1,1,,1:717,1
strew,strew,word,ばらまく，散布する，拡散する,ばらまく，散布する，拡散する,exam,3,1,1,,1:1805,1
stricture,stricture,word,非難,非難,exam,3,1,1,,1:2893,1
strident,strident,word,かん高い,かん高い,exam,3,1,1,,1:2149,1
stringent,stringent,word,厳格な,厳格な,exam,3,1,1,,1:2188,1
stronghold,stronghold,word,拠点，基地,拠点，基地,exam,3,1,1,,1:1206,1
stub,stub,word,使い残り，残り物,使い残り，残り物,exam,3,1,1,,1:620,1
stubble,stubble,word,無精ひげ,無精ひげ,exam,3,1,1,,1:3116,1
stud,stud,word,種馬，繁殖馬,種馬，繁殖馬,exam,3,1,1,,1:1101,1
stuffed,stuffed,word,詰め込んだ，充填した,詰め込んだ，充填した,exam,3,1,1,,1:798,1
stunned,stunned,word,驚いた，びっくりした,驚いた，びっくりした,exam,3,1,1,,1:1596,1
stunning,stunning,word,驚くような，驚異的な,驚くような，驚異的な,exam,3,1,1,,1:603,1
stunt,stunt,word,発育を妨げる，成長を阻害する,発育を妨げる，成長を阻害する,exam,3,1,1,,1:1934,1
stupendous,stupendous,word,途方もない,途方もない,exam,3,1,1,,1:3359,1
stupor,stupor,word,昏迷,昏迷,exam,3,1,1,,1:3101,1
stutter,stutter,word,口ごもる，話すのをためらう，言葉に詰まる,口ごもる，話すのをためらう，言葉に詰まる,exam,3,1,1,,1:1670,1
stymie,stymie,word,妨害する，阻止する,妨害する，阻止する,exam,3,1,1,,1:4200,1
subdivision,subdivision,word,細分化，分割,細分化，分割,exam,3,1,1,,1:790,1
subjugate,subjugate,word,征服する,征服する,exam,3,1,1,,1:2504,1
submissive,submissive,word,従順な,従順な,exam,3,1,1,,1:3631,1
subservient,subservient,word,役立って，へつらって,役立って，へつらって,exam,3,1,1,,1:3992,1
subsistence,subsistence,word,生計,生計,exam,3,1,1,,1:3079,1
substantive,substantive,word,実質的な，具体的な,実質的な，具体的な,exam,3,1,1,,1:638,1
subterranean,subterranean,word,地下の,地下の,exam,3,1,1,,1:3467,1
subversive,subversive,word,破壊する，壊す,破壊する，壊す,exam,3,1,1,,1:1836,1
subvert,subvert,word,覆す，覆い隠す，逆転させる,覆す，覆い隠す，逆転させる,exam,3,1,1,,1:1661,1
successive,successive,word,連続する，続ける，つづく,連続する，続ける，つづく,exam,3,1,1,,1:328,1
succinct,succinct,word,簡潔な,簡潔な,exam,3,1,1,,1:3486,1
succulent,succulent,word,多液の,多液の,exam,3,1,1,,1:3433,1
succumb,succumb,word,屈する，服する,屈する，服する,exam,3,1,1,,1:1030,1
suffrage,suffrage,word,投票，参政権,投票，参政権,exam,3,1,1,,1:4017,1
suitor,suitor,word,求婚者，プロポーザルする人,求婚者，プロポーザルする人,exam,3,1,1,,1:544,1
sulk,sulk,word,拗ねる,拗ねる,exam,3,1,1,,1:3567,1
sully,sully,word,汚す，名誉を傷つける,汚す，名誉を傷つける,exam,3,1,1,,1:4148,1
sultry,sultry,word,蒸し暑い,蒸し暑い,exam,3,1,1,,1:3791,1
sumptuous,sumptuous,word,贅沢な，豪華な，高級な,贅沢な，豪華な，高級な,exam,3,1,1,,1:1593,1
sunburn,sunburn,word,日焼け，日焼け跡,日焼け，日焼け跡,exam,3,1,1,,1:533,1
sundry,sundry,word,雑多な,雑多な,exam,3,1,1,,1:3455,1
superfluous,superfluous,word,余計な，過剰な,余計な，過剰な,exam,3,1,1,,1:822,1
superimpose,superimpose,word,重ね合わせる,重ね合わせる,exam,3,1,1,,1:2340,1
supernova,supernova,word,超新星,超新星,exam,3,1,1,,1:2299,1
supersede,supersede,word,取って代わる,取って代わる,exam,3,1,1,,1:2671,1
supplant,supplant,word,取って代わる，置き換える,取って代わる，置き換える,exam,3,1,1,,1:242,1
supple,supple,word,柔軟な,柔軟な,exam,3,1,1,,1:2039,1
surcharge,surcharge,word,追加料金，追加費用,追加料金，追加費用,exam,3,1,1,,1:1107,1
surly,surly,word,不機嫌な,不機嫌な,exam,3,1,1,,1:3469,1
surreptitious,surreptitious,word,秘密裏の，ひそかな,秘密裏の，ひそかな,exam,3,1,1,,1:4171,1
surrogate,surrogate,word,代理人,代理人,exam,3,1,1,,1:1967,1
susceptibility,susceptibility,word,感受性,感受性,exam,3,1,1,,1:2901,1
suspense,suspense,word,不確かな状態,不確かな状態,exam,3,1,1,,1:2244,1
sustenance,sustenance,word,食糧，食料,食糧，食料,exam,3,1,1,,1:227,1
swagger,swagger,word,いばって歩く，得意げに歩く,いばって歩く，得意げに歩く,exam,3,1,1,,1:1134,1
swindle,swindle,word,騙す,騙す,exam,3,1,1,,1:2324,1
swine,swine,word,豚,豚,exam,3,1,1,,1:2872,1
swollen,swollen,word,腫れた,腫れた,exam,3,1,1,,1:2281,1
swoon,swoon,word,気絶，失神,気絶，失神,exam,3,1,1,,1:987,1
sycophantic,sycophantic,word,おべっか使いの，ごますりの,おべっか使いの，ごますりの,exam,3,1,1,,1:4212,1
syndicate,syndicate,word,企業連合,企業連合,exam,3,1,1,,1:2884,1
synonymous,synonymous,word,同義の,同義の,exam,3,1,1,,1:2056,1
synopsis,synopsis,word,あらすじ,あらすじ,exam,3,1,1,,1:3038,1
syntax,syntax,word,構文,構文,exam,3,1,1,,1:3065,1
synthesis,synthesis,word,統合，統一,統合，統一,exam,3,1,1,,1:348,1
syringe,syringe,word,注射器,注射器,exam,3,1,1,,1:3114,1
tableau,tableau,word,心を打つ描写,心を打つ描写,exam,3,1,1,,1:3100,1
tacit,tacit,word,暗黙の，言わずと知れた,暗黙の，言わずと知れた,exam,3,1,1,,1:414,1
taciturn,taciturn,word,無口の,無口の,exam,3,1,1,,1:3942,1
tacky,tacky,word,べとついた,べとついた,exam,3,1,1,,1:3947,1
tactful,tactful,word,機転の利く,機転の利く,exam,3,1,1,,1:4044,1
tactile,tactile,word,触角の,触角の,exam,3,1,1,,1:3971,1
tad,tad,word,ちびっ子，子供,ちびっ子，子供,exam,3,1,1,,1:1022,1
talisman,talisman,word,お守り,お守り,exam,3,1,1,,1:3748,1
tally,tally,word,集計,集計,exam,3,1,1,,1:2287,1
talon,talon,word,爪,爪,exam,3,1,1,,1:2842,1
tamper,tamper,word,改ざんする，偽装する,改ざんする，偽装する,exam,3,1,1,,1:1641,1
tandem,tandem,word,縦に並んで,縦に並んで,exam,3,1,1,,1:3041,1
tang,tang,word,ぴりっとした味,ぴりっとした味,exam,3,1,1,,1:3025,1
tangled,tangled,word,もつれた,もつれた,exam,3,1,1,,1:2130,1
tantalize,tantalize,word,じらす,じらす,exam,3,1,1,,1:2675,1
tantalizing,tantalizing,word,じれったい，もどかしい,じれったい，もどかしい,exam,3,1,1,,1:2091,1
tantamount,tantamount,word,同等の，等価の,同等の，等価の,exam,3,1,1,,1:4188,1
tantrum,tantrum,word,かんしゃく,かんしゃく,exam,3,1,1,,1:2819,1
tardy,tardy,word,遅れた,遅れた,exam,3,1,1,,1:3329,1
tarnish,tarnish,word,曇らせる，濁らせる,曇らせる，濁らせる,exam,3,1,1,,1:1761,1
tarp,tarp,word,防水シート,防水シート,exam,3,1,1,,1:2138,1
taunt,taunt,word,罵倒する，侮辱する,罵倒する，侮辱する,exam,3,1,1,,1:1854,1
taut,taut,word,ぴんと張ってある,ぴんと張ってある,exam,3,1,1,,1:2064,1
tawdry,tawdry,word,安っぽい，安易な,安っぽい，安易な,exam,3,1,1,,1:1369,1
teem,teem,word,群がる，集まる,群がる，集まる,exam,3,1,1,,1:1872,1
teeter,teeter,word,ぶらぶらする,ぶらぶらする,exam,3,1,1,,1:3295,1
tempestuous,tempestuous,word,大嵐の，激しい,大嵐の，激しい,exam,3,1,1,,1:3802,1
tenacious,tenacious,word,粘り強い,粘り強い,exam,3,1,1,,1:2292,1
tenancy,tenancy,word,借地権,借地権,exam,3,1,1,,1:2921,1
tenement,tenement,word,長屋,長屋,exam,3,1,1,,1:2832,1
tenet,tenet,word,主義,主義,exam,3,1,1,,1:2226,1
tenor,tenor,word,進路，趣旨,進路，趣旨,exam,3,1,1,,1:1128,1
tense,tense,word,時制，時間体系,時制，時間体系,exam,3,1,1,,1:1139,1
tentacle,tentacle,word,触手,触手,exam,3,1,1,,1:3013,1
tenuous,tenuous,word,薄い,薄い,exam,3,1,1,,1:2046,1
tenure,tenure,word,任期，期間,任期，期間,exam,3,1,1,,1:690,1
tepid,tepid,word,生ぬるい,生ぬるい,exam,3,1,1,,1:1972,1
terminology,terminology,word,用語，専門用語,用語，専門用語,exam,3,1,1,,1:538,1
terrestrial,terrestrial,word,地球上の，地上の,地球上の，地上の,exam,3,1,1,,1:1370,1
terse,terse,word,簡潔な,簡潔な,exam,3,1,1,,1:2213,1
testimonial,testimonial,word,証明書，表彰状，認定書,証明書，表彰状，認定書,exam,3,1,1,,1:948,1
tetanus,tetanus,word,破傷風,破傷風,exam,3,1,1,,1:3981,1
tether,tether,word,綱,綱,exam,3,1,1,,1:2885,1
textual,textual,word,本文の，正文の，原本の,本文の，正文の，原本の,exam,3,1,1,,1:1334,1
thatch,thatch,word,わら,わら,exam,3,1,1,,1:2827,1
thee,thee,word,汝を，あなたを,汝を，あなたを,exam,3,1,1,,1:619,1
therein,therein,word,その中に，内部に,その中に，内部に,exam,3,1,1,,1:1305,1
thesaurus,thesaurus,word,知識の宝庫,知識の宝庫,exam,3,1,1,,1:3060,1
thimble,thimble,word,指ぬき,指ぬき,exam,3,1,1,,1:3021,1
thirst,thirst,word,渇き，のどの渇き,渇き，のどの渇き,exam,3,1,1,,1:2286,1
thoroughfare,thoroughfare,word,幹線道路,幹線道路,exam,3,1,1,,1:3111,1
thrash,thrash,word,打ち据える,打ち据える,exam,3,1,1,,1:2399,1
threadbare,threadbare,word,着古した,着古した,exam,3,1,1,,1:3848,1
thug,thug,word,刺客，暗殺者,刺客，暗殺者,exam,3,1,1,,1:1203,1
thwart,thwart,word,妨害する，阻止する,妨害する，阻止する,exam,3,1,1,,1:79,1
thyroid,thyroid,word,甲状腺，頸部の腺,甲状腺，頸部の腺,exam,3,1,1,,1:1218,1
tier,tier,word,段，階層,段，階層,exam,3,1,1,,1:2227,1
timidity,timidity,word,臆病，怯える,臆病，怯える,exam,3,1,1,,1:569,1
tinge,tinge,word,色合い,色合い,exam,3,1,1,,1:1990,1
tint,tint,word,色合い，色調,色合い，色調,exam,3,1,1,,1:881,1
toddler,toddler,word,幼児，小児,幼児，小児,exam,3,1,1,,1:866,1
tolerant,tolerant,word,寛容な，容認する,寛容な，容認する,exam,3,1,1,,1:196,1
topography,topography,word,地形学,地形学,exam,3,1,1,,1:2940,1
torment,torment,word,苦しめる,苦しめる,exam,3,1,1,,1:2389,1
torpedo,torpedo,word,魚雷,魚雷,exam,3,1,1,,1:3071,1
torpid,torpid,word,不活発な，鈍い,不活発な，鈍い,exam,3,1,1,,1:4116,1
torso,torso,word,胴体，胴部,胴体，胴部,exam,3,1,1,,1:1037,1
tort,tort,word,不法行為,不法行為,exam,3,1,1,,1:2914,1
totter,totter,word,よろめく,よろめく,exam,3,1,1,,1:2336,1
touchy,touchy,word,過敏な，敏感な,過敏な，敏感な,exam,3,1,1,,1:1512,1
tout,tout,word,うるさく勧誘する，しつこく誘う,うるさく勧誘する，しつこく誘う,exam,3,1,1,,1:1733,1
traction,traction,word,牽引，引っ張る,牽引，引っ張る,exam,3,1,1,,1:633,1
trajectory,trajectory,word,軌道,軌道,exam,3,1,1,,1:2104,1
trample,trample,word,踏み付ける,踏み付ける,exam,3,1,1,,1:2374,1
tranquilize,tranquilize,word,静める,静める,exam,3,1,1,,1:3141,1
transcendent,transcendent,word,卓越した,卓越した,exam,3,1,1,,1:4037,1
transcription,transcription,word,転写，写す,転写，写す,exam,3,1,1,,1:614,1
transgression,transgression,word,違反,違反,exam,3,1,1,,1:2886,1
transitory,transitory,word,一時的な,一時的な,exam,3,1,1,,1:3308,1
transmitter,transmitter,word,送信機,送信機,exam,3,1,1,,1:2134,1
transpire,transpire,word,蒸発する,蒸発する,exam,3,1,1,,1:2589,1
treachery,treachery,word,裏切り，背信,裏切り，背信,exam,3,1,1,,1:771,1
treadmill,treadmill,word,踏み車，ルームランナー,踏み車，ルームランナー,exam,3,1,1,,1:16,1
treason,treason,word,反逆，反乱,反逆，反乱,exam,3,1,1,,1:645,1
treasurer,treasurer,word,会計係,会計係,exam,3,1,1,,1:1978,1
treatise,treatise,word,論文，論説,論文，論説,exam,3,1,1,,1:722,1
tremor,tremor,word,震動,震動,exam,3,1,1,,1:2180,1
tremulous,tremulous,word,震えた,震えた,exam,3,1,1,,1:3492,1
trepidation,trepidation,word,恐れ，不安,恐れ，不安,exam,3,1,1,,1:4161,1
triad,triad,word,三人組,三人組,exam,3,1,1,,1:3642,1
trident,trident,word,三つ又の鉾,三つ又の鉾,exam,3,1,1,,1:3667,1
trilogy,trilogy,word,三部作，三連作,三部作，三連作,exam,3,1,1,,1:585,1
trinity,trinity,word,三位一体，三つ,三位一体，三つ,exam,3,1,1,,1:1489,1
tripod,tripod,word,三脚,三脚,exam,3,1,1,,1:4010,1
trite,trite,word,ありふれた,ありふれた,exam,3,1,1,,1:3536,1
trivia,trivia,word,些細な事,些細な事,exam,3,1,1,,1:2083,1
trough,trough,word,水桶,水桶,exam,3,1,1,,1:2855,1
truant,truant,word,不登校,不登校,exam,3,1,1,,1:3703,1
truce,truce,word,休戦,休戦,exam,3,1,1,,1:1964,1
trudge,trudge,word,とぼとぼ歩く，のろのろ歩く,とぼとぼ歩く，のろのろ歩く,exam,3,1,1,,1:1032,1
truncate,truncate,word,切り詰める，短縮する,切り詰める，短縮する,exam,3,1,1,,1:4061,1
tuberculosis,tuberculosis,word,結核，肺結核,結核，肺結核,exam,3,1,1,,1:1532,1
tuft,tuft,word,ふさ,ふさ,exam,3,1,1,,1:3925,1
tummy,tummy,word,おなか,おなか,exam,3,1,1,,1:2982,1
tumultuous,tumultuous,word,騒然とした,騒然とした,exam,3,1,1,,1:2110,1
turbulence,turbulence,word,乱気流，渦,乱気流，渦,exam,3,1,1,,1:589,1
turbulent,turbulent,word,荒れ狂った,荒れ狂った,exam,3,1,1,,1:2167,1
turnaround,turnaround,word,方向転換，方向変更,方向転換，方向変更,exam,3,1,1,,1:843,1
turnpike,turnpike,word,有料高速道路,有料高速道路,exam,3,1,1,,1:3039,1
twirl,twirl,word,くるくる回る,くるくる回る,exam,3,1,1,,1:2418,1
twitch,twitch,word,ぐいと引く，強く引っ張る,ぐいと引く，強く引っ張る,exam,3,1,1,,1:997,1
twitter,twitter,word,さえずる,さえずる,exam,3,1,1,,1:2630,1
tycoon,tycoon,word,大物,大物,exam,3,1,1,,1:3846,1
typhoid,typhoid,word,腸チフス,腸チフス,exam,3,1,1,,1:3113,1
tyrant,tyrant,word,暴君，専制君主,暴君，専制君主,exam,3,1,1,,1:1325,1
ubiquitous,ubiquitous,word,至る所に存在する，遍在する,至る所に存在する，遍在する,exam,3,1,1,,1:477,1
ulcer,ulcer,word,潰瘍，出来物,潰瘍，出来物,exam,3,1,1,,1:621,1
ulterior,ulterior,word,隠された,隠された,exam,3,1,1,,1:3754,1
ultimatum,ultimatum,word,最終通告,最終通告,exam,3,1,1,,1:2024,1
ultraviolet,ultraviolet,word,紫外線の，UVの,紫外線の，UVの,exam,3,1,1,,1:877,1
umbrage,umbrage,word,立腹，不機嫌,立腹，不機嫌,exam,3,1,1,,1:4189,1
unanimously,unanimously,word,全会一致で,全会一致で,exam,3,1,1,,1:2225,1
uncanny,uncanny,word,不気味な,不気味な,exam,3,1,1,,1:2174,1
unconventional,unconventional,word,型破りな，非凡な,型破りな，非凡な,exam,3,1,1,,1:1339,1
uncouth,uncouth,word,粗野な,粗野な,exam,3,1,1,,1:3378,1
unctuous,unctuous,word,へつらう，おせじの,へつらう，おせじの,exam,3,1,1,,1:4201,1
underhand,underhand,word,秘密の,秘密の,exam,3,1,1,,1:3872,1
underpin,underpin,word,下から支える,下から支える,exam,3,1,1,,1:3153,1
undue,undue,word,過度の,過度の,exam,3,1,1,,1:4028,1
unearth,unearth,word,発掘する，掘り出す，新たに見つけ出す,発掘する，掘り出す，新たに見つけ出す,exam,3,1,1,,1:1720,1
unequivocal,unequivocal,word,明確な,明確な,exam,3,1,1,,1:3354,1
unethical,unethical,word,非倫理的な，不道徳な,非倫理的な，不道徳な,exam,3,1,1,,1:434,1
unflappable,unflappable,word,動じない，冷静な,動じない，冷静な,exam,3,1,1,,1:4092,1
unfurl,unfurl,word,広げる,広げる,exam,3,1,1,,1:2476,1
unilateral,unilateral,word,片側の,片側の,exam,3,1,1,,1:2260,1
unintended,unintended,word,意図しない，計画しない,意図しない，計画しない,exam,3,1,1,,1:359,1
unison,unison,word,一致，合致,一致，合致,exam,3,1,1,,1:605,1
unkempt,unkempt,word,もじゃもじゃの,もじゃもじゃの,exam,3,1,1,,1:3183,1
unscathed,unscathed,word,無傷の,無傷の,exam,3,1,1,,1:3976,1
unscrupulous,unscrupulous,word,悪質な，実にひどい,悪質な，実にひどい,exam,3,1,1,,1:3435,1
untenable,untenable,word,耐えられない,耐えられない,exam,3,1,1,,1:4040,1
up-to-date,up-to-date,word,最新の,最新の,exam,3,1,1,,1:3547,1
upheaval,upheaval,word,隆起，突起,隆起，突起,exam,3,1,1,,1:1482,1
upholstery,upholstery,word,室内装飾,室内装飾,exam,3,1,1,,1:2986,1
upshot,upshot,word,結果,結果,exam,3,1,1,,1:3896,1
urbane,urbane,word,洗練された,洗練された,exam,3,1,1,,1:3707,1
urine,urine,word,尿，尿液,尿，尿液,exam,3,1,1,,1:874,1
urn,urn,word,骨壷,骨壷,exam,3,1,1,,1:3053,1
usher,usher,word,案内係，ガイド,案内係，ガイド,exam,3,1,1,,1:891,1
usurp,usurp,word,奪う,奪う,exam,3,1,1,,1:3276,1
uterus,uterus,word,子宮,子宮,exam,3,1,1,,1:3032,1
utilization,utilization,word,利用，使用,利用，使用,exam,3,1,1,,1:1285,1
vacillate,vacillate,word,ためらう，迷う,ためらう，迷う,exam,3,1,1,,1:4113,1
vacuous,vacuous,word,空虚な，中身のない,空虚な，中身のない,exam,3,1,1,,1:4058,1
vagabond,vagabond,word,放浪者,放浪者,exam,3,1,1,,1:3096,1
vainglorious,vainglorious,word,自己過剰な，うぬぼれの強い,自己過剰な，うぬぼれの強い,exam,3,1,1,,1:4220,1
vale,vale,word,谷,谷,exam,3,1,1,,1:3977,1
valet,valet,word,係員,係員,exam,3,1,1,,1:3622,1
valiant,valiant,word,勇敢な，勇ましい,勇敢な，勇ましい,exam,3,1,1,,1:3672,1
valor,valor,word,武勇,武勇,exam,3,1,1,,1:3615,1
vandalism,vandalism,word,破壊行為，破壊的な行い,破壊行為，破壊的な行い,exam,3,1,1,,1:1398,1
vanguard,vanguard,word,前衛，先駆者,前衛，先駆者,exam,3,1,1,,1:1308,1
vanquish,vanquish,word,征服する,征服する,exam,3,1,1,,1:3440,1
vantage,vantage,word,有利，得する,有利，得する,exam,3,1,1,,1:1601,1
vapid,vapid,word,抜けた，風味のない,抜けた，風味のない,exam,3,1,1,,1:4279,1
variegated,variegated,word,まだら模様の,まだら模様の,exam,3,1,1,,1:3852,1
varsity,varsity,word,代表，大学,代表，大学,exam,3,1,1,,1:2273,1
vascular,vascular,word,管の,管の,exam,3,1,1,,1:3305,1
vat,vat,word,おけ,おけ,exam,3,1,1,,1:3643,1
veal,veal,word,子牛の肉,子牛の肉,exam,3,1,1,,1:3781,1
vector,vector,word,ベクトル,ベクトル,exam,3,1,1,,1:2849,1
veer,veer,word,方向を変える,方向を変える,exam,3,1,1,,1:3464,1
vehement,vehement,word,猛烈な,猛烈な,exam,3,1,1,,1:3961,1
vehemently,vehemently,word,激しく，熱烈に,激しく，熱烈に,exam,3,1,1,,1:4162,1
venerable,venerable,word,由緒ある，歴史ある,由緒ある，歴史ある,exam,3,1,1,,1:535,1
venerate,venerate,word,崇拝する,崇拝する,exam,3,1,1,,1:3529,1
vengeance,vengeance,word,復讐，報復,復讐，報復,exam,3,1,1,,1:1292,1
venom,venom,word,毒,毒,exam,3,1,1,,1:2020,1
ventilation,ventilation,word,換気,換気,exam,3,1,1,,1:2062,1
veracity,veracity,word,真実，正直,真実，正直,exam,3,1,1,,1:4077,1
verbally,verbally,word,口頭で,口頭で,exam,3,1,1,,1:2165,1
verbose,verbose,word,冗長な，言葉遣いが多い,冗長な，言葉遣いが多い,exam,3,1,1,,1:4093,1
verification,verification,word,立証，証明,立証，証明,exam,3,1,1,,1:1541,1
veritable,veritable,word,真実の，本当の,真実の，本当の,exam,3,1,1,,1:2116,1
vernacular,vernacular,word,固有の，独自の，特有の,固有の，独自の，特有の,exam,3,1,1,,1:1431,1
versatile,versatile,word,多才な，多能な,多才な，多能な,exam,3,1,1,,1:283,1
vested,vested,word,既得の,既得の,exam,3,1,1,,1:3887,1
vestige,vestige,word,痕跡,痕跡,exam,3,1,1,,1:3675,1
vet,vet,word,獣医，動物医師,獣医，動物医師,exam,3,1,1,,1:1472,1
veterinarian,veterinarian,word,獣医,獣医,exam,3,1,1,,1:3006,1
veto,veto,word,拒否権，拒絶権,拒否権，拒絶権,exam,3,1,1,,1:742,1
vex,vex,word,困惑させる，いらいらさせる,困惑させる，いらいらさせる,exam,3,1,1,,1:4234,1
vexation,vexation,word,悔しさ，苛立ち,悔しさ，苛立ち,exam,3,1,1,,1:4110,1
vial,vial,word,ガラス瓶,ガラス瓶,exam,3,1,1,,1:1968,1
vicar,vicar,word,牧師，神父,牧師，神父,exam,3,1,1,,1:811,1
vicarious,vicarious,word,想像して感じた,想像して感じた,exam,3,1,1,,1:3660,1
vigil,vigil,word,寝ずの番,寝ずの番,exam,3,1,1,,1:2122,1
vigilant,vigilant,word,警戒した,警戒した,exam,3,1,1,,1:2053,1
vigilante,vigilante,word,自警団員,自警団員,exam,3,1,1,,1:3708,1
vignette,vignette,word,飾り模様,飾り模様,exam,3,1,1,,1:3623,1
vigorously,vigorously,word,精力的に，エネルギッシュに,精力的に，エネルギッシュに,exam,3,1,1,,1:880,1
vile,vile,word,下劣な，卑猥な,下劣な，卑猥な,exam,3,1,1,,1:1403,1
vindicate,vindicate,word,疑いを晴らす，疑念を取り除く,疑いを晴らす，疑念を取り除く,exam,3,1,1,,1:1053,1
vindication,vindication,word,弁護，防御，弁明,弁護，防御，弁明,exam,3,1,1,,1:1425,1
vindictive,vindictive,word,執念深い,執念深い,exam,3,1,1,,1:4052,1
virile,virile,word,男らしい,男らしい,exam,3,1,1,,1:3341,1
virtuoso,virtuoso,word,名人，達人,名人，達人,exam,3,1,1,,1:4079,1
visage,visage,word,顔,顔,exam,3,1,1,,1:3922,1
visceral,visceral,word,内臓の,内臓の,exam,3,1,1,,1:3285,1
vista,vista,word,眺望，景色,眺望，景色,exam,3,1,1,,1:590,1
vituperate,vituperate,word,激しく非難する，罵倒する,激しく非難する，罵倒する,exam,3,1,1,,1:4158,1
vivacious,vivacious,word,快活な,快活な,exam,3,1,1,,1:3688,1
vociferous,vociferous,word,騒々しい,騒々しい,exam,3,1,1,,1:3949,1
volatile,volatile,word,揮発性の，揮発する,揮発性の，揮発する,exam,3,1,1,,1:738,1
volatility,volatility,word,揮発性，揮発しやすい,揮発性，揮発しやすい,exam,3,1,1,,1:1423,1
volition,volition,word,意志,意志,exam,3,1,1,,1:3048,1
voluble,voluble,word,おしゃべりな,おしゃべりな,exam,3,1,1,,1:3197,1
voluptuous,voluptuous,word,官能的な,官能的な,exam,3,1,1,,1:3151,1
voracious,voracious,word,貪欲な，がつがつした,貪欲な，がつがつした,exam,3,1,1,,1:4269,1
vouch,vouch,word,保証する,保証する,exam,3,1,1,,1:2400,1
vulgarity,vulgarity,word,下品,下品,exam,3,1,1,,1:2944,1
wacky,wacky,word,突飛な,突飛な,exam,3,1,1,,1:3194,1
wad,wad,word,柔らかい塊,柔らかい塊,exam,3,1,1,,1:2949,1
waft,waft,word,漂わせる，ふわりと運ぶ,漂わせる，ふわりと運ぶ,exam,3,1,1,,1:2386,1
waiver,waiver,word,免除，除外,免除，除外,exam,3,1,1,,1:2016,1
wand,wand,word,杖,杖,exam,3,1,1,,1:2182,1
wane,wane,word,欠ける，不足している，欠損している,欠ける，不足している，欠損している,exam,3,1,1,,1:1658,1
wanton,wanton,word,理由のない，多情な,理由のない，多情な,exam,3,1,1,,1:3737,1
warble,warble,word,さえずる,さえずる,exam,3,1,1,,1:3149,1
warden,warden,word,監視員，見張り,監視員，見張り,exam,3,1,1,,1:870,1
warhead,warhead,word,弾頭，弾丸,弾頭，弾丸,exam,3,1,1,,1:1322,1
warren,warren,word,飼育場，飼育施設,飼育場，飼育施設,exam,3,1,1,,1:1564,1
wart,wart,word,いぼ,いぼ,exam,3,1,1,,1:3083,1
wartime,wartime,word,戦時，戦争時,戦時，戦争時,exam,3,1,1,,1:765,1
wary,wary,word,警戒している，注意している,警戒している，注意している,exam,3,1,1,,1:878,1
waterfall,waterfall,word,滝，瀑布,滝，瀑布,exam,3,1,1,,1:869,1
watershed,watershed,word,分水領，分岐点,分水領，分岐点,exam,3,1,1,,1:875,1
wavelength,wavelength,word,波長，波動の周期的な長さ,波長，波動の周期的な長さ,exam,3,1,1,,1:3838,1
wayward,wayward,word,わがままな,わがままな,exam,3,1,1,,1:2214,1
wean,wean,word,離乳させる,離乳させる,exam,3,1,1,,1:3549,1
wedge,wedge,word,くさび，楔形体,くさび，楔形体,exam,3,1,1,,1:235,1
wee,wee,word,ちっぽけな，小さい,ちっぽけな，小さい,exam,3,1,1,,1:1557,1
wellness,wellness,word,健康,健康,exam,3,1,1,,1:2306,1
welsh,welsh,word,踏み倒す,踏み倒す,exam,3,1,1,,1:2489,1
welter,welter,word,転がりまわる,転がりまわる,exam,3,1,1,,1:2686,1
whack,whack,word,打つ,打つ,exam,3,1,1,,1:1959,1
wharf,wharf,word,波止場，埠頭,波止場，埠頭,exam,3,1,1,,1:832,1
wheedle,wheedle,word,上手い言葉で誘う,上手い言葉で誘う,exam,3,1,1,,1:3201,1
wheeze,wheeze,word,息を切らす,息を切らす,exam,3,1,1,,1:3244,1
whereabouts,whereabouts,word,どの辺りに,どの辺りに,exam,3,1,1,,1:2048,1
whet,whet,word,研ぐ,研ぐ,exam,3,1,1,,1:2700,1
whiff,whiff,word,ほのかな匂い，薄い香り,ほのかな匂い，薄い香り,exam,3,1,1,,1:1274,1
whim,whim,word,気まぐれ，移り気な,気まぐれ，移り気な,exam,3,1,1,,1:1371,1
whimper,whimper,word,しくしく泣く,しくしく泣く,exam,3,1,1,,1:2563,1
whimsical,whimsical,word,気まぐれな，移り気な,気まぐれな，移り気な,exam,3,1,1,,1:1395,1
whine,whine,word,鼻を鳴らす声，すすり泣く声,鼻を鳴らす声，すすり泣く声,exam,3,1,1,,1:2303,1
whirl,whirl,word,渦巻く，旋回する,渦巻く，旋回する,exam,3,1,1,,1:930,1
whirlpool,whirlpool,word,渦巻,渦巻,exam,3,1,1,,1:4001,1
whirlwind,whirlwind,word,旋風，つむじ風，竜巻,旋風，つむじ風，竜巻,exam,3,1,1,,1:1331,1
whisker,whisker,word,頬ひげ,頬ひげ,exam,3,1,1,,1:2789,1
whitewash,whitewash,word,しっくい，モルタル,しっくい，モルタル,exam,3,1,1,,1:239,1
whittle,whittle,word,削ぐ,削ぐ,exam,3,1,1,,1:3139,1
whore,whore,word,売春婦，娼婦,売春婦，娼婦,exam,3,1,1,,1:2200,1
wicker,wicker,word,小枝,小枝,exam,3,1,1,,1:3075,1
widget,widget,word,機械装置，部品,機械装置，部品,exam,3,1,1,,1:4020,1
wield,wield,word,振り回す，使う,振り回す，使う,exam,3,1,1,,1:1057,1
wig,wig,word,カツラ，人工の髪,カツラ，人工の髪,exam,3,1,1,,1:793,1
wiggle,wiggle,word,ぴくぴく動かす，ひくつかせる,ぴくぴく動かす，ひくつかせる,exam,3,1,1,,1:1855,1
wilt,wilt,word,しおれる，萎む，元気をなくす,しおれる，萎む，元気をなくす,exam,3,1,1,,1:1684,1
wily,wily,word,ずる賢い，策略のある,ずる賢い，策略のある,exam,3,1,1,,1:4225,1
wince,wince,word,ひるむ，後退する,ひるむ，後退する,exam,3,1,1,,1:945,1
winsome,winsome,word,魅力的な，愛らしい,魅力的な，愛らしい,exam,3,1,1,,1:4108,1
wistful,wistful,word,もの悲しい，哀しい,もの悲しい，哀しい,exam,3,1,1,,1:836,1
wobble,wobble,word,ぐらぐらする，揺れる,ぐらぐらする，揺れる,exam,3,1,1,,1:984,1
womb,womb,word,子宮，母胎,子宮，母胎,exam,3,1,1,,1:1505,1
worthy,worthy,word,価値のある，貴重な,価値のある，貴重な,exam,3,1,1,,1:1558,1
wrangle,wrangle,word,口論する，議論する,口論する，議論する,exam,3,1,1,,1:1827,1
wrath,wrath,word,激怒，怒り狂う,激怒，怒り狂う,exam,3,1,1,,1:1492,1
wreak,wreak,word,浴びせる，たくさんかける，振りかける,浴びせる，たくさんかける，振りかける,exam,3,1,1,,1:1683,1
wreckage,wreckage,word,残骸，遺骸，がれき,残骸，遺骸，がれき,exam,3,1,1,,1:1318,1
wrest,wrest,word,もぎ取る,もぎ取る,exam,3,1,1,,1:2619,1
wretch,wretch,word,みじめな人，不運な人,みじめな人，不運な人,exam,3,1,1,,1:734,1
wriggle,wriggle,word,体をくねらせる,体をくねらせる,exam,3,1,1,,1:3450,1
wring,wring,word,絞る,絞る,exam,3,1,1,,1:2750,1
writ,writ,word,令状，逮捕令,令状，逮捕令,exam,3,1,1,,1:1340,1
writhe,writhe,word,身もだえる,身もだえる,exam,3,1,1,,1:3143,1
wry,wry,word,ゆがんだ，歪んだ,ゆがんだ，歪んだ,exam,3,1,1,,1:549,1
xenial,xenial,word,接待上の，主客関係の,接待上の，主客関係の,exam,3,1,1,,1:4280,1
xenolith,xenolith,word,岩石中の異質鉱物，捕獲岩,岩石中の異質鉱物，捕獲岩,exam,3,1,1,,1:4267,1
xenophile,xenophile,word,外国人愛好者，異文化愛好者,外国人愛好者，異文化愛好者,exam,3,1,1,,1:4073,1
xenophobia,xenophobia,word,外国人恐怖症,外国人恐怖症,exam,3,1,1,,1:2975,1
xenophobic,xenophobic,word,外国人恐怖症，排外的な,外国人恐怖症，排外的な,exam,3,1,1,,1:4180,1
xylophone,xylophone,word,木琴，楽器,木琴，楽器,exam,3,1,1,,1:4236,1
yawp,yawp,word,大声で叫ぶ，どなる,大声で叫ぶ，どなる,exam,3,1,1,,1:4191,1
yeast,yeast,word,酵母，きっかけ,酵母，きっかけ,exam,3,1,1,,1:573,1
yeasty,yeasty,word,発酵する，活発な,発酵する，活発な,exam,3,1,1,,1:4081,1
yelp,yelp,word,高い鳴き声，悲鳴,高い鳴き声，悲鳴,exam,3,1,1,,1:4246,1
yeoman,yeoman,word,忠実な働き手，農夫,忠実な働き手，農夫,exam,3,1,1,,1:4124,1
yoke,yoke,word,くびき，束縛,くびき，束縛,exam,3,1,1,,1:4202,1
yonder,yonder,word,向こう側の，遠くの,向こう側の，遠くの,exam,3,1,1,,1:4130,1
yore,yore,word,昔，過去,昔，過去,exam,3,1,1,,1:4221,1
zealot,zealot,word,熱狂者,熱狂者,exam,3,1,1,,1:2222,1
zealous,zealous,word,熱心な，情熱的な,熱心な，情熱的な,exam,3,1,1,,1:4214,1
zenith,zenith,word,頂点,頂点,exam,3,1,1,,1:2879,1
zephyr,zephyr,word,そよ風，軽い風,そよ風，軽い風,exam,3,1,1,,1:4063,1
zeppelin,zeppelin,word,飛行船，ジェット,飛行船，ジェット,exam,3,1,1,,1:4157,1
zest,zest,word,熱意,熱意,exam,3,1,1,,1:2026,1
zestful,zestful,word,精力的な，元気いっぱいの,精力的な，元気いっぱいの,exam,3,1,1,,1:4118,1
zinc,zinc,word,亜鉛,亜鉛,exam,3,1,1,,1:2059,1
zodiac,zodiac,word,干支,干支,exam,3,1,1,,1:4029,1
