expression,normalized_expression,entry_kind,meaning_ja_primary,meaning_ja_all,parari_level,importance,min_eiken_level,eiken_levels,label_raw_all,source_refs,row_count
about,about,word,について、に関かんする,について、に関かんする,junior_high,1,5,5;4,,5:378;4:469,2
afternoon,afternoon,word,午後ごご,午後ごご,junior_high,1,5,5;4;3,名詞,5:561;4:422;3:632,3
again,again,word,もう一度いちど、再ふたたび、また,もう一度いちど、再ふたたび、また,junior_high,1,5,5;4;3,副詞,5:294;4:438;3:142,3
airplane,airplane,word,飛行機ひこうき,飛行機ひこうき,junior_high,1,5,5;4;3,名詞,5:543;4:380;3:524,3
all,all,word,全部ぜんぶ、全員ぜんいん、全すべて、みな,全部ぜんぶ、全員ぜんいん、全すべて、みな,junior_high,1,5,5;4,,5:33;4:370,2
always,always,word,いつも,いつも,junior_high,1,5,5;4;3,副詞,5:392;4:593;3:457,3
am,am,word,いる、ある,いる、ある,junior_high,1,5,5;4,,5:21;4:376,2
and,and,word,～と,～と,junior_high,1,5,5;4,,5:87;4:413,2
animal,animal,word,動物どうぶつ,動物どうぶつ,junior_high,1,5,5;4,,5:447;4:30,2
apple,apple,word,リンゴ,リンゴ,junior_high,1,5,5;4,,5:317;4:705,2
at,at,word,～で,～で / で、に,junior_high,1,5,5;4;3,前置詞,5:18;4:671;3:1163,3
autumn,autumn,word,秋あき,秋あき,junior_high,1,5,5;4,,5:405;4:554,2
bag,bag,word,カバン,カバン,junior_high,1,5,5;4,,5:48;4:429,2
baseball,baseball,word,野球やきゅう,野球やきゅう,junior_high,1,5,5;4,,5:507;4:467,2
bath,bath,word,風呂ふろ,風呂ふろ,junior_high,1,5,5;4,,5:198;4:560,2
be,be,word,である,である,junior_high,1,5,5;4,,5:24;4:551,2
beach,beach,word,砂浜すなはま,砂浜すなはま,junior_high,1,5,5;4,,5:363;4:561,2
bean,bean,word,豆まめ,豆まめ,junior_high,1,5,5;4,,5:254;4:703,2
bear,bear,word,クマ,クマ / 我慢する，を圧迫する,junior_high,1,5,5;4;pre2;2,動詞,5:208;4:411;pre2:271;2:1738,4
beautiful,beautiful,word,美うつくしい,美うつくしい,junior_high,1,5,5;4,,5:558;4:293,2
beef,beef,word,牛肉ぎゅうにく,牛肉ぎゅうにく,junior_high,1,5,5;4,,5:222;4:633,2
best,best,word,一番いちばん良よい,一番いちばん良よい,junior_high,1,5,5;4,,5:179;4:439,2
bicycle,bicycle,word,自転車じてんしゃ,自転車じてんしゃ,junior_high,1,5,5;4,,5:490;4:650,2
big,big,word,大おおきい,大おおきい,junior_high,1,5,5;4,,5:84;4:450,2
bike,bike,word,自転車じてんしゃ,自転車じてんしゃ,junior_high,1,5,5;4,,5:256;4:579,2
bird,bird,word,鳥とり,鳥とり,junior_high,1,5,5;4,,5:176;4:445,2
birthday,birthday,word,誕生日たんじょうび,誕生日たんじょうび,junior_high,1,5,5;4,,5:536;4:555,2
black,black,word,黒くろい,黒くろい,junior_high,1,5,5;4,,5:307;4:479,2
blue,blue,word,青あおい,青あおい,junior_high,1,5,5;4,,5:168;4:478,2
body,body,word,身体からだ,身体からだ,junior_high,1,5,5;4,,5:204;4:523,2
book,book,word,本ほん,本ほん,junior_high,1,5,5;4,,5:142;4:599,2
bookstore,bookstore,word,本屋ほんや,本屋ほんや,junior_high,1,5,5;4,,5:578;4:420,2
box,box,word,箱はこ,箱はこ,junior_high,1,5,5;4,,5:61;4:507,2
boy,boy,word,少年しょうねん,少年しょうねん,junior_high,1,5,5;4,,5:60;4:534,2
bread,bread,word,パン,パン,junior_high,1,5,5;4;3,名詞,5:299;4:489;3:596,3
breakfast,breakfast,word,朝食ちょうしょく,朝食ちょうしょく,junior_high,1,5,5;4;3,名詞,5:562;4:681;3:477,3
bridge,bridge,word,橋はし,橋はし,junior_high,1,5,5;4;3,名詞,5:437;4:367;3:771,3
brother,brother,word,兄弟きょうだい,兄弟きょうだい,junior_high,1,5,5;4,,5:480;4:437,2
brown,brown,word,茶色ちゃいろの,茶色ちゃいろの,junior_high,1,5,5;4,,5:320;4:690,2
brush,brush,word,をみがく,をみがく / を磨みがく,junior_high,1,5,5;4;3,動詞,5:353;4:576;3:475,3
busy,busy,word,忙いそがしい,忙いそがしい,junior_high,1,5,5;4;3,形容詞,5:169;4:644;3:320,3
buy,buy,word,買かう,買かう,junior_high,1,5,5;4;3,動詞,5:66;4:283;3:343,3
by,by,word,のそばに、によって,のそばに、によって,junior_high,1,5,5;4;3,前置詞,5:23;4:237;3:61,3
cake,cake,word,ケーキ,ケーキ,junior_high,1,5,5;4,,5:153;4:220,2
can,can,word,～できる,～できる,junior_high,1,5,5;4,,5:100;4:407,2
cap,cap,word,帽子ぼうし,帽子ぼうし,junior_high,1,5,5;4,,5:64;4:583,2
car,car,word,自動車じどうしゃ,自動車じどうしゃ,junior_high,1,5,5;4,,5:54;4:399,2
cat,cat,word,猫ねこ,猫ねこ,junior_high,1,5,5;4,,5:74;4:494,2
chair,chair,word,椅子いす,椅子いす,junior_high,1,5,5;4,,5:263;4:492,2
chicken,chicken,word,鶏肉とりにく,鶏肉とりにく,junior_high,1,5,5;4,,5:494;4:622,2
city,city,word,市し,市し,junior_high,1,5,5;4,,5:164;4:713,2
classmate,classmate,word,同級生どうきゅうせい,同級生どうきゅうせい,junior_high,1,5,5;4,,5:579;4:556,2
classroom,classroom,word,教室きょうしつ,教室きょうしつ,junior_high,1,5,5;4,,5:571;4:608,2
clean,clean,word,きれいな,きれいな,junior_high,1,5,5;4;3,形容詞,5:343;4:563;3:265,3
clock,clock,word,置おき時計どけい,置おき時計どけい,junior_high,1,5,5;4;3,名詞,5:335;4:532;3:138,3
clothes,clothes,word,服ふく,服ふく,junior_high,1,5,5;4;3,名詞,5:493;4:400;3:204,3
cloudy,cloudy,word,曇くもった,曇くもった,junior_high,1,5,5;4;3,形容詞,5:430;4:207;3:323,3
cold,cold,word,冷つめたい,冷つめたい,junior_high,1,5,5;4;3,形容詞,5:132;4:456;3:260,3
color,color,word,色いろ,色いろ,junior_high,1,5,5;4;3,名詞,5:267;4:605;3:631,3
cook,cook,word,料理りょうりする,料理りょうりする,junior_high,1,5,5;4;3,動詞,5:155;4:546;3:147,3
cool,cool,word,かっこいい，すずしい,かっこいい，すずしい / かっこいい、すずしい,junior_high,1,5,5;4,,5:159;4:651,2
country,country,word,国くに,国くに,junior_high,1,5,5;4;3,名詞,5:477;4:418;3:392,3
cow,cow,word,ウシ,ウシ,junior_high,1,5,5;4,,5:73;4:419,2
cup,cup,word,カップ,カップ,junior_high,1,5,5;4,,5:51;4:692,2
cute,cute,word,可愛かわいい,可愛かわいい,junior_high,1,5,5;4,,5:246;4:597,2
date,date,word,日付ひづけ,日付ひづけ,junior_high,1,5,5;4;3,名詞,5:211;4:590;3:446,3
day,day,word,日ひ,日ひ,junior_high,1,5,5;4,,5:56;4:577,2
delicious,delicious,word,おいしい,おいしい / 美味おいしい,junior_high,1,5,5;4;3,形容詞,5:576;4:276;3:65,3
desk,desk,word,机つくえ,机つくえ,junior_high,1,5,5;4,,5:185;4:296,2
dictionary,dictionary,word,辞書じしょ,辞書じしょ,junior_high,1,5,5;4;3,名詞,5:589;4:673;3:120,3
different,different,word,違ちがった,違ちがった,junior_high,1,5,5;4;3,形容詞,5:574;4:61;3:28,3
difficult,difficult,word,難むずかしい,難むずかしい,junior_high,1,5,5;4;3,形容詞,5:568;4:521;3:125,3
dinner,dinner,word,夕食ゆうしょく,夕食ゆうしょく,junior_high,1,5,5;4;3,名詞,5:398;4:421;3:480,3
dish,dish,word,皿さら,皿さら,junior_high,1,5,5;4,,5:197;4:501,2
do,do,word,する,する,junior_high,1,5,5;4,,5:4;4:252,2
doctor,doctor,word,医者いしゃ,医者いしゃ,junior_high,1,5,5;4;3,名詞,5:411;4:364;3:518,3
dog,dog,word,イヌ,イヌ,junior_high,1,5,5;4,,5:67;4:652,2
down,down,word,下したに,下したに,junior_high,1,5,5;4,,5:247;4:433,2
drama,drama,word,劇げき,劇げき,junior_high,1,5,5;4,,5:376;4:685,2
draw,draw,word,描えがく,描えがく / 描く，引っ張る,junior_high,1,5,5;4;3;pre2;2,動詞,5:202;4:106;3:315;pre2:521;2:897,5
dream,dream,word,夢ゆめ,夢ゆめ,junior_high,1,5,5;4,,5:328;4:424,2
drink,drink,word,飲のむ,飲のむ,junior_high,1,5,5;4,,5:271;4:217,2
drum,drum,word,太鼓たいこ,太鼓たいこ,junior_high,1,5,5;4,,5:251;4:392,2
ear,ear,word,耳みみ,耳みみ,junior_high,1,5,5;4,,5:94;4:515,2
easy,easy,word,簡単かんたんな,簡単かんたんな,junior_high,1,5,5;4,,5:175;4:480,2
eat,eat,word,食たべる,食たべる,junior_high,1,5,5;4,,5:44;4:477,2
egg,egg,word,卵たまご,卵たまご,junior_high,1,5,5;4,,5:80;4:527,2
eight,eight,word,8,8,junior_high,1,5,5;4,,5:315;4:371,2
eighteen,eighteen,word,18,18,junior_high,1,5,5;4,,5:516;4:257,2
eighty,eighty,word,80,80,junior_high,1,5,5;4,,5:410;4:449,2
eleven,eleven,word,11,11,junior_high,1,5,5;4,,5:395;4:655,2
enjoy,enjoy,word,楽たのしむ,楽たのしむ,junior_high,1,5,5;4;3,動詞,5:289;4:369;3:12,3
evening,evening,word,夕方ゆうがた,夕方ゆうがた,junior_high,1,5,5;4,,5:489;4:401,2
event,event,word,出来事できごと,出来事できごと,junior_high,1,5,5;4,,5:351;4:211,2
everyone,everyone,word,みんな,みんな,junior_high,1,5,5;4;3,代名詞,5:525;4:278;3:459,3
excuse,excuse,word,許ゆるす,許ゆるす / 言い訳，弁解/を許す,junior_high,1,5,5;4;3;pre2;2,動詞;名詞,5:445;4:612;3:1209;pre2:340;2:175,5
eye,eye,word,目め,目め,junior_high,1,5,5;4,,5:102;4:706,2
face,face,word,顔かお,顔かお / 直面する/顔,junior_high,1,5,5;4;3;pre2;2,名詞;動詞,5:217;4:55;3:150;pre2:994;2:1172,5
fall,fall,word,落おちる，降おりる,落おちる，降おりる / 落おちる,junior_high,1,5,5;4;3,動詞,5:205;4:83;3:1023,3
family,family,word,家族かぞく,家族かぞく,junior_high,1,5,5;4,,5:402;4:241,2
famous,famous,word,有名ゆうめいな,有名ゆうめいな / 有名な，著名な,junior_high,1,5,5;4;3;pre2;2,形容詞,5:427;4:272;3:1;pre2:811;2:1885,5
farmer,farmer,word,農家のうか,農家のうか,junior_high,1,5,5;4;3,名詞,5:438;4:126;3:605,3
fast,fast,word,速はやい,速はやい,junior_high,1,5,5;4;3,形容詞,5:161;4:263;3:505,3
father,father,word,父親ちちおや,父親ちちおや,junior_high,1,5,5;4,,5:381;4:28,2
favorite,favorite,word,お気きに入いりの,お気きに入いりの / 特に好きな，お気に入りの,junior_high,1,5,5;4;3;pre2;2,形容詞,5:529;4:289;3:13;pre2:205;2:1928,5
festival,festival,word,祭まつり,祭まつり,junior_high,1,5,5;4;3,名詞,5:538;4:247;3:72,3
fifteen,fifteen,word,15,15,junior_high,1,5,5;4,,5:481;4:295,2
fifty,fifty,word,50,50,junior_high,1,5,5;4,,5:280;4:273,2
fine,fine,word,元気げんきな、晴はれた,元気げんきな、晴はれた,junior_high,1,5,5;4,,5:125;4:431,2
first,first,word,1番目ばんめ,1番目ばんめ,junior_high,1,5,5;4,,5:346;4:153,2
fish,fish,word,魚さかな,魚さかな,junior_high,1,5,5;4,,5:138;4:29,2
five,five,word,5,5,junior_high,1,5,5;4,,5:156;4:27,2
flower,flower,word,花はな,花はな,junior_high,1,5,5;4,,5:399;4:306,2
food,food,word,食べ物たべもの,食べ物たべもの / 食たべ物もの,junior_high,1,5,5;4;3,名詞,5:231;4:242;3:261,3
for,for,word,のために,のために,junior_high,1,5,5;4,,5:106;4:298,2
forty,forty,word,40,40,junior_high,1,5,5;4,,5:312;4:250,2
four,four,word,4,4,junior_high,1,5,5;4,,5:149;4:299,2
fourteen,fourteen,word,14,14,junior_high,1,5,5;4,,5:513;4:214,2
friend,friend,word,友達ともだち,友達ともだち,junior_high,1,5,5;4,,5:412;4:224,2
frog,frog,word,カエル,カエル,junior_high,1,5,5;4,,5:237;4:227,2
from,from,word,～から,～から,junior_high,1,5,5;4,,5:250;4:281,2
fruit,fruit,word,果物くだもの,果物くだもの,junior_high,1,5,5;4,,5:257;4:213,2
fun,fun,word,楽たのしみ,楽たのしみ,junior_high,1,5,5;4;3,名詞,5:89;4:300;3:276,3
funny,funny,word,可笑おかしい,可笑おかしい,junior_high,1,5,5;4,,5:361;4:246,2
future,future,word,未来みらい,未来みらい,junior_high,1,5,5;4;3,名詞,5:448;4:35;3:610,3
garbage,garbage,word,ゴミ,ゴミ / 生ゴミ，くず,junior_high,1,5,5;4;pre2;2,名詞,5:473;4:236;pre2:1420;2:392,4
get,get,word,得える,得える,junior_high,1,5,5;4;3,動詞,5:57;4:308;3:151,3
girl,girl,word,少女しょうじょ,少女しょうじょ,junior_high,1,5,5;4,,5:191;4:287,2
go,go,word,行いく,行いく,junior_high,1,5,5;4,,5:15;4:253,2
good,good,word,良よい,良よい,junior_high,1,5,5;4,,5:192;4:239,2
grandfather,grandfather,word,祖父そふ,祖父そふ,junior_high,1,5,5;4;3,名詞,5:599;4:549;3:277,3
grandmother,grandmother,word,祖母そぼ,祖母そぼ,junior_high,1,5,5;4;3,名詞,5:597;4:102;3:516,3
grape,grape,word,ブドウ,ブドウ,junior_high,1,5,5;4,,5:356;4:297,2
great,great,word,素晴すばらしい、広大こうだいな,素晴すばらしい、広大こうだいな,junior_high,1,5,5;4,,5:333;4:244,2
green,green,word,緑みどり,緑みどり,junior_high,1,5,5;4,,5:279;4:234,2
guess,guess,word,推測すいそくする,推測すいそくする / 推測する，予想する,junior_high,1,5,5;4;3;pre2;2,動詞,5:355;4:210;3:166;pre2:721;2:1743,5
hand,hand,word,手て,手て,junior_high,1,5,5;4;3,名詞,5:158;4:304;3:387,3
happy,happy,word,幸福こうふくな,幸福こうふくな,junior_high,1,5,5;4,,5:281;4:282,2
hard,hard,word,一生懸命いっしょうけんめいに,一生懸命いっしょうけんめいに / 固かたい,junior_high,1,5,5;4;3,副詞,5:243;5:244;4:465;3:310,4
hat,hat,word,帽子ぼうし,帽子ぼうし,junior_high,1,5,5;4;3,名詞,5:99;4:405;3:479,3
have,have,word,持もっている,持もっている,junior_high,1,5,5;4,,5:139;4:285,2
he,he,word,彼かれは,彼かれは / 彼は,junior_high,1,5,5;4,,5:7;4:205,2
head,head,word,頭あたま,頭あたま,junior_high,1,5,5;4;3,名詞,5:230;4:256;3:386,3
heart,heart,word,心こころ,心こころ,junior_high,1,5,5;4;3,名詞,5:323;4:91;3:1124,3
help,help,word,助たすける,助たすける,junior_high,1,5,5;4,,5:172;4:233,2
here,here,word,ここに,ここに,junior_high,1,5,5;4;3,副詞,5:129;4:235;3:468,3
homework,homework,word,宿題しゅくだい,宿題しゅくだい,junior_high,1,5,5;4,,5:519;4:260,2
horse,horse,word,馬うま,馬うま,junior_high,1,5,5;4;3,名詞,5:340;4:642;3:637,3
hospital,hospital,word,病院びょういん,病院びょういん,junior_high,1,5,5;4;3,名詞,5:506;4:270;3:546,3
hot,hot,word,暑あつい,暑あつい,junior_high,1,5,5;4,,5:53;4:243,2
house,house,word,家いえ,家いえ,junior_high,1,5,5;4,,5:297;4:301,2
how,how,word,どのぐらい,どのぐらい,junior_high,1,5,5;4;3,副詞,5:31;4:198;3:238,3
hundred,hundred,word,百ひゃく,百ひゃく,junior_high,1,5,5;4;3,名詞,5:496;4:97;3:902,3
hungry,hungry,word,空腹くうふくの,空腹くうふくの,junior_high,1,5,5;4;3,形容詞,5:385;4:670;3:466,3
in,in,word,中なかに,中なかに,junior_high,1,5,5;4,,5:5;4:537,2
is,is,word,ある、いる,ある、いる,junior_high,1,5,5;4,,5:14;4:632,2
island,island,word,島しま,島しま / 島，島々,junior_high,1,5,5;4;3;2,名詞,5:444;4:103;3:666;2:888,4
it,it,word,それは,それは,junior_high,1,5,5;4,,5:8;4:171;4:204,3
job,job,word,仕事しごと,仕事しごと,junior_high,1,5,5;4,,5:90;4:414,2
join,join,word,参加さんかする,参加さんかする,junior_high,1,5,5;4;3,動詞,5:207;4:457;3:19,3
jump,jump,word,跳とぶ,跳とぶ,junior_high,1,5,5;4,,5:220;4:658,2
kind,kind,word,種類しゅるい,種類しゅるい,junior_high,1,5,5;4;3,名詞,5:195;4:71;3:593,3
king,king,word,王様おうさま,王様おうさま,junior_high,1,5,5,,5:233,1
knee,knee,word,ひざ,ひざ / 膝,junior_high,1,5,5;4;pre2;2,名詞,5:238;4:565;pre2:681;2:365,4
know,know,word,知しっている,知しっている,junior_high,1,5,5;4;3,動詞,5:140;4:500;3:630,3
lake,lake,word,湖みずうみ,湖みずうみ,junior_high,1,5,5;4;3,名詞,5:210;4:66;3:155,3
large,large,word,大おおきい、広ひろい,大おおきい、広ひろい,junior_high,1,5,5;4;3,形容詞,5:287;4:365;3:193,3
leave,leave,word,去さる，残のこす，置おいて行いく,去さる，残のこす，置おいて行いく / 去さる、残のこす、置おいて行いく,junior_high,1,5,5;4;3,動詞,5:284;4:435;3:23,3
leg,leg,word,脚あし,脚あし,junior_high,1,5,5;4;3,名詞,5:86;4:77;3:1068,3
library,library,word,図書館としょかん,図書館としょかん,junior_high,1,5,5;4;3,名詞,5:474;4:647;3:43,3
life,life,word,生活せいかつ,生活せいかつ,junior_high,1,5,5;4,,5:228;4:679,2
like,like,word,好このむ,好このむ,junior_high,1,5,5;4,,5:115;4:324,2
listen,listen,word,聴きく,聴きく,junior_high,1,5,5;4,,5:441;4:144,2
live,live,word,住すむ,住すむ,junior_high,1,5,5,,5:174,1
long,long,word,長ながい,長ながい,junior_high,1,5,5;4;3,形容詞,5:116;4:684;3:492,3
look,look,word,見みる,見みる,junior_high,1,5,5;4;3,動詞,5:135;4:417;3:83,3
luck,luck,word,運うん,運うん,junior_high,1,5,5;4;3,名詞,5:241;4:586;3:316,3
lunch,lunch,word,昼食ちゅうしょく,昼食ちゅうしょく,junior_high,1,5,5;4,,5:269;4:674,2
make,make,word,作つくる、～を～にするする,作つくる、～を～にするする / 作つくる、～を～にする,junior_high,1,5,5;4;3,動詞,5:184;4:682;3:162,3
many,many,word,多おおくの,多おおくの,junior_high,1,5,5;4;3,形容詞,5:136;4:362;3:689,3
map,map,word,地図ちず,地図ちず,junior_high,1,5,5;4;3,名詞,5:58;4:544;3:226,3
math,math,word,数学すうがく,数学すうがく,junior_high,1,5,5;4;3,名詞,5:199;4:531;3:184,3
me,me,word,私わたしを,私わたしを,junior_high,1,5,5;4,に,5:11;4:517,2
meet,meet,word,会あう,会あう,junior_high,1,5,5;4;3,動詞,5:146;4:394;3:57,3
memory,memory,word,記憶きおく,記憶きおく,junior_high,1,5,5;4;3,名詞,5:454;4:660;3:525,3
monkey,monkey,word,サル,サル,junior_high,1,5,5;4,,5:434;4:529,2
month,month,word,月つき,月つき,junior_high,1,5,5;4,,5:300;4:630,2
morning,morning,word,朝あさ,朝あさ,junior_high,1,5,5;4,,5:467;4:683,2
mother,mother,word,母はは,母はは,junior_high,1,5,5;4,,5:382;4:707,2
mountain,mountain,word,山やま,山やま,junior_high,1,5,5;4;3,名詞,5:527;4:51;3:472,3
mouse,mouse,word,ネズミ,ネズミ,junior_high,1,5,5;4,,5:325;4:709,2
mouth,mouth,word,口くち,口くち,junior_high,1,5,5;4;3,名詞,5:336;4:518;3:1144,3
much,much,word,たくさん,たくさん,junior_high,1,5,5;4,,5:128;4:568,2
museum,museum,word,博物館はくぶつかん,博物館はくぶつかん,junior_high,1,5,5;4;3,名詞,5:443;4:675;3:205,3
musician,musician,word,音楽家おんがくか,音楽家おんがくか,junior_high,1,5,5;4,,5:526;4:526,2
my,my,word,私わたしの,私わたしの,junior_high,1,5,5;4,,5:2;4:320,2
name,name,word,名前なまえ,名前なまえ,junior_high,1,5,5;4,,5:113;4:540,2
nature,nature,word,自然しぜん,自然しぜん / 自然，天然,junior_high,1,5,5;4;3;pre2;2,名詞,5:435;4:133;3:488;pre2:988;2:1433,5
never,never,word,１度どもない,１度どもない,junior_high,1,5,5;4;3,副詞,5:352;4:695;3:612,3
new,new,word,新あたらしい,新あたらしい,junior_high,1,5,5;4,,5:79;4:525,2
newspaper,newspaper,word,新聞しんぶん,新聞しんぶん,junior_high,1,5,5;4,,5:566;4:615,2
nice,nice,word,良よい,良よい,junior_high,1,5,5;4,,5:122;4:691,2
night,night,word,夜よる,夜よる,junior_high,1,5,5;4,,5:290;4:557,2
nine,nine,word,9,9,junior_high,1,5,5;4,,5:189;4:373,2
nineteen,nineteen,word,19,19,junior_high,1,5,5;4,,5:515;4:522,2
ninety,ninety,word,90,90,junior_high,1,5,5;4,,5:422;4:430,2
nose,nose,word,鼻はな,鼻はな,junior_high,1,5,5;4,,5:224;4:578,2
not,not,word,～でない,～でない,junior_high,1,5,5;4,,5:70;4:377,2
number,number,word,数かず,数かず,junior_high,1,5,5;4,,5:425;4:408,2
nurse,nurse,word,看護師かんごし,看護師かんごし,junior_high,1,5,5;4,,5:274;4:506,2
old,old,word,古ふるい,古ふるい,junior_high,1,5,5;4,,5:34;4:582,2
on,on,word,の上うえに,の上うえに,junior_high,1,5,5;4,,5:20;4:381,2
one,one,word,一ひとつの,一ひとつの / 1つの / 1,junior_high,1,5,5;4,,5:25;5:83;4:5;4:581,4
our,our,word,私わたしたちの,私わたしたちの,junior_high,1,5,5;4,,5:35;4:545,2
out,out,word,外そとに,外そとに,junior_high,1,5,5;4,,5:109;4:665,2
park,park,word,公園こうえん,公園こうえん,junior_high,1,5,5;4,,5:151;4:493,2
pencil,pencil,word,鉛筆えんぴつ,鉛筆えんぴつ,junior_high,1,5,5;4,,5:389;4:637,2
picture,picture,word,絵え、写真しゃしん,絵え、写真しゃしん,junior_high,1,5,5;4;3,名詞,5:471;4:495;3:510,3
pig,pig,word,ブタ,ブタ,junior_high,1,5,5;4,,5:96;4:134,2
place,place,word,場所ばしょ,場所ばしょ,junior_high,1,5,5;4;3,名詞,5:277;4:600;3:103,3
play,play,word,劇げき,劇げき,junior_high,1,5,5;4,,5:171;4:455,2
player,player,word,選手せんしゅ,選手せんしゅ,junior_high,1,5,5;4,,5:421;4:486,2
please,please,word,喜よろこばせる,喜よろこばせる,junior_high,1,5,5;4,,5:391;4:199,2
practice,practice,word,練習れんしゅうする,練習れんしゅうする,junior_high,1,5,5;4;3,動詞,5:533;4:482;3:8,3
purple,purple,word,紫色むらさきいろ,紫色むらさきいろ,junior_high,1,5,5;4,,5:453;4:446,2
queen,queen,word,女王じょおう,女王じょおう,junior_high,1,5,5;4,,5:349;4:533,2
rabbit,rabbit,word,ウサギ,ウサギ,junior_high,1,5,5;4,,5:431;4:135,2
rainy,rainy,word,雨降あめふりの,雨降あめふりの,junior_high,1,5,5;4;3,形容詞,5:332;4:181;3:359,3
really,really,word,本当ほんとうに,本当ほんとうに,junior_high,1,5,5;4;3,副詞,5:451;4:618;3:156,3
red,red,word,赤あかい,赤あかい,junior_high,1,5,5;4,,5:37;4:676,2
ride,ride,word,乗のる,乗のる,junior_high,1,5,5;4;3,動詞,5:148;4:698;3:354,3
right,right,word,右みぎに,右みぎに / 正ただしい / 正しい，正確な,junior_high,1,5,5;4;3;pre2;2,副詞;形容詞,5:264;4:33;4:41;3:305;pre2:236;2:1612,6
river,river,word,川かわ,川かわ,junior_high,1,5,5;4;3,名詞,5:345;4:53;3:579,3
room,room,word,部屋へや,部屋へや,junior_high,1,5,5;4,,5:165;4:378,2
ruler,ruler,word,定規じょうぎ,定規じょうぎ,junior_high,1,5,5;4,,5:368;4:616,2
run,run,word,を主催しゅさいする,を主催しゅさいする / 走はしる,junior_high,1,5,5;4;3,動詞,5:43;4:594;3:996,3
sad,sad,word,悲かなしい,悲かなしい,junior_high,1,5,5;4;3,形容詞,5:82;4:383;3:134,3
salad,salad,word,サラダ,サラダ,junior_high,1,5,5;4;3,名詞,5:339;4:631;3:485,3
same,same,word,同おなじ,同おなじ,junior_high,1,5,5;4;3,形容詞,5:201;4:64;3:433,3
school,school,word,学校がっこう,学校がっこう,junior_high,1,5,5;4,,5:384;4:265,2
science,science,word,科学かがく,科学かがく / 科学，自然科学,junior_high,1,5,5;4;3;pre2;2,名詞,5:484;4:216;3:41;pre2:1168;2:1731,5
scientist,scientist,word,科学者かがくしゃ,科学者かがくしゃ / 科学者，研究者,junior_high,1,5,5;4;3;2,名詞,5:575;4:286;3:358;2:48,4
sea,sea,word,海うみ,海うみ,junior_high,1,5,5;4,,5:92;4:38,2
season,season,word,季節きせつ,季節きせつ,junior_high,1,5,5;4;3,名詞,5:386;4:275;3:173,3
second,second,word,秒びょう,秒びょう / 2番目ばんめ,junior_high,1,5,5;4;3,名詞,5:450;4:259;3:869,3
see,see,word,見みる,見みる / 分わかる,junior_high,1,5,5;4;3,動詞,5:30;4:15;4:45;3:512,4
seven,seven,word,7,7,junior_high,1,5,5;4,,5:310;4:240,2
seventeen,seventeen,word,17,17,junior_high,1,5,5;4,,5:556;4:468,2
seventy,seventy,word,70,70,junior_high,1,5,5;4,,5:487;4:219,2
she,she,word,彼女かのじょは,彼女かのじょは,junior_high,1,5,5;4,,5:38;4:197,2
sheep,sheep,word,ヒツジ,ヒツジ,junior_high,1,5,5;4,,5:292;4:451,2
ship,ship,word,船ふね,船ふね,junior_high,1,5,5;4,,5:234;4:267,2
shop,shop,word,店みせ,店みせ,junior_high,1,5,5;4,,5:215;4:274,2
short,short,word,短みじかい,短みじかい,junior_high,1,5,5;4,,5:313;4:277,2
shoulder,shoulder,word,肩かた,肩かた,junior_high,1,5,5;4;3,名詞,5:535;4:119;3:882,3
sing,sing,word,歌うたう,歌うたう,junior_high,1,5,5;4,,5:123;4:271,2
sister,sister,word,姉妹しまい,姉妹しまい,junior_high,1,5,5;4,,5:394;4:238,2
sit,sit,word,着席ちゃくせきする,着席ちゃくせきする,junior_high,1,5,5;4,,5:93;4:16,2
six,six,word,6,6,junior_high,1,5,5;4,,5:47;4:264,2
sixteen,sixteen,word,16,16,junior_high,1,5,5;4,,5:479;4:491,2
sixty,sixty,word,60,60,junior_high,1,5,5;4,,5:309;4:566,2
sleep,sleep,word,眠ねむる,眠ねむる,junior_high,1,5,5;4,,5:303;4:499,2
small,small,word,小ちいさい,小ちいさい,junior_high,1,5,5;4,,5:306;4:229,2
snake,snake,word,蛇へび,蛇へび,junior_high,1,5,5;4,,5:359;4:426,2
snowy,snowy,word,雪ゆきの降ふる,雪ゆきの降ふる,junior_high,1,5,5;4,,5:348;4:305,2
soft,soft,word,柔やわらかい,柔やわらかい,junior_high,1,5,5;4,,5:253;4:280,2
sometimes,sometimes,word,時々ときどき,時々ときどき,junior_high,1,5,5;4;3,副詞,5:563;4:226;3:158,3
sorry,sorry,word,ごめんなさい,ごめんなさい,junior_high,1,5,5;4,,5:286;4:649,2
soup,soup,word,スープ,スープ,junior_high,1,5,5;4,,5:235;4:215,2
speak,speak,word,話はなす,話はなす,junior_high,1,5,5;4;3,動詞,5:258;4:266;3:620,3
spell,spell,word,を綴つづる,を綴つづる,junior_high,1,5,5;4,,5:372;4:290,2
sport,sport,word,スポーツ,スポーツ,junior_high,1,5,5;4,,5:319;4:251,2
stand,stand,word,立たつ,立たつ / を我慢がまんする,junior_high,1,5,5;4;3,動詞,5:304;4:221;3:972,3
star,star,word,星ほし、スター,星ほし、スター / 星ほし,junior_high,1,5,5;4;3,名詞,5:221;4:279;3:255,3
station,station,word,駅えき,駅えき,junior_high,1,5,5;4;3,名詞,5:464;4:218;3:521,3
stop,stop,word,止とめる,止とめる,junior_high,1,5,5;4,,5:143;4:231,2
straight,straight,word,まっすぐに,まっすぐに,junior_high,1,5,5;4,,5:542;4:248,2
street,street,word,通とおり,通とおり,junior_high,1,5,5;4,,5:433;4:223,2
strong,strong,word,強つよい,強つよい,junior_high,1,5,5;4;3,形容詞,5:428;4:254;3:131,3
study,study,word,勉強べんきょうする,勉強べんきょうする,junior_high,1,5,5;4,,5:261;4:303,2
subject,subject,word,科目かもく、題目だいもく,科目かもく、題目だいもく / 教科，主題,junior_high,1,5,5;4;3;pre2;2,名詞,5:486;4:232;3:327;pre2:934;2:1069,5
subway,subway,word,地下鉄ちかてつ,地下鉄ちかてつ,junior_high,1,5,5;4,,5:456;4:309,2
summer,summer,word,夏なつ,夏なつ,junior_high,1,5,5;4;3,名詞,5:408;4:230;3:634,3
sunny,sunny,word,晴はれた,晴はれた,junior_high,1,5,5;4,,5:369;4:687,2
supermarket,supermarket,word,スーパー,スーパー,junior_high,1,5,5;4,,5:601;4:228,2
sweet,sweet,word,甘あまい,甘あまい,junior_high,1,5,5;4,,5:374;4:212,2
swim,swim,word,泳およぐ,泳およぐ,junior_high,1,5,5;4,,5:162;4:262,2
table,table,word,机つくえ,机つくえ,junior_high,1,5,5;4,,5:276;4:294,2
take,take,word,取とる,取とる / 連つれて行いく / 撮影さつえいする,junior_high,1,5,5;4;3,動詞,5:227;4:18;4:19;4:75;3:652,5
talk,talk,word,話はなす,話はなす,junior_high,1,5,5;4,,5:218;4:8,2
tea,tea,word,お茶ちゃ,お茶ちゃ,junior_high,1,5,5;4,,5:97;4:14,2
teach,teach,word,教おしえる,教おしえる,junior_high,1,5,5;4;3,動詞,5:322;4:34;3:519,3
teacher,teacher,word,先生せんせい,先生せんせい,junior_high,1,5,5;4,,5:466;4:255,2
telephone,telephone,word,電話でんわ,電話でんわ,junior_high,1,5,5;4,,5:581;4:249,2
temple,temple,word,お寺てら,お寺てら / お寺，寺院,junior_high,1,5,5;4;3;pre2;2,名詞,5:457;4:302;3:667;pre2:1417;2:385,5
ten,ten,word,10,10,junior_high,1,5,5;4,,5:69;4:268,2
textbook,textbook,word,教科書きょうかしょ,教科書きょうかしょ,junior_high,1,5,5;4,,5:532;4:122,2
that,that,word,あれ,あれ,junior_high,1,5,5;4,,5:188;4:461,2
the,the,word,その,その,junior_high,1,5,5;4,,5:27;4:314,2
think,think,word,考かんがえる,考かんがえる / 思おもう,junior_high,1,5,5;4;3,動詞,5:342;4:11;4:26;3:326,4
third,third,word,3番目ばんめ,3番目ばんめ,junior_high,1,5,5;4,,5:362;4:342,2
thirteen,thirteen,word,13,13,junior_high,1,5,5;4,,5:512;4:316,2
thirty,thirty,word,30,30,junior_high,1,5,5;4,,5:397;4:347,2
this,this,word,この,この,junior_high,1,5,5;4,,5:133;4:340,2
three,three,word,3,3,junior_high,1,5,5;4,,5:270;4:338,2
tiger,tiger,word,トラ,トラ,junior_high,1,5,5;4,,5:375;4:321,2
time,time,word,時とき、～回かい,時とき、～回かい,junior_high,1,5,5;4,,5:178;4:570,2
tired,tired,word,疲つかれて,疲つかれて,junior_high,1,5,5;4;3,形容詞,5:330;4:72;3:953,3
to,to,word,～へ,～へ,junior_high,1,5,5;4,,5:17;4:348,2
together,together,word,一緒いっしょに,一緒いっしょに,junior_high,1,5,5;4;3,副詞,5:523;4:312;3:67,3
too,too,word,～もまた,～もまた,junior_high,1,5,5;4;3,副詞,5:77;4:689;3:514,3
tooth,tooth,word,歯は,歯は,junior_high,1,5,5;4;3,名詞,5:326;4:105;3:573,3
tower,tower,word,塔とう,塔とう,junior_high,1,5,5;4,,5:358;4:341,2
town,town,word,街まち,街まち,junior_high,1,5,5;4,,5:187;4:345,2
train,train,word,列車れっしゃ,列車れっしゃ,junior_high,1,5,5;4,,5:338;4:327,2
travel,travel,word,旅行りょこう,旅行りょこう,junior_high,1,5,5;4;3,動詞,5:440;4:325;3:279,3
tree,tree,word,木き,木き,junior_high,1,5,5;4,,5:182;4:336,2
trip,trip,word,旅行りょこう,旅行りょこう,junior_high,1,5,5;4;3,名詞,5:225;4:349;3:268,3
try,try,word,試ためす,試ためす,junior_high,1,5,5;4;3,動詞,5:50;4:329;3:215,3
turn,turn,word,曲まがる、回まわる、変化へんかする,曲まがる、回まわる、変化へんかする,junior_high,1,5,5;4;3,動詞,5:212;4:331;3:294,3
twelve,twelve,word,12,12,junior_high,1,5,5;4,,5:418;4:334,2
twenty,twenty,word,20,20,junior_high,1,5,5;4,,5:424;4:346,2
two,two,word,2,2,junior_high,1,5,5;4,,5:40;4:332,2
umbrella,umbrella,word,傘かさ,傘かさ,junior_high,1,5,5;4;3,名詞,5:540;4:313;3:507,3
under,under,word,下したの,下したの,junior_high,1,5,5;4,,5:365;4:328,2
up,up,word,上うえへ,上うえへ,junior_high,1,5,5;4,,5:12;4:333,2
use,use,word,使つかう,使つかう,junior_high,1,5,5;4,,5:41;4:173,2
usually,usually,word,普通ふつうは,普通ふつうは,junior_high,1,5,5;4;3,副詞,5:468;4:317;3:107,3
vacation,vacation,word,休暇きゅうか,休暇きゅうか,junior_high,1,5,5;4;3,名詞,5:530;4:98;3:73;3:809,4
vegetable,vegetable,word,野菜やさい,野菜やさい,junior_high,1,5,5;4;3,名詞,5:572;4:101;3:442,3
very,very,word,非常ひじょうに,非常ひじょうに,junior_high,1,5,5;4;3,副詞,5:117;4:319;3:626,3
visit,visit,word,訪問ほうもんする,訪問ほうもんする,junior_high,1,5,5;4;3,動詞,5:316;4:337;3:45,3
walk,walk,word,散歩さんぽ,散歩さんぽ,junior_high,1,5,5;4;3,名詞,5:166;4:311;3:653,3
wall,wall,word,壁かべ,壁かべ,junior_high,1,5,5;4,,5:145;4:322,2
want,want,word,欲ほしい,欲ほしい,junior_high,1,5,5;4,,5:126;4:351,2
wash,wash,word,洗あらう,洗あらう,junior_high,1,5,5;4;3,動詞,5:152;4:361;3:272,3
watch,watch,word,見みる,見みる / 見みる、視聴しちょうする,junior_high,1,5,5;4;3,動詞,5:273;4:62;3:481,3
water,water,word,水みず,水みず,junior_high,1,5,5;4,,5:329;4:89,2
way,way,word,道みち、方法ほうほう,道みち、方法ほうほう,junior_high,1,5,5;4,,5:71;4:402,2
we,we,word,私わたしたちは,私わたしたちは,junior_high,1,5,5;4,,5:10;4:693,2
weather,weather,word,天気てんき,天気てんき / 天候，天気,junior_high,1,5,5;4;3;pre2;2,名詞,5:497;4:184;3:84;pre2:376;2:1777,5
welcome,welcome,word,歓迎かんげいする,歓迎かんげいする / 歓迎される，迎えられる,junior_high,1,5,5;4;2,動詞,5:483;4:352;2:1019,3
well,well,word,健康けんこうな,健康けんこうな,junior_high,1,5,5;4;3,形容詞,5:214;4:95;3:700,3
what,what,word,何なに,何なに / なに,junior_high,1,5,5;4;3,代名詞,5:248;4:59;3:237,3
when,when,word,～するとき,～するとき,junior_high,1,5,5;4;3,接続詞,5:120;4:166;3:128,3
where,where,word,どこに,どこに,junior_high,1,5,5;4;3,疑問詞,5:260;4:350;3:649,3
white,white,word,白しろ,白しろ,junior_high,1,5,5;4,,5:296;4:353,2
who,who,word,だれ,だれ,junior_high,1,5,5;4;3,代名詞,5:105;4:318;3:235,3
why,why,word,なぜ,なぜ,junior_high,1,5,5;4;3,副詞,5:76;4:355;3:409,3
window,window,word,窓まど,窓まど,junior_high,1,5,5;4,,5:420;4:335,2
winter,winter,word,冬ふゆ,冬ふゆ,junior_high,1,5,5;4,,5:388;4:326,2
with,with,word,～と一緒いっしょに,～と一緒いっしょに,junior_high,1,5,5;4,,5:240;4:315,2
wonderful,wonderful,word,すばらしい,すばらしい,junior_high,1,5,5;4,,5:569;4:354,2
world,world,word,世界せかい、地球ちきゅう,世界せかい、地球ちきゅう,junior_high,1,5,5;4,,5:371;4:323,2
write,write,word,書かく、手紙てがみを書かく,書かく、手紙てがみを書かく,junior_high,1,5,5;4;3,動詞,5:266;4:343;3:161,3
year,year,word,年ねん,年ねん,junior_high,1,5,5;4,,5:119;4:356,2
yellow,yellow,word,黄色きいろ,黄色きいろ,junior_high,1,5,5;4,,5:415;4:357,2
you,you,word,あなたは,あなたは,junior_high,1,5,5;4,,5:28;4:40;4:192,3
your,your,word,あなたの,あなたの,junior_high,1,5,5;4,,5:110;4:194,2
zoo,zoo,word,動物園どうぶつえん,動物園どうぶつえん,junior_high,1,5,5;4;3,名詞,5:103;4:163;3:271,3
absent,absent,word,欠席けっせきの,欠席けっせきの,junior_high,1,4,4;3,形容詞,4:375;3:826,2
add,add,word,加くわえる,加くわえる / 足し算する，合計する,junior_high,1,4,4;pre2;2,動詞,4:432;pre2:43;2:1988,3
advice,advice,word,忠告ちゅうこく,忠告ちゅうこく / 助言，忠告,junior_high,1,4,4;3;pre2;2,名詞,4:609;3:414;pre2:619;2:1500,4
afraid,afraid,word,恐おそれて,恐おそれて / 心配して，恐れて,junior_high,1,4,4;3;pre2;2,形容詞,4:488;3:928;pre2:668;2:1208,4
after,after,word,～の後あとで,～の後あとで,junior_high,1,4,4;3,前置詞,4:476;3:523,2
airport,airport,word,空港くうこう,空港くうこう,junior_high,1,4,4;3,名詞,4:454;3:1033,2
another,another,word,もう一ひとつの,もう一ひとつの,junior_high,1,4,4;3,形容詞,4:513;3:217,2
answer,answer,word,答こたえる,答こたえる,junior_high,1,4,4;3,動詞,4:32;3:529,2
arm,arm,word,腕うで,腕うで,junior_high,1,4,4;3,名詞,4:143;3:1159,2
art,art,word,美術びじゅつ，芸術げいじゅつ,美術びじゅつ，芸術げいじゅつ / 芸術げいじゅつ,junior_high,1,4,4;3,名詞,4:17;3:513,2
ask,ask,word,尋たずねる,尋たずねる / たずねる,junior_high,1,4,4;3,動詞,4:129;3:34,2
away,away,word,離はなれて,離はなれて,junior_high,1,4,4;3,副詞,4:541;3:1202,2
because,because,word,なぜなら,なぜなら,junior_high,1,4,4;3,接続詞,4:657;3:664,2
become,become,word,～になる,～になる,junior_high,1,4,4;3,動詞,4:416;3:329,2
beer,beer,word,ビール,ビール,junior_high,1,4,4;3,名詞,4:363;3:727,2
begin,begin,word,始はじまる,始はじまる,junior_high,1,4,4;3,動詞,4:366;3:1004,2
believe,believe,word,信しんじる,信しんじる,junior_high,1,4,4;3,動詞,4:625;3:133,2
between,between,word,～と～の間あいだ,～と～の間あいだ,junior_high,1,4,4;3,前置詞,4:161;3:731,2
borrow,borrow,word,借かりる,借かりる / を借りる，を借用する,junior_high,1,4,4;3;pre2;2,動詞,4:460;3:101;pre2:78;2:236,4
bright,bright,word,明あかるい,明あかるい,junior_high,1,4,4;3,形容詞,4:680;3:140,2
bring,bring,word,持もって来くる,持もって来くる / 持って来る，連れてくる,junior_high,1,4,4;3;pre2;2,動詞,4:623;3:17;pre2:1418;2:389,4
build,build,word,建たてる,建たてる,junior_high,1,4,4;3,動詞,4:111;3:609,2
but,but,word,しかし,しかし,junior_high,1,4,4,,4:187,1
capital,capital,word,首都しゅと,首都しゅと / 資本，首都,junior_high,1,4,4;3;pre2;2,名詞,4:536;3:994;pre2:180;2:1950,4
carefully,carefully,word,注意ちゅうい深ぶかく,注意ちゅうい深ぶかく,junior_high,1,4,4;3,副詞,4:659;3:952,2
carry,carry,word,運はこぶ,運はこぶ,junior_high,1,4,4;3,動詞,4:664;3:90,2
change,change,word,変かわる,変かわる,junior_high,1,4,4,,4:559,1
child,child,word,子供こども,子供こども,junior_high,1,4,4,,4:627,1
choose,choose,word,選えらぶ,選えらぶ,junior_high,1,4,4;3,動詞,4:571;3:208,2
clever,clever,word,利口りこうな,利口りこうな,junior_high,1,4,4;3,形容詞,4:448;3:625,2
climb,climb,word,登のぼる,登のぼる / 登る，よじ登る,junior_high,1,4,4;3;2,動詞,4:382;3:859;2:827,3
cloth,cloth,word,服ふく,服ふく,junior_high,1,4,4;3,名詞,4:74;3:1153,2
cloud,cloud,word,雲くも,雲くも,junior_high,1,4,4;3,名詞,4:127;3:643,2
college,college,word,大学だいがく,大学だいがく / 大学，高等教育機関,junior_high,1,4,4;3;2,名詞,4:661;3:1117;2:958,3
culture,culture,word,文化ぶんか,文化ぶんか / 文化，教養,junior_high,1,4,4;3;pre2;2,名詞,4:258;3:611;pre2:334;2:870,4
decide,decide,word,決心けっしんする,決心けっしんする / 決心する，決定する,junior_high,1,4,4;3;pre2;2,動詞,4:39;3:68;pre2:1294;2:185,4
die,die,word,死しぬ,死しぬ / 死ぬ，亡くなる,junior_high,1,4,4;3;2,動詞,4:519;3:502;2:1833,3
discover,discover,word,発見はっけんする,発見はっけんする / を発見する，見つける,junior_high,1,4,4;3;pre2;2,動詞,4:575;3:786;pre2:157;2:13,4
dislike,dislike,word,嫌きらう,嫌きらう / 嫌がる，嫌い,junior_high,1,4,4;3;pre2;2,動詞,4:203;3:1207;pre2:819;2:1264,4
dry,dry,word,乾かわいた,乾かわいた,junior_high,1,4,4,,4:601,1
each,each,word,各々おのおのの,各々おのおのの,junior_high,1,4,4;3,形容詞,4:6;3:303,2
earth,earth,word,地球ちきゅう,地球ちきゅう,junior_high,1,4,4;3,名詞,4:596;3:756,2
east,east,word,東ひがし,東ひがし,junior_high,1,4,4;3,名詞,4:196;3:825,2
end,end,word,終おわる,終おわる,junior_high,1,4,4,,4:3,1
enough,enough,word,十分じゅうぶんな,十分じゅうぶんな,junior_high,1,4,4;3,形容詞,4:23;3:24,2
enter,enter,word,入はいる,入はいる / 入る，入場する,junior_high,1,4,4;3;pre2;2,動詞,4:78;3:331;pre2:325;2:1132,4
eraser,eraser,word,消けしゴム,消けしゴム,junior_high,1,4,4;3,名詞,4:702;3:1065,2
even,even,word,～さえ,～さえ,junior_high,1,4,4;3,副詞,4:663;3:1046,2
ever,ever,word,今いままで,今いままで,junior_high,1,4,4;3,副詞,4:462;3:373,2
exam,exam,word,試験しけん,試験しけん,junior_high,1,4,4,,4:666,1
example,example,word,例れい,例れい,junior_high,1,4,4;3,名詞,4:699;3:530,2
explain,explain,word,説明せつめいする,説明せつめいする / を説明する，を解説する,junior_high,1,4,4;3;pre2;2,動詞,4:585;3:382;pre2:163;2:1310,4
factory,factory,word,工場こうじょう,工場こうじょう / 工場，製造所,junior_high,1,4,4;3;2,名詞,4:114;3:1098;2:898,3
fail,fail,word,失敗しっぱいする,失敗しっぱいする / 失敗する，うまくいかない,junior_high,1,4,4;3;pre2;2,動詞,4:141;3:695;pre2:54;2:996,4
farm,farm,word,農場のうじょう,農場のうじょう,junior_high,1,4,4,,4:580,1
fat,fat,word,太ふとった,太ふとった / 太った，肥満した,junior_high,1,4,4;pre2;2,形容詞,4:202;pre2:932;2:1850,3
feel,feel,word,感かんじる,感かんじる,junior_high,1,4,4;3,動詞,4:711;3:370,2
find,find,word,見みつける,見みつける,junior_high,1,4,4;3,動詞,4:700;3:153,2
finish,finish,word,終おえる,終おえる,junior_high,1,4,4;3,動詞,4:86;3:540,2
fool,fool,word,馬鹿ばか,馬鹿ばか,junior_high,1,4,4;3,名詞,4:483;3:672,2
foolish,foolish,word,愚かおろかな,愚かおろかな / 愚おろかな,junior_high,1,4,4;3,形容詞,4:151;3:933,2
foot,foot,word,足あし,足あし,junior_high,1,4,4;3,名詞,4:21;3:888,2
forget,forget,word,忘わすれる,忘わすれる / を忘れる，忘れ去る,junior_high,1,4,4;3;2,動詞,4:87;3:569;2:757,3
fourth,fourth,word,4番目ばんめ,4番目ばんめ,junior_high,1,4,4,,4:158,1
front,front,word,前まえ,前まえ,junior_high,1,4,4;3,名詞,4:48;3:1119,2
grass,grass,word,草くさ,草くさ / 草,junior_high,1,4,4;3;2,名詞,4:588;3:1121;2:960,3
grow,grow,word,育そだてる,育そだてる,junior_high,1,4,4;3,動詞,4:359;3:89,2
hall,hall,word,廊下ろうか,廊下ろうか,junior_high,1,4,4;3,名詞,4:558;3:990,2
happen,happen,word,起おこる,起おこる / 起こる，発生する,junior_high,1,4,4;3;2,動詞,4:634;3:26;2:853,3
happiness,happiness,word,幸福こうふく,幸福こうふく,junior_high,1,4,4;3,名詞,4:471;3:1107,2
health,health,word,健康けんこう,健康けんこう,junior_high,1,4,4;3,名詞,4:79;3:607,2
hear,hear,word,聞きく,聞きく,junior_high,1,4,4;3,動詞,4:245;3:144,2
her,her,word,彼女かのじょの,彼女かのじょの,junior_high,1,4,4,,4:182;4:188,2
hers,hers,word,彼女かのじょのもの,彼女かのじょのもの,junior_high,1,4,4,,4:159,1
hill,hill,word,丘おか,丘おか,junior_high,1,4,4;3,名詞,4:104;3:582,2
him,him,word,彼かれを,彼かれを,junior_high,1,4,4,に,4:496,1
his,his,word,彼かれの,彼かれの,junior_high,1,4,4,,4:190,1
history,history,word,歴史れきし,歴史れきし / 歴史，過去,junior_high,1,4,4;3;2,名詞,4:360;3:403;2:979,3
hold,hold,word,握にぎる,握にぎる,junior_high,1,4,4;3,動詞,4:49;4:82;3:975,3
honest,honest,word,正直しょうじきな,正直しょうじきな / 正直な,junior_high,1,4,4;3;pre2,形容詞,4:160;3:1116;pre2:574,3
hope,hope,word,望のぞむ,望のぞむ,junior_high,1,4,4;3,動詞,4:222;3:63,2
host,host,word,主人しゅじん,主人しゅじん,junior_high,1,4,4,,4:403,1
hurry,hurry,word,急いそぐ,急いそぐ,junior_high,1,4,4;3,動詞,4:459;3:715,2
ice,ice,word,氷こおり,氷こおり,junior_high,1,4,4,,4:76,1
if,if,word,もし～なら,もし～なら,junior_high,1,4,4;3,接続詞,4:379;3:216,2
important,important,word,重要じゅうような,重要じゅうような,junior_high,1,4,4;3,形容詞,4:157;3:78,2
inside,inside,word,内側うちがわ,内側うちがわ / 中身，内部,junior_high,1,4,4;2,副詞,4:113;2:640,2
introduce,introduce,word,紹介しょうかいする,紹介しょうかいする / 紹介する，引き合わす,junior_high,1,4,4;3;pre2;2,動詞,4:617;3:832;pre2:705;2:469,4
invite,invite,word,招待しょうたいする,招待しょうたいする,junior_high,1,4,4;3,動詞,4:80;3:29,2
its,its,word,その,その,junior_high,1,4,4,,4:183,1
joy,joy,word,喜よろこび,喜よろこび / 喜び，歓喜,junior_high,1,4,4;pre2;2,名詞,4:169;pre2:1002;2:1545,3
just,just,word,ちょうど,ちょうど / たった今いま,junior_high,1,4,4;3,副詞,4:137;3:1162,2
land,land,word,土地とち,土地とち,junior_high,1,4,4;3,名詞,4:130;3:834,2
language,language,word,言語げんご,言語げんご / 言語，言葉,junior_high,1,4,4;3;pre2;2,名詞,4:261;3:1071;pre2:279;2:1212,4
last,last,word,この前まえの，最後さいごの,この前まえの，最後さいごの / 最後さいご / ひとつ前ひとつまえの、最後さいごの,junior_high,1,4,4;3,形容詞,4:4;4:12;3:469,3
laugh,laugh,word,笑わらう,笑わらう,junior_high,1,4,4;3,動詞,4:136;3:762,2
law,law,word,法律ほうりつ,法律ほうりつ / 法律，制度,junior_high,1,4,4;3;pre2;2,名詞,4:697;3:960;pre2:741;2:1014,4
leaf,leaf,word,葉は,葉は,junior_high,1,4,4;3,名詞,4:99;3:857,2
lend,lend,word,貸かす,貸かす,junior_high,1,4,4;3,動詞,4:528;3:378,2
lie,lie,word,嘘うそ,嘘うそ / 横よこたわる / うそ / 横たわる，寝転ぶ,junior_high,1,4,4;3;pre2;2,名詞;動詞,4:67;4:646;3:676;3:1203;pre2:221;pre2:1093;2:1110,7
light,light,word,光ひかり,光ひかり,junior_high,1,4,4,,4:497,1
lose,lose,word,失うしなう,失うしなう / 失う，無くす,junior_high,1,4,4;3;pre2;2,動詞,4:178;3:557;pre2:623;2:1893,4
loud,loud,word,騒さわがしい,騒さわがしい / 騒がしさわがしい,junior_high,1,4,4;3,形容詞,4:81;3:298,2
low,low,word,低ひくい,低ひくい,junior_high,1,4,4;3,形容詞,4:358;3:780,2
magazine,magazine,word,雑誌ざっし,雑誌ざっし,junior_high,1,4,4;3,名詞,4:567;3:919,2
market,market,word,市場しじょう,市場しじょう / 市場いちば / 市場，市場経済,junior_high,1,4,4;3;2,名詞,4:58;3:606;2:717,3
mean,mean,word,意味いみする,意味いみする / を意味する，を示す,junior_high,1,4,4;3;pre2;2,動詞,4:65;3:1063;pre2:175;2:1290,4
meat,meat,word,肉にく,肉にく,junior_high,1,4,4;3,名詞,4:94;3:592,2
medicine,medicine,word,薬くすり,薬くすり / 薬，医薬品,junior_high,1,4,4;3;pre2;2,名詞,4:447;3:822;pre2:1317;2:233,4
million,million,word,100万まん,100万まん / 100万,junior_high,1,4,4;3;pre2;2,名詞,4:539;3:139;pre2:261;2:46,4
mine,mine,word,私わたしのもの,私わたしのもの / 鉱山，地雷,junior_high,1,4,4;pre1,名詞,4:640;pre1:1274,2
neck,neck,word,首くび,首くび,junior_high,1,4,4,,4:508,1
nest,nest,word,巣す,巣す,junior_high,1,4,4;3,名詞,4:409;3:1005,2
net,net,word,網あみ,網あみ,junior_high,1,4,4,,4:176,1
north,north,word,北きた,北きた,junior_high,1,4,4;3,名詞,4:589;3:1147,2
once,once,word,かつて,かつて / かつて，1度,junior_high,1,4,4;3;2,副詞,4:189;3:241;2:500,3
or,or,word,それとも,それとも,junior_high,1,4,4,,4:372,1
other,other,word,他ほかの,他ほかの / ほかの,junior_high,1,4,4;3,形容詞,4:1;3:281,2
own,own,word,自分じぶんの,自分じぶんの / 自身の，自分自身の,junior_high,1,4,4;3;pre2;2,形容詞,4:10;3:74;pre2:1023;2:1418,4
past,past,word,過去かこの,過去かこの / 過去の，終わった,junior_high,1,4,4;3;pre2;2,名詞;形容詞,4:116;3:1034;pre2:235;2:1755,4
pay,pay,word,支払しはらう,支払しはらう,junior_high,1,4,4;3,動詞,4:124;3:172,2
person,person,word,人ひと,人ひと,junior_high,1,4,4;3,名詞,4:90;3:995,2
pick,pick,word,選えらぶ,選えらぶ,junior_high,1,4,4;3,動詞,4:112;3:425,2
plan,plan,word,計画けいかくする,計画けいかくする,junior_high,1,4,4;3,動詞,4:704;3:32,2
planet,planet,word,惑星わくせい,惑星わくせい / 惑星，天体,junior_high,1,4,4;3;pre2;2,名詞,4:131;3:1148;pre2:1436;2:417,4
poem,poem,word,詩し,詩し,junior_high,1,4,4;3,名詞,4:503;3:1001,2
police,police,word,警察けいさつ,警察けいさつ,junior_high,1,4,4,,4:584,1
pond,pond,word,池いけ,池いけ,junior_high,1,4,4;3,名詞,4:132;3:580,2
poor,poor,word,貧乏びんぼうな,貧乏びんぼうな,junior_high,1,4,4;3,形容詞,4:180;3:650,2
popular,popular,word,人気にんきの,人気にんきの / 人気のある，評判の良い,junior_high,1,4,4;3;pre2;2,形容詞,4:54;3:7;pre2:448;2:1493,4
pork,pork,word,豚肉ぶたにく,豚肉ぶたにく,junior_high,1,4,4,,4:110,1
port,port,word,港みなと,港みなと,junior_high,1,4,4;3,名詞,4:47;3:848,2
problem,problem,word,問題もんだい,問題もんだい,junior_high,1,4,4;3,名詞,4:466;3:233,2
question,question,word,質問しつもん,質問しつもん,junior_high,1,4,4,,4:9,1
quiet,quiet,word,静しずかな,静しずかな,junior_high,1,4,4;3,形容詞,4:164;3:1090,2
rain,rain,word,雨あめ,雨あめ,junior_high,1,4,4,,4:20,1
real,real,word,ほんとうの,ほんとうの,junior_high,1,4,4,,4:138,1
realize,realize,word,実現じつげんする,実現じつげんする / だとわかる，実現する,junior_high,1,4,4;3;pre2;2,動詞,4:156;3:1186;pre2:418;2:1054,4
remember,remember,word,思おもい出だす,思おもい出だす / 覚おぼえている / 覚えている，を思い出す,junior_high,1,4,4;3;pre2;2,動詞,4:50;4:60;3:79;pre2:746;2:1390,5
rest,rest,word,休息きゅうそくする,休息きゅうそくする,junior_high,1,4,4;3,動詞,4:13;3:574,2
rise,rise,word,昇のぼる,昇のぼる / 上がる，昇る,junior_high,1,4,4;3;pre2;2,動詞,4:37;4:225;3:360;pre2:1090;2:1890,5
roof,roof,word,屋根やね,屋根やね,junior_high,1,4,4;3,名詞,4:115;3:820,2
row,row,word,こぐ,こぐ,junior_high,1,4,4;3,動詞,4:611;3:778,2
sailor,sailor,word,船員せんいん,船員せんいん,junior_high,1,4,4;3,名詞,4:117;3:740,2
salt,salt,word,塩しお,塩しお,junior_high,1,4,4;3,名詞,4:125;3:244,2
sang,sang,word,歌うたった,歌うたった,junior_high,1,4,4,,4:638,1
sat,sat,word,座すわった,座すわった,junior_high,1,4,4,,4:441,1
save,save,word,節約せつやくする,節約せつやくする,junior_high,1,4,4;3,動詞,4:147;3:200,2
say,say,word,言いう,言いう,junior_high,1,4,4,,4:7,1
seem,seem,word,～の様ように見みえる,～の様ように見みえる / の様に見える，思われる,junior_high,1,4,4;3;pre2;2,動詞,4:121;3:1146;pre2:483;2:1539,4
senior,senior,word,年上としうえの,年上としうえの / 年上としうえの，上級じょうきゅうの / ポストが上の/年上の人,junior_high,1,4,4;3;pre2;2,形容詞,4:174;3:819;pre2:1395;2:355,4
set,set,word,置おく,置おく,junior_high,1,4,4,,4:57,1
shout,shout,word,叫さけぶ,叫さけぶ,junior_high,1,4,4;3,動詞,4:25;3:686,2
show,show,word,見みせる,見みせる,junior_high,1,4,4;3,動詞,4:36;3:50,2
snow,snow,word,雪ゆき,雪ゆき,junior_high,1,4,4,,4:88,1
south,south,word,南みなみ,南みなみ,junior_high,1,4,4;3,名詞,4:474;3:891,2
spend,spend,word,費ついやす,費ついやす / を費やす，使う,junior_high,1,4,4;3;pre2;2,動詞,4:68;3:397;pre2:156;2:168,4
stay,stay,word,滞在たいざい,滞在たいざい / 滞在たいざいする,junior_high,1,4,4;3,動詞,4:191;3:62,2
still,still,word,まだ,まだ,junior_high,1,4,4;3,副詞,4:149;3:6,2
stone,stone,word,石いし,石いし,junior_high,1,4,4,,4:109,1
strange,strange,word,奇妙きみょうな,奇妙きみょうな / 奇妙な，異常な,junior_high,1,4,4;3;pre2;2,形容詞,4:548;3:951;pre2:967;2:1185,4
success,success,word,成功せいこう,成功せいこう / 成功，達成,junior_high,1,4,4;3;pre2;2,名詞,4:107;3:1195;pre2:564;2:1112,4
such,such,word,そのような,そのような,junior_high,1,4,4;3,形容詞,4:31;3:448,2
sugar,sugar,word,砂糖さとう,砂糖さとう,junior_high,1,4,4,,4:118,1
sun,sun,word,太陽たいよう,太陽たいよう,junior_high,1,4,4;3,名詞,4:43;3:633,2
sure,sure,word,確信かくしんして,確信かくしんして / 確信して，自信をもって,junior_high,1,4,4;3;2,形容詞,4:63;3:96;2:1984,3
tell,tell,word,伝つたえる,伝つたえる,junior_high,1,4,4;3,動詞,4:24;4:85;3:641,3
their,their,word,彼かれらの,彼かれらの,junior_high,1,4,4,,4:193,1
theirs,theirs,word,彼かれらのもの,彼かれらのもの,junior_high,1,4,4,,4:288,1
them,them,word,彼かれらを,彼かれらを,junior_high,1,4,4,に,4:613,1
then,then,word,そのとき,そのとき,junior_high,1,4,4;3,副詞,4:165;3:48,2
they,they,word,彼かれらは,彼かれらは,junior_high,1,4,4,,4:154,1
though,though,word,～だけれど,～だけれど / だけれども / だけれども，しかし,junior_high,1,4,4;3;2,接続詞,4:458;3:899;2:777,3
thousand,thousand,word,千せん、千せんの,千せん、千せんの / 千せん,junior_high,1,4,4;3,名詞,4:128;3:636,2
throw,throw,word,投なげる,投なげる,junior_high,1,4,4,,4:84,1
toy,toy,word,玩具おもちゃ,玩具おもちゃ,junior_high,1,4,4;3,名詞,4:200;3:560,2
understand,understand,word,理解りかいする,理解りかいする,junior_high,1,4,4;3,動詞,4:52;3:422,2
used,used,word,使つかった,使つかった,junior_high,1,4,4,,4:201,1
useful,useful,word,役やくに立たつ,役やくに立たつ / 役に立つ，有用な,junior_high,1,4,4;3;pre2;2,形容詞,4:73;3:642;pre2:931;2:1443,4
usual,usual,word,通常つうじょうの,通常つうじょうの,junior_high,1,4,4;3,形容詞,4:56;3:750,2
wake,wake,word,目めが覚さめる,目めが覚さめる,junior_high,1,4,4;3,動詞,4:123;3:980,2
war,war,word,戦争せんそう,戦争せんそう / 戦争，衝突,junior_high,1,4,4;3;pre2;2,名詞,4:69;3:818;pre2:686;2:1297,4
waste,waste,word,浪費ろうひ,浪費ろうひ / を浪費する/浪費，廃棄物,junior_high,1,4,4;3;pre2;2,動詞;名詞,4:175;3:914;pre2:39;2:137,4
wave,wave,word,波なみ,波なみ,junior_high,1,4,4;3,名詞,4:185;3:1015,2
weak,weak,word,弱よわい,弱よわい / 弱よわい，かすかな,junior_high,1,4,4;3,形容詞,4:170;3:1129,2
wear,wear,word,着きる,着きる / 身につけている，着用している,junior_high,1,4,4;3;pre2;2,動詞,4:70;3:182;pre2:605;2:1867,4
while,while,word,～する間あいだ,～する間あいだ / 一方で,junior_high,1,4,4;3;pre2,接続詞,4:140;3:367;pre2:959,3
wife,wife,word,妻つま,妻つま,junior_high,1,4,4;3,名詞,4:93;3:452,2
wind,wind,word,風かぜ,風かぜ,junior_high,1,4,4;3,名詞,4:108;3:793,2
wish,wish,word,望のぞむ,望のぞむ,junior_high,1,4,4;3,動詞,4:100;3:527,2
wood,wood,word,木材もくざい,木材もくざい,junior_high,1,4,4;3,名詞,4:120;3:1084,2
word,word,word,言葉ことば,言葉ことば,junior_high,1,4,4;3,名詞,4:44;3:600,2
worry,worry,word,心配しんぱいさせる,心配しんぱいさせる / 心配させる，心配する,junior_high,1,4,4;3;pre2;2,動詞,4:92;3:309;pre2:1074;2:1004,4
yesterday,yesterday,word,昨日きのう,昨日きのう,junior_high,1,4,4;3,副詞,4:195;3:663,2
yours,yours,word,あなたのもの,あなたのもの,junior_high,1,4,4,,4:168,1
above,above,word,上うえに，上記じょうきの,上うえに，上記じょうきの,junior_high,2,3,3,副詞,3:971,1
abroad,abroad,word,外国がいこくへ,外国がいこくへ / 外国で，外国へ,junior_high,1,3,3;pre2;2,副詞,3:604;pre2:64;2:387,3
accept,accept,word,を受うけ入いれる,を受うけ入いれる / 受け入れる，受け取る,junior_high,1,3,3;pre2;2,動詞,3:957;pre2:696;2:1994,3
accident,accident,word,事故じこ,事故じこ,junior_high,2,3,3,名詞,3:250,1
actually,actually,word,実じつは、本当ほんとうは,実じつは、本当ほんとうは / 実際に，現実に,junior_high,1,3,3;pre2;2,副詞,3:541;pre2:1004;2:378,3
address,address,word,住所じゅうしょ,住所じゅうしょ / 住所，居住地,junior_high,1,3,3;pre2;2,名詞,3:674;pre2:695;2:1346,3
affect,affect,word,に影響えいきょうを与あたえる,に影響えいきょうを与あたえる / に影響を与える，に作用する,junior_high,1,3,3;pre2;2,動詞,3:1041;pre2:1244;2:80,3
agree,agree,word,賛成さんせいする,賛成さんせいする / 同意する，承認する,junior_high,2,3,3;pre2,動詞,3:647;pre2:404,2
ahead,ahead,word,前方ぜんぽうに,前方ぜんぽうに,junior_high,2,3,3,副詞,3:1208,1
airline,airline,word,航空会社こうくうがいしゃ,航空会社こうくうがいしゃ / 航空会社，航空業者,junior_high,1,3,3;pre2;2,名詞,3:576;pre2:1190;2:1339,3
almost,almost,word,ほとんど,ほとんど / ほとんど，たいてい,junior_high,1,3,3;pre2;2,副詞,3:37;pre2:1369;2:314,3
already,already,word,すでに、もう,すでに、もう,junior_high,2,3,3,副詞,3:175,1
although,although,word,であるけれど,であるけれど / だけれども，しかし,junior_high,1,3,3;pre2;2,接続詞,3:871;pre2:67;2:1456,3
amaze,amaze,word,をびっくりさせる,をびっくりさせる / をびっくりさせる，驚かせる,junior_high,2,3,3;pre1,動詞,3:860;pre1:434,2
amount,amount,word,量りょう，額がく,量りょう，額がく / 量，額,junior_high,1,3,3;pre2;2,名詞,3:906;pre2:40;2:187,3
angry,angry,word,怒おこった、腹はらを立たてた,怒おこった、腹はらを立たてた,junior_high,2,3,3,形容詞,3:224,1
announce,announce,word,を発表はっぴょうする,を発表はっぴょうする,junior_high,2,3,3,動詞,3:711,1
anyway,anyway,word,ともかく,ともかく,junior_high,2,3,3;pre2,副詞,3:307;pre2:100,2
anywhere,anywhere,word,どこでも,どこでも,junior_high,2,3,3,副詞,3:474,1
apply,apply,word,当あてはまる,当あてはまる / 適用する，応用する,junior_high,1,3,3;pre2;2,動詞,3:978;pre2:682;2:1221,3
army,army,word,陸軍りくぐん,陸軍りくぐん,junior_high,2,3,3,名詞,3:1070,1
around,around,word,のまわりに,のまわりに,junior_high,2,3,3,前置詞,3:483,1
arrest,arrest,word,を逮捕たいほする,を逮捕たいほする / を逮捕する，捕まえる,junior_high,1,3,3;pre2;2;pre1,動詞,3:946;pre2:1242;2:77;pre1:95,4
arrive,arrive,word,到着とうちゃくする,到着とうちゃくする,junior_high,2,3,3,動詞,3:98,1
arrow,arrow,word,矢や,矢や,junior_high,2,3,3,名詞,3:705,1
artistic,artistic,word,芸術的げいじゅつてきな,芸術的げいじゅつてきな,junior_high,2,3,3,形容詞,3:813,1
attend,attend,word,に通かよう、に出席しゅっせきする,に通かよう、に出席しゅっせきする / 出席する，付き添う,junior_high,1,3,3;pre2;2,動詞,3:501;pre2:450;2:1379,3
attention,attention,word,注意ちゅうい,注意ちゅうい,junior_high,2,3,3,名詞,3:282,1
audience,audience,word,聴衆ちょうしゅう，観客かんきゃく,聴衆ちょうしゅう，観客かんきゃく / 聴衆，観客,junior_high,1,3,3;pre2;2,名詞,3:984;pre2:274;2:839,3
awake,awake,word,目めが覚さめる,目めが覚さめる / 目を覚ましている，覚醒している,junior_high,1,3,3;pre2;2,形容詞,3:1022;pre2:1013;2:1442,3
award,award,word,賞しょう,賞しょう / 賞,junior_high,1,3,3;pre2;2,名詞,3:312;pre2:660;2:2270,3
awesome,awesome,word,すばらしい,すばらしい,junior_high,2,3,3,形容詞,3:702,1
bake,bake,word,焼やく,焼やく / 焼く，焼成する,junior_high,2,3,3;2,動詞,3:739;2:2146,2
bakery,bakery,word,パン屋ぱんや,パン屋ぱんや,junior_high,2,3,3,名詞,3:318,1
ban,ban,word,を禁止きんしする,を禁止きんしする / を禁止する/禁止 / を禁止する，を禁制する,junior_high,1,3,3;pre2;2;pre1,動詞,3:833;pre2:648;2:403;pre1:510,4
bank,bank,word,銀行ぎんこう,銀行ぎんこう,junior_high,2,3,3,名詞,3:197,1
barber,barber,word,散髪屋さんぱつや,散髪屋さんぱつや,junior_high,2,3,3,名詞,3:757,1
behavior,behavior,word,ふるまい,ふるまい / 振る舞い，態度,junior_high,1,3,3;pre2;2,名詞,3:1136;pre2:322;2:1037,3
behind,behind,word,背後はいごに,背後はいごに / 背後に，後方に,junior_high,1,3,3;pre2;2,前置詞;副詞,3:563;pre2:36;2:1083,3
belong,belong,word,のものである,のものである / に属する，所属する,junior_high,1,3,3;pre2;2,動詞,3:851;pre2:535;2:1772,3
below,below,word,下したに、下記かきの,下したに、下記かきの,junior_high,2,3,3,副詞,3:293,1
beside,beside,word,横よこに,横よこに / の横に，隣に,junior_high,2,3,3;2,前置詞,3:129;2:1154,2
besides,besides,word,その上うえ，さらに,その上うえ，さらに,junior_high,2,3,3,接続詞,3:1099,1
beyond,beyond,word,を超こえた所ところに,を超こえた所ところに / ～を越えたところに，～を超えた場所に,junior_high,1,3,3;pre2;2,前置詞,3:1043;pre2:432;2:529,3
billion,billion,word,10億おく,10億おく / 10億,junior_high,2,3,3;2,名詞,3:1091;2:2271,2
bit,bit,word,少すこし,少すこし,junior_high,2,3,3,名詞,3:929,1
blind,blind,word,目めの見みえない,目めの見みえない,junior_high,2,3,3,形容詞,3:1178,1
blood,blood,word,血ち,血ち / 血，血液,junior_high,1,3,3;pre2;2,名詞,3:1051;pre2:1159;2:1582,3
blow,blow,word,吹ふく,吹ふく / 吹く，吹き飛ばす,junior_high,1,3,3;pre2;2,動詞,3:866;pre2:185;2:978,3
boil,boil,word,ゆでる、煮にる,ゆでる、煮にる,junior_high,2,3,3,動詞,3:402,1
bomb,bomb,word,爆弾ばくだん,爆弾ばくだん,junior_high,2,3,3,名詞,3:982,1
border,border,word,国境こっきょう,国境こっきょう / 国境，境界,junior_high,1,3,3;2;pre1,名詞,3:746;2:664;pre1:2716,3
born,born,word,生うまれる,生うまれる,junior_high,2,3,3,形容詞,3:754,1
both,both,word,両方りょうほうの,両方りょうほうの,junior_high,2,3,3,形容詞,3:654,1
bother,bother,word,面倒めんどう,面倒めんどう / 面倒，迷惑をかける / 面倒/迷惑をかける,junior_high,1,3,3;pre2;2,動詞,3:706;pre2:37;2:930,3
brain,brain,word,頭脳ずのう,頭脳ずのう / 頭脳，脳,junior_high,1,3,3;pre2;2,名詞,3:742;pre2:229;2:110,3
branch,branch,word,枝えだ,枝えだ,junior_high,2,3,3,名詞,3:782,1
brave,brave,word,勇敢ゆうかんな,勇敢ゆうかんな,junior_high,2,3,3,形容詞,3:985,1
break,break,word,壊こわれる，破やぶる,壊こわれる，破やぶる,junior_high,2,3,3,動詞,3:105,1
burden,burden,word,負担ふたん，重荷おもに,負担ふたん，重荷おもに / 負担，重荷,junior_high,1,3,3;2;pre1,名詞,3:1083;2:594;2:2208;pre1:3127,4
burn,burn,word,を燃もやす,を燃もやす,junior_high,2,3,3,動詞,3:598,1
calligraphy,calligraphy,word,書道しょどう,書道しょどう,junior_high,2,3,3,名詞,3:693,1
calm,calm,word,落おち着ついた,落おち着ついた / 穏やかな，静かな,junior_high,2,3,3;2,形容詞,3:694;2:1883,2
cancer,cancer,word,がん,がん,junior_high,2,3,3,名詞,3:721,1
capture,capture,word,を捕つかまえる,を捕つかまえる / を捕まえる，捉える,junior_high,2,3,3;2,動詞,3:939;2:782,2
care,care,word,注意ちゅういする、世話せわする,注意ちゅういする、世話せわする,junior_high,2,3,3,動詞,3:189,1
celebrate,celebrate,word,祝いわう,祝いわう / 祝う，祝福する,junior_high,1,3,3;pre2;2,動詞,3:345;pre2:1305;2:212,3
century,century,word,世紀せいき,世紀せいき,junior_high,2,3,3,名詞,3:534,1
certain,certain,word,確たしかな,確たしかな / ある，確信している,junior_high,1,3,3;pre2;2,形容詞,3:1037;pre2:320;2:111,3
certainly,certainly,word,確たしかに,確たしかに / 確かに，間違いなく,junior_high,1,3,3;pre2;2,副詞,3:1154;pre2:23;2:216,3
charge,charge,word,を充電じゅうでんする,を充電じゅうでんする / 非難，料金，管理/に請求する,junior_high,1,3,3;pre2;2,動詞;名詞,3:1134;pre2:813;2:375,3
cheap,cheap,word,安やすい,安やすい,junior_high,2,3,3,形容詞,3:46,1
chemical,chemical,word,化学物質かがくぶっしつ,化学物質かがくぶっしつ / 化学物質/化学の,junior_high,1,3,3;pre2;2,名詞,3:936;pre2:190;2:199,3
climate,climate,word,気候きこう,気候きこう / 気候，天候,junior_high,1,3,3;pre2;2,名詞,3:908;pre2:68;2:31,3
coal,coal,word,石炭せきたん,石炭せきたん / 石炭，炭,junior_high,1,3,3;pre2;2,名詞,3:788;pre2:673;2:1979,3
collect,collect,word,集あつめる,集あつめる / 集める，収集する,junior_high,1,3,3;pre2;2,動詞,3:249;pre2:14;2:1736,3
colony,colony,word,植民地しょくみんち,植民地しょくみんち / 植民地，入植地,junior_high,2,3,3;2,名詞,3:1032;2:1494,2
comfortable,comfortable,word,心地ここちの良よい,心地ここちの良よい / 心地の良い，快適な,junior_high,1,3,3;pre2;2,形容詞,3:590;pre2:17;2:1383,3
common,common,word,共通きょうつうの,共通きょうつうの / 共通の，共同の,junior_high,1,3,3;pre2;2,形容詞,3:785;pre2:174;2:14,3
company,company,word,会社かいしゃ,会社かいしゃ / 会社,junior_high,2,3,3;pre2,名詞,3:393;pre2:27,2
complain,complain,word,不満ふまんを言いう,不満ふまんを言いう / 不満を言う，不平を言う,junior_high,1,3,3;pre2;2,動詞,3:554;pre2:204;2:1502,3
condition,condition,word,状況じょうきょう,状況じょうきょう / 状態，条件，情勢,junior_high,1,3,3;pre2;2,名詞,3:1082;pre2:69;2:263,3
consumer,consumer,word,消費者しょうひしゃ,消費者しょうひしゃ / 消費者，利用者,junior_high,1,3,3;pre2;2,名詞,3:1110;pre2:677;2:1301,3
continue,continue,word,続つづく,続つづく / をし続ける，続ける,junior_high,1,3,3;pre2;2,動詞,3:601;pre2:47;2:1827,3
convenient,convenient,word,便利べんりな,便利べんりな / 都合がよい，便利な,junior_high,1,3,3;pre2;2,形容詞,3:874;pre2:1101;2:1463,3
correct,correct,word,正解せいかい,正解せいかい / 正確な/を訂正する,junior_high,1,3,3;pre2;2,形容詞,3:624;pre2:49;2:334,3
cost,cost,word,費用ひよう,費用ひよう,junior_high,2,3,3,名詞,3:254,1
could,could,word,できた,できた,junior_high,2,3,3,助動詞,3:1131,1
countryside,countryside,word,田舎いなか,田舎いなか / 田舎，地方,junior_high,2,3,3;pre1,名詞,3:905;pre1:153,2
courage,courage,word,勇気ゆうき,勇気ゆうき / 勇気，勇猛,junior_high,2,3,3;2,名詞,3:1064;2:1272,2
cousin,cousin,word,いとこ,いとこ,junior_high,2,3,3,名詞,3:210,1
crazy,crazy,word,気きの狂くるった,気きの狂くるった,junior_high,2,3,3,形容詞,3:1024,1
creative,creative,word,創造力そうぞうりょくのある,創造力そうぞうりょくのある / 創造的な，独創的な,junior_high,2,3,3;2,形容詞,3:836;2:1053,2
crowd,crowd,word,群衆ぐんしゅう,群衆ぐんしゅう / 群衆，大衆,junior_high,1,3,3;pre2;2,名詞,3:717;pre2:987;2:1385,3
cry,cry,word,泣なく,泣なく,junior_high,2,3,3,動詞,3:584,1
curious,curious,word,好奇心こうきしんの強つよい,好奇心こうきしんの強つよい / 好奇心が強い，探究心が強い,junior_high,1,3,3;pre2;2,形容詞,3:947;pre2:478;2:1294,3
custom,custom,word,習慣しゅうかん,習慣しゅうかん / 習慣，慣例 / 習慣，慣習,junior_high,1,3,3;pre2;2,名詞,3:709;pre2:582;2:1281;2:2269,4
customer,customer,word,顧客こきゃく,顧客こきゃく / 顧客，お客様,junior_high,1,3,3;pre2;2,名詞,3:239;pre2:1177;2:11,3
daily,daily,word,日常にちじょうの,日常にちじょうの,junior_high,2,3,3,形容詞,3:840,1
dangerous,dangerous,word,危険きけんな,危険きけんな,junior_high,2,3,3,形容詞,3:665,1
daughter,daughter,word,娘むすめ,娘むすめ,junior_high,2,3,3,名詞,3:455,1
dead,dead,word,死しんだ,死しんだ,junior_high,2,3,3,形容詞,3:901,1
death,death,word,死し,死し,junior_high,2,3,3,名詞,3:752,1
debate,debate,word,討論とうろん,討論とうろん / 討論，議論,junior_high,1,3,3;pre2;2,名詞,3:1017;pre2:592;2:1594,3
decision,decision,word,決定けってい,決定けってい / 決定，結論,junior_high,1,3,3;pre2;2,名詞,3:966;pre2:186;2:1422,3
definitely,definitely,word,もちろん、確たしかに,もちろん、確たしかに / 絶対に，確実に / もちろん，確かに,junior_high,1,3,3;pre2;2,副詞,3:802;pre2:363;2:2273,3
depend,depend,word,頼たよる,頼たよる / 依存する，頼る,junior_high,1,3,3;pre2;2,動詞,3:1112;pre2:641;2:1086,3
desert,desert,word,砂漠さばく,砂漠さばく / 砂漠，乾燥地帯,junior_high,1,3,3;pre2;2,名詞,3:846;pre2:1037;2:812,3
design,design,word,を設計せっけいする,を設計せっけいする,junior_high,2,3,3,動詞,3:490,1
destroy,destroy,word,を破壊はかいする,を破壊はかいする / を破壊する，を壊す,junior_high,1,3,3;pre2;2,動詞,3:734;pre2:45;2:1700,3
development,development,word,開発かいはつ,開発かいはつ / 発展，発達，開発,junior_high,1,3,3;pre2;2,名詞,3:931;pre2:501;2:65,3
device,device,word,装置そうち,装置そうち / 装置，仕掛け,junior_high,1,3,3;pre2;2,名詞,3:1158;pre2:578;2:29,3
difference,difference,word,違ちがい,違ちがい / 違い，差分,junior_high,1,3,3;pre2;2,名詞,3:538;pre2:1021;2:1978,3
dirty,dirty,word,汚きたない,汚きたない,junior_high,2,3,3,形容詞,3:228,1
disagree,disagree,word,意見いけんが合あわない,意見いけんが合あわない / 反対する，拒否する,junior_high,2,3,3;2,動詞,3:733;2:1914,2
disaster,disaster,word,災害さいがい,災害さいがい / 災害，災難,junior_high,1,3,3;pre2;2;pre1,名詞,3:1125;pre2:181;2:1196;pre1:2257,4
discrimination,discrimination,word,差別さべつ,差別さべつ / 差別/差別的な,junior_high,1,3,3;2;pre1,名詞,3:924;2:2144;pre1:996,3
discuss,discuss,word,話はなし合あう,話はなし合あう / について議論する，検討する,junior_high,1,3,3;pre2;2,動詞,3:838;pre2:97;2:1853,3
discussion,discussion,word,討論とうろん,討論とうろん / 議論，討論,junior_high,1,3,3;pre2;2,名詞,3:1027;pre2:1113;2:1008,3
disease,disease,word,病気びょうき,病気びょうき / 病気，疾患,junior_high,1,3,3;pre2;2,名詞,3:1128;pre2:358;2:26,3
domestic,domestic,word,国内こくないの,国内こくないの / 国内の，家庭の / 国内の，自国の,junior_high,1,3,3;pre2;2;pre1,形容詞,3:806;pre2:1132;2:951;2:2143;pre1:3358,5
donate,donate,word,を寄付きふする,を寄付きふする / を寄付する，を寄贈する,junior_high,1,3,3;2;pre1,動詞,3:1003;2:2139;pre1:1895,3
drive,drive,word,運転うんてんする,運転うんてんする,junior_high,2,3,3,動詞,3:149,1
drop,drop,word,落おちる,落おちる,junior_high,2,3,3,動詞,3:823,1
earthquake,earthquake,word,地震じしん,地震じしん / 地震,junior_high,2,3,3;pre1,名詞,3:760;pre1:84,2
ecosystem,ecosystem,word,生態系せいたいけい,生態系せいたいけい,junior_high,2,3,3,名詞,3:827,1
effective,effective,word,効果的こうかてきな,効果的こうかてきな / 効果的な，有用な,junior_high,1,3,3;pre2;2,形容詞,3:1076;pre2:1117;2:650,3
electricity,electricity,word,電力でんりょく,電力でんりょく / 電力，電気,junior_high,1,3,3;pre2;2;pre1,名詞,3:855;pre2:1314;2:227;pre1:200,4
electronic,electronic,word,電子でんしの,電子でんしの / 電子の，電子式の,junior_high,1,3,3;pre2;2,形容詞,3:713;pre2:588;2:1460,3
else,else,word,その他たに,その他たに,junior_high,2,3,3,副詞,3:959,1
emergency,emergency,word,緊急事態きんきゅうじたい,緊急事態きんきゅうじたい / 緊急，急ぎ / 緊急事態，緊急,junior_high,1,3,3;pre2;2,名詞,3:758;pre2:38;2:2191,3
employee,employee,word,従業員じゅうぎょういん,従業員じゅうぎょういん / 従業員，社員,junior_high,1,3,3;pre2;2,名詞,3:1183;pre2:462;2:1959,3
encourage,encourage,word,を勇気ゆうきづける,を勇気ゆうきづける / を勇気づける，励ます,junior_high,1,3,3;pre2;2;pre1,動詞,3:749;pre2:689;2:699;pre1:3116,4
endangered,endangered,word,絶滅ぜつめつの危機ききにさらされている,絶滅ぜつめつの危機ききにさらされている / 絶滅の危機にさらされている,junior_high,2,3,3;pre1,形容詞,3:873;pre1:3372,2
enemy,enemy,word,敵てき,敵てき,junior_high,2,3,3,名詞,3:703,1
environment,environment,word,環境かんきょう、状況じょうきょう,環境かんきょう、状況じょうきょう / 環境，状況,junior_high,1,3,3;pre2;2,名詞,3:380;pre2:820;2:3,3
establish,establish,word,を設立せつりつする,を設立せつりつする / を設立する，創設する,junior_high,1,3,3;pre2;2,動詞,3:858;pre2:164;2:253,3
evacuation,evacuation,word,避難ひなん,避難ひなん,junior_high,2,3,3,名詞,3:677,1
everywhere,everywhere,word,どこでも,どこでも,junior_high,2,3,3,副詞,3:211,1
exception,exception,word,例外れいがい,例外れいがい / 例外，特例,junior_high,1,3,3;pre2;2,名詞,3:1152;pre2:1467;2:463,3
exchange,exchange,word,交換こうかん,交換こうかん,junior_high,2,3,3,動詞,3:644,1
expensive,expensive,word,高価こうかな，費用ひようのかかる,高価こうかな，費用ひようのかかる / 高価な，費用のかかる,junior_high,1,3,3;pre2;2,形容詞,3:18;pre2:1020;2:920,3
extend,extend,word,を広ひろげる,を広ひろげる / 延びる，延長する,junior_high,1,3,3;pre2;2,動詞,3:1106;pre2:872;2:1958,3
extinction,extinction,word,絶滅ぜつめつ,絶滅ぜつめつ / 絶滅，消失,junior_high,2,3,3;2,名詞,3:1056;2:1285,2
extinguisher,extinguisher,word,消火器しょうかき,消火器しょうかき,junior_high,2,3,3,名詞,3:986,1
fact,fact,word,事実じじつ、現実げんじつ,事実じじつ、現実げんじつ,junior_high,2,3,3,名詞,3:549,1
fantastic,fantastic,word,素晴すばらしい,素晴すばらしい / 素晴らしい,junior_high,2,3,3;pre1,形容詞,3:1057;pre1:562,2
feather,feather,word,羽はね,羽はね / 羽根，羽毛,junior_high,2,3,3;pre1,名詞,3:1019;pre1:199,2
few,few,word,いくつかの,いくつかの,junior_high,2,3,3,形容詞,3:417,1
fight,fight,word,戦たたかう,戦たたかう,junior_high,2,3,3,動詞,3:707,1
fill,fill,word,いっぱいにする,いっぱいにする,junior_high,2,3,3,動詞,3:723,1
film,film,word,映画えいが,映画えいが,junior_high,2,3,3,名詞,3:1115,1
finally,finally,word,ついに、やっと,ついに、やっと / ついに，やっと,junior_high,2,3,3;2,副詞,3:578;2:868,2
finger,finger,word,指ゆび,指ゆび,junior_high,2,3,3,名詞,3:384,1
fire,fire,word,火事かじ,火事かじ / を首くびにする，解雇かいこする / 首にする，火をつける/火，火事,junior_high,1,3,3;pre2;2,名詞;動詞,3:1175;3:1197;pre2:336;2:1858,4
fix,fix,word,固定こていする,固定こていする / 固定する，固める / 固定する，修理する,junior_high,1,3,3;pre2;2,動詞,3:463;pre2:757;2:1168,3
flat,flat,word,平たいらな,平たいらな,junior_high,2,3,3,形容詞,3:839,1
flavor,flavor,word,風味ふうみ,風味ふうみ / 風味，味,junior_high,1,3,3;pre2;2,名詞,3:591;pre2:76;2:1899,3
flight,flight,word,飛行ひこう,飛行ひこう,junior_high,2,3,3,名詞,3:997,1
focus,focus,word,集中しゅうちゅうする,集中しゅうちゅうする / 焦点，中心,junior_high,1,3,3;pre2;2,動詞;名詞,3:1170;pre2:995;2:1559,3
fold,fold,word,を折おる，折おりたたむ,を折おる，折おりたたむ / 折りたたむ，畳む,junior_high,1,3,3;2;pre1,動詞,3:926;2:1933;pre1:3348,3
foreign,foreign,word,外国がいこくの,外国がいこくの / 外国の，海外の,junior_high,1,3,3;pre2;2,形容詞,3:617;pre2:871;2:1260,3
fortunately,fortunately,word,幸運こううんにも,幸運こううんにも / 運よく，幸いにも,junior_high,2,3,3;pre1,副詞,3:1151;pre1:152,2
forward,forward,word,前まえへ,前まえへ / 前方へ，前に,junior_high,1,3,3;pre2;2,副詞,3:1181;pre2:691;2:1665,3
fresh,fresh,word,新鮮しんせんな,新鮮しんせんな,junior_high,2,3,3,形容詞,3:608,1
functional,functional,word,実用的じつようてきな,実用的じつようてきな / 機能的な，機能上の,junior_high,2,3,3;pre1,形容詞,3:853;pre1:1475,2
garden,garden,word,庭にわ,庭にわ,junior_high,2,3,3,名詞,3:54,1
gas,gas,word,ガソリン,ガソリン,junior_high,2,3,3,名詞,3:728,1
gentle,gentle,word,優やさしい,優やさしい / 穏やかな，物柔らかな,junior_high,1,3,3;pre2;2,形容詞,3:684;pre2:566;2:997,3
glad,glad,word,うれしい,うれしい,junior_high,2,3,3,形容詞,3:292,1
god,god,word,神かみ,神かみ,junior_high,2,3,3,名詞,3:1177,1
government,government,word,政府せいふ,政府せいふ / 政府，行政府，内閣,junior_high,1,3,3;pre2;2,名詞,3:904;pre2:50;2:44,3
grade,grade,word,評価ひょうか,評価ひょうか,junior_high,2,3,3,名詞,3:587,1
graduate,graduate,word,卒業そつぎょうする,卒業そつぎょうする / を卒業する，を修了する,junior_high,1,3,3;pre2;2,動詞,3:661;pre2:985;2:231,3
graduation,graduation,word,卒業そつぎょう,卒業そつぎょう,junior_high,2,3,3,名詞,3:1092,1
growth,growth,word,増加ぞうか,増加ぞうか,junior_high,2,3,3,名詞,3:969,1
gym,gym,word,体育館たいいくかん,体育館たいいくかん,junior_high,2,3,3,名詞,3:875,1
habit,habit,word,習慣しゅうかん,習慣しゅうかん / 習慣，慣行 / 習慣，慣習,junior_high,1,3,3;pre2;2,名詞,3:755;pre2:638;2:665;2:2124,4
handle,handle,word,を処理しょりする,を処理しょりする / を手で扱う，に対処する/取っ手,junior_high,1,3,3;pre2;2,動詞,3:428;pre2:628;2:262,3
headache,headache,word,頭痛ずつう,頭痛ずつう / 頭痛,junior_high,2,3,3;pre1,名詞,3:470;pre1:198,2
healthy,healthy,word,健康けんこうな,健康けんこうな,junior_high,2,3,3,形容詞,3:111,1
heat,heat,word,熱ねつ,熱ねつ,junior_high,2,3,3,名詞,3:1095,1
heaven,heaven,word,天国てんごく,天国てんごく,junior_high,2,3,3,名詞,3:671,1
heavy,heavy,word,重おもい,重おもい,junior_high,2,3,3,形容詞,3:92,1
himself,himself,word,彼自身かれじしんを,彼自身かれじしんを,junior_high,2,3,3,代名詞,3:1199,1
hit,hit,word,打うつ,打うつ,junior_high,2,3,3,動詞,3:222,1
hole,hole,word,穴あな,穴あな,junior_high,2,3,3,名詞,3:381,1
holy,holy,word,神聖しんせいな,神聖しんせいな / 神聖な，聖なる,junior_high,2,3,3;2,形容詞,3:912;2:2226,2
honey,honey,word,蜂蜜はちみつ,蜂蜜はちみつ,junior_high,2,3,3,名詞,3:1120,1
hopeful,hopeful,word,希望きぼうを持もっている,希望きぼうを持もっている,junior_high,2,3,3,形容詞,3:842,1
horizon,horizon,word,地平線ちへいせん、水平線すいへいせん,地平線ちへいせん、水平線すいへいせん / 地平線，水平線,junior_high,2,3,3;pre1,名詞,3:338;pre1:94,2
horror,horror,word,恐怖きょうふ,恐怖きょうふ / 恐怖，怖さ,junior_high,1,3,3;pre2;2,名詞,3:499;pre2:401;2:1070,3
however,however,word,しかし,しかし / しかしながら，どんなに～でも,junior_high,1,3,3;pre2;2,接続詞;副詞,3:616;pre2:13;2:2,3
hurt,hurt,word,を傷きずつける,を傷きずつける / を傷つける,junior_high,2,3,3;pre2,動詞,3:118;pre2:52,2
husband,husband,word,夫おっと,夫おっと,junior_high,2,3,3,名詞,3:283,1
illegal,illegal,word,違法いほうな,違法いほうな / 違法の，不正な / 違法な，不法な,junior_high,1,3,3;pre2;2;pre1,形容詞,3:712;pre2:1179;2:1147;pre1:1152,4
illiterate,illiterate,word,読よみ書かきのできない,読よみ書かきのできない / 読み書きのできない / 文盲の,junior_high,1,3,3;pre1;1,形容詞,3:828;pre1:3318;1:3080,3
image,image,word,画像がぞう，印象いんしょう,画像がぞう，印象いんしょう,junior_high,2,3,3,名詞,3:1143,1
imagine,imagine,word,を想像そうぞうする,を想像そうぞうする,junior_high,2,3,3,動詞,3:332,1
import,import,word,を輸入ゆにゅうする,を輸入ゆにゅうする / 輸入する，直輸入する,junior_high,1,3,3;pre2;2,動詞,3:1007;pre2:194;2:1869,3
include,include,word,を含ふくむ,を含ふくむ / を含む，内包する,junior_high,1,3,3;pre2;2,動詞,3:974;pre2:555;2:789,3
increase,increase,word,を増ふやす，増大ぞうだいさせる,を増ふやす，増大ぞうだいさせる / を増やす，増大させる,junior_high,1,3,3;pre2;2,動詞,3:879;pre2:697;2:203,3
independence,independence,word,独立どくりつ,独立どくりつ / 独立，自立,junior_high,2,3,3;pre2,名詞,3:683;pre2:755,2
information,information,word,情報じょうほう,情報じょうほう / 情報,junior_high,2,3,3;pre2,名詞,3:171;pre2:7,2
injure,injure,word,を傷きずつける,を傷きずつける / を傷つける,junior_high,2,3,3;pre1,動詞,3:496;pre1:206,2
instead,instead,word,そのかわりに,そのかわりに / 代わりに，その代わり,junior_high,1,3,3;pre2;2;pre1,副詞,3:51;pre2:19;2:5;pre1:145,4
instruction,instruction,word,指示しじ,指示しじ / 指示，指導,junior_high,1,3,3;pre2;2,名詞,3:913;pre2:737;2:425,3
interest,interest,word,興味きょうみ,興味きょうみ,junior_high,2,3,3,名詞,3:618,1
international,international,word,国際的こくさいてきな,国際的こくさいてきな / 国際的な，国際レベルの,junior_high,1,3,3;pre2;2,形容詞,3:285;pre2:424;2:1140,3
invent,invent,word,を発明はつめいする,を発明はつめいする / を発明する，創造する,junior_high,1,3,3;pre2;2,動詞,3:191;pre2:734;2:698,3
inventor,inventor,word,発明家はつめいか,発明家はつめいか,junior_high,2,3,3,名詞,3:753,1
iron,iron,word,鉄てつ,鉄てつ,junior_high,2,3,3,名詞,3:987,1
jewel,jewel,word,宝石ほうせき,宝石ほうせき,junior_high,2,3,3,名詞,3:897,1
judge,judge,word,審判員しんぱんいん,審判員しんぱんいん / を判断する/裁判官,junior_high,1,3,3;pre2;2,名詞;動詞,3:552;pre2:87;2:1913,3
keep,keep,word,を保たもつ,を保たもつ,junior_high,2,3,3,動詞,3:257,1
late,late,word,遅おそい,遅おそい,junior_high,2,3,3,形容詞,3:259,1
later,later,word,後のちに,後のちに / 後に，以後,junior_high,1,3,3;pre2;2,副詞,3:70;pre2:386;2:1017,3
latest,latest,word,最新さいしんの,最新さいしんの / 最新の，最先端の,junior_high,2,3,3;2,形容詞,3:714;2:1488,2
lawyer,lawyer,word,弁護士べんごし,弁護士べんごし / 弁護士，法律家,junior_high,2,3,3;2,名詞,3:1190;2:2112,2
lazy,lazy,word,怠なまけ者ものの,怠なまけ者ものの / 怠け者の，ぐうたらの,junior_high,2,3,3;2,形容詞,3:923;2:747,2
lead,lead,word,を導みちびく,を導みちびく,junior_high,2,3,3,動詞,3:885,1
let,let,word,～に～をさせる,～に～をさせる,junior_high,2,3,3,動詞,3:892,1
letter,letter,word,手紙てがみ,手紙てがみ,junior_high,2,3,3,名詞,3:408,1
lip,lip,word,唇くちびる,唇くちびる,junior_high,2,3,3,名詞,3:769,1
little,little,word,ほとんど～ない,ほとんど～ない / 小ちいさい，かわいい,junior_high,2,3,3,形容詞,3:816;3:1103,2
local,local,word,地元じもとの,地元じもとの,junior_high,2,3,3,形容詞,3:376,1
loss,loss,word,失うしなうこと，喪失そうしつ,失うしなうこと，喪失そうしつ,junior_high,2,3,3,名詞,3:1118,1
lullaby,lullaby,word,子守歌こもりうた,子守歌こもりうた,junior_high,2,3,3,名詞,3:1018,1
manager,manager,word,部長ぶちょう,部長ぶちょう / 部長，支配人,junior_high,1,3,3;pre2;2,名詞,3:602;pre2:792;2:983,3
match,match,word,試合しあい,試合しあい / 試合，競技,junior_high,1,3,3;pre2;2,名詞,3:1042;pre2:756;2:1776,3
matter,matter,word,問題もんだい、困こまったこと,問題もんだい、困こまったこと / 問題，困ったこと,junior_high,1,3,3;pre2;2,名詞,3:568;pre2:1182;2:605,3
maybe,maybe,word,たぶん,たぶん / たぶん，おそらく,junior_high,1,3,3;pre2;2,副詞,3:116;pre2:1079;2:1917,3
meant,meant,word,意味いみした,意味いみした,junior_high,2,3,3,動詞,3:1135,1
merchant,merchant,word,商人しょうにん,商人しょうにん / 商人，販売者,junior_high,1,3,3;pre2;2,名詞,3:1086;pre2:380;2:1557,3
metal,metal,word,金属きんぞく,金属きんぞく / 金属，合金,junior_high,1,3,3;pre2;2,名詞,3:1030;pre2:1250;2:94,3
midnight,midnight,word,真夜中まよなか,真夜中まよなか,junior_high,2,3,3,名詞,3:1109,1
mind,mind,word,精神せいしん,精神せいしん,junior_high,2,3,3,名詞,3:1174,1
mirror,mirror,word,鏡かがみ,鏡かがみ,junior_high,2,3,3,名詞,3:364,1
modern,modern,word,現代的げんだいてきな,現代的げんだいてきな / 現代的な，現代の,junior_high,1,3,3;pre2;2,形容詞,3:1039;pre2:59;2:45,3
moment,moment,word,瞬間しゅんかん,瞬間しゅんかん / 瞬間，瞬時,junior_high,1,3,3;pre2;2,名詞,3:535;pre2:653;2:1957,3
monthly,monthly,word,月つきに1回かいの,月つきに1回かいの,junior_high,2,3,3,形容詞,3:868,1
more,more,word,もっと,もっと,junior_high,2,3,3,副詞,3:436,1
most,most,word,たいていの，大部分だいぶぶんの,たいていの，大部分だいぶぶんの,junior_high,2,3,3,形容詞,3:808,1
move,move,word,動うごく、引ひっ越こす,動うごく、引ひっ越こす,junior_high,2,3,3,動詞,3:453,1
narrow,narrow,word,狭せまい,狭せまい / 幅が狭い，細い,junior_high,1,3,3;pre2;2,形容詞,3:655;pre2:90;2:1666,3
national,national,word,国家こっかの,国家こっかの / 国の，国民の,junior_high,1,3,3;pre2;2,形容詞,3:886;pre2:750;2:1470,3
necessary,necessary,word,必要ひつような,必要ひつような / 必要な,junior_high,2,3,3;pre2,形容詞,3:1104;pre2:1167,2
neighbor,neighbor,word,隣人りんじん,隣人りんじん / 隣人，近隣住民,junior_high,2,3,3;2,名詞,3:1062;2:1371,2
neither,neither,word,～も～もない,～も～もない,junior_high,2,3,3,副詞,3:1012,1
nervous,nervous,word,あがっている,あがっている / 神経質な，びくびくして,junior_high,1,3,3;pre2;2,形容詞,3:81;pre2:96;2:1628,3
noisy,noisy,word,騒がしいさわがしい,騒がしいさわがしい,junior_high,2,3,3,形容詞,3:545,1
noon,noon,word,正午しょうご,正午しょうご,junior_high,2,3,3,名詞,3:76,1
note,note,word,紙幣しへい,紙幣しへい,junior_high,2,3,3,名詞,3:1021,1
notice,notice,word,気きづく,気きづく / 気づく/通知,junior_high,1,3,3;pre2;2,動詞,3:248;pre2:79;2:1115,3
nuclear,nuclear,word,核かくの、原子力げんしりょくの,核かくの、原子力げんしりょくの / 核の，中心の,junior_high,1,3,3;pre2;2,形容詞,3:730;pre2:899;2:1785,3
ocean,ocean,word,大洋たいよう、海うみ,大洋たいよう、海うみ,junior_high,2,3,3,名詞,3:314,1
often,often,word,しばしば、よく,しばしば、よく,junior_high,2,3,3,副詞,3:288,1
opinion,opinion,word,意見いけん，考かんがえ,意見いけん，考かんがえ / 意見，考え,junior_high,1,3,3;pre2;2,名詞,3:921;pre2:858;2:867,3
order,order,word,注文ちゅうもんする,注文ちゅうもんする / 命令，指令,junior_high,1,3,3;pre2;2,動詞;名詞,3:263;pre2:892;2:1397,3
ordinary,ordinary,word,普通ふつうの,普通ふつうの / ふつうの，いつもの,junior_high,1,3,3;pre2;2,形容詞,3:687;pre2:364;2:914,3
outside,outside,word,の外側そとがわに,の外側そとがわに,junior_high,2,3,3,前置詞,3:567,1
overseas,overseas,word,外国がいこくへ,外国がいこくへ,junior_high,2,3,3,副詞,3:837,1
pain,pain,word,痛いたみ,痛いたみ / 痛み，苦痛,junior_high,1,3,3;pre2;2,名詞,3:934;pre2:374;2:112,3
palace,palace,word,宮殿きゅうでん,宮殿きゅうでん,junior_high,2,3,3,名詞,3:738,1
peace,peace,word,平和へいわ,平和へいわ,junior_high,2,3,3,名詞,3:798,1
peaceful,peaceful,word,平和へいわな,平和へいわな / 平和な，安らかな,junior_high,2,3,3;2,形容詞,3:426;2:518,2
perhaps,perhaps,word,多分たぶん,多分たぶん,junior_high,2,3,3,副詞,3:1097,1
period,period,word,時代じだい,時代じだい / 期間，周期,junior_high,1,3,3;pre2;2,名詞,3:1210;pre2:318;2:1535,3
personal,personal,word,個人こじんの,個人こじんの,junior_high,2,3,3,形容詞,3:680,1
piece,piece,word,欠片かけら、一部いちぶ,欠片かけら、一部いちぶ,junior_high,2,3,3,名詞,3:419,1
plant,plant,word,植物しょくぶつ,植物しょくぶつ / 植物，草木,junior_high,2,3,3;2,名詞,3:213;2:1312,2
pleasure,pleasure,word,楽しみたのしみ,楽しみたのしみ / 楽しみ，喜び,junior_high,1,3,3;pre2;2,名詞,3:508;pre2:818;2:1035,3
poet,poet,word,詩人しじん,詩人しじん / 詩人，作詩者,junior_high,1,3,3;pre2;2,名詞,3:799;pre2:712;2:1323,3
possible,possible,word,可能かのうな,可能かのうな / 可能な，実現可能な,junior_high,1,3,3;pre2;2,形容詞,3:830;pre2:1142;2:1059,3
president,president,word,大統領だいとうりょう,大統領だいとうりょう / 社長しゃちょう / 社長，大統領,junior_high,1,3,3;pre2;2,名詞,3:774;3:1044;pre2:243;2:1342,4
pretty,pretty,word,かなり,かなり / かなり，相当に,junior_high,1,3,3;pre2;2,副詞,3:1194;pre2:1213;2:1518,3
price,price,word,値段ねだん,値段ねだん / 値段，価格,junior_high,2,3,3;2,名詞,3:301;2:1451,2
prize,prize,word,賞しょう,賞しょう / 賞，報酬,junior_high,2,3,3;2,名詞,3:199;2:874,2
probably,probably,word,多分たぶん,多分たぶん / おそらく，大抵,junior_high,1,3,3;pre2;2,副詞,3:627;pre2:503;2:104,3
progress,progress,word,進歩しんぽ,進歩しんぽ / 進歩，前進,junior_high,1,3,3;pre2;2,名詞,3:1010;pre2:367;2:578,3
promise,promise,word,約束やくそく,約束やくそく,junior_high,2,3,3,名詞,3:232,1
protect,protect,word,を守まもる、保護ほごする,を守まもる、保護ほごする / を守る，保護する,junior_high,1,3,3;pre2;2,動詞,3:532;pre2:34;2:1513,3
protest,protest,word,抗議こうぎする,抗議こうぎする / 抗議する，主張する,junior_high,2,3,3;2,動詞,3:1055;2:588,2
purpose,purpose,word,目的もくてき,目的もくてき / 目的，目標,junior_high,1,3,3;pre2;2,名詞,3:437;pre2:661;2:484,3
pursue,pursue,word,を追おい求もとめる,を追おい求もとめる / 追い求める，追跡する,junior_high,1,3,3;pre2;2;pre1,動詞,3:1077;pre2:679;2:1773;pre1:3210,4
quarter,quarter,word,4分ぶんの1,4分ぶんの1 / 四半期，四分期,junior_high,1,3,3;pre2;2,名詞,3:1066;pre2:1203;2:1273,3
quick,quick,word,速はやい,速はやい,junior_high,2,3,3,形容詞,3:371,1
quickly,quickly,word,素早すばやく,素早すばやく,junior_high,2,3,3,副詞,3:597,1
quietly,quietly,word,静しずかに，落おち着ついて,静しずかに，落おち着ついて,junior_high,2,3,3,副詞,3:1048,1
quite,quite,word,かなり，相当そうとう,かなり，相当そうとう / かなり，相当に,junior_high,1,3,3;pre2;2,副詞,3:1201;pre2:393;2:1063,3
railway,railway,word,鉄道てつどう,鉄道てつどう,junior_high,2,3,3,名詞,3:880,1
raise,raise,word,手てなどを挙あげる,手てなどを挙あげる / を上げる，持ち上げる,junior_high,1,3,3;pre2;2,動詞,3:646;pre2:51;2:143,3
rapidly,rapidly,word,速はやく，急速きゅうそくに,速はやく，急速きゅうそくに / 素早く，迅速に,junior_high,1,3,3;pre2;2,副詞,3:1133;pre2:332;2:1530,3
raw,raw,word,生なまの,生なまの / 生の，未加工の,junior_high,2,3,3;2,形容詞,3:1184;2:1251,2
reach,reach,word,届とどく,届とどく / 到着する，辿り着く,junior_high,1,3,3;pre2;2,動詞,3:556;pre2:667;2:1355,3
reason,reason,word,理由りゆう,理由りゆう,junior_high,2,3,3,名詞,3:424,1
receive,receive,word,を受うけ取とる,を受うけ取とる / を受理する，受け取る,junior_high,1,3,3;pre2;2,動詞,3:494;pre2:807;2:293,3
recently,recently,word,最近さいきん,最近さいきん / 最近，このごろ,junior_high,1,3,3;pre2;2,副詞,3:547;pre2:56;2:10,3
relation,relation,word,関係かんけい,関係かんけい / 関係性，相互作用,junior_high,1,3,3;pre2;2,名詞,3:1031;pre2:385;2:1013,3
relatively,relatively,word,比較的ひかくてき,比較的ひかくてき / 比較的，相対的に,junior_high,2,3,3;2,副詞,3:776;2:671,2
release,release,word,を放出ほうしゅつする,を放出ほうしゅつする / 解き放つ，解放する,junior_high,1,3,3;pre2;2,動詞,3:1094;pre2:197;2:1915,3
renewable,renewable,word,再生可能さいせいかのうな,再生可能さいせいかのうな,junior_high,2,3,3,形容詞,3:999,1
researcher,researcher,word,研究者けんきゅうしゃ,研究者けんきゅうしゃ / 研究者，調査員,junior_high,2,3,3;2,名詞,3:849;2:804,2
resident,resident,word,住民じゅうみん，居住者きょじゅうしゃ,住民じゅうみん，居住者きょじゅうしゃ / 住民，居住者,junior_high,1,3,3;pre2;2,名詞,3:983;pre2:1248;2:92,3
resource,resource,word,資源しげん,資源しげん / 資源，資産,junior_high,1,3,3;pre2;2,名詞,3:1139;pre2:294;2:950,3
respect,respect,word,を尊敬そんけいする,を尊敬そんけいする / 尊敬，敬意,junior_high,1,3,3;pre2;2,動詞;名詞,3:1172;pre2:663;2:1415,3
road,road,word,道路どうろ,道路どうろ,junior_high,2,3,3,名詞,3:1188,1
root,root,word,根ね,根ね,junior_high,2,3,3,名詞,3:925,1
round,round,word,まわりに,まわりに,junior_high,2,3,3,前置詞,3:430,1
rule,rule,word,支配しはい、統治とうち,支配しはい、統治とうち,junior_high,2,3,3,名詞,3:348,1
satisfy,satisfy,word,を満足まんぞくさせる,を満足まんぞくさせる / を満足させる，を喜ばせる,junior_high,1,3,3;pre2;2,動詞,3:863;pre2:1300;2:197,3
scared,scared,word,怖こわがって,怖こわがって,junior_high,2,3,3,形容詞,3:1206,1
secret,secret,word,秘密ひみつ,秘密ひみつ,junior_high,2,3,3,名詞,3:1008,1
sell,sell,word,を売うる,を売うる,junior_high,2,3,3,動詞,3:15,1
sentence,sentence,word,文ぶん,文ぶん,junior_high,2,3,3,名詞,3:690,1
several,several,word,幾いくつかの,幾いくつかの / 幾つかの，いくらかの,junior_high,1,3,3;pre2;2,形容詞,3:615;pre2:425;2:12,3
shade,shade,word,陰かげ，日陰ひかげ,陰かげ，日陰ひかげ,junior_high,2,3,3,名詞,3:1085,1
shake,shake,word,震ふるえる,震ふるえる,junior_high,2,3,3,動詞,3:645,1
shape,shape,word,形かたち,形かたち,junior_high,2,3,3,名詞,3:389,1
share,share,word,分わかち合あう,分わかち合あう / 分かち合う/分け前,junior_high,1,3,3;pre2;2,動詞,3:491;pre2:1110;2:1015,3
shelter,shelter,word,避難所ひなんじょ,避難所ひなんじょ,junior_high,2,3,3,名詞,3:716,1
should,should,word,～すべきである,～すべきである,junior_high,2,3,3,助動詞,3:136,1
sick,sick,word,病気びょうきの,病気びょうきの,junior_high,2,3,3,形容詞,3:39,1
side,side,word,側がわ、面めん,側がわ、面めん,junior_high,2,3,3,名詞,3:464,1
sidewalk,sidewalk,word,歩道ほどう,歩道ほどう / 歩道，歩行者道,junior_high,2,3,3;pre1,名詞,3:1089;pre1:446,2
sight,sight,word,見みること,見みること / 見ること，視力,junior_high,1,3,3;pre2;2,名詞,3:551;pre2:611;2:291,3
sign,sign,word,標識ひょうしき,標識ひょうしき / 標識，印，合図,junior_high,1,3,3;pre2;2,名詞,3:112;pre2:415;2:576,3
signal,signal,word,信号しんごう,信号しんごう,junior_high,2,3,3,名詞,3:1053,1
silent,silent,word,静しずかな,静しずかな,junior_high,2,3,3,形容詞,3:613,1
silk,silk,word,絹きぬ,絹きぬ,junior_high,2,3,3,名詞,3:872,1
since,since,word,～以来いらい,～以来いらい,junior_high,2,3,3,前置詞,3:337,1
site,site,word,場所ばしょ,場所ばしょ / 場所，地点,junior_high,2,3,3;2,名詞,3:963;2:1432,2
sleepy,sleepy,word,眠ねむい,眠ねむい,junior_high,2,3,3,形容詞,3:1200,1
smell,smell,word,においがする,においがする / においがする，臭いがする,junior_high,1,3,3;pre2;2,動詞,3:648;pre2:580;2:613,3
so,so,word,とても,とても,junior_high,2,3,3,副詞,3:21,1
soil,soil,word,土つち,土つち,junior_high,2,3,3,名詞,3:635,1
solve,solve,word,を解決かいけつする,を解決かいけつする / を解決する，解消する,junior_high,1,3,3;pre2;2,動詞,3:1074;pre2:342;2:442,3
somehow,somehow,word,何なんらかの形かたちで,何なんらかの形かたちで / どうにか，何とか,junior_high,1,3,3;pre2;2,副詞,3:1173;pre2:861;2:1454,3
someone,someone,word,だれか、ある人ひと,だれか、ある人ひと,junior_high,2,3,3,代名詞,3:704,1
somewhere,somewhere,word,どこかに,どこかに,junior_high,2,3,3,副詞,3:621,1
son,son,word,息子むすこ,息子むすこ,junior_high,2,3,3,名詞,3:1087,1
soon,soon,word,まもなく，すぐに,まもなく，すぐに,junior_high,2,3,3,副詞,3:4,1
sort,sort,word,種類しゅるい,種類しゅるい / 種類，類,junior_high,1,3,3;pre2;2,名詞,3:894;pre2:1103;2:1579,3
species,species,word,種たね,種たね / 種，種族,junior_high,2,3,3;2,名詞,3:1189;2:1872,2
spread,spread,word,広ひろがる、広ひろまる,広ひろがる、広ひろまる / を広げる，広がる,junior_high,1,3,3;pre2;2,動詞,3:764;pre2:57;2:278,3
square,square,word,正方形せいほうけいの,正方形せいほうけいの,junior_high,2,3,3,形容詞,3:594,1
stationery,stationery,word,文房具ぶんぼうぐ,文房具ぶんぼうぐ,junior_high,2,3,3,名詞,3:970,1
statue,statue,word,像ぞう,像ぞう,junior_high,2,3,3,名詞,3:958,1
steal,steal,word,盗ぬすむ,盗ぬすむ,junior_high,2,3,3,動詞,3:362,1
steam,steam,word,蒸気じょうき,蒸気じょうき / 蒸気，湯気 / 蒸気，水蒸気,junior_high,1,3,3;pre2;2,名詞,3:932;pre2:649;2:1935,3
step,step,word,足元あしもと，階段かいだん,足元あしもと，階段かいだん,junior_high,2,3,3,名詞,3:1078,1
store,store,word,を蓄たくわえる,を蓄たくわえる,junior_high,2,3,3,動詞,3:920,1
stranger,stranger,word,他人たにん,他人たにん / 他人，他者,junior_high,1,3,3;pre2;2,名詞,3:1061;pre2:1019;2:758,3
strict,strict,word,厳きびしい,厳きびしい / 厳しい，厳格な,junior_high,2,3,3;2,形容詞,3:812;2:1576,2
successful,successful,word,成功せいこうした,成功せいこうした,junior_high,2,3,3,形容詞,3:1100,1
suddenly,suddenly,word,突然とつぜんに,突然とつぜんに,junior_high,2,3,3,副詞,3:1123,1
supply,supply,word,供給きょうきゅう,供給きょうきゅう / 供給,junior_high,2,3,3;pre2,名詞,3:883;pre2:1045,2
support,support,word,を支援しえんする、応援おうえんする,を支援しえんする、応援おうえんする,junior_high,2,3,3,動詞,3:565,1
surely,surely,word,確たしかに,確たしかに / 確かに,junior_high,2,3,3;pre2,副詞,3:1156;pre2:1156,2
surprisingly,surprisingly,word,驚おどろいたことには,驚おどろいたことには,junior_high,2,3,3,副詞,3:718,1
surround,surround,word,を囲かこむ,を囲かこむ / を取り囲む，を包囲する,junior_high,1,3,3;pre2;2,動詞,3:911;pre2:419;2:332,3
survey,survey,word,調査ちょうさ,調査ちょうさ / 調査/を見渡す,junior_high,1,3,3;pre2;2,名詞;名詞/動詞,3:890;pre2:73;2:79,3
survival,survival,word,存続そんぞく，生いき残のこること,存続そんぞく，生いき残のこること / 生存/生き延びる / 生存，生き残ること,junior_high,1,3,3;pre2;2,名詞,3:1185;pre2:607;2:1778,3
survive,survive,word,生いき残のこる,生いき残のこる / 生き残る，存続する,junior_high,2,3,3;2,動詞,3:915;2:811,2
sustainable,sustainable,word,存続可能そんぞくかのうな,存続可能そんぞくかのうな / 存続可能な，持続可能な,junior_high,1,3,3;pre2;2;pre1,形容詞,3:748;pre2:1457;2:445;pre1:2580,4
tall,tall,word,高たかい,高たかい,junior_high,2,3,3,形容詞,3:164,1
taste,taste,word,味あじ,味あじ / 味，風味/な味がする,junior_high,1,3,3;pre2;2,名詞,3:395;pre2:441;2:286,3
tax,tax,word,税ぜい，税金ぜいきん,税ぜい，税金ぜいきん / 税金，税収,junior_high,1,3,3;pre2;2,名詞,3:821;pre2:165;2:1784,3
tear,tear,word,涙なみだ,涙なみだ / を引き裂く，を裂く,junior_high,1,3,3;pre2;2,名詞;動詞,3:1182;pre2:226;2:1051,3
terrible,terrible,word,ひどい,ひどい / ひどい，恐ろしい,junior_high,1,3,3;pre2;2,形容詞,3:955;pre2:372;2:1930,3
theater,theater,word,劇場げきじょう,劇場げきじょう,junior_high,2,3,3,名詞,3:497,1
thirsty,thirsty,word,のどの乾かわいた,のどの乾かわいた,junior_high,2,3,3,形容詞,3:431,1
through,through,word,を通とおり抜ぬけて,を通とおり抜ぬけて,junior_high,2,3,3,前置詞,3:336,1
tie,tie,word,ネクタイ,ネクタイ,junior_high,2,3,3,名詞,3:787,1
tightly,tightly,word,しっかりと,しっかりと / しっかりと，きつく,junior_high,2,3,3;pre1,副詞,3:770;pre1:40,2
tiny,tiny,word,小ちいさな,小ちいさな / ごく小さい，微小な,junior_high,1,3,3;pre2;2,形容詞,3:943;pre2:207;2:1286,3
title,title,word,題名だいめい，表題ひょうだい,題名だいめい，表題ひょうだい,junior_high,2,3,3,名詞,3:1138,1
tonight,tonight,word,今夜こんやは,今夜こんやは,junior_high,2,3,3,副詞,3:321,1
tough,tough,word,困難な，難むずかしい,困難な，難むずかしい / 頑強な，丈夫な,junior_high,2,3,3;2,形容詞,3:768;2:1489,2
trade,trade,word,貿易ぼうえき,貿易ぼうえき,junior_high,2,3,3,名詞,3:989,1
tradition,tradition,word,伝統でんとう,伝統でんとう / 伝統，慣習,junior_high,1,3,3;pre2;2,名詞,3:629;pre2:657;2:1836,3
traditional,traditional,word,伝統的でんとうてきな,伝統的でんとうてきな / 伝統的な，慣習的な,junior_high,1,3,3;pre2;2,形容詞,3:669;pre2:10;2:1267,3
transport,transport,word,を輸送ゆそうする,を輸送ゆそうする / を輸送する，を運搬する,junior_high,1,3,3;pre2;2,動詞,3:864;pre2:1147;2:547,3
treasure,treasure,word,宝物たからもの,宝物たからもの / 宝，財産,junior_high,2,3,3;2,名詞,3:1161;2:1602,2
trust,trust,word,を信用しんようする,を信用しんようする / 信頼，信用,junior_high,1,3,3;pre2;2,動詞;名詞,3:1114;pre2:736;2:1365,3
twice,twice,word,2回にかい,2回にかい,junior_high,2,3,3,副詞,3:243,1
uncomfortable,uncomfortable,word,心地ここちの悪わるい,心地ここちの悪わるい / 心地の悪い，不快な,junior_high,2,3,3;2,形容詞,3:1137;2:1425,2
unfair,unfair,word,不公平ふこうへいな，不当ふとうな,不公平ふこうへいな，不当ふとうな,junior_high,2,3,3,形容詞,3:950,1
unhappy,unhappy,word,不幸ふこうな,不幸ふこうな,junior_high,2,3,3,形容詞,3:699,1
uniform,uniform,word,制服せいふく,制服せいふく,junior_high,2,3,3,名詞,3:1060,1
universe,universe,word,宇宙うちゅう,宇宙うちゅう / 宇宙，宙域,junior_high,1,3,3;pre2;2,名詞,3:1072;pre2:855;2:1561,3
university,university,word,大学だいがく,大学だいがく / 大学，大学校,junior_high,1,3,3;pre2;2,名詞,3:183;pre2:835;2:1753,3
until,until,word,まで，までは,まで，までは / までに，まで,junior_high,1,3,3;pre2;2,前置詞;接続詞/前置詞,3:35;pre2:1240;2:75,3
valley,valley,word,谷たに,谷たに,junior_high,2,3,3,名詞,3:861,1
violence,violence,word,暴力ぼうりょく,暴力ぼうりょく / 暴力，乱暴,junior_high,1,3,3;pre2;2,名詞,3:701;pre2:1127;2:764,3
visitor,visitor,word,観光客かんこうきゃく,観光客かんこうきゃく,junior_high,2,3,3,名詞,3:400,1
wallet,wallet,word,さいふ,さいふ,junior_high,2,3,3,名詞,3:351,1
warn,warn,word,警告けいこくする,警告けいこくする / 警告する，警戒する,junior_high,1,3,3;pre2;2,動詞,3:589;pre2:199;2:992,3
weapon,weapon,word,武器ぶき,武器ぶき,junior_high,2,3,3,名詞,3:1101,1
weekend,weekend,word,週末しゅうまつに,週末しゅうまつに,junior_high,2,3,3,名詞,3:2,1
weekly,weekly,word,週刊しゅうかんの,週刊しゅうかんの,junior_high,2,3,3,形容詞,3:916,1
well-known,well-known,word,有名ゆうめいな,有名ゆうめいな / よく知られた，有名な,junior_high,1,3,3;pre2;2,形容詞,3:1081;pre2:500;2:1236,3
wet,wet,word,濡ぬれている,濡ぬれている,junior_high,2,3,3,形容詞,3:944,1
whole,whole,word,全すべての,全すべての / 全部の，すべての,junior_high,1,3,3;pre2;2,形容詞,3:692;pre2:1063;2:1905,3
wide,wide,word,幅はばの広ひろい,幅はばの広ひろい,junior_high,2,3,3,形容詞,3:296,1
win,win,word,勝かつ,勝かつ,junior_high,2,3,3,動詞,3:109,1
within,within,word,以内いないで,以内いないで / 以内で，内部で,junior_high,1,3,3;pre2;2,前置詞,3:662;pre2:440;2:1414,3
without,without,word,～なしに,～なしに,junior_high,2,3,3,前置詞,3:334,1
wonder,wonder,word,不思議ふしぎに思おもう,不思議ふしぎに思おもう / かなと思う,junior_high,2,3,3;pre2,動詞,3:817;pre2:1160,2
worth,worth,word,の価値かちがある,の価値かちがある / の価値がある，（～するに）値する,junior_high,1,3,3;pre2;2,形容詞,3:708;pre2:384;2:276,3
wrap,wrap,word,を包つつむ,を包つつむ / を包む，巻きつける,junior_high,1,3,3;2;pre1,動詞,3:878;2:491;pre1:170,3
wrong,wrong,word,間違まちがった,間違まちがった / 間違い，誤った,junior_high,1,3,3;pre2;2,形容詞,3:325;pre2:437;2:1866,3
yen,yen,word,円えん,円えん,junior_high,2,3,3,名詞,3:1016,1
yet,yet,word,まだ，今いまのところは,まだ，今いまのところは / もう，すでに,junior_high,2,3,3,副詞,3:973;3:1142,2
abandon,abandon,word,を捨て去る，放棄する,を捨て去る，放棄する,high_school,1,pre2,pre2;2;pre1,動詞,pre2:796;2:655;pre1:3051,3
ability,ability,word,能力，力量,能力，力量,high_school,2,pre2,pre2;2,名詞,pre2:1106;2:84,2
absolutely,absolutely,word,絶対に，必ず,絶対に，必ず,high_school,2,pre2,pre2;2,副詞,pre2:739;2:1729,2
absorb,absorb,word,を吸収する，吸い取る,を吸収する，吸い取る,high_school,1,pre2,pre2;2;pre1,動詞,pre2:675;2:648;pre1:3143,3
academic,academic,word,学術の，大学の,学術の，大学の,high_school,2,pre2,pre2;2,形容詞,pre2:298;2:1381,2
accidentally,accidentally,word,誤って，知らずに,誤って，知らずに,high_school,2,pre2,pre2;2,副詞,pre2:1299;2:196,2
accompany,accompany,word,に付き添う，に同行する,に付き添う，に同行する,high_school,1,pre2,pre2;2;pre1,動詞,pre2:568;2:100;pre1:3102,3
accomplish,accomplish,word,を成し遂げる，完成する,を成し遂げる，完成する,high_school,2,pre2,pre2;2,動詞,pre2:202;2:468,2
account,account,word,銀行口座,銀行口座,high_school,2,pre2,pre2;2,名詞,pre2:1214;2:2001,2
accurate,accurate,word,正確な，的確な,正確な，的確な,high_school,2,pre2,pre2;2,形容詞,pre2:965;2:119,2
accuse,accuse,word,告発する，告発,告発する，告発,high_school,1,pre2,pre2;2;pre1,動詞,pre2:263;2:1909;pre1:420,3
achieve,achieve,word,を達成する，到達する,を達成する，到達する,high_school,2,pre2,pre2;2,動詞,pre2:161;2:147,2
achievement,achievement,word,達成，成就,達成，成就,high_school,2,pre2,pre2;2,名詞,pre2:992;2:1537,2
active,active,word,活動的な，活気のある,活動的な，活気のある,high_school,2,pre2,pre2;2,形容詞,pre2:1360;2:297,2
activist,activist,word,行動主義者，活動家,行動主義者，活動家,high_school,2,pre2,pre2;2,名詞,pre2:1000;2:1721,2
activity,activity,word,活動,活動,high_school,2,pre2,pre2,名詞,pre2:63,1
actual,actual,word,現実の，事実の,現実の，事実の,high_school,2,pre2,pre2;2,形容詞,pre2:1140;2:1560,2
adapt,adapt,word,に適合させる，調整する,に適合させる，調整する,high_school,2,pre2,pre2;2,動詞,pre2:533;2:1320,2
addition,addition,word,追加，付加,追加，付加,high_school,2,pre2,pre2;2,名詞,pre2:856;2:1187,2
additionally,additionally,word,加えて，さらに，追加で,加えて，さらに，追加で,high_school,2,pre2,pre2;2,副詞,pre2:1255;2:107,2
administration,administration,word,機関，運営,機関，運営,high_school,2,pre2,pre2;2,名詞,pre2:273;2:1832,2
admire,admire,word,を賞賛する，を賛美する,を賞賛する，を賛美する,high_school,2,pre2,pre2;2,動詞,pre2:1068;2:1314,2
admission,admission,word,入場，入場料,入場，入場料,high_school,1,pre2,pre2;2;pre1,名詞,pre2:717;2:894;pre1:3357,3
admit,admit,word,を認める，入ることを許す,を認める，入ることを許す,high_school,2,pre2,pre2;2,動詞,pre2:530;2:523,2
adopt,adopt,word,を自分のものにする，を取り入れる,を自分のものにする，を取り入れる,high_school,2,pre2,pre2;2,動詞,pre2:937;2:142,2
advantage,advantage,word,有利，利点,有利，利点,high_school,2,pre2,pre2;2,名詞,pre2:41;2:364,2
advertise,advertise,word,宣伝する，広告する,宣伝する，広告する,high_school,2,pre2,pre2;2,動詞,pre2:664;2:1291,2
advocate,advocate,word,提唱する，主張する,提唱する，主張する,high_school,1,pre2,pre2;2;pre1,動詞,pre2:1038;2:1457;pre1:3128,3
affair,affair,word,事柄，問題,事柄，問題,high_school,2,pre2,pre2;2,名詞,pre2:658;2:1274,2
afford,afford,word,余裕がある，ゆとりがある,余裕がある，ゆとりがある,high_school,2,pre2,pre2;2,動詞,pre2:897;2:1182,2
agenda,agenda,word,議題,議題,high_school,2,pre2,pre2,名詞,pre2:1164,1
agent,agent,word,代理人，代表者,代理人，代表者,high_school,2,pre2,pre2;2,名詞,pre2:187;2:1410,2
agreement,agreement,word,同意，賛成,同意，賛成,high_school,2,pre2,pre2;2,名詞,pre2:825;2:1455,2
agriculture,agriculture,word,農業，耕作,農業，耕作,high_school,2,pre2,pre2;2,名詞,pre2:731;2:1744,2
aid,aid,word,援助/助ける,援助/助ける,high_school,1,pre2,pre2;2;pre1,名詞;名詞/動詞,pre2:815;2:729;pre1:3366,3
aim,aim,word,ねらいをつける，狙う,ねらいをつける，狙う,high_school,2,pre2,pre2;2,動詞,pre2:998;2:1900,2
aircraft,aircraft,word,航空機，飛行機,航空機，飛行機,high_school,2,pre2,pre2;2,名詞,pre2:1171;2:1781,2
alike,alike,word,よく似た，類似の,よく似た，類似の,high_school,2,pre2,pre2;2,形容詞,pre2:924;2:1952,2
alliance,alliance,word,同盟，協定,同盟，協定,high_school,1,pre2,pre2;2;pre1,名詞,pre2:740;2:1918;pre1:3202,3
allow,allow,word,を許可する，許す,を許可する，許す,high_school,2,pre2,pre2;2,動詞,pre2:170;2:85,2
ally,ally,word,と同盟する，連合する,と同盟する，連合する / と同盟する，手を結ぶ,high_school,1,pre2,pre2;2;pre1,動詞,pre2:544;2:1095;pre1:459,3
alter,alter,word,を変える，を改変する,を変える，を改変する,high_school,2,pre2,pre2;2,動詞,pre2:762;2:1877,2
alternative,alternative,word,代替物，代案,代替物，代案,high_school,2,pre2,pre2;2,名詞,pre2:878;2:694,2
amendment,amendment,word,修正，改訂,修正，改訂,high_school,2,pre2,pre2;2,名詞,pre2:1219;2:1403,2
analysis,analysis,word,分析，解析,分析，解析,high_school,2,pre2,pre2;2,名詞,pre2:406;2:1855,2
analyst,analyst,word,分析者,分析者,high_school,2,pre2,pre2,名詞,pre2:414,1
analyze,analyze,word,を分析する，分解する,を分析する，分解する,high_school,2,pre2,pre2;2,動詞,pre2:1260;2:120,2
ancestor,ancestor,word,祖先，先祖,祖先，先祖,high_school,1,pre2,pre2;2;pre1,名詞,pre2:179;2:742;2:2164;pre1:3298,4
ancient,ancient,word,古代の，大昔の,古代の，大昔の,high_school,2,pre2,pre2;2,形容詞,pre2:168;2:458,2
ankle,ankle,word,足首，くるぶし,足首，くるぶし,high_school,1,pre2,pre2;2;pre1,名詞,pre2:1358;2:294;pre1:144,3
anniversary,anniversary,word,～周年，記念日,～周年，記念日,high_school,2,pre2,pre2;2,名詞,pre2:1173;2:329,2
annoy,annoy,word,いらだたせる，怒らせる,いらだたせる，怒らせる,high_school,1,pre2,pre2;2;pre1,動詞,pre2:329;2:1028;pre1:3003,3
annually,annually,word,毎年の，年一回ずつ,毎年の，年一回ずつ,high_school,2,pre2,pre2;2,副詞,pre2:1285;2:156,2
anxiety,anxiety,word,心配，不安,心配，不安,high_school,2,pre2,pre2;2,名詞,pre2:789;2:108,2
anxious,anxious,word,心配した，不安な,心配した，不安な,high_school,2,pre2,pre2;2,形容詞,pre2:460;2:457,2
apart,apart,word,離れて，遠くに,離れて，遠くに,high_school,2,pre2,pre2;2,副詞,pre2:1188;2:1668,2
apologize,apologize,word,謝る，謝罪する,謝る，謝罪する,high_school,1,pre2,pre2;2;pre1,動詞,pre2:132;2:2134;pre1:284,3
apology,apology,word,謝罪，お詫び,謝罪，お詫び,high_school,1,pre2,pre2;2;pre1,名詞,pre2:1329;2:251;pre1:228,3
apparently,apparently,word,見たらわかる、一見すると,見たらわかる、一見すると,high_school,2,pre2,pre2;2,副詞,pre2:155;2:1298,2
appeal,appeal,word,訴える，告発する，告訴する,訴える，告発する，告訴する,high_school,2,pre2,pre2;2,動詞,pre2:1009;2:714,2
appear,appear,word,現れる，出現する,現れる，出現する,high_school,2,pre2,pre2;2,動詞,pre2:467;2:690,2
appearance,appearance,word,出現，外見,出現，外見,high_school,2,pre2,pre2;2,名詞,pre2:865;2:737,2
appoint,appoint,word,任命する，指定する,任命する，指定する,high_school,1,pre2,pre2;2;pre1,動詞,pre2:1095;2:1271;pre1:3111,3
appointment,appointment,word,予定，約束,予定，約束,high_school,2,pre2,pre2;2,名詞,pre2:1301;2:198,2
appreciate,appreciate,word,感謝する，ありがたがる,感謝する，ありがたがる,high_school,2,pre2,pre2;2,動詞,pre2:1193;2:1031,2
approach,approach,word,に近づく，接近する,に近づく，接近する,high_school,2,pre2,pre2;2,動詞,pre2:270;2:125,2
appropriate,appropriate,word,適当な,適当な / 適当な，充当する,high_school,1,pre2,pre2;2;pre1,形容詞,pre2:700;2:2181;pre1:3277,3
approval,approval,word,承認，認可,承認，認可,high_school,2,pre2,pre2;2,名詞,pre2:666;2:1719,2
architect,architect,word,建築家,建築家,high_school,1,pre2,pre2;2;pre1,名詞,pre2:821;2:2043;pre1:866,3
argue,argue,word,だと主張する，感情的に論じる,だと主張する，感情的に論じる,high_school,2,pre2,pre2;2,動詞,pre2:644;2:35,2
argument,argument,word,議論，口論,議論，口論,high_school,2,pre2,pre2;2,名詞,pre2:178;2:854,2
arise,arise,word,起こる，現れる,起こる，現れる,high_school,2,pre2,pre2;2,動詞,pre2:1161;2:1567,2
arms,arms,word,武器，兵器,武器，兵器,high_school,2,pre2,pre2;2,名詞,pre2:952;2:1142,2
arrange,arrange,word,整える，を配置する,整える，を配置する,high_school,2,pre2,pre2;2,動詞,pre2:1310;2:221,2
arrangement,arrangement,word,配置，配列,配置，配列,high_school,2,pre2,pre2;2,名詞,pre2:1462;2:451,2
arrival,arrival,word,到着，到達,到着，到達,high_school,2,pre2,pre2;2,名詞,pre2:159;2:1101,2
arrogant,arrogant,word,傲慢な，横柄な,傲慢な，横柄な,high_school,1,pre2,pre2;2;pre1,形容詞,pre2:1430;2:408;pre1:1658,3
article,article,word,記事，論文,記事，論文,high_school,2,pre2,pre2;2,名詞,pre2:171;2:740,2
artificial,artificial,word,人工的な，人造の,人工的な，人造の,high_school,2,pre2,pre2;2,形容詞,pre2:1269;2:131,2
asleep,asleep,word,眠っている，寝ている,眠っている，寝ている,high_school,2,pre2,pre2;2,形容詞,pre2:95;2:1726,2
aspect,aspect,word,局面，側面，表情,局面，側面，表情,high_school,2,pre2,pre2;2,名詞,pre2:618;2:454,2
assault,assault,word,暴行，攻撃,暴行，攻撃,high_school,1,pre2,pre2;2;pre1,名詞,pre2:370;2:1199;pre1:2157,3
assessment,assessment,word,評価，査定,評価，査定,high_school,2,pre2,pre2;2,名詞,pre2:337;2:1997,2
asset,asset,word,資産，財産,資産，財産,high_school,1,pre2,pre2;2;pre1,名詞,pre2:349;2:1491;pre1:3041,3
assignment,assignment,word,割り当て，配分,割り当て，配分,high_school,1,pre2,pre2;2;pre1,名詞,pre2:1307;2:215;pre1:869,3
assistance,assistance,word,支援，手伝い,支援，手伝い,high_school,2,pre2,pre2;2,名詞,pre2:724;2:415,2
associate,associate,word,結びつけて考える，賛同する,結びつけて考える，賛同する,high_school,1,pre2,pre2;2;pre1,動詞,pre2:997;2:1237;pre1:3274,3
association,association,word,協会，連合,協会，連合,high_school,2,pre2,pre2;2,名詞,pre2:524;2:1252,2
assumption,assumption,word,想定，仮説,想定，仮説,high_school,1,pre2,pre2;2;pre1,名詞,pre2:812;2:1690;pre1:3161,3
astronaut,astronaut,word,宇宙飛行士,宇宙飛行士,high_school,2,pre2,pre2;pre1,名詞,pre2:830;pre1:1052,2
atmosphere,atmosphere,word,雰囲気，気候,雰囲気，気候,high_school,2,pre2,pre2;2,名詞,pre2:1099;2:1255,2
attach,attach,word,を貼り付ける，を貼る,を貼り付ける，を貼る,high_school,1,pre2,pre2;2;pre1,動詞,pre2:772;2:200;pre1:3320,3
attempt,attempt,word,試み，試練,試み，試練,high_school,2,pre2,pre2;2,名詞,pre2:536;2:1924,2
attitude,attitude,word,態度，姿勢,態度，姿勢,high_school,2,pre2,pre2;2,名詞,pre2:162;2:235,2
attorney,attorney,word,弁護士，代理人,弁護士，代理人,high_school,2,pre2,pre2;2,名詞,pre2:708;2:1097,2
attract,attract,word,引きつける，魅了する,引きつける，魅了する,high_school,2,pre2,pre2;2,動詞,pre2:91;2:1614,2
attractive,attractive,word,魅力的な，興味をそそる,魅力的な，興味をそそる,high_school,2,pre2,pre2;2,形容詞,pre2:608;2:30,2
attribute,attribute,word,に帰する,に帰する,high_school,1,pre2,pre2;2;pre1,動詞,pre2:257;2:2081;pre1:3150,3
author,author,word,著者，作者,著者，作者,high_school,2,pre2,pre2;2,名詞,pre2:983;2:1358,2
authority,authority,word,権威，権力,権威，権力,high_school,2,pre2,pre2;2,名詞,pre2:603;2:1318,2
automobile,automobile,word,自動車，乗用車,自動車，乗用車,high_school,2,pre2,pre2;2,名詞,pre2:283;2:1752,2
available,available,word,利用できる，使用可能な,利用できる，使用可能な,high_school,2,pre2,pre2;2,形容詞,pre2:3;2:190,2
avoid,avoid,word,を避ける，を回避する,を避ける，を回避する,high_school,2,pre2,pre2;2,動詞,pre2:1124;2:144,2
aware,aware,word,気づいている，知っている,気づいている，知っている,high_school,2,pre2,pre2;2,形容詞,pre2:577;2:1423,2
awareness,awareness,word,気づき，認識,気づき，認識,high_school,2,pre2,pre2;2,名詞,pre2:955;2:1062,2
awful,awful,word,ひどい，恐ろしい,ひどい，恐ろしい,high_school,2,pre2,pre2;2,形容詞,pre2:560;2:1226,2
bare,bare,word,裸の，露出の,裸の，露出の,high_school,2,pre2,pre2;2,形容詞,pre2:1012;2:1528,2
barely,barely,word,かろうじて，やっと,かろうじて，やっと,high_school,1,pre2,pre2;2;pre1,副詞,pre2:1320;2:241;pre1:3182,3
basis,basis,word,土台，根拠,土台，根拠,high_school,2,pre2,pre2;2,名詞,pre2:1119;2:1512,2
battery,battery,word,電池，蓄電池,電池，蓄電池,high_school,2,pre2,pre2;2,名詞,pre2:1015;2:1193,2
behave,behave,word,振る舞う，立ち振舞う,振る舞う，立ち振舞う,high_school,2,pre2,pre2;2,動詞,pre2:83;2:217,2
belief,belief,word,信念，信条,信念，信条,high_school,2,pre2,pre2;2,名詞,pre2:166;2:1216,2
bend,bend,word,曲げる,曲げる / 曲げる，湾曲させる,high_school,2,pre2,pre2;2,動詞,pre2:911;2:744,2
benefit,benefit,word,利益/に利益をもたらす,利益/に利益をもたらす,high_school,2,pre2,pre2;2,名詞;名詞/動詞,pre2:928;2:21,2
bet,bet,word,賭ける，博打をする,賭ける，博打をする,high_school,2,pre2,pre2;2,動詞,pre2:1039;2:1311,2
betray,betray,word,を裏切る，をだます,を裏切る，をだます,high_school,1,pre2,pre2;2;pre1,動詞,pre2:1243;2:78;pre1:357,3
bill,bill,word,請求書，勘定書,請求書，勘定書,high_school,2,pre2,pre2;2,名詞,pre2:373;2:1082,2
bind,bind,word,縛りつける，束ねる,縛りつける，束ねる,high_school,2,pre2,pre2;2,動詞,pre2:319;2:1189,2
biological,biological,word,生物学上の，生物的な,生物学上の，生物的な,high_school,2,pre2,pre2;2,形容詞,pre2:650;2:1282,2
bishop,bishop,word,司教，教会の指導者,司教，教会の指導者,high_school,1,pre2,pre2;2;pre1,名詞,pre2:719;2:1241;pre1:2031,3
bite,bite,word,を噛む，かじる,を噛む，かじる,high_school,2,pre2,pre2;2,動詞,pre2:152;2:1606,2
bitter,bitter,word,苦い，えぐい,苦い，えぐい,high_school,2,pre2,pre2;2,形容詞,pre2:634;2:1005,2
blame,blame,word,を非難する，批判する,を非難する，批判する,high_school,1,pre2,pre2;2;pre1,動詞,pre2:1377;2:328;pre1:181,3
block,block,word,を妨げる，を阻害する,を妨げる，を阻害する,high_school,2,pre2,pre2;2,動詞,pre2:943;2:1177,2
bloody,bloody,word,血の，血液の,血の，血液の,high_school,2,pre2,pre2;2,形容詞,pre2:1187;2:1175,2
bond,bond,word,拘束，束縛,拘束，束縛,high_school,1,pre2,pre2;2;pre1,名詞,pre2:493;2:1317;pre1:616,3
bored,bored,word,退屈した，つまらない,退屈した，つまらない,high_school,2,pre2,pre2;2,形容詞,pre2:539;2:1036,2
boundary,boundary,word,境界，限界,境界，限界,high_school,2,pre2,pre2;2,名詞,pre2:936;2:1299,2
bravely,bravely,word,勇気をもって,勇気をもって / 勇敢に，りっぱに,high_school,2,pre2,pre2;2,副詞,pre2:693;2:670,2
breast,breast,word,胸部，胸,胸部，胸,high_school,2,pre2,pre2;2,名詞,pre2:1139;2:1897,2
breath,breath,word,息，呼吸,息，呼吸,high_school,2,pre2,pre2;2,名詞,pre2:851;2:626,2
breathe,breathe,word,呼吸をする,呼吸をする,high_school,2,pre2,pre2,動詞,pre2:92,1
brick,brick,word,れんが，れんが状のもの,れんが，れんが状のもの,high_school,2,pre2,pre2;2,名詞,pre2:940;2:1511,2
brief,brief,word,短い，短時間の,短い，短時間の,high_school,2,pre2,pre2;2,形容詞,pre2:1024;2:1759,2
briefly,briefly,word,簡単に，手短に,簡単に，手短に,high_school,1,pre2,pre2;2;pre1,副詞,pre2:264;2:1431;pre1:3095,3
brightness,brightness,word,輝度，明るさ,輝度，明るさ,high_school,2,pre2,pre2;2,名詞,pre2:1392;2:352,2
brilliant,brilliant,word,優れた，光り輝く,優れた，光り輝く,high_school,2,pre2,pre2;2,形容詞,pre2:1289;2:170,2
broad,broad,word,広い，拡大する,広い，拡大する,high_school,2,pre2,pre2;2,形容詞,pre2:989;2:1515,2
broadcast,broadcast,word,放送する,放送する / 放送する，発信する,high_school,2,pre2,pre2;2,動詞,pre2:921;2:1200,2
bullet,bullet,word,弾丸,弾丸,high_school,2,pre2,pre2,名詞,pre2:1135,1
calculate,calculate,word,計算する，算出する,計算する，算出する,high_school,2,pre2,pre2;2,動詞,pre2:1080;2:1542,2
capable,capable,word,可能性がある，才能のある,可能性がある，才能のある,high_school,2,pre2,pre2;2,形容詞,pre2:637;2:1601,2
carbon,carbon,word,炭素，炭素素子,炭素，炭素素子,high_school,2,pre2,pre2;2,名詞,pre2:930;2:1483,2
cast,cast,word,投げる，放る,投げる，放る,high_school,2,pre2,pre2;2,動詞,pre2:1189;2:1643,2
cause,cause,word,原因/の原因となる,原因/の原因となる,high_school,2,pre2,pre2;2,名詞;動詞,pre2:1043;2:301,2
ceiling,ceiling,word,天井，屋根,天井，屋根,high_school,2,pre2,pre2;2,名詞,pre2:515;2:632,2
celebration,celebration,word,お祝い，祝典,お祝い，祝典,high_school,2,pre2,pre2;2,名詞,pre2:1325;2:246,2
cell,cell,word,細胞，マス目,細胞，マス目,high_school,2,pre2,pre2;2,名詞,pre2:1283;2:153,2
chairman,chairman,word,会長,会長,high_school,2,pre2,pre2,名詞,pre2:508,1
chamber,chamber,word,小部屋，個室,小部屋，個室,high_school,2,pre2,pre2;2,名詞,pre2:743;2:989,2
chapter,chapter,word,章，区切り,章，区切り,high_school,2,pre2,pre2;2,名詞,pre2:867;2:1549,2
characteristic,characteristic,word,特有の，独特の,特有の，独特の,high_school,2,pre2,pre2;2,形容詞,pre2:1040;2:315,2
chase,chase,word,を追跡する，追いかける/追跡,を追跡する，追いかける/追跡,high_school,2,pre2,pre2;2,動詞,pre2:1383;2:340,2
chest,chest,word,たんす，チェスト,たんす，チェスト,high_school,2,pre2,pre2;2,名詞,pre2:602;2:1605,2
chew,chew,word,嚙む,嚙む / を噛む,high_school,2,pre2,pre2;pre1,動詞,pre2:966;pre1:413,2
childhood,childhood,word,子供時代，幼少期,子供時代，幼少期,high_school,2,pre2,pre2;2,名詞,pre2:200;2:444,2
circumstance,circumstance,word,状況，環境,状況，環境,high_school,2,pre2,pre2;2,名詞,pre2:710;2:1148,2
citizen,citizen,word,市民，国民,市民，国民,high_school,2,pre2,pre2;2,名詞,pre2:351;2:1191,2
civilian,civilian,word,民間人，一般市民,民間人，一般市民,high_school,2,pre2,pre2;2,名詞,pre2:920;2:1029,2
civilization,civilization,word,文明，文明社会,文明，文明社会,high_school,2,pre2,pre2;2,名詞,pre2:814;2:318,2
clerk,clerk,word,事務員，社員,事務員，社員,high_school,2,pre2,pre2;2,名詞,pre2:915;2:1257,2
client,client,word,顧客,顧客,high_school,2,pre2,pre2,名詞,pre2:252,1
closely,closely,word,綿密に，詳細に,綿密に，詳細に,high_school,2,pre2,pre2;2,副詞,pre2:1211;2:1955,2
clue,clue,word,手がかり，糸口,手がかり，糸口,high_school,2,pre2,pre2;2,名詞,pre2:416;2:1099,2
coalition,coalition,word,連立，連合,連立，連合,high_school,1,pre2,pre2;2;pre1,名詞,pre2:759;2:1874;pre1:2026,3
coast,coast,word,海岸，沿岸地域,海岸，沿岸地域,high_school,2,pre2,pre2;2,名詞,pre2:822;2:1465,2
collaboration,collaboration,word,共同，共作，協力,共同，共作，協力,high_school,1,pre2,pre2;2;pre1,名詞,pre2:1473;2:472;pre1:2385,3
collapse,collapse,word,崩壊する，つぶれる,崩壊する，つぶれる,high_school,1,pre2,pre2;2;pre1,動詞,pre2:1371;2:320;pre1:3257,3
combat,combat,word,戦闘，闘争,戦闘，闘争,high_school,1,pre2,pre2;2;pre1,名詞,pre2:542;2:1350;pre1:3181,3
combine,combine,word,を結合させる，合同する,を結合させる，合同する,high_school,2,pre2,pre2;2,動詞,pre2:203;2:841,2
comedy,comedy,word,喜劇，茶番,喜劇，茶番,high_school,2,pre2,pre2;2,名詞,pre2:738;2:1920,2
comfort,comfort,word,快適さ/慰める,快適さ/慰める,high_school,2,pre2,pre2;2,名詞,pre2:798;2:1197,2
commander,commander,word,司令官，指揮官,司令官，指揮官,high_school,2,pre2,pre2;2,名詞,pre2:1120;2:1889,2
commercial,commercial,word,商業の，商取引の,商業の，商取引の,high_school,2,pre2,pre2;2,形容詞,pre2:669;2:1507,2
commission,commission,word,手数料，委任状,手数料，委任状,high_school,1,pre2,pre2;2;pre1,名詞,pre2:420;2:1925;pre1:3096,3
commitment,commitment,word,約束，委託,約束，委託,high_school,2,pre2,pre2;2,名詞,pre2:1044;2:1003,2
community,community,word,共同社会，共同体,共同社会，共同体,high_school,2,pre2,pre2;2,名詞,pre2:233;2:1209,2
compare,compare,word,を比較する，をたとえる,を比較する，をたとえる,high_school,2,pre2,pre2;2,動詞,pre2:1233;2:52,2
compete,compete,word,競争する，争う,競争する，争う,high_school,2,pre2,pre2;2,動詞,pre2:369;2:1049,2
competition,competition,word,競争,競争,high_school,2,pre2,pre2,名詞,pre2:316,1
competitive,competitive,word,競争力のある，競争による,競争力のある，競争による,high_school,2,pre2,pre2;2,形容詞,pre2:366;2:1675,2
competitor,competitor,word,競合他社，競争相手,競合他社，競争相手,high_school,1,pre2,pre2;2;pre1,名詞,pre2:1443;2:427;pre1:305,3
complete,complete,word,完全な，全部の,完全な，全部の,high_school,2,pre2,pre2;2,形容詞,pre2:546;2:155,2
completely,completely,word,完全に，全く,完全に，全く,high_school,2,pre2,pre2;2,副詞,pre2:1076;2:646,2
complex,complex,word,複雑な，複合の,複雑な，複合の,high_school,2,pre2,pre2;2,形容詞,pre2:326;2:705,2
component,component,word,成分,成分,high_school,2,pre2,pre2;pre1,名詞,pre2:629;pre1:3264,2
compose,compose,word,を構成する，作曲する,を構成する，作曲する,high_school,1,pre2,pre2;2;pre1,動詞,pre2:596;2:379;pre1:3026,3
composer,composer,word,作曲，楽曲制作,作曲，楽曲制作,high_school,1,pre2,pre2;2;pre1,名詞,pre2:1315;2:228;pre1:426,3
compound,compound,word,調合する，調合品を作る,調合する，調合品を作る,high_school,2,pre2,pre2;2,動詞,pre2:953;2:1688,2
comprehensive,comprehensive,word,包括的な，理解力のある,包括的な，理解力のある,high_school,2,pre2,pre2;2,形容詞,pre2:472;2:1536,2
compromise,compromise,word,妥協，和解,妥協，和解,high_school,2,pre2,pre2;2,名詞,pre2:788;2:257,2
concentrate,concentrate,word,に集中する,に集中する / 集中する,high_school,2,pre2,pre2;2,動詞,pre2:917;2:2135,2
concentration,concentration,word,集中，専念,集中，専念,high_school,2,pre2,pre2;2,名詞,pre2:591;2:922,2
concept,concept,word,概念，観念,概念，観念,high_school,2,pre2,pre2;2,名詞,pre2:255;2:248,2
concern,concern,word,心配する，に関係する,心配する，に関係する,high_school,2,pre2,pre2;2,動詞,pre2:300;2:1389,2
conclude,conclude,word,を締めくくる，終える,を締めくくる，終える,high_school,2,pre2,pre2;2,動詞,pre2:499;2:763,2
conclusion,conclusion,word,結論，最終的な判断,結論，最終的な判断,high_school,2,pre2,pre2;2,名詞,pre2:876;2:1279,2
concrete,concrete,word,具体的な，明確な,具体的な，明確な,high_school,2,pre2,pre2;2,形容詞,pre2:639;2:1599,2
conduct,conduct,word,行為，行動,行為，行動,high_school,2,pre2,pre2;2,名詞,pre2:986;2:1436,2
conference,conference,word,会議，対話,会議，対話,high_school,2,pre2,pre2;2,名詞,pre2:1097;2:1592,2
confidence,confidence,word,自信，信頼,自信，信頼,high_school,2,pre2,pre2;2,名詞,pre2:749;2:1695,2
confident,confident,word,自信のある，確信している,自信のある，確信している,high_school,2,pre2,pre2;2,形容詞,pre2:599;2:288,2
conflict,conflict,word,対立，争い,対立，争い,high_school,1,pre2,pre2;2;pre1,名詞,pre2:407;2:416;pre1:3385,3
confuse,confuse,word,を混乱させる，区別がつかない,を混乱させる，区別がつかない,high_school,2,pre2,pre2;2,動詞,pre2:93;2:209,2
congress,congress,word,会議，集会,会議，集会,high_school,2,pre2,pre2;2,名詞,pre2:898;2:1812,2
conscious,conscious,word,意識して，気をつけて,意識して，気をつけて,high_school,2,pre2,pre2;2,形容詞,pre2:394;2:1038,2
consequence,consequence,word,結果，影響,結果，影響,high_school,2,pre2,pre2;2,名詞,pre2:645;2:1517,2
consider,consider,word,について考える，だと見なす,について考える，だと見なす,high_school,2,pre2,pre2;2,動詞,pre2:976;2:81,2
considerable,considerable,word,かなりの，相当な,かなりの，相当な,high_school,2,pre2,pre2;2,形容詞,pre2:984;2:1309,2
consideration,consideration,word,考慮，考察,考慮，考察,high_school,2,pre2,pre2;2,名詞,pre2:399;2:1792,2
consist,consist,word,成り立つ，構成する,成り立つ，構成する,high_school,2,pre2,pre2;2,動詞,pre2:192;2:1533,2
consistent,consistent,word,一貫した，矛盾のない,一貫した，矛盾のない,high_school,2,pre2,pre2;2,形容詞,pre2:496;2:1165,2
constant,constant,word,絶え間ない，一定の,絶え間ない，一定の,high_school,2,pre2,pre2;2,形容詞,pre2:688;2:188,2
constantly,constantly,word,常に，いつも,常に，いつも,high_school,2,pre2,pre2;2,副詞,pre2:451;2:1884,2
construct,construct,word,を組み立てる，建設する,を組み立てる，建設する,high_school,2,pre2,pre2;2,動詞,pre2:723;2:749,2
construction,construction,word,建設，構造，建造物,建設，構造，建造物,high_school,2,pre2,pre2;2,名詞,pre2:1246;2:87,2
consume,consume,word,を消費する，消耗する,を消費する，消耗する,high_school,1,pre2,pre2;2;pre1,動詞,pre2:1237;2:64;pre1:796,3
consumption,consumption,word,消費，消費高,消費，消費高,high_school,2,pre2,pre2;2,名詞,pre2:718;2:802,2
contain,contain,word,を含む，が入っている,を含む，が入っている,high_school,2,pre2,pre2;2,動詞,pre2:172;2:42,2
contemporary,contemporary,word,現在の，現代の,現在の，現代の,high_school,1,pre2,pre2;2;pre1,形容詞,pre2:557;2:1119;pre1:3253,3
content,content,word,中身，内容，目次,中身，内容，目次,high_school,2,pre2,pre2;2,名詞,pre2:891;2:455,2
context,context,word,文脈，背景,文脈，背景,high_school,2,pre2,pre2;2,名詞,pre2:810;2:1932,2
continent,continent,word,大陸，陸地,大陸，陸地,high_school,2,pre2,pre2;2,名詞,pre2:951;2:512,2
contrary,contrary,word,反対の，逆の,反対の，逆の,high_school,2,pre2,pre2;2,形容詞,pre2:1196;2:1684,2
contrast,contrast,word,対照，比較,対照，比較,high_school,2,pre2,pre2;2,名詞,pre2:672;2:1756,2
contribute,contribute,word,に寄付する，捧げる,に寄付する，捧げる,high_school,2,pre2,pre2;2,動詞,pre2:870;2:1881,2
contribution,contribution,word,寄付，貢献,寄付，貢献,high_school,2,pre2,pre2;2,名詞,pre2:1055;2:826,2
controversial,controversial,word,議論の的になる，論争上の,議論の的になる，論争上の,high_school,2,pre2,pre2;2,形容詞,pre2:417;2:1042,2
conventional,conventional,word,従来の，伝統的な,従来の，伝統的な,high_school,1,pre2,pre2;2;pre1,形容詞,pre2:968;2:967;pre1:3021,3
conversation,conversation,word,会話，対話,会話，対話,high_school,2,pre2,pre2;2,名詞,pre2:711;2:913,2
convert,convert,word,を変える，転換する,を変える，転換する,high_school,2,pre2,pre2;2,動詞,pre2:1247;2:91,2
convey,convey,word,伝える，運ぶ,伝える，運ぶ,high_school,1,pre2,pre2;2;pre1,動詞,pre2:706;2:1596;pre1:3209,3
conviction,conviction,word,信念，確信,信念，確信,high_school,1,pre2,pre2;2;pre1,名詞,pre2:371;2:1409;pre1:3387,3
convince,convince,word,を納得させる，説得する,を納得させる，説得する,high_school,2,pre2,pre2;2,動詞,pre2:485;2:947,2
cooperation,cooperation,word,協力，共同作業,協力，共同作業,high_school,2,pre2,pre2;2,名詞,pre2:758;2:1075,2
cope,cope,word,対処する，処理する,対処する，処理する,high_school,2,pre2,pre2;2,動詞,pre2:874;2:1911,2
copyright,copyright,word,著作権，版権,著作権，版権,high_school,2,pre2,pre2;2,名詞,pre2:1410;2:374,2
correspondent,correspondent,word,特派員,特派員,high_school,2,pre2,pre2,名詞,pre2:770,1
corridor,corridor,word,廊下，通路,廊下，通路,high_school,1,pre2,pre2;2;pre1,名詞,pre2:910;2:1032;pre1:3382,3
council,council,word,議会，会議,議会，会議,high_school,2,pre2,pre2;2,名詞,pre2:960;2:395,2
county,county,word,州，郡,州，郡,high_school,2,pre2,pre2;2,名詞,pre2:826;2:1503,2
court,court,word,裁判所，法廷,裁判所，法廷,high_school,2,pre2,pre2;2,名詞,pre2:341;2:1854,2
crack,crack,word,裂け目，ひび,裂け目，ひび,high_school,2,pre2,pre2;2,名詞,pre2:1194;2:1011,2
craft,craft,word,工芸，技能,工芸，技能,high_school,2,pre2,pre2;2,名詞,pre2:713;2:1030,2
creation,creation,word,創造，創作,創造，創作,high_school,2,pre2,pre2;2,名詞,pre2:941;2:1123,2
creature,creature,word,生き物，生物,生き物，生物,high_school,2,pre2,pre2;2,名詞,pre2:604;2:229,2
credit,credit,word,信用，信頼,信用，信頼,high_school,2,pre2,pre2;2,名詞,pre2:292;2:797,2
crime,crime,word,犯罪，罪行,犯罪，罪行,high_school,2,pre2,pre2;2,名詞,pre2:1201;2:793,2
criminal,criminal,word,犯罪の，違法の,犯罪の，違法の,high_school,2,pre2,pre2;2,名詞;形容詞,pre2:486;2:1564,2
crisis,crisis,word,危機，困難,危機，困難,high_school,2,pre2,pre2;2,名詞,pre2:797;2:1863,2
critical,critical,word,極めて重要な，非常に大事な,極めて重要な，非常に大事な,high_school,2,pre2,pre2;2,形容詞,pre2:531;2:1862,2
criticism,criticism,word,批判，評価,批判，評価,high_school,2,pre2,pre2;2,名詞,pre2:466;2:1450,2
criticize,criticize,word,を批評する，を評価する,を批評する，を評価する,high_school,2,pre2,pre2;2,動詞,pre2:193;2:1248,2
crop,crop,word,収穫物，作物,収穫物，作物,high_school,2,pre2,pre2;2,名詞,pre2:1083;2:1627,2
crucial,crucial,word,重要な，決定的な,重要な，決定的な,high_school,2,pre2,pre2;2,形容詞,pre2:225;2:1052,2
cruel,cruel,word,残酷な，ひどい,残酷な，ひどい,high_school,1,pre2,pre2;2;pre1,形容詞,pre2:1324;2:245;pre1:41,3
curiosity,curiosity,word,好奇心，探究心,好奇心，探究心,high_school,2,pre2,pre2;2,名詞,pre2:1089;2:938,2
currency,currency,word,通貨，流通,通貨，流通,high_school,1,pre2,pre2;2;pre1,名詞,pre2:1251;2:98;pre1:718,3
current,current,word,現在の，現行の,現在の，現行の,high_school,2,pre2,pre2;2,形容詞,pre2:513;2:619,2
deadline,deadline,word,締め切り，期限,締め切り，期限,high_school,1,pre2,pre2;2;pre1,名詞,pre2:1466;2:462;pre1:743,3
deal,deal,word,を扱う，分配する,を扱う，分配する,high_school,2,pre2,pre2;2,動詞,pre2:239;2:831,2
dealer,dealer,word,販売業者，売り手,販売業者，売り手,high_school,2,pre2,pre2;2,名詞,pre2:732;2:1703,2
debt,debt,word,借金，負債,借金，負債,high_school,1,pre2,pre2;2;pre1,名詞,pre2:293;2:925;pre1:48,3
decade,decade,word,10年間,10年間,high_school,2,pre2,pre2;2,名詞,pre2:481;2:205,2
deceive,deceive,word,を欺く，をだます,を欺く，をだます,high_school,1,pre2,pre2;2;pre1,動詞,pre2:1330;2:252;pre1:418,3
declare,declare,word,を宣言する，公表する,を宣言する，公表する,high_school,2,pre2,pre2;2,動詞,pre2:630;2:948,2
decline,decline,word,断る，拒否する,断る，拒否する,high_school,2,pre2,pre2;2,動詞,pre2:859;2:1635,2
decrease,decrease,word,減少する，を減らす/減少,減少する，を減らす/減少,high_school,2,pre2,pre2;2,動詞,pre2:84;2:178,2
defeat,defeat,word,負かす，打ち破る,負かす，打ち破る,high_school,2,pre2,pre2;2,動詞,pre2:793;2:1689,2
defendant,defendant,word,被告人，告発される人,被告人，告発される人,high_school,2,pre2,pre2;2,名詞,pre2:627;2:1170,2
deficit,deficit,word,赤字，欠損,赤字，欠損,high_school,2,pre2,pre2;2,名詞,pre2:999;2:1000,2
definition,definition,word,定義，明確な説明,定義，明確な説明,high_school,1,pre2,pre2;2;pre1,名詞,pre2:703;2:984;pre1:3234,3
degree,degree,word,程度，度,程度，度,high_school,2,pre2,pre2;2,名詞,pre2:160;2:299,2
delay,delay,word,を遅らせる，先延ばしにする,を遅らせる，先延ばしにする,high_school,2,pre2,pre2;2,動詞,pre2:1379;2:331,2
delete,delete,word,を削除する，消す,を削除する，消す,high_school,2,pre2,pre2;2,動詞,pre2:1321;2:242,2
delight,delight,word,喜び，歓喜,喜び，歓喜,high_school,2,pre2,pre2;2,名詞,pre2:1153;2:1162,2
delivery,delivery,word,配達，送付,配達，送付,high_school,2,pre2,pre2;2,名詞,pre2:459;2:1027,2
demand,demand,word,要求，需要/を要求する,要求，需要/を要求する,high_school,2,pre2,pre2;2,名詞,pre2:980;2:159,2
democracy,democracy,word,民主主義，民主制度,民主主義，民主制度,high_school,2,pre2,pre2;2,名詞,pre2:1137;2:474,2
democrat,democrat,word,民主主義者，民主派,民主主義者，民主派,high_school,2,pre2,pre2;2,名詞,pre2:442;2:1548,2
demonstrate,demonstrate,word,実証する，証明する,実証する，証明する,high_school,2,pre2,pre2;2,動詞,pre2:167;2:1438,2
deny,deny,word,を否定する，拒否する,を否定する，拒否する,high_school,2,pre2,pre2;2,動詞,pre2:470;2:1803,2
department,department,word,部門，課,部門，課,high_school,2,pre2,pre2;2,名詞,pre2:527;2:1709,2
dependent,dependent,word,依存している，頼っている,依存している，頼っている,high_school,2,pre2,pre2;2,形容詞,pre2:642;2:1065,2
deposit,deposit,word,お金を預ける，を預金する,お金を預ける，を預金する,high_school,2,pre2,pre2;2,動詞,pre2:1328;2:250,2
depression,depression,word,落ち込み，不景気,落ち込み，不景気,high_school,2,pre2,pre2;2,名詞,pre2:1181;2:695,2
depth,depth,word,深さ,深さ,high_school,2,pre2,pre2,名詞,pre2:829,1
deputy,deputy,word,代理，代わり,代理，代わり,high_school,2,pre2,pre2;2,名詞,pre2:579;2:1067,2
derive,derive,word,を引き出す，取り出す,を引き出す，取り出す,high_school,2,pre2,pre2;2,動詞,pre2:594;2:1090,2
describe,describe,word,を述べる，描写する,を述べる，描写する,high_school,2,pre2,pre2;2,動詞,pre2:905;2:865,2
deserve,deserve,word,値する，価値がある,値する，価値がある,high_school,2,pre2,pre2;2,動詞,pre2:701;2:1880,2
desire,desire,word,願望/切望する,願望/切望する,high_school,2,pre2,pre2;2,名詞;動詞,pre2:502;2:990,2
desperate,desperate,word,やけくその，軽率な,やけくその，軽率な,high_school,2,pre2,pre2;2,形容詞,pre2:970;2:1578,2
despite,despite,word,にも関わらず，けれども,にも関わらず，けれども / にも関わらず，とはいえ,high_school,1,pre2,pre2;2;pre1;1,前置詞;接続詞,pre2:781;2:275;pre1:1878;1:828,4
destruction,destruction,word,破壊，壊滅,破壊，壊滅,high_school,2,pre2,pre2;2,名詞,pre2:543;2:1623,2
detail,detail,word,詳細，具体的な情報,詳細，具体的な情報,high_school,2,pre2,pre2;2,名詞,pre2:333;2:1325,2
details,details,word,詳細，詳しく説明する,詳細，詳しく説明する,high_school,2,pre2,pre2,名詞,pre2:28,1
detect,detect,word,を検出する，を感知する,を検出する，を感知する,high_school,2,pre2,pre2;2,動詞,pre2:760;2:66,2
detective,detective,word,探偵，刑事，捜査官,探偵，刑事，捜査官,high_school,1,pre2,pre2;2;pre1,名詞,pre2:1474;2:473;pre1:294,3
determine,determine,word,を決める，を定める,を決める，を定める,high_school,2,pre2,pre2;2,動詞,pre2:1081;2:566,2
develop,develop,word,を発達させる，を開発する,を発達させる，を開発する,high_school,2,pre2,pre2;2,動詞,pre2:745;2:88,2
diet,diet,word,食事，食事療法,食事，食事療法,high_school,2,pre2,pre2;2,名詞,pre2:400;2:573,2
dig,dig,word,を掘る，採掘する,を掘る，採掘する,high_school,2,pre2,pre2;2,動詞,pre2:150;2:492,2
direction,direction,word,方向，方角,方向，方角,high_school,1,pre2,pre2;2,名詞,pre2:30;pre2:330;2:859,3
directly,directly,word,直接，直接的に,直接，直接的に,high_school,2,pre2,pre2;2,副詞,pre2:476;2:239,2
director,director,word,監督，指導者，役員,監督，指導者，役員,high_school,2,pre2,pre2;2,名詞,pre2:1411;2:376,2
disappear,disappear,word,消える，見えなくなる,消える，見えなくなる,high_school,2,pre2,pre2;2,動詞,pre2:1077;2:526,2
disappoint,disappoint,word,がっかりさせる，失望させる,がっかりさせる，失望させる,high_school,2,pre2,pre2;2,動詞,pre2:18;2:1419,2
discipline,discipline,word,しつけ，規律,しつけ，規律,high_school,2,pre2,pre2,名詞,pre2:1109,1
discovery,discovery,word,発見，見つけること,発見，見つけること,high_school,2,pre2,pre2;2,名詞,pre2:158;2:955,2
dismiss,dismiss,word,を退出させる,を退出させる,high_school,2,pre2,pre2,動詞,pre2:684,1
disorder,disorder,word,無秩序，混乱,無秩序，混乱,high_school,2,pre2,pre2;2,名詞,pre2:1363;2:305,2
disposal,disposal,word,処理，処分,処理，処分 / 廃棄,high_school,1,pre2,pre2;2;pre1,動詞;名詞,pre2:1332;2:255;pre1:1599,3
distance,distance,word,距離，間隔,距離，間隔,high_school,2,pre2,pre2;2,名詞,pre2:61;2:1630,2
distant,distant,word,"遠く離れた, 遠隔の","遠く離れた, 遠隔の",high_school,2,pre2,pre2;2,形容詞,pre2:458;2:488,2
distinction,distinction,word,区別，相違,区別，相違,high_school,1,pre2,pre2;2;pre1,名詞,pre2:882;2:1394;pre1:3196,3
distinguish,distinguish,word,を区別する，識別する,を区別する，識別する,high_school,2,pre2,pre2;2,動詞,pre2:306;2:991,2
distribution,distribution,word,分布，配分,分布，配分,high_school,2,pre2,pre2;2,名詞,pre2:949;2:1495,2
district,district,word,地域，地区,地域，地区,high_school,2,pre2,pre2;2,名詞,pre2:1131;2:483,2
disturb,disturb,word,を阻害する，(人の)邪魔をする,を阻害する，(人の)邪魔をする,high_school,2,pre2,pre2;2,動詞,pre2:309;2:16,2
divide,divide,word,を分割する，分ける,を分割する，分ける,high_school,2,pre2,pre2;2,動詞,pre2:85;2:862,2
doubt,doubt,word,疑い，疑問,疑い，疑問,high_school,2,pre2,pre2;2,名詞,pre2:1150;2:1181,2
dozen,dozen,word,12の,12の,high_school,2,pre2,pre2;2,名詞,pre2:909;2:1338,2
drain,drain,word,排出させる，排水をする,排出させる，排水をする,high_school,1,pre2,pre2;2;pre1,動詞,pre2:1033;2:1980;pre1:3337,3
dramatic,dramatic,word,劇的な，感動的な,劇的な，感動的な,high_school,2,pre2,pre2;2,形容詞,pre2:785;2:1717,2
drift,drift,word,漂流，流れる,漂流，流れる,high_school,1,pre2,pre2;2;pre1,名詞,pre2:452;2:1009;pre1:3032,3
due,due,word,期限の，納期の,期限の，納期の,high_school,2,pre2,pre2;2,形容詞,pre2:434;2:1464,2
dull,dull,word,面白みのない，鈍い,面白みのない，鈍い,high_school,1,pre2,pre2;2;pre1,形容詞,pre2:617;2:1931;pre1:259,3
dump,dump,word,投げ捨てる，捨てる,投げ捨てる，捨てる,high_school,2,pre2,pre2;2,動詞,pre2:350;2:1977,2
dust,dust,word,ほこり，塵,ほこり，塵,high_school,2,pre2,pre2;2,名詞,pre2:284;2:1058,2
duty,duty,word,職務，関税,職務，関税,high_school,2,pre2,pre2;2,名詞,pre2:771;2:1534,2
eager,eager,word,強く望んでいる，切望している,強く望んでいる，切望している,high_school,2,pre2,pre2;2,形容詞,pre2:1141;2:1761,2
earn,earn,word,稼ぐ，得る,稼ぐ，得る,high_school,2,pre2,pre2;2,動詞,pre2:324;2:1868,2
earnings,earnings,word,収益，稼ぎ,収益，稼ぎ,high_school,2,pre2,pre2,名詞,pre2:357,1
ease,ease,word,容易さ，気楽さ,容易さ，気楽さ,high_school,2,pre2,pre2;2,名詞,pre2:218;2:1401,2
echo,echo,word,こだま，反響,こだま，反響,high_school,2,pre2,pre2;2,名詞,pre2:286;2:1303,2
economic,economic,word,経済の，財政の,経済の，財政の,high_school,2,pre2,pre2;2,形容詞,pre2:704;2:625,2
economy,economy,word,経済，節約,経済，節約,high_school,2,pre2,pre2;2,名詞,pre2:722;2:211,2
edge,edge,word,端，縁,端，縁,high_school,2,pre2,pre2;2,名詞,pre2:1216;2:1468,2
educate,educate,word,教育する，訓練する,教育する，訓練する,high_school,2,pre2,pre2;2,動詞,pre2:913;2:1954,2
education,education,word,教育，指導,教育，指導,high_school,2,pre2,pre2;2,名詞,pre2:1041;2:1040,2
educational,educational,word,教育の，教授の,教育の，教授の,high_school,2,pre2,pre2;2,形容詞,pre2:222;2:1277,2
effect,effect,word,効果，影響，結果,効果，影響，結果,high_school,2,pre2,pre2;2,名詞,pre2:260;2:300,2
efficiency,efficiency,word,効率，能率,効率，能率,high_school,1,pre2,pre2;2;pre1,名詞,pre2:1461;2:450;pre1:302,3
efficient,efficient,word,効率のいい，効率的な,効率のいい，効率的な,high_school,2,pre2,pre2;2,形容詞,pre2:843;2:189,2
elderly,elderly,word,年配の，高齢の,年配の，高齢の,high_school,2,pre2,pre2;2,形容詞,pre2:428;2:351,2
elect,elect,word,を選出する,を選出する,high_school,2,pre2,pre2,動詞,pre2:219,1
election,election,word,選挙，投票,選挙，投票,high_school,2,pre2,pre2;2,名詞,pre2:780;2:1287,2
electric,electric,word,電気の，電力の,電気の，電力の,high_school,2,pre2,pre2;2,形容詞,pre2:540;2:292,2
element,element,word,要素，元素,要素，元素,high_school,2,pre2,pre2;2,名詞,pre2:562;2:1702,2
embarrass,embarrass,word,を恥ずかしがらせる，を恥じさせる,を恥ずかしがらせる，を恥じさせる,high_school,1,pre2,pre2;2;pre1,動詞,pre2:1287;2:164;pre1:3008,3
embrace,embrace,word,を抱きしめる，擁する,を抱きしめる，擁する,high_school,1,pre2,pre2;2;pre1,動詞,pre2:907;2:422;pre1:3290,3
emerge,emerge,word,現れる,現れる,high_school,2,pre2,pre2;pre1,動詞,pre2:837;pre1:3144,2
emotional,emotional,word,感情の，情緒の,感情の，情緒の,high_school,2,pre2,pre2;2,形容詞,pre2:977;2:1386,2
emotionally,emotionally,word,"感情的に, 情緒的に","感情的に, 情緒的に",high_school,2,pre2,pre2;2,副詞,pre2:1478;2:480,2
emphasis,emphasis,word,強調，重視,強調，重視,high_school,2,pre2,pre2;2,名詞,pre2:973;2:1669,2
emphasize,emphasize,word,を強調する，力説する,を強調する，力説する,high_school,2,pre2,pre2;2,動詞,pre2:375;2:61,2
employ,employ,word,雇う，採用する,雇う，採用する,high_school,2,pre2,pre2;2,動詞,pre2:808;2:1487,2
employer,employer,word,雇用者，雇い主,雇用者，雇い主,high_school,2,pre2,pre2;2,名詞,pre2:852;2:1626,2
employment,employment,word,雇用，採用,雇用，採用,high_school,1,pre2,pre2;2;pre1,名詞,pre2:1238;2:68;pre1:182,3
enable,enable,word,に可能にさせる,に可能にさせる,high_school,2,pre2,pre2,動詞,pre2:344,1
encounter,encounter,word,遭遇する，出会う,遭遇する，出会う,high_school,1,pre2,pre2;2;pre1,動詞,pre2:262;2:1570;pre1:3267,3
endure,endure,word,を我慢する，耐える,を我慢する，耐える,high_school,2,pre2,pre2;2,動詞,pre2:1331;2:254,2
enforcement,enforcement,word,執行，実施,執行，実施,high_school,2,pre2,pre2;2,名詞,pre2:228;2:998,2
enhance,enhance,word,強調する，(さらに)高める,強調する，(さらに)高める,high_school,2,pre2,pre2;2,動詞,pre2:431;2:1169,2
enlarge,enlarge,word,を拡大する，を広げる,を拡大する，を広げる,high_school,1,pre2,pre2;2;pre1,動詞,pre2:1288;2:165;pre1:746,3
enormous,enormous,word,非常に大きい，極端に大きい,非常に大きい，極端に大きい,high_school,2,pre2,pre2;2,形容詞,pre2:1115;2:206,2
entertain,entertain,word,を楽しませる,を楽しませる,high_school,2,pre2,pre2,動詞,pre2:315,1
entertainment,entertainment,word,娯楽，楽しみ,娯楽，楽しみ,high_school,2,pre2,pre2;2,名詞,pre2:1129;2:1444,2
entire,entire,word,全体の，全部の,全体の，全部の,high_school,2,pre2,pre2;2,形容詞,pre2:1158;2:1509,2
entirely,entirely,word,完全に，全く,完全に，全く,high_school,2,pre2,pre2;2,副詞,pre2:803;2:38,2
entitle,entitle,word,と題する，と名づける,と題する，と名づける,high_school,1,pre2,pre2;2;pre1,動詞,pre2:747;2:1859;pre1:3211,3
envelope,envelope,word,封筒，封書,封筒，封書,high_school,1,pre2,pre2;2;pre1,名詞,pre2:1336;2:260;pre1:59,3
environmental,environmental,word,環境の，自然環境の,環境の，自然環境の,high_school,2,pre2,pre2;2,形容詞,pre2:1217;2:390,2
environmentally,environmentally,word,環境的に，情勢的に,環境的に，情勢的に,high_school,2,pre2,pre2;2,副詞,pre2:1421;2:394,2
equal,equal,word,同等，等しい,同等，等しい,high_school,2,pre2,pre2;2,形容詞,pre2:1452;2:438,2
equipment,equipment,word,装置，設備,装置，設備,high_school,2,pre2,pre2;2,名詞,pre2:854;2:183,2
escape,escape,word,逃れる，脱走する,逃れる，脱走する,high_school,2,pre2,pre2;2,動詞,pre2:944;2:879,2
especially,especially,word,特に，格段に,特に，格段に,high_school,2,pre2,pre2;2,副詞,pre2:251;2:1066,2
essay,essay,word,論文，随筆,論文，随筆,high_school,2,pre2,pre2;2,名詞,pre2:269;2:1304,2
establishment,establishment,word,設立，創立,設立，創立,high_school,2,pre2,pre2;2,名詞,pre2:702;2:1824,2
estate,estate,word,財産，資産,財産，資産,high_school,1,pre2,pre2;2;pre1,名詞,pre2:246;2:1186;pre1:3027,3
estimate,estimate,word,を推定する，評価する,を推定する，評価する,high_school,2,pre2,pre2;2,動詞,pre2:841;2:34,2
ethnic,ethnic,word,民族の，民族特有の,民族の，民族特有の,high_school,1,pre2,pre2;2;pre1,形容詞,pre2:509;2:974;pre1:1122,3
evaluate,evaluate,word,評価する，見積もる,評価する，見積もる,high_school,1,pre2,pre2;2;pre1,動詞,pre2:1479;2:481;pre1:895,3
eventually,eventually,word,結局は，やがて,結局は，やがて,high_school,2,pre2,pre2;2,副詞,pre2:665;2:779,2
evidence,evidence,word,証拠，証明,証拠，証明 / 証拠,high_school,1,pre2,pre2;2,名詞,pre2:916;2:33;2:2040,3
evil,evil,word,邪悪な，悪しき,邪悪な，悪しき,high_school,2,pre2,pre2;2,形容詞,pre2:742;2:1750,2
evolution,evolution,word,進化，発展,進化，発展,high_school,2,pre2,pre2;2,名詞,pre2:823;2:1472,2
exactly,exactly,word,正確に，正確で,正確に，正確で,high_school,2,pre2,pre2;2,副詞,pre2:950;2:1956,2
examination,examination,word,試験，実験,試験，実験,high_school,2,pre2,pre2;2,名詞,pre2:1102;2:1694,2
examine,examine,word,を検査する，調査する,を検査する，調査する,high_school,2,pre2,pre2;2,動詞,pre2:561;2:668,2
except,except,word,を除いて，除外して,を除いて，除外して,high_school,2,pre2,pre2;2,前置詞,pre2:1092;2:1926,2
exceptionally,exceptionally,word,例外的に，非常に,例外的に，非常に,high_school,2,pre2,pre2;2,副詞,pre2:1368;2:313,2
exclude,exclude,word,除く，排除する,除く，排除する,high_school,2,pre2,pre2;2,動詞,pre2:1108;2:1986,2
exhibition,exhibition,word,展示，展覧,展示，展覧,high_school,2,pre2,pre2;2,名詞,pre2:787;2:1520,2
exist,exist,word,存在する，実在する,存在する，実在する,high_school,2,pre2,pre2;2,動詞,pre2:565;2:1554,2
existence,existence,word,存在，実在,存在，実在,high_school,2,pre2,pre2;2,名詞,pre2:683;2:1574,2
expand,expand,word,拡大する，広がる,拡大する，広がる,high_school,1,pre2,pre2;2;pre1,動詞,pre2:436;2:1685;pre1:3073,3
expansion,expansion,word,拡張，拡大，増幅,拡張，拡大，増幅,high_school,2,pre2,pre2;2,名詞,pre2:214;2:1573,2
expectation,expectation,word,期待，予想,期待，予想,high_school,2,pre2,pre2;2,名詞,pre2:348;2:1793,2
expense,expense,word,費用，出費，犠牲,費用，出費，犠牲,high_school,1,pre2,pre2;2;pre1,名詞,pre2:1229;2:41;pre1:260,3
experiment,experiment,word,実験，試み,実験，試み,high_school,2,pre2,pre2;2,名詞,pre2:53;2:63,2
expert,expert,word,専門家,専門家,high_school,2,pre2,pre2,名詞,pre2:77,1
explanation,explanation,word,説明，解説,説明，解説,high_school,2,pre2,pre2;2,名詞,pre2:1098;2:1710,2
explore,explore,word,探索する，調査する,探索する，調査する,high_school,2,pre2,pre2;2,動詞,pre2:1208;2:1713,2
explorer,explorer,word,冒険者，探検家,冒険者，探検家,high_school,2,pre2,pre2;2,名詞,pre2:1445;2:429,2
export,export,word,を輸出する，輸送する,を輸出する，輸送する,high_school,2,pre2,pre2;2,動詞,pre2:767;2:784,2
expose,expose,word,明らかにする，明示する,明らかにする，明示する,high_school,2,pre2,pre2;2,動詞,pre2:612;2:1708,2
exposure,exposure,word,暴露，さらすこと,暴露，さらすこと,high_school,1,pre2,pre2;2;pre1,名詞,pre2:584;2:1941;pre1:3107,3
express,express,word,表現する，を言い表す,表現する，を言い表す,high_school,2,pre2,pre2;2,動詞,pre2:939;2:1445,2
expression,expression,word,表現，言い回し,表現，言い回し,high_school,2,pre2,pre2;2,名詞,pre2:1050;2:1682,2
extension,extension,word,拡張，展開,拡張，展開,high_school,2,pre2,pre2;2,名詞,pre2:429;2:1305,2
extensive,extensive,word,広範な，広い範囲の,広範な，広い範囲の,high_school,2,pre2,pre2;2,形容詞,pre2:805;2:1936,2
extent,extent,word,程度，大きさ,程度，大きさ,high_school,2,pre2,pre2;2,名詞,pre2:1112;2:1068,2
extra,extra,word,余分の，特別の,余分の，特別の,high_school,2,pre2,pre2;2,形容詞,pre2:15;2:1830,2
extraordinary,extraordinary,word,普通でない，異常な,普通でない，異常な,high_school,2,pre2,pre2;2,形容詞,pre2:919;2:1522,2
extreme,extreme,word,極端な，過激な,極端な，過激な,high_school,2,pre2,pre2;2,形容詞,pre2:408;2:1466,2
extremely,extremely,word,極端に，過度に,極端に，過度に,high_school,2,pre2,pre2;2,副詞,pre2:285;2:67,2
fabric,fabric,word,織物，布地,織物，布地,high_school,2,pre2,pre2;2,名詞,pre2:914;2:1801,2
factor,factor,word,要因，原因,要因，原因,high_school,2,pre2,pre2;2,名詞,pre2:687;2:1293,2
failure,failure,word,失敗，挫折,失敗，挫折,high_school,2,pre2,pre2;2,名詞,pre2:356;2:1222,2
fair,fair,word,公平な，平等な,公平な，平等な,high_school,2,pre2,pre2;2,形容詞,pre2:620;2:1081,2
fairly,fairly,word,かなり，公平に,かなり，公平に,high_school,2,pre2,pre2;2,副詞,pre2:866;2:412,2
faith,faith,word,信頼，信用,信頼，信用,high_school,1,pre2,pre2;2;pre1,名詞,pre2:923;2:1408;pre1:3259,3
false,false,word,誤った，間違った,誤った，間違った,high_school,2,pre2,pre2;2,形容詞,pre2:839;2:1327,2
fate,fate,word,運命，宿命,運命，宿命,high_school,2,pre2,pre2;2,名詞,pre2:484;2:1908,2
fault,fault,word,欠点，短所,欠点，短所,high_school,2,pre2,pre2;2,名詞,pre2:1017;2:1258,2
favor,favor,word,親切な行為，好意,親切な行為，好意,high_school,2,pre2,pre2;2,名詞,pre2:1169;2:772,2
fear,fear,word,を恐れる，恐がる/恐れ,を恐れる，恐がる/恐れ,high_school,2,pre2,pre2;2,名詞,pre2:1105;2:296,2
feature,feature,word,特徴，特性/を目玉とする,特徴，特性/を目玉とする,high_school,1,pre2,pre2;2;pre1,名詞;名詞／動詞,pre2:398;2:174;pre1:3033,3
federal,federal,word,連邦の，連邦制の,連邦の，連邦制の,high_school,1,pre2,pre2;2;pre1,形容詞,pre2:996;2:1505;pre1:3178,3
fee,fee,word,料金，手数料,料金，手数料,high_school,2,pre2,pre2;2,名詞,pre2:280;2:618,2
feed,feed,word,えさを与える,えさを与える / 餌を与える，育てる,high_school,2,pre2,pre2;2,名詞;動詞,pre2:885;2:649,2
fellow,fellow,word,仲間，友人,仲間，友人,high_school,2,pre2,pre2;2,名詞,pre2:427;2:1779,2
female,female,word,雌の，女性の,雌の，女性の,high_school,2,pre2,pre2;2,形容詞;名詞,pre2:753;2:1991,2
fertilizer,fertilizer,word,肥料，育成剤,肥料，育成剤,high_school,1,pre2,pre2;2;pre1,名詞,pre2:1276;2:140;pre1:31,3
fiber,fiber,word,繊維，糸,繊維，糸,high_school,2,pre2,pre2;2,名詞,pre2:1220;2:1121,2
finance,finance,word,財政，財務,財政，財務,high_school,2,pre2,pre2;2,名詞,pre2:902;2:1642,2
financial,financial,word,財政の，財務に関する,財政の，財務に関する,high_school,2,pre2,pre2;2,形容詞,pre2:903;2:1947,2
firm,firm,word,しっかりした，堅い,しっかりした，堅い,high_school,2,pre2,pre2;2,形容詞,pre2:232;2:1577,2
flee,flee,word,逃げる，逃走する,逃げる，逃走する,high_school,2,pre2,pre2;2,動詞,pre2:1032;2:1831,2
flexibility,flexibility,word,しなやかさ，弾力性，柔軟性,しなやかさ，弾力性，柔軟性,high_school,1,pre2,pre2;2;pre1,名詞,pre2:1263;2:124;pre1:1181,3
flood,flood,word,洪水，氾濫,洪水，氾濫,high_school,2,pre2,pre2;2,名詞,pre2:778;2:1864,2
flow,flow,word,流れる，流す,流れる，流す,high_school,2,pre2,pre2;2,動詞,pre2:355;2:1340,2
folk,folk,word,人々，群衆,人々，群衆,high_school,2,pre2,pre2;2,名詞,pre2:779;2:1322,2
force,force,word,力，勢い,力，勢い,high_school,2,pre2,pre2;2,名詞,pre2:234;2:730,2
forever,forever,word,永遠に，ずっと,永遠に，ずっと,high_school,2,pre2,pre2;2,副詞,pre2:888;2:970,2
formal,formal,word,正式な，公式の,正式な，公式の,high_school,2,pre2,pre2;2,形容詞,pre2:169;2:818,2
formation,formation,word,形成，構成,形成，構成,high_school,1,pre2,pre2;2;pre1,名詞,pre2:1335;2:259;pre1:397,3
former,former,word,前の，以前の,前の，以前の,high_school,2,pre2,pre2;2,形容詞,pre2:880;2:1146,2
foundation,foundation,word,土台，根拠，設立,土台，根拠，設立,high_school,1,pre2,pre2;2;pre1,名詞,pre2:1232;2:50;pre1:3399,3
founder,founder,word,創設者，創立者,創設者，創立者,high_school,2,pre2,pre2;2,名詞,pre2:975;2:1198,2
freeze,freeze,word,凍る，氷結,凍る，氷結,high_school,2,pre2,pre2;2,動詞,pre2:1210;2:1593,2
frequent,frequent,word,頻繁な，しばしば起こる,頻繁な，しばしば起こる,high_school,2,pre2,pre2;2,形容詞,pre2:1291;2:179,2
frequently,frequently,word,"頻繁に, たびたび","頻繁に, たびたび",high_school,2,pre2,pre2;2,副詞,pre2:1056;2:479,2
frighten,frighten,word,怖がらせる，恐れさせる,怖がらせる，恐れさせる,high_school,2,pre2,pre2;2,動詞,pre2:1202;2:1404,2
fuel,fuel,word,燃料，燃えやすいもの,燃料，燃えやすいもの,high_school,2,pre2,pre2;2,名詞,pre2:720;2:397,2
fully,fully,word,十分に，完全に,十分に，完全に,high_school,2,pre2,pre2;2,副詞,pre2:774;2:1104,2
fund,fund,word,基金，資金,基金，資金,high_school,1,pre2,pre2;2;pre1,名詞,pre2:1470;2:466;pre1:268,3
fundamental,fundamental,word,基本的な，基礎の,基本的な，基礎の,high_school,2,pre2,pre2;2,形容詞,pre2:523;2:1806,2
furniture,furniture,word,家具，調度品,家具，調度品,high_school,2,pre2,pre2;2,名詞,pre2:1316;2:232,2
furthermore,furthermore,word,さらに，その上,さらに，その上,high_school,1,pre2,pre2;2;pre1,副詞,pre2:1235;2:55;pre1:1082,3
gain,gain,word,得る，獲得する,得る，獲得する,high_school,2,pre2,pre2;2,動詞,pre2:9;2:1891,2
gather,gather,word,を集める，収集する,を集める，収集する,high_school,2,pre2,pre2;2,動詞,pre2:662;2:678,2
generous,generous,word,気前のよい，寛容な,気前のよい，寛容な,high_school,2,pre2,pre2;2,形容詞,pre2:1323;2:244,2
generously,generously,word,惜しみなく，気前よく,惜しみなく，気前よく,high_school,2,pre2,pre2;2,副詞,pre2:1464;2:459,2
genius,genius,word,天才，才人,天才，才人,high_school,2,pre2,pre2;2,名詞,pre2:291;2:1435,2
glance,glance,word,一目見る/一目,一目見る/一目,high_school,1,pre2,pre2;2;pre1,名詞;名詞/動詞;名詞／動詞,pre2:296;2:728;pre1:3167,3
global,global,word,地球の，世界の,地球の，世界の,high_school,2,pre2,pre2;2,形容詞,pre2:266;2:1261,2
govern,govern,word,統治する，支配する,統治する，支配する,high_school,2,pre2,pre2;2,動詞,pre2:227;2:1459,2
governor,governor,word,知事，州知事,知事，州知事,high_school,2,pre2,pre2;2,名詞,pre2:1088;2:1239,2
gradually,gradually,word,次第に，だんだんに,次第に，だんだんに,high_school,2,pre2,pre2;2,副詞,pre2:946;2:631,2
grammar,grammar,word,文法，文法規則,文法，文法規則,high_school,2,pre2,pre2;2,名詞,pre2:925;2:1949,2
grant,grant,word,給付金,給付金,high_school,2,pre2,pre2,名詞,pre2:249,1
gravity,gravity,word,重力，引力,重力，引力,high_school,1,pre2,pre2;2;pre1,名詞,pre2:1292;2:181;pre1:924,3
greet,greet,word,を出迎える，に挨拶する,を出迎える，に挨拶する,high_school,2,pre2,pre2;2,動詞,pre2:942;2:380,2
guarantee,guarantee,word,を保証する/保証,を保証する/保証,high_school,1,pre2,pre2;2;pre1,動詞,pre2:1376;2:327;pre1:1143,3
hang,hang,word,つるす，掛ける,つるす，掛ける,high_school,2,pre2,pre2;2,動詞,pre2:809;2:1420,2
harbor,harbor,word,港，港湾,港，港湾,high_school,2,pre2,pre2;2,名詞,pre2:1431;2:409,2
hardly,hardly,word,ほとんどない，少ない,ほとんどない，少ない,high_school,2,pre2,pre2;2,副詞,pre2:176;2:1278,2
harm,harm,word,害，危害/を害する,害，危害/を害する,high_school,2,pre2,pre2;2,名詞,pre2:1428;2:405,2
harmful,harmful,word,有害な，害のある,有害な，害のある,high_school,2,pre2,pre2;2,形容詞,pre2:670;2:1929,2
harvest,harvest,word,収穫/を収穫する,収穫/を収穫する,high_school,2,pre2,pre2;2,動詞,pre2:1435;2:414,2
hate,hate,word,ひどく嫌う，深く憎む,ひどく嫌う，深く憎む,high_school,2,pre2,pre2;2,動詞,pre2:549;2:1114,2
headline,headline,word,見出し，表題,見出し，表題,high_school,2,pre2,pre2;2,名詞,pre2:413;2:1943,2
headquarters,headquarters,word,本部，中心,本部，中心,high_school,2,pre2,pre2;2,名詞,pre2:674;2:1615,2
heel,heel,word,かかと，きびす,かかと，きびす,high_school,2,pre2,pre2;2,名詞,pre2:362;2:1405,2
height,height,word,高さ，高度,高さ，高度,high_school,2,pre2,pre2;2,名詞,pre2:182;2:1927,2
hell,hell,word,地獄，奈落,地獄，奈落,high_school,2,pre2,pre2;2,名詞,pre2:1066;2:1550,2
heritage,heritage,word,遺産，相続財産,遺産，相続財産,high_school,1,pre2,pre2;2;pre1,名詞,pre2:647;2:386;pre1:3226,3
hesitate,hesitate,word,ためらう，躊躇する,ためらう，躊躇する,high_school,1,pre2,pre2;2;pre1,動詞,pre2:1195;2:691;pre1:3025,3
hide,hide,word,隠す，隠れる,隠す，隠れる,high_school,2,pre2,pre2;2,動詞,pre2:491;2:1398,2
highlight,highlight,word,目立たせる，最も明るい部分,目立たせる，最も明るい部分,high_school,2,pre2,pre2;2,動詞,pre2:840;2:1616,2
hire,hire,word,雇う，採用する,雇う，採用する,high_school,2,pre2,pre2;2,動詞,pre2:801;2:1262,2
historic,historic,word,由緒のある，歴史に残る,由緒のある，歴史に残る,high_school,2,pre2,pre2;2,形容詞,pre2:678;2:240,2
historical,historical,word,歴史上の，過去の,歴史上の，過去の,high_school,2,pre2,pre2;2,形容詞,pre2:1134;2:1128,2
household,household,word,家族，世帯,家族，世帯,high_school,2,pre2,pre2;2,名詞,pre2:1198;2:1143,2
huge,huge,word,巨大な，広大な,巨大な，広大な,high_school,2,pre2,pre2;2,形容詞,pre2:559;2:820,2
humanity,humanity,word,人間，人間性,人間，人間性,high_school,2,pre2,pre2;2,名詞,pre2:1052;2:1413,2
ideal,ideal,word,理想，目指すべき状態,理想，目指すべき状態,high_school,2,pre2,pre2;2,名詞,pre2:183;2:1345,2
identify,identify,word,を見分ける，識別する,を見分ける，識別する,high_school,2,pre2,pre2;2,動詞,pre2:979;2:471,2
identity,identity,word,同一性，一致性,同一性，一致性,high_school,2,pre2,pre2;2,名詞,pre2:754;2:786,2
ignore,ignore,word,を無視する，見逃す,を無視する，見逃す,high_school,2,pre2,pre2;2,動詞,pre2:86;2:845,2
illness,illness,word,病気，疾患,病気，疾患,high_school,2,pre2,pre2;2,名詞,pre2:75;2:557,2
imagination,imagination,word,想像，仮想,想像，仮想,high_school,2,pre2,pre2;2,名詞,pre2:1087;2:1547,2
imitate,imitate,word,模倣する，真似る,模倣する，真似る,high_school,2,pre2,pre2;2,動詞,pre2:1306;2:214,2
immediate,immediate,word,即座の，瞬時の,即座の，瞬時の,high_school,2,pre2,pre2;2,形容詞,pre2:680;2:1173,2
immediately,immediately,word,即座に，直ちに,即座に，直ちに,high_school,2,pre2,pre2;2,副詞,pre2:48;2:95,2
immigrant,immigrant,word,移民，移住者,移民，移住者,high_school,2,pre2,pre2;2,名詞,pre2:377;2:1757,2
immigrate,immigrate,word,移住する，移転する,移住する，移転する,high_school,1,pre2,pre2;2;pre1,動詞,pre2:1380;2:333;pre1:3334,3
immune,immune,word,免疫の，免疫のある,免疫の，免疫のある,high_school,1,pre2,pre2;2;pre1,形容詞,pre2:1362;2:304;pre1:2371,3
implement,implement,word,実施する/道具，手段,実施する/道具，手段,high_school,2,pre2,pre2;2,動詞,pre2:725;2:1540,2
implication,implication,word,含み，裏の意味,含み，裏の意味,high_school,2,pre2,pre2;2,名詞,pre2:847;2:1882,2
imply,imply,word,をほのめかす，暗示する,をほのめかす，暗示する,high_school,1,pre2,pre2;2;pre1,動詞,pre2:575;2:842;pre1:3215,3
impress,impress,word,感銘を与える，感動させる,感銘を与える，感動させる,high_school,2,pre2,pre2;2,動詞,pre2:537;2:1232,2
impression,impression,word,印象，感じ,印象，感じ,high_school,2,pre2,pre2;2,名詞,pre2:70;2:1631,2
impressive,impressive,word,印象的な，鮮烈な,印象的な，鮮烈な,high_school,2,pre2,pre2;2,形容詞,pre2:237;2:1655,2
improve,improve,word,を改善する，改良する,を改善する，改良する,high_school,2,pre2,pre2;2,動詞,pre2:12;2:9,2
improvement,improvement,word,改善，改良,改善，改良,high_school,2,pre2,pre2;2,名詞,pre2:290;2:792,2
income,income,word,所得，収入,所得，収入,high_school,2,pre2,pre2;2,名詞,pre2:1016;2:1653,2
incorporate,incorporate,word,合体させる，統合する,合体させる，統合する,high_school,2,pre2,pre2;2,動詞,pre2:1162;2:1361,2
independent,independent,word,独立した，自立した,独立した，自立した,high_school,2,pre2,pre2;2,形容詞,pre2:422;2:1341,2
index,index,word,索引，目次,索引，目次,high_school,2,pre2,pre2;2,名詞,pre2:709;2:1586,2
indicate,indicate,word,を指し示す,を指し示す / 指し示す,high_school,2,pre2,pre2;2,動詞,pre2:1205;2:2292,2
individual,individual,word,個人の，個々の,個人の，個々の,high_school,2,pre2,pre2;2,形容詞,pre2:1122;2:609,2
indoor,indoor,word,室内/屋内の,室内/屋内の,high_school,2,pre2,pre2;2,形容詞,pre2:1394;2:354,2
industrial,industrial,word,産業の，工業の,産業の，工業の,high_school,2,pre2,pre2;2,形容詞,pre2:784;2:1556,2
industry,industry,word,産業，工業,産業，工業,high_school,2,pre2,pre2;2,名詞,pre2:586;2:513,2
infection,infection,word,感染,感染,high_school,2,pre2,pre2,名詞,pre2:978,1
inflation,inflation,word,膨張，拡大,膨張，拡大,high_school,2,pre2,pre2;2,名詞,pre2:1078;2:1217,2
influence,influence,word,影響，影響力，波及/影響を及ぼす,影響，影響力，波及/影響を及ぼす,high_school,2,pre2,pre2;2,名詞,pre2:331;2:510,2
inform,inform,word,情報を与える，に知らせる,情報を与える，に知らせる,high_school,2,pre2,pre2;2,動詞,pre2:1178;2:24,2
ingredient,ingredient,word,材料，原料，成分,材料，原料，成分,high_school,2,pre2,pre2;2,名詞,pre2:777;2:166,2
initially,initially,word,最初は，初めて,最初は，初めて,high_school,2,pre2,pre2;2,副詞,pre2:1149;2:1648,2
initiative,initiative,word,主導権，自発性,主導権，自発性,high_school,2,pre2,pre2;2,名詞,pre2:844;2:1692,2
injury,injury,word,怪我，負傷,怪我，負傷,high_school,2,pre2,pre2;2,名詞,pre2:31;2:1624,2
innocent,innocent,word,罪のない，無罪の,罪のない，無罪の,high_school,2,pre2,pre2;2,形容詞,pre2:948;2:407,2
inquiry,inquiry,word,問い合わせ，質問,問い合わせ，質問,high_school,2,pre2,pre2;2,名詞,pre2:317;2:1220,2
inspector,inspector,word,検査官，監査人,検査官，監査人,high_school,2,pre2,pre2;2,名詞,pre2:1003;2:1480,2
install,install,word,導入する，導く,導入する，導く,high_school,2,pre2,pre2;2,動詞,pre2:776;2:1133,2
instinct,instinct,word,直感，本能，勘,直感，本能，勘,high_school,1,pre2,pre2;2;pre1,名詞,pre2:1381;2:336;pre1:3393,3
instrument,instrument,word,楽器，音楽器具,楽器，音楽器具,high_school,2,pre2,pre2;2,名詞,pre2:1308;2:218,2
insult,insult,word,を侮辱する，を罵る,を侮辱する，を罵る,high_school,1,pre2,pre2;2;pre1,動詞,pre2:1372;2:321;pre1:411,3
intellectual,intellectual,word,知的な，知識に関する,知的な，知識に関する,high_school,2,pre2,pre2;2,形容詞,pre2:972;2:1637,2
intelligent,intelligent,word,かしこい，知能の高い,かしこい，知能の高い,high_school,2,pre2,pre2,形容詞,pre2:446,1
intelligently,intelligently,word,かしこく,かしこく,high_school,2,pre2,pre2,副詞,pre2:904,1
intend,intend,word,意図する，意図して,意図する，意図して,high_school,2,pre2,pre2;2,動詞,pre2:395;2:1951,2
intense,intense,word,激しい，熱心な,激しい，熱心な,high_school,2,pre2,pre2;2,形容詞,pre2:311;2:935,2
intention,intention,word,意図，目的,意図，目的,high_school,2,pre2,pre2;2,名詞,pre2:277;2:1730,2
interior,interior,word,内部の，内側の,内部の，内側の,high_school,2,pre2,pre2;2,形容詞,pre2:761;2:1541,2
internal,internal,word,内部の，内側の,内部の，内側の,high_school,2,pre2,pre2;2,形容詞,pre2:1215;2:1786,2
interpret,interpret,word,を解釈する，受け取る,を解釈する，受け取る,high_school,2,pre2,pre2;2,動詞,pre2:378;2:824,2
interpretation,interpretation,word,解釈，通訳,解釈，通訳,high_school,2,pre2,pre2;2,名詞,pre2:1060;2:1968,2
intervention,intervention,word,介在，仲裁,介在，仲裁,high_school,2,pre2,pre2;2,名詞,pre2:495;2:971,2
invest,invest,word,に投資する，資本をつぎ込む,に投資する，資本をつぎ込む,high_school,2,pre2,pre2;2,動詞,pre2:310;2:1056,2
investigation,investigation,word,調査，研究,調査，研究,high_school,1,pre2,pre2;2;pre1,名詞,pre2:1180;2:1902;pre1:3098,3
investigator,investigator,word,捜査官，探偵,捜査官，探偵,high_school,2,pre2,pre2;2,名詞,pre2:497;2:1043,2
investor,investor,word,投資家，投資者,投資家，投資者,high_school,2,pre2,pre2;2,名詞,pre2:1051;2:1904,2
involve,involve,word,を含む，を巻き込む,を含む，を巻き込む,high_school,2,pre2,pre2;2,動詞,pre2:1047;2:115,2
involvement,involvement,word,関与，関わり合い,関与，関わり合い,high_school,2,pre2,pre2;2,名詞,pre2:505;2:1384,2
isolate,isolate,word,を孤立させる，隔離する,を孤立させる，隔離する,high_school,2,pre2,pre2;2,動詞,pre2:365;2:1711,2
issue,issue,word,問題，（雑誌などの）号,問題，（雑誌などの）号,high_school,2,pre2,pre2;2,名詞,pre2:1070;2:350,2
item,item,word,項目，要点,項目，要点,high_school,2,pre2,pre2;2,名詞,pre2:71;2:1263,2
jail,jail,word,刑務所，拘置所,刑務所，拘置所,high_school,2,pre2,pre2;2,名詞,pre2:834;2:1638,2
joint,joint,word,継目，関節,継目，関節,high_school,2,pre2,pre2;2,名詞,pre2:455;2:1996,2
journal,journal,word,日誌，日記,日誌，日記,high_school,2,pre2,pre2,名詞,pre2:1123,1
journey,journey,word,旅，旅行,旅，旅行,high_school,2,pre2,pre2;2,名詞,pre2:1280;2:149,2
judgement,judgement,word,判断,判断,high_school,2,pre2,pre2,名詞,pre2:624,1
jury,jury,word,陪審員，審査員,陪審員，審査員,high_school,2,pre2,pre2;2,名詞,pre2:558;2:1145,2
knowledge,knowledge,word,知識，学識,知識，学識,high_school,2,pre2,pre2;2,名詞,pre2:46;2:734,2
lab,lab,word,研究室，研究所,研究室，研究所,high_school,2,pre2,pre2;2,名詞,pre2:883;2:1330,2
labor,labor,word,労働，労働者,労働，労働者,high_school,2,pre2,pre2;2,名詞,pre2:1157;2:1139,2
laboratory,laboratory,word,実験室，研究所,実験室，研究所,high_school,2,pre2,pre2;2,名詞,pre2:1152;2:1600,2
lack,lack,word,不足，欠乏,不足，欠乏,high_school,2,pre2,pre2;2,名詞,pre2:268;2:1758,2
landscape,landscape,word,風景，眺め,風景，眺め,high_school,2,pre2,pre2;2,名詞,pre2:652;2:335,2
lap,lap,word,ひざ，膝小僧,ひざ，膝小僧,high_school,2,pre2,pre2;2,名詞,pre2:510;2:1256,2
largely,largely,word,主として，主に,主として，主に,high_school,2,pre2,pre2;2,副詞,pre2:534;2:1315,2
latter,latter,word,後者の，後半の,後者の，後半の,high_school,2,pre2,pre2;2,形容詞,pre2:863;2:1728,2
laughter,laughter,word,笑い，笑顔,笑い，笑顔,high_school,2,pre2,pre2;2,名詞,pre2:1199;2:1796,2
launch,launch,word,発売する，船をおろす,発売する，船をおろす,high_school,1,pre2,pre2;2;pre1,動詞,pre2:1438;2:419;pre1:278,3
lawn,lawn,word,芝生，草地,芝生，草地,high_school,2,pre2,pre2;2,名詞,pre2:595;2:1532,2
lean,lean,word,傾く，寄りかかる,傾く，寄りかかる,high_school,1,pre2,pre2;2;pre1,動詞,pre2:786;2:1551;pre1:3247,3
lecture,lecture,word,講義,講義,high_school,2,pre2,pre2,名詞,pre2:1035,1
leftover,leftover,word,残り物，食べ残し,残り物，食べ残し,high_school,1,pre2,pre2;2;pre1,名詞,pre2:1458;2:446;pre1:1791,3
legend,legend,word,伝説，言い伝え,伝説，言い伝え,high_school,1,pre2,pre2;2;pre1,名詞,pre2:1433;2:411;pre1:909,3
legislation,legislation,word,立法，法制定,立法，法制定,high_school,2,pre2,pre2;2,名詞,pre2:1138;2:1782,2
leisure,leisure,word,余暇，自由時間,余暇，自由時間,high_school,2,pre2,pre2;2,名詞,pre2:571;2:1523,2
length,length,word,長さ，延長,長さ，延長,high_school,2,pre2,pre2;2,名詞,pre2:929;2:1802,2
lesser,lesser,word,より少ない，いっそう少ない,より少ない，いっそう少ない,high_school,2,pre2,pre2;2,形容詞,pre2:1361;2:298,2
likely,likely,word,起こりそうな，可能性がある,起こりそうな，可能性がある,high_school,2,pre2,pre2;2,形容詞,pre2:1128;2:1945,2
literary,literary,word,文学の，文芸の,文学の，文芸の,high_school,2,pre2,pre2;2,形容詞,pre2:884;2:1916,2
literature,literature,word,文学，文芸,文学，文芸,high_school,2,pre2,pre2;2,名詞,pre2:1069;2:460,2
locate,locate,word,見つける，位置を突きとめる,見つける，位置を突きとめる,high_school,2,pre2,pre2;2,動詞,pre2:1296;2:192,2
luckily,luckily,word,幸いなことに，幸運にも,幸いなことに，幸運にも,high_school,2,pre2,pre2;2,副詞,pre2:1352;2:282,2
luxury,luxury,word,贅沢な/贅沢,贅沢な/贅沢,high_school,2,pre2,pre2;2,名詞,pre2:1302;2:204,2
mad,mad,word,狂った，狂気じみた,狂った，狂気じみた,high_school,2,pre2,pre2;2,形容詞,pre2:548;2:1620,2
mainly,mainly,word,主に，もっぱら,主に，もっぱら,high_school,2,pre2,pre2;2,副詞,pre2:563;2:1815,2
maintain,maintain,word,を維持する，保つ,を維持する，保つ,high_school,2,pre2,pre2;2,動詞,pre2:632;2:771,2
maintenance,maintenance,word,持続，保全,持続，保全,high_school,2,pre2,pre2;2,名詞,pre2:922;2:1971,2
majority,majority,word,大多数，多数派,大多数，多数派,high_school,2,pre2,pre2;2,名詞,pre2:1053;2:1153,2
male,male,word,男性，雄,男性，雄,high_school,2,pre2,pre2;2,名詞,pre2:860;2:908,2
manage,manage,word,何とかうまくやる，管理を行う,何とかうまくやる，管理を行う,high_school,2,pre2,pre2;2,動詞,pre2:1264;2:126,2
manner,manner,word,やり方，方法,やり方，方法,high_school,2,pre2,pre2;2,名詞,pre2:223;2:1047,2
manufacturer,manufacturer,word,製造元，製造業者,製造元，製造業者,high_school,2,pre2,pre2;2,名詞,pre2:259;2:1519,2
mass,mass,word,塊，大部分,塊，大部分,high_school,2,pre2,pre2;2,名詞,pre2:573;2:1727,2
mate,mate,word,友達，仲間,友達，仲間,high_school,2,pre2,pre2;2,名詞,pre2:305;2:1227,2
material,material,word,材料，原料,材料，原料,high_school,2,pre2,pre2;2,名詞,pre2:55;2:1896,2
maximum,maximum,word,最大，最大の,最大，最大の,high_school,2,pre2,pre2;2,形容詞;名詞,pre2:288;2:718,2
mayor,mayor,word,市長，町長,市長，町長,high_school,2,pre2,pre2;2,名詞,pre2:622;2:1937,2
meal,meal,word,食事，食事療法,食事，食事療法,high_school,2,pre2,pre2;2,名詞,pre2:1048;2:1370,2
meanwhile,meanwhile,word,一方で，他方で,一方で，他方で,high_school,2,pre2,pre2;2,副詞,pre2:323;2:37,2
measure,measure,word,措置，測るもの/を測る,措置，測るもの/を測る,high_school,2,pre2,pre2;2,動詞,pre2:1272;2:135,2
medium,medium,word,中間の，中央の,中間の，中央の,high_school,2,pre2,pre2;2,形容詞,pre2:556;2:1319,2
melt,melt,word,溶ける，を溶かす,溶ける，を溶かす,high_school,2,pre2,pre2;2,動詞,pre2:29;2:40,2
mental,mental,word,精神の，心の,精神の，心の,high_school,2,pre2,pre2;2,形容詞,pre2:1364;2:306,2
mention,mention,word,言及する，参照する,言及する，参照する,high_school,2,pre2,pre2;2,動詞,pre2:66;2:2000,2
mere,mere,word,単なる，ただの,単なる，ただの,high_school,2,pre2,pre2;2,形容詞,pre2:1163;2:1771,2
merely,merely,word,単に，ただ,単に，ただ,high_school,2,pre2,pre2;2,副詞,pre2:864;2:1022,2
mess,mess,word,混乱，錯乱，無秩序,混乱，錯乱，無秩序,high_school,2,pre2,pre2;2,名詞,pre2:1031;2:90,2
method,method,word,方法，手段,方法，手段,high_school,2,pre2,pre2;2,名詞,pre2:833;2:1823,2
military,military,word,軍隊，兵力,軍隊，兵力,high_school,2,pre2,pre2;2,名詞,pre2:1096;2:1228,2
minister,minister,word,大臣，牧師,大臣，牧師,high_school,1,pre2,pre2;2;pre1,名詞,pre2:506;2:1100;pre1:288,3
mixture,mixture,word,混合物，複合体,混合物，複合体,high_school,2,pre2,pre2;2,名詞,pre2:576;2:322,2
modify,modify,word,を変更する，を修正する,を変更する，を修正する,high_school,1,pre2,pre2;2;pre1,動詞,pre2:1475;2:475;pre1:615,3
moral,moral,word,道徳の，道徳的な,道徳の，道徳的な,high_school,2,pre2,pre2;2,形容詞,pre2:971;2:1768,2
moreover,moreover,word,さらに，その上,さらに，その上,high_school,2,pre2,pre2;2,副詞,pre2:327;2:17,2
mortgage,mortgage,word,抵当，担保,抵当，担保,high_school,2,pre2,pre2;2,名詞,pre2:1204;2:1497,2
mostly,mostly,word,主に，ほとんど,主に，ほとんど,high_school,2,pre2,pre2;2,副詞,pre2:149;2:1563,2
multiple,multiple,word,掛け算する，乗算する,掛け算する，乗算する,high_school,2,pre2,pre2;2,動詞,pre2:601;2:1524,2
murder,murder,word,殺人，凶行,殺人，凶行,high_school,2,pre2,pre2;2,名詞,pre2:449;2:724,2
muscle,muscle,word,筋肉，筋力,筋肉，筋力,high_school,2,pre2,pre2;2,名詞,pre2:151;2:453,2
mysterious,mysterious,word,不可解な，不思議な,不可解な，不思議な,high_school,2,pre2,pre2;2,形容詞,pre2:253;2:1704,2
nation,nation,word,国家，国土,国家，国土,high_school,2,pre2,pre2;2,名詞,pre2:827;2:1144,2
natural,natural,word,当然の，自然の,当然の，自然の,high_school,2,pre2,pre2;2,形容詞,pre2:272;2:356,2
nearby,nearby,word,近くの，隣近所の,近くの，隣近所の,high_school,2,pre2,pre2;2,形容詞,pre2:868;2:1266,2
necessarily,necessarily,word,必然的に，必ず,必然的に，必ず,high_school,2,pre2,pre2;2,副詞,pre2:403;2:1461,2
necessity,necessity,word,必要性，必須,必要性，必須,high_school,2,pre2,pre2;2,名詞,pre2:1184;2:1946,2
negative,negative,word,否定の，拒否,否定の，拒否,high_school,2,pre2,pre2;2,形容詞,pre2:191;2:1961,2
negotiate,negotiate,word,交渉する，協議する,交渉する，協議する,high_school,2,pre2,pre2;2,動詞,pre2:828;2:1180,2
negotiation,negotiation,word,交渉，話し合い,交渉，話し合い,high_school,2,pre2,pre2;2,名詞,pre2:282;2:1171,2
neighborhood,neighborhood,word,近所，近隣,近所，近隣,high_school,2,pre2,pre2;2,名詞,pre2:958;2:1388,2
nevertheless,nevertheless,word,にも関わらず，けれども,にも関わらず，けれども,high_school,1,pre2,pre2;2,副詞;接続詞,pre2:256;2:103;2:556,3
nor,nor,word,もない,もない,high_school,2,pre2,pre2,接続詞,pre2:281,1
normally,normally,word,通常は，普通に,通常は，普通に,high_school,2,pre2,pre2;2,副詞,pre2:498;2:1841,2
notion,notion,word,考え，意見,考え，意見,high_school,1,pre2,pre2;2;pre1,名詞,pre2:1148;2:987;pre1:3028,3
nowadays,nowadays,word,最近，近頃,最近，近頃,high_school,2,pre2,pre2,副詞,pre2:6,1
nowhere,nowhere,word,どこにも，どこにでも,どこにも，どこにでも,high_school,2,pre2,pre2;2,副詞,pre2:303;2:1105,2
object,object,word,物体，実体,物体，実体,high_school,2,pre2,pre2;2,名詞,pre2:42;2:1910,2
objective,objective,word,目標，目的,目標，目的,high_school,2,pre2,pre2;2,名詞,pre2:411;2:1039,2
observation,observation,word,観察，観測,観察，観測,high_school,1,pre2,pre2;2;pre1,名詞,pre2:791;2:1337;pre1:3186,3
observe,observe,word,を観察する，を監視する,を観察する，を監視する,high_school,2,pre2,pre2;2,動詞,pre2:390;2:537,2
observer,observer,word,観察者，傍観者,観察者，傍観者,high_school,2,pre2,pre2;2,名詞,pre2:625;2:1763,2
obtain,obtain,word,を手に入れる，を獲得する,を手に入れる，を獲得する,high_school,2,pre2,pre2;2,動詞,pre2:945;2:122,2
obvious,obvious,word,明白な，明瞭な,明白な，明瞭な,high_school,2,pre2,pre2;2,形容詞,pre2:947;2:850,2
obviously,obviously,word,明らかに，明白に,明らかに，明白に,high_school,2,pre2,pre2;2,副詞,pre2:514;2:338,2
occasion,occasion,word,特定の時，行事，祭典,特定の時，行事，祭典,high_school,2,pre2,pre2;2,名詞,pre2:567;2:222,2
occasionally,occasionally,word,時折，稀に,時折，稀に,high_school,2,pre2,pre2;2,副詞,pre2:654;2:838,2
occupation,occupation,word,職業，仕事,職業，仕事,high_school,2,pre2,pre2;2,名詞,pre2:352;2:1024,2
occupy,occupy,word,占める，取る,占める，取る,high_school,2,pre2,pre2;2,動詞,pre2:477;2:1999,2
occur,occur,word,発生する，起こる,発生する，起こる,high_school,2,pre2,pre2;2,動詞,pre2:215;2:745,2
operate,operate,word,操作する，操る,操作する，操る,high_school,2,pre2,pre2;2,動詞,pre2:906;2:1164,2
operation,operation,word,操作，作用,操作，作用,high_school,2,pre2,pre2;2,名詞,pre2:396;2:1155,2
operator,operator,word,操作者，操縦者,操作者，操縦者,high_school,2,pre2,pre2;2,名詞,pre2:1058;2:1939,2
opponent,opponent,word,相手，対象,相手，対象,high_school,1,pre2,pre2;2;pre1,名詞,pre2:957;2:977;pre1:3254,3
opportunity,opportunity,word,機会，好機,機会，好機,high_school,2,pre2,pre2;2,名詞,pre2:62;2:311,2
oppose,oppose,word,反対する，抵抗する,反対する，抵抗する,high_school,2,pre2,pre2;2,動詞,pre2:392;2:1122,2
opposite,opposite,word,反対の，向こう側の,反対の，向こう側の,high_school,2,pre2,pre2;2,形容詞,pre2:1130;2:709,2
opposition,opposition,word,反対，対立,反対，対立,high_school,2,pre2,pre2;2,名詞,pre2:766;2:1129,2
orbit,orbit,word,"軌道, 軌跡","軌道, 軌跡",high_school,1,pre2,pre2;2;pre1,名詞,pre2:1477;2:478;pre1:3037,3
organization,organization,word,組織，団体，協会,組織，団体，協会,high_school,2,pre2,pre2;2,名詞,pre2:969;2:939,2
organize,organize,word,を組織する，を編成する,を組織する，を編成する,high_school,2,pre2,pre2;2,動詞,pre2:88;2:59,2
origin,origin,word,起源，由来,起源，由来,high_school,2,pre2,pre2;2,名詞,pre2:1146;2:1492,2
originally,originally,word,はじめは，元々は,はじめは，元々は,high_school,2,pre2,pre2,副詞,pre2:20,1
otherwise,otherwise,word,さもなければ,さもなければ,high_school,2,pre2,pre2;2,副詞,pre2:587;2:2041,2
outcome,outcome,word,結果，成果,結果，成果 / 結果,high_school,1,pre2,pre2;2;pre1,名詞,pre2:646;2:2211;pre1:319,3
overall,overall,word,全体的な，全部の,全体的な，全部の,high_school,2,pre2,pre2;2,形容詞,pre2:581;2:167,2
overcome,overcome,word,を克服する，乗り越える,を克服する，乗り越える,high_school,2,pre2,pre2;2,動詞,pre2:89;2:871,2
overlap,overlap,word,重ねる，積む,重ねる，積む,high_school,2,pre2,pre2;2,動詞,pre2:1472;2:470,2
overtake,overtake,word,追い越す，追いつく,追い越す，追いつく,high_school,1,pre2,pre2;2;pre1,動詞,pre2:1440;2:423;pre1:911,3
palm,palm,word,手のひら，（動物の）前足の裏,手のひら，（動物の）前足の裏,high_school,2,pre2,pre2;2,名詞,pre2:528;2:1289,2
pan,pan,word,フライパン,フライパン,high_school,2,pre2,pre2;2,名詞,pre2:289;2:1552,2
participate,participate,word,参加する，出席する,参加する，出席する,high_school,2,pre2,pre2;2,動詞,pre2:963;2:787,2
particular,particular,word,特定の，明確な,特定の，明確な,high_school,2,pre2,pre2;2,形容詞,pre2:464;2:191,2
particularly,particularly,word,特に，とりわけ,特に，とりわけ,high_school,2,pre2,pre2;2,副詞,pre2:974;2:302,2
partly,partly,word,部分的に，一部分,部分的に，一部分,high_school,2,pre2,pre2;2,副詞,pre2:389;2:1809,2
partnership,partnership,word,共同，提携,共同，提携,high_school,2,pre2,pre2;2,名詞,pre2:707;2:1681,2
party,party,word,政党，党派,政党，党派,high_school,2,pre2,pre2;2,名詞,pre2:901;2:1367,2
passage,passage,word,一節，節分,一節，節分,high_school,2,pre2,pre2;2,名詞,pre2:633;2:1565,2
passenger,passenger,word,乗客，客,乗客，客,high_school,2,pre2,pre2;2,名詞,pre2:321;2:1972,2
patch,patch,word,当て布，布切れ,当て布，布切れ,high_school,2,pre2,pre2;2,名詞,pre2:507;2:1336,2
path,path,word,小道，細道,小道，細道,high_school,2,pre2,pre2;2,名詞,pre2:1192;2:1633,2
patient,patient,word,我慢強い，患者,我慢強い，患者,high_school,2,pre2,pre2;2,名詞,pre2:886;2:1775,2
peak,peak,word,頂上，頂点,頂上，頂点,high_school,2,pre2,pre2;2,名詞,pre2:726;2:1953,2
peer,peer,word,同僚，仲間,同僚，仲間,high_school,2,pre2,pre2;2,名詞,pre2:359;2:1876,2
pension,pension,word,年金，老後の資金,年金，老後の資金 / 年金,high_school,1,pre2,pre2;2;pre1,名詞,pre2:769;2:1333;pre1:1275,3
perceive,perceive,word,知覚する，感じる,知覚する，感じる,high_school,2,pre2,pre2;2,動詞,pre2:250;2:1406,2
percentage,percentage,word,割合，比率,割合，比率,high_school,2,pre2,pre2;2,名詞,pre2:1022;2:1131,2
permission,permission,word,許可，認可,許可，認可,high_school,2,pre2,pre2;2,名詞,pre2:468;2:89,2
permit,permit,word,を許可する，を認める,を許可する，を認める,high_school,2,pre2,pre2;2,動詞,pre2:299;2:201,2
personality,personality,word,人格，性格,人格，性格,high_school,2,pre2,pre2;2,名詞,pre2:773;2:1661,2
personally,personally,word,個人的に，本人自ら,個人的に，本人自ら,high_school,2,pre2,pre2;2,副詞,pre2:443;2:1580,2
personnel,personnel,word,人事，職員,人事，職員,high_school,2,pre2,pre2,名詞,pre2:1027,1
persuade,persuade,word,を説得する，口説き落とす,を説得する，口説き落とす,high_school,2,pre2,pre2;2,動詞,pre2:991;2:667,2
phase,phase,word,段階，レベル,段階，レベル,high_school,2,pre2,pre2;2,名詞,pre2:552;2:1253,2
phenomenon,phenomenon,word,現象，事象,現象，事象 / 現象,high_school,1,pre2,pre2;2,名詞,pre2:529;2:1604;2:2053,3
philosopher,philosopher,word,哲学者,哲学者,high_school,2,pre2,pre2,名詞,pre2:516,1
philosophy,philosophy,word,哲学,哲学,high_school,2,pre2,pre2,名詞,pre2:553,1
physical,physical,word,身体の，肉体の,身体の，肉体の,high_school,2,pre2,pre2;2,形容詞,pre2:838;2:307,2
physician,physician,word,医師，内科医,医師，内科医,high_school,1,pre2,pre2;2;pre1,名詞,pre2:990;2:1138;pre1:3235,3
physics,physics,word,物理学，物理科学,物理学，物理科学,high_school,2,pre2,pre2;2,名詞,pre2:381;2:1055,2
pitch,pitch,word,投げる，放る,投げる，放る,high_school,2,pre2,pre2;2,動詞,pre2:1133;2:1295,2
pleasant,pleasant,word,楽しい，愉快な,楽しい，愉快な,high_school,2,pre2,pre2;2,形容詞,pre2:890;2:1157,2
plenty,plenty,word,たくさん，多く,たくさん，多く,high_school,2,pre2,pre2;2,名詞,pre2:1218;2:1033,2
policy,policy,word,政策，方針,政策，方針,high_school,2,pre2,pre2;2,名詞,pre2:873;2:337,2
polite,polite,word,礼儀正しい，丁寧な,礼儀正しい，丁寧な,high_school,2,pre2,pre2;2,形容詞,pre2:314;2:1656,2
politely,politely,word,丁寧に，礼儀正しく,丁寧に，礼儀正しく,high_school,2,pre2,pre2;2,副詞,pre2:1298;2:195,2
political,political,word,政治の,政治の,high_school,2,pre2,pre2,形容詞,pre2:387,1
politician,politician,word,政治家，政府要人,政治家，政府要人,high_school,2,pre2,pre2;2,名詞,pre2:526;2:1555,2
politics,politics,word,政治，政策,政治，政策,high_school,2,pre2,pre2;2,名詞,pre2:964;2:1254,2
poll,poll,word,投票，選挙,投票，選挙,high_school,2,pre2,pre2;2,名詞,pre2:816;2:1376,2
pollution,pollution,word,汚染，汚れ，汚染物,汚染，汚れ，汚染物,high_school,1,pre2,pre2;2;pre1,名詞,pre2:1231;2:49;pre1:39,3
popularity,popularity,word,人気，流行,人気，流行,high_school,2,pre2,pre2;2,名詞,pre2:184;2:660,2
population,population,word,人口，国民,人口，国民,high_school,2,pre2,pre2;2,名詞,pre2:402;2:388,2
portable,portable,word,持ち運べる，携帯用の,持ち運べる，携帯用の,high_school,2,pre2,pre2;2,形容詞,pre2:1245;2:82,2
portrait,portrait,word,肖像画，顔の絵,肖像画，顔の絵,high_school,2,pre2,pre2;2,名詞,pre2:494;2:1963,2
possess,possess,word,を所有する,を所有する,high_school,2,pre2,pre2,動詞,pre2:1054,1
possibility,possibility,word,可能性，実現性,可能性，実現性,high_school,2,pre2,pre2;2,名詞,pre2:1174;2:1964,2
possibly,possibly,word,ひょっとすると，もしかしたら,ひょっとすると，もしかしたら,high_school,2,pre2,pre2;2,副詞,pre2:1126;2:1499,2
potential,potential,word,潜在的な，潜伏している,潜在的な，潜伏している,high_school,2,pre2,pre2;2,形容詞,pre2:519;2:1718,2
potentially,potentially,word,潜在的に，可能性として,潜在的に，可能性として,high_school,2,pre2,pre2;2,副詞,pre2:1111;2:1224,2
pour,pour,word,を注ぐ，激しく降る,を注ぐ，激しく降る,high_school,2,pre2,pre2;2,動詞,pre2:1384;2:341,2
poverty,poverty,word,貧困，貧乏，困窮,貧困，貧乏，困窮,high_school,2,pre2,pre2;2,名詞,pre2:1008;2:163,2
practical,practical,word,実用的な，有用な,実用的な，有用な,high_school,2,pre2,pre2;2,形容詞,pre2:655;2:1742,2
praise,praise,word,をほめる/賞賛,をほめる/賞賛,high_school,2,pre2,pre2;2,動詞,pre2:188;2:961,2
prayer,prayer,word,祈り，礼拝,祈り，礼拝,high_school,2,pre2,pre2;2,名詞,pre2:690;2:485,2
predict,predict,word,を予想する，を予測する,を予想する，を予測する,high_school,1,pre2,pre2;2;pre1,動詞,pre2:1026;2:96;pre1:3342,3
prefer,prefer,word,より好む，好む,より好む，好む,high_school,2,pre2,pre2;2,動詞,pre2:65;2:1651,2
pregnant,pregnant,word,妊娠している，妊娠中の,妊娠している，妊娠中の,high_school,2,pre2,pre2;2,形容詞,pre2:849;2:1089,2
preparation,preparation,word,準備，用意,準備，用意,high_school,2,pre2,pre2;2,名詞,pre2:896;2:1901,2
prescription,prescription,word,処方，処方箋,処方，処方箋,high_school,1,pre2,pre2;2;pre1,名詞,pre2:1463;2:456;pre1:573,3
presence,presence,word,存在，存在感,存在，存在感,high_school,2,pre2,pre2;2,名詞,pre2:1116;2:1360,2
present,present,word,現在の，出席して,現在の，出席して,high_school,2,pre2,pre2;2,形容詞,pre2:615;2:1453,2
preserve,preserve,word,保存/を保存する,保存/を保存する,high_school,2,pre2,pre2;2,動詞,pre2:445;2:829,2
pretend,pretend,word,のふりをする，に成りすます,のふりをする，に成りすます,high_school,2,pre2,pre2;2,動詞,pre2:894;2:1107,2
prevent,prevent,word,を妨げる，予防する,を妨げる，予防する,high_school,2,pre2,pre2;2,動詞,pre2:258;2:202,2
previous,previous,word,前の，以前の,前の，以前の,high_school,2,pre2,pre2;2,形容詞,pre2:1005;2:1120,2
previously,previously,word,以前は，前もって,以前は，前もって,high_school,2,pre2,pre2;2,副詞,pre2:278;2:173,2
primary,primary,word,最初の，初めての,最初の，初めての,high_school,2,pre2,pre2;2,形容詞,pre2:1001;2:1966,2
primitive,primitive,word,原始的な，先史的な,原始的な，先史的な,high_school,1,pre2,pre2;2;pre1,形容詞,pre2:836;2:1206;pre1:3364,3
principle,principle,word,原理,原理,high_school,2,pre2,pre2;pre1,名詞,pre2:692;pre1:3256,2
prior,prior,word,優先の，前の,優先の，前の,high_school,1,pre2,pre2;2;pre1,形容詞,pre2:335;2:1516;pre1:3341,3
priority,priority,word,優先度，優越性,優先度，優越性,high_school,2,pre2,pre2;2,名詞,pre2:454;2:1326,2
prison,prison,word,刑務所,刑務所,high_school,2,pre2,pre2,名詞,pre2:1172,1
prisoner,prisoner,word,囚人，受刑者,囚人，受刑者,high_school,2,pre2,pre2;2,名詞,pre2:610;2:1328,2
procedure,procedure,word,手続き，手順,手続き，手順,high_school,2,pre2,pre2;2,名詞,pre2:347;2:1300,2
process,process,word,過程，手順/を加工処理する,過程，手順/を加工処理する,high_school,2,pre2,pre2;2,名詞,pre2:1422;2:398,2
production,production,word,生産，製造,生産，製造,high_school,2,pre2,pre2;2,名詞,pre2:275;2:152,2
profit,profit,word,利益，もうけ,利益，もうけ,high_school,2,pre2,pre2;2,名詞,pre2:72;2:57,2
promote,promote,word,を促進する，を推進する,を促進する，を推進する,high_school,2,pre2,pre2;2,動詞,pre2:195;2:226,2
promotion,promotion,word,昇進，進級,昇進，進級,high_school,2,pre2,pre2;2,名詞,pre2:783;2:1844,2
prompt,prompt,word,即座の，直ちに,即座の，直ちに,high_school,1,pre2,pre2;2;pre1,形容詞,pre2:240;2:1477;pre1:3217,3
proof,proof,word,証拠,証拠,high_school,2,pre2,pre2,名詞,pre2:699,1
proper,proper,word,適切な，ふさわしい,適切な，ふさわしい,high_school,1,pre2,pre2;2;pre1,形容詞,pre2:430;2:1607;pre1:3020,3
properly,properly,word,適切に，適当に,適切に，適当に,high_school,2,pre2,pre2;2,副詞,pre2:474;2:71,2
property,property,word,財産，所有物,財産，所有物,high_school,2,pre2,pre2;2,名詞,pre2:1209;2:889,2
proportion,proportion,word,比率，割合,比率，割合,high_school,2,pre2,pre2;2,名詞,pre2:598;2:1025,2
proposal,proposal,word,提案，勧告,提案，勧告,high_school,2,pre2,pre2;2,名詞,pre2:676;2:795,2
propose,propose,word,を提案する，申し出る,を提案する，申し出る,high_school,2,pre2,pre2;2,動詞,pre2:889;2:932,2
prosecution,prosecution,word,起訴，告訴,起訴，告訴,high_school,2,pre2,pre2;2,名詞,pre2:1084;2:1007,2
prosecutor,prosecutor,word,検察官，検事,検察官，検事,high_school,2,pre2,pre2;2,名詞,pre2:614;2:1646,2
prospect,prospect,word,見込み，眺め,見込み，眺め,high_school,2,pre2,pre2;2,名詞,pre2:1480;2:486,2
proud,proud,word,自慢に思って，誇らしげな,自慢に思って，誇らしげな,high_school,2,pre2,pre2;2,形容詞,pre2:589;2:1892,2
proverb,proverb,word,ことわざ,ことわざ / ことわざ，格言,high_school,1,pre2,pre2;2;pre1,名詞,pre2:1143;2:1887;pre1:1817,3
provide,provide,word,を供給する，提供する,を供給する，提供する,high_school,2,pre2,pre2;2,動詞,pre2:1249;2:93,2
province,province,word,州，地方,州，地方,high_school,2,pre2,pre2;2,名詞,pre2:716;2:1660,2
provision,provision,word,供給，支給,供給，支給,high_school,2,pre2,pre2;2,名詞,pre2:933;2:1085,2
psychological,psychological,word,心理的な，精神的な,心理的な，精神的な,high_school,2,pre2,pre2;2,形容詞,pre2:1144;2:1611,2
psychologist,psychologist,word,心理学者，精神科学者,心理学者，精神科学者,high_school,2,pre2,pre2;2,名詞,pre2:768;2:157,2
public,public,word,公共の，共有の,公共の，共有の,high_school,2,pre2,pre2;2,形容詞,pre2:954;2:1354,2
publication,publication,word,出版物，刊行物,出版物，刊行物,high_school,2,pre2,pre2;2,名詞,pre2:616;2:1754,2
publish,publish,word,を出版する，発行する,を出版する，発行する,high_school,2,pre2,pre2;2,動詞,pre2:1228;2:39,2
punctual,punctual,word,規則正しい，時間通りの,規則正しい，時間通りの,high_school,1,pre2,pre2;2;pre1,形容詞,pre2:1374;2:324;pre1:804,3
punish,punish,word,を罰する，懲らしめる,を罰する，懲らしめる,high_school,2,pre2,pre2;2,動詞,pre2:189;2:264,2
purchase,purchase,word,を購入する/購入,を購入する/購入,high_school,2,pre2,pre2;2,動詞,pre2:1064;2:169,2
qualify,qualify,word,に資格を与える，認可する,に資格を与える，認可する,high_school,2,pre2,pre2;2,動詞,pre2:276;2:715,2
quality,quality,word,質，特性,質，特性,high_school,2,pre2,pre2;2,名詞,pre2:11;2:86,2
quarrel,quarrel,word,喧嘩，口論，言い争い,喧嘩，口論，言い争い,high_school,1,pre2,pre2;2;pre1,名詞,pre2:1337;2:261;pre1:12,3
quit,quit,word,やめる，中止する,やめる，中止する,high_school,2,pre2,pre2;2,動詞,pre2:80;2:47,2
radical,radical,word,急進的な，抜本的な,急進的な，抜本的な,high_school,1,pre2,pre2;2;pre1,形容詞,pre2:1121;2:1363;pre1:3248,3
range,range,word,範囲，幅,範囲，幅,high_school,2,pre2,pre2;2,名詞,pre2:244;2:657,2
rapid,rapid,word,急速な，急激な,急速な，急激な,high_school,2,pre2,pre2;2,形容詞,pre2:1118;2:1479,2
rare,rare,word,まれな，珍しい,まれな，珍しい,high_school,2,pre2,pre2;2,形容詞,pre2:1293;2:184,2
rarely,rarely,word,めったに～ない，稀に,めったに～ない，稀に,high_school,2,pre2,pre2;2,副詞,pre2:98;2:700,2
rather,rather,word,むしろ，どちらかといえば,むしろ，どちらかといえば,high_school,2,pre2,pre2;2,副詞,pre2:154;2:900,2
rational,rational,word,理性のある,理性のある / 理性的な，合理的な,high_school,1,pre2,pre2;2;pre1,形容詞,pre2:842;2:1407;pre1:3398,3
react,react,word,反応する，返答する,反応する，返答する,high_school,2,pre2,pre2;2,動詞,pre2:597;2:524,2
reaction,reaction,word,反応，反響,反応，反響,high_school,2,pre2,pre2;2,名詞,pre2:795;2:966,2
rebel,rebel,word,反逆者，造反者,反逆者，造反者,high_school,2,pre2,pre2;2,名詞,pre2:438;2:1569,2
recall,recall,word,呼び戻す，思い出す,呼び戻す，思い出す,high_school,1,pre2,pre2;2;pre1,動詞,pre2:824;2:1077;pre1:3266,3
recent,recent,word,最近の，新しい,最近の，新しい,high_school,2,pre2,pre2;2,形容詞,pre2:304;2:954,2
recession,recession,word,不況，後退,不況，後退,high_school,2,pre2,pre2;2,名詞,pre2:1170;2:1672,2
recommend,recommend,word,を推薦する，を勧める,を推薦する，を勧める,high_school,2,pre2,pre2;2,動詞,pre2:397;2:8,2
recommendation,recommendation,word,推薦，推奨,推薦，推奨,high_school,2,pre2,pre2;2,名詞,pre2:845;2:193,2
recover,recover,word,回復する，元に戻る,回復する，元に戻る,high_school,2,pre2,pre2;2,動詞,pre2:196;2:986,2
recovery,recovery,word,回復，復元,回復，復元,high_school,2,pre2,pre2;2,名詞,pre2:492;2:1873,2
reduce,reduce,word,を減らす，縮小する,を減らす，縮小する,high_school,2,pre2,pre2;2,動詞,pre2:60;2:4,2
reduction,reduction,word,削減，減少,削減，減少,high_school,2,pre2,pre2;2,名詞,pre2:1062;2:1195,2
refer,refer,word,を参考にする，参照する,を参考にする，参照する / 言及する,high_school,2,pre2,pre2;2,動詞,pre2:511;2:2117,2
reflection,reflection,word,反響，反射,反響，反射,high_school,2,pre2,pre2;2,名詞,pre2:1326;2:247,2
refrigerator,refrigerator,word,冷蔵庫,冷蔵庫 / 冷蔵庫，冷却装置,high_school,2,pre2,pre2;pre1,名詞,pre2:107;pre1:229,2
refugee,refugee,word,難民，避難者,難民，避難者,high_school,2,pre2,pre2;2,名詞,pre2:1145;2:1093,2
refuse,refuse,word,を拒否する，拒む,を拒否する，拒む,high_school,2,pre2,pre2;2,動詞,pre2:1439;2:421,2
region,region,word,地域，領域,地域，領域,high_school,2,pre2,pre2;2,名詞,pre2:935;2:1650,2
regional,regional,word,地方の，地域の,地方の，地域の,high_school,2,pre2,pre2;2,形容詞,pre2:685;2:1041,2
regret,regret,word,後悔する/後悔，遺憾,後悔する/後悔，遺憾,high_school,2,pre2,pre2;2,動詞,pre2:339;2:1380,2
regulation,regulation,word,規制，規定,規制，規定,high_school,2,pre2,pre2;2,名詞,pre2:1011;2:1906,2
reject,reject,word,拒絶する，断る,拒絶する，断る,high_school,2,pre2,pre2;2,動詞,pre2:715;2:988,2
relevant,relevant,word,関連のある，適切な,関連のある，適切な,high_school,1,pre2,pre2;2;pre1,形容詞,pre2:790;2:1244;pre1:3055,3
religion,religion,word,宗教，信仰,宗教，信仰,high_school,2,pre2,pre2;2,名詞,pre2:875;2:97,2
rely,rely,word,頼る，依存する,頼る，依存する,high_school,2,pre2,pre2;2,動詞,pre2:1061;2:1474,2
remain,remain,word,のままである，残る,のままである，残る,high_school,1,pre2,pre2;2,動詞,pre2:927;2:58;2:2189,3
remark,remark,word,ことば,ことば,high_school,2,pre2,pre2,名詞,pre2:1034,1
remarkable,remarkable,word,目立った，際立った,目立った，際立った,high_school,2,pre2,pre2;2,形容詞,pre2:361;2:1770,2
remind,remind,word,に思い出させる，に気付かせる,に思い出させる，に気付かせる,high_school,2,pre2,pre2;2,動詞,pre2:698;2:83,2
remove,remove,word,を取り除く，を除去する,を取り除く，を除去する,high_school,2,pre2,pre2;2,動詞,pre2:956;2:51,2
rent,rent,word,家賃，賃料,家賃，賃料,high_school,2,pre2,pre2;2,名詞,pre2:1071;2:1362,2
repair,repair,word,を修理する，修繕する,を修理する，修繕する,high_school,2,pre2,pre2;2,動詞,pre2:512;2:72,2
replace,replace,word,を取り換える，を交換する,を取り換える，を交換する,high_school,2,pre2,pre2;2,動詞,pre2:1049;2:53,2
replacement,replacement,word,置換，代替,置換，代替,high_school,1,pre2,pre2;2;pre1,名詞,pre2:1303;2:207;pre1:110,3
reply,reply,word,返答する，応答する,返答する，応答する,high_school,2,pre2,pre2;2,動詞,pre2:765;2:1921,2
represent,represent,word,を表す，を代表する,を表す，を代表する,high_school,2,pre2,pre2;2,動詞,pre2:806;2:319,2
representation,representation,word,表現，表示,表現，表示,high_school,2,pre2,pre2;2,名詞,pre2:346;2:1050,2
representative,representative,word,代表者，代理人,代表者，代理人,high_school,2,pre2,pre2;2,名詞,pre2:572;2:1002,2
reputation,reputation,word,評判，評価,評判，評価,high_school,2,pre2,pre2;2,名詞,pre2:551;2:1125,2
research,research,word,研究/研究する,研究/研究する,high_school,2,pre2,pre2;2,名詞,pre2:231;2:643,2
reserve,reserve,word,を取っておく，を保管する,を取っておく，を保管する,high_school,2,pre2,pre2;2,動詞,pre2:94;2:1603,2
resistance,resistance,word,抵抗，反対,抵抗，反対,high_school,2,pre2,pre2;2,名詞,pre2:908;2:1948,2
resolution,resolution,word,解決，決意,解決，決意,high_school,2,pre2,pre2;2,名詞,pre2:1036;2:1018,2
respond,respond,word,反応する，と返答する,反応する，と返答する,high_school,2,pre2,pre2;2,動詞,pre2:504;2:160,2
responsibility,responsibility,word,責任，義務,責任，義務,high_school,2,pre2,pre2;2,名詞,pre2:247;2:976,2
responsible,responsible,word,責任がある，責任が伴う,責任がある，責任が伴う,high_school,2,pre2,pre2;2,形容詞,pre2:206;2:325,2
restore,restore,word,を元に戻す，を修復する,を元に戻す，を修復する,high_school,2,pre2,pre2;2,動詞,pre2:353;2:99,2
restrict,restrict,word,を制限する，を限定する,を制限する，を限定する,high_school,2,pre2,pre2;2,動詞,pre2:1441;2:424,2
restriction,restriction,word,制限，限定,制限，限定,high_school,2,pre2,pre2;2,名詞,pre2:1222;2:1478,2
result,result,word,結果,結果,high_school,2,pre2,pre2,名詞,pre2:453,1
retire,retire,word,退職する，引退する,退職する，引退する,high_school,2,pre2,pre2;2,動詞,pre2:312;2:895,2
retirement,retirement,word,退職，引退,退職，引退,high_school,2,pre2,pre2;2,名詞,pre2:763;2:1870,2
revenue,revenue,word,収益，所得,収益，所得,high_school,1,pre2,pre2;2;pre1,名詞,pre2:1136;2:1387;pre1:2221,3
reverse,reverse,word,反対の，裏側の,反対の，裏側の,high_school,2,pre2,pre2;2,形容詞,pre2:879;2:712,2
revolution,revolution,word,革命，変革,革命，変革,high_school,2,pre2,pre2;2,名詞,pre2:782;2:171,2
reward,reward,word,褒美，報酬,褒美，報酬,high_school,2,pre2,pre2;2,名詞,pre2:659;2:1424,2
role,role,word,役割，職務,役割，職務,high_school,2,pre2,pre2;2,名詞,pre2:302;2:731,2
roll,roll,word,"転がる, 転ぶ","転がる, 転ぶ",high_school,2,pre2,pre2;2,動詞,pre2:583;2:477,2
rough,rough,word,ごつごつした，粗い,ごつごつした，粗い,high_school,2,pre2,pre2;2,形容詞,pre2:522;2:1658,2
rub,rub,word,こする，さする,こする，さする,high_school,2,pre2,pre2;2,動詞,pre2:1075;2:1608,2
ruin,ruin,word,を台無しにする，破滅する/破滅,を台無しにする，破滅する/破滅,high_school,2,pre2,pre2;2,動詞,pre2:1437;2:418,2
rural,rural,word,田舎の，農村の,田舎の，農村の,high_school,2,pre2,pre2;2,形容詞,pre2:412;2:1411,2
rush,rush,word,突進する，急ぐ，急ぎ,突進する，急ぐ，急ぎ,high_school,2,pre2,pre2,動詞,pre2:752,1
salary,salary,word,給与，報酬,給与，報酬,high_school,2,pre2,pre2;2,名詞,pre2:238;2:1071,2
satellite,satellite,word,衛星，人工衛星,衛星，人工衛星,high_school,2,pre2,pre2;2,名詞,pre2:457;2:1804,2
satisfaction,satisfaction,word,満足，充足,満足，充足,high_school,2,pre2,pre2;2,名詞,pre2:1073;2:1057,2
scheme,scheme,word,計画，企画,計画，企画 / 計画，案,high_school,1,pre2,pre2;2;pre1,名詞,pre2:775;2:1211;pre1:1864,3
scientific,scientific,word,科学の，理科の,科学の，理科の,high_school,2,pre2,pre2;2,形容詞,pre2:817;2:1766,2
sculpture,sculpture,word,彫刻，彫像,彫刻，彫像,high_school,1,pre2,pre2;2;pre1,名詞,pre2:727;2:634;pre1:326,3
secretary,secretary,word,秘書，秘書官,秘書，秘書官,high_school,2,pre2,pre2;2,名詞,pre2:962;2:1879,2
seek,seek,word,求める，捜し出す,求める，捜し出す,high_school,2,pre2,pre2;2,動詞,pre2:421;2:969,2
seize,seize,word,つかむ，把握する,つかむ，把握する,high_school,1,pre2,pre2;2;pre1,動詞,pre2:1086;2:1680;pre1:3289,3
seldom,seldom,word,めったに～しない，稀に,めったに～しない，稀に,high_school,2,pre2,pre2;2,副詞,pre2:848;2:1449,2
senate,senate,word,上院，上院議会,上院，上院議会,high_school,2,pre2,pre2;2,名詞,pre2:490;2:1118,2
sensitive,sensitive,word,敏感な，感じやすい,敏感な，感じやすい,high_school,2,pre2,pre2;2,形容詞,pre2:764;2:517,2
sequence,sequence,word,連続，継続,連続，継続,high_school,2,pre2,pre2;2,名詞,pre2:1175;2:1231,2
settle,settle,word,決着させる，解決する,決着させる，解決する,high_school,2,pre2,pre2;2,動詞,pre2:869;2:1344,2
settlement,settlement,word,移住，定住,移住，定住,high_school,2,pre2,pre2;2,名詞,pre2:1114;2:1679,2
severe,severe,word,厳しい，厳格な,厳しい，厳格な,high_school,2,pre2,pre2;2,形容詞,pre2:1186;2:1462,2
sharp,sharp,word,鋭い，先鋭的な,鋭い，先鋭的な,high_school,2,pre2,pre2;2,形容詞,pre2:35;2:1246,2
shortage,shortage,word,不足，欠乏,不足，欠乏,high_school,2,pre2,pre2;2,名詞,pre2:1207;2:1687,2
shortly,shortly,word,まもなく，近々,まもなく，近々,high_school,2,pre2,pre2;2,副詞,pre2:1154;2:1609,2
shrug,shrug,word,肩をすくめる，無視する,肩をすくめる，無視する,high_school,1,pre2,pre2;2;pre1,動詞,pre2:1057;2:1825;pre1:3193,3
sigh,sigh,word,ため息をつく，溜め息をつく,ため息をつく，溜め息をつく / ため息をつく，ため息を出す,high_school,2,pre2,pre2;2,動詞,pre2:1151;2:1307,2
significance,significance,word,重要性，意義,重要性，意義,high_school,2,pre2,pre2;2,名詞,pre2:354;2:1741,2
significant,significant,word,重要な，大切な,重要な，大切な,high_school,2,pre2,pre2;2,形容詞,pre2:463;2:1486,2
significantly,significantly,word,かなり，相当に,かなり，相当に,high_school,2,pre2,pre2;2,副詞,pre2:748;2:1974,2
silence,silence,word,沈黙,沈黙 / 沈黙，静けさ,high_school,2,pre2,pre2;pre1,名詞,pre2:32;pre1:56,2
silly,silly,word,馬鹿な，愚かな,馬鹿な，愚かな,high_school,2,pre2,pre2;2,形容詞,pre2:81;2:1510,2
similar,similar,word,似ている，類似の,似ている，類似の,high_school,2,pre2,pre2;2,形容詞,pre2:1230;2:43,2
similarly,similarly,word,同様に，一様に,同様に，一様に,high_school,2,pre2,pre2;2,副詞,pre2:545;2:707,2
sink,sink,word,沈む，沈没する,沈む，沈没する,high_school,2,pre2,pre2;2,動詞,pre2:74;2:1088,2
slide,slide,word,滑る，滑走する,滑る，滑走する,high_school,2,pre2,pre2;2,動詞,pre2:447;2:1044,2
slight,slight,word,かすかな，わずかの,かすかな，わずかの,high_school,2,pre2,pre2;2,形容詞,pre2:1176;2:1473,2
slightly,slightly,word,わずかに，少し,わずかに，少し,high_school,2,pre2,pre2;2,副詞,pre2:1059;2:134,2
slip,slip,word,滑る,滑る,high_school,2,pre2,pre2,動詞,pre2:802,1
social,social,word,社会の，共同体の,社会の，共同体の,high_school,2,pre2,pre2;2,形容詞,pre2:518;2:543,2
society,society,word,社会，共同体,社会，共同体,high_school,2,pre2,pre2;2,名詞,pre2:850;2:980,2
solid,solid,word,固い，固形の,固い，固形の,high_school,2,pre2,pre2;2,形容詞,pre2:1030;2:1399,2
solution,solution,word,解決法，解明,解決法，解明,high_school,2,pre2,pre2;2,名詞,pre2:217;2:23,2
somewhat,somewhat,word,いくぶん，いくらか,いくぶん，いくらか,high_school,2,pre2,pre2,副詞,pre2:1221,1
source,source,word,情報源，原因,情報源，原因,high_school,2,pre2,pre2;2,名詞,pre2:410;2:1001,2
specific,specific,word,具体的な，特定の,具体的な，特定の,high_school,2,pre2,pre2;2,形容詞,pre2:1397;2:358,2
spectator,spectator,word,観客，見物人,観客，見物人,high_school,1,pre2,pre2;2;pre1,名詞,pre2:1444;2:428;pre1:45,3
spill,spill,word,をこぼす，溢れる,をこぼす，溢れる,high_school,2,pre2,pre2;2,動詞,pre2:714;2:785,2
split,split,word,割る，裂く,割る，裂く,high_school,2,pre2,pre2;2,動詞,pre2:636;2:1732,2
squeeze,squeeze,word,絞る，押しつぶす,絞る，押しつぶす,high_school,1,pre2,pre2;2;pre1,動詞,pre2:631;2:1331;pre1:3072,3
stable,stable,word,安定した，安泰な,安定した，安泰な,high_school,2,pre2,pre2;2,形容詞,pre2:487;2:546,2
stake,stake,word,くい，掛け金,くい，掛け金,high_school,2,pre2,pre2;2,名詞,pre2:1125;2:1662,2
stare,stare,word,じっと見つめる，しきりに観察する,じっと見つめる，しきりに観察する,high_school,2,pre2,pre2;2,動詞,pre2:480;2:1847,2
state,state,word,状態，状況,状態，状況,high_school,2,pre2,pre2;2,名詞,pre2:887;2:1136,2
statistics,statistics,word,統計，数字,統計，数字,high_school,2,pre2,pre2;2,名詞,pre2:1333;2:256,2
status,status,word,状態，身分,状態，身分,high_school,2,pre2,pre2;2,名詞,pre2:383;2:1332,2
steel,steel,word,鋼鉄，鉄,鋼鉄，鉄,high_school,2,pre2,pre2;2,名詞,pre2:254;2:1985,2
stimulate,stimulate,word,を刺激する，元気づける,を刺激する，元気づける,high_school,2,pre2,pre2;2,動詞,pre2:694;2:957,2
stir,stir,word,"をかき混ぜる, 混ぜる","をかき混ぜる, 混ぜる",high_school,1,pre2,pre2;2;pre1,動詞,pre2:1476;2:476;pre1:340,3
stock,stock,word,株，在庫/を在庫に持つ,株，在庫/を在庫に持つ,high_school,1,pre2,pre2;2;pre1,名詞,pre2:1442;2:426;pre1:341,3
stomach,stomach,word,腹,腹,high_school,2,pre2,pre2,名詞,pre2:212,1
storage,storage,word,保管場所，倉庫,保管場所，倉庫 / 倉庫，保管場所,high_school,2,pre2,pre2;2,名詞,pre2:297;2:1903,2
strain,strain,word,張る，伸ばす,張る，伸ばす / 引っ張る,high_school,1,pre2,pre2;2;pre1;1,動詞,pre2:301;2:1723;pre1:3322;1:3214,4
strangely,strangely,word,不思議なことに，奇妙に,不思議なことに，奇妙に,high_school,2,pre2,pre2;2,副詞,pre2:1382;2:339,2
strategy,strategy,word,戦略，戦術,戦略，戦術,high_school,2,pre2,pre2;2,名詞,pre2:360;2:1807,2
stream,stream,word,流れ，水流,流れ，水流,high_school,2,pre2,pre2;2,名詞,pre2:391;2:1871,2
strike,strike,word,叩く，打つ,叩く，打つ,high_school,2,pre2,pre2;2,動詞,pre2:912;2:587,2
stroke,stroke,word,打撃，衝撃,打撃，衝撃,high_school,2,pre2,pre2;2,名詞,pre2:1206;2:1214,2
strongly,strongly,word,強く，激しく,強く，激しく,high_school,2,pre2,pre2;2,副詞,pre2:1104;2:1141,2
structure,structure,word,構造，建造物,構造，建造物,high_school,2,pre2,pre2;2,名詞,pre2:328;2:1130,2
stupid,stupid,word,馬鹿な，愚かな,馬鹿な，愚かな,high_school,2,pre2,pre2;2,形容詞,pre2:1007;2:1715,2
submit,submit,word,を提出する，に服従する,を提出する，に服従する,high_school,2,pre2,pre2;2,動詞,pre2:538;2:945,2
substance,substance,word,物質，実態,物質，実態,high_school,2,pre2,pre2;2,名詞,pre2:1010;2:230,2
sudden,sudden,word,突然の，急な,突然の，急な,high_school,2,pre2,pre2;2,形容詞,pre2:1028;2:1484,2
suffer,suffer,word,を患う，苦しむ,を患う，苦しむ,high_school,2,pre2,pre2;2,動詞,pre2:439;2:303,2
sufficient,sufficient,word,十分な，足りている,十分な，足りている,high_school,2,pre2,pre2;2,形容詞,pre2:1319;2:237,2
suggest,suggest,word,を提案する，勧める,を提案する，勧める,high_school,2,pre2,pre2;2,動詞,pre2:593;2:780,2
suggestion,suggestion,word,提案，案,提案，案,high_school,2,pre2,pre2;2,名詞,pre2:671;2:1934,2
suicide,suicide,word,自殺，自害,自殺，自害,high_school,2,pre2,pre2;2,名詞,pre2:517;2:1374,2
suit,suit,word,適合する，合致する,適合する，合致する,high_school,2,pre2,pre2;2,動詞,pre2:862;2:1526,2
suitable,suitable,word,適した，好都合な,適した，好都合な,high_school,2,pre2,pre2;2,形容詞,pre2:961;2:1799,2
sum,sum,word,合計，総計,合計，総計,high_school,2,pre2,pre2;2,名詞,pre2:520;2:1538,2
summit,summit,word,頂上，山頂,頂上，山頂,high_school,1,pre2,pre2;2;pre1,名詞,pre2:1065;2:1192;pre1:3205,3
superior,superior,word,より優れた，優越な,より優れた，優越な,high_school,2,pre2,pre2;2,形容詞,pre2:893;2:733,2
suppose,suppose,word,だと思う，と仮定する,だと思う，と仮定する,high_school,2,pre2,pre2;2,動詞,pre2:744;2:1084,2
supreme,supreme,word,最高の，至高の,最高の，至高の,high_school,1,pre2,pre2;2;pre1,形容詞,pre2:1185;2:1382;pre1:1874,3
surface,surface,word,表面，水面,表面，水面,high_school,2,pre2,pre2;2,名詞,pre2:44;2:514,2
surgery,surgery,word,手術，外科,手術，外科,high_school,2,pre2,pre2;2,名詞,pre2:794;2:1987,2
suspect,suspect,word,疑う，だと思う,疑う，だと思う,high_school,2,pre2,pre2;2,動詞,pre2:1014;2:1982,2
sustain,sustain,word,保持する，維持する,保持する，維持する,high_school,1,pre2,pre2;2;pre1,動詞,pre2:800;2:1691;pre1:3346,3
swear,swear,word,誓う，宣誓する,誓う，宣誓する,high_school,2,pre2,pre2;2,動詞,pre2:606;2:975,2
symmetry,symmetry,word,対称，左右対称,対称，左右対称 / 対称,high_school,1,pre2,pre2;2;1,名詞,pre2:1401;2:362;1:1977,3
sympathy,sympathy,word,同情，思いやり,同情，思いやり,high_school,1,pre2,pre2;2;pre1,名詞,pre2:1262;2:123;pre1:34,3
symptom,symptom,word,症状，兆候,症状，兆候,high_school,2,pre2,pre2;2,名詞,pre2:729;2:1250,2
tail,tail,word,尾，尾部,尾，尾部,high_school,2,pre2,pre2;2,名詞,pre2:1091;2:1152,2
task,task,word,仕事，職業,仕事，職業,high_school,2,pre2,pre2;2,名詞,pre2:590;2:1647,2
teenager,teenager,word,十代，少年期,十代，少年期,high_school,2,pre2,pre2;2,名詞,pre2:1200;2:1527,2
temper,temper,word,気性，かんしゃく,気性，かんしゃく / 気性,high_school,1,pre2,pre2;2;pre1;1,名詞,pre2:1432;2:410;pre1:11;1:2254,4
temperature,temperature,word,温度，気温,温度，気温,high_school,2,pre2,pre2;2,名詞,pre2:173;2:560,2
temporarily,temporarily,word,一時的に，仮に,一時的に，仮に,high_school,2,pre2,pre2;2,副詞,pre2:1468;2:464,2
temporary,temporary,word,一時的な，短期的な,一時的な，短期的な,high_school,2,pre2,pre2;2,形容詞,pre2:1046;2:219,2
term,term,word,期間，専門用語,期間，専門用語,high_school,2,pre2,pre2;2,名詞,pre2:585;2:1610,2
terminal,terminal,word,終りの，末端の,終りの，末端の,high_school,2,pre2,pre2;2,形容詞,pre2:1334;2:258,2
terror,terror,word,恐怖，恐れ,恐怖，恐れ,high_school,2,pre2,pre2;2,名詞,pre2:1165;2:1798,2
theory,theory,word,理論，学説,理論，学説,high_school,2,pre2,pre2;2,名詞,pre2:426;2:180,2
therapy,therapy,word,治療，療法,治療，療法,high_school,2,pre2,pre2;2,名詞,pre2:295;2:1048,2
therefore,therefore,word,それゆえ，だから,それゆえ，だから,high_school,2,pre2,pre2;2,副詞,pre2:613;2:27,2
thick,thick,word,厚い，肥厚な,厚い，肥厚な,high_school,2,pre2,pre2;2,形容詞,pre2:379;2:1359,2
threat,threat,word,脅威，危機,脅威，危機,high_school,2,pre2,pre2;2,名詞,pre2:831;2:901,2
threaten,threaten,word,を脅かす,を脅かす,high_school,2,pre2,pre2,動詞,pre2:343,1
throat,throat,word,のど，咽喉,のど，咽喉,high_school,2,pre2,pre2;2,名詞,pre2:532;2:1546,2
throughout,throughout,word,至るところに，終始,至るところに，終始,high_school,2,pre2,pre2;2,前置詞,pre2:444;2:1834,2
tight,tight,word,狭い，締まった,狭い，締まった,high_school,2,pre2,pre2;2,形容詞,pre2:33;2:541,2
till,till,word,まで，至る,まで，至る,high_school,2,pre2,pre2;2,接続詞;前置詞,pre2:473;2:1622,2
tissue,tissue,word,組織,組織 / 細胞組織，薄い織物,high_school,2,pre2,pre2;2,名詞,pre2:1018;2:2257,2
toe,toe,word,つま先，足の指,つま先，足の指,high_school,2,pre2,pre2;2,名詞,pre2:1085;2:1269,2
tolerate,tolerate,word,に耐える，寛大に取り扱う,に耐える，寛大に取り扱う,high_school,1,pre2,pre2;2;pre1,動詞,pre2:1279;2:148;pre1:591,3
tongue,tongue,word,言葉，舌,言葉，舌,high_school,2,pre2,pre2;2,名詞,pre2:626;2:1111,2
totally,totally,word,完全に，全く,完全に，全く,high_school,2,pre2,pre2;2,副詞,pre2:804;2:1774,2
toward,toward,word,向かって，のほうへ,向かって，のほうへ,high_school,2,pre2,pre2;2,前置詞,pre2:1100;2:1259,2
towards,towards,word,の方へ，向かって,の方へ，向かって,high_school,2,pre2,pre2;2,前置詞,pre2:461;2:1780,2
traffic,traffic,word,交通，運輸,交通，運輸,high_school,2,pre2,pre2;2,名詞,pre2:58;2:1814,2
transfer,transfer,word,を移す，を転送する,を移す，を転送する,high_school,2,pre2,pre2;2,動詞,pre2:1029;2:1396,2
transform,transform,word,を変える，を改変する,を変える，を改変する,high_school,2,pre2,pre2;2,動詞,pre2:832;2:1395,2
transition,transition,word,遷移，変遷,遷移，変遷,high_school,2,pre2,pre2;2,名詞,pre2:982;2:1421,2
translate,translate,word,を翻訳する，通訳する,を翻訳する，通訳する,high_school,2,pre2,pre2;2,動詞,pre2:198;2:182,2
treat,treat,word,を扱う，待遇する,を扱う，待遇する,high_school,2,pre2,pre2;2,動詞,pre2:153;2:452,2
treatment,treatment,word,扱い，処理,扱い，処理,high_school,2,pre2,pre2;2,名詞,pre2:877;2:616,2
treaty,treaty,word,条約,条約,high_school,2,pre2,pre2;pre1,名詞,pre2:735;pre1:3138,2
tribe,tribe,word,部族，種族,部族，種族,high_school,2,pre2,pre2;2,名詞,pre2:730;2:1970,2
trigger,trigger,word,引き金，誘因,引き金，誘因,high_school,2,pre2,pre2;2,名詞,pre2:382;2:1393,2
truly,truly,word,真に，正確に,真に，正確に,high_school,2,pre2,pre2;2,副詞,pre2:1166;2:963,2
truth,truth,word,真実，事実,真実，事実,high_school,2,pre2,pre2;2,名詞,pre2:388;2:1636,2
typical,typical,word,典型的な，代表的な,典型的な，代表的な,high_school,2,pre2,pre2;2,形容詞,pre2:368;2:1837,2
typically,typically,word,典型的に，一般的に,典型的に，一般的に,high_school,2,pre2,pre2;2,副詞,pre2:1067;2:1061,2
unable,unable,word,できない，不能である,できない，不能である,high_school,2,pre2,pre2;2,形容詞,pre2:177;2:25,2
unbelievable,unbelievable,word,信じられない，信じがたい,信じられない，信じがたい,high_school,2,pre2,pre2;2,形容詞,pre2:1429;2:406,2
unfortunately,unfortunately,word,残念なことに，不幸にも,残念なことに，不幸にも,high_school,2,pre2,pre2;2,副詞,pre2:345;2:28,2
union,union,word,統合，一致,統合，一致,high_school,2,pre2,pre2;2,名詞,pre2:609;2:1357,2
unique,unique,word,他に類を見ない，唯一の,他に類を見ない，唯一の,high_school,2,pre2,pre2;2,形容詞,pre2:895;2:1334,2
unit,unit,word,単位，員数,単位，員数,high_school,2,pre2,pre2;2,名詞,pre2:220;2:1749,2
universal,universal,word,普遍的な，万能の,普遍的な，万能の,high_school,2,pre2,pre2;2,形容詞,pre2:1155;2:1940,2
unknown,unknown,word,未知の，未明らかな,未知の，未明らかな / 未知の，分からない,high_school,2,pre2,pre2;2,形容詞,pre2:248;2:1265,2
unless,unless,word,でない限り，除いて,でない限り，除いて,high_school,2,pre2,pre2;2,接続詞,pre2:1183;2:1178,2
unlike,unlike,word,と異なって，とは違って,と異なって，とは違って,high_school,2,pre2,pre2;2,前置詞,pre2:733;2:70,2
upset,upset,word,気持ちが動揺した，ひっくり返す,気持ちが動揺した，ひっくり返す,high_school,2,pre2,pre2;2,形容詞,pre2:308;2:1219,2
urban,urban,word,都会の，市内の,都会の，市内の,high_school,2,pre2,pre2;2,形容詞,pre2:550;2:1204,2
urgent,urgent,word,緊急の，急を要する,緊急の，急を要する,high_school,1,pre2,pre2;2;pre1,形容詞,pre2:1322;2:243;pre1:161,3
useless,useless,word,役に立たない，むだな,役に立たない，むだな,high_school,2,pre2,pre2;2,形容詞,pre2:1025;2:1430,2
vague,vague,word,漠然とした，あいまいな,漠然とした，あいまいな,high_school,1,pre2,pre2;2;pre1,形容詞,pre2:1434;2:413;pre1:142,3
valuable,valuable,word,貴重な，価値のある,貴重な，価値のある,high_school,2,pre2,pre2;2,形容詞,pre2:471;2:161,2
variation,variation,word,変化，変動,変化，変動,high_school,2,pre2,pre2;2,名詞,pre2:1006;2:1525,2
various,various,word,様々な，多様な,様々な，多様な,high_school,2,pre2,pre2;2,形容詞,pre2:728;2:489,2
vary,vary,word,多様化する，異なる,多様化する，異なる,high_school,2,pre2,pre2;pre1,動詞,pre2:479;pre1:3174,2
vehicle,vehicle,word,乗り物，車,乗り物，車,high_school,2,pre2,pre2;2,名詞,pre2:926;2:7,2
venture,venture,word,冒険的事業，投機的事業,冒険的事業，投機的事業,high_school,1,pre2,pre2;2;pre1,名詞,pre2:1212;2:1079;pre1:3268,3
via,via,word,～経由で,～経由で,high_school,2,pre2,pre2,前置詞,pre2:621,1
victim,victim,word,犠牲者，被害者,犠牲者，被害者,high_school,2,pre2,pre2;2,名詞,pre2:881;2:487,2
viewer,viewer,word,観察者，視聴者，監視人,観察者，視聴者，監視人,high_school,2,pre2,pre2;2,名詞,pre2:456;2:1590,2
violate,violate,word,違反する，破る,違反する，破る,high_school,1,pre2,pre2;2;pre1,動詞,pre2:1378;2:330;pre1:797,3
virtually,virtually,word,実質的に，事実上,実質的に，事実上,high_school,2,pre2,pre2;2,副詞,pre2:569;2:1808,2
virus,virus,word,ウイルス，病原体,ウイルス，病原体,high_school,2,pre2,pre2;2,名詞,pre2:469;2:1366,2
visible,visible,word,"目に見える, 可視的","目に見える, 可視的",high_school,2,pre2,pre2;2,形容詞,pre2:857;2:490,2
vision,vision,word,未来像,未来像,high_school,2,pre2,pre2,名詞,pre2:213,1
vital,vital,word,極めて重要な，生命の,極めて重要な，生命の,high_school,1,pre2,pre2;2;pre1,形容詞,pre2:245;2:904;pre1:3245,3
vote,vote,word,投票する/投票権,投票する/投票権,high_school,2,pre2,pre2;2,動詞,pre2:242;2:1378,2
voter,voter,word,投票者，選挙人,投票者，選挙人,high_school,2,pre2,pre2;2,名詞,pre2:651;2:1769,2
vulnerable,vulnerable,word,傷つきやすい，繊細,傷つきやすい，繊細,high_school,1,pre2,pre2;2;pre1,形容詞,pre2:475;2:1471;pre1:2130,3
wealthy,wealthy,word,裕福な，豊かな,裕福な，豊かな,high_school,2,pre2,pre2;2,形容詞,pre2:82;2:755,2
weight,weight,word,重さ，体重,重さ，体重,high_school,2,pre2,pre2;2,名詞,pre2:1107;2:1840,2
whatever,whatever,word,なんでも，何もかも,なんでも，何もかも,high_school,2,pre2,pre2;2,代名詞,pre2:1042;2:1568,2
whenever,whenever,word,する時はいつでも，する際は常に,する時はいつでも，する際は常に,high_school,2,pre2,pre2;2,接続詞,pre2:751;2:1163,2
wherever,wherever,word,どこでも，どの場所でも,どこでも，どの場所でも,high_school,2,pre2,pre2;2,接続詞,pre2:409;2:1783,2
whether,whether,word,どちらか，いずれか,どちらか，いずれか,high_school,2,pre2,pre2;2,接続詞,pre2:405;2:973,2
whisper,whisper,word,ささやく，を耳打ちする,ささやく，を耳打ちする,high_school,1,pre2,pre2;2;pre1,動詞,pre2:1327;2:249;pre1:3012,3
whom,whom,word,誰を,誰を,high_school,2,pre2,pre2,代名詞,pre2:635,1
widely,widely,word,広範囲に，多くの範囲に,広範囲に，多くの範囲に,high_school,2,pre2,pre2;2,副詞,pre2:1072;2:1572,2
wildlife,wildlife,word,野生動物，野生生物,野生動物，野生生物,high_school,2,pre2,pre2;2,名詞,pre2:313;2:1865,2
wipe,wipe,word,を拭く，拭き取る,を拭く，拭き取る,high_school,2,pre2,pre2;2,動詞,pre2:656;2:721,2
wisdom,wisdom,word,知恵，賢明さ,知恵，賢明さ,high_school,2,pre2,pre2;2,名詞,pre2:938;2:1818,2
wise,wise,word,賢い，賢明な,賢い，賢明な,high_school,2,pre2,pre2;2,形容詞,pre2:799;2:1677,2
withdraw,withdraw,word,を撤回する，引き下がる/引き出す,を撤回する，引き下がる/引き出す,high_school,2,pre2,pre2;2,動詞,pre2:570;2:420,2
witness,witness,word,目撃者，証人/を目撃する,目撃者，証人/を目撃する,high_school,1,pre2,pre2;2;pre1,名詞,pre2:993;2:162;pre1:3363,3
yield,yield,word,産出する，生ずる,産出する，生ずる / 産出する，与える,high_school,1,pre2,pre2;2;1,動詞,pre2:525;2:1696;1:4182,3
abolish,abolish,word,廃止する,廃止する,high_school,3,2,2;pre1,動詞,2:2221;pre1:898,2
abortion,abortion,word,中絶，妊娠中絶,中絶，妊娠中絶,high_school,3,2,2,名詞,2:1184,1
abrupt,abrupt,word,突然の，不意の,突然の，不意の / 突然の，急な,high_school,1,2,2;pre1;1,形容詞,2:581;pre1:1031;1:1400,3
absence,absence,word,不在，欠席,不在，欠席,high_school,3,2,2,名詞,2:1965,1
absolute,absolute,word,絶対的な，完全な,絶対的な，完全な,high_school,3,2,2;pre1,形容詞,2:1878;pre1:3328,2
abstract,abstract,word,抽象的な，非具体的な,抽象的な，非具体的な,high_school,3,2,2;pre1,形容詞,2:985;pre1:3252,2
academically,academically,word,学問的に，知識的に,学問的に，知識的に,high_school,3,2,2,副詞,2:959,1
accommodate,accommodate,word,収容する,収容する,high_school,3,2,2;pre1,動詞,2:2054;pre1:1157,2
accommodation,accommodation,word,宿泊施設,宿泊施設,high_school,3,2,2;pre1,名詞,2:2138;pre1:865,2
accomplishment,accomplishment,word,完成，成果,完成，成果,high_school,3,2,2;pre1,名詞,2:875;pre1:690,2
accumulate,accumulate,word,蓄積する,蓄積する / 蓄積する，貯蔵する,high_school,1,2,2;pre1;1,動詞,2:2296;pre1:1293;1:472,3
accuracy,accuracy,word,正確さ，精密,正確さ，精密,high_school,3,2,2;pre1,名詞,2:825;pre1:1028,2
acknowledge,acknowledge,word,を認める，認める,を認める，認める,high_school,3,2,2;pre1,動詞,2:1981;pre1:3365,2
acquaint,acquaint,word,知らせる,知らせる / に知らせる / 知らせる，通知する,high_school,1,2,2;pre1;1,動詞,2:732;pre1:851;1:721,3
acquaintance,acquaintance,word,知人，友人,知人，友人,high_school,3,2,2;pre1,名詞,2:1875;pre1:3194,2
acquire,acquire,word,を身につける,を身につける,high_school,3,2,2,動詞,2:2298,1
acute,acute,word,鋭角の,鋭角の,high_school,3,2,2;pre1,形容詞,2:2245;pre1:873,2
ad,ad,word,広告，宣伝,広告，宣伝,high_school,3,2,2,名詞,2:1888,1
adequate,adequate,word,適切で，十分な,適切で，十分な,high_school,3,2,2;pre1,形容詞,2:750;pre1:3198,2
adjust,adjust,word,を調節する，調整する,を調節する，調整する,high_school,3,2,2,動詞,2:1137,1
adolescent,adolescent,word,思春期の,思春期の,high_school,3,2,2;pre1,名詞,2:2183;pre1:2123,2
advertisement,advertisement,word,広告，宣伝,広告，宣伝,high_school,3,2,2;pre1,名詞,2:924;pre1:355,2
affection,affection,word,愛情，好意,愛情，好意,high_school,3,2,2,名詞,2:953,1
afterwards,afterwards,word,その後,その後,high_school,3,2,2,副詞,2:2218,1
aggression,aggression,word,攻撃性，侵略,攻撃性，侵略,high_school,3,2,2,名詞,2:1508,1
aggressive,aggressive,word,攻撃的な，侵略的な,攻撃的な，侵略的な,high_school,3,2,2,形容詞,2:1427,1
agricultural,agricultural,word,農業の，農作物の,農業の，農作物の,high_school,3,2,2;pre1,形容詞,2:905;pre1:328,2
aisle,aisle,word,通路,通路,high_school,3,2,2;pre1,名詞,2:2056;pre1:632,2
alive,alive,word,生きている，存命の,生きている，存命の,high_school,3,2,2,形容詞,2:1716,1
aloud,aloud,word,声に出して，大声で,声に出して，大声で,high_school,3,2,2,副詞,2:1826,1
altitude,altitude,word,高度,高度,high_school,3,2,2;pre1,名詞,2:2265;pre1:1578,2
altogether,altogether,word,完全に，まったく,完全に，まったく,high_school,3,2,2,副詞,2:906,1
ambiguous,ambiguous,word,あいまいな,あいまいな / 曖昧な，多義的な,high_school,1,2,2;pre1;1,形容詞,2:2147;pre1:2313;1:4273,3
ambition,ambition,word,野望,野望,high_school,3,2,2,名詞,2:2185,1
ambulance,ambulance,word,救急車，救援車,救急車，救援車,high_school,3,2,2,名詞,2:934,1
amuse,amuse,word,楽しませる，娯楽を提供する,楽しませる，娯楽を提供する,high_school,3,2,2;pre1,動詞,2:656;pre1:3039,2
anger,anger,word,怒り，憤り,怒り，憤り,high_school,3,2,2,名詞,2:1026,1
angle,angle,word,"角度, 角","角度, 角",high_school,3,2,2,名詞,2:495,1
annual,annual,word,毎年の，年毎の,毎年の，年毎の,high_school,3,2,2,形容詞,2:1080,1
apparent,apparent,word,外見上の，明白な,外見上の，明白な,high_school,3,2,2;pre1,形容詞,2:1329;pre1:3197,2
appetite,appetite,word,食欲，食い気,食欲，食い気,high_school,3,2,2,名詞,2:1898,1
applause,applause,word,拍手かっさい，称賛,拍手かっさい，称賛,high_school,3,2,2;pre1,名詞,2:843;pre1:44,2
application,application,word,適用，応用,適用，応用,high_school,3,2,2,名詞,2:1848,1
approve,approve,word,承認する,承認する,high_school,3,2,2,動詞,2:2170,1
approximately,approximately,word,約，おおよそ,約，おおよそ,high_school,3,2,2;pre1,副詞,2:592;pre1:491,2
architecture,architecture,word,建築,建築,high_school,3,2,2;pre1,名詞,2:2228;pre1:889,2
assemble,assemble,word,組み立てる,組み立てる,high_school,3,2,2;pre1,動詞,2:2200;pre1:578,2
assembly,assembly,word,集合，群集,集合，群集,high_school,3,2,2,名詞,2:1558,1
assess,assess,word,評価する，査定する,評価する，査定する,high_school,3,2,2;pre1,動詞,2:1006;pre1:3221,2
assign,assign,word,割り当てる,割り当てる,high_school,3,2,2;pre1,動詞,2:2227;pre1:511,2
assist,assist,word,手伝う，促進する,手伝う，促進する,high_school,3,2,2,動詞,2:1016,1
assure,assure,word,保証する，確証する,保証する，確証する,high_school,3,2,2;pre1,動詞,2:1976;pre1:3284,2
astonish,astonish,word,ひどく驚かす，驚かせる,ひどく驚かす，驚かせる,high_school,3,2,2,動詞,2:861,1
atomic,atomic,word,原子の，素粒子の,原子の，素粒子の,high_school,3,2,2,形容詞,2:1306,1
avenue,avenue,word,大通り,大通り,high_school,3,2,2,名詞,2:2020,1
awkward,awkward,word,ぎこちない,ぎこちない / ぎこちない，不器用な,high_school,1,2,2;pre1;1,形容詞,2:2179;pre1:761;1:193,3
background,background,word,背景，背後,背景，背後,high_school,3,2,2,名詞,2:1242,1
bang,bang,word,ドンドン叩く/ズドンという音,ドンドン叩く/ズドンという音,high_school,3,2,2,動詞,2:1944,1
basin,basin,word,盆地,盆地,high_school,3,2,2;pre1,名詞,2:2203;pre1:439,2
beat,beat,word,打ち負かす,打ち負かす,high_school,3,2,2,動詞,2:2278,1
beg,beg,word,懇願する，願い出る,懇願する，願い出る,high_school,3,2,2,動詞,2:1243,1
behalf,behalf,word,代わって，の代わりに,代わって，の代わりに,high_school,3,2,2,名詞,2:1649,1
beneath,beneath,word,の下に，以下に,の下に，以下に,high_school,3,2,2,前置詞,2:1284,1
beverage,beverage,word,飲料,飲料,high_school,3,2,2;pre1,名詞,2:2095;pre1:1908,2
biology,biology,word,生物学,生物学,high_school,3,2,2;pre1,名詞,2:2073;pre1:497,2
blast,blast,word,爆風，突風,爆風，突風,high_school,3,2,2;pre1,名詞,2:1553;pre1:3154,2
blink,blink,word,瞬きをする，瞬間を過ごす,瞬きをする，瞬間を過ごす,high_school,3,2,2;pre1,動詞,2:1819;pre1:3085,2
bloom,bloom,word,咲く,咲く,high_school,3,2,2,動詞,2:2225,1
bold,bold,word,勇敢な,勇敢な,high_school,3,2,2;pre1,形容詞,2:2288;pre1:130,2
bow,bow,word,お辞儀する，頭を下げる,お辞儀する，頭を下げる,high_school,3,2,2,動詞,2:1693,1
breeze,breeze,word,そよ風,そよ風,high_school,3,2,2;pre1,名詞,2:2289;pre1:190,2
budget,budget,word,予算，経費,予算，経費,high_school,3,2,2,名詞,2:835,1
bully,bully,word,いじめっ子,いじめっ子,high_school,3,2,2;pre1,名詞,2:2145;pre1:2068,2
bureau,bureau,word,事務局，たんす,事務局，たんす,high_school,3,2,2;pre1,名詞,2:2102;pre1:3046,2
burst,burst,word,破裂する，破れる,破裂する，破れる,high_school,3,2,2,動詞,2:1962,1
bury,bury,word,埋める，充填する,埋める，充填する,high_school,3,2,2,動詞,2:1860,1
buyer,buyer,word,買い手，購入者,買い手，購入者,high_school,3,2,2,名詞,2:1621,1
candidate,candidate,word,候補者，志願者,候補者，志願者,high_school,3,2,2,名詞,2:1113,1
capacity,capacity,word,容量，容積,容量，容積,high_school,3,2,2;pre1,名詞,2:511;pre1:68,2
cash,cash,word,現金，手元資金,現金，手元資金,high_school,3,2,2,名詞,2:1725,1
cave,cave,word,ほら穴，洞窟,ほら穴，洞窟,high_school,3,2,2,名詞,2:1816,1
cease,cease,word,やめる，中止する,やめる，中止する,high_school,3,2,2,動詞,2:1639,1
charm,charm,word,魅力，引力,魅力，引力,high_school,3,2,2;pre1,名詞,2:1288;pre1:3040,2
checkup,checkup,word,健康診断，照合,健康診断，照合,high_school,3,2,2;pre1,名詞,2:559;pre1:1175,2
chemistry,chemistry,word,化学,化学,high_school,3,2,2,名詞,2:2123,1
circuit,circuit,word,回路，巡回,回路，巡回,high_school,3,2,2,名詞,2:1440,1
civil,civil,word,市民の，住民の,市民の，住民の,high_school,3,2,2,形容詞,2:1372,1
civilize,civilize,word,文明化する，開化させる,文明化する，開化させる,high_school,3,2,2,動詞,2:723,1
classical,classical,word,古典の，古代の,古典の，古代の,high_school,3,2,2,形容詞,2:1021,1
cling,cling,word,くっつく，接着する,くっつく，接着する,high_school,3,2,2,動詞,2:964,1
clip,clip,word,切る，切り取る/クリップ,切る，切り取る/クリップ,high_school,3,2,2,動詞,2:965,1
colleague,colleague,word,同僚，仲間,同僚，仲間,high_school,3,2,2;pre1,名詞,2:1213;pre1:737,2
commissioner,commissioner,word,委員，理事,委員，理事,high_school,3,2,2,名詞,2:1098,1
commit,commit,word,専念，ゆだねる,専念，ゆだねる,high_school,3,2,2;pre1,動詞,2:769;pre1:3057,2
committee,committee,word,委員会，会議,委員会，会議,high_school,3,2,2,名詞,2:1064,1
commodity,commodity,word,商品,商品,high_school,3,2,2;pre1,名詞,2:2003;pre1:1135,2
communist,communist,word,共産主義者，共産党員,共産主義者，共産党員,high_school,3,2,2,名詞,2:1706,1
commute,commute,word,通勤する，取り替える,通勤する，取り替える,high_school,3,2,2;pre1,動詞,2:713;pre1:3084,2
companion,companion,word,仲間，同志,仲間，同志,high_school,3,2,2,名詞,2:1629,1
comparison,comparison,word,比較，対照,比較，対照,high_school,3,2,2,名詞,2:1705,1
compassion,compassion,word,思いやり,思いやり,high_school,3,2,2;pre1,名詞,2:2163;pre1:2045,2
compile,compile,word,編集する,編集する,high_school,3,2,2;pre1,動詞,2:2162;pre1:2036,2
complexity,complexity,word,複雑さ，錯綜さ,複雑さ，錯綜さ,high_school,3,2,2;pre1,名詞,2:1194;pre1:910,2
compliment,compliment,word,褒め言葉,褒め言葉 / 褒め言葉，賞賛，称賛,high_school,1,2,2;pre1;1,名詞,2:2172;pre1:3343;1:1785,3
composition,composition,word,構成，制作,構成，制作,high_school,3,2,2,名詞,2:1151,1
comprehend,comprehend,word,理解する,理解する / 理解する，把握する,high_school,1,2,2;pre1;1,動詞,2:2295;pre1:1276;1:165,3
conceal,conceal,word,隠す,隠す / 隠す，秘密にする,high_school,1,2,2;pre1;1,動詞,2:2069;pre1:582;1:88,3
confess,confess,word,を打ち明ける，白状する,を打ち明ける，白状する,high_school,1,2,2;pre1,動詞,2:796;2:2175;pre1:55,3
confine,confine,word,制限する，限定する,制限する，限定する,high_school,3,2,2;pre1,動詞,2:1283;pre1:3300,2
confirm,confirm,word,確認する，確かめる,確認する，確かめる,high_school,3,2,2,動詞,2:1514,1
conform,conform,word,従う,従う,high_school,3,2,2;pre1,動詞,2:2088;pre1:1882,2
confront,confront,word,直面させる，に立ち向かう,直面させる，に立ち向かう,high_school,3,2,2,動詞,2:1632,1
confusion,confusion,word,混乱，無秩序,混乱，無秩序,high_school,3,2,2,名詞,2:1625,1
connect,connect,word,つなげる，接続する,つなげる，接続する,high_school,3,2,2,動詞,2:1210,1
conquer,conquer,word,征服する,征服する,high_school,3,2,2;pre1,動詞,2:2108;pre1:457,2
consciously,consciously,word,意識的に，故意に,意識的に，故意に,high_school,3,2,2,副詞,2:591,1
consequently,consequently,word,その結果として，それゆえに,その結果として，それゆえに,high_school,3,2,2;pre1,副詞,2:1203;pre1:183,2
conservation,conservation,word,保全，保護,保全，保護,high_school,3,2,2,名詞,2:1645,1
constitute,constitute,word,構成する，組み立てる,構成する，組み立てる,high_school,3,2,2;pre1,動詞,2:1767;pre1:3230,2
constitution,constitution,word,憲法，構成，組織,憲法，構成，組織,high_school,3,2,2,名詞,2:1476,1
container,container,word,容器，入れ物,容器，入れ物,high_school,3,2,2;pre1,名詞,2:651;pre1:115,2
contract,contract,word,契約，協定,契約，協定,high_school,3,2,2;pre1,名詞,2:1852;pre1:3353,2
converse,converse,word,逆の,逆の / 話す,high_school,1,2,2;pre1;1,形容詞,2:2110;pre1:2545;1:2106,3
convict,convict,word,有罪とする,有罪とする / 有罪とする，罪を宣告する,high_school,1,2,2;pre1;1,動詞,2:2028;pre1:1301;1:259,3
cop,cop,word,警官，警察官,警官，警察官,high_school,3,2,2,名詞,2:1760,1
cough,cough,word,咳払いする/咳,咳払いする/咳,high_school,3,2,2,名詞/動詞,2:788,1
counter,counter,word,に対抗する，に立ち向かう,に対抗する，に立ち向かう,high_school,3,2,2,動詞,2:1373,1
cover,cover,word,を覆う，隠す,を覆う，隠す,high_school,3,2,2,動詞,2:1641,1
create,create,word,創造する，考案する,創造する，考案する,high_school,3,2,2,動詞,2:899,1
crew,crew,word,乗組員，船員,乗組員，船員,high_school,3,2,2,名詞,2:1585,1
critic,critic,word,批評家，評論家,批評家，評論家,high_school,3,2,2,名詞,2:1201,1
critics,critics,word,評論家，批評家,評論家，批評家,high_school,3,2,2,名詞,2:520,1
crown,crown,word,王冠，王座,王冠，王座,high_school,3,2,2,名詞,2:1762,1
cruise,cruise,word,巡航する，航行する,巡航する，航行する,high_school,3,2,2,動詞,2:1521,1
cultivate,cultivate,word,耕作する，耕す,耕作する，耕す,high_school,3,2,2;pre1,動詞,2:1225;pre1:3119,2
cure,cure,word,治療する，療養する,治療する，療養する,high_school,3,2,2,動詞,2:1353,1
dare,dare,word,思い切ってする，断行する,思い切ってする，断行する,high_school,3,2,2,動詞,2:1720,1
deaf,deaf,word,耳が不自由な，耳が聞こえない,耳が不自由な，耳が聞こえない,high_school,3,2,2,形容詞,2:890,1
decent,decent,word,まともな,まともな,high_school,3,2,2;pre1,形容詞,2:2032;pre1:1146,2
dedicate,dedicate,word,に専念する，奉納する,に専念する，奉納する,high_school,3,2,2;pre1,動詞,2:654;pre1:1051,2
defend,defend,word,を守る，保護する,を守る，保護する,high_school,3,2,2,動詞,2:482,1
definite,definite,word,明確な，限定的な,明確な，限定的な,high_school,3,2,2,形容詞,2:1923,1
deliberately,deliberately,word,故意に，慎重に,故意に，慎重に,high_school,3,2,2;pre1,副詞,2:1485;pre1:1128,2
delicate,delicate,word,繊細な，きめ細かい,繊細な，きめ細かい,high_school,3,2,2,形容詞,2:662,1
deliver,deliver,word,配達する，届ける,配達する，届ける,high_school,3,2,2,動詞,2:896,1
democratic,democratic,word,民主主義の，民主政治の,民主主義の，民主政治の,high_school,3,2,2,形容詞,2:982,1
dentist,dentist,word,歯医者，歯科医,歯医者，歯科医,high_school,3,2,2,名詞,2:962,1
depress,depress,word,落胆させる，失望させる,落胆させる，失望させる,high_school,3,2,2,動詞,2:1571,1
descend,descend,word,下降する,下降する,high_school,3,2,2;pre1,動詞,2:2157;pre1:393,2
description,description,word,説明書，記述,説明書，記述,high_school,3,2,2,名詞,2:928,1
designate,designate,word,選定する,選定する,high_school,3,2,2;pre1,動詞,2:2022;pre1:2150,2
desirable,desirable,word,望ましい，理想的な,望ましい，理想的な,high_school,3,2,2,形容詞,2:1846,1
destination,destination,word,目的地，行き先,目的地，行き先,high_school,3,2,2;pre1,名詞,2:2021;pre1:271,2
devastate,devastate,word,荒廃させる,荒廃させる,high_school,3,2,2;pre1,動詞,2:2235;pre1:2165,2
devise,devise,word,考え出す，工夫する,考え出す，工夫する,high_school,3,2,2,動詞,2:1447,1
dialect,dialect,word,方言，地域言語,方言，地域言語 / 方言,high_school,3,2,2;pre1,名詞,2:1434;pre1:837,2
differ,differ,word,異なる，違う,異なる，違う,high_school,3,2,2;pre1,動詞,2:774;pre1:308,2
digest,digest,word,要約/消化する,要約/消化する,high_school,3,2,2;pre1,名詞/動詞;名詞,2:701;pre1:443,2
dignity,dignity,word,威厳，尊厳,威厳，尊厳,high_school,3,2,2,名詞,2:1117,1
diminish,diminish,word,減らす，小さくする,減らす，小さくする / 減らす,high_school,3,2,2;pre1,動詞,2:1733;pre1:1012,2
dip,dip,word,少し浸す,少し浸す,high_school,3,2,2;pre1,動詞,2:2113;pre1:637,2
disadvantage,disadvantage,word,不利益，不利な立場，損失,不利益，不利な立場，損失,high_school,3,2,2,名詞,2:800,1
display,display,word,展示する，陳列する,展示する，陳列する,high_school,3,2,2,動詞,2:1417,1
dispute,dispute,word,争議/論争する,争議/論争する,high_school,3,2,2;pre1,名詞;名詞／動詞,2:1683;pre1:3048,2
distinct,distinct,word,他と違った，別の,他と違った，別の,high_school,3,2,2,形容詞,2:1644,1
distort,distort,word,歪める,歪める,high_school,3,2,2;pre1,動詞,2:2005;pre1:1771,2
distract,distract,word,気を散らす，気をそらす,気を散らす，気をそらす,high_school,3,2,2;pre1,動詞,2:864;pre1:1651,2
distributor,distributor,word,卸売業者，問屋,卸売業者，問屋,high_school,3,2,2,名詞,2:583,1
division,division,word,分割，割り当て,分割，割り当て,high_school,3,2,2,名詞,2:1789,1
divorce,divorce,word,離婚/離婚する,離婚/離婚する,high_school,3,2,2,名詞,2:1667,1
dizziness,dizziness,word,めまい，立ち眩み,めまい，立ち眩み,high_school,3,2,2,名詞,2:837,1
dizzy,dizzy,word,めまいがする，ふらふらする,めまいがする，ふらふらする / めまいがする，目が回る,high_school,1,2,2;pre1;1,形容詞,2:504;pre1:1264;1:647,3
document,document,word,書類,書類,high_school,3,2,2,名詞,2:2197,1
documentary,documentary,word,事実を記録した,事実を記録した,high_school,3,2,2;pre1,形容詞,2:2244;pre1:1049,2
domain,domain,word,領地,領地,high_school,3,2,2;pre1,名詞,2:2023;pre1:1464,2
dominate,dominate,word,を支配する，を統制する,を支配する，を統制する,high_school,3,2,2,動詞,2:1543,1
donation,donation,word,寄贈，寄付,寄贈，寄付,high_school,3,2,2;pre1,名詞,2:813;pre1:1210,2
dormitory,dormitory,word,寮，大部屋,寮，大部屋,high_school,3,2,2;pre1,名詞,2:2046;pre1:3321,2
doubtfully,doubtfully,word,疑わしく，怪しい,疑わしく，怪しい,high_school,3,2,2,副詞,2:515,1
drag,drag,word,引っ張る，引きずる,引っ張る，引きずる,high_school,3,2,2,動詞,2:877,1
drought,drought,word,干ばつ,干ばつ,high_school,3,2,2;pre1,名詞,2:2085;pre1:2897,2
drug,drug,word,麻薬，薬,麻薬，薬,high_school,3,2,2,名詞,2:1498,1
earnest,earnest,word,真剣な,真剣な,high_school,3,2,2,形容詞,2:2127,1
economics,economics,word,経済学，財政学,経済学，財政学,high_school,3,2,2,名詞,2:1364,1
editor,editor,word,編集者，論客,編集者，論客,high_school,3,2,2,名詞,2:1894,1
effectively,effectively,word,効果的に，事実上,効果的に，事実上,high_school,3,2,2,副詞,2:1722,1
elaborate,elaborate,word,手の込んだ，複雑な,手の込んだ，複雑な,high_school,3,2,2,形容詞,2:1092,1
electrical,electrical,word,電気の，電気を用いた,電気の，電気を用いた,high_school,3,2,2,形容詞,2:1207,1
elementary,elementary,word,初級の，入門の,初級の，入門の,high_school,3,2,2,形容詞,2:1589,1
eliminate,eliminate,word,を取り除く，を排除する,を取り除く，を排除する,high_school,3,2,2;pre1,動詞,2:1335;pre1:3330,2
emperor,emperor,word,皇帝，天皇,皇帝，天皇,high_school,3,2,2,名詞,2:2096,1
empire,empire,word,帝国，王国,帝国，王国,high_school,3,2,2,名詞,2:1739,1
empty,empty,word,何も入っていない，空っぽの,何も入っていない，空っぽの,high_school,3,2,2,形容詞,2:1746,1
endanger,endanger,word,危険にさらす,危険にさらす,high_school,3,2,2;pre1,動詞,2:2202;pre1:2094,2
endow,endow,word,寄付する,寄付する,high_school,3,2,2;pre1,動詞,2:2159;pre1:2015,2
enrich,enrich,word,豊かにする,豊かにする,high_school,3,2,2;pre1,動詞,2:2152;pre1:1512,2
ensure,ensure,word,を確実にする，を保証する,を確実にする，を保証する,high_school,3,2,2,動詞,2:1020,1
enterprise,enterprise,word,会社，事業,会社，事業,high_school,3,2,2,名詞,2:1787,1
enthusiasm,enthusiasm,word,情熱，熱狂,情熱，熱狂,high_school,3,2,2,名詞,2:1995,1
envy,envy,word,妬み，羨望,妬み，羨望,high_school,3,2,2;pre1,名詞,2:597;pre1:385,2
equality,equality,word,平等さ,平等さ,high_school,3,2,2,名詞,2:2247,1
equivalent,equivalent,word,等しい，同等の,等しい，同等の,high_school,3,2,2;pre1,形容詞,2:1737;pre1:3159,2
era,era,word,時代，世代,時代，世代,high_school,3,2,2;pre1,名詞,2:1158;pre1:213,2
erosion,erosion,word,侵食,侵食,high_school,3,2,2,名詞,2:2121,1
essentially,essentially,word,本質的に，根本的に,本質的に，根本的に,high_school,3,2,2,副詞,2:1481,1
etc,etc,word,等々，などなど,等々，などなど,high_school,3,2,2,名詞,2:1588,1
evident,evident,word,明らかな，明白な,明らかな，明白な,high_school,3,2,2,形容詞,2:1969,1
evoke,evoke,word,呼び起こす,呼び起こす / 呼び起こす，引き起こす,high_school,1,2,2;pre1;1,動詞,2:2122;pre1:2511;1:154,3
evolve,evolve,word,進化する，発展する,進化する，発展する,high_school,3,2,2;pre1,動詞,2:1998;pre1:3314,2
exact,exact,word,ちょうど，正確な,ちょうど，正確な,high_school,3,2,2,形容詞,2:635,1
exaggerate,exaggerate,word,を誇張する，大げさに言う,を誇張する，大げさに言う,high_school,3,2,2;pre1,動詞,2:598;pre1:777,2
excess,excess,word,過剰，超過,過剰，超過,high_school,3,2,2;pre1,名詞,2:993;pre1:3237,2
excessive,excessive,word,過度の，極端な,過度の，極端な,high_school,3,2,2,形容詞,2:1296,1
exclusive,exclusive,word,閉鎖的な,閉鎖的な / 閉鎖的な，内向的な,high_school,1,2,2;pre1;1,形容詞,2:2250;pre1:1083;1:223,3
executive,executive,word,幹部，重役,幹部，重役,high_school,3,2,2,名詞,2:1657,1
exert,exert,word,行使する,行使する,high_school,3,2,2;pre1,動詞,2:2241;pre1:1710,2
exhaust,exhaust,word,疲れ果てさせる，消耗させる,疲れ果てさせる，消耗させる,high_school,3,2,2;pre1,動詞,2:1166;pre1:3299,2
exhibit,exhibit,word,示す，表示する,示す，表示する,high_school,3,2,2,動詞,2:814,1
expect,expect,word,予期する，予想する,予期する，予想する,high_school,3,2,2,動詞,2:921,1
expire,expire,word,期限切れの,期限切れの,high_school,3,2,2;pre1,動詞,2:2118;pre1:2140,2
expired,expired,word,期限切れの，契約の切れた,期限切れの，契約の切れた,high_school,3,2,2,形容詞,2:617,1
explode,explode,word,爆発する，破裂する，激増する,爆発する，破裂する，激増する,high_school,3,2,2,動詞,2:2261,1
explorers,explorers,word,探検家，冒険家,探検家，冒険家,high_school,3,2,2,名詞,2:521,1
explosion,explosion,word,爆発，爆裂,爆発，爆裂,high_school,3,2,2,名詞,2:1352,1
extinct,extinct,word,絶滅した,絶滅した,high_school,3,2,2;pre1,形容詞,2:2103;pre1:2056,2
extract,extract,word,抜き取る,抜き取る / 抜き取る，取り除く,high_school,1,2,2;pre1;1,動詞,2:2016;pre1:1245;1:402,3
eyesight,eyesight,word,視界,視界 / 視界，視野，視力,high_school,3,2,2;pre1,名詞,2:2133;pre1:1779,2
facility,facility,word,施設，手洗い，便利さ,施設，手洗い，便利さ,high_school,3,2,2,名詞,2:1584,1
fame,fame,word,名声,名声,high_school,3,2,2;pre1,名詞,2:2137;pre1:23,2
familiar,familiar,word,見慣れた，よく知られた,見慣れた，よく知られた,high_school,3,2,2,形容詞,2:582,1
famine,famine,word,食料不足,食料不足,high_school,3,2,2;pre1,名詞,2:2100;pre1:803,2
fancy,fancy,word,空想，想像,空想，想像,high_school,3,2,2,名詞,2:1817,1
fare,fare,word,運賃,運賃,high_school,3,2,2;pre1,名詞,2:2233;pre1:184,2
fascinate,fascinate,word,魅了する，魅惑する,魅了する，魅惑する,high_school,3,2,2,動詞,2:1392,1
fatigue,fatigue,word,疲労,疲労,high_school,3,2,2;pre1,名詞,2:2030;pre1:975,2
figure,figure,word,形，姿,形，姿,high_school,3,2,2,名詞,2:872,1
fingerprint,fingerprint,word,指紋,指紋,high_school,3,2,2;pre1,名詞,2:2160;pre1:1682,2
firmly,firmly,word,堅く，確固として,堅く，確固として,high_school,3,2,2,副詞,2:1697,1
flame,flame,word,火炎，炎,火炎，炎,high_school,3,2,2,名詞,2:933,1
forecast,forecast,word,予測する,予測する,high_school,3,2,2;pre1,動詞,2:2039;pre1:412,2
formula,formula,word,式,式,high_school,3,2,2,名詞,2:2249,1
fossil,fossil,word,化石，遺跡,化石，遺跡,high_school,3,2,2;pre1,名詞,2:849;pre1:1363,2
fraction,fraction,word,分数,分数 / 分数，小数,high_school,1,2,2;pre1;1,名詞,2:2068;pre1:1400;1:277,3
fragile,fragile,word,もろい,もろい,high_school,3,2,2;pre1,形容詞,2:2285;pre1:1981,2
fragment,fragment,word,断片,断片,high_school,3,2,2;pre1,名詞,2:2232;pre1:1195,2
friendly,friendly,word,友好的な，親切な,友好的な，親切な,high_school,3,2,2,形容詞,2:1202,1
frown,frown,word,しかめっ面，顔をしかめる,しかめっ面，顔をしかめる,high_school,3,2,2;pre1,名詞/動詞;動詞,2:869;pre1:817,2
fulfill,fulfill,word,満たす，充足する,満たす，充足する,high_school,3,2,2,動詞,2:509,1
fur,fur,word,毛皮，皮毛,毛皮，皮毛,high_school,3,2,2,名詞,2:1506,1
gay,gay,word,同性愛の，同性愛者の,同性愛の，同性愛者の,high_school,3,2,2,形容詞,2:1922,1
gaze,gaze,word,凝視する，じっと見る,凝視する，じっと見る,high_school,3,2,2,動詞,2:1983,1
gear,gear,word,伝動装置，動力伝達装置,伝動装置，動力伝達装置,high_school,3,2,2,名詞,2:1176,1
gene,gene,word,遺伝子，遺因,遺伝子，遺因,high_school,3,2,2,名詞,2:1851,1
generate,generate,word,発生させる，起こす,発生させる，起こす,high_school,3,2,2;pre1,動詞,2:1856;pre1:3383,2
generation,generation,word,世代，年代,世代，年代,high_school,3,2,2,名詞,2:761,1
genetically,genetically,word,遺伝的に，生まれながら,遺伝的に，生まれながら,high_school,3,2,2,副詞,2:572,1
genuine,genuine,word,本物の，純粋な,本物の，純粋な,high_school,3,2,2;pre1,形容詞,2:883;pre1:823,2
germ,germ,word,細菌,細菌,high_school,3,2,2;pre1,名詞,2:2154;pre1:2796,2
girlfriend,girlfriend,word,女友達，女の友人,女友達，女の友人,high_school,3,2,2,名詞,2:1664,1
globe,globe,word,地球，地球体,地球，地球体,high_school,3,2,2,名詞,2:1475,1
goal,goal,word,目標，目的,目標，目的,high_school,3,2,2,名詞,2:1663,1
grace,grace,word,恵み,恵み,high_school,3,2,2;pre1,名詞,2:2004;pre1:85,2
grand,grand,word,壮大な，雄大な,壮大な，雄大な,high_school,3,2,2,形容詞,2:1072,1
grasp,grasp,word,つかむ，把握する,つかむ，把握する,high_school,3,2,2;pre1,動詞,2:1849;pre1:3192,2
grave,grave,word,墓，墓地,墓，墓地,high_school,3,2,2,名詞,2:1795,1
grocery,grocery,word,食料品,食料品,high_school,3,2,2;pre1,名詞,2:2059;pre1:862,2
guide,guide,word,案内人/案内する,案内人/案内する,high_school,3,2,2,名詞,2:1073,1
guilty,guilty,word,有罪の，罪のある,有罪の，罪のある,high_school,3,2,2,形容詞,2:1391,1
handout,handout,word,配布物,配布物 / 配布物，配布資料,high_school,1,2,2;pre1;1,名詞,2:2049;pre1:1827;1:1072,3
harmony,harmony,word,調和，一致,調和，一致,high_school,3,2,2,名詞,2:995,1
harsh,harsh,word,厳しい,厳しい / 厳しい，過酷な,high_school,1,2,2;pre1;1,形容詞,2:2281;pre1:147;1:131,3
hemisphere,hemisphere,word,半球,半球,high_school,3,2,2;pre1,名詞,2:2267;pre1:2186,2
hesitantly,hesitantly,word,躊躇して，もじもじして,躊躇して，もじもじして,high_school,3,2,2,副詞,2:754,1
hesitation,hesitation,word,ためらい，躊躇,ためらい，躊躇,high_school,3,2,2;pre1,名詞,2:911;pre1:1080,2
hierarchy,hierarchy,word,階層,階層 / 階層，階級,high_school,1,2,2;pre1;1,名詞,2:2120;pre1:2300;1:217,3
historian,historian,word,歴史家，史学者,歴史家，史学者,high_school,3,2,2,名詞,2:972,1
honor,honor,word,名誉，特権，栄誉,名誉，特権，栄誉,high_school,3,2,2,名詞,2:1597,1
hospitality,hospitality,word,おもてなし，歓待,おもてなし，歓待,high_school,3,2,2;pre1,名詞,2:674;pre1:1380,2
humble,humble,word,謙虚な,謙虚な,high_school,3,2,2;pre1,形容詞,2:2283;pre1:339,2
humid,humid,word,湿っぽい、湿度の高い,湿っぽい、湿度の高い,high_school,3,2,2;pre1,形容詞,2:2266;pre1:1604,2
humidity,humidity,word,湿度，湿気,湿度，湿気,high_school,3,2,2;pre1,名詞,2:628;pre1:2053,2
hunger,hunger,word,飢え，空腹,飢え，空腹,high_school,3,2,2,名詞,2:1106,1
identical,identical,word,同一の，全く同じの,同一の，全く同じの / 同一の,high_school,3,2,2;pre1,形容詞,2:1654;pre1:1147,2
ignorance,ignorance,word,無知，無学,無知，無学,high_school,3,2,2;pre1,名詞,2:708;pre1:343,2
ill,ill,word,病気で，気分の悪い,病気で，気分の悪い,high_school,3,2,2,形容詞,2:641,1
illustrate,illustrate,word,を説明する，を例示する,を説明する，を例示する,high_school,3,2,2,動詞,2:589,1
illustration,illustration,word,図解，実例,図解，実例,high_school,3,2,2,名詞,2:919,1
immigration,immigration,word,移住，入国管理,移住，入国管理,high_school,3,2,2,名詞,2:946,1
impact,impact,word,影響，衝撃,影響，衝撃,high_school,3,2,2,名詞,2:1356,1
imperial,imperial,word,帝国の,帝国の,high_school,3,2,2;pre1,形容詞,2:2119;pre1:353,2
impose,impose,word,を課す，負わせる,を課す，負わせる,high_school,3,2,2;pre1,動詞,2:725;pre1:3327,2
impossible,impossible,word,不可能な，実現不可能な,不可能な，実現不可能な,high_school,3,2,2,形容詞,2:936,1
impulse,impulse,word,衝動，衝力,衝動，衝力,high_school,3,2,2;pre1,名詞,2:1699;pre1:3017,2
incident,incident,word,出来事，事件,出来事，事件,high_school,3,2,2,名詞,2:716,1
inconvenience,inconvenience,word,不便，不自由,不便，不自由,high_school,3,2,2,名詞,2:563,1
increasingly,increasingly,word,ますます，更に,ますます，更に,high_school,3,2,2,副詞,2:1458,1
incredible,incredible,word,信じられない，信じがたい,信じられない，信じがたい,high_school,3,2,2;pre1,形容詞,2:738;pre1:57,2
indigenous,indigenous,word,原産の,原産の / 原産の，原生の,high_school,1,2,2;pre1;1,形容詞,2:2018;pre1:2960;1:518,3
induce,induce,word,誘発する,誘発する,high_school,3,2,2,動詞,2:2065,1
industrialize,industrialize,word,産業化する，工業化する,産業化する，工業化する,high_school,3,2,2,動詞,2:1501,1
inevitable,inevitable,word,避けられない，必然的,避けられない，必然的,high_school,3,2,2,形容詞,2:1990,1
infant,infant,word,乳児，赤ちゃん,乳児，赤ちゃん,high_school,3,2,2;pre1,名詞,2:1428;pre1:276,2
inferior,inferior,word,劣った，劣る,劣った，劣る,high_school,3,2,2,形容詞,2:1967,1
infrastructure,infrastructure,word,基盤,基盤,high_school,3,2,2;pre1,名詞,2:2025;pre1:2389,2
inhabitant,inhabitant,word,居住者，住人,居住者，住人,high_school,3,2,2,名詞,2:1671,1
initial,initial,word,当初の，最初の,当初の，最初の,high_school,3,2,2,形容詞,2:1788,1
injection,injection,word,注射，注入,注射，注入,high_school,3,2,2,名詞,2:2201,1
innocently,innocently,word,無邪気に，素直に,無邪気に，素直に,high_school,3,2,2,副詞,2:803,1
insect,insect,word,昆虫，虫,昆虫，虫,high_school,3,2,2,名詞,2:1437,1
insight,insight,word,洞察，洞察力,洞察，洞察力,high_school,3,2,2,名詞,2:1747,1
insist,insist,word,強く主張する，断言する,強く主張する，断言する,high_school,3,2,2,動詞,2:910,1
inspire,inspire,word,鼓舞する，励ます,鼓舞する，励ます,high_school,3,2,2,動詞,2:873,1
instant,instant,word,瞬間，瞬時,瞬間，瞬時,high_school,3,2,2,名詞,2:1174,1
institution,institution,word,制度，設立,制度，設立,high_school,3,2,2,名詞,2:1583,1
instruct,instruct,word,指示する，教える,指示する，教える,high_school,3,2,2;pre1,動詞,2:677;pre1:92,2
insurance,insurance,word,保険，保障,保険，保障,high_school,3,2,2,名詞,2:760,1
integrate,integrate,word,統合する,統合する / 統合する，一体化する,high_school,1,2,2;pre1;1,動詞,2:2148;pre1:2058;1:145,3
intelligence,intelligence,word,知能，知性,知能，知性,high_school,3,2,2,名詞,2:1686,1
intensive,intensive,word,集中的な，強調の,集中的な，強調の,high_school,3,2,2,形容詞,2:833,1
interfere,interfere,word,に干渉する，介入する,に干渉する，介入する,high_school,3,2,2,動詞,2:1076,1
interrupt,interrupt,word,割り込む，中断する,割り込む，中断する,high_school,3,2,2,動詞,2:666,1
intimate,intimate,word,親密な，密接な,親密な，密接な,high_school,3,2,2,形容詞,2:1448,1
intuition,intuition,word,直感,直感,high_school,3,2,2;pre1,名詞,2:2254;pre1:3225,2
invade,invade,word,侵略する,侵略する,high_school,3,2,2;pre1,動詞,2:2277;pre1:17,2
invention,invention,word,発明，創造,発明，創造,high_school,3,2,2;pre1,名詞,2:711;pre1:166,2
investigate,investigate,word,調査する，研究する,調査する，研究する,high_school,3,2,2,動詞,2:927,1
investment,investment,word,投資，出資,投資，出資,high_school,3,2,2,名詞,2:1765,1
invisible,invisible,word,見えない，不可視な,見えない，不可視な,high_school,3,2,2;pre1,形容詞,2:1452;pre1:3123,2
irrelevant,irrelevant,word,無関係な,無関係な,high_school,3,2,2;pre1,形容詞,2:2158;pre1:2017,2
irrigation,irrigation,word,灌漑,灌漑,high_school,3,2,2;pre1,名詞,2:2262;pre1:2832,2
irritate,irritate,word,イライラさせる，怒らせる,イライラさせる，怒らせる,high_school,3,2,2;pre1,動詞,2:765;pre1:3009,2
isolation,isolation,word,隔離,隔離,high_school,3,2,2;pre1,名詞,2:2071;pre1:964,2
jealously,jealously,word,嫉妬深く，妬み深く,嫉妬深く，妬み深く,high_school,3,2,2,副詞,2:544,1
justify,justify,word,正当化する，合理化する,正当化する，合理化する,high_school,3,2,2;pre1,動詞,2:508;pre1:3354,2
kindergarten,kindergarten,word,幼稚園,幼稚園,high_school,3,2,2,名詞,2:2051,1
laptop,laptop,word,ノートパソコン,ノートパソコン,high_school,3,2,2;pre1,名詞,2:2255;pre1:2303,2
lately,lately,word,最近,最近,high_school,3,2,2;pre1,副詞,2:2290;pre1:16,2
laundry,laundry,word,洗濯物，クリーニング店,洗濯物，クリーニング店 / 洗濯物，洗濯,high_school,3,2,2;pre1,名詞,2:830;pre1:72,2
layer,layer,word,層,層,high_school,3,2,2,名詞,2:2259,1
leak,leak,word,漏れる,漏れる,high_school,3,2,2;pre1,動詞,2:2240;pre1:1075,2
leap,leap,word,飛び跳ねる，飛び越える,飛び跳ねる，飛び越える / 跳ぶ，はねる,high_school,3,2,2,動詞,2:1109;2:1745,2
legal,legal,word,法律の，法的な,法律の，法的な,high_school,3,2,2,形容詞,2:1247,1
leisurely,leisurely,word,のんびりした，気の長い,のんびりした，気の長い / のんびりした，ゆったりした,high_school,3,2,2;1,形容詞,2:669;1:1476,2
lessen,lessen,word,減らす,減らす / 減らす，減少させる,high_school,1,2,2;pre1;1,動詞,2:2044;pre1:1934;1:460,3
liberty,liberty,word,自由，独立,自由，独立,high_school,3,2,2,名詞,2:1268,1
limb,limb,word,手足，四肢,手足，四肢,high_school,3,2,2;pre1,名詞,2:778;pre1:368,2
liquid,liquid,word,液体，流体,液体，流体,high_school,3,2,2,名詞,2:840,1
literally,literally,word,文字通りに，直訳で,文字通りに，直訳で,high_school,3,2,2,副詞,2:1794,1
litter,litter,word,ごみ,ごみ,high_school,3,2,2;pre1,名詞,2:2275;pre1:1955,2
load,load,word,積む/積み荷,積む/積み荷,high_school,3,2,2,動詞,2:1989,1
location,location,word,位置，場所,位置，場所,high_school,3,2,2,名詞,2:805,1
log,log,word,丸太，円木,丸太，円木,high_school,3,2,2,名詞,2:1270,1
logic,logic,word,論理，理論,論理，理論,high_school,3,2,2,名詞,2:1566,1
logical,logical,word,論理的な，論理上の,論理的な，論理上の,high_school,3,2,2,形容詞,2:822,1
lord,lord,word,領主，支配者,領主，支配者,high_school,3,2,2,名詞,2:1238,1
low-income,low-income,word,低収入の,低収入の,high_school,3,2,2,形容詞,2:2239,1
lung,lung,word,肺,肺,high_school,3,2,2,名詞,2:1230,1
magnificent,magnificent,word,壮大な,壮大な,high_school,3,2,2;pre1,形容詞,2:2150;pre1:481,2
major,major,word,専攻科目，主要科目,専攻科目，主要科目,high_school,3,2,2,名詞,2:575,1
maker,maker,word,製造元，製作者,製造元，製作者,high_school,3,2,2,名詞,2:1349,1
mammal,mammal,word,哺乳類,哺乳類,high_school,3,2,2,名詞,2:846,1
manipulate,manipulate,word,操る,操る,high_school,3,2,2;pre1,動詞,2:2010;pre1:2366,2
massive,massive,word,巨大な，大規模な,巨大な，大規模な,high_school,3,2,2,形容詞,2:1845,1
master,master,word,主人，支配人,主人，支配人,high_school,3,2,2,名詞,2:1828,1
masterpiece,masterpiece,word,傑作，名作,傑作，名作,high_school,3,2,2;pre1,名詞,2:891;pre1:993,2
mature,mature,word,成熟した，大人の,成熟した，大人の,high_school,3,2,2,形容詞,2:981,1
means,means,word,手段，方法,手段，方法,high_school,3,2,2,名詞,2:1429,1
medical,medical,word,医学の，医療の,医学の，医療の,high_school,3,2,2,形容詞,2:519,1
medieval,medieval,word,中世の,中世の / 中世の，時代遅れの,high_school,1,2,2;pre1;1,形容詞,2:2126;pre1:521;1:111,3
migrate,migrate,word,移行する，移住する,移行する，移住する,high_school,3,2,2,動詞,2:821,1
mildly,mildly,word,穏やかに，静かに,穏やかに，静かに,high_school,3,2,2,副詞,2:752,1
mindful,mindful,word,気をつけて，注意深く,気をつけて，注意深く,high_school,3,2,2,形容詞,2:735,1
mineral,mineral,word,無機物，非生物,無機物，非生物,high_school,3,2,2,名詞,2:878,1
minimum,minimum,word,最小の，最も小さな,最小の，最も小さな,high_school,3,2,2,形容詞,2:1096,1
ministry,ministry,word,省庁，官庁,省庁，官庁,high_school,3,2,2;pre1,名詞,2:1351;pre1:318,2
minority,minority,word,少数派，少数群,少数派，少数群,high_school,3,2,2,名詞,2:1529,1
modest,modest,word,控えめな,控えめな,high_school,3,2,2;pre1,形容詞,2:2224;pre1:24,2
molecule,molecule,word,分子,分子,high_school,3,2,2;pre1,名詞,2:2196;pre1:1232,2
motive,motive,word,動機，意欲,動機，意欲,high_school,3,2,2,名詞,2:1094,1
mummy,mummy,word,ミイラ，乾燥死体,ミイラ，乾燥死体,high_school,3,2,2;pre1,名詞,2:836;pre1:868,2
mutual,mutual,word,相互の，互いの,相互の，互いの,high_school,3,2,2;pre1,形容詞,2:1377;pre1:3140,2
mystery,mystery,word,神秘的な/神秘,神秘的な/神秘,high_school,3,2,2,名詞,2:1116,1
myth,myth,word,神話，神話伝説,神話，神話伝説,high_school,3,2,2,名詞,2:1087,1
nap,nap,word,昼寝,昼寝,high_school,3,2,2;pre1,名詞,2:2198;pre1:390,2
navy,navy,word,海軍，水軍,海軍，水軍,high_school,3,2,2,名詞,2:1740,1
neat,neat,word,きちんとした,きちんとした / きちんとした，整った,high_school,1,2,2;pre1;1,形容詞,2:2116;pre1:134;1:525,3
needlessly,needlessly,word,不必要に，無用に,不必要に，無用に,high_school,3,2,2,副詞,2:885,1
neglect,neglect,word,を無視する，放っておく,を無視する，放っておく,high_school,3,2,2;pre1,動詞,2:809;pre1:3077,2
nerve,nerve,word,神経，神経線,神経，神経線,high_school,3,2,2,名詞,2:1562,1
newly,newly,word,新たに，最近,新たに，最近,high_school,3,2,2,副詞,2:1751,1
nod,nod,word,うなずく，会釈する,うなずく，会釈する,high_school,3,2,2,動詞,2:1764,1
numerous,numerous,word,多数の，多くの,多数の，多くの,high_school,3,2,2,形容詞,2:994,1
nutrition,nutrition,word,栄養，栄養素,栄養，栄養素,high_school,3,2,2;pre1,名詞,2:2238;pre1:1393,2
obey,obey,word,従う,従う,high_school,3,2,2;pre1,動詞,2:2008;pre1:458,2
objection,objection,word,異議，反対,異議，反対,high_school,3,2,2;pre1,名詞,2:746;pre1:1428,2
objectively,objectively,word,客観的に，冷静に,客観的に，冷静に,high_school,3,2,2,副詞,2:801,1
obligation,obligation,word,義務，責任,義務，責任,high_school,3,2,2,名詞,2:1544,1
obscure,obscure,word,不明瞭な,不明瞭な,high_school,3,2,2;pre1,形容詞,2:2055;pre1:1425,2
obsession,obsession,word,強迫観念,強迫観念,high_school,3,2,2,名詞,2:2007,1
obstacle,obstacle,word,障害，妨害,障害，妨害,high_school,3,2,2;pre1,名詞,2:522;pre1:969,2
odd,odd,word,変な，奇妙な,変な，奇妙な,high_school,3,2,2,形容詞,2:1531,1
offensive,offensive,word,攻撃的な，無礼な,攻撃的な，無礼な,high_school,3,2,2;pre1,形容詞,2:580;pre1:249,2
optimistic,optimistic,word,楽観的な,楽観的な / 楽観的な，前向きな,high_school,1,2,2;pre1;1,形容詞,2:2115;pre1:677;1:352,3
organ,organ,word,臓器,臓器 / 臓器，器官,high_school,1,2,2;pre1;1,名詞,2:2142;pre1:138;1:39,3
organic,organic,word,無農薬の,無農薬の / 無農薬の，有機の,high_school,1,2,2;pre1;1,形容詞,2:2248;pre1:768;1:8,3
originate,originate,word,始まる，起こす,始まる，起こす,high_school,3,2,2,動詞,2:1161,1
output,output,word,生産量，製造量,生産量，製造量,high_school,3,2,2,名詞,2:1012,1
overwhelm,overwhelm,word,圧倒する,圧倒する / 圧倒する，制圧する,high_school,1,2,2;pre1;1,動詞,2:2174;pre1:1211;1:255,3
owe,owe,word,を借りている，借用する,を借りている，借用する,high_school,3,2,2,動詞,2:1617,1
oxygen,oxygen,word,酸素,酸素,high_school,3,2,2;pre1,名詞,2:806;pre1:42,2
painful,painful,word,苦痛な，痛い,苦痛な，痛い,high_school,3,2,2,形容詞,2:1439,1
parallel,parallel,word,平行の，並行の,平行の，並行の,high_school,3,2,2,形容詞,2:1790,1
parliament,parliament,word,議会，国会,議会，国会,high_school,3,2,2,名詞,2:726,1
participant,participant,word,参加者，出席者,参加者，出席者,high_school,3,2,2,名詞,2:538,1
particle,particle,word,分子,分子,high_school,3,2,2;pre1,名詞,2:2149;pre1:574,2
passive,passive,word,受身の，消極的な,受身の，消極的な,high_school,3,2,2;pre1,形容詞,2:1673;pre1:3305,2
pastime,pastime,word,娯楽,娯楽 / 気晴らし,high_school,1,2,2;pre1;1,名詞,2:2151;pre1:480;1:3829,3
patience,patience,word,辛抱強さ，忍耐力,辛抱強さ，忍耐力,high_school,3,2,2,名詞,2:1078,1
payment,payment,word,支払い，支出,支払い，支出,high_school,3,2,2,名詞,2:496,1
peacefully,peacefully,word,平和的に，穏やかに,平和的に，穏やかに,high_school,3,2,2,副詞,2:593,1
peculiar,peculiar,word,奇妙な，変わった,奇妙な，変わった,high_school,3,2,2;pre1,形容詞,2:1575;pre1:3071,2
pedestrian,pedestrian,word,歩行者,歩行者,high_school,3,2,2;pre1,名詞,2:2299;pre1:1785,2
peel,peel,word,皮，表皮,皮，表皮,high_school,3,2,2;pre1,名詞,2:673;pre1:626,2
penetrate,penetrate,word,貫く,貫く,high_school,3,2,2;pre1,動詞,2:2087;pre1:1155,2
perception,perception,word,知覚，認知,知覚，認知,high_school,3,2,2;pre1,名詞,2:1108;pre1:1018,2
permanent,permanent,word,永久の，永遠の,永久の，永遠の,high_school,3,2,2;pre1,形容詞,2:1240;pre1:3283,2
permanently,permanently,word,恒久的に，永遠に,恒久的に，永遠に,high_school,3,2,2,副詞,2:516,1
perspective,perspective,word,見解，見通し,見解，見通し,high_school,3,2,2;pre1,名詞,2:1652;pre1:3122,2
persuasion,persuasion,word,説得，口説き,説得，口説き,high_school,3,2,2;pre1,名詞,2:819;pre1:1431,2
pile,pile,word,積み重ね，累積,積み重ね，累積,high_school,3,2,2,名詞,2:1640,1
pioneer,pioneer,word,開拓者，先駆者,開拓者，先駆者,high_school,3,2,2;pre1,名詞,2:1412;pre1:37,2
pit,pit,word,くぼみ，凹み,くぼみ，凹み,high_school,3,2,2,名詞,2:1861,1
plain,plain,word,簡素な，わかりやすい,簡素な，わかりやすい,high_school,3,2,2,形容詞,2:1400,1
plot,plot,word,話の筋，物語の筋,話の筋，物語の筋,high_school,3,2,2,名詞,2:1496,1
poison,poison,word,毒，毒物,毒，毒物,high_school,3,2,2,名詞,2:645,1
portion,portion,word,部分，一部分,部分，一部分,high_school,3,2,2,名詞,2:1619,1
pose,pose,word,姿勢，体勢,姿勢，体勢,high_school,3,2,2,名詞,2:1942,1
positive,positive,word,自信のある，確信している,自信のある，確信している,high_school,3,2,2,形容詞,2:1734,1
postpone,postpone,word,を延期する，を先送りする,を延期する，を先送りする,high_school,3,2,2;pre1,動詞,2:507;pre1:427,2
practically,practically,word,実質的に，実用的に,実質的に，実用的に,high_school,3,2,2,副詞,2:1091,1
pray,pray,word,祈る，願う,祈る，願う,high_school,3,2,2,動詞,2:1347,1
precede,precede,word,先行する,先行する,high_school,3,2,2;pre1,動詞,2:2031;pre1:1805,2
precious,precious,word,貴重な，大切な,貴重な，大切な,high_school,3,2,2,形容詞,2:553,1
precise,precise,word,正確な，的確な,正確な，的確な,high_school,3,2,2,形容詞,2:851,1
precisely,precisely,word,正確に，精密に,正確に，精密に,high_school,3,2,2,副詞,2:1886,1
predator,predator,word,捕食者,捕食者,high_school,3,2,2;pre1,名詞,2:2094;pre1:2931,2
preference,preference,word,好み，好き,好み，好き,high_school,3,2,2,名詞,2:1791,1
prejudice,prejudice,word,先入観,先入観,high_school,3,2,2;pre1,名詞,2:2076;pre1:3189,2
prey,prey,word,獲物,獲物 / 獲物，捕食対象,high_school,1,2,2;pre1;1,名詞,2:2234;pre1:1008;1:80,3
principal,principal,word,主要な，基本的な,主要な，基本的な,high_school,3,2,2,形容詞,2:815,1
privilege,privilege,word,特権，特典,特権，特典,high_school,3,2,2,名詞,2:1822,1
produce,produce,word,を生産する，産出する,を生産する，産出する / を生産する，作り出す,high_school,3,2,2,動詞,2:210;2:637,2
product,product,word,製品，商品,製品，商品,high_school,3,2,2,名詞,2:816,1
profession,profession,word,職業，仕事,職業，仕事,high_school,3,2,2,名詞,2:1810,1
profound,profound,word,深い，心からの,深い，心からの / 深い，深遠な,high_school,3,2,2;pre1,形容詞,2:1973;pre1:1577,2
prohibit,prohibit,word,禁じる,禁じる / 禁じる，禁止する,high_school,1,2,2;pre1;1,動詞,2:2246;pre1:517;1:202,3
prolong,prolong,word,延長する,延長する / 延ばす，伸ばす,high_school,1,2,2;pre1;1,動詞,2:2282;pre1:435;1:709,3
pronunciation,pronunciation,word,発音，発声,発音，発声,high_school,3,2,2,名詞,2:710,1
protein,protein,word,タンパク質，タンパク物質,タンパク質，タンパク物質,high_school,3,2,2,名詞,2:1375,1
protocol,protocol,word,儀礼,儀礼 / 外交儀礼,high_school,1,2,2;pre1;1,名詞,2:2242;pre1:2880;1:3770,3
prove,prove,word,を証明する，立証する,を証明する，立証する / を証明する,high_school,3,2,2;pre1,動詞,2:759;pre1:1683,2
provoke,provoke,word,挑発する,挑発する / 挑発する，引き起こす,high_school,1,2,2;pre1;1,動詞,2:2026;pre1:1115;1:97,3
psychology,psychology,word,心理学，精神科学,心理学，精神科学,high_school,3,2,2;pre1,名詞,2:783;pre1:818,2
publicity,publicity,word,宣伝，周知,宣伝，周知,high_school,3,2,2,名詞,2:584,1
publisher,publisher,word,出版社，出版会社,出版社，出版会社,high_school,3,2,2;pre1,名詞,2:502;pre1:827,2
punishment,punishment,word,罰，罰則,罰，罰則,high_school,3,2,2,名詞,2:931,1
pupil,pupil,word,生徒，学生,生徒，学生,high_school,3,2,2,名詞,2:1368,1
pursuit,pursuit,word,追跡，追跡行為,追跡，追跡行為,high_school,3,2,2,名詞,2:1678,1
quantity,quantity,word,量，数値,量，数値,high_school,3,2,2,名詞,2:907,1
racial,racial,word,人種の，民族の,人種の，民族の,high_school,3,2,2,形容詞,2:1912,1
ray,ray,word,光線，放射線,光線，放射線,high_school,3,2,2,名詞,2:1348,1
rear,rear,word,後部の，背後の,後部の，背後の,high_school,3,2,2,形容詞,2:1316,1
reasonable,reasonable,word,理性のある，分別のある,理性のある，分別のある,high_school,3,2,2,形容詞,2:2052,1
recognition,recognition,word,認識，認知,認識，認知,high_school,3,2,2,名詞,2:1245,1
recognize,recognize,word,を認識する，はっきりと知る,を認識する，はっきりと知る,high_school,3,2,2,動詞,2:614,1
reference,reference,word,参照，参考,参照，参考,high_school,3,2,2,名詞,2:1800,1
refuge,refuge,word,避難,避難,high_school,3,2,2;pre1,名詞,2:2286;pre1:623,2
refund,refund,word,払い戻す,払い戻す / 払い戻す，返金する,high_school,3,2,2;1,動詞,2:2153;1:37,2
regardless,regardless,word,にも関わらず，不注意で,にも関わらず，不注意で,high_school,3,2,2,副詞,2:1857,1
regime,regime,word,政権，政府,政権，政府,high_school,3,2,2,名詞,2:1441,1
reinforce,reinforce,word,強化する,強化する,high_school,3,2,2;pre1,動詞,2:2284;pre1:1555,2
relative,relative,word,相対的な，比較上の，親戚,相対的な，比較上の，親戚,high_school,3,2,2,形容詞,2:644,1
reliable,reliable,word,信頼性のある，あてになる,信頼性のある，あてになる,high_school,3,2,2,形容詞,2:545,1
relief,relief,word,安堵，軽減,安堵，軽減,high_school,3,2,2,名詞,2:1467,1
relieve,relieve,word,和らげる，軽減する,和らげる，軽減する,high_school,3,2,2;pre1,動詞,2:968;pre1:3103,2
remote,remote,word,遠い，遠隔の,遠い，遠隔の,high_school,3,2,2,形容詞,2:1735,1
renew,renew,word,を更新する，新しくする,を更新する，新しくする,high_school,3,2,2,動詞,2:620,1
republic,republic,word,共和国，共和制国家,共和国，共和制国家,high_school,3,2,2,名詞,2:1707,1
require,require,word,を必要とする，を要求する,を必要とする，を要求する,high_school,3,2,2,動詞,2:2042,1
reservation,reservation,word,予約，確保,予約，確保,high_school,3,2,2,名詞,2:798,1
resign,resign,word,辞任する,辞任する,high_school,3,2,2;pre1,動詞,2:2057;pre1:664,2
resist,resist,word,抵抗する，反発する,抵抗する，反発する,high_school,3,2,2,動詞,2:1321,1
resolve,resolve,word,解決する，を決心する,解決する，を決心する,high_school,3,2,2;pre1,動詞,2:1324;pre1:3152,2
restrain,restrain,word,抑える,抑える,high_school,3,2,2;pre1,動詞,2:2300;pre1:352,2
retail,retail,word,小売り,小売り,high_school,3,2,2;pre1,名詞,2:2070;pre1:1107,2
retain,retain,word,保持する，持ち続ける,保持する，持ち続ける,high_school,3,2,2,動詞,2:1842,1
retrieve,retrieve,word,取り戻す,取り戻す,high_school,3,2,2;pre1,動詞,2:2212;pre1:2914,2
reuse,reuse,word,を再利用する，再使用する,を再利用する，再使用する,high_school,3,2,2,動詞,2:586,1
reveal,reveal,word,明らかにする,明らかにする,high_school,3,2,2,動詞,2:2216,1
revenge,revenge,word,に復讐する/復讐,に復讐する/復讐,high_school,3,2,2,名詞,2:659,1
revise,revise,word,改訂する,改訂する,high_school,3,2,2;pre1,動詞,2:2111;pre1:1148,2
rid,rid,word,を取り除く，除去する,を取り除く，除去する,high_school,3,2,2,動詞,2:1821,1
ridiculous,ridiculous,word,ばかげている，不合理な,ばかげている，不合理な,high_school,3,2,2;pre1,形容詞,2:844;pre1:719,2
ritual,ritual,word,儀式，式典,儀式，式典,high_school,3,2,2;pre1,名詞,2:1127;pre1:3147,2
roast,roast,word,あぶり焼きにする,あぶり焼きにする,high_school,3,2,2;pre1,動詞,2:2105;pre1:133,2
rude,rude,word,失礼な，無礼な,失礼な，無礼な,high_school,3,2,2,形容詞,2:1126,1
rug,rug,word,じゅうたん，敷き物,じゅうたん，敷き物,high_school,3,2,2;pre1,名詞,2:697;pre1:1780,2
rumor,rumor,word,うわさ,うわさ,high_school,3,2,2,名詞,2:2155,1
sacrifice,sacrifice,word,犠牲，捧げ物,犠牲，捧げ物,high_school,3,2,2;pre1,名詞,2:1446;pre1:3239,2
salty,salty,word,塩辛い,塩辛い,high_school,3,2,2,形容詞,2:2268,1
sanitation,sanitation,word,衛生,衛生 / 衛生，清潔さ,high_school,3,2,2;1,名詞,2:2067;1:942,2
satisfactory,satisfactory,word,満足のいく，充足する,満足のいく，充足する,high_school,3,2,2,形容詞,2:1302,1
savage,savage,word,獰猛な,獰猛な,high_school,3,2,2;pre1,形容詞,2:2130;pre1:1341,2
scar,scar,word,傷跡，痕跡,傷跡，痕跡,high_school,1,2,2;pre1;1,名詞,2:753;pre1:859;1:1190,3
scarce,scarce,word,乏しい,乏しい / 乏しい，不足している,high_school,1,2,2;pre1;1,形容詞,2:2090;pre1:499;1:177,3
scatter,scatter,word,まき散らす，ばらまく,まき散らす，ばらまく,high_school,3,2,2;pre1,動詞,2:1313;pre1:3255,2
scholar,scholar,word,学者，研究者,学者，研究者,high_school,3,2,2,名詞,2:1820,1
scholarship,scholarship,word,奨学金,奨学金,high_school,3,2,2;pre1,名詞,2:2186;pre1:415,2
seat,seat,word,を着席させる/座席,を着席させる/座席,high_school,3,2,2,動詞,2:1045,1
secondhand,secondhand,word,中古の,中古の,high_school,3,2,2;pre1,形容詞,2:2101;pre1:1405,2
seed,seed,word,種子，種,種子，種,high_school,3,2,2,名詞,2:1223,1
select,select,word,を選び出す，を選ぶ,を選び出す，を選ぶ,high_school,3,2,2,動詞,2:1482,1
separation,separation,word,分離，区分,分離，区分,high_school,3,2,2;pre1,名詞,2:585;pre1:763,2
servant,servant,word,使用人，召使,使用人，召使,high_school,3,2,2,名詞,2:1215,1
sewage,sewage,word,下水,下水 / 下水，排水,high_school,3,2,2;1,名詞,2:2220;1:1863,2
shame,shame,word,恥，羞恥,恥，羞恥,high_school,3,2,2,名詞,2:1724,1
shed,shed,word,流す，排出する,流す，排出する,high_school,3,2,2,動詞,2:1190,1
shit,shit,word,大便，便,大便，便,high_school,3,2,2,名詞,2:1835,1
shrink,shrink,word,縮小する,縮小する,high_school,3,2,2;pre1,動詞,2:2195;pre1:495,2
similarity,similarity,word,類似点，相似,類似点，相似,high_school,3,2,2,名詞,2:1103,1
sincere,sincere,word,誠実な,誠実な / 誠実な，真剣な,high_school,1,2,2;pre1;1,形容詞,2:2251;pre1:158;1:192,3
sincerely,sincerely,word,心から，真心こめて,心から，真心こめて,high_school,3,2,2;pre1,副詞,2:790;pre1:33,2
slavery,slavery,word,奴隷制度,奴隷制度,high_school,3,2,2;pre1,名詞,2:2019;pre1:1397,2
smart,smart,word,頭の良い，きちんとした,頭の良い，きちんとした,high_school,3,2,2,形容詞,2:1188,1
snap,snap,word,パチンと鳴らす，カチンと鳴らす,パチンと鳴らす，カチンと鳴らす,high_school,3,2,2,動詞,2:1275,1
sneeze,sneeze,word,くしゃみ/くしゃみをする,くしゃみ/くしゃみをする,high_school,3,2,2;pre1,名詞/動詞;動詞,2:720;pre1:882,2
soak,soak,word,浸す,浸す / 浸す，浸漬する,high_school,1,2,2;pre1;1,動詞,2:2083;pre1:929;1:372,3
soar,soar,word,舞い上がる,舞い上がる,high_school,3,2,2;pre1,動詞,2:2097;pre1:611,2
socially,socially,word,社会的に，社会的観点から,社会的に，社会的観点から,high_school,3,2,2,副詞,2:1343,1
sole,sole,word,単独の,単独の / 単独の，単一の,high_school,1,2,2;pre1;1,形容詞,2:2027;pre1:552;1:509,3
sorrow,sorrow,word,悲しみ,悲しみ,high_school,3,2,2;pre1,名詞,2:2169;pre1:464,2
souvenir,souvenir,word,お土産,お土産,high_school,3,2,2;pre1,名詞,2:2077;pre1:1727,2
sparkle,sparkle,word,閃光,閃光,high_school,3,2,2;pre1,動詞;名詞,2:2229;pre1:504,2
sphere,sphere,word,球，球体,球，球体,high_school,3,2,2;pre1,名詞,2:658;pre1:633,2
spiritual,spiritual,word,精神の，心の,精神の，心の,high_school,3,2,2,形容詞,2:1591,1
spiritually,spiritually,word,精神的に，心の中で,精神的に，心の中で,high_school,3,2,2,副詞,2:794,1
spoil,spoil,word,台無しにする，損なう,台無しにする，損なう,high_school,3,2,2;pre1,動詞,2:1150;pre1:1946,2
spouse,spouse,word,配偶者,配偶者,high_school,3,2,2;pre1,名詞,2:2192;pre1:2007,2
spur,spur,word,刺激,刺激 / 刺激，触発,high_school,1,2,2;pre1;1,名詞,2:2131;pre1:1632;1:142,3
starve,starve,word,飢える,飢える,high_school,3,2,2;pre1,動詞,2:2140;pre1:93,2
steadily,steadily,word,着実に，確実に,着実に，確実に,high_school,3,2,2,副詞,2:1805,1
steady,steady,word,着実な，安定した,着実な，安定した,high_school,3,2,2,形容詞,2:1701,1
stem,stem,word,幹,幹,high_school,3,2,2;pre1,名詞,2:2205;pre1:3062,2
stern,stern,word,厳格な,厳格な / 厳しい，厳格な,high_school,1,2,2;pre1;1,形容詞,2:2035;pre1:748;1:774,3
stiff,stiff,word,硬い,硬い,high_school,3,2,2;pre1,形容詞,2:2062;pre1:173,2
strengthen,strengthen,word,強化する，増強する,強化する，増強する,high_school,3,2,2,動詞,2:706,1
stretch,stretch,word,広がる，拡大する,広がる，拡大する,high_school,3,2,2,動詞,2:1402,1
struggle,struggle,word,もがき苦しむ,もがき苦しむ,high_school,3,2,2,動詞,2:2080,1
stubborn,stubborn,word,頑固な,頑固な / 頑固な，固執する,high_school,1,2,2;pre1;1,形容詞,2:2279;pre1:812;1:524,3
subsequent,subsequent,word,その後の,その後の / その後の，次の,high_school,1,2,2;pre1;1,形容詞,2:2082;pre1:1753;1:12,3
substitute,substitute,word,代用品/代わりに用いる,代用品/代わりに用いる,high_school,3,2,2,名詞,2:672,1
subtle,subtle,word,微妙な，繊細な,微妙な，繊細な,high_school,3,2,2;pre1,形容詞,2:1674;pre1:3110,2
suburb,suburb,word,郊外，近郊,郊外，近郊,high_school,3,2,2,名詞,2:876,1
sue,sue,word,訴える,訴える / 訴える，訴訟を起こす,high_school,1,2,2;pre1;1,動詞,2:2011;pre1:647;1:214,3
summon,summon,word,召喚する,召喚する,high_school,3,2,2;pre1,動詞,2:2297;pre1:807,2
supervisor,supervisor,word,上司,上司 / 上司，長上,high_school,1,2,2;pre1;1,名詞,2:2079;pre1:2323;1:297,3
supplement,supplement,word,補足，追加,補足，追加,high_school,3,2,2;pre1,名詞,2:2084;pre1:930,2
supporter,supporter,word,支援者，後援者,支援者，後援者,high_school,3,2,2,名詞,2:1504,1
suppress,suppress,word,抑える，抑圧する,抑える，抑圧する,high_school,3,2,2;pre1,動詞,2:1634;pre1:3061,2
suspend,suspend,word,つるす,つるす,high_school,3,2,2;pre1,動詞,2:2204;pre1:594,2
suspicious,suspicious,word,疑わしい，怪しい,疑わしい，怪しい,high_school,3,2,2;pre1,形容詞,2:661;pre1:661,2
swallow,swallow,word,を飲み込む，嚥下する,を飲み込む，嚥下する,high_school,3,2,2,動詞,2:1595,1
sweep,sweep,word,掃く，払う,掃く，払う,high_school,3,2,2,動詞,2:1416,1
tale,tale,word,お話，物語,お話，物語,high_school,3,2,2,名詞,2:1276,1
talent,talent,word,才能，能力,才能，能力,high_school,3,2,2,名詞,2:1156,1
tame,tame,word,飼いならす,飼いならす / 飼い慣らされた，家畜化された，馴染む,high_school,1,2,2;pre1;1,動詞,2:2180;pre1:49;1:1789,3
tap,tap,word,軽くたたく，軽く打つ,軽くたたく，軽く打つ,high_school,3,2,2,動詞,2:1046,1
technical,technical,word,技術上の，専門的な,技術上の，専門的な,high_school,3,2,2,形容詞,2:1102,1
telescope,telescope,word,望遠鏡，遠望鏡,望遠鏡，遠望鏡,high_school,3,2,2,名詞,2:1160,1
terribly,terribly,word,ひどく，ものすごく,ひどく，ものすごく,high_school,3,2,2;pre1,副詞,2:856;pre1:27,2
thermometer,thermometer,word,温度計，気温計,温度計，気温計 / 温度計，体温計,high_school,1,2,2;pre1;1,名詞,2:923;pre1:794;1:1193,3
thorough,thorough,word,徹底した,徹底した,high_school,3,2,2;pre1,形容詞,2:2092;pre1:442,2
thrust,thrust,word,突き上げる,突き上げる,high_school,3,2,2;pre1,動詞,2:2048;pre1:3288,2
tide,tide,word,潮，潮流,潮，潮流,high_school,3,2,2,名詞,2:1490,1
tidy,tidy,word,きちんとした,きちんとした / きちんとした，整った,high_school,1,2,2;pre1;1,形容詞,2:2215;pre1:279;1:527,3
tip,tip,word,先，前方,先，前方,high_school,3,2,2,名詞,2:1134,1
toll,toll,word,料金,料金,high_school,3,2,2;pre1,名詞,2:2060;pre1:1770,2
tourism,tourism,word,観光，観覧,観光，観覧,high_school,3,2,2,名詞,2:768,1
toxic,toxic,word,有毒な,有毒な / 有毒な，毒性の，毒のある,high_school,1,2,2;pre1;1,形容詞,2:2243;pre1:2149;1:334,3
tragedy,tragedy,word,悲劇，悲惨な出来事,悲劇，悲惨な出来事,high_school,3,2,2,名詞,2:675,1
trait,trait,word,特性，特色,特性，特色,high_school,3,2,2,名詞,2:999,1
transaction,transaction,word,取引,取引,high_school,3,2,2;pre1,名詞,2:2061;pre1:1073,2
translation,translation,word,翻訳，訳文,翻訳，訳文,high_school,3,2,2,名詞,2:799,1
transportation,transportation,word,交通，輸送,交通，輸送,high_school,3,2,2,名詞,2:611,1
tremble,tremble,word,震える，おののく,震える，おののく,high_school,3,2,2;pre1,動詞,2:881;pre1:1386,2
tremendous,tremendous,word,非常に大きな，極めて大きい,非常に大きな，極めて大きい,high_school,3,2,2,形容詞,2:1060,1
trivial,trivial,word,取るに足らない,取るに足らない,high_school,3,2,2;pre1,形容詞,2:2091;pre1:1302,2
troop,troop,word,群れ，集団,群れ，集団,high_school,3,2,2;pre1,名詞,2:1010;pre1:3105,2
tropical,tropical,word,熱帯の，熱帯気候の,熱帯の，熱帯気候の,high_school,3,2,2,形容詞,2:902,1
tuition,tuition,word,授業料，学費,授業料，学費,high_school,3,2,2;pre1,名詞,2:2291;pre1:2592,2
tumor,tumor,word,腫瘍,腫瘍,high_school,3,2,2;pre1,名詞,2:2045;pre1:2862,2
twin,twin,word,双子，二卵性双生児,双子，二卵性双生児,high_school,3,2,2,名詞,2:1167,1
twist,twist,word,ねじれ，より合わせる,ねじれ，より合わせる,high_school,3,2,2;pre1,名詞/動詞;名詞,2:722;pre1:3162,2
ugly,ugly,word,醜い,醜い / 醜い，見苦しい,high_school,1,2,2;pre1;1,形容詞,2:2222;pre1:60;1:232,3
ultimate,ultimate,word,究極の，最後の,究極の，最後の,high_school,3,2,2,形容詞,2:1159,1
undergo,undergo,word,経験する，体験する,経験する，体験する,high_school,3,2,2;pre1,動詞,2:1811;pre1:3249,2
undertake,undertake,word,引き受ける,引き受ける,high_school,3,2,2;pre1,動詞,2:2171;pre1:840,2
unlikely,unlikely,word,起こりそうにない，ありそうもない,起こりそうにない，ありそうもない,high_school,3,2,2,形容詞,2:1839,1
unpleasant,unpleasant,word,不愉快な，不快な,不愉快な，不快な,high_school,3,2,2,形容詞,2:1587,1
unusual,unusual,word,珍しい，異常な,珍しい，異常な,high_school,3,2,2,形容詞,2:1369,1
unusually,unusually,word,異常に，めったにないほど,異常に，めったにないほど,high_school,3,2,2,副詞,2:564,1
urge,urge,word,強く促す，早める,強く促す，早める,high_school,3,2,2,動詞,2:1581;2:2093,2
utilize,utilize,word,利用する,利用する,high_school,3,2,2;pre1,動詞,2:2136;pre1:1108,2
utter,utter,word,完全な,完全な,high_school,3,2,2;pre1,形容詞,2:2033;pre1:544,2
vaccine,vaccine,word,ワクチン，予防接種,ワクチン，予防接種,high_school,3,2,2,名詞,2:555,1
vain,vain,word,うぬぼれの強い，自惚れた,うぬぼれの強い，自惚れた / うぬぼれが強い，自惚れた,high_school,1,2,2;pre1;1,形容詞,2:949;pre1:455;1:1261,3
vanish,vanish,word,消える,消える,high_school,3,2,2;pre1,動詞,2:2125;pre1:154,2
verbal,verbal,word,言葉の，語句の,言葉の，語句の,high_school,3,2,2;pre1,形容詞,2:1748;pre1:3310,2
vessel,vessel,word,容器，器,容器，器,high_school,3,2,2;pre1,名詞,2:1074;pre1:3218,2
vice,vice,word,副担当の，代理の,副担当の，代理の / 副,high_school,3,2,2;pre1,形容詞;名詞,2:1469;pre1:2934,2
virtue,virtue,word,徳，道徳,徳，道徳 / 美徳，徳,high_school,3,2,2;pre1,名詞,2:1034;pre1:2942,2
visually,visually,word,視覚的に，目で見て,視覚的に，目で見て,high_school,3,2,2,副詞,2:855,1
vivid,vivid,word,鮮やかな,鮮やかな,high_school,3,2,2;pre1,形容詞,2:2293;pre1:564,2
vocabulary,vocabulary,word,単語，語彙,単語，語彙,high_school,3,2,2,名詞,2:704,1
voluntarily,voluntarily,word,自発的に，自ら進んで,自発的に，自ら進んで,high_school,3,2,2,副詞,2:590,1
vow,vow,word,誓い,誓い,high_school,3,2,2;pre1,名詞,2:2252;pre1:588,2
voyage,voyage,word,航海，航行,航海，航行,high_school,3,2,2,名詞,2:596,1
wage,wage,word,賃金，報酬,賃金，報酬,high_school,3,2,2,名詞,2:1183,1
wan,wan,word,青ざめた，蒼白な,青ざめた，蒼白な / 青白い，元気ない,high_school,3,2,2;1,形容詞,2:1149;1:4252,2
warm,warm,word,暖かい，温暖な,暖かい，温暖な,high_school,3,2,2,形容詞,2:639,1
weigh,weigh,word,重さがある，の重さを量る,重さがある，の重さを量る,high_school,3,2,2,動詞,2:1838,1
welfare,welfare,word,福祉，幸福,福祉，幸福,high_school,3,2,2,名詞,2:663,1
whereas,whereas,word,である一方で，だが一方で,である一方で，だが一方で,high_school,3,2,2,接続詞,2:1280,1
whistle,whistle,word,口笛を吹く，口笛をする,口笛を吹く，口笛をする,high_school,3,2,2,動詞,2:595,1
withstand,withstand,word,耐える,耐える,high_school,3,2,2;pre1,動詞,2:2066;pre1:1767,2
yell,yell,word,大声で叫ぶ，大声を出す,大声で叫ぶ，大声を出す,high_school,3,2,2,動詞,2:719,1
