action,source_rank,word,lemma,pos,form_type,sense_id,meaning_ja,level,importance,category,note,note2
add,1,about,about,preposition,base,1,について、に関かんする,junior_high,1,eiken,英検語彙由来のv2正本候補。英検最小級=5。出現級=5;4。pos判定=v0_master_pos:preposition,source_refs=5:378;4:469; row_count=2
add,2,afternoon,afternoon,noun,base,1,午後ごご,junior_high,1,eiken,英検語彙由来のv2正本候補。英検最小級=5。出現級=5;4;3。pos判定=label_raw_all,source_refs=5:561;4:422;3:632; row_count=3; label_raw_all=名詞
add,3,again,again,adverb,base,1,もう一度いちど、再ふたたび、また,junior_high,1,eiken,英検語彙由来のv2正本候補。英検最小級=5。出現級=5;4;3。pos判定=label_raw_all,source_refs=5:294;4:438;3:142; row_count=3; label_raw_all=副詞
add,4,airplane,airplane,noun,base,1,飛行機ひこうき,junior_high,1,eiken,英検語彙由来のv2正本候補。英検最小級=5。出現級=5;4;3。pos判定=label_raw_all,source_refs=5:543;4:380;3:524; row_count=3; label_raw_all=名詞
add,5,all,all,adverb,base,1,全部ぜんぶ、全員ぜんいん、全すべて、みな,junior_high,1,eiken,英検語彙由来のv2正本候補。英検最小級=5。出現級=5;4。pos判定=v0_master_pos:adverb,source_refs=5:33;4:370; row_count=2
add,6,always,always,adverb,base,1,いつも,junior_high,1,eiken,英検語彙由来のv2正本候補。英検最小級=5。出現級=5;4;3。pos判定=label_raw_all,source_refs=5:392;4:593;3:457; row_count=3; label_raw_all=副詞
add,7,am,am,auxiliary,base,1,いる、ある,junior_high,1,eiken,英検語彙由来のv2正本候補。英検最小級=5。出現級=5;4。pos判定=v0_master_pos:auxiliary,source_refs=5:21;4:376; row_count=2
add,8,and,and,conjunction,base,1,～と,junior_high,1,eiken,英検語彙由来のv2正本候補。英検最小級=5。出現級=5;4。pos判定=v0_master_pos:conjunction,source_refs=5:87;4:413; row_count=2
add,9,animal,animal,noun,base,1,動物どうぶつ,junior_high,1,eiken,英検語彙由来のv2正本候補。英検最小級=5。出現級=5;4。pos判定=v0_master_pos:noun,source_refs=5:447;4:30; row_count=2
add,10,apple,apple,noun,base,1,リンゴ,junior_high,1,eiken,英検語彙由来のv2正本候補。英検最小級=5。出現級=5;4。pos判定=v0_master_pos:noun,source_refs=5:317;4:705; row_count=2
add,11,at,at,preposition,base,1,～で,junior_high,1,eiken,英検語彙由来のv2正本候補。英検最小級=5。出現級=5;4;3。pos判定=label_raw_all,source_refs=5:18;4:671;3:1163; row_count=3; label_raw_all=前置詞; meaning_ja_all=～で / で、に
add,12,autumn,autumn,noun,base,1,秋あき,junior_high,1,eiken,英検語彙由来のv2正本候補。英検最小級=5。出現級=5;4。pos判定=v0_master_pos:noun,source_refs=5:405;4:554; row_count=2
add,13,bag,bag,noun,base,1,カバン,junior_high,1,eiken,英検語彙由来のv2正本候補。英検最小級=5。出現級=5;4。pos判定=v0_master_pos:noun,source_refs=5:48;4:429; row_count=2
add,14,baseball,baseball,noun,base,1,野球やきゅう,junior_high,1,eiken,英検語彙由来のv2正本候補。英検最小級=5。出現級=5;4。pos判定=v0_master_pos:noun,source_refs=5:507;4:467; row_count=2
add,15,bath,bath,noun,base,1,風呂ふろ,junior_high,1,eiken,英検語彙由来のv2正本候補。英検最小級=5。出現級=5;4。pos判定=v0_master_pos:noun,source_refs=5:198;4:560; row_count=2
add,16,be,be,auxiliary,base,1,である,junior_high,1,eiken,英検語彙由来のv2正本候補。英検最小級=5。出現級=5;4。pos判定=v0_master_pos:auxiliary,source_refs=5:24;4:551; row_count=2
add,17,beach,beach,noun,base,1,砂浜すなはま,junior_high,1,eiken,英検語彙由来のv2正本候補。英検最小級=5。出現級=5;4。pos判定=v0_master_pos:noun,source_refs=5:363;4:561; row_count=2
add,18,bean,bean,noun,base,1,豆まめ,junior_high,1,eiken,英検語彙由来のv2正本候補。英検最小級=5。出現級=5;4。pos判定=v0_master_pos:noun,source_refs=5:254;4:703; row_count=2
add,19,bear,bear,verb,base,1,クマ,junior_high,1,eiken,英検語彙由来のv2正本候補。英検最小級=5。出現級=5;4;pre2;2。pos判定=label_raw_all,source_refs=5:208;4:411;pre2:271;2:1738; row_count=4; label_raw_all=動詞; meaning_ja_all=クマ / 我慢する，を圧迫する
add,20,beautiful,beautiful,adjective,base,1,美うつくしい,junior_high,1,eiken,英検語彙由来のv2正本候補。英検最小級=5。出現級=5;4。pos判定=v0_master_pos:adjective,source_refs=5:558;4:293; row_count=2
add,21,beef,beef,noun,base,1,牛肉ぎゅうにく,junior_high,1,eiken,英検語彙由来のv2正本候補。英検最小級=5。出現級=5;4。pos判定=v0_master_pos:noun,source_refs=5:222;4:633; row_count=2
add,22,best,best,adjective,base,1,一番いちばん良よい,junior_high,1,eiken,英検語彙由来のv2正本候補。英検最小級=5。出現級=5;4。pos判定=v0_master_pos:adverb|adjective,source_refs=5:179;4:439; row_count=2
add,23,bicycle,bicycle,noun,base,1,自転車じてんしゃ,junior_high,1,eiken,英検語彙由来のv2正本候補。英検最小級=5。出現級=5;4。pos判定=v0_master_pos:noun,source_refs=5:490;4:650; row_count=2
add,24,big,big,adjective,base,1,大おおきい,junior_high,1,eiken,英検語彙由来のv2正本候補。英検最小級=5。出現級=5;4。pos判定=v0_master_pos:adjective,source_refs=5:84;4:450; row_count=2
add,25,bike,bike,noun,base,1,自転車じてんしゃ,junior_high,1,eiken,英検語彙由来のv2正本候補。英検最小級=5。出現級=5;4。pos判定=v0_master_pos:noun,source_refs=5:256;4:579; row_count=2
add,26,bird,bird,noun,base,1,鳥とり,junior_high,1,eiken,英検語彙由来のv2正本候補。英検最小級=5。出現級=5;4。pos判定=v0_master_pos:noun,source_refs=5:176;4:445; row_count=2
add,27,birthday,birthday,noun,base,1,誕生日たんじょうび,junior_high,1,eiken,英検語彙由来のv2正本候補。英検最小級=5。出現級=5;4。pos判定=v0_master_pos:noun,source_refs=5:536;4:555; row_count=2
add,28,black,black,adjective,base,1,黒くろい,junior_high,1,eiken,英検語彙由来のv2正本候補。英検最小級=5。出現級=5;4。pos判定=v0_master_pos:adjective,source_refs=5:307;4:479; row_count=2
add,29,blue,blue,adjective,base,1,青あおい,junior_high,1,eiken,英検語彙由来のv2正本候補。英検最小級=5。出現級=5;4。pos判定=v0_master_pos:adjective,source_refs=5:168;4:478; row_count=2
add,30,body,body,noun,base,1,身体からだ,junior_high,1,eiken,英検語彙由来のv2正本候補。英検最小級=5。出現級=5;4。pos判定=v0_master_pos:noun,source_refs=5:204;4:523; row_count=2
add,31,book,book,noun,base,1,本ほん,junior_high,1,eiken,英検語彙由来のv2正本候補。英検最小級=5。出現級=5;4。pos判定=v0_master_pos:noun,source_refs=5:142;4:599; row_count=2
add,32,bookstore,bookstore,noun,base,1,本屋ほんや,junior_high,1,eiken,英検語彙由来のv2正本候補。英検最小級=5。出現級=5;4。pos判定=v0_master_pos:noun,source_refs=5:578;4:420; row_count=2
add,33,box,box,noun,base,1,箱はこ,junior_high,1,eiken,英検語彙由来のv2正本候補。英検最小級=5。出現級=5;4。pos判定=v0_master_pos:noun,source_refs=5:61;4:507; row_count=2
add,34,boy,boy,noun,base,1,少年しょうねん,junior_high,1,eiken,英検語彙由来のv2正本候補。英検最小級=5。出現級=5;4。pos判定=v0_master_pos:noun,source_refs=5:60;4:534; row_count=2
add,35,bread,bread,noun,base,1,パン,junior_high,1,eiken,英検語彙由来のv2正本候補。英検最小級=5。出現級=5;4;3。pos判定=label_raw_all,source_refs=5:299;4:489;3:596; row_count=3; label_raw_all=名詞
add,36,breakfast,breakfast,noun,base,1,朝食ちょうしょく,junior_high,1,eiken,英検語彙由来のv2正本候補。英検最小級=5。出現級=5;4;3。pos判定=label_raw_all,source_refs=5:562;4:681;3:477; row_count=3; label_raw_all=名詞
add,37,bridge,bridge,noun,base,1,橋はし,junior_high,1,eiken,英検語彙由来のv2正本候補。英検最小級=5。出現級=5;4;3。pos判定=label_raw_all,source_refs=5:437;4:367;3:771; row_count=3; label_raw_all=名詞
add,38,brother,brother,noun,base,1,兄弟きょうだい,junior_high,1,eiken,英検語彙由来のv2正本候補。英検最小級=5。出現級=5;4。pos判定=v0_master_pos:noun,source_refs=5:480;4:437; row_count=2
add,39,brown,brown,adjective,base,1,茶色ちゃいろの,junior_high,1,eiken,英検語彙由来のv2正本候補。英検最小級=5。出現級=5;4。pos判定=v0_master_pos:adjective,source_refs=5:320;4:690; row_count=2
add,40,brush,brush,verb,base,1,をみがく,junior_high,1,eiken,英検語彙由来のv2正本候補。英検最小級=5。出現級=5;4;3。pos判定=label_raw_all,source_refs=5:353;4:576;3:475; row_count=3; label_raw_all=動詞; meaning_ja_all=をみがく / を磨みがく
add,41,busy,busy,adjective,base,1,忙いそがしい,junior_high,1,eiken,英検語彙由来のv2正本候補。英検最小級=5。出現級=5;4;3。pos判定=label_raw_all,source_refs=5:169;4:644;3:320; row_count=3; label_raw_all=形容詞
add,42,buy,buy,verb,base,1,買かう,junior_high,1,eiken,英検語彙由来のv2正本候補。英検最小級=5。出現級=5;4;3。pos判定=label_raw_all,source_refs=5:66;4:283;3:343; row_count=3; label_raw_all=動詞
add,43,by,by,preposition,base,1,のそばに、によって,junior_high,1,eiken,英検語彙由来のv2正本候補。英検最小級=5。出現級=5;4;3。pos判定=label_raw_all,source_refs=5:23;4:237;3:61; row_count=3; label_raw_all=前置詞
add,44,cake,cake,noun,base,1,ケーキ,junior_high,1,eiken,英検語彙由来のv2正本候補。英検最小級=5。出現級=5;4。pos判定=v0_master_pos:noun,source_refs=5:153;4:220; row_count=2
add,45,can,can,auxiliary,base,1,～できる,junior_high,1,eiken,英検語彙由来のv2正本候補。英検最小級=5。出現級=5;4。pos判定=v0_master_pos:auxiliary|noun,source_refs=5:100;4:407; row_count=2
add,46,cap,cap,noun,base,1,帽子ぼうし,junior_high,1,eiken,英検語彙由来のv2正本候補。英検最小級=5。出現級=5;4。pos判定=v0_master_pos:noun,source_refs=5:64;4:583; row_count=2
add,47,car,car,noun,base,1,自動車じどうしゃ,junior_high,1,eiken,英検語彙由来のv2正本候補。英検最小級=5。出現級=5;4。pos判定=v0_master_pos:noun,source_refs=5:54;4:399; row_count=2
add,48,cat,cat,noun,base,1,猫ねこ,junior_high,1,eiken,英検語彙由来のv2正本候補。英検最小級=5。出現級=5;4。pos判定=v0_master_pos:noun,source_refs=5:74;4:494; row_count=2
add,49,chair,chair,noun,base,1,椅子いす,junior_high,1,eiken,英検語彙由来のv2正本候補。英検最小級=5。出現級=5;4。pos判定=v0_master_pos:noun,source_refs=5:263;4:492; row_count=2
add,50,chicken,chicken,noun,base,1,鶏肉とりにく,junior_high,1,eiken,英検語彙由来のv2正本候補。英検最小級=5。出現級=5;4。pos判定=v0_master_pos:noun,source_refs=5:494;4:622; row_count=2
add,51,city,city,noun,base,1,市し,junior_high,1,eiken,英検語彙由来のv2正本候補。英検最小級=5。出現級=5;4。pos判定=v0_master_pos:noun,source_refs=5:164;4:713; row_count=2
add,52,classmate,classmate,noun,base,1,同級生どうきゅうせい,junior_high,1,eiken,英検語彙由来のv2正本候補。英検最小級=5。出現級=5;4。pos判定=v0_master_pos:noun,source_refs=5:579;4:556; row_count=2
add,53,classroom,classroom,noun,base,1,教室きょうしつ,junior_high,1,eiken,英検語彙由来のv2正本候補。英検最小級=5。出現級=5;4。pos判定=v0_master_pos:noun,source_refs=5:571;4:608; row_count=2
add,54,clean,clean,adjective,base,1,きれいな,junior_high,1,eiken,英検語彙由来のv2正本候補。英検最小級=5。出現級=5;4;3。pos判定=label_raw_all,source_refs=5:343;4:563;3:265; row_count=3; label_raw_all=形容詞
add,55,clock,clock,noun,base,1,置おき時計どけい,junior_high,1,eiken,英検語彙由来のv2正本候補。英検最小級=5。出現級=5;4;3。pos判定=label_raw_all,source_refs=5:335;4:532;3:138; row_count=3; label_raw_all=名詞
add,56,clothes,clothes,noun,base,1,服ふく,junior_high,1,eiken,英検語彙由来のv2正本候補。英検最小級=5。出現級=5;4;3。pos判定=label_raw_all,source_refs=5:493;4:400;3:204; row_count=3; label_raw_all=名詞
add,57,cloudy,cloudy,adjective,base,1,曇くもった,junior_high,1,eiken,英検語彙由来のv2正本候補。英検最小級=5。出現級=5;4;3。pos判定=label_raw_all,source_refs=5:430;4:207;3:323; row_count=3; label_raw_all=形容詞
add,58,cold,cold,adjective,base,1,冷つめたい,junior_high,1,eiken,英検語彙由来のv2正本候補。英検最小級=5。出現級=5;4;3。pos判定=label_raw_all,source_refs=5:132;4:456;3:260; row_count=3; label_raw_all=形容詞
add,59,color,color,noun,base,1,色いろ,junior_high,1,eiken,英検語彙由来のv2正本候補。英検最小級=5。出現級=5;4;3。pos判定=label_raw_all,source_refs=5:267;4:605;3:631; row_count=3; label_raw_all=名詞
add,60,cook,cook,verb,base,1,料理りょうりする,junior_high,1,eiken,英検語彙由来のv2正本候補。英検最小級=5。出現級=5;4;3。pos判定=label_raw_all,source_refs=5:155;4:546;3:147; row_count=3; label_raw_all=動詞
add,61,cool,cool,adjective,base,1,かっこいい，すずしい,junior_high,1,eiken,英検語彙由来のv2正本候補。英検最小級=5。出現級=5;4。pos判定=v0_master_pos:adjective,source_refs=5:159;4:651; row_count=2; meaning_ja_all=かっこいい，すずしい / かっこいい、すずしい
add,62,country,country,noun,base,1,国くに,junior_high,1,eiken,英検語彙由来のv2正本候補。英検最小級=5。出現級=5;4;3。pos判定=label_raw_all,source_refs=5:477;4:418;3:392; row_count=3; label_raw_all=名詞
add,63,cow,cow,noun,base,1,ウシ,junior_high,1,eiken,英検語彙由来のv2正本候補。英検最小級=5。出現級=5;4。pos判定=v0_master_pos:noun,source_refs=5:73;4:419; row_count=2
add,64,cup,cup,noun,base,1,カップ,junior_high,1,eiken,英検語彙由来のv2正本候補。英検最小級=5。出現級=5;4。pos判定=v0_master_pos:noun,source_refs=5:51;4:692; row_count=2
add,65,cute,cute,adjective,base,1,可愛かわいい,junior_high,1,eiken,英検語彙由来のv2正本候補。英検最小級=5。出現級=5;4。pos判定=v0_master_pos:adjective,source_refs=5:246;4:597; row_count=2
add,66,date,date,noun,base,1,日付ひづけ,junior_high,1,eiken,英検語彙由来のv2正本候補。英検最小級=5。出現級=5;4;3。pos判定=label_raw_all,source_refs=5:211;4:590;3:446; row_count=3; label_raw_all=名詞
add,67,day,day,noun,base,1,日ひ,junior_high,1,eiken,英検語彙由来のv2正本候補。英検最小級=5。出現級=5;4。pos判定=v0_master_pos:noun,source_refs=5:56;4:577; row_count=2
add,68,delicious,delicious,adjective,base,1,おいしい,junior_high,1,eiken,英検語彙由来のv2正本候補。英検最小級=5。出現級=5;4;3。pos判定=label_raw_all,source_refs=5:576;4:276;3:65; row_count=3; label_raw_all=形容詞; meaning_ja_all=おいしい / 美味おいしい
add,69,desk,desk,noun,base,1,机つくえ,junior_high,1,eiken,英検語彙由来のv2正本候補。英検最小級=5。出現級=5;4。pos判定=v0_master_pos:noun,source_refs=5:185;4:296; row_count=2
add,70,dictionary,dictionary,noun,base,1,辞書じしょ,junior_high,1,eiken,英検語彙由来のv2正本候補。英検最小級=5。出現級=5;4;3。pos判定=label_raw_all,source_refs=5:589;4:673;3:120; row_count=3; label_raw_all=名詞
add,71,different,different,adjective,base,1,違ちがった,junior_high,1,eiken,英検語彙由来のv2正本候補。英検最小級=5。出現級=5;4;3。pos判定=label_raw_all,source_refs=5:574;4:61;3:28; row_count=3; label_raw_all=形容詞
add,72,difficult,difficult,adjective,base,1,難むずかしい,junior_high,1,eiken,英検語彙由来のv2正本候補。英検最小級=5。出現級=5;4;3。pos判定=label_raw_all,source_refs=5:568;4:521;3:125; row_count=3; label_raw_all=形容詞
add,73,dinner,dinner,noun,base,1,夕食ゆうしょく,junior_high,1,eiken,英検語彙由来のv2正本候補。英検最小級=5。出現級=5;4;3。pos判定=label_raw_all,source_refs=5:398;4:421;3:480; row_count=3; label_raw_all=名詞
add,74,dish,dish,noun,base,1,皿さら,junior_high,1,eiken,英検語彙由来のv2正本候補。英検最小級=5。出現級=5;4。pos判定=v0_master_pos:noun,source_refs=5:197;4:501; row_count=2
add,75,do,do,auxiliary,base,1,する,junior_high,1,eiken,英検語彙由来のv2正本候補。英検最小級=5。出現級=5;4。pos判定=v0_master_pos:verb|auxiliary,source_refs=5:4;4:252; row_count=2
add,76,doctor,doctor,noun,base,1,医者いしゃ,junior_high,1,eiken,英検語彙由来のv2正本候補。英検最小級=5。出現級=5;4;3。pos判定=label_raw_all,source_refs=5:411;4:364;3:518; row_count=3; label_raw_all=名詞
add,77,dog,dog,noun,base,1,イヌ,junior_high,1,eiken,英検語彙由来のv2正本候補。英検最小級=5。出現級=5;4。pos判定=v0_master_pos:noun,source_refs=5:67;4:652; row_count=2
add,78,down,down,adverb,base,1,下したに,junior_high,1,eiken,英検語彙由来のv2正本候補。英検最小級=5。出現級=5;4。pos判定=v0_master_pos:adverb,source_refs=5:247;4:433; row_count=2
add,79,drama,drama,noun,base,1,劇げき,junior_high,1,eiken,英検語彙由来のv2正本候補。英検最小級=5。出現級=5;4。pos判定=v0_master_pos:noun,source_refs=5:376;4:685; row_count=2
add,80,draw,draw,verb,base,1,描えがく,junior_high,1,eiken,英検語彙由来のv2正本候補。英検最小級=5。出現級=5;4;3;pre2;2。pos判定=label_raw_all,source_refs=5:202;4:106;3:315;pre2:521;2:897; row_count=5; label_raw_all=動詞; meaning_ja_all=描えがく / 描く，引っ張る
add,81,dream,dream,noun,base,1,夢ゆめ,junior_high,1,eiken,英検語彙由来のv2正本候補。英検最小級=5。出現級=5;4。pos判定=v0_master_pos:noun,source_refs=5:328;4:424; row_count=2
add,82,drink,drink,verb,base,1,飲のむ,junior_high,1,eiken,英検語彙由来のv2正本候補。英検最小級=5。出現級=5;4。pos判定=v0_master_pos:verb,source_refs=5:271;4:217; row_count=2
add,83,drum,drum,noun,base,1,太鼓たいこ,junior_high,1,eiken,英検語彙由来のv2正本候補。英検最小級=5。出現級=5;4。pos判定=v0_master_pos:noun,source_refs=5:251;4:392; row_count=2
add,84,ear,ear,noun,base,1,耳みみ,junior_high,1,eiken,英検語彙由来のv2正本候補。英検最小級=5。出現級=5;4。pos判定=v0_master_pos:noun,source_refs=5:94;4:515; row_count=2
add,85,easy,easy,adjective,base,1,簡単かんたんな,junior_high,1,eiken,英検語彙由来のv2正本候補。英検最小級=5。出現級=5;4。pos判定=v0_master_pos:adjective,source_refs=5:175;4:480; row_count=2
add,86,eat,eat,verb,base,1,食たべる,junior_high,1,eiken,英検語彙由来のv2正本候補。英検最小級=5。出現級=5;4。pos判定=v0_master_pos:verb,source_refs=5:44;4:477; row_count=2
add,87,egg,egg,noun,base,1,卵たまご,junior_high,1,eiken,英検語彙由来のv2正本候補。英検最小級=5。出現級=5;4。pos判定=v0_master_pos:noun,source_refs=5:80;4:527; row_count=2
add,88,eight,eight,numeral,base,1,8,junior_high,1,eiken,英検語彙由来のv2正本候補。英検最小級=5。出現級=5;4。pos判定=v0_master_pos:numeral,source_refs=5:315;4:371; row_count=2
add,89,eighteen,eighteen,numeral,base,1,18,junior_high,1,eiken,英検語彙由来のv2正本候補。英検最小級=5。出現級=5;4。pos判定=v0_master_pos:numeral,source_refs=5:516;4:257; row_count=2
add,90,eighty,eighty,numeral,base,1,80,junior_high,1,eiken,英検語彙由来のv2正本候補。英検最小級=5。出現級=5;4。pos判定=v0_master_pos:numeral,source_refs=5:410;4:449; row_count=2
add,91,eleven,eleven,numeral,base,1,11,junior_high,1,eiken,英検語彙由来のv2正本候補。英検最小級=5。出現級=5;4。pos判定=v0_master_pos:numeral,source_refs=5:395;4:655; row_count=2
add,92,enjoy,enjoy,verb,base,1,楽たのしむ,junior_high,1,eiken,英検語彙由来のv2正本候補。英検最小級=5。出現級=5;4;3。pos判定=label_raw_all,source_refs=5:289;4:369;3:12; row_count=3; label_raw_all=動詞
add,93,evening,evening,noun,base,1,夕方ゆうがた,junior_high,1,eiken,英検語彙由来のv2正本候補。英検最小級=5。出現級=5;4。pos判定=v0_master_pos:noun,source_refs=5:489;4:401; row_count=2
add,94,event,event,noun,base,1,出来事できごと,junior_high,1,eiken,英検語彙由来のv2正本候補。英検最小級=5。出現級=5;4。pos判定=v0_master_pos:noun,source_refs=5:351;4:211; row_count=2
add,95,everyone,everyone,pronoun,base,1,みんな,junior_high,1,eiken,英検語彙由来のv2正本候補。英検最小級=5。出現級=5;4;3。pos判定=label_raw_all_multi:pronoun|noun,source_refs=5:525;4:278;3:459; row_count=3; label_raw_all=代名詞
add,96,excuse,excuse,noun,base,1,許ゆるす,junior_high,1,eiken,英検語彙由来のv2正本候補。英検最小級=5。出現級=5;4;3;pre2;2。pos判定=label_raw_all_multi:noun|verb,source_refs=5:445;4:612;3:1209;pre2:340;2:175; row_count=5; label_raw_all=動詞;名詞; meaning_ja_all=許ゆるす / 言い訳，弁解/を許す
add,97,eye,eye,noun,base,1,目め,junior_high,1,eiken,英検語彙由来のv2正本候補。英検最小級=5。出現級=5;4。pos判定=v0_master_pos:noun,source_refs=5:102;4:706; row_count=2
add,98,face,face,noun,base,1,顔かお,junior_high,1,eiken,英検語彙由来のv2正本候補。英検最小級=5。出現級=5;4;3;pre2;2。pos判定=label_raw_all_multi:noun|verb,source_refs=5:217;4:55;3:150;pre2:994;2:1172; row_count=5; label_raw_all=名詞;動詞; meaning_ja_all=顔かお / 直面する/顔
add,99,fall,fall,verb,base,1,落おちる，降おりる,junior_high,1,eiken,英検語彙由来のv2正本候補。英検最小級=5。出現級=5;4;3。pos判定=label_raw_all,source_refs=5:205;4:83;3:1023; row_count=3; label_raw_all=動詞; meaning_ja_all=落おちる，降おりる / 落おちる
add,100,family,family,noun,base,1,家族かぞく,junior_high,1,eiken,英検語彙由来のv2正本候補。英検最小級=5。出現級=5;4。pos判定=v0_master_pos:noun,source_refs=5:402;4:241; row_count=2
add,101,famous,famous,adjective,base,1,有名ゆうめいな,junior_high,1,eiken,英検語彙由来のv2正本候補。英検最小級=5。出現級=5;4;3;pre2;2。pos判定=label_raw_all,source_refs=5:427;4:272;3:1;pre2:811;2:1885; row_count=5; label_raw_all=形容詞; meaning_ja_all=有名ゆうめいな / 有名な，著名な
add,102,farmer,farmer,noun,base,1,農家のうか,junior_high,1,eiken,英検語彙由来のv2正本候補。英検最小級=5。出現級=5;4;3。pos判定=label_raw_all,source_refs=5:438;4:126;3:605; row_count=3; label_raw_all=名詞
add,103,fast,fast,adjective,base,1,速はやい,junior_high,1,eiken,英検語彙由来のv2正本候補。英検最小級=5。出現級=5;4;3。pos判定=label_raw_all,source_refs=5:161;4:263;3:505; row_count=3; label_raw_all=形容詞
add,104,father,father,noun,base,1,父親ちちおや,junior_high,1,eiken,英検語彙由来のv2正本候補。英検最小級=5。出現級=5;4。pos判定=v0_master_pos:noun,source_refs=5:381;4:28; row_count=2
add,105,favorite,favorite,adjective,base,1,お気きに入いりの,junior_high,1,eiken,英検語彙由来のv2正本候補。英検最小級=5。出現級=5;4;3;pre2;2。pos判定=label_raw_all,source_refs=5:529;4:289;3:13;pre2:205;2:1928; row_count=5; label_raw_all=形容詞; meaning_ja_all=お気きに入いりの / 特に好きな，お気に入りの
add,106,festival,festival,noun,base,1,祭まつり,junior_high,1,eiken,英検語彙由来のv2正本候補。英検最小級=5。出現級=5;4;3。pos判定=label_raw_all,source_refs=5:538;4:247;3:72; row_count=3; label_raw_all=名詞
add,107,fifteen,fifteen,numeral,base,1,15,junior_high,1,eiken,英検語彙由来のv2正本候補。英検最小級=5。出現級=5;4。pos判定=v0_master_pos:numeral,source_refs=5:481;4:295; row_count=2
add,108,fifty,fifty,numeral,base,1,50,junior_high,1,eiken,英検語彙由来のv2正本候補。英検最小級=5。出現級=5;4。pos判定=v0_master_pos:numeral,source_refs=5:280;4:273; row_count=2
add,109,fine,fine,adjective,base,1,元気げんきな、晴はれた,junior_high,1,eiken,英検語彙由来のv2正本候補。英検最小級=5。出現級=5;4。pos判定=v0_master_pos:adjective|adverb,source_refs=5:125;4:431; row_count=2
add,110,first,first,ordinal,base,1,1番目ばんめ,junior_high,1,eiken,英検語彙由来のv2正本候補。英検最小級=5。出現級=5;4。pos判定=v0_master_pos:ordinal,source_refs=5:346;4:153; row_count=2
add,111,fish,fish,noun,base,1,魚さかな,junior_high,1,eiken,英検語彙由来のv2正本候補。英検最小級=5。出現級=5;4。pos判定=v0_master_pos:noun,source_refs=5:138;4:29; row_count=2
add,112,five,five,numeral,base,1,5,junior_high,1,eiken,英検語彙由来のv2正本候補。英検最小級=5。出現級=5;4。pos判定=v0_master_pos:numeral,source_refs=5:156;4:27; row_count=2
add,113,flower,flower,noun,base,1,花はな,junior_high,1,eiken,英検語彙由来のv2正本候補。英検最小級=5。出現級=5;4。pos判定=v0_master_pos:noun,source_refs=5:399;4:306; row_count=2
add,114,food,food,noun,base,1,食べ物たべもの,junior_high,1,eiken,英検語彙由来のv2正本候補。英検最小級=5。出現級=5;4;3。pos判定=label_raw_all,source_refs=5:231;4:242;3:261; row_count=3; label_raw_all=名詞; meaning_ja_all=食べ物たべもの / 食たべ物もの
add,115,for,for,preposition,base,1,のために,junior_high,1,eiken,英検語彙由来のv2正本候補。英検最小級=5。出現級=5;4。pos判定=v0_master_pos:preposition,source_refs=5:106;4:298; row_count=2
add,116,forty,forty,numeral,base,1,40,junior_high,1,eiken,英検語彙由来のv2正本候補。英検最小級=5。出現級=5;4。pos判定=v0_master_pos:numeral,source_refs=5:312;4:250; row_count=2
add,117,four,four,numeral,base,1,4,junior_high,1,eiken,英検語彙由来のv2正本候補。英検最小級=5。出現級=5;4。pos判定=v0_master_pos:numeral,source_refs=5:149;4:299; row_count=2
add,118,fourteen,fourteen,numeral,base,1,14,junior_high,1,eiken,英検語彙由来のv2正本候補。英検最小級=5。出現級=5;4。pos判定=v0_master_pos:numeral,source_refs=5:513;4:214; row_count=2
add,119,friend,friend,noun,base,1,友達ともだち,junior_high,1,eiken,英検語彙由来のv2正本候補。英検最小級=5。出現級=5;4。pos判定=v0_master_pos:noun,source_refs=5:412;4:224; row_count=2
add,120,frog,frog,noun,base,1,カエル,junior_high,1,eiken,英検語彙由来のv2正本候補。英検最小級=5。出現級=5;4。pos判定=v0_master_pos:noun,source_refs=5:237;4:227; row_count=2
add,121,from,from,preposition,base,1,～から,junior_high,1,eiken,英検語彙由来のv2正本候補。英検最小級=5。出現級=5;4。pos判定=v0_master_pos:preposition,source_refs=5:250;4:281; row_count=2
add,122,fruit,fruit,noun,base,1,果物くだもの,junior_high,1,eiken,英検語彙由来のv2正本候補。英検最小級=5。出現級=5;4。pos判定=v0_master_pos:noun,source_refs=5:257;4:213; row_count=2
add,123,fun,fun,noun,base,1,楽たのしみ,junior_high,1,eiken,英検語彙由来のv2正本候補。英検最小級=5。出現級=5;4;3。pos判定=label_raw_all,source_refs=5:89;4:300;3:276; row_count=3; label_raw_all=名詞
add,124,funny,funny,adjective,base,1,可笑おかしい,junior_high,1,eiken,英検語彙由来のv2正本候補。英検最小級=5。出現級=5;4。pos判定=v0_master_pos:adjective,source_refs=5:361;4:246; row_count=2
add,125,future,future,noun,base,1,未来みらい,junior_high,1,eiken,英検語彙由来のv2正本候補。英検最小級=5。出現級=5;4;3。pos判定=label_raw_all,source_refs=5:448;4:35;3:610; row_count=3; label_raw_all=名詞
add,126,garbage,garbage,noun,base,1,ゴミ,junior_high,1,eiken,英検語彙由来のv2正本候補。英検最小級=5。出現級=5;4;pre2;2。pos判定=label_raw_all,source_refs=5:473;4:236;pre2:1420;2:392; row_count=4; label_raw_all=名詞; meaning_ja_all=ゴミ / 生ゴミ，くず
add,127,get,get,verb,base,1,得える,junior_high,1,eiken,英検語彙由来のv2正本候補。英検最小級=5。出現級=5;4;3。pos判定=label_raw_all,source_refs=5:57;4:308;3:151; row_count=3; label_raw_all=動詞
add,128,girl,girl,noun,base,1,少女しょうじょ,junior_high,1,eiken,英検語彙由来のv2正本候補。英検最小級=5。出現級=5;4。pos判定=v0_master_pos:noun,source_refs=5:191;4:287; row_count=2
add,129,go,go,verb,base,1,行いく,junior_high,1,eiken,英検語彙由来のv2正本候補。英検最小級=5。出現級=5;4。pos判定=v0_master_pos:verb,source_refs=5:15;4:253; row_count=2
add,130,good,good,adjective,base,1,良よい,junior_high,1,eiken,英検語彙由来のv2正本候補。英検最小級=5。出現級=5;4。pos判定=v0_master_pos:adjective,source_refs=5:192;4:239; row_count=2
add,131,grandfather,grandfather,noun,base,1,祖父そふ,junior_high,1,eiken,英検語彙由来のv2正本候補。英検最小級=5。出現級=5;4;3。pos判定=label_raw_all,source_refs=5:599;4:549;3:277; row_count=3; label_raw_all=名詞
add,132,grandmother,grandmother,noun,base,1,祖母そぼ,junior_high,1,eiken,英検語彙由来のv2正本候補。英検最小級=5。出現級=5;4;3。pos判定=label_raw_all,source_refs=5:597;4:102;3:516; row_count=3; label_raw_all=名詞
add,133,grape,grape,noun,base,1,ブドウ,junior_high,1,eiken,英検語彙由来のv2正本候補。英検最小級=5。出現級=5;4。pos判定=v0_master_pos:noun,source_refs=5:356;4:297; row_count=2
add,134,great,great,adjective,base,1,素晴すばらしい、広大こうだいな,junior_high,1,eiken,英検語彙由来のv2正本候補。英検最小級=5。出現級=5;4。pos判定=v0_master_pos:adjective,source_refs=5:333;4:244; row_count=2
add,135,green,green,adjective,base,1,緑みどり,junior_high,1,eiken,英検語彙由来のv2正本候補。英検最小級=5。出現級=5;4。pos判定=v0_master_pos:adjective,source_refs=5:279;4:234; row_count=2
add,136,guess,guess,verb,base,1,推測すいそくする,junior_high,1,eiken,英検語彙由来のv2正本候補。英検最小級=5。出現級=5;4;3;pre2;2。pos判定=label_raw_all,source_refs=5:355;4:210;3:166;pre2:721;2:1743; row_count=5; label_raw_all=動詞; meaning_ja_all=推測すいそくする / 推測する，予想する
add,137,hand,hand,noun,base,1,手て,junior_high,1,eiken,英検語彙由来のv2正本候補。英検最小級=5。出現級=5;4;3。pos判定=label_raw_all,source_refs=5:158;4:304;3:387; row_count=3; label_raw_all=名詞
add,138,happy,happy,adjective,base,1,幸福こうふくな,junior_high,1,eiken,英検語彙由来のv2正本候補。英検最小級=5。出現級=5;4。pos判定=v0_master_pos:adjective,source_refs=5:281;4:282; row_count=2
add,139,hard,hard,adverb,base,1,一生懸命いっしょうけんめいに,junior_high,1,eiken,英検語彙由来のv2正本候補。英検最小級=5。出現級=5;4;3。pos判定=label_raw_all,source_refs=5:243;5:244;4:465;3:310; row_count=4; label_raw_all=副詞; meaning_ja_all=一生懸命いっしょうけんめいに / 固かたい
add,140,hat,hat,noun,base,1,帽子ぼうし,junior_high,1,eiken,英検語彙由来のv2正本候補。英検最小級=5。出現級=5;4;3。pos判定=label_raw_all,source_refs=5:99;4:405;3:479; row_count=3; label_raw_all=名詞
add,141,have,have,auxiliary,base,1,持もっている,junior_high,1,eiken,英検語彙由来のv2正本候補。英検最小級=5。出現級=5;4。pos判定=v0_master_pos:verb|auxiliary,source_refs=5:139;4:285; row_count=2
add,142,he,he,pronoun,base,1,彼かれは,junior_high,1,eiken,英検語彙由来のv2正本候補。英検最小級=5。出現級=5;4。pos判定=v0_master_pos:pronoun,source_refs=5:7;4:205; row_count=2; meaning_ja_all=彼かれは / 彼は
add,143,head,head,noun,base,1,頭あたま,junior_high,1,eiken,英検語彙由来のv2正本候補。英検最小級=5。出現級=5;4;3。pos判定=label_raw_all,source_refs=5:230;4:256;3:386; row_count=3; label_raw_all=名詞
add,144,heart,heart,noun,base,1,心こころ,junior_high,1,eiken,英検語彙由来のv2正本候補。英検最小級=5。出現級=5;4;3。pos判定=label_raw_all,source_refs=5:323;4:91;3:1124; row_count=3; label_raw_all=名詞
add,145,help,help,verb,base,1,助たすける,junior_high,1,eiken,英検語彙由来のv2正本候補。英検最小級=5。出現級=5;4。pos判定=v0_master_pos:verb,source_refs=5:172;4:233; row_count=2
add,146,here,here,adverb,base,1,ここに,junior_high,1,eiken,英検語彙由来のv2正本候補。英検最小級=5。出現級=5;4;3。pos判定=label_raw_all,source_refs=5:129;4:235;3:468; row_count=3; label_raw_all=副詞
add,147,homework,homework,noun,base,1,宿題しゅくだい,junior_high,1,eiken,英検語彙由来のv2正本候補。英検最小級=5。出現級=5;4。pos判定=v0_master_pos:noun,source_refs=5:519;4:260; row_count=2
add,148,horse,horse,noun,base,1,馬うま,junior_high,1,eiken,英検語彙由来のv2正本候補。英検最小級=5。出現級=5;4;3。pos判定=label_raw_all,source_refs=5:340;4:642;3:637; row_count=3; label_raw_all=名詞
add,149,hospital,hospital,noun,base,1,病院びょういん,junior_high,1,eiken,英検語彙由来のv2正本候補。英検最小級=5。出現級=5;4;3。pos判定=label_raw_all,source_refs=5:506;4:270;3:546; row_count=3; label_raw_all=名詞
add,150,hot,hot,adjective,base,1,暑あつい,junior_high,1,eiken,英検語彙由来のv2正本候補。英検最小級=5。出現級=5;4。pos判定=v0_master_pos:adjective,source_refs=5:53;4:243; row_count=2
add,151,house,house,noun,base,1,家いえ,junior_high,1,eiken,英検語彙由来のv2正本候補。英検最小級=5。出現級=5;4。pos判定=v0_master_pos:noun,source_refs=5:297;4:301; row_count=2
add,152,how,how,adverb,base,1,どのぐらい,junior_high,1,eiken,英検語彙由来のv2正本候補。英検最小級=5。出現級=5;4;3。pos判定=label_raw_all,source_refs=5:31;4:198;3:238; row_count=3; label_raw_all=副詞
add,153,hundred,hundred,noun,base,1,百ひゃく,junior_high,1,eiken,英検語彙由来のv2正本候補。英検最小級=5。出現級=5;4;3。pos判定=label_raw_all,source_refs=5:496;4:97;3:902; row_count=3; label_raw_all=名詞
add,154,hungry,hungry,adjective,base,1,空腹くうふくの,junior_high,1,eiken,英検語彙由来のv2正本候補。英検最小級=5。出現級=5;4;3。pos判定=label_raw_all,source_refs=5:385;4:670;3:466; row_count=3; label_raw_all=形容詞
add,155,in,in,preposition,base,1,中なかに,junior_high,1,eiken,英検語彙由来のv2正本候補。英検最小級=5。出現級=5;4。pos判定=v0_master_pos:preposition,source_refs=5:5;4:537; row_count=2
add,156,is,is,auxiliary,base,1,ある、いる,junior_high,1,eiken,英検語彙由来のv2正本候補。英検最小級=5。出現級=5;4。pos判定=v0_master_pos:auxiliary,source_refs=5:14;4:632; row_count=2
add,157,island,island,noun,base,1,島しま,junior_high,1,eiken,英検語彙由来のv2正本候補。英検最小級=5。出現級=5;4;3;2。pos判定=label_raw_all,source_refs=5:444;4:103;3:666;2:888; row_count=4; label_raw_all=名詞; meaning_ja_all=島しま / 島，島々
add,158,it,it,pronoun,base,1,それは,junior_high,1,eiken,英検語彙由来のv2正本候補。英検最小級=5。出現級=5;4。pos判定=v0_master_pos:pronoun,source_refs=5:8;4:171;4:204; row_count=3
add,159,job,job,noun,base,1,仕事しごと,junior_high,1,eiken,英検語彙由来のv2正本候補。英検最小級=5。出現級=5;4。pos判定=v0_master_pos:noun,source_refs=5:90;4:414; row_count=2
add,160,join,join,verb,base,1,参加さんかする,junior_high,1,eiken,英検語彙由来のv2正本候補。英検最小級=5。出現級=5;4;3。pos判定=label_raw_all,source_refs=5:207;4:457;3:19; row_count=3; label_raw_all=動詞
add,161,jump,jump,verb,base,1,跳とぶ,junior_high,1,eiken,英検語彙由来のv2正本候補。英検最小級=5。出現級=5;4。pos判定=v0_master_pos:verb,source_refs=5:220;4:658; row_count=2
add,162,kind,kind,noun,base,1,種類しゅるい,junior_high,1,eiken,英検語彙由来のv2正本候補。英検最小級=5。出現級=5;4;3。pos判定=label_raw_all,source_refs=5:195;4:71;3:593; row_count=3; label_raw_all=名詞
add,163,king,king,noun,base,1,王様おうさま,junior_high,1,eiken,英検語彙由来のv2正本候補。英検最小級=5。出現級=5。pos判定=v0_master_pos:noun,source_refs=5:233; row_count=1
add,164,knee,knee,noun,base,1,ひざ,junior_high,1,eiken,英検語彙由来のv2正本候補。英検最小級=5。出現級=5;4;pre2;2。pos判定=label_raw_all,source_refs=5:238;4:565;pre2:681;2:365; row_count=4; label_raw_all=名詞; meaning_ja_all=ひざ / 膝
add,165,know,know,verb,base,1,知しっている,junior_high,1,eiken,英検語彙由来のv2正本候補。英検最小級=5。出現級=5;4;3。pos判定=label_raw_all,source_refs=5:140;4:500;3:630; row_count=3; label_raw_all=動詞
add,166,lake,lake,noun,base,1,湖みずうみ,junior_high,1,eiken,英検語彙由来のv2正本候補。英検最小級=5。出現級=5;4;3。pos判定=label_raw_all,source_refs=5:210;4:66;3:155; row_count=3; label_raw_all=名詞
add,167,large,large,adjective,base,1,大おおきい、広ひろい,junior_high,1,eiken,英検語彙由来のv2正本候補。英検最小級=5。出現級=5;4;3。pos判定=label_raw_all,source_refs=5:287;4:365;3:193; row_count=3; label_raw_all=形容詞
add,168,leave,leave,verb,base,1,去さる，残のこす，置おいて行いく,junior_high,1,eiken,英検語彙由来のv2正本候補。英検最小級=5。出現級=5;4;3。pos判定=label_raw_all,source_refs=5:284;4:435;3:23; row_count=3; label_raw_all=動詞; meaning_ja_all=去さる，残のこす，置おいて行いく / 去さる、残のこす、置おいて行いく
add,169,leg,leg,noun,base,1,脚あし,junior_high,1,eiken,英検語彙由来のv2正本候補。英検最小級=5。出現級=5;4;3。pos判定=label_raw_all,source_refs=5:86;4:77;3:1068; row_count=3; label_raw_all=名詞
add,170,library,library,noun,base,1,図書館としょかん,junior_high,1,eiken,英検語彙由来のv2正本候補。英検最小級=5。出現級=5;4;3。pos判定=label_raw_all,source_refs=5:474;4:647;3:43; row_count=3; label_raw_all=名詞
add,171,life,life,noun,base,1,生活せいかつ,junior_high,1,eiken,英検語彙由来のv2正本候補。英検最小級=5。出現級=5;4。pos判定=v0_master_pos:noun,source_refs=5:228;4:679; row_count=2
add,172,like,like,preposition,base,1,好このむ,junior_high,1,eiken,英検語彙由来のv2正本候補。英検最小級=5。出現級=5;4。pos判定=v0_master_pos:preposition|verb,source_refs=5:115;4:324; row_count=2
add,173,listen,listen,verb,base,1,聴きく,junior_high,1,eiken,英検語彙由来のv2正本候補。英検最小級=5。出現級=5;4。pos判定=v0_master_pos:verb,source_refs=5:441;4:144; row_count=2
add,174,live,live,verb,base,1,住すむ,junior_high,1,eiken,英検語彙由来のv2正本候補。英検最小級=5。出現級=5。pos判定=v0_master_pos:verb|adjective,source_refs=5:174; row_count=1
add,175,long,long,adjective,base,1,長ながい,junior_high,1,eiken,英検語彙由来のv2正本候補。英検最小級=5。出現級=5;4;3。pos判定=label_raw_all,source_refs=5:116;4:684;3:492; row_count=3; label_raw_all=形容詞
add,176,look,look,verb,base,1,見みる,junior_high,1,eiken,英検語彙由来のv2正本候補。英検最小級=5。出現級=5;4;3。pos判定=label_raw_all,source_refs=5:135;4:417;3:83; row_count=3; label_raw_all=動詞
add,177,luck,luck,noun,base,1,運うん,junior_high,1,eiken,英検語彙由来のv2正本候補。英検最小級=5。出現級=5;4;3。pos判定=label_raw_all,source_refs=5:241;4:586;3:316; row_count=3; label_raw_all=名詞
add,178,lunch,lunch,noun,base,1,昼食ちゅうしょく,junior_high,1,eiken,英検語彙由来のv2正本候補。英検最小級=5。出現級=5;4。pos判定=v0_master_pos:noun,source_refs=5:269;4:674; row_count=2
add,179,make,make,verb,base,1,作つくる、～を～にするする,junior_high,1,eiken,英検語彙由来のv2正本候補。英検最小級=5。出現級=5;4;3。pos判定=label_raw_all,source_refs=5:184;4:682;3:162; row_count=3; label_raw_all=動詞; meaning_ja_all=作つくる、～を～にするする / 作つくる、～を～にする
add,180,many,many,adjective,base,1,多おおくの,junior_high,1,eiken,英検語彙由来のv2正本候補。英検最小級=5。出現級=5;4;3。pos判定=label_raw_all,source_refs=5:136;4:362;3:689; row_count=3; label_raw_all=形容詞
add,181,map,map,noun,base,1,地図ちず,junior_high,1,eiken,英検語彙由来のv2正本候補。英検最小級=5。出現級=5;4;3。pos判定=label_raw_all,source_refs=5:58;4:544;3:226; row_count=3; label_raw_all=名詞
add,182,math,math,noun,base,1,数学すうがく,junior_high,1,eiken,英検語彙由来のv2正本候補。英検最小級=5。出現級=5;4;3。pos判定=label_raw_all,source_refs=5:199;4:531;3:184; row_count=3; label_raw_all=名詞
add,183,me,me,pronoun,base,1,私わたしを,junior_high,1,eiken,英検語彙由来のv2正本候補。英検最小級=5。出現級=5;4。pos判定=v0_master_pos:pronoun,source_refs=5:11;4:517; row_count=2; label_raw_all=に
add,184,meet,meet,verb,base,1,会あう,junior_high,1,eiken,英検語彙由来のv2正本候補。英検最小級=5。出現級=5;4;3。pos判定=label_raw_all,source_refs=5:146;4:394;3:57; row_count=3; label_raw_all=動詞
add,185,memory,memory,noun,base,1,記憶きおく,junior_high,1,eiken,英検語彙由来のv2正本候補。英検最小級=5。出現級=5;4;3。pos判定=label_raw_all,source_refs=5:454;4:660;3:525; row_count=3; label_raw_all=名詞
add,186,monkey,monkey,noun,base,1,サル,junior_high,1,eiken,英検語彙由来のv2正本候補。英検最小級=5。出現級=5;4。pos判定=v0_master_pos:noun,source_refs=5:434;4:529; row_count=2
add,187,month,month,noun,base,1,月つき,junior_high,1,eiken,英検語彙由来のv2正本候補。英検最小級=5。出現級=5;4。pos判定=v0_master_pos:noun,source_refs=5:300;4:630; row_count=2
add,188,morning,morning,noun,base,1,朝あさ,junior_high,1,eiken,英検語彙由来のv2正本候補。英検最小級=5。出現級=5;4。pos判定=v0_master_pos:noun,source_refs=5:467;4:683; row_count=2
add,189,mother,mother,noun,base,1,母はは,junior_high,1,eiken,英検語彙由来のv2正本候補。英検最小級=5。出現級=5;4。pos判定=v0_master_pos:noun,source_refs=5:382;4:707; row_count=2
add,190,mountain,mountain,noun,base,1,山やま,junior_high,1,eiken,英検語彙由来のv2正本候補。英検最小級=5。出現級=5;4;3。pos判定=label_raw_all,source_refs=5:527;4:51;3:472; row_count=3; label_raw_all=名詞
add,191,mouse,mouse,noun,base,1,ネズミ,junior_high,1,eiken,英検語彙由来のv2正本候補。英検最小級=5。出現級=5;4。pos判定=v0_master_pos:noun,source_refs=5:325;4:709; row_count=2
add,192,mouth,mouth,noun,base,1,口くち,junior_high,1,eiken,英検語彙由来のv2正本候補。英検最小級=5。出現級=5;4;3。pos判定=label_raw_all,source_refs=5:336;4:518;3:1144; row_count=3; label_raw_all=名詞
add,193,much,much,adjective,base,1,たくさん,junior_high,1,eiken,英検語彙由来のv2正本候補。英検最小級=5。出現級=5;4。pos判定=v0_master_pos:adverb|adjective,source_refs=5:128;4:568; row_count=2
add,194,museum,museum,noun,base,1,博物館はくぶつかん,junior_high,1,eiken,英検語彙由来のv2正本候補。英検最小級=5。出現級=5;4;3。pos判定=label_raw_all,source_refs=5:443;4:675;3:205; row_count=3; label_raw_all=名詞
add,195,musician,musician,noun,base,1,音楽家おんがくか,junior_high,1,eiken,英検語彙由来のv2正本候補。英検最小級=5。出現級=5;4。pos判定=v0_master_pos:noun,source_refs=5:526;4:526; row_count=2
add,196,my,my,pronoun,base,1,私わたしの,junior_high,1,eiken,英検語彙由来のv2正本候補。英検最小級=5。出現級=5;4。pos判定=v0_master_pos:pronoun,source_refs=5:2;4:320; row_count=2
add,197,name,name,noun,base,1,名前なまえ,junior_high,1,eiken,英検語彙由来のv2正本候補。英検最小級=5。出現級=5;4。pos判定=v0_master_pos:noun|verb,source_refs=5:113;4:540; row_count=2
add,198,nature,nature,noun,base,1,自然しぜん,junior_high,1,eiken,英検語彙由来のv2正本候補。英検最小級=5。出現級=5;4;3;pre2;2。pos判定=label_raw_all,source_refs=5:435;4:133;3:488;pre2:988;2:1433; row_count=5; label_raw_all=名詞; meaning_ja_all=自然しぜん / 自然，天然
add,199,never,never,adverb,base,1,１度どもない,junior_high,1,eiken,英検語彙由来のv2正本候補。英検最小級=5。出現級=5;4;3。pos判定=label_raw_all,source_refs=5:352;4:695;3:612; row_count=3; label_raw_all=副詞
add,200,new,new,adjective,base,1,新あたらしい,junior_high,1,eiken,英検語彙由来のv2正本候補。英検最小級=5。出現級=5;4。pos判定=v0_master_pos:adjective,source_refs=5:79;4:525; row_count=2
add,201,newspaper,newspaper,noun,base,1,新聞しんぶん,junior_high,1,eiken,英検語彙由来のv2正本候補。英検最小級=5。出現級=5;4。pos判定=v0_master_pos:noun,source_refs=5:566;4:615; row_count=2
add,202,nice,nice,adjective,base,1,良よい,junior_high,1,eiken,英検語彙由来のv2正本候補。英検最小級=5。出現級=5;4。pos判定=v0_master_pos:adjective,source_refs=5:122;4:691; row_count=2
add,203,night,night,noun,base,1,夜よる,junior_high,1,eiken,英検語彙由来のv2正本候補。英検最小級=5。出現級=5;4。pos判定=v0_master_pos:noun,source_refs=5:290;4:557; row_count=2
add,204,nine,nine,numeral,base,1,9,junior_high,1,eiken,英検語彙由来のv2正本候補。英検最小級=5。出現級=5;4。pos判定=v0_master_pos:numeral,source_refs=5:189;4:373; row_count=2
add,205,nineteen,nineteen,numeral,base,1,19,junior_high,1,eiken,英検語彙由来のv2正本候補。英検最小級=5。出現級=5;4。pos判定=v0_master_pos:numeral,source_refs=5:515;4:522; row_count=2
add,206,ninety,ninety,numeral,base,1,90,junior_high,1,eiken,英検語彙由来のv2正本候補。英検最小級=5。出現級=5;4。pos判定=v0_master_pos:numeral,source_refs=5:422;4:430; row_count=2
add,207,nose,nose,noun,base,1,鼻はな,junior_high,1,eiken,英検語彙由来のv2正本候補。英検最小級=5。出現級=5;4。pos判定=v0_master_pos:noun,source_refs=5:224;4:578; row_count=2
add,208,not,not,adverb,base,1,～でない,junior_high,1,eiken,英検語彙由来のv2正本候補。英検最小級=5。出現級=5;4。pos判定=v0_master_pos:adverb,source_refs=5:70;4:377; row_count=2
add,209,number,number,noun,base,1,数かず,junior_high,1,eiken,英検語彙由来のv2正本候補。英検最小級=5。出現級=5;4。pos判定=v0_master_pos:noun,source_refs=5:425;4:408; row_count=2
add,210,nurse,nurse,noun,base,1,看護師かんごし,junior_high,1,eiken,英検語彙由来のv2正本候補。英検最小級=5。出現級=5;4。pos判定=v0_master_pos:noun,source_refs=5:274;4:506; row_count=2
add,211,old,old,adjective,base,1,古ふるい,junior_high,1,eiken,英検語彙由来のv2正本候補。英検最小級=5。出現級=5;4。pos判定=v0_master_pos:adjective,source_refs=5:34;4:582; row_count=2
add,212,on,on,preposition,base,1,の上うえに,junior_high,1,eiken,英検語彙由来のv2正本候補。英検最小級=5。出現級=5;4。pos判定=v0_master_pos:preposition,source_refs=5:20;4:381; row_count=2
add,213,one,one,numeral,base,1,一ひとつの,junior_high,1,eiken,英検語彙由来のv2正本候補。英検最小級=5。出現級=5;4。pos判定=v0_master_pos:numeral,source_refs=5:25;5:83;4:5;4:581; row_count=4; meaning_ja_all=一ひとつの / 1つの / 1
add,214,our,our,pronoun,base,1,私わたしたちの,junior_high,1,eiken,英検語彙由来のv2正本候補。英検最小級=5。出現級=5;4。pos判定=v0_master_pos:pronoun,source_refs=5:35;4:545; row_count=2
add,215,out,out,adverb,base,1,外そとに,junior_high,1,eiken,英検語彙由来のv2正本候補。英検最小級=5。出現級=5;4。pos判定=v0_master_pos:adverb,source_refs=5:109;4:665; row_count=2
add,216,park,park,noun,base,1,公園こうえん,junior_high,1,eiken,英検語彙由来のv2正本候補。英検最小級=5。出現級=5;4。pos判定=v0_master_pos:noun,source_refs=5:151;4:493; row_count=2
add,217,pencil,pencil,noun,base,1,鉛筆えんぴつ,junior_high,1,eiken,英検語彙由来のv2正本候補。英検最小級=5。出現級=5;4。pos判定=v0_master_pos:noun,source_refs=5:389;4:637; row_count=2
add,218,picture,picture,noun,base,1,絵え、写真しゃしん,junior_high,1,eiken,英検語彙由来のv2正本候補。英検最小級=5。出現級=5;4;3。pos判定=label_raw_all,source_refs=5:471;4:495;3:510; row_count=3; label_raw_all=名詞
add,219,pig,pig,noun,base,1,ブタ,junior_high,1,eiken,英検語彙由来のv2正本候補。英検最小級=5。出現級=5;4。pos判定=v0_master_pos:noun,source_refs=5:96;4:134; row_count=2
add,220,place,place,noun,base,1,場所ばしょ,junior_high,1,eiken,英検語彙由来のv2正本候補。英検最小級=5。出現級=5;4;3。pos判定=label_raw_all,source_refs=5:277;4:600;3:103; row_count=3; label_raw_all=名詞
add,221,play,play,noun,base,1,劇げき,junior_high,1,eiken,英検語彙由来のv2正本候補。英検最小級=5。出現級=5;4。pos判定=v0_master_pos:verb|noun,source_refs=5:171;4:455; row_count=2
add,222,player,player,noun,base,1,選手せんしゅ,junior_high,1,eiken,英検語彙由来のv2正本候補。英検最小級=5。出現級=5;4。pos判定=v0_master_pos:noun,source_refs=5:421;4:486; row_count=2
add,223,please,please,verb,base,1,喜よろこばせる,junior_high,1,eiken,英検語彙由来のv2正本候補。英検最小級=5。出現級=5;4。pos判定=v0_master_pos:verb|adjective,source_refs=5:391;4:199; row_count=2
add,224,practice,practice,verb,base,1,練習れんしゅうする,junior_high,1,eiken,英検語彙由来のv2正本候補。英検最小級=5。出現級=5;4;3。pos判定=label_raw_all,source_refs=5:533;4:482;3:8; row_count=3; label_raw_all=動詞
add,225,purple,purple,noun,base,1,紫色むらさきいろ,junior_high,1,eiken,英検語彙由来のv2正本候補。英検最小級=5。出現級=5;4。pos判定=v0_master_pos:noun,source_refs=5:453;4:446; row_count=2
add,226,queen,queen,noun,base,1,女王じょおう,junior_high,1,eiken,英検語彙由来のv2正本候補。英検最小級=5。出現級=5;4。pos判定=v0_master_pos:noun,source_refs=5:349;4:533; row_count=2
add,227,rabbit,rabbit,noun,base,1,ウサギ,junior_high,1,eiken,英検語彙由来のv2正本候補。英検最小級=5。出現級=5;4。pos判定=v0_master_pos:noun,source_refs=5:431;4:135; row_count=2
add,228,rainy,rainy,adjective,base,1,雨降あめふりの,junior_high,1,eiken,英検語彙由来のv2正本候補。英検最小級=5。出現級=5;4;3。pos判定=label_raw_all,source_refs=5:332;4:181;3:359; row_count=3; label_raw_all=形容詞
add,229,really,really,adverb,base,1,本当ほんとうに,junior_high,1,eiken,英検語彙由来のv2正本候補。英検最小級=5。出現級=5;4;3。pos判定=label_raw_all,source_refs=5:451;4:618;3:156; row_count=3; label_raw_all=副詞
add,230,red,red,adjective,base,1,赤あかい,junior_high,1,eiken,英検語彙由来のv2正本候補。英検最小級=5。出現級=5;4。pos判定=v0_master_pos:adjective,source_refs=5:37;4:676; row_count=2
add,231,ride,ride,verb,base,1,乗のる,junior_high,1,eiken,英検語彙由来のv2正本候補。英検最小級=5。出現級=5;4;3。pos判定=label_raw_all,source_refs=5:148;4:698;3:354; row_count=3; label_raw_all=動詞
add,232,right,right,adjective,base,1,右みぎに,junior_high,1,eiken,英検語彙由来のv2正本候補。英検最小級=5。出現級=5;4;3;pre2;2。pos判定=label_raw_all_multi:adjective|adverb,source_refs=5:264;4:33;4:41;3:305;pre2:236;2:1612; row_count=6; label_raw_all=副詞;形容詞; meaning_ja_all=右みぎに / 正ただしい / 正しい，正確な
add,233,river,river,noun,base,1,川かわ,junior_high,1,eiken,英検語彙由来のv2正本候補。英検最小級=5。出現級=5;4;3。pos判定=label_raw_all,source_refs=5:345;4:53;3:579; row_count=3; label_raw_all=名詞
add,234,room,room,noun,base,1,部屋へや,junior_high,1,eiken,英検語彙由来のv2正本候補。英検最小級=5。出現級=5;4。pos判定=v0_master_pos:noun,source_refs=5:165;4:378; row_count=2
add,235,ruler,ruler,noun,base,1,定規じょうぎ,junior_high,1,eiken,英検語彙由来のv2正本候補。英検最小級=5。出現級=5;4。pos判定=v0_master_pos:noun,source_refs=5:368;4:616; row_count=2
add,236,run,run,verb,base,1,を主催しゅさいする,junior_high,1,eiken,英検語彙由来のv2正本候補。英検最小級=5。出現級=5;4;3。pos判定=label_raw_all,source_refs=5:43;4:594;3:996; row_count=3; label_raw_all=動詞; meaning_ja_all=を主催しゅさいする / 走はしる
add,237,sad,sad,adjective,base,1,悲かなしい,junior_high,1,eiken,英検語彙由来のv2正本候補。英検最小級=5。出現級=5;4;3。pos判定=label_raw_all,source_refs=5:82;4:383;3:134; row_count=3; label_raw_all=形容詞
add,238,salad,salad,noun,base,1,サラダ,junior_high,1,eiken,英検語彙由来のv2正本候補。英検最小級=5。出現級=5;4;3。pos判定=label_raw_all,source_refs=5:339;4:631;3:485; row_count=3; label_raw_all=名詞
add,239,same,same,adjective,base,1,同おなじ,junior_high,1,eiken,英検語彙由来のv2正本候補。英検最小級=5。出現級=5;4;3。pos判定=label_raw_all,source_refs=5:201;4:64;3:433; row_count=3; label_raw_all=形容詞
add,240,school,school,noun,base,1,学校がっこう,junior_high,1,eiken,英検語彙由来のv2正本候補。英検最小級=5。出現級=5;4。pos判定=v0_master_pos:noun,source_refs=5:384;4:265; row_count=2
add,241,science,science,noun,base,1,科学かがく,junior_high,1,eiken,英検語彙由来のv2正本候補。英検最小級=5。出現級=5;4;3;pre2;2。pos判定=label_raw_all,source_refs=5:484;4:216;3:41;pre2:1168;2:1731; row_count=5; label_raw_all=名詞; meaning_ja_all=科学かがく / 科学，自然科学
add,242,scientist,scientist,noun,base,1,科学者かがくしゃ,junior_high,1,eiken,英検語彙由来のv2正本候補。英検最小級=5。出現級=5;4;3;2。pos判定=label_raw_all,source_refs=5:575;4:286;3:358;2:48; row_count=4; label_raw_all=名詞; meaning_ja_all=科学者かがくしゃ / 科学者，研究者
add,243,sea,sea,noun,base,1,海うみ,junior_high,1,eiken,英検語彙由来のv2正本候補。英検最小級=5。出現級=5;4。pos判定=v0_master_pos:noun,source_refs=5:92;4:38; row_count=2
add,244,season,season,noun,base,1,季節きせつ,junior_high,1,eiken,英検語彙由来のv2正本候補。英検最小級=5。出現級=5;4;3。pos判定=label_raw_all,source_refs=5:386;4:275;3:173; row_count=3; label_raw_all=名詞
add,245,second,second,noun,base,1,秒びょう,junior_high,1,eiken,英検語彙由来のv2正本候補。英検最小級=5。出現級=5;4;3。pos判定=label_raw_all,source_refs=5:450;4:259;3:869; row_count=3; label_raw_all=名詞; meaning_ja_all=秒びょう / 2番目ばんめ
add,246,see,see,verb,base,1,見みる,junior_high,1,eiken,英検語彙由来のv2正本候補。英検最小級=5。出現級=5;4;3。pos判定=label_raw_all,source_refs=5:30;4:15;4:45;3:512; row_count=4; label_raw_all=動詞; meaning_ja_all=見みる / 分わかる
add,247,seven,seven,numeral,base,1,7,junior_high,1,eiken,英検語彙由来のv2正本候補。英検最小級=5。出現級=5;4。pos判定=v0_master_pos:numeral,source_refs=5:310;4:240; row_count=2
add,248,seventeen,seventeen,numeral,base,1,17,junior_high,1,eiken,英検語彙由来のv2正本候補。英検最小級=5。出現級=5;4。pos判定=v0_master_pos:numeral,source_refs=5:556;4:468; row_count=2
add,249,seventy,seventy,numeral,base,1,70,junior_high,1,eiken,英検語彙由来のv2正本候補。英検最小級=5。出現級=5;4。pos判定=v0_master_pos:numeral,source_refs=5:487;4:219; row_count=2
add,250,she,she,pronoun,base,1,彼女かのじょは,junior_high,1,eiken,英検語彙由来のv2正本候補。英検最小級=5。出現級=5;4。pos判定=v0_master_pos:pronoun,source_refs=5:38;4:197; row_count=2
add,251,sheep,sheep,noun,base,1,ヒツジ,junior_high,1,eiken,英検語彙由来のv2正本候補。英検最小級=5。出現級=5;4。pos判定=v0_master_pos:noun,source_refs=5:292;4:451; row_count=2
add,252,ship,ship,noun,base,1,船ふね,junior_high,1,eiken,英検語彙由来のv2正本候補。英検最小級=5。出現級=5;4。pos判定=v0_master_pos:noun,source_refs=5:234;4:267; row_count=2
add,253,shop,shop,noun,base,1,店みせ,junior_high,1,eiken,英検語彙由来のv2正本候補。英検最小級=5。出現級=5;4。pos判定=v0_master_pos:verb|noun,source_refs=5:215;4:274; row_count=2
add,254,short,short,adjective,base,1,短みじかい,junior_high,1,eiken,英検語彙由来のv2正本候補。英検最小級=5。出現級=5;4。pos判定=v0_master_pos:adjective,source_refs=5:313;4:277; row_count=2
add,255,shoulder,shoulder,noun,base,1,肩かた,junior_high,1,eiken,英検語彙由来のv2正本候補。英検最小級=5。出現級=5;4;3。pos判定=label_raw_all,source_refs=5:535;4:119;3:882; row_count=3; label_raw_all=名詞
add,256,sing,sing,verb,base,1,歌うたう,junior_high,1,eiken,英検語彙由来のv2正本候補。英検最小級=5。出現級=5;4。pos判定=v0_master_pos:verb,source_refs=5:123;4:271; row_count=2
add,257,sister,sister,noun,base,1,姉妹しまい,junior_high,1,eiken,英検語彙由来のv2正本候補。英検最小級=5。出現級=5;4。pos判定=v0_master_pos:noun,source_refs=5:394;4:238; row_count=2
add,258,sit,sit,verb,base,1,着席ちゃくせきする,junior_high,1,eiken,英検語彙由来のv2正本候補。英検最小級=5。出現級=5;4。pos判定=v0_master_pos:verb,source_refs=5:93;4:16; row_count=2
add,259,six,six,numeral,base,1,6,junior_high,1,eiken,英検語彙由来のv2正本候補。英検最小級=5。出現級=5;4。pos判定=v0_master_pos:numeral,source_refs=5:47;4:264; row_count=2
add,260,sixteen,sixteen,numeral,base,1,16,junior_high,1,eiken,英検語彙由来のv2正本候補。英検最小級=5。出現級=5;4。pos判定=v0_master_pos:numeral,source_refs=5:479;4:491; row_count=2
add,261,sixty,sixty,numeral,base,1,60,junior_high,1,eiken,英検語彙由来のv2正本候補。英検最小級=5。出現級=5;4。pos判定=v0_master_pos:numeral,source_refs=5:309;4:566; row_count=2
add,262,sleep,sleep,verb,base,1,眠ねむる,junior_high,1,eiken,英検語彙由来のv2正本候補。英検最小級=5。出現級=5;4。pos判定=v0_master_pos:verb,source_refs=5:303;4:499; row_count=2
add,263,small,small,adjective,base,1,小ちいさい,junior_high,1,eiken,英検語彙由来のv2正本候補。英検最小級=5。出現級=5;4。pos判定=v0_master_pos:adjective,source_refs=5:306;4:229; row_count=2
add,264,snake,snake,noun,base,1,蛇へび,junior_high,1,eiken,英検語彙由来のv2正本候補。英検最小級=5。出現級=5;4。pos判定=v0_master_pos:noun,source_refs=5:359;4:426; row_count=2
add,265,snowy,snowy,adjective,base,1,雪ゆきの降ふる,junior_high,1,eiken,英検語彙由来のv2正本候補。英検最小級=5。出現級=5;4。pos判定=v0_master_pos:adjective,source_refs=5:348;4:305; row_count=2
add,266,soft,soft,adjective,base,1,柔やわらかい,junior_high,1,eiken,英検語彙由来のv2正本候補。英検最小級=5。出現級=5;4。pos判定=v0_master_pos:adjective,source_refs=5:253;4:280; row_count=2
add,267,sometimes,sometimes,adverb,base,1,時々ときどき,junior_high,1,eiken,英検語彙由来のv2正本候補。英検最小級=5。出現級=5;4;3。pos判定=label_raw_all,source_refs=5:563;4:226;3:158; row_count=3; label_raw_all=副詞
add,268,sorry,sorry,adjective,base,1,ごめんなさい,junior_high,1,eiken,英検語彙由来のv2正本候補。英検最小級=5。出現級=5;4。pos判定=v0_master_pos:adjective,source_refs=5:286;4:649; row_count=2
add,269,soup,soup,noun,base,1,スープ,junior_high,1,eiken,英検語彙由来のv2正本候補。英検最小級=5。出現級=5;4。pos判定=v0_master_pos:noun,source_refs=5:235;4:215; row_count=2
add,270,speak,speak,verb,base,1,話はなす,junior_high,1,eiken,英検語彙由来のv2正本候補。英検最小級=5。出現級=5;4;3。pos判定=label_raw_all,source_refs=5:258;4:266;3:620; row_count=3; label_raw_all=動詞
add,271,spell,spell,verb,base,1,を綴つづる,junior_high,1,eiken,英検語彙由来のv2正本候補。英検最小級=5。出現級=5;4。pos判定=v0_master_pos:verb,source_refs=5:372;4:290; row_count=2
add,272,sport,sport,noun,base,1,スポーツ,junior_high,1,eiken,英検語彙由来のv2正本候補。英検最小級=5。出現級=5;4。pos判定=v0_master_pos:noun,source_refs=5:319;4:251; row_count=2
add,273,stand,stand,verb,base,1,立たつ,junior_high,1,eiken,英検語彙由来のv2正本候補。英検最小級=5。出現級=5;4;3。pos判定=label_raw_all,source_refs=5:304;4:221;3:972; row_count=3; label_raw_all=動詞; meaning_ja_all=立たつ / を我慢がまんする
add,274,star,star,noun,base,1,星ほし、スター,junior_high,1,eiken,英検語彙由来のv2正本候補。英検最小級=5。出現級=5;4;3。pos判定=label_raw_all,source_refs=5:221;4:279;3:255; row_count=3; label_raw_all=名詞; meaning_ja_all=星ほし、スター / 星ほし
add,275,station,station,noun,base,1,駅えき,junior_high,1,eiken,英検語彙由来のv2正本候補。英検最小級=5。出現級=5;4;3。pos判定=label_raw_all,source_refs=5:464;4:218;3:521; row_count=3; label_raw_all=名詞
add,276,stop,stop,noun,base,1,止とめる,junior_high,1,eiken,英検語彙由来のv2正本候補。英検最小級=5。出現級=5;4。pos判定=v0_master_pos:verb|noun,source_refs=5:143;4:231; row_count=2
add,277,straight,straight,adverb,base,1,まっすぐに,junior_high,1,eiken,英検語彙由来のv2正本候補。英検最小級=5。出現級=5;4。pos判定=v0_master_pos:adverb,source_refs=5:542;4:248; row_count=2
add,278,street,street,noun,base,1,通とおり,junior_high,1,eiken,英検語彙由来のv2正本候補。英検最小級=5。出現級=5;4。pos判定=v0_master_pos:noun,source_refs=5:433;4:223; row_count=2
add,279,strong,strong,adjective,base,1,強つよい,junior_high,1,eiken,英検語彙由来のv2正本候補。英検最小級=5。出現級=5;4;3。pos判定=label_raw_all,source_refs=5:428;4:254;3:131; row_count=3; label_raw_all=形容詞
add,280,study,study,verb,base,1,勉強べんきょうする,junior_high,1,eiken,英検語彙由来のv2正本候補。英検最小級=5。出現級=5;4。pos判定=v0_master_pos:verb,source_refs=5:261;4:303; row_count=2
add,281,subject,subject,noun,base,1,科目かもく、題目だいもく,junior_high,1,eiken,英検語彙由来のv2正本候補。英検最小級=5。出現級=5;4;3;pre2;2。pos判定=label_raw_all,source_refs=5:486;4:232;3:327;pre2:934;2:1069; row_count=5; label_raw_all=名詞; meaning_ja_all=科目かもく、題目だいもく / 教科，主題
add,282,subway,subway,noun,base,1,地下鉄ちかてつ,junior_high,1,eiken,英検語彙由来のv2正本候補。英検最小級=5。出現級=5;4。pos判定=v0_master_pos:noun,source_refs=5:456;4:309; row_count=2
add,283,summer,summer,noun,base,1,夏なつ,junior_high,1,eiken,英検語彙由来のv2正本候補。英検最小級=5。出現級=5;4;3。pos判定=label_raw_all,source_refs=5:408;4:230;3:634; row_count=3; label_raw_all=名詞
add,284,sunny,sunny,adjective,base,1,晴はれた,junior_high,1,eiken,英検語彙由来のv2正本候補。英検最小級=5。出現級=5;4。pos判定=v0_master_pos:adjective,source_refs=5:369;4:687; row_count=2
add,285,supermarket,supermarket,noun,base,1,スーパー,junior_high,1,eiken,英検語彙由来のv2正本候補。英検最小級=5。出現級=5;4。pos判定=v0_master_pos:noun,source_refs=5:601;4:228; row_count=2
add,286,sweet,sweet,adjective,base,1,甘あまい,junior_high,1,eiken,英検語彙由来のv2正本候補。英検最小級=5。出現級=5;4。pos判定=v0_master_pos:adjective,source_refs=5:374;4:212; row_count=2
add,287,swim,swim,verb,base,1,泳およぐ,junior_high,1,eiken,英検語彙由来のv2正本候補。英検最小級=5。出現級=5;4。pos判定=v0_master_pos:verb,source_refs=5:162;4:262; row_count=2
add,288,table,table,noun,base,1,机つくえ,junior_high,1,eiken,英検語彙由来のv2正本候補。英検最小級=5。出現級=5;4。pos判定=v0_master_pos:noun,source_refs=5:276;4:294; row_count=2
add,289,take,take,verb,base,1,取とる,junior_high,1,eiken,英検語彙由来のv2正本候補。英検最小級=5。出現級=5;4;3。pos判定=label_raw_all,source_refs=5:227;4:18;4:19;4:75;3:652; row_count=5; label_raw_all=動詞; meaning_ja_all=取とる / 連つれて行いく / 撮影さつえいする
add,290,talk,talk,verb,base,1,話はなす,junior_high,1,eiken,英検語彙由来のv2正本候補。英検最小級=5。出現級=5;4。pos判定=v0_master_pos:verb,source_refs=5:218;4:8; row_count=2
add,291,tea,tea,noun,base,1,お茶ちゃ,junior_high,1,eiken,英検語彙由来のv2正本候補。英検最小級=5。出現級=5;4。pos判定=v0_master_pos:noun,source_refs=5:97;4:14; row_count=2
add,292,teach,teach,verb,base,1,教おしえる,junior_high,1,eiken,英検語彙由来のv2正本候補。英検最小級=5。出現級=5;4;3。pos判定=label_raw_all,source_refs=5:322;4:34;3:519; row_count=3; label_raw_all=動詞
add,293,teacher,teacher,noun,base,1,先生せんせい,junior_high,1,eiken,英検語彙由来のv2正本候補。英検最小級=5。出現級=5;4。pos判定=v0_master_pos:noun,source_refs=5:466;4:255; row_count=2
add,294,telephone,telephone,noun,base,1,電話でんわ,junior_high,1,eiken,英検語彙由来のv2正本候補。英検最小級=5。出現級=5;4。pos判定=v0_master_pos:noun,source_refs=5:581;4:249; row_count=2
add,295,temple,temple,noun,base,1,お寺てら,junior_high,1,eiken,英検語彙由来のv2正本候補。英検最小級=5。出現級=5;4;3;pre2;2。pos判定=label_raw_all,source_refs=5:457;4:302;3:667;pre2:1417;2:385; row_count=5; label_raw_all=名詞; meaning_ja_all=お寺てら / お寺，寺院
add,296,ten,ten,numeral,base,1,10,junior_high,1,eiken,英検語彙由来のv2正本候補。英検最小級=5。出現級=5;4。pos判定=v0_master_pos:numeral,source_refs=5:69;4:268; row_count=2
add,297,textbook,textbook,noun,base,1,教科書きょうかしょ,junior_high,1,eiken,英検語彙由来のv2正本候補。英検最小級=5。出現級=5;4。pos判定=v0_master_pos:noun,source_refs=5:532;4:122; row_count=2
add,298,that,that,pronoun,base,1,あれ,junior_high,1,eiken,英検語彙由来のv2正本候補。英検最小級=5。出現級=5;4。pos判定=v0_master_pos:conjunction|pronoun,source_refs=5:188;4:461; row_count=2
add,299,the,the,article,base,1,その,junior_high,1,eiken,英検語彙由来のv2正本候補。英検最小級=5。出現級=5;4。pos判定=v0_master_pos:article,source_refs=5:27;4:314; row_count=2
add,300,think,think,verb,base,1,考かんがえる,junior_high,1,eiken,英検語彙由来のv2正本候補。英検最小級=5。出現級=5;4;3。pos判定=label_raw_all,source_refs=5:342;4:11;4:26;3:326; row_count=4; label_raw_all=動詞; meaning_ja_all=考かんがえる / 思おもう
add,301,third,third,ordinal,base,1,3番目ばんめ,junior_high,1,eiken,英検語彙由来のv2正本候補。英検最小級=5。出現級=5;4。pos判定=v0_master_pos:ordinal,source_refs=5:362;4:342; row_count=2
add,302,thirteen,thirteen,numeral,base,1,13,junior_high,1,eiken,英検語彙由来のv2正本候補。英検最小級=5。出現級=5;4。pos判定=v0_master_pos:numeral,source_refs=5:512;4:316; row_count=2
add,303,thirty,thirty,numeral,base,1,30,junior_high,1,eiken,英検語彙由来のv2正本候補。英検最小級=5。出現級=5;4。pos判定=v0_master_pos:numeral,source_refs=5:397;4:347; row_count=2
add,304,this,this,pronoun,base,1,この,junior_high,1,eiken,英検語彙由来のv2正本候補。英検最小級=5。出現級=5;4。pos判定=v0_master_pos:pronoun,source_refs=5:133;4:340; row_count=2
add,305,three,three,numeral,base,1,3,junior_high,1,eiken,英検語彙由来のv2正本候補。英検最小級=5。出現級=5;4。pos判定=v0_master_pos:numeral,source_refs=5:270;4:338; row_count=2
add,306,tiger,tiger,noun,base,1,トラ,junior_high,1,eiken,英検語彙由来のv2正本候補。英検最小級=5。出現級=5;4。pos判定=v0_master_pos:noun,source_refs=5:375;4:321; row_count=2
add,307,time,time,noun,base,1,時とき、～回かい,junior_high,1,eiken,英検語彙由来のv2正本候補。英検最小級=5。出現級=5;4。pos判定=v0_master_pos:noun,source_refs=5:178;4:570; row_count=2
add,308,tired,tired,adjective,base,1,疲つかれて,junior_high,1,eiken,英検語彙由来のv2正本候補。英検最小級=5。出現級=5;4;3。pos判定=label_raw_all,source_refs=5:330;4:72;3:953; row_count=3; label_raw_all=形容詞
add,309,to,to,preposition,base,1,～へ,junior_high,1,eiken,英検語彙由来のv2正本候補。英検最小級=5。出現級=5;4。pos判定=v0_master_pos:preposition,source_refs=5:17;4:348; row_count=2
add,310,together,together,adverb,base,1,一緒いっしょに,junior_high,1,eiken,英検語彙由来のv2正本候補。英検最小級=5。出現級=5;4;3。pos判定=label_raw_all,source_refs=5:523;4:312;3:67; row_count=3; label_raw_all=副詞
add,311,too,too,adverb,base,1,～もまた,junior_high,1,eiken,英検語彙由来のv2正本候補。英検最小級=5。出現級=5;4;3。pos判定=label_raw_all,source_refs=5:77;4:689;3:514; row_count=3; label_raw_all=副詞
add,312,tooth,tooth,noun,base,1,歯は,junior_high,1,eiken,英検語彙由来のv2正本候補。英検最小級=5。出現級=5;4;3。pos判定=label_raw_all,source_refs=5:326;4:105;3:573; row_count=3; label_raw_all=名詞
add,313,tower,tower,noun,base,1,塔とう,junior_high,1,eiken,英検語彙由来のv2正本候補。英検最小級=5。出現級=5;4。pos判定=v0_master_pos:noun,source_refs=5:358;4:341; row_count=2
add,314,town,town,noun,base,1,街まち,junior_high,1,eiken,英検語彙由来のv2正本候補。英検最小級=5。出現級=5;4。pos判定=v0_master_pos:noun,source_refs=5:187;4:345; row_count=2
add,315,train,train,noun,base,1,列車れっしゃ,junior_high,1,eiken,英検語彙由来のv2正本候補。英検最小級=5。出現級=5;4。pos判定=v0_master_pos:noun|verb,source_refs=5:338;4:327; row_count=2
add,316,travel,travel,verb,base,1,旅行りょこう,junior_high,1,eiken,英検語彙由来のv2正本候補。英検最小級=5。出現級=5;4;3。pos判定=label_raw_all,source_refs=5:440;4:325;3:279; row_count=3; label_raw_all=動詞
add,317,tree,tree,noun,base,1,木き,junior_high,1,eiken,英検語彙由来のv2正本候補。英検最小級=5。出現級=5;4。pos判定=v0_master_pos:noun,source_refs=5:182;4:336; row_count=2
add,318,trip,trip,noun,base,1,旅行りょこう,junior_high,1,eiken,英検語彙由来のv2正本候補。英検最小級=5。出現級=5;4;3。pos判定=label_raw_all,source_refs=5:225;4:349;3:268; row_count=3; label_raw_all=名詞
add,319,try,try,verb,base,1,試ためす,junior_high,1,eiken,英検語彙由来のv2正本候補。英検最小級=5。出現級=5;4;3。pos判定=label_raw_all,source_refs=5:50;4:329;3:215; row_count=3; label_raw_all=動詞
add,320,turn,turn,verb,base,1,曲まがる、回まわる、変化へんかする,junior_high,1,eiken,英検語彙由来のv2正本候補。英検最小級=5。出現級=5;4;3。pos判定=label_raw_all,source_refs=5:212;4:331;3:294; row_count=3; label_raw_all=動詞
add,321,twelve,twelve,numeral,base,1,12,junior_high,1,eiken,英検語彙由来のv2正本候補。英検最小級=5。出現級=5;4。pos判定=v0_master_pos:numeral,source_refs=5:418;4:334; row_count=2
add,322,twenty,twenty,numeral,base,1,20,junior_high,1,eiken,英検語彙由来のv2正本候補。英検最小級=5。出現級=5;4。pos判定=v0_master_pos:numeral,source_refs=5:424;4:346; row_count=2
add,323,two,two,numeral,base,1,2,junior_high,1,eiken,英検語彙由来のv2正本候補。英検最小級=5。出現級=5;4。pos判定=v0_master_pos:numeral,source_refs=5:40;4:332; row_count=2
add,324,umbrella,umbrella,noun,base,1,傘かさ,junior_high,1,eiken,英検語彙由来のv2正本候補。英検最小級=5。出現級=5;4;3。pos判定=label_raw_all,source_refs=5:540;4:313;3:507; row_count=3; label_raw_all=名詞
add,325,under,under,preposition,base,1,下したの,junior_high,1,eiken,英検語彙由来のv2正本候補。英検最小級=5。出現級=5;4。pos判定=v0_master_pos:preposition,source_refs=5:365;4:328; row_count=2
add,326,up,up,adverb,base,1,上うえへ,junior_high,1,eiken,英検語彙由来のv2正本候補。英検最小級=5。出現級=5;4。pos判定=v0_master_pos:adverb,source_refs=5:12;4:333; row_count=2
add,327,use,use,noun,base,1,使つかう,junior_high,1,eiken,英検語彙由来のv2正本候補。英検最小級=5。出現級=5;4。pos判定=v0_master_pos:verb|noun,source_refs=5:41;4:173; row_count=2
add,328,usually,usually,adverb,base,1,普通ふつうは,junior_high,1,eiken,英検語彙由来のv2正本候補。英検最小級=5。出現級=5;4;3。pos判定=label_raw_all,source_refs=5:468;4:317;3:107; row_count=3; label_raw_all=副詞
add,329,vacation,vacation,noun,base,1,休暇きゅうか,junior_high,1,eiken,英検語彙由来のv2正本候補。英検最小級=5。出現級=5;4;3。pos判定=label_raw_all,source_refs=5:530;4:98;3:73;3:809; row_count=4; label_raw_all=名詞
add,330,vegetable,vegetable,noun,base,1,野菜やさい,junior_high,1,eiken,英検語彙由来のv2正本候補。英検最小級=5。出現級=5;4;3。pos判定=label_raw_all,source_refs=5:572;4:101;3:442; row_count=3; label_raw_all=名詞
add,331,very,very,adverb,base,1,非常ひじょうに,junior_high,1,eiken,英検語彙由来のv2正本候補。英検最小級=5。出現級=5;4;3。pos判定=label_raw_all,source_refs=5:117;4:319;3:626; row_count=3; label_raw_all=副詞
add,332,visit,visit,verb,base,1,訪問ほうもんする,junior_high,1,eiken,英検語彙由来のv2正本候補。英検最小級=5。出現級=5;4;3。pos判定=label_raw_all,source_refs=5:316;4:337;3:45; row_count=3; label_raw_all=動詞
add,333,walk,walk,noun,base,1,散歩さんぽ,junior_high,1,eiken,英検語彙由来のv2正本候補。英検最小級=5。出現級=5;4;3。pos判定=label_raw_all,source_refs=5:166;4:311;3:653; row_count=3; label_raw_all=名詞
add,334,wall,wall,noun,base,1,壁かべ,junior_high,1,eiken,英検語彙由来のv2正本候補。英検最小級=5。出現級=5;4。pos判定=v0_master_pos:noun,source_refs=5:145;4:322; row_count=2
add,335,want,want,verb,base,1,欲ほしい,junior_high,1,eiken,英検語彙由来のv2正本候補。英検最小級=5。出現級=5;4。pos判定=v0_master_pos:verb,source_refs=5:126;4:351; row_count=2
add,336,wash,wash,verb,base,1,洗あらう,junior_high,1,eiken,英検語彙由来のv2正本候補。英検最小級=5。出現級=5;4;3。pos判定=label_raw_all,source_refs=5:152;4:361;3:272; row_count=3; label_raw_all=動詞
add,337,watch,watch,verb,base,1,見みる,junior_high,1,eiken,英検語彙由来のv2正本候補。英検最小級=5。出現級=5;4;3。pos判定=label_raw_all,source_refs=5:273;4:62;3:481; row_count=3; label_raw_all=動詞; meaning_ja_all=見みる / 見みる、視聴しちょうする
add,338,water,water,noun,base,1,水みず,junior_high,1,eiken,英検語彙由来のv2正本候補。英検最小級=5。出現級=5;4。pos判定=v0_master_pos:noun,source_refs=5:329;4:89; row_count=2
add,339,way,way,noun,base,1,道みち、方法ほうほう,junior_high,1,eiken,英検語彙由来のv2正本候補。英検最小級=5。出現級=5;4。pos判定=v0_master_pos:noun,source_refs=5:71;4:402; row_count=2
add,340,we,we,pronoun,base,1,私わたしたちは,junior_high,1,eiken,英検語彙由来のv2正本候補。英検最小級=5。出現級=5;4。pos判定=v0_master_pos:pronoun,source_refs=5:10;4:693; row_count=2
add,341,weather,weather,noun,base,1,天気てんき,junior_high,1,eiken,英検語彙由来のv2正本候補。英検最小級=5。出現級=5;4;3;pre2;2。pos判定=label_raw_all,source_refs=5:497;4:184;3:84;pre2:376;2:1777; row_count=5; label_raw_all=名詞; meaning_ja_all=天気てんき / 天候，天気
add,342,welcome,welcome,verb,base,1,歓迎かんげいする,junior_high,1,eiken,英検語彙由来のv2正本候補。英検最小級=5。出現級=5;4;2。pos判定=label_raw_all,source_refs=5:483;4:352;2:1019; row_count=3; label_raw_all=動詞; meaning_ja_all=歓迎かんげいする / 歓迎される，迎えられる
add,343,well,well,adjective,base,1,健康けんこうな,junior_high,1,eiken,英検語彙由来のv2正本候補。英検最小級=5。出現級=5;4;3。pos判定=label_raw_all,source_refs=5:214;4:95;3:700; row_count=3; label_raw_all=形容詞
add,344,what,what,pronoun,base,1,何なに,junior_high,1,eiken,英検語彙由来のv2正本候補。英検最小級=5。出現級=5;4;3。pos判定=label_raw_all_multi:pronoun|noun,source_refs=5:248;4:59;3:237; row_count=3; label_raw_all=代名詞; meaning_ja_all=何なに / なに
add,345,when,when,conjunction,base,1,～するとき,junior_high,1,eiken,英検語彙由来のv2正本候補。英検最小級=5。出現級=5;4;3。pos判定=label_raw_all,source_refs=5:120;4:166;3:128; row_count=3; label_raw_all=接続詞
add,346,where,where,adverb,base,1,どこに,junior_high,1,eiken,英検語彙由来のv2正本候補。英検最小級=5。出現級=5;4;3。pos判定=v0_master_pos:adverb,source_refs=5:260;4:350;3:649; row_count=3; label_raw_all=疑問詞
add,347,white,white,adjective,base,1,白しろ,junior_high,1,eiken,英検語彙由来のv2正本候補。英検最小級=5。出現級=5;4。pos判定=v0_master_pos:adjective,source_refs=5:296;4:353; row_count=2
add,348,who,who,pronoun,base,1,だれ,junior_high,1,eiken,英検語彙由来のv2正本候補。英検最小級=5。出現級=5;4;3。pos判定=label_raw_all_multi:pronoun|noun,source_refs=5:105;4:318;3:235; row_count=3; label_raw_all=代名詞
add,349,why,why,adverb,base,1,なぜ,junior_high,1,eiken,英検語彙由来のv2正本候補。英検最小級=5。出現級=5;4;3。pos判定=label_raw_all,source_refs=5:76;4:355;3:409; row_count=3; label_raw_all=副詞
add,350,window,window,noun,base,1,窓まど,junior_high,1,eiken,英検語彙由来のv2正本候補。英検最小級=5。出現級=5;4。pos判定=v0_master_pos:noun,source_refs=5:420;4:335; row_count=2
add,351,winter,winter,noun,base,1,冬ふゆ,junior_high,1,eiken,英検語彙由来のv2正本候補。英検最小級=5。出現級=5;4。pos判定=v0_master_pos:noun,source_refs=5:388;4:326; row_count=2
add,352,with,with,preposition,base,1,～と一緒いっしょに,junior_high,1,eiken,英検語彙由来のv2正本候補。英検最小級=5。出現級=5;4。pos判定=v0_master_pos:preposition,source_refs=5:240;4:315; row_count=2
add,353,wonderful,wonderful,adjective,base,1,すばらしい,junior_high,1,eiken,英検語彙由来のv2正本候補。英検最小級=5。出現級=5;4。pos判定=v0_master_pos:adjective,source_refs=5:569;4:354; row_count=2
add,354,world,world,noun,base,1,世界せかい、地球ちきゅう,junior_high,1,eiken,英検語彙由来のv2正本候補。英検最小級=5。出現級=5;4。pos判定=v0_master_pos:noun,source_refs=5:371;4:323; row_count=2
add,355,write,write,verb,base,1,書かく、手紙てがみを書かく,junior_high,1,eiken,英検語彙由来のv2正本候補。英検最小級=5。出現級=5;4;3。pos判定=label_raw_all,source_refs=5:266;4:343;3:161; row_count=3; label_raw_all=動詞
add,356,year,year,noun,base,1,年ねん,junior_high,1,eiken,英検語彙由来のv2正本候補。英検最小級=5。出現級=5;4。pos判定=v0_master_pos:noun,source_refs=5:119;4:356; row_count=2
add,357,yellow,yellow,adjective,base,1,黄色きいろ,junior_high,1,eiken,英検語彙由来のv2正本候補。英検最小級=5。出現級=5;4。pos判定=v0_master_pos:adjective,source_refs=5:415;4:357; row_count=2
add,358,you,you,pronoun,base,1,あなたは,junior_high,1,eiken,英検語彙由来のv2正本候補。英検最小級=5。出現級=5;4。pos判定=v0_master_pos:pronoun,source_refs=5:28;4:40;4:192; row_count=3
add,359,your,your,pronoun,base,1,あなたの,junior_high,1,eiken,英検語彙由来のv2正本候補。英検最小級=5。出現級=5;4。pos判定=v0_master_pos:pronoun,source_refs=5:110;4:194; row_count=2
add,360,zoo,zoo,noun,base,1,動物園どうぶつえん,junior_high,1,eiken,英検語彙由来のv2正本候補。英検最小級=5。出現級=5;4;3。pos判定=label_raw_all,source_refs=5:103;4:163;3:271; row_count=3; label_raw_all=名詞
add,361,absent,absent,adjective,base,1,欠席けっせきの,junior_high,1,eiken,英検語彙由来のv2正本候補。英検最小級=4。出現級=4;3。pos判定=label_raw_all,source_refs=4:375;3:826; row_count=2; label_raw_all=形容詞
add,362,add,add,verb,base,1,加くわえる,junior_high,1,eiken,英検語彙由来のv2正本候補。英検最小級=4。出現級=4;pre2;2。pos判定=label_raw_all,source_refs=4:432;pre2:43;2:1988; row_count=3; label_raw_all=動詞; meaning_ja_all=加くわえる / 足し算する，合計する
add,363,advice,advice,noun,base,1,忠告ちゅうこく,junior_high,1,eiken,英検語彙由来のv2正本候補。英検最小級=4。出現級=4;3;pre2;2。pos判定=label_raw_all,source_refs=4:609;3:414;pre2:619;2:1500; row_count=4; label_raw_all=名詞; meaning_ja_all=忠告ちゅうこく / 助言，忠告
add,364,afraid,afraid,adjective,base,1,恐おそれて,junior_high,1,eiken,英検語彙由来のv2正本候補。英検最小級=4。出現級=4;3;pre2;2。pos判定=label_raw_all,source_refs=4:488;3:928;pre2:668;2:1208; row_count=4; label_raw_all=形容詞; meaning_ja_all=恐おそれて / 心配して，恐れて
add,365,after,after,preposition,base,1,～の後あとで,junior_high,1,eiken,英検語彙由来のv2正本候補。英検最小級=4。出現級=4;3。pos判定=label_raw_all,source_refs=4:476;3:523; row_count=2; label_raw_all=前置詞
add,366,airport,airport,noun,base,1,空港くうこう,junior_high,1,eiken,英検語彙由来のv2正本候補。英検最小級=4。出現級=4;3。pos判定=label_raw_all,source_refs=4:454;3:1033; row_count=2; label_raw_all=名詞
add,367,another,another,adjective,base,1,もう一ひとつの,junior_high,1,eiken,英検語彙由来のv2正本候補。英検最小級=4。出現級=4;3。pos判定=label_raw_all,source_refs=4:513;3:217; row_count=2; label_raw_all=形容詞
add,368,answer,answer,verb,base,1,答こたえる,junior_high,1,eiken,英検語彙由来のv2正本候補。英検最小級=4。出現級=4;3。pos判定=label_raw_all,source_refs=4:32;3:529; row_count=2; label_raw_all=動詞
add,369,arm,arm,noun,base,1,腕うで,junior_high,1,eiken,英検語彙由来のv2正本候補。英検最小級=4。出現級=4;3。pos判定=label_raw_all,source_refs=4:143;3:1159; row_count=2; label_raw_all=名詞
add,370,art,art,noun,base,1,美術びじゅつ，芸術げいじゅつ,junior_high,1,eiken,英検語彙由来のv2正本候補。英検最小級=4。出現級=4;3。pos判定=label_raw_all,source_refs=4:17;3:513; row_count=2; label_raw_all=名詞; meaning_ja_all=美術びじゅつ，芸術げいじゅつ / 芸術げいじゅつ
add,371,ask,ask,verb,base,1,尋たずねる,junior_high,1,eiken,英検語彙由来のv2正本候補。英検最小級=4。出現級=4;3。pos判定=label_raw_all,source_refs=4:129;3:34; row_count=2; label_raw_all=動詞; meaning_ja_all=尋たずねる / たずねる
add,372,away,away,adverb,base,1,離はなれて,junior_high,1,eiken,英検語彙由来のv2正本候補。英検最小級=4。出現級=4;3。pos判定=label_raw_all,source_refs=4:541;3:1202; row_count=2; label_raw_all=副詞
add,373,because,because,conjunction,base,1,なぜなら,junior_high,1,eiken,英検語彙由来のv2正本候補。英検最小級=4。出現級=4;3。pos判定=label_raw_all,source_refs=4:657;3:664; row_count=2; label_raw_all=接続詞
add,374,become,become,verb,base,1,～になる,junior_high,1,eiken,英検語彙由来のv2正本候補。英検最小級=4。出現級=4;3。pos判定=label_raw_all,source_refs=4:416;3:329; row_count=2; label_raw_all=動詞
add,375,beer,beer,noun,base,1,ビール,junior_high,1,eiken,英検語彙由来のv2正本候補。英検最小級=4。出現級=4;3。pos判定=label_raw_all,source_refs=4:363;3:727; row_count=2; label_raw_all=名詞
add,376,begin,begin,verb,base,1,始はじまる,junior_high,1,eiken,英検語彙由来のv2正本候補。英検最小級=4。出現級=4;3。pos判定=label_raw_all,source_refs=4:366;3:1004; row_count=2; label_raw_all=動詞
add,377,believe,believe,verb,base,1,信しんじる,junior_high,1,eiken,英検語彙由来のv2正本候補。英検最小級=4。出現級=4;3。pos判定=label_raw_all,source_refs=4:625;3:133; row_count=2; label_raw_all=動詞
add,378,between,between,preposition,base,1,～と～の間あいだ,junior_high,1,eiken,英検語彙由来のv2正本候補。英検最小級=4。出現級=4;3。pos判定=label_raw_all,source_refs=4:161;3:731; row_count=2; label_raw_all=前置詞
add,379,borrow,borrow,verb,base,1,借かりる,junior_high,1,eiken,英検語彙由来のv2正本候補。英検最小級=4。出現級=4;3;pre2;2。pos判定=label_raw_all,source_refs=4:460;3:101;pre2:78;2:236; row_count=4; label_raw_all=動詞; meaning_ja_all=借かりる / を借りる，を借用する
add,380,bright,bright,adjective,base,1,明あかるい,junior_high,1,eiken,英検語彙由来のv2正本候補。英検最小級=4。出現級=4;3。pos判定=label_raw_all,source_refs=4:680;3:140; row_count=2; label_raw_all=形容詞
add,381,bring,bring,verb,base,1,持もって来くる,junior_high,1,eiken,英検語彙由来のv2正本候補。英検最小級=4。出現級=4;3;pre2;2。pos判定=label_raw_all,source_refs=4:623;3:17;pre2:1418;2:389; row_count=4; label_raw_all=動詞; meaning_ja_all=持もって来くる / 持って来る，連れてくる
add,382,build,build,verb,base,1,建たてる,junior_high,1,eiken,英検語彙由来のv2正本候補。英検最小級=4。出現級=4;3。pos判定=label_raw_all,source_refs=4:111;3:609; row_count=2; label_raw_all=動詞
add,383,but,but,conjunction,base,1,しかし,junior_high,1,eiken,英検語彙由来のv2正本候補。英検最小級=4。出現級=4。pos判定=v0_master_pos:conjunction,source_refs=4:187; row_count=1
add,384,capital,capital,noun,base,1,首都しゅと,junior_high,1,eiken,英検語彙由来のv2正本候補。英検最小級=4。出現級=4;3;pre2;2。pos判定=label_raw_all,source_refs=4:536;3:994;pre2:180;2:1950; row_count=4; label_raw_all=名詞; meaning_ja_all=首都しゅと / 資本，首都
add,385,carefully,carefully,adverb,base,1,注意ちゅうい深ぶかく,junior_high,1,eiken,英検語彙由来のv2正本候補。英検最小級=4。出現級=4;3。pos判定=label_raw_all,source_refs=4:659;3:952; row_count=2; label_raw_all=副詞
add,386,carry,carry,verb,base,1,運はこぶ,junior_high,1,eiken,英検語彙由来のv2正本候補。英検最小級=4。出現級=4;3。pos判定=label_raw_all,source_refs=4:664;3:90; row_count=2; label_raw_all=動詞
add,387,change,change,verb,base,1,変かわる,junior_high,1,eiken,英検語彙由来のv2正本候補。英検最小級=4。出現級=4。pos判定=v0_master_pos:verb,source_refs=4:559; row_count=1
add,388,child,child,noun,base,1,子供こども,junior_high,1,eiken,英検語彙由来のv2正本候補。英検最小級=4。出現級=4。pos判定=v0_master_pos:noun,source_refs=4:627; row_count=1
add,389,choose,choose,verb,base,1,選えらぶ,junior_high,1,eiken,英検語彙由来のv2正本候補。英検最小級=4。出現級=4;3。pos判定=label_raw_all,source_refs=4:571;3:208; row_count=2; label_raw_all=動詞
add,390,clever,clever,adjective,base,1,利口りこうな,junior_high,1,eiken,英検語彙由来のv2正本候補。英検最小級=4。出現級=4;3。pos判定=label_raw_all,source_refs=4:448;3:625; row_count=2; label_raw_all=形容詞
add,391,climb,climb,verb,base,1,登のぼる,junior_high,1,eiken,英検語彙由来のv2正本候補。英検最小級=4。出現級=4;3;2。pos判定=label_raw_all,source_refs=4:382;3:859;2:827; row_count=3; label_raw_all=動詞; meaning_ja_all=登のぼる / 登る，よじ登る
add,392,cloth,cloth,noun,base,1,服ふく,junior_high,1,eiken,英検語彙由来のv2正本候補。英検最小級=4。出現級=4;3。pos判定=label_raw_all,source_refs=4:74;3:1153; row_count=2; label_raw_all=名詞
add,393,cloud,cloud,noun,base,1,雲くも,junior_high,1,eiken,英検語彙由来のv2正本候補。英検最小級=4。出現級=4;3。pos判定=label_raw_all,source_refs=4:127;3:643; row_count=2; label_raw_all=名詞
add,394,college,college,noun,base,1,大学だいがく,junior_high,1,eiken,英検語彙由来のv2正本候補。英検最小級=4。出現級=4;3;2。pos判定=label_raw_all,source_refs=4:661;3:1117;2:958; row_count=3; label_raw_all=名詞; meaning_ja_all=大学だいがく / 大学，高等教育機関
add,395,culture,culture,noun,base,1,文化ぶんか,junior_high,1,eiken,英検語彙由来のv2正本候補。英検最小級=4。出現級=4;3;pre2;2。pos判定=label_raw_all,source_refs=4:258;3:611;pre2:334;2:870; row_count=4; label_raw_all=名詞; meaning_ja_all=文化ぶんか / 文化，教養
add,396,decide,decide,verb,base,1,決心けっしんする,junior_high,1,eiken,英検語彙由来のv2正本候補。英検最小級=4。出現級=4;3;pre2;2。pos判定=label_raw_all,source_refs=4:39;3:68;pre2:1294;2:185; row_count=4; label_raw_all=動詞; meaning_ja_all=決心けっしんする / 決心する，決定する
add,397,die,die,verb,base,1,死しぬ,junior_high,1,eiken,英検語彙由来のv2正本候補。英検最小級=4。出現級=4;3;2。pos判定=label_raw_all,source_refs=4:519;3:502;2:1833; row_count=3; label_raw_all=動詞; meaning_ja_all=死しぬ / 死ぬ，亡くなる
add,398,discover,discover,verb,base,1,発見はっけんする,junior_high,1,eiken,英検語彙由来のv2正本候補。英検最小級=4。出現級=4;3;pre2;2。pos判定=label_raw_all,source_refs=4:575;3:786;pre2:157;2:13; row_count=4; label_raw_all=動詞; meaning_ja_all=発見はっけんする / を発見する，見つける
add,399,dislike,dislike,verb,base,1,嫌きらう,junior_high,1,eiken,英検語彙由来のv2正本候補。英検最小級=4。出現級=4;3;pre2;2。pos判定=label_raw_all,source_refs=4:203;3:1207;pre2:819;2:1264; row_count=4; label_raw_all=動詞; meaning_ja_all=嫌きらう / 嫌がる，嫌い
add,400,dry,dry,verb,base,1,乾かわいた,junior_high,1,eiken,英検語彙由来のv2正本候補。英検最小級=4。出現級=4。pos判定=v0_master_pos:verb,source_refs=4:601; row_count=1
add,401,each,each,adjective,base,1,各々おのおのの,junior_high,1,eiken,英検語彙由来のv2正本候補。英検最小級=4。出現級=4;3。pos判定=label_raw_all,source_refs=4:6;3:303; row_count=2; label_raw_all=形容詞
add,402,earth,earth,noun,base,1,地球ちきゅう,junior_high,1,eiken,英検語彙由来のv2正本候補。英検最小級=4。出現級=4;3。pos判定=label_raw_all,source_refs=4:596;3:756; row_count=2; label_raw_all=名詞
add,403,east,east,noun,base,1,東ひがし,junior_high,1,eiken,英検語彙由来のv2正本候補。英検最小級=4。出現級=4;3。pos判定=label_raw_all,source_refs=4:196;3:825; row_count=2; label_raw_all=名詞
add,404,end,end,verb,base,1,終おわる,junior_high,1,eiken,英検語彙由来のv2正本候補。英検最小級=4。出現級=4。pos判定=v0_master_pos:verb,source_refs=4:3; row_count=1
add,405,enough,enough,adjective,base,1,十分じゅうぶんな,junior_high,1,eiken,英検語彙由来のv2正本候補。英検最小級=4。出現級=4;3。pos判定=label_raw_all,source_refs=4:23;3:24; row_count=2; label_raw_all=形容詞
add,406,enter,enter,verb,base,1,入はいる,junior_high,1,eiken,英検語彙由来のv2正本候補。英検最小級=4。出現級=4;3;pre2;2。pos判定=label_raw_all,source_refs=4:78;3:331;pre2:325;2:1132; row_count=4; label_raw_all=動詞; meaning_ja_all=入はいる / 入る，入場する
add,407,eraser,eraser,noun,base,1,消けしゴム,junior_high,1,eiken,英検語彙由来のv2正本候補。英検最小級=4。出現級=4;3。pos判定=label_raw_all,source_refs=4:702;3:1065; row_count=2; label_raw_all=名詞
add,408,even,even,adverb,base,1,～さえ,junior_high,1,eiken,英検語彙由来のv2正本候補。英検最小級=4。出現級=4;3。pos判定=label_raw_all,source_refs=4:663;3:1046; row_count=2; label_raw_all=副詞
add,409,ever,ever,adverb,base,1,今いままで,junior_high,1,eiken,英検語彙由来のv2正本候補。英検最小級=4。出現級=4;3。pos判定=label_raw_all,source_refs=4:462;3:373; row_count=2; label_raw_all=副詞
add,410,exam,exam,noun,base,1,試験しけん,junior_high,1,eiken,英検語彙由来のv2正本候補。英検最小級=4。出現級=4。pos判定=v0_master_pos:noun,source_refs=4:666; row_count=1
add,411,example,example,noun,base,1,例れい,junior_high,1,eiken,英検語彙由来のv2正本候補。英検最小級=4。出現級=4;3。pos判定=label_raw_all,source_refs=4:699;3:530; row_count=2; label_raw_all=名詞
add,412,explain,explain,verb,base,1,説明せつめいする,junior_high,1,eiken,英検語彙由来のv2正本候補。英検最小級=4。出現級=4;3;pre2;2。pos判定=label_raw_all,source_refs=4:585;3:382;pre2:163;2:1310; row_count=4; label_raw_all=動詞; meaning_ja_all=説明せつめいする / を説明する，を解説する
add,413,factory,factory,noun,base,1,工場こうじょう,junior_high,1,eiken,英検語彙由来のv2正本候補。英検最小級=4。出現級=4;3;2。pos判定=label_raw_all,source_refs=4:114;3:1098;2:898; row_count=3; label_raw_all=名詞; meaning_ja_all=工場こうじょう / 工場，製造所
add,414,fail,fail,verb,base,1,失敗しっぱいする,junior_high,1,eiken,英検語彙由来のv2正本候補。英検最小級=4。出現級=4;3;pre2;2。pos判定=label_raw_all,source_refs=4:141;3:695;pre2:54;2:996; row_count=4; label_raw_all=動詞; meaning_ja_all=失敗しっぱいする / 失敗する，うまくいかない
add,415,farm,farm,noun,base,1,農場のうじょう,junior_high,1,eiken,英検語彙由来のv2正本候補。英検最小級=4。出現級=4。pos判定=v0_master_pos:noun,source_refs=4:580; row_count=1
add,416,fat,fat,adjective,base,1,太ふとった,junior_high,1,eiken,英検語彙由来のv2正本候補。英検最小級=4。出現級=4;pre2;2。pos判定=label_raw_all,source_refs=4:202;pre2:932;2:1850; row_count=3; label_raw_all=形容詞; meaning_ja_all=太ふとった / 太った，肥満した
add,417,feel,feel,verb,base,1,感かんじる,junior_high,1,eiken,英検語彙由来のv2正本候補。英検最小級=4。出現級=4;3。pos判定=label_raw_all,source_refs=4:711;3:370; row_count=2; label_raw_all=動詞
add,418,find,find,verb,base,1,見みつける,junior_high,1,eiken,英検語彙由来のv2正本候補。英検最小級=4。出現級=4;3。pos判定=label_raw_all,source_refs=4:700;3:153; row_count=2; label_raw_all=動詞
add,419,finish,finish,verb,base,1,終おえる,junior_high,1,eiken,英検語彙由来のv2正本候補。英検最小級=4。出現級=4;3。pos判定=label_raw_all,source_refs=4:86;3:540; row_count=2; label_raw_all=動詞
add,420,fool,fool,noun,base,1,馬鹿ばか,junior_high,1,eiken,英検語彙由来のv2正本候補。英検最小級=4。出現級=4;3。pos判定=label_raw_all,source_refs=4:483;3:672; row_count=2; label_raw_all=名詞
add,421,foolish,foolish,adjective,base,1,愚かおろかな,junior_high,1,eiken,英検語彙由来のv2正本候補。英検最小級=4。出現級=4;3。pos判定=label_raw_all,source_refs=4:151;3:933; row_count=2; label_raw_all=形容詞; meaning_ja_all=愚かおろかな / 愚おろかな
add,422,foot,foot,noun,base,1,足あし,junior_high,1,eiken,英検語彙由来のv2正本候補。英検最小級=4。出現級=4;3。pos判定=label_raw_all,source_refs=4:21;3:888; row_count=2; label_raw_all=名詞
add,423,forget,forget,verb,base,1,忘わすれる,junior_high,1,eiken,英検語彙由来のv2正本候補。英検最小級=4。出現級=4;3;2。pos判定=label_raw_all,source_refs=4:87;3:569;2:757; row_count=3; label_raw_all=動詞; meaning_ja_all=忘わすれる / を忘れる，忘れ去る
add,424,fourth,fourth,ordinal,base,1,4番目ばんめ,junior_high,1,eiken,英検語彙由来のv2正本候補。英検最小級=4。出現級=4。pos判定=v0_master_pos:ordinal,source_refs=4:158; row_count=1
add,425,front,front,noun,base,1,前まえ,junior_high,1,eiken,英検語彙由来のv2正本候補。英検最小級=4。出現級=4;3。pos判定=label_raw_all,source_refs=4:48;3:1119; row_count=2; label_raw_all=名詞
add,426,grass,grass,noun,base,1,草くさ,junior_high,1,eiken,英検語彙由来のv2正本候補。英検最小級=4。出現級=4;3;2。pos判定=label_raw_all,source_refs=4:588;3:1121;2:960; row_count=3; label_raw_all=名詞; meaning_ja_all=草くさ / 草
add,427,grow,grow,verb,base,1,育そだてる,junior_high,1,eiken,英検語彙由来のv2正本候補。英検最小級=4。出現級=4;3。pos判定=label_raw_all,source_refs=4:359;3:89; row_count=2; label_raw_all=動詞
add,428,hall,hall,noun,base,1,廊下ろうか,junior_high,1,eiken,英検語彙由来のv2正本候補。英検最小級=4。出現級=4;3。pos判定=label_raw_all,source_refs=4:558;3:990; row_count=2; label_raw_all=名詞
add,429,happen,happen,verb,base,1,起おこる,junior_high,1,eiken,英検語彙由来のv2正本候補。英検最小級=4。出現級=4;3;2。pos判定=label_raw_all,source_refs=4:634;3:26;2:853; row_count=3; label_raw_all=動詞; meaning_ja_all=起おこる / 起こる，発生する
add,430,happiness,happiness,noun,base,1,幸福こうふく,junior_high,1,eiken,英検語彙由来のv2正本候補。英検最小級=4。出現級=4;3。pos判定=label_raw_all,source_refs=4:471;3:1107; row_count=2; label_raw_all=名詞
add,431,health,health,noun,base,1,健康けんこう,junior_high,1,eiken,英検語彙由来のv2正本候補。英検最小級=4。出現級=4;3。pos判定=label_raw_all,source_refs=4:79;3:607; row_count=2; label_raw_all=名詞
add,432,hear,hear,verb,base,1,聞きく,junior_high,1,eiken,英検語彙由来のv2正本候補。英検最小級=4。出現級=4;3。pos判定=label_raw_all,source_refs=4:245;3:144; row_count=2; label_raw_all=動詞
add,433,her,her,pronoun,base,1,彼女かのじょの,junior_high,1,eiken,英検語彙由来のv2正本候補。英検最小級=4。出現級=4。pos判定=v0_master_pos:pronoun,source_refs=4:182;4:188; row_count=2
add,434,hers,hers,pronoun,base,1,彼女かのじょのもの,junior_high,1,eiken,英検語彙由来のv2正本候補。英検最小級=4。出現級=4。pos判定=v0_master_pos:pronoun,source_refs=4:159; row_count=1
add,435,hill,hill,noun,base,1,丘おか,junior_high,1,eiken,英検語彙由来のv2正本候補。英検最小級=4。出現級=4;3。pos判定=label_raw_all,source_refs=4:104;3:582; row_count=2; label_raw_all=名詞
add,436,him,him,pronoun,base,1,彼かれを,junior_high,1,eiken,英検語彙由来のv2正本候補。英検最小級=4。出現級=4。pos判定=v0_master_pos:pronoun,source_refs=4:496; row_count=1; label_raw_all=に
add,437,his,his,pronoun,base,1,彼かれの,junior_high,1,eiken,英検語彙由来のv2正本候補。英検最小級=4。出現級=4。pos判定=v0_master_pos:pronoun,source_refs=4:190; row_count=1
add,438,history,history,noun,base,1,歴史れきし,junior_high,1,eiken,英検語彙由来のv2正本候補。英検最小級=4。出現級=4;3;2。pos判定=label_raw_all,source_refs=4:360;3:403;2:979; row_count=3; label_raw_all=名詞; meaning_ja_all=歴史れきし / 歴史，過去
add,439,hold,hold,verb,base,1,握にぎる,junior_high,1,eiken,英検語彙由来のv2正本候補。英検最小級=4。出現級=4;3。pos判定=label_raw_all,source_refs=4:49;4:82;3:975; row_count=3; label_raw_all=動詞
add,440,honest,honest,adjective,base,1,正直しょうじきな,junior_high,1,eiken,英検語彙由来のv2正本候補。英検最小級=4。出現級=4;3;pre2。pos判定=label_raw_all,source_refs=4:160;3:1116;pre2:574; row_count=3; label_raw_all=形容詞; meaning_ja_all=正直しょうじきな / 正直な
add,441,hope,hope,verb,base,1,望のぞむ,junior_high,1,eiken,英検語彙由来のv2正本候補。英検最小級=4。出現級=4;3。pos判定=label_raw_all,source_refs=4:222;3:63; row_count=2; label_raw_all=動詞
add,442,host,host,noun,base,1,主人しゅじん,junior_high,1,eiken,英検語彙由来のv2正本候補。英検最小級=4。出現級=4。pos判定=v0_master_pos:noun,source_refs=4:403; row_count=1
add,443,hurry,hurry,verb,base,1,急いそぐ,junior_high,1,eiken,英検語彙由来のv2正本候補。英検最小級=4。出現級=4;3。pos判定=label_raw_all,source_refs=4:459;3:715; row_count=2; label_raw_all=動詞
add,444,ice,ice,noun,base,1,氷こおり,junior_high,1,eiken,英検語彙由来のv2正本候補。英検最小級=4。出現級=4。pos判定=v0_master_pos:noun,source_refs=4:76; row_count=1
add,445,if,if,conjunction,base,1,もし～なら,junior_high,1,eiken,英検語彙由来のv2正本候補。英検最小級=4。出現級=4;3。pos判定=label_raw_all,source_refs=4:379;3:216; row_count=2; label_raw_all=接続詞
add,446,important,important,adjective,base,1,重要じゅうような,junior_high,1,eiken,英検語彙由来のv2正本候補。英検最小級=4。出現級=4;3。pos判定=label_raw_all,source_refs=4:157;3:78; row_count=2; label_raw_all=形容詞
add,447,inside,inside,adverb,base,1,内側うちがわ,junior_high,1,eiken,英検語彙由来のv2正本候補。英検最小級=4。出現級=4;2。pos判定=label_raw_all,source_refs=4:113;2:640; row_count=2; label_raw_all=副詞; meaning_ja_all=内側うちがわ / 中身，内部
add,448,introduce,introduce,verb,base,1,紹介しょうかいする,junior_high,1,eiken,英検語彙由来のv2正本候補。英検最小級=4。出現級=4;3;pre2;2。pos判定=label_raw_all,source_refs=4:617;3:832;pre2:705;2:469; row_count=4; label_raw_all=動詞; meaning_ja_all=紹介しょうかいする / 紹介する，引き合わす
add,449,invite,invite,verb,base,1,招待しょうたいする,junior_high,1,eiken,英検語彙由来のv2正本候補。英検最小級=4。出現級=4;3。pos判定=label_raw_all,source_refs=4:80;3:29; row_count=2; label_raw_all=動詞
add,450,its,its,pronoun,base,1,その,junior_high,1,eiken,英検語彙由来のv2正本候補。英検最小級=4。出現級=4。pos判定=v0_master_pos:pronoun,source_refs=4:183; row_count=1
add,451,joy,joy,noun,base,1,喜よろこび,junior_high,1,eiken,英検語彙由来のv2正本候補。英検最小級=4。出現級=4;pre2;2。pos判定=label_raw_all,source_refs=4:169;pre2:1002;2:1545; row_count=3; label_raw_all=名詞; meaning_ja_all=喜よろこび / 喜び，歓喜
add,452,just,just,adverb,base,1,ちょうど,junior_high,1,eiken,英検語彙由来のv2正本候補。英検最小級=4。出現級=4;3。pos判定=label_raw_all,source_refs=4:137;3:1162; row_count=2; label_raw_all=副詞; meaning_ja_all=ちょうど / たった今いま
add,453,land,land,noun,base,1,土地とち,junior_high,1,eiken,英検語彙由来のv2正本候補。英検最小級=4。出現級=4;3。pos判定=label_raw_all,source_refs=4:130;3:834; row_count=2; label_raw_all=名詞
add,454,language,language,noun,base,1,言語げんご,junior_high,1,eiken,英検語彙由来のv2正本候補。英検最小級=4。出現級=4;3;pre2;2。pos判定=label_raw_all,source_refs=4:261;3:1071;pre2:279;2:1212; row_count=4; label_raw_all=名詞; meaning_ja_all=言語げんご / 言語，言葉
add,455,last,last,adjective,base,1,この前まえの，最後さいごの,junior_high,1,eiken,英検語彙由来のv2正本候補。英検最小級=4。出現級=4;3。pos判定=label_raw_all,source_refs=4:4;4:12;3:469; row_count=3; label_raw_all=形容詞; meaning_ja_all=この前まえの，最後さいごの / 最後さいご / ひとつ前ひとつまえの、最後さいごの
add,456,laugh,laugh,verb,base,1,笑わらう,junior_high,1,eiken,英検語彙由来のv2正本候補。英検最小級=4。出現級=4;3。pos判定=label_raw_all,source_refs=4:136;3:762; row_count=2; label_raw_all=動詞
add,457,law,law,noun,base,1,法律ほうりつ,junior_high,1,eiken,英検語彙由来のv2正本候補。英検最小級=4。出現級=4;3;pre2;2。pos判定=label_raw_all,source_refs=4:697;3:960;pre2:741;2:1014; row_count=4; label_raw_all=名詞; meaning_ja_all=法律ほうりつ / 法律，制度
add,458,leaf,leaf,noun,base,1,葉は,junior_high,1,eiken,英検語彙由来のv2正本候補。英検最小級=4。出現級=4;3。pos判定=label_raw_all,source_refs=4:99;3:857; row_count=2; label_raw_all=名詞
add,459,lend,lend,verb,base,1,貸かす,junior_high,1,eiken,英検語彙由来のv2正本候補。英検最小級=4。出現級=4;3。pos判定=label_raw_all,source_refs=4:528;3:378; row_count=2; label_raw_all=動詞
add,460,lie,lie,noun,base,1,嘘うそ,junior_high,1,eiken,英検語彙由来のv2正本候補。英検最小級=4。出現級=4;3;pre2;2。pos判定=label_raw_all_multi:noun|verb,source_refs=4:67;4:646;3:676;3:1203;pre2:221;pre2:1093;2:1110; row_count=7; label_raw_all=名詞;動詞; meaning_ja_all=嘘うそ / 横よこたわる / うそ / 横たわる，寝転ぶ
add,461,light,light,noun,base,1,光ひかり,junior_high,1,eiken,英検語彙由来のv2正本候補。英検最小級=4。出現級=4。pos判定=v0_master_pos:adjective|noun,source_refs=4:497; row_count=1
add,462,lose,lose,verb,base,1,失うしなう,junior_high,1,eiken,英検語彙由来のv2正本候補。英検最小級=4。出現級=4;3;pre2;2。pos判定=label_raw_all,source_refs=4:178;3:557;pre2:623;2:1893; row_count=4; label_raw_all=動詞; meaning_ja_all=失うしなう / 失う，無くす
add,463,loud,loud,adjective,base,1,騒さわがしい,junior_high,1,eiken,英検語彙由来のv2正本候補。英検最小級=4。出現級=4;3。pos判定=label_raw_all,source_refs=4:81;3:298; row_count=2; label_raw_all=形容詞; meaning_ja_all=騒さわがしい / 騒がしさわがしい
add,464,low,low,adjective,base,1,低ひくい,junior_high,1,eiken,英検語彙由来のv2正本候補。英検最小級=4。出現級=4;3。pos判定=label_raw_all,source_refs=4:358;3:780; row_count=2; label_raw_all=形容詞
add,465,magazine,magazine,noun,base,1,雑誌ざっし,junior_high,1,eiken,英検語彙由来のv2正本候補。英検最小級=4。出現級=4;3。pos判定=label_raw_all,source_refs=4:567;3:919; row_count=2; label_raw_all=名詞
add,466,market,market,noun,base,1,市場しじょう,junior_high,1,eiken,英検語彙由来のv2正本候補。英検最小級=4。出現級=4;3;2。pos判定=label_raw_all,source_refs=4:58;3:606;2:717; row_count=3; label_raw_all=名詞; meaning_ja_all=市場しじょう / 市場いちば / 市場，市場経済
add,467,mean,mean,verb,base,1,意味いみする,junior_high,1,eiken,英検語彙由来のv2正本候補。英検最小級=4。出現級=4;3;pre2;2。pos判定=label_raw_all,source_refs=4:65;3:1063;pre2:175;2:1290; row_count=4; label_raw_all=動詞; meaning_ja_all=意味いみする / を意味する，を示す
add,468,meat,meat,noun,base,1,肉にく,junior_high,1,eiken,英検語彙由来のv2正本候補。英検最小級=4。出現級=4;3。pos判定=label_raw_all,source_refs=4:94;3:592; row_count=2; label_raw_all=名詞
add,469,medicine,medicine,noun,base,1,薬くすり,junior_high,1,eiken,英検語彙由来のv2正本候補。英検最小級=4。出現級=4;3;pre2;2。pos判定=label_raw_all,source_refs=4:447;3:822;pre2:1317;2:233; row_count=4; label_raw_all=名詞; meaning_ja_all=薬くすり / 薬，医薬品
add,470,million,million,noun,base,1,100万まん,junior_high,1,eiken,英検語彙由来のv2正本候補。英検最小級=4。出現級=4;3;pre2;2。pos判定=label_raw_all,source_refs=4:539;3:139;pre2:261;2:46; row_count=4; label_raw_all=名詞; meaning_ja_all=100万まん / 100万
add,471,mine,mine,noun,base,1,私わたしのもの,junior_high,1,eiken,英検語彙由来のv2正本候補。英検最小級=4。出現級=4;pre1。pos判定=label_raw_all,source_refs=4:640;pre1:1274; row_count=2; label_raw_all=名詞; meaning_ja_all=私わたしのもの / 鉱山，地雷
add,472,neck,neck,noun,base,1,首くび,junior_high,1,eiken,英検語彙由来のv2正本候補。英検最小級=4。出現級=4。pos判定=v0_master_pos:noun,source_refs=4:508; row_count=1
add,473,nest,nest,noun,base,1,巣す,junior_high,1,eiken,英検語彙由来のv2正本候補。英検最小級=4。出現級=4;3。pos判定=label_raw_all,source_refs=4:409;3:1005; row_count=2; label_raw_all=名詞
add,474,net,net,noun,base,1,網あみ,junior_high,1,eiken,英検語彙由来のv2正本候補。英検最小級=4。出現級=4。pos判定=v0_master_pos:noun,source_refs=4:176; row_count=1
add,475,north,north,noun,base,1,北きた,junior_high,1,eiken,英検語彙由来のv2正本候補。英検最小級=4。出現級=4;3。pos判定=label_raw_all,source_refs=4:589;3:1147; row_count=2; label_raw_all=名詞
add,476,once,once,adverb,base,1,かつて,junior_high,1,eiken,英検語彙由来のv2正本候補。英検最小級=4。出現級=4;3;2。pos判定=label_raw_all,source_refs=4:189;3:241;2:500; row_count=3; label_raw_all=副詞; meaning_ja_all=かつて / かつて，1度
add,477,or,or,conjunction,base,1,それとも,junior_high,1,eiken,英検語彙由来のv2正本候補。英検最小級=4。出現級=4。pos判定=v0_master_pos:conjunction,source_refs=4:372; row_count=1
add,478,other,other,adjective,base,1,他ほかの,junior_high,1,eiken,英検語彙由来のv2正本候補。英検最小級=4。出現級=4;3。pos判定=label_raw_all,source_refs=4:1;3:281; row_count=2; label_raw_all=形容詞; meaning_ja_all=他ほかの / ほかの
add,479,own,own,adjective,base,1,自分じぶんの,junior_high,1,eiken,英検語彙由来のv2正本候補。英検最小級=4。出現級=4;3;pre2;2。pos判定=label_raw_all,source_refs=4:10;3:74;pre2:1023;2:1418; row_count=4; label_raw_all=形容詞; meaning_ja_all=自分じぶんの / 自身の，自分自身の
add,480,past,past,noun,base,1,過去かこの,junior_high,1,eiken,英検語彙由来のv2正本候補。英検最小級=4。出現級=4;3;pre2;2。pos判定=label_raw_all_multi:noun|adjective,source_refs=4:116;3:1034;pre2:235;2:1755; row_count=4; label_raw_all=名詞;形容詞; meaning_ja_all=過去かこの / 過去の，終わった
add,481,pay,pay,verb,base,1,支払しはらう,junior_high,1,eiken,英検語彙由来のv2正本候補。英検最小級=4。出現級=4;3。pos判定=label_raw_all,source_refs=4:124;3:172; row_count=2; label_raw_all=動詞
add,482,person,person,noun,base,1,人ひと,junior_high,1,eiken,英検語彙由来のv2正本候補。英検最小級=4。出現級=4;3。pos判定=label_raw_all,source_refs=4:90;3:995; row_count=2; label_raw_all=名詞
add,483,pick,pick,verb,base,1,選えらぶ,junior_high,1,eiken,英検語彙由来のv2正本候補。英検最小級=4。出現級=4;3。pos判定=label_raw_all,source_refs=4:112;3:425; row_count=2; label_raw_all=動詞
add,484,plan,plan,verb,base,1,計画けいかくする,junior_high,1,eiken,英検語彙由来のv2正本候補。英検最小級=4。出現級=4;3。pos判定=label_raw_all,source_refs=4:704;3:32; row_count=2; label_raw_all=動詞
add,485,planet,planet,noun,base,1,惑星わくせい,junior_high,1,eiken,英検語彙由来のv2正本候補。英検最小級=4。出現級=4;3;pre2;2。pos判定=label_raw_all,source_refs=4:131;3:1148;pre2:1436;2:417; row_count=4; label_raw_all=名詞; meaning_ja_all=惑星わくせい / 惑星，天体
add,486,poem,poem,noun,base,1,詩し,junior_high,1,eiken,英検語彙由来のv2正本候補。英検最小級=4。出現級=4;3。pos判定=label_raw_all,source_refs=4:503;3:1001; row_count=2; label_raw_all=名詞
add,487,police,police,noun,base,1,警察けいさつ,junior_high,1,eiken,英検語彙由来のv2正本候補。英検最小級=4。出現級=4。pos判定=v0_master_pos:noun,source_refs=4:584; row_count=1
add,488,pond,pond,noun,base,1,池いけ,junior_high,1,eiken,英検語彙由来のv2正本候補。英検最小級=4。出現級=4;3。pos判定=label_raw_all,source_refs=4:132;3:580; row_count=2; label_raw_all=名詞
add,489,poor,poor,adjective,base,1,貧乏びんぼうな,junior_high,1,eiken,英検語彙由来のv2正本候補。英検最小級=4。出現級=4;3。pos判定=label_raw_all,source_refs=4:180;3:650; row_count=2; label_raw_all=形容詞
add,490,popular,popular,adjective,base,1,人気にんきの,junior_high,1,eiken,英検語彙由来のv2正本候補。英検最小級=4。出現級=4;3;pre2;2。pos判定=label_raw_all,source_refs=4:54;3:7;pre2:448;2:1493; row_count=4; label_raw_all=形容詞; meaning_ja_all=人気にんきの / 人気のある，評判の良い
add,491,pork,pork,noun,base,1,豚肉ぶたにく,junior_high,1,eiken,英検語彙由来のv2正本候補。英検最小級=4。出現級=4。pos判定=v0_master_pos:noun,source_refs=4:110; row_count=1
add,492,port,port,noun,base,1,港みなと,junior_high,1,eiken,英検語彙由来のv2正本候補。英検最小級=4。出現級=4;3。pos判定=label_raw_all,source_refs=4:47;3:848; row_count=2; label_raw_all=名詞
add,493,problem,problem,noun,base,1,問題もんだい,junior_high,1,eiken,英検語彙由来のv2正本候補。英検最小級=4。出現級=4;3。pos判定=label_raw_all,source_refs=4:466;3:233; row_count=2; label_raw_all=名詞
add,494,question,question,noun,base,1,質問しつもん,junior_high,1,eiken,英検語彙由来のv2正本候補。英検最小級=4。出現級=4。pos判定=v0_master_pos:noun,source_refs=4:9; row_count=1
add,495,quiet,quiet,adjective,base,1,静しずかな,junior_high,1,eiken,英検語彙由来のv2正本候補。英検最小級=4。出現級=4;3。pos判定=label_raw_all,source_refs=4:164;3:1090; row_count=2; label_raw_all=形容詞
add,496,rain,rain,noun,base,1,雨あめ,junior_high,1,eiken,英検語彙由来のv2正本候補。英検最小級=4。出現級=4。pos判定=v0_master_pos:noun|verb,source_refs=4:20; row_count=1
add,497,real,real,adjective,base,1,ほんとうの,junior_high,1,eiken,英検語彙由来のv2正本候補。英検最小級=4。出現級=4。pos判定=v0_master_pos:adjective,source_refs=4:138; row_count=1
add,498,realize,realize,verb,base,1,実現じつげんする,junior_high,1,eiken,英検語彙由来のv2正本候補。英検最小級=4。出現級=4;3;pre2;2。pos判定=label_raw_all,source_refs=4:156;3:1186;pre2:418;2:1054; row_count=4; label_raw_all=動詞; meaning_ja_all=実現じつげんする / だとわかる，実現する
add,499,remember,remember,verb,base,1,思おもい出だす,junior_high,1,eiken,英検語彙由来のv2正本候補。英検最小級=4。出現級=4;3;pre2;2。pos判定=label_raw_all,source_refs=4:50;4:60;3:79;pre2:746;2:1390; row_count=5; label_raw_all=動詞; meaning_ja_all=思おもい出だす / 覚おぼえている / 覚えている，を思い出す
add,500,rest,rest,verb,base,1,休息きゅうそくする,junior_high,1,eiken,英検語彙由来のv2正本候補。英検最小級=4。出現級=4;3。pos判定=label_raw_all,source_refs=4:13;3:574; row_count=2; label_raw_all=動詞
add,501,rise,rise,verb,base,1,昇のぼる,junior_high,1,eiken,英検語彙由来のv2正本候補。英検最小級=4。出現級=4;3;pre2;2。pos判定=label_raw_all,source_refs=4:37;4:225;3:360;pre2:1090;2:1890; row_count=5; label_raw_all=動詞; meaning_ja_all=昇のぼる / 上がる，昇る
add,502,roof,roof,noun,base,1,屋根やね,junior_high,1,eiken,英検語彙由来のv2正本候補。英検最小級=4。出現級=4;3。pos判定=label_raw_all,source_refs=4:115;3:820; row_count=2; label_raw_all=名詞
add,503,row,row,verb,base,1,こぐ,junior_high,1,eiken,英検語彙由来のv2正本候補。英検最小級=4。出現級=4;3。pos判定=label_raw_all,source_refs=4:611;3:778; row_count=2; label_raw_all=動詞
add,504,sailor,sailor,noun,base,1,船員せんいん,junior_high,1,eiken,英検語彙由来のv2正本候補。英検最小級=4。出現級=4;3。pos判定=label_raw_all,source_refs=4:117;3:740; row_count=2; label_raw_all=名詞
add,505,salt,salt,noun,base,1,塩しお,junior_high,1,eiken,英検語彙由来のv2正本候補。英検最小級=4。出現級=4;3。pos判定=label_raw_all,source_refs=4:125;3:244; row_count=2; label_raw_all=名詞
add,506,sang,sang,verb,base,1,歌うたった,junior_high,1,eiken,英検語彙由来のv2正本候補。英検最小級=4。出現級=4。pos判定=v0_master_pos:verb,source_refs=4:638; row_count=1
add,507,sat,sat,verb,base,1,座すわった,junior_high,1,eiken,英検語彙由来のv2正本候補。英検最小級=4。出現級=4。pos判定=v0_master_pos:verb,source_refs=4:441; row_count=1
add,508,save,save,verb,base,1,節約せつやくする,junior_high,1,eiken,英検語彙由来のv2正本候補。英検最小級=4。出現級=4;3。pos判定=label_raw_all,source_refs=4:147;3:200; row_count=2; label_raw_all=動詞
add,509,say,say,verb,base,1,言いう,junior_high,1,eiken,英検語彙由来のv2正本候補。英検最小級=4。出現級=4。pos判定=v0_master_pos:verb,source_refs=4:7; row_count=1
add,510,seem,seem,verb,base,1,～の様ように見みえる,junior_high,1,eiken,英検語彙由来のv2正本候補。英検最小級=4。出現級=4;3;pre2;2。pos判定=label_raw_all,source_refs=4:121;3:1146;pre2:483;2:1539; row_count=4; label_raw_all=動詞; meaning_ja_all=～の様ように見みえる / の様に見える，思われる
add,511,senior,senior,adjective,base,1,年上としうえの,junior_high,1,eiken,英検語彙由来のv2正本候補。英検最小級=4。出現級=4;3;pre2;2。pos判定=label_raw_all,source_refs=4:174;3:819;pre2:1395;2:355; row_count=4; label_raw_all=形容詞; meaning_ja_all=年上としうえの / 年上としうえの，上級じょうきゅうの / ポストが上の/年上の人
add,512,set,set,verb,base,1,置おく,junior_high,1,eiken,英検語彙由来のv2正本候補。英検最小級=4。出現級=4。pos判定=v0_master_pos:verb,source_refs=4:57; row_count=1
add,513,shout,shout,verb,base,1,叫さけぶ,junior_high,1,eiken,英検語彙由来のv2正本候補。英検最小級=4。出現級=4;3。pos判定=label_raw_all,source_refs=4:25;3:686; row_count=2; label_raw_all=動詞
add,514,show,show,verb,base,1,見みせる,junior_high,1,eiken,英検語彙由来のv2正本候補。英検最小級=4。出現級=4;3。pos判定=label_raw_all,source_refs=4:36;3:50; row_count=2; label_raw_all=動詞
add,515,snow,snow,noun,base,1,雪ゆき,junior_high,1,eiken,英検語彙由来のv2正本候補。英検最小級=4。出現級=4。pos判定=v0_master_pos:noun,source_refs=4:88; row_count=1
add,516,south,south,noun,base,1,南みなみ,junior_high,1,eiken,英検語彙由来のv2正本候補。英検最小級=4。出現級=4;3。pos判定=label_raw_all,source_refs=4:474;3:891; row_count=2; label_raw_all=名詞
add,517,spend,spend,verb,base,1,費ついやす,junior_high,1,eiken,英検語彙由来のv2正本候補。英検最小級=4。出現級=4;3;pre2;2。pos判定=label_raw_all,source_refs=4:68;3:397;pre2:156;2:168; row_count=4; label_raw_all=動詞; meaning_ja_all=費ついやす / を費やす，使う
add,518,stay,stay,verb,base,1,滞在たいざい,junior_high,1,eiken,英検語彙由来のv2正本候補。英検最小級=4。出現級=4;3。pos判定=label_raw_all,source_refs=4:191;3:62; row_count=2; label_raw_all=動詞; meaning_ja_all=滞在たいざい / 滞在たいざいする
add,519,still,still,adverb,base,1,まだ,junior_high,1,eiken,英検語彙由来のv2正本候補。英検最小級=4。出現級=4;3。pos判定=label_raw_all,source_refs=4:149;3:6; row_count=2; label_raw_all=副詞
add,520,stone,stone,noun,base,1,石いし,junior_high,1,eiken,英検語彙由来のv2正本候補。英検最小級=4。出現級=4。pos判定=v0_master_pos:noun,source_refs=4:109; row_count=1
add,521,strange,strange,adjective,base,1,奇妙きみょうな,junior_high,1,eiken,英検語彙由来のv2正本候補。英検最小級=4。出現級=4;3;pre2;2。pos判定=label_raw_all,source_refs=4:548;3:951;pre2:967;2:1185; row_count=4; label_raw_all=形容詞; meaning_ja_all=奇妙きみょうな / 奇妙な，異常な
add,522,success,success,noun,base,1,成功せいこう,junior_high,1,eiken,英検語彙由来のv2正本候補。英検最小級=4。出現級=4;3;pre2;2。pos判定=label_raw_all,source_refs=4:107;3:1195;pre2:564;2:1112; row_count=4; label_raw_all=名詞; meaning_ja_all=成功せいこう / 成功，達成
add,523,such,such,adjective,base,1,そのような,junior_high,1,eiken,英検語彙由来のv2正本候補。英検最小級=4。出現級=4;3。pos判定=label_raw_all,source_refs=4:31;3:448; row_count=2; label_raw_all=形容詞
add,524,sugar,sugar,noun,base,1,砂糖さとう,junior_high,1,eiken,英検語彙由来のv2正本候補。英検最小級=4。出現級=4。pos判定=v0_master_pos:noun,source_refs=4:118; row_count=1
add,525,sun,sun,noun,base,1,太陽たいよう,junior_high,1,eiken,英検語彙由来のv2正本候補。英検最小級=4。出現級=4;3。pos判定=label_raw_all,source_refs=4:43;3:633; row_count=2; label_raw_all=名詞
add,526,sure,sure,adjective,base,1,確信かくしんして,junior_high,1,eiken,英検語彙由来のv2正本候補。英検最小級=4。出現級=4;3;2。pos判定=label_raw_all,source_refs=4:63;3:96;2:1984; row_count=3; label_raw_all=形容詞; meaning_ja_all=確信かくしんして / 確信して，自信をもって
add,527,tell,tell,verb,base,1,伝つたえる,junior_high,1,eiken,英検語彙由来のv2正本候補。英検最小級=4。出現級=4;3。pos判定=label_raw_all,source_refs=4:24;4:85;3:641; row_count=3; label_raw_all=動詞
add,528,their,their,pronoun,base,1,彼かれらの,junior_high,1,eiken,英検語彙由来のv2正本候補。英検最小級=4。出現級=4。pos判定=v0_master_pos:pronoun,source_refs=4:193; row_count=1
add,529,theirs,theirs,pronoun,base,1,彼かれらのもの,junior_high,1,eiken,英検語彙由来のv2正本候補。英検最小級=4。出現級=4。pos判定=v0_master_pos:pronoun,source_refs=4:288; row_count=1
add,530,them,them,pronoun,base,1,彼かれらを,junior_high,1,eiken,英検語彙由来のv2正本候補。英検最小級=4。出現級=4。pos判定=v0_master_pos:pronoun,source_refs=4:613; row_count=1; label_raw_all=に
add,531,then,then,adverb,base,1,そのとき,junior_high,1,eiken,英検語彙由来のv2正本候補。英検最小級=4。出現級=4;3。pos判定=label_raw_all,source_refs=4:165;3:48; row_count=2; label_raw_all=副詞
add,532,they,they,pronoun,base,1,彼かれらは,junior_high,1,eiken,英検語彙由来のv2正本候補。英検最小級=4。出現級=4。pos判定=v0_master_pos:pronoun,source_refs=4:154; row_count=1
add,533,though,though,conjunction,base,1,～だけれど,junior_high,1,eiken,英検語彙由来のv2正本候補。英検最小級=4。出現級=4;3;2。pos判定=label_raw_all,source_refs=4:458;3:899;2:777; row_count=3; label_raw_all=接続詞; meaning_ja_all=～だけれど / だけれども / だけれども，しかし
add,534,thousand,thousand,noun,base,1,千せん、千せんの,junior_high,1,eiken,英検語彙由来のv2正本候補。英検最小級=4。出現級=4;3。pos判定=label_raw_all,source_refs=4:128;3:636; row_count=2; label_raw_all=名詞; meaning_ja_all=千せん、千せんの / 千せん
add,535,throw,throw,verb,base,1,投なげる,junior_high,1,eiken,英検語彙由来のv2正本候補。英検最小級=4。出現級=4。pos判定=v0_master_pos:verb,source_refs=4:84; row_count=1
add,536,toy,toy,noun,base,1,玩具おもちゃ,junior_high,1,eiken,英検語彙由来のv2正本候補。英検最小級=4。出現級=4;3。pos判定=label_raw_all,source_refs=4:200;3:560; row_count=2; label_raw_all=名詞
add,537,understand,understand,verb,base,1,理解りかいする,junior_high,1,eiken,英検語彙由来のv2正本候補。英検最小級=4。出現級=4;3。pos判定=label_raw_all,source_refs=4:52;3:422; row_count=2; label_raw_all=動詞
add,538,used,used,verb,base,1,使つかった,junior_high,1,eiken,英検語彙由来のv2正本候補。英検最小級=4。出現級=4。pos判定=v0_master_pos:verb,source_refs=4:201; row_count=1
add,539,useful,useful,adjective,base,1,役やくに立たつ,junior_high,1,eiken,英検語彙由来のv2正本候補。英検最小級=4。出現級=4;3;pre2;2。pos判定=label_raw_all,source_refs=4:73;3:642;pre2:931;2:1443; row_count=4; label_raw_all=形容詞; meaning_ja_all=役やくに立たつ / 役に立つ，有用な
add,540,usual,usual,adjective,base,1,通常つうじょうの,junior_high,1,eiken,英検語彙由来のv2正本候補。英検最小級=4。出現級=4;3。pos判定=label_raw_all,source_refs=4:56;3:750; row_count=2; label_raw_all=形容詞
add,541,wake,wake,verb,base,1,目めが覚さめる,junior_high,1,eiken,英検語彙由来のv2正本候補。英検最小級=4。出現級=4;3。pos判定=label_raw_all,source_refs=4:123;3:980; row_count=2; label_raw_all=動詞
add,542,war,war,noun,base,1,戦争せんそう,junior_high,1,eiken,英検語彙由来のv2正本候補。英検最小級=4。出現級=4;3;pre2;2。pos判定=label_raw_all,source_refs=4:69;3:818;pre2:686;2:1297; row_count=4; label_raw_all=名詞; meaning_ja_all=戦争せんそう / 戦争，衝突
add,543,waste,waste,noun,base,1,浪費ろうひ,junior_high,1,eiken,英検語彙由来のv2正本候補。英検最小級=4。出現級=4;3;pre2;2。pos判定=label_raw_all_multi:noun|verb,source_refs=4:175;3:914;pre2:39;2:137; row_count=4; label_raw_all=動詞;名詞; meaning_ja_all=浪費ろうひ / を浪費する/浪費，廃棄物
add,544,wave,wave,noun,base,1,波なみ,junior_high,1,eiken,英検語彙由来のv2正本候補。英検最小級=4。出現級=4;3。pos判定=label_raw_all,source_refs=4:185;3:1015; row_count=2; label_raw_all=名詞
add,545,weak,weak,adjective,base,1,弱よわい,junior_high,1,eiken,英検語彙由来のv2正本候補。英検最小級=4。出現級=4;3。pos判定=label_raw_all,source_refs=4:170;3:1129; row_count=2; label_raw_all=形容詞; meaning_ja_all=弱よわい / 弱よわい，かすかな
add,546,wear,wear,verb,base,1,着きる,junior_high,1,eiken,英検語彙由来のv2正本候補。英検最小級=4。出現級=4;3;pre2;2。pos判定=label_raw_all,source_refs=4:70;3:182;pre2:605;2:1867; row_count=4; label_raw_all=動詞; meaning_ja_all=着きる / 身につけている，着用している
add,547,while,while,conjunction,base,1,～する間あいだ,junior_high,1,eiken,英検語彙由来のv2正本候補。英検最小級=4。出現級=4;3;pre2。pos判定=label_raw_all,source_refs=4:140;3:367;pre2:959; row_count=3; label_raw_all=接続詞; meaning_ja_all=～する間あいだ / 一方で
add,548,wife,wife,noun,base,1,妻つま,junior_high,1,eiken,英検語彙由来のv2正本候補。英検最小級=4。出現級=4;3。pos判定=label_raw_all,source_refs=4:93;3:452; row_count=2; label_raw_all=名詞
add,549,wind,wind,noun,base,1,風かぜ,junior_high,1,eiken,英検語彙由来のv2正本候補。英検最小級=4。出現級=4;3。pos判定=label_raw_all,source_refs=4:108;3:793; row_count=2; label_raw_all=名詞
add,550,wish,wish,verb,base,1,望のぞむ,junior_high,1,eiken,英検語彙由来のv2正本候補。英検最小級=4。出現級=4;3。pos判定=label_raw_all,source_refs=4:100;3:527; row_count=2; label_raw_all=動詞
add,551,wood,wood,noun,base,1,木材もくざい,junior_high,1,eiken,英検語彙由来のv2正本候補。英検最小級=4。出現級=4;3。pos判定=label_raw_all,source_refs=4:120;3:1084; row_count=2; label_raw_all=名詞
add,552,word,word,noun,base,1,言葉ことば,junior_high,1,eiken,英検語彙由来のv2正本候補。英検最小級=4。出現級=4;3。pos判定=label_raw_all,source_refs=4:44;3:600; row_count=2; label_raw_all=名詞
add,553,worry,worry,verb,base,1,心配しんぱいさせる,junior_high,1,eiken,英検語彙由来のv2正本候補。英検最小級=4。出現級=4;3;pre2;2。pos判定=label_raw_all,source_refs=4:92;3:309;pre2:1074;2:1004; row_count=4; label_raw_all=動詞; meaning_ja_all=心配しんぱいさせる / 心配させる，心配する
add,554,yesterday,yesterday,adverb,base,1,昨日きのう,junior_high,1,eiken,英検語彙由来のv2正本候補。英検最小級=4。出現級=4;3。pos判定=label_raw_all,source_refs=4:195;3:663; row_count=2; label_raw_all=副詞
add,555,yours,yours,pronoun,base,1,あなたのもの,junior_high,1,eiken,英検語彙由来のv2正本候補。英検最小級=4。出現級=4。pos判定=v0_master_pos:pronoun,source_refs=4:168; row_count=1
add,556,above,above,adverb,base,1,上うえに，上記じょうきの,junior_high,2,eiken,英検語彙由来のv2正本候補。英検最小級=3。出現級=3。pos判定=label_raw_all,source_refs=3:971; row_count=1; label_raw_all=副詞
add,557,abroad,abroad,adverb,base,1,外国がいこくへ,junior_high,1,eiken,英検語彙由来のv2正本候補。英検最小級=3。出現級=3;pre2;2。pos判定=label_raw_all,source_refs=3:604;pre2:64;2:387; row_count=3; label_raw_all=副詞; meaning_ja_all=外国がいこくへ / 外国で，外国へ
add,558,accept,accept,verb,base,1,を受うけ入いれる,junior_high,1,eiken,英検語彙由来のv2正本候補。英検最小級=3。出現級=3;pre2;2。pos判定=label_raw_all,source_refs=3:957;pre2:696;2:1994; row_count=3; label_raw_all=動詞; meaning_ja_all=を受うけ入いれる / 受け入れる，受け取る
add,559,accident,accident,noun,base,1,事故じこ,junior_high,2,eiken,英検語彙由来のv2正本候補。英検最小級=3。出現級=3。pos判定=label_raw_all,source_refs=3:250; row_count=1; label_raw_all=名詞
add,560,actually,actually,adverb,base,1,実じつは、本当ほんとうは,junior_high,1,eiken,英検語彙由来のv2正本候補。英検最小級=3。出現級=3;pre2;2。pos判定=label_raw_all,source_refs=3:541;pre2:1004;2:378; row_count=3; label_raw_all=副詞; meaning_ja_all=実じつは、本当ほんとうは / 実際に，現実に
add,561,address,address,noun,base,1,住所じゅうしょ,junior_high,1,eiken,英検語彙由来のv2正本候補。英検最小級=3。出現級=3;pre2;2。pos判定=label_raw_all,source_refs=3:674;pre2:695;2:1346; row_count=3; label_raw_all=名詞; meaning_ja_all=住所じゅうしょ / 住所，居住地
add,562,affect,affect,verb,base,1,に影響えいきょうを与あたえる,junior_high,1,eiken,英検語彙由来のv2正本候補。英検最小級=3。出現級=3;pre2;2。pos判定=label_raw_all,source_refs=3:1041;pre2:1244;2:80; row_count=3; label_raw_all=動詞; meaning_ja_all=に影響えいきょうを与あたえる / に影響を与える，に作用する
add,563,agree,agree,verb,base,1,賛成さんせいする,junior_high,2,eiken,英検語彙由来のv2正本候補。英検最小級=3。出現級=3;pre2。pos判定=label_raw_all,source_refs=3:647;pre2:404; row_count=2; label_raw_all=動詞; meaning_ja_all=賛成さんせいする / 同意する，承認する
add,564,ahead,ahead,adverb,base,1,前方ぜんぽうに,junior_high,2,eiken,英検語彙由来のv2正本候補。英検最小級=3。出現級=3。pos判定=label_raw_all,source_refs=3:1208; row_count=1; label_raw_all=副詞
add,565,airline,airline,noun,base,1,航空会社こうくうがいしゃ,junior_high,1,eiken,英検語彙由来のv2正本候補。英検最小級=3。出現級=3;pre2;2。pos判定=label_raw_all,source_refs=3:576;pre2:1190;2:1339; row_count=3; label_raw_all=名詞; meaning_ja_all=航空会社こうくうがいしゃ / 航空会社，航空業者
add,566,almost,almost,adverb,base,1,ほとんど,junior_high,1,eiken,英検語彙由来のv2正本候補。英検最小級=3。出現級=3;pre2;2。pos判定=label_raw_all,source_refs=3:37;pre2:1369;2:314; row_count=3; label_raw_all=副詞; meaning_ja_all=ほとんど / ほとんど，たいてい
add,567,already,already,adverb,base,1,すでに、もう,junior_high,2,eiken,英検語彙由来のv2正本候補。英検最小級=3。出現級=3。pos判定=label_raw_all,source_refs=3:175; row_count=1; label_raw_all=副詞
add,568,although,although,conjunction,base,1,であるけれど,junior_high,1,eiken,英検語彙由来のv2正本候補。英検最小級=3。出現級=3;pre2;2。pos判定=label_raw_all,source_refs=3:871;pre2:67;2:1456; row_count=3; label_raw_all=接続詞; meaning_ja_all=であるけれど / だけれども，しかし
add,569,amaze,amaze,verb,base,1,をびっくりさせる,junior_high,2,eiken,英検語彙由来のv2正本候補。英検最小級=3。出現級=3;pre1。pos判定=label_raw_all,source_refs=3:860;pre1:434; row_count=2; label_raw_all=動詞; meaning_ja_all=をびっくりさせる / をびっくりさせる，驚かせる
add,570,amount,amount,noun,base,1,量りょう，額がく,junior_high,1,eiken,英検語彙由来のv2正本候補。英検最小級=3。出現級=3;pre2;2。pos判定=label_raw_all,source_refs=3:906;pre2:40;2:187; row_count=3; label_raw_all=名詞; meaning_ja_all=量りょう，額がく / 量，額
add,571,angry,angry,adjective,base,1,怒おこった、腹はらを立たてた,junior_high,2,eiken,英検語彙由来のv2正本候補。英検最小級=3。出現級=3。pos判定=label_raw_all,source_refs=3:224; row_count=1; label_raw_all=形容詞
add,572,announce,announce,verb,base,1,を発表はっぴょうする,junior_high,2,eiken,英検語彙由来のv2正本候補。英検最小級=3。出現級=3。pos判定=label_raw_all,source_refs=3:711; row_count=1; label_raw_all=動詞
add,573,anyway,anyway,adverb,base,1,ともかく,junior_high,2,eiken,英検語彙由来のv2正本候補。英検最小級=3。出現級=3;pre2。pos判定=label_raw_all,source_refs=3:307;pre2:100; row_count=2; label_raw_all=副詞
add,574,anywhere,anywhere,adverb,base,1,どこでも,junior_high,2,eiken,英検語彙由来のv2正本候補。英検最小級=3。出現級=3。pos判定=label_raw_all,source_refs=3:474; row_count=1; label_raw_all=副詞
add,575,apply,apply,verb,base,1,当あてはまる,junior_high,1,eiken,英検語彙由来のv2正本候補。英検最小級=3。出現級=3;pre2;2。pos判定=label_raw_all,source_refs=3:978;pre2:682;2:1221; row_count=3; label_raw_all=動詞; meaning_ja_all=当あてはまる / 適用する，応用する
add,576,army,army,noun,base,1,陸軍りくぐん,junior_high,2,eiken,英検語彙由来のv2正本候補。英検最小級=3。出現級=3。pos判定=label_raw_all,source_refs=3:1070; row_count=1; label_raw_all=名詞
add,577,around,around,preposition,base,1,のまわりに,junior_high,2,eiken,英検語彙由来のv2正本候補。英検最小級=3。出現級=3。pos判定=label_raw_all,source_refs=3:483; row_count=1; label_raw_all=前置詞
add,578,arrest,arrest,verb,base,1,を逮捕たいほする,junior_high,1,eiken,英検語彙由来のv2正本候補。英検最小級=3。出現級=3;pre2;2;pre1。pos判定=label_raw_all,source_refs=3:946;pre2:1242;2:77;pre1:95; row_count=4; label_raw_all=動詞; meaning_ja_all=を逮捕たいほする / を逮捕する，捕まえる
add,579,arrive,arrive,verb,base,1,到着とうちゃくする,junior_high,2,eiken,英検語彙由来のv2正本候補。英検最小級=3。出現級=3。pos判定=label_raw_all,source_refs=3:98; row_count=1; label_raw_all=動詞
add,580,arrow,arrow,noun,base,1,矢や,junior_high,2,eiken,英検語彙由来のv2正本候補。英検最小級=3。出現級=3。pos判定=label_raw_all,source_refs=3:705; row_count=1; label_raw_all=名詞
add,581,artistic,artistic,adjective,base,1,芸術的げいじゅつてきな,junior_high,2,eiken,英検語彙由来のv2正本候補。英検最小級=3。出現級=3。pos判定=label_raw_all,source_refs=3:813; row_count=1; label_raw_all=形容詞
add,582,attend,attend,verb,base,1,に通かよう、に出席しゅっせきする,junior_high,1,eiken,英検語彙由来のv2正本候補。英検最小級=3。出現級=3;pre2;2。pos判定=label_raw_all,source_refs=3:501;pre2:450;2:1379; row_count=3; label_raw_all=動詞; meaning_ja_all=に通かよう、に出席しゅっせきする / 出席する，付き添う
add,583,attention,attention,noun,base,1,注意ちゅうい,junior_high,2,eiken,英検語彙由来のv2正本候補。英検最小級=3。出現級=3。pos判定=label_raw_all,source_refs=3:282; row_count=1; label_raw_all=名詞
add,584,audience,audience,noun,base,1,聴衆ちょうしゅう，観客かんきゃく,junior_high,1,eiken,英検語彙由来のv2正本候補。英検最小級=3。出現級=3;pre2;2。pos判定=label_raw_all,source_refs=3:984;pre2:274;2:839; row_count=3; label_raw_all=名詞; meaning_ja_all=聴衆ちょうしゅう，観客かんきゃく / 聴衆，観客
add,585,awake,awake,adjective,base,1,目めが覚さめる,junior_high,1,eiken,英検語彙由来のv2正本候補。英検最小級=3。出現級=3;pre2;2。pos判定=label_raw_all,source_refs=3:1022;pre2:1013;2:1442; row_count=3; label_raw_all=形容詞; meaning_ja_all=目めが覚さめる / 目を覚ましている，覚醒している
add,586,award,award,noun,base,1,賞しょう,junior_high,1,eiken,英検語彙由来のv2正本候補。英検最小級=3。出現級=3;pre2;2。pos判定=label_raw_all,source_refs=3:312;pre2:660;2:2270; row_count=3; label_raw_all=名詞; meaning_ja_all=賞しょう / 賞
add,587,awesome,awesome,adjective,base,1,すばらしい,junior_high,2,eiken,英検語彙由来のv2正本候補。英検最小級=3。出現級=3。pos判定=label_raw_all,source_refs=3:702; row_count=1; label_raw_all=形容詞
add,588,bake,bake,verb,base,1,焼やく,junior_high,2,eiken,英検語彙由来のv2正本候補。英検最小級=3。出現級=3;2。pos判定=label_raw_all,source_refs=3:739;2:2146; row_count=2; label_raw_all=動詞; meaning_ja_all=焼やく / 焼く，焼成する
add,589,bakery,bakery,noun,base,1,パン屋ぱんや,junior_high,2,eiken,英検語彙由来のv2正本候補。英検最小級=3。出現級=3。pos判定=label_raw_all,source_refs=3:318; row_count=1; label_raw_all=名詞
add,590,ban,ban,verb,base,1,を禁止きんしする,junior_high,1,eiken,英検語彙由来のv2正本候補。英検最小級=3。出現級=3;pre2;2;pre1。pos判定=label_raw_all,source_refs=3:833;pre2:648;2:403;pre1:510; row_count=4; label_raw_all=動詞; meaning_ja_all=を禁止きんしする / を禁止する/禁止 / を禁止する，を禁制する
add,591,bank,bank,noun,base,1,銀行ぎんこう,junior_high,2,eiken,英検語彙由来のv2正本候補。英検最小級=3。出現級=3。pos判定=label_raw_all,source_refs=3:197; row_count=1; label_raw_all=名詞
add,592,barber,barber,noun,base,1,散髪屋さんぱつや,junior_high,2,eiken,英検語彙由来のv2正本候補。英検最小級=3。出現級=3。pos判定=label_raw_all,source_refs=3:757; row_count=1; label_raw_all=名詞
add,593,behavior,behavior,noun,base,1,ふるまい,junior_high,1,eiken,英検語彙由来のv2正本候補。英検最小級=3。出現級=3;pre2;2。pos判定=label_raw_all,source_refs=3:1136;pre2:322;2:1037; row_count=3; label_raw_all=名詞; meaning_ja_all=ふるまい / 振る舞い，態度
add,594,behind,behind,preposition,base,1,背後はいごに,junior_high,1,eiken,英検語彙由来のv2正本候補。英検最小級=3。出現級=3;pre2;2。pos判定=label_raw_all_multi:preposition|adverb,source_refs=3:563;pre2:36;2:1083; row_count=3; label_raw_all=前置詞;副詞; meaning_ja_all=背後はいごに / 背後に，後方に
add,595,belong,belong,verb,base,1,のものである,junior_high,1,eiken,英検語彙由来のv2正本候補。英検最小級=3。出現級=3;pre2;2。pos判定=label_raw_all,source_refs=3:851;pre2:535;2:1772; row_count=3; label_raw_all=動詞; meaning_ja_all=のものである / に属する，所属する
add,596,below,below,adverb,base,1,下したに、下記かきの,junior_high,2,eiken,英検語彙由来のv2正本候補。英検最小級=3。出現級=3。pos判定=label_raw_all,source_refs=3:293; row_count=1; label_raw_all=副詞
add,597,beside,beside,preposition,base,1,横よこに,junior_high,2,eiken,英検語彙由来のv2正本候補。英検最小級=3。出現級=3;2。pos判定=label_raw_all,source_refs=3:129;2:1154; row_count=2; label_raw_all=前置詞; meaning_ja_all=横よこに / の横に，隣に
add,598,besides,besides,conjunction,base,1,その上うえ，さらに,junior_high,2,eiken,英検語彙由来のv2正本候補。英検最小級=3。出現級=3。pos判定=label_raw_all,source_refs=3:1099; row_count=1; label_raw_all=接続詞
add,599,beyond,beyond,preposition,base,1,を超こえた所ところに,junior_high,1,eiken,英検語彙由来のv2正本候補。英検最小級=3。出現級=3;pre2;2。pos判定=label_raw_all,source_refs=3:1043;pre2:432;2:529; row_count=3; label_raw_all=前置詞; meaning_ja_all=を超こえた所ところに / ～を越えたところに，～を超えた場所に
add,600,billion,billion,noun,base,1,10億おく,junior_high,2,eiken,英検語彙由来のv2正本候補。英検最小級=3。出現級=3;2。pos判定=label_raw_all,source_refs=3:1091;2:2271; row_count=2; label_raw_all=名詞; meaning_ja_all=10億おく / 10億
add,601,bit,bit,noun,base,1,少すこし,junior_high,2,eiken,英検語彙由来のv2正本候補。英検最小級=3。出現級=3。pos判定=label_raw_all,source_refs=3:929; row_count=1; label_raw_all=名詞
add,602,blind,blind,adjective,base,1,目めの見みえない,junior_high,2,eiken,英検語彙由来のv2正本候補。英検最小級=3。出現級=3。pos判定=label_raw_all,source_refs=3:1178; row_count=1; label_raw_all=形容詞
add,603,blood,blood,noun,base,1,血ち,junior_high,1,eiken,英検語彙由来のv2正本候補。英検最小級=3。出現級=3;pre2;2。pos判定=label_raw_all,source_refs=3:1051;pre2:1159;2:1582; row_count=3; label_raw_all=名詞; meaning_ja_all=血ち / 血，血液
add,604,blow,blow,verb,base,1,吹ふく,junior_high,1,eiken,英検語彙由来のv2正本候補。英検最小級=3。出現級=3;pre2;2。pos判定=label_raw_all,source_refs=3:866;pre2:185;2:978; row_count=3; label_raw_all=動詞; meaning_ja_all=吹ふく / 吹く，吹き飛ばす
add,605,boil,boil,verb,base,1,ゆでる、煮にる,junior_high,2,eiken,英検語彙由来のv2正本候補。英検最小級=3。出現級=3。pos判定=label_raw_all,source_refs=3:402; row_count=1; label_raw_all=動詞
add,606,bomb,bomb,noun,base,1,爆弾ばくだん,junior_high,2,eiken,英検語彙由来のv2正本候補。英検最小級=3。出現級=3。pos判定=label_raw_all,source_refs=3:982; row_count=1; label_raw_all=名詞
add,607,border,border,noun,base,1,国境こっきょう,junior_high,1,eiken,英検語彙由来のv2正本候補。英検最小級=3。出現級=3;2;pre1。pos判定=label_raw_all,source_refs=3:746;2:664;pre1:2716; row_count=3; label_raw_all=名詞; meaning_ja_all=国境こっきょう / 国境，境界
add,608,born,born,adjective,base,1,生うまれる,junior_high,2,eiken,英検語彙由来のv2正本候補。英検最小級=3。出現級=3。pos判定=label_raw_all,source_refs=3:754; row_count=1; label_raw_all=形容詞
add,609,both,both,adjective,base,1,両方りょうほうの,junior_high,2,eiken,英検語彙由来のv2正本候補。英検最小級=3。出現級=3。pos判定=label_raw_all,source_refs=3:654; row_count=1; label_raw_all=形容詞
add,610,bother,bother,verb,base,1,面倒めんどう,junior_high,1,eiken,英検語彙由来のv2正本候補。英検最小級=3。出現級=3;pre2;2。pos判定=label_raw_all,source_refs=3:706;pre2:37;2:930; row_count=3; label_raw_all=動詞; meaning_ja_all=面倒めんどう / 面倒，迷惑をかける / 面倒/迷惑をかける
add,611,brain,brain,noun,base,1,頭脳ずのう,junior_high,1,eiken,英検語彙由来のv2正本候補。英検最小級=3。出現級=3;pre2;2。pos判定=label_raw_all,source_refs=3:742;pre2:229;2:110; row_count=3; label_raw_all=名詞; meaning_ja_all=頭脳ずのう / 頭脳，脳
add,612,branch,branch,noun,base,1,枝えだ,junior_high,2,eiken,英検語彙由来のv2正本候補。英検最小級=3。出現級=3。pos判定=label_raw_all,source_refs=3:782; row_count=1; label_raw_all=名詞
add,613,brave,brave,adjective,base,1,勇敢ゆうかんな,junior_high,2,eiken,英検語彙由来のv2正本候補。英検最小級=3。出現級=3。pos判定=label_raw_all,source_refs=3:985; row_count=1; label_raw_all=形容詞
add,614,break,break,verb,base,1,壊こわれる，破やぶる,junior_high,2,eiken,英検語彙由来のv2正本候補。英検最小級=3。出現級=3。pos判定=label_raw_all,source_refs=3:105; row_count=1; label_raw_all=動詞
add,615,burden,burden,noun,base,1,負担ふたん，重荷おもに,junior_high,1,eiken,英検語彙由来のv2正本候補。英検最小級=3。出現級=3;2;pre1。pos判定=label_raw_all,source_refs=3:1083;2:594;2:2208;pre1:3127; row_count=4; label_raw_all=名詞; meaning_ja_all=負担ふたん，重荷おもに / 負担，重荷
add,616,burn,burn,verb,base,1,を燃もやす,junior_high,2,eiken,英検語彙由来のv2正本候補。英検最小級=3。出現級=3。pos判定=label_raw_all,source_refs=3:598; row_count=1; label_raw_all=動詞
add,617,calligraphy,calligraphy,noun,base,1,書道しょどう,junior_high,2,eiken,英検語彙由来のv2正本候補。英検最小級=3。出現級=3。pos判定=label_raw_all,source_refs=3:693; row_count=1; label_raw_all=名詞
add,618,calm,calm,adjective,base,1,落おち着ついた,junior_high,2,eiken,英検語彙由来のv2正本候補。英検最小級=3。出現級=3;2。pos判定=label_raw_all,source_refs=3:694;2:1883; row_count=2; label_raw_all=形容詞; meaning_ja_all=落おち着ついた / 穏やかな，静かな
add,619,cancer,cancer,noun,base,1,がん,junior_high,2,eiken,英検語彙由来のv2正本候補。英検最小級=3。出現級=3。pos判定=label_raw_all,source_refs=3:721; row_count=1; label_raw_all=名詞
add,620,capture,capture,verb,base,1,を捕つかまえる,junior_high,2,eiken,英検語彙由来のv2正本候補。英検最小級=3。出現級=3;2。pos判定=label_raw_all,source_refs=3:939;2:782; row_count=2; label_raw_all=動詞; meaning_ja_all=を捕つかまえる / を捕まえる，捉える
add,621,care,care,verb,base,1,注意ちゅういする、世話せわする,junior_high,2,eiken,英検語彙由来のv2正本候補。英検最小級=3。出現級=3。pos判定=label_raw_all,source_refs=3:189; row_count=1; label_raw_all=動詞
add,622,celebrate,celebrate,verb,base,1,祝いわう,junior_high,1,eiken,英検語彙由来のv2正本候補。英検最小級=3。出現級=3;pre2;2。pos判定=label_raw_all,source_refs=3:345;pre2:1305;2:212; row_count=3; label_raw_all=動詞; meaning_ja_all=祝いわう / 祝う，祝福する
add,623,century,century,noun,base,1,世紀せいき,junior_high,2,eiken,英検語彙由来のv2正本候補。英検最小級=3。出現級=3。pos判定=label_raw_all,source_refs=3:534; row_count=1; label_raw_all=名詞
add,624,certain,certain,adjective,base,1,確たしかな,junior_high,1,eiken,英検語彙由来のv2正本候補。英検最小級=3。出現級=3;pre2;2。pos判定=label_raw_all,source_refs=3:1037;pre2:320;2:111; row_count=3; label_raw_all=形容詞; meaning_ja_all=確たしかな / ある，確信している
add,625,certainly,certainly,adverb,base,1,確たしかに,junior_high,1,eiken,英検語彙由来のv2正本候補。英検最小級=3。出現級=3;pre2;2。pos判定=label_raw_all,source_refs=3:1154;pre2:23;2:216; row_count=3; label_raw_all=副詞; meaning_ja_all=確たしかに / 確かに，間違いなく
add,626,charge,charge,noun,base,1,を充電じゅうでんする,junior_high,1,eiken,英検語彙由来のv2正本候補。英検最小級=3。出現級=3;pre2;2。pos判定=label_raw_all_multi:noun|verb,source_refs=3:1134;pre2:813;2:375; row_count=3; label_raw_all=動詞;名詞; meaning_ja_all=を充電じゅうでんする / 非難，料金，管理/に請求する
add,627,cheap,cheap,adjective,base,1,安やすい,junior_high,2,eiken,英検語彙由来のv2正本候補。英検最小級=3。出現級=3。pos判定=label_raw_all,source_refs=3:46; row_count=1; label_raw_all=形容詞
add,628,chemical,chemical,noun,base,1,化学物質かがくぶっしつ,junior_high,1,eiken,英検語彙由来のv2正本候補。英検最小級=3。出現級=3;pre2;2。pos判定=label_raw_all,source_refs=3:936;pre2:190;2:199; row_count=3; label_raw_all=名詞; meaning_ja_all=化学物質かがくぶっしつ / 化学物質/化学の
add,629,climate,climate,noun,base,1,気候きこう,junior_high,1,eiken,英検語彙由来のv2正本候補。英検最小級=3。出現級=3;pre2;2。pos判定=label_raw_all,source_refs=3:908;pre2:68;2:31; row_count=3; label_raw_all=名詞; meaning_ja_all=気候きこう / 気候，天候
add,630,coal,coal,noun,base,1,石炭せきたん,junior_high,1,eiken,英検語彙由来のv2正本候補。英検最小級=3。出現級=3;pre2;2。pos判定=label_raw_all,source_refs=3:788;pre2:673;2:1979; row_count=3; label_raw_all=名詞; meaning_ja_all=石炭せきたん / 石炭，炭
add,631,collect,collect,verb,base,1,集あつめる,junior_high,1,eiken,英検語彙由来のv2正本候補。英検最小級=3。出現級=3;pre2;2。pos判定=label_raw_all,source_refs=3:249;pre2:14;2:1736; row_count=3; label_raw_all=動詞; meaning_ja_all=集あつめる / 集める，収集する
add,632,colony,colony,noun,base,1,植民地しょくみんち,junior_high,2,eiken,英検語彙由来のv2正本候補。英検最小級=3。出現級=3;2。pos判定=label_raw_all,source_refs=3:1032;2:1494; row_count=2; label_raw_all=名詞; meaning_ja_all=植民地しょくみんち / 植民地，入植地
add,633,comfortable,comfortable,adjective,base,1,心地ここちの良よい,junior_high,1,eiken,英検語彙由来のv2正本候補。英検最小級=3。出現級=3;pre2;2。pos判定=label_raw_all,source_refs=3:590;pre2:17;2:1383; row_count=3; label_raw_all=形容詞; meaning_ja_all=心地ここちの良よい / 心地の良い，快適な
add,634,common,common,adjective,base,1,共通きょうつうの,junior_high,1,eiken,英検語彙由来のv2正本候補。英検最小級=3。出現級=3;pre2;2。pos判定=label_raw_all,source_refs=3:785;pre2:174;2:14; row_count=3; label_raw_all=形容詞; meaning_ja_all=共通きょうつうの / 共通の，共同の
add,635,company,company,noun,base,1,会社かいしゃ,junior_high,2,eiken,英検語彙由来のv2正本候補。英検最小級=3。出現級=3;pre2。pos判定=label_raw_all,source_refs=3:393;pre2:27; row_count=2; label_raw_all=名詞; meaning_ja_all=会社かいしゃ / 会社
add,636,complain,complain,verb,base,1,不満ふまんを言いう,junior_high,1,eiken,英検語彙由来のv2正本候補。英検最小級=3。出現級=3;pre2;2。pos判定=label_raw_all,source_refs=3:554;pre2:204;2:1502; row_count=3; label_raw_all=動詞; meaning_ja_all=不満ふまんを言いう / 不満を言う，不平を言う
add,637,condition,condition,noun,base,1,状況じょうきょう,junior_high,1,eiken,英検語彙由来のv2正本候補。英検最小級=3。出現級=3;pre2;2。pos判定=label_raw_all,source_refs=3:1082;pre2:69;2:263; row_count=3; label_raw_all=名詞; meaning_ja_all=状況じょうきょう / 状態，条件，情勢
add,638,consumer,consumer,noun,base,1,消費者しょうひしゃ,junior_high,1,eiken,英検語彙由来のv2正本候補。英検最小級=3。出現級=3;pre2;2。pos判定=label_raw_all,source_refs=3:1110;pre2:677;2:1301; row_count=3; label_raw_all=名詞; meaning_ja_all=消費者しょうひしゃ / 消費者，利用者
add,639,continue,continue,verb,base,1,続つづく,junior_high,1,eiken,英検語彙由来のv2正本候補。英検最小級=3。出現級=3;pre2;2。pos判定=label_raw_all,source_refs=3:601;pre2:47;2:1827; row_count=3; label_raw_all=動詞; meaning_ja_all=続つづく / をし続ける，続ける
add,640,convenient,convenient,adjective,base,1,便利べんりな,junior_high,1,eiken,英検語彙由来のv2正本候補。英検最小級=3。出現級=3;pre2;2。pos判定=label_raw_all,source_refs=3:874;pre2:1101;2:1463; row_count=3; label_raw_all=形容詞; meaning_ja_all=便利べんりな / 都合がよい，便利な
add,641,correct,correct,adjective,base,1,正解せいかい,junior_high,1,eiken,英検語彙由来のv2正本候補。英検最小級=3。出現級=3;pre2;2。pos判定=label_raw_all,source_refs=3:624;pre2:49;2:334; row_count=3; label_raw_all=形容詞; meaning_ja_all=正解せいかい / 正確な/を訂正する
add,642,cost,cost,noun,base,1,費用ひよう,junior_high,2,eiken,英検語彙由来のv2正本候補。英検最小級=3。出現級=3。pos判定=label_raw_all,source_refs=3:254; row_count=1; label_raw_all=名詞
add,643,could,could,auxiliary,base,1,できた,junior_high,2,eiken,英検語彙由来のv2正本候補。英検最小級=3。出現級=3。pos判定=label_raw_all_multi:auxiliary|verb,source_refs=3:1131; row_count=1; label_raw_all=助動詞
add,644,countryside,countryside,noun,base,1,田舎いなか,junior_high,2,eiken,英検語彙由来のv2正本候補。英検最小級=3。出現級=3;pre1。pos判定=label_raw_all,source_refs=3:905;pre1:153; row_count=2; label_raw_all=名詞; meaning_ja_all=田舎いなか / 田舎，地方
add,645,courage,courage,noun,base,1,勇気ゆうき,junior_high,2,eiken,英検語彙由来のv2正本候補。英検最小級=3。出現級=3;2。pos判定=label_raw_all,source_refs=3:1064;2:1272; row_count=2; label_raw_all=名詞; meaning_ja_all=勇気ゆうき / 勇気，勇猛
add,646,cousin,cousin,noun,base,1,いとこ,junior_high,2,eiken,英検語彙由来のv2正本候補。英検最小級=3。出現級=3。pos判定=label_raw_all,source_refs=3:210; row_count=1; label_raw_all=名詞
add,647,crazy,crazy,adjective,base,1,気きの狂くるった,junior_high,2,eiken,英検語彙由来のv2正本候補。英検最小級=3。出現級=3。pos判定=label_raw_all,source_refs=3:1024; row_count=1; label_raw_all=形容詞
add,648,creative,creative,adjective,base,1,創造力そうぞうりょくのある,junior_high,2,eiken,英検語彙由来のv2正本候補。英検最小級=3。出現級=3;2。pos判定=label_raw_all,source_refs=3:836;2:1053; row_count=2; label_raw_all=形容詞; meaning_ja_all=創造力そうぞうりょくのある / 創造的な，独創的な
add,649,crowd,crowd,noun,base,1,群衆ぐんしゅう,junior_high,1,eiken,英検語彙由来のv2正本候補。英検最小級=3。出現級=3;pre2;2。pos判定=label_raw_all,source_refs=3:717;pre2:987;2:1385; row_count=3; label_raw_all=名詞; meaning_ja_all=群衆ぐんしゅう / 群衆，大衆
add,650,cry,cry,verb,base,1,泣なく,junior_high,2,eiken,英検語彙由来のv2正本候補。英検最小級=3。出現級=3。pos判定=label_raw_all,source_refs=3:584; row_count=1; label_raw_all=動詞
add,651,curious,curious,adjective,base,1,好奇心こうきしんの強つよい,junior_high,1,eiken,英検語彙由来のv2正本候補。英検最小級=3。出現級=3;pre2;2。pos判定=label_raw_all,source_refs=3:947;pre2:478;2:1294; row_count=3; label_raw_all=形容詞; meaning_ja_all=好奇心こうきしんの強つよい / 好奇心が強い，探究心が強い
add,652,custom,custom,noun,base,1,習慣しゅうかん,junior_high,1,eiken,英検語彙由来のv2正本候補。英検最小級=3。出現級=3;pre2;2。pos判定=label_raw_all,source_refs=3:709;pre2:582;2:1281;2:2269; row_count=4; label_raw_all=名詞; meaning_ja_all=習慣しゅうかん / 習慣，慣例 / 習慣，慣習
add,653,customer,customer,noun,base,1,顧客こきゃく,junior_high,1,eiken,英検語彙由来のv2正本候補。英検最小級=3。出現級=3;pre2;2。pos判定=label_raw_all,source_refs=3:239;pre2:1177;2:11; row_count=3; label_raw_all=名詞; meaning_ja_all=顧客こきゃく / 顧客，お客様
add,654,daily,daily,adjective,base,1,日常にちじょうの,junior_high,2,eiken,英検語彙由来のv2正本候補。英検最小級=3。出現級=3。pos判定=label_raw_all,source_refs=3:840; row_count=1; label_raw_all=形容詞
add,655,dangerous,dangerous,adjective,base,1,危険きけんな,junior_high,2,eiken,英検語彙由来のv2正本候補。英検最小級=3。出現級=3。pos判定=label_raw_all,source_refs=3:665; row_count=1; label_raw_all=形容詞
add,656,daughter,daughter,noun,base,1,娘むすめ,junior_high,2,eiken,英検語彙由来のv2正本候補。英検最小級=3。出現級=3。pos判定=label_raw_all,source_refs=3:455; row_count=1; label_raw_all=名詞
add,657,dead,dead,adjective,base,1,死しんだ,junior_high,2,eiken,英検語彙由来のv2正本候補。英検最小級=3。出現級=3。pos判定=label_raw_all,source_refs=3:901; row_count=1; label_raw_all=形容詞
add,658,death,death,noun,base,1,死し,junior_high,2,eiken,英検語彙由来のv2正本候補。英検最小級=3。出現級=3。pos判定=label_raw_all,source_refs=3:752; row_count=1; label_raw_all=名詞
add,659,debate,debate,noun,base,1,討論とうろん,junior_high,1,eiken,英検語彙由来のv2正本候補。英検最小級=3。出現級=3;pre2;2。pos判定=label_raw_all,source_refs=3:1017;pre2:592;2:1594; row_count=3; label_raw_all=名詞; meaning_ja_all=討論とうろん / 討論，議論
add,660,decision,decision,noun,base,1,決定けってい,junior_high,1,eiken,英検語彙由来のv2正本候補。英検最小級=3。出現級=3;pre2;2。pos判定=label_raw_all,source_refs=3:966;pre2:186;2:1422; row_count=3; label_raw_all=名詞; meaning_ja_all=決定けってい / 決定，結論
add,661,definitely,definitely,adverb,base,1,もちろん、確たしかに,junior_high,1,eiken,英検語彙由来のv2正本候補。英検最小級=3。出現級=3;pre2;2。pos判定=label_raw_all,source_refs=3:802;pre2:363;2:2273; row_count=3; label_raw_all=副詞; meaning_ja_all=もちろん、確たしかに / 絶対に，確実に / もちろん，確かに
add,662,depend,depend,verb,base,1,頼たよる,junior_high,1,eiken,英検語彙由来のv2正本候補。英検最小級=3。出現級=3;pre2;2。pos判定=label_raw_all,source_refs=3:1112;pre2:641;2:1086; row_count=3; label_raw_all=動詞; meaning_ja_all=頼たよる / 依存する，頼る
add,663,desert,desert,noun,base,1,砂漠さばく,junior_high,1,eiken,英検語彙由来のv2正本候補。英検最小級=3。出現級=3;pre2;2。pos判定=label_raw_all,source_refs=3:846;pre2:1037;2:812; row_count=3; label_raw_all=名詞; meaning_ja_all=砂漠さばく / 砂漠，乾燥地帯
add,664,design,design,verb,base,1,を設計せっけいする,junior_high,2,eiken,英検語彙由来のv2正本候補。英検最小級=3。出現級=3。pos判定=label_raw_all,source_refs=3:490; row_count=1; label_raw_all=動詞
add,665,destroy,destroy,verb,base,1,を破壊はかいする,junior_high,1,eiken,英検語彙由来のv2正本候補。英検最小級=3。出現級=3;pre2;2。pos判定=label_raw_all,source_refs=3:734;pre2:45;2:1700; row_count=3; label_raw_all=動詞; meaning_ja_all=を破壊はかいする / を破壊する，を壊す
add,666,development,development,noun,base,1,開発かいはつ,junior_high,1,eiken,英検語彙由来のv2正本候補。英検最小級=3。出現級=3;pre2;2。pos判定=label_raw_all,source_refs=3:931;pre2:501;2:65; row_count=3; label_raw_all=名詞; meaning_ja_all=開発かいはつ / 発展，発達，開発
add,667,device,device,noun,base,1,装置そうち,junior_high,1,eiken,英検語彙由来のv2正本候補。英検最小級=3。出現級=3;pre2;2。pos判定=label_raw_all,source_refs=3:1158;pre2:578;2:29; row_count=3; label_raw_all=名詞; meaning_ja_all=装置そうち / 装置，仕掛け
add,668,difference,difference,noun,base,1,違ちがい,junior_high,1,eiken,英検語彙由来のv2正本候補。英検最小級=3。出現級=3;pre2;2。pos判定=label_raw_all,source_refs=3:538;pre2:1021;2:1978; row_count=3; label_raw_all=名詞; meaning_ja_all=違ちがい / 違い，差分
add,669,dirty,dirty,adjective,base,1,汚きたない,junior_high,2,eiken,英検語彙由来のv2正本候補。英検最小級=3。出現級=3。pos判定=label_raw_all,source_refs=3:228; row_count=1; label_raw_all=形容詞
add,670,disagree,disagree,verb,base,1,意見いけんが合あわない,junior_high,2,eiken,英検語彙由来のv2正本候補。英検最小級=3。出現級=3;2。pos判定=label_raw_all,source_refs=3:733;2:1914; row_count=2; label_raw_all=動詞; meaning_ja_all=意見いけんが合あわない / 反対する，拒否する
add,671,disaster,disaster,noun,base,1,災害さいがい,junior_high,1,eiken,英検語彙由来のv2正本候補。英検最小級=3。出現級=3;pre2;2;pre1。pos判定=label_raw_all,source_refs=3:1125;pre2:181;2:1196;pre1:2257; row_count=4; label_raw_all=名詞; meaning_ja_all=災害さいがい / 災害，災難
add,672,discrimination,discrimination,noun,base,1,差別さべつ,junior_high,1,eiken,英検語彙由来のv2正本候補。英検最小級=3。出現級=3;2;pre1。pos判定=label_raw_all,source_refs=3:924;2:2144;pre1:996; row_count=3; label_raw_all=名詞; meaning_ja_all=差別さべつ / 差別/差別的な
add,673,discuss,discuss,verb,base,1,話はなし合あう,junior_high,1,eiken,英検語彙由来のv2正本候補。英検最小級=3。出現級=3;pre2;2。pos判定=label_raw_all,source_refs=3:838;pre2:97;2:1853; row_count=3; label_raw_all=動詞; meaning_ja_all=話はなし合あう / について議論する，検討する
add,674,discussion,discussion,noun,base,1,討論とうろん,junior_high,1,eiken,英検語彙由来のv2正本候補。英検最小級=3。出現級=3;pre2;2。pos判定=label_raw_all,source_refs=3:1027;pre2:1113;2:1008; row_count=3; label_raw_all=名詞; meaning_ja_all=討論とうろん / 議論，討論
add,675,disease,disease,noun,base,1,病気びょうき,junior_high,1,eiken,英検語彙由来のv2正本候補。英検最小級=3。出現級=3;pre2;2。pos判定=label_raw_all,source_refs=3:1128;pre2:358;2:26; row_count=3; label_raw_all=名詞; meaning_ja_all=病気びょうき / 病気，疾患
add,676,domestic,domestic,adjective,base,1,国内こくないの,junior_high,1,eiken,英検語彙由来のv2正本候補。英検最小級=3。出現級=3;pre2;2;pre1。pos判定=label_raw_all,source_refs=3:806;pre2:1132;2:951;2:2143;pre1:3358; row_count=5; label_raw_all=形容詞; meaning_ja_all=国内こくないの / 国内の，家庭の / 国内の，自国の
add,677,donate,donate,verb,base,1,を寄付きふする,junior_high,1,eiken,英検語彙由来のv2正本候補。英検最小級=3。出現級=3;2;pre1。pos判定=label_raw_all,source_refs=3:1003;2:2139;pre1:1895; row_count=3; label_raw_all=動詞; meaning_ja_all=を寄付きふする / を寄付する，を寄贈する
add,678,drive,drive,verb,base,1,運転うんてんする,junior_high,2,eiken,英検語彙由来のv2正本候補。英検最小級=3。出現級=3。pos判定=label_raw_all,source_refs=3:149; row_count=1; label_raw_all=動詞
add,679,drop,drop,verb,base,1,落おちる,junior_high,2,eiken,英検語彙由来のv2正本候補。英検最小級=3。出現級=3。pos判定=label_raw_all,source_refs=3:823; row_count=1; label_raw_all=動詞
add,680,earthquake,earthquake,noun,base,1,地震じしん,junior_high,2,eiken,英検語彙由来のv2正本候補。英検最小級=3。出現級=3;pre1。pos判定=label_raw_all,source_refs=3:760;pre1:84; row_count=2; label_raw_all=名詞; meaning_ja_all=地震じしん / 地震
add,681,ecosystem,ecosystem,noun,base,1,生態系せいたいけい,junior_high,2,eiken,英検語彙由来のv2正本候補。英検最小級=3。出現級=3。pos判定=label_raw_all,source_refs=3:827; row_count=1; label_raw_all=名詞
add,682,effective,effective,adjective,base,1,効果的こうかてきな,junior_high,1,eiken,英検語彙由来のv2正本候補。英検最小級=3。出現級=3;pre2;2。pos判定=label_raw_all,source_refs=3:1076;pre2:1117;2:650; row_count=3; label_raw_all=形容詞; meaning_ja_all=効果的こうかてきな / 効果的な，有用な
add,683,electricity,electricity,noun,base,1,電力でんりょく,junior_high,1,eiken,英検語彙由来のv2正本候補。英検最小級=3。出現級=3;pre2;2;pre1。pos判定=label_raw_all,source_refs=3:855;pre2:1314;2:227;pre1:200; row_count=4; label_raw_all=名詞; meaning_ja_all=電力でんりょく / 電力，電気
add,684,electronic,electronic,adjective,base,1,電子でんしの,junior_high,1,eiken,英検語彙由来のv2正本候補。英検最小級=3。出現級=3;pre2;2。pos判定=label_raw_all,source_refs=3:713;pre2:588;2:1460; row_count=3; label_raw_all=形容詞; meaning_ja_all=電子でんしの / 電子の，電子式の
add,685,else,else,adverb,base,1,その他たに,junior_high,2,eiken,英検語彙由来のv2正本候補。英検最小級=3。出現級=3。pos判定=label_raw_all,source_refs=3:959; row_count=1; label_raw_all=副詞
add,686,emergency,emergency,noun,base,1,緊急事態きんきゅうじたい,junior_high,1,eiken,英検語彙由来のv2正本候補。英検最小級=3。出現級=3;pre2;2。pos判定=label_raw_all,source_refs=3:758;pre2:38;2:2191; row_count=3; label_raw_all=名詞; meaning_ja_all=緊急事態きんきゅうじたい / 緊急，急ぎ / 緊急事態，緊急
add,687,employee,employee,noun,base,1,従業員じゅうぎょういん,junior_high,1,eiken,英検語彙由来のv2正本候補。英検最小級=3。出現級=3;pre2;2。pos判定=label_raw_all,source_refs=3:1183;pre2:462;2:1959; row_count=3; label_raw_all=名詞; meaning_ja_all=従業員じゅうぎょういん / 従業員，社員
add,688,encourage,encourage,verb,base,1,を勇気ゆうきづける,junior_high,1,eiken,英検語彙由来のv2正本候補。英検最小級=3。出現級=3;pre2;2;pre1。pos判定=label_raw_all,source_refs=3:749;pre2:689;2:699;pre1:3116; row_count=4; label_raw_all=動詞; meaning_ja_all=を勇気ゆうきづける / を勇気づける，励ます
add,689,endangered,endangered,adjective,base,1,絶滅ぜつめつの危機ききにさらされている,junior_high,2,eiken,英検語彙由来のv2正本候補。英検最小級=3。出現級=3;pre1。pos判定=label_raw_all,source_refs=3:873;pre1:3372; row_count=2; label_raw_all=形容詞; meaning_ja_all=絶滅ぜつめつの危機ききにさらされている / 絶滅の危機にさらされている
add,690,enemy,enemy,noun,base,1,敵てき,junior_high,2,eiken,英検語彙由来のv2正本候補。英検最小級=3。出現級=3。pos判定=label_raw_all,source_refs=3:703; row_count=1; label_raw_all=名詞
add,691,environment,environment,noun,base,1,環境かんきょう、状況じょうきょう,junior_high,1,eiken,英検語彙由来のv2正本候補。英検最小級=3。出現級=3;pre2;2。pos判定=label_raw_all,source_refs=3:380;pre2:820;2:3; row_count=3; label_raw_all=名詞; meaning_ja_all=環境かんきょう、状況じょうきょう / 環境，状況
add,692,establish,establish,verb,base,1,を設立せつりつする,junior_high,1,eiken,英検語彙由来のv2正本候補。英検最小級=3。出現級=3;pre2;2。pos判定=label_raw_all,source_refs=3:858;pre2:164;2:253; row_count=3; label_raw_all=動詞; meaning_ja_all=を設立せつりつする / を設立する，創設する
add,693,evacuation,evacuation,noun,base,1,避難ひなん,junior_high,2,eiken,英検語彙由来のv2正本候補。英検最小級=3。出現級=3。pos判定=label_raw_all,source_refs=3:677; row_count=1; label_raw_all=名詞
add,694,everywhere,everywhere,adverb,base,1,どこでも,junior_high,2,eiken,英検語彙由来のv2正本候補。英検最小級=3。出現級=3。pos判定=label_raw_all,source_refs=3:211; row_count=1; label_raw_all=副詞
add,695,exception,exception,noun,base,1,例外れいがい,junior_high,1,eiken,英検語彙由来のv2正本候補。英検最小級=3。出現級=3;pre2;2。pos判定=label_raw_all,source_refs=3:1152;pre2:1467;2:463; row_count=3; label_raw_all=名詞; meaning_ja_all=例外れいがい / 例外，特例
add,696,exchange,exchange,verb,base,1,交換こうかん,junior_high,2,eiken,英検語彙由来のv2正本候補。英検最小級=3。出現級=3。pos判定=label_raw_all,source_refs=3:644; row_count=1; label_raw_all=動詞
add,697,expensive,expensive,adjective,base,1,高価こうかな，費用ひようのかかる,junior_high,1,eiken,英検語彙由来のv2正本候補。英検最小級=3。出現級=3;pre2;2。pos判定=label_raw_all,source_refs=3:18;pre2:1020;2:920; row_count=3; label_raw_all=形容詞; meaning_ja_all=高価こうかな，費用ひようのかかる / 高価な，費用のかかる
add,698,extend,extend,verb,base,1,を広ひろげる,junior_high,1,eiken,英検語彙由来のv2正本候補。英検最小級=3。出現級=3;pre2;2。pos判定=label_raw_all,source_refs=3:1106;pre2:872;2:1958; row_count=3; label_raw_all=動詞; meaning_ja_all=を広ひろげる / 延びる，延長する
add,699,extinction,extinction,noun,base,1,絶滅ぜつめつ,junior_high,2,eiken,英検語彙由来のv2正本候補。英検最小級=3。出現級=3;2。pos判定=label_raw_all,source_refs=3:1056;2:1285; row_count=2; label_raw_all=名詞; meaning_ja_all=絶滅ぜつめつ / 絶滅，消失
add,700,extinguisher,extinguisher,noun,base,1,消火器しょうかき,junior_high,2,eiken,英検語彙由来のv2正本候補。英検最小級=3。出現級=3。pos判定=label_raw_all,source_refs=3:986; row_count=1; label_raw_all=名詞
add,701,fact,fact,noun,base,1,事実じじつ、現実げんじつ,junior_high,2,eiken,英検語彙由来のv2正本候補。英検最小級=3。出現級=3。pos判定=label_raw_all,source_refs=3:549; row_count=1; label_raw_all=名詞
add,702,fantastic,fantastic,adjective,base,1,素晴すばらしい,junior_high,2,eiken,英検語彙由来のv2正本候補。英検最小級=3。出現級=3;pre1。pos判定=label_raw_all,source_refs=3:1057;pre1:562; row_count=2; label_raw_all=形容詞; meaning_ja_all=素晴すばらしい / 素晴らしい
add,703,feather,feather,noun,base,1,羽はね,junior_high,2,eiken,英検語彙由来のv2正本候補。英検最小級=3。出現級=3;pre1。pos判定=label_raw_all,source_refs=3:1019;pre1:199; row_count=2; label_raw_all=名詞; meaning_ja_all=羽はね / 羽根，羽毛
add,704,few,few,adjective,base,1,いくつかの,junior_high,2,eiken,英検語彙由来のv2正本候補。英検最小級=3。出現級=3。pos判定=label_raw_all,source_refs=3:417; row_count=1; label_raw_all=形容詞
add,705,fight,fight,verb,base,1,戦たたかう,junior_high,2,eiken,英検語彙由来のv2正本候補。英検最小級=3。出現級=3。pos判定=label_raw_all,source_refs=3:707; row_count=1; label_raw_all=動詞
add,706,fill,fill,verb,base,1,いっぱいにする,junior_high,2,eiken,英検語彙由来のv2正本候補。英検最小級=3。出現級=3。pos判定=label_raw_all,source_refs=3:723; row_count=1; label_raw_all=動詞
add,707,film,film,noun,base,1,映画えいが,junior_high,2,eiken,英検語彙由来のv2正本候補。英検最小級=3。出現級=3。pos判定=label_raw_all,source_refs=3:1115; row_count=1; label_raw_all=名詞
add,708,finally,finally,adverb,base,1,ついに、やっと,junior_high,2,eiken,英検語彙由来のv2正本候補。英検最小級=3。出現級=3;2。pos判定=label_raw_all,source_refs=3:578;2:868; row_count=2; label_raw_all=副詞; meaning_ja_all=ついに、やっと / ついに，やっと
add,709,finger,finger,noun,base,1,指ゆび,junior_high,2,eiken,英検語彙由来のv2正本候補。英検最小級=3。出現級=3。pos判定=label_raw_all,source_refs=3:384; row_count=1; label_raw_all=名詞
add,710,fire,fire,noun,base,1,火事かじ,junior_high,1,eiken,英検語彙由来のv2正本候補。英検最小級=3。出現級=3;pre2;2。pos判定=label_raw_all_multi:noun|verb,source_refs=3:1175;3:1197;pre2:336;2:1858; row_count=4; label_raw_all=名詞;動詞; meaning_ja_all=火事かじ / を首くびにする，解雇かいこする / 首にする，火をつける/火，火事
add,711,fix,fix,verb,base,1,固定こていする,junior_high,1,eiken,英検語彙由来のv2正本候補。英検最小級=3。出現級=3;pre2;2。pos判定=label_raw_all,source_refs=3:463;pre2:757;2:1168; row_count=3; label_raw_all=動詞; meaning_ja_all=固定こていする / 固定する，固める / 固定する，修理する
add,712,flat,flat,adjective,base,1,平たいらな,junior_high,2,eiken,英検語彙由来のv2正本候補。英検最小級=3。出現級=3。pos判定=label_raw_all,source_refs=3:839; row_count=1; label_raw_all=形容詞
add,713,flavor,flavor,noun,base,1,風味ふうみ,junior_high,1,eiken,英検語彙由来のv2正本候補。英検最小級=3。出現級=3;pre2;2。pos判定=label_raw_all,source_refs=3:591;pre2:76;2:1899; row_count=3; label_raw_all=名詞; meaning_ja_all=風味ふうみ / 風味，味
add,714,flight,flight,noun,base,1,飛行ひこう,junior_high,2,eiken,英検語彙由来のv2正本候補。英検最小級=3。出現級=3。pos判定=label_raw_all,source_refs=3:997; row_count=1; label_raw_all=名詞
add,715,focus,focus,noun,base,1,集中しゅうちゅうする,junior_high,1,eiken,英検語彙由来のv2正本候補。英検最小級=3。出現級=3;pre2;2。pos判定=label_raw_all_multi:noun|verb,source_refs=3:1170;pre2:995;2:1559; row_count=3; label_raw_all=動詞;名詞; meaning_ja_all=集中しゅうちゅうする / 焦点，中心
add,716,fold,fold,verb,base,1,を折おる，折おりたたむ,junior_high,1,eiken,英検語彙由来のv2正本候補。英検最小級=3。出現級=3;2;pre1。pos判定=label_raw_all,source_refs=3:926;2:1933;pre1:3348; row_count=3; label_raw_all=動詞; meaning_ja_all=を折おる，折おりたたむ / 折りたたむ，畳む
add,717,foreign,foreign,adjective,base,1,外国がいこくの,junior_high,1,eiken,英検語彙由来のv2正本候補。英検最小級=3。出現級=3;pre2;2。pos判定=label_raw_all,source_refs=3:617;pre2:871;2:1260; row_count=3; label_raw_all=形容詞; meaning_ja_all=外国がいこくの / 外国の，海外の
add,718,fortunately,fortunately,adverb,base,1,幸運こううんにも,junior_high,2,eiken,英検語彙由来のv2正本候補。英検最小級=3。出現級=3;pre1。pos判定=label_raw_all,source_refs=3:1151;pre1:152; row_count=2; label_raw_all=副詞; meaning_ja_all=幸運こううんにも / 運よく，幸いにも
add,719,forward,forward,adverb,base,1,前まえへ,junior_high,1,eiken,英検語彙由来のv2正本候補。英検最小級=3。出現級=3;pre2;2。pos判定=label_raw_all,source_refs=3:1181;pre2:691;2:1665; row_count=3; label_raw_all=副詞; meaning_ja_all=前まえへ / 前方へ，前に
add,720,fresh,fresh,adjective,base,1,新鮮しんせんな,junior_high,2,eiken,英検語彙由来のv2正本候補。英検最小級=3。出現級=3。pos判定=label_raw_all,source_refs=3:608; row_count=1; label_raw_all=形容詞
add,721,functional,functional,adjective,base,1,実用的じつようてきな,junior_high,2,eiken,英検語彙由来のv2正本候補。英検最小級=3。出現級=3;pre1。pos判定=label_raw_all,source_refs=3:853;pre1:1475; row_count=2; label_raw_all=形容詞; meaning_ja_all=実用的じつようてきな / 機能的な，機能上の
add,722,garden,garden,noun,base,1,庭にわ,junior_high,2,eiken,英検語彙由来のv2正本候補。英検最小級=3。出現級=3。pos判定=label_raw_all,source_refs=3:54; row_count=1; label_raw_all=名詞
add,723,gas,gas,noun,base,1,ガソリン,junior_high,2,eiken,英検語彙由来のv2正本候補。英検最小級=3。出現級=3。pos判定=label_raw_all,source_refs=3:728; row_count=1; label_raw_all=名詞
add,724,gentle,gentle,adjective,base,1,優やさしい,junior_high,1,eiken,英検語彙由来のv2正本候補。英検最小級=3。出現級=3;pre2;2。pos判定=label_raw_all,source_refs=3:684;pre2:566;2:997; row_count=3; label_raw_all=形容詞; meaning_ja_all=優やさしい / 穏やかな，物柔らかな
add,725,glad,glad,adjective,base,1,うれしい,junior_high,2,eiken,英検語彙由来のv2正本候補。英検最小級=3。出現級=3。pos判定=label_raw_all,source_refs=3:292; row_count=1; label_raw_all=形容詞
add,726,god,god,noun,base,1,神かみ,junior_high,2,eiken,英検語彙由来のv2正本候補。英検最小級=3。出現級=3。pos判定=label_raw_all,source_refs=3:1177; row_count=1; label_raw_all=名詞
add,727,government,government,noun,base,1,政府せいふ,junior_high,1,eiken,英検語彙由来のv2正本候補。英検最小級=3。出現級=3;pre2;2。pos判定=label_raw_all,source_refs=3:904;pre2:50;2:44; row_count=3; label_raw_all=名詞; meaning_ja_all=政府せいふ / 政府，行政府，内閣
add,728,grade,grade,noun,base,1,評価ひょうか,junior_high,2,eiken,英検語彙由来のv2正本候補。英検最小級=3。出現級=3。pos判定=label_raw_all,source_refs=3:587; row_count=1; label_raw_all=名詞
add,729,graduate,graduate,verb,base,1,卒業そつぎょうする,junior_high,1,eiken,英検語彙由来のv2正本候補。英検最小級=3。出現級=3;pre2;2。pos判定=label_raw_all,source_refs=3:661;pre2:985;2:231; row_count=3; label_raw_all=動詞; meaning_ja_all=卒業そつぎょうする / を卒業する，を修了する
add,730,graduation,graduation,noun,base,1,卒業そつぎょう,junior_high,2,eiken,英検語彙由来のv2正本候補。英検最小級=3。出現級=3。pos判定=label_raw_all,source_refs=3:1092; row_count=1; label_raw_all=名詞
add,731,growth,growth,noun,base,1,増加ぞうか,junior_high,2,eiken,英検語彙由来のv2正本候補。英検最小級=3。出現級=3。pos判定=label_raw_all,source_refs=3:969; row_count=1; label_raw_all=名詞
add,732,gym,gym,noun,base,1,体育館たいいくかん,junior_high,2,eiken,英検語彙由来のv2正本候補。英検最小級=3。出現級=3。pos判定=label_raw_all,source_refs=3:875; row_count=1; label_raw_all=名詞
add,733,habit,habit,noun,base,1,習慣しゅうかん,junior_high,1,eiken,英検語彙由来のv2正本候補。英検最小級=3。出現級=3;pre2;2。pos判定=label_raw_all,source_refs=3:755;pre2:638;2:665;2:2124; row_count=4; label_raw_all=名詞; meaning_ja_all=習慣しゅうかん / 習慣，慣行 / 習慣，慣習
add,734,handle,handle,verb,base,1,を処理しょりする,junior_high,1,eiken,英検語彙由来のv2正本候補。英検最小級=3。出現級=3;pre2;2。pos判定=label_raw_all,source_refs=3:428;pre2:628;2:262; row_count=3; label_raw_all=動詞; meaning_ja_all=を処理しょりする / を手で扱う，に対処する/取っ手
add,735,headache,headache,noun,base,1,頭痛ずつう,junior_high,2,eiken,英検語彙由来のv2正本候補。英検最小級=3。出現級=3;pre1。pos判定=label_raw_all,source_refs=3:470;pre1:198; row_count=2; label_raw_all=名詞; meaning_ja_all=頭痛ずつう / 頭痛
add,736,healthy,healthy,adjective,base,1,健康けんこうな,junior_high,2,eiken,英検語彙由来のv2正本候補。英検最小級=3。出現級=3。pos判定=label_raw_all,source_refs=3:111; row_count=1; label_raw_all=形容詞
add,737,heat,heat,noun,base,1,熱ねつ,junior_high,2,eiken,英検語彙由来のv2正本候補。英検最小級=3。出現級=3。pos判定=label_raw_all,source_refs=3:1095; row_count=1; label_raw_all=名詞
add,738,heaven,heaven,noun,base,1,天国てんごく,junior_high,2,eiken,英検語彙由来のv2正本候補。英検最小級=3。出現級=3。pos判定=label_raw_all,source_refs=3:671; row_count=1; label_raw_all=名詞
add,739,heavy,heavy,adjective,base,1,重おもい,junior_high,2,eiken,英検語彙由来のv2正本候補。英検最小級=3。出現級=3。pos判定=label_raw_all,source_refs=3:92; row_count=1; label_raw_all=形容詞
add,740,himself,himself,pronoun,base,1,彼自身かれじしんを,junior_high,2,eiken,英検語彙由来のv2正本候補。英検最小級=3。出現級=3。pos判定=label_raw_all_multi:pronoun|noun,source_refs=3:1199; row_count=1; label_raw_all=代名詞
add,741,hit,hit,verb,base,1,打うつ,junior_high,2,eiken,英検語彙由来のv2正本候補。英検最小級=3。出現級=3。pos判定=label_raw_all,source_refs=3:222; row_count=1; label_raw_all=動詞
add,742,hole,hole,noun,base,1,穴あな,junior_high,2,eiken,英検語彙由来のv2正本候補。英検最小級=3。出現級=3。pos判定=label_raw_all,source_refs=3:381; row_count=1; label_raw_all=名詞
add,743,holy,holy,adjective,base,1,神聖しんせいな,junior_high,2,eiken,英検語彙由来のv2正本候補。英検最小級=3。出現級=3;2。pos判定=label_raw_all,source_refs=3:912;2:2226; row_count=2; label_raw_all=形容詞; meaning_ja_all=神聖しんせいな / 神聖な，聖なる
add,744,honey,honey,noun,base,1,蜂蜜はちみつ,junior_high,2,eiken,英検語彙由来のv2正本候補。英検最小級=3。出現級=3。pos判定=label_raw_all,source_refs=3:1120; row_count=1; label_raw_all=名詞
add,745,hopeful,hopeful,adjective,base,1,希望きぼうを持もっている,junior_high,2,eiken,英検語彙由来のv2正本候補。英検最小級=3。出現級=3。pos判定=label_raw_all,source_refs=3:842; row_count=1; label_raw_all=形容詞
add,746,horizon,horizon,noun,base,1,地平線ちへいせん、水平線すいへいせん,junior_high,2,eiken,英検語彙由来のv2正本候補。英検最小級=3。出現級=3;pre1。pos判定=label_raw_all,source_refs=3:338;pre1:94; row_count=2; label_raw_all=名詞; meaning_ja_all=地平線ちへいせん、水平線すいへいせん / 地平線，水平線
add,747,horror,horror,noun,base,1,恐怖きょうふ,junior_high,1,eiken,英検語彙由来のv2正本候補。英検最小級=3。出現級=3;pre2;2。pos判定=label_raw_all,source_refs=3:499;pre2:401;2:1070; row_count=3; label_raw_all=名詞; meaning_ja_all=恐怖きょうふ / 恐怖，怖さ
add,748,however,however,conjunction,base,1,しかし,junior_high,1,eiken,英検語彙由来のv2正本候補。英検最小級=3。出現級=3;pre2;2。pos判定=label_raw_all_multi:conjunction|adverb,source_refs=3:616;pre2:13;2:2; row_count=3; label_raw_all=接続詞;副詞; meaning_ja_all=しかし / しかしながら，どんなに～でも
add,749,hurt,hurt,verb,base,1,を傷きずつける,junior_high,2,eiken,英検語彙由来のv2正本候補。英検最小級=3。出現級=3;pre2。pos判定=label_raw_all,source_refs=3:118;pre2:52; row_count=2; label_raw_all=動詞; meaning_ja_all=を傷きずつける / を傷つける
add,750,husband,husband,noun,base,1,夫おっと,junior_high,2,eiken,英検語彙由来のv2正本候補。英検最小級=3。出現級=3。pos判定=label_raw_all,source_refs=3:283; row_count=1; label_raw_all=名詞
add,751,illegal,illegal,adjective,base,1,違法いほうな,junior_high,1,eiken,英検語彙由来のv2正本候補。英検最小級=3。出現級=3;pre2;2;pre1。pos判定=label_raw_all,source_refs=3:712;pre2:1179;2:1147;pre1:1152; row_count=4; label_raw_all=形容詞; meaning_ja_all=違法いほうな / 違法の，不正な / 違法な，不法な
add,752,illiterate,illiterate,adjective,base,1,読よみ書かきのできない,junior_high,1,eiken,英検語彙由来のv2正本候補。英検最小級=3。出現級=3;pre1;1。pos判定=label_raw_all,source_refs=3:828;pre1:3318;1:3080; row_count=3; label_raw_all=形容詞; meaning_ja_all=読よみ書かきのできない / 読み書きのできない / 文盲の
add,753,image,image,noun,base,1,画像がぞう，印象いんしょう,junior_high,2,eiken,英検語彙由来のv2正本候補。英検最小級=3。出現級=3。pos判定=label_raw_all,source_refs=3:1143; row_count=1; label_raw_all=名詞
add,754,imagine,imagine,verb,base,1,を想像そうぞうする,junior_high,2,eiken,英検語彙由来のv2正本候補。英検最小級=3。出現級=3。pos判定=label_raw_all,source_refs=3:332; row_count=1; label_raw_all=動詞
add,755,import,import,verb,base,1,を輸入ゆにゅうする,junior_high,1,eiken,英検語彙由来のv2正本候補。英検最小級=3。出現級=3;pre2;2。pos判定=label_raw_all,source_refs=3:1007;pre2:194;2:1869; row_count=3; label_raw_all=動詞; meaning_ja_all=を輸入ゆにゅうする / 輸入する，直輸入する
add,756,include,include,verb,base,1,を含ふくむ,junior_high,1,eiken,英検語彙由来のv2正本候補。英検最小級=3。出現級=3;pre2;2。pos判定=label_raw_all,source_refs=3:974;pre2:555;2:789; row_count=3; label_raw_all=動詞; meaning_ja_all=を含ふくむ / を含む，内包する
add,757,increase,increase,verb,base,1,を増ふやす，増大ぞうだいさせる,junior_high,1,eiken,英検語彙由来のv2正本候補。英検最小級=3。出現級=3;pre2;2。pos判定=label_raw_all,source_refs=3:879;pre2:697;2:203; row_count=3; label_raw_all=動詞; meaning_ja_all=を増ふやす，増大ぞうだいさせる / を増やす，増大させる
add,758,independence,independence,noun,base,1,独立どくりつ,junior_high,2,eiken,英検語彙由来のv2正本候補。英検最小級=3。出現級=3;pre2。pos判定=label_raw_all,source_refs=3:683;pre2:755; row_count=2; label_raw_all=名詞; meaning_ja_all=独立どくりつ / 独立，自立
add,759,information,information,noun,base,1,情報じょうほう,junior_high,2,eiken,英検語彙由来のv2正本候補。英検最小級=3。出現級=3;pre2。pos判定=label_raw_all,source_refs=3:171;pre2:7; row_count=2; label_raw_all=名詞; meaning_ja_all=情報じょうほう / 情報
add,760,injure,injure,verb,base,1,を傷きずつける,junior_high,2,eiken,英検語彙由来のv2正本候補。英検最小級=3。出現級=3;pre1。pos判定=label_raw_all,source_refs=3:496;pre1:206; row_count=2; label_raw_all=動詞; meaning_ja_all=を傷きずつける / を傷つける
add,761,instead,instead,adverb,base,1,そのかわりに,junior_high,1,eiken,英検語彙由来のv2正本候補。英検最小級=3。出現級=3;pre2;2;pre1。pos判定=label_raw_all,source_refs=3:51;pre2:19;2:5;pre1:145; row_count=4; label_raw_all=副詞; meaning_ja_all=そのかわりに / 代わりに，その代わり
add,762,instruction,instruction,noun,base,1,指示しじ,junior_high,1,eiken,英検語彙由来のv2正本候補。英検最小級=3。出現級=3;pre2;2。pos判定=label_raw_all,source_refs=3:913;pre2:737;2:425; row_count=3; label_raw_all=名詞; meaning_ja_all=指示しじ / 指示，指導
add,763,interest,interest,noun,base,1,興味きょうみ,junior_high,2,eiken,英検語彙由来のv2正本候補。英検最小級=3。出現級=3。pos判定=label_raw_all,source_refs=3:618; row_count=1; label_raw_all=名詞
add,764,international,international,adjective,base,1,国際的こくさいてきな,junior_high,1,eiken,英検語彙由来のv2正本候補。英検最小級=3。出現級=3;pre2;2。pos判定=label_raw_all,source_refs=3:285;pre2:424;2:1140; row_count=3; label_raw_all=形容詞; meaning_ja_all=国際的こくさいてきな / 国際的な，国際レベルの
add,765,invent,invent,verb,base,1,を発明はつめいする,junior_high,1,eiken,英検語彙由来のv2正本候補。英検最小級=3。出現級=3;pre2;2。pos判定=label_raw_all,source_refs=3:191;pre2:734;2:698; row_count=3; label_raw_all=動詞; meaning_ja_all=を発明はつめいする / を発明する，創造する
add,766,inventor,inventor,noun,base,1,発明家はつめいか,junior_high,2,eiken,英検語彙由来のv2正本候補。英検最小級=3。出現級=3。pos判定=label_raw_all,source_refs=3:753; row_count=1; label_raw_all=名詞
add,767,iron,iron,noun,base,1,鉄てつ,junior_high,2,eiken,英検語彙由来のv2正本候補。英検最小級=3。出現級=3。pos判定=label_raw_all,source_refs=3:987; row_count=1; label_raw_all=名詞
add,768,jewel,jewel,noun,base,1,宝石ほうせき,junior_high,2,eiken,英検語彙由来のv2正本候補。英検最小級=3。出現級=3。pos判定=label_raw_all,source_refs=3:897; row_count=1; label_raw_all=名詞
add,769,judge,judge,noun,base,1,審判員しんぱんいん,junior_high,1,eiken,英検語彙由来のv2正本候補。英検最小級=3。出現級=3;pre2;2。pos判定=label_raw_all_multi:noun|verb,source_refs=3:552;pre2:87;2:1913; row_count=3; label_raw_all=名詞;動詞; meaning_ja_all=審判員しんぱんいん / を判断する/裁判官
add,770,keep,keep,verb,base,1,を保たもつ,junior_high,2,eiken,英検語彙由来のv2正本候補。英検最小級=3。出現級=3。pos判定=label_raw_all,source_refs=3:257; row_count=1; label_raw_all=動詞
add,771,late,late,adjective,base,1,遅おそい,junior_high,2,eiken,英検語彙由来のv2正本候補。英検最小級=3。出現級=3。pos判定=label_raw_all,source_refs=3:259; row_count=1; label_raw_all=形容詞
add,772,later,later,adverb,base,1,後のちに,junior_high,1,eiken,英検語彙由来のv2正本候補。英検最小級=3。出現級=3;pre2;2。pos判定=label_raw_all,source_refs=3:70;pre2:386;2:1017; row_count=3; label_raw_all=副詞; meaning_ja_all=後のちに / 後に，以後
add,773,latest,latest,adjective,base,1,最新さいしんの,junior_high,2,eiken,英検語彙由来のv2正本候補。英検最小級=3。出現級=3;2。pos判定=label_raw_all,source_refs=3:714;2:1488; row_count=2; label_raw_all=形容詞; meaning_ja_all=最新さいしんの / 最新の，最先端の
add,774,lawyer,lawyer,noun,base,1,弁護士べんごし,junior_high,2,eiken,英検語彙由来のv2正本候補。英検最小級=3。出現級=3;2。pos判定=label_raw_all,source_refs=3:1190;2:2112; row_count=2; label_raw_all=名詞; meaning_ja_all=弁護士べんごし / 弁護士，法律家
add,775,lazy,lazy,adjective,base,1,怠なまけ者ものの,junior_high,2,eiken,英検語彙由来のv2正本候補。英検最小級=3。出現級=3;2。pos判定=label_raw_all,source_refs=3:923;2:747; row_count=2; label_raw_all=形容詞; meaning_ja_all=怠なまけ者ものの / 怠け者の，ぐうたらの
add,776,lead,lead,verb,base,1,を導みちびく,junior_high,2,eiken,英検語彙由来のv2正本候補。英検最小級=3。出現級=3。pos判定=label_raw_all,source_refs=3:885; row_count=1; label_raw_all=動詞
add,777,let,let,verb,base,1,～に～をさせる,junior_high,2,eiken,英検語彙由来のv2正本候補。英検最小級=3。出現級=3。pos判定=label_raw_all,source_refs=3:892; row_count=1; label_raw_all=動詞
add,778,letter,letter,noun,base,1,手紙てがみ,junior_high,2,eiken,英検語彙由来のv2正本候補。英検最小級=3。出現級=3。pos判定=label_raw_all,source_refs=3:408; row_count=1; label_raw_all=名詞
add,779,lip,lip,noun,base,1,唇くちびる,junior_high,2,eiken,英検語彙由来のv2正本候補。英検最小級=3。出現級=3。pos判定=label_raw_all,source_refs=3:769; row_count=1; label_raw_all=名詞
add,780,little,little,adjective,base,1,ほとんど～ない,junior_high,2,eiken,英検語彙由来のv2正本候補。英検最小級=3。出現級=3。pos判定=label_raw_all,source_refs=3:816;3:1103; row_count=2; label_raw_all=形容詞; meaning_ja_all=ほとんど～ない / 小ちいさい，かわいい
add,781,local,local,adjective,base,1,地元じもとの,junior_high,2,eiken,英検語彙由来のv2正本候補。英検最小級=3。出現級=3。pos判定=label_raw_all,source_refs=3:376; row_count=1; label_raw_all=形容詞
add,782,loss,loss,noun,base,1,失うしなうこと，喪失そうしつ,junior_high,2,eiken,英検語彙由来のv2正本候補。英検最小級=3。出現級=3。pos判定=label_raw_all,source_refs=3:1118; row_count=1; label_raw_all=名詞
add,783,lullaby,lullaby,noun,base,1,子守歌こもりうた,junior_high,2,eiken,英検語彙由来のv2正本候補。英検最小級=3。出現級=3。pos判定=label_raw_all,source_refs=3:1018; row_count=1; label_raw_all=名詞
add,784,manager,manager,noun,base,1,部長ぶちょう,junior_high,1,eiken,英検語彙由来のv2正本候補。英検最小級=3。出現級=3;pre2;2。pos判定=label_raw_all,source_refs=3:602;pre2:792;2:983; row_count=3; label_raw_all=名詞; meaning_ja_all=部長ぶちょう / 部長，支配人
add,785,match,match,noun,base,1,試合しあい,junior_high,1,eiken,英検語彙由来のv2正本候補。英検最小級=3。出現級=3;pre2;2。pos判定=label_raw_all,source_refs=3:1042;pre2:756;2:1776; row_count=3; label_raw_all=名詞; meaning_ja_all=試合しあい / 試合，競技
add,786,matter,matter,noun,base,1,問題もんだい、困こまったこと,junior_high,1,eiken,英検語彙由来のv2正本候補。英検最小級=3。出現級=3;pre2;2。pos判定=label_raw_all,source_refs=3:568;pre2:1182;2:605; row_count=3; label_raw_all=名詞; meaning_ja_all=問題もんだい、困こまったこと / 問題，困ったこと
add,787,maybe,maybe,adverb,base,1,たぶん,junior_high,1,eiken,英検語彙由来のv2正本候補。英検最小級=3。出現級=3;pre2;2。pos判定=label_raw_all,source_refs=3:116;pre2:1079;2:1917; row_count=3; label_raw_all=副詞; meaning_ja_all=たぶん / たぶん，おそらく
add,788,meant,meant,verb,base,1,意味いみした,junior_high,2,eiken,英検語彙由来のv2正本候補。英検最小級=3。出現級=3。pos判定=label_raw_all,source_refs=3:1135; row_count=1; label_raw_all=動詞
add,789,merchant,merchant,noun,base,1,商人しょうにん,junior_high,1,eiken,英検語彙由来のv2正本候補。英検最小級=3。出現級=3;pre2;2。pos判定=label_raw_all,source_refs=3:1086;pre2:380;2:1557; row_count=3; label_raw_all=名詞; meaning_ja_all=商人しょうにん / 商人，販売者
add,790,metal,metal,noun,base,1,金属きんぞく,junior_high,1,eiken,英検語彙由来のv2正本候補。英検最小級=3。出現級=3;pre2;2。pos判定=label_raw_all,source_refs=3:1030;pre2:1250;2:94; row_count=3; label_raw_all=名詞; meaning_ja_all=金属きんぞく / 金属，合金
add,791,midnight,midnight,noun,base,1,真夜中まよなか,junior_high,2,eiken,英検語彙由来のv2正本候補。英検最小級=3。出現級=3。pos判定=label_raw_all,source_refs=3:1109; row_count=1; label_raw_all=名詞
add,792,mind,mind,noun,base,1,精神せいしん,junior_high,2,eiken,英検語彙由来のv2正本候補。英検最小級=3。出現級=3。pos判定=label_raw_all,source_refs=3:1174; row_count=1; label_raw_all=名詞
add,793,mirror,mirror,noun,base,1,鏡かがみ,junior_high,2,eiken,英検語彙由来のv2正本候補。英検最小級=3。出現級=3。pos判定=label_raw_all,source_refs=3:364; row_count=1; label_raw_all=名詞
add,794,modern,modern,adjective,base,1,現代的げんだいてきな,junior_high,1,eiken,英検語彙由来のv2正本候補。英検最小級=3。出現級=3;pre2;2。pos判定=label_raw_all,source_refs=3:1039;pre2:59;2:45; row_count=3; label_raw_all=形容詞; meaning_ja_all=現代的げんだいてきな / 現代的な，現代の
add,795,moment,moment,noun,base,1,瞬間しゅんかん,junior_high,1,eiken,英検語彙由来のv2正本候補。英検最小級=3。出現級=3;pre2;2。pos判定=label_raw_all,source_refs=3:535;pre2:653;2:1957; row_count=3; label_raw_all=名詞; meaning_ja_all=瞬間しゅんかん / 瞬間，瞬時
add,796,monthly,monthly,adjective,base,1,月つきに1回かいの,junior_high,2,eiken,英検語彙由来のv2正本候補。英検最小級=3。出現級=3。pos判定=label_raw_all,source_refs=3:868; row_count=1; label_raw_all=形容詞
add,797,more,more,adverb,base,1,もっと,junior_high,2,eiken,英検語彙由来のv2正本候補。英検最小級=3。出現級=3。pos判定=label_raw_all,source_refs=3:436; row_count=1; label_raw_all=副詞
add,798,most,most,adjective,base,1,たいていの，大部分だいぶぶんの,junior_high,2,eiken,英検語彙由来のv2正本候補。英検最小級=3。出現級=3。pos判定=label_raw_all,source_refs=3:808; row_count=1; label_raw_all=形容詞
add,799,move,move,verb,base,1,動うごく、引ひっ越こす,junior_high,2,eiken,英検語彙由来のv2正本候補。英検最小級=3。出現級=3。pos判定=label_raw_all,source_refs=3:453; row_count=1; label_raw_all=動詞
add,800,narrow,narrow,adjective,base,1,狭せまい,junior_high,1,eiken,英検語彙由来のv2正本候補。英検最小級=3。出現級=3;pre2;2。pos判定=label_raw_all,source_refs=3:655;pre2:90;2:1666; row_count=3; label_raw_all=形容詞; meaning_ja_all=狭せまい / 幅が狭い，細い
add,801,national,national,adjective,base,1,国家こっかの,junior_high,1,eiken,英検語彙由来のv2正本候補。英検最小級=3。出現級=3;pre2;2。pos判定=label_raw_all,source_refs=3:886;pre2:750;2:1470; row_count=3; label_raw_all=形容詞; meaning_ja_all=国家こっかの / 国の，国民の
add,802,necessary,necessary,adjective,base,1,必要ひつような,junior_high,2,eiken,英検語彙由来のv2正本候補。英検最小級=3。出現級=3;pre2。pos判定=label_raw_all,source_refs=3:1104;pre2:1167; row_count=2; label_raw_all=形容詞; meaning_ja_all=必要ひつような / 必要な
add,803,neighbor,neighbor,noun,base,1,隣人りんじん,junior_high,2,eiken,英検語彙由来のv2正本候補。英検最小級=3。出現級=3;2。pos判定=label_raw_all,source_refs=3:1062;2:1371; row_count=2; label_raw_all=名詞; meaning_ja_all=隣人りんじん / 隣人，近隣住民
add,804,neither,neither,adverb,base,1,～も～もない,junior_high,2,eiken,英検語彙由来のv2正本候補。英検最小級=3。出現級=3。pos判定=label_raw_all,source_refs=3:1012; row_count=1; label_raw_all=副詞
add,805,nervous,nervous,adjective,base,1,あがっている,junior_high,1,eiken,英検語彙由来のv2正本候補。英検最小級=3。出現級=3;pre2;2。pos判定=label_raw_all,source_refs=3:81;pre2:96;2:1628; row_count=3; label_raw_all=形容詞; meaning_ja_all=あがっている / 神経質な，びくびくして
add,806,noisy,noisy,adjective,base,1,騒がしいさわがしい,junior_high,2,eiken,英検語彙由来のv2正本候補。英検最小級=3。出現級=3。pos判定=label_raw_all,source_refs=3:545; row_count=1; label_raw_all=形容詞
add,807,noon,noon,noun,base,1,正午しょうご,junior_high,2,eiken,英検語彙由来のv2正本候補。英検最小級=3。出現級=3。pos判定=label_raw_all,source_refs=3:76; row_count=1; label_raw_all=名詞
add,808,note,note,noun,base,1,紙幣しへい,junior_high,2,eiken,英検語彙由来のv2正本候補。英検最小級=3。出現級=3。pos判定=label_raw_all,source_refs=3:1021; row_count=1; label_raw_all=名詞
add,809,notice,notice,verb,base,1,気きづく,junior_high,1,eiken,英検語彙由来のv2正本候補。英検最小級=3。出現級=3;pre2;2。pos判定=label_raw_all,source_refs=3:248;pre2:79;2:1115; row_count=3; label_raw_all=動詞; meaning_ja_all=気きづく / 気づく/通知
add,810,nuclear,nuclear,adjective,base,1,核かくの、原子力げんしりょくの,junior_high,1,eiken,英検語彙由来のv2正本候補。英検最小級=3。出現級=3;pre2;2。pos判定=label_raw_all,source_refs=3:730;pre2:899;2:1785; row_count=3; label_raw_all=形容詞; meaning_ja_all=核かくの、原子力げんしりょくの / 核の，中心の
add,811,ocean,ocean,noun,base,1,大洋たいよう、海うみ,junior_high,2,eiken,英検語彙由来のv2正本候補。英検最小級=3。出現級=3。pos判定=label_raw_all,source_refs=3:314; row_count=1; label_raw_all=名詞
add,812,often,often,adverb,base,1,しばしば、よく,junior_high,2,eiken,英検語彙由来のv2正本候補。英検最小級=3。出現級=3。pos判定=label_raw_all,source_refs=3:288; row_count=1; label_raw_all=副詞
add,813,opinion,opinion,noun,base,1,意見いけん，考かんがえ,junior_high,1,eiken,英検語彙由来のv2正本候補。英検最小級=3。出現級=3;pre2;2。pos判定=label_raw_all,source_refs=3:921;pre2:858;2:867; row_count=3; label_raw_all=名詞; meaning_ja_all=意見いけん，考かんがえ / 意見，考え
add,814,order,order,noun,base,1,注文ちゅうもんする,junior_high,1,eiken,英検語彙由来のv2正本候補。英検最小級=3。出現級=3;pre2;2。pos判定=label_raw_all_multi:noun|verb,source_refs=3:263;pre2:892;2:1397; row_count=3; label_raw_all=動詞;名詞; meaning_ja_all=注文ちゅうもんする / 命令，指令
add,815,ordinary,ordinary,adjective,base,1,普通ふつうの,junior_high,1,eiken,英検語彙由来のv2正本候補。英検最小級=3。出現級=3;pre2;2。pos判定=label_raw_all,source_refs=3:687;pre2:364;2:914; row_count=3; label_raw_all=形容詞; meaning_ja_all=普通ふつうの / ふつうの，いつもの
add,816,outside,outside,preposition,base,1,の外側そとがわに,junior_high,2,eiken,英検語彙由来のv2正本候補。英検最小級=3。出現級=3。pos判定=label_raw_all,source_refs=3:567; row_count=1; label_raw_all=前置詞
add,817,overseas,overseas,adverb,base,1,外国がいこくへ,junior_high,2,eiken,英検語彙由来のv2正本候補。英検最小級=3。出現級=3。pos判定=label_raw_all,source_refs=3:837; row_count=1; label_raw_all=副詞
add,818,pain,pain,noun,base,1,痛いたみ,junior_high,1,eiken,英検語彙由来のv2正本候補。英検最小級=3。出現級=3;pre2;2。pos判定=label_raw_all,source_refs=3:934;pre2:374;2:112; row_count=3; label_raw_all=名詞; meaning_ja_all=痛いたみ / 痛み，苦痛
add,819,palace,palace,noun,base,1,宮殿きゅうでん,junior_high,2,eiken,英検語彙由来のv2正本候補。英検最小級=3。出現級=3。pos判定=label_raw_all,source_refs=3:738; row_count=1; label_raw_all=名詞
add,820,peace,peace,noun,base,1,平和へいわ,junior_high,2,eiken,英検語彙由来のv2正本候補。英検最小級=3。出現級=3。pos判定=label_raw_all,source_refs=3:798; row_count=1; label_raw_all=名詞
add,821,peaceful,peaceful,adjective,base,1,平和へいわな,junior_high,2,eiken,英検語彙由来のv2正本候補。英検最小級=3。出現級=3;2。pos判定=label_raw_all,source_refs=3:426;2:518; row_count=2; label_raw_all=形容詞; meaning_ja_all=平和へいわな / 平和な，安らかな
add,822,perhaps,perhaps,adverb,base,1,多分たぶん,junior_high,2,eiken,英検語彙由来のv2正本候補。英検最小級=3。出現級=3。pos判定=label_raw_all,source_refs=3:1097; row_count=1; label_raw_all=副詞
add,823,period,period,noun,base,1,時代じだい,junior_high,1,eiken,英検語彙由来のv2正本候補。英検最小級=3。出現級=3;pre2;2。pos判定=label_raw_all,source_refs=3:1210;pre2:318;2:1535; row_count=3; label_raw_all=名詞; meaning_ja_all=時代じだい / 期間，周期
add,824,personal,personal,adjective,base,1,個人こじんの,junior_high,2,eiken,英検語彙由来のv2正本候補。英検最小級=3。出現級=3。pos判定=label_raw_all,source_refs=3:680; row_count=1; label_raw_all=形容詞
add,825,piece,piece,noun,base,1,欠片かけら、一部いちぶ,junior_high,2,eiken,英検語彙由来のv2正本候補。英検最小級=3。出現級=3。pos判定=label_raw_all,source_refs=3:419; row_count=1; label_raw_all=名詞
add,826,plant,plant,noun,base,1,植物しょくぶつ,junior_high,2,eiken,英検語彙由来のv2正本候補。英検最小級=3。出現級=3;2。pos判定=label_raw_all,source_refs=3:213;2:1312; row_count=2; label_raw_all=名詞; meaning_ja_all=植物しょくぶつ / 植物，草木
add,827,pleasure,pleasure,noun,base,1,楽しみたのしみ,junior_high,1,eiken,英検語彙由来のv2正本候補。英検最小級=3。出現級=3;pre2;2。pos判定=label_raw_all,source_refs=3:508;pre2:818;2:1035; row_count=3; label_raw_all=名詞; meaning_ja_all=楽しみたのしみ / 楽しみ，喜び
add,828,poet,poet,noun,base,1,詩人しじん,junior_high,1,eiken,英検語彙由来のv2正本候補。英検最小級=3。出現級=3;pre2;2。pos判定=label_raw_all,source_refs=3:799;pre2:712;2:1323; row_count=3; label_raw_all=名詞; meaning_ja_all=詩人しじん / 詩人，作詩者
add,829,possible,possible,adjective,base,1,可能かのうな,junior_high,1,eiken,英検語彙由来のv2正本候補。英検最小級=3。出現級=3;pre2;2。pos判定=label_raw_all,source_refs=3:830;pre2:1142;2:1059; row_count=3; label_raw_all=形容詞; meaning_ja_all=可能かのうな / 可能な，実現可能な
add,830,president,president,noun,base,1,大統領だいとうりょう,junior_high,1,eiken,英検語彙由来のv2正本候補。英検最小級=3。出現級=3;pre2;2。pos判定=label_raw_all,source_refs=3:774;3:1044;pre2:243;2:1342; row_count=4; label_raw_all=名詞; meaning_ja_all=大統領だいとうりょう / 社長しゃちょう / 社長，大統領
add,831,pretty,pretty,adverb,base,1,かなり,junior_high,1,eiken,英検語彙由来のv2正本候補。英検最小級=3。出現級=3;pre2;2。pos判定=label_raw_all,source_refs=3:1194;pre2:1213;2:1518; row_count=3; label_raw_all=副詞; meaning_ja_all=かなり / かなり，相当に
add,832,price,price,noun,base,1,値段ねだん,junior_high,2,eiken,英検語彙由来のv2正本候補。英検最小級=3。出現級=3;2。pos判定=label_raw_all,source_refs=3:301;2:1451; row_count=2; label_raw_all=名詞; meaning_ja_all=値段ねだん / 値段，価格
add,833,prize,prize,noun,base,1,賞しょう,junior_high,2,eiken,英検語彙由来のv2正本候補。英検最小級=3。出現級=3;2。pos判定=label_raw_all,source_refs=3:199;2:874; row_count=2; label_raw_all=名詞; meaning_ja_all=賞しょう / 賞，報酬
add,834,probably,probably,adverb,base,1,多分たぶん,junior_high,1,eiken,英検語彙由来のv2正本候補。英検最小級=3。出現級=3;pre2;2。pos判定=label_raw_all,source_refs=3:627;pre2:503;2:104; row_count=3; label_raw_all=副詞; meaning_ja_all=多分たぶん / おそらく，大抵
add,835,progress,progress,noun,base,1,進歩しんぽ,junior_high,1,eiken,英検語彙由来のv2正本候補。英検最小級=3。出現級=3;pre2;2。pos判定=label_raw_all,source_refs=3:1010;pre2:367;2:578; row_count=3; label_raw_all=名詞; meaning_ja_all=進歩しんぽ / 進歩，前進
add,836,promise,promise,noun,base,1,約束やくそく,junior_high,2,eiken,英検語彙由来のv2正本候補。英検最小級=3。出現級=3。pos判定=label_raw_all,source_refs=3:232; row_count=1; label_raw_all=名詞
add,837,protect,protect,verb,base,1,を守まもる、保護ほごする,junior_high,1,eiken,英検語彙由来のv2正本候補。英検最小級=3。出現級=3;pre2;2。pos判定=label_raw_all,source_refs=3:532;pre2:34;2:1513; row_count=3; label_raw_all=動詞; meaning_ja_all=を守まもる、保護ほごする / を守る，保護する
add,838,protest,protest,verb,base,1,抗議こうぎする,junior_high,2,eiken,英検語彙由来のv2正本候補。英検最小級=3。出現級=3;2。pos判定=label_raw_all,source_refs=3:1055;2:588; row_count=2; label_raw_all=動詞; meaning_ja_all=抗議こうぎする / 抗議する，主張する
add,839,purpose,purpose,noun,base,1,目的もくてき,junior_high,1,eiken,英検語彙由来のv2正本候補。英検最小級=3。出現級=3;pre2;2。pos判定=label_raw_all,source_refs=3:437;pre2:661;2:484; row_count=3; label_raw_all=名詞; meaning_ja_all=目的もくてき / 目的，目標
add,840,pursue,pursue,verb,base,1,を追おい求もとめる,junior_high,1,eiken,英検語彙由来のv2正本候補。英検最小級=3。出現級=3;pre2;2;pre1。pos判定=label_raw_all,source_refs=3:1077;pre2:679;2:1773;pre1:3210; row_count=4; label_raw_all=動詞; meaning_ja_all=を追おい求もとめる / 追い求める，追跡する
add,841,quarter,quarter,noun,base,1,4分ぶんの1,junior_high,1,eiken,英検語彙由来のv2正本候補。英検最小級=3。出現級=3;pre2;2。pos判定=label_raw_all,source_refs=3:1066;pre2:1203;2:1273; row_count=3; label_raw_all=名詞; meaning_ja_all=4分ぶんの1 / 四半期，四分期
add,842,quick,quick,adjective,base,1,速はやい,junior_high,2,eiken,英検語彙由来のv2正本候補。英検最小級=3。出現級=3。pos判定=label_raw_all,source_refs=3:371; row_count=1; label_raw_all=形容詞
add,843,quickly,quickly,adverb,base,1,素早すばやく,junior_high,2,eiken,英検語彙由来のv2正本候補。英検最小級=3。出現級=3。pos判定=label_raw_all,source_refs=3:597; row_count=1; label_raw_all=副詞
add,844,quietly,quietly,adverb,base,1,静しずかに，落おち着ついて,junior_high,2,eiken,英検語彙由来のv2正本候補。英検最小級=3。出現級=3。pos判定=label_raw_all,source_refs=3:1048; row_count=1; label_raw_all=副詞
add,845,quite,quite,adverb,base,1,かなり，相当そうとう,junior_high,1,eiken,英検語彙由来のv2正本候補。英検最小級=3。出現級=3;pre2;2。pos判定=label_raw_all,source_refs=3:1201;pre2:393;2:1063; row_count=3; label_raw_all=副詞; meaning_ja_all=かなり，相当そうとう / かなり，相当に
add,846,railway,railway,noun,base,1,鉄道てつどう,junior_high,2,eiken,英検語彙由来のv2正本候補。英検最小級=3。出現級=3。pos判定=label_raw_all,source_refs=3:880; row_count=1; label_raw_all=名詞
add,847,raise,raise,verb,base,1,手てなどを挙あげる,junior_high,1,eiken,英検語彙由来のv2正本候補。英検最小級=3。出現級=3;pre2;2。pos判定=label_raw_all,source_refs=3:646;pre2:51;2:143; row_count=3; label_raw_all=動詞; meaning_ja_all=手てなどを挙あげる / を上げる，持ち上げる
add,848,rapidly,rapidly,adverb,base,1,速はやく，急速きゅうそくに,junior_high,1,eiken,英検語彙由来のv2正本候補。英検最小級=3。出現級=3;pre2;2。pos判定=label_raw_all,source_refs=3:1133;pre2:332;2:1530; row_count=3; label_raw_all=副詞; meaning_ja_all=速はやく，急速きゅうそくに / 素早く，迅速に
add,849,raw,raw,adjective,base,1,生なまの,junior_high,2,eiken,英検語彙由来のv2正本候補。英検最小級=3。出現級=3;2。pos判定=label_raw_all,source_refs=3:1184;2:1251; row_count=2; label_raw_all=形容詞; meaning_ja_all=生なまの / 生の，未加工の
add,850,reach,reach,verb,base,1,届とどく,junior_high,1,eiken,英検語彙由来のv2正本候補。英検最小級=3。出現級=3;pre2;2。pos判定=label_raw_all,source_refs=3:556;pre2:667;2:1355; row_count=3; label_raw_all=動詞; meaning_ja_all=届とどく / 到着する，辿り着く
add,851,reason,reason,noun,base,1,理由りゆう,junior_high,2,eiken,英検語彙由来のv2正本候補。英検最小級=3。出現級=3。pos判定=label_raw_all,source_refs=3:424; row_count=1; label_raw_all=名詞
add,852,receive,receive,verb,base,1,を受うけ取とる,junior_high,1,eiken,英検語彙由来のv2正本候補。英検最小級=3。出現級=3;pre2;2。pos判定=label_raw_all,source_refs=3:494;pre2:807;2:293; row_count=3; label_raw_all=動詞; meaning_ja_all=を受うけ取とる / を受理する，受け取る
add,853,recently,recently,adverb,base,1,最近さいきん,junior_high,1,eiken,英検語彙由来のv2正本候補。英検最小級=3。出現級=3;pre2;2。pos判定=label_raw_all,source_refs=3:547;pre2:56;2:10; row_count=3; label_raw_all=副詞; meaning_ja_all=最近さいきん / 最近，このごろ
add,854,relation,relation,noun,base,1,関係かんけい,junior_high,1,eiken,英検語彙由来のv2正本候補。英検最小級=3。出現級=3;pre2;2。pos判定=label_raw_all,source_refs=3:1031;pre2:385;2:1013; row_count=3; label_raw_all=名詞; meaning_ja_all=関係かんけい / 関係性，相互作用
add,855,relatively,relatively,adverb,base,1,比較的ひかくてき,junior_high,2,eiken,英検語彙由来のv2正本候補。英検最小級=3。出現級=3;2。pos判定=label_raw_all,source_refs=3:776;2:671; row_count=2; label_raw_all=副詞; meaning_ja_all=比較的ひかくてき / 比較的，相対的に
add,856,release,release,verb,base,1,を放出ほうしゅつする,junior_high,1,eiken,英検語彙由来のv2正本候補。英検最小級=3。出現級=3;pre2;2。pos判定=label_raw_all,source_refs=3:1094;pre2:197;2:1915; row_count=3; label_raw_all=動詞; meaning_ja_all=を放出ほうしゅつする / 解き放つ，解放する
add,857,renewable,renewable,adjective,base,1,再生可能さいせいかのうな,junior_high,2,eiken,英検語彙由来のv2正本候補。英検最小級=3。出現級=3。pos判定=label_raw_all,source_refs=3:999; row_count=1; label_raw_all=形容詞
add,858,researcher,researcher,noun,base,1,研究者けんきゅうしゃ,junior_high,2,eiken,英検語彙由来のv2正本候補。英検最小級=3。出現級=3;2。pos判定=label_raw_all,source_refs=3:849;2:804; row_count=2; label_raw_all=名詞; meaning_ja_all=研究者けんきゅうしゃ / 研究者，調査員
add,859,resident,resident,noun,base,1,住民じゅうみん，居住者きょじゅうしゃ,junior_high,1,eiken,英検語彙由来のv2正本候補。英検最小級=3。出現級=3;pre2;2。pos判定=label_raw_all,source_refs=3:983;pre2:1248;2:92; row_count=3; label_raw_all=名詞; meaning_ja_all=住民じゅうみん，居住者きょじゅうしゃ / 住民，居住者
add,860,resource,resource,noun,base,1,資源しげん,junior_high,1,eiken,英検語彙由来のv2正本候補。英検最小級=3。出現級=3;pre2;2。pos判定=label_raw_all,source_refs=3:1139;pre2:294;2:950; row_count=3; label_raw_all=名詞; meaning_ja_all=資源しげん / 資源，資産
add,861,respect,respect,noun,base,1,を尊敬そんけいする,junior_high,1,eiken,英検語彙由来のv2正本候補。英検最小級=3。出現級=3;pre2;2。pos判定=label_raw_all_multi:noun|verb,source_refs=3:1172;pre2:663;2:1415; row_count=3; label_raw_all=動詞;名詞; meaning_ja_all=を尊敬そんけいする / 尊敬，敬意
add,862,road,road,noun,base,1,道路どうろ,junior_high,2,eiken,英検語彙由来のv2正本候補。英検最小級=3。出現級=3。pos判定=label_raw_all,source_refs=3:1188; row_count=1; label_raw_all=名詞
add,863,root,root,noun,base,1,根ね,junior_high,2,eiken,英検語彙由来のv2正本候補。英検最小級=3。出現級=3。pos判定=label_raw_all,source_refs=3:925; row_count=1; label_raw_all=名詞
add,864,round,round,preposition,base,1,まわりに,junior_high,2,eiken,英検語彙由来のv2正本候補。英検最小級=3。出現級=3。pos判定=label_raw_all,source_refs=3:430; row_count=1; label_raw_all=前置詞
add,865,rule,rule,noun,base,1,支配しはい、統治とうち,junior_high,2,eiken,英検語彙由来のv2正本候補。英検最小級=3。出現級=3。pos判定=label_raw_all,source_refs=3:348; row_count=1; label_raw_all=名詞
add,866,satisfy,satisfy,verb,base,1,を満足まんぞくさせる,junior_high,1,eiken,英検語彙由来のv2正本候補。英検最小級=3。出現級=3;pre2;2。pos判定=label_raw_all,source_refs=3:863;pre2:1300;2:197; row_count=3; label_raw_all=動詞; meaning_ja_all=を満足まんぞくさせる / を満足させる，を喜ばせる
add,867,scared,scared,adjective,base,1,怖こわがって,junior_high,2,eiken,英検語彙由来のv2正本候補。英検最小級=3。出現級=3。pos判定=label_raw_all,source_refs=3:1206; row_count=1; label_raw_all=形容詞
add,868,secret,secret,noun,base,1,秘密ひみつ,junior_high,2,eiken,英検語彙由来のv2正本候補。英検最小級=3。出現級=3。pos判定=label_raw_all,source_refs=3:1008; row_count=1; label_raw_all=名詞
add,869,sell,sell,verb,base,1,を売うる,junior_high,2,eiken,英検語彙由来のv2正本候補。英検最小級=3。出現級=3。pos判定=label_raw_all,source_refs=3:15; row_count=1; label_raw_all=動詞
add,870,sentence,sentence,noun,base,1,文ぶん,junior_high,2,eiken,英検語彙由来のv2正本候補。英検最小級=3。出現級=3。pos判定=label_raw_all,source_refs=3:690; row_count=1; label_raw_all=名詞
add,871,several,several,adjective,base,1,幾いくつかの,junior_high,1,eiken,英検語彙由来のv2正本候補。英検最小級=3。出現級=3;pre2;2。pos判定=label_raw_all,source_refs=3:615;pre2:425;2:12; row_count=3; label_raw_all=形容詞; meaning_ja_all=幾いくつかの / 幾つかの，いくらかの
add,872,shade,shade,noun,base,1,陰かげ，日陰ひかげ,junior_high,2,eiken,英検語彙由来のv2正本候補。英検最小級=3。出現級=3。pos判定=label_raw_all,source_refs=3:1085; row_count=1; label_raw_all=名詞
add,873,shake,shake,verb,base,1,震ふるえる,junior_high,2,eiken,英検語彙由来のv2正本候補。英検最小級=3。出現級=3。pos判定=label_raw_all,source_refs=3:645; row_count=1; label_raw_all=動詞
add,874,shape,shape,noun,base,1,形かたち,junior_high,2,eiken,英検語彙由来のv2正本候補。英検最小級=3。出現級=3。pos判定=label_raw_all,source_refs=3:389; row_count=1; label_raw_all=名詞
add,875,share,share,verb,base,1,分わかち合あう,junior_high,1,eiken,英検語彙由来のv2正本候補。英検最小級=3。出現級=3;pre2;2。pos判定=label_raw_all,source_refs=3:491;pre2:1110;2:1015; row_count=3; label_raw_all=動詞; meaning_ja_all=分わかち合あう / 分かち合う/分け前
add,876,shelter,shelter,noun,base,1,避難所ひなんじょ,junior_high,2,eiken,英検語彙由来のv2正本候補。英検最小級=3。出現級=3。pos判定=label_raw_all,source_refs=3:716; row_count=1; label_raw_all=名詞
add,877,should,should,auxiliary,base,1,～すべきである,junior_high,2,eiken,英検語彙由来のv2正本候補。英検最小級=3。出現級=3。pos判定=label_raw_all_multi:auxiliary|verb,source_refs=3:136; row_count=1; label_raw_all=助動詞
add,878,sick,sick,adjective,base,1,病気びょうきの,junior_high,2,eiken,英検語彙由来のv2正本候補。英検最小級=3。出現級=3。pos判定=label_raw_all,source_refs=3:39; row_count=1; label_raw_all=形容詞
add,879,side,side,noun,base,1,側がわ、面めん,junior_high,2,eiken,英検語彙由来のv2正本候補。英検最小級=3。出現級=3。pos判定=label_raw_all,source_refs=3:464; row_count=1; label_raw_all=名詞
add,880,sidewalk,sidewalk,noun,base,1,歩道ほどう,junior_high,2,eiken,英検語彙由来のv2正本候補。英検最小級=3。出現級=3;pre1。pos判定=label_raw_all,source_refs=3:1089;pre1:446; row_count=2; label_raw_all=名詞; meaning_ja_all=歩道ほどう / 歩道，歩行者道
add,881,sight,sight,noun,base,1,見みること,junior_high,1,eiken,英検語彙由来のv2正本候補。英検最小級=3。出現級=3;pre2;2。pos判定=label_raw_all,source_refs=3:551;pre2:611;2:291; row_count=3; label_raw_all=名詞; meaning_ja_all=見みること / 見ること，視力
add,882,sign,sign,noun,base,1,標識ひょうしき,junior_high,1,eiken,英検語彙由来のv2正本候補。英検最小級=3。出現級=3;pre2;2。pos判定=label_raw_all,source_refs=3:112;pre2:415;2:576; row_count=3; label_raw_all=名詞; meaning_ja_all=標識ひょうしき / 標識，印，合図
add,883,signal,signal,noun,base,1,信号しんごう,junior_high,2,eiken,英検語彙由来のv2正本候補。英検最小級=3。出現級=3。pos判定=label_raw_all,source_refs=3:1053; row_count=1; label_raw_all=名詞
add,884,silent,silent,adjective,base,1,静しずかな,junior_high,2,eiken,英検語彙由来のv2正本候補。英検最小級=3。出現級=3。pos判定=label_raw_all,source_refs=3:613; row_count=1; label_raw_all=形容詞
add,885,silk,silk,noun,base,1,絹きぬ,junior_high,2,eiken,英検語彙由来のv2正本候補。英検最小級=3。出現級=3。pos判定=label_raw_all,source_refs=3:872; row_count=1; label_raw_all=名詞
add,886,since,since,preposition,base,1,～以来いらい,junior_high,2,eiken,英検語彙由来のv2正本候補。英検最小級=3。出現級=3。pos判定=label_raw_all,source_refs=3:337; row_count=1; label_raw_all=前置詞
add,887,site,site,noun,base,1,場所ばしょ,junior_high,2,eiken,英検語彙由来のv2正本候補。英検最小級=3。出現級=3;2。pos判定=label_raw_all,source_refs=3:963;2:1432; row_count=2; label_raw_all=名詞; meaning_ja_all=場所ばしょ / 場所，地点
add,888,sleepy,sleepy,adjective,base,1,眠ねむい,junior_high,2,eiken,英検語彙由来のv2正本候補。英検最小級=3。出現級=3。pos判定=label_raw_all,source_refs=3:1200; row_count=1; label_raw_all=形容詞
add,889,smell,smell,verb,base,1,においがする,junior_high,1,eiken,英検語彙由来のv2正本候補。英検最小級=3。出現級=3;pre2;2。pos判定=label_raw_all,source_refs=3:648;pre2:580;2:613; row_count=3; label_raw_all=動詞; meaning_ja_all=においがする / においがする，臭いがする
add,890,so,so,adverb,base,1,とても,junior_high,2,eiken,英検語彙由来のv2正本候補。英検最小級=3。出現級=3。pos判定=label_raw_all,source_refs=3:21; row_count=1; label_raw_all=副詞
add,891,soil,soil,noun,base,1,土つち,junior_high,2,eiken,英検語彙由来のv2正本候補。英検最小級=3。出現級=3。pos判定=label_raw_all,source_refs=3:635; row_count=1; label_raw_all=名詞
add,892,solve,solve,verb,base,1,を解決かいけつする,junior_high,1,eiken,英検語彙由来のv2正本候補。英検最小級=3。出現級=3;pre2;2。pos判定=label_raw_all,source_refs=3:1074;pre2:342;2:442; row_count=3; label_raw_all=動詞; meaning_ja_all=を解決かいけつする / を解決する，解消する
add,893,somehow,somehow,adverb,base,1,何なんらかの形かたちで,junior_high,1,eiken,英検語彙由来のv2正本候補。英検最小級=3。出現級=3;pre2;2。pos判定=label_raw_all,source_refs=3:1173;pre2:861;2:1454; row_count=3; label_raw_all=副詞; meaning_ja_all=何なんらかの形かたちで / どうにか，何とか
add,894,someone,someone,pronoun,base,1,だれか、ある人ひと,junior_high,2,eiken,英検語彙由来のv2正本候補。英検最小級=3。出現級=3。pos判定=label_raw_all_multi:pronoun|noun,source_refs=3:704; row_count=1; label_raw_all=代名詞
add,895,somewhere,somewhere,adverb,base,1,どこかに,junior_high,2,eiken,英検語彙由来のv2正本候補。英検最小級=3。出現級=3。pos判定=label_raw_all,source_refs=3:621; row_count=1; label_raw_all=副詞
add,896,son,son,noun,base,1,息子むすこ,junior_high,2,eiken,英検語彙由来のv2正本候補。英検最小級=3。出現級=3。pos判定=label_raw_all,source_refs=3:1087; row_count=1; label_raw_all=名詞
add,897,soon,soon,adverb,base,1,まもなく，すぐに,junior_high,2,eiken,英検語彙由来のv2正本候補。英検最小級=3。出現級=3。pos判定=label_raw_all,source_refs=3:4; row_count=1; label_raw_all=副詞
add,898,sort,sort,noun,base,1,種類しゅるい,junior_high,1,eiken,英検語彙由来のv2正本候補。英検最小級=3。出現級=3;pre2;2。pos判定=label_raw_all,source_refs=3:894;pre2:1103;2:1579; row_count=3; label_raw_all=名詞; meaning_ja_all=種類しゅるい / 種類，類
add,899,species,species,noun,base,1,種たね,junior_high,2,eiken,英検語彙由来のv2正本候補。英検最小級=3。出現級=3;2。pos判定=label_raw_all,source_refs=3:1189;2:1872; row_count=2; label_raw_all=名詞; meaning_ja_all=種たね / 種，種族
add,900,spread,spread,verb,base,1,広ひろがる、広ひろまる,junior_high,1,eiken,英検語彙由来のv2正本候補。英検最小級=3。出現級=3;pre2;2。pos判定=label_raw_all,source_refs=3:764;pre2:57;2:278; row_count=3; label_raw_all=動詞; meaning_ja_all=広ひろがる、広ひろまる / を広げる，広がる
add,901,square,square,adjective,base,1,正方形せいほうけいの,junior_high,2,eiken,英検語彙由来のv2正本候補。英検最小級=3。出現級=3。pos判定=label_raw_all,source_refs=3:594; row_count=1; label_raw_all=形容詞
add,902,stationery,stationery,noun,base,1,文房具ぶんぼうぐ,junior_high,2,eiken,英検語彙由来のv2正本候補。英検最小級=3。出現級=3。pos判定=label_raw_all,source_refs=3:970; row_count=1; label_raw_all=名詞
add,903,statue,statue,noun,base,1,像ぞう,junior_high,2,eiken,英検語彙由来のv2正本候補。英検最小級=3。出現級=3。pos判定=label_raw_all,source_refs=3:958; row_count=1; label_raw_all=名詞
add,904,steal,steal,verb,base,1,盗ぬすむ,junior_high,2,eiken,英検語彙由来のv2正本候補。英検最小級=3。出現級=3。pos判定=label_raw_all,source_refs=3:362; row_count=1; label_raw_all=動詞
add,905,steam,steam,noun,base,1,蒸気じょうき,junior_high,1,eiken,英検語彙由来のv2正本候補。英検最小級=3。出現級=3;pre2;2。pos判定=label_raw_all,source_refs=3:932;pre2:649;2:1935; row_count=3; label_raw_all=名詞; meaning_ja_all=蒸気じょうき / 蒸気，湯気 / 蒸気，水蒸気
add,906,step,step,noun,base,1,足元あしもと，階段かいだん,junior_high,2,eiken,英検語彙由来のv2正本候補。英検最小級=3。出現級=3。pos判定=label_raw_all,source_refs=3:1078; row_count=1; label_raw_all=名詞
add,907,store,store,verb,base,1,を蓄たくわえる,junior_high,2,eiken,英検語彙由来のv2正本候補。英検最小級=3。出現級=3。pos判定=label_raw_all,source_refs=3:920; row_count=1; label_raw_all=動詞
add,908,stranger,stranger,noun,base,1,他人たにん,junior_high,1,eiken,英検語彙由来のv2正本候補。英検最小級=3。出現級=3;pre2;2。pos判定=label_raw_all,source_refs=3:1061;pre2:1019;2:758; row_count=3; label_raw_all=名詞; meaning_ja_all=他人たにん / 他人，他者
add,909,strict,strict,adjective,base,1,厳きびしい,junior_high,2,eiken,英検語彙由来のv2正本候補。英検最小級=3。出現級=3;2。pos判定=label_raw_all,source_refs=3:812;2:1576; row_count=2; label_raw_all=形容詞; meaning_ja_all=厳きびしい / 厳しい，厳格な
add,910,successful,successful,adjective,base,1,成功せいこうした,junior_high,2,eiken,英検語彙由来のv2正本候補。英検最小級=3。出現級=3。pos判定=label_raw_all,source_refs=3:1100; row_count=1; label_raw_all=形容詞
add,911,suddenly,suddenly,adverb,base,1,突然とつぜんに,junior_high,2,eiken,英検語彙由来のv2正本候補。英検最小級=3。出現級=3。pos判定=label_raw_all,source_refs=3:1123; row_count=1; label_raw_all=副詞
add,912,supply,supply,noun,base,1,供給きょうきゅう,junior_high,2,eiken,英検語彙由来のv2正本候補。英検最小級=3。出現級=3;pre2。pos判定=label_raw_all,source_refs=3:883;pre2:1045; row_count=2; label_raw_all=名詞; meaning_ja_all=供給きょうきゅう / 供給
add,913,support,support,verb,base,1,を支援しえんする、応援おうえんする,junior_high,2,eiken,英検語彙由来のv2正本候補。英検最小級=3。出現級=3。pos判定=label_raw_all,source_refs=3:565; row_count=1; label_raw_all=動詞
add,914,surely,surely,adverb,base,1,確たしかに,junior_high,2,eiken,英検語彙由来のv2正本候補。英検最小級=3。出現級=3;pre2。pos判定=label_raw_all,source_refs=3:1156;pre2:1156; row_count=2; label_raw_all=副詞; meaning_ja_all=確たしかに / 確かに
add,915,surprisingly,surprisingly,adverb,base,1,驚おどろいたことには,junior_high,2,eiken,英検語彙由来のv2正本候補。英検最小級=3。出現級=3。pos判定=label_raw_all,source_refs=3:718; row_count=1; label_raw_all=副詞
add,916,surround,surround,verb,base,1,を囲かこむ,junior_high,1,eiken,英検語彙由来のv2正本候補。英検最小級=3。出現級=3;pre2;2。pos判定=label_raw_all,source_refs=3:911;pre2:419;2:332; row_count=3; label_raw_all=動詞; meaning_ja_all=を囲かこむ / を取り囲む，を包囲する
add,917,survey,survey,noun,base,1,調査ちょうさ,junior_high,1,eiken,英検語彙由来のv2正本候補。英検最小級=3。出現級=3;pre2;2。pos判定=label_raw_all_multi:noun|verb,source_refs=3:890;pre2:73;2:79; row_count=3; label_raw_all=名詞;名詞/動詞; meaning_ja_all=調査ちょうさ / 調査/を見渡す
add,918,survival,survival,noun,base,1,存続そんぞく，生いき残のこること,junior_high,1,eiken,英検語彙由来のv2正本候補。英検最小級=3。出現級=3;pre2;2。pos判定=label_raw_all,source_refs=3:1185;pre2:607;2:1778; row_count=3; label_raw_all=名詞; meaning_ja_all=存続そんぞく，生いき残のこること / 生存/生き延びる / 生存，生き残ること
add,919,survive,survive,verb,base,1,生いき残のこる,junior_high,2,eiken,英検語彙由来のv2正本候補。英検最小級=3。出現級=3;2。pos判定=label_raw_all,source_refs=3:915;2:811; row_count=2; label_raw_all=動詞; meaning_ja_all=生いき残のこる / 生き残る，存続する
add,920,sustainable,sustainable,adjective,base,1,存続可能そんぞくかのうな,junior_high,1,eiken,英検語彙由来のv2正本候補。英検最小級=3。出現級=3;pre2;2;pre1。pos判定=label_raw_all,source_refs=3:748;pre2:1457;2:445;pre1:2580; row_count=4; label_raw_all=形容詞; meaning_ja_all=存続可能そんぞくかのうな / 存続可能な，持続可能な
add,921,tall,tall,adjective,base,1,高たかい,junior_high,2,eiken,英検語彙由来のv2正本候補。英検最小級=3。出現級=3。pos判定=label_raw_all,source_refs=3:164; row_count=1; label_raw_all=形容詞
add,922,taste,taste,noun,base,1,味あじ,junior_high,1,eiken,英検語彙由来のv2正本候補。英検最小級=3。出現級=3;pre2;2。pos判定=label_raw_all,source_refs=3:395;pre2:441;2:286; row_count=3; label_raw_all=名詞; meaning_ja_all=味あじ / 味，風味/な味がする
add,923,tax,tax,noun,base,1,税ぜい，税金ぜいきん,junior_high,1,eiken,英検語彙由来のv2正本候補。英検最小級=3。出現級=3;pre2;2。pos判定=label_raw_all,source_refs=3:821;pre2:165;2:1784; row_count=3; label_raw_all=名詞; meaning_ja_all=税ぜい，税金ぜいきん / 税金，税収
add,924,tear,tear,noun,base,1,涙なみだ,junior_high,1,eiken,英検語彙由来のv2正本候補。英検最小級=3。出現級=3;pre2;2。pos判定=label_raw_all_multi:noun|verb,source_refs=3:1182;pre2:226;2:1051; row_count=3; label_raw_all=名詞;動詞; meaning_ja_all=涙なみだ / を引き裂く，を裂く
add,925,terrible,terrible,adjective,base,1,ひどい,junior_high,1,eiken,英検語彙由来のv2正本候補。英検最小級=3。出現級=3;pre2;2。pos判定=label_raw_all,source_refs=3:955;pre2:372;2:1930; row_count=3; label_raw_all=形容詞; meaning_ja_all=ひどい / ひどい，恐ろしい
add,926,theater,theater,noun,base,1,劇場げきじょう,junior_high,2,eiken,英検語彙由来のv2正本候補。英検最小級=3。出現級=3。pos判定=label_raw_all,source_refs=3:497; row_count=1; label_raw_all=名詞
add,927,thirsty,thirsty,adjective,base,1,のどの乾かわいた,junior_high,2,eiken,英検語彙由来のv2正本候補。英検最小級=3。出現級=3。pos判定=label_raw_all,source_refs=3:431; row_count=1; label_raw_all=形容詞
add,928,through,through,preposition,base,1,を通とおり抜ぬけて,junior_high,2,eiken,英検語彙由来のv2正本候補。英検最小級=3。出現級=3。pos判定=label_raw_all,source_refs=3:336; row_count=1; label_raw_all=前置詞
add,929,tie,tie,noun,base,1,ネクタイ,junior_high,2,eiken,英検語彙由来のv2正本候補。英検最小級=3。出現級=3。pos判定=label_raw_all,source_refs=3:787; row_count=1; label_raw_all=名詞
add,930,tightly,tightly,adverb,base,1,しっかりと,junior_high,2,eiken,英検語彙由来のv2正本候補。英検最小級=3。出現級=3;pre1。pos判定=label_raw_all,source_refs=3:770;pre1:40; row_count=2; label_raw_all=副詞; meaning_ja_all=しっかりと / しっかりと，きつく
add,931,tiny,tiny,adjective,base,1,小ちいさな,junior_high,1,eiken,英検語彙由来のv2正本候補。英検最小級=3。出現級=3;pre2;2。pos判定=label_raw_all,source_refs=3:943;pre2:207;2:1286; row_count=3; label_raw_all=形容詞; meaning_ja_all=小ちいさな / ごく小さい，微小な
add,932,title,title,noun,base,1,題名だいめい，表題ひょうだい,junior_high,2,eiken,英検語彙由来のv2正本候補。英検最小級=3。出現級=3。pos判定=label_raw_all,source_refs=3:1138; row_count=1; label_raw_all=名詞
add,933,tonight,tonight,adverb,base,1,今夜こんやは,junior_high,2,eiken,英検語彙由来のv2正本候補。英検最小級=3。出現級=3。pos判定=label_raw_all,source_refs=3:321; row_count=1; label_raw_all=副詞
add,934,tough,tough,adjective,base,1,困難な，難むずかしい,junior_high,2,eiken,英検語彙由来のv2正本候補。英検最小級=3。出現級=3;2。pos判定=label_raw_all,source_refs=3:768;2:1489; row_count=2; label_raw_all=形容詞; meaning_ja_all=困難な，難むずかしい / 頑強な，丈夫な
add,935,trade,trade,noun,base,1,貿易ぼうえき,junior_high,2,eiken,英検語彙由来のv2正本候補。英検最小級=3。出現級=3。pos判定=label_raw_all,source_refs=3:989; row_count=1; label_raw_all=名詞
add,936,tradition,tradition,noun,base,1,伝統でんとう,junior_high,1,eiken,英検語彙由来のv2正本候補。英検最小級=3。出現級=3;pre2;2。pos判定=label_raw_all,source_refs=3:629;pre2:657;2:1836; row_count=3; label_raw_all=名詞; meaning_ja_all=伝統でんとう / 伝統，慣習
add,937,traditional,traditional,adjective,base,1,伝統的でんとうてきな,junior_high,1,eiken,英検語彙由来のv2正本候補。英検最小級=3。出現級=3;pre2;2。pos判定=label_raw_all,source_refs=3:669;pre2:10;2:1267; row_count=3; label_raw_all=形容詞; meaning_ja_all=伝統的でんとうてきな / 伝統的な，慣習的な
add,938,transport,transport,verb,base,1,を輸送ゆそうする,junior_high,1,eiken,英検語彙由来のv2正本候補。英検最小級=3。出現級=3;pre2;2。pos判定=label_raw_all,source_refs=3:864;pre2:1147;2:547; row_count=3; label_raw_all=動詞; meaning_ja_all=を輸送ゆそうする / を輸送する，を運搬する
add,939,treasure,treasure,noun,base,1,宝物たからもの,junior_high,2,eiken,英検語彙由来のv2正本候補。英検最小級=3。出現級=3;2。pos判定=label_raw_all,source_refs=3:1161;2:1602; row_count=2; label_raw_all=名詞; meaning_ja_all=宝物たからもの / 宝，財産
add,940,trust,trust,noun,base,1,を信用しんようする,junior_high,1,eiken,英検語彙由来のv2正本候補。英検最小級=3。出現級=3;pre2;2。pos判定=label_raw_all_multi:noun|verb,source_refs=3:1114;pre2:736;2:1365; row_count=3; label_raw_all=動詞;名詞; meaning_ja_all=を信用しんようする / 信頼，信用
add,941,twice,twice,adverb,base,1,2回にかい,junior_high,2,eiken,英検語彙由来のv2正本候補。英検最小級=3。出現級=3。pos判定=label_raw_all,source_refs=3:243; row_count=1; label_raw_all=副詞
add,942,uncomfortable,uncomfortable,adjective,base,1,心地ここちの悪わるい,junior_high,2,eiken,英検語彙由来のv2正本候補。英検最小級=3。出現級=3;2。pos判定=label_raw_all,source_refs=3:1137;2:1425; row_count=2; label_raw_all=形容詞; meaning_ja_all=心地ここちの悪わるい / 心地の悪い，不快な
add,943,unfair,unfair,adjective,base,1,不公平ふこうへいな，不当ふとうな,junior_high,2,eiken,英検語彙由来のv2正本候補。英検最小級=3。出現級=3。pos判定=label_raw_all,source_refs=3:950; row_count=1; label_raw_all=形容詞
add,944,unhappy,unhappy,adjective,base,1,不幸ふこうな,junior_high,2,eiken,英検語彙由来のv2正本候補。英検最小級=3。出現級=3。pos判定=label_raw_all,source_refs=3:699; row_count=1; label_raw_all=形容詞
add,945,uniform,uniform,noun,base,1,制服せいふく,junior_high,2,eiken,英検語彙由来のv2正本候補。英検最小級=3。出現級=3。pos判定=label_raw_all,source_refs=3:1060; row_count=1; label_raw_all=名詞
add,946,universe,universe,noun,base,1,宇宙うちゅう,junior_high,1,eiken,英検語彙由来のv2正本候補。英検最小級=3。出現級=3;pre2;2。pos判定=label_raw_all,source_refs=3:1072;pre2:855;2:1561; row_count=3; label_raw_all=名詞; meaning_ja_all=宇宙うちゅう / 宇宙，宙域
add,947,university,university,noun,base,1,大学だいがく,junior_high,1,eiken,英検語彙由来のv2正本候補。英検最小級=3。出現級=3;pre2;2。pos判定=label_raw_all,source_refs=3:183;pre2:835;2:1753; row_count=3; label_raw_all=名詞; meaning_ja_all=大学だいがく / 大学，大学校
add,948,until,until,preposition,base,1,まで，までは,junior_high,1,eiken,英検語彙由来のv2正本候補。英検最小級=3。出現級=3;pre2;2。pos判定=label_raw_all_multi:preposition|conjunction,source_refs=3:35;pre2:1240;2:75; row_count=3; label_raw_all=前置詞;接続詞/前置詞; meaning_ja_all=まで，までは / までに，まで
add,949,valley,valley,noun,base,1,谷たに,junior_high,2,eiken,英検語彙由来のv2正本候補。英検最小級=3。出現級=3。pos判定=label_raw_all,source_refs=3:861; row_count=1; label_raw_all=名詞
add,950,violence,violence,noun,base,1,暴力ぼうりょく,junior_high,1,eiken,英検語彙由来のv2正本候補。英検最小級=3。出現級=3;pre2;2。pos判定=label_raw_all,source_refs=3:701;pre2:1127;2:764; row_count=3; label_raw_all=名詞; meaning_ja_all=暴力ぼうりょく / 暴力，乱暴
add,951,visitor,visitor,noun,base,1,観光客かんこうきゃく,junior_high,2,eiken,英検語彙由来のv2正本候補。英検最小級=3。出現級=3。pos判定=label_raw_all,source_refs=3:400; row_count=1; label_raw_all=名詞
add,952,wallet,wallet,noun,base,1,さいふ,junior_high,2,eiken,英検語彙由来のv2正本候補。英検最小級=3。出現級=3。pos判定=label_raw_all,source_refs=3:351; row_count=1; label_raw_all=名詞
add,953,warn,warn,verb,base,1,警告けいこくする,junior_high,1,eiken,英検語彙由来のv2正本候補。英検最小級=3。出現級=3;pre2;2。pos判定=label_raw_all,source_refs=3:589;pre2:199;2:992; row_count=3; label_raw_all=動詞; meaning_ja_all=警告けいこくする / 警告する，警戒する
add,954,weapon,weapon,noun,base,1,武器ぶき,junior_high,2,eiken,英検語彙由来のv2正本候補。英検最小級=3。出現級=3。pos判定=label_raw_all,source_refs=3:1101; row_count=1; label_raw_all=名詞
add,955,weekend,weekend,noun,base,1,週末しゅうまつに,junior_high,2,eiken,英検語彙由来のv2正本候補。英検最小級=3。出現級=3。pos判定=label_raw_all,source_refs=3:2; row_count=1; label_raw_all=名詞
add,956,weekly,weekly,adjective,base,1,週刊しゅうかんの,junior_high,2,eiken,英検語彙由来のv2正本候補。英検最小級=3。出現級=3。pos判定=label_raw_all,source_refs=3:916; row_count=1; label_raw_all=形容詞
add,957,well-known,well-known,adjective,base,1,有名ゆうめいな,junior_high,1,eiken,英検語彙由来のv2正本候補。英検最小級=3。出現級=3;pre2;2。pos判定=label_raw_all,source_refs=3:1081;pre2:500;2:1236; row_count=3; label_raw_all=形容詞; meaning_ja_all=有名ゆうめいな / よく知られた，有名な
add,958,wet,wet,adjective,base,1,濡ぬれている,junior_high,2,eiken,英検語彙由来のv2正本候補。英検最小級=3。出現級=3。pos判定=label_raw_all,source_refs=3:944; row_count=1; label_raw_all=形容詞
add,959,whole,whole,adjective,base,1,全すべての,junior_high,1,eiken,英検語彙由来のv2正本候補。英検最小級=3。出現級=3;pre2;2。pos判定=label_raw_all,source_refs=3:692;pre2:1063;2:1905; row_count=3; label_raw_all=形容詞; meaning_ja_all=全すべての / 全部の，すべての
add,960,wide,wide,adjective,base,1,幅はばの広ひろい,junior_high,2,eiken,英検語彙由来のv2正本候補。英検最小級=3。出現級=3。pos判定=label_raw_all,source_refs=3:296; row_count=1; label_raw_all=形容詞
add,961,win,win,verb,base,1,勝かつ,junior_high,2,eiken,英検語彙由来のv2正本候補。英検最小級=3。出現級=3。pos判定=label_raw_all,source_refs=3:109; row_count=1; label_raw_all=動詞
add,962,within,within,preposition,base,1,以内いないで,junior_high,1,eiken,英検語彙由来のv2正本候補。英検最小級=3。出現級=3;pre2;2。pos判定=label_raw_all,source_refs=3:662;pre2:440;2:1414; row_count=3; label_raw_all=前置詞; meaning_ja_all=以内いないで / 以内で，内部で
add,963,without,without,preposition,base,1,～なしに,junior_high,2,eiken,英検語彙由来のv2正本候補。英検最小級=3。出現級=3。pos判定=label_raw_all,source_refs=3:334; row_count=1; label_raw_all=前置詞
add,964,wonder,wonder,verb,base,1,不思議ふしぎに思おもう,junior_high,2,eiken,英検語彙由来のv2正本候補。英検最小級=3。出現級=3;pre2。pos判定=label_raw_all,source_refs=3:817;pre2:1160; row_count=2; label_raw_all=動詞; meaning_ja_all=不思議ふしぎに思おもう / かなと思う
add,965,worth,worth,adjective,base,1,の価値かちがある,junior_high,1,eiken,英検語彙由来のv2正本候補。英検最小級=3。出現級=3;pre2;2。pos判定=label_raw_all,source_refs=3:708;pre2:384;2:276; row_count=3; label_raw_all=形容詞; meaning_ja_all=の価値かちがある / の価値がある，（～するに）値する
add,966,wrap,wrap,verb,base,1,を包つつむ,junior_high,1,eiken,英検語彙由来のv2正本候補。英検最小級=3。出現級=3;2;pre1。pos判定=label_raw_all,source_refs=3:878;2:491;pre1:170; row_count=3; label_raw_all=動詞; meaning_ja_all=を包つつむ / を包む，巻きつける
add,967,wrong,wrong,adjective,base,1,間違まちがった,junior_high,1,eiken,英検語彙由来のv2正本候補。英検最小級=3。出現級=3;pre2;2。pos判定=label_raw_all,source_refs=3:325;pre2:437;2:1866; row_count=3; label_raw_all=形容詞; meaning_ja_all=間違まちがった / 間違い，誤った
add,968,yen,yen,noun,base,1,円えん,junior_high,2,eiken,英検語彙由来のv2正本候補。英検最小級=3。出現級=3。pos判定=label_raw_all,source_refs=3:1016; row_count=1; label_raw_all=名詞
add,969,yet,yet,adverb,base,1,まだ，今いまのところは,junior_high,2,eiken,英検語彙由来のv2正本候補。英検最小級=3。出現級=3。pos判定=label_raw_all,source_refs=3:973;3:1142; row_count=2; label_raw_all=副詞; meaning_ja_all=まだ，今いまのところは / もう，すでに
add,970,abandon,abandon,verb,base,1,を捨て去る，放棄する,high_school,1,eiken,英検語彙由来のv2正本候補。英検最小級=pre2。出現級=pre2;2;pre1。pos判定=label_raw_all,source_refs=pre2:796;2:655;pre1:3051; row_count=3; label_raw_all=動詞
add,971,ability,ability,noun,base,1,能力，力量,high_school,2,eiken,英検語彙由来のv2正本候補。英検最小級=pre2。出現級=pre2;2。pos判定=label_raw_all,source_refs=pre2:1106;2:84; row_count=2; label_raw_all=名詞
add,972,absolutely,absolutely,adverb,base,1,絶対に，必ず,high_school,2,eiken,英検語彙由来のv2正本候補。英検最小級=pre2。出現級=pre2;2。pos判定=label_raw_all,source_refs=pre2:739;2:1729; row_count=2; label_raw_all=副詞
add,973,absorb,absorb,verb,base,1,を吸収する，吸い取る,high_school,1,eiken,英検語彙由来のv2正本候補。英検最小級=pre2。出現級=pre2;2;pre1。pos判定=label_raw_all,source_refs=pre2:675;2:648;pre1:3143; row_count=3; label_raw_all=動詞
add,974,academic,academic,adjective,base,1,学術の，大学の,high_school,2,eiken,英検語彙由来のv2正本候補。英検最小級=pre2。出現級=pre2;2。pos判定=label_raw_all,source_refs=pre2:298;2:1381; row_count=2; label_raw_all=形容詞
add,975,accidentally,accidentally,adverb,base,1,誤って，知らずに,high_school,2,eiken,英検語彙由来のv2正本候補。英検最小級=pre2。出現級=pre2;2。pos判定=label_raw_all,source_refs=pre2:1299;2:196; row_count=2; label_raw_all=副詞
add,976,accompany,accompany,verb,base,1,に付き添う，に同行する,high_school,1,eiken,英検語彙由来のv2正本候補。英検最小級=pre2。出現級=pre2;2;pre1。pos判定=label_raw_all,source_refs=pre2:568;2:100;pre1:3102; row_count=3; label_raw_all=動詞
add,977,accomplish,accomplish,verb,base,1,を成し遂げる，完成する,high_school,2,eiken,英検語彙由来のv2正本候補。英検最小級=pre2。出現級=pre2;2。pos判定=label_raw_all,source_refs=pre2:202;2:468; row_count=2; label_raw_all=動詞
add,978,account,account,noun,base,1,銀行口座,high_school,2,eiken,英検語彙由来のv2正本候補。英検最小級=pre2。出現級=pre2;2。pos判定=label_raw_all,source_refs=pre2:1214;2:2001; row_count=2; label_raw_all=名詞
add,979,accurate,accurate,adjective,base,1,正確な，的確な,high_school,2,eiken,英検語彙由来のv2正本候補。英検最小級=pre2。出現級=pre2;2。pos判定=label_raw_all,source_refs=pre2:965;2:119; row_count=2; label_raw_all=形容詞
add,980,accuse,accuse,verb,base,1,告発する，告発,high_school,1,eiken,英検語彙由来のv2正本候補。英検最小級=pre2。出現級=pre2;2;pre1。pos判定=label_raw_all,source_refs=pre2:263;2:1909;pre1:420; row_count=3; label_raw_all=動詞
add,981,achieve,achieve,verb,base,1,を達成する，到達する,high_school,2,eiken,英検語彙由来のv2正本候補。英検最小級=pre2。出現級=pre2;2。pos判定=label_raw_all,source_refs=pre2:161;2:147; row_count=2; label_raw_all=動詞
add,982,achievement,achievement,noun,base,1,達成，成就,high_school,2,eiken,英検語彙由来のv2正本候補。英検最小級=pre2。出現級=pre2;2。pos判定=label_raw_all,source_refs=pre2:992;2:1537; row_count=2; label_raw_all=名詞
add,983,active,active,adjective,base,1,活動的な，活気のある,high_school,2,eiken,英検語彙由来のv2正本候補。英検最小級=pre2。出現級=pre2;2。pos判定=label_raw_all,source_refs=pre2:1360;2:297; row_count=2; label_raw_all=形容詞
add,984,activist,activist,noun,base,1,行動主義者，活動家,high_school,2,eiken,英検語彙由来のv2正本候補。英検最小級=pre2。出現級=pre2;2。pos判定=label_raw_all,source_refs=pre2:1000;2:1721; row_count=2; label_raw_all=名詞
add,985,activity,activity,noun,base,1,活動,high_school,2,eiken,英検語彙由来のv2正本候補。英検最小級=pre2。出現級=pre2。pos判定=label_raw_all,source_refs=pre2:63; row_count=1; label_raw_all=名詞
add,986,actual,actual,adjective,base,1,現実の，事実の,high_school,2,eiken,英検語彙由来のv2正本候補。英検最小級=pre2。出現級=pre2;2。pos判定=label_raw_all,source_refs=pre2:1140;2:1560; row_count=2; label_raw_all=形容詞
add,987,adapt,adapt,verb,base,1,に適合させる，調整する,high_school,2,eiken,英検語彙由来のv2正本候補。英検最小級=pre2。出現級=pre2;2。pos判定=label_raw_all,source_refs=pre2:533;2:1320; row_count=2; label_raw_all=動詞
add,988,addition,addition,noun,base,1,追加，付加,high_school,2,eiken,英検語彙由来のv2正本候補。英検最小級=pre2。出現級=pre2;2。pos判定=label_raw_all,source_refs=pre2:856;2:1187; row_count=2; label_raw_all=名詞
add,989,additionally,additionally,adverb,base,1,加えて，さらに，追加で,high_school,2,eiken,英検語彙由来のv2正本候補。英検最小級=pre2。出現級=pre2;2。pos判定=label_raw_all,source_refs=pre2:1255;2:107; row_count=2; label_raw_all=副詞
add,990,administration,administration,noun,base,1,機関，運営,high_school,2,eiken,英検語彙由来のv2正本候補。英検最小級=pre2。出現級=pre2;2。pos判定=label_raw_all,source_refs=pre2:273;2:1832; row_count=2; label_raw_all=名詞
add,991,admire,admire,verb,base,1,を賞賛する，を賛美する,high_school,2,eiken,英検語彙由来のv2正本候補。英検最小級=pre2。出現級=pre2;2。pos判定=label_raw_all,source_refs=pre2:1068;2:1314; row_count=2; label_raw_all=動詞
add,992,admission,admission,noun,base,1,入場，入場料,high_school,1,eiken,英検語彙由来のv2正本候補。英検最小級=pre2。出現級=pre2;2;pre1。pos判定=label_raw_all,source_refs=pre2:717;2:894;pre1:3357; row_count=3; label_raw_all=名詞
add,993,admit,admit,verb,base,1,を認める，入ることを許す,high_school,2,eiken,英検語彙由来のv2正本候補。英検最小級=pre2。出現級=pre2;2。pos判定=label_raw_all,source_refs=pre2:530;2:523; row_count=2; label_raw_all=動詞
add,994,adopt,adopt,verb,base,1,を自分のものにする，を取り入れる,high_school,2,eiken,英検語彙由来のv2正本候補。英検最小級=pre2。出現級=pre2;2。pos判定=label_raw_all,source_refs=pre2:937;2:142; row_count=2; label_raw_all=動詞
add,995,advantage,advantage,noun,base,1,有利，利点,high_school,2,eiken,英検語彙由来のv2正本候補。英検最小級=pre2。出現級=pre2;2。pos判定=label_raw_all,source_refs=pre2:41;2:364; row_count=2; label_raw_all=名詞
add,996,advertise,advertise,verb,base,1,宣伝する，広告する,high_school,2,eiken,英検語彙由来のv2正本候補。英検最小級=pre2。出現級=pre2;2。pos判定=label_raw_all,source_refs=pre2:664;2:1291; row_count=2; label_raw_all=動詞
add,997,advocate,advocate,verb,base,1,提唱する，主張する,high_school,1,eiken,英検語彙由来のv2正本候補。英検最小級=pre2。出現級=pre2;2;pre1。pos判定=label_raw_all,source_refs=pre2:1038;2:1457;pre1:3128; row_count=3; label_raw_all=動詞
add,998,affair,affair,noun,base,1,事柄，問題,high_school,2,eiken,英検語彙由来のv2正本候補。英検最小級=pre2。出現級=pre2;2。pos判定=label_raw_all,source_refs=pre2:658;2:1274; row_count=2; label_raw_all=名詞
add,999,afford,afford,verb,base,1,余裕がある，ゆとりがある,high_school,2,eiken,英検語彙由来のv2正本候補。英検最小級=pre2。出現級=pre2;2。pos判定=label_raw_all,source_refs=pre2:897;2:1182; row_count=2; label_raw_all=動詞
add,1000,agenda,agenda,noun,base,1,議題,high_school,2,eiken,英検語彙由来のv2正本候補。英検最小級=pre2。出現級=pre2。pos判定=label_raw_all,source_refs=pre2:1164; row_count=1; label_raw_all=名詞
add,1001,agent,agent,noun,base,1,代理人，代表者,high_school,2,eiken,英検語彙由来のv2正本候補。英検最小級=pre2。出現級=pre2;2。pos判定=label_raw_all,source_refs=pre2:187;2:1410; row_count=2; label_raw_all=名詞
add,1002,agreement,agreement,noun,base,1,同意，賛成,high_school,2,eiken,英検語彙由来のv2正本候補。英検最小級=pre2。出現級=pre2;2。pos判定=label_raw_all,source_refs=pre2:825;2:1455; row_count=2; label_raw_all=名詞
add,1003,agriculture,agriculture,noun,base,1,農業，耕作,high_school,2,eiken,英検語彙由来のv2正本候補。英検最小級=pre2。出現級=pre2;2。pos判定=label_raw_all,source_refs=pre2:731;2:1744; row_count=2; label_raw_all=名詞
add,1004,aid,aid,noun,base,1,援助/助ける,high_school,1,eiken,英検語彙由来のv2正本候補。英検最小級=pre2。出現級=pre2;2;pre1。pos判定=label_raw_all_multi:noun|verb,source_refs=pre2:815;2:729;pre1:3366; row_count=3; label_raw_all=名詞;名詞/動詞
add,1005,aim,aim,verb,base,1,ねらいをつける，狙う,high_school,2,eiken,英検語彙由来のv2正本候補。英検最小級=pre2。出現級=pre2;2。pos判定=label_raw_all,source_refs=pre2:998;2:1900; row_count=2; label_raw_all=動詞
add,1006,aircraft,aircraft,noun,base,1,航空機，飛行機,high_school,2,eiken,英検語彙由来のv2正本候補。英検最小級=pre2。出現級=pre2;2。pos判定=label_raw_all,source_refs=pre2:1171;2:1781; row_count=2; label_raw_all=名詞
add,1007,alike,alike,adjective,base,1,よく似た，類似の,high_school,2,eiken,英検語彙由来のv2正本候補。英検最小級=pre2。出現級=pre2;2。pos判定=label_raw_all,source_refs=pre2:924;2:1952; row_count=2; label_raw_all=形容詞
add,1008,alliance,alliance,noun,base,1,同盟，協定,high_school,1,eiken,英検語彙由来のv2正本候補。英検最小級=pre2。出現級=pre2;2;pre1。pos判定=label_raw_all,source_refs=pre2:740;2:1918;pre1:3202; row_count=3; label_raw_all=名詞
add,1009,allow,allow,verb,base,1,を許可する，許す,high_school,2,eiken,英検語彙由来のv2正本候補。英検最小級=pre2。出現級=pre2;2。pos判定=label_raw_all,source_refs=pre2:170;2:85; row_count=2; label_raw_all=動詞
add,1010,ally,ally,verb,base,1,と同盟する，連合する,high_school,1,eiken,英検語彙由来のv2正本候補。英検最小級=pre2。出現級=pre2;2;pre1。pos判定=label_raw_all,source_refs=pre2:544;2:1095;pre1:459; row_count=3; label_raw_all=動詞; meaning_ja_all=と同盟する，連合する / と同盟する，手を結ぶ
add,1011,alter,alter,verb,base,1,を変える，を改変する,high_school,2,eiken,英検語彙由来のv2正本候補。英検最小級=pre2。出現級=pre2;2。pos判定=label_raw_all,source_refs=pre2:762;2:1877; row_count=2; label_raw_all=動詞
add,1012,alternative,alternative,noun,base,1,代替物，代案,high_school,2,eiken,英検語彙由来のv2正本候補。英検最小級=pre2。出現級=pre2;2。pos判定=label_raw_all,source_refs=pre2:878;2:694; row_count=2; label_raw_all=名詞
add,1013,amendment,amendment,noun,base,1,修正，改訂,high_school,2,eiken,英検語彙由来のv2正本候補。英検最小級=pre2。出現級=pre2;2。pos判定=label_raw_all,source_refs=pre2:1219;2:1403; row_count=2; label_raw_all=名詞
add,1014,analysis,analysis,noun,base,1,分析，解析,high_school,2,eiken,英検語彙由来のv2正本候補。英検最小級=pre2。出現級=pre2;2。pos判定=label_raw_all,source_refs=pre2:406;2:1855; row_count=2; label_raw_all=名詞
add,1015,analyst,analyst,noun,base,1,分析者,high_school,2,eiken,英検語彙由来のv2正本候補。英検最小級=pre2。出現級=pre2。pos判定=label_raw_all,source_refs=pre2:414; row_count=1; label_raw_all=名詞
add,1016,analyze,analyze,verb,base,1,を分析する，分解する,high_school,2,eiken,英検語彙由来のv2正本候補。英検最小級=pre2。出現級=pre2;2。pos判定=label_raw_all,source_refs=pre2:1260;2:120; row_count=2; label_raw_all=動詞
add,1017,ancestor,ancestor,noun,base,1,祖先，先祖,high_school,1,eiken,英検語彙由来のv2正本候補。英検最小級=pre2。出現級=pre2;2;pre1。pos判定=label_raw_all,source_refs=pre2:179;2:742;2:2164;pre1:3298; row_count=4; label_raw_all=名詞
add,1018,ancient,ancient,adjective,base,1,古代の，大昔の,high_school,2,eiken,英検語彙由来のv2正本候補。英検最小級=pre2。出現級=pre2;2。pos判定=label_raw_all,source_refs=pre2:168;2:458; row_count=2; label_raw_all=形容詞
add,1019,ankle,ankle,noun,base,1,足首，くるぶし,high_school,1,eiken,英検語彙由来のv2正本候補。英検最小級=pre2。出現級=pre2;2;pre1。pos判定=label_raw_all,source_refs=pre2:1358;2:294;pre1:144; row_count=3; label_raw_all=名詞
add,1020,anniversary,anniversary,noun,base,1,～周年，記念日,high_school,2,eiken,英検語彙由来のv2正本候補。英検最小級=pre2。出現級=pre2;2。pos判定=label_raw_all,source_refs=pre2:1173;2:329; row_count=2; label_raw_all=名詞
add,1021,annoy,annoy,verb,base,1,いらだたせる，怒らせる,high_school,1,eiken,英検語彙由来のv2正本候補。英検最小級=pre2。出現級=pre2;2;pre1。pos判定=label_raw_all,source_refs=pre2:329;2:1028;pre1:3003; row_count=3; label_raw_all=動詞
add,1022,annually,annually,adverb,base,1,毎年の，年一回ずつ,high_school,2,eiken,英検語彙由来のv2正本候補。英検最小級=pre2。出現級=pre2;2。pos判定=label_raw_all,source_refs=pre2:1285;2:156; row_count=2; label_raw_all=副詞
add,1023,anxiety,anxiety,noun,base,1,心配，不安,high_school,2,eiken,英検語彙由来のv2正本候補。英検最小級=pre2。出現級=pre2;2。pos判定=label_raw_all,source_refs=pre2:789;2:108; row_count=2; label_raw_all=名詞
add,1024,anxious,anxious,adjective,base,1,心配した，不安な,high_school,2,eiken,英検語彙由来のv2正本候補。英検最小級=pre2。出現級=pre2;2。pos判定=label_raw_all,source_refs=pre2:460;2:457; row_count=2; label_raw_all=形容詞
add,1025,apart,apart,adverb,base,1,離れて，遠くに,high_school,2,eiken,英検語彙由来のv2正本候補。英検最小級=pre2。出現級=pre2;2。pos判定=label_raw_all,source_refs=pre2:1188;2:1668; row_count=2; label_raw_all=副詞
add,1026,apologize,apologize,verb,base,1,謝る，謝罪する,high_school,1,eiken,英検語彙由来のv2正本候補。英検最小級=pre2。出現級=pre2;2;pre1。pos判定=label_raw_all,source_refs=pre2:132;2:2134;pre1:284; row_count=3; label_raw_all=動詞
add,1027,apology,apology,noun,base,1,謝罪，お詫び,high_school,1,eiken,英検語彙由来のv2正本候補。英検最小級=pre2。出現級=pre2;2;pre1。pos判定=label_raw_all,source_refs=pre2:1329;2:251;pre1:228; row_count=3; label_raw_all=名詞
add,1028,apparently,apparently,adverb,base,1,見たらわかる、一見すると,high_school,2,eiken,英検語彙由来のv2正本候補。英検最小級=pre2。出現級=pre2;2。pos判定=label_raw_all,source_refs=pre2:155;2:1298; row_count=2; label_raw_all=副詞
add,1029,appeal,appeal,verb,base,1,訴える，告発する，告訴する,high_school,2,eiken,英検語彙由来のv2正本候補。英検最小級=pre2。出現級=pre2;2。pos判定=label_raw_all,source_refs=pre2:1009;2:714; row_count=2; label_raw_all=動詞
add,1030,appear,appear,verb,base,1,現れる，出現する,high_school,2,eiken,英検語彙由来のv2正本候補。英検最小級=pre2。出現級=pre2;2。pos判定=label_raw_all,source_refs=pre2:467;2:690; row_count=2; label_raw_all=動詞
add,1031,appearance,appearance,noun,base,1,出現，外見,high_school,2,eiken,英検語彙由来のv2正本候補。英検最小級=pre2。出現級=pre2;2。pos判定=label_raw_all,source_refs=pre2:865;2:737; row_count=2; label_raw_all=名詞
add,1032,appoint,appoint,verb,base,1,任命する，指定する,high_school,1,eiken,英検語彙由来のv2正本候補。英検最小級=pre2。出現級=pre2;2;pre1。pos判定=label_raw_all,source_refs=pre2:1095;2:1271;pre1:3111; row_count=3; label_raw_all=動詞
add,1033,appointment,appointment,noun,base,1,予定，約束,high_school,2,eiken,英検語彙由来のv2正本候補。英検最小級=pre2。出現級=pre2;2。pos判定=label_raw_all,source_refs=pre2:1301;2:198; row_count=2; label_raw_all=名詞
add,1034,appreciate,appreciate,verb,base,1,感謝する，ありがたがる,high_school,2,eiken,英検語彙由来のv2正本候補。英検最小級=pre2。出現級=pre2;2。pos判定=label_raw_all,source_refs=pre2:1193;2:1031; row_count=2; label_raw_all=動詞
add,1035,approach,approach,verb,base,1,に近づく，接近する,high_school,2,eiken,英検語彙由来のv2正本候補。英検最小級=pre2。出現級=pre2;2。pos判定=label_raw_all,source_refs=pre2:270;2:125; row_count=2; label_raw_all=動詞
add,1036,appropriate,appropriate,adjective,base,1,適当な,high_school,1,eiken,英検語彙由来のv2正本候補。英検最小級=pre2。出現級=pre2;2;pre1。pos判定=label_raw_all,source_refs=pre2:700;2:2181;pre1:3277; row_count=3; label_raw_all=形容詞; meaning_ja_all=適当な / 適当な，充当する
add,1037,approval,approval,noun,base,1,承認，認可,high_school,2,eiken,英検語彙由来のv2正本候補。英検最小級=pre2。出現級=pre2;2。pos判定=label_raw_all,source_refs=pre2:666;2:1719; row_count=2; label_raw_all=名詞
add,1038,architect,architect,noun,base,1,建築家,high_school,1,eiken,英検語彙由来のv2正本候補。英検最小級=pre2。出現級=pre2;2;pre1。pos判定=label_raw_all,source_refs=pre2:821;2:2043;pre1:866; row_count=3; label_raw_all=名詞
add,1039,argue,argue,verb,base,1,だと主張する，感情的に論じる,high_school,2,eiken,英検語彙由来のv2正本候補。英検最小級=pre2。出現級=pre2;2。pos判定=label_raw_all,source_refs=pre2:644;2:35; row_count=2; label_raw_all=動詞
add,1040,argument,argument,noun,base,1,議論，口論,high_school,2,eiken,英検語彙由来のv2正本候補。英検最小級=pre2。出現級=pre2;2。pos判定=label_raw_all,source_refs=pre2:178;2:854; row_count=2; label_raw_all=名詞
add,1041,arise,arise,verb,base,1,起こる，現れる,high_school,2,eiken,英検語彙由来のv2正本候補。英検最小級=pre2。出現級=pre2;2。pos判定=label_raw_all,source_refs=pre2:1161;2:1567; row_count=2; label_raw_all=動詞
add,1042,arms,arms,noun,base,1,武器，兵器,high_school,2,eiken,英検語彙由来のv2正本候補。英検最小級=pre2。出現級=pre2;2。pos判定=label_raw_all,source_refs=pre2:952;2:1142; row_count=2; label_raw_all=名詞
add,1043,arrange,arrange,verb,base,1,整える，を配置する,high_school,2,eiken,英検語彙由来のv2正本候補。英検最小級=pre2。出現級=pre2;2。pos判定=label_raw_all,source_refs=pre2:1310;2:221; row_count=2; label_raw_all=動詞
add,1044,arrangement,arrangement,noun,base,1,配置，配列,high_school,2,eiken,英検語彙由来のv2正本候補。英検最小級=pre2。出現級=pre2;2。pos判定=label_raw_all,source_refs=pre2:1462;2:451; row_count=2; label_raw_all=名詞
add,1045,arrival,arrival,noun,base,1,到着，到達,high_school,2,eiken,英検語彙由来のv2正本候補。英検最小級=pre2。出現級=pre2;2。pos判定=label_raw_all,source_refs=pre2:159;2:1101; row_count=2; label_raw_all=名詞
add,1046,arrogant,arrogant,adjective,base,1,傲慢な，横柄な,high_school,1,eiken,英検語彙由来のv2正本候補。英検最小級=pre2。出現級=pre2;2;pre1。pos判定=label_raw_all,source_refs=pre2:1430;2:408;pre1:1658; row_count=3; label_raw_all=形容詞
add,1047,article,article,noun,base,1,記事，論文,high_school,2,eiken,英検語彙由来のv2正本候補。英検最小級=pre2。出現級=pre2;2。pos判定=label_raw_all,source_refs=pre2:171;2:740; row_count=2; label_raw_all=名詞
add,1048,artificial,artificial,adjective,base,1,人工的な，人造の,high_school,2,eiken,英検語彙由来のv2正本候補。英検最小級=pre2。出現級=pre2;2。pos判定=label_raw_all,source_refs=pre2:1269;2:131; row_count=2; label_raw_all=形容詞
add,1049,asleep,asleep,adjective,base,1,眠っている，寝ている,high_school,2,eiken,英検語彙由来のv2正本候補。英検最小級=pre2。出現級=pre2;2。pos判定=label_raw_all,source_refs=pre2:95;2:1726; row_count=2; label_raw_all=形容詞
add,1050,aspect,aspect,noun,base,1,局面，側面，表情,high_school,2,eiken,英検語彙由来のv2正本候補。英検最小級=pre2。出現級=pre2;2。pos判定=label_raw_all,source_refs=pre2:618;2:454; row_count=2; label_raw_all=名詞
add,1051,assault,assault,noun,base,1,暴行，攻撃,high_school,1,eiken,英検語彙由来のv2正本候補。英検最小級=pre2。出現級=pre2;2;pre1。pos判定=label_raw_all,source_refs=pre2:370;2:1199;pre1:2157; row_count=3; label_raw_all=名詞
add,1052,assessment,assessment,noun,base,1,評価，査定,high_school,2,eiken,英検語彙由来のv2正本候補。英検最小級=pre2。出現級=pre2;2。pos判定=label_raw_all,source_refs=pre2:337;2:1997; row_count=2; label_raw_all=名詞
add,1053,asset,asset,noun,base,1,資産，財産,high_school,1,eiken,英検語彙由来のv2正本候補。英検最小級=pre2。出現級=pre2;2;pre1。pos判定=label_raw_all,source_refs=pre2:349;2:1491;pre1:3041; row_count=3; label_raw_all=名詞
add,1054,assignment,assignment,noun,base,1,割り当て，配分,high_school,1,eiken,英検語彙由来のv2正本候補。英検最小級=pre2。出現級=pre2;2;pre1。pos判定=label_raw_all,source_refs=pre2:1307;2:215;pre1:869; row_count=3; label_raw_all=名詞
add,1055,assistance,assistance,noun,base,1,支援，手伝い,high_school,2,eiken,英検語彙由来のv2正本候補。英検最小級=pre2。出現級=pre2;2。pos判定=label_raw_all,source_refs=pre2:724;2:415; row_count=2; label_raw_all=名詞
add,1056,associate,associate,verb,base,1,結びつけて考える，賛同する,high_school,1,eiken,英検語彙由来のv2正本候補。英検最小級=pre2。出現級=pre2;2;pre1。pos判定=label_raw_all,source_refs=pre2:997;2:1237;pre1:3274; row_count=3; label_raw_all=動詞
add,1057,association,association,noun,base,1,協会，連合,high_school,2,eiken,英検語彙由来のv2正本候補。英検最小級=pre2。出現級=pre2;2。pos判定=label_raw_all,source_refs=pre2:524;2:1252; row_count=2; label_raw_all=名詞
add,1058,assumption,assumption,noun,base,1,想定，仮説,high_school,1,eiken,英検語彙由来のv2正本候補。英検最小級=pre2。出現級=pre2;2;pre1。pos判定=label_raw_all,source_refs=pre2:812;2:1690;pre1:3161; row_count=3; label_raw_all=名詞
add,1059,astronaut,astronaut,noun,base,1,宇宙飛行士,high_school,2,eiken,英検語彙由来のv2正本候補。英検最小級=pre2。出現級=pre2;pre1。pos判定=label_raw_all,source_refs=pre2:830;pre1:1052; row_count=2; label_raw_all=名詞
add,1060,atmosphere,atmosphere,noun,base,1,雰囲気，気候,high_school,2,eiken,英検語彙由来のv2正本候補。英検最小級=pre2。出現級=pre2;2。pos判定=label_raw_all,source_refs=pre2:1099;2:1255; row_count=2; label_raw_all=名詞
add,1061,attach,attach,verb,base,1,を貼り付ける，を貼る,high_school,1,eiken,英検語彙由来のv2正本候補。英検最小級=pre2。出現級=pre2;2;pre1。pos判定=label_raw_all,source_refs=pre2:772;2:200;pre1:3320; row_count=3; label_raw_all=動詞
add,1062,attempt,attempt,noun,base,1,試み，試練,high_school,2,eiken,英検語彙由来のv2正本候補。英検最小級=pre2。出現級=pre2;2。pos判定=label_raw_all,source_refs=pre2:536;2:1924; row_count=2; label_raw_all=名詞
add,1063,attitude,attitude,noun,base,1,態度，姿勢,high_school,2,eiken,英検語彙由来のv2正本候補。英検最小級=pre2。出現級=pre2;2。pos判定=label_raw_all,source_refs=pre2:162;2:235; row_count=2; label_raw_all=名詞
add,1064,attorney,attorney,noun,base,1,弁護士，代理人,high_school,2,eiken,英検語彙由来のv2正本候補。英検最小級=pre2。出現級=pre2;2。pos判定=label_raw_all,source_refs=pre2:708;2:1097; row_count=2; label_raw_all=名詞
add,1065,attract,attract,verb,base,1,引きつける，魅了する,high_school,2,eiken,英検語彙由来のv2正本候補。英検最小級=pre2。出現級=pre2;2。pos判定=label_raw_all,source_refs=pre2:91;2:1614; row_count=2; label_raw_all=動詞
add,1066,attractive,attractive,adjective,base,1,魅力的な，興味をそそる,high_school,2,eiken,英検語彙由来のv2正本候補。英検最小級=pre2。出現級=pre2;2。pos判定=label_raw_all,source_refs=pre2:608;2:30; row_count=2; label_raw_all=形容詞
add,1067,attribute,attribute,verb,base,1,に帰する,high_school,1,eiken,英検語彙由来のv2正本候補。英検最小級=pre2。出現級=pre2;2;pre1。pos判定=label_raw_all,source_refs=pre2:257;2:2081;pre1:3150; row_count=3; label_raw_all=動詞
add,1068,author,author,noun,base,1,著者，作者,high_school,2,eiken,英検語彙由来のv2正本候補。英検最小級=pre2。出現級=pre2;2。pos判定=label_raw_all,source_refs=pre2:983;2:1358; row_count=2; label_raw_all=名詞
add,1069,authority,authority,noun,base,1,権威，権力,high_school,2,eiken,英検語彙由来のv2正本候補。英検最小級=pre2。出現級=pre2;2。pos判定=label_raw_all,source_refs=pre2:603;2:1318; row_count=2; label_raw_all=名詞
add,1070,automobile,automobile,noun,base,1,自動車，乗用車,high_school,2,eiken,英検語彙由来のv2正本候補。英検最小級=pre2。出現級=pre2;2。pos判定=label_raw_all,source_refs=pre2:283;2:1752; row_count=2; label_raw_all=名詞
add,1071,available,available,adjective,base,1,利用できる，使用可能な,high_school,2,eiken,英検語彙由来のv2正本候補。英検最小級=pre2。出現級=pre2;2。pos判定=label_raw_all,source_refs=pre2:3;2:190; row_count=2; label_raw_all=形容詞
add,1072,avoid,avoid,verb,base,1,を避ける，を回避する,high_school,2,eiken,英検語彙由来のv2正本候補。英検最小級=pre2。出現級=pre2;2。pos判定=label_raw_all,source_refs=pre2:1124;2:144; row_count=2; label_raw_all=動詞
add,1073,aware,aware,adjective,base,1,気づいている，知っている,high_school,2,eiken,英検語彙由来のv2正本候補。英検最小級=pre2。出現級=pre2;2。pos判定=label_raw_all,source_refs=pre2:577;2:1423; row_count=2; label_raw_all=形容詞
add,1074,awareness,awareness,noun,base,1,気づき，認識,high_school,2,eiken,英検語彙由来のv2正本候補。英検最小級=pre2。出現級=pre2;2。pos判定=label_raw_all,source_refs=pre2:955;2:1062; row_count=2; label_raw_all=名詞
add,1075,awful,awful,adjective,base,1,ひどい，恐ろしい,high_school,2,eiken,英検語彙由来のv2正本候補。英検最小級=pre2。出現級=pre2;2。pos判定=label_raw_all,source_refs=pre2:560;2:1226; row_count=2; label_raw_all=形容詞
add,1076,bare,bare,adjective,base,1,裸の，露出の,high_school,2,eiken,英検語彙由来のv2正本候補。英検最小級=pre2。出現級=pre2;2。pos判定=label_raw_all,source_refs=pre2:1012;2:1528; row_count=2; label_raw_all=形容詞
add,1077,barely,barely,adverb,base,1,かろうじて，やっと,high_school,1,eiken,英検語彙由来のv2正本候補。英検最小級=pre2。出現級=pre2;2;pre1。pos判定=label_raw_all,source_refs=pre2:1320;2:241;pre1:3182; row_count=3; label_raw_all=副詞
add,1078,basis,basis,noun,base,1,土台，根拠,high_school,2,eiken,英検語彙由来のv2正本候補。英検最小級=pre2。出現級=pre2;2。pos判定=label_raw_all,source_refs=pre2:1119;2:1512; row_count=2; label_raw_all=名詞
add,1079,battery,battery,noun,base,1,電池，蓄電池,high_school,2,eiken,英検語彙由来のv2正本候補。英検最小級=pre2。出現級=pre2;2。pos判定=label_raw_all,source_refs=pre2:1015;2:1193; row_count=2; label_raw_all=名詞
add,1080,behave,behave,verb,base,1,振る舞う，立ち振舞う,high_school,2,eiken,英検語彙由来のv2正本候補。英検最小級=pre2。出現級=pre2;2。pos判定=label_raw_all,source_refs=pre2:83;2:217; row_count=2; label_raw_all=動詞
add,1081,belief,belief,noun,base,1,信念，信条,high_school,2,eiken,英検語彙由来のv2正本候補。英検最小級=pre2。出現級=pre2;2。pos判定=label_raw_all,source_refs=pre2:166;2:1216; row_count=2; label_raw_all=名詞
add,1082,bend,bend,verb,base,1,曲げる,high_school,2,eiken,英検語彙由来のv2正本候補。英検最小級=pre2。出現級=pre2;2。pos判定=label_raw_all,source_refs=pre2:911;2:744; row_count=2; label_raw_all=動詞; meaning_ja_all=曲げる / 曲げる，湾曲させる
add,1083,benefit,benefit,noun,base,1,利益/に利益をもたらす,high_school,2,eiken,英検語彙由来のv2正本候補。英検最小級=pre2。出現級=pre2;2。pos判定=label_raw_all_multi:noun|verb,source_refs=pre2:928;2:21; row_count=2; label_raw_all=名詞;名詞/動詞
add,1084,bet,bet,verb,base,1,賭ける，博打をする,high_school,2,eiken,英検語彙由来のv2正本候補。英検最小級=pre2。出現級=pre2;2。pos判定=label_raw_all,source_refs=pre2:1039;2:1311; row_count=2; label_raw_all=動詞
add,1085,betray,betray,verb,base,1,を裏切る，をだます,high_school,1,eiken,英検語彙由来のv2正本候補。英検最小級=pre2。出現級=pre2;2;pre1。pos判定=label_raw_all,source_refs=pre2:1243;2:78;pre1:357; row_count=3; label_raw_all=動詞
add,1086,bill,bill,noun,base,1,請求書，勘定書,high_school,2,eiken,英検語彙由来のv2正本候補。英検最小級=pre2。出現級=pre2;2。pos判定=label_raw_all,source_refs=pre2:373;2:1082; row_count=2; label_raw_all=名詞
add,1087,bind,bind,verb,base,1,縛りつける，束ねる,high_school,2,eiken,英検語彙由来のv2正本候補。英検最小級=pre2。出現級=pre2;2。pos判定=label_raw_all,source_refs=pre2:319;2:1189; row_count=2; label_raw_all=動詞
add,1088,biological,biological,adjective,base,1,生物学上の，生物的な,high_school,2,eiken,英検語彙由来のv2正本候補。英検最小級=pre2。出現級=pre2;2。pos判定=label_raw_all,source_refs=pre2:650;2:1282; row_count=2; label_raw_all=形容詞
add,1089,bishop,bishop,noun,base,1,司教，教会の指導者,high_school,1,eiken,英検語彙由来のv2正本候補。英検最小級=pre2。出現級=pre2;2;pre1。pos判定=label_raw_all,source_refs=pre2:719;2:1241;pre1:2031; row_count=3; label_raw_all=名詞
add,1090,bite,bite,verb,base,1,を噛む，かじる,high_school,2,eiken,英検語彙由来のv2正本候補。英検最小級=pre2。出現級=pre2;2。pos判定=label_raw_all,source_refs=pre2:152;2:1606; row_count=2; label_raw_all=動詞
add,1091,bitter,bitter,adjective,base,1,苦い，えぐい,high_school,2,eiken,英検語彙由来のv2正本候補。英検最小級=pre2。出現級=pre2;2。pos判定=label_raw_all,source_refs=pre2:634;2:1005; row_count=2; label_raw_all=形容詞
add,1092,blame,blame,verb,base,1,を非難する，批判する,high_school,1,eiken,英検語彙由来のv2正本候補。英検最小級=pre2。出現級=pre2;2;pre1。pos判定=label_raw_all,source_refs=pre2:1377;2:328;pre1:181; row_count=3; label_raw_all=動詞
add,1093,block,block,verb,base,1,を妨げる，を阻害する,high_school,2,eiken,英検語彙由来のv2正本候補。英検最小級=pre2。出現級=pre2;2。pos判定=label_raw_all,source_refs=pre2:943;2:1177; row_count=2; label_raw_all=動詞
add,1094,bloody,bloody,adjective,base,1,血の，血液の,high_school,2,eiken,英検語彙由来のv2正本候補。英検最小級=pre2。出現級=pre2;2。pos判定=label_raw_all,source_refs=pre2:1187;2:1175; row_count=2; label_raw_all=形容詞
add,1095,bond,bond,noun,base,1,拘束，束縛,high_school,1,eiken,英検語彙由来のv2正本候補。英検最小級=pre2。出現級=pre2;2;pre1。pos判定=label_raw_all,source_refs=pre2:493;2:1317;pre1:616; row_count=3; label_raw_all=名詞
add,1096,bored,bored,adjective,base,1,退屈した，つまらない,high_school,2,eiken,英検語彙由来のv2正本候補。英検最小級=pre2。出現級=pre2;2。pos判定=label_raw_all,source_refs=pre2:539;2:1036; row_count=2; label_raw_all=形容詞
add,1097,boundary,boundary,noun,base,1,境界，限界,high_school,2,eiken,英検語彙由来のv2正本候補。英検最小級=pre2。出現級=pre2;2。pos判定=label_raw_all,source_refs=pre2:936;2:1299; row_count=2; label_raw_all=名詞
add,1098,bravely,bravely,adverb,base,1,勇気をもって,high_school,2,eiken,英検語彙由来のv2正本候補。英検最小級=pre2。出現級=pre2;2。pos判定=label_raw_all,source_refs=pre2:693;2:670; row_count=2; label_raw_all=副詞; meaning_ja_all=勇気をもって / 勇敢に，りっぱに
add,1099,breast,breast,noun,base,1,胸部，胸,high_school,2,eiken,英検語彙由来のv2正本候補。英検最小級=pre2。出現級=pre2;2。pos判定=label_raw_all,source_refs=pre2:1139;2:1897; row_count=2; label_raw_all=名詞
add,1100,breath,breath,noun,base,1,息，呼吸,high_school,2,eiken,英検語彙由来のv2正本候補。英検最小級=pre2。出現級=pre2;2。pos判定=label_raw_all,source_refs=pre2:851;2:626; row_count=2; label_raw_all=名詞
add,1101,breathe,breathe,verb,base,1,呼吸をする,high_school,2,eiken,英検語彙由来のv2正本候補。英検最小級=pre2。出現級=pre2。pos判定=label_raw_all,source_refs=pre2:92; row_count=1; label_raw_all=動詞
add,1102,brick,brick,noun,base,1,れんが，れんが状のもの,high_school,2,eiken,英検語彙由来のv2正本候補。英検最小級=pre2。出現級=pre2;2。pos判定=label_raw_all,source_refs=pre2:940;2:1511; row_count=2; label_raw_all=名詞
add,1103,brief,brief,adjective,base,1,短い，短時間の,high_school,2,eiken,英検語彙由来のv2正本候補。英検最小級=pre2。出現級=pre2;2。pos判定=label_raw_all,source_refs=pre2:1024;2:1759; row_count=2; label_raw_all=形容詞
add,1104,briefly,briefly,adverb,base,1,簡単に，手短に,high_school,1,eiken,英検語彙由来のv2正本候補。英検最小級=pre2。出現級=pre2;2;pre1。pos判定=label_raw_all,source_refs=pre2:264;2:1431;pre1:3095; row_count=3; label_raw_all=副詞
add,1105,brightness,brightness,noun,base,1,輝度，明るさ,high_school,2,eiken,英検語彙由来のv2正本候補。英検最小級=pre2。出現級=pre2;2。pos判定=label_raw_all,source_refs=pre2:1392;2:352; row_count=2; label_raw_all=名詞
add,1106,brilliant,brilliant,adjective,base,1,優れた，光り輝く,high_school,2,eiken,英検語彙由来のv2正本候補。英検最小級=pre2。出現級=pre2;2。pos判定=label_raw_all,source_refs=pre2:1289;2:170; row_count=2; label_raw_all=形容詞
add,1107,broad,broad,adjective,base,1,広い，拡大する,high_school,2,eiken,英検語彙由来のv2正本候補。英検最小級=pre2。出現級=pre2;2。pos判定=label_raw_all,source_refs=pre2:989;2:1515; row_count=2; label_raw_all=形容詞
add,1108,broadcast,broadcast,verb,base,1,放送する,high_school,2,eiken,英検語彙由来のv2正本候補。英検最小級=pre2。出現級=pre2;2。pos判定=label_raw_all,source_refs=pre2:921;2:1200; row_count=2; label_raw_all=動詞; meaning_ja_all=放送する / 放送する，発信する
add,1109,bullet,bullet,noun,base,1,弾丸,high_school,2,eiken,英検語彙由来のv2正本候補。英検最小級=pre2。出現級=pre2。pos判定=label_raw_all,source_refs=pre2:1135; row_count=1; label_raw_all=名詞
add,1110,calculate,calculate,verb,base,1,計算する，算出する,high_school,2,eiken,英検語彙由来のv2正本候補。英検最小級=pre2。出現級=pre2;2。pos判定=label_raw_all,source_refs=pre2:1080;2:1542; row_count=2; label_raw_all=動詞
add,1111,capable,capable,adjective,base,1,可能性がある，才能のある,high_school,2,eiken,英検語彙由来のv2正本候補。英検最小級=pre2。出現級=pre2;2。pos判定=label_raw_all,source_refs=pre2:637;2:1601; row_count=2; label_raw_all=形容詞
add,1112,carbon,carbon,noun,base,1,炭素，炭素素子,high_school,2,eiken,英検語彙由来のv2正本候補。英検最小級=pre2。出現級=pre2;2。pos判定=label_raw_all,source_refs=pre2:930;2:1483; row_count=2; label_raw_all=名詞
add,1113,cast,cast,verb,base,1,投げる，放る,high_school,2,eiken,英検語彙由来のv2正本候補。英検最小級=pre2。出現級=pre2;2。pos判定=label_raw_all,source_refs=pre2:1189;2:1643; row_count=2; label_raw_all=動詞
add,1114,cause,cause,noun,base,1,原因/の原因となる,high_school,2,eiken,英検語彙由来のv2正本候補。英検最小級=pre2。出現級=pre2;2。pos判定=label_raw_all_multi:noun|verb,source_refs=pre2:1043;2:301; row_count=2; label_raw_all=名詞;動詞
add,1115,ceiling,ceiling,noun,base,1,天井，屋根,high_school,2,eiken,英検語彙由来のv2正本候補。英検最小級=pre2。出現級=pre2;2。pos判定=label_raw_all,source_refs=pre2:515;2:632; row_count=2; label_raw_all=名詞
add,1116,celebration,celebration,noun,base,1,お祝い，祝典,high_school,2,eiken,英検語彙由来のv2正本候補。英検最小級=pre2。出現級=pre2;2。pos判定=label_raw_all,source_refs=pre2:1325;2:246; row_count=2; label_raw_all=名詞
add,1117,cell,cell,noun,base,1,細胞，マス目,high_school,2,eiken,英検語彙由来のv2正本候補。英検最小級=pre2。出現級=pre2;2。pos判定=label_raw_all,source_refs=pre2:1283;2:153; row_count=2; label_raw_all=名詞
add,1118,chairman,chairman,noun,base,1,会長,high_school,2,eiken,英検語彙由来のv2正本候補。英検最小級=pre2。出現級=pre2。pos判定=label_raw_all,source_refs=pre2:508; row_count=1; label_raw_all=名詞
add,1119,chamber,chamber,noun,base,1,小部屋，個室,high_school,2,eiken,英検語彙由来のv2正本候補。英検最小級=pre2。出現級=pre2;2。pos判定=label_raw_all,source_refs=pre2:743;2:989; row_count=2; label_raw_all=名詞
add,1120,chapter,chapter,noun,base,1,章，区切り,high_school,2,eiken,英検語彙由来のv2正本候補。英検最小級=pre2。出現級=pre2;2。pos判定=label_raw_all,source_refs=pre2:867;2:1549; row_count=2; label_raw_all=名詞
add,1121,characteristic,characteristic,adjective,base,1,特有の，独特の,high_school,2,eiken,英検語彙由来のv2正本候補。英検最小級=pre2。出現級=pre2;2。pos判定=label_raw_all,source_refs=pre2:1040;2:315; row_count=2; label_raw_all=形容詞
add,1122,chase,chase,verb,base,1,を追跡する，追いかける/追跡,high_school,2,eiken,英検語彙由来のv2正本候補。英検最小級=pre2。出現級=pre2;2。pos判定=label_raw_all,source_refs=pre2:1383;2:340; row_count=2; label_raw_all=動詞
add,1123,chest,chest,noun,base,1,たんす，チェスト,high_school,2,eiken,英検語彙由来のv2正本候補。英検最小級=pre2。出現級=pre2;2。pos判定=label_raw_all,source_refs=pre2:602;2:1605; row_count=2; label_raw_all=名詞
add,1124,chew,chew,verb,base,1,嚙む,high_school,2,eiken,英検語彙由来のv2正本候補。英検最小級=pre2。出現級=pre2;pre1。pos判定=label_raw_all,source_refs=pre2:966;pre1:413; row_count=2; label_raw_all=動詞; meaning_ja_all=嚙む / を噛む
add,1125,childhood,childhood,noun,base,1,子供時代，幼少期,high_school,2,eiken,英検語彙由来のv2正本候補。英検最小級=pre2。出現級=pre2;2。pos判定=label_raw_all,source_refs=pre2:200;2:444; row_count=2; label_raw_all=名詞
add,1126,circumstance,circumstance,noun,base,1,状況，環境,high_school,2,eiken,英検語彙由来のv2正本候補。英検最小級=pre2。出現級=pre2;2。pos判定=label_raw_all,source_refs=pre2:710;2:1148; row_count=2; label_raw_all=名詞
add,1127,citizen,citizen,noun,base,1,市民，国民,high_school,2,eiken,英検語彙由来のv2正本候補。英検最小級=pre2。出現級=pre2;2。pos判定=label_raw_all,source_refs=pre2:351;2:1191; row_count=2; label_raw_all=名詞
add,1128,civilian,civilian,noun,base,1,民間人，一般市民,high_school,2,eiken,英検語彙由来のv2正本候補。英検最小級=pre2。出現級=pre2;2。pos判定=label_raw_all,source_refs=pre2:920;2:1029; row_count=2; label_raw_all=名詞
add,1129,civilization,civilization,noun,base,1,文明，文明社会,high_school,2,eiken,英検語彙由来のv2正本候補。英検最小級=pre2。出現級=pre2;2。pos判定=label_raw_all,source_refs=pre2:814;2:318; row_count=2; label_raw_all=名詞
add,1130,clerk,clerk,noun,base,1,事務員，社員,high_school,2,eiken,英検語彙由来のv2正本候補。英検最小級=pre2。出現級=pre2;2。pos判定=label_raw_all,source_refs=pre2:915;2:1257; row_count=2; label_raw_all=名詞
add,1131,client,client,noun,base,1,顧客,high_school,2,eiken,英検語彙由来のv2正本候補。英検最小級=pre2。出現級=pre2。pos判定=label_raw_all,source_refs=pre2:252; row_count=1; label_raw_all=名詞
add,1132,closely,closely,adverb,base,1,綿密に，詳細に,high_school,2,eiken,英検語彙由来のv2正本候補。英検最小級=pre2。出現級=pre2;2。pos判定=label_raw_all,source_refs=pre2:1211;2:1955; row_count=2; label_raw_all=副詞
add,1133,clue,clue,noun,base,1,手がかり，糸口,high_school,2,eiken,英検語彙由来のv2正本候補。英検最小級=pre2。出現級=pre2;2。pos判定=label_raw_all,source_refs=pre2:416;2:1099; row_count=2; label_raw_all=名詞
add,1134,coalition,coalition,noun,base,1,連立，連合,high_school,1,eiken,英検語彙由来のv2正本候補。英検最小級=pre2。出現級=pre2;2;pre1。pos判定=label_raw_all,source_refs=pre2:759;2:1874;pre1:2026; row_count=3; label_raw_all=名詞
add,1135,coast,coast,noun,base,1,海岸，沿岸地域,high_school,2,eiken,英検語彙由来のv2正本候補。英検最小級=pre2。出現級=pre2;2。pos判定=label_raw_all,source_refs=pre2:822;2:1465; row_count=2; label_raw_all=名詞
add,1136,collaboration,collaboration,noun,base,1,共同，共作，協力,high_school,1,eiken,英検語彙由来のv2正本候補。英検最小級=pre2。出現級=pre2;2;pre1。pos判定=label_raw_all,source_refs=pre2:1473;2:472;pre1:2385; row_count=3; label_raw_all=名詞
add,1137,collapse,collapse,verb,base,1,崩壊する，つぶれる,high_school,1,eiken,英検語彙由来のv2正本候補。英検最小級=pre2。出現級=pre2;2;pre1。pos判定=label_raw_all,source_refs=pre2:1371;2:320;pre1:3257; row_count=3; label_raw_all=動詞
add,1138,combat,combat,noun,base,1,戦闘，闘争,high_school,1,eiken,英検語彙由来のv2正本候補。英検最小級=pre2。出現級=pre2;2;pre1。pos判定=label_raw_all,source_refs=pre2:542;2:1350;pre1:3181; row_count=3; label_raw_all=名詞
add,1139,combine,combine,verb,base,1,を結合させる，合同する,high_school,2,eiken,英検語彙由来のv2正本候補。英検最小級=pre2。出現級=pre2;2。pos判定=label_raw_all,source_refs=pre2:203;2:841; row_count=2; label_raw_all=動詞
add,1140,comedy,comedy,noun,base,1,喜劇，茶番,high_school,2,eiken,英検語彙由来のv2正本候補。英検最小級=pre2。出現級=pre2;2。pos判定=label_raw_all,source_refs=pre2:738;2:1920; row_count=2; label_raw_all=名詞
add,1141,comfort,comfort,noun,base,1,快適さ/慰める,high_school,2,eiken,英検語彙由来のv2正本候補。英検最小級=pre2。出現級=pre2;2。pos判定=label_raw_all,source_refs=pre2:798;2:1197; row_count=2; label_raw_all=名詞
add,1142,commander,commander,noun,base,1,司令官，指揮官,high_school,2,eiken,英検語彙由来のv2正本候補。英検最小級=pre2。出現級=pre2;2。pos判定=label_raw_all,source_refs=pre2:1120;2:1889; row_count=2; label_raw_all=名詞
add,1143,commercial,commercial,adjective,base,1,商業の，商取引の,high_school,2,eiken,英検語彙由来のv2正本候補。英検最小級=pre2。出現級=pre2;2。pos判定=label_raw_all,source_refs=pre2:669;2:1507; row_count=2; label_raw_all=形容詞
add,1144,commission,commission,noun,base,1,手数料，委任状,high_school,1,eiken,英検語彙由来のv2正本候補。英検最小級=pre2。出現級=pre2;2;pre1。pos判定=label_raw_all,source_refs=pre2:420;2:1925;pre1:3096; row_count=3; label_raw_all=名詞
add,1145,commitment,commitment,noun,base,1,約束，委託,high_school,2,eiken,英検語彙由来のv2正本候補。英検最小級=pre2。出現級=pre2;2。pos判定=label_raw_all,source_refs=pre2:1044;2:1003; row_count=2; label_raw_all=名詞
add,1146,community,community,noun,base,1,共同社会，共同体,high_school,2,eiken,英検語彙由来のv2正本候補。英検最小級=pre2。出現級=pre2;2。pos判定=label_raw_all,source_refs=pre2:233;2:1209; row_count=2; label_raw_all=名詞
add,1147,compare,compare,verb,base,1,を比較する，をたとえる,high_school,2,eiken,英検語彙由来のv2正本候補。英検最小級=pre2。出現級=pre2;2。pos判定=label_raw_all,source_refs=pre2:1233;2:52; row_count=2; label_raw_all=動詞
add,1148,compete,compete,verb,base,1,競争する，争う,high_school,2,eiken,英検語彙由来のv2正本候補。英検最小級=pre2。出現級=pre2;2。pos判定=label_raw_all,source_refs=pre2:369;2:1049; row_count=2; label_raw_all=動詞
add,1149,competition,competition,noun,base,1,競争,high_school,2,eiken,英検語彙由来のv2正本候補。英検最小級=pre2。出現級=pre2。pos判定=label_raw_all,source_refs=pre2:316; row_count=1; label_raw_all=名詞
add,1150,competitive,competitive,adjective,base,1,競争力のある，競争による,high_school,2,eiken,英検語彙由来のv2正本候補。英検最小級=pre2。出現級=pre2;2。pos判定=label_raw_all,source_refs=pre2:366;2:1675; row_count=2; label_raw_all=形容詞
add,1151,competitor,competitor,noun,base,1,競合他社，競争相手,high_school,1,eiken,英検語彙由来のv2正本候補。英検最小級=pre2。出現級=pre2;2;pre1。pos判定=label_raw_all,source_refs=pre2:1443;2:427;pre1:305; row_count=3; label_raw_all=名詞
add,1152,complete,complete,adjective,base,1,完全な，全部の,high_school,2,eiken,英検語彙由来のv2正本候補。英検最小級=pre2。出現級=pre2;2。pos判定=label_raw_all,source_refs=pre2:546;2:155; row_count=2; label_raw_all=形容詞
add,1153,completely,completely,adverb,base,1,完全に，全く,high_school,2,eiken,英検語彙由来のv2正本候補。英検最小級=pre2。出現級=pre2;2。pos判定=label_raw_all,source_refs=pre2:1076;2:646; row_count=2; label_raw_all=副詞
add,1154,complex,complex,adjective,base,1,複雑な，複合の,high_school,2,eiken,英検語彙由来のv2正本候補。英検最小級=pre2。出現級=pre2;2。pos判定=label_raw_all,source_refs=pre2:326;2:705; row_count=2; label_raw_all=形容詞
add,1155,component,component,noun,base,1,成分,high_school,2,eiken,英検語彙由来のv2正本候補。英検最小級=pre2。出現級=pre2;pre1。pos判定=label_raw_all,source_refs=pre2:629;pre1:3264; row_count=2; label_raw_all=名詞
add,1156,compose,compose,verb,base,1,を構成する，作曲する,high_school,1,eiken,英検語彙由来のv2正本候補。英検最小級=pre2。出現級=pre2;2;pre1。pos判定=label_raw_all,source_refs=pre2:596;2:379;pre1:3026; row_count=3; label_raw_all=動詞
add,1157,composer,composer,noun,base,1,作曲，楽曲制作,high_school,1,eiken,英検語彙由来のv2正本候補。英検最小級=pre2。出現級=pre2;2;pre1。pos判定=label_raw_all,source_refs=pre2:1315;2:228;pre1:426; row_count=3; label_raw_all=名詞
add,1158,compound,compound,verb,base,1,調合する，調合品を作る,high_school,2,eiken,英検語彙由来のv2正本候補。英検最小級=pre2。出現級=pre2;2。pos判定=label_raw_all,source_refs=pre2:953;2:1688; row_count=2; label_raw_all=動詞
add,1159,comprehensive,comprehensive,adjective,base,1,包括的な，理解力のある,high_school,2,eiken,英検語彙由来のv2正本候補。英検最小級=pre2。出現級=pre2;2。pos判定=label_raw_all,source_refs=pre2:472;2:1536; row_count=2; label_raw_all=形容詞
add,1160,compromise,compromise,noun,base,1,妥協，和解,high_school,2,eiken,英検語彙由来のv2正本候補。英検最小級=pre2。出現級=pre2;2。pos判定=label_raw_all,source_refs=pre2:788;2:257; row_count=2; label_raw_all=名詞
add,1161,concentrate,concentrate,verb,base,1,に集中する,high_school,2,eiken,英検語彙由来のv2正本候補。英検最小級=pre2。出現級=pre2;2。pos判定=label_raw_all,source_refs=pre2:917;2:2135; row_count=2; label_raw_all=動詞; meaning_ja_all=に集中する / 集中する
add,1162,concentration,concentration,noun,base,1,集中，専念,high_school,2,eiken,英検語彙由来のv2正本候補。英検最小級=pre2。出現級=pre2;2。pos判定=label_raw_all,source_refs=pre2:591;2:922; row_count=2; label_raw_all=名詞
add,1163,concept,concept,noun,base,1,概念，観念,high_school,2,eiken,英検語彙由来のv2正本候補。英検最小級=pre2。出現級=pre2;2。pos判定=label_raw_all,source_refs=pre2:255;2:248; row_count=2; label_raw_all=名詞
add,1164,concern,concern,verb,base,1,心配する，に関係する,high_school,2,eiken,英検語彙由来のv2正本候補。英検最小級=pre2。出現級=pre2;2。pos判定=label_raw_all,source_refs=pre2:300;2:1389; row_count=2; label_raw_all=動詞
add,1165,conclude,conclude,verb,base,1,を締めくくる，終える,high_school,2,eiken,英検語彙由来のv2正本候補。英検最小級=pre2。出現級=pre2;2。pos判定=label_raw_all,source_refs=pre2:499;2:763; row_count=2; label_raw_all=動詞
add,1166,conclusion,conclusion,noun,base,1,結論，最終的な判断,high_school,2,eiken,英検語彙由来のv2正本候補。英検最小級=pre2。出現級=pre2;2。pos判定=label_raw_all,source_refs=pre2:876;2:1279; row_count=2; label_raw_all=名詞
add,1167,concrete,concrete,adjective,base,1,具体的な，明確な,high_school,2,eiken,英検語彙由来のv2正本候補。英検最小級=pre2。出現級=pre2;2。pos判定=label_raw_all,source_refs=pre2:639;2:1599; row_count=2; label_raw_all=形容詞
add,1168,conduct,conduct,noun,base,1,行為，行動,high_school,2,eiken,英検語彙由来のv2正本候補。英検最小級=pre2。出現級=pre2;2。pos判定=label_raw_all,source_refs=pre2:986;2:1436; row_count=2; label_raw_all=名詞
add,1169,conference,conference,noun,base,1,会議，対話,high_school,2,eiken,英検語彙由来のv2正本候補。英検最小級=pre2。出現級=pre2;2。pos判定=label_raw_all,source_refs=pre2:1097;2:1592; row_count=2; label_raw_all=名詞
add,1170,confidence,confidence,noun,base,1,自信，信頼,high_school,2,eiken,英検語彙由来のv2正本候補。英検最小級=pre2。出現級=pre2;2。pos判定=label_raw_all,source_refs=pre2:749;2:1695; row_count=2; label_raw_all=名詞
add,1171,confident,confident,adjective,base,1,自信のある，確信している,high_school,2,eiken,英検語彙由来のv2正本候補。英検最小級=pre2。出現級=pre2;2。pos判定=label_raw_all,source_refs=pre2:599;2:288; row_count=2; label_raw_all=形容詞
add,1172,conflict,conflict,noun,base,1,対立，争い,high_school,1,eiken,英検語彙由来のv2正本候補。英検最小級=pre2。出現級=pre2;2;pre1。pos判定=label_raw_all,source_refs=pre2:407;2:416;pre1:3385; row_count=3; label_raw_all=名詞
add,1173,confuse,confuse,verb,base,1,を混乱させる，区別がつかない,high_school,2,eiken,英検語彙由来のv2正本候補。英検最小級=pre2。出現級=pre2;2。pos判定=label_raw_all,source_refs=pre2:93;2:209; row_count=2; label_raw_all=動詞
add,1174,congress,congress,noun,base,1,会議，集会,high_school,2,eiken,英検語彙由来のv2正本候補。英検最小級=pre2。出現級=pre2;2。pos判定=label_raw_all,source_refs=pre2:898;2:1812; row_count=2; label_raw_all=名詞
add,1175,conscious,conscious,adjective,base,1,意識して，気をつけて,high_school,2,eiken,英検語彙由来のv2正本候補。英検最小級=pre2。出現級=pre2;2。pos判定=label_raw_all,source_refs=pre2:394;2:1038; row_count=2; label_raw_all=形容詞
add,1176,consequence,consequence,noun,base,1,結果，影響,high_school,2,eiken,英検語彙由来のv2正本候補。英検最小級=pre2。出現級=pre2;2。pos判定=label_raw_all,source_refs=pre2:645;2:1517; row_count=2; label_raw_all=名詞
add,1177,consider,consider,verb,base,1,について考える，だと見なす,high_school,2,eiken,英検語彙由来のv2正本候補。英検最小級=pre2。出現級=pre2;2。pos判定=label_raw_all,source_refs=pre2:976;2:81; row_count=2; label_raw_all=動詞
add,1178,considerable,considerable,adjective,base,1,かなりの，相当な,high_school,2,eiken,英検語彙由来のv2正本候補。英検最小級=pre2。出現級=pre2;2。pos判定=label_raw_all,source_refs=pre2:984;2:1309; row_count=2; label_raw_all=形容詞
add,1179,consideration,consideration,noun,base,1,考慮，考察,high_school,2,eiken,英検語彙由来のv2正本候補。英検最小級=pre2。出現級=pre2;2。pos判定=label_raw_all,source_refs=pre2:399;2:1792; row_count=2; label_raw_all=名詞
add,1180,consist,consist,verb,base,1,成り立つ，構成する,high_school,2,eiken,英検語彙由来のv2正本候補。英検最小級=pre2。出現級=pre2;2。pos判定=label_raw_all,source_refs=pre2:192;2:1533; row_count=2; label_raw_all=動詞
add,1181,consistent,consistent,adjective,base,1,一貫した，矛盾のない,high_school,2,eiken,英検語彙由来のv2正本候補。英検最小級=pre2。出現級=pre2;2。pos判定=label_raw_all,source_refs=pre2:496;2:1165; row_count=2; label_raw_all=形容詞
add,1182,constant,constant,adjective,base,1,絶え間ない，一定の,high_school,2,eiken,英検語彙由来のv2正本候補。英検最小級=pre2。出現級=pre2;2。pos判定=label_raw_all,source_refs=pre2:688;2:188; row_count=2; label_raw_all=形容詞
add,1183,constantly,constantly,adverb,base,1,常に，いつも,high_school,2,eiken,英検語彙由来のv2正本候補。英検最小級=pre2。出現級=pre2;2。pos判定=label_raw_all,source_refs=pre2:451;2:1884; row_count=2; label_raw_all=副詞
add,1184,construct,construct,verb,base,1,を組み立てる，建設する,high_school,2,eiken,英検語彙由来のv2正本候補。英検最小級=pre2。出現級=pre2;2。pos判定=label_raw_all,source_refs=pre2:723;2:749; row_count=2; label_raw_all=動詞
add,1185,construction,construction,noun,base,1,建設，構造，建造物,high_school,2,eiken,英検語彙由来のv2正本候補。英検最小級=pre2。出現級=pre2;2。pos判定=label_raw_all,source_refs=pre2:1246;2:87; row_count=2; label_raw_all=名詞
add,1186,consume,consume,verb,base,1,を消費する，消耗する,high_school,1,eiken,英検語彙由来のv2正本候補。英検最小級=pre2。出現級=pre2;2;pre1。pos判定=label_raw_all,source_refs=pre2:1237;2:64;pre1:796; row_count=3; label_raw_all=動詞
add,1187,consumption,consumption,noun,base,1,消費，消費高,high_school,2,eiken,英検語彙由来のv2正本候補。英検最小級=pre2。出現級=pre2;2。pos判定=label_raw_all,source_refs=pre2:718;2:802; row_count=2; label_raw_all=名詞
add,1188,contain,contain,verb,base,1,を含む，が入っている,high_school,2,eiken,英検語彙由来のv2正本候補。英検最小級=pre2。出現級=pre2;2。pos判定=label_raw_all,source_refs=pre2:172;2:42; row_count=2; label_raw_all=動詞
add,1189,contemporary,contemporary,adjective,base,1,現在の，現代の,high_school,1,eiken,英検語彙由来のv2正本候補。英検最小級=pre2。出現級=pre2;2;pre1。pos判定=label_raw_all,source_refs=pre2:557;2:1119;pre1:3253; row_count=3; label_raw_all=形容詞
add,1190,content,content,noun,base,1,中身，内容，目次,high_school,2,eiken,英検語彙由来のv2正本候補。英検最小級=pre2。出現級=pre2;2。pos判定=label_raw_all,source_refs=pre2:891;2:455; row_count=2; label_raw_all=名詞
add,1191,context,context,noun,base,1,文脈，背景,high_school,2,eiken,英検語彙由来のv2正本候補。英検最小級=pre2。出現級=pre2;2。pos判定=label_raw_all,source_refs=pre2:810;2:1932; row_count=2; label_raw_all=名詞
add,1192,continent,continent,noun,base,1,大陸，陸地,high_school,2,eiken,英検語彙由来のv2正本候補。英検最小級=pre2。出現級=pre2;2。pos判定=label_raw_all,source_refs=pre2:951;2:512; row_count=2; label_raw_all=名詞
add,1193,contrary,contrary,adjective,base,1,反対の，逆の,high_school,2,eiken,英検語彙由来のv2正本候補。英検最小級=pre2。出現級=pre2;2。pos判定=label_raw_all,source_refs=pre2:1196;2:1684; row_count=2; label_raw_all=形容詞
add,1194,contrast,contrast,noun,base,1,対照，比較,high_school,2,eiken,英検語彙由来のv2正本候補。英検最小級=pre2。出現級=pre2;2。pos判定=label_raw_all,source_refs=pre2:672;2:1756; row_count=2; label_raw_all=名詞
add,1195,contribute,contribute,verb,base,1,に寄付する，捧げる,high_school,2,eiken,英検語彙由来のv2正本候補。英検最小級=pre2。出現級=pre2;2。pos判定=label_raw_all,source_refs=pre2:870;2:1881; row_count=2; label_raw_all=動詞
add,1196,contribution,contribution,noun,base,1,寄付，貢献,high_school,2,eiken,英検語彙由来のv2正本候補。英検最小級=pre2。出現級=pre2;2。pos判定=label_raw_all,source_refs=pre2:1055;2:826; row_count=2; label_raw_all=名詞
add,1197,controversial,controversial,adjective,base,1,議論の的になる，論争上の,high_school,2,eiken,英検語彙由来のv2正本候補。英検最小級=pre2。出現級=pre2;2。pos判定=label_raw_all,source_refs=pre2:417;2:1042; row_count=2; label_raw_all=形容詞
add,1198,conventional,conventional,adjective,base,1,従来の，伝統的な,high_school,1,eiken,英検語彙由来のv2正本候補。英検最小級=pre2。出現級=pre2;2;pre1。pos判定=label_raw_all,source_refs=pre2:968;2:967;pre1:3021; row_count=3; label_raw_all=形容詞
add,1199,conversation,conversation,noun,base,1,会話，対話,high_school,2,eiken,英検語彙由来のv2正本候補。英検最小級=pre2。出現級=pre2;2。pos判定=label_raw_all,source_refs=pre2:711;2:913; row_count=2; label_raw_all=名詞
add,1200,convert,convert,verb,base,1,を変える，転換する,high_school,2,eiken,英検語彙由来のv2正本候補。英検最小級=pre2。出現級=pre2;2。pos判定=label_raw_all,source_refs=pre2:1247;2:91; row_count=2; label_raw_all=動詞
add,1201,convey,convey,verb,base,1,伝える，運ぶ,high_school,1,eiken,英検語彙由来のv2正本候補。英検最小級=pre2。出現級=pre2;2;pre1。pos判定=label_raw_all,source_refs=pre2:706;2:1596;pre1:3209; row_count=3; label_raw_all=動詞
add,1202,conviction,conviction,noun,base,1,信念，確信,high_school,1,eiken,英検語彙由来のv2正本候補。英検最小級=pre2。出現級=pre2;2;pre1。pos判定=label_raw_all,source_refs=pre2:371;2:1409;pre1:3387; row_count=3; label_raw_all=名詞
add,1203,convince,convince,verb,base,1,を納得させる，説得する,high_school,2,eiken,英検語彙由来のv2正本候補。英検最小級=pre2。出現級=pre2;2。pos判定=label_raw_all,source_refs=pre2:485;2:947; row_count=2; label_raw_all=動詞
add,1204,cooperation,cooperation,noun,base,1,協力，共同作業,high_school,2,eiken,英検語彙由来のv2正本候補。英検最小級=pre2。出現級=pre2;2。pos判定=label_raw_all,source_refs=pre2:758;2:1075; row_count=2; label_raw_all=名詞
add,1205,cope,cope,verb,base,1,対処する，処理する,high_school,2,eiken,英検語彙由来のv2正本候補。英検最小級=pre2。出現級=pre2;2。pos判定=label_raw_all,source_refs=pre2:874;2:1911; row_count=2; label_raw_all=動詞
add,1206,copyright,copyright,noun,base,1,著作権，版権,high_school,2,eiken,英検語彙由来のv2正本候補。英検最小級=pre2。出現級=pre2;2。pos判定=label_raw_all,source_refs=pre2:1410;2:374; row_count=2; label_raw_all=名詞
add,1207,correspondent,correspondent,noun,base,1,特派員,high_school,2,eiken,英検語彙由来のv2正本候補。英検最小級=pre2。出現級=pre2。pos判定=label_raw_all,source_refs=pre2:770; row_count=1; label_raw_all=名詞
add,1208,corridor,corridor,noun,base,1,廊下，通路,high_school,1,eiken,英検語彙由来のv2正本候補。英検最小級=pre2。出現級=pre2;2;pre1。pos判定=label_raw_all,source_refs=pre2:910;2:1032;pre1:3382; row_count=3; label_raw_all=名詞
add,1209,council,council,noun,base,1,議会，会議,high_school,2,eiken,英検語彙由来のv2正本候補。英検最小級=pre2。出現級=pre2;2。pos判定=label_raw_all,source_refs=pre2:960;2:395; row_count=2; label_raw_all=名詞
add,1210,county,county,noun,base,1,州，郡,high_school,2,eiken,英検語彙由来のv2正本候補。英検最小級=pre2。出現級=pre2;2。pos判定=label_raw_all,source_refs=pre2:826;2:1503; row_count=2; label_raw_all=名詞
add,1211,court,court,noun,base,1,裁判所，法廷,high_school,2,eiken,英検語彙由来のv2正本候補。英検最小級=pre2。出現級=pre2;2。pos判定=label_raw_all,source_refs=pre2:341;2:1854; row_count=2; label_raw_all=名詞
add,1212,crack,crack,noun,base,1,裂け目，ひび,high_school,2,eiken,英検語彙由来のv2正本候補。英検最小級=pre2。出現級=pre2;2。pos判定=label_raw_all,source_refs=pre2:1194;2:1011; row_count=2; label_raw_all=名詞
add,1213,craft,craft,noun,base,1,工芸，技能,high_school,2,eiken,英検語彙由来のv2正本候補。英検最小級=pre2。出現級=pre2;2。pos判定=label_raw_all,source_refs=pre2:713;2:1030; row_count=2; label_raw_all=名詞
add,1214,creation,creation,noun,base,1,創造，創作,high_school,2,eiken,英検語彙由来のv2正本候補。英検最小級=pre2。出現級=pre2;2。pos判定=label_raw_all,source_refs=pre2:941;2:1123; row_count=2; label_raw_all=名詞
add,1215,creature,creature,noun,base,1,生き物，生物,high_school,2,eiken,英検語彙由来のv2正本候補。英検最小級=pre2。出現級=pre2;2。pos判定=label_raw_all,source_refs=pre2:604;2:229; row_count=2; label_raw_all=名詞
add,1216,credit,credit,noun,base,1,信用，信頼,high_school,2,eiken,英検語彙由来のv2正本候補。英検最小級=pre2。出現級=pre2;2。pos判定=label_raw_all,source_refs=pre2:292;2:797; row_count=2; label_raw_all=名詞
add,1217,crime,crime,noun,base,1,犯罪，罪行,high_school,2,eiken,英検語彙由来のv2正本候補。英検最小級=pre2。出現級=pre2;2。pos判定=label_raw_all,source_refs=pre2:1201;2:793; row_count=2; label_raw_all=名詞
add,1218,criminal,criminal,noun,base,1,犯罪の，違法の,high_school,2,eiken,英検語彙由来のv2正本候補。英検最小級=pre2。出現級=pre2;2。pos判定=label_raw_all_multi:noun|adjective,source_refs=pre2:486;2:1564; row_count=2; label_raw_all=名詞;形容詞
add,1219,crisis,crisis,noun,base,1,危機，困難,high_school,2,eiken,英検語彙由来のv2正本候補。英検最小級=pre2。出現級=pre2;2。pos判定=label_raw_all,source_refs=pre2:797;2:1863; row_count=2; label_raw_all=名詞
add,1220,critical,critical,adjective,base,1,極めて重要な，非常に大事な,high_school,2,eiken,英検語彙由来のv2正本候補。英検最小級=pre2。出現級=pre2;2。pos判定=label_raw_all,source_refs=pre2:531;2:1862; row_count=2; label_raw_all=形容詞
add,1221,criticism,criticism,noun,base,1,批判，評価,high_school,2,eiken,英検語彙由来のv2正本候補。英検最小級=pre2。出現級=pre2;2。pos判定=label_raw_all,source_refs=pre2:466;2:1450; row_count=2; label_raw_all=名詞
add,1222,criticize,criticize,verb,base,1,を批評する，を評価する,high_school,2,eiken,英検語彙由来のv2正本候補。英検最小級=pre2。出現級=pre2;2。pos判定=label_raw_all,source_refs=pre2:193;2:1248; row_count=2; label_raw_all=動詞
add,1223,crop,crop,noun,base,1,収穫物，作物,high_school,2,eiken,英検語彙由来のv2正本候補。英検最小級=pre2。出現級=pre2;2。pos判定=label_raw_all,source_refs=pre2:1083;2:1627; row_count=2; label_raw_all=名詞
add,1224,crucial,crucial,adjective,base,1,重要な，決定的な,high_school,2,eiken,英検語彙由来のv2正本候補。英検最小級=pre2。出現級=pre2;2。pos判定=label_raw_all,source_refs=pre2:225;2:1052; row_count=2; label_raw_all=形容詞
add,1225,cruel,cruel,adjective,base,1,残酷な，ひどい,high_school,1,eiken,英検語彙由来のv2正本候補。英検最小級=pre2。出現級=pre2;2;pre1。pos判定=label_raw_all,source_refs=pre2:1324;2:245;pre1:41; row_count=3; label_raw_all=形容詞
add,1226,curiosity,curiosity,noun,base,1,好奇心，探究心,high_school,2,eiken,英検語彙由来のv2正本候補。英検最小級=pre2。出現級=pre2;2。pos判定=label_raw_all,source_refs=pre2:1089;2:938; row_count=2; label_raw_all=名詞
add,1227,currency,currency,noun,base,1,通貨，流通,high_school,1,eiken,英検語彙由来のv2正本候補。英検最小級=pre2。出現級=pre2;2;pre1。pos判定=label_raw_all,source_refs=pre2:1251;2:98;pre1:718; row_count=3; label_raw_all=名詞
add,1228,current,current,adjective,base,1,現在の，現行の,high_school,2,eiken,英検語彙由来のv2正本候補。英検最小級=pre2。出現級=pre2;2。pos判定=label_raw_all,source_refs=pre2:513;2:619; row_count=2; label_raw_all=形容詞
add,1229,deadline,deadline,noun,base,1,締め切り，期限,high_school,1,eiken,英検語彙由来のv2正本候補。英検最小級=pre2。出現級=pre2;2;pre1。pos判定=label_raw_all,source_refs=pre2:1466;2:462;pre1:743; row_count=3; label_raw_all=名詞
add,1230,deal,deal,verb,base,1,を扱う，分配する,high_school,2,eiken,英検語彙由来のv2正本候補。英検最小級=pre2。出現級=pre2;2。pos判定=label_raw_all,source_refs=pre2:239;2:831; row_count=2; label_raw_all=動詞
add,1231,dealer,dealer,noun,base,1,販売業者，売り手,high_school,2,eiken,英検語彙由来のv2正本候補。英検最小級=pre2。出現級=pre2;2。pos判定=label_raw_all,source_refs=pre2:732;2:1703; row_count=2; label_raw_all=名詞
add,1232,debt,debt,noun,base,1,借金，負債,high_school,1,eiken,英検語彙由来のv2正本候補。英検最小級=pre2。出現級=pre2;2;pre1。pos判定=label_raw_all,source_refs=pre2:293;2:925;pre1:48; row_count=3; label_raw_all=名詞
add,1233,decade,decade,noun,base,1,10年間,high_school,2,eiken,英検語彙由来のv2正本候補。英検最小級=pre2。出現級=pre2;2。pos判定=label_raw_all,source_refs=pre2:481;2:205; row_count=2; label_raw_all=名詞
add,1234,deceive,deceive,verb,base,1,を欺く，をだます,high_school,1,eiken,英検語彙由来のv2正本候補。英検最小級=pre2。出現級=pre2;2;pre1。pos判定=label_raw_all,source_refs=pre2:1330;2:252;pre1:418; row_count=3; label_raw_all=動詞
add,1235,declare,declare,verb,base,1,を宣言する，公表する,high_school,2,eiken,英検語彙由来のv2正本候補。英検最小級=pre2。出現級=pre2;2。pos判定=label_raw_all,source_refs=pre2:630;2:948; row_count=2; label_raw_all=動詞
add,1236,decline,decline,verb,base,1,断る，拒否する,high_school,2,eiken,英検語彙由来のv2正本候補。英検最小級=pre2。出現級=pre2;2。pos判定=label_raw_all,source_refs=pre2:859;2:1635; row_count=2; label_raw_all=動詞
add,1237,decrease,decrease,verb,base,1,減少する，を減らす/減少,high_school,2,eiken,英検語彙由来のv2正本候補。英検最小級=pre2。出現級=pre2;2。pos判定=label_raw_all,source_refs=pre2:84;2:178; row_count=2; label_raw_all=動詞
add,1238,defeat,defeat,verb,base,1,負かす，打ち破る,high_school,2,eiken,英検語彙由来のv2正本候補。英検最小級=pre2。出現級=pre2;2。pos判定=label_raw_all,source_refs=pre2:793;2:1689; row_count=2; label_raw_all=動詞
add,1239,defendant,defendant,noun,base,1,被告人，告発される人,high_school,2,eiken,英検語彙由来のv2正本候補。英検最小級=pre2。出現級=pre2;2。pos判定=label_raw_all,source_refs=pre2:627;2:1170; row_count=2; label_raw_all=名詞
add,1240,deficit,deficit,noun,base,1,赤字，欠損,high_school,2,eiken,英検語彙由来のv2正本候補。英検最小級=pre2。出現級=pre2;2。pos判定=label_raw_all,source_refs=pre2:999;2:1000; row_count=2; label_raw_all=名詞
add,1241,definition,definition,noun,base,1,定義，明確な説明,high_school,1,eiken,英検語彙由来のv2正本候補。英検最小級=pre2。出現級=pre2;2;pre1。pos判定=label_raw_all,source_refs=pre2:703;2:984;pre1:3234; row_count=3; label_raw_all=名詞
add,1242,degree,degree,noun,base,1,程度，度,high_school,2,eiken,英検語彙由来のv2正本候補。英検最小級=pre2。出現級=pre2;2。pos判定=label_raw_all,source_refs=pre2:160;2:299; row_count=2; label_raw_all=名詞
add,1243,delay,delay,verb,base,1,を遅らせる，先延ばしにする,high_school,2,eiken,英検語彙由来のv2正本候補。英検最小級=pre2。出現級=pre2;2。pos判定=label_raw_all,source_refs=pre2:1379;2:331; row_count=2; label_raw_all=動詞
add,1244,delete,delete,verb,base,1,を削除する，消す,high_school,2,eiken,英検語彙由来のv2正本候補。英検最小級=pre2。出現級=pre2;2。pos判定=label_raw_all,source_refs=pre2:1321;2:242; row_count=2; label_raw_all=動詞
add,1245,delight,delight,noun,base,1,喜び，歓喜,high_school,2,eiken,英検語彙由来のv2正本候補。英検最小級=pre2。出現級=pre2;2。pos判定=label_raw_all,source_refs=pre2:1153;2:1162; row_count=2; label_raw_all=名詞
add,1246,delivery,delivery,noun,base,1,配達，送付,high_school,2,eiken,英検語彙由来のv2正本候補。英検最小級=pre2。出現級=pre2;2。pos判定=label_raw_all,source_refs=pre2:459;2:1027; row_count=2; label_raw_all=名詞
add,1247,demand,demand,noun,base,1,要求，需要/を要求する,high_school,2,eiken,英検語彙由来のv2正本候補。英検最小級=pre2。出現級=pre2;2。pos判定=label_raw_all,source_refs=pre2:980;2:159; row_count=2; label_raw_all=名詞
add,1248,democracy,democracy,noun,base,1,民主主義，民主制度,high_school,2,eiken,英検語彙由来のv2正本候補。英検最小級=pre2。出現級=pre2;2。pos判定=label_raw_all,source_refs=pre2:1137;2:474; row_count=2; label_raw_all=名詞
add,1249,democrat,democrat,noun,base,1,民主主義者，民主派,high_school,2,eiken,英検語彙由来のv2正本候補。英検最小級=pre2。出現級=pre2;2。pos判定=label_raw_all,source_refs=pre2:442;2:1548; row_count=2; label_raw_all=名詞
add,1250,demonstrate,demonstrate,verb,base,1,実証する，証明する,high_school,2,eiken,英検語彙由来のv2正本候補。英検最小級=pre2。出現級=pre2;2。pos判定=label_raw_all,source_refs=pre2:167;2:1438; row_count=2; label_raw_all=動詞
add,1251,deny,deny,verb,base,1,を否定する，拒否する,high_school,2,eiken,英検語彙由来のv2正本候補。英検最小級=pre2。出現級=pre2;2。pos判定=label_raw_all,source_refs=pre2:470;2:1803; row_count=2; label_raw_all=動詞
add,1252,department,department,noun,base,1,部門，課,high_school,2,eiken,英検語彙由来のv2正本候補。英検最小級=pre2。出現級=pre2;2。pos判定=label_raw_all,source_refs=pre2:527;2:1709; row_count=2; label_raw_all=名詞
add,1253,dependent,dependent,adjective,base,1,依存している，頼っている,high_school,2,eiken,英検語彙由来のv2正本候補。英検最小級=pre2。出現級=pre2;2。pos判定=label_raw_all,source_refs=pre2:642;2:1065; row_count=2; label_raw_all=形容詞
add,1254,deposit,deposit,verb,base,1,お金を預ける，を預金する,high_school,2,eiken,英検語彙由来のv2正本候補。英検最小級=pre2。出現級=pre2;2。pos判定=label_raw_all,source_refs=pre2:1328;2:250; row_count=2; label_raw_all=動詞
add,1255,depression,depression,noun,base,1,落ち込み，不景気,high_school,2,eiken,英検語彙由来のv2正本候補。英検最小級=pre2。出現級=pre2;2。pos判定=label_raw_all,source_refs=pre2:1181;2:695; row_count=2; label_raw_all=名詞
add,1256,depth,depth,noun,base,1,深さ,high_school,2,eiken,英検語彙由来のv2正本候補。英検最小級=pre2。出現級=pre2。pos判定=label_raw_all,source_refs=pre2:829; row_count=1; label_raw_all=名詞
add,1257,deputy,deputy,noun,base,1,代理，代わり,high_school,2,eiken,英検語彙由来のv2正本候補。英検最小級=pre2。出現級=pre2;2。pos判定=label_raw_all,source_refs=pre2:579;2:1067; row_count=2; label_raw_all=名詞
add,1258,derive,derive,verb,base,1,を引き出す，取り出す,high_school,2,eiken,英検語彙由来のv2正本候補。英検最小級=pre2。出現級=pre2;2。pos判定=label_raw_all,source_refs=pre2:594;2:1090; row_count=2; label_raw_all=動詞
add,1259,describe,describe,verb,base,1,を述べる，描写する,high_school,2,eiken,英検語彙由来のv2正本候補。英検最小級=pre2。出現級=pre2;2。pos判定=label_raw_all,source_refs=pre2:905;2:865; row_count=2; label_raw_all=動詞
add,1260,deserve,deserve,verb,base,1,値する，価値がある,high_school,2,eiken,英検語彙由来のv2正本候補。英検最小級=pre2。出現級=pre2;2。pos判定=label_raw_all,source_refs=pre2:701;2:1880; row_count=2; label_raw_all=動詞
add,1261,desire,desire,noun,base,1,願望/切望する,high_school,2,eiken,英検語彙由来のv2正本候補。英検最小級=pre2。出現級=pre2;2。pos判定=label_raw_all_multi:noun|verb,source_refs=pre2:502;2:990; row_count=2; label_raw_all=名詞;動詞
add,1262,desperate,desperate,adjective,base,1,やけくその，軽率な,high_school,2,eiken,英検語彙由来のv2正本候補。英検最小級=pre2。出現級=pre2;2。pos判定=label_raw_all,source_refs=pre2:970;2:1578; row_count=2; label_raw_all=形容詞
add,1263,despite,despite,preposition,base,1,にも関わらず，けれども,high_school,1,eiken,英検語彙由来のv2正本候補。英検最小級=pre2。出現級=pre2;2;pre1;1。pos判定=label_raw_all_multi:preposition|conjunction,source_refs=pre2:781;2:275;pre1:1878;1:828; row_count=4; label_raw_all=前置詞;接続詞; meaning_ja_all=にも関わらず，けれども / にも関わらず，とはいえ
add,1264,destruction,destruction,noun,base,1,破壊，壊滅,high_school,2,eiken,英検語彙由来のv2正本候補。英検最小級=pre2。出現級=pre2;2。pos判定=label_raw_all,source_refs=pre2:543;2:1623; row_count=2; label_raw_all=名詞
add,1265,detail,detail,noun,base,1,詳細，具体的な情報,high_school,2,eiken,英検語彙由来のv2正本候補。英検最小級=pre2。出現級=pre2;2。pos判定=label_raw_all,source_refs=pre2:333;2:1325; row_count=2; label_raw_all=名詞
add,1266,details,details,noun,base,1,詳細，詳しく説明する,high_school,2,eiken,英検語彙由来のv2正本候補。英検最小級=pre2。出現級=pre2。pos判定=label_raw_all,source_refs=pre2:28; row_count=1; label_raw_all=名詞
add,1267,detect,detect,verb,base,1,を検出する，を感知する,high_school,2,eiken,英検語彙由来のv2正本候補。英検最小級=pre2。出現級=pre2;2。pos判定=label_raw_all,source_refs=pre2:760;2:66; row_count=2; label_raw_all=動詞
add,1268,detective,detective,noun,base,1,探偵，刑事，捜査官,high_school,1,eiken,英検語彙由来のv2正本候補。英検最小級=pre2。出現級=pre2;2;pre1。pos判定=label_raw_all,source_refs=pre2:1474;2:473;pre1:294; row_count=3; label_raw_all=名詞
add,1269,determine,determine,verb,base,1,を決める，を定める,high_school,2,eiken,英検語彙由来のv2正本候補。英検最小級=pre2。出現級=pre2;2。pos判定=label_raw_all,source_refs=pre2:1081;2:566; row_count=2; label_raw_all=動詞
add,1270,develop,develop,verb,base,1,を発達させる，を開発する,high_school,2,eiken,英検語彙由来のv2正本候補。英検最小級=pre2。出現級=pre2;2。pos判定=label_raw_all,source_refs=pre2:745;2:88; row_count=2; label_raw_all=動詞
add,1271,diet,diet,noun,base,1,食事，食事療法,high_school,2,eiken,英検語彙由来のv2正本候補。英検最小級=pre2。出現級=pre2;2。pos判定=label_raw_all,source_refs=pre2:400;2:573; row_count=2; label_raw_all=名詞
add,1272,dig,dig,verb,base,1,を掘る，採掘する,high_school,2,eiken,英検語彙由来のv2正本候補。英検最小級=pre2。出現級=pre2;2。pos判定=label_raw_all,source_refs=pre2:150;2:492; row_count=2; label_raw_all=動詞
add,1273,direction,direction,noun,base,1,方向，方角,high_school,1,eiken,英検語彙由来のv2正本候補。英検最小級=pre2。出現級=pre2;2。pos判定=label_raw_all,source_refs=pre2:30;pre2:330;2:859; row_count=3; label_raw_all=名詞
add,1274,directly,directly,adverb,base,1,直接，直接的に,high_school,2,eiken,英検語彙由来のv2正本候補。英検最小級=pre2。出現級=pre2;2。pos判定=label_raw_all,source_refs=pre2:476;2:239; row_count=2; label_raw_all=副詞
add,1275,director,director,noun,base,1,監督，指導者，役員,high_school,2,eiken,英検語彙由来のv2正本候補。英検最小級=pre2。出現級=pre2;2。pos判定=label_raw_all,source_refs=pre2:1411;2:376; row_count=2; label_raw_all=名詞
add,1276,disappear,disappear,verb,base,1,消える，見えなくなる,high_school,2,eiken,英検語彙由来のv2正本候補。英検最小級=pre2。出現級=pre2;2。pos判定=label_raw_all,source_refs=pre2:1077;2:526; row_count=2; label_raw_all=動詞
add,1277,disappoint,disappoint,verb,base,1,がっかりさせる，失望させる,high_school,2,eiken,英検語彙由来のv2正本候補。英検最小級=pre2。出現級=pre2;2。pos判定=label_raw_all,source_refs=pre2:18;2:1419; row_count=2; label_raw_all=動詞
add,1278,discipline,discipline,noun,base,1,しつけ，規律,high_school,2,eiken,英検語彙由来のv2正本候補。英検最小級=pre2。出現級=pre2。pos判定=label_raw_all,source_refs=pre2:1109; row_count=1; label_raw_all=名詞
add,1279,discovery,discovery,noun,base,1,発見，見つけること,high_school,2,eiken,英検語彙由来のv2正本候補。英検最小級=pre2。出現級=pre2;2。pos判定=label_raw_all,source_refs=pre2:158;2:955; row_count=2; label_raw_all=名詞
add,1280,dismiss,dismiss,verb,base,1,を退出させる,high_school,2,eiken,英検語彙由来のv2正本候補。英検最小級=pre2。出現級=pre2。pos判定=label_raw_all,source_refs=pre2:684; row_count=1; label_raw_all=動詞
add,1281,disorder,disorder,noun,base,1,無秩序，混乱,high_school,2,eiken,英検語彙由来のv2正本候補。英検最小級=pre2。出現級=pre2;2。pos判定=label_raw_all,source_refs=pre2:1363;2:305; row_count=2; label_raw_all=名詞
add,1282,disposal,disposal,noun,base,1,処理，処分,high_school,1,eiken,英検語彙由来のv2正本候補。英検最小級=pre2。出現級=pre2;2;pre1。pos判定=label_raw_all_multi:noun|verb,source_refs=pre2:1332;2:255;pre1:1599; row_count=3; label_raw_all=動詞;名詞; meaning_ja_all=処理，処分 / 廃棄
add,1283,distance,distance,noun,base,1,距離，間隔,high_school,2,eiken,英検語彙由来のv2正本候補。英検最小級=pre2。出現級=pre2;2。pos判定=label_raw_all,source_refs=pre2:61;2:1630; row_count=2; label_raw_all=名詞
add,1284,distant,distant,adjective,base,1,"遠く離れた, 遠隔の",high_school,2,eiken,英検語彙由来のv2正本候補。英検最小級=pre2。出現級=pre2;2。pos判定=label_raw_all,source_refs=pre2:458;2:488; row_count=2; label_raw_all=形容詞
add,1285,distinction,distinction,noun,base,1,区別，相違,high_school,1,eiken,英検語彙由来のv2正本候補。英検最小級=pre2。出現級=pre2;2;pre1。pos判定=label_raw_all,source_refs=pre2:882;2:1394;pre1:3196; row_count=3; label_raw_all=名詞
add,1286,distinguish,distinguish,verb,base,1,を区別する，識別する,high_school,2,eiken,英検語彙由来のv2正本候補。英検最小級=pre2。出現級=pre2;2。pos判定=label_raw_all,source_refs=pre2:306;2:991; row_count=2; label_raw_all=動詞
add,1287,distribution,distribution,noun,base,1,分布，配分,high_school,2,eiken,英検語彙由来のv2正本候補。英検最小級=pre2。出現級=pre2;2。pos判定=label_raw_all,source_refs=pre2:949;2:1495; row_count=2; label_raw_all=名詞
add,1288,district,district,noun,base,1,地域，地区,high_school,2,eiken,英検語彙由来のv2正本候補。英検最小級=pre2。出現級=pre2;2。pos判定=label_raw_all,source_refs=pre2:1131;2:483; row_count=2; label_raw_all=名詞
add,1289,disturb,disturb,verb,base,1,を阻害する，(人の)邪魔をする,high_school,2,eiken,英検語彙由来のv2正本候補。英検最小級=pre2。出現級=pre2;2。pos判定=label_raw_all,source_refs=pre2:309;2:16; row_count=2; label_raw_all=動詞
add,1290,divide,divide,verb,base,1,を分割する，分ける,high_school,2,eiken,英検語彙由来のv2正本候補。英検最小級=pre2。出現級=pre2;2。pos判定=label_raw_all,source_refs=pre2:85;2:862; row_count=2; label_raw_all=動詞
add,1291,doubt,doubt,noun,base,1,疑い，疑問,high_school,2,eiken,英検語彙由来のv2正本候補。英検最小級=pre2。出現級=pre2;2。pos判定=label_raw_all,source_refs=pre2:1150;2:1181; row_count=2; label_raw_all=名詞
add,1292,dozen,dozen,noun,base,1,12の,high_school,2,eiken,英検語彙由来のv2正本候補。英検最小級=pre2。出現級=pre2;2。pos判定=label_raw_all,source_refs=pre2:909;2:1338; row_count=2; label_raw_all=名詞
add,1293,drain,drain,verb,base,1,排出させる，排水をする,high_school,1,eiken,英検語彙由来のv2正本候補。英検最小級=pre2。出現級=pre2;2;pre1。pos判定=label_raw_all,source_refs=pre2:1033;2:1980;pre1:3337; row_count=3; label_raw_all=動詞
add,1294,dramatic,dramatic,adjective,base,1,劇的な，感動的な,high_school,2,eiken,英検語彙由来のv2正本候補。英検最小級=pre2。出現級=pre2;2。pos判定=label_raw_all,source_refs=pre2:785;2:1717; row_count=2; label_raw_all=形容詞
add,1295,drift,drift,noun,base,1,漂流，流れる,high_school,1,eiken,英検語彙由来のv2正本候補。英検最小級=pre2。出現級=pre2;2;pre1。pos判定=label_raw_all,source_refs=pre2:452;2:1009;pre1:3032; row_count=3; label_raw_all=名詞
add,1296,due,due,adjective,base,1,期限の，納期の,high_school,2,eiken,英検語彙由来のv2正本候補。英検最小級=pre2。出現級=pre2;2。pos判定=label_raw_all,source_refs=pre2:434;2:1464; row_count=2; label_raw_all=形容詞
add,1297,dull,dull,adjective,base,1,面白みのない，鈍い,high_school,1,eiken,英検語彙由来のv2正本候補。英検最小級=pre2。出現級=pre2;2;pre1。pos判定=label_raw_all,source_refs=pre2:617;2:1931;pre1:259; row_count=3; label_raw_all=形容詞
add,1298,dump,dump,verb,base,1,投げ捨てる，捨てる,high_school,2,eiken,英検語彙由来のv2正本候補。英検最小級=pre2。出現級=pre2;2。pos判定=label_raw_all,source_refs=pre2:350;2:1977; row_count=2; label_raw_all=動詞
add,1299,dust,dust,noun,base,1,ほこり，塵,high_school,2,eiken,英検語彙由来のv2正本候補。英検最小級=pre2。出現級=pre2;2。pos判定=label_raw_all,source_refs=pre2:284;2:1058; row_count=2; label_raw_all=名詞
add,1300,duty,duty,noun,base,1,職務，関税,high_school,2,eiken,英検語彙由来のv2正本候補。英検最小級=pre2。出現級=pre2;2。pos判定=label_raw_all,source_refs=pre2:771;2:1534; row_count=2; label_raw_all=名詞
add,1301,eager,eager,adjective,base,1,強く望んでいる，切望している,high_school,2,eiken,英検語彙由来のv2正本候補。英検最小級=pre2。出現級=pre2;2。pos判定=label_raw_all,source_refs=pre2:1141;2:1761; row_count=2; label_raw_all=形容詞
add,1302,earn,earn,verb,base,1,稼ぐ，得る,high_school,2,eiken,英検語彙由来のv2正本候補。英検最小級=pre2。出現級=pre2;2。pos判定=label_raw_all,source_refs=pre2:324;2:1868; row_count=2; label_raw_all=動詞
add,1303,earnings,earnings,noun,base,1,収益，稼ぎ,high_school,2,eiken,英検語彙由来のv2正本候補。英検最小級=pre2。出現級=pre2。pos判定=label_raw_all,source_refs=pre2:357; row_count=1; label_raw_all=名詞
add,1304,ease,ease,noun,base,1,容易さ，気楽さ,high_school,2,eiken,英検語彙由来のv2正本候補。英検最小級=pre2。出現級=pre2;2。pos判定=label_raw_all,source_refs=pre2:218;2:1401; row_count=2; label_raw_all=名詞
add,1305,echo,echo,noun,base,1,こだま，反響,high_school,2,eiken,英検語彙由来のv2正本候補。英検最小級=pre2。出現級=pre2;2。pos判定=label_raw_all,source_refs=pre2:286;2:1303; row_count=2; label_raw_all=名詞
add,1306,economic,economic,adjective,base,1,経済の，財政の,high_school,2,eiken,英検語彙由来のv2正本候補。英検最小級=pre2。出現級=pre2;2。pos判定=label_raw_all,source_refs=pre2:704;2:625; row_count=2; label_raw_all=形容詞
add,1307,economy,economy,noun,base,1,経済，節約,high_school,2,eiken,英検語彙由来のv2正本候補。英検最小級=pre2。出現級=pre2;2。pos判定=label_raw_all,source_refs=pre2:722;2:211; row_count=2; label_raw_all=名詞
add,1308,edge,edge,noun,base,1,端，縁,high_school,2,eiken,英検語彙由来のv2正本候補。英検最小級=pre2。出現級=pre2;2。pos判定=label_raw_all,source_refs=pre2:1216;2:1468; row_count=2; label_raw_all=名詞
add,1309,educate,educate,verb,base,1,教育する，訓練する,high_school,2,eiken,英検語彙由来のv2正本候補。英検最小級=pre2。出現級=pre2;2。pos判定=label_raw_all,source_refs=pre2:913;2:1954; row_count=2; label_raw_all=動詞
add,1310,education,education,noun,base,1,教育，指導,high_school,2,eiken,英検語彙由来のv2正本候補。英検最小級=pre2。出現級=pre2;2。pos判定=label_raw_all,source_refs=pre2:1041;2:1040; row_count=2; label_raw_all=名詞
add,1311,educational,educational,adjective,base,1,教育の，教授の,high_school,2,eiken,英検語彙由来のv2正本候補。英検最小級=pre2。出現級=pre2;2。pos判定=label_raw_all,source_refs=pre2:222;2:1277; row_count=2; label_raw_all=形容詞
add,1312,effect,effect,noun,base,1,効果，影響，結果,high_school,2,eiken,英検語彙由来のv2正本候補。英検最小級=pre2。出現級=pre2;2。pos判定=label_raw_all,source_refs=pre2:260;2:300; row_count=2; label_raw_all=名詞
add,1313,efficiency,efficiency,noun,base,1,効率，能率,high_school,1,eiken,英検語彙由来のv2正本候補。英検最小級=pre2。出現級=pre2;2;pre1。pos判定=label_raw_all,source_refs=pre2:1461;2:450;pre1:302; row_count=3; label_raw_all=名詞
add,1314,efficient,efficient,adjective,base,1,効率のいい，効率的な,high_school,2,eiken,英検語彙由来のv2正本候補。英検最小級=pre2。出現級=pre2;2。pos判定=label_raw_all,source_refs=pre2:843;2:189; row_count=2; label_raw_all=形容詞
add,1315,elderly,elderly,adjective,base,1,年配の，高齢の,high_school,2,eiken,英検語彙由来のv2正本候補。英検最小級=pre2。出現級=pre2;2。pos判定=label_raw_all,source_refs=pre2:428;2:351; row_count=2; label_raw_all=形容詞
add,1316,elect,elect,verb,base,1,を選出する,high_school,2,eiken,英検語彙由来のv2正本候補。英検最小級=pre2。出現級=pre2。pos判定=label_raw_all,source_refs=pre2:219; row_count=1; label_raw_all=動詞
add,1317,election,election,noun,base,1,選挙，投票,high_school,2,eiken,英検語彙由来のv2正本候補。英検最小級=pre2。出現級=pre2;2。pos判定=label_raw_all,source_refs=pre2:780;2:1287; row_count=2; label_raw_all=名詞
add,1318,electric,electric,adjective,base,1,電気の，電力の,high_school,2,eiken,英検語彙由来のv2正本候補。英検最小級=pre2。出現級=pre2;2。pos判定=label_raw_all,source_refs=pre2:540;2:292; row_count=2; label_raw_all=形容詞
add,1319,element,element,noun,base,1,要素，元素,high_school,2,eiken,英検語彙由来のv2正本候補。英検最小級=pre2。出現級=pre2;2。pos判定=label_raw_all,source_refs=pre2:562;2:1702; row_count=2; label_raw_all=名詞
add,1320,embarrass,embarrass,verb,base,1,を恥ずかしがらせる，を恥じさせる,high_school,1,eiken,英検語彙由来のv2正本候補。英検最小級=pre2。出現級=pre2;2;pre1。pos判定=label_raw_all,source_refs=pre2:1287;2:164;pre1:3008; row_count=3; label_raw_all=動詞
add,1321,embrace,embrace,verb,base,1,を抱きしめる，擁する,high_school,1,eiken,英検語彙由来のv2正本候補。英検最小級=pre2。出現級=pre2;2;pre1。pos判定=label_raw_all,source_refs=pre2:907;2:422;pre1:3290; row_count=3; label_raw_all=動詞
add,1322,emerge,emerge,verb,base,1,現れる,high_school,2,eiken,英検語彙由来のv2正本候補。英検最小級=pre2。出現級=pre2;pre1。pos判定=label_raw_all,source_refs=pre2:837;pre1:3144; row_count=2; label_raw_all=動詞
add,1323,emotional,emotional,adjective,base,1,感情の，情緒の,high_school,2,eiken,英検語彙由来のv2正本候補。英検最小級=pre2。出現級=pre2;2。pos判定=label_raw_all,source_refs=pre2:977;2:1386; row_count=2; label_raw_all=形容詞
add,1324,emotionally,emotionally,adverb,base,1,"感情的に, 情緒的に",high_school,2,eiken,英検語彙由来のv2正本候補。英検最小級=pre2。出現級=pre2;2。pos判定=label_raw_all,source_refs=pre2:1478;2:480; row_count=2; label_raw_all=副詞
add,1325,emphasis,emphasis,noun,base,1,強調，重視,high_school,2,eiken,英検語彙由来のv2正本候補。英検最小級=pre2。出現級=pre2;2。pos判定=label_raw_all,source_refs=pre2:973;2:1669; row_count=2; label_raw_all=名詞
add,1326,emphasize,emphasize,verb,base,1,を強調する，力説する,high_school,2,eiken,英検語彙由来のv2正本候補。英検最小級=pre2。出現級=pre2;2。pos判定=label_raw_all,source_refs=pre2:375;2:61; row_count=2; label_raw_all=動詞
add,1327,employ,employ,verb,base,1,雇う，採用する,high_school,2,eiken,英検語彙由来のv2正本候補。英検最小級=pre2。出現級=pre2;2。pos判定=label_raw_all,source_refs=pre2:808;2:1487; row_count=2; label_raw_all=動詞
add,1328,employer,employer,noun,base,1,雇用者，雇い主,high_school,2,eiken,英検語彙由来のv2正本候補。英検最小級=pre2。出現級=pre2;2。pos判定=label_raw_all,source_refs=pre2:852;2:1626; row_count=2; label_raw_all=名詞
add,1329,employment,employment,noun,base,1,雇用，採用,high_school,1,eiken,英検語彙由来のv2正本候補。英検最小級=pre2。出現級=pre2;2;pre1。pos判定=label_raw_all,source_refs=pre2:1238;2:68;pre1:182; row_count=3; label_raw_all=名詞
add,1330,enable,enable,verb,base,1,に可能にさせる,high_school,2,eiken,英検語彙由来のv2正本候補。英検最小級=pre2。出現級=pre2。pos判定=label_raw_all,source_refs=pre2:344; row_count=1; label_raw_all=動詞
add,1331,encounter,encounter,verb,base,1,遭遇する，出会う,high_school,1,eiken,英検語彙由来のv2正本候補。英検最小級=pre2。出現級=pre2;2;pre1。pos判定=label_raw_all,source_refs=pre2:262;2:1570;pre1:3267; row_count=3; label_raw_all=動詞
add,1332,endure,endure,verb,base,1,を我慢する，耐える,high_school,2,eiken,英検語彙由来のv2正本候補。英検最小級=pre2。出現級=pre2;2。pos判定=label_raw_all,source_refs=pre2:1331;2:254; row_count=2; label_raw_all=動詞
add,1333,enforcement,enforcement,noun,base,1,執行，実施,high_school,2,eiken,英検語彙由来のv2正本候補。英検最小級=pre2。出現級=pre2;2。pos判定=label_raw_all,source_refs=pre2:228;2:998; row_count=2; label_raw_all=名詞
add,1334,enhance,enhance,verb,base,1,強調する，(さらに)高める,high_school,2,eiken,英検語彙由来のv2正本候補。英検最小級=pre2。出現級=pre2;2。pos判定=label_raw_all,source_refs=pre2:431;2:1169; row_count=2; label_raw_all=動詞
add,1335,enlarge,enlarge,verb,base,1,を拡大する，を広げる,high_school,1,eiken,英検語彙由来のv2正本候補。英検最小級=pre2。出現級=pre2;2;pre1。pos判定=label_raw_all,source_refs=pre2:1288;2:165;pre1:746; row_count=3; label_raw_all=動詞
add,1336,enormous,enormous,adjective,base,1,非常に大きい，極端に大きい,high_school,2,eiken,英検語彙由来のv2正本候補。英検最小級=pre2。出現級=pre2;2。pos判定=label_raw_all,source_refs=pre2:1115;2:206; row_count=2; label_raw_all=形容詞
add,1337,entertain,entertain,verb,base,1,を楽しませる,high_school,2,eiken,英検語彙由来のv2正本候補。英検最小級=pre2。出現級=pre2。pos判定=label_raw_all,source_refs=pre2:315; row_count=1; label_raw_all=動詞
add,1338,entertainment,entertainment,noun,base,1,娯楽，楽しみ,high_school,2,eiken,英検語彙由来のv2正本候補。英検最小級=pre2。出現級=pre2;2。pos判定=label_raw_all,source_refs=pre2:1129;2:1444; row_count=2; label_raw_all=名詞
add,1339,entire,entire,adjective,base,1,全体の，全部の,high_school,2,eiken,英検語彙由来のv2正本候補。英検最小級=pre2。出現級=pre2;2。pos判定=label_raw_all,source_refs=pre2:1158;2:1509; row_count=2; label_raw_all=形容詞
add,1340,entirely,entirely,adverb,base,1,完全に，全く,high_school,2,eiken,英検語彙由来のv2正本候補。英検最小級=pre2。出現級=pre2;2。pos判定=label_raw_all,source_refs=pre2:803;2:38; row_count=2; label_raw_all=副詞
add,1341,entitle,entitle,verb,base,1,と題する，と名づける,high_school,1,eiken,英検語彙由来のv2正本候補。英検最小級=pre2。出現級=pre2;2;pre1。pos判定=label_raw_all,source_refs=pre2:747;2:1859;pre1:3211; row_count=3; label_raw_all=動詞
add,1342,envelope,envelope,noun,base,1,封筒，封書,high_school,1,eiken,英検語彙由来のv2正本候補。英検最小級=pre2。出現級=pre2;2;pre1。pos判定=label_raw_all,source_refs=pre2:1336;2:260;pre1:59; row_count=3; label_raw_all=名詞
add,1343,environmental,environmental,adjective,base,1,環境の，自然環境の,high_school,2,eiken,英検語彙由来のv2正本候補。英検最小級=pre2。出現級=pre2;2。pos判定=label_raw_all,source_refs=pre2:1217;2:390; row_count=2; label_raw_all=形容詞
add,1344,environmentally,environmentally,adverb,base,1,環境的に，情勢的に,high_school,2,eiken,英検語彙由来のv2正本候補。英検最小級=pre2。出現級=pre2;2。pos判定=label_raw_all,source_refs=pre2:1421;2:394; row_count=2; label_raw_all=副詞
add,1345,equal,equal,adjective,base,1,同等，等しい,high_school,2,eiken,英検語彙由来のv2正本候補。英検最小級=pre2。出現級=pre2;2。pos判定=label_raw_all,source_refs=pre2:1452;2:438; row_count=2; label_raw_all=形容詞
add,1346,equipment,equipment,noun,base,1,装置，設備,high_school,2,eiken,英検語彙由来のv2正本候補。英検最小級=pre2。出現級=pre2;2。pos判定=label_raw_all,source_refs=pre2:854;2:183; row_count=2; label_raw_all=名詞
add,1347,escape,escape,verb,base,1,逃れる，脱走する,high_school,2,eiken,英検語彙由来のv2正本候補。英検最小級=pre2。出現級=pre2;2。pos判定=label_raw_all,source_refs=pre2:944;2:879; row_count=2; label_raw_all=動詞
add,1348,especially,especially,adverb,base,1,特に，格段に,high_school,2,eiken,英検語彙由来のv2正本候補。英検最小級=pre2。出現級=pre2;2。pos判定=label_raw_all,source_refs=pre2:251;2:1066; row_count=2; label_raw_all=副詞
add,1349,essay,essay,noun,base,1,論文，随筆,high_school,2,eiken,英検語彙由来のv2正本候補。英検最小級=pre2。出現級=pre2;2。pos判定=label_raw_all,source_refs=pre2:269;2:1304; row_count=2; label_raw_all=名詞
add,1350,establishment,establishment,noun,base,1,設立，創立,high_school,2,eiken,英検語彙由来のv2正本候補。英検最小級=pre2。出現級=pre2;2。pos判定=label_raw_all,source_refs=pre2:702;2:1824; row_count=2; label_raw_all=名詞
add,1351,estate,estate,noun,base,1,財産，資産,high_school,1,eiken,英検語彙由来のv2正本候補。英検最小級=pre2。出現級=pre2;2;pre1。pos判定=label_raw_all,source_refs=pre2:246;2:1186;pre1:3027; row_count=3; label_raw_all=名詞
add,1352,estimate,estimate,verb,base,1,を推定する，評価する,high_school,2,eiken,英検語彙由来のv2正本候補。英検最小級=pre2。出現級=pre2;2。pos判定=label_raw_all,source_refs=pre2:841;2:34; row_count=2; label_raw_all=動詞
add,1353,ethnic,ethnic,adjective,base,1,民族の，民族特有の,high_school,1,eiken,英検語彙由来のv2正本候補。英検最小級=pre2。出現級=pre2;2;pre1。pos判定=label_raw_all,source_refs=pre2:509;2:974;pre1:1122; row_count=3; label_raw_all=形容詞
add,1354,evaluate,evaluate,verb,base,1,評価する，見積もる,high_school,1,eiken,英検語彙由来のv2正本候補。英検最小級=pre2。出現級=pre2;2;pre1。pos判定=label_raw_all,source_refs=pre2:1479;2:481;pre1:895; row_count=3; label_raw_all=動詞
add,1355,eventually,eventually,adverb,base,1,結局は，やがて,high_school,2,eiken,英検語彙由来のv2正本候補。英検最小級=pre2。出現級=pre2;2。pos判定=label_raw_all,source_refs=pre2:665;2:779; row_count=2; label_raw_all=副詞
add,1356,evidence,evidence,noun,base,1,証拠，証明,high_school,1,eiken,英検語彙由来のv2正本候補。英検最小級=pre2。出現級=pre2;2。pos判定=label_raw_all,source_refs=pre2:916;2:33;2:2040; row_count=3; label_raw_all=名詞; meaning_ja_all=証拠，証明 / 証拠
add,1357,evil,evil,adjective,base,1,邪悪な，悪しき,high_school,2,eiken,英検語彙由来のv2正本候補。英検最小級=pre2。出現級=pre2;2。pos判定=label_raw_all,source_refs=pre2:742;2:1750; row_count=2; label_raw_all=形容詞
add,1358,evolution,evolution,noun,base,1,進化，発展,high_school,2,eiken,英検語彙由来のv2正本候補。英検最小級=pre2。出現級=pre2;2。pos判定=label_raw_all,source_refs=pre2:823;2:1472; row_count=2; label_raw_all=名詞
add,1359,exactly,exactly,adverb,base,1,正確に，正確で,high_school,2,eiken,英検語彙由来のv2正本候補。英検最小級=pre2。出現級=pre2;2。pos判定=label_raw_all,source_refs=pre2:950;2:1956; row_count=2; label_raw_all=副詞
add,1360,examination,examination,noun,base,1,試験，実験,high_school,2,eiken,英検語彙由来のv2正本候補。英検最小級=pre2。出現級=pre2;2。pos判定=label_raw_all,source_refs=pre2:1102;2:1694; row_count=2; label_raw_all=名詞
add,1361,examine,examine,verb,base,1,を検査する，調査する,high_school,2,eiken,英検語彙由来のv2正本候補。英検最小級=pre2。出現級=pre2;2。pos判定=label_raw_all,source_refs=pre2:561;2:668; row_count=2; label_raw_all=動詞
add,1362,except,except,preposition,base,1,を除いて，除外して,high_school,2,eiken,英検語彙由来のv2正本候補。英検最小級=pre2。出現級=pre2;2。pos判定=label_raw_all,source_refs=pre2:1092;2:1926; row_count=2; label_raw_all=前置詞
add,1363,exceptionally,exceptionally,adverb,base,1,例外的に，非常に,high_school,2,eiken,英検語彙由来のv2正本候補。英検最小級=pre2。出現級=pre2;2。pos判定=label_raw_all,source_refs=pre2:1368;2:313; row_count=2; label_raw_all=副詞
add,1364,exclude,exclude,verb,base,1,除く，排除する,high_school,2,eiken,英検語彙由来のv2正本候補。英検最小級=pre2。出現級=pre2;2。pos判定=label_raw_all,source_refs=pre2:1108;2:1986; row_count=2; label_raw_all=動詞
add,1365,exhibition,exhibition,noun,base,1,展示，展覧,high_school,2,eiken,英検語彙由来のv2正本候補。英検最小級=pre2。出現級=pre2;2。pos判定=label_raw_all,source_refs=pre2:787;2:1520; row_count=2; label_raw_all=名詞
add,1366,exist,exist,verb,base,1,存在する，実在する,high_school,2,eiken,英検語彙由来のv2正本候補。英検最小級=pre2。出現級=pre2;2。pos判定=label_raw_all,source_refs=pre2:565;2:1554; row_count=2; label_raw_all=動詞
add,1367,existence,existence,noun,base,1,存在，実在,high_school,2,eiken,英検語彙由来のv2正本候補。英検最小級=pre2。出現級=pre2;2。pos判定=label_raw_all,source_refs=pre2:683;2:1574; row_count=2; label_raw_all=名詞
add,1368,expand,expand,verb,base,1,拡大する，広がる,high_school,1,eiken,英検語彙由来のv2正本候補。英検最小級=pre2。出現級=pre2;2;pre1。pos判定=label_raw_all,source_refs=pre2:436;2:1685;pre1:3073; row_count=3; label_raw_all=動詞
add,1369,expansion,expansion,noun,base,1,拡張，拡大，増幅,high_school,2,eiken,英検語彙由来のv2正本候補。英検最小級=pre2。出現級=pre2;2。pos判定=label_raw_all,source_refs=pre2:214;2:1573; row_count=2; label_raw_all=名詞
add,1370,expectation,expectation,noun,base,1,期待，予想,high_school,2,eiken,英検語彙由来のv2正本候補。英検最小級=pre2。出現級=pre2;2。pos判定=label_raw_all,source_refs=pre2:348;2:1793; row_count=2; label_raw_all=名詞
add,1371,expense,expense,noun,base,1,費用，出費，犠牲,high_school,1,eiken,英検語彙由来のv2正本候補。英検最小級=pre2。出現級=pre2;2;pre1。pos判定=label_raw_all,source_refs=pre2:1229;2:41;pre1:260; row_count=3; label_raw_all=名詞
add,1372,experiment,experiment,noun,base,1,実験，試み,high_school,2,eiken,英検語彙由来のv2正本候補。英検最小級=pre2。出現級=pre2;2。pos判定=label_raw_all,source_refs=pre2:53;2:63; row_count=2; label_raw_all=名詞
add,1373,expert,expert,noun,base,1,専門家,high_school,2,eiken,英検語彙由来のv2正本候補。英検最小級=pre2。出現級=pre2。pos判定=label_raw_all,source_refs=pre2:77; row_count=1; label_raw_all=名詞
add,1374,explanation,explanation,noun,base,1,説明，解説,high_school,2,eiken,英検語彙由来のv2正本候補。英検最小級=pre2。出現級=pre2;2。pos判定=label_raw_all,source_refs=pre2:1098;2:1710; row_count=2; label_raw_all=名詞
add,1375,explore,explore,verb,base,1,探索する，調査する,high_school,2,eiken,英検語彙由来のv2正本候補。英検最小級=pre2。出現級=pre2;2。pos判定=label_raw_all,source_refs=pre2:1208;2:1713; row_count=2; label_raw_all=動詞
add,1376,explorer,explorer,noun,base,1,冒険者，探検家,high_school,2,eiken,英検語彙由来のv2正本候補。英検最小級=pre2。出現級=pre2;2。pos判定=label_raw_all,source_refs=pre2:1445;2:429; row_count=2; label_raw_all=名詞
add,1377,export,export,verb,base,1,を輸出する，輸送する,high_school,2,eiken,英検語彙由来のv2正本候補。英検最小級=pre2。出現級=pre2;2。pos判定=label_raw_all,source_refs=pre2:767;2:784; row_count=2; label_raw_all=動詞
add,1378,expose,expose,verb,base,1,明らかにする，明示する,high_school,2,eiken,英検語彙由来のv2正本候補。英検最小級=pre2。出現級=pre2;2。pos判定=label_raw_all,source_refs=pre2:612;2:1708; row_count=2; label_raw_all=動詞
add,1379,exposure,exposure,noun,base,1,暴露，さらすこと,high_school,1,eiken,英検語彙由来のv2正本候補。英検最小級=pre2。出現級=pre2;2;pre1。pos判定=label_raw_all,source_refs=pre2:584;2:1941;pre1:3107; row_count=3; label_raw_all=名詞
add,1380,express,express,verb,base,1,表現する，を言い表す,high_school,2,eiken,英検語彙由来のv2正本候補。英検最小級=pre2。出現級=pre2;2。pos判定=label_raw_all,source_refs=pre2:939;2:1445; row_count=2; label_raw_all=動詞
add,1381,expression,expression,noun,base,1,表現，言い回し,high_school,2,eiken,英検語彙由来のv2正本候補。英検最小級=pre2。出現級=pre2;2。pos判定=label_raw_all,source_refs=pre2:1050;2:1682; row_count=2; label_raw_all=名詞
add,1382,extension,extension,noun,base,1,拡張，展開,high_school,2,eiken,英検語彙由来のv2正本候補。英検最小級=pre2。出現級=pre2;2。pos判定=label_raw_all,source_refs=pre2:429;2:1305; row_count=2; label_raw_all=名詞
add,1383,extensive,extensive,adjective,base,1,広範な，広い範囲の,high_school,2,eiken,英検語彙由来のv2正本候補。英検最小級=pre2。出現級=pre2;2。pos判定=label_raw_all,source_refs=pre2:805;2:1936; row_count=2; label_raw_all=形容詞
add,1384,extent,extent,noun,base,1,程度，大きさ,high_school,2,eiken,英検語彙由来のv2正本候補。英検最小級=pre2。出現級=pre2;2。pos判定=label_raw_all,source_refs=pre2:1112;2:1068; row_count=2; label_raw_all=名詞
add,1385,extra,extra,adjective,base,1,余分の，特別の,high_school,2,eiken,英検語彙由来のv2正本候補。英検最小級=pre2。出現級=pre2;2。pos判定=label_raw_all,source_refs=pre2:15;2:1830; row_count=2; label_raw_all=形容詞
add,1386,extraordinary,extraordinary,adjective,base,1,普通でない，異常な,high_school,2,eiken,英検語彙由来のv2正本候補。英検最小級=pre2。出現級=pre2;2。pos判定=label_raw_all,source_refs=pre2:919;2:1522; row_count=2; label_raw_all=形容詞
add,1387,extreme,extreme,adjective,base,1,極端な，過激な,high_school,2,eiken,英検語彙由来のv2正本候補。英検最小級=pre2。出現級=pre2;2。pos判定=label_raw_all,source_refs=pre2:408;2:1466; row_count=2; label_raw_all=形容詞
add,1388,extremely,extremely,adverb,base,1,極端に，過度に,high_school,2,eiken,英検語彙由来のv2正本候補。英検最小級=pre2。出現級=pre2;2。pos判定=label_raw_all,source_refs=pre2:285;2:67; row_count=2; label_raw_all=副詞
add,1389,fabric,fabric,noun,base,1,織物，布地,high_school,2,eiken,英検語彙由来のv2正本候補。英検最小級=pre2。出現級=pre2;2。pos判定=label_raw_all,source_refs=pre2:914;2:1801; row_count=2; label_raw_all=名詞
add,1390,factor,factor,noun,base,1,要因，原因,high_school,2,eiken,英検語彙由来のv2正本候補。英検最小級=pre2。出現級=pre2;2。pos判定=label_raw_all,source_refs=pre2:687;2:1293; row_count=2; label_raw_all=名詞
add,1391,failure,failure,noun,base,1,失敗，挫折,high_school,2,eiken,英検語彙由来のv2正本候補。英検最小級=pre2。出現級=pre2;2。pos判定=label_raw_all,source_refs=pre2:356;2:1222; row_count=2; label_raw_all=名詞
add,1392,fair,fair,adjective,base,1,公平な，平等な,high_school,2,eiken,英検語彙由来のv2正本候補。英検最小級=pre2。出現級=pre2;2。pos判定=label_raw_all,source_refs=pre2:620;2:1081; row_count=2; label_raw_all=形容詞
add,1393,fairly,fairly,adverb,base,1,かなり，公平に,high_school,2,eiken,英検語彙由来のv2正本候補。英検最小級=pre2。出現級=pre2;2。pos判定=label_raw_all,source_refs=pre2:866;2:412; row_count=2; label_raw_all=副詞
add,1394,faith,faith,noun,base,1,信頼，信用,high_school,1,eiken,英検語彙由来のv2正本候補。英検最小級=pre2。出現級=pre2;2;pre1。pos判定=label_raw_all,source_refs=pre2:923;2:1408;pre1:3259; row_count=3; label_raw_all=名詞
add,1395,false,false,adjective,base,1,誤った，間違った,high_school,2,eiken,英検語彙由来のv2正本候補。英検最小級=pre2。出現級=pre2;2。pos判定=label_raw_all,source_refs=pre2:839;2:1327; row_count=2; label_raw_all=形容詞
add,1396,fate,fate,noun,base,1,運命，宿命,high_school,2,eiken,英検語彙由来のv2正本候補。英検最小級=pre2。出現級=pre2;2。pos判定=label_raw_all,source_refs=pre2:484;2:1908; row_count=2; label_raw_all=名詞
add,1397,fault,fault,noun,base,1,欠点，短所,high_school,2,eiken,英検語彙由来のv2正本候補。英検最小級=pre2。出現級=pre2;2。pos判定=label_raw_all,source_refs=pre2:1017;2:1258; row_count=2; label_raw_all=名詞
add,1398,favor,favor,noun,base,1,親切な行為，好意,high_school,2,eiken,英検語彙由来のv2正本候補。英検最小級=pre2。出現級=pre2;2。pos判定=label_raw_all,source_refs=pre2:1169;2:772; row_count=2; label_raw_all=名詞
add,1399,fear,fear,noun,base,1,を恐れる，恐がる/恐れ,high_school,2,eiken,英検語彙由来のv2正本候補。英検最小級=pre2。出現級=pre2;2。pos判定=label_raw_all,source_refs=pre2:1105;2:296; row_count=2; label_raw_all=名詞
add,1400,feature,feature,noun,base,1,特徴，特性/を目玉とする,high_school,1,eiken,英検語彙由来のv2正本候補。英検最小級=pre2。出現級=pre2;2;pre1。pos判定=label_raw_all_multi:noun|verb,source_refs=pre2:398;2:174;pre1:3033; row_count=3; label_raw_all=名詞;名詞／動詞
add,1401,federal,federal,adjective,base,1,連邦の，連邦制の,high_school,1,eiken,英検語彙由来のv2正本候補。英検最小級=pre2。出現級=pre2;2;pre1。pos判定=label_raw_all,source_refs=pre2:996;2:1505;pre1:3178; row_count=3; label_raw_all=形容詞
add,1402,fee,fee,noun,base,1,料金，手数料,high_school,2,eiken,英検語彙由来のv2正本候補。英検最小級=pre2。出現級=pre2;2。pos判定=label_raw_all,source_refs=pre2:280;2:618; row_count=2; label_raw_all=名詞
add,1403,feed,feed,noun,base,1,えさを与える,high_school,2,eiken,英検語彙由来のv2正本候補。英検最小級=pre2。出現級=pre2;2。pos判定=label_raw_all_multi:noun|verb,source_refs=pre2:885;2:649; row_count=2; label_raw_all=名詞;動詞; meaning_ja_all=えさを与える / 餌を与える，育てる
add,1404,fellow,fellow,noun,base,1,仲間，友人,high_school,2,eiken,英検語彙由来のv2正本候補。英検最小級=pre2。出現級=pre2;2。pos判定=label_raw_all,source_refs=pre2:427;2:1779; row_count=2; label_raw_all=名詞
add,1405,female,female,noun,base,1,雌の，女性の,high_school,2,eiken,英検語彙由来のv2正本候補。英検最小級=pre2。出現級=pre2;2。pos判定=label_raw_all_multi:noun|adjective,source_refs=pre2:753;2:1991; row_count=2; label_raw_all=形容詞;名詞
add,1406,fertilizer,fertilizer,noun,base,1,肥料，育成剤,high_school,1,eiken,英検語彙由来のv2正本候補。英検最小級=pre2。出現級=pre2;2;pre1。pos判定=label_raw_all,source_refs=pre2:1276;2:140;pre1:31; row_count=3; label_raw_all=名詞
add,1407,fiber,fiber,noun,base,1,繊維，糸,high_school,2,eiken,英検語彙由来のv2正本候補。英検最小級=pre2。出現級=pre2;2。pos判定=label_raw_all,source_refs=pre2:1220;2:1121; row_count=2; label_raw_all=名詞
add,1408,finance,finance,noun,base,1,財政，財務,high_school,2,eiken,英検語彙由来のv2正本候補。英検最小級=pre2。出現級=pre2;2。pos判定=label_raw_all,source_refs=pre2:902;2:1642; row_count=2; label_raw_all=名詞
add,1409,financial,financial,adjective,base,1,財政の，財務に関する,high_school,2,eiken,英検語彙由来のv2正本候補。英検最小級=pre2。出現級=pre2;2。pos判定=label_raw_all,source_refs=pre2:903;2:1947; row_count=2; label_raw_all=形容詞
add,1410,firm,firm,adjective,base,1,しっかりした，堅い,high_school,2,eiken,英検語彙由来のv2正本候補。英検最小級=pre2。出現級=pre2;2。pos判定=label_raw_all,source_refs=pre2:232;2:1577; row_count=2; label_raw_all=形容詞
add,1411,flee,flee,verb,base,1,逃げる，逃走する,high_school,2,eiken,英検語彙由来のv2正本候補。英検最小級=pre2。出現級=pre2;2。pos判定=label_raw_all,source_refs=pre2:1032;2:1831; row_count=2; label_raw_all=動詞
add,1412,flexibility,flexibility,noun,base,1,しなやかさ，弾力性，柔軟性,high_school,1,eiken,英検語彙由来のv2正本候補。英検最小級=pre2。出現級=pre2;2;pre1。pos判定=label_raw_all,source_refs=pre2:1263;2:124;pre1:1181; row_count=3; label_raw_all=名詞
add,1413,flood,flood,noun,base,1,洪水，氾濫,high_school,2,eiken,英検語彙由来のv2正本候補。英検最小級=pre2。出現級=pre2;2。pos判定=label_raw_all,source_refs=pre2:778;2:1864; row_count=2; label_raw_all=名詞
add,1414,flow,flow,verb,base,1,流れる，流す,high_school,2,eiken,英検語彙由来のv2正本候補。英検最小級=pre2。出現級=pre2;2。pos判定=label_raw_all,source_refs=pre2:355;2:1340; row_count=2; label_raw_all=動詞
add,1415,folk,folk,noun,base,1,人々，群衆,high_school,2,eiken,英検語彙由来のv2正本候補。英検最小級=pre2。出現級=pre2;2。pos判定=label_raw_all,source_refs=pre2:779;2:1322; row_count=2; label_raw_all=名詞
add,1416,force,force,noun,base,1,力，勢い,high_school,2,eiken,英検語彙由来のv2正本候補。英検最小級=pre2。出現級=pre2;2。pos判定=label_raw_all,source_refs=pre2:234;2:730; row_count=2; label_raw_all=名詞
add,1417,forever,forever,adverb,base,1,永遠に，ずっと,high_school,2,eiken,英検語彙由来のv2正本候補。英検最小級=pre2。出現級=pre2;2。pos判定=label_raw_all,source_refs=pre2:888;2:970; row_count=2; label_raw_all=副詞
add,1418,formal,formal,adjective,base,1,正式な，公式の,high_school,2,eiken,英検語彙由来のv2正本候補。英検最小級=pre2。出現級=pre2;2。pos判定=label_raw_all,source_refs=pre2:169;2:818; row_count=2; label_raw_all=形容詞
add,1419,formation,formation,noun,base,1,形成，構成,high_school,1,eiken,英検語彙由来のv2正本候補。英検最小級=pre2。出現級=pre2;2;pre1。pos判定=label_raw_all,source_refs=pre2:1335;2:259;pre1:397; row_count=3; label_raw_all=名詞
add,1420,former,former,adjective,base,1,前の，以前の,high_school,2,eiken,英検語彙由来のv2正本候補。英検最小級=pre2。出現級=pre2;2。pos判定=label_raw_all,source_refs=pre2:880;2:1146; row_count=2; label_raw_all=形容詞
add,1421,foundation,foundation,noun,base,1,土台，根拠，設立,high_school,1,eiken,英検語彙由来のv2正本候補。英検最小級=pre2。出現級=pre2;2;pre1。pos判定=label_raw_all,source_refs=pre2:1232;2:50;pre1:3399; row_count=3; label_raw_all=名詞
add,1422,founder,founder,noun,base,1,創設者，創立者,high_school,2,eiken,英検語彙由来のv2正本候補。英検最小級=pre2。出現級=pre2;2。pos判定=label_raw_all,source_refs=pre2:975;2:1198; row_count=2; label_raw_all=名詞
add,1423,freeze,freeze,verb,base,1,凍る，氷結,high_school,2,eiken,英検語彙由来のv2正本候補。英検最小級=pre2。出現級=pre2;2。pos判定=label_raw_all,source_refs=pre2:1210;2:1593; row_count=2; label_raw_all=動詞
add,1424,frequent,frequent,adjective,base,1,頻繁な，しばしば起こる,high_school,2,eiken,英検語彙由来のv2正本候補。英検最小級=pre2。出現級=pre2;2。pos判定=label_raw_all,source_refs=pre2:1291;2:179; row_count=2; label_raw_all=形容詞
add,1425,frequently,frequently,adverb,base,1,"頻繁に, たびたび",high_school,2,eiken,英検語彙由来のv2正本候補。英検最小級=pre2。出現級=pre2;2。pos判定=label_raw_all,source_refs=pre2:1056;2:479; row_count=2; label_raw_all=副詞
add,1426,frighten,frighten,verb,base,1,怖がらせる，恐れさせる,high_school,2,eiken,英検語彙由来のv2正本候補。英検最小級=pre2。出現級=pre2;2。pos判定=label_raw_all,source_refs=pre2:1202;2:1404; row_count=2; label_raw_all=動詞
add,1427,fuel,fuel,noun,base,1,燃料，燃えやすいもの,high_school,2,eiken,英検語彙由来のv2正本候補。英検最小級=pre2。出現級=pre2;2。pos判定=label_raw_all,source_refs=pre2:720;2:397; row_count=2; label_raw_all=名詞
add,1428,fully,fully,adverb,base,1,十分に，完全に,high_school,2,eiken,英検語彙由来のv2正本候補。英検最小級=pre2。出現級=pre2;2。pos判定=label_raw_all,source_refs=pre2:774;2:1104; row_count=2; label_raw_all=副詞
add,1429,fund,fund,noun,base,1,基金，資金,high_school,1,eiken,英検語彙由来のv2正本候補。英検最小級=pre2。出現級=pre2;2;pre1。pos判定=label_raw_all,source_refs=pre2:1470;2:466;pre1:268; row_count=3; label_raw_all=名詞
add,1430,fundamental,fundamental,adjective,base,1,基本的な，基礎の,high_school,2,eiken,英検語彙由来のv2正本候補。英検最小級=pre2。出現級=pre2;2。pos判定=label_raw_all,source_refs=pre2:523;2:1806; row_count=2; label_raw_all=形容詞
add,1431,furniture,furniture,noun,base,1,家具，調度品,high_school,2,eiken,英検語彙由来のv2正本候補。英検最小級=pre2。出現級=pre2;2。pos判定=label_raw_all,source_refs=pre2:1316;2:232; row_count=2; label_raw_all=名詞
add,1432,furthermore,furthermore,adverb,base,1,さらに，その上,high_school,1,eiken,英検語彙由来のv2正本候補。英検最小級=pre2。出現級=pre2;2;pre1。pos判定=label_raw_all,source_refs=pre2:1235;2:55;pre1:1082; row_count=3; label_raw_all=副詞
add,1433,gain,gain,verb,base,1,得る，獲得する,high_school,2,eiken,英検語彙由来のv2正本候補。英検最小級=pre2。出現級=pre2;2。pos判定=label_raw_all,source_refs=pre2:9;2:1891; row_count=2; label_raw_all=動詞
add,1434,gather,gather,verb,base,1,を集める，収集する,high_school,2,eiken,英検語彙由来のv2正本候補。英検最小級=pre2。出現級=pre2;2。pos判定=label_raw_all,source_refs=pre2:662;2:678; row_count=2; label_raw_all=動詞
add,1435,generous,generous,adjective,base,1,気前のよい，寛容な,high_school,2,eiken,英検語彙由来のv2正本候補。英検最小級=pre2。出現級=pre2;2。pos判定=label_raw_all,source_refs=pre2:1323;2:244; row_count=2; label_raw_all=形容詞
add,1436,generously,generously,adverb,base,1,惜しみなく，気前よく,high_school,2,eiken,英検語彙由来のv2正本候補。英検最小級=pre2。出現級=pre2;2。pos判定=label_raw_all,source_refs=pre2:1464;2:459; row_count=2; label_raw_all=副詞
add,1437,genius,genius,noun,base,1,天才，才人,high_school,2,eiken,英検語彙由来のv2正本候補。英検最小級=pre2。出現級=pre2;2。pos判定=label_raw_all,source_refs=pre2:291;2:1435; row_count=2; label_raw_all=名詞
add,1438,glance,glance,noun,base,1,一目見る/一目,high_school,1,eiken,英検語彙由来のv2正本候補。英検最小級=pre2。出現級=pre2;2;pre1。pos判定=label_raw_all_multi:noun|verb,source_refs=pre2:296;2:728;pre1:3167; row_count=3; label_raw_all=名詞;名詞/動詞;名詞／動詞
add,1439,global,global,adjective,base,1,地球の，世界の,high_school,2,eiken,英検語彙由来のv2正本候補。英検最小級=pre2。出現級=pre2;2。pos判定=label_raw_all,source_refs=pre2:266;2:1261; row_count=2; label_raw_all=形容詞
add,1440,govern,govern,verb,base,1,統治する，支配する,high_school,2,eiken,英検語彙由来のv2正本候補。英検最小級=pre2。出現級=pre2;2。pos判定=label_raw_all,source_refs=pre2:227;2:1459; row_count=2; label_raw_all=動詞
add,1441,governor,governor,noun,base,1,知事，州知事,high_school,2,eiken,英検語彙由来のv2正本候補。英検最小級=pre2。出現級=pre2;2。pos判定=label_raw_all,source_refs=pre2:1088;2:1239; row_count=2; label_raw_all=名詞
add,1442,gradually,gradually,adverb,base,1,次第に，だんだんに,high_school,2,eiken,英検語彙由来のv2正本候補。英検最小級=pre2。出現級=pre2;2。pos判定=label_raw_all,source_refs=pre2:946;2:631; row_count=2; label_raw_all=副詞
add,1443,grammar,grammar,noun,base,1,文法，文法規則,high_school,2,eiken,英検語彙由来のv2正本候補。英検最小級=pre2。出現級=pre2;2。pos判定=label_raw_all,source_refs=pre2:925;2:1949; row_count=2; label_raw_all=名詞
add,1444,grant,grant,noun,base,1,給付金,high_school,2,eiken,英検語彙由来のv2正本候補。英検最小級=pre2。出現級=pre2。pos判定=label_raw_all,source_refs=pre2:249; row_count=1; label_raw_all=名詞
add,1445,gravity,gravity,noun,base,1,重力，引力,high_school,1,eiken,英検語彙由来のv2正本候補。英検最小級=pre2。出現級=pre2;2;pre1。pos判定=label_raw_all,source_refs=pre2:1292;2:181;pre1:924; row_count=3; label_raw_all=名詞
add,1446,greet,greet,verb,base,1,を出迎える，に挨拶する,high_school,2,eiken,英検語彙由来のv2正本候補。英検最小級=pre2。出現級=pre2;2。pos判定=label_raw_all,source_refs=pre2:942;2:380; row_count=2; label_raw_all=動詞
add,1447,guarantee,guarantee,verb,base,1,を保証する/保証,high_school,1,eiken,英検語彙由来のv2正本候補。英検最小級=pre2。出現級=pre2;2;pre1。pos判定=label_raw_all,source_refs=pre2:1376;2:327;pre1:1143; row_count=3; label_raw_all=動詞
add,1448,hang,hang,verb,base,1,つるす，掛ける,high_school,2,eiken,英検語彙由来のv2正本候補。英検最小級=pre2。出現級=pre2;2。pos判定=label_raw_all,source_refs=pre2:809;2:1420; row_count=2; label_raw_all=動詞
add,1449,harbor,harbor,noun,base,1,港，港湾,high_school,2,eiken,英検語彙由来のv2正本候補。英検最小級=pre2。出現級=pre2;2。pos判定=label_raw_all,source_refs=pre2:1431;2:409; row_count=2; label_raw_all=名詞
add,1450,hardly,hardly,adverb,base,1,ほとんどない，少ない,high_school,2,eiken,英検語彙由来のv2正本候補。英検最小級=pre2。出現級=pre2;2。pos判定=label_raw_all,source_refs=pre2:176;2:1278; row_count=2; label_raw_all=副詞
add,1451,harm,harm,noun,base,1,害，危害/を害する,high_school,2,eiken,英検語彙由来のv2正本候補。英検最小級=pre2。出現級=pre2;2。pos判定=label_raw_all,source_refs=pre2:1428;2:405; row_count=2; label_raw_all=名詞
add,1452,harmful,harmful,adjective,base,1,有害な，害のある,high_school,2,eiken,英検語彙由来のv2正本候補。英検最小級=pre2。出現級=pre2;2。pos判定=label_raw_all,source_refs=pre2:670;2:1929; row_count=2; label_raw_all=形容詞
add,1453,harvest,harvest,verb,base,1,収穫/を収穫する,high_school,2,eiken,英検語彙由来のv2正本候補。英検最小級=pre2。出現級=pre2;2。pos判定=label_raw_all,source_refs=pre2:1435;2:414; row_count=2; label_raw_all=動詞
add,1454,hate,hate,verb,base,1,ひどく嫌う，深く憎む,high_school,2,eiken,英検語彙由来のv2正本候補。英検最小級=pre2。出現級=pre2;2。pos判定=label_raw_all,source_refs=pre2:549;2:1114; row_count=2; label_raw_all=動詞
add,1455,headline,headline,noun,base,1,見出し，表題,high_school,2,eiken,英検語彙由来のv2正本候補。英検最小級=pre2。出現級=pre2;2。pos判定=label_raw_all,source_refs=pre2:413;2:1943; row_count=2; label_raw_all=名詞
add,1456,headquarters,headquarters,noun,base,1,本部，中心,high_school,2,eiken,英検語彙由来のv2正本候補。英検最小級=pre2。出現級=pre2;2。pos判定=label_raw_all,source_refs=pre2:674;2:1615; row_count=2; label_raw_all=名詞
add,1457,heel,heel,noun,base,1,かかと，きびす,high_school,2,eiken,英検語彙由来のv2正本候補。英検最小級=pre2。出現級=pre2;2。pos判定=label_raw_all,source_refs=pre2:362;2:1405; row_count=2; label_raw_all=名詞
add,1458,height,height,noun,base,1,高さ，高度,high_school,2,eiken,英検語彙由来のv2正本候補。英検最小級=pre2。出現級=pre2;2。pos判定=label_raw_all,source_refs=pre2:182;2:1927; row_count=2; label_raw_all=名詞
add,1459,hell,hell,noun,base,1,地獄，奈落,high_school,2,eiken,英検語彙由来のv2正本候補。英検最小級=pre2。出現級=pre2;2。pos判定=label_raw_all,source_refs=pre2:1066;2:1550; row_count=2; label_raw_all=名詞
add,1460,heritage,heritage,noun,base,1,遺産，相続財産,high_school,1,eiken,英検語彙由来のv2正本候補。英検最小級=pre2。出現級=pre2;2;pre1。pos判定=label_raw_all,source_refs=pre2:647;2:386;pre1:3226; row_count=3; label_raw_all=名詞
add,1461,hesitate,hesitate,verb,base,1,ためらう，躊躇する,high_school,1,eiken,英検語彙由来のv2正本候補。英検最小級=pre2。出現級=pre2;2;pre1。pos判定=label_raw_all,source_refs=pre2:1195;2:691;pre1:3025; row_count=3; label_raw_all=動詞
add,1462,hide,hide,verb,base,1,隠す，隠れる,high_school,2,eiken,英検語彙由来のv2正本候補。英検最小級=pre2。出現級=pre2;2。pos判定=label_raw_all,source_refs=pre2:491;2:1398; row_count=2; label_raw_all=動詞
add,1463,highlight,highlight,verb,base,1,目立たせる，最も明るい部分,high_school,2,eiken,英検語彙由来のv2正本候補。英検最小級=pre2。出現級=pre2;2。pos判定=label_raw_all,source_refs=pre2:840;2:1616; row_count=2; label_raw_all=動詞
add,1464,hire,hire,verb,base,1,雇う，採用する,high_school,2,eiken,英検語彙由来のv2正本候補。英検最小級=pre2。出現級=pre2;2。pos判定=label_raw_all,source_refs=pre2:801;2:1262; row_count=2; label_raw_all=動詞
add,1465,historic,historic,adjective,base,1,由緒のある，歴史に残る,high_school,2,eiken,英検語彙由来のv2正本候補。英検最小級=pre2。出現級=pre2;2。pos判定=label_raw_all,source_refs=pre2:678;2:240; row_count=2; label_raw_all=形容詞
add,1466,historical,historical,adjective,base,1,歴史上の，過去の,high_school,2,eiken,英検語彙由来のv2正本候補。英検最小級=pre2。出現級=pre2;2。pos判定=label_raw_all,source_refs=pre2:1134;2:1128; row_count=2; label_raw_all=形容詞
add,1467,household,household,noun,base,1,家族，世帯,high_school,2,eiken,英検語彙由来のv2正本候補。英検最小級=pre2。出現級=pre2;2。pos判定=label_raw_all,source_refs=pre2:1198;2:1143; row_count=2; label_raw_all=名詞
add,1468,huge,huge,adjective,base,1,巨大な，広大な,high_school,2,eiken,英検語彙由来のv2正本候補。英検最小級=pre2。出現級=pre2;2。pos判定=label_raw_all,source_refs=pre2:559;2:820; row_count=2; label_raw_all=形容詞
add,1469,humanity,humanity,noun,base,1,人間，人間性,high_school,2,eiken,英検語彙由来のv2正本候補。英検最小級=pre2。出現級=pre2;2。pos判定=label_raw_all,source_refs=pre2:1052;2:1413; row_count=2; label_raw_all=名詞
add,1470,ideal,ideal,noun,base,1,理想，目指すべき状態,high_school,2,eiken,英検語彙由来のv2正本候補。英検最小級=pre2。出現級=pre2;2。pos判定=label_raw_all,source_refs=pre2:183;2:1345; row_count=2; label_raw_all=名詞
add,1471,identify,identify,verb,base,1,を見分ける，識別する,high_school,2,eiken,英検語彙由来のv2正本候補。英検最小級=pre2。出現級=pre2;2。pos判定=label_raw_all,source_refs=pre2:979;2:471; row_count=2; label_raw_all=動詞
add,1472,identity,identity,noun,base,1,同一性，一致性,high_school,2,eiken,英検語彙由来のv2正本候補。英検最小級=pre2。出現級=pre2;2。pos判定=label_raw_all,source_refs=pre2:754;2:786; row_count=2; label_raw_all=名詞
add,1473,ignore,ignore,verb,base,1,を無視する，見逃す,high_school,2,eiken,英検語彙由来のv2正本候補。英検最小級=pre2。出現級=pre2;2。pos判定=label_raw_all,source_refs=pre2:86;2:845; row_count=2; label_raw_all=動詞
add,1474,illness,illness,noun,base,1,病気，疾患,high_school,2,eiken,英検語彙由来のv2正本候補。英検最小級=pre2。出現級=pre2;2。pos判定=label_raw_all,source_refs=pre2:75;2:557; row_count=2; label_raw_all=名詞
add,1475,imagination,imagination,noun,base,1,想像，仮想,high_school,2,eiken,英検語彙由来のv2正本候補。英検最小級=pre2。出現級=pre2;2。pos判定=label_raw_all,source_refs=pre2:1087;2:1547; row_count=2; label_raw_all=名詞
add,1476,imitate,imitate,verb,base,1,模倣する，真似る,high_school,2,eiken,英検語彙由来のv2正本候補。英検最小級=pre2。出現級=pre2;2。pos判定=label_raw_all,source_refs=pre2:1306;2:214; row_count=2; label_raw_all=動詞
add,1477,immediate,immediate,adjective,base,1,即座の，瞬時の,high_school,2,eiken,英検語彙由来のv2正本候補。英検最小級=pre2。出現級=pre2;2。pos判定=label_raw_all,source_refs=pre2:680;2:1173; row_count=2; label_raw_all=形容詞
add,1478,immediately,immediately,adverb,base,1,即座に，直ちに,high_school,2,eiken,英検語彙由来のv2正本候補。英検最小級=pre2。出現級=pre2;2。pos判定=label_raw_all,source_refs=pre2:48;2:95; row_count=2; label_raw_all=副詞
add,1479,immigrant,immigrant,noun,base,1,移民，移住者,high_school,2,eiken,英検語彙由来のv2正本候補。英検最小級=pre2。出現級=pre2;2。pos判定=label_raw_all,source_refs=pre2:377;2:1757; row_count=2; label_raw_all=名詞
add,1480,immigrate,immigrate,verb,base,1,移住する，移転する,high_school,1,eiken,英検語彙由来のv2正本候補。英検最小級=pre2。出現級=pre2;2;pre1。pos判定=label_raw_all,source_refs=pre2:1380;2:333;pre1:3334; row_count=3; label_raw_all=動詞
add,1481,immune,immune,adjective,base,1,免疫の，免疫のある,high_school,1,eiken,英検語彙由来のv2正本候補。英検最小級=pre2。出現級=pre2;2;pre1。pos判定=label_raw_all,source_refs=pre2:1362;2:304;pre1:2371; row_count=3; label_raw_all=形容詞
add,1482,implement,implement,verb,base,1,実施する/道具，手段,high_school,2,eiken,英検語彙由来のv2正本候補。英検最小級=pre2。出現級=pre2;2。pos判定=label_raw_all,source_refs=pre2:725;2:1540; row_count=2; label_raw_all=動詞
add,1483,implication,implication,noun,base,1,含み，裏の意味,high_school,2,eiken,英検語彙由来のv2正本候補。英検最小級=pre2。出現級=pre2;2。pos判定=label_raw_all,source_refs=pre2:847;2:1882; row_count=2; label_raw_all=名詞
add,1484,imply,imply,verb,base,1,をほのめかす，暗示する,high_school,1,eiken,英検語彙由来のv2正本候補。英検最小級=pre2。出現級=pre2;2;pre1。pos判定=label_raw_all,source_refs=pre2:575;2:842;pre1:3215; row_count=3; label_raw_all=動詞
add,1485,impress,impress,verb,base,1,感銘を与える，感動させる,high_school,2,eiken,英検語彙由来のv2正本候補。英検最小級=pre2。出現級=pre2;2。pos判定=label_raw_all,source_refs=pre2:537;2:1232; row_count=2; label_raw_all=動詞
add,1486,impression,impression,noun,base,1,印象，感じ,high_school,2,eiken,英検語彙由来のv2正本候補。英検最小級=pre2。出現級=pre2;2。pos判定=label_raw_all,source_refs=pre2:70;2:1631; row_count=2; label_raw_all=名詞
add,1487,impressive,impressive,adjective,base,1,印象的な，鮮烈な,high_school,2,eiken,英検語彙由来のv2正本候補。英検最小級=pre2。出現級=pre2;2。pos判定=label_raw_all,source_refs=pre2:237;2:1655; row_count=2; label_raw_all=形容詞
add,1488,improve,improve,verb,base,1,を改善する，改良する,high_school,2,eiken,英検語彙由来のv2正本候補。英検最小級=pre2。出現級=pre2;2。pos判定=label_raw_all,source_refs=pre2:12;2:9; row_count=2; label_raw_all=動詞
add,1489,improvement,improvement,noun,base,1,改善，改良,high_school,2,eiken,英検語彙由来のv2正本候補。英検最小級=pre2。出現級=pre2;2。pos判定=label_raw_all,source_refs=pre2:290;2:792; row_count=2; label_raw_all=名詞
add,1490,income,income,noun,base,1,所得，収入,high_school,2,eiken,英検語彙由来のv2正本候補。英検最小級=pre2。出現級=pre2;2。pos判定=label_raw_all,source_refs=pre2:1016;2:1653; row_count=2; label_raw_all=名詞
add,1491,incorporate,incorporate,verb,base,1,合体させる，統合する,high_school,2,eiken,英検語彙由来のv2正本候補。英検最小級=pre2。出現級=pre2;2。pos判定=label_raw_all,source_refs=pre2:1162;2:1361; row_count=2; label_raw_all=動詞
add,1492,independent,independent,adjective,base,1,独立した，自立した,high_school,2,eiken,英検語彙由来のv2正本候補。英検最小級=pre2。出現級=pre2;2。pos判定=label_raw_all,source_refs=pre2:422;2:1341; row_count=2; label_raw_all=形容詞
add,1493,index,index,noun,base,1,索引，目次,high_school,2,eiken,英検語彙由来のv2正本候補。英検最小級=pre2。出現級=pre2;2。pos判定=label_raw_all,source_refs=pre2:709;2:1586; row_count=2; label_raw_all=名詞
add,1494,indicate,indicate,verb,base,1,を指し示す,high_school,2,eiken,英検語彙由来のv2正本候補。英検最小級=pre2。出現級=pre2;2。pos判定=label_raw_all,source_refs=pre2:1205;2:2292; row_count=2; label_raw_all=動詞; meaning_ja_all=を指し示す / 指し示す
add,1495,individual,individual,adjective,base,1,個人の，個々の,high_school,2,eiken,英検語彙由来のv2正本候補。英検最小級=pre2。出現級=pre2;2。pos判定=label_raw_all,source_refs=pre2:1122;2:609; row_count=2; label_raw_all=形容詞
add,1496,indoor,indoor,adjective,base,1,室内/屋内の,high_school,2,eiken,英検語彙由来のv2正本候補。英検最小級=pre2。出現級=pre2;2。pos判定=label_raw_all,source_refs=pre2:1394;2:354; row_count=2; label_raw_all=形容詞
add,1497,industrial,industrial,adjective,base,1,産業の，工業の,high_school,2,eiken,英検語彙由来のv2正本候補。英検最小級=pre2。出現級=pre2;2。pos判定=label_raw_all,source_refs=pre2:784;2:1556; row_count=2; label_raw_all=形容詞
add,1498,industry,industry,noun,base,1,産業，工業,high_school,2,eiken,英検語彙由来のv2正本候補。英検最小級=pre2。出現級=pre2;2。pos判定=label_raw_all,source_refs=pre2:586;2:513; row_count=2; label_raw_all=名詞
add,1499,infection,infection,noun,base,1,感染,high_school,2,eiken,英検語彙由来のv2正本候補。英検最小級=pre2。出現級=pre2。pos判定=label_raw_all,source_refs=pre2:978; row_count=1; label_raw_all=名詞
add,1500,inflation,inflation,noun,base,1,膨張，拡大,high_school,2,eiken,英検語彙由来のv2正本候補。英検最小級=pre2。出現級=pre2;2。pos判定=label_raw_all,source_refs=pre2:1078;2:1217; row_count=2; label_raw_all=名詞
add,1501,influence,influence,noun,base,1,影響，影響力，波及/影響を及ぼす,high_school,2,eiken,英検語彙由来のv2正本候補。英検最小級=pre2。出現級=pre2;2。pos判定=label_raw_all,source_refs=pre2:331;2:510; row_count=2; label_raw_all=名詞
add,1502,inform,inform,verb,base,1,情報を与える，に知らせる,high_school,2,eiken,英検語彙由来のv2正本候補。英検最小級=pre2。出現級=pre2;2。pos判定=label_raw_all,source_refs=pre2:1178;2:24; row_count=2; label_raw_all=動詞
add,1503,ingredient,ingredient,noun,base,1,材料，原料，成分,high_school,2,eiken,英検語彙由来のv2正本候補。英検最小級=pre2。出現級=pre2;2。pos判定=label_raw_all,source_refs=pre2:777;2:166; row_count=2; label_raw_all=名詞
add,1504,initially,initially,adverb,base,1,最初は，初めて,high_school,2,eiken,英検語彙由来のv2正本候補。英検最小級=pre2。出現級=pre2;2。pos判定=label_raw_all,source_refs=pre2:1149;2:1648; row_count=2; label_raw_all=副詞
add,1505,initiative,initiative,noun,base,1,主導権，自発性,high_school,2,eiken,英検語彙由来のv2正本候補。英検最小級=pre2。出現級=pre2;2。pos判定=label_raw_all,source_refs=pre2:844;2:1692; row_count=2; label_raw_all=名詞
add,1506,injury,injury,noun,base,1,怪我，負傷,high_school,2,eiken,英検語彙由来のv2正本候補。英検最小級=pre2。出現級=pre2;2。pos判定=label_raw_all,source_refs=pre2:31;2:1624; row_count=2; label_raw_all=名詞
add,1507,innocent,innocent,adjective,base,1,罪のない，無罪の,high_school,2,eiken,英検語彙由来のv2正本候補。英検最小級=pre2。出現級=pre2;2。pos判定=label_raw_all,source_refs=pre2:948;2:407; row_count=2; label_raw_all=形容詞
add,1508,inquiry,inquiry,noun,base,1,問い合わせ，質問,high_school,2,eiken,英検語彙由来のv2正本候補。英検最小級=pre2。出現級=pre2;2。pos判定=label_raw_all,source_refs=pre2:317;2:1220; row_count=2; label_raw_all=名詞
add,1509,inspector,inspector,noun,base,1,検査官，監査人,high_school,2,eiken,英検語彙由来のv2正本候補。英検最小級=pre2。出現級=pre2;2。pos判定=label_raw_all,source_refs=pre2:1003;2:1480; row_count=2; label_raw_all=名詞
add,1510,install,install,verb,base,1,導入する，導く,high_school,2,eiken,英検語彙由来のv2正本候補。英検最小級=pre2。出現級=pre2;2。pos判定=label_raw_all,source_refs=pre2:776;2:1133; row_count=2; label_raw_all=動詞
add,1511,instinct,instinct,noun,base,1,直感，本能，勘,high_school,1,eiken,英検語彙由来のv2正本候補。英検最小級=pre2。出現級=pre2;2;pre1。pos判定=label_raw_all,source_refs=pre2:1381;2:336;pre1:3393; row_count=3; label_raw_all=名詞
add,1512,instrument,instrument,noun,base,1,楽器，音楽器具,high_school,2,eiken,英検語彙由来のv2正本候補。英検最小級=pre2。出現級=pre2;2。pos判定=label_raw_all,source_refs=pre2:1308;2:218; row_count=2; label_raw_all=名詞
add,1513,insult,insult,verb,base,1,を侮辱する，を罵る,high_school,1,eiken,英検語彙由来のv2正本候補。英検最小級=pre2。出現級=pre2;2;pre1。pos判定=label_raw_all,source_refs=pre2:1372;2:321;pre1:411; row_count=3; label_raw_all=動詞
add,1514,intellectual,intellectual,adjective,base,1,知的な，知識に関する,high_school,2,eiken,英検語彙由来のv2正本候補。英検最小級=pre2。出現級=pre2;2。pos判定=label_raw_all,source_refs=pre2:972;2:1637; row_count=2; label_raw_all=形容詞
add,1515,intelligent,intelligent,adjective,base,1,かしこい，知能の高い,high_school,2,eiken,英検語彙由来のv2正本候補。英検最小級=pre2。出現級=pre2。pos判定=label_raw_all,source_refs=pre2:446; row_count=1; label_raw_all=形容詞
add,1516,intelligently,intelligently,adverb,base,1,かしこく,high_school,2,eiken,英検語彙由来のv2正本候補。英検最小級=pre2。出現級=pre2。pos判定=label_raw_all,source_refs=pre2:904; row_count=1; label_raw_all=副詞
add,1517,intend,intend,verb,base,1,意図する，意図して,high_school,2,eiken,英検語彙由来のv2正本候補。英検最小級=pre2。出現級=pre2;2。pos判定=label_raw_all,source_refs=pre2:395;2:1951; row_count=2; label_raw_all=動詞
add,1518,intense,intense,adjective,base,1,激しい，熱心な,high_school,2,eiken,英検語彙由来のv2正本候補。英検最小級=pre2。出現級=pre2;2。pos判定=label_raw_all,source_refs=pre2:311;2:935; row_count=2; label_raw_all=形容詞
add,1519,intention,intention,noun,base,1,意図，目的,high_school,2,eiken,英検語彙由来のv2正本候補。英検最小級=pre2。出現級=pre2;2。pos判定=label_raw_all,source_refs=pre2:277;2:1730; row_count=2; label_raw_all=名詞
add,1520,interior,interior,adjective,base,1,内部の，内側の,high_school,2,eiken,英検語彙由来のv2正本候補。英検最小級=pre2。出現級=pre2;2。pos判定=label_raw_all,source_refs=pre2:761;2:1541; row_count=2; label_raw_all=形容詞
add,1521,internal,internal,adjective,base,1,内部の，内側の,high_school,2,eiken,英検語彙由来のv2正本候補。英検最小級=pre2。出現級=pre2;2。pos判定=label_raw_all,source_refs=pre2:1215;2:1786; row_count=2; label_raw_all=形容詞
add,1522,interpret,interpret,verb,base,1,を解釈する，受け取る,high_school,2,eiken,英検語彙由来のv2正本候補。英検最小級=pre2。出現級=pre2;2。pos判定=label_raw_all,source_refs=pre2:378;2:824; row_count=2; label_raw_all=動詞
add,1523,interpretation,interpretation,noun,base,1,解釈，通訳,high_school,2,eiken,英検語彙由来のv2正本候補。英検最小級=pre2。出現級=pre2;2。pos判定=label_raw_all,source_refs=pre2:1060;2:1968; row_count=2; label_raw_all=名詞
add,1524,intervention,intervention,noun,base,1,介在，仲裁,high_school,2,eiken,英検語彙由来のv2正本候補。英検最小級=pre2。出現級=pre2;2。pos判定=label_raw_all,source_refs=pre2:495;2:971; row_count=2; label_raw_all=名詞
add,1525,invest,invest,verb,base,1,に投資する，資本をつぎ込む,high_school,2,eiken,英検語彙由来のv2正本候補。英検最小級=pre2。出現級=pre2;2。pos判定=label_raw_all,source_refs=pre2:310;2:1056; row_count=2; label_raw_all=動詞
add,1526,investigation,investigation,noun,base,1,調査，研究,high_school,1,eiken,英検語彙由来のv2正本候補。英検最小級=pre2。出現級=pre2;2;pre1。pos判定=label_raw_all,source_refs=pre2:1180;2:1902;pre1:3098; row_count=3; label_raw_all=名詞
add,1527,investigator,investigator,noun,base,1,捜査官，探偵,high_school,2,eiken,英検語彙由来のv2正本候補。英検最小級=pre2。出現級=pre2;2。pos判定=label_raw_all,source_refs=pre2:497;2:1043; row_count=2; label_raw_all=名詞
add,1528,investor,investor,noun,base,1,投資家，投資者,high_school,2,eiken,英検語彙由来のv2正本候補。英検最小級=pre2。出現級=pre2;2。pos判定=label_raw_all,source_refs=pre2:1051;2:1904; row_count=2; label_raw_all=名詞
add,1529,involve,involve,verb,base,1,を含む，を巻き込む,high_school,2,eiken,英検語彙由来のv2正本候補。英検最小級=pre2。出現級=pre2;2。pos判定=label_raw_all,source_refs=pre2:1047;2:115; row_count=2; label_raw_all=動詞
add,1530,involvement,involvement,noun,base,1,関与，関わり合い,high_school,2,eiken,英検語彙由来のv2正本候補。英検最小級=pre2。出現級=pre2;2。pos判定=label_raw_all,source_refs=pre2:505;2:1384; row_count=2; label_raw_all=名詞
add,1531,isolate,isolate,verb,base,1,を孤立させる，隔離する,high_school,2,eiken,英検語彙由来のv2正本候補。英検最小級=pre2。出現級=pre2;2。pos判定=label_raw_all,source_refs=pre2:365;2:1711; row_count=2; label_raw_all=動詞
add,1532,issue,issue,noun,base,1,問題，（雑誌などの）号,high_school,2,eiken,英検語彙由来のv2正本候補。英検最小級=pre2。出現級=pre2;2。pos判定=label_raw_all,source_refs=pre2:1070;2:350; row_count=2; label_raw_all=名詞
add,1533,item,item,noun,base,1,項目，要点,high_school,2,eiken,英検語彙由来のv2正本候補。英検最小級=pre2。出現級=pre2;2。pos判定=label_raw_all,source_refs=pre2:71;2:1263; row_count=2; label_raw_all=名詞
add,1534,jail,jail,noun,base,1,刑務所，拘置所,high_school,2,eiken,英検語彙由来のv2正本候補。英検最小級=pre2。出現級=pre2;2。pos判定=label_raw_all,source_refs=pre2:834;2:1638; row_count=2; label_raw_all=名詞
add,1535,joint,joint,noun,base,1,継目，関節,high_school,2,eiken,英検語彙由来のv2正本候補。英検最小級=pre2。出現級=pre2;2。pos判定=label_raw_all,source_refs=pre2:455;2:1996; row_count=2; label_raw_all=名詞
add,1536,journal,journal,noun,base,1,日誌，日記,high_school,2,eiken,英検語彙由来のv2正本候補。英検最小級=pre2。出現級=pre2。pos判定=label_raw_all,source_refs=pre2:1123; row_count=1; label_raw_all=名詞
add,1537,journey,journey,noun,base,1,旅，旅行,high_school,2,eiken,英検語彙由来のv2正本候補。英検最小級=pre2。出現級=pre2;2。pos判定=label_raw_all,source_refs=pre2:1280;2:149; row_count=2; label_raw_all=名詞
add,1538,judgement,judgement,noun,base,1,判断,high_school,2,eiken,英検語彙由来のv2正本候補。英検最小級=pre2。出現級=pre2。pos判定=label_raw_all,source_refs=pre2:624; row_count=1; label_raw_all=名詞
add,1539,jury,jury,noun,base,1,陪審員，審査員,high_school,2,eiken,英検語彙由来のv2正本候補。英検最小級=pre2。出現級=pre2;2。pos判定=label_raw_all,source_refs=pre2:558;2:1145; row_count=2; label_raw_all=名詞
add,1540,knowledge,knowledge,noun,base,1,知識，学識,high_school,2,eiken,英検語彙由来のv2正本候補。英検最小級=pre2。出現級=pre2;2。pos判定=label_raw_all,source_refs=pre2:46;2:734; row_count=2; label_raw_all=名詞
add,1541,lab,lab,noun,base,1,研究室，研究所,high_school,2,eiken,英検語彙由来のv2正本候補。英検最小級=pre2。出現級=pre2;2。pos判定=label_raw_all,source_refs=pre2:883;2:1330; row_count=2; label_raw_all=名詞
add,1542,labor,labor,noun,base,1,労働，労働者,high_school,2,eiken,英検語彙由来のv2正本候補。英検最小級=pre2。出現級=pre2;2。pos判定=label_raw_all,source_refs=pre2:1157;2:1139; row_count=2; label_raw_all=名詞
add,1543,laboratory,laboratory,noun,base,1,実験室，研究所,high_school,2,eiken,英検語彙由来のv2正本候補。英検最小級=pre2。出現級=pre2;2。pos判定=label_raw_all,source_refs=pre2:1152;2:1600; row_count=2; label_raw_all=名詞
add,1544,lack,lack,noun,base,1,不足，欠乏,high_school,2,eiken,英検語彙由来のv2正本候補。英検最小級=pre2。出現級=pre2;2。pos判定=label_raw_all,source_refs=pre2:268;2:1758; row_count=2; label_raw_all=名詞
add,1545,landscape,landscape,noun,base,1,風景，眺め,high_school,2,eiken,英検語彙由来のv2正本候補。英検最小級=pre2。出現級=pre2;2。pos判定=label_raw_all,source_refs=pre2:652;2:335; row_count=2; label_raw_all=名詞
add,1546,lap,lap,noun,base,1,ひざ，膝小僧,high_school,2,eiken,英検語彙由来のv2正本候補。英検最小級=pre2。出現級=pre2;2。pos判定=label_raw_all,source_refs=pre2:510;2:1256; row_count=2; label_raw_all=名詞
add,1547,largely,largely,adverb,base,1,主として，主に,high_school,2,eiken,英検語彙由来のv2正本候補。英検最小級=pre2。出現級=pre2;2。pos判定=label_raw_all,source_refs=pre2:534;2:1315; row_count=2; label_raw_all=副詞
add,1548,latter,latter,adjective,base,1,後者の，後半の,high_school,2,eiken,英検語彙由来のv2正本候補。英検最小級=pre2。出現級=pre2;2。pos判定=label_raw_all,source_refs=pre2:863;2:1728; row_count=2; label_raw_all=形容詞
add,1549,laughter,laughter,noun,base,1,笑い，笑顔,high_school,2,eiken,英検語彙由来のv2正本候補。英検最小級=pre2。出現級=pre2;2。pos判定=label_raw_all,source_refs=pre2:1199;2:1796; row_count=2; label_raw_all=名詞
add,1550,launch,launch,verb,base,1,発売する，船をおろす,high_school,1,eiken,英検語彙由来のv2正本候補。英検最小級=pre2。出現級=pre2;2;pre1。pos判定=label_raw_all,source_refs=pre2:1438;2:419;pre1:278; row_count=3; label_raw_all=動詞
add,1551,lawn,lawn,noun,base,1,芝生，草地,high_school,2,eiken,英検語彙由来のv2正本候補。英検最小級=pre2。出現級=pre2;2。pos判定=label_raw_all,source_refs=pre2:595;2:1532; row_count=2; label_raw_all=名詞
add,1552,lean,lean,verb,base,1,傾く，寄りかかる,high_school,1,eiken,英検語彙由来のv2正本候補。英検最小級=pre2。出現級=pre2;2;pre1。pos判定=label_raw_all,source_refs=pre2:786;2:1551;pre1:3247; row_count=3; label_raw_all=動詞
add,1553,lecture,lecture,noun,base,1,講義,high_school,2,eiken,英検語彙由来のv2正本候補。英検最小級=pre2。出現級=pre2。pos判定=label_raw_all,source_refs=pre2:1035; row_count=1; label_raw_all=名詞
add,1554,leftover,leftover,noun,base,1,残り物，食べ残し,high_school,1,eiken,英検語彙由来のv2正本候補。英検最小級=pre2。出現級=pre2;2;pre1。pos判定=label_raw_all,source_refs=pre2:1458;2:446;pre1:1791; row_count=3; label_raw_all=名詞
add,1555,legend,legend,noun,base,1,伝説，言い伝え,high_school,1,eiken,英検語彙由来のv2正本候補。英検最小級=pre2。出現級=pre2;2;pre1。pos判定=label_raw_all,source_refs=pre2:1433;2:411;pre1:909; row_count=3; label_raw_all=名詞
add,1556,legislation,legislation,noun,base,1,立法，法制定,high_school,2,eiken,英検語彙由来のv2正本候補。英検最小級=pre2。出現級=pre2;2。pos判定=label_raw_all,source_refs=pre2:1138;2:1782; row_count=2; label_raw_all=名詞
add,1557,leisure,leisure,noun,base,1,余暇，自由時間,high_school,2,eiken,英検語彙由来のv2正本候補。英検最小級=pre2。出現級=pre2;2。pos判定=label_raw_all,source_refs=pre2:571;2:1523; row_count=2; label_raw_all=名詞
add,1558,length,length,noun,base,1,長さ，延長,high_school,2,eiken,英検語彙由来のv2正本候補。英検最小級=pre2。出現級=pre2;2。pos判定=label_raw_all,source_refs=pre2:929;2:1802; row_count=2; label_raw_all=名詞
add,1559,lesser,lesser,adjective,base,1,より少ない，いっそう少ない,high_school,2,eiken,英検語彙由来のv2正本候補。英検最小級=pre2。出現級=pre2;2。pos判定=label_raw_all,source_refs=pre2:1361;2:298; row_count=2; label_raw_all=形容詞
add,1560,likely,likely,adjective,base,1,起こりそうな，可能性がある,high_school,2,eiken,英検語彙由来のv2正本候補。英検最小級=pre2。出現級=pre2;2。pos判定=label_raw_all,source_refs=pre2:1128;2:1945; row_count=2; label_raw_all=形容詞
add,1561,literary,literary,adjective,base,1,文学の，文芸の,high_school,2,eiken,英検語彙由来のv2正本候補。英検最小級=pre2。出現級=pre2;2。pos判定=label_raw_all,source_refs=pre2:884;2:1916; row_count=2; label_raw_all=形容詞
add,1562,literature,literature,noun,base,1,文学，文芸,high_school,2,eiken,英検語彙由来のv2正本候補。英検最小級=pre2。出現級=pre2;2。pos判定=label_raw_all,source_refs=pre2:1069;2:460; row_count=2; label_raw_all=名詞
add,1563,locate,locate,verb,base,1,見つける，位置を突きとめる,high_school,2,eiken,英検語彙由来のv2正本候補。英検最小級=pre2。出現級=pre2;2。pos判定=label_raw_all,source_refs=pre2:1296;2:192; row_count=2; label_raw_all=動詞
add,1564,luckily,luckily,adverb,base,1,幸いなことに，幸運にも,high_school,2,eiken,英検語彙由来のv2正本候補。英検最小級=pre2。出現級=pre2;2。pos判定=label_raw_all,source_refs=pre2:1352;2:282; row_count=2; label_raw_all=副詞
add,1565,luxury,luxury,noun,base,1,贅沢な/贅沢,high_school,2,eiken,英検語彙由来のv2正本候補。英検最小級=pre2。出現級=pre2;2。pos判定=label_raw_all,source_refs=pre2:1302;2:204; row_count=2; label_raw_all=名詞
add,1566,mad,mad,adjective,base,1,狂った，狂気じみた,high_school,2,eiken,英検語彙由来のv2正本候補。英検最小級=pre2。出現級=pre2;2。pos判定=label_raw_all,source_refs=pre2:548;2:1620; row_count=2; label_raw_all=形容詞
add,1567,mainly,mainly,adverb,base,1,主に，もっぱら,high_school,2,eiken,英検語彙由来のv2正本候補。英検最小級=pre2。出現級=pre2;2。pos判定=label_raw_all,source_refs=pre2:563;2:1815; row_count=2; label_raw_all=副詞
add,1568,maintain,maintain,verb,base,1,を維持する，保つ,high_school,2,eiken,英検語彙由来のv2正本候補。英検最小級=pre2。出現級=pre2;2。pos判定=label_raw_all,source_refs=pre2:632;2:771; row_count=2; label_raw_all=動詞
add,1569,maintenance,maintenance,noun,base,1,持続，保全,high_school,2,eiken,英検語彙由来のv2正本候補。英検最小級=pre2。出現級=pre2;2。pos判定=label_raw_all,source_refs=pre2:922;2:1971; row_count=2; label_raw_all=名詞
add,1570,majority,majority,noun,base,1,大多数，多数派,high_school,2,eiken,英検語彙由来のv2正本候補。英検最小級=pre2。出現級=pre2;2。pos判定=label_raw_all,source_refs=pre2:1053;2:1153; row_count=2; label_raw_all=名詞
add,1571,male,male,noun,base,1,男性，雄,high_school,2,eiken,英検語彙由来のv2正本候補。英検最小級=pre2。出現級=pre2;2。pos判定=label_raw_all,source_refs=pre2:860;2:908; row_count=2; label_raw_all=名詞
add,1572,manage,manage,verb,base,1,何とかうまくやる，管理を行う,high_school,2,eiken,英検語彙由来のv2正本候補。英検最小級=pre2。出現級=pre2;2。pos判定=label_raw_all,source_refs=pre2:1264;2:126; row_count=2; label_raw_all=動詞
add,1573,manner,manner,noun,base,1,やり方，方法,high_school,2,eiken,英検語彙由来のv2正本候補。英検最小級=pre2。出現級=pre2;2。pos判定=label_raw_all,source_refs=pre2:223;2:1047; row_count=2; label_raw_all=名詞
add,1574,manufacturer,manufacturer,noun,base,1,製造元，製造業者,high_school,2,eiken,英検語彙由来のv2正本候補。英検最小級=pre2。出現級=pre2;2。pos判定=label_raw_all,source_refs=pre2:259;2:1519; row_count=2; label_raw_all=名詞
add,1575,mass,mass,noun,base,1,塊，大部分,high_school,2,eiken,英検語彙由来のv2正本候補。英検最小級=pre2。出現級=pre2;2。pos判定=label_raw_all,source_refs=pre2:573;2:1727; row_count=2; label_raw_all=名詞
add,1576,mate,mate,noun,base,1,友達，仲間,high_school,2,eiken,英検語彙由来のv2正本候補。英検最小級=pre2。出現級=pre2;2。pos判定=label_raw_all,source_refs=pre2:305;2:1227; row_count=2; label_raw_all=名詞
add,1577,material,material,noun,base,1,材料，原料,high_school,2,eiken,英検語彙由来のv2正本候補。英検最小級=pre2。出現級=pre2;2。pos判定=label_raw_all,source_refs=pre2:55;2:1896; row_count=2; label_raw_all=名詞
add,1578,maximum,maximum,noun,base,1,最大，最大の,high_school,2,eiken,英検語彙由来のv2正本候補。英検最小級=pre2。出現級=pre2;2。pos判定=label_raw_all_multi:noun|adjective,source_refs=pre2:288;2:718; row_count=2; label_raw_all=形容詞;名詞
add,1579,mayor,mayor,noun,base,1,市長，町長,high_school,2,eiken,英検語彙由来のv2正本候補。英検最小級=pre2。出現級=pre2;2。pos判定=label_raw_all,source_refs=pre2:622;2:1937; row_count=2; label_raw_all=名詞
add,1580,meal,meal,noun,base,1,食事，食事療法,high_school,2,eiken,英検語彙由来のv2正本候補。英検最小級=pre2。出現級=pre2;2。pos判定=label_raw_all,source_refs=pre2:1048;2:1370; row_count=2; label_raw_all=名詞
add,1581,meanwhile,meanwhile,adverb,base,1,一方で，他方で,high_school,2,eiken,英検語彙由来のv2正本候補。英検最小級=pre2。出現級=pre2;2。pos判定=label_raw_all,source_refs=pre2:323;2:37; row_count=2; label_raw_all=副詞
add,1582,measure,measure,verb,base,1,措置，測るもの/を測る,high_school,2,eiken,英検語彙由来のv2正本候補。英検最小級=pre2。出現級=pre2;2。pos判定=label_raw_all,source_refs=pre2:1272;2:135; row_count=2; label_raw_all=動詞
add,1583,medium,medium,adjective,base,1,中間の，中央の,high_school,2,eiken,英検語彙由来のv2正本候補。英検最小級=pre2。出現級=pre2;2。pos判定=label_raw_all,source_refs=pre2:556;2:1319; row_count=2; label_raw_all=形容詞
add,1584,melt,melt,verb,base,1,溶ける，を溶かす,high_school,2,eiken,英検語彙由来のv2正本候補。英検最小級=pre2。出現級=pre2;2。pos判定=label_raw_all,source_refs=pre2:29;2:40; row_count=2; label_raw_all=動詞
add,1585,mental,mental,adjective,base,1,精神の，心の,high_school,2,eiken,英検語彙由来のv2正本候補。英検最小級=pre2。出現級=pre2;2。pos判定=label_raw_all,source_refs=pre2:1364;2:306; row_count=2; label_raw_all=形容詞
add,1586,mention,mention,verb,base,1,言及する，参照する,high_school,2,eiken,英検語彙由来のv2正本候補。英検最小級=pre2。出現級=pre2;2。pos判定=label_raw_all,source_refs=pre2:66;2:2000; row_count=2; label_raw_all=動詞
add,1587,mere,mere,adjective,base,1,単なる，ただの,high_school,2,eiken,英検語彙由来のv2正本候補。英検最小級=pre2。出現級=pre2;2。pos判定=label_raw_all,source_refs=pre2:1163;2:1771; row_count=2; label_raw_all=形容詞
add,1588,merely,merely,adverb,base,1,単に，ただ,high_school,2,eiken,英検語彙由来のv2正本候補。英検最小級=pre2。出現級=pre2;2。pos判定=label_raw_all,source_refs=pre2:864;2:1022; row_count=2; label_raw_all=副詞
add,1589,mess,mess,noun,base,1,混乱，錯乱，無秩序,high_school,2,eiken,英検語彙由来のv2正本候補。英検最小級=pre2。出現級=pre2;2。pos判定=label_raw_all,source_refs=pre2:1031;2:90; row_count=2; label_raw_all=名詞
add,1590,method,method,noun,base,1,方法，手段,high_school,2,eiken,英検語彙由来のv2正本候補。英検最小級=pre2。出現級=pre2;2。pos判定=label_raw_all,source_refs=pre2:833;2:1823; row_count=2; label_raw_all=名詞
add,1591,military,military,noun,base,1,軍隊，兵力,high_school,2,eiken,英検語彙由来のv2正本候補。英検最小級=pre2。出現級=pre2;2。pos判定=label_raw_all,source_refs=pre2:1096;2:1228; row_count=2; label_raw_all=名詞
add,1592,minister,minister,noun,base,1,大臣，牧師,high_school,1,eiken,英検語彙由来のv2正本候補。英検最小級=pre2。出現級=pre2;2;pre1。pos判定=label_raw_all,source_refs=pre2:506;2:1100;pre1:288; row_count=3; label_raw_all=名詞
add,1593,mixture,mixture,noun,base,1,混合物，複合体,high_school,2,eiken,英検語彙由来のv2正本候補。英検最小級=pre2。出現級=pre2;2。pos判定=label_raw_all,source_refs=pre2:576;2:322; row_count=2; label_raw_all=名詞
add,1594,modify,modify,verb,base,1,を変更する，を修正する,high_school,1,eiken,英検語彙由来のv2正本候補。英検最小級=pre2。出現級=pre2;2;pre1。pos判定=label_raw_all,source_refs=pre2:1475;2:475;pre1:615; row_count=3; label_raw_all=動詞
add,1595,moral,moral,adjective,base,1,道徳の，道徳的な,high_school,2,eiken,英検語彙由来のv2正本候補。英検最小級=pre2。出現級=pre2;2。pos判定=label_raw_all,source_refs=pre2:971;2:1768; row_count=2; label_raw_all=形容詞
add,1596,moreover,moreover,adverb,base,1,さらに，その上,high_school,2,eiken,英検語彙由来のv2正本候補。英検最小級=pre2。出現級=pre2;2。pos判定=label_raw_all,source_refs=pre2:327;2:17; row_count=2; label_raw_all=副詞
add,1597,mortgage,mortgage,noun,base,1,抵当，担保,high_school,2,eiken,英検語彙由来のv2正本候補。英検最小級=pre2。出現級=pre2;2。pos判定=label_raw_all,source_refs=pre2:1204;2:1497; row_count=2; label_raw_all=名詞
add,1598,mostly,mostly,adverb,base,1,主に，ほとんど,high_school,2,eiken,英検語彙由来のv2正本候補。英検最小級=pre2。出現級=pre2;2。pos判定=label_raw_all,source_refs=pre2:149;2:1563; row_count=2; label_raw_all=副詞
add,1599,multiple,multiple,verb,base,1,掛け算する，乗算する,high_school,2,eiken,英検語彙由来のv2正本候補。英検最小級=pre2。出現級=pre2;2。pos判定=label_raw_all,source_refs=pre2:601;2:1524; row_count=2; label_raw_all=動詞
add,1600,murder,murder,noun,base,1,殺人，凶行,high_school,2,eiken,英検語彙由来のv2正本候補。英検最小級=pre2。出現級=pre2;2。pos判定=label_raw_all,source_refs=pre2:449;2:724; row_count=2; label_raw_all=名詞
add,1601,muscle,muscle,noun,base,1,筋肉，筋力,high_school,2,eiken,英検語彙由来のv2正本候補。英検最小級=pre2。出現級=pre2;2。pos判定=label_raw_all,source_refs=pre2:151;2:453; row_count=2; label_raw_all=名詞
add,1602,mysterious,mysterious,adjective,base,1,不可解な，不思議な,high_school,2,eiken,英検語彙由来のv2正本候補。英検最小級=pre2。出現級=pre2;2。pos判定=label_raw_all,source_refs=pre2:253;2:1704; row_count=2; label_raw_all=形容詞
add,1603,nation,nation,noun,base,1,国家，国土,high_school,2,eiken,英検語彙由来のv2正本候補。英検最小級=pre2。出現級=pre2;2。pos判定=label_raw_all,source_refs=pre2:827;2:1144; row_count=2; label_raw_all=名詞
add,1604,natural,natural,adjective,base,1,当然の，自然の,high_school,2,eiken,英検語彙由来のv2正本候補。英検最小級=pre2。出現級=pre2;2。pos判定=label_raw_all,source_refs=pre2:272;2:356; row_count=2; label_raw_all=形容詞
add,1605,nearby,nearby,adjective,base,1,近くの，隣近所の,high_school,2,eiken,英検語彙由来のv2正本候補。英検最小級=pre2。出現級=pre2;2。pos判定=label_raw_all,source_refs=pre2:868;2:1266; row_count=2; label_raw_all=形容詞
add,1606,necessarily,necessarily,adverb,base,1,必然的に，必ず,high_school,2,eiken,英検語彙由来のv2正本候補。英検最小級=pre2。出現級=pre2;2。pos判定=label_raw_all,source_refs=pre2:403;2:1461; row_count=2; label_raw_all=副詞
add,1607,necessity,necessity,noun,base,1,必要性，必須,high_school,2,eiken,英検語彙由来のv2正本候補。英検最小級=pre2。出現級=pre2;2。pos判定=label_raw_all,source_refs=pre2:1184;2:1946; row_count=2; label_raw_all=名詞
add,1608,negative,negative,adjective,base,1,否定の，拒否,high_school,2,eiken,英検語彙由来のv2正本候補。英検最小級=pre2。出現級=pre2;2。pos判定=label_raw_all,source_refs=pre2:191;2:1961; row_count=2; label_raw_all=形容詞
add,1609,negotiate,negotiate,verb,base,1,交渉する，協議する,high_school,2,eiken,英検語彙由来のv2正本候補。英検最小級=pre2。出現級=pre2;2。pos判定=label_raw_all,source_refs=pre2:828;2:1180; row_count=2; label_raw_all=動詞
add,1610,negotiation,negotiation,noun,base,1,交渉，話し合い,high_school,2,eiken,英検語彙由来のv2正本候補。英検最小級=pre2。出現級=pre2;2。pos判定=label_raw_all,source_refs=pre2:282;2:1171; row_count=2; label_raw_all=名詞
add,1611,neighborhood,neighborhood,noun,base,1,近所，近隣,high_school,2,eiken,英検語彙由来のv2正本候補。英検最小級=pre2。出現級=pre2;2。pos判定=label_raw_all,source_refs=pre2:958;2:1388; row_count=2; label_raw_all=名詞
add,1612,nevertheless,nevertheless,conjunction,base,1,にも関わらず，けれども,high_school,1,eiken,英検語彙由来のv2正本候補。英検最小級=pre2。出現級=pre2;2。pos判定=label_raw_all_multi:conjunction|adverb,source_refs=pre2:256;2:103;2:556; row_count=3; label_raw_all=副詞;接続詞
add,1613,nor,nor,conjunction,base,1,もない,high_school,2,eiken,英検語彙由来のv2正本候補。英検最小級=pre2。出現級=pre2。pos判定=label_raw_all,source_refs=pre2:281; row_count=1; label_raw_all=接続詞
add,1614,normally,normally,adverb,base,1,通常は，普通に,high_school,2,eiken,英検語彙由来のv2正本候補。英検最小級=pre2。出現級=pre2;2。pos判定=label_raw_all,source_refs=pre2:498;2:1841; row_count=2; label_raw_all=副詞
add,1615,notion,notion,noun,base,1,考え，意見,high_school,1,eiken,英検語彙由来のv2正本候補。英検最小級=pre2。出現級=pre2;2;pre1。pos判定=label_raw_all,source_refs=pre2:1148;2:987;pre1:3028; row_count=3; label_raw_all=名詞
add,1616,nowadays,nowadays,adverb,base,1,最近，近頃,high_school,2,eiken,英検語彙由来のv2正本候補。英検最小級=pre2。出現級=pre2。pos判定=label_raw_all,source_refs=pre2:6; row_count=1; label_raw_all=副詞
add,1617,nowhere,nowhere,adverb,base,1,どこにも，どこにでも,high_school,2,eiken,英検語彙由来のv2正本候補。英検最小級=pre2。出現級=pre2;2。pos判定=label_raw_all,source_refs=pre2:303;2:1105; row_count=2; label_raw_all=副詞
add,1618,object,object,noun,base,1,物体，実体,high_school,2,eiken,英検語彙由来のv2正本候補。英検最小級=pre2。出現級=pre2;2。pos判定=label_raw_all,source_refs=pre2:42;2:1910; row_count=2; label_raw_all=名詞
add,1619,objective,objective,noun,base,1,目標，目的,high_school,2,eiken,英検語彙由来のv2正本候補。英検最小級=pre2。出現級=pre2;2。pos判定=label_raw_all,source_refs=pre2:411;2:1039; row_count=2; label_raw_all=名詞
add,1620,observation,observation,noun,base,1,観察，観測,high_school,1,eiken,英検語彙由来のv2正本候補。英検最小級=pre2。出現級=pre2;2;pre1。pos判定=label_raw_all,source_refs=pre2:791;2:1337;pre1:3186; row_count=3; label_raw_all=名詞
add,1621,observe,observe,verb,base,1,を観察する，を監視する,high_school,2,eiken,英検語彙由来のv2正本候補。英検最小級=pre2。出現級=pre2;2。pos判定=label_raw_all,source_refs=pre2:390;2:537; row_count=2; label_raw_all=動詞
add,1622,observer,observer,noun,base,1,観察者，傍観者,high_school,2,eiken,英検語彙由来のv2正本候補。英検最小級=pre2。出現級=pre2;2。pos判定=label_raw_all,source_refs=pre2:625;2:1763; row_count=2; label_raw_all=名詞
add,1623,obtain,obtain,verb,base,1,を手に入れる，を獲得する,high_school,2,eiken,英検語彙由来のv2正本候補。英検最小級=pre2。出現級=pre2;2。pos判定=label_raw_all,source_refs=pre2:945;2:122; row_count=2; label_raw_all=動詞
add,1624,obvious,obvious,adjective,base,1,明白な，明瞭な,high_school,2,eiken,英検語彙由来のv2正本候補。英検最小級=pre2。出現級=pre2;2。pos判定=label_raw_all,source_refs=pre2:947;2:850; row_count=2; label_raw_all=形容詞
add,1625,obviously,obviously,adverb,base,1,明らかに，明白に,high_school,2,eiken,英検語彙由来のv2正本候補。英検最小級=pre2。出現級=pre2;2。pos判定=label_raw_all,source_refs=pre2:514;2:338; row_count=2; label_raw_all=副詞
add,1626,occasion,occasion,noun,base,1,特定の時，行事，祭典,high_school,2,eiken,英検語彙由来のv2正本候補。英検最小級=pre2。出現級=pre2;2。pos判定=label_raw_all,source_refs=pre2:567;2:222; row_count=2; label_raw_all=名詞
add,1627,occasionally,occasionally,adverb,base,1,時折，稀に,high_school,2,eiken,英検語彙由来のv2正本候補。英検最小級=pre2。出現級=pre2;2。pos判定=label_raw_all,source_refs=pre2:654;2:838; row_count=2; label_raw_all=副詞
add,1628,occupation,occupation,noun,base,1,職業，仕事,high_school,2,eiken,英検語彙由来のv2正本候補。英検最小級=pre2。出現級=pre2;2。pos判定=label_raw_all,source_refs=pre2:352;2:1024; row_count=2; label_raw_all=名詞
add,1629,occupy,occupy,verb,base,1,占める，取る,high_school,2,eiken,英検語彙由来のv2正本候補。英検最小級=pre2。出現級=pre2;2。pos判定=label_raw_all,source_refs=pre2:477;2:1999; row_count=2; label_raw_all=動詞
add,1630,occur,occur,verb,base,1,発生する，起こる,high_school,2,eiken,英検語彙由来のv2正本候補。英検最小級=pre2。出現級=pre2;2。pos判定=label_raw_all,source_refs=pre2:215;2:745; row_count=2; label_raw_all=動詞
add,1631,operate,operate,verb,base,1,操作する，操る,high_school,2,eiken,英検語彙由来のv2正本候補。英検最小級=pre2。出現級=pre2;2。pos判定=label_raw_all,source_refs=pre2:906;2:1164; row_count=2; label_raw_all=動詞
add,1632,operation,operation,noun,base,1,操作，作用,high_school,2,eiken,英検語彙由来のv2正本候補。英検最小級=pre2。出現級=pre2;2。pos判定=label_raw_all,source_refs=pre2:396;2:1155; row_count=2; label_raw_all=名詞
add,1633,operator,operator,noun,base,1,操作者，操縦者,high_school,2,eiken,英検語彙由来のv2正本候補。英検最小級=pre2。出現級=pre2;2。pos判定=label_raw_all,source_refs=pre2:1058;2:1939; row_count=2; label_raw_all=名詞
add,1634,opponent,opponent,noun,base,1,相手，対象,high_school,1,eiken,英検語彙由来のv2正本候補。英検最小級=pre2。出現級=pre2;2;pre1。pos判定=label_raw_all,source_refs=pre2:957;2:977;pre1:3254; row_count=3; label_raw_all=名詞
add,1635,opportunity,opportunity,noun,base,1,機会，好機,high_school,2,eiken,英検語彙由来のv2正本候補。英検最小級=pre2。出現級=pre2;2。pos判定=label_raw_all,source_refs=pre2:62;2:311; row_count=2; label_raw_all=名詞
add,1636,oppose,oppose,verb,base,1,反対する，抵抗する,high_school,2,eiken,英検語彙由来のv2正本候補。英検最小級=pre2。出現級=pre2;2。pos判定=label_raw_all,source_refs=pre2:392;2:1122; row_count=2; label_raw_all=動詞
add,1637,opposite,opposite,adjective,base,1,反対の，向こう側の,high_school,2,eiken,英検語彙由来のv2正本候補。英検最小級=pre2。出現級=pre2;2。pos判定=label_raw_all,source_refs=pre2:1130;2:709; row_count=2; label_raw_all=形容詞
add,1638,opposition,opposition,noun,base,1,反対，対立,high_school,2,eiken,英検語彙由来のv2正本候補。英検最小級=pre2。出現級=pre2;2。pos判定=label_raw_all,source_refs=pre2:766;2:1129; row_count=2; label_raw_all=名詞
add,1639,orbit,orbit,noun,base,1,"軌道, 軌跡",high_school,1,eiken,英検語彙由来のv2正本候補。英検最小級=pre2。出現級=pre2;2;pre1。pos判定=label_raw_all,source_refs=pre2:1477;2:478;pre1:3037; row_count=3; label_raw_all=名詞
add,1640,organization,organization,noun,base,1,組織，団体，協会,high_school,2,eiken,英検語彙由来のv2正本候補。英検最小級=pre2。出現級=pre2;2。pos判定=label_raw_all,source_refs=pre2:969;2:939; row_count=2; label_raw_all=名詞
add,1641,organize,organize,verb,base,1,を組織する，を編成する,high_school,2,eiken,英検語彙由来のv2正本候補。英検最小級=pre2。出現級=pre2;2。pos判定=label_raw_all,source_refs=pre2:88;2:59; row_count=2; label_raw_all=動詞
add,1642,origin,origin,noun,base,1,起源，由来,high_school,2,eiken,英検語彙由来のv2正本候補。英検最小級=pre2。出現級=pre2;2。pos判定=label_raw_all,source_refs=pre2:1146;2:1492; row_count=2; label_raw_all=名詞
add,1643,originally,originally,adverb,base,1,はじめは，元々は,high_school,2,eiken,英検語彙由来のv2正本候補。英検最小級=pre2。出現級=pre2。pos判定=label_raw_all,source_refs=pre2:20; row_count=1; label_raw_all=副詞
add,1644,otherwise,otherwise,adverb,base,1,さもなければ,high_school,2,eiken,英検語彙由来のv2正本候補。英検最小級=pre2。出現級=pre2;2。pos判定=label_raw_all,source_refs=pre2:587;2:2041; row_count=2; label_raw_all=副詞
add,1645,outcome,outcome,noun,base,1,結果，成果,high_school,1,eiken,英検語彙由来のv2正本候補。英検最小級=pre2。出現級=pre2;2;pre1。pos判定=label_raw_all,source_refs=pre2:646;2:2211;pre1:319; row_count=3; label_raw_all=名詞; meaning_ja_all=結果，成果 / 結果
add,1646,overall,overall,adjective,base,1,全体的な，全部の,high_school,2,eiken,英検語彙由来のv2正本候補。英検最小級=pre2。出現級=pre2;2。pos判定=label_raw_all,source_refs=pre2:581;2:167; row_count=2; label_raw_all=形容詞
add,1647,overcome,overcome,verb,base,1,を克服する，乗り越える,high_school,2,eiken,英検語彙由来のv2正本候補。英検最小級=pre2。出現級=pre2;2。pos判定=label_raw_all,source_refs=pre2:89;2:871; row_count=2; label_raw_all=動詞
add,1648,overlap,overlap,verb,base,1,重ねる，積む,high_school,2,eiken,英検語彙由来のv2正本候補。英検最小級=pre2。出現級=pre2;2。pos判定=label_raw_all,source_refs=pre2:1472;2:470; row_count=2; label_raw_all=動詞
add,1649,overtake,overtake,verb,base,1,追い越す，追いつく,high_school,1,eiken,英検語彙由来のv2正本候補。英検最小級=pre2。出現級=pre2;2;pre1。pos判定=label_raw_all,source_refs=pre2:1440;2:423;pre1:911; row_count=3; label_raw_all=動詞
add,1650,palm,palm,noun,base,1,手のひら，（動物の）前足の裏,high_school,2,eiken,英検語彙由来のv2正本候補。英検最小級=pre2。出現級=pre2;2。pos判定=label_raw_all,source_refs=pre2:528;2:1289; row_count=2; label_raw_all=名詞
add,1651,pan,pan,noun,base,1,フライパン,high_school,2,eiken,英検語彙由来のv2正本候補。英検最小級=pre2。出現級=pre2;2。pos判定=label_raw_all,source_refs=pre2:289;2:1552; row_count=2; label_raw_all=名詞
add,1652,participate,participate,verb,base,1,参加する，出席する,high_school,2,eiken,英検語彙由来のv2正本候補。英検最小級=pre2。出現級=pre2;2。pos判定=label_raw_all,source_refs=pre2:963;2:787; row_count=2; label_raw_all=動詞
add,1653,particular,particular,adjective,base,1,特定の，明確な,high_school,2,eiken,英検語彙由来のv2正本候補。英検最小級=pre2。出現級=pre2;2。pos判定=label_raw_all,source_refs=pre2:464;2:191; row_count=2; label_raw_all=形容詞
add,1654,particularly,particularly,adverb,base,1,特に，とりわけ,high_school,2,eiken,英検語彙由来のv2正本候補。英検最小級=pre2。出現級=pre2;2。pos判定=label_raw_all,source_refs=pre2:974;2:302; row_count=2; label_raw_all=副詞
add,1655,partly,partly,adverb,base,1,部分的に，一部分,high_school,2,eiken,英検語彙由来のv2正本候補。英検最小級=pre2。出現級=pre2;2。pos判定=label_raw_all,source_refs=pre2:389;2:1809; row_count=2; label_raw_all=副詞
add,1656,partnership,partnership,noun,base,1,共同，提携,high_school,2,eiken,英検語彙由来のv2正本候補。英検最小級=pre2。出現級=pre2;2。pos判定=label_raw_all,source_refs=pre2:707;2:1681; row_count=2; label_raw_all=名詞
add,1657,party,party,noun,base,1,政党，党派,high_school,2,eiken,英検語彙由来のv2正本候補。英検最小級=pre2。出現級=pre2;2。pos判定=label_raw_all,source_refs=pre2:901;2:1367; row_count=2; label_raw_all=名詞
add,1658,passage,passage,noun,base,1,一節，節分,high_school,2,eiken,英検語彙由来のv2正本候補。英検最小級=pre2。出現級=pre2;2。pos判定=label_raw_all,source_refs=pre2:633;2:1565; row_count=2; label_raw_all=名詞
add,1659,passenger,passenger,noun,base,1,乗客，客,high_school,2,eiken,英検語彙由来のv2正本候補。英検最小級=pre2。出現級=pre2;2。pos判定=label_raw_all,source_refs=pre2:321;2:1972; row_count=2; label_raw_all=名詞
add,1660,patch,patch,noun,base,1,当て布，布切れ,high_school,2,eiken,英検語彙由来のv2正本候補。英検最小級=pre2。出現級=pre2;2。pos判定=label_raw_all,source_refs=pre2:507;2:1336; row_count=2; label_raw_all=名詞
add,1661,path,path,noun,base,1,小道，細道,high_school,2,eiken,英検語彙由来のv2正本候補。英検最小級=pre2。出現級=pre2;2。pos判定=label_raw_all,source_refs=pre2:1192;2:1633; row_count=2; label_raw_all=名詞
add,1662,patient,patient,noun,base,1,我慢強い，患者,high_school,2,eiken,英検語彙由来のv2正本候補。英検最小級=pre2。出現級=pre2;2。pos判定=label_raw_all,source_refs=pre2:886;2:1775; row_count=2; label_raw_all=名詞
add,1663,peak,peak,noun,base,1,頂上，頂点,high_school,2,eiken,英検語彙由来のv2正本候補。英検最小級=pre2。出現級=pre2;2。pos判定=label_raw_all,source_refs=pre2:726;2:1953; row_count=2; label_raw_all=名詞
add,1664,peer,peer,noun,base,1,同僚，仲間,high_school,2,eiken,英検語彙由来のv2正本候補。英検最小級=pre2。出現級=pre2;2。pos判定=label_raw_all,source_refs=pre2:359;2:1876; row_count=2; label_raw_all=名詞
add,1665,pension,pension,noun,base,1,年金，老後の資金,high_school,1,eiken,英検語彙由来のv2正本候補。英検最小級=pre2。出現級=pre2;2;pre1。pos判定=label_raw_all,source_refs=pre2:769;2:1333;pre1:1275; row_count=3; label_raw_all=名詞; meaning_ja_all=年金，老後の資金 / 年金
add,1666,perceive,perceive,verb,base,1,知覚する，感じる,high_school,2,eiken,英検語彙由来のv2正本候補。英検最小級=pre2。出現級=pre2;2。pos判定=label_raw_all,source_refs=pre2:250;2:1406; row_count=2; label_raw_all=動詞
add,1667,percentage,percentage,noun,base,1,割合，比率,high_school,2,eiken,英検語彙由来のv2正本候補。英検最小級=pre2。出現級=pre2;2。pos判定=label_raw_all,source_refs=pre2:1022;2:1131; row_count=2; label_raw_all=名詞
add,1668,permission,permission,noun,base,1,許可，認可,high_school,2,eiken,英検語彙由来のv2正本候補。英検最小級=pre2。出現級=pre2;2。pos判定=label_raw_all,source_refs=pre2:468;2:89; row_count=2; label_raw_all=名詞
add,1669,permit,permit,verb,base,1,を許可する，を認める,high_school,2,eiken,英検語彙由来のv2正本候補。英検最小級=pre2。出現級=pre2;2。pos判定=label_raw_all,source_refs=pre2:299;2:201; row_count=2; label_raw_all=動詞
add,1670,personality,personality,noun,base,1,人格，性格,high_school,2,eiken,英検語彙由来のv2正本候補。英検最小級=pre2。出現級=pre2;2。pos判定=label_raw_all,source_refs=pre2:773;2:1661; row_count=2; label_raw_all=名詞
add,1671,personally,personally,adverb,base,1,個人的に，本人自ら,high_school,2,eiken,英検語彙由来のv2正本候補。英検最小級=pre2。出現級=pre2;2。pos判定=label_raw_all,source_refs=pre2:443;2:1580; row_count=2; label_raw_all=副詞
add,1672,personnel,personnel,noun,base,1,人事，職員,high_school,2,eiken,英検語彙由来のv2正本候補。英検最小級=pre2。出現級=pre2。pos判定=label_raw_all,source_refs=pre2:1027; row_count=1; label_raw_all=名詞
add,1673,persuade,persuade,verb,base,1,を説得する，口説き落とす,high_school,2,eiken,英検語彙由来のv2正本候補。英検最小級=pre2。出現級=pre2;2。pos判定=label_raw_all,source_refs=pre2:991;2:667; row_count=2; label_raw_all=動詞
add,1674,phase,phase,noun,base,1,段階，レベル,high_school,2,eiken,英検語彙由来のv2正本候補。英検最小級=pre2。出現級=pre2;2。pos判定=label_raw_all,source_refs=pre2:552;2:1253; row_count=2; label_raw_all=名詞
add,1675,phenomenon,phenomenon,noun,base,1,現象，事象,high_school,1,eiken,英検語彙由来のv2正本候補。英検最小級=pre2。出現級=pre2;2。pos判定=label_raw_all,source_refs=pre2:529;2:1604;2:2053; row_count=3; label_raw_all=名詞; meaning_ja_all=現象，事象 / 現象
add,1676,philosopher,philosopher,noun,base,1,哲学者,high_school,2,eiken,英検語彙由来のv2正本候補。英検最小級=pre2。出現級=pre2。pos判定=label_raw_all,source_refs=pre2:516; row_count=1; label_raw_all=名詞
add,1677,philosophy,philosophy,noun,base,1,哲学,high_school,2,eiken,英検語彙由来のv2正本候補。英検最小級=pre2。出現級=pre2。pos判定=label_raw_all,source_refs=pre2:553; row_count=1; label_raw_all=名詞
add,1678,physical,physical,adjective,base,1,身体の，肉体の,high_school,2,eiken,英検語彙由来のv2正本候補。英検最小級=pre2。出現級=pre2;2。pos判定=label_raw_all,source_refs=pre2:838;2:307; row_count=2; label_raw_all=形容詞
add,1679,physician,physician,noun,base,1,医師，内科医,high_school,1,eiken,英検語彙由来のv2正本候補。英検最小級=pre2。出現級=pre2;2;pre1。pos判定=label_raw_all,source_refs=pre2:990;2:1138;pre1:3235; row_count=3; label_raw_all=名詞
add,1680,physics,physics,noun,base,1,物理学，物理科学,high_school,2,eiken,英検語彙由来のv2正本候補。英検最小級=pre2。出現級=pre2;2。pos判定=label_raw_all,source_refs=pre2:381;2:1055; row_count=2; label_raw_all=名詞
add,1681,pitch,pitch,verb,base,1,投げる，放る,high_school,2,eiken,英検語彙由来のv2正本候補。英検最小級=pre2。出現級=pre2;2。pos判定=label_raw_all,source_refs=pre2:1133;2:1295; row_count=2; label_raw_all=動詞
add,1682,pleasant,pleasant,adjective,base,1,楽しい，愉快な,high_school,2,eiken,英検語彙由来のv2正本候補。英検最小級=pre2。出現級=pre2;2。pos判定=label_raw_all,source_refs=pre2:890;2:1157; row_count=2; label_raw_all=形容詞
add,1683,plenty,plenty,noun,base,1,たくさん，多く,high_school,2,eiken,英検語彙由来のv2正本候補。英検最小級=pre2。出現級=pre2;2。pos判定=label_raw_all,source_refs=pre2:1218;2:1033; row_count=2; label_raw_all=名詞
add,1684,policy,policy,noun,base,1,政策，方針,high_school,2,eiken,英検語彙由来のv2正本候補。英検最小級=pre2。出現級=pre2;2。pos判定=label_raw_all,source_refs=pre2:873;2:337; row_count=2; label_raw_all=名詞
add,1685,polite,polite,adjective,base,1,礼儀正しい，丁寧な,high_school,2,eiken,英検語彙由来のv2正本候補。英検最小級=pre2。出現級=pre2;2。pos判定=label_raw_all,source_refs=pre2:314;2:1656; row_count=2; label_raw_all=形容詞
add,1686,politely,politely,adverb,base,1,丁寧に，礼儀正しく,high_school,2,eiken,英検語彙由来のv2正本候補。英検最小級=pre2。出現級=pre2;2。pos判定=label_raw_all,source_refs=pre2:1298;2:195; row_count=2; label_raw_all=副詞
add,1687,political,political,adjective,base,1,政治の,high_school,2,eiken,英検語彙由来のv2正本候補。英検最小級=pre2。出現級=pre2。pos判定=label_raw_all,source_refs=pre2:387; row_count=1; label_raw_all=形容詞
add,1688,politician,politician,noun,base,1,政治家，政府要人,high_school,2,eiken,英検語彙由来のv2正本候補。英検最小級=pre2。出現級=pre2;2。pos判定=label_raw_all,source_refs=pre2:526;2:1555; row_count=2; label_raw_all=名詞
add,1689,politics,politics,noun,base,1,政治，政策,high_school,2,eiken,英検語彙由来のv2正本候補。英検最小級=pre2。出現級=pre2;2。pos判定=label_raw_all,source_refs=pre2:964;2:1254; row_count=2; label_raw_all=名詞
add,1690,poll,poll,noun,base,1,投票，選挙,high_school,2,eiken,英検語彙由来のv2正本候補。英検最小級=pre2。出現級=pre2;2。pos判定=label_raw_all,source_refs=pre2:816;2:1376; row_count=2; label_raw_all=名詞
add,1691,pollution,pollution,noun,base,1,汚染，汚れ，汚染物,high_school,1,eiken,英検語彙由来のv2正本候補。英検最小級=pre2。出現級=pre2;2;pre1。pos判定=label_raw_all,source_refs=pre2:1231;2:49;pre1:39; row_count=3; label_raw_all=名詞
add,1692,popularity,popularity,noun,base,1,人気，流行,high_school,2,eiken,英検語彙由来のv2正本候補。英検最小級=pre2。出現級=pre2;2。pos判定=label_raw_all,source_refs=pre2:184;2:660; row_count=2; label_raw_all=名詞
add,1693,population,population,noun,base,1,人口，国民,high_school,2,eiken,英検語彙由来のv2正本候補。英検最小級=pre2。出現級=pre2;2。pos判定=label_raw_all,source_refs=pre2:402;2:388; row_count=2; label_raw_all=名詞
add,1694,portable,portable,adjective,base,1,持ち運べる，携帯用の,high_school,2,eiken,英検語彙由来のv2正本候補。英検最小級=pre2。出現級=pre2;2。pos判定=label_raw_all,source_refs=pre2:1245;2:82; row_count=2; label_raw_all=形容詞
add,1695,portrait,portrait,noun,base,1,肖像画，顔の絵,high_school,2,eiken,英検語彙由来のv2正本候補。英検最小級=pre2。出現級=pre2;2。pos判定=label_raw_all,source_refs=pre2:494;2:1963; row_count=2; label_raw_all=名詞
add,1696,possess,possess,verb,base,1,を所有する,high_school,2,eiken,英検語彙由来のv2正本候補。英検最小級=pre2。出現級=pre2。pos判定=label_raw_all,source_refs=pre2:1054; row_count=1; label_raw_all=動詞
add,1697,possibility,possibility,noun,base,1,可能性，実現性,high_school,2,eiken,英検語彙由来のv2正本候補。英検最小級=pre2。出現級=pre2;2。pos判定=label_raw_all,source_refs=pre2:1174;2:1964; row_count=2; label_raw_all=名詞
add,1698,possibly,possibly,adverb,base,1,ひょっとすると，もしかしたら,high_school,2,eiken,英検語彙由来のv2正本候補。英検最小級=pre2。出現級=pre2;2。pos判定=label_raw_all,source_refs=pre2:1126;2:1499; row_count=2; label_raw_all=副詞
add,1699,potential,potential,adjective,base,1,潜在的な，潜伏している,high_school,2,eiken,英検語彙由来のv2正本候補。英検最小級=pre2。出現級=pre2;2。pos判定=label_raw_all,source_refs=pre2:519;2:1718; row_count=2; label_raw_all=形容詞
add,1700,potentially,potentially,adverb,base,1,潜在的に，可能性として,high_school,2,eiken,英検語彙由来のv2正本候補。英検最小級=pre2。出現級=pre2;2。pos判定=label_raw_all,source_refs=pre2:1111;2:1224; row_count=2; label_raw_all=副詞
add,1701,pour,pour,verb,base,1,を注ぐ，激しく降る,high_school,2,eiken,英検語彙由来のv2正本候補。英検最小級=pre2。出現級=pre2;2。pos判定=label_raw_all,source_refs=pre2:1384;2:341; row_count=2; label_raw_all=動詞
add,1702,poverty,poverty,noun,base,1,貧困，貧乏，困窮,high_school,2,eiken,英検語彙由来のv2正本候補。英検最小級=pre2。出現級=pre2;2。pos判定=label_raw_all,source_refs=pre2:1008;2:163; row_count=2; label_raw_all=名詞
add,1703,practical,practical,adjective,base,1,実用的な，有用な,high_school,2,eiken,英検語彙由来のv2正本候補。英検最小級=pre2。出現級=pre2;2。pos判定=label_raw_all,source_refs=pre2:655;2:1742; row_count=2; label_raw_all=形容詞
add,1704,praise,praise,verb,base,1,をほめる/賞賛,high_school,2,eiken,英検語彙由来のv2正本候補。英検最小級=pre2。出現級=pre2;2。pos判定=label_raw_all,source_refs=pre2:188;2:961; row_count=2; label_raw_all=動詞
add,1705,prayer,prayer,noun,base,1,祈り，礼拝,high_school,2,eiken,英検語彙由来のv2正本候補。英検最小級=pre2。出現級=pre2;2。pos判定=label_raw_all,source_refs=pre2:690;2:485; row_count=2; label_raw_all=名詞
add,1706,predict,predict,verb,base,1,を予想する，を予測する,high_school,1,eiken,英検語彙由来のv2正本候補。英検最小級=pre2。出現級=pre2;2;pre1。pos判定=label_raw_all,source_refs=pre2:1026;2:96;pre1:3342; row_count=3; label_raw_all=動詞
add,1707,prefer,prefer,verb,base,1,より好む，好む,high_school,2,eiken,英検語彙由来のv2正本候補。英検最小級=pre2。出現級=pre2;2。pos判定=label_raw_all,source_refs=pre2:65;2:1651; row_count=2; label_raw_all=動詞
add,1708,pregnant,pregnant,adjective,base,1,妊娠している，妊娠中の,high_school,2,eiken,英検語彙由来のv2正本候補。英検最小級=pre2。出現級=pre2;2。pos判定=label_raw_all,source_refs=pre2:849;2:1089; row_count=2; label_raw_all=形容詞
add,1709,preparation,preparation,noun,base,1,準備，用意,high_school,2,eiken,英検語彙由来のv2正本候補。英検最小級=pre2。出現級=pre2;2。pos判定=label_raw_all,source_refs=pre2:896;2:1901; row_count=2; label_raw_all=名詞
add,1710,prescription,prescription,noun,base,1,処方，処方箋,high_school,1,eiken,英検語彙由来のv2正本候補。英検最小級=pre2。出現級=pre2;2;pre1。pos判定=label_raw_all,source_refs=pre2:1463;2:456;pre1:573; row_count=3; label_raw_all=名詞
add,1711,presence,presence,noun,base,1,存在，存在感,high_school,2,eiken,英検語彙由来のv2正本候補。英検最小級=pre2。出現級=pre2;2。pos判定=label_raw_all,source_refs=pre2:1116;2:1360; row_count=2; label_raw_all=名詞
add,1712,present,present,adjective,base,1,現在の，出席して,high_school,2,eiken,英検語彙由来のv2正本候補。英検最小級=pre2。出現級=pre2;2。pos判定=label_raw_all,source_refs=pre2:615;2:1453; row_count=2; label_raw_all=形容詞
add,1713,preserve,preserve,verb,base,1,保存/を保存する,high_school,2,eiken,英検語彙由来のv2正本候補。英検最小級=pre2。出現級=pre2;2。pos判定=label_raw_all,source_refs=pre2:445;2:829; row_count=2; label_raw_all=動詞
add,1714,pretend,pretend,verb,base,1,のふりをする，に成りすます,high_school,2,eiken,英検語彙由来のv2正本候補。英検最小級=pre2。出現級=pre2;2。pos判定=label_raw_all,source_refs=pre2:894;2:1107; row_count=2; label_raw_all=動詞
add,1715,prevent,prevent,verb,base,1,を妨げる，予防する,high_school,2,eiken,英検語彙由来のv2正本候補。英検最小級=pre2。出現級=pre2;2。pos判定=label_raw_all,source_refs=pre2:258;2:202; row_count=2; label_raw_all=動詞
add,1716,previous,previous,adjective,base,1,前の，以前の,high_school,2,eiken,英検語彙由来のv2正本候補。英検最小級=pre2。出現級=pre2;2。pos判定=label_raw_all,source_refs=pre2:1005;2:1120; row_count=2; label_raw_all=形容詞
add,1717,previously,previously,adverb,base,1,以前は，前もって,high_school,2,eiken,英検語彙由来のv2正本候補。英検最小級=pre2。出現級=pre2;2。pos判定=label_raw_all,source_refs=pre2:278;2:173; row_count=2; label_raw_all=副詞
add,1718,primary,primary,adjective,base,1,最初の，初めての,high_school,2,eiken,英検語彙由来のv2正本候補。英検最小級=pre2。出現級=pre2;2。pos判定=label_raw_all,source_refs=pre2:1001;2:1966; row_count=2; label_raw_all=形容詞
add,1719,primitive,primitive,adjective,base,1,原始的な，先史的な,high_school,1,eiken,英検語彙由来のv2正本候補。英検最小級=pre2。出現級=pre2;2;pre1。pos判定=label_raw_all,source_refs=pre2:836;2:1206;pre1:3364; row_count=3; label_raw_all=形容詞
add,1720,principle,principle,noun,base,1,原理,high_school,2,eiken,英検語彙由来のv2正本候補。英検最小級=pre2。出現級=pre2;pre1。pos判定=label_raw_all,source_refs=pre2:692;pre1:3256; row_count=2; label_raw_all=名詞
add,1721,prior,prior,adjective,base,1,優先の，前の,high_school,1,eiken,英検語彙由来のv2正本候補。英検最小級=pre2。出現級=pre2;2;pre1。pos判定=label_raw_all,source_refs=pre2:335;2:1516;pre1:3341; row_count=3; label_raw_all=形容詞
add,1722,priority,priority,noun,base,1,優先度，優越性,high_school,2,eiken,英検語彙由来のv2正本候補。英検最小級=pre2。出現級=pre2;2。pos判定=label_raw_all,source_refs=pre2:454;2:1326; row_count=2; label_raw_all=名詞
add,1723,prison,prison,noun,base,1,刑務所,high_school,2,eiken,英検語彙由来のv2正本候補。英検最小級=pre2。出現級=pre2。pos判定=label_raw_all,source_refs=pre2:1172; row_count=1; label_raw_all=名詞
add,1724,prisoner,prisoner,noun,base,1,囚人，受刑者,high_school,2,eiken,英検語彙由来のv2正本候補。英検最小級=pre2。出現級=pre2;2。pos判定=label_raw_all,source_refs=pre2:610;2:1328; row_count=2; label_raw_all=名詞
add,1725,procedure,procedure,noun,base,1,手続き，手順,high_school,2,eiken,英検語彙由来のv2正本候補。英検最小級=pre2。出現級=pre2;2。pos判定=label_raw_all,source_refs=pre2:347;2:1300; row_count=2; label_raw_all=名詞
add,1726,process,process,noun,base,1,過程，手順/を加工処理する,high_school,2,eiken,英検語彙由来のv2正本候補。英検最小級=pre2。出現級=pre2;2。pos判定=label_raw_all,source_refs=pre2:1422;2:398; row_count=2; label_raw_all=名詞
add,1727,production,production,noun,base,1,生産，製造,high_school,2,eiken,英検語彙由来のv2正本候補。英検最小級=pre2。出現級=pre2;2。pos判定=label_raw_all,source_refs=pre2:275;2:152; row_count=2; label_raw_all=名詞
add,1728,profit,profit,noun,base,1,利益，もうけ,high_school,2,eiken,英検語彙由来のv2正本候補。英検最小級=pre2。出現級=pre2;2。pos判定=label_raw_all,source_refs=pre2:72;2:57; row_count=2; label_raw_all=名詞
add,1729,promote,promote,verb,base,1,を促進する，を推進する,high_school,2,eiken,英検語彙由来のv2正本候補。英検最小級=pre2。出現級=pre2;2。pos判定=label_raw_all,source_refs=pre2:195;2:226; row_count=2; label_raw_all=動詞
add,1730,promotion,promotion,noun,base,1,昇進，進級,high_school,2,eiken,英検語彙由来のv2正本候補。英検最小級=pre2。出現級=pre2;2。pos判定=label_raw_all,source_refs=pre2:783;2:1844; row_count=2; label_raw_all=名詞
add,1731,prompt,prompt,adjective,base,1,即座の，直ちに,high_school,1,eiken,英検語彙由来のv2正本候補。英検最小級=pre2。出現級=pre2;2;pre1。pos判定=label_raw_all,source_refs=pre2:240;2:1477;pre1:3217; row_count=3; label_raw_all=形容詞
add,1732,proof,proof,noun,base,1,証拠,high_school,2,eiken,英検語彙由来のv2正本候補。英検最小級=pre2。出現級=pre2。pos判定=label_raw_all,source_refs=pre2:699; row_count=1; label_raw_all=名詞
add,1733,proper,proper,adjective,base,1,適切な，ふさわしい,high_school,1,eiken,英検語彙由来のv2正本候補。英検最小級=pre2。出現級=pre2;2;pre1。pos判定=label_raw_all,source_refs=pre2:430;2:1607;pre1:3020; row_count=3; label_raw_all=形容詞
add,1734,properly,properly,adverb,base,1,適切に，適当に,high_school,2,eiken,英検語彙由来のv2正本候補。英検最小級=pre2。出現級=pre2;2。pos判定=label_raw_all,source_refs=pre2:474;2:71; row_count=2; label_raw_all=副詞
add,1735,property,property,noun,base,1,財産，所有物,high_school,2,eiken,英検語彙由来のv2正本候補。英検最小級=pre2。出現級=pre2;2。pos判定=label_raw_all,source_refs=pre2:1209;2:889; row_count=2; label_raw_all=名詞
add,1736,proportion,proportion,noun,base,1,比率，割合,high_school,2,eiken,英検語彙由来のv2正本候補。英検最小級=pre2。出現級=pre2;2。pos判定=label_raw_all,source_refs=pre2:598;2:1025; row_count=2; label_raw_all=名詞
add,1737,proposal,proposal,noun,base,1,提案，勧告,high_school,2,eiken,英検語彙由来のv2正本候補。英検最小級=pre2。出現級=pre2;2。pos判定=label_raw_all,source_refs=pre2:676;2:795; row_count=2; label_raw_all=名詞
add,1738,propose,propose,verb,base,1,を提案する，申し出る,high_school,2,eiken,英検語彙由来のv2正本候補。英検最小級=pre2。出現級=pre2;2。pos判定=label_raw_all,source_refs=pre2:889;2:932; row_count=2; label_raw_all=動詞
add,1739,prosecution,prosecution,noun,base,1,起訴，告訴,high_school,2,eiken,英検語彙由来のv2正本候補。英検最小級=pre2。出現級=pre2;2。pos判定=label_raw_all,source_refs=pre2:1084;2:1007; row_count=2; label_raw_all=名詞
add,1740,prosecutor,prosecutor,noun,base,1,検察官，検事,high_school,2,eiken,英検語彙由来のv2正本候補。英検最小級=pre2。出現級=pre2;2。pos判定=label_raw_all,source_refs=pre2:614;2:1646; row_count=2; label_raw_all=名詞
add,1741,prospect,prospect,noun,base,1,見込み，眺め,high_school,2,eiken,英検語彙由来のv2正本候補。英検最小級=pre2。出現級=pre2;2。pos判定=label_raw_all,source_refs=pre2:1480;2:486; row_count=2; label_raw_all=名詞
add,1742,proud,proud,adjective,base,1,自慢に思って，誇らしげな,high_school,2,eiken,英検語彙由来のv2正本候補。英検最小級=pre2。出現級=pre2;2。pos判定=label_raw_all,source_refs=pre2:589;2:1892; row_count=2; label_raw_all=形容詞
add,1743,proverb,proverb,noun,base,1,ことわざ,high_school,1,eiken,英検語彙由来のv2正本候補。英検最小級=pre2。出現級=pre2;2;pre1。pos判定=label_raw_all,source_refs=pre2:1143;2:1887;pre1:1817; row_count=3; label_raw_all=名詞; meaning_ja_all=ことわざ / ことわざ，格言
add,1744,provide,provide,verb,base,1,を供給する，提供する,high_school,2,eiken,英検語彙由来のv2正本候補。英検最小級=pre2。出現級=pre2;2。pos判定=label_raw_all,source_refs=pre2:1249;2:93; row_count=2; label_raw_all=動詞
add,1745,province,province,noun,base,1,州，地方,high_school,2,eiken,英検語彙由来のv2正本候補。英検最小級=pre2。出現級=pre2;2。pos判定=label_raw_all,source_refs=pre2:716;2:1660; row_count=2; label_raw_all=名詞
add,1746,provision,provision,noun,base,1,供給，支給,high_school,2,eiken,英検語彙由来のv2正本候補。英検最小級=pre2。出現級=pre2;2。pos判定=label_raw_all,source_refs=pre2:933;2:1085; row_count=2; label_raw_all=名詞
add,1747,psychological,psychological,adjective,base,1,心理的な，精神的な,high_school,2,eiken,英検語彙由来のv2正本候補。英検最小級=pre2。出現級=pre2;2。pos判定=label_raw_all,source_refs=pre2:1144;2:1611; row_count=2; label_raw_all=形容詞
add,1748,psychologist,psychologist,noun,base,1,心理学者，精神科学者,high_school,2,eiken,英検語彙由来のv2正本候補。英検最小級=pre2。出現級=pre2;2。pos判定=label_raw_all,source_refs=pre2:768;2:157; row_count=2; label_raw_all=名詞
add,1749,public,public,adjective,base,1,公共の，共有の,high_school,2,eiken,英検語彙由来のv2正本候補。英検最小級=pre2。出現級=pre2;2。pos判定=label_raw_all,source_refs=pre2:954;2:1354; row_count=2; label_raw_all=形容詞
add,1750,publication,publication,noun,base,1,出版物，刊行物,high_school,2,eiken,英検語彙由来のv2正本候補。英検最小級=pre2。出現級=pre2;2。pos判定=label_raw_all,source_refs=pre2:616;2:1754; row_count=2; label_raw_all=名詞
add,1751,publish,publish,verb,base,1,を出版する，発行する,high_school,2,eiken,英検語彙由来のv2正本候補。英検最小級=pre2。出現級=pre2;2。pos判定=label_raw_all,source_refs=pre2:1228;2:39; row_count=2; label_raw_all=動詞
add,1752,punctual,punctual,adjective,base,1,規則正しい，時間通りの,high_school,1,eiken,英検語彙由来のv2正本候補。英検最小級=pre2。出現級=pre2;2;pre1。pos判定=label_raw_all,source_refs=pre2:1374;2:324;pre1:804; row_count=3; label_raw_all=形容詞
add,1753,punish,punish,verb,base,1,を罰する，懲らしめる,high_school,2,eiken,英検語彙由来のv2正本候補。英検最小級=pre2。出現級=pre2;2。pos判定=label_raw_all,source_refs=pre2:189;2:264; row_count=2; label_raw_all=動詞
add,1754,purchase,purchase,verb,base,1,を購入する/購入,high_school,2,eiken,英検語彙由来のv2正本候補。英検最小級=pre2。出現級=pre2;2。pos判定=label_raw_all,source_refs=pre2:1064;2:169; row_count=2; label_raw_all=動詞
add,1755,qualify,qualify,verb,base,1,に資格を与える，認可する,high_school,2,eiken,英検語彙由来のv2正本候補。英検最小級=pre2。出現級=pre2;2。pos判定=label_raw_all,source_refs=pre2:276;2:715; row_count=2; label_raw_all=動詞
add,1756,quality,quality,noun,base,1,質，特性,high_school,2,eiken,英検語彙由来のv2正本候補。英検最小級=pre2。出現級=pre2;2。pos判定=label_raw_all,source_refs=pre2:11;2:86; row_count=2; label_raw_all=名詞
add,1757,quarrel,quarrel,noun,base,1,喧嘩，口論，言い争い,high_school,1,eiken,英検語彙由来のv2正本候補。英検最小級=pre2。出現級=pre2;2;pre1。pos判定=label_raw_all,source_refs=pre2:1337;2:261;pre1:12; row_count=3; label_raw_all=名詞
add,1758,quit,quit,verb,base,1,やめる，中止する,high_school,2,eiken,英検語彙由来のv2正本候補。英検最小級=pre2。出現級=pre2;2。pos判定=label_raw_all,source_refs=pre2:80;2:47; row_count=2; label_raw_all=動詞
add,1759,radical,radical,adjective,base,1,急進的な，抜本的な,high_school,1,eiken,英検語彙由来のv2正本候補。英検最小級=pre2。出現級=pre2;2;pre1。pos判定=label_raw_all,source_refs=pre2:1121;2:1363;pre1:3248; row_count=3; label_raw_all=形容詞
add,1760,range,range,noun,base,1,範囲，幅,high_school,2,eiken,英検語彙由来のv2正本候補。英検最小級=pre2。出現級=pre2;2。pos判定=label_raw_all,source_refs=pre2:244;2:657; row_count=2; label_raw_all=名詞
add,1761,rapid,rapid,adjective,base,1,急速な，急激な,high_school,2,eiken,英検語彙由来のv2正本候補。英検最小級=pre2。出現級=pre2;2。pos判定=label_raw_all,source_refs=pre2:1118;2:1479; row_count=2; label_raw_all=形容詞
add,1762,rare,rare,adjective,base,1,まれな，珍しい,high_school,2,eiken,英検語彙由来のv2正本候補。英検最小級=pre2。出現級=pre2;2。pos判定=label_raw_all,source_refs=pre2:1293;2:184; row_count=2; label_raw_all=形容詞
add,1763,rarely,rarely,adverb,base,1,めったに～ない，稀に,high_school,2,eiken,英検語彙由来のv2正本候補。英検最小級=pre2。出現級=pre2;2。pos判定=label_raw_all,source_refs=pre2:98;2:700; row_count=2; label_raw_all=副詞
add,1764,rather,rather,adverb,base,1,むしろ，どちらかといえば,high_school,2,eiken,英検語彙由来のv2正本候補。英検最小級=pre2。出現級=pre2;2。pos判定=label_raw_all,source_refs=pre2:154;2:900; row_count=2; label_raw_all=副詞
add,1765,rational,rational,adjective,base,1,理性のある,high_school,1,eiken,英検語彙由来のv2正本候補。英検最小級=pre2。出現級=pre2;2;pre1。pos判定=label_raw_all,source_refs=pre2:842;2:1407;pre1:3398; row_count=3; label_raw_all=形容詞; meaning_ja_all=理性のある / 理性的な，合理的な
add,1766,react,react,verb,base,1,反応する，返答する,high_school,2,eiken,英検語彙由来のv2正本候補。英検最小級=pre2。出現級=pre2;2。pos判定=label_raw_all,source_refs=pre2:597;2:524; row_count=2; label_raw_all=動詞
add,1767,reaction,reaction,noun,base,1,反応，反響,high_school,2,eiken,英検語彙由来のv2正本候補。英検最小級=pre2。出現級=pre2;2。pos判定=label_raw_all,source_refs=pre2:795;2:966; row_count=2; label_raw_all=名詞
add,1768,rebel,rebel,noun,base,1,反逆者，造反者,high_school,2,eiken,英検語彙由来のv2正本候補。英検最小級=pre2。出現級=pre2;2。pos判定=label_raw_all,source_refs=pre2:438;2:1569; row_count=2; label_raw_all=名詞
add,1769,recall,recall,verb,base,1,呼び戻す，思い出す,high_school,1,eiken,英検語彙由来のv2正本候補。英検最小級=pre2。出現級=pre2;2;pre1。pos判定=label_raw_all,source_refs=pre2:824;2:1077;pre1:3266; row_count=3; label_raw_all=動詞
add,1770,recent,recent,adjective,base,1,最近の，新しい,high_school,2,eiken,英検語彙由来のv2正本候補。英検最小級=pre2。出現級=pre2;2。pos判定=label_raw_all,source_refs=pre2:304;2:954; row_count=2; label_raw_all=形容詞
add,1771,recession,recession,noun,base,1,不況，後退,high_school,2,eiken,英検語彙由来のv2正本候補。英検最小級=pre2。出現級=pre2;2。pos判定=label_raw_all,source_refs=pre2:1170;2:1672; row_count=2; label_raw_all=名詞
add,1772,recommend,recommend,verb,base,1,を推薦する，を勧める,high_school,2,eiken,英検語彙由来のv2正本候補。英検最小級=pre2。出現級=pre2;2。pos判定=label_raw_all,source_refs=pre2:397;2:8; row_count=2; label_raw_all=動詞
add,1773,recommendation,recommendation,noun,base,1,推薦，推奨,high_school,2,eiken,英検語彙由来のv2正本候補。英検最小級=pre2。出現級=pre2;2。pos判定=label_raw_all,source_refs=pre2:845;2:193; row_count=2; label_raw_all=名詞
add,1774,recover,recover,verb,base,1,回復する，元に戻る,high_school,2,eiken,英検語彙由来のv2正本候補。英検最小級=pre2。出現級=pre2;2。pos判定=label_raw_all,source_refs=pre2:196;2:986; row_count=2; label_raw_all=動詞
add,1775,recovery,recovery,noun,base,1,回復，復元,high_school,2,eiken,英検語彙由来のv2正本候補。英検最小級=pre2。出現級=pre2;2。pos判定=label_raw_all,source_refs=pre2:492;2:1873; row_count=2; label_raw_all=名詞
add,1776,reduce,reduce,verb,base,1,を減らす，縮小する,high_school,2,eiken,英検語彙由来のv2正本候補。英検最小級=pre2。出現級=pre2;2。pos判定=label_raw_all,source_refs=pre2:60;2:4; row_count=2; label_raw_all=動詞
add,1777,reduction,reduction,noun,base,1,削減，減少,high_school,2,eiken,英検語彙由来のv2正本候補。英検最小級=pre2。出現級=pre2;2。pos判定=label_raw_all,source_refs=pre2:1062;2:1195; row_count=2; label_raw_all=名詞
add,1778,refer,refer,verb,base,1,を参考にする，参照する,high_school,2,eiken,英検語彙由来のv2正本候補。英検最小級=pre2。出現級=pre2;2。pos判定=label_raw_all,source_refs=pre2:511;2:2117; row_count=2; label_raw_all=動詞; meaning_ja_all=を参考にする，参照する / 言及する
add,1779,reflection,reflection,noun,base,1,反響，反射,high_school,2,eiken,英検語彙由来のv2正本候補。英検最小級=pre2。出現級=pre2;2。pos判定=label_raw_all,source_refs=pre2:1326;2:247; row_count=2; label_raw_all=名詞
add,1780,refrigerator,refrigerator,noun,base,1,冷蔵庫,high_school,2,eiken,英検語彙由来のv2正本候補。英検最小級=pre2。出現級=pre2;pre1。pos判定=label_raw_all,source_refs=pre2:107;pre1:229; row_count=2; label_raw_all=名詞; meaning_ja_all=冷蔵庫 / 冷蔵庫，冷却装置
add,1781,refugee,refugee,noun,base,1,難民，避難者,high_school,2,eiken,英検語彙由来のv2正本候補。英検最小級=pre2。出現級=pre2;2。pos判定=label_raw_all,source_refs=pre2:1145;2:1093; row_count=2; label_raw_all=名詞
add,1782,refuse,refuse,verb,base,1,を拒否する，拒む,high_school,2,eiken,英検語彙由来のv2正本候補。英検最小級=pre2。出現級=pre2;2。pos判定=label_raw_all,source_refs=pre2:1439;2:421; row_count=2; label_raw_all=動詞
add,1783,region,region,noun,base,1,地域，領域,high_school,2,eiken,英検語彙由来のv2正本候補。英検最小級=pre2。出現級=pre2;2。pos判定=label_raw_all,source_refs=pre2:935;2:1650; row_count=2; label_raw_all=名詞
add,1784,regional,regional,adjective,base,1,地方の，地域の,high_school,2,eiken,英検語彙由来のv2正本候補。英検最小級=pre2。出現級=pre2;2。pos判定=label_raw_all,source_refs=pre2:685;2:1041; row_count=2; label_raw_all=形容詞
add,1785,regret,regret,verb,base,1,後悔する/後悔，遺憾,high_school,2,eiken,英検語彙由来のv2正本候補。英検最小級=pre2。出現級=pre2;2。pos判定=label_raw_all,source_refs=pre2:339;2:1380; row_count=2; label_raw_all=動詞
add,1786,regulation,regulation,noun,base,1,規制，規定,high_school,2,eiken,英検語彙由来のv2正本候補。英検最小級=pre2。出現級=pre2;2。pos判定=label_raw_all,source_refs=pre2:1011;2:1906; row_count=2; label_raw_all=名詞
add,1787,reject,reject,verb,base,1,拒絶する，断る,high_school,2,eiken,英検語彙由来のv2正本候補。英検最小級=pre2。出現級=pre2;2。pos判定=label_raw_all,source_refs=pre2:715;2:988; row_count=2; label_raw_all=動詞
add,1788,relevant,relevant,adjective,base,1,関連のある，適切な,high_school,1,eiken,英検語彙由来のv2正本候補。英検最小級=pre2。出現級=pre2;2;pre1。pos判定=label_raw_all,source_refs=pre2:790;2:1244;pre1:3055; row_count=3; label_raw_all=形容詞
add,1789,religion,religion,noun,base,1,宗教，信仰,high_school,2,eiken,英検語彙由来のv2正本候補。英検最小級=pre2。出現級=pre2;2。pos判定=label_raw_all,source_refs=pre2:875;2:97; row_count=2; label_raw_all=名詞
add,1790,rely,rely,verb,base,1,頼る，依存する,high_school,2,eiken,英検語彙由来のv2正本候補。英検最小級=pre2。出現級=pre2;2。pos判定=label_raw_all,source_refs=pre2:1061;2:1474; row_count=2; label_raw_all=動詞
add,1791,remain,remain,verb,base,1,のままである，残る,high_school,1,eiken,英検語彙由来のv2正本候補。英検最小級=pre2。出現級=pre2;2。pos判定=label_raw_all,source_refs=pre2:927;2:58;2:2189; row_count=3; label_raw_all=動詞
add,1792,remark,remark,noun,base,1,ことば,high_school,2,eiken,英検語彙由来のv2正本候補。英検最小級=pre2。出現級=pre2。pos判定=label_raw_all,source_refs=pre2:1034; row_count=1; label_raw_all=名詞
add,1793,remarkable,remarkable,adjective,base,1,目立った，際立った,high_school,2,eiken,英検語彙由来のv2正本候補。英検最小級=pre2。出現級=pre2;2。pos判定=label_raw_all,source_refs=pre2:361;2:1770; row_count=2; label_raw_all=形容詞
add,1794,remind,remind,verb,base,1,に思い出させる，に気付かせる,high_school,2,eiken,英検語彙由来のv2正本候補。英検最小級=pre2。出現級=pre2;2。pos判定=label_raw_all,source_refs=pre2:698;2:83; row_count=2; label_raw_all=動詞
add,1795,remove,remove,verb,base,1,を取り除く，を除去する,high_school,2,eiken,英検語彙由来のv2正本候補。英検最小級=pre2。出現級=pre2;2。pos判定=label_raw_all,source_refs=pre2:956;2:51; row_count=2; label_raw_all=動詞
add,1796,rent,rent,noun,base,1,家賃，賃料,high_school,2,eiken,英検語彙由来のv2正本候補。英検最小級=pre2。出現級=pre2;2。pos判定=label_raw_all,source_refs=pre2:1071;2:1362; row_count=2; label_raw_all=名詞
add,1797,repair,repair,verb,base,1,を修理する，修繕する,high_school,2,eiken,英検語彙由来のv2正本候補。英検最小級=pre2。出現級=pre2;2。pos判定=label_raw_all,source_refs=pre2:512;2:72; row_count=2; label_raw_all=動詞
add,1798,replace,replace,verb,base,1,を取り換える，を交換する,high_school,2,eiken,英検語彙由来のv2正本候補。英検最小級=pre2。出現級=pre2;2。pos判定=label_raw_all,source_refs=pre2:1049;2:53; row_count=2; label_raw_all=動詞
add,1799,replacement,replacement,noun,base,1,置換，代替,high_school,1,eiken,英検語彙由来のv2正本候補。英検最小級=pre2。出現級=pre2;2;pre1。pos判定=label_raw_all,source_refs=pre2:1303;2:207;pre1:110; row_count=3; label_raw_all=名詞
add,1800,reply,reply,verb,base,1,返答する，応答する,high_school,2,eiken,英検語彙由来のv2正本候補。英検最小級=pre2。出現級=pre2;2。pos判定=label_raw_all,source_refs=pre2:765;2:1921; row_count=2; label_raw_all=動詞
add,1801,represent,represent,verb,base,1,を表す，を代表する,high_school,2,eiken,英検語彙由来のv2正本候補。英検最小級=pre2。出現級=pre2;2。pos判定=label_raw_all,source_refs=pre2:806;2:319; row_count=2; label_raw_all=動詞
add,1802,representation,representation,noun,base,1,表現，表示,high_school,2,eiken,英検語彙由来のv2正本候補。英検最小級=pre2。出現級=pre2;2。pos判定=label_raw_all,source_refs=pre2:346;2:1050; row_count=2; label_raw_all=名詞
add,1803,representative,representative,noun,base,1,代表者，代理人,high_school,2,eiken,英検語彙由来のv2正本候補。英検最小級=pre2。出現級=pre2;2。pos判定=label_raw_all,source_refs=pre2:572;2:1002; row_count=2; label_raw_all=名詞
add,1804,reputation,reputation,noun,base,1,評判，評価,high_school,2,eiken,英検語彙由来のv2正本候補。英検最小級=pre2。出現級=pre2;2。pos判定=label_raw_all,source_refs=pre2:551;2:1125; row_count=2; label_raw_all=名詞
add,1805,research,research,noun,base,1,研究/研究する,high_school,2,eiken,英検語彙由来のv2正本候補。英検最小級=pre2。出現級=pre2;2。pos判定=label_raw_all,source_refs=pre2:231;2:643; row_count=2; label_raw_all=名詞
add,1806,reserve,reserve,verb,base,1,を取っておく，を保管する,high_school,2,eiken,英検語彙由来のv2正本候補。英検最小級=pre2。出現級=pre2;2。pos判定=label_raw_all,source_refs=pre2:94;2:1603; row_count=2; label_raw_all=動詞
add,1807,resistance,resistance,noun,base,1,抵抗，反対,high_school,2,eiken,英検語彙由来のv2正本候補。英検最小級=pre2。出現級=pre2;2。pos判定=label_raw_all,source_refs=pre2:908;2:1948; row_count=2; label_raw_all=名詞
add,1808,resolution,resolution,noun,base,1,解決，決意,high_school,2,eiken,英検語彙由来のv2正本候補。英検最小級=pre2。出現級=pre2;2。pos判定=label_raw_all,source_refs=pre2:1036;2:1018; row_count=2; label_raw_all=名詞
add,1809,respond,respond,verb,base,1,反応する，と返答する,high_school,2,eiken,英検語彙由来のv2正本候補。英検最小級=pre2。出現級=pre2;2。pos判定=label_raw_all,source_refs=pre2:504;2:160; row_count=2; label_raw_all=動詞
add,1810,responsibility,responsibility,noun,base,1,責任，義務,high_school,2,eiken,英検語彙由来のv2正本候補。英検最小級=pre2。出現級=pre2;2。pos判定=label_raw_all,source_refs=pre2:247;2:976; row_count=2; label_raw_all=名詞
add,1811,responsible,responsible,adjective,base,1,責任がある，責任が伴う,high_school,2,eiken,英検語彙由来のv2正本候補。英検最小級=pre2。出現級=pre2;2。pos判定=label_raw_all,source_refs=pre2:206;2:325; row_count=2; label_raw_all=形容詞
add,1812,restore,restore,verb,base,1,を元に戻す，を修復する,high_school,2,eiken,英検語彙由来のv2正本候補。英検最小級=pre2。出現級=pre2;2。pos判定=label_raw_all,source_refs=pre2:353;2:99; row_count=2; label_raw_all=動詞
add,1813,restrict,restrict,verb,base,1,を制限する，を限定する,high_school,2,eiken,英検語彙由来のv2正本候補。英検最小級=pre2。出現級=pre2;2。pos判定=label_raw_all,source_refs=pre2:1441;2:424; row_count=2; label_raw_all=動詞
add,1814,restriction,restriction,noun,base,1,制限，限定,high_school,2,eiken,英検語彙由来のv2正本候補。英検最小級=pre2。出現級=pre2;2。pos判定=label_raw_all,source_refs=pre2:1222;2:1478; row_count=2; label_raw_all=名詞
add,1815,result,result,noun,base,1,結果,high_school,2,eiken,英検語彙由来のv2正本候補。英検最小級=pre2。出現級=pre2。pos判定=label_raw_all,source_refs=pre2:453; row_count=1; label_raw_all=名詞
add,1816,retire,retire,verb,base,1,退職する，引退する,high_school,2,eiken,英検語彙由来のv2正本候補。英検最小級=pre2。出現級=pre2;2。pos判定=label_raw_all,source_refs=pre2:312;2:895; row_count=2; label_raw_all=動詞
add,1817,retirement,retirement,noun,base,1,退職，引退,high_school,2,eiken,英検語彙由来のv2正本候補。英検最小級=pre2。出現級=pre2;2。pos判定=label_raw_all,source_refs=pre2:763;2:1870; row_count=2; label_raw_all=名詞
add,1818,revenue,revenue,noun,base,1,収益，所得,high_school,1,eiken,英検語彙由来のv2正本候補。英検最小級=pre2。出現級=pre2;2;pre1。pos判定=label_raw_all,source_refs=pre2:1136;2:1387;pre1:2221; row_count=3; label_raw_all=名詞
add,1819,reverse,reverse,adjective,base,1,反対の，裏側の,high_school,2,eiken,英検語彙由来のv2正本候補。英検最小級=pre2。出現級=pre2;2。pos判定=label_raw_all,source_refs=pre2:879;2:712; row_count=2; label_raw_all=形容詞
add,1820,revolution,revolution,noun,base,1,革命，変革,high_school,2,eiken,英検語彙由来のv2正本候補。英検最小級=pre2。出現級=pre2;2。pos判定=label_raw_all,source_refs=pre2:782;2:171; row_count=2; label_raw_all=名詞
add,1821,reward,reward,noun,base,1,褒美，報酬,high_school,2,eiken,英検語彙由来のv2正本候補。英検最小級=pre2。出現級=pre2;2。pos判定=label_raw_all,source_refs=pre2:659;2:1424; row_count=2; label_raw_all=名詞
add,1822,role,role,noun,base,1,役割，職務,high_school,2,eiken,英検語彙由来のv2正本候補。英検最小級=pre2。出現級=pre2;2。pos判定=label_raw_all,source_refs=pre2:302;2:731; row_count=2; label_raw_all=名詞
add,1823,roll,roll,verb,base,1,"転がる, 転ぶ",high_school,2,eiken,英検語彙由来のv2正本候補。英検最小級=pre2。出現級=pre2;2。pos判定=label_raw_all,source_refs=pre2:583;2:477; row_count=2; label_raw_all=動詞
add,1824,rough,rough,adjective,base,1,ごつごつした，粗い,high_school,2,eiken,英検語彙由来のv2正本候補。英検最小級=pre2。出現級=pre2;2。pos判定=label_raw_all,source_refs=pre2:522;2:1658; row_count=2; label_raw_all=形容詞
add,1825,rub,rub,verb,base,1,こする，さする,high_school,2,eiken,英検語彙由来のv2正本候補。英検最小級=pre2。出現級=pre2;2。pos判定=label_raw_all,source_refs=pre2:1075;2:1608; row_count=2; label_raw_all=動詞
add,1826,ruin,ruin,verb,base,1,を台無しにする，破滅する/破滅,high_school,2,eiken,英検語彙由来のv2正本候補。英検最小級=pre2。出現級=pre2;2。pos判定=label_raw_all,source_refs=pre2:1437;2:418; row_count=2; label_raw_all=動詞
add,1827,rural,rural,adjective,base,1,田舎の，農村の,high_school,2,eiken,英検語彙由来のv2正本候補。英検最小級=pre2。出現級=pre2;2。pos判定=label_raw_all,source_refs=pre2:412;2:1411; row_count=2; label_raw_all=形容詞
add,1828,rush,rush,verb,base,1,突進する，急ぐ，急ぎ,high_school,2,eiken,英検語彙由来のv2正本候補。英検最小級=pre2。出現級=pre2。pos判定=label_raw_all,source_refs=pre2:752; row_count=1; label_raw_all=動詞
add,1829,salary,salary,noun,base,1,給与，報酬,high_school,2,eiken,英検語彙由来のv2正本候補。英検最小級=pre2。出現級=pre2;2。pos判定=label_raw_all,source_refs=pre2:238;2:1071; row_count=2; label_raw_all=名詞
add,1830,satellite,satellite,noun,base,1,衛星，人工衛星,high_school,2,eiken,英検語彙由来のv2正本候補。英検最小級=pre2。出現級=pre2;2。pos判定=label_raw_all,source_refs=pre2:457;2:1804; row_count=2; label_raw_all=名詞
add,1831,satisfaction,satisfaction,noun,base,1,満足，充足,high_school,2,eiken,英検語彙由来のv2正本候補。英検最小級=pre2。出現級=pre2;2。pos判定=label_raw_all,source_refs=pre2:1073;2:1057; row_count=2; label_raw_all=名詞
add,1832,scheme,scheme,noun,base,1,計画，企画,high_school,1,eiken,英検語彙由来のv2正本候補。英検最小級=pre2。出現級=pre2;2;pre1。pos判定=label_raw_all,source_refs=pre2:775;2:1211;pre1:1864; row_count=3; label_raw_all=名詞; meaning_ja_all=計画，企画 / 計画，案
add,1833,scientific,scientific,adjective,base,1,科学の，理科の,high_school,2,eiken,英検語彙由来のv2正本候補。英検最小級=pre2。出現級=pre2;2。pos判定=label_raw_all,source_refs=pre2:817;2:1766; row_count=2; label_raw_all=形容詞
add,1834,sculpture,sculpture,noun,base,1,彫刻，彫像,high_school,1,eiken,英検語彙由来のv2正本候補。英検最小級=pre2。出現級=pre2;2;pre1。pos判定=label_raw_all,source_refs=pre2:727;2:634;pre1:326; row_count=3; label_raw_all=名詞
add,1835,secretary,secretary,noun,base,1,秘書，秘書官,high_school,2,eiken,英検語彙由来のv2正本候補。英検最小級=pre2。出現級=pre2;2。pos判定=label_raw_all,source_refs=pre2:962;2:1879; row_count=2; label_raw_all=名詞
add,1836,seek,seek,verb,base,1,求める，捜し出す,high_school,2,eiken,英検語彙由来のv2正本候補。英検最小級=pre2。出現級=pre2;2。pos判定=label_raw_all,source_refs=pre2:421;2:969; row_count=2; label_raw_all=動詞
add,1837,seize,seize,verb,base,1,つかむ，把握する,high_school,1,eiken,英検語彙由来のv2正本候補。英検最小級=pre2。出現級=pre2;2;pre1。pos判定=label_raw_all,source_refs=pre2:1086;2:1680;pre1:3289; row_count=3; label_raw_all=動詞
add,1838,seldom,seldom,adverb,base,1,めったに～しない，稀に,high_school,2,eiken,英検語彙由来のv2正本候補。英検最小級=pre2。出現級=pre2;2。pos判定=label_raw_all,source_refs=pre2:848;2:1449; row_count=2; label_raw_all=副詞
add,1839,senate,senate,noun,base,1,上院，上院議会,high_school,2,eiken,英検語彙由来のv2正本候補。英検最小級=pre2。出現級=pre2;2。pos判定=label_raw_all,source_refs=pre2:490;2:1118; row_count=2; label_raw_all=名詞
add,1840,sensitive,sensitive,adjective,base,1,敏感な，感じやすい,high_school,2,eiken,英検語彙由来のv2正本候補。英検最小級=pre2。出現級=pre2;2。pos判定=label_raw_all,source_refs=pre2:764;2:517; row_count=2; label_raw_all=形容詞
add,1841,sequence,sequence,noun,base,1,連続，継続,high_school,2,eiken,英検語彙由来のv2正本候補。英検最小級=pre2。出現級=pre2;2。pos判定=label_raw_all,source_refs=pre2:1175;2:1231; row_count=2; label_raw_all=名詞
add,1842,settle,settle,verb,base,1,決着させる，解決する,high_school,2,eiken,英検語彙由来のv2正本候補。英検最小級=pre2。出現級=pre2;2。pos判定=label_raw_all,source_refs=pre2:869;2:1344; row_count=2; label_raw_all=動詞
add,1843,settlement,settlement,noun,base,1,移住，定住,high_school,2,eiken,英検語彙由来のv2正本候補。英検最小級=pre2。出現級=pre2;2。pos判定=label_raw_all,source_refs=pre2:1114;2:1679; row_count=2; label_raw_all=名詞
add,1844,severe,severe,adjective,base,1,厳しい，厳格な,high_school,2,eiken,英検語彙由来のv2正本候補。英検最小級=pre2。出現級=pre2;2。pos判定=label_raw_all,source_refs=pre2:1186;2:1462; row_count=2; label_raw_all=形容詞
add,1845,sharp,sharp,adjective,base,1,鋭い，先鋭的な,high_school,2,eiken,英検語彙由来のv2正本候補。英検最小級=pre2。出現級=pre2;2。pos判定=label_raw_all,source_refs=pre2:35;2:1246; row_count=2; label_raw_all=形容詞
add,1846,shortage,shortage,noun,base,1,不足，欠乏,high_school,2,eiken,英検語彙由来のv2正本候補。英検最小級=pre2。出現級=pre2;2。pos判定=label_raw_all,source_refs=pre2:1207;2:1687; row_count=2; label_raw_all=名詞
add,1847,shortly,shortly,adverb,base,1,まもなく，近々,high_school,2,eiken,英検語彙由来のv2正本候補。英検最小級=pre2。出現級=pre2;2。pos判定=label_raw_all,source_refs=pre2:1154;2:1609; row_count=2; label_raw_all=副詞
add,1848,shrug,shrug,verb,base,1,肩をすくめる，無視する,high_school,1,eiken,英検語彙由来のv2正本候補。英検最小級=pre2。出現級=pre2;2;pre1。pos判定=label_raw_all,source_refs=pre2:1057;2:1825;pre1:3193; row_count=3; label_raw_all=動詞
add,1849,sigh,sigh,verb,base,1,ため息をつく，溜め息をつく,high_school,2,eiken,英検語彙由来のv2正本候補。英検最小級=pre2。出現級=pre2;2。pos判定=label_raw_all,source_refs=pre2:1151;2:1307; row_count=2; label_raw_all=動詞; meaning_ja_all=ため息をつく，溜め息をつく / ため息をつく，ため息を出す
add,1850,significance,significance,noun,base,1,重要性，意義,high_school,2,eiken,英検語彙由来のv2正本候補。英検最小級=pre2。出現級=pre2;2。pos判定=label_raw_all,source_refs=pre2:354;2:1741; row_count=2; label_raw_all=名詞
add,1851,significant,significant,adjective,base,1,重要な，大切な,high_school,2,eiken,英検語彙由来のv2正本候補。英検最小級=pre2。出現級=pre2;2。pos判定=label_raw_all,source_refs=pre2:463;2:1486; row_count=2; label_raw_all=形容詞
add,1852,significantly,significantly,adverb,base,1,かなり，相当に,high_school,2,eiken,英検語彙由来のv2正本候補。英検最小級=pre2。出現級=pre2;2。pos判定=label_raw_all,source_refs=pre2:748;2:1974; row_count=2; label_raw_all=副詞
add,1853,silence,silence,noun,base,1,沈黙,high_school,2,eiken,英検語彙由来のv2正本候補。英検最小級=pre2。出現級=pre2;pre1。pos判定=label_raw_all,source_refs=pre2:32;pre1:56; row_count=2; label_raw_all=名詞; meaning_ja_all=沈黙 / 沈黙，静けさ
add,1854,silly,silly,adjective,base,1,馬鹿な，愚かな,high_school,2,eiken,英検語彙由来のv2正本候補。英検最小級=pre2。出現級=pre2;2。pos判定=label_raw_all,source_refs=pre2:81;2:1510; row_count=2; label_raw_all=形容詞
add,1855,similar,similar,adjective,base,1,似ている，類似の,high_school,2,eiken,英検語彙由来のv2正本候補。英検最小級=pre2。出現級=pre2;2。pos判定=label_raw_all,source_refs=pre2:1230;2:43; row_count=2; label_raw_all=形容詞
add,1856,similarly,similarly,adverb,base,1,同様に，一様に,high_school,2,eiken,英検語彙由来のv2正本候補。英検最小級=pre2。出現級=pre2;2。pos判定=label_raw_all,source_refs=pre2:545;2:707; row_count=2; label_raw_all=副詞
add,1857,sink,sink,verb,base,1,沈む，沈没する,high_school,2,eiken,英検語彙由来のv2正本候補。英検最小級=pre2。出現級=pre2;2。pos判定=label_raw_all,source_refs=pre2:74;2:1088; row_count=2; label_raw_all=動詞
add,1858,slide,slide,verb,base,1,滑る，滑走する,high_school,2,eiken,英検語彙由来のv2正本候補。英検最小級=pre2。出現級=pre2;2。pos判定=label_raw_all,source_refs=pre2:447;2:1044; row_count=2; label_raw_all=動詞
add,1859,slight,slight,adjective,base,1,かすかな，わずかの,high_school,2,eiken,英検語彙由来のv2正本候補。英検最小級=pre2。出現級=pre2;2。pos判定=label_raw_all,source_refs=pre2:1176;2:1473; row_count=2; label_raw_all=形容詞
add,1860,slightly,slightly,adverb,base,1,わずかに，少し,high_school,2,eiken,英検語彙由来のv2正本候補。英検最小級=pre2。出現級=pre2;2。pos判定=label_raw_all,source_refs=pre2:1059;2:134; row_count=2; label_raw_all=副詞
add,1861,slip,slip,verb,base,1,滑る,high_school,2,eiken,英検語彙由来のv2正本候補。英検最小級=pre2。出現級=pre2。pos判定=label_raw_all,source_refs=pre2:802; row_count=1; label_raw_all=動詞
add,1862,social,social,adjective,base,1,社会の，共同体の,high_school,2,eiken,英検語彙由来のv2正本候補。英検最小級=pre2。出現級=pre2;2。pos判定=label_raw_all,source_refs=pre2:518;2:543; row_count=2; label_raw_all=形容詞
add,1863,society,society,noun,base,1,社会，共同体,high_school,2,eiken,英検語彙由来のv2正本候補。英検最小級=pre2。出現級=pre2;2。pos判定=label_raw_all,source_refs=pre2:850;2:980; row_count=2; label_raw_all=名詞
add,1864,solid,solid,adjective,base,1,固い，固形の,high_school,2,eiken,英検語彙由来のv2正本候補。英検最小級=pre2。出現級=pre2;2。pos判定=label_raw_all,source_refs=pre2:1030;2:1399; row_count=2; label_raw_all=形容詞
add,1865,solution,solution,noun,base,1,解決法，解明,high_school,2,eiken,英検語彙由来のv2正本候補。英検最小級=pre2。出現級=pre2;2。pos判定=label_raw_all,source_refs=pre2:217;2:23; row_count=2; label_raw_all=名詞
add,1866,somewhat,somewhat,adverb,base,1,いくぶん，いくらか,high_school,2,eiken,英検語彙由来のv2正本候補。英検最小級=pre2。出現級=pre2。pos判定=label_raw_all,source_refs=pre2:1221; row_count=1; label_raw_all=副詞
add,1867,source,source,noun,base,1,情報源，原因,high_school,2,eiken,英検語彙由来のv2正本候補。英検最小級=pre2。出現級=pre2;2。pos判定=label_raw_all,source_refs=pre2:410;2:1001; row_count=2; label_raw_all=名詞
add,1868,specific,specific,adjective,base,1,具体的な，特定の,high_school,2,eiken,英検語彙由来のv2正本候補。英検最小級=pre2。出現級=pre2;2。pos判定=label_raw_all,source_refs=pre2:1397;2:358; row_count=2; label_raw_all=形容詞
add,1869,spectator,spectator,noun,base,1,観客，見物人,high_school,1,eiken,英検語彙由来のv2正本候補。英検最小級=pre2。出現級=pre2;2;pre1。pos判定=label_raw_all,source_refs=pre2:1444;2:428;pre1:45; row_count=3; label_raw_all=名詞
add,1870,spill,spill,verb,base,1,をこぼす，溢れる,high_school,2,eiken,英検語彙由来のv2正本候補。英検最小級=pre2。出現級=pre2;2。pos判定=label_raw_all,source_refs=pre2:714;2:785; row_count=2; label_raw_all=動詞
add,1871,split,split,verb,base,1,割る，裂く,high_school,2,eiken,英検語彙由来のv2正本候補。英検最小級=pre2。出現級=pre2;2。pos判定=label_raw_all,source_refs=pre2:636;2:1732; row_count=2; label_raw_all=動詞
add,1872,squeeze,squeeze,verb,base,1,絞る，押しつぶす,high_school,1,eiken,英検語彙由来のv2正本候補。英検最小級=pre2。出現級=pre2;2;pre1。pos判定=label_raw_all,source_refs=pre2:631;2:1331;pre1:3072; row_count=3; label_raw_all=動詞
add,1873,stable,stable,adjective,base,1,安定した，安泰な,high_school,2,eiken,英検語彙由来のv2正本候補。英検最小級=pre2。出現級=pre2;2。pos判定=label_raw_all,source_refs=pre2:487;2:546; row_count=2; label_raw_all=形容詞
add,1874,stake,stake,noun,base,1,くい，掛け金,high_school,2,eiken,英検語彙由来のv2正本候補。英検最小級=pre2。出現級=pre2;2。pos判定=label_raw_all,source_refs=pre2:1125;2:1662; row_count=2; label_raw_all=名詞
add,1875,stare,stare,verb,base,1,じっと見つめる，しきりに観察する,high_school,2,eiken,英検語彙由来のv2正本候補。英検最小級=pre2。出現級=pre2;2。pos判定=label_raw_all,source_refs=pre2:480;2:1847; row_count=2; label_raw_all=動詞
add,1876,state,state,noun,base,1,状態，状況,high_school,2,eiken,英検語彙由来のv2正本候補。英検最小級=pre2。出現級=pre2;2。pos判定=label_raw_all,source_refs=pre2:887;2:1136; row_count=2; label_raw_all=名詞
add,1877,statistics,statistics,noun,base,1,統計，数字,high_school,2,eiken,英検語彙由来のv2正本候補。英検最小級=pre2。出現級=pre2;2。pos判定=label_raw_all,source_refs=pre2:1333;2:256; row_count=2; label_raw_all=名詞
add,1878,status,status,noun,base,1,状態，身分,high_school,2,eiken,英検語彙由来のv2正本候補。英検最小級=pre2。出現級=pre2;2。pos判定=label_raw_all,source_refs=pre2:383;2:1332; row_count=2; label_raw_all=名詞
add,1879,steel,steel,noun,base,1,鋼鉄，鉄,high_school,2,eiken,英検語彙由来のv2正本候補。英検最小級=pre2。出現級=pre2;2。pos判定=label_raw_all,source_refs=pre2:254;2:1985; row_count=2; label_raw_all=名詞
add,1880,stimulate,stimulate,verb,base,1,を刺激する，元気づける,high_school,2,eiken,英検語彙由来のv2正本候補。英検最小級=pre2。出現級=pre2;2。pos判定=label_raw_all,source_refs=pre2:694;2:957; row_count=2; label_raw_all=動詞
add,1881,stir,stir,verb,base,1,"をかき混ぜる, 混ぜる",high_school,1,eiken,英検語彙由来のv2正本候補。英検最小級=pre2。出現級=pre2;2;pre1。pos判定=label_raw_all,source_refs=pre2:1476;2:476;pre1:340; row_count=3; label_raw_all=動詞
add,1882,stock,stock,noun,base,1,株，在庫/を在庫に持つ,high_school,1,eiken,英検語彙由来のv2正本候補。英検最小級=pre2。出現級=pre2;2;pre1。pos判定=label_raw_all,source_refs=pre2:1442;2:426;pre1:341; row_count=3; label_raw_all=名詞
add,1883,stomach,stomach,noun,base,1,腹,high_school,2,eiken,英検語彙由来のv2正本候補。英検最小級=pre2。出現級=pre2。pos判定=label_raw_all,source_refs=pre2:212; row_count=1; label_raw_all=名詞
add,1884,storage,storage,noun,base,1,保管場所，倉庫,high_school,2,eiken,英検語彙由来のv2正本候補。英検最小級=pre2。出現級=pre2;2。pos判定=label_raw_all,source_refs=pre2:297;2:1903; row_count=2; label_raw_all=名詞; meaning_ja_all=保管場所，倉庫 / 倉庫，保管場所
add,1885,strain,strain,verb,base,1,張る，伸ばす,high_school,1,eiken,英検語彙由来のv2正本候補。英検最小級=pre2。出現級=pre2;2;pre1;1。pos判定=label_raw_all,source_refs=pre2:301;2:1723;pre1:3322;1:3214; row_count=4; label_raw_all=動詞; meaning_ja_all=張る，伸ばす / 引っ張る
add,1886,strangely,strangely,adverb,base,1,不思議なことに，奇妙に,high_school,2,eiken,英検語彙由来のv2正本候補。英検最小級=pre2。出現級=pre2;2。pos判定=label_raw_all,source_refs=pre2:1382;2:339; row_count=2; label_raw_all=副詞
add,1887,strategy,strategy,noun,base,1,戦略，戦術,high_school,2,eiken,英検語彙由来のv2正本候補。英検最小級=pre2。出現級=pre2;2。pos判定=label_raw_all,source_refs=pre2:360;2:1807; row_count=2; label_raw_all=名詞
add,1888,stream,stream,noun,base,1,流れ，水流,high_school,2,eiken,英検語彙由来のv2正本候補。英検最小級=pre2。出現級=pre2;2。pos判定=label_raw_all,source_refs=pre2:391;2:1871; row_count=2; label_raw_all=名詞
add,1889,strike,strike,verb,base,1,叩く，打つ,high_school,2,eiken,英検語彙由来のv2正本候補。英検最小級=pre2。出現級=pre2;2。pos判定=label_raw_all,source_refs=pre2:912;2:587; row_count=2; label_raw_all=動詞
add,1890,stroke,stroke,noun,base,1,打撃，衝撃,high_school,2,eiken,英検語彙由来のv2正本候補。英検最小級=pre2。出現級=pre2;2。pos判定=label_raw_all,source_refs=pre2:1206;2:1214; row_count=2; label_raw_all=名詞
add,1891,strongly,strongly,adverb,base,1,強く，激しく,high_school,2,eiken,英検語彙由来のv2正本候補。英検最小級=pre2。出現級=pre2;2。pos判定=label_raw_all,source_refs=pre2:1104;2:1141; row_count=2; label_raw_all=副詞
add,1892,structure,structure,noun,base,1,構造，建造物,high_school,2,eiken,英検語彙由来のv2正本候補。英検最小級=pre2。出現級=pre2;2。pos判定=label_raw_all,source_refs=pre2:328;2:1130; row_count=2; label_raw_all=名詞
add,1893,stupid,stupid,adjective,base,1,馬鹿な，愚かな,high_school,2,eiken,英検語彙由来のv2正本候補。英検最小級=pre2。出現級=pre2;2。pos判定=label_raw_all,source_refs=pre2:1007;2:1715; row_count=2; label_raw_all=形容詞
add,1894,submit,submit,verb,base,1,を提出する，に服従する,high_school,2,eiken,英検語彙由来のv2正本候補。英検最小級=pre2。出現級=pre2;2。pos判定=label_raw_all,source_refs=pre2:538;2:945; row_count=2; label_raw_all=動詞
add,1895,substance,substance,noun,base,1,物質，実態,high_school,2,eiken,英検語彙由来のv2正本候補。英検最小級=pre2。出現級=pre2;2。pos判定=label_raw_all,source_refs=pre2:1010;2:230; row_count=2; label_raw_all=名詞
add,1896,sudden,sudden,adjective,base,1,突然の，急な,high_school,2,eiken,英検語彙由来のv2正本候補。英検最小級=pre2。出現級=pre2;2。pos判定=label_raw_all,source_refs=pre2:1028;2:1484; row_count=2; label_raw_all=形容詞
add,1897,suffer,suffer,verb,base,1,を患う，苦しむ,high_school,2,eiken,英検語彙由来のv2正本候補。英検最小級=pre2。出現級=pre2;2。pos判定=label_raw_all,source_refs=pre2:439;2:303; row_count=2; label_raw_all=動詞
add,1898,sufficient,sufficient,adjective,base,1,十分な，足りている,high_school,2,eiken,英検語彙由来のv2正本候補。英検最小級=pre2。出現級=pre2;2。pos判定=label_raw_all,source_refs=pre2:1319;2:237; row_count=2; label_raw_all=形容詞
add,1899,suggest,suggest,verb,base,1,を提案する，勧める,high_school,2,eiken,英検語彙由来のv2正本候補。英検最小級=pre2。出現級=pre2;2。pos判定=label_raw_all,source_refs=pre2:593;2:780; row_count=2; label_raw_all=動詞
add,1900,suggestion,suggestion,noun,base,1,提案，案,high_school,2,eiken,英検語彙由来のv2正本候補。英検最小級=pre2。出現級=pre2;2。pos判定=label_raw_all,source_refs=pre2:671;2:1934; row_count=2; label_raw_all=名詞
add,1901,suicide,suicide,noun,base,1,自殺，自害,high_school,2,eiken,英検語彙由来のv2正本候補。英検最小級=pre2。出現級=pre2;2。pos判定=label_raw_all,source_refs=pre2:517;2:1374; row_count=2; label_raw_all=名詞
add,1902,suit,suit,verb,base,1,適合する，合致する,high_school,2,eiken,英検語彙由来のv2正本候補。英検最小級=pre2。出現級=pre2;2。pos判定=label_raw_all,source_refs=pre2:862;2:1526; row_count=2; label_raw_all=動詞
add,1903,suitable,suitable,adjective,base,1,適した，好都合な,high_school,2,eiken,英検語彙由来のv2正本候補。英検最小級=pre2。出現級=pre2;2。pos判定=label_raw_all,source_refs=pre2:961;2:1799; row_count=2; label_raw_all=形容詞
add,1904,sum,sum,noun,base,1,合計，総計,high_school,2,eiken,英検語彙由来のv2正本候補。英検最小級=pre2。出現級=pre2;2。pos判定=label_raw_all,source_refs=pre2:520;2:1538; row_count=2; label_raw_all=名詞
add,1905,summit,summit,noun,base,1,頂上，山頂,high_school,1,eiken,英検語彙由来のv2正本候補。英検最小級=pre2。出現級=pre2;2;pre1。pos判定=label_raw_all,source_refs=pre2:1065;2:1192;pre1:3205; row_count=3; label_raw_all=名詞
add,1906,superior,superior,adjective,base,1,より優れた，優越な,high_school,2,eiken,英検語彙由来のv2正本候補。英検最小級=pre2。出現級=pre2;2。pos判定=label_raw_all,source_refs=pre2:893;2:733; row_count=2; label_raw_all=形容詞
add,1907,suppose,suppose,verb,base,1,だと思う，と仮定する,high_school,2,eiken,英検語彙由来のv2正本候補。英検最小級=pre2。出現級=pre2;2。pos判定=label_raw_all,source_refs=pre2:744;2:1084; row_count=2; label_raw_all=動詞
add,1908,supreme,supreme,adjective,base,1,最高の，至高の,high_school,1,eiken,英検語彙由来のv2正本候補。英検最小級=pre2。出現級=pre2;2;pre1。pos判定=label_raw_all,source_refs=pre2:1185;2:1382;pre1:1874; row_count=3; label_raw_all=形容詞
add,1909,surface,surface,noun,base,1,表面，水面,high_school,2,eiken,英検語彙由来のv2正本候補。英検最小級=pre2。出現級=pre2;2。pos判定=label_raw_all,source_refs=pre2:44;2:514; row_count=2; label_raw_all=名詞
add,1910,surgery,surgery,noun,base,1,手術，外科,high_school,2,eiken,英検語彙由来のv2正本候補。英検最小級=pre2。出現級=pre2;2。pos判定=label_raw_all,source_refs=pre2:794;2:1987; row_count=2; label_raw_all=名詞
add,1911,suspect,suspect,verb,base,1,疑う，だと思う,high_school,2,eiken,英検語彙由来のv2正本候補。英検最小級=pre2。出現級=pre2;2。pos判定=label_raw_all,source_refs=pre2:1014;2:1982; row_count=2; label_raw_all=動詞
add,1912,sustain,sustain,verb,base,1,保持する，維持する,high_school,1,eiken,英検語彙由来のv2正本候補。英検最小級=pre2。出現級=pre2;2;pre1。pos判定=label_raw_all,source_refs=pre2:800;2:1691;pre1:3346; row_count=3; label_raw_all=動詞
add,1913,swear,swear,verb,base,1,誓う，宣誓する,high_school,2,eiken,英検語彙由来のv2正本候補。英検最小級=pre2。出現級=pre2;2。pos判定=label_raw_all,source_refs=pre2:606;2:975; row_count=2; label_raw_all=動詞
add,1914,symmetry,symmetry,noun,base,1,対称，左右対称,high_school,1,eiken,英検語彙由来のv2正本候補。英検最小級=pre2。出現級=pre2;2;1。pos判定=label_raw_all,source_refs=pre2:1401;2:362;1:1977; row_count=3; label_raw_all=名詞; meaning_ja_all=対称，左右対称 / 対称
add,1915,sympathy,sympathy,noun,base,1,同情，思いやり,high_school,1,eiken,英検語彙由来のv2正本候補。英検最小級=pre2。出現級=pre2;2;pre1。pos判定=label_raw_all,source_refs=pre2:1262;2:123;pre1:34; row_count=3; label_raw_all=名詞
add,1916,symptom,symptom,noun,base,1,症状，兆候,high_school,2,eiken,英検語彙由来のv2正本候補。英検最小級=pre2。出現級=pre2;2。pos判定=label_raw_all,source_refs=pre2:729;2:1250; row_count=2; label_raw_all=名詞
add,1917,tail,tail,noun,base,1,尾，尾部,high_school,2,eiken,英検語彙由来のv2正本候補。英検最小級=pre2。出現級=pre2;2。pos判定=label_raw_all,source_refs=pre2:1091;2:1152; row_count=2; label_raw_all=名詞
add,1918,task,task,noun,base,1,仕事，職業,high_school,2,eiken,英検語彙由来のv2正本候補。英検最小級=pre2。出現級=pre2;2。pos判定=label_raw_all,source_refs=pre2:590;2:1647; row_count=2; label_raw_all=名詞
add,1919,teenager,teenager,noun,base,1,十代，少年期,high_school,2,eiken,英検語彙由来のv2正本候補。英検最小級=pre2。出現級=pre2;2。pos判定=label_raw_all,source_refs=pre2:1200;2:1527; row_count=2; label_raw_all=名詞
add,1920,temper,temper,noun,base,1,気性，かんしゃく,high_school,1,eiken,英検語彙由来のv2正本候補。英検最小級=pre2。出現級=pre2;2;pre1;1。pos判定=label_raw_all,source_refs=pre2:1432;2:410;pre1:11;1:2254; row_count=4; label_raw_all=名詞; meaning_ja_all=気性，かんしゃく / 気性
add,1921,temperature,temperature,noun,base,1,温度，気温,high_school,2,eiken,英検語彙由来のv2正本候補。英検最小級=pre2。出現級=pre2;2。pos判定=label_raw_all,source_refs=pre2:173;2:560; row_count=2; label_raw_all=名詞
add,1922,temporarily,temporarily,adverb,base,1,一時的に，仮に,high_school,2,eiken,英検語彙由来のv2正本候補。英検最小級=pre2。出現級=pre2;2。pos判定=label_raw_all,source_refs=pre2:1468;2:464; row_count=2; label_raw_all=副詞
add,1923,temporary,temporary,adjective,base,1,一時的な，短期的な,high_school,2,eiken,英検語彙由来のv2正本候補。英検最小級=pre2。出現級=pre2;2。pos判定=label_raw_all,source_refs=pre2:1046;2:219; row_count=2; label_raw_all=形容詞
add,1924,term,term,noun,base,1,期間，専門用語,high_school,2,eiken,英検語彙由来のv2正本候補。英検最小級=pre2。出現級=pre2;2。pos判定=label_raw_all,source_refs=pre2:585;2:1610; row_count=2; label_raw_all=名詞
add,1925,terminal,terminal,adjective,base,1,終りの，末端の,high_school,2,eiken,英検語彙由来のv2正本候補。英検最小級=pre2。出現級=pre2;2。pos判定=label_raw_all,source_refs=pre2:1334;2:258; row_count=2; label_raw_all=形容詞
add,1926,terror,terror,noun,base,1,恐怖，恐れ,high_school,2,eiken,英検語彙由来のv2正本候補。英検最小級=pre2。出現級=pre2;2。pos判定=label_raw_all,source_refs=pre2:1165;2:1798; row_count=2; label_raw_all=名詞
add,1927,theory,theory,noun,base,1,理論，学説,high_school,2,eiken,英検語彙由来のv2正本候補。英検最小級=pre2。出現級=pre2;2。pos判定=label_raw_all,source_refs=pre2:426;2:180; row_count=2; label_raw_all=名詞
add,1928,therapy,therapy,noun,base,1,治療，療法,high_school,2,eiken,英検語彙由来のv2正本候補。英検最小級=pre2。出現級=pre2;2。pos判定=label_raw_all,source_refs=pre2:295;2:1048; row_count=2; label_raw_all=名詞
add,1929,therefore,therefore,adverb,base,1,それゆえ，だから,high_school,2,eiken,英検語彙由来のv2正本候補。英検最小級=pre2。出現級=pre2;2。pos判定=label_raw_all,source_refs=pre2:613;2:27; row_count=2; label_raw_all=副詞
add,1930,thick,thick,adjective,base,1,厚い，肥厚な,high_school,2,eiken,英検語彙由来のv2正本候補。英検最小級=pre2。出現級=pre2;2。pos判定=label_raw_all,source_refs=pre2:379;2:1359; row_count=2; label_raw_all=形容詞
add,1931,threat,threat,noun,base,1,脅威，危機,high_school,2,eiken,英検語彙由来のv2正本候補。英検最小級=pre2。出現級=pre2;2。pos判定=label_raw_all,source_refs=pre2:831;2:901; row_count=2; label_raw_all=名詞
add,1932,threaten,threaten,verb,base,1,を脅かす,high_school,2,eiken,英検語彙由来のv2正本候補。英検最小級=pre2。出現級=pre2。pos判定=label_raw_all,source_refs=pre2:343; row_count=1; label_raw_all=動詞
add,1933,throat,throat,noun,base,1,のど，咽喉,high_school,2,eiken,英検語彙由来のv2正本候補。英検最小級=pre2。出現級=pre2;2。pos判定=label_raw_all,source_refs=pre2:532;2:1546; row_count=2; label_raw_all=名詞
add,1934,throughout,throughout,preposition,base,1,至るところに，終始,high_school,2,eiken,英検語彙由来のv2正本候補。英検最小級=pre2。出現級=pre2;2。pos判定=label_raw_all,source_refs=pre2:444;2:1834; row_count=2; label_raw_all=前置詞
add,1935,tight,tight,adjective,base,1,狭い，締まった,high_school,2,eiken,英検語彙由来のv2正本候補。英検最小級=pre2。出現級=pre2;2。pos判定=label_raw_all,source_refs=pre2:33;2:541; row_count=2; label_raw_all=形容詞
add,1936,till,till,preposition,base,1,まで，至る,high_school,2,eiken,英検語彙由来のv2正本候補。英検最小級=pre2。出現級=pre2;2。pos判定=label_raw_all_multi:preposition|conjunction,source_refs=pre2:473;2:1622; row_count=2; label_raw_all=接続詞;前置詞
add,1937,tissue,tissue,noun,base,1,組織,high_school,2,eiken,英検語彙由来のv2正本候補。英検最小級=pre2。出現級=pre2;2。pos判定=label_raw_all,source_refs=pre2:1018;2:2257; row_count=2; label_raw_all=名詞; meaning_ja_all=組織 / 細胞組織，薄い織物
add,1938,toe,toe,noun,base,1,つま先，足の指,high_school,2,eiken,英検語彙由来のv2正本候補。英検最小級=pre2。出現級=pre2;2。pos判定=label_raw_all,source_refs=pre2:1085;2:1269; row_count=2; label_raw_all=名詞
add,1939,tolerate,tolerate,verb,base,1,に耐える，寛大に取り扱う,high_school,1,eiken,英検語彙由来のv2正本候補。英検最小級=pre2。出現級=pre2;2;pre1。pos判定=label_raw_all,source_refs=pre2:1279;2:148;pre1:591; row_count=3; label_raw_all=動詞
add,1940,tongue,tongue,noun,base,1,言葉，舌,high_school,2,eiken,英検語彙由来のv2正本候補。英検最小級=pre2。出現級=pre2;2。pos判定=label_raw_all,source_refs=pre2:626;2:1111; row_count=2; label_raw_all=名詞
add,1941,totally,totally,adverb,base,1,完全に，全く,high_school,2,eiken,英検語彙由来のv2正本候補。英検最小級=pre2。出現級=pre2;2。pos判定=label_raw_all,source_refs=pre2:804;2:1774; row_count=2; label_raw_all=副詞
add,1942,toward,toward,preposition,base,1,向かって，のほうへ,high_school,2,eiken,英検語彙由来のv2正本候補。英検最小級=pre2。出現級=pre2;2。pos判定=label_raw_all,source_refs=pre2:1100;2:1259; row_count=2; label_raw_all=前置詞
add,1943,towards,towards,preposition,base,1,の方へ，向かって,high_school,2,eiken,英検語彙由来のv2正本候補。英検最小級=pre2。出現級=pre2;2。pos判定=label_raw_all,source_refs=pre2:461;2:1780; row_count=2; label_raw_all=前置詞
add,1944,traffic,traffic,noun,base,1,交通，運輸,high_school,2,eiken,英検語彙由来のv2正本候補。英検最小級=pre2。出現級=pre2;2。pos判定=label_raw_all,source_refs=pre2:58;2:1814; row_count=2; label_raw_all=名詞
add,1945,transfer,transfer,verb,base,1,を移す，を転送する,high_school,2,eiken,英検語彙由来のv2正本候補。英検最小級=pre2。出現級=pre2;2。pos判定=label_raw_all,source_refs=pre2:1029;2:1396; row_count=2; label_raw_all=動詞
add,1946,transform,transform,verb,base,1,を変える，を改変する,high_school,2,eiken,英検語彙由来のv2正本候補。英検最小級=pre2。出現級=pre2;2。pos判定=label_raw_all,source_refs=pre2:832;2:1395; row_count=2; label_raw_all=動詞
add,1947,transition,transition,noun,base,1,遷移，変遷,high_school,2,eiken,英検語彙由来のv2正本候補。英検最小級=pre2。出現級=pre2;2。pos判定=label_raw_all,source_refs=pre2:982;2:1421; row_count=2; label_raw_all=名詞
add,1948,translate,translate,verb,base,1,を翻訳する，通訳する,high_school,2,eiken,英検語彙由来のv2正本候補。英検最小級=pre2。出現級=pre2;2。pos判定=label_raw_all,source_refs=pre2:198;2:182; row_count=2; label_raw_all=動詞
add,1949,treat,treat,verb,base,1,を扱う，待遇する,high_school,2,eiken,英検語彙由来のv2正本候補。英検最小級=pre2。出現級=pre2;2。pos判定=label_raw_all,source_refs=pre2:153;2:452; row_count=2; label_raw_all=動詞
add,1950,treatment,treatment,noun,base,1,扱い，処理,high_school,2,eiken,英検語彙由来のv2正本候補。英検最小級=pre2。出現級=pre2;2。pos判定=label_raw_all,source_refs=pre2:877;2:616; row_count=2; label_raw_all=名詞
add,1951,treaty,treaty,noun,base,1,条約,high_school,2,eiken,英検語彙由来のv2正本候補。英検最小級=pre2。出現級=pre2;pre1。pos判定=label_raw_all,source_refs=pre2:735;pre1:3138; row_count=2; label_raw_all=名詞
add,1952,tribe,tribe,noun,base,1,部族，種族,high_school,2,eiken,英検語彙由来のv2正本候補。英検最小級=pre2。出現級=pre2;2。pos判定=label_raw_all,source_refs=pre2:730;2:1970; row_count=2; label_raw_all=名詞
add,1953,trigger,trigger,noun,base,1,引き金，誘因,high_school,2,eiken,英検語彙由来のv2正本候補。英検最小級=pre2。出現級=pre2;2。pos判定=label_raw_all,source_refs=pre2:382;2:1393; row_count=2; label_raw_all=名詞
add,1954,truly,truly,adverb,base,1,真に，正確に,high_school,2,eiken,英検語彙由来のv2正本候補。英検最小級=pre2。出現級=pre2;2。pos判定=label_raw_all,source_refs=pre2:1166;2:963; row_count=2; label_raw_all=副詞
add,1955,truth,truth,noun,base,1,真実，事実,high_school,2,eiken,英検語彙由来のv2正本候補。英検最小級=pre2。出現級=pre2;2。pos判定=label_raw_all,source_refs=pre2:388;2:1636; row_count=2; label_raw_all=名詞
add,1956,typical,typical,adjective,base,1,典型的な，代表的な,high_school,2,eiken,英検語彙由来のv2正本候補。英検最小級=pre2。出現級=pre2;2。pos判定=label_raw_all,source_refs=pre2:368;2:1837; row_count=2; label_raw_all=形容詞
add,1957,typically,typically,adverb,base,1,典型的に，一般的に,high_school,2,eiken,英検語彙由来のv2正本候補。英検最小級=pre2。出現級=pre2;2。pos判定=label_raw_all,source_refs=pre2:1067;2:1061; row_count=2; label_raw_all=副詞
add,1958,unable,unable,adjective,base,1,できない，不能である,high_school,2,eiken,英検語彙由来のv2正本候補。英検最小級=pre2。出現級=pre2;2。pos判定=label_raw_all,source_refs=pre2:177;2:25; row_count=2; label_raw_all=形容詞
add,1959,unbelievable,unbelievable,adjective,base,1,信じられない，信じがたい,high_school,2,eiken,英検語彙由来のv2正本候補。英検最小級=pre2。出現級=pre2;2。pos判定=label_raw_all,source_refs=pre2:1429;2:406; row_count=2; label_raw_all=形容詞
add,1960,unfortunately,unfortunately,adverb,base,1,残念なことに，不幸にも,high_school,2,eiken,英検語彙由来のv2正本候補。英検最小級=pre2。出現級=pre2;2。pos判定=label_raw_all,source_refs=pre2:345;2:28; row_count=2; label_raw_all=副詞
add,1961,union,union,noun,base,1,統合，一致,high_school,2,eiken,英検語彙由来のv2正本候補。英検最小級=pre2。出現級=pre2;2。pos判定=label_raw_all,source_refs=pre2:609;2:1357; row_count=2; label_raw_all=名詞
add,1962,unique,unique,adjective,base,1,他に類を見ない，唯一の,high_school,2,eiken,英検語彙由来のv2正本候補。英検最小級=pre2。出現級=pre2;2。pos判定=label_raw_all,source_refs=pre2:895;2:1334; row_count=2; label_raw_all=形容詞
add,1963,unit,unit,noun,base,1,単位，員数,high_school,2,eiken,英検語彙由来のv2正本候補。英検最小級=pre2。出現級=pre2;2。pos判定=label_raw_all,source_refs=pre2:220;2:1749; row_count=2; label_raw_all=名詞
add,1964,universal,universal,adjective,base,1,普遍的な，万能の,high_school,2,eiken,英検語彙由来のv2正本候補。英検最小級=pre2。出現級=pre2;2。pos判定=label_raw_all,source_refs=pre2:1155;2:1940; row_count=2; label_raw_all=形容詞
add,1965,unknown,unknown,adjective,base,1,未知の，未明らかな,high_school,2,eiken,英検語彙由来のv2正本候補。英検最小級=pre2。出現級=pre2;2。pos判定=label_raw_all,source_refs=pre2:248;2:1265; row_count=2; label_raw_all=形容詞; meaning_ja_all=未知の，未明らかな / 未知の，分からない
add,1966,unless,unless,conjunction,base,1,でない限り，除いて,high_school,2,eiken,英検語彙由来のv2正本候補。英検最小級=pre2。出現級=pre2;2。pos判定=label_raw_all,source_refs=pre2:1183;2:1178; row_count=2; label_raw_all=接続詞
add,1967,unlike,unlike,preposition,base,1,と異なって，とは違って,high_school,2,eiken,英検語彙由来のv2正本候補。英検最小級=pre2。出現級=pre2;2。pos判定=label_raw_all,source_refs=pre2:733;2:70; row_count=2; label_raw_all=前置詞
add,1968,upset,upset,adjective,base,1,気持ちが動揺した，ひっくり返す,high_school,2,eiken,英検語彙由来のv2正本候補。英検最小級=pre2。出現級=pre2;2。pos判定=label_raw_all,source_refs=pre2:308;2:1219; row_count=2; label_raw_all=形容詞
add,1969,urban,urban,adjective,base,1,都会の，市内の,high_school,2,eiken,英検語彙由来のv2正本候補。英検最小級=pre2。出現級=pre2;2。pos判定=label_raw_all,source_refs=pre2:550;2:1204; row_count=2; label_raw_all=形容詞
add,1970,urgent,urgent,adjective,base,1,緊急の，急を要する,high_school,1,eiken,英検語彙由来のv2正本候補。英検最小級=pre2。出現級=pre2;2;pre1。pos判定=label_raw_all,source_refs=pre2:1322;2:243;pre1:161; row_count=3; label_raw_all=形容詞
add,1971,useless,useless,adjective,base,1,役に立たない，むだな,high_school,2,eiken,英検語彙由来のv2正本候補。英検最小級=pre2。出現級=pre2;2。pos判定=label_raw_all,source_refs=pre2:1025;2:1430; row_count=2; label_raw_all=形容詞
add,1972,vague,vague,adjective,base,1,漠然とした，あいまいな,high_school,1,eiken,英検語彙由来のv2正本候補。英検最小級=pre2。出現級=pre2;2;pre1。pos判定=label_raw_all,source_refs=pre2:1434;2:413;pre1:142; row_count=3; label_raw_all=形容詞
add,1973,valuable,valuable,adjective,base,1,貴重な，価値のある,high_school,2,eiken,英検語彙由来のv2正本候補。英検最小級=pre2。出現級=pre2;2。pos判定=label_raw_all,source_refs=pre2:471;2:161; row_count=2; label_raw_all=形容詞
add,1974,variation,variation,noun,base,1,変化，変動,high_school,2,eiken,英検語彙由来のv2正本候補。英検最小級=pre2。出現級=pre2;2。pos判定=label_raw_all,source_refs=pre2:1006;2:1525; row_count=2; label_raw_all=名詞
add,1975,various,various,adjective,base,1,様々な，多様な,high_school,2,eiken,英検語彙由来のv2正本候補。英検最小級=pre2。出現級=pre2;2。pos判定=label_raw_all,source_refs=pre2:728;2:489; row_count=2; label_raw_all=形容詞
add,1976,vary,vary,verb,base,1,多様化する，異なる,high_school,2,eiken,英検語彙由来のv2正本候補。英検最小級=pre2。出現級=pre2;pre1。pos判定=label_raw_all,source_refs=pre2:479;pre1:3174; row_count=2; label_raw_all=動詞
add,1977,vehicle,vehicle,noun,base,1,乗り物，車,high_school,2,eiken,英検語彙由来のv2正本候補。英検最小級=pre2。出現級=pre2;2。pos判定=label_raw_all,source_refs=pre2:926;2:7; row_count=2; label_raw_all=名詞
add,1978,venture,venture,noun,base,1,冒険的事業，投機的事業,high_school,1,eiken,英検語彙由来のv2正本候補。英検最小級=pre2。出現級=pre2;2;pre1。pos判定=label_raw_all,source_refs=pre2:1212;2:1079;pre1:3268; row_count=3; label_raw_all=名詞
add,1979,via,via,preposition,base,1,～経由で,high_school,2,eiken,英検語彙由来のv2正本候補。英検最小級=pre2。出現級=pre2。pos判定=label_raw_all,source_refs=pre2:621; row_count=1; label_raw_all=前置詞
add,1980,victim,victim,noun,base,1,犠牲者，被害者,high_school,2,eiken,英検語彙由来のv2正本候補。英検最小級=pre2。出現級=pre2;2。pos判定=label_raw_all,source_refs=pre2:881;2:487; row_count=2; label_raw_all=名詞
add,1981,viewer,viewer,noun,base,1,観察者，視聴者，監視人,high_school,2,eiken,英検語彙由来のv2正本候補。英検最小級=pre2。出現級=pre2;2。pos判定=label_raw_all,source_refs=pre2:456;2:1590; row_count=2; label_raw_all=名詞
add,1982,violate,violate,verb,base,1,違反する，破る,high_school,1,eiken,英検語彙由来のv2正本候補。英検最小級=pre2。出現級=pre2;2;pre1。pos判定=label_raw_all,source_refs=pre2:1378;2:330;pre1:797; row_count=3; label_raw_all=動詞
add,1983,virtually,virtually,adverb,base,1,実質的に，事実上,high_school,2,eiken,英検語彙由来のv2正本候補。英検最小級=pre2。出現級=pre2;2。pos判定=label_raw_all,source_refs=pre2:569;2:1808; row_count=2; label_raw_all=副詞
add,1984,virus,virus,noun,base,1,ウイルス，病原体,high_school,2,eiken,英検語彙由来のv2正本候補。英検最小級=pre2。出現級=pre2;2。pos判定=label_raw_all,source_refs=pre2:469;2:1366; row_count=2; label_raw_all=名詞
add,1985,visible,visible,adjective,base,1,"目に見える, 可視的",high_school,2,eiken,英検語彙由来のv2正本候補。英検最小級=pre2。出現級=pre2;2。pos判定=label_raw_all,source_refs=pre2:857;2:490; row_count=2; label_raw_all=形容詞
add,1986,vision,vision,noun,base,1,未来像,high_school,2,eiken,英検語彙由来のv2正本候補。英検最小級=pre2。出現級=pre2。pos判定=label_raw_all,source_refs=pre2:213; row_count=1; label_raw_all=名詞
add,1987,vital,vital,adjective,base,1,極めて重要な，生命の,high_school,1,eiken,英検語彙由来のv2正本候補。英検最小級=pre2。出現級=pre2;2;pre1。pos判定=label_raw_all,source_refs=pre2:245;2:904;pre1:3245; row_count=3; label_raw_all=形容詞
add,1988,vote,vote,verb,base,1,投票する/投票権,high_school,2,eiken,英検語彙由来のv2正本候補。英検最小級=pre2。出現級=pre2;2。pos判定=label_raw_all,source_refs=pre2:242;2:1378; row_count=2; label_raw_all=動詞
add,1989,voter,voter,noun,base,1,投票者，選挙人,high_school,2,eiken,英検語彙由来のv2正本候補。英検最小級=pre2。出現級=pre2;2。pos判定=label_raw_all,source_refs=pre2:651;2:1769; row_count=2; label_raw_all=名詞
add,1990,vulnerable,vulnerable,adjective,base,1,傷つきやすい，繊細,high_school,1,eiken,英検語彙由来のv2正本候補。英検最小級=pre2。出現級=pre2;2;pre1。pos判定=label_raw_all,source_refs=pre2:475;2:1471;pre1:2130; row_count=3; label_raw_all=形容詞
add,1991,wealthy,wealthy,adjective,base,1,裕福な，豊かな,high_school,2,eiken,英検語彙由来のv2正本候補。英検最小級=pre2。出現級=pre2;2。pos判定=label_raw_all,source_refs=pre2:82;2:755; row_count=2; label_raw_all=形容詞
add,1992,weight,weight,noun,base,1,重さ，体重,high_school,2,eiken,英検語彙由来のv2正本候補。英検最小級=pre2。出現級=pre2;2。pos判定=label_raw_all,source_refs=pre2:1107;2:1840; row_count=2; label_raw_all=名詞
add,1993,whatever,whatever,pronoun,base,1,なんでも，何もかも,high_school,2,eiken,英検語彙由来のv2正本候補。英検最小級=pre2。出現級=pre2;2。pos判定=label_raw_all_multi:pronoun|noun,source_refs=pre2:1042;2:1568; row_count=2; label_raw_all=代名詞
add,1994,whenever,whenever,conjunction,base,1,する時はいつでも，する際は常に,high_school,2,eiken,英検語彙由来のv2正本候補。英検最小級=pre2。出現級=pre2;2。pos判定=label_raw_all,source_refs=pre2:751;2:1163; row_count=2; label_raw_all=接続詞
add,1995,wherever,wherever,conjunction,base,1,どこでも，どの場所でも,high_school,2,eiken,英検語彙由来のv2正本候補。英検最小級=pre2。出現級=pre2;2。pos判定=label_raw_all,source_refs=pre2:409;2:1783; row_count=2; label_raw_all=接続詞
add,1996,whether,whether,conjunction,base,1,どちらか，いずれか,high_school,2,eiken,英検語彙由来のv2正本候補。英検最小級=pre2。出現級=pre2;2。pos判定=label_raw_all,source_refs=pre2:405;2:973; row_count=2; label_raw_all=接続詞
add,1997,whisper,whisper,verb,base,1,ささやく，を耳打ちする,high_school,1,eiken,英検語彙由来のv2正本候補。英検最小級=pre2。出現級=pre2;2;pre1。pos判定=label_raw_all,source_refs=pre2:1327;2:249;pre1:3012; row_count=3; label_raw_all=動詞
add,1998,whom,whom,pronoun,base,1,誰を,high_school,2,eiken,英検語彙由来のv2正本候補。英検最小級=pre2。出現級=pre2。pos判定=label_raw_all_multi:pronoun|noun,source_refs=pre2:635; row_count=1; label_raw_all=代名詞
add,1999,widely,widely,adverb,base,1,広範囲に，多くの範囲に,high_school,2,eiken,英検語彙由来のv2正本候補。英検最小級=pre2。出現級=pre2;2。pos判定=label_raw_all,source_refs=pre2:1072;2:1572; row_count=2; label_raw_all=副詞
add,2000,wildlife,wildlife,noun,base,1,野生動物，野生生物,high_school,2,eiken,英検語彙由来のv2正本候補。英検最小級=pre2。出現級=pre2;2。pos判定=label_raw_all,source_refs=pre2:313;2:1865; row_count=2; label_raw_all=名詞
add,2001,wipe,wipe,verb,base,1,を拭く，拭き取る,high_school,2,eiken,英検語彙由来のv2正本候補。英検最小級=pre2。出現級=pre2;2。pos判定=label_raw_all,source_refs=pre2:656;2:721; row_count=2; label_raw_all=動詞
add,2002,wisdom,wisdom,noun,base,1,知恵，賢明さ,high_school,2,eiken,英検語彙由来のv2正本候補。英検最小級=pre2。出現級=pre2;2。pos判定=label_raw_all,source_refs=pre2:938;2:1818; row_count=2; label_raw_all=名詞
add,2003,wise,wise,adjective,base,1,賢い，賢明な,high_school,2,eiken,英検語彙由来のv2正本候補。英検最小級=pre2。出現級=pre2;2。pos判定=label_raw_all,source_refs=pre2:799;2:1677; row_count=2; label_raw_all=形容詞
add,2004,withdraw,withdraw,verb,base,1,を撤回する，引き下がる/引き出す,high_school,2,eiken,英検語彙由来のv2正本候補。英検最小級=pre2。出現級=pre2;2。pos判定=label_raw_all,source_refs=pre2:570;2:420; row_count=2; label_raw_all=動詞
add,2005,witness,witness,noun,base,1,目撃者，証人/を目撃する,high_school,1,eiken,英検語彙由来のv2正本候補。英検最小級=pre2。出現級=pre2;2;pre1。pos判定=label_raw_all,source_refs=pre2:993;2:162;pre1:3363; row_count=3; label_raw_all=名詞
add,2006,yield,yield,verb,base,1,産出する，生ずる,high_school,1,eiken,英検語彙由来のv2正本候補。英検最小級=pre2。出現級=pre2;2;1。pos判定=label_raw_all,source_refs=pre2:525;2:1696;1:4182; row_count=3; label_raw_all=動詞; meaning_ja_all=産出する，生ずる / 産出する，与える
add,2007,abolish,abolish,verb,base,1,廃止する,high_school,3,eiken,英検語彙由来のv2正本候補。英検最小級=2。出現級=2;pre1。pos判定=label_raw_all,source_refs=2:2221;pre1:898; row_count=2; label_raw_all=動詞
add,2008,abortion,abortion,noun,base,1,中絶，妊娠中絶,high_school,3,eiken,英検語彙由来のv2正本候補。英検最小級=2。出現級=2。pos判定=label_raw_all,source_refs=2:1184; row_count=1; label_raw_all=名詞
add,2009,abrupt,abrupt,adjective,base,1,突然の，不意の,high_school,1,eiken,英検語彙由来のv2正本候補。英検最小級=2。出現級=2;pre1;1。pos判定=label_raw_all,source_refs=2:581;pre1:1031;1:1400; row_count=3; label_raw_all=形容詞; meaning_ja_all=突然の，不意の / 突然の，急な
add,2010,absence,absence,noun,base,1,不在，欠席,high_school,3,eiken,英検語彙由来のv2正本候補。英検最小級=2。出現級=2。pos判定=label_raw_all,source_refs=2:1965; row_count=1; label_raw_all=名詞
add,2011,absolute,absolute,adjective,base,1,絶対的な，完全な,high_school,3,eiken,英検語彙由来のv2正本候補。英検最小級=2。出現級=2;pre1。pos判定=label_raw_all,source_refs=2:1878;pre1:3328; row_count=2; label_raw_all=形容詞
add,2012,abstract,abstract,adjective,base,1,抽象的な，非具体的な,high_school,3,eiken,英検語彙由来のv2正本候補。英検最小級=2。出現級=2;pre1。pos判定=label_raw_all,source_refs=2:985;pre1:3252; row_count=2; label_raw_all=形容詞
add,2013,academically,academically,adverb,base,1,学問的に，知識的に,high_school,3,eiken,英検語彙由来のv2正本候補。英検最小級=2。出現級=2。pos判定=label_raw_all,source_refs=2:959; row_count=1; label_raw_all=副詞
add,2014,accommodate,accommodate,verb,base,1,収容する,high_school,3,eiken,英検語彙由来のv2正本候補。英検最小級=2。出現級=2;pre1。pos判定=label_raw_all,source_refs=2:2054;pre1:1157; row_count=2; label_raw_all=動詞
add,2015,accommodation,accommodation,noun,base,1,宿泊施設,high_school,3,eiken,英検語彙由来のv2正本候補。英検最小級=2。出現級=2;pre1。pos判定=label_raw_all,source_refs=2:2138;pre1:865; row_count=2; label_raw_all=名詞
add,2016,accomplishment,accomplishment,noun,base,1,完成，成果,high_school,3,eiken,英検語彙由来のv2正本候補。英検最小級=2。出現級=2;pre1。pos判定=label_raw_all,source_refs=2:875;pre1:690; row_count=2; label_raw_all=名詞
add,2017,accumulate,accumulate,verb,base,1,蓄積する,high_school,1,eiken,英検語彙由来のv2正本候補。英検最小級=2。出現級=2;pre1;1。pos判定=label_raw_all,source_refs=2:2296;pre1:1293;1:472; row_count=3; label_raw_all=動詞; meaning_ja_all=蓄積する / 蓄積する，貯蔵する
add,2018,accuracy,accuracy,noun,base,1,正確さ，精密,high_school,3,eiken,英検語彙由来のv2正本候補。英検最小級=2。出現級=2;pre1。pos判定=label_raw_all,source_refs=2:825;pre1:1028; row_count=2; label_raw_all=名詞
add,2019,acknowledge,acknowledge,verb,base,1,を認める，認める,high_school,3,eiken,英検語彙由来のv2正本候補。英検最小級=2。出現級=2;pre1。pos判定=label_raw_all,source_refs=2:1981;pre1:3365; row_count=2; label_raw_all=動詞
add,2020,acquaint,acquaint,verb,base,1,知らせる,high_school,1,eiken,英検語彙由来のv2正本候補。英検最小級=2。出現級=2;pre1;1。pos判定=label_raw_all,source_refs=2:732;pre1:851;1:721; row_count=3; label_raw_all=動詞; meaning_ja_all=知らせる / に知らせる / 知らせる，通知する
add,2021,acquaintance,acquaintance,noun,base,1,知人，友人,high_school,3,eiken,英検語彙由来のv2正本候補。英検最小級=2。出現級=2;pre1。pos判定=label_raw_all,source_refs=2:1875;pre1:3194; row_count=2; label_raw_all=名詞
add,2022,acquire,acquire,verb,base,1,を身につける,high_school,3,eiken,英検語彙由来のv2正本候補。英検最小級=2。出現級=2。pos判定=label_raw_all,source_refs=2:2298; row_count=1; label_raw_all=動詞
add,2023,acute,acute,adjective,base,1,鋭角の,high_school,3,eiken,英検語彙由来のv2正本候補。英検最小級=2。出現級=2;pre1。pos判定=label_raw_all,source_refs=2:2245;pre1:873; row_count=2; label_raw_all=形容詞
add,2024,ad,ad,noun,base,1,広告，宣伝,high_school,3,eiken,英検語彙由来のv2正本候補。英検最小級=2。出現級=2。pos判定=label_raw_all,source_refs=2:1888; row_count=1; label_raw_all=名詞
add,2025,adequate,adequate,adjective,base,1,適切で，十分な,high_school,3,eiken,英検語彙由来のv2正本候補。英検最小級=2。出現級=2;pre1。pos判定=label_raw_all,source_refs=2:750;pre1:3198; row_count=2; label_raw_all=形容詞
add,2026,adjust,adjust,verb,base,1,を調節する，調整する,high_school,3,eiken,英検語彙由来のv2正本候補。英検最小級=2。出現級=2。pos判定=label_raw_all,source_refs=2:1137; row_count=1; label_raw_all=動詞
add,2027,adolescent,adolescent,noun,base,1,思春期の,high_school,3,eiken,英検語彙由来のv2正本候補。英検最小級=2。出現級=2;pre1。pos判定=label_raw_all,source_refs=2:2183;pre1:2123; row_count=2; label_raw_all=名詞
add,2028,advertisement,advertisement,noun,base,1,広告，宣伝,high_school,3,eiken,英検語彙由来のv2正本候補。英検最小級=2。出現級=2;pre1。pos判定=label_raw_all,source_refs=2:924;pre1:355; row_count=2; label_raw_all=名詞
add,2029,affection,affection,noun,base,1,愛情，好意,high_school,3,eiken,英検語彙由来のv2正本候補。英検最小級=2。出現級=2。pos判定=label_raw_all,source_refs=2:953; row_count=1; label_raw_all=名詞
add,2030,afterwards,afterwards,adverb,base,1,その後,high_school,3,eiken,英検語彙由来のv2正本候補。英検最小級=2。出現級=2。pos判定=label_raw_all,source_refs=2:2218; row_count=1; label_raw_all=副詞
add,2031,aggression,aggression,noun,base,1,攻撃性，侵略,high_school,3,eiken,英検語彙由来のv2正本候補。英検最小級=2。出現級=2。pos判定=label_raw_all,source_refs=2:1508; row_count=1; label_raw_all=名詞
add,2032,aggressive,aggressive,adjective,base,1,攻撃的な，侵略的な,high_school,3,eiken,英検語彙由来のv2正本候補。英検最小級=2。出現級=2。pos判定=label_raw_all,source_refs=2:1427; row_count=1; label_raw_all=形容詞
add,2033,agricultural,agricultural,adjective,base,1,農業の，農作物の,high_school,3,eiken,英検語彙由来のv2正本候補。英検最小級=2。出現級=2;pre1。pos判定=label_raw_all,source_refs=2:905;pre1:328; row_count=2; label_raw_all=形容詞
add,2034,aisle,aisle,noun,base,1,通路,high_school,3,eiken,英検語彙由来のv2正本候補。英検最小級=2。出現級=2;pre1。pos判定=label_raw_all,source_refs=2:2056;pre1:632; row_count=2; label_raw_all=名詞
add,2035,alive,alive,adjective,base,1,生きている，存命の,high_school,3,eiken,英検語彙由来のv2正本候補。英検最小級=2。出現級=2。pos判定=label_raw_all,source_refs=2:1716; row_count=1; label_raw_all=形容詞
add,2036,aloud,aloud,adverb,base,1,声に出して，大声で,high_school,3,eiken,英検語彙由来のv2正本候補。英検最小級=2。出現級=2。pos判定=label_raw_all,source_refs=2:1826; row_count=1; label_raw_all=副詞
add,2037,altitude,altitude,noun,base,1,高度,high_school,3,eiken,英検語彙由来のv2正本候補。英検最小級=2。出現級=2;pre1。pos判定=label_raw_all,source_refs=2:2265;pre1:1578; row_count=2; label_raw_all=名詞
add,2038,altogether,altogether,adverb,base,1,完全に，まったく,high_school,3,eiken,英検語彙由来のv2正本候補。英検最小級=2。出現級=2。pos判定=label_raw_all,source_refs=2:906; row_count=1; label_raw_all=副詞
add,2039,ambiguous,ambiguous,adjective,base,1,あいまいな,high_school,1,eiken,英検語彙由来のv2正本候補。英検最小級=2。出現級=2;pre1;1。pos判定=label_raw_all,source_refs=2:2147;pre1:2313;1:4273; row_count=3; label_raw_all=形容詞; meaning_ja_all=あいまいな / 曖昧な，多義的な
add,2040,ambition,ambition,noun,base,1,野望,high_school,3,eiken,英検語彙由来のv2正本候補。英検最小級=2。出現級=2。pos判定=label_raw_all,source_refs=2:2185; row_count=1; label_raw_all=名詞
add,2041,ambulance,ambulance,noun,base,1,救急車，救援車,high_school,3,eiken,英検語彙由来のv2正本候補。英検最小級=2。出現級=2。pos判定=label_raw_all,source_refs=2:934; row_count=1; label_raw_all=名詞
add,2042,amuse,amuse,verb,base,1,楽しませる，娯楽を提供する,high_school,3,eiken,英検語彙由来のv2正本候補。英検最小級=2。出現級=2;pre1。pos判定=label_raw_all,source_refs=2:656;pre1:3039; row_count=2; label_raw_all=動詞
add,2043,anger,anger,noun,base,1,怒り，憤り,high_school,3,eiken,英検語彙由来のv2正本候補。英検最小級=2。出現級=2。pos判定=label_raw_all,source_refs=2:1026; row_count=1; label_raw_all=名詞
add,2044,angle,angle,noun,base,1,"角度, 角",high_school,3,eiken,英検語彙由来のv2正本候補。英検最小級=2。出現級=2。pos判定=label_raw_all,source_refs=2:495; row_count=1; label_raw_all=名詞
add,2045,annual,annual,adjective,base,1,毎年の，年毎の,high_school,3,eiken,英検語彙由来のv2正本候補。英検最小級=2。出現級=2。pos判定=label_raw_all,source_refs=2:1080; row_count=1; label_raw_all=形容詞
add,2046,apparent,apparent,adjective,base,1,外見上の，明白な,high_school,3,eiken,英検語彙由来のv2正本候補。英検最小級=2。出現級=2;pre1。pos判定=label_raw_all,source_refs=2:1329;pre1:3197; row_count=2; label_raw_all=形容詞
add,2047,appetite,appetite,noun,base,1,食欲，食い気,high_school,3,eiken,英検語彙由来のv2正本候補。英検最小級=2。出現級=2。pos判定=label_raw_all,source_refs=2:1898; row_count=1; label_raw_all=名詞
add,2048,applause,applause,noun,base,1,拍手かっさい，称賛,high_school,3,eiken,英検語彙由来のv2正本候補。英検最小級=2。出現級=2;pre1。pos判定=label_raw_all,source_refs=2:843;pre1:44; row_count=2; label_raw_all=名詞
add,2049,application,application,noun,base,1,適用，応用,high_school,3,eiken,英検語彙由来のv2正本候補。英検最小級=2。出現級=2。pos判定=label_raw_all,source_refs=2:1848; row_count=1; label_raw_all=名詞
add,2050,approve,approve,verb,base,1,承認する,high_school,3,eiken,英検語彙由来のv2正本候補。英検最小級=2。出現級=2。pos判定=label_raw_all,source_refs=2:2170; row_count=1; label_raw_all=動詞
add,2051,approximately,approximately,adverb,base,1,約，おおよそ,high_school,3,eiken,英検語彙由来のv2正本候補。英検最小級=2。出現級=2;pre1。pos判定=label_raw_all,source_refs=2:592;pre1:491; row_count=2; label_raw_all=副詞
add,2052,architecture,architecture,noun,base,1,建築,high_school,3,eiken,英検語彙由来のv2正本候補。英検最小級=2。出現級=2;pre1。pos判定=label_raw_all,source_refs=2:2228;pre1:889; row_count=2; label_raw_all=名詞
add,2053,assemble,assemble,verb,base,1,組み立てる,high_school,3,eiken,英検語彙由来のv2正本候補。英検最小級=2。出現級=2;pre1。pos判定=label_raw_all,source_refs=2:2200;pre1:578; row_count=2; label_raw_all=動詞
add,2054,assembly,assembly,noun,base,1,集合，群集,high_school,3,eiken,英検語彙由来のv2正本候補。英検最小級=2。出現級=2。pos判定=label_raw_all,source_refs=2:1558; row_count=1; label_raw_all=名詞
add,2055,assess,assess,verb,base,1,評価する，査定する,high_school,3,eiken,英検語彙由来のv2正本候補。英検最小級=2。出現級=2;pre1。pos判定=label_raw_all,source_refs=2:1006;pre1:3221; row_count=2; label_raw_all=動詞
add,2056,assign,assign,verb,base,1,割り当てる,high_school,3,eiken,英検語彙由来のv2正本候補。英検最小級=2。出現級=2;pre1。pos判定=label_raw_all,source_refs=2:2227;pre1:511; row_count=2; label_raw_all=動詞
add,2057,assist,assist,verb,base,1,手伝う，促進する,high_school,3,eiken,英検語彙由来のv2正本候補。英検最小級=2。出現級=2。pos判定=label_raw_all,source_refs=2:1016; row_count=1; label_raw_all=動詞
add,2058,assure,assure,verb,base,1,保証する，確証する,high_school,3,eiken,英検語彙由来のv2正本候補。英検最小級=2。出現級=2;pre1。pos判定=label_raw_all,source_refs=2:1976;pre1:3284; row_count=2; label_raw_all=動詞
add,2059,astonish,astonish,verb,base,1,ひどく驚かす，驚かせる,high_school,3,eiken,英検語彙由来のv2正本候補。英検最小級=2。出現級=2。pos判定=label_raw_all,source_refs=2:861; row_count=1; label_raw_all=動詞
add,2060,atomic,atomic,adjective,base,1,原子の，素粒子の,high_school,3,eiken,英検語彙由来のv2正本候補。英検最小級=2。出現級=2。pos判定=label_raw_all,source_refs=2:1306; row_count=1; label_raw_all=形容詞
add,2061,avenue,avenue,noun,base,1,大通り,high_school,3,eiken,英検語彙由来のv2正本候補。英検最小級=2。出現級=2。pos判定=label_raw_all,source_refs=2:2020; row_count=1; label_raw_all=名詞
add,2062,awkward,awkward,adjective,base,1,ぎこちない,high_school,1,eiken,英検語彙由来のv2正本候補。英検最小級=2。出現級=2;pre1;1。pos判定=label_raw_all,source_refs=2:2179;pre1:761;1:193; row_count=3; label_raw_all=形容詞; meaning_ja_all=ぎこちない / ぎこちない，不器用な
add,2063,background,background,noun,base,1,背景，背後,high_school,3,eiken,英検語彙由来のv2正本候補。英検最小級=2。出現級=2。pos判定=label_raw_all,source_refs=2:1242; row_count=1; label_raw_all=名詞
add,2064,bang,bang,verb,base,1,ドンドン叩く/ズドンという音,high_school,3,eiken,英検語彙由来のv2正本候補。英検最小級=2。出現級=2。pos判定=label_raw_all,source_refs=2:1944; row_count=1; label_raw_all=動詞
add,2065,basin,basin,noun,base,1,盆地,high_school,3,eiken,英検語彙由来のv2正本候補。英検最小級=2。出現級=2;pre1。pos判定=label_raw_all,source_refs=2:2203;pre1:439; row_count=2; label_raw_all=名詞
add,2066,beat,beat,verb,base,1,打ち負かす,high_school,3,eiken,英検語彙由来のv2正本候補。英検最小級=2。出現級=2。pos判定=label_raw_all,source_refs=2:2278; row_count=1; label_raw_all=動詞
add,2067,beg,beg,verb,base,1,懇願する，願い出る,high_school,3,eiken,英検語彙由来のv2正本候補。英検最小級=2。出現級=2。pos判定=label_raw_all,source_refs=2:1243; row_count=1; label_raw_all=動詞
add,2068,behalf,behalf,noun,base,1,代わって，の代わりに,high_school,3,eiken,英検語彙由来のv2正本候補。英検最小級=2。出現級=2。pos判定=label_raw_all,source_refs=2:1649; row_count=1; label_raw_all=名詞
add,2069,beneath,beneath,preposition,base,1,の下に，以下に,high_school,3,eiken,英検語彙由来のv2正本候補。英検最小級=2。出現級=2。pos判定=label_raw_all,source_refs=2:1284; row_count=1; label_raw_all=前置詞
add,2070,beverage,beverage,noun,base,1,飲料,high_school,3,eiken,英検語彙由来のv2正本候補。英検最小級=2。出現級=2;pre1。pos判定=label_raw_all,source_refs=2:2095;pre1:1908; row_count=2; label_raw_all=名詞
add,2071,biology,biology,noun,base,1,生物学,high_school,3,eiken,英検語彙由来のv2正本候補。英検最小級=2。出現級=2;pre1。pos判定=label_raw_all,source_refs=2:2073;pre1:497; row_count=2; label_raw_all=名詞
add,2072,blast,blast,noun,base,1,爆風，突風,high_school,3,eiken,英検語彙由来のv2正本候補。英検最小級=2。出現級=2;pre1。pos判定=label_raw_all,source_refs=2:1553;pre1:3154; row_count=2; label_raw_all=名詞
add,2073,blink,blink,verb,base,1,瞬きをする，瞬間を過ごす,high_school,3,eiken,英検語彙由来のv2正本候補。英検最小級=2。出現級=2;pre1。pos判定=label_raw_all,source_refs=2:1819;pre1:3085; row_count=2; label_raw_all=動詞
add,2074,bloom,bloom,verb,base,1,咲く,high_school,3,eiken,英検語彙由来のv2正本候補。英検最小級=2。出現級=2。pos判定=label_raw_all,source_refs=2:2225; row_count=1; label_raw_all=動詞
add,2075,bold,bold,adjective,base,1,勇敢な,high_school,3,eiken,英検語彙由来のv2正本候補。英検最小級=2。出現級=2;pre1。pos判定=label_raw_all,source_refs=2:2288;pre1:130; row_count=2; label_raw_all=形容詞
add,2076,bow,bow,verb,base,1,お辞儀する，頭を下げる,high_school,3,eiken,英検語彙由来のv2正本候補。英検最小級=2。出現級=2。pos判定=label_raw_all,source_refs=2:1693; row_count=1; label_raw_all=動詞
add,2077,breeze,breeze,noun,base,1,そよ風,high_school,3,eiken,英検語彙由来のv2正本候補。英検最小級=2。出現級=2;pre1。pos判定=label_raw_all,source_refs=2:2289;pre1:190; row_count=2; label_raw_all=名詞
add,2078,budget,budget,noun,base,1,予算，経費,high_school,3,eiken,英検語彙由来のv2正本候補。英検最小級=2。出現級=2。pos判定=label_raw_all,source_refs=2:835; row_count=1; label_raw_all=名詞
add,2079,bully,bully,noun,base,1,いじめっ子,high_school,3,eiken,英検語彙由来のv2正本候補。英検最小級=2。出現級=2;pre1。pos判定=label_raw_all,source_refs=2:2145;pre1:2068; row_count=2; label_raw_all=名詞
add,2080,bureau,bureau,noun,base,1,事務局，たんす,high_school,3,eiken,英検語彙由来のv2正本候補。英検最小級=2。出現級=2;pre1。pos判定=label_raw_all,source_refs=2:2102;pre1:3046; row_count=2; label_raw_all=名詞
add,2081,burst,burst,verb,base,1,破裂する，破れる,high_school,3,eiken,英検語彙由来のv2正本候補。英検最小級=2。出現級=2。pos判定=label_raw_all,source_refs=2:1962; row_count=1; label_raw_all=動詞
add,2082,bury,bury,verb,base,1,埋める，充填する,high_school,3,eiken,英検語彙由来のv2正本候補。英検最小級=2。出現級=2。pos判定=label_raw_all,source_refs=2:1860; row_count=1; label_raw_all=動詞
add,2083,buyer,buyer,noun,base,1,買い手，購入者,high_school,3,eiken,英検語彙由来のv2正本候補。英検最小級=2。出現級=2。pos判定=label_raw_all,source_refs=2:1621; row_count=1; label_raw_all=名詞
add,2084,candidate,candidate,noun,base,1,候補者，志願者,high_school,3,eiken,英検語彙由来のv2正本候補。英検最小級=2。出現級=2。pos判定=label_raw_all,source_refs=2:1113; row_count=1; label_raw_all=名詞
add,2085,capacity,capacity,noun,base,1,容量，容積,high_school,3,eiken,英検語彙由来のv2正本候補。英検最小級=2。出現級=2;pre1。pos判定=label_raw_all,source_refs=2:511;pre1:68; row_count=2; label_raw_all=名詞
add,2086,cash,cash,noun,base,1,現金，手元資金,high_school,3,eiken,英検語彙由来のv2正本候補。英検最小級=2。出現級=2。pos判定=label_raw_all,source_refs=2:1725; row_count=1; label_raw_all=名詞
add,2087,cave,cave,noun,base,1,ほら穴，洞窟,high_school,3,eiken,英検語彙由来のv2正本候補。英検最小級=2。出現級=2。pos判定=label_raw_all,source_refs=2:1816; row_count=1; label_raw_all=名詞
add,2088,cease,cease,verb,base,1,やめる，中止する,high_school,3,eiken,英検語彙由来のv2正本候補。英検最小級=2。出現級=2。pos判定=label_raw_all,source_refs=2:1639; row_count=1; label_raw_all=動詞
add,2089,charm,charm,noun,base,1,魅力，引力,high_school,3,eiken,英検語彙由来のv2正本候補。英検最小級=2。出現級=2;pre1。pos判定=label_raw_all,source_refs=2:1288;pre1:3040; row_count=2; label_raw_all=名詞
add,2090,checkup,checkup,noun,base,1,健康診断，照合,high_school,3,eiken,英検語彙由来のv2正本候補。英検最小級=2。出現級=2;pre1。pos判定=label_raw_all,source_refs=2:559;pre1:1175; row_count=2; label_raw_all=名詞
add,2091,chemistry,chemistry,noun,base,1,化学,high_school,3,eiken,英検語彙由来のv2正本候補。英検最小級=2。出現級=2。pos判定=label_raw_all,source_refs=2:2123; row_count=1; label_raw_all=名詞
add,2092,circuit,circuit,noun,base,1,回路，巡回,high_school,3,eiken,英検語彙由来のv2正本候補。英検最小級=2。出現級=2。pos判定=label_raw_all,source_refs=2:1440; row_count=1; label_raw_all=名詞
add,2093,civil,civil,adjective,base,1,市民の，住民の,high_school,3,eiken,英検語彙由来のv2正本候補。英検最小級=2。出現級=2。pos判定=label_raw_all,source_refs=2:1372; row_count=1; label_raw_all=形容詞
add,2094,civilize,civilize,verb,base,1,文明化する，開化させる,high_school,3,eiken,英検語彙由来のv2正本候補。英検最小級=2。出現級=2。pos判定=label_raw_all,source_refs=2:723; row_count=1; label_raw_all=動詞
add,2095,classical,classical,adjective,base,1,古典の，古代の,high_school,3,eiken,英検語彙由来のv2正本候補。英検最小級=2。出現級=2。pos判定=label_raw_all,source_refs=2:1021; row_count=1; label_raw_all=形容詞
add,2096,cling,cling,verb,base,1,くっつく，接着する,high_school,3,eiken,英検語彙由来のv2正本候補。英検最小級=2。出現級=2。pos判定=label_raw_all,source_refs=2:964; row_count=1; label_raw_all=動詞
add,2097,clip,clip,verb,base,1,切る，切り取る/クリップ,high_school,3,eiken,英検語彙由来のv2正本候補。英検最小級=2。出現級=2。pos判定=label_raw_all,source_refs=2:965; row_count=1; label_raw_all=動詞
add,2098,colleague,colleague,noun,base,1,同僚，仲間,high_school,3,eiken,英検語彙由来のv2正本候補。英検最小級=2。出現級=2;pre1。pos判定=label_raw_all,source_refs=2:1213;pre1:737; row_count=2; label_raw_all=名詞
add,2099,commissioner,commissioner,noun,base,1,委員，理事,high_school,3,eiken,英検語彙由来のv2正本候補。英検最小級=2。出現級=2。pos判定=label_raw_all,source_refs=2:1098; row_count=1; label_raw_all=名詞
add,2100,commit,commit,verb,base,1,専念，ゆだねる,high_school,3,eiken,英検語彙由来のv2正本候補。英検最小級=2。出現級=2;pre1。pos判定=label_raw_all,source_refs=2:769;pre1:3057; row_count=2; label_raw_all=動詞
add,2101,committee,committee,noun,base,1,委員会，会議,high_school,3,eiken,英検語彙由来のv2正本候補。英検最小級=2。出現級=2。pos判定=label_raw_all,source_refs=2:1064; row_count=1; label_raw_all=名詞
add,2102,commodity,commodity,noun,base,1,商品,high_school,3,eiken,英検語彙由来のv2正本候補。英検最小級=2。出現級=2;pre1。pos判定=label_raw_all,source_refs=2:2003;pre1:1135; row_count=2; label_raw_all=名詞
add,2103,communist,communist,noun,base,1,共産主義者，共産党員,high_school,3,eiken,英検語彙由来のv2正本候補。英検最小級=2。出現級=2。pos判定=label_raw_all,source_refs=2:1706; row_count=1; label_raw_all=名詞
add,2104,commute,commute,verb,base,1,通勤する，取り替える,high_school,3,eiken,英検語彙由来のv2正本候補。英検最小級=2。出現級=2;pre1。pos判定=label_raw_all,source_refs=2:713;pre1:3084; row_count=2; label_raw_all=動詞
add,2105,companion,companion,noun,base,1,仲間，同志,high_school,3,eiken,英検語彙由来のv2正本候補。英検最小級=2。出現級=2。pos判定=label_raw_all,source_refs=2:1629; row_count=1; label_raw_all=名詞
add,2106,comparison,comparison,noun,base,1,比較，対照,high_school,3,eiken,英検語彙由来のv2正本候補。英検最小級=2。出現級=2。pos判定=label_raw_all,source_refs=2:1705; row_count=1; label_raw_all=名詞
add,2107,compassion,compassion,noun,base,1,思いやり,high_school,3,eiken,英検語彙由来のv2正本候補。英検最小級=2。出現級=2;pre1。pos判定=label_raw_all,source_refs=2:2163;pre1:2045; row_count=2; label_raw_all=名詞
add,2108,compile,compile,verb,base,1,編集する,high_school,3,eiken,英検語彙由来のv2正本候補。英検最小級=2。出現級=2;pre1。pos判定=label_raw_all,source_refs=2:2162;pre1:2036; row_count=2; label_raw_all=動詞
add,2109,complexity,complexity,noun,base,1,複雑さ，錯綜さ,high_school,3,eiken,英検語彙由来のv2正本候補。英検最小級=2。出現級=2;pre1。pos判定=label_raw_all,source_refs=2:1194;pre1:910; row_count=2; label_raw_all=名詞
add,2110,compliment,compliment,noun,base,1,褒め言葉,high_school,1,eiken,英検語彙由来のv2正本候補。英検最小級=2。出現級=2;pre1;1。pos判定=label_raw_all,source_refs=2:2172;pre1:3343;1:1785; row_count=3; label_raw_all=名詞; meaning_ja_all=褒め言葉 / 褒め言葉，賞賛，称賛
add,2111,composition,composition,noun,base,1,構成，制作,high_school,3,eiken,英検語彙由来のv2正本候補。英検最小級=2。出現級=2。pos判定=label_raw_all,source_refs=2:1151; row_count=1; label_raw_all=名詞
add,2112,comprehend,comprehend,verb,base,1,理解する,high_school,1,eiken,英検語彙由来のv2正本候補。英検最小級=2。出現級=2;pre1;1。pos判定=label_raw_all,source_refs=2:2295;pre1:1276;1:165; row_count=3; label_raw_all=動詞; meaning_ja_all=理解する / 理解する，把握する
add,2113,conceal,conceal,verb,base,1,隠す,high_school,1,eiken,英検語彙由来のv2正本候補。英検最小級=2。出現級=2;pre1;1。pos判定=label_raw_all,source_refs=2:2069;pre1:582;1:88; row_count=3; label_raw_all=動詞; meaning_ja_all=隠す / 隠す，秘密にする
add,2114,confess,confess,verb,base,1,を打ち明ける，白状する,high_school,1,eiken,英検語彙由来のv2正本候補。英検最小級=2。出現級=2;pre1。pos判定=label_raw_all,source_refs=2:796;2:2175;pre1:55; row_count=3; label_raw_all=動詞
add,2115,confine,confine,verb,base,1,制限する，限定する,high_school,3,eiken,英検語彙由来のv2正本候補。英検最小級=2。出現級=2;pre1。pos判定=label_raw_all,source_refs=2:1283;pre1:3300; row_count=2; label_raw_all=動詞
add,2116,confirm,confirm,verb,base,1,確認する，確かめる,high_school,3,eiken,英検語彙由来のv2正本候補。英検最小級=2。出現級=2。pos判定=label_raw_all,source_refs=2:1514; row_count=1; label_raw_all=動詞
add,2117,conform,conform,verb,base,1,従う,high_school,3,eiken,英検語彙由来のv2正本候補。英検最小級=2。出現級=2;pre1。pos判定=label_raw_all,source_refs=2:2088;pre1:1882; row_count=2; label_raw_all=動詞
add,2118,confront,confront,verb,base,1,直面させる，に立ち向かう,high_school,3,eiken,英検語彙由来のv2正本候補。英検最小級=2。出現級=2。pos判定=label_raw_all,source_refs=2:1632; row_count=1; label_raw_all=動詞
add,2119,confusion,confusion,noun,base,1,混乱，無秩序,high_school,3,eiken,英検語彙由来のv2正本候補。英検最小級=2。出現級=2。pos判定=label_raw_all,source_refs=2:1625; row_count=1; label_raw_all=名詞
add,2120,connect,connect,verb,base,1,つなげる，接続する,high_school,3,eiken,英検語彙由来のv2正本候補。英検最小級=2。出現級=2。pos判定=label_raw_all,source_refs=2:1210; row_count=1; label_raw_all=動詞
add,2121,conquer,conquer,verb,base,1,征服する,high_school,3,eiken,英検語彙由来のv2正本候補。英検最小級=2。出現級=2;pre1。pos判定=label_raw_all,source_refs=2:2108;pre1:457; row_count=2; label_raw_all=動詞
add,2122,consciously,consciously,adverb,base,1,意識的に，故意に,high_school,3,eiken,英検語彙由来のv2正本候補。英検最小級=2。出現級=2。pos判定=label_raw_all,source_refs=2:591; row_count=1; label_raw_all=副詞
add,2123,consequently,consequently,adverb,base,1,その結果として，それゆえに,high_school,3,eiken,英検語彙由来のv2正本候補。英検最小級=2。出現級=2;pre1。pos判定=label_raw_all,source_refs=2:1203;pre1:183; row_count=2; label_raw_all=副詞
add,2124,conservation,conservation,noun,base,1,保全，保護,high_school,3,eiken,英検語彙由来のv2正本候補。英検最小級=2。出現級=2。pos判定=label_raw_all,source_refs=2:1645; row_count=1; label_raw_all=名詞
add,2125,constitute,constitute,verb,base,1,構成する，組み立てる,high_school,3,eiken,英検語彙由来のv2正本候補。英検最小級=2。出現級=2;pre1。pos判定=label_raw_all,source_refs=2:1767;pre1:3230; row_count=2; label_raw_all=動詞
add,2126,constitution,constitution,noun,base,1,憲法，構成，組織,high_school,3,eiken,英検語彙由来のv2正本候補。英検最小級=2。出現級=2。pos判定=label_raw_all,source_refs=2:1476; row_count=1; label_raw_all=名詞
add,2127,container,container,noun,base,1,容器，入れ物,high_school,3,eiken,英検語彙由来のv2正本候補。英検最小級=2。出現級=2;pre1。pos判定=label_raw_all,source_refs=2:651;pre1:115; row_count=2; label_raw_all=名詞
add,2128,contract,contract,noun,base,1,契約，協定,high_school,3,eiken,英検語彙由来のv2正本候補。英検最小級=2。出現級=2;pre1。pos判定=label_raw_all,source_refs=2:1852;pre1:3353; row_count=2; label_raw_all=名詞
add,2129,converse,converse,adjective,base,1,逆の,high_school,1,eiken,英検語彙由来のv2正本候補。英検最小級=2。出現級=2;pre1;1。pos判定=label_raw_all,source_refs=2:2110;pre1:2545;1:2106; row_count=3; label_raw_all=形容詞; meaning_ja_all=逆の / 話す
add,2130,convict,convict,verb,base,1,有罪とする,high_school,1,eiken,英検語彙由来のv2正本候補。英検最小級=2。出現級=2;pre1;1。pos判定=label_raw_all,source_refs=2:2028;pre1:1301;1:259; row_count=3; label_raw_all=動詞; meaning_ja_all=有罪とする / 有罪とする，罪を宣告する
add,2131,cop,cop,noun,base,1,警官，警察官,high_school,3,eiken,英検語彙由来のv2正本候補。英検最小級=2。出現級=2。pos判定=label_raw_all,source_refs=2:1760; row_count=1; label_raw_all=名詞
add,2132,cough,cough,noun,base,1,咳払いする/咳,high_school,3,eiken,英検語彙由来のv2正本候補。英検最小級=2。出現級=2。pos判定=label_raw_all_multi:noun|verb,source_refs=2:788; row_count=1; label_raw_all=名詞/動詞
add,2133,counter,counter,verb,base,1,に対抗する，に立ち向かう,high_school,3,eiken,英検語彙由来のv2正本候補。英検最小級=2。出現級=2。pos判定=label_raw_all,source_refs=2:1373; row_count=1; label_raw_all=動詞
add,2134,cover,cover,verb,base,1,を覆う，隠す,high_school,3,eiken,英検語彙由来のv2正本候補。英検最小級=2。出現級=2。pos判定=label_raw_all,source_refs=2:1641; row_count=1; label_raw_all=動詞
add,2135,create,create,verb,base,1,創造する，考案する,high_school,3,eiken,英検語彙由来のv2正本候補。英検最小級=2。出現級=2。pos判定=label_raw_all,source_refs=2:899; row_count=1; label_raw_all=動詞
add,2136,crew,crew,noun,base,1,乗組員，船員,high_school,3,eiken,英検語彙由来のv2正本候補。英検最小級=2。出現級=2。pos判定=label_raw_all,source_refs=2:1585; row_count=1; label_raw_all=名詞
add,2137,critic,critic,noun,base,1,批評家，評論家,high_school,3,eiken,英検語彙由来のv2正本候補。英検最小級=2。出現級=2。pos判定=label_raw_all,source_refs=2:1201; row_count=1; label_raw_all=名詞
add,2138,critics,critics,noun,base,1,評論家，批評家,high_school,3,eiken,英検語彙由来のv2正本候補。英検最小級=2。出現級=2。pos判定=label_raw_all,source_refs=2:520; row_count=1; label_raw_all=名詞
add,2139,crown,crown,noun,base,1,王冠，王座,high_school,3,eiken,英検語彙由来のv2正本候補。英検最小級=2。出現級=2。pos判定=label_raw_all,source_refs=2:1762; row_count=1; label_raw_all=名詞
add,2140,cruise,cruise,verb,base,1,巡航する，航行する,high_school,3,eiken,英検語彙由来のv2正本候補。英検最小級=2。出現級=2。pos判定=label_raw_all,source_refs=2:1521; row_count=1; label_raw_all=動詞
add,2141,cultivate,cultivate,verb,base,1,耕作する，耕す,high_school,3,eiken,英検語彙由来のv2正本候補。英検最小級=2。出現級=2;pre1。pos判定=label_raw_all,source_refs=2:1225;pre1:3119; row_count=2; label_raw_all=動詞
add,2142,cure,cure,verb,base,1,治療する，療養する,high_school,3,eiken,英検語彙由来のv2正本候補。英検最小級=2。出現級=2。pos判定=label_raw_all,source_refs=2:1353; row_count=1; label_raw_all=動詞
add,2143,dare,dare,verb,base,1,思い切ってする，断行する,high_school,3,eiken,英検語彙由来のv2正本候補。英検最小級=2。出現級=2。pos判定=label_raw_all,source_refs=2:1720; row_count=1; label_raw_all=動詞
add,2144,deaf,deaf,adjective,base,1,耳が不自由な，耳が聞こえない,high_school,3,eiken,英検語彙由来のv2正本候補。英検最小級=2。出現級=2。pos判定=label_raw_all,source_refs=2:890; row_count=1; label_raw_all=形容詞
add,2145,decent,decent,adjective,base,1,まともな,high_school,3,eiken,英検語彙由来のv2正本候補。英検最小級=2。出現級=2;pre1。pos判定=label_raw_all,source_refs=2:2032;pre1:1146; row_count=2; label_raw_all=形容詞
add,2146,dedicate,dedicate,verb,base,1,に専念する，奉納する,high_school,3,eiken,英検語彙由来のv2正本候補。英検最小級=2。出現級=2;pre1。pos判定=label_raw_all,source_refs=2:654;pre1:1051; row_count=2; label_raw_all=動詞
add,2147,defend,defend,verb,base,1,を守る，保護する,high_school,3,eiken,英検語彙由来のv2正本候補。英検最小級=2。出現級=2。pos判定=label_raw_all,source_refs=2:482; row_count=1; label_raw_all=動詞
add,2148,definite,definite,adjective,base,1,明確な，限定的な,high_school,3,eiken,英検語彙由来のv2正本候補。英検最小級=2。出現級=2。pos判定=label_raw_all,source_refs=2:1923; row_count=1; label_raw_all=形容詞
add,2149,deliberately,deliberately,adverb,base,1,故意に，慎重に,high_school,3,eiken,英検語彙由来のv2正本候補。英検最小級=2。出現級=2;pre1。pos判定=label_raw_all,source_refs=2:1485;pre1:1128; row_count=2; label_raw_all=副詞
add,2150,delicate,delicate,adjective,base,1,繊細な，きめ細かい,high_school,3,eiken,英検語彙由来のv2正本候補。英検最小級=2。出現級=2。pos判定=label_raw_all,source_refs=2:662; row_count=1; label_raw_all=形容詞
add,2151,deliver,deliver,verb,base,1,配達する，届ける,high_school,3,eiken,英検語彙由来のv2正本候補。英検最小級=2。出現級=2。pos判定=label_raw_all,source_refs=2:896; row_count=1; label_raw_all=動詞
add,2152,democratic,democratic,adjective,base,1,民主主義の，民主政治の,high_school,3,eiken,英検語彙由来のv2正本候補。英検最小級=2。出現級=2。pos判定=label_raw_all,source_refs=2:982; row_count=1; label_raw_all=形容詞
add,2153,dentist,dentist,noun,base,1,歯医者，歯科医,high_school,3,eiken,英検語彙由来のv2正本候補。英検最小級=2。出現級=2。pos判定=label_raw_all,source_refs=2:962; row_count=1; label_raw_all=名詞
add,2154,depress,depress,verb,base,1,落胆させる，失望させる,high_school,3,eiken,英検語彙由来のv2正本候補。英検最小級=2。出現級=2。pos判定=label_raw_all,source_refs=2:1571; row_count=1; label_raw_all=動詞
add,2155,descend,descend,verb,base,1,下降する,high_school,3,eiken,英検語彙由来のv2正本候補。英検最小級=2。出現級=2;pre1。pos判定=label_raw_all,source_refs=2:2157;pre1:393; row_count=2; label_raw_all=動詞
add,2156,description,description,noun,base,1,説明書，記述,high_school,3,eiken,英検語彙由来のv2正本候補。英検最小級=2。出現級=2。pos判定=label_raw_all,source_refs=2:928; row_count=1; label_raw_all=名詞
add,2157,designate,designate,verb,base,1,選定する,high_school,3,eiken,英検語彙由来のv2正本候補。英検最小級=2。出現級=2;pre1。pos判定=label_raw_all,source_refs=2:2022;pre1:2150; row_count=2; label_raw_all=動詞
add,2158,desirable,desirable,adjective,base,1,望ましい，理想的な,high_school,3,eiken,英検語彙由来のv2正本候補。英検最小級=2。出現級=2。pos判定=label_raw_all,source_refs=2:1846; row_count=1; label_raw_all=形容詞
add,2159,destination,destination,noun,base,1,目的地，行き先,high_school,3,eiken,英検語彙由来のv2正本候補。英検最小級=2。出現級=2;pre1。pos判定=label_raw_all,source_refs=2:2021;pre1:271; row_count=2; label_raw_all=名詞
add,2160,devastate,devastate,verb,base,1,荒廃させる,high_school,3,eiken,英検語彙由来のv2正本候補。英検最小級=2。出現級=2;pre1。pos判定=label_raw_all,source_refs=2:2235;pre1:2165; row_count=2; label_raw_all=動詞
add,2161,devise,devise,verb,base,1,考え出す，工夫する,high_school,3,eiken,英検語彙由来のv2正本候補。英検最小級=2。出現級=2。pos判定=label_raw_all,source_refs=2:1447; row_count=1; label_raw_all=動詞
add,2162,dialect,dialect,noun,base,1,方言，地域言語,high_school,3,eiken,英検語彙由来のv2正本候補。英検最小級=2。出現級=2;pre1。pos判定=label_raw_all,source_refs=2:1434;pre1:837; row_count=2; label_raw_all=名詞; meaning_ja_all=方言，地域言語 / 方言
add,2163,differ,differ,verb,base,1,異なる，違う,high_school,3,eiken,英検語彙由来のv2正本候補。英検最小級=2。出現級=2;pre1。pos判定=label_raw_all,source_refs=2:774;pre1:308; row_count=2; label_raw_all=動詞
add,2164,digest,digest,noun,base,1,要約/消化する,high_school,3,eiken,英検語彙由来のv2正本候補。英検最小級=2。出現級=2;pre1。pos判定=label_raw_all_multi:noun|verb,source_refs=2:701;pre1:443; row_count=2; label_raw_all=名詞/動詞;名詞
add,2165,dignity,dignity,noun,base,1,威厳，尊厳,high_school,3,eiken,英検語彙由来のv2正本候補。英検最小級=2。出現級=2。pos判定=label_raw_all,source_refs=2:1117; row_count=1; label_raw_all=名詞
add,2166,diminish,diminish,verb,base,1,減らす，小さくする,high_school,3,eiken,英検語彙由来のv2正本候補。英検最小級=2。出現級=2;pre1。pos判定=label_raw_all,source_refs=2:1733;pre1:1012; row_count=2; label_raw_all=動詞; meaning_ja_all=減らす，小さくする / 減らす
add,2167,dip,dip,verb,base,1,少し浸す,high_school,3,eiken,英検語彙由来のv2正本候補。英検最小級=2。出現級=2;pre1。pos判定=label_raw_all,source_refs=2:2113;pre1:637; row_count=2; label_raw_all=動詞
add,2168,disadvantage,disadvantage,noun,base,1,不利益，不利な立場，損失,high_school,3,eiken,英検語彙由来のv2正本候補。英検最小級=2。出現級=2。pos判定=label_raw_all,source_refs=2:800; row_count=1; label_raw_all=名詞
add,2169,display,display,verb,base,1,展示する，陳列する,high_school,3,eiken,英検語彙由来のv2正本候補。英検最小級=2。出現級=2。pos判定=label_raw_all,source_refs=2:1417; row_count=1; label_raw_all=動詞
add,2170,dispute,dispute,noun,base,1,争議/論争する,high_school,3,eiken,英検語彙由来のv2正本候補。英検最小級=2。出現級=2;pre1。pos判定=label_raw_all_multi:noun|verb,source_refs=2:1683;pre1:3048; row_count=2; label_raw_all=名詞;名詞／動詞
add,2171,distinct,distinct,adjective,base,1,他と違った，別の,high_school,3,eiken,英検語彙由来のv2正本候補。英検最小級=2。出現級=2。pos判定=label_raw_all,source_refs=2:1644; row_count=1; label_raw_all=形容詞
add,2172,distort,distort,verb,base,1,歪める,high_school,3,eiken,英検語彙由来のv2正本候補。英検最小級=2。出現級=2;pre1。pos判定=label_raw_all,source_refs=2:2005;pre1:1771; row_count=2; label_raw_all=動詞
add,2173,distract,distract,verb,base,1,気を散らす，気をそらす,high_school,3,eiken,英検語彙由来のv2正本候補。英検最小級=2。出現級=2;pre1。pos判定=label_raw_all,source_refs=2:864;pre1:1651; row_count=2; label_raw_all=動詞
add,2174,distributor,distributor,noun,base,1,卸売業者，問屋,high_school,3,eiken,英検語彙由来のv2正本候補。英検最小級=2。出現級=2。pos判定=label_raw_all,source_refs=2:583; row_count=1; label_raw_all=名詞
add,2175,division,division,noun,base,1,分割，割り当て,high_school,3,eiken,英検語彙由来のv2正本候補。英検最小級=2。出現級=2。pos判定=label_raw_all,source_refs=2:1789; row_count=1; label_raw_all=名詞
add,2176,divorce,divorce,noun,base,1,離婚/離婚する,high_school,3,eiken,英検語彙由来のv2正本候補。英検最小級=2。出現級=2。pos判定=label_raw_all,source_refs=2:1667; row_count=1; label_raw_all=名詞
add,2177,dizziness,dizziness,noun,base,1,めまい，立ち眩み,high_school,3,eiken,英検語彙由来のv2正本候補。英検最小級=2。出現級=2。pos判定=label_raw_all,source_refs=2:837; row_count=1; label_raw_all=名詞
add,2178,dizzy,dizzy,adjective,base,1,めまいがする，ふらふらする,high_school,1,eiken,英検語彙由来のv2正本候補。英検最小級=2。出現級=2;pre1;1。pos判定=label_raw_all,source_refs=2:504;pre1:1264;1:647; row_count=3; label_raw_all=形容詞; meaning_ja_all=めまいがする，ふらふらする / めまいがする，目が回る
add,2179,document,document,noun,base,1,書類,high_school,3,eiken,英検語彙由来のv2正本候補。英検最小級=2。出現級=2。pos判定=label_raw_all,source_refs=2:2197; row_count=1; label_raw_all=名詞
add,2180,documentary,documentary,adjective,base,1,事実を記録した,high_school,3,eiken,英検語彙由来のv2正本候補。英検最小級=2。出現級=2;pre1。pos判定=label_raw_all,source_refs=2:2244;pre1:1049; row_count=2; label_raw_all=形容詞
add,2181,domain,domain,noun,base,1,領地,high_school,3,eiken,英検語彙由来のv2正本候補。英検最小級=2。出現級=2;pre1。pos判定=label_raw_all,source_refs=2:2023;pre1:1464; row_count=2; label_raw_all=名詞
add,2182,dominate,dominate,verb,base,1,を支配する，を統制する,high_school,3,eiken,英検語彙由来のv2正本候補。英検最小級=2。出現級=2。pos判定=label_raw_all,source_refs=2:1543; row_count=1; label_raw_all=動詞
add,2183,donation,donation,noun,base,1,寄贈，寄付,high_school,3,eiken,英検語彙由来のv2正本候補。英検最小級=2。出現級=2;pre1。pos判定=label_raw_all,source_refs=2:813;pre1:1210; row_count=2; label_raw_all=名詞
add,2184,dormitory,dormitory,noun,base,1,寮，大部屋,high_school,3,eiken,英検語彙由来のv2正本候補。英検最小級=2。出現級=2;pre1。pos判定=label_raw_all,source_refs=2:2046;pre1:3321; row_count=2; label_raw_all=名詞
add,2185,doubtfully,doubtfully,adverb,base,1,疑わしく，怪しい,high_school,3,eiken,英検語彙由来のv2正本候補。英検最小級=2。出現級=2。pos判定=label_raw_all,source_refs=2:515; row_count=1; label_raw_all=副詞
add,2186,drag,drag,verb,base,1,引っ張る，引きずる,high_school,3,eiken,英検語彙由来のv2正本候補。英検最小級=2。出現級=2。pos判定=label_raw_all,source_refs=2:877; row_count=1; label_raw_all=動詞
add,2187,drought,drought,noun,base,1,干ばつ,high_school,3,eiken,英検語彙由来のv2正本候補。英検最小級=2。出現級=2;pre1。pos判定=label_raw_all,source_refs=2:2085;pre1:2897; row_count=2; label_raw_all=名詞
add,2188,drug,drug,noun,base,1,麻薬，薬,high_school,3,eiken,英検語彙由来のv2正本候補。英検最小級=2。出現級=2。pos判定=label_raw_all,source_refs=2:1498; row_count=1; label_raw_all=名詞
add,2189,earnest,earnest,adjective,base,1,真剣な,high_school,3,eiken,英検語彙由来のv2正本候補。英検最小級=2。出現級=2。pos判定=label_raw_all,source_refs=2:2127; row_count=1; label_raw_all=形容詞
add,2190,economics,economics,noun,base,1,経済学，財政学,high_school,3,eiken,英検語彙由来のv2正本候補。英検最小級=2。出現級=2。pos判定=label_raw_all,source_refs=2:1364; row_count=1; label_raw_all=名詞
add,2191,editor,editor,noun,base,1,編集者，論客,high_school,3,eiken,英検語彙由来のv2正本候補。英検最小級=2。出現級=2。pos判定=label_raw_all,source_refs=2:1894; row_count=1; label_raw_all=名詞
add,2192,effectively,effectively,adverb,base,1,効果的に，事実上,high_school,3,eiken,英検語彙由来のv2正本候補。英検最小級=2。出現級=2。pos判定=label_raw_all,source_refs=2:1722; row_count=1; label_raw_all=副詞
add,2193,elaborate,elaborate,adjective,base,1,手の込んだ，複雑な,high_school,3,eiken,英検語彙由来のv2正本候補。英検最小級=2。出現級=2。pos判定=label_raw_all,source_refs=2:1092; row_count=1; label_raw_all=形容詞
add,2194,electrical,electrical,adjective,base,1,電気の，電気を用いた,high_school,3,eiken,英検語彙由来のv2正本候補。英検最小級=2。出現級=2。pos判定=label_raw_all,source_refs=2:1207; row_count=1; label_raw_all=形容詞
add,2195,elementary,elementary,adjective,base,1,初級の，入門の,high_school,3,eiken,英検語彙由来のv2正本候補。英検最小級=2。出現級=2。pos判定=label_raw_all,source_refs=2:1589; row_count=1; label_raw_all=形容詞
add,2196,eliminate,eliminate,verb,base,1,を取り除く，を排除する,high_school,3,eiken,英検語彙由来のv2正本候補。英検最小級=2。出現級=2;pre1。pos判定=label_raw_all,source_refs=2:1335;pre1:3330; row_count=2; label_raw_all=動詞
add,2197,emperor,emperor,noun,base,1,皇帝，天皇,high_school,3,eiken,英検語彙由来のv2正本候補。英検最小級=2。出現級=2。pos判定=label_raw_all,source_refs=2:2096; row_count=1; label_raw_all=名詞
add,2198,empire,empire,noun,base,1,帝国，王国,high_school,3,eiken,英検語彙由来のv2正本候補。英検最小級=2。出現級=2。pos判定=label_raw_all,source_refs=2:1739; row_count=1; label_raw_all=名詞
add,2199,empty,empty,adjective,base,1,何も入っていない，空っぽの,high_school,3,eiken,英検語彙由来のv2正本候補。英検最小級=2。出現級=2。pos判定=label_raw_all,source_refs=2:1746; row_count=1; label_raw_all=形容詞
add,2200,endanger,endanger,verb,base,1,危険にさらす,high_school,3,eiken,英検語彙由来のv2正本候補。英検最小級=2。出現級=2;pre1。pos判定=label_raw_all,source_refs=2:2202;pre1:2094; row_count=2; label_raw_all=動詞
add,2201,endow,endow,verb,base,1,寄付する,high_school,3,eiken,英検語彙由来のv2正本候補。英検最小級=2。出現級=2;pre1。pos判定=label_raw_all,source_refs=2:2159;pre1:2015; row_count=2; label_raw_all=動詞
add,2202,enrich,enrich,verb,base,1,豊かにする,high_school,3,eiken,英検語彙由来のv2正本候補。英検最小級=2。出現級=2;pre1。pos判定=label_raw_all,source_refs=2:2152;pre1:1512; row_count=2; label_raw_all=動詞
add,2203,ensure,ensure,verb,base,1,を確実にする，を保証する,high_school,3,eiken,英検語彙由来のv2正本候補。英検最小級=2。出現級=2。pos判定=label_raw_all,source_refs=2:1020; row_count=1; label_raw_all=動詞
add,2204,enterprise,enterprise,noun,base,1,会社，事業,high_school,3,eiken,英検語彙由来のv2正本候補。英検最小級=2。出現級=2。pos判定=label_raw_all,source_refs=2:1787; row_count=1; label_raw_all=名詞
add,2205,enthusiasm,enthusiasm,noun,base,1,情熱，熱狂,high_school,3,eiken,英検語彙由来のv2正本候補。英検最小級=2。出現級=2。pos判定=label_raw_all,source_refs=2:1995; row_count=1; label_raw_all=名詞
add,2206,envy,envy,noun,base,1,妬み，羨望,high_school,3,eiken,英検語彙由来のv2正本候補。英検最小級=2。出現級=2;pre1。pos判定=label_raw_all,source_refs=2:597;pre1:385; row_count=2; label_raw_all=名詞
add,2207,equality,equality,noun,base,1,平等さ,high_school,3,eiken,英検語彙由来のv2正本候補。英検最小級=2。出現級=2。pos判定=label_raw_all,source_refs=2:2247; row_count=1; label_raw_all=名詞
add,2208,equivalent,equivalent,adjective,base,1,等しい，同等の,high_school,3,eiken,英検語彙由来のv2正本候補。英検最小級=2。出現級=2;pre1。pos判定=label_raw_all,source_refs=2:1737;pre1:3159; row_count=2; label_raw_all=形容詞
add,2209,era,era,noun,base,1,時代，世代,high_school,3,eiken,英検語彙由来のv2正本候補。英検最小級=2。出現級=2;pre1。pos判定=label_raw_all,source_refs=2:1158;pre1:213; row_count=2; label_raw_all=名詞
add,2210,erosion,erosion,noun,base,1,侵食,high_school,3,eiken,英検語彙由来のv2正本候補。英検最小級=2。出現級=2。pos判定=label_raw_all,source_refs=2:2121; row_count=1; label_raw_all=名詞
add,2211,essentially,essentially,adverb,base,1,本質的に，根本的に,high_school,3,eiken,英検語彙由来のv2正本候補。英検最小級=2。出現級=2。pos判定=label_raw_all,source_refs=2:1481; row_count=1; label_raw_all=副詞
add,2212,etc,etc,noun,base,1,等々，などなど,high_school,3,eiken,英検語彙由来のv2正本候補。英検最小級=2。出現級=2。pos判定=label_raw_all,source_refs=2:1588; row_count=1; label_raw_all=名詞
add,2213,evident,evident,adjective,base,1,明らかな，明白な,high_school,3,eiken,英検語彙由来のv2正本候補。英検最小級=2。出現級=2。pos判定=label_raw_all,source_refs=2:1969; row_count=1; label_raw_all=形容詞
add,2214,evoke,evoke,verb,base,1,呼び起こす,high_school,1,eiken,英検語彙由来のv2正本候補。英検最小級=2。出現級=2;pre1;1。pos判定=label_raw_all,source_refs=2:2122;pre1:2511;1:154; row_count=3; label_raw_all=動詞; meaning_ja_all=呼び起こす / 呼び起こす，引き起こす
add,2215,evolve,evolve,verb,base,1,進化する，発展する,high_school,3,eiken,英検語彙由来のv2正本候補。英検最小級=2。出現級=2;pre1。pos判定=label_raw_all,source_refs=2:1998;pre1:3314; row_count=2; label_raw_all=動詞
add,2216,exact,exact,adjective,base,1,ちょうど，正確な,high_school,3,eiken,英検語彙由来のv2正本候補。英検最小級=2。出現級=2。pos判定=label_raw_all,source_refs=2:635; row_count=1; label_raw_all=形容詞
add,2217,exaggerate,exaggerate,verb,base,1,を誇張する，大げさに言う,high_school,3,eiken,英検語彙由来のv2正本候補。英検最小級=2。出現級=2;pre1。pos判定=label_raw_all,source_refs=2:598;pre1:777; row_count=2; label_raw_all=動詞
add,2218,excess,excess,noun,base,1,過剰，超過,high_school,3,eiken,英検語彙由来のv2正本候補。英検最小級=2。出現級=2;pre1。pos判定=label_raw_all,source_refs=2:993;pre1:3237; row_count=2; label_raw_all=名詞
add,2219,excessive,excessive,adjective,base,1,過度の，極端な,high_school,3,eiken,英検語彙由来のv2正本候補。英検最小級=2。出現級=2。pos判定=label_raw_all,source_refs=2:1296; row_count=1; label_raw_all=形容詞
add,2220,exclusive,exclusive,adjective,base,1,閉鎖的な,high_school,1,eiken,英検語彙由来のv2正本候補。英検最小級=2。出現級=2;pre1;1。pos判定=label_raw_all,source_refs=2:2250;pre1:1083;1:223; row_count=3; label_raw_all=形容詞; meaning_ja_all=閉鎖的な / 閉鎖的な，内向的な
add,2221,executive,executive,noun,base,1,幹部，重役,high_school,3,eiken,英検語彙由来のv2正本候補。英検最小級=2。出現級=2。pos判定=label_raw_all,source_refs=2:1657; row_count=1; label_raw_all=名詞
add,2222,exert,exert,verb,base,1,行使する,high_school,3,eiken,英検語彙由来のv2正本候補。英検最小級=2。出現級=2;pre1。pos判定=label_raw_all,source_refs=2:2241;pre1:1710; row_count=2; label_raw_all=動詞
add,2223,exhaust,exhaust,verb,base,1,疲れ果てさせる，消耗させる,high_school,3,eiken,英検語彙由来のv2正本候補。英検最小級=2。出現級=2;pre1。pos判定=label_raw_all,source_refs=2:1166;pre1:3299; row_count=2; label_raw_all=動詞
add,2224,exhibit,exhibit,verb,base,1,示す，表示する,high_school,3,eiken,英検語彙由来のv2正本候補。英検最小級=2。出現級=2。pos判定=label_raw_all,source_refs=2:814; row_count=1; label_raw_all=動詞
add,2225,expect,expect,verb,base,1,予期する，予想する,high_school,3,eiken,英検語彙由来のv2正本候補。英検最小級=2。出現級=2。pos判定=label_raw_all,source_refs=2:921; row_count=1; label_raw_all=動詞
add,2226,expire,expire,verb,base,1,期限切れの,high_school,3,eiken,英検語彙由来のv2正本候補。英検最小級=2。出現級=2;pre1。pos判定=label_raw_all,source_refs=2:2118;pre1:2140; row_count=2; label_raw_all=動詞
add,2227,expired,expired,adjective,base,1,期限切れの，契約の切れた,high_school,3,eiken,英検語彙由来のv2正本候補。英検最小級=2。出現級=2。pos判定=label_raw_all,source_refs=2:617; row_count=1; label_raw_all=形容詞
add,2228,explode,explode,verb,base,1,爆発する，破裂する，激増する,high_school,3,eiken,英検語彙由来のv2正本候補。英検最小級=2。出現級=2。pos判定=label_raw_all,source_refs=2:2261; row_count=1; label_raw_all=動詞
add,2229,explorers,explorers,noun,base,1,探検家，冒険家,high_school,3,eiken,英検語彙由来のv2正本候補。英検最小級=2。出現級=2。pos判定=label_raw_all,source_refs=2:521; row_count=1; label_raw_all=名詞
add,2230,explosion,explosion,noun,base,1,爆発，爆裂,high_school,3,eiken,英検語彙由来のv2正本候補。英検最小級=2。出現級=2。pos判定=label_raw_all,source_refs=2:1352; row_count=1; label_raw_all=名詞
add,2231,extinct,extinct,adjective,base,1,絶滅した,high_school,3,eiken,英検語彙由来のv2正本候補。英検最小級=2。出現級=2;pre1。pos判定=label_raw_all,source_refs=2:2103;pre1:2056; row_count=2; label_raw_all=形容詞
add,2232,extract,extract,verb,base,1,抜き取る,high_school,1,eiken,英検語彙由来のv2正本候補。英検最小級=2。出現級=2;pre1;1。pos判定=label_raw_all,source_refs=2:2016;pre1:1245;1:402; row_count=3; label_raw_all=動詞; meaning_ja_all=抜き取る / 抜き取る，取り除く
add,2233,eyesight,eyesight,noun,base,1,視界,high_school,3,eiken,英検語彙由来のv2正本候補。英検最小級=2。出現級=2;pre1。pos判定=label_raw_all,source_refs=2:2133;pre1:1779; row_count=2; label_raw_all=名詞; meaning_ja_all=視界 / 視界，視野，視力
add,2234,facility,facility,noun,base,1,施設，手洗い，便利さ,high_school,3,eiken,英検語彙由来のv2正本候補。英検最小級=2。出現級=2。pos判定=label_raw_all,source_refs=2:1584; row_count=1; label_raw_all=名詞
add,2235,fame,fame,noun,base,1,名声,high_school,3,eiken,英検語彙由来のv2正本候補。英検最小級=2。出現級=2;pre1。pos判定=label_raw_all,source_refs=2:2137;pre1:23; row_count=2; label_raw_all=名詞
add,2236,familiar,familiar,adjective,base,1,見慣れた，よく知られた,high_school,3,eiken,英検語彙由来のv2正本候補。英検最小級=2。出現級=2。pos判定=label_raw_all,source_refs=2:582; row_count=1; label_raw_all=形容詞
add,2237,famine,famine,noun,base,1,食料不足,high_school,3,eiken,英検語彙由来のv2正本候補。英検最小級=2。出現級=2;pre1。pos判定=label_raw_all,source_refs=2:2100;pre1:803; row_count=2; label_raw_all=名詞
add,2238,fancy,fancy,noun,base,1,空想，想像,high_school,3,eiken,英検語彙由来のv2正本候補。英検最小級=2。出現級=2。pos判定=label_raw_all,source_refs=2:1817; row_count=1; label_raw_all=名詞
add,2239,fare,fare,noun,base,1,運賃,high_school,3,eiken,英検語彙由来のv2正本候補。英検最小級=2。出現級=2;pre1。pos判定=label_raw_all,source_refs=2:2233;pre1:184; row_count=2; label_raw_all=名詞
add,2240,fascinate,fascinate,verb,base,1,魅了する，魅惑する,high_school,3,eiken,英検語彙由来のv2正本候補。英検最小級=2。出現級=2。pos判定=label_raw_all,source_refs=2:1392; row_count=1; label_raw_all=動詞
add,2241,fatigue,fatigue,noun,base,1,疲労,high_school,3,eiken,英検語彙由来のv2正本候補。英検最小級=2。出現級=2;pre1。pos判定=label_raw_all,source_refs=2:2030;pre1:975; row_count=2; label_raw_all=名詞
add,2242,figure,figure,noun,base,1,形，姿,high_school,3,eiken,英検語彙由来のv2正本候補。英検最小級=2。出現級=2。pos判定=label_raw_all,source_refs=2:872; row_count=1; label_raw_all=名詞
add,2243,fingerprint,fingerprint,noun,base,1,指紋,high_school,3,eiken,英検語彙由来のv2正本候補。英検最小級=2。出現級=2;pre1。pos判定=label_raw_all,source_refs=2:2160;pre1:1682; row_count=2; label_raw_all=名詞
add,2244,firmly,firmly,adverb,base,1,堅く，確固として,high_school,3,eiken,英検語彙由来のv2正本候補。英検最小級=2。出現級=2。pos判定=label_raw_all,source_refs=2:1697; row_count=1; label_raw_all=副詞
add,2245,flame,flame,noun,base,1,火炎，炎,high_school,3,eiken,英検語彙由来のv2正本候補。英検最小級=2。出現級=2。pos判定=label_raw_all,source_refs=2:933; row_count=1; label_raw_all=名詞
add,2246,forecast,forecast,verb,base,1,予測する,high_school,3,eiken,英検語彙由来のv2正本候補。英検最小級=2。出現級=2;pre1。pos判定=label_raw_all,source_refs=2:2039;pre1:412; row_count=2; label_raw_all=動詞
add,2247,formula,formula,noun,base,1,式,high_school,3,eiken,英検語彙由来のv2正本候補。英検最小級=2。出現級=2。pos判定=label_raw_all,source_refs=2:2249; row_count=1; label_raw_all=名詞
add,2248,fossil,fossil,noun,base,1,化石，遺跡,high_school,3,eiken,英検語彙由来のv2正本候補。英検最小級=2。出現級=2;pre1。pos判定=label_raw_all,source_refs=2:849;pre1:1363; row_count=2; label_raw_all=名詞
add,2249,fraction,fraction,noun,base,1,分数,high_school,1,eiken,英検語彙由来のv2正本候補。英検最小級=2。出現級=2;pre1;1。pos判定=label_raw_all,source_refs=2:2068;pre1:1400;1:277; row_count=3; label_raw_all=名詞; meaning_ja_all=分数 / 分数，小数
add,2250,fragile,fragile,adjective,base,1,もろい,high_school,3,eiken,英検語彙由来のv2正本候補。英検最小級=2。出現級=2;pre1。pos判定=label_raw_all,source_refs=2:2285;pre1:1981; row_count=2; label_raw_all=形容詞
add,2251,fragment,fragment,noun,base,1,断片,high_school,3,eiken,英検語彙由来のv2正本候補。英検最小級=2。出現級=2;pre1。pos判定=label_raw_all,source_refs=2:2232;pre1:1195; row_count=2; label_raw_all=名詞
add,2252,friendly,friendly,adjective,base,1,友好的な，親切な,high_school,3,eiken,英検語彙由来のv2正本候補。英検最小級=2。出現級=2。pos判定=label_raw_all,source_refs=2:1202; row_count=1; label_raw_all=形容詞
add,2253,frown,frown,noun,base,1,しかめっ面，顔をしかめる,high_school,3,eiken,英検語彙由来のv2正本候補。英検最小級=2。出現級=2;pre1。pos判定=label_raw_all_multi:noun|verb,source_refs=2:869;pre1:817; row_count=2; label_raw_all=名詞/動詞;動詞
add,2254,fulfill,fulfill,verb,base,1,満たす，充足する,high_school,3,eiken,英検語彙由来のv2正本候補。英検最小級=2。出現級=2。pos判定=label_raw_all,source_refs=2:509; row_count=1; label_raw_all=動詞
add,2255,fur,fur,noun,base,1,毛皮，皮毛,high_school,3,eiken,英検語彙由来のv2正本候補。英検最小級=2。出現級=2。pos判定=label_raw_all,source_refs=2:1506; row_count=1; label_raw_all=名詞
add,2256,gay,gay,adjective,base,1,同性愛の，同性愛者の,high_school,3,eiken,英検語彙由来のv2正本候補。英検最小級=2。出現級=2。pos判定=label_raw_all,source_refs=2:1922; row_count=1; label_raw_all=形容詞
add,2257,gaze,gaze,verb,base,1,凝視する，じっと見る,high_school,3,eiken,英検語彙由来のv2正本候補。英検最小級=2。出現級=2。pos判定=label_raw_all,source_refs=2:1983; row_count=1; label_raw_all=動詞
add,2258,gear,gear,noun,base,1,伝動装置，動力伝達装置,high_school,3,eiken,英検語彙由来のv2正本候補。英検最小級=2。出現級=2。pos判定=label_raw_all,source_refs=2:1176; row_count=1; label_raw_all=名詞
add,2259,gene,gene,noun,base,1,遺伝子，遺因,high_school,3,eiken,英検語彙由来のv2正本候補。英検最小級=2。出現級=2。pos判定=label_raw_all,source_refs=2:1851; row_count=1; label_raw_all=名詞
add,2260,generate,generate,verb,base,1,発生させる，起こす,high_school,3,eiken,英検語彙由来のv2正本候補。英検最小級=2。出現級=2;pre1。pos判定=label_raw_all,source_refs=2:1856;pre1:3383; row_count=2; label_raw_all=動詞
add,2261,generation,generation,noun,base,1,世代，年代,high_school,3,eiken,英検語彙由来のv2正本候補。英検最小級=2。出現級=2。pos判定=label_raw_all,source_refs=2:761; row_count=1; label_raw_all=名詞
add,2262,genetically,genetically,adverb,base,1,遺伝的に，生まれながら,high_school,3,eiken,英検語彙由来のv2正本候補。英検最小級=2。出現級=2。pos判定=label_raw_all,source_refs=2:572; row_count=1; label_raw_all=副詞
add,2263,genuine,genuine,adjective,base,1,本物の，純粋な,high_school,3,eiken,英検語彙由来のv2正本候補。英検最小級=2。出現級=2;pre1。pos判定=label_raw_all,source_refs=2:883;pre1:823; row_count=2; label_raw_all=形容詞
add,2264,germ,germ,noun,base,1,細菌,high_school,3,eiken,英検語彙由来のv2正本候補。英検最小級=2。出現級=2;pre1。pos判定=label_raw_all,source_refs=2:2154;pre1:2796; row_count=2; label_raw_all=名詞
add,2265,girlfriend,girlfriend,noun,base,1,女友達，女の友人,high_school,3,eiken,英検語彙由来のv2正本候補。英検最小級=2。出現級=2。pos判定=label_raw_all,source_refs=2:1664; row_count=1; label_raw_all=名詞
add,2266,globe,globe,noun,base,1,地球，地球体,high_school,3,eiken,英検語彙由来のv2正本候補。英検最小級=2。出現級=2。pos判定=label_raw_all,source_refs=2:1475; row_count=1; label_raw_all=名詞
add,2267,goal,goal,noun,base,1,目標，目的,high_school,3,eiken,英検語彙由来のv2正本候補。英検最小級=2。出現級=2。pos判定=label_raw_all,source_refs=2:1663; row_count=1; label_raw_all=名詞
add,2268,grace,grace,noun,base,1,恵み,high_school,3,eiken,英検語彙由来のv2正本候補。英検最小級=2。出現級=2;pre1。pos判定=label_raw_all,source_refs=2:2004;pre1:85; row_count=2; label_raw_all=名詞
add,2269,grand,grand,adjective,base,1,壮大な，雄大な,high_school,3,eiken,英検語彙由来のv2正本候補。英検最小級=2。出現級=2。pos判定=label_raw_all,source_refs=2:1072; row_count=1; label_raw_all=形容詞
add,2270,grasp,grasp,verb,base,1,つかむ，把握する,high_school,3,eiken,英検語彙由来のv2正本候補。英検最小級=2。出現級=2;pre1。pos判定=label_raw_all,source_refs=2:1849;pre1:3192; row_count=2; label_raw_all=動詞
add,2271,grave,grave,noun,base,1,墓，墓地,high_school,3,eiken,英検語彙由来のv2正本候補。英検最小級=2。出現級=2。pos判定=label_raw_all,source_refs=2:1795; row_count=1; label_raw_all=名詞
add,2272,grocery,grocery,noun,base,1,食料品,high_school,3,eiken,英検語彙由来のv2正本候補。英検最小級=2。出現級=2;pre1。pos判定=label_raw_all,source_refs=2:2059;pre1:862; row_count=2; label_raw_all=名詞
add,2273,guide,guide,noun,base,1,案内人/案内する,high_school,3,eiken,英検語彙由来のv2正本候補。英検最小級=2。出現級=2。pos判定=label_raw_all,source_refs=2:1073; row_count=1; label_raw_all=名詞
add,2274,guilty,guilty,adjective,base,1,有罪の，罪のある,high_school,3,eiken,英検語彙由来のv2正本候補。英検最小級=2。出現級=2。pos判定=label_raw_all,source_refs=2:1391; row_count=1; label_raw_all=形容詞
add,2275,handout,handout,noun,base,1,配布物,high_school,1,eiken,英検語彙由来のv2正本候補。英検最小級=2。出現級=2;pre1;1。pos判定=label_raw_all,source_refs=2:2049;pre1:1827;1:1072; row_count=3; label_raw_all=名詞; meaning_ja_all=配布物 / 配布物，配布資料
add,2276,harmony,harmony,noun,base,1,調和，一致,high_school,3,eiken,英検語彙由来のv2正本候補。英検最小級=2。出現級=2。pos判定=label_raw_all,source_refs=2:995; row_count=1; label_raw_all=名詞
add,2277,harsh,harsh,adjective,base,1,厳しい,high_school,1,eiken,英検語彙由来のv2正本候補。英検最小級=2。出現級=2;pre1;1。pos判定=label_raw_all,source_refs=2:2281;pre1:147;1:131; row_count=3; label_raw_all=形容詞; meaning_ja_all=厳しい / 厳しい，過酷な
add,2278,hemisphere,hemisphere,noun,base,1,半球,high_school,3,eiken,英検語彙由来のv2正本候補。英検最小級=2。出現級=2;pre1。pos判定=label_raw_all,source_refs=2:2267;pre1:2186; row_count=2; label_raw_all=名詞
add,2279,hesitantly,hesitantly,adverb,base,1,躊躇して，もじもじして,high_school,3,eiken,英検語彙由来のv2正本候補。英検最小級=2。出現級=2。pos判定=label_raw_all,source_refs=2:754; row_count=1; label_raw_all=副詞
add,2280,hesitation,hesitation,noun,base,1,ためらい，躊躇,high_school,3,eiken,英検語彙由来のv2正本候補。英検最小級=2。出現級=2;pre1。pos判定=label_raw_all,source_refs=2:911;pre1:1080; row_count=2; label_raw_all=名詞
add,2281,hierarchy,hierarchy,noun,base,1,階層,high_school,1,eiken,英検語彙由来のv2正本候補。英検最小級=2。出現級=2;pre1;1。pos判定=label_raw_all,source_refs=2:2120;pre1:2300;1:217; row_count=3; label_raw_all=名詞; meaning_ja_all=階層 / 階層，階級
add,2282,historian,historian,noun,base,1,歴史家，史学者,high_school,3,eiken,英検語彙由来のv2正本候補。英検最小級=2。出現級=2。pos判定=label_raw_all,source_refs=2:972; row_count=1; label_raw_all=名詞
add,2283,honor,honor,noun,base,1,名誉，特権，栄誉,high_school,3,eiken,英検語彙由来のv2正本候補。英検最小級=2。出現級=2。pos判定=label_raw_all,source_refs=2:1597; row_count=1; label_raw_all=名詞
add,2284,hospitality,hospitality,noun,base,1,おもてなし，歓待,high_school,3,eiken,英検語彙由来のv2正本候補。英検最小級=2。出現級=2;pre1。pos判定=label_raw_all,source_refs=2:674;pre1:1380; row_count=2; label_raw_all=名詞
add,2285,humble,humble,adjective,base,1,謙虚な,high_school,3,eiken,英検語彙由来のv2正本候補。英検最小級=2。出現級=2;pre1。pos判定=label_raw_all,source_refs=2:2283;pre1:339; row_count=2; label_raw_all=形容詞
add,2286,humid,humid,adjective,base,1,湿っぽい、湿度の高い,high_school,3,eiken,英検語彙由来のv2正本候補。英検最小級=2。出現級=2;pre1。pos判定=label_raw_all,source_refs=2:2266;pre1:1604; row_count=2; label_raw_all=形容詞
add,2287,humidity,humidity,noun,base,1,湿度，湿気,high_school,3,eiken,英検語彙由来のv2正本候補。英検最小級=2。出現級=2;pre1。pos判定=label_raw_all,source_refs=2:628;pre1:2053; row_count=2; label_raw_all=名詞
add,2288,hunger,hunger,noun,base,1,飢え，空腹,high_school,3,eiken,英検語彙由来のv2正本候補。英検最小級=2。出現級=2。pos判定=label_raw_all,source_refs=2:1106; row_count=1; label_raw_all=名詞
add,2289,identical,identical,adjective,base,1,同一の，全く同じの,high_school,3,eiken,英検語彙由来のv2正本候補。英検最小級=2。出現級=2;pre1。pos判定=label_raw_all,source_refs=2:1654;pre1:1147; row_count=2; label_raw_all=形容詞; meaning_ja_all=同一の，全く同じの / 同一の
add,2290,ignorance,ignorance,noun,base,1,無知，無学,high_school,3,eiken,英検語彙由来のv2正本候補。英検最小級=2。出現級=2;pre1。pos判定=label_raw_all,source_refs=2:708;pre1:343; row_count=2; label_raw_all=名詞
add,2291,ill,ill,adjective,base,1,病気で，気分の悪い,high_school,3,eiken,英検語彙由来のv2正本候補。英検最小級=2。出現級=2。pos判定=label_raw_all,source_refs=2:641; row_count=1; label_raw_all=形容詞
add,2292,illustrate,illustrate,verb,base,1,を説明する，を例示する,high_school,3,eiken,英検語彙由来のv2正本候補。英検最小級=2。出現級=2。pos判定=label_raw_all,source_refs=2:589; row_count=1; label_raw_all=動詞
add,2293,illustration,illustration,noun,base,1,図解，実例,high_school,3,eiken,英検語彙由来のv2正本候補。英検最小級=2。出現級=2。pos判定=label_raw_all,source_refs=2:919; row_count=1; label_raw_all=名詞
add,2294,immigration,immigration,noun,base,1,移住，入国管理,high_school,3,eiken,英検語彙由来のv2正本候補。英検最小級=2。出現級=2。pos判定=label_raw_all,source_refs=2:946; row_count=1; label_raw_all=名詞
add,2295,impact,impact,noun,base,1,影響，衝撃,high_school,3,eiken,英検語彙由来のv2正本候補。英検最小級=2。出現級=2。pos判定=label_raw_all,source_refs=2:1356; row_count=1; label_raw_all=名詞
add,2296,imperial,imperial,adjective,base,1,帝国の,high_school,3,eiken,英検語彙由来のv2正本候補。英検最小級=2。出現級=2;pre1。pos判定=label_raw_all,source_refs=2:2119;pre1:353; row_count=2; label_raw_all=形容詞
add,2297,impose,impose,verb,base,1,を課す，負わせる,high_school,3,eiken,英検語彙由来のv2正本候補。英検最小級=2。出現級=2;pre1。pos判定=label_raw_all,source_refs=2:725;pre1:3327; row_count=2; label_raw_all=動詞
add,2298,impossible,impossible,adjective,base,1,不可能な，実現不可能な,high_school,3,eiken,英検語彙由来のv2正本候補。英検最小級=2。出現級=2。pos判定=label_raw_all,source_refs=2:936; row_count=1; label_raw_all=形容詞
add,2299,impulse,impulse,noun,base,1,衝動，衝力,high_school,3,eiken,英検語彙由来のv2正本候補。英検最小級=2。出現級=2;pre1。pos判定=label_raw_all,source_refs=2:1699;pre1:3017; row_count=2; label_raw_all=名詞
add,2300,incident,incident,noun,base,1,出来事，事件,high_school,3,eiken,英検語彙由来のv2正本候補。英検最小級=2。出現級=2。pos判定=label_raw_all,source_refs=2:716; row_count=1; label_raw_all=名詞
add,2301,inconvenience,inconvenience,noun,base,1,不便，不自由,high_school,3,eiken,英検語彙由来のv2正本候補。英検最小級=2。出現級=2。pos判定=label_raw_all,source_refs=2:563; row_count=1; label_raw_all=名詞
add,2302,increasingly,increasingly,adverb,base,1,ますます，更に,high_school,3,eiken,英検語彙由来のv2正本候補。英検最小級=2。出現級=2。pos判定=label_raw_all,source_refs=2:1458; row_count=1; label_raw_all=副詞
add,2303,incredible,incredible,adjective,base,1,信じられない，信じがたい,high_school,3,eiken,英検語彙由来のv2正本候補。英検最小級=2。出現級=2;pre1。pos判定=label_raw_all,source_refs=2:738;pre1:57; row_count=2; label_raw_all=形容詞
add,2304,indigenous,indigenous,adjective,base,1,原産の,high_school,1,eiken,英検語彙由来のv2正本候補。英検最小級=2。出現級=2;pre1;1。pos判定=label_raw_all,source_refs=2:2018;pre1:2960;1:518; row_count=3; label_raw_all=形容詞; meaning_ja_all=原産の / 原産の，原生の
add,2305,induce,induce,verb,base,1,誘発する,high_school,3,eiken,英検語彙由来のv2正本候補。英検最小級=2。出現級=2。pos判定=label_raw_all,source_refs=2:2065; row_count=1; label_raw_all=動詞
add,2306,industrialize,industrialize,verb,base,1,産業化する，工業化する,high_school,3,eiken,英検語彙由来のv2正本候補。英検最小級=2。出現級=2。pos判定=label_raw_all,source_refs=2:1501; row_count=1; label_raw_all=動詞
add,2307,inevitable,inevitable,adjective,base,1,避けられない，必然的,high_school,3,eiken,英検語彙由来のv2正本候補。英検最小級=2。出現級=2。pos判定=label_raw_all,source_refs=2:1990; row_count=1; label_raw_all=形容詞
add,2308,infant,infant,noun,base,1,乳児，赤ちゃん,high_school,3,eiken,英検語彙由来のv2正本候補。英検最小級=2。出現級=2;pre1。pos判定=label_raw_all,source_refs=2:1428;pre1:276; row_count=2; label_raw_all=名詞
add,2309,inferior,inferior,adjective,base,1,劣った，劣る,high_school,3,eiken,英検語彙由来のv2正本候補。英検最小級=2。出現級=2。pos判定=label_raw_all,source_refs=2:1967; row_count=1; label_raw_all=形容詞
add,2310,infrastructure,infrastructure,noun,base,1,基盤,high_school,3,eiken,英検語彙由来のv2正本候補。英検最小級=2。出現級=2;pre1。pos判定=label_raw_all,source_refs=2:2025;pre1:2389; row_count=2; label_raw_all=名詞
add,2311,inhabitant,inhabitant,noun,base,1,居住者，住人,high_school,3,eiken,英検語彙由来のv2正本候補。英検最小級=2。出現級=2。pos判定=label_raw_all,source_refs=2:1671; row_count=1; label_raw_all=名詞
add,2312,initial,initial,adjective,base,1,当初の，最初の,high_school,3,eiken,英検語彙由来のv2正本候補。英検最小級=2。出現級=2。pos判定=label_raw_all,source_refs=2:1788; row_count=1; label_raw_all=形容詞
add,2313,injection,injection,noun,base,1,注射，注入,high_school,3,eiken,英検語彙由来のv2正本候補。英検最小級=2。出現級=2。pos判定=label_raw_all,source_refs=2:2201; row_count=1; label_raw_all=名詞
add,2314,innocently,innocently,adverb,base,1,無邪気に，素直に,high_school,3,eiken,英検語彙由来のv2正本候補。英検最小級=2。出現級=2。pos判定=label_raw_all,source_refs=2:803; row_count=1; label_raw_all=副詞
add,2315,insect,insect,noun,base,1,昆虫，虫,high_school,3,eiken,英検語彙由来のv2正本候補。英検最小級=2。出現級=2。pos判定=label_raw_all,source_refs=2:1437; row_count=1; label_raw_all=名詞
add,2316,insight,insight,noun,base,1,洞察，洞察力,high_school,3,eiken,英検語彙由来のv2正本候補。英検最小級=2。出現級=2。pos判定=label_raw_all,source_refs=2:1747; row_count=1; label_raw_all=名詞
add,2317,insist,insist,verb,base,1,強く主張する，断言する,high_school,3,eiken,英検語彙由来のv2正本候補。英検最小級=2。出現級=2。pos判定=label_raw_all,source_refs=2:910; row_count=1; label_raw_all=動詞
add,2318,inspire,inspire,verb,base,1,鼓舞する，励ます,high_school,3,eiken,英検語彙由来のv2正本候補。英検最小級=2。出現級=2。pos判定=label_raw_all,source_refs=2:873; row_count=1; label_raw_all=動詞
add,2319,instant,instant,noun,base,1,瞬間，瞬時,high_school,3,eiken,英検語彙由来のv2正本候補。英検最小級=2。出現級=2。pos判定=label_raw_all,source_refs=2:1174; row_count=1; label_raw_all=名詞
add,2320,institution,institution,noun,base,1,制度，設立,high_school,3,eiken,英検語彙由来のv2正本候補。英検最小級=2。出現級=2。pos判定=label_raw_all,source_refs=2:1583; row_count=1; label_raw_all=名詞
add,2321,instruct,instruct,verb,base,1,指示する，教える,high_school,3,eiken,英検語彙由来のv2正本候補。英検最小級=2。出現級=2;pre1。pos判定=label_raw_all,source_refs=2:677;pre1:92; row_count=2; label_raw_all=動詞
add,2322,insurance,insurance,noun,base,1,保険，保障,high_school,3,eiken,英検語彙由来のv2正本候補。英検最小級=2。出現級=2。pos判定=label_raw_all,source_refs=2:760; row_count=1; label_raw_all=名詞
add,2323,integrate,integrate,verb,base,1,統合する,high_school,1,eiken,英検語彙由来のv2正本候補。英検最小級=2。出現級=2;pre1;1。pos判定=label_raw_all,source_refs=2:2148;pre1:2058;1:145; row_count=3; label_raw_all=動詞; meaning_ja_all=統合する / 統合する，一体化する
add,2324,intelligence,intelligence,noun,base,1,知能，知性,high_school,3,eiken,英検語彙由来のv2正本候補。英検最小級=2。出現級=2。pos判定=label_raw_all,source_refs=2:1686; row_count=1; label_raw_all=名詞
add,2325,intensive,intensive,adjective,base,1,集中的な，強調の,high_school,3,eiken,英検語彙由来のv2正本候補。英検最小級=2。出現級=2。pos判定=label_raw_all,source_refs=2:833; row_count=1; label_raw_all=形容詞
add,2326,interfere,interfere,verb,base,1,に干渉する，介入する,high_school,3,eiken,英検語彙由来のv2正本候補。英検最小級=2。出現級=2。pos判定=label_raw_all,source_refs=2:1076; row_count=1; label_raw_all=動詞
add,2327,interrupt,interrupt,verb,base,1,割り込む，中断する,high_school,3,eiken,英検語彙由来のv2正本候補。英検最小級=2。出現級=2。pos判定=label_raw_all,source_refs=2:666; row_count=1; label_raw_all=動詞
add,2328,intimate,intimate,adjective,base,1,親密な，密接な,high_school,3,eiken,英検語彙由来のv2正本候補。英検最小級=2。出現級=2。pos判定=label_raw_all,source_refs=2:1448; row_count=1; label_raw_all=形容詞
add,2329,intuition,intuition,noun,base,1,直感,high_school,3,eiken,英検語彙由来のv2正本候補。英検最小級=2。出現級=2;pre1。pos判定=label_raw_all,source_refs=2:2254;pre1:3225; row_count=2; label_raw_all=名詞
add,2330,invade,invade,verb,base,1,侵略する,high_school,3,eiken,英検語彙由来のv2正本候補。英検最小級=2。出現級=2;pre1。pos判定=label_raw_all,source_refs=2:2277;pre1:17; row_count=2; label_raw_all=動詞
add,2331,invention,invention,noun,base,1,発明，創造,high_school,3,eiken,英検語彙由来のv2正本候補。英検最小級=2。出現級=2;pre1。pos判定=label_raw_all,source_refs=2:711;pre1:166; row_count=2; label_raw_all=名詞
add,2332,investigate,investigate,verb,base,1,調査する，研究する,high_school,3,eiken,英検語彙由来のv2正本候補。英検最小級=2。出現級=2。pos判定=label_raw_all,source_refs=2:927; row_count=1; label_raw_all=動詞
add,2333,investment,investment,noun,base,1,投資，出資,high_school,3,eiken,英検語彙由来のv2正本候補。英検最小級=2。出現級=2。pos判定=label_raw_all,source_refs=2:1765; row_count=1; label_raw_all=名詞
add,2334,invisible,invisible,adjective,base,1,見えない，不可視な,high_school,3,eiken,英検語彙由来のv2正本候補。英検最小級=2。出現級=2;pre1。pos判定=label_raw_all,source_refs=2:1452;pre1:3123; row_count=2; label_raw_all=形容詞
add,2335,irrelevant,irrelevant,adjective,base,1,無関係な,high_school,3,eiken,英検語彙由来のv2正本候補。英検最小級=2。出現級=2;pre1。pos判定=label_raw_all,source_refs=2:2158;pre1:2017; row_count=2; label_raw_all=形容詞
add,2336,irrigation,irrigation,noun,base,1,灌漑,high_school,3,eiken,英検語彙由来のv2正本候補。英検最小級=2。出現級=2;pre1。pos判定=label_raw_all,source_refs=2:2262;pre1:2832; row_count=2; label_raw_all=名詞
add,2337,irritate,irritate,verb,base,1,イライラさせる，怒らせる,high_school,3,eiken,英検語彙由来のv2正本候補。英検最小級=2。出現級=2;pre1。pos判定=label_raw_all,source_refs=2:765;pre1:3009; row_count=2; label_raw_all=動詞
add,2338,isolation,isolation,noun,base,1,隔離,high_school,3,eiken,英検語彙由来のv2正本候補。英検最小級=2。出現級=2;pre1。pos判定=label_raw_all,source_refs=2:2071;pre1:964; row_count=2; label_raw_all=名詞
add,2339,jealously,jealously,adverb,base,1,嫉妬深く，妬み深く,high_school,3,eiken,英検語彙由来のv2正本候補。英検最小級=2。出現級=2。pos判定=label_raw_all,source_refs=2:544; row_count=1; label_raw_all=副詞
add,2340,justify,justify,verb,base,1,正当化する，合理化する,high_school,3,eiken,英検語彙由来のv2正本候補。英検最小級=2。出現級=2;pre1。pos判定=label_raw_all,source_refs=2:508;pre1:3354; row_count=2; label_raw_all=動詞
add,2341,kindergarten,kindergarten,noun,base,1,幼稚園,high_school,3,eiken,英検語彙由来のv2正本候補。英検最小級=2。出現級=2。pos判定=label_raw_all,source_refs=2:2051; row_count=1; label_raw_all=名詞
add,2342,laptop,laptop,noun,base,1,ノートパソコン,high_school,3,eiken,英検語彙由来のv2正本候補。英検最小級=2。出現級=2;pre1。pos判定=label_raw_all,source_refs=2:2255;pre1:2303; row_count=2; label_raw_all=名詞
add,2343,lately,lately,adverb,base,1,最近,high_school,3,eiken,英検語彙由来のv2正本候補。英検最小級=2。出現級=2;pre1。pos判定=label_raw_all,source_refs=2:2290;pre1:16; row_count=2; label_raw_all=副詞
add,2344,laundry,laundry,noun,base,1,洗濯物，クリーニング店,high_school,3,eiken,英検語彙由来のv2正本候補。英検最小級=2。出現級=2;pre1。pos判定=label_raw_all,source_refs=2:830;pre1:72; row_count=2; label_raw_all=名詞; meaning_ja_all=洗濯物，クリーニング店 / 洗濯物，洗濯
add,2345,layer,layer,noun,base,1,層,high_school,3,eiken,英検語彙由来のv2正本候補。英検最小級=2。出現級=2。pos判定=label_raw_all,source_refs=2:2259; row_count=1; label_raw_all=名詞
add,2346,leak,leak,verb,base,1,漏れる,high_school,3,eiken,英検語彙由来のv2正本候補。英検最小級=2。出現級=2;pre1。pos判定=label_raw_all,source_refs=2:2240;pre1:1075; row_count=2; label_raw_all=動詞
add,2347,leap,leap,verb,base,1,飛び跳ねる，飛び越える,high_school,3,eiken,英検語彙由来のv2正本候補。英検最小級=2。出現級=2。pos判定=label_raw_all,source_refs=2:1109;2:1745; row_count=2; label_raw_all=動詞; meaning_ja_all=飛び跳ねる，飛び越える / 跳ぶ，はねる
add,2348,legal,legal,adjective,base,1,法律の，法的な,high_school,3,eiken,英検語彙由来のv2正本候補。英検最小級=2。出現級=2。pos判定=label_raw_all,source_refs=2:1247; row_count=1; label_raw_all=形容詞
add,2349,leisurely,leisurely,adjective,base,1,のんびりした，気の長い,high_school,3,eiken,英検語彙由来のv2正本候補。英検最小級=2。出現級=2;1。pos判定=label_raw_all,source_refs=2:669;1:1476; row_count=2; label_raw_all=形容詞; meaning_ja_all=のんびりした，気の長い / のんびりした，ゆったりした
add,2350,lessen,lessen,verb,base,1,減らす,high_school,1,eiken,英検語彙由来のv2正本候補。英検最小級=2。出現級=2;pre1;1。pos判定=label_raw_all,source_refs=2:2044;pre1:1934;1:460; row_count=3; label_raw_all=動詞; meaning_ja_all=減らす / 減らす，減少させる
add,2351,liberty,liberty,noun,base,1,自由，独立,high_school,3,eiken,英検語彙由来のv2正本候補。英検最小級=2。出現級=2。pos判定=label_raw_all,source_refs=2:1268; row_count=1; label_raw_all=名詞
add,2352,limb,limb,noun,base,1,手足，四肢,high_school,3,eiken,英検語彙由来のv2正本候補。英検最小級=2。出現級=2;pre1。pos判定=label_raw_all,source_refs=2:778;pre1:368; row_count=2; label_raw_all=名詞
add,2353,liquid,liquid,noun,base,1,液体，流体,high_school,3,eiken,英検語彙由来のv2正本候補。英検最小級=2。出現級=2。pos判定=label_raw_all,source_refs=2:840; row_count=1; label_raw_all=名詞
add,2354,literally,literally,adverb,base,1,文字通りに，直訳で,high_school,3,eiken,英検語彙由来のv2正本候補。英検最小級=2。出現級=2。pos判定=label_raw_all,source_refs=2:1794; row_count=1; label_raw_all=副詞
add,2355,litter,litter,noun,base,1,ごみ,high_school,3,eiken,英検語彙由来のv2正本候補。英検最小級=2。出現級=2;pre1。pos判定=label_raw_all,source_refs=2:2275;pre1:1955; row_count=2; label_raw_all=名詞
add,2356,load,load,verb,base,1,積む/積み荷,high_school,3,eiken,英検語彙由来のv2正本候補。英検最小級=2。出現級=2。pos判定=label_raw_all,source_refs=2:1989; row_count=1; label_raw_all=動詞
add,2357,location,location,noun,base,1,位置，場所,high_school,3,eiken,英検語彙由来のv2正本候補。英検最小級=2。出現級=2。pos判定=label_raw_all,source_refs=2:805; row_count=1; label_raw_all=名詞
add,2358,log,log,noun,base,1,丸太，円木,high_school,3,eiken,英検語彙由来のv2正本候補。英検最小級=2。出現級=2。pos判定=label_raw_all,source_refs=2:1270; row_count=1; label_raw_all=名詞
add,2359,logic,logic,noun,base,1,論理，理論,high_school,3,eiken,英検語彙由来のv2正本候補。英検最小級=2。出現級=2。pos判定=label_raw_all,source_refs=2:1566; row_count=1; label_raw_all=名詞
add,2360,logical,logical,adjective,base,1,論理的な，論理上の,high_school,3,eiken,英検語彙由来のv2正本候補。英検最小級=2。出現級=2。pos判定=label_raw_all,source_refs=2:822; row_count=1; label_raw_all=形容詞
add,2361,lord,lord,noun,base,1,領主，支配者,high_school,3,eiken,英検語彙由来のv2正本候補。英検最小級=2。出現級=2。pos判定=label_raw_all,source_refs=2:1238; row_count=1; label_raw_all=名詞
add,2362,low-income,low-income,adjective,base,1,低収入の,high_school,3,eiken,英検語彙由来のv2正本候補。英検最小級=2。出現級=2。pos判定=label_raw_all,source_refs=2:2239; row_count=1; label_raw_all=形容詞
add,2363,lung,lung,noun,base,1,肺,high_school,3,eiken,英検語彙由来のv2正本候補。英検最小級=2。出現級=2。pos判定=label_raw_all,source_refs=2:1230; row_count=1; label_raw_all=名詞
add,2364,magnificent,magnificent,adjective,base,1,壮大な,high_school,3,eiken,英検語彙由来のv2正本候補。英検最小級=2。出現級=2;pre1。pos判定=label_raw_all,source_refs=2:2150;pre1:481; row_count=2; label_raw_all=形容詞
add,2365,major,major,noun,base,1,専攻科目，主要科目,high_school,3,eiken,英検語彙由来のv2正本候補。英検最小級=2。出現級=2。pos判定=label_raw_all,source_refs=2:575; row_count=1; label_raw_all=名詞
add,2366,maker,maker,noun,base,1,製造元，製作者,high_school,3,eiken,英検語彙由来のv2正本候補。英検最小級=2。出現級=2。pos判定=label_raw_all,source_refs=2:1349; row_count=1; label_raw_all=名詞
add,2367,mammal,mammal,noun,base,1,哺乳類,high_school,3,eiken,英検語彙由来のv2正本候補。英検最小級=2。出現級=2。pos判定=label_raw_all,source_refs=2:846; row_count=1; label_raw_all=名詞
add,2368,manipulate,manipulate,verb,base,1,操る,high_school,3,eiken,英検語彙由来のv2正本候補。英検最小級=2。出現級=2;pre1。pos判定=label_raw_all,source_refs=2:2010;pre1:2366; row_count=2; label_raw_all=動詞
add,2369,massive,massive,adjective,base,1,巨大な，大規模な,high_school,3,eiken,英検語彙由来のv2正本候補。英検最小級=2。出現級=2。pos判定=label_raw_all,source_refs=2:1845; row_count=1; label_raw_all=形容詞
add,2370,master,master,noun,base,1,主人，支配人,high_school,3,eiken,英検語彙由来のv2正本候補。英検最小級=2。出現級=2。pos判定=label_raw_all,source_refs=2:1828; row_count=1; label_raw_all=名詞
add,2371,masterpiece,masterpiece,noun,base,1,傑作，名作,high_school,3,eiken,英検語彙由来のv2正本候補。英検最小級=2。出現級=2;pre1。pos判定=label_raw_all,source_refs=2:891;pre1:993; row_count=2; label_raw_all=名詞
add,2372,mature,mature,adjective,base,1,成熟した，大人の,high_school,3,eiken,英検語彙由来のv2正本候補。英検最小級=2。出現級=2。pos判定=label_raw_all,source_refs=2:981; row_count=1; label_raw_all=形容詞
add,2373,means,means,noun,base,1,手段，方法,high_school,3,eiken,英検語彙由来のv2正本候補。英検最小級=2。出現級=2。pos判定=label_raw_all,source_refs=2:1429; row_count=1; label_raw_all=名詞
add,2374,medical,medical,adjective,base,1,医学の，医療の,high_school,3,eiken,英検語彙由来のv2正本候補。英検最小級=2。出現級=2。pos判定=label_raw_all,source_refs=2:519; row_count=1; label_raw_all=形容詞
add,2375,medieval,medieval,adjective,base,1,中世の,high_school,1,eiken,英検語彙由来のv2正本候補。英検最小級=2。出現級=2;pre1;1。pos判定=label_raw_all,source_refs=2:2126;pre1:521;1:111; row_count=3; label_raw_all=形容詞; meaning_ja_all=中世の / 中世の，時代遅れの
add,2376,migrate,migrate,verb,base,1,移行する，移住する,high_school,3,eiken,英検語彙由来のv2正本候補。英検最小級=2。出現級=2。pos判定=label_raw_all,source_refs=2:821; row_count=1; label_raw_all=動詞
add,2377,mildly,mildly,adverb,base,1,穏やかに，静かに,high_school,3,eiken,英検語彙由来のv2正本候補。英検最小級=2。出現級=2。pos判定=label_raw_all,source_refs=2:752; row_count=1; label_raw_all=副詞
add,2378,mindful,mindful,adjective,base,1,気をつけて，注意深く,high_school,3,eiken,英検語彙由来のv2正本候補。英検最小級=2。出現級=2。pos判定=label_raw_all,source_refs=2:735; row_count=1; label_raw_all=形容詞
add,2379,mineral,mineral,noun,base,1,無機物，非生物,high_school,3,eiken,英検語彙由来のv2正本候補。英検最小級=2。出現級=2。pos判定=label_raw_all,source_refs=2:878; row_count=1; label_raw_all=名詞
add,2380,minimum,minimum,adjective,base,1,最小の，最も小さな,high_school,3,eiken,英検語彙由来のv2正本候補。英検最小級=2。出現級=2。pos判定=label_raw_all,source_refs=2:1096; row_count=1; label_raw_all=形容詞
add,2381,ministry,ministry,noun,base,1,省庁，官庁,high_school,3,eiken,英検語彙由来のv2正本候補。英検最小級=2。出現級=2;pre1。pos判定=label_raw_all,source_refs=2:1351;pre1:318; row_count=2; label_raw_all=名詞
add,2382,minority,minority,noun,base,1,少数派，少数群,high_school,3,eiken,英検語彙由来のv2正本候補。英検最小級=2。出現級=2。pos判定=label_raw_all,source_refs=2:1529; row_count=1; label_raw_all=名詞
add,2383,modest,modest,adjective,base,1,控えめな,high_school,3,eiken,英検語彙由来のv2正本候補。英検最小級=2。出現級=2;pre1。pos判定=label_raw_all,source_refs=2:2224;pre1:24; row_count=2; label_raw_all=形容詞
add,2384,molecule,molecule,noun,base,1,分子,high_school,3,eiken,英検語彙由来のv2正本候補。英検最小級=2。出現級=2;pre1。pos判定=label_raw_all,source_refs=2:2196;pre1:1232; row_count=2; label_raw_all=名詞
add,2385,motive,motive,noun,base,1,動機，意欲,high_school,3,eiken,英検語彙由来のv2正本候補。英検最小級=2。出現級=2。pos判定=label_raw_all,source_refs=2:1094; row_count=1; label_raw_all=名詞
add,2386,mummy,mummy,noun,base,1,ミイラ，乾燥死体,high_school,3,eiken,英検語彙由来のv2正本候補。英検最小級=2。出現級=2;pre1。pos判定=label_raw_all,source_refs=2:836;pre1:868; row_count=2; label_raw_all=名詞
add,2387,mutual,mutual,adjective,base,1,相互の，互いの,high_school,3,eiken,英検語彙由来のv2正本候補。英検最小級=2。出現級=2;pre1。pos判定=label_raw_all,source_refs=2:1377;pre1:3140; row_count=2; label_raw_all=形容詞
add,2388,mystery,mystery,noun,base,1,神秘的な/神秘,high_school,3,eiken,英検語彙由来のv2正本候補。英検最小級=2。出現級=2。pos判定=label_raw_all,source_refs=2:1116; row_count=1; label_raw_all=名詞
add,2389,myth,myth,noun,base,1,神話，神話伝説,high_school,3,eiken,英検語彙由来のv2正本候補。英検最小級=2。出現級=2。pos判定=label_raw_all,source_refs=2:1087; row_count=1; label_raw_all=名詞
add,2390,nap,nap,noun,base,1,昼寝,high_school,3,eiken,英検語彙由来のv2正本候補。英検最小級=2。出現級=2;pre1。pos判定=label_raw_all,source_refs=2:2198;pre1:390; row_count=2; label_raw_all=名詞
add,2391,navy,navy,noun,base,1,海軍，水軍,high_school,3,eiken,英検語彙由来のv2正本候補。英検最小級=2。出現級=2。pos判定=label_raw_all,source_refs=2:1740; row_count=1; label_raw_all=名詞
add,2392,neat,neat,adjective,base,1,きちんとした,high_school,1,eiken,英検語彙由来のv2正本候補。英検最小級=2。出現級=2;pre1;1。pos判定=label_raw_all,source_refs=2:2116;pre1:134;1:525; row_count=3; label_raw_all=形容詞; meaning_ja_all=きちんとした / きちんとした，整った
add,2393,needlessly,needlessly,adverb,base,1,不必要に，無用に,high_school,3,eiken,英検語彙由来のv2正本候補。英検最小級=2。出現級=2。pos判定=label_raw_all,source_refs=2:885; row_count=1; label_raw_all=副詞
add,2394,neglect,neglect,verb,base,1,を無視する，放っておく,high_school,3,eiken,英検語彙由来のv2正本候補。英検最小級=2。出現級=2;pre1。pos判定=label_raw_all,source_refs=2:809;pre1:3077; row_count=2; label_raw_all=動詞
add,2395,nerve,nerve,noun,base,1,神経，神経線,high_school,3,eiken,英検語彙由来のv2正本候補。英検最小級=2。出現級=2。pos判定=label_raw_all,source_refs=2:1562; row_count=1; label_raw_all=名詞
add,2396,newly,newly,adverb,base,1,新たに，最近,high_school,3,eiken,英検語彙由来のv2正本候補。英検最小級=2。出現級=2。pos判定=label_raw_all,source_refs=2:1751; row_count=1; label_raw_all=副詞
add,2397,nod,nod,verb,base,1,うなずく，会釈する,high_school,3,eiken,英検語彙由来のv2正本候補。英検最小級=2。出現級=2。pos判定=label_raw_all,source_refs=2:1764; row_count=1; label_raw_all=動詞
add,2398,numerous,numerous,adjective,base,1,多数の，多くの,high_school,3,eiken,英検語彙由来のv2正本候補。英検最小級=2。出現級=2。pos判定=label_raw_all,source_refs=2:994; row_count=1; label_raw_all=形容詞
add,2399,nutrition,nutrition,noun,base,1,栄養，栄養素,high_school,3,eiken,英検語彙由来のv2正本候補。英検最小級=2。出現級=2;pre1。pos判定=label_raw_all,source_refs=2:2238;pre1:1393; row_count=2; label_raw_all=名詞
add,2400,obey,obey,verb,base,1,従う,high_school,3,eiken,英検語彙由来のv2正本候補。英検最小級=2。出現級=2;pre1。pos判定=label_raw_all,source_refs=2:2008;pre1:458; row_count=2; label_raw_all=動詞
add,2401,objection,objection,noun,base,1,異議，反対,high_school,3,eiken,英検語彙由来のv2正本候補。英検最小級=2。出現級=2;pre1。pos判定=label_raw_all,source_refs=2:746;pre1:1428; row_count=2; label_raw_all=名詞
add,2402,objectively,objectively,adverb,base,1,客観的に，冷静に,high_school,3,eiken,英検語彙由来のv2正本候補。英検最小級=2。出現級=2。pos判定=label_raw_all,source_refs=2:801; row_count=1; label_raw_all=副詞
add,2403,obligation,obligation,noun,base,1,義務，責任,high_school,3,eiken,英検語彙由来のv2正本候補。英検最小級=2。出現級=2。pos判定=label_raw_all,source_refs=2:1544; row_count=1; label_raw_all=名詞
add,2404,obscure,obscure,adjective,base,1,不明瞭な,high_school,3,eiken,英検語彙由来のv2正本候補。英検最小級=2。出現級=2;pre1。pos判定=label_raw_all,source_refs=2:2055;pre1:1425; row_count=2; label_raw_all=形容詞
add,2405,obsession,obsession,noun,base,1,強迫観念,high_school,3,eiken,英検語彙由来のv2正本候補。英検最小級=2。出現級=2。pos判定=label_raw_all,source_refs=2:2007; row_count=1; label_raw_all=名詞
add,2406,obstacle,obstacle,noun,base,1,障害，妨害,high_school,3,eiken,英検語彙由来のv2正本候補。英検最小級=2。出現級=2;pre1。pos判定=label_raw_all,source_refs=2:522;pre1:969; row_count=2; label_raw_all=名詞
add,2407,odd,odd,adjective,base,1,変な，奇妙な,high_school,3,eiken,英検語彙由来のv2正本候補。英検最小級=2。出現級=2。pos判定=label_raw_all,source_refs=2:1531; row_count=1; label_raw_all=形容詞
add,2408,offensive,offensive,adjective,base,1,攻撃的な，無礼な,high_school,3,eiken,英検語彙由来のv2正本候補。英検最小級=2。出現級=2;pre1。pos判定=label_raw_all,source_refs=2:580;pre1:249; row_count=2; label_raw_all=形容詞
add,2409,optimistic,optimistic,adjective,base,1,楽観的な,high_school,1,eiken,英検語彙由来のv2正本候補。英検最小級=2。出現級=2;pre1;1。pos判定=label_raw_all,source_refs=2:2115;pre1:677;1:352; row_count=3; label_raw_all=形容詞; meaning_ja_all=楽観的な / 楽観的な，前向きな
add,2410,organ,organ,noun,base,1,臓器,high_school,1,eiken,英検語彙由来のv2正本候補。英検最小級=2。出現級=2;pre1;1。pos判定=label_raw_all,source_refs=2:2142;pre1:138;1:39; row_count=3; label_raw_all=名詞; meaning_ja_all=臓器 / 臓器，器官
add,2411,organic,organic,adjective,base,1,無農薬の,high_school,1,eiken,英検語彙由来のv2正本候補。英検最小級=2。出現級=2;pre1;1。pos判定=label_raw_all,source_refs=2:2248;pre1:768;1:8; row_count=3; label_raw_all=形容詞; meaning_ja_all=無農薬の / 無農薬の，有機の
add,2412,originate,originate,verb,base,1,始まる，起こす,high_school,3,eiken,英検語彙由来のv2正本候補。英検最小級=2。出現級=2。pos判定=label_raw_all,source_refs=2:1161; row_count=1; label_raw_all=動詞
add,2413,output,output,noun,base,1,生産量，製造量,high_school,3,eiken,英検語彙由来のv2正本候補。英検最小級=2。出現級=2。pos判定=label_raw_all,source_refs=2:1012; row_count=1; label_raw_all=名詞
add,2414,overwhelm,overwhelm,verb,base,1,圧倒する,high_school,1,eiken,英検語彙由来のv2正本候補。英検最小級=2。出現級=2;pre1;1。pos判定=label_raw_all,source_refs=2:2174;pre1:1211;1:255; row_count=3; label_raw_all=動詞; meaning_ja_all=圧倒する / 圧倒する，制圧する
add,2415,owe,owe,verb,base,1,を借りている，借用する,high_school,3,eiken,英検語彙由来のv2正本候補。英検最小級=2。出現級=2。pos判定=label_raw_all,source_refs=2:1617; row_count=1; label_raw_all=動詞
add,2416,oxygen,oxygen,noun,base,1,酸素,high_school,3,eiken,英検語彙由来のv2正本候補。英検最小級=2。出現級=2;pre1。pos判定=label_raw_all,source_refs=2:806;pre1:42; row_count=2; label_raw_all=名詞
add,2417,painful,painful,adjective,base,1,苦痛な，痛い,high_school,3,eiken,英検語彙由来のv2正本候補。英検最小級=2。出現級=2。pos判定=label_raw_all,source_refs=2:1439; row_count=1; label_raw_all=形容詞
add,2418,parallel,parallel,adjective,base,1,平行の，並行の,high_school,3,eiken,英検語彙由来のv2正本候補。英検最小級=2。出現級=2。pos判定=label_raw_all,source_refs=2:1790; row_count=1; label_raw_all=形容詞
add,2419,parliament,parliament,noun,base,1,議会，国会,high_school,3,eiken,英検語彙由来のv2正本候補。英検最小級=2。出現級=2。pos判定=label_raw_all,source_refs=2:726; row_count=1; label_raw_all=名詞
add,2420,participant,participant,noun,base,1,参加者，出席者,high_school,3,eiken,英検語彙由来のv2正本候補。英検最小級=2。出現級=2。pos判定=label_raw_all,source_refs=2:538; row_count=1; label_raw_all=名詞
add,2421,particle,particle,noun,base,1,分子,high_school,3,eiken,英検語彙由来のv2正本候補。英検最小級=2。出現級=2;pre1。pos判定=label_raw_all,source_refs=2:2149;pre1:574; row_count=2; label_raw_all=名詞
add,2422,passive,passive,adjective,base,1,受身の，消極的な,high_school,3,eiken,英検語彙由来のv2正本候補。英検最小級=2。出現級=2;pre1。pos判定=label_raw_all,source_refs=2:1673;pre1:3305; row_count=2; label_raw_all=形容詞
add,2423,pastime,pastime,noun,base,1,娯楽,high_school,1,eiken,英検語彙由来のv2正本候補。英検最小級=2。出現級=2;pre1;1。pos判定=label_raw_all,source_refs=2:2151;pre1:480;1:3829; row_count=3; label_raw_all=名詞; meaning_ja_all=娯楽 / 気晴らし
add,2424,patience,patience,noun,base,1,辛抱強さ，忍耐力,high_school,3,eiken,英検語彙由来のv2正本候補。英検最小級=2。出現級=2。pos判定=label_raw_all,source_refs=2:1078; row_count=1; label_raw_all=名詞
add,2425,payment,payment,noun,base,1,支払い，支出,high_school,3,eiken,英検語彙由来のv2正本候補。英検最小級=2。出現級=2。pos判定=label_raw_all,source_refs=2:496; row_count=1; label_raw_all=名詞
add,2426,peacefully,peacefully,adverb,base,1,平和的に，穏やかに,high_school,3,eiken,英検語彙由来のv2正本候補。英検最小級=2。出現級=2。pos判定=label_raw_all,source_refs=2:593; row_count=1; label_raw_all=副詞
add,2427,peculiar,peculiar,adjective,base,1,奇妙な，変わった,high_school,3,eiken,英検語彙由来のv2正本候補。英検最小級=2。出現級=2;pre1。pos判定=label_raw_all,source_refs=2:1575;pre1:3071; row_count=2; label_raw_all=形容詞
add,2428,pedestrian,pedestrian,noun,base,1,歩行者,high_school,3,eiken,英検語彙由来のv2正本候補。英検最小級=2。出現級=2;pre1。pos判定=label_raw_all,source_refs=2:2299;pre1:1785; row_count=2; label_raw_all=名詞
add,2429,peel,peel,noun,base,1,皮，表皮,high_school,3,eiken,英検語彙由来のv2正本候補。英検最小級=2。出現級=2;pre1。pos判定=label_raw_all,source_refs=2:673;pre1:626; row_count=2; label_raw_all=名詞
add,2430,penetrate,penetrate,verb,base,1,貫く,high_school,3,eiken,英検語彙由来のv2正本候補。英検最小級=2。出現級=2;pre1。pos判定=label_raw_all,source_refs=2:2087;pre1:1155; row_count=2; label_raw_all=動詞
add,2431,perception,perception,noun,base,1,知覚，認知,high_school,3,eiken,英検語彙由来のv2正本候補。英検最小級=2。出現級=2;pre1。pos判定=label_raw_all,source_refs=2:1108;pre1:1018; row_count=2; label_raw_all=名詞
add,2432,permanent,permanent,adjective,base,1,永久の，永遠の,high_school,3,eiken,英検語彙由来のv2正本候補。英検最小級=2。出現級=2;pre1。pos判定=label_raw_all,source_refs=2:1240;pre1:3283; row_count=2; label_raw_all=形容詞
add,2433,permanently,permanently,adverb,base,1,恒久的に，永遠に,high_school,3,eiken,英検語彙由来のv2正本候補。英検最小級=2。出現級=2。pos判定=label_raw_all,source_refs=2:516; row_count=1; label_raw_all=副詞
add,2434,perspective,perspective,noun,base,1,見解，見通し,high_school,3,eiken,英検語彙由来のv2正本候補。英検最小級=2。出現級=2;pre1。pos判定=label_raw_all,source_refs=2:1652;pre1:3122; row_count=2; label_raw_all=名詞
add,2435,persuasion,persuasion,noun,base,1,説得，口説き,high_school,3,eiken,英検語彙由来のv2正本候補。英検最小級=2。出現級=2;pre1。pos判定=label_raw_all,source_refs=2:819;pre1:1431; row_count=2; label_raw_all=名詞
add,2436,pile,pile,noun,base,1,積み重ね，累積,high_school,3,eiken,英検語彙由来のv2正本候補。英検最小級=2。出現級=2。pos判定=label_raw_all,source_refs=2:1640; row_count=1; label_raw_all=名詞
add,2437,pioneer,pioneer,noun,base,1,開拓者，先駆者,high_school,3,eiken,英検語彙由来のv2正本候補。英検最小級=2。出現級=2;pre1。pos判定=label_raw_all,source_refs=2:1412;pre1:37; row_count=2; label_raw_all=名詞
add,2438,pit,pit,noun,base,1,くぼみ，凹み,high_school,3,eiken,英検語彙由来のv2正本候補。英検最小級=2。出現級=2。pos判定=label_raw_all,source_refs=2:1861; row_count=1; label_raw_all=名詞
add,2439,plain,plain,adjective,base,1,簡素な，わかりやすい,high_school,3,eiken,英検語彙由来のv2正本候補。英検最小級=2。出現級=2。pos判定=label_raw_all,source_refs=2:1400; row_count=1; label_raw_all=形容詞
add,2440,plot,plot,noun,base,1,話の筋，物語の筋,high_school,3,eiken,英検語彙由来のv2正本候補。英検最小級=2。出現級=2。pos判定=label_raw_all,source_refs=2:1496; row_count=1; label_raw_all=名詞
add,2441,poison,poison,noun,base,1,毒，毒物,high_school,3,eiken,英検語彙由来のv2正本候補。英検最小級=2。出現級=2。pos判定=label_raw_all,source_refs=2:645; row_count=1; label_raw_all=名詞
add,2442,portion,portion,noun,base,1,部分，一部分,high_school,3,eiken,英検語彙由来のv2正本候補。英検最小級=2。出現級=2。pos判定=label_raw_all,source_refs=2:1619; row_count=1; label_raw_all=名詞
add,2443,pose,pose,noun,base,1,姿勢，体勢,high_school,3,eiken,英検語彙由来のv2正本候補。英検最小級=2。出現級=2。pos判定=label_raw_all,source_refs=2:1942; row_count=1; label_raw_all=名詞
add,2444,positive,positive,adjective,base,1,自信のある，確信している,high_school,3,eiken,英検語彙由来のv2正本候補。英検最小級=2。出現級=2。pos判定=label_raw_all,source_refs=2:1734; row_count=1; label_raw_all=形容詞
add,2445,postpone,postpone,verb,base,1,を延期する，を先送りする,high_school,3,eiken,英検語彙由来のv2正本候補。英検最小級=2。出現級=2;pre1。pos判定=label_raw_all,source_refs=2:507;pre1:427; row_count=2; label_raw_all=動詞
add,2446,practically,practically,adverb,base,1,実質的に，実用的に,high_school,3,eiken,英検語彙由来のv2正本候補。英検最小級=2。出現級=2。pos判定=label_raw_all,source_refs=2:1091; row_count=1; label_raw_all=副詞
add,2447,pray,pray,verb,base,1,祈る，願う,high_school,3,eiken,英検語彙由来のv2正本候補。英検最小級=2。出現級=2。pos判定=label_raw_all,source_refs=2:1347; row_count=1; label_raw_all=動詞
add,2448,precede,precede,verb,base,1,先行する,high_school,3,eiken,英検語彙由来のv2正本候補。英検最小級=2。出現級=2;pre1。pos判定=label_raw_all,source_refs=2:2031;pre1:1805; row_count=2; label_raw_all=動詞
add,2449,precious,precious,adjective,base,1,貴重な，大切な,high_school,3,eiken,英検語彙由来のv2正本候補。英検最小級=2。出現級=2。pos判定=label_raw_all,source_refs=2:553; row_count=1; label_raw_all=形容詞
add,2450,precise,precise,adjective,base,1,正確な，的確な,high_school,3,eiken,英検語彙由来のv2正本候補。英検最小級=2。出現級=2。pos判定=label_raw_all,source_refs=2:851; row_count=1; label_raw_all=形容詞
add,2451,precisely,precisely,adverb,base,1,正確に，精密に,high_school,3,eiken,英検語彙由来のv2正本候補。英検最小級=2。出現級=2。pos判定=label_raw_all,source_refs=2:1886; row_count=1; label_raw_all=副詞
add,2452,predator,predator,noun,base,1,捕食者,high_school,3,eiken,英検語彙由来のv2正本候補。英検最小級=2。出現級=2;pre1。pos判定=label_raw_all,source_refs=2:2094;pre1:2931; row_count=2; label_raw_all=名詞
add,2453,preference,preference,noun,base,1,好み，好き,high_school,3,eiken,英検語彙由来のv2正本候補。英検最小級=2。出現級=2。pos判定=label_raw_all,source_refs=2:1791; row_count=1; label_raw_all=名詞
add,2454,prejudice,prejudice,noun,base,1,先入観,high_school,3,eiken,英検語彙由来のv2正本候補。英検最小級=2。出現級=2;pre1。pos判定=label_raw_all,source_refs=2:2076;pre1:3189; row_count=2; label_raw_all=名詞
add,2455,prey,prey,noun,base,1,獲物,high_school,1,eiken,英検語彙由来のv2正本候補。英検最小級=2。出現級=2;pre1;1。pos判定=label_raw_all,source_refs=2:2234;pre1:1008;1:80; row_count=3; label_raw_all=名詞; meaning_ja_all=獲物 / 獲物，捕食対象
add,2456,principal,principal,adjective,base,1,主要な，基本的な,high_school,3,eiken,英検語彙由来のv2正本候補。英検最小級=2。出現級=2。pos判定=label_raw_all,source_refs=2:815; row_count=1; label_raw_all=形容詞
add,2457,privilege,privilege,noun,base,1,特権，特典,high_school,3,eiken,英検語彙由来のv2正本候補。英検最小級=2。出現級=2。pos判定=label_raw_all,source_refs=2:1822; row_count=1; label_raw_all=名詞
add,2458,produce,produce,verb,base,1,を生産する，産出する,high_school,3,eiken,英検語彙由来のv2正本候補。英検最小級=2。出現級=2。pos判定=label_raw_all,source_refs=2:210;2:637; row_count=2; label_raw_all=動詞; meaning_ja_all=を生産する，産出する / を生産する，作り出す
add,2459,product,product,noun,base,1,製品，商品,high_school,3,eiken,英検語彙由来のv2正本候補。英検最小級=2。出現級=2。pos判定=label_raw_all,source_refs=2:816; row_count=1; label_raw_all=名詞
add,2460,profession,profession,noun,base,1,職業，仕事,high_school,3,eiken,英検語彙由来のv2正本候補。英検最小級=2。出現級=2。pos判定=label_raw_all,source_refs=2:1810; row_count=1; label_raw_all=名詞
add,2461,profound,profound,adjective,base,1,深い，心からの,high_school,3,eiken,英検語彙由来のv2正本候補。英検最小級=2。出現級=2;pre1。pos判定=label_raw_all,source_refs=2:1973;pre1:1577; row_count=2; label_raw_all=形容詞; meaning_ja_all=深い，心からの / 深い，深遠な
add,2462,prohibit,prohibit,verb,base,1,禁じる,high_school,1,eiken,英検語彙由来のv2正本候補。英検最小級=2。出現級=2;pre1;1。pos判定=label_raw_all,source_refs=2:2246;pre1:517;1:202; row_count=3; label_raw_all=動詞; meaning_ja_all=禁じる / 禁じる，禁止する
add,2463,prolong,prolong,verb,base,1,延長する,high_school,1,eiken,英検語彙由来のv2正本候補。英検最小級=2。出現級=2;pre1;1。pos判定=label_raw_all,source_refs=2:2282;pre1:435;1:709; row_count=3; label_raw_all=動詞; meaning_ja_all=延長する / 延ばす，伸ばす
add,2464,pronunciation,pronunciation,noun,base,1,発音，発声,high_school,3,eiken,英検語彙由来のv2正本候補。英検最小級=2。出現級=2。pos判定=label_raw_all,source_refs=2:710; row_count=1; label_raw_all=名詞
add,2465,protein,protein,noun,base,1,タンパク質，タンパク物質,high_school,3,eiken,英検語彙由来のv2正本候補。英検最小級=2。出現級=2。pos判定=label_raw_all,source_refs=2:1375; row_count=1; label_raw_all=名詞
add,2466,protocol,protocol,noun,base,1,儀礼,high_school,1,eiken,英検語彙由来のv2正本候補。英検最小級=2。出現級=2;pre1;1。pos判定=label_raw_all,source_refs=2:2242;pre1:2880;1:3770; row_count=3; label_raw_all=名詞; meaning_ja_all=儀礼 / 外交儀礼
add,2467,prove,prove,verb,base,1,を証明する，立証する,high_school,3,eiken,英検語彙由来のv2正本候補。英検最小級=2。出現級=2;pre1。pos判定=label_raw_all,source_refs=2:759;pre1:1683; row_count=2; label_raw_all=動詞; meaning_ja_all=を証明する，立証する / を証明する
add,2468,provoke,provoke,verb,base,1,挑発する,high_school,1,eiken,英検語彙由来のv2正本候補。英検最小級=2。出現級=2;pre1;1。pos判定=label_raw_all,source_refs=2:2026;pre1:1115;1:97; row_count=3; label_raw_all=動詞; meaning_ja_all=挑発する / 挑発する，引き起こす
add,2469,psychology,psychology,noun,base,1,心理学，精神科学,high_school,3,eiken,英検語彙由来のv2正本候補。英検最小級=2。出現級=2;pre1。pos判定=label_raw_all,source_refs=2:783;pre1:818; row_count=2; label_raw_all=名詞
add,2470,publicity,publicity,noun,base,1,宣伝，周知,high_school,3,eiken,英検語彙由来のv2正本候補。英検最小級=2。出現級=2。pos判定=label_raw_all,source_refs=2:584; row_count=1; label_raw_all=名詞
add,2471,publisher,publisher,noun,base,1,出版社，出版会社,high_school,3,eiken,英検語彙由来のv2正本候補。英検最小級=2。出現級=2;pre1。pos判定=label_raw_all,source_refs=2:502;pre1:827; row_count=2; label_raw_all=名詞
add,2472,punishment,punishment,noun,base,1,罰，罰則,high_school,3,eiken,英検語彙由来のv2正本候補。英検最小級=2。出現級=2。pos判定=label_raw_all,source_refs=2:931; row_count=1; label_raw_all=名詞
add,2473,pupil,pupil,noun,base,1,生徒，学生,high_school,3,eiken,英検語彙由来のv2正本候補。英検最小級=2。出現級=2。pos判定=label_raw_all,source_refs=2:1368; row_count=1; label_raw_all=名詞
add,2474,pursuit,pursuit,noun,base,1,追跡，追跡行為,high_school,3,eiken,英検語彙由来のv2正本候補。英検最小級=2。出現級=2。pos判定=label_raw_all,source_refs=2:1678; row_count=1; label_raw_all=名詞
add,2475,quantity,quantity,noun,base,1,量，数値,high_school,3,eiken,英検語彙由来のv2正本候補。英検最小級=2。出現級=2。pos判定=label_raw_all,source_refs=2:907; row_count=1; label_raw_all=名詞
add,2476,racial,racial,adjective,base,1,人種の，民族の,high_school,3,eiken,英検語彙由来のv2正本候補。英検最小級=2。出現級=2。pos判定=label_raw_all,source_refs=2:1912; row_count=1; label_raw_all=形容詞
add,2477,ray,ray,noun,base,1,光線，放射線,high_school,3,eiken,英検語彙由来のv2正本候補。英検最小級=2。出現級=2。pos判定=label_raw_all,source_refs=2:1348; row_count=1; label_raw_all=名詞
add,2478,rear,rear,adjective,base,1,後部の，背後の,high_school,3,eiken,英検語彙由来のv2正本候補。英検最小級=2。出現級=2。pos判定=label_raw_all,source_refs=2:1316; row_count=1; label_raw_all=形容詞
add,2479,reasonable,reasonable,adjective,base,1,理性のある，分別のある,high_school,3,eiken,英検語彙由来のv2正本候補。英検最小級=2。出現級=2。pos判定=label_raw_all,source_refs=2:2052; row_count=1; label_raw_all=形容詞
add,2480,recognition,recognition,noun,base,1,認識，認知,high_school,3,eiken,英検語彙由来のv2正本候補。英検最小級=2。出現級=2。pos判定=label_raw_all,source_refs=2:1245; row_count=1; label_raw_all=名詞
add,2481,recognize,recognize,verb,base,1,を認識する，はっきりと知る,high_school,3,eiken,英検語彙由来のv2正本候補。英検最小級=2。出現級=2。pos判定=label_raw_all,source_refs=2:614; row_count=1; label_raw_all=動詞
add,2482,reference,reference,noun,base,1,参照，参考,high_school,3,eiken,英検語彙由来のv2正本候補。英検最小級=2。出現級=2。pos判定=label_raw_all,source_refs=2:1800; row_count=1; label_raw_all=名詞
add,2483,refuge,refuge,noun,base,1,避難,high_school,3,eiken,英検語彙由来のv2正本候補。英検最小級=2。出現級=2;pre1。pos判定=label_raw_all,source_refs=2:2286;pre1:623; row_count=2; label_raw_all=名詞
add,2484,refund,refund,verb,base,1,払い戻す,high_school,3,eiken,英検語彙由来のv2正本候補。英検最小級=2。出現級=2;1。pos判定=label_raw_all,source_refs=2:2153;1:37; row_count=2; label_raw_all=動詞; meaning_ja_all=払い戻す / 払い戻す，返金する
add,2485,regardless,regardless,adverb,base,1,にも関わらず，不注意で,high_school,3,eiken,英検語彙由来のv2正本候補。英検最小級=2。出現級=2。pos判定=label_raw_all,source_refs=2:1857; row_count=1; label_raw_all=副詞
add,2486,regime,regime,noun,base,1,政権，政府,high_school,3,eiken,英検語彙由来のv2正本候補。英検最小級=2。出現級=2。pos判定=label_raw_all,source_refs=2:1441; row_count=1; label_raw_all=名詞
add,2487,reinforce,reinforce,verb,base,1,強化する,high_school,3,eiken,英検語彙由来のv2正本候補。英検最小級=2。出現級=2;pre1。pos判定=label_raw_all,source_refs=2:2284;pre1:1555; row_count=2; label_raw_all=動詞
add,2488,relative,relative,adjective,base,1,相対的な，比較上の，親戚,high_school,3,eiken,英検語彙由来のv2正本候補。英検最小級=2。出現級=2。pos判定=label_raw_all,source_refs=2:644; row_count=1; label_raw_all=形容詞
add,2489,reliable,reliable,adjective,base,1,信頼性のある，あてになる,high_school,3,eiken,英検語彙由来のv2正本候補。英検最小級=2。出現級=2。pos判定=label_raw_all,source_refs=2:545; row_count=1; label_raw_all=形容詞
add,2490,relief,relief,noun,base,1,安堵，軽減,high_school,3,eiken,英検語彙由来のv2正本候補。英検最小級=2。出現級=2。pos判定=label_raw_all,source_refs=2:1467; row_count=1; label_raw_all=名詞
add,2491,relieve,relieve,verb,base,1,和らげる，軽減する,high_school,3,eiken,英検語彙由来のv2正本候補。英検最小級=2。出現級=2;pre1。pos判定=label_raw_all,source_refs=2:968;pre1:3103; row_count=2; label_raw_all=動詞
add,2492,remote,remote,adjective,base,1,遠い，遠隔の,high_school,3,eiken,英検語彙由来のv2正本候補。英検最小級=2。出現級=2。pos判定=label_raw_all,source_refs=2:1735; row_count=1; label_raw_all=形容詞
add,2493,renew,renew,verb,base,1,を更新する，新しくする,high_school,3,eiken,英検語彙由来のv2正本候補。英検最小級=2。出現級=2。pos判定=label_raw_all,source_refs=2:620; row_count=1; label_raw_all=動詞
add,2494,republic,republic,noun,base,1,共和国，共和制国家,high_school,3,eiken,英検語彙由来のv2正本候補。英検最小級=2。出現級=2。pos判定=label_raw_all,source_refs=2:1707; row_count=1; label_raw_all=名詞
add,2495,require,require,verb,base,1,を必要とする，を要求する,high_school,3,eiken,英検語彙由来のv2正本候補。英検最小級=2。出現級=2。pos判定=label_raw_all,source_refs=2:2042; row_count=1; label_raw_all=動詞
add,2496,reservation,reservation,noun,base,1,予約，確保,high_school,3,eiken,英検語彙由来のv2正本候補。英検最小級=2。出現級=2。pos判定=label_raw_all,source_refs=2:798; row_count=1; label_raw_all=名詞
add,2497,resign,resign,verb,base,1,辞任する,high_school,3,eiken,英検語彙由来のv2正本候補。英検最小級=2。出現級=2;pre1。pos判定=label_raw_all,source_refs=2:2057;pre1:664; row_count=2; label_raw_all=動詞
add,2498,resist,resist,verb,base,1,抵抗する，反発する,high_school,3,eiken,英検語彙由来のv2正本候補。英検最小級=2。出現級=2。pos判定=label_raw_all,source_refs=2:1321; row_count=1; label_raw_all=動詞
add,2499,resolve,resolve,verb,base,1,解決する，を決心する,high_school,3,eiken,英検語彙由来のv2正本候補。英検最小級=2。出現級=2;pre1。pos判定=label_raw_all,source_refs=2:1324;pre1:3152; row_count=2; label_raw_all=動詞
add,2500,restrain,restrain,verb,base,1,抑える,high_school,3,eiken,英検語彙由来のv2正本候補。英検最小級=2。出現級=2;pre1。pos判定=label_raw_all,source_refs=2:2300;pre1:352; row_count=2; label_raw_all=動詞
add,2501,retail,retail,noun,base,1,小売り,high_school,3,eiken,英検語彙由来のv2正本候補。英検最小級=2。出現級=2;pre1。pos判定=label_raw_all,source_refs=2:2070;pre1:1107; row_count=2; label_raw_all=名詞
add,2502,retain,retain,verb,base,1,保持する，持ち続ける,high_school,3,eiken,英検語彙由来のv2正本候補。英検最小級=2。出現級=2。pos判定=label_raw_all,source_refs=2:1842; row_count=1; label_raw_all=動詞
add,2503,retrieve,retrieve,verb,base,1,取り戻す,high_school,3,eiken,英検語彙由来のv2正本候補。英検最小級=2。出現級=2;pre1。pos判定=label_raw_all,source_refs=2:2212;pre1:2914; row_count=2; label_raw_all=動詞
add,2504,reuse,reuse,verb,base,1,を再利用する，再使用する,high_school,3,eiken,英検語彙由来のv2正本候補。英検最小級=2。出現級=2。pos判定=label_raw_all,source_refs=2:586; row_count=1; label_raw_all=動詞
add,2505,reveal,reveal,verb,base,1,明らかにする,high_school,3,eiken,英検語彙由来のv2正本候補。英検最小級=2。出現級=2。pos判定=label_raw_all,source_refs=2:2216; row_count=1; label_raw_all=動詞
add,2506,revenge,revenge,noun,base,1,に復讐する/復讐,high_school,3,eiken,英検語彙由来のv2正本候補。英検最小級=2。出現級=2。pos判定=label_raw_all,source_refs=2:659; row_count=1; label_raw_all=名詞
add,2507,revise,revise,verb,base,1,改訂する,high_school,3,eiken,英検語彙由来のv2正本候補。英検最小級=2。出現級=2;pre1。pos判定=label_raw_all,source_refs=2:2111;pre1:1148; row_count=2; label_raw_all=動詞
add,2508,rid,rid,verb,base,1,を取り除く，除去する,high_school,3,eiken,英検語彙由来のv2正本候補。英検最小級=2。出現級=2。pos判定=label_raw_all,source_refs=2:1821; row_count=1; label_raw_all=動詞
add,2509,ridiculous,ridiculous,adjective,base,1,ばかげている，不合理な,high_school,3,eiken,英検語彙由来のv2正本候補。英検最小級=2。出現級=2;pre1。pos判定=label_raw_all,source_refs=2:844;pre1:719; row_count=2; label_raw_all=形容詞
add,2510,ritual,ritual,noun,base,1,儀式，式典,high_school,3,eiken,英検語彙由来のv2正本候補。英検最小級=2。出現級=2;pre1。pos判定=label_raw_all,source_refs=2:1127;pre1:3147; row_count=2; label_raw_all=名詞
add,2511,roast,roast,verb,base,1,あぶり焼きにする,high_school,3,eiken,英検語彙由来のv2正本候補。英検最小級=2。出現級=2;pre1。pos判定=label_raw_all,source_refs=2:2105;pre1:133; row_count=2; label_raw_all=動詞
add,2512,rude,rude,adjective,base,1,失礼な，無礼な,high_school,3,eiken,英検語彙由来のv2正本候補。英検最小級=2。出現級=2。pos判定=label_raw_all,source_refs=2:1126; row_count=1; label_raw_all=形容詞
add,2513,rug,rug,noun,base,1,じゅうたん，敷き物,high_school,3,eiken,英検語彙由来のv2正本候補。英検最小級=2。出現級=2;pre1。pos判定=label_raw_all,source_refs=2:697;pre1:1780; row_count=2; label_raw_all=名詞
add,2514,rumor,rumor,noun,base,1,うわさ,high_school,3,eiken,英検語彙由来のv2正本候補。英検最小級=2。出現級=2。pos判定=label_raw_all,source_refs=2:2155; row_count=1; label_raw_all=名詞
add,2515,sacrifice,sacrifice,noun,base,1,犠牲，捧げ物,high_school,3,eiken,英検語彙由来のv2正本候補。英検最小級=2。出現級=2;pre1。pos判定=label_raw_all,source_refs=2:1446;pre1:3239; row_count=2; label_raw_all=名詞
add,2516,salty,salty,adjective,base,1,塩辛い,high_school,3,eiken,英検語彙由来のv2正本候補。英検最小級=2。出現級=2。pos判定=label_raw_all,source_refs=2:2268; row_count=1; label_raw_all=形容詞
add,2517,sanitation,sanitation,noun,base,1,衛生,high_school,3,eiken,英検語彙由来のv2正本候補。英検最小級=2。出現級=2;1。pos判定=label_raw_all,source_refs=2:2067;1:942; row_count=2; label_raw_all=名詞; meaning_ja_all=衛生 / 衛生，清潔さ
add,2518,satisfactory,satisfactory,adjective,base,1,満足のいく，充足する,high_school,3,eiken,英検語彙由来のv2正本候補。英検最小級=2。出現級=2。pos判定=label_raw_all,source_refs=2:1302; row_count=1; label_raw_all=形容詞
add,2519,savage,savage,adjective,base,1,獰猛な,high_school,3,eiken,英検語彙由来のv2正本候補。英検最小級=2。出現級=2;pre1。pos判定=label_raw_all,source_refs=2:2130;pre1:1341; row_count=2; label_raw_all=形容詞
add,2520,scar,scar,noun,base,1,傷跡，痕跡,high_school,1,eiken,英検語彙由来のv2正本候補。英検最小級=2。出現級=2;pre1;1。pos判定=label_raw_all,source_refs=2:753;pre1:859;1:1190; row_count=3; label_raw_all=名詞
add,2521,scarce,scarce,adjective,base,1,乏しい,high_school,1,eiken,英検語彙由来のv2正本候補。英検最小級=2。出現級=2;pre1;1。pos判定=label_raw_all,source_refs=2:2090;pre1:499;1:177; row_count=3; label_raw_all=形容詞; meaning_ja_all=乏しい / 乏しい，不足している
add,2522,scatter,scatter,verb,base,1,まき散らす，ばらまく,high_school,3,eiken,英検語彙由来のv2正本候補。英検最小級=2。出現級=2;pre1。pos判定=label_raw_all,source_refs=2:1313;pre1:3255; row_count=2; label_raw_all=動詞
add,2523,scholar,scholar,noun,base,1,学者，研究者,high_school,3,eiken,英検語彙由来のv2正本候補。英検最小級=2。出現級=2。pos判定=label_raw_all,source_refs=2:1820; row_count=1; label_raw_all=名詞
add,2524,scholarship,scholarship,noun,base,1,奨学金,high_school,3,eiken,英検語彙由来のv2正本候補。英検最小級=2。出現級=2;pre1。pos判定=label_raw_all,source_refs=2:2186;pre1:415; row_count=2; label_raw_all=名詞
add,2525,seat,seat,verb,base,1,を着席させる/座席,high_school,3,eiken,英検語彙由来のv2正本候補。英検最小級=2。出現級=2。pos判定=label_raw_all,source_refs=2:1045; row_count=1; label_raw_all=動詞
add,2526,secondhand,secondhand,adjective,base,1,中古の,high_school,3,eiken,英検語彙由来のv2正本候補。英検最小級=2。出現級=2;pre1。pos判定=label_raw_all,source_refs=2:2101;pre1:1405; row_count=2; label_raw_all=形容詞
add,2527,seed,seed,noun,base,1,種子，種,high_school,3,eiken,英検語彙由来のv2正本候補。英検最小級=2。出現級=2。pos判定=label_raw_all,source_refs=2:1223; row_count=1; label_raw_all=名詞
add,2528,select,select,verb,base,1,を選び出す，を選ぶ,high_school,3,eiken,英検語彙由来のv2正本候補。英検最小級=2。出現級=2。pos判定=label_raw_all,source_refs=2:1482; row_count=1; label_raw_all=動詞
add,2529,separation,separation,noun,base,1,分離，区分,high_school,3,eiken,英検語彙由来のv2正本候補。英検最小級=2。出現級=2;pre1。pos判定=label_raw_all,source_refs=2:585;pre1:763; row_count=2; label_raw_all=名詞
add,2530,servant,servant,noun,base,1,使用人，召使,high_school,3,eiken,英検語彙由来のv2正本候補。英検最小級=2。出現級=2。pos判定=label_raw_all,source_refs=2:1215; row_count=1; label_raw_all=名詞
add,2531,sewage,sewage,noun,base,1,下水,high_school,3,eiken,英検語彙由来のv2正本候補。英検最小級=2。出現級=2;1。pos判定=label_raw_all,source_refs=2:2220;1:1863; row_count=2; label_raw_all=名詞; meaning_ja_all=下水 / 下水，排水
add,2532,shame,shame,noun,base,1,恥，羞恥,high_school,3,eiken,英検語彙由来のv2正本候補。英検最小級=2。出現級=2。pos判定=label_raw_all,source_refs=2:1724; row_count=1; label_raw_all=名詞
add,2533,shed,shed,verb,base,1,流す，排出する,high_school,3,eiken,英検語彙由来のv2正本候補。英検最小級=2。出現級=2。pos判定=label_raw_all,source_refs=2:1190; row_count=1; label_raw_all=動詞
add,2534,shit,shit,noun,base,1,大便，便,high_school,3,eiken,英検語彙由来のv2正本候補。英検最小級=2。出現級=2。pos判定=label_raw_all,source_refs=2:1835; row_count=1; label_raw_all=名詞
add,2535,shrink,shrink,verb,base,1,縮小する,high_school,3,eiken,英検語彙由来のv2正本候補。英検最小級=2。出現級=2;pre1。pos判定=label_raw_all,source_refs=2:2195;pre1:495; row_count=2; label_raw_all=動詞
add,2536,similarity,similarity,noun,base,1,類似点，相似,high_school,3,eiken,英検語彙由来のv2正本候補。英検最小級=2。出現級=2。pos判定=label_raw_all,source_refs=2:1103; row_count=1; label_raw_all=名詞
add,2537,sincere,sincere,adjective,base,1,誠実な,high_school,1,eiken,英検語彙由来のv2正本候補。英検最小級=2。出現級=2;pre1;1。pos判定=label_raw_all,source_refs=2:2251;pre1:158;1:192; row_count=3; label_raw_all=形容詞; meaning_ja_all=誠実な / 誠実な，真剣な
add,2538,sincerely,sincerely,adverb,base,1,心から，真心こめて,high_school,3,eiken,英検語彙由来のv2正本候補。英検最小級=2。出現級=2;pre1。pos判定=label_raw_all,source_refs=2:790;pre1:33; row_count=2; label_raw_all=副詞
add,2539,slavery,slavery,noun,base,1,奴隷制度,high_school,3,eiken,英検語彙由来のv2正本候補。英検最小級=2。出現級=2;pre1。pos判定=label_raw_all,source_refs=2:2019;pre1:1397; row_count=2; label_raw_all=名詞
add,2540,smart,smart,adjective,base,1,頭の良い，きちんとした,high_school,3,eiken,英検語彙由来のv2正本候補。英検最小級=2。出現級=2。pos判定=label_raw_all,source_refs=2:1188; row_count=1; label_raw_all=形容詞
add,2541,snap,snap,verb,base,1,パチンと鳴らす，カチンと鳴らす,high_school,3,eiken,英検語彙由来のv2正本候補。英検最小級=2。出現級=2。pos判定=label_raw_all,source_refs=2:1275; row_count=1; label_raw_all=動詞
add,2542,sneeze,sneeze,noun,base,1,くしゃみ/くしゃみをする,high_school,3,eiken,英検語彙由来のv2正本候補。英検最小級=2。出現級=2;pre1。pos判定=label_raw_all_multi:noun|verb,source_refs=2:720;pre1:882; row_count=2; label_raw_all=名詞/動詞;動詞
add,2543,soak,soak,verb,base,1,浸す,high_school,1,eiken,英検語彙由来のv2正本候補。英検最小級=2。出現級=2;pre1;1。pos判定=label_raw_all,source_refs=2:2083;pre1:929;1:372; row_count=3; label_raw_all=動詞; meaning_ja_all=浸す / 浸す，浸漬する
add,2544,soar,soar,verb,base,1,舞い上がる,high_school,3,eiken,英検語彙由来のv2正本候補。英検最小級=2。出現級=2;pre1。pos判定=label_raw_all,source_refs=2:2097;pre1:611; row_count=2; label_raw_all=動詞
add,2545,socially,socially,adverb,base,1,社会的に，社会的観点から,high_school,3,eiken,英検語彙由来のv2正本候補。英検最小級=2。出現級=2。pos判定=label_raw_all,source_refs=2:1343; row_count=1; label_raw_all=副詞
add,2546,sole,sole,adjective,base,1,単独の,high_school,1,eiken,英検語彙由来のv2正本候補。英検最小級=2。出現級=2;pre1;1。pos判定=label_raw_all,source_refs=2:2027;pre1:552;1:509; row_count=3; label_raw_all=形容詞; meaning_ja_all=単独の / 単独の，単一の
add,2547,sorrow,sorrow,noun,base,1,悲しみ,high_school,3,eiken,英検語彙由来のv2正本候補。英検最小級=2。出現級=2;pre1。pos判定=label_raw_all,source_refs=2:2169;pre1:464; row_count=2; label_raw_all=名詞
add,2548,souvenir,souvenir,noun,base,1,お土産,high_school,3,eiken,英検語彙由来のv2正本候補。英検最小級=2。出現級=2;pre1。pos判定=label_raw_all,source_refs=2:2077;pre1:1727; row_count=2; label_raw_all=名詞
add,2549,sparkle,sparkle,noun,base,1,閃光,high_school,3,eiken,英検語彙由来のv2正本候補。英検最小級=2。出現級=2;pre1。pos判定=label_raw_all_multi:noun|verb,source_refs=2:2229;pre1:504; row_count=2; label_raw_all=動詞;名詞
add,2550,sphere,sphere,noun,base,1,球，球体,high_school,3,eiken,英検語彙由来のv2正本候補。英検最小級=2。出現級=2;pre1。pos判定=label_raw_all,source_refs=2:658;pre1:633; row_count=2; label_raw_all=名詞
add,2551,spiritual,spiritual,adjective,base,1,精神の，心の,high_school,3,eiken,英検語彙由来のv2正本候補。英検最小級=2。出現級=2。pos判定=label_raw_all,source_refs=2:1591; row_count=1; label_raw_all=形容詞
add,2552,spiritually,spiritually,adverb,base,1,精神的に，心の中で,high_school,3,eiken,英検語彙由来のv2正本候補。英検最小級=2。出現級=2。pos判定=label_raw_all,source_refs=2:794; row_count=1; label_raw_all=副詞
add,2553,spoil,spoil,verb,base,1,台無しにする，損なう,high_school,3,eiken,英検語彙由来のv2正本候補。英検最小級=2。出現級=2;pre1。pos判定=label_raw_all,source_refs=2:1150;pre1:1946; row_count=2; label_raw_all=動詞
add,2554,spouse,spouse,noun,base,1,配偶者,high_school,3,eiken,英検語彙由来のv2正本候補。英検最小級=2。出現級=2;pre1。pos判定=label_raw_all,source_refs=2:2192;pre1:2007; row_count=2; label_raw_all=名詞
add,2555,spur,spur,noun,base,1,刺激,high_school,1,eiken,英検語彙由来のv2正本候補。英検最小級=2。出現級=2;pre1;1。pos判定=label_raw_all,source_refs=2:2131;pre1:1632;1:142; row_count=3; label_raw_all=名詞; meaning_ja_all=刺激 / 刺激，触発
add,2556,starve,starve,verb,base,1,飢える,high_school,3,eiken,英検語彙由来のv2正本候補。英検最小級=2。出現級=2;pre1。pos判定=label_raw_all,source_refs=2:2140;pre1:93; row_count=2; label_raw_all=動詞
add,2557,steadily,steadily,adverb,base,1,着実に，確実に,high_school,3,eiken,英検語彙由来のv2正本候補。英検最小級=2。出現級=2。pos判定=label_raw_all,source_refs=2:1805; row_count=1; label_raw_all=副詞
add,2558,steady,steady,adjective,base,1,着実な，安定した,high_school,3,eiken,英検語彙由来のv2正本候補。英検最小級=2。出現級=2。pos判定=label_raw_all,source_refs=2:1701; row_count=1; label_raw_all=形容詞
add,2559,stem,stem,noun,base,1,幹,high_school,3,eiken,英検語彙由来のv2正本候補。英検最小級=2。出現級=2;pre1。pos判定=label_raw_all,source_refs=2:2205;pre1:3062; row_count=2; label_raw_all=名詞
add,2560,stern,stern,adjective,base,1,厳格な,high_school,1,eiken,英検語彙由来のv2正本候補。英検最小級=2。出現級=2;pre1;1。pos判定=label_raw_all,source_refs=2:2035;pre1:748;1:774; row_count=3; label_raw_all=形容詞; meaning_ja_all=厳格な / 厳しい，厳格な
add,2561,stiff,stiff,adjective,base,1,硬い,high_school,3,eiken,英検語彙由来のv2正本候補。英検最小級=2。出現級=2;pre1。pos判定=label_raw_all,source_refs=2:2062;pre1:173; row_count=2; label_raw_all=形容詞
add,2562,strengthen,strengthen,verb,base,1,強化する，増強する,high_school,3,eiken,英検語彙由来のv2正本候補。英検最小級=2。出現級=2。pos判定=label_raw_all,source_refs=2:706; row_count=1; label_raw_all=動詞
add,2563,stretch,stretch,verb,base,1,広がる，拡大する,high_school,3,eiken,英検語彙由来のv2正本候補。英検最小級=2。出現級=2。pos判定=label_raw_all,source_refs=2:1402; row_count=1; label_raw_all=動詞
add,2564,struggle,struggle,verb,base,1,もがき苦しむ,high_school,3,eiken,英検語彙由来のv2正本候補。英検最小級=2。出現級=2。pos判定=label_raw_all,source_refs=2:2080; row_count=1; label_raw_all=動詞
add,2565,stubborn,stubborn,adjective,base,1,頑固な,high_school,1,eiken,英検語彙由来のv2正本候補。英検最小級=2。出現級=2;pre1;1。pos判定=label_raw_all,source_refs=2:2279;pre1:812;1:524; row_count=3; label_raw_all=形容詞; meaning_ja_all=頑固な / 頑固な，固執する
add,2566,subsequent,subsequent,adjective,base,1,その後の,high_school,1,eiken,英検語彙由来のv2正本候補。英検最小級=2。出現級=2;pre1;1。pos判定=label_raw_all,source_refs=2:2082;pre1:1753;1:12; row_count=3; label_raw_all=形容詞; meaning_ja_all=その後の / その後の，次の
add,2567,substitute,substitute,noun,base,1,代用品/代わりに用いる,high_school,3,eiken,英検語彙由来のv2正本候補。英検最小級=2。出現級=2。pos判定=label_raw_all,source_refs=2:672; row_count=1; label_raw_all=名詞
add,2568,subtle,subtle,adjective,base,1,微妙な，繊細な,high_school,3,eiken,英検語彙由来のv2正本候補。英検最小級=2。出現級=2;pre1。pos判定=label_raw_all,source_refs=2:1674;pre1:3110; row_count=2; label_raw_all=形容詞
add,2569,suburb,suburb,noun,base,1,郊外，近郊,high_school,3,eiken,英検語彙由来のv2正本候補。英検最小級=2。出現級=2。pos判定=label_raw_all,source_refs=2:876; row_count=1; label_raw_all=名詞
add,2570,sue,sue,verb,base,1,訴える,high_school,1,eiken,英検語彙由来のv2正本候補。英検最小級=2。出現級=2;pre1;1。pos判定=label_raw_all,source_refs=2:2011;pre1:647;1:214; row_count=3; label_raw_all=動詞; meaning_ja_all=訴える / 訴える，訴訟を起こす
add,2571,summon,summon,verb,base,1,召喚する,high_school,3,eiken,英検語彙由来のv2正本候補。英検最小級=2。出現級=2;pre1。pos判定=label_raw_all,source_refs=2:2297;pre1:807; row_count=2; label_raw_all=動詞
add,2572,supervisor,supervisor,noun,base,1,上司,high_school,1,eiken,英検語彙由来のv2正本候補。英検最小級=2。出現級=2;pre1;1。pos判定=label_raw_all,source_refs=2:2079;pre1:2323;1:297; row_count=3; label_raw_all=名詞; meaning_ja_all=上司 / 上司，長上
add,2573,supplement,supplement,noun,base,1,補足，追加,high_school,3,eiken,英検語彙由来のv2正本候補。英検最小級=2。出現級=2;pre1。pos判定=label_raw_all,source_refs=2:2084;pre1:930; row_count=2; label_raw_all=名詞
add,2574,supporter,supporter,noun,base,1,支援者，後援者,high_school,3,eiken,英検語彙由来のv2正本候補。英検最小級=2。出現級=2。pos判定=label_raw_all,source_refs=2:1504; row_count=1; label_raw_all=名詞
add,2575,suppress,suppress,verb,base,1,抑える，抑圧する,high_school,3,eiken,英検語彙由来のv2正本候補。英検最小級=2。出現級=2;pre1。pos判定=label_raw_all,source_refs=2:1634;pre1:3061; row_count=2; label_raw_all=動詞
add,2576,suspend,suspend,verb,base,1,つるす,high_school,3,eiken,英検語彙由来のv2正本候補。英検最小級=2。出現級=2;pre1。pos判定=label_raw_all,source_refs=2:2204;pre1:594; row_count=2; label_raw_all=動詞
add,2577,suspicious,suspicious,adjective,base,1,疑わしい，怪しい,high_school,3,eiken,英検語彙由来のv2正本候補。英検最小級=2。出現級=2;pre1。pos判定=label_raw_all,source_refs=2:661;pre1:661; row_count=2; label_raw_all=形容詞
add,2578,swallow,swallow,verb,base,1,を飲み込む，嚥下する,high_school,3,eiken,英検語彙由来のv2正本候補。英検最小級=2。出現級=2。pos判定=label_raw_all,source_refs=2:1595; row_count=1; label_raw_all=動詞
add,2579,sweep,sweep,verb,base,1,掃く，払う,high_school,3,eiken,英検語彙由来のv2正本候補。英検最小級=2。出現級=2。pos判定=label_raw_all,source_refs=2:1416; row_count=1; label_raw_all=動詞
add,2580,tale,tale,noun,base,1,お話，物語,high_school,3,eiken,英検語彙由来のv2正本候補。英検最小級=2。出現級=2。pos判定=label_raw_all,source_refs=2:1276; row_count=1; label_raw_all=名詞
add,2581,talent,talent,noun,base,1,才能，能力,high_school,3,eiken,英検語彙由来のv2正本候補。英検最小級=2。出現級=2。pos判定=label_raw_all,source_refs=2:1156; row_count=1; label_raw_all=名詞
add,2582,tame,tame,verb,base,1,飼いならす,high_school,1,eiken,英検語彙由来のv2正本候補。英検最小級=2。出現級=2;pre1;1。pos判定=label_raw_all,source_refs=2:2180;pre1:49;1:1789; row_count=3; label_raw_all=動詞; meaning_ja_all=飼いならす / 飼い慣らされた，家畜化された，馴染む
add,2583,tap,tap,verb,base,1,軽くたたく，軽く打つ,high_school,3,eiken,英検語彙由来のv2正本候補。英検最小級=2。出現級=2。pos判定=label_raw_all,source_refs=2:1046; row_count=1; label_raw_all=動詞
add,2584,technical,technical,adjective,base,1,技術上の，専門的な,high_school,3,eiken,英検語彙由来のv2正本候補。英検最小級=2。出現級=2。pos判定=label_raw_all,source_refs=2:1102; row_count=1; label_raw_all=形容詞
add,2585,telescope,telescope,noun,base,1,望遠鏡，遠望鏡,high_school,3,eiken,英検語彙由来のv2正本候補。英検最小級=2。出現級=2。pos判定=label_raw_all,source_refs=2:1160; row_count=1; label_raw_all=名詞
add,2586,terribly,terribly,adverb,base,1,ひどく，ものすごく,high_school,3,eiken,英検語彙由来のv2正本候補。英検最小級=2。出現級=2;pre1。pos判定=label_raw_all,source_refs=2:856;pre1:27; row_count=2; label_raw_all=副詞
add,2587,thermometer,thermometer,noun,base,1,温度計，気温計,high_school,1,eiken,英検語彙由来のv2正本候補。英検最小級=2。出現級=2;pre1;1。pos判定=label_raw_all,source_refs=2:923;pre1:794;1:1193; row_count=3; label_raw_all=名詞; meaning_ja_all=温度計，気温計 / 温度計，体温計
add,2588,thorough,thorough,adjective,base,1,徹底した,high_school,3,eiken,英検語彙由来のv2正本候補。英検最小級=2。出現級=2;pre1。pos判定=label_raw_all,source_refs=2:2092;pre1:442; row_count=2; label_raw_all=形容詞
add,2589,thrust,thrust,verb,base,1,突き上げる,high_school,3,eiken,英検語彙由来のv2正本候補。英検最小級=2。出現級=2;pre1。pos判定=label_raw_all,source_refs=2:2048;pre1:3288; row_count=2; label_raw_all=動詞
add,2590,tide,tide,noun,base,1,潮，潮流,high_school,3,eiken,英検語彙由来のv2正本候補。英検最小級=2。出現級=2。pos判定=label_raw_all,source_refs=2:1490; row_count=1; label_raw_all=名詞
add,2591,tidy,tidy,adjective,base,1,きちんとした,high_school,1,eiken,英検語彙由来のv2正本候補。英検最小級=2。出現級=2;pre1;1。pos判定=label_raw_all,source_refs=2:2215;pre1:279;1:527; row_count=3; label_raw_all=形容詞; meaning_ja_all=きちんとした / きちんとした，整った
add,2592,tip,tip,noun,base,1,先，前方,high_school,3,eiken,英検語彙由来のv2正本候補。英検最小級=2。出現級=2。pos判定=label_raw_all,source_refs=2:1134; row_count=1; label_raw_all=名詞
add,2593,toll,toll,noun,base,1,料金,high_school,3,eiken,英検語彙由来のv2正本候補。英検最小級=2。出現級=2;pre1。pos判定=label_raw_all,source_refs=2:2060;pre1:1770; row_count=2; label_raw_all=名詞
add,2594,tourism,tourism,noun,base,1,観光，観覧,high_school,3,eiken,英検語彙由来のv2正本候補。英検最小級=2。出現級=2。pos判定=label_raw_all,source_refs=2:768; row_count=1; label_raw_all=名詞
add,2595,toxic,toxic,adjective,base,1,有毒な,high_school,1,eiken,英検語彙由来のv2正本候補。英検最小級=2。出現級=2;pre1;1。pos判定=label_raw_all,source_refs=2:2243;pre1:2149;1:334; row_count=3; label_raw_all=形容詞; meaning_ja_all=有毒な / 有毒な，毒性の，毒のある
add,2596,tragedy,tragedy,noun,base,1,悲劇，悲惨な出来事,high_school,3,eiken,英検語彙由来のv2正本候補。英検最小級=2。出現級=2。pos判定=label_raw_all,source_refs=2:675; row_count=1; label_raw_all=名詞
add,2597,trait,trait,noun,base,1,特性，特色,high_school,3,eiken,英検語彙由来のv2正本候補。英検最小級=2。出現級=2。pos判定=label_raw_all,source_refs=2:999; row_count=1; label_raw_all=名詞
add,2598,transaction,transaction,noun,base,1,取引,high_school,3,eiken,英検語彙由来のv2正本候補。英検最小級=2。出現級=2;pre1。pos判定=label_raw_all,source_refs=2:2061;pre1:1073; row_count=2; label_raw_all=名詞
add,2599,translation,translation,noun,base,1,翻訳，訳文,high_school,3,eiken,英検語彙由来のv2正本候補。英検最小級=2。出現級=2。pos判定=label_raw_all,source_refs=2:799; row_count=1; label_raw_all=名詞
add,2600,transportation,transportation,noun,base,1,交通，輸送,high_school,3,eiken,英検語彙由来のv2正本候補。英検最小級=2。出現級=2。pos判定=label_raw_all,source_refs=2:611; row_count=1; label_raw_all=名詞
add,2601,tremble,tremble,verb,base,1,震える，おののく,high_school,3,eiken,英検語彙由来のv2正本候補。英検最小級=2。出現級=2;pre1。pos判定=label_raw_all,source_refs=2:881;pre1:1386; row_count=2; label_raw_all=動詞
add,2602,tremendous,tremendous,adjective,base,1,非常に大きな，極めて大きい,high_school,3,eiken,英検語彙由来のv2正本候補。英検最小級=2。出現級=2。pos判定=label_raw_all,source_refs=2:1060; row_count=1; label_raw_all=形容詞
add,2603,trivial,trivial,adjective,base,1,取るに足らない,high_school,3,eiken,英検語彙由来のv2正本候補。英検最小級=2。出現級=2;pre1。pos判定=label_raw_all,source_refs=2:2091;pre1:1302; row_count=2; label_raw_all=形容詞
add,2604,troop,troop,noun,base,1,群れ，集団,high_school,3,eiken,英検語彙由来のv2正本候補。英検最小級=2。出現級=2;pre1。pos判定=label_raw_all,source_refs=2:1010;pre1:3105; row_count=2; label_raw_all=名詞
add,2605,tropical,tropical,adjective,base,1,熱帯の，熱帯気候の,high_school,3,eiken,英検語彙由来のv2正本候補。英検最小級=2。出現級=2。pos判定=label_raw_all,source_refs=2:902; row_count=1; label_raw_all=形容詞
add,2606,tuition,tuition,noun,base,1,授業料，学費,high_school,3,eiken,英検語彙由来のv2正本候補。英検最小級=2。出現級=2;pre1。pos判定=label_raw_all,source_refs=2:2291;pre1:2592; row_count=2; label_raw_all=名詞
add,2607,tumor,tumor,noun,base,1,腫瘍,high_school,3,eiken,英検語彙由来のv2正本候補。英検最小級=2。出現級=2;pre1。pos判定=label_raw_all,source_refs=2:2045;pre1:2862; row_count=2; label_raw_all=名詞
add,2608,twin,twin,noun,base,1,双子，二卵性双生児,high_school,3,eiken,英検語彙由来のv2正本候補。英検最小級=2。出現級=2。pos判定=label_raw_all,source_refs=2:1167; row_count=1; label_raw_all=名詞
add,2609,twist,twist,noun,base,1,ねじれ，より合わせる,high_school,3,eiken,英検語彙由来のv2正本候補。英検最小級=2。出現級=2;pre1。pos判定=label_raw_all_multi:noun|verb,source_refs=2:722;pre1:3162; row_count=2; label_raw_all=名詞/動詞;名詞
add,2610,ugly,ugly,adjective,base,1,醜い,high_school,1,eiken,英検語彙由来のv2正本候補。英検最小級=2。出現級=2;pre1;1。pos判定=label_raw_all,source_refs=2:2222;pre1:60;1:232; row_count=3; label_raw_all=形容詞; meaning_ja_all=醜い / 醜い，見苦しい
add,2611,ultimate,ultimate,adjective,base,1,究極の，最後の,high_school,3,eiken,英検語彙由来のv2正本候補。英検最小級=2。出現級=2。pos判定=label_raw_all,source_refs=2:1159; row_count=1; label_raw_all=形容詞
add,2612,undergo,undergo,verb,base,1,経験する，体験する,high_school,3,eiken,英検語彙由来のv2正本候補。英検最小級=2。出現級=2;pre1。pos判定=label_raw_all,source_refs=2:1811;pre1:3249; row_count=2; label_raw_all=動詞
add,2613,undertake,undertake,verb,base,1,引き受ける,high_school,3,eiken,英検語彙由来のv2正本候補。英検最小級=2。出現級=2;pre1。pos判定=label_raw_all,source_refs=2:2171;pre1:840; row_count=2; label_raw_all=動詞
add,2614,unlikely,unlikely,adjective,base,1,起こりそうにない，ありそうもない,high_school,3,eiken,英検語彙由来のv2正本候補。英検最小級=2。出現級=2。pos判定=label_raw_all,source_refs=2:1839; row_count=1; label_raw_all=形容詞
add,2615,unpleasant,unpleasant,adjective,base,1,不愉快な，不快な,high_school,3,eiken,英検語彙由来のv2正本候補。英検最小級=2。出現級=2。pos判定=label_raw_all,source_refs=2:1587; row_count=1; label_raw_all=形容詞
add,2616,unusual,unusual,adjective,base,1,珍しい，異常な,high_school,3,eiken,英検語彙由来のv2正本候補。英検最小級=2。出現級=2。pos判定=label_raw_all,source_refs=2:1369; row_count=1; label_raw_all=形容詞
add,2617,unusually,unusually,adverb,base,1,異常に，めったにないほど,high_school,3,eiken,英検語彙由来のv2正本候補。英検最小級=2。出現級=2。pos判定=label_raw_all,source_refs=2:564; row_count=1; label_raw_all=副詞
add,2618,urge,urge,verb,base,1,強く促す，早める,high_school,3,eiken,英検語彙由来のv2正本候補。英検最小級=2。出現級=2。pos判定=label_raw_all,source_refs=2:1581;2:2093; row_count=2; label_raw_all=動詞
add,2619,utilize,utilize,verb,base,1,利用する,high_school,3,eiken,英検語彙由来のv2正本候補。英検最小級=2。出現級=2;pre1。pos判定=label_raw_all,source_refs=2:2136;pre1:1108; row_count=2; label_raw_all=動詞
add,2620,utter,utter,adjective,base,1,完全な,high_school,3,eiken,英検語彙由来のv2正本候補。英検最小級=2。出現級=2;pre1。pos判定=label_raw_all,source_refs=2:2033;pre1:544; row_count=2; label_raw_all=形容詞
add,2621,vaccine,vaccine,noun,base,1,ワクチン，予防接種,high_school,3,eiken,英検語彙由来のv2正本候補。英検最小級=2。出現級=2。pos判定=label_raw_all,source_refs=2:555; row_count=1; label_raw_all=名詞
add,2622,vain,vain,adjective,base,1,うぬぼれの強い，自惚れた,high_school,1,eiken,英検語彙由来のv2正本候補。英検最小級=2。出現級=2;pre1;1。pos判定=label_raw_all,source_refs=2:949;pre1:455;1:1261; row_count=3; label_raw_all=形容詞; meaning_ja_all=うぬぼれの強い，自惚れた / うぬぼれが強い，自惚れた
add,2623,vanish,vanish,verb,base,1,消える,high_school,3,eiken,英検語彙由来のv2正本候補。英検最小級=2。出現級=2;pre1。pos判定=label_raw_all,source_refs=2:2125;pre1:154; row_count=2; label_raw_all=動詞
add,2624,verbal,verbal,adjective,base,1,言葉の，語句の,high_school,3,eiken,英検語彙由来のv2正本候補。英検最小級=2。出現級=2;pre1。pos判定=label_raw_all,source_refs=2:1748;pre1:3310; row_count=2; label_raw_all=形容詞
add,2625,vessel,vessel,noun,base,1,容器，器,high_school,3,eiken,英検語彙由来のv2正本候補。英検最小級=2。出現級=2;pre1。pos判定=label_raw_all,source_refs=2:1074;pre1:3218; row_count=2; label_raw_all=名詞
add,2626,vice,vice,noun,base,1,副担当の，代理の,high_school,3,eiken,英検語彙由来のv2正本候補。英検最小級=2。出現級=2;pre1。pos判定=label_raw_all_multi:noun|adjective,source_refs=2:1469;pre1:2934; row_count=2; label_raw_all=形容詞;名詞; meaning_ja_all=副担当の，代理の / 副
add,2627,virtue,virtue,noun,base,1,徳，道徳,high_school,3,eiken,英検語彙由来のv2正本候補。英検最小級=2。出現級=2;pre1。pos判定=label_raw_all,source_refs=2:1034;pre1:2942; row_count=2; label_raw_all=名詞; meaning_ja_all=徳，道徳 / 美徳，徳
add,2628,visually,visually,adverb,base,1,視覚的に，目で見て,high_school,3,eiken,英検語彙由来のv2正本候補。英検最小級=2。出現級=2。pos判定=label_raw_all,source_refs=2:855; row_count=1; label_raw_all=副詞
add,2629,vivid,vivid,adjective,base,1,鮮やかな,high_school,3,eiken,英検語彙由来のv2正本候補。英検最小級=2。出現級=2;pre1。pos判定=label_raw_all,source_refs=2:2293;pre1:564; row_count=2; label_raw_all=形容詞
add,2630,vocabulary,vocabulary,noun,base,1,単語，語彙,high_school,3,eiken,英検語彙由来のv2正本候補。英検最小級=2。出現級=2。pos判定=label_raw_all,source_refs=2:704; row_count=1; label_raw_all=名詞
add,2631,voluntarily,voluntarily,adverb,base,1,自発的に，自ら進んで,high_school,3,eiken,英検語彙由来のv2正本候補。英検最小級=2。出現級=2。pos判定=label_raw_all,source_refs=2:590; row_count=1; label_raw_all=副詞
add,2632,vow,vow,noun,base,1,誓い,high_school,3,eiken,英検語彙由来のv2正本候補。英検最小級=2。出現級=2;pre1。pos判定=label_raw_all,source_refs=2:2252;pre1:588; row_count=2; label_raw_all=名詞
add,2633,voyage,voyage,noun,base,1,航海，航行,high_school,3,eiken,英検語彙由来のv2正本候補。英検最小級=2。出現級=2。pos判定=label_raw_all,source_refs=2:596; row_count=1; label_raw_all=名詞
add,2634,wage,wage,noun,base,1,賃金，報酬,high_school,3,eiken,英検語彙由来のv2正本候補。英検最小級=2。出現級=2。pos判定=label_raw_all,source_refs=2:1183; row_count=1; label_raw_all=名詞
add,2635,wan,wan,adjective,base,1,青ざめた，蒼白な,high_school,3,eiken,英検語彙由来のv2正本候補。英検最小級=2。出現級=2;1。pos判定=label_raw_all,source_refs=2:1149;1:4252; row_count=2; label_raw_all=形容詞; meaning_ja_all=青ざめた，蒼白な / 青白い，元気ない
add,2636,warm,warm,adjective,base,1,暖かい，温暖な,high_school,3,eiken,英検語彙由来のv2正本候補。英検最小級=2。出現級=2。pos判定=label_raw_all,source_refs=2:639; row_count=1; label_raw_all=形容詞
add,2637,weigh,weigh,verb,base,1,重さがある，の重さを量る,high_school,3,eiken,英検語彙由来のv2正本候補。英検最小級=2。出現級=2。pos判定=label_raw_all,source_refs=2:1838; row_count=1; label_raw_all=動詞
add,2638,welfare,welfare,noun,base,1,福祉，幸福,high_school,3,eiken,英検語彙由来のv2正本候補。英検最小級=2。出現級=2。pos判定=label_raw_all,source_refs=2:663; row_count=1; label_raw_all=名詞
add,2639,whereas,whereas,conjunction,base,1,である一方で，だが一方で,high_school,3,eiken,英検語彙由来のv2正本候補。英検最小級=2。出現級=2。pos判定=label_raw_all,source_refs=2:1280; row_count=1; label_raw_all=接続詞
add,2640,whistle,whistle,verb,base,1,口笛を吹く，口笛をする,high_school,3,eiken,英検語彙由来のv2正本候補。英検最小級=2。出現級=2。pos判定=label_raw_all,source_refs=2:595; row_count=1; label_raw_all=動詞
add,2641,withstand,withstand,verb,base,1,耐える,high_school,3,eiken,英検語彙由来のv2正本候補。英検最小級=2。出現級=2;pre1。pos判定=label_raw_all,source_refs=2:2066;pre1:1767; row_count=2; label_raw_all=動詞
add,2642,yell,yell,verb,base,1,大声で叫ぶ，大声を出す,high_school,3,eiken,英検語彙由来のv2正本候補。英検最小級=2。出現級=2。pos判定=label_raw_all,source_refs=2:719; row_count=1; label_raw_all=動詞
