word,suggested_level,junior_meaning_ja,high_meaning_ja,source_names,source_ranks
a few,junior_high,少数の,,junior_word_list,903
a kind of,junior_high,一種の,,junior_word_list,1246
a little,junior_high,少し,,junior_word_list,310
about,junior_high,について、に関する,,junior_word_list,2;725
above,junior_high,上に，上記の,,junior_word_list,1247
abroad,junior_high,外国に、海外に,外国で,junior_word_list;high_word_list,727;1903;433
absent,junior_high,欠席の,,junior_word_list,729
accept,junior_high,を受け入れる,受け入れる,junior_word_list;high_word_list,1248;299
accident,junior_high,事故,,junior_word_list,1249
according to,junior_high,によれば,,junior_word_list,730
across,junior_high,横断して,,junior_word_list,731
action,junior_high,行動,,junior_word_list,732
activity,junior_high,活動,活動,junior_word_list;high_word_list,3;426
actor,junior_high,俳優,,junior_word_list,4
actually,junior_high,実は，本当は,実際に,junior_word_list;high_word_list,1250;87
add,junior_high,加える,足し算する,junior_word_list;high_word_list,733;154
address,junior_high,住所,住所,junior_word_list;high_word_list,1251;506
advice,junior_high,忠告,助言,junior_word_list;high_word_list,734;507
advise,junior_high,助言する,,junior_word_list,735
affect,junior_high,に影響を与える,,junior_word_list,1252
afraid,junior_high,こわがって,心配して,junior_word_list;high_word_list,736;270
after,junior_high,～のあとに,,junior_word_list,5;738;739;1864
after a while,junior_high,しばらくして,,junior_word_list,1253
after all,junior_high,結局,,junior_word_list,740
afternoon,junior_high,午後,,junior_word_list,6
again,junior_high,もう一度、再び、また,,junior_word_list,7
against,junior_high,に対抗して、反対して,,junior_word_list,8
age,junior_high,年齢,,junior_word_list,9;741
ago,junior_high,～の前に,,junior_word_list,742
agree,junior_high,賛成する,同意する,junior_word_list;high_word_list,1254;187
agree with,junior_high,に賛成する,,junior_word_list,1255
ahead,junior_high,前方に,,junior_word_list,1256
air conditioner,junior_high,冷房,,junior_word_list,743
airplane,junior_high,飛行機,,junior_word_list,744
airport,junior_high,空港,,junior_word_list,745
alive,junior_high,生きて,生きている,junior_word_list;high_word_list,746;1148;1651
all,junior_high,全部、全員、全て、みな,,junior_word_list,10;747
all over,junior_high,の至るところで,,junior_word_list,1076
all the time,junior_high,常に,,junior_word_list,1257
almost,junior_high,ほとんど,,junior_word_list,1258
alone,junior_high,独りで,,junior_word_list,748
along,junior_high,に沿って,,junior_word_list,11
already,junior_high,すでに,,junior_word_list,605;1259
also,junior_high,もまた,,junior_word_list,12;13
although,junior_high,であるけれど,だけれども,junior_word_list;high_word_list,1260;487
always,junior_high,いつも,,junior_word_list,14
am,junior_high,午前,,junior_word_list,1;15;16
amaze,junior_high,をびっくりさせる,,junior_word_list,1261
amazing,junior_high,驚くべき,,junior_word_list,1262
among,junior_high,の中で,,junior_word_list,749
amount,junior_high,量，額,量,junior_word_list;high_word_list,1263;116
an,junior_high,1つの、1人の,,junior_word_list,17
ancient,junior_high,古代の,古代の,junior_word_list;high_word_list,750;366
and,junior_high,それと,,junior_word_list,18;19
and so on,junior_high,など,,junior_word_list,20
angle,junior_high,角度,角度,junior_word_list;high_word_list,751;49
angry,junior_high,怒って,,junior_word_list,752;1264
animal,junior_high,動物,,junior_word_list,21;659
announce,junior_high,を発表する,,junior_word_list,1265
announcement,junior_high,発表,,junior_word_list,1266
another,junior_high,ほかの、別の,,junior_word_list,22;753;1886
answer,junior_high,に答える,,junior_word_list,754;1867
any,junior_high,どれもない,,junior_word_list,1267;1268
anyway,junior_high,ともかく,,junior_word_list,1929
apologize,junior_high,謝る,,junior_word_list,755
appear,junior_high,現れる,現れる,junior_word_list;high_word_list,756;370
apple,junior_high,りんご,,junior_word_list,23
apply,junior_high,当てはまる,適用する,junior_word_list;high_word_list,1269;200
april,junior_high,４月,,junior_word_list,24
apron,junior_high,エプロン、前かけ,,junior_word_list,25
are,junior_high,です、ます,,junior_word_list,26;27;757
area,junior_high,区域、場所、地域,,junior_word_list,28
arm,junior_high,腕,,junior_word_list,758;1270
army,junior_high,陸軍,,junior_word_list,1271
around,junior_high,の近くに,,junior_word_list,29;30;31;32;1272
arrest,junior_high,を逮捕する,,junior_word_list,1273
arrive,junior_high,到着する,,junior_word_list,604;759
arrive at,junior_high,に到着する,,junior_word_list,760
arrow,junior_high,矢,,junior_word_list,1274
art,junior_high,美術,,junior_word_list,33;626
article,junior_high,記事,記事,junior_word_list;high_word_list,761;404
artistic,junior_high,芸術的な,,junior_word_list,1275
as,junior_high,として,,junior_word_list,34;762
as a result,junior_high,結果として,,junior_word_list,1125
as for,junior_high,について言えば,,junior_word_list,763
ashamed,junior_high,恥じて,,junior_word_list,1276
ask,junior_high,をたのむ,,junior_word_list,764
ask a favor,junior_high,にお願いする,,junior_word_list,898
at,junior_high,【場所】に、で,,junior_word_list,35;36;37;1277
at night,junior_high,夜に,,junior_word_list,1059
ate,junior_high,食べた（過去形）,,junior_word_list,38
attend,junior_high,に通う，に出席する,出席する,junior_word_list;high_word_list,1278;956;1459
audience,junior_high,聴衆，観客,聴衆,junior_word_list;high_word_list,1279;208
august,junior_high,8月,,junior_word_list,39
aunt,junior_high,おば,,junior_word_list,613;765
autumn,junior_high,秋,,junior_word_list,40
awake,junior_high,目が覚める,目を覚ましている,junior_word_list;high_word_list,1280;1217;1720
away,junior_high,はなれて、去って,,junior_word_list,41;766;1880
awesome,junior_high,すばらしい,,junior_word_list,1281
baby,junior_high,赤ん坊,,junior_word_list,767
back,junior_high,戻って、返して,,junior_word_list,42;1282
bad,junior_high,悪い,,junior_word_list,43
bag,junior_high,かばん,,junior_word_list,45
bake,junior_high,焼く,,junior_word_list,1283
ban,junior_high,を禁止する,禁止する,junior_word_list;high_word_list,1284;391
barber,junior_high,散髪屋,,junior_word_list,1285
barrier,junior_high,障壁,,junior_word_list,768
baseball,junior_high,野球,,junior_word_list,46
bath,junior_high,入浴,,junior_word_list,47;698
battery,junior_high,電池,電池,junior_word_list;high_word_list,1286;763;1266
be,junior_high,である、になる,,junior_word_list,48;769
be about to,junior_high,今にもしようとしている,,junior_word_list,726
be afraid to,junior_high,するのがこわい,,junior_word_list,737
be amazed at,junior_high,に驚かされる,,junior_word_list,1287
be different from,junior_high,とはちがっている,,junior_word_list,1288
be going to,junior_high,するつもりだ,,junior_word_list,932
be in danger of,junior_high,の危険にさらされている,,junior_word_list,1289
be interested in,junior_high,に興味がある,,junior_word_list,985
be ready for,junior_high,の用意ができている,,junior_word_list,1290
be satisfied with,junior_high,に満足する,,junior_word_list,1291
beach,junior_high,浜、海辺,,junior_word_list,49
bean,junior_high,豆,,junior_word_list,50
bear,junior_high,クマ,我慢する,junior_word_list;high_word_list,51;710;441
beautiful,junior_high,美しい,,junior_word_list,52
beauty,junior_high,美しさ、美,,junior_word_list,770
because,junior_high,だから、なので,,junior_word_list,771;1865
because of,junior_high,が理由で,,junior_word_list,772
become,junior_high,になる,,junior_word_list,53;664;1292
bed,junior_high,ベッド,,junior_word_list,54
beef,junior_high,牛肉,,junior_word_list,706;1293
beer,junior_high,ビール,,junior_word_list,773
before,junior_high,の前に,,junior_word_list,55;774;775
began,junior_high,始めた,,junior_word_list,776
begin,junior_high,を始める,,junior_word_list,777;1294
begin to,junior_high,し始める,,junior_word_list,778
beginner,junior_high,初心者,,junior_word_list,1295
beginning,junior_high,最初,,junior_word_list,1296
behavior,junior_high,ふるまい,振る舞い,junior_word_list;high_word_list,1297;268
behind,junior_high,の後ろに,背後に,junior_word_list;high_word_list,56;73
believe,junior_high,信じる,,junior_word_list,779;1298
belong,junior_high,のものである,に属する,junior_word_list;high_word_list,1299;235
below,junior_high,下に，下記の,,junior_word_list,1300
beside,junior_high,の側に,横に,junior_word_list;high_word_list,780;55
besides,junior_high,そのうえ，さらに,,junior_word_list,1301
best,junior_high,最も良い,,junior_word_list,57;781
better,junior_high,より良い,,junior_word_list,782
between,junior_high,と～の間で,,junior_word_list,783;1884
beyond,junior_high,をこえたところに,を超えて,junior_word_list;high_word_list,1302;465
bicycle,junior_high,自転車,,junior_word_list,59
big,junior_high,大きい,,junior_word_list,60
bike,junior_high,自転車,,junior_word_list,61
bill,junior_high,請求書,請求書,junior_word_list;high_word_list,784;250
billion,junior_high,10億,,junior_word_list,1303
bird,junior_high,鳥,,junior_word_list,62
birthday,junior_high,誕生日,,junior_word_list,63
bit,junior_high,少し,,junior_word_list,1304
black,junior_high,黒い,,junior_word_list,64
blind,junior_high,目の見えない,,junior_word_list,1921
blood,junior_high,血,血,junior_word_list;high_word_list,1305;379
blow,junior_high,吹く,吹く,junior_word_list;high_word_list,1306;640
blue,junior_high,青い,,junior_word_list,65
body,junior_high,身体,,junior_word_list,66
boil,junior_high,ゆでる，煮る,,junior_word_list,1307
bomb,junior_high,爆弾,,junior_word_list,1308
book,junior_high,本,,junior_word_list,67
bookstore,junior_high,本屋,,junior_word_list,68
border,junior_high,国境,,junior_word_list,1309
bored,junior_high,退屈した,退屈した,junior_word_list;high_word_list,785;1027;1530
born,junior_high,生まれる,,junior_word_list,1310
borrow,junior_high,を借りる,借りる,junior_word_list;high_word_list,69;690;795;1298
both,junior_high,両方,,junior_word_list,786
bother,junior_high,面倒,悩ます,junior_word_list;high_word_list,1311;74
bought,junior_high,買った（過去形）,,junior_word_list,70
bowl,junior_high,鉢,,junior_word_list,1312
box,junior_high,箱,,junior_word_list,71
boy,junior_high,少年,,junior_word_list,72
brain,junior_high,頭脳,頭脳,junior_word_list;high_word_list,1313;188
branch,junior_high,枝,,junior_word_list,1314
brave,junior_high,勇敢な,,junior_word_list,1922
bread,junior_high,パン,,junior_word_list,73
break,junior_high,壊れる，破る,,junior_word_list,1315
breakfast,junior_high,朝食,,junior_word_list,74
breed,junior_high,を飼育する，繁殖する,,junior_word_list,1316
bridge,junior_high,橋,,junior_word_list,787
bright,junior_high,明るい,,junior_word_list,788;1317
bring,junior_high,持って来る,,junior_word_list,691
brother,junior_high,兄弟,,junior_word_list,75
brown,junior_high,茶色,,junior_word_list,76;714
brush,junior_high,をみがく,,junior_word_list,77;1318
build,junior_high,を建てる,,junior_word_list,78;789
building,junior_high,建物,,junior_word_list,790;1319
built,junior_high,を建てた,,junior_word_list,791
burden,junior_high,負担，重荷,重荷,junior_word_list;high_word_list,1320;1791;2131
burn,junior_high,を燃やす,,junior_word_list,792;1321
business,junior_high,商売,,junior_word_list,793
busy,junior_high,忙しい,,junior_word_list,79;718
but,junior_high,しかし、けれども,,junior_word_list,80;1863
buy,junior_high,を買う,,junior_word_list,81
by,junior_high,【手段・方法・原因】によって,,junior_word_list,82;83;794;795;796
bye for now,junior_high,さようなら,,junior_word_list,798
cake,junior_high,ケーキ,,junior_word_list,84
call,junior_high,に電話をかける,,junior_word_list,799;800
call back,junior_high,折り返し電話する,,junior_word_list,801
calligraphy,junior_high,書道,,junior_word_list,1322
calm,junior_high,落ちついた,穏やかな,junior_word_list;high_word_list,1323;2009;2349
came,junior_high,来た（過去形）,,junior_word_list,85
can,junior_high,【能力・可能】することができる,,junior_word_list,86;802;1861
cancer,junior_high,がん,,junior_word_list,1324
candle,junior_high,ろうそく,,junior_word_list,803
cannot,junior_high,できない,,junior_word_list,87
cap,junior_high,帽子,,junior_word_list,88
capital,junior_high,首都,資本,junior_word_list;high_word_list,804;520
capture,junior_high,を捕まえる,捕える,junior_word_list;high_word_list,1325;1873;2213
car,junior_high,自動車,,junior_word_list,89
carbon dioxide,junior_high,二酸化炭素,,junior_word_list,1326
care,junior_high,世話,,junior_word_list,90;805
career,junior_high,職業,,junior_word_list,806
careful,junior_high,注意深い,,junior_word_list,92
carefully,junior_high,注意深く,,junior_word_list,807;1877
carpet,junior_high,じゅうたん,,junior_word_list,808
carry,junior_high,を運ぶ,,junior_word_list,809
case,junior_high,場合,,junior_word_list,810;1327;1328
cat,junior_high,猫,,junior_word_list,93
catch,junior_high,を捕まえる,,junior_word_list,811
central,junior_high,中心の,,junior_word_list,1329
century,junior_high,世紀,,junior_word_list,812;1911
certain,junior_high,確かな,確かな,junior_word_list;high_word_list,1330;502
certainly,junior_high,承知しました,,junior_word_list,813;1927
chain,junior_high,くさり,,junior_word_list,814
chair,junior_high,いす,,junior_word_list,94
change,junior_high,変わる,,junior_word_list,815;816;1331
change trains,junior_high,電車を乗りかえる,,junior_word_list,817
charge,junior_high,を充電する,非難,junior_word_list;high_word_list,1332;522
cheap,junior_high,安い,,junior_word_list,1333
check,junior_high,を調べる,,junior_word_list,818;819
check out,junior_high,を調査する,,junior_word_list,1334
chemical,junior_high,化学物質,化学の,junior_word_list;high_word_list,1335;816;1319
chicken,junior_high,鶏肉,,junior_word_list,95
child,junior_high,子供,,junior_word_list,96;661
childhood,junior_high,子供のころ,子供時代,junior_word_list;high_word_list,820;1061;1564
children,junior_high,子供たち,,junior_word_list,97
china,junior_high,中国,,junior_word_list,1336
chinese,junior_high,中国語,,junior_word_list,821;1337
choose,junior_high,を選ぶ,,junior_word_list,98;1338
church,junior_high,教会,,junior_word_list,615
circle,junior_high,円,,junior_word_list,822;1339
citizen,junior_high,市民,市民,junior_word_list;high_word_list,823;524
city,junior_high,市、都会、都会,,junior_word_list,99
class,junior_high,授業,,junior_word_list,1340
classmate,junior_high,同級生,,junior_word_list,100
classroom,junior_high,教室,,junior_word_list,101
clean,junior_high,きれいな、清潔な,,junior_word_list,102;103;1341
clearly,junior_high,はっきりと,,junior_word_list,824
clerk,junior_high,店員,事務員,junior_word_list;high_word_list,614;825;321
clever,junior_high,利口な,,junior_word_list,826
climate,junior_high,気候,気候,junior_word_list;high_word_list,1342;525
climb,junior_high,を登る,,junior_word_list,104;672
close,junior_high,閉じる,,junior_word_list,827;1343
cloth,junior_high,布,,junior_word_list,828;1344
clothes,junior_high,服,,junior_word_list,105;1345
cloud,junior_high,雲,,junior_word_list,829
cloudy,junior_high,曇った,,junior_word_list,106;717
coal,junior_high,石炭,石炭,junior_word_list;high_word_list,1346;684
coin,junior_high,硬貨,,junior_word_list,830
cold,junior_high,冷たい、寒い,,junior_word_list,107
collect,junior_high,を集める,集める,junior_word_list;high_word_list,108;796;1299
college,junior_high,大学,,junior_word_list,831;1347
colony,junior_high,植民地,植民地,junior_word_list;high_word_list,1348;1902;2242
colorful,junior_high,色彩に富んだ,,junior_word_list,1349
come,junior_high,来る,,junior_word_list,109;832
come from,junior_high,出身である,,junior_word_list,833
comedy,junior_high,喜劇,喜劇,junior_word_list;high_word_list,834;722;1225
common,junior_high,共通の,一般的な,junior_word_list;high_word_list,835;1925;458
communicate,junior_high,連絡する,,junior_word_list,836
company,junior_high,会社,,junior_word_list,837
condition,junior_high,状況,状態,junior_word_list;high_word_list,1350;527
conference,junior_high,会議,会議,junior_word_list;high_word_list,838;529
connect,junior_high,を結びつける,つなげる,junior_word_list;high_word_list,839;1351;961;1464
consumer,junior_high,消費者,消費者,junior_word_list;high_word_list,1352;286
contact,junior_high,接触,,junior_word_list,840;1353
content,junior_high,中身,中身,junior_word_list;high_word_list,841;211
continue,junior_high,を続ける,続ける,junior_word_list;high_word_list,842;1354;234
control,junior_high,を管理する,,junior_word_list,1355
convenience,junior_high,便利,,junior_word_list,843
convenient,junior_high,便利な,都合がよい,junior_word_list;high_word_list,1356;1133;1636
cook,junior_high,料理する,,junior_word_list,110
cool,junior_high,かっこいい,,junior_word_list,111
corner,junior_high,かど,,junior_word_list,844;1357
could,junior_high,できた,,junior_word_list,112;1358
could you?,junior_high,してくださいませんか？,,junior_word_list,845
country,junior_high,国,,junior_word_list,113
countryside,junior_high,田舎,,junior_word_list,1359
couple,junior_high,夫婦,,junior_word_list,846
courage,junior_high,勇気,勇気,junior_word_list;high_word_list,1360;1731;2071
course,junior_high,進路,,junior_word_list,1361
cousin,junior_high,いとこ,,junior_word_list,115;1896
cover,junior_high,覆う,覆う,junior_word_list;high_word_list,1362;6
cow,junior_high,ウシ,,junior_word_list,116
crazy,junior_high,気の狂った,,junior_word_list,1363
create,junior_high,を創造する,,junior_word_list,847
creative,junior_high,創造力のある,創造的な,junior_word_list;high_word_list,1364;1029;1532
cross,junior_high,を横切る，渡る,,junior_word_list,1365
crowd,junior_high,群衆,群衆,junior_word_list;high_word_list,1912;388
cry,junior_high,泣く,,junior_word_list,848;1366
cultural,junior_high,文化の,,junior_word_list,849
culture,junior_high,文化,文化,junior_word_list;high_word_list,850;146
cup,junior_high,カップ,,junior_word_list,117
curious,junior_high,好奇心の強い,好奇心が強い,junior_word_list;high_word_list,1367;1178;1681
custom,junior_high,習慣,習慣,junior_word_list;high_word_list,1368;543
custom-made,junior_high,注文で作った,,junior_word_list,1369
customer,junior_high,顧客,顧客,junior_word_list;high_word_list,851;362
cut,junior_high,切る,,junior_word_list,852;1370
cute,junior_high,かわいい,,junior_word_list,118
daily,junior_high,日常の,,junior_word_list,1371
dam,junior_high,ダム,,junior_word_list,1372
damage,junior_high,に損害を与える,,junior_word_list,853;1373
dangerous,junior_high,危険な,,junior_word_list,1374
date,junior_high,日、日付,,junior_word_list,119;670
daughter,junior_high,娘,,junior_word_list,1375
day,junior_high,日、１日,,junior_word_list,120
dead,junior_high,死んだ,,junior_word_list,1376
dear,junior_high,親愛なる,,junior_word_list,121
death,junior_high,死,,junior_word_list,1377
debate,junior_high,討論,討論,junior_word_list;high_word_list,1378;544
december,junior_high,12月,,junior_word_list,122
decide,junior_high,を決める,,junior_word_list,854
decide to,junior_high,しようと決心する,,junior_word_list,1379
decision,junior_high,決定,決定,junior_word_list;high_word_list,1380;641
decrease,junior_high,減少する,減少する,junior_word_list;high_word_list,855;968;1471
deep,junior_high,深い,,junior_word_list,856
definitely,junior_high,もちろん，確かに,絶対に,junior_word_list;high_word_list,1381;420
delicious,junior_high,おいしい,,junior_word_list,123;1901
delivery,junior_high,配達,郵送,junior_word_list;high_word_list,857;746;1249
depend,junior_high,頼る,依存する,junior_word_list;high_word_list,1382;464
depend on,junior_high,に頼る,,junior_word_list,1383
desert,junior_high,砂漠,砂漠,junior_word_list;high_word_list,1384;548
design,junior_high,を設計する,,junior_word_list,1385
desk,junior_high,机,,junior_word_list,124
destroy,junior_high,を破壊する,破壊する,junior_word_list;high_word_list,1386;178
develop,junior_high,を発達させる,発達させる,junior_word_list;high_word_list,858;174
development,junior_high,開発,発展,junior_word_list;high_word_list,1387;173
device,junior_high,装置,装置,junior_word_list;high_word_list,1388;550
diary,junior_high,日記,,junior_word_list,600
dictionary,junior_high,辞書,,junior_word_list,125;677
die,junior_high,死ぬ,死ぬ,junior_word_list;high_word_list,859;1389;328
die out,junior_high,絶滅する,,junior_word_list,1390
difference,junior_high,ちがい,違い,junior_word_list;high_word_list,1391;459
different,junior_high,色々な、違った,,junior_word_list,126;860
difficult,junior_high,難しい,,junior_word_list,127;645
dinner,junior_high,夕食,,junior_word_list,128
dinosaur,junior_high,恐竜,,junior_word_list,861
directly,junior_high,直接に,直接（的）に,junior_word_list;high_word_list,862;1192;1695
disabled,junior_high,体の不自由な,,junior_word_list,863
disagree,junior_high,意見が合わない,反対する,junior_word_list;high_word_list,1392;2046;2386
disappear,junior_high,姿を消す、消滅する,消える,junior_word_list;high_word_list,864;84
disaster,junior_high,災害,災害,junior_word_list;high_word_list,1393;552
discover,junior_high,発見する,発見する,junior_word_list;high_word_list,865;1394;176
discrimination,junior_high,差別,,junior_word_list,1395
discuss,junior_high,話し合う,ついて議論する,junior_word_list;high_word_list,1396;1206;1709
discussion,junior_high,討論,議論,junior_word_list;high_word_list,1397;553
disease,junior_high,病気,病気,junior_word_list;high_word_list,1398;157
dish,junior_high,皿、料理,,junior_word_list,129;679
dislike,junior_high,嫌う,嫌がる,junior_word_list;high_word_list,866;799;1302
do,junior_high,をする、行う,,junior_word_list,130;867
do one's best,junior_high,最善をつくす,,junior_word_list,58
do well,junior_high,元気になる,,junior_word_list,1224
doctor,junior_high,医者,,junior_word_list,131
dog,junior_high,イヌ,,junior_word_list,132
doll,junior_high,人形,,junior_word_list,611
domestic,junior_high,国内の,国内の,junior_word_list;high_word_list,1399;821;1324
don't have to,junior_high,しなくてよい,,junior_word_list,948
donate,junior_high,を寄付する,,junior_word_list,1400
door,junior_high,戸,,junior_word_list,133
dot,junior_high,点,,junior_word_list,1401
down,junior_high,下に,,junior_word_list,134;135
drama,junior_high,劇,,junior_word_list,136
draw,junior_high,描く、引く,引く,junior_word_list;high_word_list,137;687;454
dream,junior_high,夢,,junior_word_list,138
drink,junior_high,を飲む,,junior_word_list,139
drive,junior_high,運転する,,junior_word_list,868;1402
driver,junior_high,運転手,,junior_word_list,1403
drop,junior_high,を落とす,,junior_word_list,140;1404
drop out,junior_high,中退する,,junior_word_list,1405
drove,junior_high,運転した,,junior_word_list,1406
drum,junior_high,太鼓、ドラム,,junior_word_list,141
dry,junior_high,乾く,,junior_word_list,869
during,junior_high,～の間,,junior_word_list,142;1879
each,junior_high,それぞれの、各自の,,junior_word_list,143;628
each other,junior_high,お互いに,,junior_word_list,144
ear,junior_high,耳,,junior_word_list,145;622
early,junior_high,早く,,junior_word_list,146;147;870
earn,junior_high,をかせぐ,稼ぐ,junior_word_list;high_word_list,871;443
earth,junior_high,地球,,junior_word_list,872
earthquake,junior_high,地震,,junior_word_list,1407
easily,junior_high,簡単に,,junior_word_list,148
east,junior_high,東,,junior_word_list,618;873
easy,junior_high,簡単な,,junior_word_list,874
eat,junior_high,を食べる、食事をする,,junior_word_list,149
eat out,junior_high,外食する,,junior_word_list,1408
ecosystem,junior_high,生態系,,junior_word_list,1409
effective,junior_high,効果的な,効果的な,junior_word_list;high_word_list,1410;1030;1533
effectively,junior_high,効果的に,効果的に,junior_word_list;high_word_list,875;1999;2339
effort,junior_high,努力,,junior_word_list,876
egg,junior_high,卵,,junior_word_list,150
eight,junior_high,8,,junior_word_list,151
eighteen,junior_high,18,,junior_word_list,152
eighth,junior_high,8番目,,junior_word_list,153
eighty,junior_high,80,,junior_word_list,154
elderly,junior_high,年配の,年配の,junior_word_list;high_word_list,877;824;1327
electricity,junior_high,電力,,junior_word_list,1411
electronic,junior_high,電子の,電子,junior_word_list;high_word_list,1412;197
electronic device,junior_high,電子機器,,junior_word_list,1413
elementary school,junior_high,小学校,,junior_word_list,155
elephant,junior_high,ゾウ,,junior_word_list,1905
eleven,junior_high,11,,junior_word_list,156
eleventh,junior_high,11番目,,junior_word_list,157
else,junior_high,その他に,,junior_word_list,1414
emergency,junior_high,緊急事態,緊急の,junior_word_list;high_word_list,1415;92
employee,junior_high,従業員,従業員,junior_word_list;high_word_list,1416;773;1276
encourage,junior_high,を勇気づける,励ます,junior_word_list;high_word_list,1417;114
encourage to ～,junior_high,に～するように促す,,junior_word_list,1418
end,junior_high,最後,,junior_word_list,158;878
endangered,junior_high,絶滅の危機にさらされている,,junior_word_list,1419
ending,junior_high,終わり，結末,,junior_word_list,1420
enemy,junior_high,敵,,junior_word_list,1421
engineer,junior_high,開発者,,junior_word_list,1422
english,junior_high,英語,,junior_word_list,159
enjoy,junior_high,を楽しむ,,junior_word_list,160
enough,junior_high,十分な、必要なだけの,,junior_word_list,879
enter,junior_high,入る,入る,junior_word_list;high_word_list,880;180
entrance,junior_high,入口,,junior_word_list,1904
envelope,junior_high,封筒,,junior_word_list,881
environment,junior_high,環境，状況,環境，状況,junior_word_list;high_word_list,1423;422
era,junior_high,時代,時代,junior_word_list;high_word_list,1424;1799;2139
eraser,junior_high,消しゴム,,junior_word_list,685
especially,junior_high,特に、とりわけ,特に,junior_word_list;high_word_list,882;185
establish,junior_high,を設立する,設立する,junior_word_list;high_word_list,1425;247
evacuation,junior_high,避難,,junior_word_list,1426
evacuation drill,junior_high,避難訓練,,junior_word_list,1427
even,junior_high,でさえ,,junior_word_list,883;1869
even if,junior_high,たとえ～だとしても,,junior_word_list,1428
evening,junior_high,夕方,,junior_word_list,161
event,junior_high,行事,,junior_word_list,162;1429
eventually,junior_high,最後には,結局は,junior_word_list;high_word_list,884;343
ever,junior_high,今まで，かつて,,junior_word_list,1430
every,junior_high,毎、ごとに,,junior_word_list,163;1431
every year,junior_high,毎年,,junior_word_list,1432
everyone,junior_high,みんな,,junior_word_list,164
everything,junior_high,何でも,,junior_word_list,885
everywhere,junior_high,どこでも,,junior_word_list,886;1926
exam,junior_high,試験,,junior_word_list,1433
example,junior_high,例、実例,,junior_word_list,887
exception,junior_high,例外,例外,junior_word_list;high_word_list,1434;1728;2068
exchange,junior_high,交換,,junior_word_list,1435
excited,junior_high,わくわくした,,junior_word_list,165;1900
exciting,junior_high,興奮させる,,junior_word_list,166
excuse,junior_high,を許す,言い訳,junior_word_list;high_word_list,167;712;774;1277
exercise,junior_high,練習する,,junior_word_list,1436
exhibition,junior_high,展示,展示,junior_word_list;high_word_list,889;199
expensive,junior_high,高価な，費用のかかる,値段が高い,junior_word_list;high_word_list,1437;217
experience,junior_high,を経験する,,junior_word_list,890;891
explain,junior_high,を説明する,説明する,junior_word_list;high_word_list,892;1878;246
extend,junior_high,を広げる,延びる,junior_word_list;high_word_list,1438;801;1304
extinction,junior_high,絶滅,絶滅,junior_word_list;high_word_list,1439;1771;2111
extinguisher,junior_high,消火器,,junior_word_list,1440
eye,junior_high,目、視力,,junior_word_list,168;646
face,junior_high,顔,直面する,junior_word_list;high_word_list,169;893;205
facility,junior_high,施設、設備,施設,junior_word_list;high_word_list,894;1802;2142
fact,junior_high,事実，現実,事実,junior_word_list;high_word_list,1441;322
factory,junior_high,工場,,junior_word_list,895
fail,junior_high,失敗する,失敗する,junior_word_list;high_word_list,896;316
fall,junior_high,転ぶ、転倒する,,junior_word_list,170;171;675;1442
fall down,junior_high,倒れる,,junior_word_list,172
family,junior_high,家族,,junior_word_list,173
famous,junior_high,有名な,有名な,junior_word_list;high_word_list,174;124
fantastic,junior_high,すばらしい,,junior_word_list,1443
far,junior_high,遠くに,,junior_word_list,897
farm,junior_high,農場,,junior_word_list,692
farmer,junior_high,農場主,,junior_word_list,175;711;1444
fast,junior_high,速い,,junior_word_list,176;1445
fat,junior_high,太った,太った,junior_word_list;high_word_list,1446;832;1335
father,junior_high,父,,junior_word_list,177
favorite,junior_high,好きな、お気に入りの,一番好きな,junior_word_list;high_word_list,178;1136;1639
feather,junior_high,羽,,junior_word_list,1447
feature,junior_high,特色,特徴,junior_word_list;high_word_list,899;184
february,junior_high,2月,,junior_word_list,179
feedback,junior_high,意見,,junior_word_list,900
feel,junior_high,と感じる,,junior_word_list,180;673
feel free to,junior_high,遠慮なくする,,junior_word_list,1448
feel like ~ing,junior_high,したい気がする,,junior_word_list,901
felt,junior_high,感じた,,junior_word_list,181
fence,junior_high,塀,,junior_word_list,1449
festival,junior_high,祭り,,junior_word_list,182
fever,junior_high,熱,,junior_word_list,183
few,junior_high,少しの,,junior_word_list,902
fiction,junior_high,小説,,junior_word_list,904
fifteen,junior_high,15,,junior_word_list,184
fifth,junior_high,5番目,,junior_word_list,185
fifty,junior_high,50,,junior_word_list,186
fight,junior_high,たたかう,,junior_word_list,1450
fill,junior_high,いっぱいにする,,junior_word_list,1451
film,junior_high,映画,,junior_word_list,1452
final,junior_high,最後の,,junior_word_list,1453
finally,junior_high,ついに，やっと,,junior_word_list,1454
find,junior_high,を発見する,,junior_word_list,905
fine,junior_high,元気な,,junior_word_list,187;722
finger,junior_high,手の指,,junior_word_list,906
finish,junior_high,を終える,,junior_word_list,907
fire,junior_high,火,首にする,junior_word_list;high_word_list,908;1455;1456;301
first,junior_high,1番め、最初,,junior_word_list,188;1457
fish,junior_high,魚,,junior_word_list,189
five,junior_high,5,,junior_word_list,190
flat,junior_high,平らな,,junior_word_list,1458
flight,junior_high,飛行,,junior_word_list,1459
floor,junior_high,階,,junior_word_list,601
flour,junior_high,小麦粉,,junior_word_list,909
flower,junior_high,花,,junior_word_list,191
fly,junior_high,飛ぶ,,junior_word_list,910;1460
focus,junior_high,集中する,焦点,junior_word_list;high_word_list,1461;565
fold,junior_high,を折る，折りたたむ,折りたたむ,junior_word_list;high_word_list,1462;2052;2392
follow,junior_high,に従う,,junior_word_list,911
follower,junior_high,支持者,,junior_word_list,1463
fond,junior_high,好きで,,junior_word_list,1464
food,junior_high,食べ物,,junior_word_list,192
fool,junior_high,馬鹿,,junior_word_list,912
foolish,junior_high,愚かな,,junior_word_list,913;1465
foot,junior_high,足,,junior_word_list,658
for,junior_high,として,,junior_word_list,193;914
for example,junior_high,例えば,,junior_word_list,888
for now,junior_high,今のところは,,junior_word_list,1061
for one thing,junior_high,1つには,,junior_word_list,1068
for sale,junior_high,売り物の,,junior_word_list,1139
foreign,junior_high,外国の,外国の,junior_word_list;high_word_list,194;99
forest,junior_high,森、森林,,junior_word_list,915
forget,junior_high,を忘れる,,junior_word_list,195;671
forth,junior_high,前へ,,junior_word_list,1466
fortunately,junior_high,幸運にも,,junior_word_list,1467
forty,junior_high,40,,junior_word_list,196
forward,junior_high,前方へ,前方へ,junior_word_list;high_word_list,197;83
fossil,junior_high,化石,,junior_word_list,916
fossil fuel,junior_high,化石燃料,,junior_word_list,1468
found,junior_high,を見つけた,設立する,junior_word_list;high_word_list,917;918;1469;1978;2318
four,junior_high,4,,junior_word_list,199
fourteen,junior_high,14,,junior_word_list,200
fourteenth,junior_high,14番目,,junior_word_list,1899
fourth,junior_high,4番目,,junior_word_list,201
fox,junior_high,キツネ,,junior_word_list,1470
free,junior_high,ひまな,,junior_word_list,202;919
freedom,junior_high,自由,,junior_word_list,920
freely,junior_high,自由に,,junior_word_list,1471
fresh,junior_high,新鮮な,,junior_word_list,1472
friday,junior_high,金曜日,,junior_word_list,203
friend,junior_high,友達,,junior_word_list,204
friendly,junior_high,好意的な,友好的な,junior_word_list;high_word_list,1473;1031;1534
frog,junior_high,カエル,,junior_word_list,205;1907
from,junior_high,【時間】から,,junior_word_list,206;207
from abroad,junior_high,外国から,,junior_word_list,728
front,junior_high,前、正面,,junior_word_list,208;921
fruit,junior_high,果物,,junior_word_list,209
full,junior_high,完全な、完ぺきな、最適な,,junior_word_list,923
fun,junior_high,楽しい,,junior_word_list,210;669;1474
functional,junior_high,実用的な,,junior_word_list,1475
funny,junior_high,おかしな,,junior_word_list,211;1923
future,junior_high,未来,,junior_word_list,212;925
garage,junior_high,車庫,,junior_word_list,1476
garbage,junior_high,ゴミ,,junior_word_list,213
gas,junior_high,ガソリン,,junior_word_list,1477
gather,junior_high,を集める,集める,junior_word_list;high_word_list,927;294
gave,junior_high,与えた,,junior_word_list,214
general,junior_high,一般的な,,junior_word_list,928
gentle,junior_high,やさしい,穏やかな,junior_word_list;high_word_list,1478;1033;1536
gently,junior_high,やさしく,,junior_word_list,1479
get,junior_high,を得る,,junior_word_list,215;216;217
get fired,junior_high,解雇される,,junior_word_list,1480
get out,junior_high,外へ出る,,junior_word_list,1481
get over,junior_high,を乗りこえる,,junior_word_list,1482
gift,junior_high,贈り物,,junior_word_list,929
girl,junior_high,少女,,junior_word_list,218
give,junior_high,を与える、渡す,,junior_word_list,219
given,junior_high,与えた,与えられた,junior_word_list;high_word_list,1483;1160;1663
glacier,junior_high,氷河,,junior_word_list,930
glad,junior_high,うれしい,,junior_word_list,931
go,junior_high,行く,,junior_word_list,220
go back,junior_high,帰る，戻る,,junior_word_list,1485
go by,junior_high,通り過ぎる,,junior_word_list,934
go on,junior_high,する，始める,,junior_word_list,1486;1487
go out,junior_high,外出する,,junior_word_list,933
go through,junior_high,人生を送る,,junior_word_list,1488
god,junior_high,神,,junior_word_list,1489
good,junior_high,良い,,junior_word_list,221;222
got,junior_high,得た,,junior_word_list,223
government,junior_high,政府,政府,junior_word_list;high_word_list,1490;255
grade,junior_high,等級,,junior_word_list,1491
graduate,junior_high,卒業する,卒業する,junior_word_list;high_word_list,1492;984;1487
graduation,junior_high,卒業,,junior_word_list,1493
grand,junior_high,壮大な,壮大な,junior_word_list;high_word_list,935;1893;2233
grandfather,junior_high,祖父,,junior_word_list,224;641
grandmother,junior_high,祖母,,junior_word_list,225;684
grape,junior_high,ブドウ,,junior_word_list,226
graph,junior_high,図表,,junior_word_list,936
grass,junior_high,草,,junior_word_list,937
great,junior_high,すばらしい,,junior_word_list,227;938
green,junior_high,緑,,junior_word_list,228
grew,junior_high,育った,,junior_word_list,1494
ground,junior_high,地面,,junior_word_list,939
grow,junior_high,成長する,,junior_word_list,940;1495
growth,junior_high,増加,,junior_word_list,1496
guess,junior_high,を推測する,推測する,junior_word_list;high_word_list,229;192;490
guest,junior_high,客,,junior_word_list,941
guide,junior_high,案内人,案内人,junior_word_list;high_word_list,942;1497;777;1280
gun,junior_high,鉄砲,,junior_word_list,943
gym,junior_high,体育館,,junior_word_list,1895
habit,junior_high,習慣,習慣,junior_word_list;high_word_list,1498;295
had,junior_high,持った,,junior_word_list,230
hair,junior_high,髪,,junior_word_list,231
half,junior_high,半分、2分の1,,junior_word_list,232;944
hall,junior_high,会館、ホール,,junior_word_list,233;1871
hand,junior_high,手,,junior_word_list,234;1499
hand out,junior_high,を配る,,junior_word_list,1500
handle,junior_high,を処理する,手で扱う,junior_word_list;high_word_list,1501;985;1488
happen,junior_high,起こる,,junior_word_list,689
happily,junior_high,幸せに，楽しく,,junior_word_list,1502
happiness,junior_high,幸福,,junior_word_list,945
happy,junior_high,幸せな、うれしい、楽しい,,junior_word_list,235
hard,junior_high,熱心に、一生懸命に,,junior_word_list,236;237;1870
has to,junior_high,しなければならない,,junior_word_list,946
hat,junior_high,帽子,,junior_word_list,238;621
have,junior_high,を持っている,,junior_word_list,239;240;241
have to,junior_high,しなければならない,,junior_word_list,947
he,junior_high,彼は,,junior_word_list,242
head,junior_high,頭,,junior_word_list,243
headache,junior_high,頭痛,,junior_word_list,244
health,junior_high,健康,,junior_word_list,949;1503
healthy,junior_high,健康な,,junior_word_list,1504
hear,junior_high,聞く,,junior_word_list,950;1505
hear of,junior_high,について聞く,,junior_word_list,951
heard,junior_high,聞いた,,junior_word_list,952;1506
heart,junior_high,心,,junior_word_list,245;693
heat,junior_high,熱,,junior_word_list,1507
heaven,junior_high,天国,,junior_word_list,1508
heavy,junior_high,重い,,junior_word_list,953
held,junior_high,開催した,,junior_word_list,954;1509
help,junior_high,を手伝う、助ける,,junior_word_list,246;1510
helpful,junior_high,役に立つ,,junior_word_list,955
here,junior_high,ここに,,junior_word_list,247
heritage,junior_high,遺産,遺産,junior_word_list;high_word_list,956;718
hers,junior_high,彼女のもの,,junior_word_list,248
herself,junior_high,彼女自身,,junior_word_list,957
high school,junior_high,高校,,junior_word_list,1511
hill,junior_high,丘,,junior_word_list,958
him,junior_high,彼を,,junior_word_list,249
himself,junior_high,彼自身を,,junior_word_list,959;1512
his,junior_high,彼の,,junior_word_list,250;251
history,junior_high,歴史,歴史,junior_word_list;high_word_list,252;662;113
hit,junior_high,打つ,,junior_word_list,1513
hobby,junior_high,趣味,,junior_word_list,960
hold,junior_high,をつかむ,,junior_word_list,961;962
hole,junior_high,穴,,junior_word_list,963
holiday,junior_high,休日、休暇,,junior_word_list,964
holy,junior_high,神聖な,,junior_word_list,1514
homework,junior_high,宿題,,junior_word_list,253
honest,junior_high,正直な,正直な,junior_word_list;high_word_list,617;719;836;1339
honey,junior_high,蜂蜜,,junior_word_list,1515
hope,junior_high,を望む,,junior_word_list,254;650
hope to,junior_high,したいと願う,,junior_word_list,1516
hopeful,junior_high,希望を持っている,,junior_word_list,1517
horizon,junior_high,地平線，水平線,,junior_word_list,1518
horror,junior_high,恐怖,恐怖,junior_word_list;high_word_list,965;764;1267
horse,junior_high,馬,,junior_word_list,255;702
hospital,junior_high,病院,,junior_word_list,256
host,junior_high,主人,,junior_word_list,966;1887
hot,junior_high,暑い,,junior_word_list,257
hour,junior_high,1時間,,junior_word_list,258;967
house,junior_high,家、住宅,,junior_word_list,259
how,junior_high,どんな,,junior_word_list,260
how about ~?,junior_high,はどうですか？,,junior_word_list,968
how long ?,junior_high,どれくらいの長さ？,,junior_word_list,1519
how much ?,junior_high,どれくらいの量？,,junior_word_list,1520
how much ~?,junior_high,はいくらですか？,,junior_word_list,970
how to,junior_high,する方法,,junior_word_list,969
however,junior_high,しかしながら、けれども,しかしながら,junior_word_list;high_word_list,971;1894;491
human,junior_high,人間、人,,junior_word_list,972;1521
human being,junior_high,人間,,junior_word_list,1522
human rights,junior_high,人権,,junior_word_list,1523
hundred,junior_high,百,,junior_word_list,261;696
hungry,junior_high,空腹の、飢えた,,junior_word_list,262;721
hunt,junior_high,を狩る,,junior_word_list,973
hunting,junior_high,狩り,,junior_word_list,974
hurry,junior_high,急ぐ,,junior_word_list,975
hurt,junior_high,を傷つける,傷つける,junior_word_list;high_word_list,976;1920;289
husband,junior_high,夫,,junior_word_list,977;1909
i,junior_high,私は[が],,junior_word_list,263
ice,junior_high,氷,,junior_word_list,264;633
idea,junior_high,考え,,junior_word_list,265
if,junior_high,もし～ならば,,junior_word_list,978;1524
ill,junior_high,病気の,,junior_word_list,979
illegal,junior_high,違法な,違法の,junior_word_list;high_word_list,1525;931;1434
illiterate,junior_high,読み書きのできない,,junior_word_list,1526
image,junior_high,画像，印象,,junior_word_list,1527
imagine,junior_high,想像する,,junior_word_list,980;1528
import,junior_high,を輸入する,輸入する,junior_word_list;high_word_list,1529;989;1492
important,junior_high,重要な、大切な,,junior_word_list,266;638
improve,junior_high,を改善する,改善する,junior_word_list;high_word_list,981;982;435
in,junior_high,中に,,junior_word_list,267
in case of,junior_high,の場合には,,junior_word_list,1530
in front of,junior_high,の前に,,junior_word_list,922
in full,junior_high,全部,,junior_word_list,924
in season,junior_high,旬で,,junior_word_list,1531
in the future,junior_high,将来に,,junior_word_list,926
in the middle of,junior_high,の真ん中に,,junior_word_list,1035
in the open air,junior_high,屋外で,,junior_word_list,1532
in those days,junior_high,当時は,,junior_word_list,1533
include,junior_high,を含む,含む,junior_word_list;high_word_list,1534;415
increase,junior_high,を増やす，増大させる,増やす,junior_word_list;high_word_list,1535;238
indeed,junior_high,実に,確かに,junior_word_list;high_word_list,1536;431
independence,junior_high,独立,独立,junior_word_list;high_word_list,1537;579
influence,junior_high,に影響を及ぼす,影響を及ぼす,junior_word_list;high_word_list,983;452
information,junior_high,情報,,junior_word_list,268
injure,junior_high,を傷つける,,junior_word_list,1538
inner,junior_high,内部の，内側の,,junior_word_list,1539
inside,junior_high,内側の,,junior_word_list,984
instead,junior_high,そのかわりに,,junior_word_list,1540
instead of,junior_high,のかわりに,,junior_word_list,1541
instruction,junior_high,指示,指示,junior_word_list;high_word_list,1542;580
interdependent,junior_high,相互に依存している,,junior_word_list,1543
interest,junior_high,興味,,junior_word_list,1544
interested in,junior_high,興味をもっている,,junior_word_list,269
interesting,junior_high,興味深い,,junior_word_list,270;648
international,junior_high,国際的な,国際的な,junior_word_list;high_word_list,1891;346
into,junior_high,～の中へ,,junior_word_list,986;1545
introduce,junior_high,を紹介する,紹介する,junior_word_list;high_word_list,987;1873;284
invent,junior_high,を発明する,発明する,junior_word_list;high_word_list,1546;172
invention,junior_high,発明,,junior_word_list,988
inventor,junior_high,発明家,,junior_word_list,1547
invite,junior_high,を招待する,,junior_word_list,989
iron,junior_high,鉄,,junior_word_list,1548
is,junior_high,です、ます,,junior_word_list,271;272
island,junior_high,島,,junior_word_list,273;695
it,junior_high,それを,,junior_word_list,274;275
its,junior_high,それの、その,,junior_word_list,276
january,junior_high,1月,,junior_word_list,277
japan,junior_high,日本,,junior_word_list,278
japanese,junior_high,日本の,,junior_word_list,279;280
jewel,junior_high,宝石,,junior_word_list,1549
job,junior_high,仕事,,junior_word_list,281
join,junior_high,に参加する,,junior_word_list,282;644
joy,junior_high,喜び,喜び,junior_word_list;high_word_list,1550;583
judge,junior_high,審判員,判断する,junior_word_list;high_word_list,1551;993;1496
july,junior_high,7月,,junior_word_list,283
jump,junior_high,跳ぶ,,junior_word_list,284
june,junior_high,6月,,junior_word_list,285
junior,junior_high,年下の,,junior_word_list,286
junior high school,junior_high,中学校,,junior_word_list,287
just,junior_high,ちょうど、まさに,,junior_word_list,288;1552
keep,junior_high,し続ける,,junior_word_list,990;1553
kept,junior_high,し続けた,,junior_word_list,991
key,junior_high,鍵,,junior_word_list,992
kill,junior_high,を殺す,,junior_word_list,993
kind,junior_high,親切な,,junior_word_list,289;994
kind(s) of ～,junior_high,種類の～,,junior_word_list,995
kindliness,junior_high,親切さ,,junior_word_list,996
king,junior_high,王様,,junior_word_list,290;624
kit,junior_high,道具一式,,junior_word_list,1554
knee,junior_high,ひざ,ひざ,junior_word_list;high_word_list,291;165
knew,junior_high,知っていた,,junior_word_list,997
knife,junior_high,ナイフ,,junior_word_list,998
know,junior_high,を知っている,,junior_word_list,292
knowledge,junior_high,知識,知識,junior_word_list;high_word_list,999;215
lake,junior_high,湖,,junior_word_list,293;667
lamp,junior_high,明かり,,junior_word_list,1555
land,junior_high,土地,,junior_word_list,1000
language,junior_high,言葉,言語,junior_word_list;high_word_list,294;642;495
large,junior_high,大きい、広い,,junior_word_list,295;1556
last,junior_high,この前の,,junior_word_list,296;1001;1557
later,junior_high,～の後で,後に,junior_word_list;high_word_list,297;361
latest,junior_high,最新の,最新の,junior_word_list;high_word_list,1558;1913;2253
laugh,junior_high,笑う,,junior_word_list,1002
law,junior_high,法律,法律,junior_word_list;high_word_list,1003;1559;138
lawyer,junior_high,弁護士,,junior_word_list,1560
lazy,junior_high,怠け者の,,junior_word_list,1561
lead,junior_high,を導く,,junior_word_list,1562
leaf,junior_high,葉,,junior_word_list,1004
learn,junior_high,学ぶ,,junior_word_list,595;1005
leave,junior_high,去る,,junior_word_list,298;1563
left,junior_high,左,,junior_word_list,299;1006
leg,junior_high,脚,,junior_word_list,300;660
legacy,junior_high,遺産,,junior_word_list,1564
lend,junior_high,貸す,,junior_word_list,1007
less,junior_high,もっと少なく,,junior_word_list,1565
lesson,junior_high,授業,,junior_word_list,1008
let,junior_high,～に～をさせる,,junior_word_list,1566
let's,junior_high,～しよう,,junior_word_list,301
letter,junior_high,手紙,,junior_word_list,596;1009;1010
library,junior_high,図書館,,junior_word_list,302
lie,junior_high,嘘,横たわる,junior_word_list;high_word_list,1011;1883;450
life,junior_high,生活,,junior_word_list,303;304;1012
light,junior_high,光,,junior_word_list,305;1013;1014
like,junior_high,を好む,,junior_word_list,306;307
limited,junior_high,限られた,,junior_word_list,1567
line,junior_high,列、並び,,junior_word_list,308;1015;1568
link,junior_high,接続,,junior_word_list,1569
lip,junior_high,唇,,junior_word_list,1570
list,junior_high,表,,junior_word_list,1571
listen,junior_high,聞く,,junior_word_list,309;643
little,junior_high,小さい，かわいい,,junior_word_list,1572;1573
little by little,junior_high,少しずつ,,junior_word_list,797
live,junior_high,住む,,junior_word_list,311;1016
local,junior_high,地方の、地元の,,junior_word_list,312
lonely,junior_high,さびしい,,junior_word_list,313
long,junior_high,長い,,junior_word_list,314;1017;1574
long ago,junior_high,ずっと前に,,junior_word_list,1018
look,junior_high,見る,,junior_word_list,315;316
look forward to ...,junior_high,を楽しみに待つ,,junior_word_list,198
lose,junior_high,負ける,失う,junior_word_list;high_word_list,317;1020;318
loss,junior_high,失うこと，喪失,,junior_word_list,1575
lost,junior_high,負けた,,junior_word_list,318;1576;1577
loud,junior_high,声の大きい,,junior_word_list,1021
lovely,junior_high,美しい,,junior_word_list,1578
low,junior_high,低い,,junior_word_list,1022
luck,junior_high,運、幸運,,junior_word_list,319
lucky,junior_high,幸運な,,junior_word_list,1579
luggage,junior_high,手荷物,,junior_word_list,1023
lullaby,junior_high,子守歌,,junior_word_list,1580
lunch,junior_high,昼食,,junior_word_list,320
machine,junior_high,機械,,junior_word_list,1024
made,junior_high,作った（過去形）,,junior_word_list,321;1581
magazine,junior_high,雑誌,,junior_word_list,1025;1582
make,junior_high,を作る,,junior_word_list,322;1583
make all the difference,junior_high,大きなちがいを生む,,junior_word_list,1584
man,junior_high,男性、男の人,,junior_word_list,323
many,junior_high,たくさんの,,junior_word_list,324;1585
map,junior_high,地図,,junior_word_list,325
march,junior_high,3月,,junior_word_list,326
mark,junior_high,印,,junior_word_list,1586
market,junior_high,市場,市場,junior_word_list;high_word_list,327;657;331
marry,junior_high,結婚する,,junior_word_list,1587
match,junior_high,試合,試合,junior_word_list;high_word_list,1588;590
math,junior_high,数学,,junior_word_list,328;683
matter,junior_high,問題，困ったこと,事柄,junior_word_list;high_word_list,1589;591
may,junior_high,5月,,junior_word_list,329;1026;1027
maybe,junior_high,たぶん、もしかすると,たぶん,junior_word_list;high_word_list,330;483
mayor,junior_high,市長,市長,junior_word_list;high_word_list,1028;330
me,junior_high,私に,,junior_word_list,331;332
mean,junior_high,を意味する,意味する,junior_word_list;high_word_list,333;653;462
meaning,junior_high,意味,,junior_word_list,1029;1882
meant,junior_high,意味した,,junior_word_list,1590
measure,junior_high,をはかる,,junior_word_list,1030
meat,junior_high,肉,,junior_word_list,1031
medicine,junior_high,薬,,junior_word_list,1032
medium,junior_high,中ほどの,中間の,junior_word_list;high_word_list,1033;842;1345
meet,junior_high,と会う,,junior_word_list,334
memory,junior_high,記憶,,junior_word_list,335
merchant,junior_high,商人,商人,junior_word_list;high_word_list,1591;592
metal,junior_high,金属,,junior_word_list,1592
middle,junior_high,真ん中,,junior_word_list,1034
midnight,junior_high,真夜中,,junior_word_list,1915
million,junior_high,100万,100万,junior_word_list;high_word_list,1036;163
mind,junior_high,精神,,junior_word_list,1593
mine,junior_high,私のもの,,junior_word_list,336
mini,junior_high,小型の,,junior_word_list,1594
mining,junior_high,採鉱，採掘,,junior_word_list,1595
minute,junior_high,分,,junior_word_list,337
mirror,junior_high,鏡,,junior_word_list,1037;1596
miss,junior_high,さびしく思う,,junior_word_list,338;1038
mist,junior_high,霧,,junior_word_list,1039
mistake,junior_high,誤り,,junior_word_list,1040
misunderstand,junior_high,を誤解する,,junior_word_list,1041
mix,junior_high,混ぜる,,junior_word_list,1597
modern,junior_high,現代的な,現代の,junior_word_list;high_word_list,1598;369
moment,junior_high,瞬間,瞬間,junior_word_list;high_word_list,339;291
monday,junior_high,月曜日,,junior_word_list,340
money,junior_high,お金,,junior_word_list,341
monkey,junior_high,サル,,junior_word_list,342
month,junior_high,月、１か月,,junior_word_list,343
monthly,junior_high,月に1回の,,junior_word_list,1599
moon,junior_high,月,,junior_word_list,1042
more,junior_high,よりもっと,,junior_word_list,1043;1600
more and more,junior_high,ますます多くの,,junior_word_list,1601
more than,junior_high,より多くの,,junior_word_list,1044;1602
moreover,junior_high,さらに,さらに,junior_word_list;high_word_list,1045;927;1430
morning,junior_high,朝,,junior_word_list,344
most,junior_high,最も,,junior_word_list,1046;1603
mother,junior_high,母,,junior_word_list,345
mountain,junior_high,山,,junior_word_list,346;651
mouse,junior_high,ネズミ、ハツカネズミ,,junior_word_list,347
mouth,junior_high,口,,junior_word_list,348;697
move,junior_high,を動かす,,junior_word_list,1047;1604
movement,junior_high,運動,,junior_word_list,1605
movie,junior_high,映画,,junior_word_list,349
much,junior_high,[動詞を修飾して]おおいに、たいへん,,junior_word_list,350;1048
museum,junior_high,博物館,,junior_word_list,351;676
music,junior_high,音楽,,junior_word_list,352
musical,junior_high,音楽の,,junior_word_list,1606
musician,junior_high,音楽家,音楽家,junior_word_list;high_word_list,353;917;1420
must,junior_high,しなければならない,,junior_word_list,1049
must not,junior_high,してはいけない,,junior_word_list,1050
my,junior_high,私の,,junior_word_list,354
myself,junior_high,私自身,,junior_word_list,1051
name,junior_high,名前,,junior_word_list,355
national,junior_high,国の、国家の,国の,junior_word_list;high_word_list,356;1893;348
natural,junior_high,自然の,自然の,junior_word_list;high_word_list,1052;1892;191
nature,junior_high,自然,自然,junior_word_list;high_word_list,357;705;319
near,junior_high,の近くで,,junior_word_list,358;1053
necessary,junior_high,必要な,必要な,junior_word_list;high_word_list,1054;1898;164
neck,junior_high,首,,junior_word_list,1055
need,junior_high,を必要とする,,junior_word_list,359;360
negative,junior_high,否定的な，良くない,否定の,junior_word_list;high_word_list,1607;845;1348
neighbor,junior_high,近所の人,隣人,junior_word_list;high_word_list,1056;1914;2004;2344
neither,junior_high,～も～もない,,junior_word_list,1608
nest,junior_high,巣,,junior_word_list,1057
net,junior_high,網,,junior_word_list,1609
never,junior_high,今までに一度もしない,,junior_word_list,1058;1610
new,junior_high,新しい,,junior_word_list,361
newspaper,junior_high,新聞,,junior_word_list,362;1611
next-door,junior_high,隣の家、隣の,,junior_word_list,363
nice,junior_high,良い,,junior_word_list,364
night,junior_high,夜,,junior_word_list,365
nine,junior_high,9,,junior_word_list,366
nineteen,junior_high,19,,junior_word_list,367
ninety,junior_high,90,,junior_word_list,368
ninth,junior_high,9番目,,junior_word_list,369
noise,junior_high,騒音,,junior_word_list,1060
noisy,junior_high,騒がしい,,junior_word_list,1613
noon,junior_high,正午,,junior_word_list,370
north,junior_high,北,,junior_word_list,620;724
nose,junior_high,鼻,,junior_word_list,371;678
not,junior_high,でない,,junior_word_list,372
not always,junior_high,いつもとは限らない,,junior_word_list,1615
not at all,junior_high,少しもない,,junior_word_list,1614
not only but also ～,junior_high,だけでなく～もまた,,junior_word_list,1616
note,junior_high,紙幣,,junior_word_list,1617
notebook,junior_high,ノート,,junior_word_list,373
nothing,junior_high,何もない,,junior_word_list,374
november,junior_high,11月,,junior_word_list,375
nuclear,junior_high,核の，原子力の,核の,junior_word_list;high_word_list,1618;655
nuclear power,junior_high,原子力,,junior_word_list,1619
number,junior_high,数、数字,,junior_word_list,376;1620
nurse,junior_high,看護婦,,junior_word_list,377
ocean,junior_high,大洋，海,,junior_word_list,1621
october,junior_high,10月,,junior_word_list,378
of,junior_high,～の,,junior_word_list,1062
of course,junior_high,もちろん,,junior_word_list,114
office,junior_high,事務所,,junior_word_list,379
often,junior_high,よく,,junior_word_list,380
oil,junior_high,油,,junior_word_list,1063;1622
old,junior_high,古い,,junior_word_list,381;1064;1065
on,junior_high,【場所】の上に,,junior_word_list,382;1066
on the way,junior_high,帰る途中で,,junior_word_list,1623
once,junior_high,かつて,,junior_word_list,1067;1885
one,junior_high,1,,junior_word_list,383
one by one,junior_high,1つずつ,,junior_word_list,1624
only,junior_high,～だけ,,junior_word_list,384
open,junior_high,を開ける,,junior_word_list,385
operation,junior_high,手術,操作,junior_word_list;high_word_list,1069;599
opinion,junior_high,意見，考え,意見,junior_word_list;high_word_list,1625;463
or,junior_high,そうしなければ,,junior_word_list,1626;1627
order,junior_high,注文する,命令,junior_word_list;high_word_list,1628;134
ordinary,junior_high,ふつうの,普通の,junior_word_list;high_word_list,1629;69
originally,junior_high,はじめは,,junior_word_list,1070
other,junior_high,他の,,junior_word_list,386;1071
our,junior_high,私たちの,,junior_word_list,387
ours,junior_high,私たちのもの,,junior_word_list,388
out,junior_high,外に,,junior_word_list,389;1630
outside,junior_high,外で,,junior_word_list,390;1073;1631
over,junior_high,向こうへ,,junior_word_list,391;1074;1632
over here,junior_high,こちらに,,junior_word_list,1075
overseas,junior_high,海外の,,junior_word_list,1077;1633
own,junior_high,自分自身の,自身の,junior_word_list;high_word_list,1078;320
paid,junior_high,支払い済みの,,junior_word_list,1079
pain,junior_high,痛み,痛み,junior_word_list;high_word_list,1634;602
paint,junior_high,描く,,junior_word_list,1080
painter,junior_high,画家,,junior_word_list,1635
painting,junior_high,絵をかくこと,,junior_word_list,393
pair,junior_high,一組,,junior_word_list,1636
pal,junior_high,友だち,,junior_word_list,1637
palace,junior_high,宮殿,,junior_word_list,1638
pale,junior_high,青ざめた,,junior_word_list,1639
paper,junior_high,紙,,junior_word_list,1081
paper crane,junior_high,折り鶴,,junior_word_list,1640
parent,junior_high,親,,junior_word_list,394
park,junior_high,公園,,junior_word_list,395
parking lot,junior_high,駐車場,,junior_word_list,1641
part,junior_high,部分,,junior_word_list,1082
pass,junior_high,を通り過ぎる,,junior_word_list,396;1083
pass by,junior_high,通り過ぎる,,junior_word_list,1642
past,junior_high,過去の,過去の,junior_word_list;high_word_list,1084;442
pay,junior_high,払う,,junior_word_list,1085
peace,junior_high,平和,,junior_word_list,1086;1643
peaceful,junior_high,平和な,,junior_word_list,1644
pencil,junior_high,鉛筆,,junior_word_list,397;1645
people,junior_high,人々,,junior_word_list,398;623
perfect,junior_high,完全な,,junior_word_list,1087
perform,junior_high,演じる,,junior_word_list,399
perhaps,junior_high,多分,,junior_word_list,1646
period,junior_high,期間、時間,期間,junior_word_list;high_word_list,400;1647;409
person,junior_high,人,,junior_word_list,1088;1648
personal,junior_high,個人の,,junior_word_list,1649
photograph,junior_high,写真,,junior_word_list,1089
pick,junior_high,を摘む,,junior_word_list,401;713
picture,junior_high,絵、写真,,junior_word_list,402
piece,junior_high,断片,,junior_word_list,1090
pig,junior_high,ブタ,,junior_word_list,403;709
place,junior_high,場所,,junior_word_list,404
plan,junior_high,を計画する,,junior_word_list,405;1091
plane,junior_high,飛行機,,junior_word_list,610
planet,junior_high,惑星,,junior_word_list,1092
plant,junior_high,植物,植物,junior_word_list;high_word_list,1093;1917;276
plastic bag,junior_high,ビニールぶくろ,,junior_word_list,1650
plate,junior_high,お皿,,junior_word_list,1094;1919
play,junior_high,を演奏する,,junior_word_list,406;407;1866
player,junior_high,選手,,junior_word_list,408
playful,junior_high,楽しげな,,junior_word_list,1095
please,junior_high,気に入る，喜ばせる,,junior_word_list,1651
pleased,junior_high,喜んで,,junior_word_list,1652
pleasure,junior_high,喜び,楽しみ,junior_word_list;high_word_list,409;428
pm,junior_high,午後,,junior_word_list,392
poem,junior_high,詩,,junior_word_list,1653
poet,junior_high,詩人,詩人,junior_word_list;high_word_list,1654;705
point,junior_high,特徴，論点,,junior_word_list,1655;1656
police,junior_high,警察官,,junior_word_list,410;699
police officer,junior_high,警察官,,junior_word_list,1657
policeman,junior_high,警官,,junior_word_list,1658
pond,junior_high,池,,junior_word_list,704
poor,junior_high,貧しい,,junior_word_list,411;720
popular,junior_high,人気のある,人気のある,junior_word_list;high_word_list,412;656;262
populous,junior_high,人口の多い,,junior_word_list,1659
pork,junior_high,豚肉,,junior_word_list,1096;1660
port,junior_high,港,,junior_word_list,1097
positive,junior_high,前向きな,自信のある,junior_word_list;high_word_list,1661;1139;1642
possible,junior_high,可能な,可能な,junior_word_list;high_word_list,1662;446
practice,junior_high,を練習する,,junior_word_list,413;414;652
precious,junior_high,貴重な,貴重な,junior_word_list;high_word_list,1098;1931;2271
prepared,junior_high,用意ができている,,junior_word_list,1663
preserve,junior_high,を保存する,保存,junior_word_list;high_word_list,1099;645
president,junior_high,大統領,社長,junior_word_list;high_word_list,1664;310
pretty,junior_high,かわいい，きれいな,かなり,junior_word_list;high_word_list,1665;497
price,junior_high,値段,値段,junior_word_list;high_word_list,1100;218
prince,junior_high,王子,,junior_word_list,1666
print,junior_high,を印刷する,,junior_word_list,1667
prize,junior_high,賞,,junior_word_list,1668
probably,junior_high,多分,おそらく,junior_word_list;high_word_list,1930;1932;500
problem,junior_high,問題,,junior_word_list,415;1875
produce,junior_high,を生産する,,junior_word_list,1101
product,junior_high,製品,,junior_word_list,1102
professor,junior_high,教授,,junior_word_list,1103
progress,junior_high,進歩,進歩,junior_word_list;high_word_list,1104;1669;263
promise,junior_high,約束,,junior_word_list,1670
protect,junior_high,を守る，保護する,守る,junior_word_list;high_word_list,1671;27
protest,junior_high,抗議する,抗議する,junior_word_list;high_word_list,1672;1673;1998;2338
pull,junior_high,を引く,,junior_word_list,1105
purple,junior_high,紫色,,junior_word_list,416
pursue,junior_high,を追い求める,追い求める,junior_word_list;high_word_list,1674;1126;1629
push,junior_high,を押す,,junior_word_list,1106
put,junior_high,を置く,,junior_word_list,417;1107
quarter,junior_high,4分の1,四半期,junior_word_list;high_word_list,1675;332
queen,junior_high,女王,,junior_word_list,418;1913
question,junior_high,質問,,junior_word_list,419;627
quick,junior_high,速い,,junior_word_list,1676
quickly,junior_high,すぐに,,junior_word_list,420;1902
quiet,junior_high,静かな,,junior_word_list,421;716
quietly,junior_high,静かに，落ち着いて,,junior_word_list,1677
quite,junior_high,かなり，相当,かなり,junior_word_list;high_word_list,1678;498
rabbit,junior_high,ウサギ,,junior_word_list,422;707
race,junior_high,競走,,junior_word_list,1679
radiation,junior_high,放射線,,junior_word_list,1680
railway,junior_high,鉄道,,junior_word_list,1681
rain,junior_high,雨,,junior_word_list,1108;1682
rainwater,junior_high,雨水,,junior_word_list,1683
rainy,junior_high,雨降りの,,junior_word_list,423;715;1684
raise,junior_high,手などを挙げる,上げる,junior_word_list;high_word_list,1685;279
rapidly,junior_high,速く，急速に,素早く,junior_word_list;high_word_list,1686;875;1378
rat,junior_high,ネズミ,,junior_word_list,1109
raw,junior_high,生の,生の,junior_word_list;high_word_list,1110;1890;1775;2115
reach,junior_high,に着く，到着する,到着する,junior_word_list;high_word_list,1687;189
read,junior_high,を読む,,junior_word_list,424
reading,junior_high,読書,,junior_word_list,425
ready,junior_high,用意できている,,junior_word_list,1111
real,junior_high,本当の,,junior_word_list,1688
realize,junior_high,だと気づく,だとわかる,junior_word_list;high_word_list,1112;1876;486
really,junior_high,本当に、実際に,,junior_word_list,426
reason,junior_high,理由,,junior_word_list,1113;1889
receive,junior_high,を受け取る,受け取る,junior_word_list;high_word_list,1689;300
recently,junior_high,最近,最近,junior_word_list;high_word_list,1690;345
recognize,junior_high,だと分かる,,junior_word_list,1114
red,junior_high,赤,,junior_word_list,427
relate,junior_high,を～に関係させる,,junior_word_list,1691
relate to ～,junior_high,を～に関係させる,,junior_word_list,1692
relation,junior_high,関係,関係性,junior_word_list;high_word_list,1693;418
relationship,junior_high,関係,,junior_word_list,1115
relatively,junior_high,比較的,,junior_word_list,1694
release,junior_high,を放出する,解き放つ,junior_word_list;high_word_list,1695;1009;1512
remember,junior_high,を思い出す,覚えている,junior_word_list;high_word_list,1116;429
remind,junior_high,を気づかせる,思い出させる,junior_word_list;high_word_list,1117;1174;1677
remove,junior_high,を取り除く,取り除く,junior_word_list;high_word_list,1118;1010;1513
renewable,junior_high,再生可能な,,junior_word_list,1696
reply,junior_high,と答える,返答する,junior_word_list;high_word_list,1119;1916;142
report,junior_high,報告,,junior_word_list,1697
research,junior_high,を研究する,研究,junior_word_list;high_word_list,1120;1121;377
researcher,junior_high,研究者,,junior_word_list,1698
reservation,junior_high,予約,,junior_word_list,1122
resident,junior_high,住民，居住者,居住者,junior_word_list;high_word_list,1699;1929;2269
resource,junior_high,資源,資源,junior_word_list;high_word_list,1700;323
respect,junior_high,を尊敬する,尊敬,junior_word_list;high_word_list,1701;232
rest,junior_high,休息,,junior_word_list,428;1123;1702
result,junior_high,結果,結果,junior_word_list;high_word_list,1124;380
return,junior_high,帰る、戻る,,junior_word_list,1126
rhyme,junior_high,韻をふむ,,junior_word_list,1703
rhythm,junior_high,リズム，調子,,junior_word_list,1704
rice,junior_high,米、ご飯,,junior_word_list,429
rich,junior_high,金持ちの,,junior_word_list,430
ride,junior_high,乗る,,junior_word_list,431;1127
right,junior_high,右,正しい,junior_word_list;high_word_list,432;433;1128;1705;254
right away,junior_high,すぐに,,junior_word_list,1129
ring,junior_high,指輪,,junior_word_list,1130
rise,junior_high,のぼる、上がる、上昇する,上がる,junior_word_list;high_word_list,1131;280
river,junior_high,川,,junior_word_list,434;668
road,junior_high,道,,junior_word_list,1132;1706
rock,junior_high,岩,,junior_word_list,1133
rode,junior_high,乗った,,junior_word_list,1134
role,junior_high,役、役割,役割,junior_word_list;high_word_list,435;127
roof,junior_high,屋根,,junior_word_list,703
room,junior_high,部屋,,junior_word_list,436
root,junior_high,根,,junior_word_list,1707
rose,junior_high,昇った,,junior_word_list,1708
round,junior_high,丸い,,junior_word_list,437;1709
row,junior_high,列,,junior_word_list,1135;1710
rule,junior_high,規則,,junior_word_list,1136;1711
ruler,junior_high,定規,,junior_word_list,438
run,junior_high,走る,,junior_word_list,439;1712
run away,junior_high,逃げる,,junior_word_list,1713
run out of,junior_high,を使い果たす,,junior_word_list,1714
rush,junior_high,殺到,突進する,junior_word_list;high_word_list,1715;1014;1517
sacred,junior_high,神聖な,,junior_word_list,1137
sad,junior_high,悲しい,,junior_word_list,440
safely,junior_high,安全に,,junior_word_list,1716
said,junior_high,言った（過去形）,,junior_word_list,441;1717
sailor,junior_high,船員,,junior_word_list,1138
salad,junior_high,サラダ,,junior_word_list,442
salt,junior_high,塩,,junior_word_list,1140;1718
same,junior_high,同一の,,junior_word_list,1141;1719
satisfy,junior_high,を満足させる,,junior_word_list,1720
saturday,junior_high,土曜日,,junior_word_list,443
save,junior_high,を節約する,,junior_word_list,1142;1721
saw,junior_high,見た（過去形）,,junior_word_list,444
say,junior_high,を言う,,junior_word_list,445;1143
scared,junior_high,こわがって,,junior_word_list,1722
scary,junior_high,恐ろしい,,junior_word_list,1144
school,junior_high,学校,,junior_word_list,446
science,junior_high,科学,科学,junior_word_list;high_word_list,447;444
scientist,junior_high,科学者,,junior_word_list,448;1910
sea,junior_high,海,,junior_word_list,449;640
season,junior_high,季節,,junior_word_list,450
seasonal,junior_high,季節の,,junior_word_list,1723
second,junior_high,2番目,,junior_word_list,451;1145;1724
secret,junior_high,秘密,,junior_word_list,1725
see,junior_high,を見る,,junior_word_list,452;453;454;631
seem,junior_high,～のように思われる,に見える,junior_word_list;high_word_list,1146;1726;474
select,junior_high,を選ぶ,選び出す,junior_word_list;high_word_list,1147;1015;1518
selection,junior_high,選択,,junior_word_list,1148
sell,junior_high,を売る,,junior_word_list,455
send,junior_high,を送る,,junior_word_list,1149
senior,junior_high,年上の，上級の,,junior_word_list,1727
sense,junior_high,感覚,,junior_word_list,1150
sent,junior_high,送った,,junior_word_list,1151;1728
sentence,junior_high,文,,junior_word_list,1152;1918
september,junior_high,9月,,junior_word_list,456
serious,junior_high,重大な,,junior_word_list,1153
set,junior_high,置く,,junior_word_list,655
seven,junior_high,7,,junior_word_list,457
seventeen,junior_high,17,,junior_word_list,458
seventy,junior_high,70,,junior_word_list,459
severe,junior_high,厳しい,厳しい,junior_word_list;high_word_list,1154;853;1356
shade,junior_high,陰，日陰,,junior_word_list,1729
shadow,junior_high,影,,junior_word_list,1155
shake,junior_high,震える,,junior_word_list,1730
shaking,junior_high,揺れ,,junior_word_list,1731
shape,junior_high,形,,junior_word_list,1156
share,junior_high,を共有する,分かち合う,junior_word_list;high_word_list,1157;149
she,junior_high,彼女は,,junior_word_list,460
sheep,junior_high,ヒツジ,,junior_word_list,461
shelter,junior_high,避難所,,junior_word_list,1732
ship,junior_high,船,,junior_word_list,462
shirt,junior_high,シャツ,,junior_word_list,1733
shoe,junior_high,くつ,,junior_word_list,463
shoot,junior_high,撃つ,,junior_word_list,1734
shop,junior_high,店,,junior_word_list,464;1158
shopping,junior_high,買物,,junior_word_list,465
short,junior_high,短い,,junior_word_list,466
should,junior_high,すべきである,,junior_word_list,1159
shoulder,junior_high,肩,,junior_word_list,467;708
shout,junior_high,叫ぶ,,junior_word_list,1160
show,junior_high,を見せる,,junior_word_list,468;1161
shy,junior_high,恥ずかしがりの,,junior_word_list,469
sick,junior_high,病気の,,junior_word_list,470
side,junior_high,側面,,junior_word_list,1162;1735
sidewalk,junior_high,歩道,,junior_word_list,1736
sight,junior_high,視界,見ること,junior_word_list;high_word_list,1163;950;1453
sign,junior_high,合図，標識,兆候,junior_word_list;high_word_list,1737;209
signal,junior_high,信号,,junior_word_list,1738
silent,junior_high,静かな,,junior_word_list,1739
silk,junior_high,絹,,junior_word_list,1740
silver,junior_high,銀,,junior_word_list,1741
similar,junior_high,同じような,,junior_word_list,1164
simple,junior_high,単純な，簡単な,,junior_word_list,1742
since,junior_high,～以来,,junior_word_list,1743
sing,junior_high,を歌う,,junior_word_list,471
singer,junior_high,歌手,,junior_word_list,472
sink,junior_high,沈む,沈む,junior_word_list;high_word_list,1165;647
sister,junior_high,姉妹,,junior_word_list,473
sit,junior_high,座る,,junior_word_list,474;630
site,junior_high,場所,場所,junior_word_list;high_word_list,1744;1785;2125
six,junior_high,6,,junior_word_list,475
sixteen,junior_high,16,,junior_word_list,476
sixth,junior_high,6番目,,junior_word_list,477
sixty,junior_high,60,,junior_word_list,478
skill,junior_high,技術,,junior_word_list,1166
sky,junior_high,空,,junior_word_list,1167;1745
sleep,junior_high,眠る,,junior_word_list,479;686;1746
sleepy,junior_high,眠い,,junior_word_list,1747
slowly,junior_high,ゆっくりと,,junior_word_list,606;1168
small,junior_high,小さい,,junior_word_list,480
smell,junior_high,においがする,臭う,junior_word_list;high_word_list,1748;648
smile,junior_high,ほほえむ,,junior_word_list,481;1169
smoke,junior_high,煙,,junior_word_list,1749
snake,junior_high,ヘビ,,junior_word_list,482
snow,junior_high,雪,,junior_word_list,483;1171
snowy,junior_high,雪の降る,,junior_word_list,484
so,junior_high,とても,,junior_word_list,591
so far,junior_high,これまでは,,junior_word_list,1751
so that ～,junior_high,とてもなので～だ,,junior_word_list,1750
society,junior_high,社会,社会,junior_word_list;high_word_list,1172;311
soft,junior_high,やわらかい,,junior_word_list,1173
soil,junior_high,土,,junior_word_list,1752
sold,junior_high,売った,,junior_word_list,1753
solve,junior_high,を解決する,解く,junior_word_list;high_word_list,1754;438
some,junior_high,いくつかの,,junior_word_list,485
somehow,junior_high,何らかの形で,どうにか,junior_word_list;high_word_list,1755;1051;1554
someone,junior_high,だれか，ある人,,junior_word_list,1756
something,junior_high,なにか,,junior_word_list,486
sometime,junior_high,いつか,,junior_word_list,1174
sometimes,junior_high,ときどき,,junior_word_list,487
somewhere,junior_high,どこかに,,junior_word_list,1757
son,junior_high,息子,,junior_word_list,1758
song,junior_high,歌,,junior_word_list,488
soon,junior_high,すぐに,,junior_word_list,489
sorry,junior_high,残念で,,junior_word_list,1175
sort,junior_high,種類,種類,junior_word_list;high_word_list,1759;302
sound,junior_high,に聞こえる,,junior_word_list,490
soup,junior_high,スープ,,junior_word_list,491
south,junior_high,南,,junior_word_list,619;723
speak,junior_high,を話す,,junior_word_list,492
special,junior_high,特別の,,junior_word_list,493
species,junior_high,種,種,junior_word_list;high_word_list,1760;303
specific,junior_high,特定の,具体的な,junior_word_list;high_word_list,1176;1043;1546
speech,junior_high,演説,,junior_word_list,494
spell,junior_high,をつづる,,junior_word_list,495
spelling,junior_high,綴り,,junior_word_list,1761
spend,junior_high,を過ごす,費やす,junior_word_list;high_word_list,496;663;168
spice,junior_high,香辛料,,junior_word_list,1177
spoke,junior_high,話した,,junior_word_list,1178
spread,junior_high,を広げる,広がる,junior_word_list;high_word_list,1179;1180;1762;355
spring,junior_high,春,,junior_word_list,497;1181
square,junior_high,正方形の,,junior_word_list,1763
stamp,junior_high,切手,,junior_word_list,609
stand,junior_high,立つ,,junior_word_list,498;1764
stand up,junior_high,立ち上がる,,junior_word_list,1765
standard,junior_high,基準,,junior_word_list,1182
star,junior_high,星,,junior_word_list,499
station,junior_high,駅,,junior_word_list,500
stationery,junior_high,文房具,,junior_word_list,1766
statue,junior_high,像,,junior_word_list,1767
stay,junior_high,滞在する,,junior_word_list,501;1183;1868
steam,junior_high,蒸気,蒸気,junior_word_list;high_word_list,1768;1783;2123
step,junior_high,足元，階段,,junior_word_list,1769
stick,junior_high,棒,,junior_word_list,1184
still,junior_high,まだ,,junior_word_list,502;1872
stone,junior_high,石,,junior_word_list,1185
stop,junior_high,止める,,junior_word_list,503;1770
store,junior_high,を蓄える,,junior_word_list,1771
story,junior_high,物語,,junior_word_list,1186
straight,junior_high,真っすぐに,,junior_word_list,504
strange,junior_high,奇妙な,奇妙な,junior_word_list;high_word_list,1187;412
stranger,junior_high,見知らぬ人,他人,junior_word_list;high_word_list,1772;375
street,junior_high,通り,,junior_word_list,505
strict,junior_high,厳しい,厳しい,junior_word_list;high_word_list,1773;1919;2259
strike,junior_high,打つ,叩く,junior_word_list;high_word_list,1188;20
strong,junior_high,強い,,junior_word_list,506
student,junior_high,生徒,,junior_word_list,507
study,junior_high,を勉強する,,junior_word_list,508;1774
stylish,junior_high,おしゃれな,,junior_word_list,1775
subject,junior_high,教科、科目,教科,junior_word_list;high_word_list,509;109
subway,junior_high,地下鉄,,junior_word_list,510
succeed,junior_high,成功する,,junior_word_list,1776
success,junior_high,成功,成功,junior_word_list;high_word_list,1189;259
successful,junior_high,成功した,,junior_word_list,1777
such,junior_high,そのような,,junior_word_list,1190
suddenly,junior_high,突然に,,junior_word_list,1928
sugar,junior_high,砂糖,,junior_word_list,1191
summer,junior_high,夏,,junior_word_list,511
sun,junior_high,太陽,,junior_word_list,1192
sunday,junior_high,日曜日,,junior_word_list,512
sunny,junior_high,晴れの,,junior_word_list,513
sunset,junior_high,日没,,junior_word_list,1778
sunshine,junior_high,日光,,junior_word_list,1779
super,junior_high,とても，すごく,,junior_word_list,1780
supermarket,junior_high,スーパーマーケット,,junior_word_list,514
supply,junior_high,供給,供給,junior_word_list;high_word_list,1781;397
support,junior_high,を支援する，応援する,,junior_word_list,1782
sure,junior_high,もちろん,確信して,junior_word_list;high_word_list,515;516;654;430
surely,junior_high,確かに,確かに,junior_word_list;high_word_list,1783;876;1379
surprise,junior_high,驚くべきこと,,junior_word_list,517
surprised,junior_high,驚いた,,junior_word_list,1193
surprisingly,junior_high,驚いたことには,驚いたことに,junior_word_list;high_word_list,1784;1198;1701
surround,junior_high,を囲む,取り囲む,junior_word_list;high_word_list,1785;1018;1521
survey,junior_high,調査,調査,junior_word_list;high_word_list,1786;625
survival,junior_high,存続，生き残ること,生存,junior_word_list;high_word_list,1787;626
survive,junior_high,生き残る,,junior_word_list,1788
sustainable,junior_high,存続可能な,,junior_word_list,1789
sweet,junior_high,甘い,,junior_word_list,518;1790
swim,junior_high,泳ぐ,,junior_word_list,519
swimming,junior_high,水泳,,junior_word_list,520;1791
syllable,junior_high,音節,,junior_word_list,1792
table,junior_high,つくえ,,junior_word_list,521
take,junior_high,を撮る,,junior_word_list,522;523;634;635
take a look,junior_high,ちらりと見る,,junior_word_list,1019
take care of,junior_high,を大事にする,,junior_word_list,91
talk,junior_high,話す,,junior_word_list,524;625
tall,junior_high,背が高い,,junior_word_list,1194
taught,junior_high,教えた,,junior_word_list,1195
tax,junior_high,税，税金,税金,junior_word_list;high_word_list,1793;249
tea,junior_high,お茶,,junior_word_list,632
teach,junior_high,教える,,junior_word_list,525;639
teacher,junior_high,先生、教師,,junior_word_list,526
tear,junior_high,涙,引き裂く,junior_word_list;high_word_list,1794;1019;1522
technology,junior_high,科学技術,,junior_word_list,1196
telephone,junior_high,電話,,junior_word_list,527
tell,junior_high,に話す,,junior_word_list,528;636
tell to ～,junior_high,に～するように言う,,junior_word_list,1795
temple,junior_high,寺,,junior_word_list,529
ten,junior_high,10,,junior_word_list,530
tenth,junior_high,10番目,,junior_word_list,531
terrible,junior_high,ひどい,ひどい,junior_word_list;high_word_list,1796;859;1362
textbook,junior_high,教科書,,junior_word_list,532;701
than,junior_high,よりも,,junior_word_list,1197
thank,junior_high,に感謝する,,junior_word_list,533
that,junior_high,あの,,junior_word_list,534;535
that's too bad,junior_high,それはいけませんね。,,junior_word_list,44
that's very kind of you,junior_high,親切にありがとうございます,,junior_word_list,1797
the,junior_high,その,,junior_word_list,536
the globe,junior_high,地球,,junior_word_list,1484
theater,junior_high,劇場,,junior_word_list,537;1908
their,junior_high,彼らの,,junior_word_list,538
theirs,junior_high,彼らのもの,,junior_word_list,539
them,junior_high,彼らを,,junior_word_list,540
themselves,junior_high,彼ら自身,,junior_word_list,1798
then,junior_high,そのとき,,junior_word_list,1799;1800
there,junior_high,そこに,,junior_word_list,541
these,junior_high,これらの,,junior_word_list,542;1198
they,junior_high,彼らは,,junior_word_list,543
thick,junior_high,厚い,厚い,junior_word_list;high_word_list,1199;35
thing,junior_high,もの、こと,,junior_word_list,544
think,junior_high,考える,,junior_word_list,545;629
third,junior_high,3番目,,junior_word_list,546;1801;1802
thirteen,junior_high,13,,junior_word_list,547
thirty,junior_high,30,,junior_word_list,548
this,junior_high,これ,,junior_word_list,549;550
this way,junior_high,このように,,junior_word_list,1803
those,junior_high,あれらの,,junior_word_list,551;1804
though,junior_high,だけれども,,junior_word_list,1805
thought,junior_high,考え,考えること,junior_word_list;high_word_list,1806;1106;1609
thousand,junior_high,千,,junior_word_list,552;700
thousands of,junior_high,何千もの,,junior_word_list,1807
three,junior_high,3,,junior_word_list,553
through,junior_high,を通り抜けて,,junior_word_list,1808
throw,junior_high,投げる,,junior_word_list,674
thursday,junior_high,木曜日,,junior_word_list,554
tie,junior_high,ネクタイ,,junior_word_list,1809
tiger,junior_high,トラ,,junior_word_list,555
tightly,junior_high,しっかりと,,junior_word_list,1810
time,junior_high,時間,,junior_word_list,556
tiny,junior_high,ごく小さな,ごく小さい,junior_word_list;high_word_list,1200;1924;1143;1646
tired,junior_high,疲れた,,junior_word_list,557;666
title,junior_high,題名，表題,,junior_word_list,1811
to,junior_high,【方向・到達】の方へ,,junior_word_list,558
today,junior_high,今日、現在,,junior_word_list,559
together,junior_high,一緒に,,junior_word_list,560
told,junior_high,に伝えた,,junior_word_list,561
tomorrow,junior_high,明日,,junior_word_list,562
tonight,junior_high,今夜は,,junior_word_list,1812
too,junior_high,もまた,,junior_word_list,563;564
too to ～,junior_high,～するにはすぎる,,junior_word_list,1813
took,junior_high,撮った,,junior_word_list,565
tooth,junior_high,歯,,junior_word_list,566;681
touch,junior_high,にさわる,,junior_word_list,567
tough,junior_high,困難な，難しい,頑強な,junior_word_list;high_word_list,1814;860;1363
tourist,junior_high,観光客,,junior_word_list,1201
towel,junior_high,タオル,,junior_word_list,568
tower,junior_high,塔,,junior_word_list,569
town,junior_high,町,,junior_word_list,570
toy,junior_high,おもちゃ,,junior_word_list,1815
trade,junior_high,貿易,,junior_word_list,1816
tradition,junior_high,伝統,伝統,junior_word_list;high_word_list,1202;630
traditional,junior_high,伝統的な,伝統的な,junior_word_list;high_word_list,571;198
train,junior_high,列車,,junior_word_list,572
translate,junior_high,翻訳する,翻訳する,junior_word_list;high_word_list,1203;1020;1523
translation,junior_high,翻訳,,junior_word_list,1204
transport,junior_high,を輸送する,輸送する,junior_word_list;high_word_list,1817;1021;1524
trash,junior_high,ごみ、くず,,junior_word_list,573
travel,junior_high,旅行,,junior_word_list,574
traveler,junior_high,旅行者,,junior_word_list,1818
treasure,junior_high,宝物,宝,junior_word_list;high_word_list,1819;1853;2193
tree,junior_high,木,,junior_word_list,575
trip,junior_high,旅行,,junior_word_list,576
trust,junior_high,を信用する,信頼,junior_word_list;high_word_list,1820;633
try,junior_high,を試す,,junior_word_list,577
tuesday,junior_high,火曜日,,junior_word_list,578
turn,junior_high,順番,,junior_word_list,579;580
turn into,junior_high,に変わる,,junior_word_list,1205
twelfth,junior_high,12番目,,junior_word_list,581
twelve,junior_high,12,,junior_word_list,582
twentieth,junior_high,20番目,,junior_word_list,583
twenty,junior_high,20,,junior_word_list,584
twice,junior_high,2倍、2度,,junior_word_list,1206;1931;1933
two,junior_high,2,,junior_word_list,585
umbrella,junior_high,傘,,junior_word_list,586;1906
uncle,junior_high,おじ,,junior_word_list,612;1207
uncomfortable,junior_high,心地の悪い,心地の悪い,junior_word_list;high_word_list,1821;2035;2375
under,junior_high,下の,,junior_word_list,587
understand,junior_high,を理解する,,junior_word_list,588;647
understood,junior_high,を理解した,,junior_word_list,1208
unfair,junior_high,不公平な，不当な,,junior_word_list,1822
unhappy,junior_high,不幸な,,junior_word_list,1823
uniform,junior_high,制服,,junior_word_list,1824
unique,junior_high,独特な,他に類のない,junior_word_list;high_word_list,1209;1188;1691
universe,junior_high,宇宙,宇宙,junior_word_list;high_word_list,1825;453
university,junior_high,大学,大学,junior_word_list;high_word_list,1210;229
until,junior_high,まで，までは,,junior_word_list,1826
unused,junior_high,未使用の,,junior_word_list,1827
up,junior_high,上へ,,junior_word_list,589
up until,junior_high,まで,,junior_word_list,1828
use,junior_high,使う,,junior_word_list,592;1829
useful,junior_high,役に立つ,役に立つ,junior_word_list;high_word_list,665;128
usual,junior_high,通常の,,junior_word_list,1211
usually,junior_high,普段、ふつう,,junior_word_list,598
vacation,junior_high,休暇,,junior_word_list,682
valley,junior_high,谷,,junior_word_list,1830
various,junior_high,いろいろな,様々な,junior_word_list;high_word_list,1212;493
vegetable,junior_high,野菜,,junior_word_list,680
very,junior_high,非常に,,junior_word_list,594
village,junior_high,町、村,,junior_word_list,616
violence,junior_high,暴力,暴力,junior_word_list;high_word_list,1612;1831;635
visitor,junior_high,観光客,,junior_word_list,1832
wait,junior_high,待つ,,junior_word_list,602
wake,junior_high,目が覚める,,junior_word_list,1213
wake up,junior_high,目を覚ます,,junior_word_list,1214
want,junior_high,欲しい,,junior_word_list,593
war,junior_high,戦争,戦争,junior_word_list;high_word_list,1215;1833;245
warm,junior_high,温暖な,,junior_word_list,608;1216
waste,junior_high,ごみ，廃棄物,浪費する,junior_word_list;high_word_list,1834;110
watch,junior_high,腕時計,,junior_word_list,1217
water,junior_high,水,,junior_word_list,694
wave,junior_high,波,,junior_word_list,1218;1888
way,junior_high,方法,,junior_word_list,1219
weak,junior_high,弱い,,junior_word_list,1220;1835
weapon,junior_high,武器,,junior_word_list,1836
wear,junior_high,着る,身につけている,junior_word_list;high_word_list,1221;1837;265
weather,junior_high,天気,気候,junior_word_list;high_word_list,1881;405
weekly,junior_high,週刊の,,junior_word_list,1838
weigh,junior_high,重さがある,重さがある,junior_word_list;high_word_list,1222;2036;2376
weight,junior_high,重さ,重さ,junior_word_list;high_word_list,1223;293
well,junior_high,健康な,,junior_word_list,637
well-known,junior_high,有名な,よく知られた,junior_word_list;high_word_list,1839;1191;1694
well-off,junior_high,裕福な,,junior_word_list,1225
west,junior_high,西,,junior_word_list,603;1226
wet,junior_high,濡れている,,junior_word_list,1840
what to,junior_high,何をすべきか,,junior_word_list,1841
when,junior_high,するとき,,junior_word_list,1227;1862
where,junior_high,どこ,,junior_word_list,599
which,junior_high,どちらの,,junior_word_list,1228
while,junior_high,しばらくの間,一方で,junior_word_list;high_word_list,1842;478
whole,junior_high,すべての,全ての,junior_word_list;high_word_list,1843;242
wide,junior_high,幅が広い,,junior_word_list,1229;1844
wife,junior_high,妻,,junior_word_list,1230
wild,junior_high,野生の,,junior_word_list,1231
will,junior_high,～するつもり,,junior_word_list,1232
wind,junior_high,風,,junior_word_list,1233;1845
wind power,junior_high,風力,,junior_word_list,1846
winner,junior_high,勝者，受賞者,,junior_word_list,1847
wisdom,junior_high,知恵,知恵,junior_word_list;high_word_list,1234;636
wish,junior_high,望む,,junior_word_list,1235;1848
with,junior_high,～と一緒に,,junior_word_list,1236
with a smile,junior_high,笑って,,junior_word_list,1170
woke,junior_high,目が覚めた,,junior_word_list,1237
won,junior_high,勝った,,junior_word_list,1849
wonder,junior_high,～かなと思う,かなと思う,junior_word_list;high_word_list,1238;1239;1897;499
wood,junior_high,木材,,junior_word_list,1240
word,junior_high,言葉,,junior_word_list,649
work,junior_high,仕事,,junior_word_list,590;1241
work out,junior_high,運動する,,junior_word_list,1072
world,junior_high,世界,,junior_word_list,1242
worry,junior_high,心配させる,心配させる,junior_word_list;high_word_list,688;271
worth,junior_high,の価値がある,価値ある,junior_word_list;high_word_list,1850;447
would,junior_high,だろうに,,junior_word_list,1851
would like to ～,junior_high,に～してほしい,,junior_word_list,1852
wrap,junior_high,を包む,,junior_word_list,1853
writer,junior_high,作家,,junior_word_list,1243
wrong,junior_high,間違った,間違い,junior_word_list;high_word_list,1854;419
wrote,junior_high,書いた,,junior_word_list,1244
year,junior_high,年,,junior_word_list,1855
yen,junior_high,円,,junior_word_list,1856
yesterday,junior_high,昨日,,junior_word_list,597
yet,junior_high,まだ,,junior_word_list,607;1857;1858
young,junior_high,若い,,junior_word_list,1245
youth,junior_high,若さ,,junior_word_list,1859
zone,junior_high,地帯,,junior_word_list,1860
zoo,junior_high,動物園,,junior_word_list,1874
abandon,high_school,,捨て去る,high_word_list,952;1455
ability,high_school,,能力,high_word_list,179
abortion,high_school,,中絶,high_word_list,17
absence,high_school,,不在,high_word_list,1744;2084
absolute,high_school,,絶対的な,high_word_list,1977;2317
absolutely,high_school,,絶対に,high_word_list,865;1368
absorb,high_school,,吸収する,high_word_list,953;1456
abstract,high_school,,抽象的な,high_word_list,1971;2311
academic,high_school,,学術の,high_word_list,98
accompany,high_school,,付き添う,high_word_list,954;1457
accomplish,high_school,,成し遂げる,high_word_list,1107;1610
according,high_school,,による,high_word_list,105
account,high_school,,口座,high_word_list,504
accurate,high_school,,正確な,high_word_list,813;1316
accuse,high_school,,非難,high_word_list,637
accustomed,high_school,,慣れている,high_word_list,2043;2383
achieve,high_school,,達成する,high_word_list,225
achievement,high_school,,達成,high_word_list,226
acknowledge,high_school,,認める,high_word_list,1882;2222
acquaintance,high_school,,知人,high_word_list,1847;2187
activist,high_school,,行動主義者,high_word_list,350
actual,high_school,,現実の,high_word_list,814;1317
ad,high_school,,広告,high_word_list,33
adapt,high_school,,適合,high_word_list,638
addition,high_school,,追加,high_word_list,505
adequate,high_school,,十分な,high_word_list,1906;2246
adjust,high_school,,調節する,high_word_list,1969;2309
administration,high_school,,機関,high_word_list,407
admire,high_school,,賞賛する,high_word_list,955;1458
admission,high_school,,入場,high_word_list,702
admit,high_school,,認める,high_word_list,790;1293
adopt,high_school,,自分のものにする,high_word_list,1214;1717
advantage,high_school,,有利,high_word_list,123
advertise,high_school,,宣伝,high_word_list,639
advertising,high_school,,広告,high_word_list,734;1237
advocate,high_school,,提唱する,high_word_list,1076;1579
affair,high_school,,事柄,high_word_list,508
affection,high_school,,愛情，好意,high_word_list,1842;2182
afford,high_school,,余裕がある,high_word_list,1108;1611
agenda,high_school,,議題,high_word_list,738;1241
agent,high_school,,代理人,high_word_list,767;1270
aggression,high_school,,攻撃性,high_word_list,1914;2254
aggressive,high_school,,攻撃的な,high_word_list,1997;2337
agreement,high_school,,同意,high_word_list,509
agriculture,high_school,,農業,high_word_list,510
aid,high_school,,援助,high_word_list,451
aim,high_school,,ねらいをつける,high_word_list,1204;1707
aircraft,high_school,,航空機,high_word_list,926;1429
airline,high_school,,航空会社,high_word_list,1086;1589
alike,high_school,,よく似た,high_word_list,1024;1527
alliance,high_school,,同盟,high_word_list,685
allow,high_school,,許可する,high_word_list,400
ally,high_school,,同盟する,high_word_list,1064;1567
aloud,high_school,,声に出して,high_word_list,2034;2374
alter,high_school,,変える,high_word_list,791;1294
alternative,high_school,,代替物,high_word_list,768;1271
altogether,high_school,,完全に,high_word_list,1934;2274
ambition,high_school,,野望,high_word_list,1844;2184
amendment,high_school,,修正,high_word_list,679
amuse,high_school,,楽しませる,high_word_list,2044;2384
analysis,high_school,,分析,high_word_list,148
analyst,high_school,,分析者,high_word_list,68
analyze,high_school,,分析する,high_word_list,1964;2304
ancestor,high_school,,祖先,high_word_list,511
anger,high_school,,怒り,high_word_list,512
anniversary,high_school,,～周年,high_word_list,943;1446
annoy,high_school,,いらだたせる,high_word_list,1168;1671
annual,high_school,,毎年の,high_word_list,1868;2208
anxiety,high_school,,心配,high_word_list,513
anxious,high_school,,心配して,high_word_list,1025;1528
apart,high_school,,離れて,high_word_list,866;1369
apparent,high_school,,外見上の,high_word_list,2007;2347
apparently,high_school,,一見すると,high_word_list,133
appeal,high_school,,訴える,high_word_list,792;1295
appearance,high_school,,出現,high_word_list,514
appetite,high_school,,食欲,high_word_list,1781;2121
application,high_school,,適用,high_word_list,1836;2176
appoint,high_school,,任命する,high_word_list,1060;1563
appointment,high_school,,約束,high_word_list,1732;2072
appreciate,high_school,,感謝する,high_word_list,423
approach,high_school,,近づく,high_word_list,390
appropriate,high_school,,適当な,high_word_list,815;1318
approval,high_school,,承認,high_word_list,751;1254
argue,high_school,,論じる,high_word_list,62
argument,high_school,,議論,high_word_list,496
arise,high_school,,起こる,high_word_list,793;1296
armed,high_school,,武装した,high_word_list,1066;1569
arms,high_school,,武器,high_word_list,153
arrival,high_school,,到着,high_word_list,190
artificial,high_school,,人工的な,high_word_list,1982;2322
asleep,high_school,,眠っている,high_word_list,1129;1632
aspect,high_school,,局面,high_word_list,393
assault,high_school,,暴行,high_word_list,670
assembly,high_school,,集合,high_word_list,1793;2133
assess,high_school,,評価する,high_word_list,158
assessment,high_school,,評価,high_word_list,159
asset,high_school,,資産,high_word_list,661
assist,high_school,,手伝う,high_word_list,932;1435
assistance,high_school,,支援,high_word_list,730;1233
associate,high_school,,結びつけて考える,high_word_list,1215;1718
association,high_school,,協会,high_word_list,516
assumption,high_school,,想定,high_word_list,515
assure,high_school,,保証する,high_word_list,2014;2354
astonish,high_school,,驚かせる,high_word_list,2023;2363
atlantic,high_school,,大西洋の,high_word_list,1973;2313
atmosphere,high_school,,雰囲気,high_word_list,147
atomic,high_school,,原子の,high_word_list,1920;2260
attach,high_school,,貼り付ける,high_word_list,1109;1612
attempt,high_school,,試み,high_word_list,326
attitude,high_school,,態度,high_word_list,231
attorney,high_school,,弁護士,high_word_list,141
attract,high_school,,引きつける,high_word_list,1110;1613
attractive,high_school,,魅力的な,high_word_list,1026;1529
attribute,high_school,,に帰する,high_word_list,1081;1584
author,high_school,,著者,high_word_list,517
authority,high_school,,権威,high_word_list,518
automobile,high_school,,自動車,high_word_list,769;1272
available,high_school,,利用できる,high_word_list,118
avoid,high_school,,避ける,high_word_list,167
award,high_school,,賞,high_word_list,281
aware,high_school,,気づいている,high_word_list,406
awareness,high_school,,気づき,high_word_list,903;1406
awful,high_school,,ひどい,high_word_list,1943;2283
background,high_school,,背景,high_word_list,519
bang,high_school,,ドンドン叩く,high_word_list,2061;2401
bare,high_school,,裸の,high_word_list,698
barely,high_school,,かろうじて,high_word_list,2050;2390
basis,high_school,,土台,high_word_list,196
beg,high_school,,懇願する,high_word_list,2019;2359
behalf,high_school,,代わって,high_word_list,1974;2314
behave,high_school,,振る舞う,high_word_list,957;1460
belief,high_school,,信念,high_word_list,273
bend,high_school,,曲げる,high_word_list,1925;2265
beneath,high_school,,下に,high_word_list,1834;2174
benefit,high_school,,利益,high_word_list,119
bet,high_school,,賭ける,high_word_list,81
bind,high_school,,縛りつける,high_word_list,1111;1614
biological,high_school,,生物学上の,high_word_list,1130;1633
bishop,high_school,,司教,high_word_list,701
bite,high_school,,噛む,high_word_list,44
bitter,high_school,,苦い,high_word_list,717
blast,high_school,,爆風,high_word_list,1750;2090
blink,high_school,,瞬きをする,high_word_list,2047;2387
block,high_school,,妨げる,high_word_list,794;1297
bloody,high_school,,血の,high_word_list,37
bond,high_school,,拘束,high_word_list,354
boundary,high_school,,境界,high_word_list,727;1230
bow,high_school,,お辞儀する,high_word_list,2051;2391
breast,high_school,,胸部,high_word_list,40
breath,high_school,,息,high_word_list,236
breathe,high_school,,呼吸をする,high_word_list,1112;1615
brick,high_school,,れんが,high_word_list,913;1416
brief,high_school,,短い,high_word_list,651
briefly,high_school,,簡単に,high_word_list,935;1438
broad,high_school,,広い,high_word_list,34
broadcast,high_school,,放送する,high_word_list,1961;2301
bullet,high_school,,弾丸,high_word_list,726;1229
burst,high_school,,破裂する,high_word_list,1967;2307
bury,high_school,,埋める,high_word_list,1869;2209
buyer,high_school,,買い手,high_word_list,887;1390
calculate,high_school,,計算する,high_word_list,1088;1591
candidate,high_school,,候補者,high_word_list,1915;2255
capable,high_school,,可能性がある,high_word_list,1176;1679
carbon,high_school,,炭素,high_word_list,222
cash,high_school,,現金,high_word_list,1813;2153
cast,high_school,,投げる,high_word_list,79
cause,high_school,,原因,high_word_list,374
cave,high_school,,ほら穴,high_word_list,1942;2282
cease,high_school,,やめる,high_word_list,1941;2281
ceiling,high_school,,天井,high_word_list,754;1257
cell,high_school,,細胞,high_word_list,1803;2143
chairman,high_school,,会長,high_word_list,439
chamber,high_school,,小部屋,high_word_list,894;1397
chapter,high_school,,章,high_word_list,285
characteristic,high_school,,特徴,high_word_list,521
charm,high_school,,魅力,high_word_list,1735;2075
chest,high_school,,たんす,high_word_list,482
circuit,high_school,,回路,high_word_list,1831;2171
circumstance,high_school,,状況,high_word_list,523
civil,high_school,,市民の,high_word_list,1948;2288
civilian,high_school,,民間人,high_word_list,897;1400
civilization,high_school,,文明,high_word_list,143
civilized,high_school,,発達した文明をもつ,high_word_list,1222;1725
classical,high_school,,古典の,high_word_list,1918;2258
client,high_school,,顧客,high_word_list,363
cling,high_school,,くっつく,high_word_list,2020;2360
clip,high_school,,切る,high_word_list,1773;2113
closely,high_school,,綿密に,high_word_list,867;1370
clothing,high_school,,衣料品,high_word_list,940;1443
clue,high_school,,手がかり,high_word_list,1070;1573
coalition,high_school,,連立,high_word_list,700
coast,high_school,,海岸,high_word_list,434
colleague,high_school,,同僚,high_word_list,1757;2097
combat,high_school,,戦闘,high_word_list,719
combine,high_school,,結合させる,high_word_list,1113;1616
comfort,high_school,,快適さ,high_word_list,922;1425
comfortable,high_school,,心地の良い,high_word_list,1131;1634
commander,high_school,,司令官,high_word_list,906;1409
commercial,high_school,,商業の,high_word_list,85
commission,high_school,,手数料,high_word_list,305
commissioner,high_school,,委員,high_word_list,1840;2180
commit,high_school,,罪を犯す,high_word_list,1992;2332
commitment,high_school,,約束,high_word_list,468
committee,high_school,,委員会,high_word_list,1940;2280
communist,high_school,,共産主義者,high_word_list,2041;2381
community,high_school,,共同社会,high_word_list,395
companion,high_school,,仲間,high_word_list,1727;2067
comparison,high_school,,比較,high_word_list,1746;2086
compete,high_school,,競争する,high_word_list,958;1461
competition,high_school,,競争,high_word_list,396
competitive,high_school,,競争力のある,high_word_list,1199;1702
complain,high_school,,不満を言う,high_word_list,1114;1617
complete,high_school,,完全な,high_word_list,425
completely,high_school,,完全に,high_word_list,424
complex,high_school,,複雑な,high_word_list,151
complexity,high_school,,複雑さ,high_word_list,1877;2217
complicated,high_school,,複雑な,high_word_list,817;1320
component,high_school,,成分,high_word_list,23
compose,high_school,,構成する,high_word_list,959;1462
composition,high_school,,構成,high_word_list,1809;2149
compound,high_school,,調合する,high_word_list,1100;1603
comprehensive,high_school,,包括的な,high_word_list,1091;1594
compromise,high_school,,妥協,high_word_list,695
concentrate,high_school,,集中する,high_word_list,960;1463
concentration,high_school,,集中,high_word_list,9
concept,high_school,,概念,high_word_list,432
concern,high_school,,懸案する,high_word_list,378
conclude,high_school,,締めくくる,high_word_list,1115;1618
conclusion,high_school,,結論,high_word_list,526
concrete,high_school,,具体的な,high_word_list,1094;1597
conduct,high_school,,行為,high_word_list,528
confidence,high_school,,自信,high_word_list,530
confident,high_school,,自信のある,high_word_list,1165;1668
confine,high_school,,制限する,high_word_list,2017;2357
confirm,high_school,,確認する,high_word_list,2006;2346
conflict,high_school,,対立,high_word_list,531
confront,high_school,,直面させる,high_word_list,2033;2373
confuse,high_school,,混乱させる,high_word_list,1116;1619
confusion,high_school,,混乱,high_word_list,1804;2144
congress,high_school,,会議,high_word_list,440
conscious,high_school,,意識して,high_word_list,1028;1531
consequence,high_school,,結果,high_word_list,532
consequently,high_school,,その結果,high_word_list,2016;2356
conservation,high_school,,保全,high_word_list,1738;2078
consider,high_school,,考慮する,high_word_list,480;485
considerable,high_school,,かなりの,high_word_list,962;1465
consideration,high_school,,考慮,high_word_list,32
consist,high_school,,成り立つ,high_word_list,963;1466
consistent,high_school,,一貫した,high_word_list,1077;1580
constant,high_school,,絶え間ない,high_word_list,1132;1635
constantly,high_school,,常に,high_word_list,658
constitute,high_school,,構成する,high_word_list,1995;2335
constitution,high_school,,憲法,high_word_list,1815;2155
construct,high_school,,組み立てる,high_word_list,1117;1620
construction,high_school,,建設,high_word_list,1816;2156
consumption,high_school,,消費,high_word_list,533
contain,high_school,,含有する,high_word_list,414
contemporary,high_school,,現在の,high_word_list,818;1321
context,high_school,,文脈,high_word_list,144
continent,high_school,,大陸,high_word_list,534
contract,high_school,,契約,high_word_list,1818;2158
contrary,high_school,,反対の,high_word_list,819;1322
contrast,high_school,,対照,high_word_list,535
contribute,high_school,,寄付する,high_word_list,964;1467
contribution,high_school,,寄付,high_word_list,536
controversial,high_school,,議論のある,high_word_list,1166;1669
conventional,high_school,,従来の,high_word_list,891;1394
conversation,high_school,,会話,high_word_list,537
convert,high_school,,変える,high_word_list,1875;2215
convey,high_school,,伝える,high_word_list,797;1300
conviction,high_school,,信念,high_word_list,707
convince,high_school,,納得させる,high_word_list,1118;1621
cooperation,high_school,,協力,high_word_list,538
cop,high_school,,警官,high_word_list,696
cope,high_school,,対処する,high_word_list,965;1468
correct,high_school,,正解,high_word_list,252
correspondent,high_school,,特派員,high_word_list,880;1383
corridor,high_school,,廊下,high_word_list,708
council,high_school,,議会,high_word_list,401
counter,high_school,,相対する,high_word_list,1071;1574
county,high_school,,州,high_word_list,297
court,high_school,,裁判所,high_word_list,342
crack,high_school,,裂け目,high_word_list,64
craft,high_school,,工芸,high_word_list,745;1248
creation,high_school,,創造,high_word_list,539
creature,high_school,,生き物,high_word_list,886;1389
credit,high_school,,信用,high_word_list,272
crew,high_school,,乗組員,high_word_list,1903;2243
crime,high_school,,犯罪,high_word_list,540
criminal,high_school,,犯罪の,high_word_list,71
crisis,high_school,,危機,high_word_list,541
critic,high_school,,批評家,high_word_list,1880;2220
critical,high_school,,極めて重要な,high_word_list,1177;1680
criticism,high_school,,批判,high_word_list,542
criticize,high_school,,批判する,high_word_list,966;1469
crop,high_school,,収穫物,high_word_list,770;1273
crown,high_school,,王冠,high_word_list,1835;2175
crucial,high_school,,重要な,high_word_list,923;1426
cruise,high_school,,巡航する,high_word_list,1985;2325
cultivate,high_school,,耕作する,high_word_list,1994;2334
cure,high_school,,治療する,high_word_list,1990;2330
curiosity,high_school,,好奇心,high_word_list,771;1274
current,high_school,,現在の,high_word_list,820;1323
curve,high_school,,曲線,high_word_list,697
dare,high_school,,思い切ってする,high_word_list,2065;2405
deal,high_school,,取引する,high_word_list,307
dealer,high_school,,販売業者,high_word_list,1058;1561
debt,high_school,,借金,high_word_list,545
decade,high_school,,10年間,high_word_list,944;1447
declare,high_school,,宣言する,high_word_list,967;1470
decline,high_school,,断る,high_word_list,220
defeat,high_school,,負かす,high_word_list,798;1301
defendant,high_school,,被告人,high_word_list,70
deficit,high_school,,赤字,high_word_list,681
definite,high_school,,明確な,high_word_list,1867;2207
definition,high_school,,定義,high_word_list,546
degree,high_school,,程度,high_word_list,201
delay,high_school,,遅らせる,high_word_list,1972;2312
deliberately,high_school,,故意に,high_word_list,1917;2257
delicate,high_school,,繊細な,high_word_list,1946;2286
delight,high_school,,喜び,high_word_list,547
demand,high_school,,要求,high_word_list,120
democracy,high_school,,民主主義,high_word_list,945;1448
democrat,high_school,,民主主義者,high_word_list,135
democratic,high_school,,民主主義の,high_word_list,2028;2368
demonstrate,high_school,,実証する,high_word_list,313
deny,high_school,,否定する,high_word_list,969;1472
department,high_school,,部門,high_word_list,152
dependent,high_school,,依存している,high_word_list,1179;1682
depending,high_school,,依存する,high_word_list,1104;1607
deposit,high_school,,お金を預ける,high_word_list,2063;2403
depress,high_school,,落胆させる,high_word_list,2026;2366
depression,high_school,,落ち込み,high_word_list,1080;1583
depth,high_school,,深さ,high_word_list,729;1232
deputy,high_school,,代理,high_word_list,676
derive,high_school,,引き出す,high_word_list,970;1473
describe,high_school,,述べる,high_word_list,479
description,high_school,,説明,high_word_list,1772;2112
deserve,high_school,,値する,high_word_list,882;1385
desirable,high_school,,望ましい,high_word_list,1960;2300
desire,high_school,,願望,high_word_list,413
desperate,high_school,,やけくその,high_word_list,1156;1659
despite,high_school,,もかかわらず,high_word_list,1194;1697
destruction,high_school,,破壊,high_word_list,549
detail,high_school,,詳細,high_word_list,282
detailed,high_school,,詳細の,high_word_list,930;1433
detect,high_school,,検出する,high_word_list,1089;1592
determine,high_school,,決める,high_word_list,382
devise,high_school,,考え出す,high_word_list,1993;2333
dialect,high_school,,方言,high_word_list,1737;2077
diet,high_school,,食事,high_word_list,551
dig,high_school,,掘る,high_word_list,38
dignity,high_school,,威厳,high_word_list,1839;2179
diminish,high_school,,減らす,high_word_list,1814;2154
direction,high_school,,方向,high_word_list,140
disadvantage,high_school,,不利,high_word_list,1743;2083
disappoint,high_school,,がっかりさせる,high_word_list,1205;1708
discipline,high_school,,しつけ,high_word_list,772;1275
discovery,high_school,,発見,high_word_list,177
dismiss,high_school,,退出させる,high_word_list,1163;1666
disorder,high_school,,無秩序,high_word_list,892;1395
display,high_school,,展示する,high_word_list,971;1474
dispute,high_school,,争議,high_word_list,1769;2109
distance,high_school,,距離,high_word_list,399
distant,high_school,,遠く離れた,high_word_list,1134;1637
distinct,high_school,,他と違った,high_word_list,2049;2389
distinction,high_school,,区別,high_word_list,554
distinguish,high_school,,区別する,high_word_list,972;1475
distribution,high_school,,分布,high_word_list,5
district,high_school,,地域,high_word_list,555
disturb,high_school,,平穏を妨げる,high_word_list,1169;1672
divide,high_school,,分割する,high_word_list,973;1476
division,high_school,,分割,high_word_list,1741;2081
divorce,high_school,,離婚,high_word_list,1729;2069
dominate,high_school,,支配する,high_word_list,1991;2331
doubt,high_school,,疑い,high_word_list,402
dozen,high_school,,12の,high_word_list,503
drain,high_school,,排出させる,high_word_list,1154;1657
dramatic,high_school,,劇的な,high_word_list,822;1325
drift,high_school,,漂流,high_word_list,693
drug,high_school,,麻薬,high_word_list,556
due,high_school,,期限の,high_word_list,351
dull,high_school,,面白みのない,high_word_list,1180;1683
dump,high_school,,投げ捨てる,high_word_list,1158;1661
dust,high_school,,ほこり,high_word_list,881;1384
duty,high_school,,職務,high_word_list,275
dwell,high_school,,住む,high_word_list,1792;2132
eager,high_school,,強く望んでいる,high_word_list,1209;1712
earnings,high_school,,収益,high_word_list,715
ease,high_school,,容易さ,high_word_list,122
echo,high_school,,こだま,high_word_list,924;1427
economic,high_school,,経済の,high_word_list,90
economics,high_school,,経済学,high_word_list,1923;2263
economy,high_school,,経済,high_word_list,385
edge,high_school,,端,high_word_list,221
editor,high_school,,編集者,high_word_list,1874;2214
educate,high_school,,教育する,high_word_list,974;1477
education,high_school,,教育,high_word_list,394
educational,high_school,,教育の,high_word_list,823;1326
effect,high_school,,効果,high_word_list,357
efficient,high_school,,効率,high_word_list,652
elaborate,high_school,,手の込んだ,high_word_list,2037;2377
elect,high_school,,選出する,high_word_list,1063;1566
election,high_school,,選挙,high_word_list,243
electric,high_school,,電気の,high_word_list,82
electrical,high_school,,電気の,high_word_list,1885;2225
element,high_school,,要素,high_word_list,557
elementary,high_school,,初級の,high_word_list,1905;2245
eliminate,high_school,,取り除く,high_word_list,1986;2326
embrace,high_school,,抱きしめる,high_word_list,1153;1656
emerge,high_school,,現れる,high_word_list,800;1303
emotional,high_school,,感情の,high_word_list,825;1328
emphasis,high_school,,強調,high_word_list,41
emphasize,high_school,,強調する,high_word_list,975;1478
empire,high_school,,帝国の,high_word_list,1886;2226
employ,high_school,,雇う,high_word_list,642
employer,high_school,,雇用者,high_word_list,364
empty,high_school,,何も入っていない,high_word_list,1218;1721
enable,high_school,,可能にさせる,high_word_list,1170;1673
encounter,high_school,,遭遇する,high_word_list,976;1479
endure,high_school,,耐える,high_word_list,1890;2230
enforcement,high_school,,執行,high_word_list,712
engaged,high_school,,従事している,high_word_list,1181;1684
enhance,high_school,,強調する,high_word_list,1083;1586
enormous,high_school,,非常に大きい,high_word_list,1182;1685
ensure,high_school,,確実にする,high_word_list,2045;2385
enterprise,high_school,,会社,high_word_list,1832;2172
entertain,high_school,,楽しませる,high_word_list,1119;1622
entertainment,high_school,,娯楽,high_word_list,558
enthusiasm,high_school,,情熱,high_word_list,1784;2124
entire,high_school,,全体の,high_word_list,826;1329
entirely,high_school,,完全に,high_word_list,868;1371
entitle,high_school,,題する,high_word_list,889;1392
environmental,high_school,,環境の,high_word_list,97
equipment,high_school,,装置,high_word_list,239
equivalent,high_school,,等しい,high_word_list,1883;2223
escape,high_school,,逃れる,high_word_list,77
essay,high_school,,論文,high_word_list,753;1256
essentially,high_school,,本質的に,high_word_list,1959;2299
establishment,high_school,,設立,high_word_list,747;1250
estate,high_school,,財産,high_word_list,339
estimate,high_school,,推定する,high_word_list,977;978;1480;1481
etc,high_school,,等々,high_word_list,699
ethnic,high_school,,民族の,high_word_list,67
evidence,high_school,,証拠,high_word_list,283
evident,high_school,,明らかな,high_word_list,1957;2297
evil,high_school,,邪悪な,high_word_list,827;1330
evolution,high_school,,進化,high_word_list,559
evolve,high_school,,進化する,high_word_list,1983;2323
exact,high_school,,正確な,high_word_list,1898;2238
exactly,high_school,,正確に,high_word_list,253
examination,high_school,,試験,high_word_list,325
examine,high_school,,検査する,high_word_list,979;1482
except,high_school,,除いて,high_word_list,290
excess,high_school,,過剰,high_word_list,1851;2191
excessive,high_school,,過度の,high_word_list,1936;2276
exclude,high_school,,除く,high_word_list,739;1242
executive,high_school,,幹部，重役,high_word_list,1828;2168
exhaust,high_school,,疲れ果てさせる,high_word_list,2064;2404
exhibit,high_school,,展示する,high_word_list,1966;2306
exist,high_school,,存在する,high_word_list,233
existence,high_school,,存在,high_word_list,21
existing,high_school,,既存の,high_word_list,96
expand,high_school,,拡大する,high_word_list,980;1483
expansion,high_school,,拡張,high_word_list,752;1255
expectation,high_school,,期待,high_word_list,42
expense,high_school,,費用,high_word_list,1745;2085
experiment,high_school,,実験,high_word_list,314
expert,high_school,,専門家,high_word_list,775;1278
explanation,high_school,,説明,high_word_list,560
explore,high_school,,探索,high_word_list,643
explosion,high_school,,爆発,high_word_list,1751;2091
export,high_school,,輸出する,high_word_list,981;1484
expose,high_school,,明らかにする,high_word_list,1171;1674
exposure,high_school,,暴露,high_word_list,680
express,high_school,,表現する,high_word_list,161
expression,high_school,,表現,high_word_list,162
extension,high_school,,拡張,high_word_list,748;1251
extensive,high_school,,広範な,high_word_list,939;1442
extent,high_school,,程度,high_word_list,561
extra,high_school,,余分の,high_word_list,828;1331
extraordinary,high_school,,普通でない,high_word_list,1135;1638
extreme,high_school,,極端な,high_word_list,829;1332
extremely,high_school,,極端に,high_word_list,392
fabric,high_school,,織物,high_word_list,688
factor,high_school,,要因,high_word_list,121
failure,high_school,,失敗,high_word_list,317
fair,high_school,,公平な,high_word_list,830;1333
fairly,high_school,,かなり,high_word_list,869;1372
faith,high_school,,信頼,high_word_list,562
false,high_school,,誤った,high_word_list,831;1334
fancy,high_school,,空想,high_word_list,1819;2159
fascinate,high_school,,魅了する,high_word_list,1958;2298
fate,high_school,,運命,high_word_list,563
fault,high_school,,欠点,high_word_list,564
favor,high_school,,親切な行為,high_word_list,1105;1608
fear,high_school,,恐れる,high_word_list,93
federal,high_school,,連邦の,high_word_list,63
fee,high_school,,料金,high_word_list,2
fellow,high_school,,仲間,high_word_list,210
female,high_school,,雌の，女性の,high_word_list,653
fiber,high_school,,繊維,high_word_list,703
finance,high_school,,財政,high_word_list,338
financial,high_school,,財政の,high_word_list,833;1336
firm,high_school,,しっかりした,high_word_list,1183;1686
firmly,high_school,,堅く,high_word_list,1817;2157
fix,high_school,,固定する,high_word_list,982;1485
flavor,high_school,,風味,high_word_list,761;1264
flee,high_school,,逃げる,high_word_list,908;1411
flood,high_school,,洪水,high_word_list,352
flow,high_school,,流れる,high_word_list,65
folk,high_school,,人々,high_word_list,260
force,high_school,,力,high_word_list,115
forever,high_school,,永遠に,high_word_list,870;1373
formal,high_school,,形式の,high_word_list,386
former,high_school,,前の,high_word_list,654
foundation,high_school,,基礎,high_word_list,1761;2101
founder,high_school,,創設者,high_word_list,918;1421
freeze,high_school,,凍る,high_word_list,14
frequent,high_school,,頻繁な,high_word_list,1878;2218
frequently,high_school,,頻繁に,high_word_list,156
frighten,high_school,,怖がらせる,high_word_list,1120;1172;1623;1675
fuel,high_school,,燃料,high_word_list,566
fully,high_school,,十分に,high_word_list,871;1374
fund,high_school,,資金,high_word_list,1801;2141
fundamental,high_school,,基本的な,high_word_list,1032;1535
funding,high_school,,資金調達,high_word_list,324
funeral,high_school,,葬式,high_word_list,1768;2108
fur,high_school,,毛皮,high_word_list,1733;2073
furniture,high_school,,家具,high_word_list,1833;2173
gain,high_school,,得る,high_word_list,12
gay,high_school,,同性愛の,high_word_list,1062;1565
gaze,high_school,,凝視する,high_word_list,2021;2361
gear,high_school,,伝動装置,high_word_list,1056;1559
gene,high_school,,遺伝子,high_word_list,1939;2279
generate,high_school,,発生させる,high_word_list,2032;2372
generous,high_school,,気前のよい,high_word_list,2042;2382
genius,high_school,,天才,high_word_list,567
genuine,high_school,,本物の,high_word_list,1870;2210
girlfriend,high_school,,女友達,high_word_list,919;1422
glance,high_school,,一目見る,high_word_list,456
global,high_school,,地球の,high_word_list,834;1337
globe,high_school,,地球,high_word_list,1767;2107
goal,high_school,,目標,high_word_list,568
govern,high_school,,統治する,high_word_list,983;1486
governor,high_school,,知事,high_word_list,216
gradually,high_school,,次第に,high_word_list,872;1375
grammar,high_school,,文法,high_word_list,569
grant,high_school,,給付金,high_word_list,776;1279
grasp,high_school,,つかむ,high_word_list,1945;2285
grave,high_school,,墓,high_word_list,1854;2194
greet,high_school,,あいさつをする,high_word_list,1207;1710
guarantee,high_school,,保証する,high_word_list,1962;2302
guilty,high_school,,有罪の,high_word_list,1866;2206
hang,high_school,,つるす,high_word_list,802;1305
hardly,high_school,,ほとんどない,high_word_list,471
harmful,high_school,,有害な,high_word_list,835;1338
harmony,high_school,,調和,high_word_list,1765;2105
harvest,high_school,,収穫,high_word_list,1794;2134
hate,high_school,,ひどく嫌う,high_word_list,1121;1624
headline,high_school,,見出し,high_word_list,376
headquarters,high_school,,本部,high_word_list,711
heel,high_school,,かかと,high_word_list,907;1410
height,high_school,,高さ,high_word_list,570
hell,high_school,,地獄,high_word_list,214
hesitate,high_school,,ためらう,high_word_list,986;1489
hide,high_school,,隠す,high_word_list,58
highlight,high_school,,目立たせる,high_word_list,1159;1662
hire,high_school,,雇う,high_word_list,644
historian,high_school,,歴史家,high_word_list,900;1403
historic,high_school,,由緒のある,high_word_list,1155;1658
historical,high_school,,歴史（上）の,high_word_list,1184;1687
honor,high_school,,名誉,high_word_list,1734;2074
household,high_school,,家族,high_word_list,571
huge,high_school,,巨大な,high_word_list,94
humanity,high_school,,人間,high_word_list,572
hunger,high_school,,飢え,high_word_list,1825;2165
ideal,high_school,,理想,high_word_list,573
identical,high_school,,同一の,high_word_list,1976;2316
identify,high_school,,見分ける,high_word_list,987;1490
identity,high_school,,同一性,high_word_list,186
ignore,high_school,,無視する,high_word_list,988;1491
illness,high_school,,病気,high_word_list,732;1235
imagination,high_school,,想像,high_word_list,574
imitate,high_school,,模倣する,high_word_list,1956;2296
immediate,high_school,,即座の,high_word_list,837;1340
immediately,high_school,,即座に,high_word_list,237
immigrant,high_school,,移民,high_word_list,575
immigration,high_school,,移住,high_word_list,1838;2178
impact,high_school,,影響,high_word_list,576
implement,high_school,,実施する,high_word_list,1074;1577
implication,high_school,,含み,high_word_list,43
imply,high_school,,ほのめかす,high_word_list,1122;1625
impose,high_school,,課する,high_word_list,1951;2291
impress,high_school,,感銘を与える,high_word_list,1173;1676
impression,high_school,,印象,high_word_list,577
impressive,high_school,,印象的な,high_word_list,455
improvement,high_school,,改善,high_word_list,436
impulse,high_school,,衝動,high_word_list,1786;2126
incident,high_school,,事件,high_word_list,1800;2140
inclined,high_school,,傾いた,high_word_list,1950;2290
income,high_school,,所得,high_word_list,578
incorporate,high_school,,合体させる,high_word_list,1164;1667
increasingly,high_school,,ますます,high_word_list,2013;2353
independent,high_school,,独立した,high_word_list,1034;1537
index,high_school,,索引,high_word_list,31
indicate,high_school,,指し示す,high_word_list,329
individual,high_school,,個人の,high_word_list,367
industrial,high_school,,産業の,high_word_list,335
industrialize,high_school,,産業化する,high_word_list,2040;2380
industry,high_school,,産業,high_word_list,336
inevitable,high_school,,避けられない,high_word_list,2054;2394
infant,high_school,,幼児,high_word_list,1730;2070
infection,high_school,,感染,high_word_list,682
inferior,high_school,,劣った,high_word_list,1862;2202
inflation,high_school,,膨張,high_word_list,691
inform,high_school,,知らせる,high_word_list,990;1493
ingredient,high_school,,材料,high_word_list,341
inhabitant,high_school,,居住者,high_word_list,1928;2268
initial,high_school,,当初の,high_word_list,1884;2224
initially,high_school,,最初に,high_word_list,933;1436
initiative,high_school,,主導権,high_word_list,309
injury,high_school,,怪我,high_word_list,1850;2190
innocent,high_school,,罪のない,high_word_list,1095;1598
inquiry,high_school,,問い合わせ,high_word_list,1161;1664
insect,high_school,,昆虫,high_word_list,1805;2145
insight,high_school,,洞察,high_word_list,1756;2096
inspector,high_school,,検査官,high_word_list,899;1402
inspire,high_school,,鼓舞する,high_word_list,2001;2341
install,high_school,,導入する,high_word_list,1065;1568
instant,high_school,,瞬時,high_word_list,1790;2130
instinct,high_school,,本能,high_word_list,1736;2076
institute,high_school,,制定する,high_word_list,1922;2262
institution,high_school,,制度,high_word_list,1776;2116
instrument,high_school,,道具,high_word_list,1755;2095
insurance,high_school,,保険,high_word_list,1739;2079
intellectual,high_school,,知的な,high_word_list,838;1341
intelligence,high_school,,知能,high_word_list,581
intelligent,high_school,,知能の高い,high_word_list,1137;1640
intend,high_school,,意図する,high_word_list,991;1494
intense,high_school,,激しい,high_word_list,89
intention,high_school,,意図,high_word_list,59
interfere,high_school,,干渉する,high_word_list,2005;2345
interior,high_school,,内部の,high_word_list,75
internal,high_school,,内部の,high_word_list,839;1342
interpret,high_school,,解釈する,high_word_list,992;1495
interpretation,high_school,,解釈,high_word_list,51
interrupt,high_school,,邪魔をする,high_word_list,2039;2379
intervention,high_school,,介在,high_word_list,53
intimate,high_school,,親密な,high_word_list,1901;2241
invest,high_school,,投資する,high_word_list,195
investigate,high_school,,調査する,high_word_list,1970;2310
investigation,high_school,,調査,high_word_list,207
investigator,high_school,,捜査官,high_word_list,912;1415
investment,high_school,,投資,high_word_list,1760;2100
investor,high_school,,投資家,high_word_list,194
invisible,high_school,,見えない,high_word_list,2002;2342
involve,high_school,,巻き込む,high_word_list,416
involvement,high_school,,関与,high_word_list,673
isolate,high_school,,孤立させる,high_word_list,1123;1626
issue,high_school,,問題,high_word_list,129
item,high_school,,項目,high_word_list,582
jail,high_school,,刑務所,high_word_list,879;1382
jewish,high_school,,ユダヤ人,high_word_list,467
joint,high_school,,継目,high_word_list,384
journal,high_school,,日誌,high_word_list,181
judgement,high_school,,判断,high_word_list,584
jury,high_school,,陪審員,high_word_list,72
killer,high_school,,殺人者,high_word_list,902;1405
lab,high_school,,研究室,high_word_list,909;1412
labor,high_school,,労働,high_word_list,111
laboratory,high_school,,実験室,high_word_list,778;1281
lack,high_school,,不足,high_word_list,155
landscape,high_school,,風景,high_word_list,585
lap,high_school,,ひざ,high_word_list,714
largely,high_school,,主として,high_word_list,1047;1550
latter,high_school,,後者の,high_word_list,840;1343
laughter,high_school,,笑い,high_word_list,586
lawn,high_school,,芝生,high_word_list,725;1228
lean,high_school,,傾く,high_word_list,108
leap,high_school,,飛び跳ねる，飛び回る,high_word_list,1059;1562;1764;2104
lecture,high_school,,講義,high_word_list,755;1258
legal,high_school,,法律の,high_word_list,1872;2212
legislation,high_school,,立法,high_word_list,4
leisure,high_school,,余暇,high_word_list,587
length,high_school,,長さ,high_word_list,206
liberty,high_school,,自由,high_word_list,1798;2138
likely,high_school,,起こりそうな,high_word_list,403
liquid,high_school,,液体の,high_word_list,1937;2277
literally,high_school,,文字通りに,high_word_list,2030;2370
literary,high_school,,文学の,high_word_list,841;1344
literature,high_school,,文学,high_word_list,145
load,high_school,,積む,high_word_list,1846;2186
log,high_school,,丸太,high_word_list,724;1227
logic,high_school,,論理,high_word_list,1726;2066
logical,high_school,,論理的な,high_word_list,1954;2294
lord,high_school,,領主,high_word_list,1843;2183
lover,high_school,,恋人,high_word_list,686
lung,high_school,,肺,high_word_list,1856;2196
luxury,high_school,,贅沢な,high_word_list,1947;2287
mad,high_school,,狂った,high_word_list,885;1388
mainly,high_school,,主に,high_word_list,28
maintain,high_school,,維持する,high_word_list,460
maintenance,high_school,,持続,high_word_list,749;1252
major,high_school,,主な,high_word_list,30
majority,high_school,,大多数,high_word_list,227
maker,high_school,,製造元,high_word_list,893;1396
male,high_school,,男性,high_word_list,219
mammal,high_school,,哺乳動物,high_word_list,1952;2292
manager,high_school,,部長,high_word_list,588
manner,high_school,,やり方,high_word_list,779;1282
manufacturer,high_school,,製造元,high_word_list,489
manufacturing,high_school,,製造している,high_word_list,1202;1705
mass,high_school,,塊,high_word_list,437
massive,high_school,,巨大な,high_word_list,1927;2267
master,high_school,,主人,high_word_list,589
mate,high_school,,友達,high_word_list,125
material,high_school,,材料,high_word_list,340
mature,high_school,,成熟した,high_word_list,1980;2320
maximum,high_school,,最大,high_word_list,731;1234
meal,high_school,,食事,high_word_list,274
means,high_school,,手段,high_word_list,1796;2136
meanwhile,high_school,,一方で,high_word_list,457
melt,high_school,,溶ける,high_word_list,1865;2205
mention,high_school,,言及する,high_word_list,481
mere,high_school,,単なる,high_word_list,934;1437
merely,high_school,,単に,high_word_list,224
mess,high_school,,混乱,high_word_list,735;1238
method,high_school,,方法,high_word_list,139
mexican,high_school,,メキシコの,high_word_list,1157;1660
military,high_school,,軍隊の,high_word_list,843;1346
mineral,high_school,,鉱物,high_word_list,1806;2146
minimum,high_school,,最小の,high_word_list,925;1428
minister,high_school,,大臣,high_word_list,228
ministry,high_school,,省庁,high_word_list,1787;2127
minority,high_school,,少数派,high_word_list,1904;2244
mixture,high_school,,混合,high_word_list,660
moral,high_school,,道徳の,high_word_list,76
mortgage,high_school,,抵当,high_word_list,678
mostly,high_school,,主に,high_word_list,29
motive,high_school,,動機,high_word_list,1758;2098
multiple,high_school,,掛け算する,high_word_list,427
murder,high_school,,殺人,high_word_list,593
muscle,high_school,,筋肉,high_word_list,39
muslim,high_school,,イスラム教徒,high_word_list,1196;1699
mutual,high_school,,相互の,high_word_list,1892;2232
mysterious,high_school,,不可解な,high_word_list,1035;1538
mystery,high_school,,神秘的な,high_word_list,1084;1587
myth,high_school,,神話,high_word_list,1778;2118
naked,high_school,,裸の,high_word_list,720;1223
narrow,high_school,,幅が狭い,high_word_list,1036;1539
nation,high_school,,国家,high_word_list,347
navy,high_school,,海軍,high_word_list,1830;2170
nearby,high_school,,近くの,high_word_list,844;1347
necessarily,high_school,,必然的に,high_word_list,1048;1551
necessity,high_school,,必要,high_word_list,594
neglect,high_school,,無視する,high_word_list,2012;2352
negotiate,high_school,,交渉する,high_word_list,1067;1570
negotiation,high_school,,交渉,high_word_list,733;1236
neighborhood,high_school,,近所,high_word_list,595
nerve,high_school,,神経,high_word_list,1779;2119
nervous,high_school,,あがっている,high_word_list,1185;1688
nevertheless,high_school,,にもかかわらず,high_word_list,1210;1713
newly,high_school,,新たに,high_word_list,910;1413
nod,high_school,,うなずく,high_word_list,2024;2364
nor,high_school,,もない,high_word_list,103
normally,high_school,,通常は,high_word_list,873;1376
notice,high_school,,気づく,high_word_list,803;1306
notion,high_school,,考え,high_word_list,596
nowhere,high_school,,どこにも,high_word_list,1068;1571
numerous,high_school,,多数の,high_word_list,1891;2231
object,high_school,,物体,high_word_list,150
objective,high_school,,目標,high_word_list,130
obligation,high_school,,義務,high_word_list,1822;2162
observation,high_school,,観察,high_word_list,597
observe,high_school,,観察する,high_word_list,421
observer,high_school,,観察者,high_word_list,904;1407
obtain,high_school,,手に入れる,high_word_list,1124;1627
obvious,high_school,,明白な,high_word_list,132
obviously,high_school,,明らかに,high_word_list,1049;1552
occasion,high_school,,特定の時,high_word_list,946;1449
occasionally,high_school,,時折,high_word_list,659
occupation,high_school,,職業,high_word_list,598
occupy,high_school,,占める,high_word_list,804;1307
occur,high_school,,発生する,high_word_list,175
odd,high_school,,変な,high_word_list,1740;2080
operate,high_school,,操作する,high_word_list,240
operating,high_school,,作動している,high_word_list,1200;1703
operator,high_school,,操作者,high_word_list,942;1445
opponent,high_school,,相手,high_word_list,674
opportunity,high_school,,機会,high_word_list,408
oppose,high_school,,反対する,high_word_list,994;1497
opposite,high_school,,反対の,high_word_list,846;1349
opposition,high_school,,反対,high_word_list,171
orbit,high_school,,軌道,high_word_list,1826;2166
organization,high_school,,組織,high_word_list,600
organize,high_school,,組織する,high_word_list,995;1498
origin,high_school,,起源,high_word_list,601
originate,high_school,,始まる,high_word_list,1944;2284
otherwise,high_school,,さもなければ,high_word_list,492
outcome,high_school,,結果,high_word_list,381
output,high_school,,生産量,high_word_list,1896;2236
overall,high_school,,全体的な,high_word_list,241
overcome,high_school,,克服する,high_word_list,996;1499
overwhelming,high_school,,圧倒的な,high_word_list,2011;2351
owe,high_school,,借りている,high_word_list,2038;2378
painful,high_school,,苦痛な,high_word_list,1924;2264
palm,high_school,,手のひら,high_word_list,306
pan,high_school,,フライパン,high_word_list,472
parallel,high_school,,平行の,high_word_list,1876;2216
parking,high_school,,駐車場,high_word_list,936;1439
parliament,high_school,,議会,high_word_list,1821;2161
participant,high_school,,参加者,high_word_list,1912;2252
participate,high_school,,参加する,high_word_list,997;1500
particular,high_school,,特定の,high_word_list,183
particularly,high_school,,特に,high_word_list,11
partly,high_school,,部分的に,high_word_list,1057;1560
partnership,high_school,,共同,high_word_list,683
party,high_school,,政党,high_word_list,256
passage,high_school,,一節,high_word_list,603
passenger,high_school,,乗客,high_word_list,604
passion,high_school,,熱望,high_word_list,1752;2092
passive,high_school,,受身の,high_word_list,1908;2248
patch,high_school,,あて布,high_word_list,898;1401
path,high_school,,小道,high_word_list,287
patience,high_school,,辛抱強さ,high_word_list,1984;2324
patient,high_school,,我慢強い,high_word_list,1037;1540
peak,high_school,,頂上,high_word_list,16
peculiar,high_school,,奇妙な,high_word_list,1932;2272
peer,high_school,,同僚,high_word_list,13
pension,high_school,,年金,high_word_list,672
perceive,high_school,,知覚する,high_word_list,998;1501
percentage,high_school,,割合,high_word_list,47
perception,high_school,,知覚,high_word_list,1848;2188
permanent,high_school,,永久の,high_word_list,1938;2278
permission,high_school,,許可,high_word_list,760;1263
permit,high_school,,許可する,high_word_list,999;1502
personality,high_school,,人格,high_word_list,605
personally,high_school,,個人的に,high_word_list,1092;1595
personnel,high_school,,人事,high_word_list,762;1265
perspective,high_school,,見解,high_word_list,1849;2189
persuade,high_school,,説得する,high_word_list,1000;1503
phase,high_school,,段階,high_word_list,18
phenomenon,high_school,,現象,high_word_list,606
philosopher,high_school,,哲学者,high_word_list,780;1283
philosophy,high_school,,哲学,high_word_list,607
physical,high_school,,身体の,high_word_list,264
physician,high_school,,医師,high_word_list,710
physics,high_school,,物理学,high_word_list,781;1284
pile,high_school,,積み重ね,high_word_list,1979;2319
pioneer,high_school,,開拓者,high_word_list,1935;2275
pit,high_school,,くぼみ,high_word_list,901;1404
pitch,high_school,,投げる,high_word_list,80
plain,high_school,,簡素な,high_word_list,1933;2273
pleasant,high_school,,楽しい,high_word_list,847;1350
plenty,high_school,,たくさん,high_word_list,947;1450
plot,high_school,,話の筋,high_word_list,888;1391
policy,high_school,,政策,high_word_list,258
polite,high_school,,礼儀正しい,high_word_list,1138;1641
political,high_school,,政治の,high_word_list,257
politician,high_school,,政治家,high_word_list,782;1285
politics,high_school,,政治,high_word_list,608
poll,high_school,,投票,high_word_list,193
popularity,high_school,,人気,high_word_list,609
population,high_school,,人口,high_word_list,261
portion,high_school,,部分,high_word_list,1742;2082
portrait,high_school,,肖像画,high_word_list,896;1399
pose,high_school,,姿勢,high_word_list,664
possess,high_school,,所有する,high_word_list,1001;1504
possession,high_school,,所有,high_word_list,1789;2129
possibility,high_school,,可能性,high_word_list,445
possibly,high_school,,ひょっとすると,high_word_list,1211;1714
potential,high_school,,潜在的な,high_word_list,1038;1541
potentially,high_school,,潜在的な,high_word_list,1097;1600
pour,high_school,,注ぐ,high_word_list,1766;2106
poverty,high_school,,貧困,high_word_list,743;1246
practical,high_school,,実用的な,high_word_list,312
practically,high_school,,実質的に,high_word_list,1989;2329
praise,high_school,,ほめる,high_word_list,805;1308
pray,high_school,,祈る,high_word_list,1827;2167
prayer,high_school,,祈り,high_word_list,690
precise,high_school,,正確な,high_word_list,1899;2239
precisely,high_school,,正確に,high_word_list,1897;2237
predict,high_school,,予想する,high_word_list,1002;1505
prefer,high_school,,より好む,high_word_list,466
preference,high_school,,好み,high_word_list,1810;2150
pregnant,high_school,,妊娠した,high_word_list,1069;1572
prejudice,high_school,,先入観,high_word_list,1894;2234
preparation,high_school,,準備,high_word_list,736;1239
presence,high_school,,存在,high_word_list,610
present,high_school,,現在の,high_word_list,292
press,high_school,,押す,high_word_list,56
pretend,high_school,,ふりをする,high_word_list,1125;1628
prevent,high_school,,妨げる,high_word_list,137
previous,high_school,,前の,high_word_list,656
previously,high_school,,以前は,high_word_list,102
primarily,high_school,,主として,high_word_list,1987;2327
primary,high_school,,最初の,high_word_list,848;1351
prime,high_school,,主要な,high_word_list,1909;2249
primitive,high_school,,原始的な,high_word_list,1039;1542
principal,high_school,,第一の,high_word_list,1889;2229
principle,high_school,,原理,high_word_list,373
prior,high_school,,優先の,high_word_list,126
priority,high_school,,優先度,high_word_list,66
prison,high_school,,刑務所,high_word_list,387
prisoner,high_school,,囚人,high_word_list,25
privilege,high_school,,特権,high_word_list,1754;2094
procedure,high_school,,手続き,high_word_list,304
proceed,high_school,,進む,high_word_list,1777;2117
production,high_school,,生産,high_word_list,251
profession,high_school,,職業,high_word_list,1782;2122
profit,high_school,,利益,high_word_list,611
profound,high_school,,深い,high_word_list,1780;2120
progression,high_school,,進行,high_word_list,112
promote,high_school,,促進する,high_word_list,1003;1506
promotion,high_school,,昇進,high_word_list,759;1262
prompt,high_school,,即座の,high_word_list,937;1440
pronunciation,high_school,,発音,high_word_list,1749;2089
proof,high_school,,証拠,high_word_list,612
proper,high_school,,適切な,high_word_list,849;1352
properly,high_school,,適切に,high_word_list,874;1377
property,high_school,,財産,high_word_list,613
proportion,high_school,,比率,high_word_list,614
proposal,high_school,,提案,high_word_list,203
propose,high_school,,提案する,high_word_list,1004;1507
proposed,high_school,,提案した,high_word_list,1096;1599
prosecution,high_school,,起訴,high_word_list,709
prosecutor,high_school,,検察官,high_word_list,911;1414
prospect,high_school,,見通し,high_word_list,1921;2261
protein,high_school,,タンパク質,high_word_list,1151;1654
proud,high_school,,自慢に思って,high_word_list,1186;1689
proverb,high_school,,ことわざ,high_word_list,948;1451
province,high_school,,州,high_word_list,296
provision,high_school,,供給,high_word_list,398
psychological,high_school,,心理的な,high_word_list,269
psychologist,high_school,,心理学者,high_word_list,949;1452
public,high_school,,公共の,high_word_list,358
publication,high_school,,出版物,high_word_list,928;1431
punish,high_school,,罰する,high_word_list,806;1309
pupil,high_school,,生徒,high_word_list,1774;2114
purchase,high_school,,購入する,high_word_list,1005;1508
pure,high_school,,純粋な,high_word_list,884;1387
purpose,high_school,,目的,high_word_list,131
pursuit,high_school,,追跡,high_word_list,1762;2102
qualify,high_school,,資格を与える,high_word_list,1201;1704
quality,high_school,,質,high_word_list,315
quit,high_school,,やめる,high_word_list,807;1310
racial,high_school,,人種の,high_word_list,1900;2240
radical,high_school,,急進的な,high_word_list,1073;1576
range,high_school,,範囲,high_word_list,170
rapid,high_school,,急速な,high_word_list,938;1441
rare,high_school,,まれな,high_word_list,850;1353
rarely,high_school,,めったに～ない,high_word_list,1213;1716
rather,high_school,,むしろ,high_word_list,106
rating,high_school,,評価,high_word_list,7
rational,high_school,,理性的な,high_word_list,1955;2295
ray,high_school,,光線,high_word_list,1811;2151
react,high_school,,反応する,high_word_list,1006;1509
reaction,high_school,,反応,high_word_list,615
rear,high_school,,後部の,high_word_list,1916;2256
reasonable,high_school,,理性のある,high_word_list,1140;1643
rebel,high_school,,反逆者,high_word_list,916;1419
recall,high_school,,呼び戻す,high_word_list,365
recent,high_school,,最近の,high_word_list,344
recession,high_school,,不況,high_word_list,675
recognition,high_school,,認識,high_word_list,1845;2185
recommend,high_school,,薦める,high_word_list,808;1311
recommendation,high_school,,推薦,high_word_list,744;1247
recover,high_school,,回復する,high_word_list,1007;1510
recovery,high_school,,回復,high_word_list,671
reduce,high_school,,減らす,high_word_list,372
reduction,high_school,,削減,high_word_list,337
refer,high_school,,言及する,high_word_list,368
reference,high_school,,参照,high_word_list,1812;2152
reflection,high_school,,反映,high_word_list,1748;2088
refugee,high_school,,難民,high_word_list,182
regarding,high_school,,に関して,high_word_list,1090;1593
regardless,high_school,,にも関わらず,high_word_list,2060;2400
regime,high_school,,政権,high_word_list,22
region,high_school,,地域,high_word_list,616
regional,high_school,,地方の,high_word_list,213
regret,high_school,,後悔する,high_word_list,360
regulation,high_school,,規制,high_word_list,61
reject,high_school,,拒絶する,high_word_list,1008;1511
relative,high_school,,相対的な,high_word_list,1975;2315
relevant,high_school,,関連のある,high_word_list,417
reliable,high_school,,頼りになる,high_word_list,2027;2367
relief,high_school,,安堵,high_word_list,1841;2181
relieve,high_school,,和らげる,high_word_list,1953;2293
religion,high_school,,宗教,high_word_list,617
rely,high_school,,頼る,high_word_list,646
remain,high_school,,残る,high_word_list,469
remaining,high_school,,残り,high_word_list,334
remark,high_school,,ことば,high_word_list,783;1286
remarkable,high_school,,目立った,high_word_list,1040;1543
remote,high_school,,遠い,high_word_list,1837;2177
rent,high_school,,家賃,high_word_list,54
repair,high_school,,修理する,high_word_list,1011;1514
replace,high_school,,取って代わる,high_word_list,1175;1678
represent,high_school,,表す,high_word_list,8
representation,high_school,,表現,high_word_list,668
representative,high_school,,代表者,high_word_list,230
republic,high_school,,共和国,high_word_list,1926;2266
reputation,high_school,,評判,high_word_list,618
reserve,high_school,,取っておく,high_word_list,1127;1630
resist,high_school,,抵抗する,high_word_list,2015;2355
resistance,high_school,,抵抗,high_word_list,204
resolution,high_school,,解決,high_word_list,52
resolve,high_school,,解決する,high_word_list,2008;2348
respond,high_school,,反応する,high_word_list,1012;1515
responsibility,high_school,,責任,high_word_list,248
responsible,high_school,,責任がある,high_word_list,1141;1644
restore,high_school,,修復する,high_word_list,1085;1588
restrict,high_school,,制限する,high_word_list,1981;2321
restriction,high_school,,制限,high_word_list,756;1259
retain,high_school,,保持する,high_word_list,1963;2303
retire,high_school,,退職する,high_word_list,1013;1516
retirement,high_school,,退職,high_word_list,742;1245
revenue,high_school,,収益,high_word_list,298
reverse,high_school,,反対の,high_word_list,929;1432
revolution,high_school,,革命,high_word_list,619
reward,high_school,,褒美,high_word_list,620
rid,high_school,,取り除く,high_word_list,308
ritual,high_school,,儀式,high_word_list,1824;2164
roll,high_school,,転がる,high_word_list,809;1312
rough,high_school,,ごつごつした,high_word_list,1187;1690
rub,high_school,,こする,high_word_list,895;1398
rude,high_school,,失礼な,high_word_list,1910;2250
ruin,high_school,,台無しにする,high_word_list,2056;2396
rural,high_school,,田舎の,high_word_list,851;1354
sacrifice,high_school,,犠牲,high_word_list,1823;2163
salary,high_school,,給与,high_word_list,750;1253
satellite,high_school,,衛星,high_word_list,766;1269
satisfaction,high_school,,満足,high_word_list,757;1260
satisfactory,high_school,,満足のいく,high_word_list,2029;2369
scatter,high_school,,まき散らす,high_word_list,2048;2388
scheme,high_school,,計画,high_word_list,383
scholar,high_school,,学者,high_word_list,1829;2169
scientific,high_school,,科学の,high_word_list,100
sculpture,high_school,,彫刻,high_word_list,758;1261
seat,high_school,,着席させる,high_word_list,212
secretary,high_school,,秘書,high_word_list,169
seed,high_school,,種子,high_word_list,1795;2135
seek,high_school,,求める,high_word_list,95
seize,high_school,,つかむ,high_word_list,915;1418
seldom,high_school,,めったに…しない,high_word_list,1220;1723
senate,high_school,,上院,high_word_list,278
sensible,high_school,,分別のある,high_word_list,2031;2371
sensitive,high_school,,敏感な,high_word_list,852;1355
sequence,high_school,,連続,high_word_list,1
servant,high_school,,使用人,high_word_list,1911;2251
settle,high_school,,決着させる,high_word_list,1128;1631
settlement,high_school,,移住,high_word_list,461
several,high_school,,幾つかの,high_word_list,501
shame,high_school,,恥,high_word_list,1859;2199
sharp,high_school,,鋭い,high_word_list,57
shed,high_school,,流す,high_word_list,1788;2128
shit,high_school,,大便,high_word_list,694
shooting,high_school,,撮影,high_word_list,692
shore,high_school,,岸,high_word_list,1861;2201
shortage,high_school,,不足,high_word_list,621
shortly,high_school,,まもなく,high_word_list,1087;1590
shrug,high_school,,肩をすくめる,high_word_list,1197;1700
sigh,high_school,,ため息をつく,high_word_list,1195;1698
significance,high_school,,重要性,high_word_list,784;1287
significant,high_school,,重要な,high_word_list,854;1357
significantly,high_school,,かなり,high_word_list,107
silly,high_school,,馬鹿な,high_word_list,855;1358
similarity,high_school,,類似性,high_word_list,1863;2203
similarly,high_school,,同様に,high_word_list,890;1393
slide,high_school,,滑る,high_word_list,45
slight,high_school,,かすかな,high_word_list,1041;1544
slightly,high_school,,わずかに,high_word_list,1050;1553
slip,high_school,,滑る,high_word_list,46
smart,high_school,,頭の良い,high_word_list,1042;1545
snap,high_school,,パチンと鳴らす,high_word_list,1212;1715
so-called,high_school,,いわゆる,high_word_list,1093;1596
social,high_school,,社会の,high_word_list,86
socially,high_school,,社会的に,high_word_list,1988;2328
solid,high_school,,固い,high_word_list,657
solution,high_school,,解決策,high_word_list,785;1288
somewhat,high_school,,いくぶん,high_word_list,1052;1555
sophisticated,high_school,,洗練された,high_word_list,1167;1670
source,high_school,,源,high_word_list,371
spill,high_school,,こぼす,high_word_list,920;1423
spin,high_school,,回す,high_word_list,50
spiritual,high_school,,精神の,high_word_list,1895;2235
split,high_school,,割る,high_word_list,48
spoil,high_school,,台無しにする,high_word_list,2057;2397
squeeze,high_school,,絞る,high_word_list,704
stable,high_school,,安定した,high_word_list,1075;1578
stake,high_school,,くい,high_word_list,667
stare,high_school,,じっと見つめる,high_word_list,1208;1711
state,high_school,,状態,high_word_list,277
statistics,high_school,,統計,high_word_list,1759;2099
status,high_school,,状態,high_word_list,622
steadily,high_school,,着実に,high_word_list,1887;2227
steady,high_school,,着実な,high_word_list,1888;2228
steel,high_school,,鋼鉄,high_word_list,349
stimulate,high_school,,刺激する,high_word_list,1016;1519
storage,high_school,,保存,high_word_list,765;1268
strain,high_school,,張る,high_word_list,662
strategy,high_school,,戦略,high_word_list,244
stream,high_school,,流れ,high_word_list,3
stretch,high_school,,広がる,high_word_list,810;1313
string,high_school,,紐,high_word_list,473
stroke,high_school,,打撃,high_word_list,663
strongly,high_school,,強く,high_word_list,728;1231
structure,high_school,,構造,high_word_list,353
stupid,high_school,,馬鹿な,high_word_list,856;1359
submit,high_school,,提出する,high_word_list,1101;1604
substance,high_school,,物質,high_word_list,623
substitute,high_school,,代わりに使う,high_word_list,2058;2398
subtle,high_school,,微妙な,high_word_list,1879;2219
suburb,high_school,,郊外,high_word_list,1807;2147
sudden,high_school,,突然の,high_word_list,857;1360
suffer,high_school,,苦しむ,high_word_list,91
suffering,high_school,,苦しみ,high_word_list,905;1408
sufficient,high_school,,十分な,high_word_list,1907;2247
suggest,high_school,,提案する,high_word_list,202
suggestion,high_school,,提案,high_word_list,15
suicide,high_school,,自殺,high_word_list,689
suit,high_school,,適合する,high_word_list,1017;1520
suitable,high_school,,適した,high_word_list,858;1361
sum,high_school,,合計,high_word_list,624
summit,high_school,,頂上,high_word_list,723;1226
superior,high_school,,より優れた,high_word_list,1142;1645
supporter,high_school,,支援者,high_word_list,878;1381
suppose,high_school,,だと思う,high_word_list,484
suppress,high_school,,抑える,high_word_list,1864;2204
supreme,high_school,,最高の,high_word_list,88
surface,high_school,,表面,high_word_list,160
surgery,high_school,,手術,high_word_list,26
suspect,high_school,,疑う,high_word_list,649;1216;1719
sustain,high_school,,保持する,high_word_list,1103;1606
swallow,high_school,,飲み込む,high_word_list,2010;2350
swear,high_school,,誓う,high_word_list,721;1224
sweep,high_school,,掃く,high_word_list,1770;2110
symptom,high_school,,症状,high_word_list,669
tail,high_school,,尾,high_word_list,166
tale,high_school,,お話,high_word_list,1852;2192
talent,high_school,,才能,high_word_list,627
tap,high_school,,軽くたたく,high_word_list,1150;1653
task,high_school,,仕事,high_word_list,333
taste,high_school,,味,high_word_list,136
technical,high_school,,技術上の,high_word_list,1044;1547
teenager,high_school,,十代,high_word_list,706
telescope,high_school,,望遠鏡,high_word_list,1871;2211
temperature,high_school,,温度,high_word_list,449
temporary,high_school,,一時的な,high_word_list,1099;1602
tension,high_school,,緊張,high_word_list,1820;2160
term,high_school,,期間,high_word_list,410
terms,high_school,,期間,high_word_list,411
terror,high_school,,恐怖,high_word_list,716
testing,high_school,,試している,high_word_list,1162;1665
theory,high_school,,理論,high_word_list,117
therapy,high_school,,治療,high_word_list,740;1243
therefore,high_school,,それゆえ,high_word_list,488
threat,high_school,,脅威,high_word_list,628
threaten,high_school,,脅かす,high_word_list,811;1314
throat,high_school,,のど,high_word_list,665
throughout,high_school,,至るところに,high_word_list,327
tide,high_school,,潮,high_word_list,1858;2198
till,high_school,,まで,high_word_list,470
tip,high_school,,先,high_word_list,1860;2200
tissue,high_school,,組織,high_word_list,687
toe,high_school,,つま先,high_word_list,921;1424
tongue,high_school,,言葉,high_word_list,629
totally,high_school,,完全に,high_word_list,877;1380
toward,high_school,,向かって,high_word_list,356
towards,high_school,,の方へ,high_word_list,104
trading,high_school,,取引,high_word_list,737;1240
traditionally,high_school,,伝統的に,high_word_list,1968;2308
traffic,high_school,,交通,high_word_list,359
traffic jam,high_school,,交通渋滞,high_word_list,2000;2340
tragedy,high_school,,悲劇,high_word_list,1747;2087
trait,high_school,,特性,high_word_list,1753;2093
transfer,high_school,,移す,high_word_list,650
transform,high_school,,変える,high_word_list,812;1315
transition,high_school,,遷移,high_word_list,741;1244
treat,high_school,,扱う,high_word_list,60
treatment,high_school,,扱い,high_word_list,631
treaty,high_school,,条約,high_word_list,677
tremendous,high_school,,非常に大きな,high_word_list,2053;2393
tribe,high_school,,部族,high_word_list,632
trigger,high_school,,引き金,high_word_list,941;1444
troop,high_school,,群れ,high_word_list,389
tropical,high_school,,熱帯の,high_word_list,1881;2221
truly,high_school,,真に,high_word_list,267
truth,high_school,,真実,high_word_list,266
twin,high_school,,ふたご,high_word_list,883;1386
twist,high_school,,捻る,high_word_list,10
typical,high_school,,典型的な,high_word_list,1045;1548
typically,high_school,,典型的に,high_word_list,1082;1585
ultimate,high_school,,究極の,high_word_list,1930;2270
unable,high_school,,できない,high_word_list,477
undergo,high_school,,経験する,high_word_list,2003;2343
unemployment,high_school,,失業,high_word_list,1797;2137
unfortunately,high_school,,残念なことに,high_word_list,1193;1696
union,high_school,,統合,high_word_list,634
unit,high_school,,単位,high_word_list,223
universal,high_school,,普遍的な,high_word_list,1046;1549
unknown,high_school,,未知の,high_word_list,861;1364
unless,high_school,,でない限り,high_word_list,476
unlike,high_school,,とは違って,high_word_list,1149;1652
unlikely,high_school,,起こりそうにない,high_word_list,2059;2399
unpleasant,high_school,,不愉快な,high_word_list,1965;2305
unusual,high_school,,めずらしい,high_word_list,1144;1647
update,high_school,,更新する,high_word_list,1996;2336
upset,high_school,,気持ちが動揺した,high_word_list,1219;1722
urban,high_school,,都会の,high_word_list,862;1365
urge,high_school,,強く促す,high_word_list,2022;2362
useless,high_school,,役に立たない,high_word_list,1189;1692
valuable,high_school,,貴重な,high_word_list,863;1366
variation,high_school,,変化,high_word_list,666
vary,high_school,,多様化する,high_word_list,494
vehicle,high_school,,乗り物,high_word_list,786;1289
venture,high_school,,冒険的事業,high_word_list,1152;1655
verbal,high_school,,言葉の,high_word_list,1949;2289
vessel,high_school,,容器,high_word_list,713
via,high_school,,～経由で,high_word_list,1078;1581
vice,high_school,,副,high_word_list,1855;2195
victim,high_school,,犠牲者,high_word_list,787;1290
viewer,high_school,,観察者,high_word_list,914;1417
virtually,high_school,,実質的に,high_word_list,1053;1556
virtue,high_school,,徳,high_word_list,1857;2197
virus,high_school,,ウイルス,high_word_list,951;1454
visible,high_school,,目に見える,high_word_list,1145;1648
vision,high_school,,未来像,high_word_list,788;1291
vital,high_school,,極めて重要な,high_word_list,1190;1693
vote,high_school,,投票する,high_word_list,1022;1525
voter,high_school,,投票者,high_word_list,78
voyage,high_school,,航海,high_word_list,1808;2148
vulnerable,high_school,,傷つきやすい,high_word_list,1203;1706
wage,high_school,,賃金,high_word_list,1763;2103
wan,high_school,,青ざめた,high_word_list,2025;2365
warn,high_school,,警告する,high_word_list,1023;1526
wealthy,high_school,,裕福な,high_word_list,864;1367
welcome,high_school,,歓迎される,high_word_list,1146;1649
whatever,high_school,,なんでも,high_word_list,448
whenever,high_school,,する時はいつでも,high_word_list,1221;1724
whereas,high_school,,である一方で,high_word_list,2062;2402
wherever,high_school,,どこでも,high_word_list,1055;1558
whether,high_school,,どちらか,high_word_list,475
whisper,high_school,,ささやく,high_word_list,2018;2358
whom,high_school,,誰を,high_word_list,19
widely,high_school,,広範囲に,high_word_list,1054;1557
wildlife,high_school,,野生動物,high_word_list,1102;1605
willing,high_school,,いとわない,high_word_list,1147;1650
win,high_school,,勝つ,high_word_list,288
wipe,high_school,,拭く,high_word_list,24
wise,high_school,,賢い,high_word_list,36
withdraw,high_school,,撤回する,high_word_list,1079;1582
within,high_school,,以内で,high_word_list,101
witness,high_school,,目撃者,high_word_list,789;1292
worried,high_school,,心配した,high_word_list,1098;1601
yell,high_school,,大声を上げる,high_word_list,2055;2395
yield,high_school,,産出する,high_word_list,1072;1575
